symbol,interval,strategy,exit_cell,position_id,direction,entry_time,entry_price,exit_time,exit_price,exit_reason,is_gap_fill,initial_sl,trailing_sl,trailing_active,stake,leverage,notional,margin,quantity,gross_pnl,total_costs,funding_pnl,net_pnl
SOLUSDT,240,SINV_FIRST_FVG,NO_TRAIL,p1,-1,2024-12-28 00:00:00+00:00,184.15,2024-12-28 12:00:00+00:00,189.6745,initial_sl,False,189.6745,,False,100.0,1.0,100.0,100.0,0.5430355688297583,-2.9999999999999942,0.3245,0.0,-3.3244999999999942
SOLUSDT,240,SINV_FIRST_FVG,NO_TRAIL,p2,-1,2025-02-26 00:00:00+00:00,144.25,2025-02-28 20:00:00+00:00,148.5775,initial_sl,False,148.5775,,False,100.0,1.0,100.0,100.0,0.6932409012131716,-2.9999999999999907,0.3245,0.0,-3.3244999999999907
SOLUSDT,240,SINV_FIRST_FVG,TP_x2,p1,-1,2024-12-28 00:00:00+00:00,184.15,2024-12-28 12:00:00+00:00,189.6745,initial_sl,False,189.6745,,False,100.0,1.0,100.0,100.0,0.5430355688297583,-2.9999999999999942,0.3245,0.0,-3.3244999999999942
SOLUSDT,240,SINV_FIRST_FVG,TP_x2,p2,-1,2025-02-26 00:00:00+00:00,144.25,2025-02-26 12:00:00+00:00,135.59500000000003,take_profit,False,148.5775,,False,100.0,1.0,100.0,100.0,0.6932409012131716,5.999999999999981,0.31100000000000005,0.0,5.688999999999981
SOLUSDT,240,SINV_FIRST_FVG,TRAIL_a0.06_t0.04,p1,-1,2024-12-28 00:00:00+00:00,184.15,2024-12-28 12:00:00+00:00,189.6745,initial_sl,False,189.6745,,False,100.0,1.0,100.0,100.0,0.5430355688297583,-2.9999999999999942,0.3245,0.0,-3.3244999999999942
SOLUSDT,240,SINV_FIRST_FVG,TRAIL_a0.06_t0.04,p2,-1,2025-02-26 00:00:00+00:00,144.25,2025-02-26 12:00:00+00:00,139.9944,trailing_sl,False,148.5775,139.9944,True,100.0,1.0,100.0,100.0,0.6932409012131716,2.950155979202764,0.31557476603119583,0.0,2.6345812131715682
SOLUSDT,240,SINV_FIRST_FVG,TRAIL_a0.03_t0.02,p1,-1,2024-12-28 00:00:00+00:00,184.15,2024-12-28 12:00:00+00:00,189.6745,initial_sl,False,189.6745,,False,100.0,1.0,100.0,100.0,0.5430355688297583,-2.9999999999999942,0.3245,0.0,-3.3244999999999942
SOLUSDT,240,SINV_FIRST_FVG,TRAIL_a0.03_t0.02,p2,-1,2025-02-26 00:00:00+00:00,144.25,2025-02-26 04:00:00+00:00,143.27,trailing_sl,True,148.5775,142.2696,True,100.0,1.0,100.0,100.0,0.6932409012131716,0.6793760831889011,0.31898093587521664,0.0,0.36039514731368444
SOLUSDT,240,SINV_MSS_CLOSE,NO_TRAIL,p1,1,2024-03-03 00:00:00+00:00,130.239,2024-03-03 04:00:00+00:00,126.33183000000001,initial_sl,False,126.33183000000001,,False,100.0,1.0,100.0,100.0,0.7678191632306759,-2.999999999999995,0.3155,0.0,-3.3154999999999952
SOLUSDT,240,SINV_MSS_CLOSE,NO_TRAIL,p2,1,2024-10-24 00:00:00+00:00,170.8,2024-10-25 16:00:00+00:00,165.67600000000002,initial_sl,False,165.67600000000002,,False,100.0,1.0,100.0,100.0,0.585480093676815,-2.9999999999999973,0.3155,0.0,-3.3154999999999974
SOLUSDT,240,SINV_MSS_CLOSE,NO_TRAIL,p3,1,2025-01-22 00:00:00+00:00,250.24,2025-01-23 08:00:00+00:00,242.7328,initial_sl,False,242.7328,,False,100.0,1.0,100.0,100.0,0.399616368286445,-3.0000000000000044,0.3155,0.0,-3.3155000000000046
SOLUSDT,240,SINV_MSS_CLOSE,NO_TRAIL,p4,-1,2025-02-26 00:00:00+00:00,144.25,2025-02-28 20:00:00+00:00,148.5775,initial_sl,False,148.5775,,False,100.0,1.0,100.0,100.0,0.6932409012131716,-2.9999999999999907,0.3245,0.0,-3.3244999999999907
SOLUSDT,240,SINV_MSS_CLOSE,TP_x2,p1,1,2024-03-03 00:00:00+00:00,130.239,2024-03-03 04:00:00+00:00,126.33183000000001,initial_sl,False,126.33183000000001,,False,100.0,1.0,100.0,100.0,0.7678191632306759,-2.999999999999995,0.3155,0.0,-3.3154999999999952
SOLUSDT,240,SINV_MSS_CLOSE,TP_x2,p2,1,2024-10-24 00:00:00+00:00,170.8,2024-10-25 16:00:00+00:00,165.67600000000002,initial_sl,False,165.67600000000002,,False,100.0,1.0,100.0,100.0,0.585480093676815,-2.9999999999999973,0.3155,0.0,-3.3154999999999974
SOLUSDT,240,SINV_MSS_CLOSE,TP_x2,p3,1,2025-01-22 00:00:00+00:00,250.24,2025-01-22 16:00:00+00:00,265.25440000000003,take_profit,False,242.7328,,False,100.0,1.0,100.0,100.0,0.399616368286445,6.000000000000009,0.329,0.0,5.671000000000009
SOLUSDT,240,SINV_MSS_CLOSE,TP_x2,p4,-1,2025-02-26 00:00:00+00:00,144.25,2025-02-26 12:00:00+00:00,135.59500000000003,take_profit,False,148.5775,,False,100.0,1.0,100.0,100.0,0.6932409012131716,5.999999999999981,0.31100000000000005,0.0,5.688999999999981
SOLUSDT,240,SINV_MSS_CLOSE,TRAIL_a0.06_t0.04,p1,1,2024-03-03 00:00:00+00:00,130.239,2024-03-03 04:00:00+00:00,126.33183000000001,initial_sl,False,126.33183000000001,,False,100.0,1.0,100.0,100.0,0.7678191632306759,-2.999999999999995,0.3155,0.0,-3.3154999999999952
SOLUSDT,240,SINV_MSS_CLOSE,TRAIL_a0.06_t0.04,p2,1,2024-10-24 00:00:00+00:00,170.8,2024-10-25 16:00:00+00:00,165.67600000000002,initial_sl,False,165.67600000000002,,False,100.0,1.0,100.0,100.0,0.585480093676815,-2.9999999999999973,0.3155,0.0,-3.3154999999999974
SOLUSDT,240,SINV_MSS_CLOSE,TRAIL_a0.06_t0.04,p3,1,2025-01-22 00:00:00+00:00,250.24,2025-01-22 16:00:00+00:00,255.56159999999997,trailing_sl,False,242.7328,255.56159999999997,True,100.0,1.0,100.0,100.0,0.399616368286445,2.12659846547313,0.3231898976982097,0.0,1.80340856777492
SOLUSDT,240,SINV_MSS_CLOSE,TRAIL_a0.06_t0.04,p4,-1,2025-02-26 00:00:00+00:00,144.25,2025-02-26 12:00:00+00:00,139.9944,trailing_sl,False,148.5775,139.9944,True,100.0,1.0,100.0,100.0,0.6932409012131716,2.950155979202764,0.31557476603119583,0.0,2.6345812131715682
SOLUSDT,240,SINV_MSS_CLOSE,TRAIL_a0.03_t0.02,p1,1,2024-03-03 00:00:00+00:00,130.239,2024-03-03 04:00:00+00:00,126.33183000000001,initial_sl,False,126.33183000000001,,False,100.0,1.0,100.0,100.0,0.7678191632306759,-2.999999999999995,0.3155,0.0,-3.3154999999999952
SOLUSDT,240,SINV_MSS_CLOSE,TRAIL_a0.03_t0.02,p2,1,2024-10-24 00:00:00+00:00,170.8,2024-10-24 12:00:00+00:00,173.6364,trailing_sl,False,165.67600000000002,173.6364,True,100.0,1.0,100.0,100.0,0.585480093676815,1.6606557377049165,0.32249098360655737,0.0,1.3381647540983592
SOLUSDT,240,SINV_MSS_CLOSE,TRAIL_a0.03_t0.02,p3,1,2025-01-22 00:00:00+00:00,250.24,2025-01-22 04:00:00+00:00,254.02,trailing_sl,True,242.7328,254.5452,True,100.0,1.0,100.0,100.0,0.399616368286445,1.5105498721227624,0.3222658248081841,0.0,1.1882840473145784
SOLUSDT,240,SINV_MSS_CLOSE,TRAIL_a0.03_t0.02,p4,-1,2025-02-26 00:00:00+00:00,144.25,2025-02-26 04:00:00+00:00,143.27,trailing_sl,True,148.5775,142.2696,True,100.0,1.0,100.0,100.0,0.6932409012131716,0.6793760831889011,0.31898093587521664,0.0,0.36039514731368444
SOLUSDT,240,SINV_MSS_IN_FVG,NO_TRAIL,p1,1,2024-10-24 00:00:00+00:00,170.8,2024-10-25 16:00:00+00:00,165.67600000000002,initial_sl,False,165.67600000000002,,False,100.0,1.0,100.0,100.0,0.585480093676815,-2.9999999999999973,0.3155,0.0,-3.3154999999999974
SOLUSDT,240,SINV_MSS_IN_FVG,NO_TRAIL,p2,-1,2025-02-26 00:00:00+00:00,144.25,2025-02-28 20:00:00+00:00,148.5775,initial_sl,False,148.5775,,False,100.0,1.0,100.0,100.0,0.6932409012131716,-2.9999999999999907,0.3245,0.0,-3.3244999999999907
SOLUSDT,240,SINV_MSS_IN_FVG,TP_x2,p1,1,2024-10-24 00:00:00+00:00,170.8,2024-10-25 16:00:00+00:00,165.67600000000002,initial_sl,False,165.67600000000002,,False,100.0,1.0,100.0,100.0,0.585480093676815,-2.9999999999999973,0.3155,0.0,-3.3154999999999974
SOLUSDT,240,SINV_MSS_IN_FVG,TP_x2,p2,-1,2025-02-26 00:00:00+00:00,144.25,2025-02-26 12:00:00+00:00,135.59500000000003,take_profit,False,148.5775,,False,100.0,1.0,100.0,100.0,0.6932409012131716,5.999999999999981,0.31100000000000005,0.0,5.688999999999981
SOLUSDT,240,SINV_MSS_IN_FVG,TRAIL_a0.06_t0.04,p1,1,2024-10-24 00:00:00+00:00,170.8,2024-10-25 16:00:00+00:00,165.67600000000002,initial_sl,False,165.67600000000002,,False,100.0,1.0,100.0,100.0,0.585480093676815,-2.9999999999999973,0.3155,0.0,-3.3154999999999974
SOLUSDT,240,SINV_MSS_IN_FVG,TRAIL_a0.06_t0.04,p2,-1,2025-02-26 00:00:00+00:00,144.25,2025-02-26 12:00:00+00:00,139.9944,trailing_sl,False,148.5775,139.9944,True,100.0,1.0,100.0,100.0,0.6932409012131716,2.950155979202764,0.31557476603119583,0.0,2.6345812131715682
SOLUSDT,240,SINV_MSS_IN_FVG,TRAIL_a0.03_t0.02,p1,1,2024-10-24 00:00:00+00:00,170.8,2024-10-24 12:00:00+00:00,173.6364,trailing_sl,False,165.67600000000002,173.6364,True,100.0,1.0,100.0,100.0,0.585480093676815,1.6606557377049165,0.32249098360655737,0.0,1.3381647540983592
SOLUSDT,240,SINV_MSS_IN_FVG,TRAIL_a0.03_t0.02,p2,-1,2025-02-26 00:00:00+00:00,144.25,2025-02-26 04:00:00+00:00,143.27,trailing_sl,True,148.5775,142.2696,True,100.0,1.0,100.0,100.0,0.6932409012131716,0.6793760831889011,0.31898093587521664,0.0,0.36039514731368444
SOLUSDT,240,SINV_FIRST_SMT,NO_TRAIL,p1,-1,2024-12-28 00:00:00+00:00,184.15,2024-12-28 12:00:00+00:00,189.6745,initial_sl,False,189.6745,,False,100.0,1.0,100.0,100.0,0.5430355688297583,-2.9999999999999942,0.3245,0.0,-3.3244999999999942
SOLUSDT,240,SINV_FIRST_SMT,TP_x2,p1,-1,2024-12-28 00:00:00+00:00,184.15,2024-12-28 12:00:00+00:00,189.6745,initial_sl,False,189.6745,,False,100.0,1.0,100.0,100.0,0.5430355688297583,-2.9999999999999942,0.3245,0.0,-3.3244999999999942
SOLUSDT,240,SINV_FIRST_SMT,TRAIL_a0.06_t0.04,p1,-1,2024-12-28 00:00:00+00:00,184.15,2024-12-28 12:00:00+00:00,189.6745,initial_sl,False,189.6745,,False,100.0,1.0,100.0,100.0,0.5430355688297583,-2.9999999999999942,0.3245,0.0,-3.3244999999999942
SOLUSDT,240,SINV_FIRST_SMT,TRAIL_a0.03_t0.02,p1,-1,2024-12-28 00:00:00+00:00,184.15,2024-12-28 12:00:00+00:00,189.6745,initial_sl,False,189.6745,,False,100.0,1.0,100.0,100.0,0.5430355688297583,-2.9999999999999942,0.3245,0.0,-3.3244999999999942
SOLUSDT,240,DONCHIAN_55,NO_TRAIL,p1,1,2024-02-09 12:00:00+00:00,105.88,2024-02-20 12:00:00+00:00,102.7036,initial_sl,False,102.7036,,False,100.0,1.0,100.0,100.0,0.9444654325651681,-3.000000000000001,0.3155,0.0,-3.315500000000001
SOLUSDT,240,DONCHIAN_55,NO_TRAIL,p2,-1,2024-04-05 08:00:00+00:00,175.22,2024-04-07 00:00:00+00:00,180.4766,initial_sl,False,180.4766,,False,100.0,1.0,100.0,100.0,0.5707111060381235,-2.999999999999995,0.3245,0.0,-3.324499999999995
SOLUSDT,240,DONCHIAN_55,NO_TRAIL,p3,1,2024-04-23 00:00:00+00:00,156.91,2024-04-24 12:00:00+00:00,152.2027,initial_sl,False,152.2027,,False,100.0,1.0,100.0,100.0,0.6373080109616978,-3.000000000000002,0.3155,0.0,-3.3155000000000023
SOLUSDT,240,DONCHIAN_55,NO_TRAIL,p4,-1,2024-04-30 12:00:00+00:00,128.72,2024-05-01 16:00:00+00:00,132.5816,initial_sl,False,132.5816,,False,100.0,1.0,100.0,100.0,0.7768800497203232,-3.000000000000008,0.3245,0.0,-3.324500000000008
SOLUSDT,240,DONCHIAN_55,NO_TRAIL,p5,1,2024-05-06 12:00:00+00:00,153.96,2024-05-07 20:00:00+00:00,149.34120000000001,initial_sl,False,149.34120000000001,,False,100.0,1.0,100.0,100.0,0.6495193556767991,-2.999999999999995,0.3155,0.0,-3.3154999999999952
SOLUSDT,240,DONCHIAN_55,NO_TRAIL,p6,-1,2024-06-11 16:00:00+00:00,147.58,2024-06-12 08:00:00+00:00,152.00740000000002,initial_sl,False,152.00740000000002,,False,100.0,1.0,100.0,100.0,0.6775985905949315,-3.000000000000004,0.3245,0.0,-3.324500000000004
SOLUSDT,240,DONCHIAN_55,NO_TRAIL,p7,1,2024-06-27 16:00:00+00:00,147.69,2024-06-28 12:00:00+00:00,143.2593,initial_sl,False,143.2593,,False,100.0,1.0,100.0,100.0,0.6770939129257229,-3.0000000000000013,0.3155,0.0,-3.3155000000000014
SOLUSDT,240,DONCHIAN_55,NO_TRAIL,p8,-1,2024-07-05 00:00:00+00:00,127.73,2024-07-05 12:00:00+00:00,131.5619,initial_sl,False,131.5619,,False,100.0,1.0,100.0,100.0,0.7829014327096219,-3.0000000000000036,0.3245,0.0,-3.3245000000000036
SOLUSDT,240,DONCHIAN_55,NO_TRAIL,p9,1,2024-07-15 00:00:00+00:00,147.58,2024-08-01 12:00:00+00:00,162.52,signal_reverse,False,143.1526,,False,100.0,1.0,100.0,100.0,0.6775985905949315,10.123322943488276,0.3351849844152324,0.0,9.788137959073044
SOLUSDT,240,DONCHIAN_55,NO_TRAIL,p10,-1,2024-08-01 16:00:00+00:00,162.52,2024-08-01 20:00:00+00:00,167.3956,initial_sl,False,167.3956,,False,100.0,1.0,100.0,100.0,0.6153088850603002,-2.9999999999999947,0.3245,0.0,-3.3244999999999947
SOLUSDT,240,DONCHIAN_55,NO_TRAIL,p11,1,2024-08-24 00:00:00+00:00,153.22,2024-08-27 20:00:00+00:00,148.6234,initial_sl,False,148.6234,,False,100.0,1.0,100.0,100.0,0.6526563111865292,-2.999999999999997,0.3155,0.0,-3.315499999999997
SOLUSDT,240,DONCHIAN_55,NO_TRAIL,p12,-1,2024-08-30 16:00:00+00:00,133.22,2024-08-30 16:00:00+00:00,137.2166,initial_sl,False,137.2166,,False,100.0,1.0,100.0,100.0,0.7506380423359856,-3.000000000000001,0.3245,0.0,-3.324500000000001
SOLUSDT,240,DONCHIAN_55,NO_TRAIL,p13,1,2024-09-14 00:00:00+00:00,138.93,2024-09-15 12:00:00+00:00,134.7621,initial_sl,False,134.7621,,False,100.0,1.0,100.0,100.0,0.7197869430648528,-3.000000000000002,0.3155,0.0,-3.3155000000000023
SOLUSDT,240,DONCHIAN_55,NO_TRAIL,p14,-1,2024-10-02 20:00:00+00:00,139.93,2024-10-04 16:00:00+00:00,144.1279,initial_sl,False,144.1279,,False,100.0,1.0,100.0,100.0,0.7146430358036161,-3.000000000000003,0.3245,0.0,-3.324500000000003
SOLUSDT,240,DONCHIAN_55,NO_TRAIL,p15,1,2024-10-14 04:00:00+00:00,152.43,2024-10-17 16:00:00+00:00,147.8571,initial_sl,False,147.8571,,False,100.0,1.0,100.0,100.0,0.6560388374991799,-3.0000000000000027,0.3155,0.0,-3.315500000000003
SOLUSDT,240,DONCHIAN_55,NO_TRAIL,p16,-1,2024-12-19 20:00:00+00:00,191.72,2024-12-19 20:00:00+00:00,197.4716,initial_sl,False,197.4716,,False,100.0,1.0,100.0,100.0,0.5215939912372209,-2.9999999999999982,0.3245,0.0,-3.3244999999999982
SOLUSDT,240,DONCHIAN_55,NO_TRAIL,p17,1,2025-01-02 08:00:00+00:00,205.78,2025-01-08 00:00:00+00:00,199.60660000000001,initial_sl,False,199.60660000000001,,False,100.0,1.0,100.0,100.0,0.4859558752065312,-2.9999999999999933,0.3155,0.0,-3.3154999999999935
SOLUSDT,240,DONCHIAN_55,NO_TRAIL,p18,-1,2025-01-10 00:00:00+00:00,184.9,2025-01-10 04:00:00+00:00,190.447,initial_sl,False,190.447,,False,100.0,1.0,100.0,100.0,0.5408328826392644,-2.9999999999999982,0.3245,0.0,-3.3244999999999982
SOLUSDT,240,DONCHIAN_55,NO_TRAIL,p19,1,2025-01-17 12:00:00+00:00,218.69,2025-02-01 20:00:00+00:00,212.87,signal_reverse,False,212.1293,,False,100.0,1.0,100.0,100.0,0.457268279299465,-2.6613013855228833,0.31600804792171566,0.0,-2.977309433444599
SOLUSDT,240,DONCHIAN_55,NO_TRAIL,p20,-1,2025-02-02 00:00:00+00:00,212.87,2025-02-04 00:00:00+00:00,219.2561,initial_sl,False,219.2561,,False,100.0,1.0,100.0,100.0,0.4697702823319397,-2.9999999999999996,0.3245,0.0,-3.3244999999999996
ETHUSDT,240,SINV_FIRST_FVG,NO_TRAIL,p1,-1,2024-06-16 00:00:00+00:00,3567.4,2024-11-27 20:00:00+00:00,3674.422,initial_sl,False,3674.422,,False,100.0,1.0,100.0,100.0,0.028031619666984357,-2.9999999999999982,0.3245,0.0,-3.3244999999999982
ETHUSDT,240,SINV_FIRST_FVG,NO_TRAIL,p2,-1,2024-12-28 00:00:00+00:00,3331.6,2024-12-30 00:00:00+00:00,3431.548,initial_sl,False,3431.548,,False,100.0,1.0,100.0,100.0,0.030015608116220435,-2.999999999999996,0.3245,0.0,-3.324499999999996
ETHUSDT,240,SINV_FIRST_FVG,TP_x2,p1,-1,2024-06-16 00:00:00+00:00,3567.4,2024-06-18 00:00:00+00:00,3353.356,take_profit,False,3674.422,,False,100.0,1.0,100.0,100.0,0.028031619666984357,5.9999999999999964,0.311,0.0,5.6889999999999965
ETHUSDT,240,SINV_FIRST_FVG,TP_x2,p2,-1,2024-12-28 00:00:00+00:00,3331.6,2024-12-30 00:00:00+00:00,3431.548,initial_sl,False,3431.548,,False,100.0,1.0,100.0,100.0,0.030015608116220435,-2.999999999999996,0.3245,0.0,-3.324499999999996
ETHUSDT,240,SINV_FIRST_FVG,TRAIL_a0.06_t0.04,p1,-1,2024-06-16 00:00:00+00:00,3567.4,2024-06-18 00:00:00+00:00,3509.21,trailing_sl,True,3674.422,3475.3887999999997,True,100.0,1.0,100.0,100.0,0.028031619666984357,1.6311599484218213,0.3175532600773673,0.0,1.313606688344454
ETHUSDT,240,SINV_FIRST_FVG,TRAIL_a0.06_t0.04,p2,-1,2024-12-28 00:00:00+00:00,3331.6,2024-12-30 00:00:00+00:00,3431.548,initial_sl,False,3431.548,,False,100.0,1.0,100.0,100.0,0.030015608116220435,-2.999999999999996,0.3245,0.0,-3.324499999999996
ETHUSDT,240,SINV_FIRST_FVG,TRAIL_a0.03_t0.02,p1,-1,2024-06-16 00:00:00+00:00,3567.4,2024-06-18 00:00:00+00:00,3509.21,trailing_sl,True,3674.422,3408.5544,True,100.0,1.0,100.0,100.0,0.028031619666984357,1.6311599484218213,0.3175532600773673,0.0,1.313606688344454
ETHUSDT,240,SINV_FIRST_FVG,TRAIL_a0.03_t0.02,p2,-1,2024-12-28 00:00:00+00:00,3331.6,2024-12-30 00:00:00+00:00,3431.548,initial_sl,False,3431.548,,False,100.0,1.0,100.0,100.0,0.030015608116220435,-2.999999999999996,0.3245,0.0,-3.324499999999996
ETHUSDT,240,SINV_MSS_CLOSE,NO_TRAIL,p1,1,2024-05-22 00:00:00+00:00,3792.71,2024-05-22 12:00:00+00:00,3678.9287,initial_sl,False,3678.9287,,False,100.0,1.0,100.0,100.0,0.026366371275420478,-3.0000000000000027,0.3155,0.0,-3.315500000000003
ETHUSDT,240,SINV_MSS_CLOSE,NO_TRAIL,p2,-1,2024-08-05 00:00:00+00:00,2687.41,2024-08-14 12:00:00+00:00,2768.0323,initial_sl,False,2768.0323,,False,100.0,1.0,100.0,100.0,0.03721054844627355,-3.0,0.3245,0.0,-3.3245
ETHUSDT,240,SINV_MSS_CLOSE,TP_x2,p1,1,2024-05-22 00:00:00+00:00,3792.71,2024-05-22 12:00:00+00:00,3678.9287,initial_sl,False,3678.9287,,False,100.0,1.0,100.0,100.0,0.026366371275420478,-3.0000000000000027,0.3155,0.0,-3.315500000000003
ETHUSDT,240,SINV_MSS_CLOSE,TP_x2,p2,-1,2024-08-05 00:00:00+00:00,2687.41,2024-08-05 00:00:00+00:00,2526.1654,take_profit,False,2768.0323,,False,100.0,1.0,100.0,100.0,0.03721054844627355,6.0,0.311,0.0,5.689
ETHUSDT,240,SINV_MSS_CLOSE,TRAIL_a0.06_t0.04,p1,1,2024-05-22 00:00:00+00:00,3792.71,2024-05-22 12:00:00+00:00,3678.9287,initial_sl,False,3678.9287,,False,100.0,1.0,100.0,100.0,0.026366371275420478,-3.0000000000000027,0.3155,0.0,-3.315500000000003
ETHUSDT,240,SINV_MSS_CLOSE,TRAIL_a0.06_t0.04,p2,-1,2024-08-05 00:00:00+00:00,2687.41,2024-08-05 00:00:00+00:00,2687.41,trailing_sl,True,2768.0323,2170.3968,True,100.0,1.0,100.0,100.0,0.03721054844627355,-0.0,0.32,0.0,-0.32
ETHUSDT,240,SINV_MSS_CLOSE,TRAIL_a0.03_t0.02,p1,1,2024-05-22 00:00:00+00:00,3792.71,2024-05-22 12:00:00+00:00,3678.9287,initial_sl,False,3678.9287,,False,100.0,1.0,100.0,100.0,0.026366371275420478,-3.0000000000000027,0.3155,0.0,-3.315500000000003
ETHUSDT,240,SINV_MSS_CLOSE,TRAIL_a0.03_t0.02,p2,-1,2024-08-05 00:00:00+00:00,2687.41,2024-08-05 00:00:00+00:00,2687.41,trailing_sl,True,2768.0323,2128.6584000000003,True,100.0,1.0,100.0,100.0,0.03721054844627355,-0.0,0.32,0.0,-0.32
ETHUSDT,240,SINV_MSS_IN_FVG,NO_TRAIL,p1,-1,2024-08-05 00:00:00+00:00,2687.41,2024-08-14 12:00:00+00:00,2768.0323,initial_sl,False,2768.0323,,False,100.0,1.0,100.0,100.0,0.03721054844627355,-3.0,0.3245,0.0,-3.3245
ETHUSDT,240,SINV_MSS_IN_FVG,TP_x2,p1,-1,2024-08-05 00:00:00+00:00,2687.41,2024-08-05 00:00:00+00:00,2526.1654,take_profit,False,2768.0323,,False,100.0,1.0,100.0,100.0,0.03721054844627355,6.0,0.311,0.0,5.689
ETHUSDT,240,SINV_MSS_IN_FVG,TRAIL_a0.06_t0.04,p1,-1,2024-08-05 00:00:00+00:00,2687.41,2024-08-05 00:00:00+00:00,2687.41,trailing_sl,True,2768.0323,2170.3968,True,100.0,1.0,100.0,100.0,0.03721054844627355,-0.0,0.32,0.0,-0.32
ETHUSDT,240,SINV_MSS_IN_FVG,TRAIL_a0.03_t0.02,p1,-1,2024-08-05 00:00:00+00:00,2687.41,2024-08-05 00:00:00+00:00,2687.41,trailing_sl,True,2768.0323,2128.6584000000003,True,100.0,1.0,100.0,100.0,0.03721054844627355,-0.0,0.32,0.0,-0.32
ETHUSDT,240,DONCHIAN_55,NO_TRAIL,p1,1,2024-02-07 20:00:00+00:00,2418.27,2024-03-16 20:00:00+00:00,3525.22,signal_reverse,False,2345.7219,,False,100.0,1.0,100.0,100.0,0.04135187551431395,45.774458600569815,0.38866168790085476,0.0,45.38579691266896
ETHUSDT,240,DONCHIAN_55,NO_TRAIL,p2,-1,2024-03-17 00:00:00+00:00,3525.22,2024-03-17 12:00:00+00:00,3630.9766,initial_sl,False,3630.9766,,False,100.0,1.0,100.0,100.0,0.028367023902054343,-3.000000000000005,0.3245,0.0,-3.324500000000005
ETHUSDT,240,DONCHIAN_55,NO_TRAIL,p3,1,2024-04-08 20:00:00+00:00,3706.0,2024-04-09 08:00:00+00:00,3594.82,initial_sl,False,3594.82,,False,100.0,1.0,100.0,100.0,0.026983270372369132,-2.9999999999999956,0.3155,0.0,-3.3154999999999957
ETHUSDT,240,DONCHIAN_55,NO_TRAIL,p4,-1,2024-04-12 20:00:00+00:00,3205.36,2024-04-13 08:00:00+00:00,3301.5208000000002,initial_sl,False,3301.5208000000002,,False,100.0,1.0,100.0,100.0,0.03119774377916989,-3.000000000000003,0.3245,0.0,-3.324500000000003
ETHUSDT,240,DONCHIAN_55,NO_TRAIL,p5,1,2024-04-24 12:00:00+00:00,3280.6,2024-04-24 12:00:00+00:00,3182.182,initial_sl,False,3182.182,,False,100.0,1.0,100.0,100.0,0.030482228860574286,-3.0000000000000036,0.3155,0.0,-3.3155000000000037
ETHUSDT,240,DONCHIAN_55,NO_TRAIL,p6,-1,2024-04-30 12:00:00+00:00,3005.32,2024-05-03 20:00:00+00:00,3095.4796,initial_sl,False,3095.4796,,False,100.0,1.0,100.0,100.0,0.03327432686036761,-2.9999999999999982,0.3245,0.0,-3.3244999999999982
ETHUSDT,240,DONCHIAN_55,NO_TRAIL,p7,1,2024-05-17 16:00:00+00:00,3111.09,2024-06-07 16:00:00+00:00,3688.68,signal_reverse,False,3017.7573,,False,100.0,1.0,100.0,100.0,0.032143075256582096,18.565518837449243,0.34784827825617387,0.0,18.21767055919307
ETHUSDT,240,DONCHIAN_55,NO_TRAIL,p8,-1,2024-06-07 20:00:00+00:00,3688.68,2024-07-14 20:00:00+00:00,3243.4,signal_reverse,False,3799.3404,,False,100.0,1.0,100.0,100.0,0.02710996887775573,12.071526941887065,0.3018927095871694,0.0,11.769634232299895
ETHUSDT,240,DONCHIAN_55,NO_TRAIL,p9,1,2024-07-15 00:00:00+00:00,3243.4,2024-07-24 20:00:00+00:00,3334.46,signal_reverse,False,3146.098,,False,100.0,1.0,100.0,100.0,0.030831843127582165,2.80754763519763,0.32421132145279646,0.0,2.4833363137448337
ETHUSDT,240,DONCHIAN_55,NO_TRAIL,p10,-1,2024-07-25 00:00:00+00:00,3334.46,2024-08-23 20:00:00+00:00,2761.55,signal_reverse,False,3434.4938,,False,100.0,1.0,100.0,100.0,0.02998986342616196,17.181492655482444,0.29422776101677633,0.0,16.887264894465666
ETHUSDT,240,DONCHIAN_55,NO_TRAIL,p11,1,2024-08-24 00:00:00+00:00,2761.55,2024-08-26 16:00:00+00:00,2678.7035,initial_sl,False,2678.7035,,False,100.0,1.0,100.0,100.0,0.03621154786261339,-3.000000000000004,0.3155,0.0,-3.315500000000004
ETHUSDT,240,DONCHIAN_55,NO_TRAIL,p12,-1,2024-08-28 00:00:00+00:00,2456.0,2024-08-28 08:00:00+00:00,2529.68,initial_sl,False,2529.68,,False,100.0,1.0,100.0,100.0,0.04071661237785016,-2.9999999999999933,0.3245,0.0,-3.3244999999999933
ETHUSDT,240,DONCHIAN_55,NO_TRAIL,p13,1,2024-09-20 04:00:00+00:00,2519.74,2024-10-01 16:00:00+00:00,2444.1477999999997,initial_sl,False,2444.1477999999997,,False,100.0,1.0,100.0,100.0,0.039686634335288566,-3.000000000000002,0.3155,0.0,-3.3155000000000023
ETHUSDT,240,DONCHIAN_55,NO_TRAIL,p14,-1,2024-10-02 20:00:00+00:00,2370.72,2024-10-06 12:00:00+00:00,2441.8415999999997,initial_sl,False,2441.8415999999997,,False,100.0,1.0,100.0,100.0,0.042181278261456435,-2.999999999999998,0.3245,0.0,-3.324499999999998
ETHUSDT,240,DONCHIAN_55,NO_TRAIL,p15,1,2024-10-14 08:00:00+00:00,2534.99,2024-10-23 16:00:00+00:00,2458.9402999999998,initial_sl,False,2458.9402999999998,,False,100.0,1.0,100.0,100.0,0.03944788736839199,-3.0000000000000018,0.3155,0.0,-3.315500000000002
ETHUSDT,240,DONCHIAN_55,NO_TRAIL,p16,-1,2024-10-23 20:00:00+00:00,2511.6,2024-10-28 20:00:00+00:00,2586.948,initial_sl,False,2586.948,,False,100.0,1.0,100.0,100.0,0.03981525720656156,-2.9999999999999987,0.3245,0.0,-3.3244999999999987
ETHUSDT,240,DONCHIAN_55,NO_TRAIL,p17,1,2024-11-07 04:00:00+00:00,2855.08,2024-12-19 16:00:00+00:00,3437.9,signal_reverse,False,2769.4276,,False,100.0,1.0,100.0,100.0,0.035025288258122365,20.413438502598883,0.3506201577538983,0.0,20.062818344844985
ETHUSDT,240,DONCHIAN_55,NO_TRAIL,p18,-1,2024-12-19 20:00:00+00:00,3437.9,2024-12-21 04:00:00+00:00,3541.0370000000003,initial_sl,False,3541.0370000000003,,False,100.0,1.0,100.0,100.0,0.029087524360801652,-3.000000000000005,0.3245,0.0,-3.324500000000005
ETHUSDT,240,DONCHIAN_55,NO_TRAIL,p19,1,2025-01-03 16:00:00+00:00,3564.09,2025-01-07 12:00:00+00:00,3457.1673,initial_sl,False,3457.1673,,False,100.0,1.0,100.0,100.0,0.02805765286510722,-3.000000000000002,0.3155,0.0,-3.3155000000000023
ETHUSDT,240,DONCHIAN_55,NO_TRAIL,p20,-1,2025-01-08 20:00:00+00:00,3279.29,2025-01-15 16:00:00+00:00,3377.6687,initial_sl,False,3377.6687,,False,100.0,1.0,100.0,100.0,0.03049440580125576,-3.000000000000006,0.3245,0.0,-3.3245000000000062
BTCUSDT,240,SINV_FIRST_FVG,NO_TRAIL,p1,1,2024-05-22 00:00:00+00:00,70167.8,2024-05-23 12:00:00+00:00,68062.766,initial_sl,False,68062.766,,False,100.0,1.0,100.0,100.0,0.0014251551281356976,-2.9999999999999996,0.3155,0.0,-3.3154999999999997
BTCUSDT,240,SINV_FIRST_FVG,TP_x2,p1,1,2024-05-22 00:00:00+00:00,70167.8,2024-05-23 12:00:00+00:00,68062.766,initial_sl,False,68062.766,,False,100.0,1.0,100.0,100.0,0.0014251551281356976,-2.9999999999999996,0.3155,0.0,-3.3154999999999997
BTCUSDT,240,SINV_FIRST_FVG,TRAIL_a0.06_t0.04,p1,1,2024-05-22 00:00:00+00:00,70167.8,2024-05-23 12:00:00+00:00,68062.766,initial_sl,False,68062.766,,False,100.0,1.0,100.0,100.0,0.0014251551281356976,-2.9999999999999996,0.3155,0.0,-3.3154999999999997
BTCUSDT,240,SINV_FIRST_FVG,TRAIL_a0.03_t0.02,p1,1,2024-05-22 00:00:00+00:00,70167.8,2024-05-23 12:00:00+00:00,68062.766,initial_sl,False,68062.766,,False,100.0,1.0,100.0,100.0,0.0014251551281356976,-2.9999999999999996,0.3155,0.0,-3.3154999999999997
BTCUSDT,240,SINV_MSS_CLOSE,NO_TRAIL,p1,-1,2024-05-02 00:00:00+00:00,58298.5,2024-05-03 12:00:00+00:00,60047.455,initial_sl,False,60047.455,,False,100.0,1.0,100.0,100.0,0.0017153099993996415,-3.000000000000003,0.3245,0.0,-3.324500000000003
BTCUSDT,240,SINV_MSS_CLOSE,NO_TRAIL,p2,1,2024-09-29 00:00:00+00:00,65823.0,2024-09-30 08:00:00+00:00,63848.31,initial_sl,False,63848.31,,False,100.0,1.0,100.0,100.0,0.0015192258025310303,-3.0000000000000036,0.3155,0.0,-3.3155000000000037
BTCUSDT,240,SINV_MSS_CLOSE,NO_TRAIL,p3,-1,2025-02-26 00:00:00+00:00,88665.3,2025-02-28 20:00:00+00:00,84307.6,end_of_data,False,91325.259,,False,100.0,1.0,100.0,100.0,0.0011278369328249045,4.9147750021710825,0.3126278374967434,0.0,4.6021471646743395
BTCUSDT,240,SINV_MSS_CLOSE,TP_x2,p1,-1,2024-05-02 00:00:00+00:00,58298.5,2024-05-03 12:00:00+00:00,60047.455,initial_sl,False,60047.455,,False,100.0,1.0,100.0,100.0,0.0017153099993996415,-3.000000000000003,0.3245,0.0,-3.324500000000003
BTCUSDT,240,SINV_MSS_CLOSE,TP_x2,p2,1,2024-09-29 00:00:00+00:00,65823.0,2024-09-30 08:00:00+00:00,63848.31,initial_sl,False,63848.31,,False,100.0,1.0,100.0,100.0,0.0015192258025310303,-3.0000000000000036,0.3155,0.0,-3.3155000000000037
BTCUSDT,240,SINV_MSS_CLOSE,TP_x2,p3,-1,2025-02-26 00:00:00+00:00,88665.3,2025-02-26 16:00:00+00:00,83345.382,take_profit,False,91325.259,,False,100.0,1.0,100.0,100.0,0.0011278369328249045,6.000000000000006,0.311,0.0,5.689000000000006
BTCUSDT,240,SINV_MSS_CLOSE,TRAIL_a0.06_t0.04,p1,-1,2024-05-02 00:00:00+00:00,58298.5,2024-05-03 12:00:00+00:00,60047.455,initial_sl,False,60047.455,,False,100.0,1.0,100.0,100.0,0.0017153099993996415,-3.000000000000003,0.3245,0.0,-3.324500000000003
BTCUSDT,240,SINV_MSS_CLOSE,TRAIL_a0.06_t0.04,p2,1,2024-09-29 00:00:00+00:00,65823.0,2024-09-30 08:00:00+00:00,63848.31,initial_sl,False,63848.31,,False,100.0,1.0,100.0,100.0,0.0015192258025310303,-3.0000000000000036,0.3155,0.0,-3.3155000000000037
BTCUSDT,240,SINV_MSS_CLOSE,TRAIL_a0.06_t0.04,p3,-1,2025-02-26 00:00:00+00:00,88665.3,2025-02-26 16:00:00+00:00,87499.9,trailing_sl,True,91325.259,86528.0,True,100.0,1.0,100.0,100.0,0.0011278369328249045,1.3143811615141534,0.31802842825772876,0.0,0.9963527332564246
BTCUSDT,240,SINV_MSS_CLOSE,TRAIL_a0.03_t0.02,p1,-1,2024-05-02 00:00:00+00:00,58298.5,2024-05-03 12:00:00+00:00,60047.455,initial_sl,False,60047.455,,False,100.0,1.0,100.0,100.0,0.0017153099993996415,-3.000000000000003,0.3245,0.0,-3.324500000000003
BTCUSDT,240,SINV_MSS_CLOSE,TRAIL_a0.03_t0.02,p2,1,2024-09-29 00:00:00+00:00,65823.0,2024-09-30 08:00:00+00:00,63848.31,initial_sl,False,63848.31,,False,100.0,1.0,100.0,100.0,0.0015192258025310303,-3.0000000000000036,0.3155,0.0,-3.3155000000000037
BTCUSDT,240,SINV_MSS_CLOSE,TRAIL_a0.03_t0.02,p3,-1,2025-02-26 00:00:00+00:00,88665.3,2025-02-26 12:00:00+00:00,88589.3,trailing_sl,True,91325.259,87057.0,True,100.0,1.0,100.0,100.0,0.0011278369328249045,0.08571560689469274,0.319871426589658,0.0,-0.23415581969496527
BTCUSDT,240,SINV_MSS_IN_FVG,NO_TRAIL,p1,-1,2024-05-02 00:00:00+00:00,58298.5,2024-05-03 12:00:00+00:00,60047.455,initial_sl,False,60047.455,,False,100.0,1.0,100.0,100.0,0.0017153099993996415,-3.000000000000003,0.3245,0.0,-3.324500000000003
BTCUSDT,240,SINV_MSS_IN_FVG,NO_TRAIL,p2,1,2024-09-29 00:00:00+00:00,65823.0,2024-09-30 08:00:00+00:00,63848.31,initial_sl,False,63848.31,,False,100.0,1.0,100.0,100.0,0.0015192258025310303,-3.0000000000000036,0.3155,0.0,-3.3155000000000037
BTCUSDT,240,SINV_MSS_IN_FVG,NO_TRAIL,p3,-1,2025-02-26 00:00:00+00:00,88665.3,2025-02-28 20:00:00+00:00,84307.6,end_of_data,False,91325.259,,False,100.0,1.0,100.0,100.0,0.0011278369328249045,4.9147750021710825,0.3126278374967434,0.0,4.6021471646743395
BTCUSDT,240,SINV_MSS_IN_FVG,TP_x2,p1,-1,2024-05-02 00:00:00+00:00,58298.5,2024-05-03 12:00:00+00:00,60047.455,initial_sl,False,60047.455,,False,100.0,1.0,100.0,100.0,0.0017153099993996415,-3.000000000000003,0.3245,0.0,-3.324500000000003
BTCUSDT,240,SINV_MSS_IN_FVG,TP_x2,p2,1,2024-09-29 00:00:00+00:00,65823.0,2024-09-30 08:00:00+00:00,63848.31,initial_sl,False,63848.31,,False,100.0,1.0,100.0,100.0,0.0015192258025310303,-3.0000000000000036,0.3155,0.0,-3.3155000000000037
BTCUSDT,240,SINV_MSS_IN_FVG,TP_x2,p3,-1,2025-02-26 00:00:00+00:00,88665.3,2025-02-26 16:00:00+00:00,83345.382,take_profit,False,91325.259,,False,100.0,1.0,100.0,100.0,0.0011278369328249045,6.000000000000006,0.311,0.0,5.689000000000006
BTCUSDT,240,SINV_MSS_IN_FVG,TRAIL_a0.06_t0.04,p1,-1,2024-05-02 00:00:00+00:00,58298.5,2024-05-03 12:00:00+00:00,60047.455,initial_sl,False,60047.455,,False,100.0,1.0,100.0,100.0,0.0017153099993996415,-3.000000000000003,0.3245,0.0,-3.324500000000003
BTCUSDT,240,SINV_MSS_IN_FVG,TRAIL_a0.06_t0.04,p2,1,2024-09-29 00:00:00+00:00,65823.0,2024-09-30 08:00:00+00:00,63848.31,initial_sl,False,63848.31,,False,100.0,1.0,100.0,100.0,0.0015192258025310303,-3.0000000000000036,0.3155,0.0,-3.3155000000000037
BTCUSDT,240,SINV_MSS_IN_FVG,TRAIL_a0.06_t0.04,p3,-1,2025-02-26 00:00:00+00:00,88665.3,2025-02-26 16:00:00+00:00,87499.9,trailing_sl,True,91325.259,86528.0,True,100.0,1.0,100.0,100.0,0.0011278369328249045,1.3143811615141534,0.31802842825772876,0.0,0.9963527332564246
BTCUSDT,240,SINV_MSS_IN_FVG,TRAIL_a0.03_t0.02,p1,-1,2024-05-02 00:00:00+00:00,58298.5,2024-05-03 12:00:00+00:00,60047.455,initial_sl,False,60047.455,,False,100.0,1.0,100.0,100.0,0.0017153099993996415,-3.000000000000003,0.3245,0.0,-3.324500000000003
BTCUSDT,240,SINV_MSS_IN_FVG,TRAIL_a0.03_t0.02,p2,1,2024-09-29 00:00:00+00:00,65823.0,2024-09-30 08:00:00+00:00,63848.31,initial_sl,False,63848.31,,False,100.0,1.0,100.0,100.0,0.0015192258025310303,-3.0000000000000036,0.3155,0.0,-3.3155000000000037
BTCUSDT,240,SINV_MSS_IN_FVG,TRAIL_a0.03_t0.02,p3,-1,2025-02-26 00:00:00+00:00,88665.3,2025-02-26 12:00:00+00:00,88589.3,trailing_sl,True,91325.259,87057.0,True,100.0,1.0,100.0,100.0,0.0011278369328249045,0.08571560689469274,0.319871426589658,0.0,-0.23415581969496527
BTCUSDT,240,DONCHIAN_55,NO_TRAIL,p1,1,2024-02-08 00:00:00+00:00,44318.0,2024-03-16 20:00:00+00:00,65331.2,signal_reverse,False,42988.46,,False,100.0,1.0,100.0,100.0,0.002256419513515953,47.41459452141341,0.3911218917821202,0.0,47.02347262963129
BTCUSDT,240,DONCHIAN_55,NO_TRAIL,p2,-1,2024-03-17 00:00:00+00:00,65331.2,2024-03-17 08:00:00+00:00,67291.136,initial_sl,False,67291.136,,False,100.0,1.0,100.0,100.0,0.0015306622257053291,-3.000000000000002,0.3245,0.0,-3.3245000000000022
BTCUSDT,240,DONCHIAN_55,NO_TRAIL,p3,1,2024-03-25 16:00:00+00:00,69847.2,2024-04-02 00:00:00+00:00,67751.784,initial_sl,False,67751.784,,False,100.0,1.0,100.0,100.0,0.0014316966177599102,-2.9999999999999964,0.3155,0.0,-3.3154999999999966
BTCUSDT,240,DONCHIAN_55,NO_TRAIL,p4,-1,2024-04-29 04:00:00+00:00,62250.0,2024-04-29 20:00:00+00:00,64117.5,initial_sl,False,64117.5,,False,100.0,1.0,100.0,100.0,0.001606425702811245,-3.0,0.3245,0.0,-3.3245
BTCUSDT,240,DONCHIAN_55,NO_TRAIL,p5,1,2024-05-15 20:00:00+00:00,65950.9,2024-06-11 08:00:00+00:00,66882.1,signal_reverse,False,63972.37299999999,,False,100.0,1.0,100.0,100.0,0.001516279535229997,1.411959503206191,0.32211793925480936,0.0,1.0898415639513814
BTCUSDT,240,DONCHIAN_55,NO_TRAIL,p6,-1,2024-06-11 12:00:00+00:00,66882.1,2024-06-12 12:00:00+00:00,68888.56300000001,initial_sl,False,68888.56300000001,,False,100.0,1.0,100.0,100.0,0.0014951683634335643,-3.000000000000005,0.3245,0.0,-3.324500000000005
BTCUSDT,240,DONCHIAN_55,NO_TRAIL,p7,1,2024-07-14 08:00:00+00:00,60027.9,2024-08-01 12:00:00+00:00,62868.2,signal_reverse,False,58227.063,,False,100.0,1.0,100.0,100.0,0.0016658920268741702,4.731633123930698,0.3270974496858961,0.0,4.404535674244802
BTCUSDT,240,DONCHIAN_55,NO_TRAIL,p8,-1,2024-08-01 16:00:00+00:00,62868.2,2024-08-01 20:00:00+00:00,64754.246,initial_sl,False,64754.246,,False,100.0,1.0,100.0,100.0,0.001590629284757636,-3.0000000000000036,0.3245,0.0,-3.3245000000000036
BTCUSDT,240,DONCHIAN_55,NO_TRAIL,p9,1,2024-08-23 20:00:00+00:00,63580.3,2024-08-27 12:00:00+00:00,61672.891,initial_sl,False,61672.891,,False,100.0,1.0,100.0,100.0,0.0015728142207570583,-2.999999999999999,0.3155,0.0,-3.3154999999999992
BTCUSDT,240,DONCHIAN_55,NO_TRAIL,p10,-1,2024-09-04 04:00:00+00:00,56636.6,2024-09-04 16:00:00+00:00,58335.698,initial_sl,False,58335.698,,False,100.0,1.0,100.0,100.0,0.0017656427116034509,-2.999999999999997,0.3245,0.0,-3.324499999999997
BTCUSDT,240,DONCHIAN_55,NO_TRAIL,p11,1,2024-09-13 16:00:00+00:00,59636.5,2024-09-16 12:00:00+00:00,57847.405,initial_sl,False,57847.405,,False,100.0,1.0,100.0,100.0,0.0016768254340881843,-3.000000000000002,0.3155,0.0,-3.3155000000000023
BTCUSDT,240,DONCHIAN_55,NO_TRAIL,p12,-1,2024-10-01 20:00:00+00:00,61740.8,2024-10-07 00:00:00+00:00,63593.024000000005,initial_sl,False,63593.024000000005,,False,100.0,1.0,100.0,100.0,0.0016196745102104281,-3.000000000000003,0.3245,0.0,-3.324500000000003
BTCUSDT,240,DONCHIAN_55,NO_TRAIL,p13,1,2024-10-14 08:00:00+00:00,64597.7,2024-12-20 08:00:00+00:00,92681.1,signal_reverse,False,62659.769,,False,100.0,1.0,100.0,100.0,0.001548042732171579,43.474303264667334,0.38521145489700104,0.0,43.08909180977033
BTCUSDT,240,DONCHIAN_55,NO_TRAIL,p14,-1,2024-12-20 12:00:00+00:00,92681.1,2024-12-20 12:00:00+00:00,95461.53300000001,initial_sl,False,95461.53300000001,,False,100.0,1.0,100.0,100.0,0.0010789686354607357,-3.000000000000005,0.3245,0.0,-3.324500000000005
BTCUSDT,240,DONCHIAN_55,NO_TRAIL,p15,1,2025-01-06 04:00:00+00:00,99001.7,2025-01-08 04:00:00+00:00,96031.64899999999,initial_sl,False,96031.64899999999,,False,100.0,1.0,100.0,100.0,0.001010083665229991,-3.000000000000007,0.3155,0.0,-3.315500000000007
BTCUSDT,240,DONCHIAN_55,NO_TRAIL,p16,-1,2025-01-13 12:00:00+00:00,90811.9,2025-01-13 20:00:00+00:00,93536.257,initial_sl,False,93536.257,,False,100.0,1.0,100.0,100.0,0.0011011772686178795,-3.0000000000000044,0.3245,0.0,-3.3245000000000045
BTCUSDT,240,DONCHIAN_55,NO_TRAIL,p17,1,2025-01-17 04:00:00+00:00,101016.1,2025-01-27 04:00:00+00:00,97985.617,initial_sl,False,97985.617,,False,100.0,1.0,100.0,100.0,0.000989941207391693,-3.0000000000000075,0.3155,0.0,-3.3155000000000077
BTCUSDT,240,DONCHIAN_55,NO_TRAIL,p18,-1,2025-01-27 08:00:00+00:00,98986.3,2025-01-27 12:00:00+00:00,101955.889,initial_sl,False,101955.889,,False,100.0,1.0,100.0,100.0,0.0010102408111021424,-2.9999999999999925,0.3245,0.0,-3.3244999999999925
XRPUSDT,240,SINV_FIRST_FVG,NO_TRAIL,p1,-1,2024-04-22 00:00:00+00:00,0.5243,2024-04-22 12:00:00+00:00,0.540029,initial_sl,False,0.540029,,False,100.0,1.0,100.0,100.0,190.7304978065993,-2.9999999999999987,0.3245,0.0,-3.3244999999999987
XRPUSDT,240,SINV_FIRST_FVG,NO_TRAIL,p2,1,2024-07-21 00:00:00+00:00,0.5934,2024-07-21 12:00:00+00:00,0.575598,initial_sl,False,0.575598,,False,100.0,1.0,100.0,100.0,168.52039096730704,-2.9999999999999973,0.3155,0.0,-3.3154999999999974
XRPUSDT,240,SINV_FIRST_FVG,NO_TRAIL,p3,-1,2024-09-04 00:00:00+00:00,0.557,2024-09-12 12:00:00+00:00,0.57371,initial_sl,False,0.57371,,False,100.0,1.0,100.0,100.0,179.5332136445242,-3.0,0.3245,0.0,-3.3245
XRPUSDT,240,SINV_FIRST_FVG,NO_TRAIL,p4,1,2024-11-13 00:00:00+00:00,0.7048,2024-11-13 00:00:00+00:00,0.6836559999999999,initial_sl,False,0.6836559999999999,,False,100.0,1.0,100.0,100.0,141.88422247446084,-3.0000000000000075,0.3155,0.0,-3.3155000000000077
XRPUSDT,240,SINV_FIRST_FVG,TP_x2,p1,-1,2024-04-22 00:00:00+00:00,0.5243,2024-04-22 12:00:00+00:00,0.540029,initial_sl,False,0.540029,,False,100.0,1.0,100.0,100.0,190.7304978065993,-2.9999999999999987,0.3245,0.0,-3.3244999999999987
XRPUSDT,240,SINV_FIRST_FVG,TP_x2,p2,1,2024-07-21 00:00:00+00:00,0.5934,2024-07-21 12:00:00+00:00,0.575598,initial_sl,False,0.575598,,False,100.0,1.0,100.0,100.0,168.52039096730704,-2.9999999999999973,0.3155,0.0,-3.3154999999999974
XRPUSDT,240,SINV_FIRST_FVG,TP_x2,p3,-1,2024-09-04 00:00:00+00:00,0.557,2024-09-06 12:00:00+00:00,0.52358,take_profit,False,0.57371,,False,100.0,1.0,100.0,100.0,179.5332136445242,6.0,0.311,0.0,5.689
XRPUSDT,240,SINV_FIRST_FVG,TP_x2,p4,1,2024-11-13 00:00:00+00:00,0.7048,2024-11-13 00:00:00+00:00,0.6836559999999999,initial_sl,False,0.6836559999999999,,False,100.0,1.0,100.0,100.0,141.88422247446084,-3.0000000000000075,0.3155,0.0,-3.3155000000000077
XRPUSDT,240,SINV_FIRST_FVG,TRAIL_a0.06_t0.04,p1,-1,2024-04-22 00:00:00+00:00,0.5243,2024-04-22 12:00:00+00:00,0.540029,initial_sl,False,0.540029,,False,100.0,1.0,100.0,100.0,190.7304978065993,-2.9999999999999987,0.3245,0.0,-3.3244999999999987
XRPUSDT,240,SINV_FIRST_FVG,TRAIL_a0.06_t0.04,p2,1,2024-07-21 00:00:00+00:00,0.5934,2024-07-21 12:00:00+00:00,0.575598,initial_sl,False,0.575598,,False,100.0,1.0,100.0,100.0,168.52039096730704,-2.9999999999999973,0.3155,0.0,-3.3154999999999974
XRPUSDT,240,SINV_FIRST_FVG,TRAIL_a0.06_t0.04,p3,-1,2024-09-04 00:00:00+00:00,0.557,2024-09-06 12:00:00+00:00,0.542672,trailing_sl,False,0.57371,0.542672,True,100.0,1.0,100.0,100.0,179.5332136445242,2.5723518850987444,0.3161414721723519,0.0,2.2562104129263925
XRPUSDT,240,SINV_FIRST_FVG,TRAIL_a0.06_t0.04,p4,1,2024-11-13 00:00:00+00:00,0.7048,2024-11-13 00:00:00+00:00,0.6836559999999999,initial_sl,False,0.6836559999999999,,False,100.0,1.0,100.0,100.0,141.88422247446084,-3.0000000000000075,0.3155,0.0,-3.3155000000000077
XRPUSDT,240,SINV_FIRST_FVG,TRAIL_a0.03_t0.02,p1,-1,2024-04-22 00:00:00+00:00,0.5243,2024-04-22 12:00:00+00:00,0.540029,initial_sl,False,0.540029,,False,100.0,1.0,100.0,100.0,190.7304978065993,-2.9999999999999987,0.3245,0.0,-3.3244999999999987
XRPUSDT,240,SINV_FIRST_FVG,TRAIL_a0.03_t0.02,p2,1,2024-07-21 00:00:00+00:00,0.5934,2024-07-21 12:00:00+00:00,0.575598,initial_sl,False,0.575598,,False,100.0,1.0,100.0,100.0,168.52039096730704,-2.9999999999999973,0.3155,0.0,-3.3154999999999974
XRPUSDT,240,SINV_FIRST_FVG,TRAIL_a0.03_t0.02,p3,-1,2024-09-04 00:00:00+00:00,0.557,2024-09-04 00:00:00+00:00,0.557,trailing_sl,True,0.57371,0.542334,True,100.0,1.0,100.0,100.0,179.5332136445242,-0.0,0.32,0.0,-0.32
XRPUSDT,240,SINV_FIRST_FVG,TRAIL_a0.03_t0.02,p4,1,2024-11-13 00:00:00+00:00,0.7048,2024-11-13 00:00:00+00:00,0.7048,trailing_sl,True,0.6836559999999999,0.727062,True,100.0,1.0,100.0,100.0,141.88422247446084,0.0,0.32,0.0,-0.32
XRPUSDT,240,SINV_MSS_CLOSE,NO_TRAIL,p1,1,2024-03-03 00:00:00+00:00,0.645,2024-03-03 04:00:00+00:00,0.62565,initial_sl,False,0.62565,,False,100.0,1.0,100.0,100.0,155.03875968992247,-2.9999999999999964,0.3155,0.0,-3.3154999999999966
XRPUSDT,240,SINV_MSS_CLOSE,NO_TRAIL,p2,-1,2024-04-17 00:00:00+00:00,0.4959,2024-04-20 00:00:00+00:00,0.510777,initial_sl,False,0.510777,,False,100.0,1.0,100.0,100.0,201.6535591853196,-3.0000000000000058,0.3245,0.0,-3.324500000000006
XRPUSDT,240,SINV_MSS_CLOSE,NO_TRAIL,p3,1,2024-07-21 00:00:00+00:00,0.5934,2024-07-21 12:00:00+00:00,0.575598,initial_sl,False,0.575598,,False,100.0,1.0,100.0,100.0,168.52039096730704,-2.9999999999999973,0.3155,0.0,-3.3154999999999974
XRPUSDT,240,SINV_MSS_CLOSE,NO_TRAIL,p4,1,2024-11-13 00:00:00+00:00,0.7048,2024-11-13 00:00:00+00:00,0.6836559999999999,initial_sl,False,0.6836559999999999,,False,100.0,1.0,100.0,100.0,141.88422247446084,-3.0000000000000075,0.3155,0.0,-3.3155000000000077
XRPUSDT,240,SINV_MSS_CLOSE,NO_TRAIL,p5,1,2025-01-17 00:00:00+00:00,3.2433,2025-01-18 04:00:00+00:00,3.146001,initial_sl,False,3.146001,,False,100.0,1.0,100.0,100.0,30.83279375944254,-3.0000000000000004,0.3155,0.0,-3.3155000000000006
XRPUSDT,240,SINV_MSS_CLOSE,TP_x2,p1,1,2024-03-03 00:00:00+00:00,0.645,2024-03-03 04:00:00+00:00,0.62565,initial_sl,False,0.62565,,False,100.0,1.0,100.0,100.0,155.03875968992247,-2.9999999999999964,0.3155,0.0,-3.3154999999999966
XRPUSDT,240,SINV_MSS_CLOSE,TP_x2,p2,-1,2024-04-17 00:00:00+00:00,0.4959,2024-04-19 00:00:00+00:00,0.46614599999999995,take_profit,False,0.510777,,False,100.0,1.0,100.0,100.0,201.6535591853196,6.0000000000000115,0.311,0.0,5.689000000000012
XRPUSDT,240,SINV_MSS_CLOSE,TP_x2,p3,1,2024-07-21 00:00:00+00:00,0.5934,2024-07-21 12:00:00+00:00,0.575598,initial_sl,False,0.575598,,False,100.0,1.0,100.0,100.0,168.52039096730704,-2.9999999999999973,0.3155,0.0,-3.3154999999999974
XRPUSDT,240,SINV_MSS_CLOSE,TP_x2,p4,1,2024-11-13 00:00:00+00:00,0.7048,2024-11-13 00:00:00+00:00,0.6836559999999999,initial_sl,False,0.6836559999999999,,False,100.0,1.0,100.0,100.0,141.88422247446084,-3.0000000000000075,0.3155,0.0,-3.3155000000000077
XRPUSDT,240,SINV_MSS_CLOSE,TP_x2,p5,1,2025-01-17 00:00:00+00:00,3.2433,2025-01-18 04:00:00+00:00,3.146001,initial_sl,False,3.146001,,False,100.0,1.0,100.0,100.0,30.83279375944254,-3.0000000000000004,0.3155,0.0,-3.3155000000000006
XRPUSDT,240,SINV_MSS_CLOSE,TRAIL_a0.06_t0.04,p1,1,2024-03-03 00:00:00+00:00,0.645,2024-03-03 04:00:00+00:00,0.62565,initial_sl,False,0.62565,,False,100.0,1.0,100.0,100.0,155.03875968992247,-2.9999999999999964,0.3155,0.0,-3.3154999999999966
XRPUSDT,240,SINV_MSS_CLOSE,TRAIL_a0.06_t0.04,p2,-1,2024-04-17 00:00:00+00:00,0.4959,2024-04-19 00:00:00+00:00,0.5022,trailing_sl,True,0.510777,0.484744,True,100.0,1.0,100.0,100.0,201.6535591853196,-1.270417422867508,0.32190562613430124,0.0,-1.5923230490018092
XRPUSDT,240,SINV_MSS_CLOSE,TRAIL_a0.06_t0.04,p3,1,2024-07-21 00:00:00+00:00,0.5934,2024-07-21 12:00:00+00:00,0.575598,initial_sl,False,0.575598,,False,100.0,1.0,100.0,100.0,168.52039096730704,-2.9999999999999973,0.3155,0.0,-3.3154999999999974
XRPUSDT,240,SINV_MSS_CLOSE,TRAIL_a0.06_t0.04,p4,1,2024-11-13 00:00:00+00:00,0.7048,2024-11-13 00:00:00+00:00,0.6836559999999999,initial_sl,False,0.6836559999999999,,False,100.0,1.0,100.0,100.0,141.88422247446084,-3.0000000000000075,0.3155,0.0,-3.3155000000000077
XRPUSDT,240,SINV_MSS_CLOSE,TRAIL_a0.06_t0.04,p5,1,2025-01-17 00:00:00+00:00,3.2433,2025-01-18 04:00:00+00:00,3.146001,initial_sl,False,3.146001,,False,100.0,1.0,100.0,100.0,30.83279375944254,-3.0000000000000004,0.3155,0.0,-3.3155000000000006
XRPUSDT,240,SINV_MSS_CLOSE,TRAIL_a0.03_t0.02,p1,1,2024-03-03 00:00:00+00:00,0.645,2024-03-03 04:00:00+00:00,0.62565,initial_sl,False,0.62565,,False,100.0,1.0,100.0,100.0,155.03875968992247,-2.9999999999999964,0.3155,0.0,-3.3154999999999966
XRPUSDT,240,SINV_MSS_CLOSE,TRAIL_a0.03_t0.02,p2,-1,2024-04-17 00:00:00+00:00,0.4959,2024-04-17 12:00:00+00:00,0.4873,trailing_sl,True,0.510777,0.482358,True,100.0,1.0,100.0,100.0,201.6535591853196,1.734220608993748,0.3173986690865094,0.0,1.4168219399072386
XRPUSDT,240,SINV_MSS_CLOSE,TRAIL_a0.03_t0.02,p3,1,2024-07-21 00:00:00+00:00,0.5934,2024-07-21 12:00:00+00:00,0.575598,initial_sl,False,0.575598,,False,100.0,1.0,100.0,100.0,168.52039096730704,-2.9999999999999973,0.3155,0.0,-3.3154999999999974
XRPUSDT,240,SINV_MSS_CLOSE,TRAIL_a0.03_t0.02,p4,1,2024-11-13 00:00:00+00:00,0.7048,2024-11-13 00:00:00+00:00,0.7048,trailing_sl,True,0.6836559999999999,0.727062,True,100.0,1.0,100.0,100.0,141.88422247446084,0.0,0.32,0.0,-0.32
XRPUSDT,240,SINV_MSS_CLOSE,TRAIL_a0.03_t0.02,p5,1,2025-01-17 00:00:00+00:00,3.2433,2025-01-17 00:00:00+00:00,3.2433,trailing_sl,True,3.146001,3.281138,True,100.0,1.0,100.0,100.0,30.83279375944254,0.0,0.32,0.0,-0.32
XRPUSDT,240,SINV_MSS_IN_FVG,NO_TRAIL,p1,1,2024-07-21 00:00:00+00:00,0.5934,2024-07-21 12:00:00+00:00,0.575598,initial_sl,False,0.575598,,False,100.0,1.0,100.0,100.0,168.52039096730704,-2.9999999999999973,0.3155,0.0,-3.3154999999999974
XRPUSDT,240,SINV_MSS_IN_FVG,TP_x2,p1,1,2024-07-21 00:00:00+00:00,0.5934,2024-07-21 12:00:00+00:00,0.575598,initial_sl,False,0.575598,,False,100.0,1.0,100.0,100.0,168.52039096730704,-2.9999999999999973,0.3155,0.0,-3.3154999999999974
XRPUSDT,240,SINV_MSS_IN_FVG,TRAIL_a0.06_t0.04,p1,1,2024-07-21 00:00:00+00:00,0.5934,2024-07-21 12:00:00+00:00,0.575598,initial_sl,False,0.575598,,False,100.0,1.0,100.0,100.0,168.52039096730704,-2.9999999999999973,0.3155,0.0,-3.3154999999999974
XRPUSDT,240,SINV_MSS_IN_FVG,TRAIL_a0.03_t0.02,p1,1,2024-07-21 00:00:00+00:00,0.5934,2024-07-21 12:00:00+00:00,0.575598,initial_sl,False,0.575598,,False,100.0,1.0,100.0,100.0,168.52039096730704,-2.9999999999999973,0.3155,0.0,-3.3154999999999974
XRPUSDT,240,SINV_FIRST_H4,NO_TRAIL,p1,-1,2024-09-04 08:00:00+00:00,0.5542,2024-09-12 12:00:00+00:00,0.5708260000000001,initial_sl,False,0.5708260000000001,,False,100.0,1.0,100.0,100.0,180.44027426921687,-3.000000000000005,0.3245,0.0,-3.324500000000005
XRPUSDT,240,SINV_FIRST_H4,NO_TRAIL,p2,1,2024-11-13 20:00:00+00:00,0.6815,2025-02-28 20:00:00+00:00,2.145,end_of_data,False,0.661055,,False,100.0,1.0,100.0,100.0,146.7351430667645,214.74688187820985,0.6421203228173148,0.0,214.10476155539254
XRPUSDT,240,SINV_FIRST_H4,TP_x2,p1,-1,2024-09-04 08:00:00+00:00,0.5542,2024-09-06 16:00:00+00:00,0.520948,take_profit,False,0.5708260000000001,,False,100.0,1.0,100.0,100.0,180.44027426921687,6.00000000000001,0.311,0.0,5.68900000000001
XRPUSDT,240,SINV_FIRST_H4,TP_x2,p2,1,2024-11-13 20:00:00+00:00,0.6815,2024-11-14 12:00:00+00:00,0.7223900000000001,take_profit,False,0.661055,,False,100.0,1.0,100.0,100.0,146.7351430667645,6.000000000000014,0.329,0.0,5.6710000000000145
XRPUSDT,240,SINV_FIRST_H4,TRAIL_a0.06_t0.04,p1,-1,2024-09-04 08:00:00+00:00,0.5542,2024-09-07 00:00:00+00:00,0.52208,trailing_sl,False,0.5708260000000001,0.52208,True,100.0,1.0,100.0,100.0,180.44027426921687,5.795741609527252,0.31130638758570917,0.0,5.484435221941543
XRPUSDT,240,SINV_FIRST_H4,TRAIL_a0.06_t0.04,p2,1,2024-11-13 20:00:00+00:00,0.6815,2024-11-14 12:00:00+00:00,0.7186,trailing_sl,True,0.661055,0.725664,True,100.0,1.0,100.0,100.0,146.7351430667645,5.443873807776966,0.32816581071166545,0.0,5.115707997065301
XRPUSDT,240,SINV_FIRST_H4,TRAIL_a0.03_t0.02,p1,-1,2024-09-04 08:00:00+00:00,0.5542,2024-09-06 04:00:00+00:00,0.5452,trailing_sl,True,0.5708260000000001,0.542946,True,100.0,1.0,100.0,100.0,180.44027426921687,1.6239624684229532,0.3175640562973656,0.0,1.3063984121255876
XRPUSDT,240,SINV_FIRST_H4,TRAIL_a0.03_t0.02,p2,1,2024-11-13 20:00:00+00:00,0.6815,2024-11-14 00:00:00+00:00,0.6904,trailing_sl,True,0.661055,0.69139,True,100.0,1.0,100.0,100.0,146.7351430667645,1.3059427732942068,0.3219589141599413,0.0,0.9839838591342656
XRPUSDT,240,DONCHIAN_55,NO_TRAIL,p1,1,2024-02-11 08:00:00+00:00,0.5284,2024-02-28 16:00:00+00:00,0.512548,initial_sl,False,0.512548,,False,100.0,1.0,100.0,100.0,189.25056775170327,-2.999999999999996,0.3155,0.0,-3.315499999999996
XRPUSDT,240,DONCHIAN_55,NO_TRAIL,p2,-1,2024-04-01 16:00:00+00:00,0.6001,2024-04-02 00:00:00+00:00,0.618103,initial_sl,False,0.618103,,False,100.0,1.0,100.0,100.0,166.63889351774705,-2.9999999999999987,0.3245,0.0,-3.3244999999999987
XRPUSDT,240,DONCHIAN_55,NO_TRAIL,p3,1,2024-04-22 20:00:00+00:00,0.5511,2024-04-24 12:00:00+00:00,0.534567,initial_sl,False,0.534567,,False,100.0,1.0,100.0,100.0,181.45527127563054,-3.000000000000003,0.3155,0.0,-3.3155000000000032
XRPUSDT,240,DONCHIAN_55,NO_TRAIL,p4,-1,2024-04-30 12:00:00+00:00,0.4968,2024-05-01 16:00:00+00:00,0.511704,initial_sl,False,0.511704,,False,100.0,1.0,100.0,100.0,201.28824476650564,-3.0000000000000058,0.3245,0.0,-3.324500000000006
XRPUSDT,240,DONCHIAN_55,NO_TRAIL,p5,1,2024-05-06 16:00:00+00:00,0.5593,2024-05-06 16:00:00+00:00,0.542521,initial_sl,False,0.542521,,False,100.0,1.0,100.0,100.0,178.79492222420882,-2.999999999999998,0.3155,0.0,-3.315499999999998
XRPUSDT,240,DONCHIAN_55,NO_TRAIL,p6,-1,2024-05-13 04:00:00+00:00,0.4929,2024-05-13 08:00:00+00:00,0.507687,initial_sl,False,0.507687,,False,100.0,1.0,100.0,100.0,202.8809089064719,-2.9999999999999987,0.3245,0.0,-3.3244999999999987
XRPUSDT,240,DONCHIAN_55,NO_TRAIL,p7,1,2024-05-20 20:00:00+00:00,0.5335,2024-05-23 12:00:00+00:00,0.5174949999999999,initial_sl,False,0.5174949999999999,,False,100.0,1.0,100.0,100.0,187.44142455482663,-3.000000000000009,0.3155,0.0,-3.315500000000009
XRPUSDT,240,DONCHIAN_55,NO_TRAIL,p8,-1,2024-06-07 20:00:00+00:00,0.4933,2024-06-17 12:00:00+00:00,0.508099,initial_sl,False,0.508099,,False,100.0,1.0,100.0,100.0,202.71639975674032,-2.9999999999999902,0.3245,0.0,-3.3244999999999902
XRPUSDT,240,DONCHIAN_55,NO_TRAIL,p9,1,2024-06-17 16:00:00+00:00,0.5093,2024-06-18 00:00:00+00:00,0.494021,initial_sl,False,0.494021,,False,100.0,1.0,100.0,100.0,196.34792852935402,-2.9999999999999973,0.3155,0.0,-3.3154999999999974
XRPUSDT,240,DONCHIAN_55,NO_TRAIL,p10,-1,2024-07-04 04:00:00+00:00,0.4594,2024-07-12 08:00:00+00:00,0.473182,initial_sl,False,0.473182,,False,100.0,1.0,100.0,100.0,217.67522855899,-3.0000000000000036,0.3245,0.0,-3.3245000000000036
XRPUSDT,240,DONCHIAN_55,NO_TRAIL,p11,1,2024-07-13 04:00:00+00:00,0.4922,2024-08-03 16:00:00+00:00,0.5424,signal_reverse,False,0.477434,,False,100.0,1.0,100.0,100.0,203.16944331572532,10.199106054449404,0.3352986590816741,0.0,9.86380739536773
XRPUSDT,240,DONCHIAN_55,NO_TRAIL,p12,-1,2024-08-03 20:00:00+00:00,0.5424,2024-08-04 00:00:00+00:00,0.558672,initial_sl,False,0.558672,,False,100.0,1.0,100.0,100.0,184.36578171091446,-2.9999999999999916,0.3245,0.0,-3.3244999999999916
XRPUSDT,240,DONCHIAN_55,NO_TRAIL,p13,1,2024-08-24 16:00:00+00:00,0.6195,2024-08-25 04:00:00+00:00,0.6009150000000001,initial_sl,False,0.6009150000000001,,False,100.0,1.0,100.0,100.0,161.42050040355124,-2.999999999999994,0.3155,0.0,-3.315499999999994
XRPUSDT,240,DONCHIAN_55,NO_TRAIL,p14,-1,2024-08-30 16:00:00+00:00,0.5481,2024-08-30 20:00:00+00:00,0.564543,initial_sl,False,0.564543,,False,100.0,1.0,100.0,100.0,182.44845831052726,-2.999999999999997,0.3245,0.0,-3.324499999999997
XRPUSDT,240,DONCHIAN_55,NO_TRAIL,p15,1,2024-09-15 00:00:00+00:00,0.5952,2024-09-15 20:00:00+00:00,0.577344,initial_sl,False,0.577344,,False,100.0,1.0,100.0,100.0,168.01075268817206,-2.9999999999999973,0.3155,0.0,-3.3154999999999974
XRPUSDT,240,DONCHIAN_55,NO_TRAIL,p16,-1,2024-10-03 00:00:00+00:00,0.538,2024-10-14 12:00:00+00:00,0.5491,signal_reverse,False,0.5541400000000001,,False,100.0,1.0,100.0,100.0,185.87360594795538,-2.0631970260223045,0.3230947955390335,0.0,-2.386291821561338
XRPUSDT,240,DONCHIAN_55,NO_TRAIL,p17,1,2024-10-14 16:00:00+00:00,0.5491,2024-10-15 12:00:00+00:00,0.5326270000000001,initial_sl,False,0.5326270000000001,,False,100.0,1.0,100.0,100.0,182.11619012930248,-2.9999999999999925,0.3155,0.0,-3.3154999999999926
XRPUSDT,240,DONCHIAN_55,NO_TRAIL,p18,-1,2024-10-23 08:00:00+00:00,0.5264,2024-11-06 00:00:00+00:00,0.5339,signal_reverse,False,0.542192,,False,100.0,1.0,100.0,100.0,189.9696048632219,-1.424772036474176,0.32213715805471127,0.0,-1.7469091945288873
XRPUSDT,240,DONCHIAN_55,NO_TRAIL,p19,1,2024-11-06 04:00:00+00:00,0.5339,2024-12-20 08:00:00+00:00,1.9667,signal_reverse,False,0.5178830000000001,,False,100.0,1.0,100.0,100.0,187.30099269526127,268.3648623337703,0.7225472935006555,0.0,267.64231504026964
XRPUSDT,240,DONCHIAN_55,NO_TRAIL,p20,-1,2024-12-20 12:00:00+00:00,1.9667,2024-12-20 12:00:00+00:00,2.0257009999999998,initial_sl,False,2.0257009999999998,,False,100.0,1.0,100.0,100.0,50.846595820409824,-2.999999999999993,0.3245,0.0,-3.324499999999993
XRPUSDT,240,DONCHIAN_55,NO_TRAIL,p21,1,2025-01-02 04:00:00+00:00,2.4238,2025-01-02 04:00:00+00:00,2.351086,initial_sl,False,2.351086,,False,100.0,1.0,100.0,100.0,41.25752949913359,-2.999999999999998,0.3155,0.0,-3.315499999999998
XRPUSDT,240,DONCHIAN_55,NO_TRAIL,p22,-1,2025-01-27 08:00:00+00:00,2.8092,2025-01-27 12:00:00+00:00,2.893476,initial_sl,False,2.893476,,False,100.0,1.0,100.0,100.0,35.59732308130428,-3.0000000000000004,0.3245,0.0,-3.3245000000000005
XRPUSDT,240,DONCHIAN_55,NO_TRAIL,p23,1,2025-02-14 12:00:00+00:00,2.7316,2025-02-17 04:00:00+00:00,2.6496519999999997,initial_sl,False,2.6496519999999997,,False,100.0,1.0,100.0,100.0,36.60858105139845,-3.0000000000000053,0.3155,0.0,-3.3155000000000054
XRPUSDT,240,DONCHIAN_55,NO_TRAIL,p24,-1,2025-02-24 16:00:00+00:00,2.4315,2025-02-28 20:00:00+00:00,2.145,end_of_data,False,2.504445,,False,100.0,1.0,100.0,100.0,41.126876413736376,11.78285009253548,0.3023257248611968,0.0,11.480524367674283
DOGEUSDT,240,SINV_FIRST_FVG,NO_TRAIL,p1,-1,2024-12-28 00:00:00+00:00,0.31172,2024-12-28 12:00:00+00:00,0.3210716,initial_sl,False,0.3210716,,False,100.0,1.0,100.0,100.0,320.80071859360964,-3.000000000000005,0.3245,0.0,-3.324500000000005
DOGEUSDT,240,SINV_FIRST_FVG,NO_TRAIL,p2,-1,2025-02-06 00:00:00+00:00,0.256,2025-02-06 04:00:00+00:00,0.26368,initial_sl,False,0.26368,,False,100.0,1.0,100.0,100.0,390.625,-3.000000000000008,0.3245,0.0,-3.324500000000008
DOGEUSDT,240,SINV_FIRST_FVG,TP_x2,p1,-1,2024-12-28 00:00:00+00:00,0.31172,2024-12-28 12:00:00+00:00,0.3210716,initial_sl,False,0.3210716,,False,100.0,1.0,100.0,100.0,320.80071859360964,-3.000000000000005,0.3245,0.0,-3.324500000000005
DOGEUSDT,240,SINV_FIRST_FVG,TP_x2,p2,-1,2025-02-06 00:00:00+00:00,0.256,2025-02-06 04:00:00+00:00,0.26368,initial_sl,False,0.26368,,False,100.0,1.0,100.0,100.0,390.625,-3.000000000000008,0.3245,0.0,-3.324500000000008
DOGEUSDT,240,SINV_FIRST_FVG,TRAIL_a0.06_t0.04,p1,-1,2024-12-28 00:00:00+00:00,0.31172,2024-12-28 12:00:00+00:00,0.3210716,initial_sl,False,0.3210716,,False,100.0,1.0,100.0,100.0,320.80071859360964,-3.000000000000005,0.3245,0.0,-3.324500000000005
DOGEUSDT,240,SINV_FIRST_FVG,TRAIL_a0.06_t0.04,p2,-1,2025-02-06 00:00:00+00:00,0.256,2025-02-06 04:00:00+00:00,0.26368,initial_sl,False,0.26368,,False,100.0,1.0,100.0,100.0,390.625,-3.000000000000008,0.3245,0.0,-3.324500000000008
DOGEUSDT,240,SINV_FIRST_FVG,TRAIL_a0.03_t0.02,p1,-1,2024-12-28 00:00:00+00:00,0.31172,2024-12-28 12:00:00+00:00,0.3210716,initial_sl,False,0.3210716,,False,100.0,1.0,100.0,100.0,320.80071859360964,-3.000000000000005,0.3245,0.0,-3.324500000000005
DOGEUSDT,240,SINV_FIRST_FVG,TRAIL_a0.03_t0.02,p2,-1,2025-02-06 00:00:00+00:00,0.256,2025-02-06 04:00:00+00:00,0.26368,initial_sl,False,0.26368,,False,100.0,1.0,100.0,100.0,390.625,-3.000000000000008,0.3245,0.0,-3.324500000000008
DOGEUSDT,240,SINV_MSS_CLOSE,NO_TRAIL,p1,1,2024-05-22 00:00:00+00:00,0.17035,2024-05-22 08:00:00+00:00,0.1652395,initial_sl,False,0.1652395,,False,100.0,1.0,100.0,100.0,587.026709715292,-2.999999999999994,0.3155,0.0,-3.315499999999994
DOGEUSDT,240,SINV_MSS_CLOSE,NO_TRAIL,p2,-1,2024-07-06 00:00:00+00:00,0.10535,2024-07-06 00:00:00+00:00,0.1085105,initial_sl,False,0.1085105,,False,100.0,1.0,100.0,100.0,949.2168960607498,-2.9999999999999964,0.3245,0.0,-3.3244999999999965
DOGEUSDT,240,SINV_MSS_CLOSE,NO_TRAIL,p3,1,2024-09-29 00:00:00+00:00,0.12805,2024-09-30 00:00:00+00:00,0.1242085,initial_sl,False,0.1242085,,False,100.0,1.0,100.0,100.0,780.9449433814916,-2.9999999999999982,0.3155,0.0,-3.3154999999999983
DOGEUSDT,240,SINV_MSS_CLOSE,NO_TRAIL,p4,-1,2025-02-06 00:00:00+00:00,0.256,2025-02-06 04:00:00+00:00,0.26368,initial_sl,False,0.26368,,False,100.0,1.0,100.0,100.0,390.625,-3.000000000000008,0.3245,0.0,-3.324500000000008
DOGEUSDT,240,SINV_MSS_CLOSE,TP_x2,p1,1,2024-05-22 00:00:00+00:00,0.17035,2024-05-22 08:00:00+00:00,0.1652395,initial_sl,False,0.1652395,,False,100.0,1.0,100.0,100.0,587.026709715292,-2.999999999999994,0.3155,0.0,-3.315499999999994
DOGEUSDT,240,SINV_MSS_CLOSE,TP_x2,p2,-1,2024-07-06 00:00:00+00:00,0.10535,2024-07-06 00:00:00+00:00,0.1085105,initial_sl,False,0.1085105,,False,100.0,1.0,100.0,100.0,949.2168960607498,-2.9999999999999964,0.3245,0.0,-3.3244999999999965
DOGEUSDT,240,SINV_MSS_CLOSE,TP_x2,p3,1,2024-09-29 00:00:00+00:00,0.12805,2024-09-30 00:00:00+00:00,0.1242085,initial_sl,False,0.1242085,,False,100.0,1.0,100.0,100.0,780.9449433814916,-2.9999999999999982,0.3155,0.0,-3.3154999999999983
DOGEUSDT,240,SINV_MSS_CLOSE,TP_x2,p4,-1,2025-02-06 00:00:00+00:00,0.256,2025-02-06 04:00:00+00:00,0.26368,initial_sl,False,0.26368,,False,100.0,1.0,100.0,100.0,390.625,-3.000000000000008,0.3245,0.0,-3.324500000000008
DOGEUSDT,240,SINV_MSS_CLOSE,TRAIL_a0.06_t0.04,p1,1,2024-05-22 00:00:00+00:00,0.17035,2024-05-22 08:00:00+00:00,0.1652395,initial_sl,False,0.1652395,,False,100.0,1.0,100.0,100.0,587.026709715292,-2.999999999999994,0.3155,0.0,-3.315499999999994
DOGEUSDT,240,SINV_MSS_CLOSE,TRAIL_a0.06_t0.04,p2,-1,2024-07-06 00:00:00+00:00,0.10535,2024-07-06 00:00:00+00:00,0.1085105,initial_sl,False,0.1085105,,False,100.0,1.0,100.0,100.0,949.2168960607498,-2.9999999999999964,0.3245,0.0,-3.3244999999999965
DOGEUSDT,240,SINV_MSS_CLOSE,TRAIL_a0.06_t0.04,p3,1,2024-09-29 00:00:00+00:00,0.12805,2024-09-30 00:00:00+00:00,0.1242085,initial_sl,False,0.1242085,,False,100.0,1.0,100.0,100.0,780.9449433814916,-2.9999999999999982,0.3155,0.0,-3.3154999999999983
DOGEUSDT,240,SINV_MSS_CLOSE,TRAIL_a0.06_t0.04,p4,-1,2025-02-06 00:00:00+00:00,0.256,2025-02-06 04:00:00+00:00,0.26368,initial_sl,False,0.26368,,False,100.0,1.0,100.0,100.0,390.625,-3.000000000000008,0.3245,0.0,-3.324500000000008
DOGEUSDT,240,SINV_MSS_CLOSE,TRAIL_a0.03_t0.02,p1,1,2024-05-22 00:00:00+00:00,0.17035,2024-05-22 08:00:00+00:00,0.1652395,initial_sl,False,0.1652395,,False,100.0,1.0,100.0,100.0,587.026709715292,-2.999999999999994,0.3155,0.0,-3.315499999999994
DOGEUSDT,240,SINV_MSS_CLOSE,TRAIL_a0.03_t0.02,p2,-1,2024-07-06 00:00:00+00:00,0.10535,2024-07-06 00:00:00+00:00,0.1085105,initial_sl,False,0.1085105,,False,100.0,1.0,100.0,100.0,949.2168960607498,-2.9999999999999964,0.3245,0.0,-3.3244999999999965
DOGEUSDT,240,SINV_MSS_CLOSE,TRAIL_a0.03_t0.02,p3,1,2024-09-29 00:00:00+00:00,0.12805,2024-09-30 00:00:00+00:00,0.1242085,initial_sl,False,0.1242085,,False,100.0,1.0,100.0,100.0,780.9449433814916,-2.9999999999999982,0.3155,0.0,-3.3154999999999983
DOGEUSDT,240,SINV_MSS_CLOSE,TRAIL_a0.03_t0.02,p4,-1,2025-02-06 00:00:00+00:00,0.256,2025-02-06 04:00:00+00:00,0.26368,initial_sl,False,0.26368,,False,100.0,1.0,100.0,100.0,390.625,-3.000000000000008,0.3245,0.0,-3.324500000000008
DOGEUSDT,240,SINV_MSS_IN_FVG,NO_TRAIL,p1,1,2024-05-22 00:00:00+00:00,0.17035,2024-05-22 08:00:00+00:00,0.1652395,initial_sl,False,0.1652395,,False,100.0,1.0,100.0,100.0,587.026709715292,-2.999999999999994,0.3155,0.0,-3.315499999999994
DOGEUSDT,240,SINV_MSS_IN_FVG,NO_TRAIL,p2,-1,2024-07-06 00:00:00+00:00,0.10535,2024-07-06 00:00:00+00:00,0.1085105,initial_sl,False,0.1085105,,False,100.0,1.0,100.0,100.0,949.2168960607498,-2.9999999999999964,0.3245,0.0,-3.3244999999999965
DOGEUSDT,240,SINV_MSS_IN_FVG,NO_TRAIL,p3,1,2024-09-29 00:00:00+00:00,0.12805,2024-09-30 00:00:00+00:00,0.1242085,initial_sl,False,0.1242085,,False,100.0,1.0,100.0,100.0,780.9449433814916,-2.9999999999999982,0.3155,0.0,-3.3154999999999983
DOGEUSDT,240,SINV_MSS_IN_FVG,NO_TRAIL,p4,-1,2025-02-06 00:00:00+00:00,0.256,2025-02-06 04:00:00+00:00,0.26368,initial_sl,False,0.26368,,False,100.0,1.0,100.0,100.0,390.625,-3.000000000000008,0.3245,0.0,-3.324500000000008
DOGEUSDT,240,SINV_MSS_IN_FVG,TP_x2,p1,1,2024-05-22 00:00:00+00:00,0.17035,2024-05-22 08:00:00+00:00,0.1652395,initial_sl,False,0.1652395,,False,100.0,1.0,100.0,100.0,587.026709715292,-2.999999999999994,0.3155,0.0,-3.315499999999994
DOGEUSDT,240,SINV_MSS_IN_FVG,TP_x2,p2,-1,2024-07-06 00:00:00+00:00,0.10535,2024-07-06 00:00:00+00:00,0.1085105,initial_sl,False,0.1085105,,False,100.0,1.0,100.0,100.0,949.2168960607498,-2.9999999999999964,0.3245,0.0,-3.3244999999999965
DOGEUSDT,240,SINV_MSS_IN_FVG,TP_x2,p3,1,2024-09-29 00:00:00+00:00,0.12805,2024-09-30 00:00:00+00:00,0.1242085,initial_sl,False,0.1242085,,False,100.0,1.0,100.0,100.0,780.9449433814916,-2.9999999999999982,0.3155,0.0,-3.3154999999999983
DOGEUSDT,240,SINV_MSS_IN_FVG,TP_x2,p4,-1,2025-02-06 00:00:00+00:00,0.256,2025-02-06 04:00:00+00:00,0.26368,initial_sl,False,0.26368,,False,100.0,1.0,100.0,100.0,390.625,-3.000000000000008,0.3245,0.0,-3.324500000000008
DOGEUSDT,240,SINV_MSS_IN_FVG,TRAIL_a0.06_t0.04,p1,1,2024-05-22 00:00:00+00:00,0.17035,2024-05-22 08:00:00+00:00,0.1652395,initial_sl,False,0.1652395,,False,100.0,1.0,100.0,100.0,587.026709715292,-2.999999999999994,0.3155,0.0,-3.315499999999994
DOGEUSDT,240,SINV_MSS_IN_FVG,TRAIL_a0.06_t0.04,p2,-1,2024-07-06 00:00:00+00:00,0.10535,2024-07-06 00:00:00+00:00,0.1085105,initial_sl,False,0.1085105,,False,100.0,1.0,100.0,100.0,949.2168960607498,-2.9999999999999964,0.3245,0.0,-3.3244999999999965
DOGEUSDT,240,SINV_MSS_IN_FVG,TRAIL_a0.06_t0.04,p3,1,2024-09-29 00:00:00+00:00,0.12805,2024-09-30 00:00:00+00:00,0.1242085,initial_sl,False,0.1242085,,False,100.0,1.0,100.0,100.0,780.9449433814916,-2.9999999999999982,0.3155,0.0,-3.3154999999999983
DOGEUSDT,240,SINV_MSS_IN_FVG,TRAIL_a0.06_t0.04,p4,-1,2025-02-06 00:00:00+00:00,0.256,2025-02-06 04:00:00+00:00,0.26368,initial_sl,False,0.26368,,False,100.0,1.0,100.0,100.0,390.625,-3.000000000000008,0.3245,0.0,-3.324500000000008
DOGEUSDT,240,SINV_MSS_IN_FVG,TRAIL_a0.03_t0.02,p1,1,2024-05-22 00:00:00+00:00,0.17035,2024-05-22 08:00:00+00:00,0.1652395,initial_sl,False,0.1652395,,False,100.0,1.0,100.0,100.0,587.026709715292,-2.999999999999994,0.3155,0.0,-3.315499999999994
DOGEUSDT,240,SINV_MSS_IN_FVG,TRAIL_a0.03_t0.02,p2,-1,2024-07-06 00:00:00+00:00,0.10535,2024-07-06 00:00:00+00:00,0.1085105,initial_sl,False,0.1085105,,False,100.0,1.0,100.0,100.0,949.2168960607498,-2.9999999999999964,0.3245,0.0,-3.3244999999999965
DOGEUSDT,240,SINV_MSS_IN_FVG,TRAIL_a0.03_t0.02,p3,1,2024-09-29 00:00:00+00:00,0.12805,2024-09-30 00:00:00+00:00,0.1242085,initial_sl,False,0.1242085,,False,100.0,1.0,100.0,100.0,780.9449433814916,-2.9999999999999982,0.3155,0.0,-3.3154999999999983
DOGEUSDT,240,SINV_MSS_IN_FVG,TRAIL_a0.03_t0.02,p4,-1,2025-02-06 00:00:00+00:00,0.256,2025-02-06 04:00:00+00:00,0.26368,initial_sl,False,0.26368,,False,100.0,1.0,100.0,100.0,390.625,-3.000000000000008,0.3245,0.0,-3.324500000000008
DOGEUSDT,240,SINV_FIRST_H4,NO_TRAIL,p1,-1,2025-02-06 20:00:00+00:00,0.24376,2025-02-07 00:00:00+00:00,0.2510728,initial_sl,False,0.2510728,,False,100.0,1.0,100.0,100.0,410.2395799146702,-2.999999999999992,0.3245,0.0,-3.324499999999992
DOGEUSDT,240,SINV_FIRST_H4,TP_x2,p1,-1,2025-02-06 20:00:00+00:00,0.24376,2025-02-07 00:00:00+00:00,0.2510728,initial_sl,False,0.2510728,,False,100.0,1.0,100.0,100.0,410.2395799146702,-2.999999999999992,0.3245,0.0,-3.324499999999992
DOGEUSDT,240,SINV_FIRST_H4,TRAIL_a0.06_t0.04,p1,-1,2025-02-06 20:00:00+00:00,0.24376,2025-02-07 00:00:00+00:00,0.2510728,initial_sl,False,0.2510728,,False,100.0,1.0,100.0,100.0,410.2395799146702,-2.999999999999992,0.3245,0.0,-3.324499999999992
DOGEUSDT,240,SINV_FIRST_H4,TRAIL_a0.03_t0.02,p1,-1,2025-02-06 20:00:00+00:00,0.24376,2025-02-07 00:00:00+00:00,0.2510728,initial_sl,False,0.2510728,,False,100.0,1.0,100.0,100.0,410.2395799146702,-2.999999999999992,0.3245,0.0,-3.324499999999992
DOGEUSDT,240,SINV_FIRST_SMT,NO_TRAIL,p1,-1,2024-12-28 00:00:00+00:00,0.31172,2024-12-28 12:00:00+00:00,0.3210716,initial_sl,False,0.3210716,,False,100.0,1.0,100.0,100.0,320.80071859360964,-3.000000000000005,0.3245,0.0,-3.324500000000005
DOGEUSDT,240,SINV_FIRST_SMT,TP_x2,p1,-1,2024-12-28 00:00:00+00:00,0.31172,2024-12-28 12:00:00+00:00,0.3210716,initial_sl,False,0.3210716,,False,100.0,1.0,100.0,100.0,320.80071859360964,-3.000000000000005,0.3245,0.0,-3.324500000000005
DOGEUSDT,240,SINV_FIRST_SMT,TRAIL_a0.06_t0.04,p1,-1,2024-12-28 00:00:00+00:00,0.31172,2024-12-28 12:00:00+00:00,0.3210716,initial_sl,False,0.3210716,,False,100.0,1.0,100.0,100.0,320.80071859360964,-3.000000000000005,0.3245,0.0,-3.324500000000005
DOGEUSDT,240,SINV_FIRST_SMT,TRAIL_a0.03_t0.02,p1,-1,2024-12-28 00:00:00+00:00,0.31172,2024-12-28 12:00:00+00:00,0.3210716,initial_sl,False,0.3210716,,False,100.0,1.0,100.0,100.0,320.80071859360964,-3.000000000000005,0.3245,0.0,-3.324500000000005
DOGEUSDT,240,DONCHIAN_55,NO_TRAIL,p1,1,2024-02-09 08:00:00+00:00,0.08187,2024-02-12 04:00:00+00:00,0.0794139,initial_sl,False,0.0794139,,False,100.0,1.0,100.0,100.0,1221.4486380847686,-3.0000000000000036,0.3155,0.0,-3.3155000000000037
DOGEUSDT,240,DONCHIAN_55,NO_TRAIL,p2,-1,2024-03-16 20:00:00+00:00,0.14327,2024-03-17 00:00:00+00:00,0.1475681,initial_sl,False,0.1475681,,False,100.0,1.0,100.0,100.0,697.9828296223913,-2.999999999999999,0.3245,0.0,-3.324499999999999
DOGEUSDT,240,DONCHIAN_55,NO_TRAIL,p3,1,2024-03-25 16:00:00+00:00,0.18319,2024-03-25 20:00:00+00:00,0.1776943,initial_sl,False,0.1776943,,False,100.0,1.0,100.0,100.0,545.881325399858,-2.9999999999999956,0.3155,0.0,-3.3154999999999957
DOGEUSDT,240,DONCHIAN_55,NO_TRAIL,p4,-1,2024-04-05 12:00:00+00:00,0.16904,2024-04-05 12:00:00+00:00,0.1741112,initial_sl,False,0.1741112,,False,100.0,1.0,100.0,100.0,591.5759583530526,-2.999999999999999,0.3245,0.0,-3.324499999999999
DOGEUSDT,240,DONCHIAN_55,NO_TRAIL,p5,1,2024-05-04 12:00:00+00:00,0.158,2024-05-07 00:00:00+00:00,0.15326,initial_sl,False,0.15326,,False,100.0,1.0,100.0,100.0,632.9113924050633,-2.9999999999999964,0.3155,0.0,-3.3154999999999966
DOGEUSDT,240,DONCHIAN_55,NO_TRAIL,p6,-1,2024-05-13 04:00:00+00:00,0.13731,2024-05-13 04:00:00+00:00,0.14142929999999998,initial_sl,False,0.14142929999999998,,False,100.0,1.0,100.0,100.0,728.2790765421311,-2.999999999999995,0.3245,0.0,-3.324499999999995
DOGEUSDT,240,DONCHIAN_55,NO_TRAIL,p7,1,2024-05-21 00:00:00+00:00,0.16579,2024-05-21 00:00:00+00:00,0.1608163,initial_sl,False,0.1608163,,False,100.0,1.0,100.0,100.0,603.1726883406719,-2.9999999999999987,0.3155,0.0,-3.315499999999999
DOGEUSDT,240,DONCHIAN_55,NO_TRAIL,p8,-1,2024-06-07 20:00:00+00:00,0.14823,2024-07-14 20:00:00+00:00,0.11526,signal_reverse,False,0.1526769,,False,100.0,1.0,100.0,100.0,674.6272684341901,22.24246104027525,0.2866363084395872,0.0,21.955824731835662
DOGEUSDT,240,DONCHIAN_55,NO_TRAIL,p9,1,2024-07-15 00:00:00+00:00,0.11526,2024-08-01 12:00:00+00:00,0.11582,signal_reverse,False,0.1118022,,False,100.0,1.0,100.0,100.0,867.6036786395974,0.48585806003817883,0.3207287870900573,0.0,0.16512927294812152
DOGEUSDT,240,DONCHIAN_55,NO_TRAIL,p10,-1,2024-08-01 16:00:00+00:00,0.11582,2024-08-01 20:00:00+00:00,0.1192946,initial_sl,False,0.1192946,,False,100.0,1.0,100.0,100.0,863.4087376964254,-2.9999999999999947,0.3245,0.0,-3.3244999999999947
DOGEUSDT,240,DONCHIAN_55,NO_TRAIL,p11,1,2024-08-23 16:00:00+00:00,0.10986,2024-08-26 12:00:00+00:00,0.1065642,initial_sl,False,0.1065642,,False,100.0,1.0,100.0,100.0,910.2494083378846,-3.0000000000000013,0.3155,0.0,-3.3155000000000014
DOGEUSDT,240,DONCHIAN_55,NO_TRAIL,p12,-1,2024-09-02 00:00:00+00:00,0.09503,2024-09-02 08:00:00+00:00,0.0978809,initial_sl,False,0.0978809,,False,100.0,1.0,100.0,100.0,1052.2992739135009,-3.000000000000003,0.3245,0.0,-3.324500000000003
DOGEUSDT,240,DONCHIAN_55,NO_TRAIL,p13,1,2024-09-09 20:00:00+00:00,0.10377,2024-09-11 04:00:00+00:00,0.10065690000000001,initial_sl,False,0.10065690000000001,,False,100.0,1.0,100.0,100.0,963.6696540425942,-2.999999999999994,0.3155,0.0,-3.315499999999994
DOGEUSDT,240,DONCHIAN_55,NO_TRAIL,p14,-1,2024-12-19 00:00:00+00:00,0.35806,2025-01-03 08:00:00+00:00,0.34876,signal_reverse,False,0.3688018,,False,100.0,1.0,100.0,100.0,279.2828017650673,2.5973300564151187,0.3161040049153774,0.0,2.2812260514997416
DOGEUSDT,240,DONCHIAN_55,NO_TRAIL,p15,1,2025-01-03 12:00:00+00:00,0.34876,2025-01-08 16:00:00+00:00,0.3382972,initial_sl,False,0.3382972,,False,100.0,1.0,100.0,100.0,286.73012960201856,-2.9999999999999982,0.3155,0.0,-3.3154999999999983
DOGEUSDT,240,DONCHIAN_55,NO_TRAIL,p16,-1,2025-01-27 04:00:00+00:00,0.32973,2025-01-31 12:00:00+00:00,0.33962190000000003,initial_sl,False,0.33962190000000003,,False,100.0,1.0,100.0,100.0,303.27843993570497,-3.0000000000000027,0.3245,0.0,-3.3245000000000027
DOGEUSDT,240,DONCHIAN_55,NO_TRAIL,p17,1,2025-02-14 12:00:00+00:00,0.27136,2025-02-17 04:00:00+00:00,0.2632192,initial_sl,False,0.2632192,,False,100.0,1.0,100.0,100.0,368.51415094339626,-3.0000000000000018,0.3155,0.0,-3.315500000000002
DOGEUSDT,240,DONCHIAN_55,NO_TRAIL,p18,-1,2025-02-21 20:00:00+00:00,0.23976,2025-02-22 16:00:00+00:00,0.2469528,initial_sl,False,0.2469528,,False,100.0,1.0,100.0,100.0,417.08375041708376,-2.9999999999999996,0.3245,0.0,-3.3244999999999996
SOLUSDT,60,SINV_FIRST_FVG,NO_TRAIL,p1,-1,2024-12-28 00:00:00+00:00,184.15,2024-12-28 14:00:00+00:00,189.6745,initial_sl,False,189.6745,,False,100.0,1.0,100.0,100.0,0.5430355688297583,-2.9999999999999942,0.3245,0.0,-3.3244999999999942
SOLUSDT,60,SINV_FIRST_FVG,NO_TRAIL,p2,-1,2025-02-26 00:00:00+00:00,144.25,2025-02-28 23:00:00+00:00,148.5775,initial_sl,False,148.5775,,False,100.0,1.0,100.0,100.0,0.6932409012131716,-2.9999999999999907,0.3245,0.0,-3.3244999999999907
SOLUSDT,60,SINV_FIRST_FVG,TP_x2,p1,-1,2024-12-28 00:00:00+00:00,184.15,2024-12-28 14:00:00+00:00,189.6745,initial_sl,False,189.6745,,False,100.0,1.0,100.0,100.0,0.5430355688297583,-2.9999999999999942,0.3245,0.0,-3.3244999999999942
SOLUSDT,60,SINV_FIRST_FVG,TP_x2,p2,-1,2025-02-26 00:00:00+00:00,144.25,2025-02-26 14:00:00+00:00,135.59500000000003,take_profit,False,148.5775,,False,100.0,1.0,100.0,100.0,0.6932409012131716,5.999999999999981,0.31100000000000005,0.0,5.688999999999981
SOLUSDT,60,SINV_FIRST_FVG,TRAIL_a0.06_t0.04,p1,-1,2024-12-28 00:00:00+00:00,184.15,2024-12-28 14:00:00+00:00,189.6745,initial_sl,False,189.6745,,False,100.0,1.0,100.0,100.0,0.5430355688297583,-2.9999999999999942,0.3245,0.0,-3.3244999999999942
SOLUSDT,60,SINV_FIRST_FVG,TRAIL_a0.06_t0.04,p2,-1,2025-02-26 00:00:00+00:00,144.25,2025-02-26 15:00:00+00:00,139.9944,trailing_sl,False,148.5775,139.9944,True,100.0,1.0,100.0,100.0,0.6932409012131716,2.950155979202764,0.31557476603119583,0.0,2.6345812131715682
SOLUSDT,60,SINV_FIRST_FVG,TRAIL_a0.03_t0.02,p1,-1,2024-12-28 00:00:00+00:00,184.15,2024-12-28 14:00:00+00:00,189.6745,initial_sl,False,189.6745,,False,100.0,1.0,100.0,100.0,0.5430355688297583,-2.9999999999999942,0.3245,0.0,-3.3244999999999942
SOLUSDT,60,SINV_FIRST_FVG,TRAIL_a0.03_t0.02,p2,-1,2025-02-26 00:00:00+00:00,144.25,2025-02-26 07:00:00+00:00,142.36,trailing_sl,True,148.5775,142.2696,True,100.0,1.0,100.0,100.0,0.6932409012131716,1.3102253032928848,0.3180346620450607,0.0,0.9921906412478241
SOLUSDT,60,SINV_MSS_CLOSE,NO_TRAIL,p1,1,2024-03-03 00:00:00+00:00,130.239,2024-03-03 07:00:00+00:00,126.33183000000001,initial_sl,False,126.33183000000001,,False,100.0,1.0,100.0,100.0,0.7678191632306759,-2.999999999999995,0.3155,0.0,-3.3154999999999952
SOLUSDT,60,SINV_MSS_CLOSE,NO_TRAIL,p2,1,2024-10-24 00:00:00+00:00,170.8,2024-10-25 18:00:00+00:00,165.67600000000002,initial_sl,False,165.67600000000002,,False,100.0,1.0,100.0,100.0,0.585480093676815,-2.9999999999999973,0.3155,0.0,-3.3154999999999974
SOLUSDT,60,SINV_MSS_CLOSE,NO_TRAIL,p3,1,2025-01-22 00:00:00+00:00,250.24,2025-01-23 10:00:00+00:00,242.7328,initial_sl,False,242.7328,,False,100.0,1.0,100.0,100.0,0.399616368286445,-3.0000000000000044,0.3155,0.0,-3.3155000000000046
SOLUSDT,60,SINV_MSS_CLOSE,NO_TRAIL,p4,-1,2025-02-26 00:00:00+00:00,144.25,2025-02-28 23:00:00+00:00,148.5775,initial_sl,False,148.5775,,False,100.0,1.0,100.0,100.0,0.6932409012131716,-2.9999999999999907,0.3245,0.0,-3.3244999999999907
SOLUSDT,60,SINV_MSS_CLOSE,TP_x2,p1,1,2024-03-03 00:00:00+00:00,130.239,2024-03-03 07:00:00+00:00,126.33183000000001,initial_sl,False,126.33183000000001,,False,100.0,1.0,100.0,100.0,0.7678191632306759,-2.999999999999995,0.3155,0.0,-3.3154999999999952
SOLUSDT,60,SINV_MSS_CLOSE,TP_x2,p2,1,2024-10-24 00:00:00+00:00,170.8,2024-10-25 18:00:00+00:00,165.67600000000002,initial_sl,False,165.67600000000002,,False,100.0,1.0,100.0,100.0,0.585480093676815,-2.9999999999999973,0.3155,0.0,-3.3154999999999974
SOLUSDT,60,SINV_MSS_CLOSE,TP_x2,p3,1,2025-01-22 00:00:00+00:00,250.24,2025-01-22 19:00:00+00:00,265.25440000000003,take_profit,False,242.7328,,False,100.0,1.0,100.0,100.0,0.399616368286445,6.000000000000009,0.329,0.0,5.671000000000009
SOLUSDT,60,SINV_MSS_CLOSE,TP_x2,p4,-1,2025-02-26 00:00:00+00:00,144.25,2025-02-26 14:00:00+00:00,135.59500000000003,take_profit,False,148.5775,,False,100.0,1.0,100.0,100.0,0.6932409012131716,5.999999999999981,0.31100000000000005,0.0,5.688999999999981
SOLUSDT,60,SINV_MSS_CLOSE,TRAIL_a0.06_t0.04,p1,1,2024-03-03 00:00:00+00:00,130.239,2024-03-03 07:00:00+00:00,126.33183000000001,initial_sl,False,126.33183000000001,,False,100.0,1.0,100.0,100.0,0.7678191632306759,-2.999999999999995,0.3155,0.0,-3.3154999999999952
SOLUSDT,60,SINV_MSS_CLOSE,TRAIL_a0.06_t0.04,p2,1,2024-10-24 00:00:00+00:00,170.8,2024-10-25 18:00:00+00:00,165.67600000000002,initial_sl,False,165.67600000000002,,False,100.0,1.0,100.0,100.0,0.585480093676815,-2.9999999999999973,0.3155,0.0,-3.3154999999999974
SOLUSDT,60,SINV_MSS_CLOSE,TRAIL_a0.06_t0.04,p3,1,2025-01-22 00:00:00+00:00,250.24,2025-01-22 19:00:00+00:00,253.78,trailing_sl,True,242.7328,255.56159999999997,True,100.0,1.0,100.0,100.0,0.399616368286445,1.414641943734012,0.322121962915601,0.0,1.0925199808184112
SOLUSDT,60,SINV_MSS_CLOSE,TRAIL_a0.06_t0.04,p4,-1,2025-02-26 00:00:00+00:00,144.25,2025-02-26 15:00:00+00:00,139.9944,trailing_sl,False,148.5775,139.9944,True,100.0,1.0,100.0,100.0,0.6932409012131716,2.950155979202764,0.31557476603119583,0.0,2.6345812131715682
SOLUSDT,60,SINV_MSS_CLOSE,TRAIL_a0.03_t0.02,p1,1,2024-03-03 00:00:00+00:00,130.239,2024-03-03 07:00:00+00:00,126.33183000000001,initial_sl,False,126.33183000000001,,False,100.0,1.0,100.0,100.0,0.7678191632306759,-2.999999999999995,0.3155,0.0,-3.3154999999999952
SOLUSDT,60,SINV_MSS_CLOSE,TRAIL_a0.03_t0.02,p2,1,2024-10-24 00:00:00+00:00,170.8,2024-10-25 01:00:00+00:00,175.6552,trailing_sl,False,165.67600000000002,175.6552,True,100.0,1.0,100.0,100.0,0.585480093676815,2.84262295081967,0.3242639344262295,0.0,2.5183590163934406
SOLUSDT,60,SINV_MSS_CLOSE,TRAIL_a0.03_t0.02,p3,1,2025-01-22 00:00:00+00:00,250.24,2025-01-22 08:00:00+00:00,254.5452,trailing_sl,False,242.7328,254.5452,True,100.0,1.0,100.0,100.0,0.399616368286445,1.720428388746797,0.32258064258312025,0.0,1.3978477461636767
SOLUSDT,60,SINV_MSS_CLOSE,TRAIL_a0.03_t0.02,p4,-1,2025-02-26 00:00:00+00:00,144.25,2025-02-26 07:00:00+00:00,142.36,trailing_sl,True,148.5775,142.2696,True,100.0,1.0,100.0,100.0,0.6932409012131716,1.3102253032928848,0.3180346620450607,0.0,0.9921906412478241
SOLUSDT,60,SINV_MSS_IN_FVG,NO_TRAIL,p1,1,2024-10-24 00:00:00+00:00,170.8,2024-10-25 18:00:00+00:00,165.67600000000002,initial_sl,False,165.67600000000002,,False,100.0,1.0,100.0,100.0,0.585480093676815,-2.9999999999999973,0.3155,0.0,-3.3154999999999974
SOLUSDT,60,SINV_MSS_IN_FVG,NO_TRAIL,p2,-1,2025-02-26 00:00:00+00:00,144.25,2025-02-28 23:00:00+00:00,148.5775,initial_sl,False,148.5775,,False,100.0,1.0,100.0,100.0,0.6932409012131716,-2.9999999999999907,0.3245,0.0,-3.3244999999999907
SOLUSDT,60,SINV_MSS_IN_FVG,TP_x2,p1,1,2024-10-24 00:00:00+00:00,170.8,2024-10-25 18:00:00+00:00,165.67600000000002,initial_sl,False,165.67600000000002,,False,100.0,1.0,100.0,100.0,0.585480093676815,-2.9999999999999973,0.3155,0.0,-3.3154999999999974
SOLUSDT,60,SINV_MSS_IN_FVG,TP_x2,p2,-1,2025-02-26 00:00:00+00:00,144.25,2025-02-26 14:00:00+00:00,135.59500000000003,take_profit,False,148.5775,,False,100.0,1.0,100.0,100.0,0.6932409012131716,5.999999999999981,0.31100000000000005,0.0,5.688999999999981
SOLUSDT,60,SINV_MSS_IN_FVG,TRAIL_a0.06_t0.04,p1,1,2024-10-24 00:00:00+00:00,170.8,2024-10-25 18:00:00+00:00,165.67600000000002,initial_sl,False,165.67600000000002,,False,100.0,1.0,100.0,100.0,0.585480093676815,-2.9999999999999973,0.3155,0.0,-3.3154999999999974
SOLUSDT,60,SINV_MSS_IN_FVG,TRAIL_a0.06_t0.04,p2,-1,2025-02-26 00:00:00+00:00,144.25,2025-02-26 15:00:00+00:00,139.9944,trailing_sl,False,148.5775,139.9944,True,100.0,1.0,100.0,100.0,0.6932409012131716,2.950155979202764,0.31557476603119583,0.0,2.6345812131715682
SOLUSDT,60,SINV_MSS_IN_FVG,TRAIL_a0.03_t0.02,p1,1,2024-10-24 00:00:00+00:00,170.8,2024-10-25 01:00:00+00:00,175.6552,trailing_sl,False,165.67600000000002,175.6552,True,100.0,1.0,100.0,100.0,0.585480093676815,2.84262295081967,0.3242639344262295,0.0,2.5183590163934406
SOLUSDT,60,SINV_MSS_IN_FVG,TRAIL_a0.03_t0.02,p2,-1,2025-02-26 00:00:00+00:00,144.25,2025-02-26 07:00:00+00:00,142.36,trailing_sl,True,148.5775,142.2696,True,100.0,1.0,100.0,100.0,0.6932409012131716,1.3102253032928848,0.3180346620450607,0.0,0.9921906412478241
SOLUSDT,60,SINV_FIRST_SMT,NO_TRAIL,p1,-1,2024-12-28 00:00:00+00:00,184.15,2024-12-28 14:00:00+00:00,189.6745,initial_sl,False,189.6745,,False,100.0,1.0,100.0,100.0,0.5430355688297583,-2.9999999999999942,0.3245,0.0,-3.3244999999999942
SOLUSDT,60,SINV_FIRST_SMT,TP_x2,p1,-1,2024-12-28 00:00:00+00:00,184.15,2024-12-28 14:00:00+00:00,189.6745,initial_sl,False,189.6745,,False,100.0,1.0,100.0,100.0,0.5430355688297583,-2.9999999999999942,0.3245,0.0,-3.3244999999999942
SOLUSDT,60,SINV_FIRST_SMT,TRAIL_a0.06_t0.04,p1,-1,2024-12-28 00:00:00+00:00,184.15,2024-12-28 14:00:00+00:00,189.6745,initial_sl,False,189.6745,,False,100.0,1.0,100.0,100.0,0.5430355688297583,-2.9999999999999942,0.3245,0.0,-3.3244999999999942
SOLUSDT,60,SINV_FIRST_SMT,TRAIL_a0.03_t0.02,p1,-1,2024-12-28 00:00:00+00:00,184.15,2024-12-28 14:00:00+00:00,189.6745,initial_sl,False,189.6745,,False,100.0,1.0,100.0,100.0,0.5430355688297583,-2.9999999999999942,0.3245,0.0,-3.3244999999999942
SOLUSDT,60,DONCHIAN_55,NO_TRAIL,p1,1,2024-01-28 11:00:00+00:00,98.949,2024-01-28 17:00:00+00:00,95.98053,initial_sl,False,95.98053,,False,100.0,1.0,100.0,100.0,1.0106216333666838,-2.999999999999996,0.3155,0.0,-3.315499999999996
SOLUSDT,60,DONCHIAN_55,NO_TRAIL,p2,-1,2024-02-01 02:00:00+00:00,94.087,2024-02-01 14:00:00+00:00,96.90961,initial_sl,False,96.90961,,False,100.0,1.0,100.0,100.0,1.0628460892578144,-2.999999999999997,0.3245,0.0,-3.324499999999997
SOLUSDT,60,DONCHIAN_55,NO_TRAIL,p3,1,2024-02-07 22:00:00+00:00,100.557,2024-02-17 13:00:00+00:00,106.965,signal_reverse,False,97.54029,,False,100.0,1.0,100.0,100.0,0.9944608530485197,6.372505146334916,0.3295587577195024,0.0,6.042946388615413
SOLUSDT,60,DONCHIAN_55,NO_TRAIL,p4,-1,2024-02-17 14:00:00+00:00,106.965,2024-02-18 09:00:00+00:00,110.17395,initial_sl,False,110.17395,,False,100.0,1.0,100.0,100.0,0.9348852428364418,-3.0000000000000013,0.3245,0.0,-3.3245000000000013
SOLUSDT,60,DONCHIAN_55,NO_TRAIL,p5,1,2024-02-26 16:00:00+00:00,105.092,2024-03-05 19:00:00+00:00,119.127,signal_reverse,False,101.93924,,False,100.0,1.0,100.0,100.0,0.9515472157728466,13.3549651733719,0.3400324477600579,0.0,13.014932725611843
SOLUSDT,60,DONCHIAN_55,NO_TRAIL,p6,-1,2024-03-05 20:00:00+00:00,119.127,2024-03-05 20:00:00+00:00,122.70080999999999,initial_sl,False,122.70080999999999,,False,100.0,1.0,100.0,100.0,0.8394402612338093,-2.9999999999999956,0.3245,0.0,-3.3244999999999956
SOLUSDT,60,DONCHIAN_55,NO_TRAIL,p7,1,2024-03-07 14:00:00+00:00,144.931,2024-03-10 22:00:00+00:00,140.58307000000002,initial_sl,False,140.58307000000002,,False,100.0,1.0,100.0,100.0,0.6899835093941254,-2.999999999999994,0.3155,0.0,-3.315499999999994
SOLUSDT,60,DONCHIAN_55,NO_TRAIL,p8,-1,2024-03-19 09:00:00+00:00,176.1,2024-03-19 12:00:00+00:00,181.38299999999998,initial_sl,False,181.38299999999998,,False,100.0,1.0,100.0,100.0,0.5678591709256104,-2.9999999999999925,0.3245,0.0,-3.3244999999999925
SOLUSDT,60,DONCHIAN_55,NO_TRAIL,p9,1,2024-03-24 21:00:00+00:00,179.126,2024-04-01 14:00:00+00:00,191.453,signal_reverse,False,173.75222,,False,100.0,1.0,100.0,100.0,0.5582662483391579,6.881748043276799,0.3303226220649152,0.0,6.551425421211884
SOLUSDT,60,DONCHIAN_55,NO_TRAIL,p10,-1,2024-04-01 15:00:00+00:00,191.453,2024-04-08 08:00:00+00:00,183.73,signal_reverse,False,197.19659000000001,,False,100.0,1.0,100.0,100.0,0.5223214052535087,4.033888212772855,0.31394916768084075,0.0,3.719939045092014
SOLUSDT,60,DONCHIAN_55,NO_TRAIL,p11,1,2024-04-08 09:00:00+00:00,183.73,2024-04-09 03:00:00+00:00,178.2181,initial_sl,False,178.2181,,False,100.0,1.0,100.0,100.0,0.5442769281010178,-2.9999999999999982,0.3155,0.0,-3.3154999999999983
SOLUSDT,60,DONCHIAN_55,NO_TRAIL,p12,-1,2024-04-09 15:00:00+00:00,171.61,2024-04-09 17:00:00+00:00,176.75830000000002,initial_sl,False,176.75830000000002,,False,100.0,1.0,100.0,100.0,0.5827166249053085,-3.0000000000000036,0.3245,0.0,-3.3245000000000036
SOLUSDT,60,DONCHIAN_55,NO_TRAIL,p13,1,2024-04-15 07:00:00+00:00,155.33,2024-04-15 12:00:00+00:00,150.67010000000002,initial_sl,False,150.67010000000002,,False,100.0,1.0,100.0,100.0,0.6437906392841047,-2.999999999999995,0.3155,0.0,-3.3154999999999952
SOLUSDT,60,DONCHIAN_55,NO_TRAIL,p14,-1,2024-04-16 16:00:00+00:00,127.56,2024-04-16 16:00:00+00:00,131.3868,initial_sl,False,131.3868,,False,100.0,1.0,100.0,100.0,0.7839448102853559,-2.9999999999999933,0.3245,0.0,-3.3244999999999933
SOLUSDT,60,DONCHIAN_55,NO_TRAIL,p15,1,2024-04-18 23:00:00+00:00,142.75,2024-04-19 00:00:00+00:00,138.4675,initial_sl,False,138.4675,,False,100.0,1.0,100.0,100.0,0.7005253940455342,-2.999999999999999,0.3155,0.0,-3.3154999999999992
SOLUSDT,60,DONCHIAN_55,NO_TRAIL,p16,-1,2024-04-24 19:00:00+00:00,148.53,2024-05-02 11:00:00+00:00,138.56,signal_reverse,False,152.98590000000002,,False,100.0,1.0,100.0,100.0,0.6732646603379788,6.712448663569648,0.30993132700464554,0.0,6.402517336565003
SOLUSDT,60,DONCHIAN_55,NO_TRAIL,p17,1,2024-05-02 12:00:00+00:00,138.56,2024-05-08 20:00:00+00:00,140.99,signal_reverse,False,134.4032,,False,100.0,1.0,100.0,100.0,0.7217090069284064,1.7537528868360326,0.3226306293302541,0.0,1.4311222575057785
SOLUSDT,60,DONCHIAN_55,NO_TRAIL,p18,-1,2024-05-08 21:00:00+00:00,140.99,2024-05-09 06:00:00+00:00,145.21970000000002,initial_sl,False,145.21970000000002,,False,100.0,1.0,100.0,100.0,0.7092701610043265,-3.0000000000000058,0.3245,0.0,-3.324500000000006
SOLUSDT,60,DONCHIAN_55,NO_TRAIL,p19,1,2024-05-10 07:00:00+00:00,154.87,2024-05-10 14:00:00+00:00,150.22390000000001,initial_sl,False,150.22390000000001,,False,100.0,1.0,100.0,100.0,0.6457028475495576,-2.9999999999999933,0.3155,0.0,-3.3154999999999935
SOLUSDT,60,DONCHIAN_55,NO_TRAIL,p20,-1,2024-05-13 03:00:00+00:00,140.44,2024-05-13 08:00:00+00:00,144.6532,initial_sl,False,144.6532,,False,100.0,1.0,100.0,100.0,0.7120478496154942,-3.0000000000000004,0.3245,0.0,-3.3245000000000005
SOLUSDT,60,DONCHIAN_55,NO_TRAIL,p21,1,2024-05-13 17:00:00+00:00,149.49,2024-05-14 06:00:00+00:00,145.0053,initial_sl,False,145.0053,,False,100.0,1.0,100.0,100.0,0.6689410662920596,-3.000000000000002,0.3155,0.0,-3.3155000000000023
SOLUSDT,60,DONCHIAN_55,NO_TRAIL,p22,-1,2024-05-23 11:00:00+00:00,173.89,2024-05-23 21:00:00+00:00,179.1067,initial_sl,False,179.1067,,False,100.0,1.0,100.0,100.0,0.5750761975961816,-3.000000000000002,0.3245,0.0,-3.3245000000000022
SOLUSDT,60,DONCHIAN_55,NO_TRAIL,p23,1,2024-05-27 16:00:00+00:00,171.18,2024-05-28 03:00:00+00:00,166.0446,initial_sl,False,166.0446,,False,100.0,1.0,100.0,100.0,0.584180394905947,-3.0000000000000027,0.3155,0.0,-3.315500000000003
SOLUSDT,60,DONCHIAN_55,NO_TRAIL,p24,-1,2024-06-02 18:00:00+00:00,162.32,2024-06-03 13:00:00+00:00,167.18959999999998,initial_sl,False,167.18959999999998,,False,100.0,1.0,100.0,100.0,0.6160670280926565,-2.9999999999999947,0.3245,0.0,-3.3244999999999947
SOLUSDT,60,DONCHIAN_55,NO_TRAIL,p25,1,2024-06-04 16:00:00+00:00,168.09,2024-06-07 17:00:00+00:00,165.38,signal_reverse,False,163.0473,,False,100.0,1.0,100.0,100.0,0.5949193884228687,-1.612231542625979,0.3175816526860611,0.0,-1.92981319531204
SOLUSDT,60,DONCHIAN_55,NO_TRAIL,p26,-1,2024-06-07 18:00:00+00:00,165.38,2024-06-16 22:00:00+00:00,150.31,signal_reverse,False,170.3414,,False,100.0,1.0,100.0,100.0,0.6046680372475511,9.112347321320591,0.3063314790180191,0.0,8.806015842302573
SOLUSDT,60,DONCHIAN_55,NO_TRAIL,p27,1,2024-06-16 23:00:00+00:00,150.31,2024-06-17 07:00:00+00:00,145.8007,initial_sl,False,145.8007,,False,100.0,1.0,100.0,100.0,0.6652917304237909,-2.9999999999999973,0.3155,0.0,-3.3154999999999974
SOLUSDT,60,DONCHIAN_55,NO_TRAIL,p28,-1,2024-06-17 16:00:00+00:00,141.13,2024-06-17 18:00:00+00:00,145.3639,initial_sl,False,145.3639,,False,100.0,1.0,100.0,100.0,0.7085665698292355,-3.000000000000004,0.3245,0.0,-3.324500000000004
SOLUSDT,60,DONCHIAN_55,NO_TRAIL,p29,1,2024-06-25 04:00:00+00:00,135.71,2024-06-30 04:00:00+00:00,137.51,signal_reverse,False,131.6387,,False,100.0,1.0,100.0,100.0,0.736865374696043,1.3263576744528647,0.32198953651167933,0.0,1.0043681379411853
SOLUSDT,60,DONCHIAN_55,NO_TRAIL,p30,-1,2024-06-30 05:00:00+00:00,137.51,2024-06-30 09:00:00+00:00,141.6353,initial_sl,False,141.6353,,False,100.0,1.0,100.0,100.0,0.7272198385571959,-3.000000000000007,0.3245,0.0,-3.324500000000007
SOLUSDT,60,DONCHIAN_55,NO_TRAIL,p31,1,2024-06-30 23:00:00+00:00,146.97,2024-07-03 10:00:00+00:00,144.12,signal_reverse,False,142.5609,,False,100.0,1.0,100.0,100.0,0.6804109682248078,-1.9391712594406985,0.317091243110839,0.0,-2.2562625025515377
SOLUSDT,60,DONCHIAN_55,NO_TRAIL,p32,-1,2024-07-03 11:00:00+00:00,144.12,2024-07-06 09:00:00+00:00,139.82,signal_reverse,False,148.4436,,False,100.0,1.0,100.0,100.0,0.6938662225922841,2.9836247571468295,0.3155245628642797,0.0,2.66810019428255
SOLUSDT,60,DONCHIAN_55,NO_TRAIL,p33,1,2024-07-06 10:00:00+00:00,139.82,2024-07-07 14:00:00+00:00,135.62539999999998,initial_sl,False,135.62539999999998,,False,100.0,1.0,100.0,100.0,0.7152052639107425,-3.000000000000006,0.3155,0.0,-3.3155000000000063
SOLUSDT,60,DONCHIAN_55,NO_TRAIL,p34,-1,2024-07-08 00:00:00+00:00,131.59,2024-07-08 08:00:00+00:00,135.5377,initial_sl,False,135.5377,,False,100.0,1.0,100.0,100.0,0.7599361653621096,-2.9999999999999982,0.3245,0.0,-3.3244999999999982
SOLUSDT,60,DONCHIAN_55,NO_TRAIL,p35,1,2024-07-10 05:00:00+00:00,145.15,2024-07-10 12:00:00+00:00,140.7955,initial_sl,False,140.7955,,False,100.0,1.0,100.0,100.0,0.6889424733034791,-3.000000000000001,0.3155,0.0,-3.315500000000001
SOLUSDT,60,DONCHIAN_55,NO_TRAIL,p36,-1,2024-07-11 20:00:00+00:00,136.46,2024-07-13 09:00:00+00:00,140.5538,initial_sl,False,140.5538,,False,100.0,1.0,100.0,100.0,0.7328154770628755,-2.9999999999999907,0.3245,0.0,-3.3244999999999907
SOLUSDT,60,DONCHIAN_55,NO_TRAIL,p37,1,2024-07-13 23:00:00+00:00,142.16,2024-07-30 17:00:00+00:00,177.33,signal_reverse,False,137.8952,,False,100.0,1.0,100.0,100.0,0.7034327518289252,24.73972988182331,0.357109594822735,0.0,24.382620287000574
SOLUSDT,60,DONCHIAN_55,NO_TRAIL,p38,-1,2024-07-30 18:00:00+00:00,177.33,2024-07-31 06:00:00+00:00,182.6499,initial_sl,False,182.6499,,False,100.0,1.0,100.0,100.0,0.5639203744431286,-2.9999999999999942,0.3245,0.0,-3.3244999999999942
SOLUSDT,60,DONCHIAN_55,NO_TRAIL,p39,1,2024-08-06 17:00:00+00:00,147.29,2024-08-07 00:00:00+00:00,142.8713,initial_sl,False,142.8713,,False,100.0,1.0,100.0,100.0,0.6789327177676693,-3.000000000000001,0.3155,0.0,-3.315500000000001
SOLUSDT,60,DONCHIAN_55,NO_TRAIL,p40,-1,2024-08-11 15:00:00+00:00,149.26,2024-08-23 17:00:00+00:00,148.21,signal_reverse,False,153.7378,,False,100.0,1.0,100.0,100.0,0.6699718611818304,0.7034704542409105,0.31894479431863865,0.0,0.38452565992227183
SOLUSDT,60,DONCHIAN_55,NO_TRAIL,p41,1,2024-08-23 18:00:00+00:00,148.21,2024-08-27 10:00:00+00:00,153.56,signal_reverse,False,143.7637,,False,100.0,1.0,100.0,100.0,0.6747183051076175,3.60974293232575,0.3254146143984886,0.0,3.2843283179272618
SOLUSDT,60,DONCHIAN_55,NO_TRAIL,p42,-1,2024-08-27 11:00:00+00:00,153.56,2024-09-09 16:00:00+00:00,132.61,signal_reverse,False,158.1668,,False,100.0,1.0,100.0,100.0,0.6512112529304507,13.642875748892934,0.2995356863766606,0.0,13.343340062516273
SOLUSDT,60,DONCHIAN_55,NO_TRAIL,p43,1,2024-09-09 17:00:00+00:00,132.61,2024-09-11 14:00:00+00:00,128.63170000000002,initial_sl,False,128.63170000000002,,False,100.0,1.0,100.0,100.0,0.75409094336777,-2.999999999999992,0.3155,0.0,-3.315499999999992
SOLUSDT,60,DONCHIAN_55,NO_TRAIL,p44,-1,2024-09-16 02:00:00+00:00,130.09,2024-09-17 14:00:00+00:00,133.9927,initial_sl,False,133.9927,,False,100.0,1.0,100.0,100.0,0.7686985932815743,-3.0000000000000075,0.3245,0.0,-3.3245000000000076
SOLUSDT,60,DONCHIAN_55,NO_TRAIL,p45,1,2024-09-19 01:00:00+00:00,135.75,2024-09-22 13:00:00+00:00,143.57,signal_reverse,False,131.6775,,False,100.0,1.0,100.0,100.0,0.7366482504604052,5.760589318600363,0.32864088397790053,0.0,5.431948434622463
SOLUSDT,60,DONCHIAN_55,NO_TRAIL,p46,-1,2024-09-22 14:00:00+00:00,143.57,2024-09-23 03:00:00+00:00,147.87709999999998,initial_sl,False,147.87709999999998,,False,100.0,1.0,100.0,100.0,0.6965243435258063,-2.9999999999999942,0.3245,0.0,-3.3244999999999942
SOLUSDT,60,DONCHIAN_55,NO_TRAIL,p47,1,2024-09-24 23:00:00+00:00,153.32,2024-09-25 22:00:00+00:00,148.72039999999998,initial_sl,False,148.72039999999998,,False,100.0,1.0,100.0,100.0,0.6522306287503261,-3.000000000000006,0.3155,0.0,-3.3155000000000063
SOLUSDT,60,DONCHIAN_55,NO_TRAIL,p48,-1,2024-09-30 10:00:00+00:00,154.36,2024-10-06 14:00:00+00:00,146.33,signal_reverse,False,158.9908,,False,100.0,1.0,100.0,100.0,0.6478362270018139,5.202124902824566,0.31219681264576316,0.0,4.8899280901788025
SOLUSDT,60,DONCHIAN_55,NO_TRAIL,p49,1,2024-10-06 15:00:00+00:00,146.33,2024-10-08 15:00:00+00:00,141.9401,initial_sl,False,141.9401,,False,100.0,1.0,100.0,100.0,0.6833868653044488,-3.0000000000000075,0.3155,0.0,-3.3155000000000077
SOLUSDT,60,DONCHIAN_55,NO_TRAIL,p50,-1,2024-10-09 21:00:00+00:00,138.71,2024-10-11 12:00:00+00:00,142.87130000000002,initial_sl,False,142.87130000000002,,False,100.0,1.0,100.0,100.0,0.7209285559801023,-3.000000000000008,0.3245,0.0,-3.324500000000008
SOLUSDT,60,DONCHIAN_55,NO_TRAIL,p51,1,2024-10-11 18:00:00+00:00,145.83,2024-10-17 17:00:00+00:00,149.36,signal_reverse,False,141.45510000000002,,False,100.0,1.0,100.0,100.0,0.6857299595419323,2.4206267571830216,0.32363094013577454,0.0,2.096995817047247
SOLUSDT,60,DONCHIAN_55,NO_TRAIL,p52,-1,2024-10-17 18:00:00+00:00,149.36,2024-10-18 06:00:00+00:00,153.8408,initial_sl,False,153.8408,,False,100.0,1.0,100.0,100.0,0.6695232994108195,-2.9999999999999916,0.3245,0.0,-3.3244999999999916
SOLUSDT,60,DONCHIAN_55,NO_TRAIL,p53,1,2024-10-19 15:00:00+00:00,156.9,2024-10-25 22:00:00+00:00,163.7,signal_reverse,False,152.193,,False,100.0,1.0,100.0,100.0,0.6373486297004461,4.333970681963023,0.32650095602294454,0.0,4.007469725940078
SOLUSDT,60,DONCHIAN_55,NO_TRAIL,p54,-1,2024-10-25 23:00:00+00:00,163.7,2024-10-26 07:00:00+00:00,168.611,initial_sl,False,168.611,,False,100.0,1.0,100.0,100.0,0.6108735491753208,-3.0000000000000013,0.3245,0.0,-3.3245000000000013
SOLUSDT,60,DONCHIAN_55,NO_TRAIL,p55,1,2024-10-29 03:00:00+00:00,180.85,2024-10-30 11:00:00+00:00,175.4245,initial_sl,False,175.4245,,False,100.0,1.0,100.0,100.0,0.552944429084877,-2.9999999999999996,0.3155,0.0,-3.3154999999999997
SOLUSDT,60,DONCHIAN_55,NO_TRAIL,p56,-1,2024-10-31 14:00:00+00:00,171.89,2024-11-05 14:00:00+00:00,166.82,signal_reverse,False,177.0467,,False,100.0,1.0,100.0,100.0,0.581767409389726,2.949560765605907,0.3155756588515911,0.0,2.633985106754316
SOLUSDT,60,DONCHIAN_55,NO_TRAIL,p57,1,2024-11-05 15:00:00+00:00,166.82,2024-11-24 11:00:00+00:00,248.57,signal_reverse,False,161.81539999999998,,False,100.0,1.0,100.0,100.0,0.5994485073732166,49.00491547776046,0.39350737321664075,0.0,48.61140810454382
SOLUSDT,60,DONCHIAN_55,NO_TRAIL,p58,-1,2024-11-24 12:00:00+00:00,248.57,2024-11-25 09:00:00+00:00,256.0271,initial_sl,False,256.0271,,False,100.0,1.0,100.0,100.0,0.4023011626503601,-3.00000000000001,0.3245,0.0,-3.3245000000000102
SOLUSDT,60,DONCHIAN_55,NO_TRAIL,p59,1,2024-11-28 01:00:00+00:00,245.28,2024-11-28 05:00:00+00:00,237.9216,initial_sl,False,237.9216,,False,100.0,1.0,100.0,100.0,0.40769732550554466,-2.999999999999995,0.3155,0.0,-3.3154999999999952
SOLUSDT,60,DONCHIAN_55,NO_TRAIL,p60,-1,2024-12-01 03:00:00+00:00,234.69,2024-12-05 11:00:00+00:00,241.73069999999998,initial_sl,False,241.73069999999998,,False,100.0,1.0,100.0,100.0,0.42609399633559164,-2.9999999999999947,0.3245,0.0,-3.3244999999999947
SOLUSDT,60,DONCHIAN_55,NO_TRAIL,p61,1,2024-12-05 12:00:00+00:00,242.17,2024-12-05 19:00:00+00:00,234.9049,initial_sl,False,234.9049,,False,100.0,1.0,100.0,100.0,0.4129330635503985,-2.999999999999996,0.3155,0.0,-3.315499999999996
SOLUSDT,60,DONCHIAN_55,NO_TRAIL,p62,-1,2024-12-09 02:00:00+00:00,232.43,2024-12-12 17:00:00+00:00,234.13,signal_reverse,False,239.40290000000002,,False,100.0,1.0,100.0,100.0,0.43023706062040185,-0.7314030030546782,0.32109710450458206,0.0,-1.0525001075592604
SOLUSDT,60,DONCHIAN_55,NO_TRAIL,p63,1,2024-12-12 18:00:00+00:00,234.13,2024-12-12 19:00:00+00:00,227.1061,initial_sl,False,227.1061,,False,100.0,1.0,100.0,100.0,0.4271131422713877,-2.999999999999999,0.3155,0.0,-3.3154999999999992
SOLUSDT,60,DONCHIAN_55,NO_TRAIL,p64,-1,2024-12-14 18:00:00+00:00,218.33,2024-12-15 23:00:00+00:00,224.87990000000002,initial_sl,False,224.87990000000002,,False,100.0,1.0,100.0,100.0,0.4580222598818302,-3.0000000000000036,0.3245,0.0,-3.3245000000000036
SOLUSDT,60,DONCHIAN_55,NO_TRAIL,p65,1,2024-12-23 21:00:00+00:00,191.15,2024-12-27 15:00:00+00:00,185.4155,initial_sl,False,185.4155,,False,100.0,1.0,100.0,100.0,0.5231493591420351,-2.9999999999999987,0.3155,0.0,-3.315499999999999
SOLUSDT,60,DONCHIAN_55,NO_TRAIL,p66,-1,2024-12-27 16:00:00+00:00,184.01,2024-12-28 14:00:00+00:00,189.53029999999998,initial_sl,False,189.53029999999998,,False,100.0,1.0,100.0,100.0,0.5434487256127385,-2.999999999999996,0.3245,0.0,-3.324499999999996
SOLUSDT,60,DONCHIAN_55,NO_TRAIL,p67,1,2024-12-28 18:00:00+00:00,194.78,2024-12-29 22:00:00+00:00,188.9366,initial_sl,False,188.9366,,False,100.0,1.0,100.0,100.0,0.5133997330321388,-3.0000000000000013,0.3155,0.0,-3.3155000000000014
SOLUSDT,60,DONCHIAN_55,NO_TRAIL,p68,-1,2025-01-07 16:00:00+00:00,207.63,2025-01-15 13:00:00+00:00,195.58,signal_reverse,False,213.8589,,False,100.0,1.0,100.0,100.0,0.48162596927226314,5.803592929730763,0.31129461060540387,0.0,5.492298319125359
SOLUSDT,60,DONCHIAN_55,NO_TRAIL,p69,1,2025-01-15 14:00:00+00:00,195.58,2025-01-26 23:00:00+00:00,240.36,signal_reverse,False,189.7126,,False,100.0,1.0,100.0,100.0,0.511299723898149,22.896001636159113,0.3543440024542387,0.0,22.541657633704876
SOLUSDT,60,DONCHIAN_55,NO_TRAIL,p70,-1,2025-01-27 00:00:00+00:00,240.36,2025-01-30 14:00:00+00:00,242.03,signal_reverse,False,247.57080000000002,,False,100.0,1.0,100.0,100.0,0.41604260276252286,-0.694791146613408,0.32104218671992013,0.0,-1.0158333333333283
SOLUSDT,60,DONCHIAN_55,NO_TRAIL,p71,1,2025-01-30 15:00:00+00:00,242.03,2025-01-31 04:00:00+00:00,234.7691,initial_sl,False,234.7691,,False,100.0,1.0,100.0,100.0,0.41317192083626,-2.999999999999997,0.3155,0.0,-3.315499999999997
SOLUSDT,60,DONCHIAN_55,NO_TRAIL,p72,-1,2025-02-01 10:00:00+00:00,226.91,2025-02-09 03:00:00+00:00,206.85,signal_reverse,False,233.7173,,False,100.0,1.0,100.0,100.0,0.4407033625666564,8.840509453087128,0.3067392358203693,0.0,8.533770217266758
SOLUSDT,60,DONCHIAN_55,NO_TRAIL,p73,1,2025-02-09 04:00:00+00:00,206.85,2025-02-09 12:00:00+00:00,200.6445,initial_sl,False,200.6445,,False,100.0,1.0,100.0,100.0,0.48344210780759006,-3.0000000000000004,0.3155,0.0,-3.3155000000000006
SOLUSDT,60,DONCHIAN_55,NO_TRAIL,p74,-1,2025-02-12 14:00:00+00:00,191.87,2025-02-12 22:00:00+00:00,197.6261,initial_sl,False,197.6261,,False,100.0,1.0,100.0,100.0,0.5211862198363475,-3.0000000000000018,0.3245,0.0,-3.324500000000002
SOLUSDT,60,DONCHIAN_55,NO_TRAIL,p75,1,2025-02-14 10:00:00+00:00,199.86,2025-02-15 10:00:00+00:00,193.8642,initial_sl,False,193.8642,,False,100.0,1.0,100.0,100.0,0.5003502451716201,-3.000000000000001,0.3155,0.0,-3.315500000000001
SOLUSDT,60,DONCHIAN_55,NO_TRAIL,p76,-1,2025-02-16 14:00:00+00:00,190.61,2025-02-28 14:00:00+00:00,144.29,signal_reverse,False,196.3283,,False,100.0,1.0,100.0,100.0,0.5246314464088977,24.300928597660153,0.2835486071035098,0.0,24.017379990556645
SOLUSDT,60,DONCHIAN_55,NO_TRAIL,p77,1,2025-02-28 15:00:00+00:00,144.29,2025-02-28 23:00:00+00:00,148.1,end_of_data,False,139.9613,,False,100.0,1.0,100.0,100.0,0.6930487213251092,2.6405156282486675,0.32396077344237306,0.0,2.316554854806294
ETHUSDT,60,SINV_FIRST_FVG,NO_TRAIL,p1,-1,2024-06-16 00:00:00+00:00,3567.4,2024-11-27 22:00:00+00:00,3674.422,initial_sl,False,3674.422,,False,100.0,1.0,100.0,100.0,0.028031619666984357,-2.9999999999999982,0.3245,0.0,-3.3244999999999982
ETHUSDT,60,SINV_FIRST_FVG,NO_TRAIL,p2,-1,2024-12-28 00:00:00+00:00,3331.6,2024-12-30 01:00:00+00:00,3431.548,initial_sl,False,3431.548,,False,100.0,1.0,100.0,100.0,0.030015608116220435,-2.999999999999996,0.3245,0.0,-3.324499999999996
ETHUSDT,60,SINV_FIRST_FVG,TP_x2,p1,-1,2024-06-16 00:00:00+00:00,3567.4,2024-06-18 01:00:00+00:00,3353.356,take_profit,False,3674.422,,False,100.0,1.0,100.0,100.0,0.028031619666984357,5.9999999999999964,0.311,0.0,5.6889999999999965
ETHUSDT,60,SINV_FIRST_FVG,TP_x2,p2,-1,2024-12-28 00:00:00+00:00,3331.6,2024-12-30 01:00:00+00:00,3431.548,initial_sl,False,3431.548,,False,100.0,1.0,100.0,100.0,0.030015608116220435,-2.999999999999996,0.3245,0.0,-3.324499999999996
ETHUSDT,60,SINV_FIRST_FVG,TRAIL_a0.06_t0.04,p1,-1,2024-06-16 00:00:00+00:00,3567.4,2024-06-18 01:00:00+00:00,3475.3887999999997,trailing_sl,False,3674.422,3475.3887999999997,True,100.0,1.0,100.0,100.0,0.028031619666984357,2.5792229635028416,0.31613116555474574,0.0,2.263091797948096
ETHUSDT,60,SINV_FIRST_FVG,TRAIL_a0.06_t0.04,p2,-1,2024-12-28 00:00:00+00:00,3331.6,2024-12-30 01:00:00+00:00,3431.548,initial_sl,False,3431.548,,False,100.0,1.0,100.0,100.0,0.030015608116220435,-2.999999999999996,0.3245,0.0,-3.324499999999996
ETHUSDT,60,SINV_FIRST_FVG,TRAIL_a0.03_t0.02,p1,-1,2024-06-16 00:00:00+00:00,3567.4,2024-06-18 00:00:00+00:00,3514.9812,trailing_sl,False,3674.422,3514.9812,True,100.0,1.0,100.0,100.0,0.028031619666984357,1.4693838649997173,0.3177959242025004,0.0,1.151587940797217
ETHUSDT,60,SINV_FIRST_FVG,TRAIL_a0.03_t0.02,p2,-1,2024-12-28 00:00:00+00:00,3331.6,2024-12-30 01:00:00+00:00,3431.548,initial_sl,False,3431.548,,False,100.0,1.0,100.0,100.0,0.030015608116220435,-2.999999999999996,0.3245,0.0,-3.324499999999996
ETHUSDT,60,SINV_MSS_CLOSE,NO_TRAIL,p1,1,2024-05-22 00:00:00+00:00,3792.71,2024-05-22 12:00:00+00:00,3678.9287,initial_sl,False,3678.9287,,False,100.0,1.0,100.0,100.0,0.026366371275420478,-3.0000000000000027,0.3155,0.0,-3.315500000000003
ETHUSDT,60,SINV_MSS_CLOSE,NO_TRAIL,p2,-1,2024-08-05 00:00:00+00:00,2687.41,2024-08-14 12:00:00+00:00,2768.0323,initial_sl,False,2768.0323,,False,100.0,1.0,100.0,100.0,0.03721054844627355,-3.0,0.3245,0.0,-3.3245
ETHUSDT,60,SINV_MSS_CLOSE,TP_x2,p1,1,2024-05-22 00:00:00+00:00,3792.71,2024-05-22 12:00:00+00:00,3678.9287,initial_sl,False,3678.9287,,False,100.0,1.0,100.0,100.0,0.026366371275420478,-3.0000000000000027,0.3155,0.0,-3.315500000000003
ETHUSDT,60,SINV_MSS_CLOSE,TP_x2,p2,-1,2024-08-05 00:00:00+00:00,2687.41,2024-08-05 00:00:00+00:00,2526.1654,take_profit,False,2768.0323,,False,100.0,1.0,100.0,100.0,0.03721054844627355,6.0,0.311,0.0,5.689
ETHUSDT,60,SINV_MSS_CLOSE,TRAIL_a0.06_t0.04,p1,1,2024-05-22 00:00:00+00:00,3792.71,2024-05-22 12:00:00+00:00,3678.9287,initial_sl,False,3678.9287,,False,100.0,1.0,100.0,100.0,0.026366371275420478,-3.0000000000000027,0.3155,0.0,-3.315500000000003
ETHUSDT,60,SINV_MSS_CLOSE,TRAIL_a0.06_t0.04,p2,-1,2024-08-05 00:00:00+00:00,2687.41,2024-08-05 00:00:00+00:00,2687.41,trailing_sl,True,2768.0323,2577.5152000000003,True,100.0,1.0,100.0,100.0,0.03721054844627355,-0.0,0.32,0.0,-0.32
ETHUSDT,60,SINV_MSS_CLOSE,TRAIL_a0.03_t0.02,p1,1,2024-05-22 00:00:00+00:00,3792.71,2024-05-22 12:00:00+00:00,3678.9287,initial_sl,False,3678.9287,,False,100.0,1.0,100.0,100.0,0.026366371275420478,-3.0000000000000027,0.3155,0.0,-3.315500000000003
ETHUSDT,60,SINV_MSS_CLOSE,TRAIL_a0.03_t0.02,p2,-1,2024-08-05 00:00:00+00:00,2687.41,2024-08-05 00:00:00+00:00,2687.41,trailing_sl,True,2768.0323,2527.9476,True,100.0,1.0,100.0,100.0,0.03721054844627355,-0.0,0.32,0.0,-0.32
ETHUSDT,60,SINV_MSS_IN_FVG,NO_TRAIL,p1,-1,2024-08-05 00:00:00+00:00,2687.41,2024-08-14 12:00:00+00:00,2768.0323,initial_sl,False,2768.0323,,False,100.0,1.0,100.0,100.0,0.03721054844627355,-3.0,0.3245,0.0,-3.3245
ETHUSDT,60,SINV_MSS_IN_FVG,TP_x2,p1,-1,2024-08-05 00:00:00+00:00,2687.41,2024-08-05 00:00:00+00:00,2526.1654,take_profit,False,2768.0323,,False,100.0,1.0,100.0,100.0,0.03721054844627355,6.0,0.311,0.0,5.689
ETHUSDT,60,SINV_MSS_IN_FVG,TRAIL_a0.06_t0.04,p1,-1,2024-08-05 00:00:00+00:00,2687.41,2024-08-05 00:00:00+00:00,2687.41,trailing_sl,True,2768.0323,2577.5152000000003,True,100.0,1.0,100.0,100.0,0.03721054844627355,-0.0,0.32,0.0,-0.32
ETHUSDT,60,SINV_MSS_IN_FVG,TRAIL_a0.03_t0.02,p1,-1,2024-08-05 00:00:00+00:00,2687.41,2024-08-05 00:00:00+00:00,2687.41,trailing_sl,True,2768.0323,2527.9476,True,100.0,1.0,100.0,100.0,0.03721054844627355,-0.0,0.32,0.0,-0.32
ETHUSDT,60,DONCHIAN_55,NO_TRAIL,p1,1,2024-01-30 16:00:00+00:00,2340.24,2024-01-31 21:00:00+00:00,2270.0328,initial_sl,False,2270.0328,,False,100.0,1.0,100.0,100.0,0.04273066010323728,-2.999999999999993,0.3155,0.0,-3.315499999999993
ETHUSDT,60,DONCHIAN_55,NO_TRAIL,p2,-1,2024-02-01 02:00:00+00:00,2243.86,2024-02-01 17:00:00+00:00,2311.1758,initial_sl,False,2311.1758,,False,100.0,1.0,100.0,100.0,0.04456606027113991,-2.9999999999999933,0.3245,0.0,-3.3244999999999933
ETHUSDT,60,DONCHIAN_55,NO_TRAIL,p3,1,2024-02-06 20:00:00+00:00,2377.92,2024-03-05 19:00:00+00:00,3374.98,signal_reverse,False,2306.5824000000002,,False,100.0,1.0,100.0,100.0,0.042053559413268736,41.92992194859372,0.38289488292289064,0.0,41.54702706567083
ETHUSDT,60,DONCHIAN_55,NO_TRAIL,p4,-1,2024-03-05 20:00:00+00:00,3374.98,2024-03-05 21:00:00+00:00,3476.2294,initial_sl,False,3476.2294,,False,100.0,1.0,100.0,100.0,0.029629805213660525,-3.0000000000000044,0.3245,0.0,-3.3245000000000045
ETHUSDT,60,DONCHIAN_55,NO_TRAIL,p5,1,2024-03-06 09:00:00+00:00,3830.59,2024-03-11 00:00:00+00:00,3715.6723,initial_sl,False,3715.6723,,False,100.0,1.0,100.0,100.0,0.026105639079097475,-2.999999999999999,0.3155,0.0,-3.3154999999999992
ETHUSDT,60,DONCHIAN_55,NO_TRAIL,p6,-1,2024-03-14 19:00:00+00:00,3816.8,2024-03-15 00:00:00+00:00,3931.304,initial_sl,False,3931.304,,False,100.0,1.0,100.0,100.0,0.02619995808006707,-2.9999999999999973,0.3245,0.0,-3.3244999999999973
ETHUSDT,60,DONCHIAN_55,NO_TRAIL,p7,1,2024-03-21 09:00:00+00:00,3572.15,2024-03-21 17:00:00+00:00,3464.9855000000002,initial_sl,False,3464.9855000000002,,False,100.0,1.0,100.0,100.0,0.02799434514228126,-2.999999999999996,0.3155,0.0,-3.315499999999996
ETHUSDT,60,DONCHIAN_55,NO_TRAIL,p8,-1,2024-04-01 16:00:00+00:00,3446.03,2024-04-04 17:00:00+00:00,3413.94,signal_reverse,False,3549.4109000000003,,False,100.0,1.0,100.0,100.0,0.029018900009576236,0.9312165013073056,0.31860317524803905,0.0,0.6126133260592665
ETHUSDT,60,DONCHIAN_55,NO_TRAIL,p9,1,2024-04-04 18:00:00+00:00,3413.94,2024-04-04 20:00:00+00:00,3311.5218,initial_sl,False,3311.5218,,False,100.0,1.0,100.0,100.0,0.02929166886354183,-3.000000000000002,0.3155,0.0,-3.3155000000000023
ETHUSDT,60,DONCHIAN_55,NO_TRAIL,p10,-1,2024-04-12 18:00:00+00:00,3325.01,2024-04-20 17:00:00+00:00,3152.9,signal_reverse,False,3424.7603000000004,,False,100.0,1.0,100.0,100.0,0.0300750975185037,5.176225033909676,0.3122356624491355,0.0,4.86398937146054
ETHUSDT,60,DONCHIAN_55,NO_TRAIL,p11,1,2024-04-20 18:00:00+00:00,3152.9,2024-04-24 18:00:00+00:00,3128.26,signal_reverse,False,3058.313,,False,100.0,1.0,100.0,100.0,0.03171683212280757,-0.7815027435059745,0.31882774588474105,0.0,-1.1003304893907155
ETHUSDT,60,DONCHIAN_55,NO_TRAIL,p12,-1,2024-04-24 19:00:00+00:00,3128.26,2024-04-27 17:00:00+00:00,3222.1078,initial_sl,False,3222.1078,,False,100.0,1.0,100.0,100.0,0.0319666523882286,-3.0000000000000004,0.3245,0.0,-3.3245000000000005
ETHUSDT,60,DONCHIAN_55,NO_TRAIL,p13,1,2024-04-27 18:00:00+00:00,3256.62,2024-04-29 06:00:00+00:00,3158.9213999999997,initial_sl,False,3158.9213999999997,,False,100.0,1.0,100.0,100.0,0.030706683616756023,-3.0000000000000053,0.3155,0.0,-3.3155000000000054
ETHUSDT,60,DONCHIAN_55,NO_TRAIL,p14,-1,2024-04-30 09:00:00+00:00,3064.18,2024-05-03 13:00:00+00:00,3059.48,signal_reverse,False,3156.1054,,False,100.0,1.0,100.0,100.0,0.03263515850896488,0.153385244992129,0.3197699221325118,0.0,-0.16638467714038283
ETHUSDT,60,DONCHIAN_55,NO_TRAIL,p15,1,2024-05-03 14:00:00+00:00,3059.48,2024-05-07 23:00:00+00:00,3004.71,signal_reverse,False,2967.6956,,False,100.0,1.0,100.0,100.0,0.0326852929255952,-1.7901734935348486,0.31731473975969776,0.0,-2.1074882332945464
ETHUSDT,60,DONCHIAN_55,NO_TRAIL,p16,-1,2024-05-08 00:00:00+00:00,3004.71,2024-05-13 08:00:00+00:00,2971.81,signal_reverse,False,3094.8513000000003,,False,100.0,1.0,100.0,100.0,0.033281082034539104,1.0949475989363395,0.31835757860159547,0.0,0.776590020334744
ETHUSDT,60,DONCHIAN_55,NO_TRAIL,p17,1,2024-05-13 09:00:00+00:00,2971.81,2024-05-14 06:00:00+00:00,2882.6557,initial_sl,False,2882.6557,,False,100.0,1.0,100.0,100.0,0.03364952671940669,-3.0000000000000053,0.3155,0.0,-3.3155000000000054
ETHUSDT,60,DONCHIAN_55,NO_TRAIL,p18,-1,2024-05-30 07:00:00+00:00,3741.27,2024-05-31 12:00:00+00:00,3853.5081,initial_sl,False,3853.5081,,False,100.0,1.0,100.0,100.0,0.02672889152613952,-3.000000000000001,0.3245,0.0,-3.324500000000001
ETHUSDT,60,DONCHIAN_55,NO_TRAIL,p19,1,2024-06-05 20:00:00+00:00,3879.61,2024-06-06 20:00:00+00:00,3763.2217,initial_sl,False,3763.2217,,False,100.0,1.0,100.0,100.0,0.025775786741450816,-3.0000000000000018,0.3155,0.0,-3.315500000000002
ETHUSDT,60,DONCHIAN_55,NO_TRAIL,p20,-1,2024-06-07 18:00:00+00:00,3723.4,2024-06-15 12:00:00+00:00,3564.22,signal_reverse,False,3835.102,,False,100.0,1.0,100.0,100.0,0.026857173551055488,4.2751248858570206,0.3135873126712145,0.0,3.9615375731858062
ETHUSDT,60,DONCHIAN_55,NO_TRAIL,p21,1,2024-06-15 13:00:00+00:00,3564.22,2024-06-18 00:00:00+00:00,3457.2934,initial_sl,False,3457.2934,,False,100.0,1.0,100.0,100.0,0.028056629500984788,-2.999999999999994,0.3155,0.0,-3.315499999999994
ETHUSDT,60,DONCHIAN_55,NO_TRAIL,p22,-1,2024-06-18 02:00:00+00:00,3406.45,2024-06-19 01:00:00+00:00,3508.6434999999997,initial_sl,False,3508.6434999999997,,False,100.0,1.0,100.0,100.0,0.029356074505717096,-2.999999999999996,0.3245,0.0,-3.324499999999996
ETHUSDT,60,DONCHIAN_55,NO_TRAIL,p23,1,2024-06-20 08:00:00+00:00,3606.8,2024-06-20 14:00:00+00:00,3498.596,initial_sl,False,3498.596,,False,100.0,1.0,100.0,100.0,0.02772540756349118,-3.000000000000005,0.3155,0.0,-3.315500000000005
ETHUSDT,60,DONCHIAN_55,NO_TRAIL,p24,-1,2024-06-21 09:00:00+00:00,3456.49,2024-06-27 12:00:00+00:00,3435.23,signal_reverse,False,3560.1847,,False,100.0,1.0,100.0,100.0,0.02893108326655075,0.6150748302468622,0.31907738775462974,0.0,0.2959974424922324
ETHUSDT,60,DONCHIAN_55,NO_TRAIL,p25,1,2024-06-27 13:00:00+00:00,3435.23,2024-06-30 02:00:00+00:00,3360.34,signal_reverse,False,3332.1731,,False,100.0,1.0,100.0,100.0,0.029110132363771857,-2.1800578127228705,0.31672991328091565,0.0,-2.4967877260037863
ETHUSDT,60,DONCHIAN_55,NO_TRAIL,p26,-1,2024-06-30 03:00:00+00:00,3360.34,2024-06-30 22:00:00+00:00,3448.76,signal_reverse,False,3461.1502,,False,100.0,1.0,100.0,100.0,0.029758893445306127,-2.63128135843397,0.32394692203765096,0.0,-2.955228280471621
ETHUSDT,60,DONCHIAN_55,NO_TRAIL,p27,1,2024-06-30 23:00:00+00:00,3448.76,2024-07-03 01:00:00+00:00,3391.95,signal_reverse,False,3345.2972000000004,,False,100.0,1.0,100.0,100.0,0.02899592897157239,-1.647258724875039,0.31752911191268746,0.0,-1.9647878367877265
ETHUSDT,60,DONCHIAN_55,NO_TRAIL,p28,-1,2024-07-03 02:00:00+00:00,3391.95,2024-07-10 04:00:00+00:00,3118.07,signal_reverse,False,3493.7084999999997,,False,100.0,1.0,100.0,100.0,0.029481566650451808,8.07441147422573,0.30788838278866143,0.0,7.766523091437069
ETHUSDT,60,DONCHIAN_55,NO_TRAIL,p29,1,2024-07-10 05:00:00+00:00,3118.07,2024-07-23 16:00:00+00:00,3401.19,signal_reverse,False,3024.5279,,False,100.0,1.0,100.0,100.0,0.03207112091774719,9.079975754232581,0.3336199636313489,0.0,8.746355790601232
ETHUSDT,60,DONCHIAN_55,NO_TRAIL,p30,-1,2024-07-23 17:00:00+00:00,3401.19,2024-07-27 12:00:00+00:00,3286.8,signal_reverse,False,3503.2257,,False,100.0,1.0,100.0,100.0,0.029401474189915882,3.363234632584474,0.3149551480511233,0.0,3.0482794845333507
ETHUSDT,60,DONCHIAN_55,NO_TRAIL,p31,1,2024-07-27 13:00:00+00:00,3286.8,2024-07-27 20:00:00+00:00,3188.1960000000004,initial_sl,False,3188.1960000000004,,False,100.0,1.0,100.0,100.0,0.030424729219909942,-2.9999999999999942,0.3155,0.0,-3.3154999999999943
ETHUSDT,60,DONCHIAN_55,NO_TRAIL,p32,-1,2024-07-31 21:00:00+00:00,3221.01,2024-08-08 16:00:00+00:00,2584.88,signal_reverse,False,3317.6403,,False,100.0,1.0,100.0,100.0,0.031046162539079356,19.749395375984555,0.2903759069360232,0.0,19.45901946904853
ETHUSDT,60,DONCHIAN_55,NO_TRAIL,p33,1,2024-08-08 17:00:00+00:00,2584.88,2024-08-12 00:00:00+00:00,2536.14,signal_reverse,False,2507.3336,,False,100.0,1.0,100.0,100.0,0.03868651542818235,-1.8855807619696168,0.31717162885704564,0.0,-2.2027523908266624
ETHUSDT,60,DONCHIAN_55,NO_TRAIL,p34,-1,2024-08-12 01:00:00+00:00,2536.14,2024-08-12 10:00:00+00:00,2612.2241999999997,initial_sl,False,2612.2241999999997,,False,100.0,1.0,100.0,100.0,0.039429999921140005,-2.9999999999999916,0.3245,0.0,-3.3244999999999916
ETHUSDT,60,DONCHIAN_55,NO_TRAIL,p35,1,2024-08-18 10:00:00+00:00,2643.99,2024-08-19 09:00:00+00:00,2564.6702999999998,initial_sl,False,2564.6702999999998,,False,100.0,1.0,100.0,100.0,0.037821625649113656,-3.000000000000001,0.3155,0.0,-3.315500000000001
ETHUSDT,60,DONCHIAN_55,NO_TRAIL,p36,-1,2024-08-19 10:00:00+00:00,2578.3,2024-08-20 00:00:00+00:00,2655.6490000000003,initial_sl,False,2655.6490000000003,,False,100.0,1.0,100.0,100.0,0.038785246092386455,-3.000000000000006,0.3245,0.0,-3.3245000000000062
ETHUSDT,60,DONCHIAN_55,NO_TRAIL,p37,1,2024-08-23 06:00:00+00:00,2674.08,2024-08-26 17:00:00+00:00,2693.71,signal_reverse,False,2593.8576,,False,100.0,1.0,100.0,100.0,0.0373960390115479,0.7340842457966894,0.32110112636869503,0.0,0.41298311942799437
ETHUSDT,60,DONCHIAN_55,NO_TRAIL,p38,-1,2024-08-26 18:00:00+00:00,2693.71,2024-09-02 20:00:00+00:00,2553.09,signal_reverse,False,2774.5213,,False,100.0,1.0,100.0,100.0,0.037123521091728506,5.220309535918859,0.31216953569612177,0.0,4.908140000222737
ETHUSDT,60,DONCHIAN_55,NO_TRAIL,p39,1,2024-09-02 21:00:00+00:00,2553.09,2024-09-03 13:00:00+00:00,2476.4973,initial_sl,False,2476.4973,,False,100.0,1.0,100.0,100.0,0.0391682236035549,-3.0000000000000053,0.3155,0.0,-3.3155000000000054
ETHUSDT,60,DONCHIAN_55,NO_TRAIL,p40,-1,2024-09-04 01:00:00+00:00,2394.81,2024-09-04 16:00:00+00:00,2466.6543,initial_sl,False,2466.6543,,False,100.0,1.0,100.0,100.0,0.04175696610587061,-3.0000000000000084,0.3245,0.0,-3.3245000000000084
ETHUSDT,60,DONCHIAN_55,NO_TRAIL,p41,1,2024-09-09 17:00:00+00:00,2340.54,2024-09-15 23:00:00+00:00,2314.46,signal_reverse,False,2270.3238,,False,100.0,1.0,100.0,100.0,0.04272518307740949,-1.1142727746588363,0.3183285908380118,0.0,-1.4326013654968481
ETHUSDT,60,DONCHIAN_55,NO_TRAIL,p42,-1,2024-09-16 00:00:00+00:00,2314.46,2024-09-17 15:00:00+00:00,2383.8938,initial_sl,False,2383.8938,,False,100.0,1.0,100.0,100.0,0.04320662271112916,-2.999999999999991,0.3245,0.0,-3.324499999999991
ETHUSDT,60,DONCHIAN_55,NO_TRAIL,p43,1,2024-09-19 01:00:00+00:00,2397.4,2024-09-25 17:00:00+00:00,2574.52,signal_reverse,False,2325.478,,False,100.0,1.0,100.0,100.0,0.041711854509051474,7.388003670643193,0.3310820055059648,0.0,7.056921665137228
ETHUSDT,60,DONCHIAN_55,NO_TRAIL,p44,-1,2024-09-25 18:00:00+00:00,2574.52,2024-09-26 14:00:00+00:00,2651.7556,initial_sl,False,2651.7556,,False,100.0,1.0,100.0,100.0,0.0388421919425757,-2.999999999999999,0.3245,0.0,-3.324499999999999
ETHUSDT,60,DONCHIAN_55,NO_TRAIL,p45,1,2024-09-27 15:00:00+00:00,2680.49,2024-09-30 01:00:00+00:00,2613.75,signal_reverse,False,2600.0753,,False,100.0,1.0,100.0,100.0,0.03730661185081832,-2.4898432749236066,0.31626523508761456,0.0,-2.8061085100112213
ETHUSDT,60,DONCHIAN_55,NO_TRAIL,p46,-1,2024-09-30 02:00:00+00:00,2613.75,2024-10-06 14:00:00+00:00,2451.98,signal_reverse,False,2692.1625,,False,100.0,1.0,100.0,100.0,0.03825920612147298,6.189191774270683,0.310716212338594,0.0,5.878475561932089
ETHUSDT,60,DONCHIAN_55,NO_TRAIL,p47,1,2024-10-06 15:00:00+00:00,2451.98,2024-10-09 20:00:00+00:00,2378.4206,initial_sl,False,2378.4206,,False,100.0,1.0,100.0,100.0,0.04078336691163876,-3.000000000000004,0.3155,0.0,-3.315500000000004
ETHUSDT,60,DONCHIAN_55,NO_TRAIL,p48,-1,2024-10-09 21:00:00+00:00,2354.08,2024-10-11 10:00:00+00:00,2424.7024,initial_sl,False,2424.7024,,False,100.0,1.0,100.0,100.0,0.04247943995106369,-3.0000000000000084,0.3245,0.0,-3.3245000000000084
ETHUSDT,60,DONCHIAN_55,NO_TRAIL,p49,1,2024-10-12 23:00:00+00:00,2486.41,2024-10-23 08:00:00+00:00,2574.99,signal_reverse,False,2411.8177,,False,100.0,1.0,100.0,100.0,0.040218628464332114,3.5625661093705356,0.32534384916405584,0.0,3.23722226020648
ETHUSDT,60,DONCHIAN_55,NO_TRAIL,p50,-1,2024-10-23 09:00:00+00:00,2574.99,2024-10-28 09:00:00+00:00,2541.66,signal_reverse,False,2652.2396999999996,,False,100.0,1.0,100.0,100.0,0.038835102272241837,1.2943739587338177,0.3180584390618993,0.0,0.9763155196719184
ETHUSDT,60,DONCHIAN_55,NO_TRAIL,p51,1,2024-10-28 10:00:00+00:00,2541.66,2024-10-31 14:00:00+00:00,2555.88,signal_reverse,False,2465.4102,,False,100.0,1.0,100.0,100.0,0.03934436549341769,0.5594768773164095,0.3208392153159746,0.0,0.2386376620004349
ETHUSDT,60,DONCHIAN_55,NO_TRAIL,p52,-1,2024-10-31 15:00:00+00:00,2555.88,2024-11-06 02:00:00+00:00,2568.28,signal_reverse,False,2632.5564,,False,100.0,1.0,100.0,100.0,0.03912546754933721,-0.485155797611785,0.32072773369641766,0.0,-0.8058835313082027
ETHUSDT,60,DONCHIAN_55,NO_TRAIL,p53,1,2024-11-06 03:00:00+00:00,2568.28,2024-11-14 14:00:00+00:00,3110.22,signal_reverse,False,2491.2316,,False,100.0,1.0,100.0,100.0,0.038936564549036705,21.101281791704935,0.35165192268755746,0.0,20.749629869017376
ETHUSDT,60,DONCHIAN_55,NO_TRAIL,p54,-1,2024-11-14 15:00:00+00:00,3110.22,2024-11-16 12:00:00+00:00,3203.5265999999997,initial_sl,False,3203.5265999999997,,False,100.0,1.0,100.0,100.0,0.03215206641330839,-2.999999999999997,0.3245,0.0,-3.324499999999997
ETHUSDT,60,DONCHIAN_55,NO_TRAIL,p55,1,2024-11-19 00:00:00+00:00,3210.93,2024-11-19 07:00:00+00:00,3114.6021,initial_sl,False,3114.6021,,False,100.0,1.0,100.0,100.0,0.03114362505566923,-2.999999999999993,0.3155,0.0,-3.315499999999993
ETHUSDT,60,DONCHIAN_55,NO_TRAIL,p56,-1,2024-11-20 19:00:00+00:00,3050.41,2024-11-21 04:00:00+00:00,3141.9222999999997,initial_sl,False,3141.9222999999997,,False,100.0,1.0,100.0,100.0,0.03278247842093358,-2.999999999999996,0.3245,0.0,-3.324499999999996
ETHUSDT,60,DONCHIAN_55,NO_TRAIL,p57,1,2024-11-21 13:00:00+00:00,3288.91,2024-12-02 10:00:00+00:00,3580.64,signal_reverse,False,3190.2427,,False,100.0,1.0,100.0,100.0,0.030405210236826182,8.870111982389302,0.33330516797358395,0.0,8.536806814415717
ETHUSDT,60,DONCHIAN_55,NO_TRAIL,p58,-1,2024-12-02 11:00:00+00:00,3580.64,2024-12-04 00:00:00+00:00,3688.0591999999997,initial_sl,False,3688.0591999999997,,False,100.0,1.0,100.0,100.0,0.027927968184458644,-2.9999999999999947,0.3245,0.0,-3.3244999999999947
ETHUSDT,60,DONCHIAN_55,NO_TRAIL,p59,1,2024-12-04 15:00:00+00:00,3783.79,2024-12-05 22:00:00+00:00,3670.2763,initial_sl,False,3670.2763,,False,100.0,1.0,100.0,100.0,0.026428528010275412,-2.999999999999999,0.3155,0.0,-3.3154999999999992
ETHUSDT,60,DONCHIAN_55,NO_TRAIL,p60,-1,2024-12-09 09:00:00+00:00,3869.55,2024-12-12 02:00:00+00:00,3881.53,signal_reverse,False,3985.6365,,False,100.0,1.0,100.0,100.0,0.025842798258195396,-0.3095967231331813,0.3204643950846998,0.0,-0.6300611182178811
ETHUSDT,60,DONCHIAN_55,NO_TRAIL,p61,1,2024-12-12 03:00:00+00:00,3881.53,2024-12-14 18:00:00+00:00,3832.99,signal_reverse,False,3765.0841,,False,100.0,1.0,100.0,100.0,0.025763036740666694,-1.250537803391972,0.31812419329491204,0.0,-1.5686619966868842
ETHUSDT,60,DONCHIAN_55,NO_TRAIL,p62,-1,2024-12-14 19:00:00+00:00,3832.99,2024-12-15 23:00:00+00:00,3947.9797,initial_sl,False,3947.9797,,False,100.0,1.0,100.0,100.0,0.026089293214957517,-3.0000000000000027,0.3245,0.0,-3.3245000000000027
ETHUSDT,60,DONCHIAN_55,NO_TRAIL,p63,1,2024-12-16 00:00:00+00:00,3961.1,2024-12-18 01:00:00+00:00,3842.267,initial_sl,False,3842.267,,False,100.0,1.0,100.0,100.0,0.02524551261013355,-3.000000000000002,0.3155,0.0,-3.3155000000000023
ETHUSDT,60,DONCHIAN_55,NO_TRAIL,p64,-1,2024-12-18 02:00:00+00:00,3842.33,2024-12-23 21:00:00+00:00,3422.13,signal_reverse,False,3957.5998999999997,,False,100.0,1.0,100.0,100.0,0.026025874924850288,10.936072643422087,0.30359589103486695,0.0,10.63247675238722
ETHUSDT,60,DONCHIAN_55,NO_TRAIL,p65,1,2024-12-23 22:00:00+00:00,3422.13,2024-12-26 17:00:00+00:00,3319.4661,initial_sl,False,3319.4661,,False,100.0,1.0,100.0,100.0,0.029221566685076254,-3.0000000000000004,0.3155,0.0,-3.3155000000000006
ETHUSDT,60,DONCHIAN_55,NO_TRAIL,p66,-1,2024-12-26 18:00:00+00:00,3325.65,2024-12-27 09:00:00+00:00,3425.4195,initial_sl,False,3425.4195,,False,100.0,1.0,100.0,100.0,0.03006930975899448,-2.9999999999999964,0.3245,0.0,-3.3244999999999965
ETHUSDT,60,DONCHIAN_55,NO_TRAIL,p67,1,2025-01-02 10:00:00+00:00,3467.96,2025-01-07 14:00:00+00:00,3565.27,signal_reverse,False,3363.9212,,False,100.0,1.0,100.0,100.0,0.028835396025329012,2.805972387224765,0.3242089585808372,0.0,2.4817634286439274
ETHUSDT,60,DONCHIAN_55,NO_TRAIL,p68,-1,2025-01-07 15:00:00+00:00,3565.27,2025-01-15 13:00:00+00:00,3298.01,signal_reverse,False,3672.2281,,False,100.0,1.0,100.0,100.0,0.02804836660337085,7.4962064584168875,0.3087556903123747,0.0,7.1874507681045126
ETHUSDT,60,DONCHIAN_55,NO_TRAIL,p69,1,2025-01-15 14:00:00+00:00,3298.01,2025-01-19 08:00:00+00:00,3220.86,signal_reverse,False,3199.0697,,False,100.0,1.0,100.0,100.0,0.030321314974787825,-2.3392894503048836,0.3164910658245427,0.0,-2.6557805161294263
ETHUSDT,60,DONCHIAN_55,NO_TRAIL,p70,-1,2025-01-19 09:00:00+00:00,3220.86,2025-01-19 14:00:00+00:00,3317.4858,initial_sl,False,3317.4858,,False,100.0,1.0,100.0,100.0,0.031047608402724736,-2.999999999999994,0.3245,0.0,-3.324499999999994
ETHUSDT,60,DONCHIAN_55,NO_TRAIL,p71,1,2025-01-24 06:00:00+00:00,3409.65,2025-01-24 23:00:00+00:00,3307.3605000000002,initial_sl,False,3307.3605000000002,,False,100.0,1.0,100.0,100.0,0.029328523455486633,-2.999999999999996,0.3155,0.0,-3.315499999999996
ETHUSDT,60,DONCHIAN_55,NO_TRAIL,p72,-1,2025-01-27 00:00:00+00:00,3230.5,2025-01-30 13:00:00+00:00,3262.03,signal_reverse,False,3327.415,,False,100.0,1.0,100.0,100.0,0.030954960532425323,-0.9760099055873767,0.3214640148583811,0.0,-1.2974739204457577
ETHUSDT,60,DONCHIAN_55,NO_TRAIL,p73,1,2025-01-30 14:00:00+00:00,3262.03,2025-02-01 19:00:00+00:00,3195.1,signal_reverse,False,3164.1691,,False,100.0,1.0,100.0,100.0,0.03065575730450057,-2.051789836390232,0.3169223152454147,0.0,-2.3687121516356466
ETHUSDT,60,DONCHIAN_55,NO_TRAIL,p74,-1,2025-02-01 20:00:00+00:00,3195.1,2025-02-11 00:00:00+00:00,2704.62,signal_reverse,False,3290.953,,False,100.0,1.0,100.0,100.0,0.031297924947575974,15.351006228287064,0.2969734906575694,0.0,15.054032737629495
ETHUSDT,60,DONCHIAN_55,NO_TRAIL,p75,1,2025-02-11 01:00:00+00:00,2704.62,2025-02-11 18:00:00+00:00,2623.4813999999997,initial_sl,False,2623.4813999999997,,False,100.0,1.0,100.0,100.0,0.03697377080698952,-3.000000000000008,0.3155,0.0,-3.315500000000008
ETHUSDT,60,DONCHIAN_55,NO_TRAIL,p76,-1,2025-02-18 17:00:00+00:00,2633.8,2025-02-19 07:00:00+00:00,2712.8140000000003,initial_sl,False,2712.8140000000003,,False,100.0,1.0,100.0,100.0,0.03796795504594122,-3.0000000000000044,0.3245,0.0,-3.3245000000000045
ETHUSDT,60,DONCHIAN_55,NO_TRAIL,p77,1,2025-02-21 10:00:00+00:00,2780.86,2025-02-21 15:00:00+00:00,2697.4342,initial_sl,False,2697.4342,,False,100.0,1.0,100.0,100.0,0.03596009867451076,-2.999999999999999,0.3155,0.0,-3.3154999999999992
ETHUSDT,60,DONCHIAN_55,NO_TRAIL,p78,-1,2025-02-21 18:00:00+00:00,2670.98,2025-02-22 10:00:00+00:00,2751.1094,initial_sl,False,2751.1094,,False,100.0,1.0,100.0,100.0,0.03743944170304533,-2.999999999999993,0.3245,0.0,-3.324499999999993
BTCUSDT,60,SINV_FIRST_FVG,NO_TRAIL,p1,1,2024-05-22 00:00:00+00:00,70167.8,2024-05-23 13:00:00+00:00,68062.766,initial_sl,False,68062.766,,False,100.0,1.0,100.0,100.0,0.0014251551281356976,-2.9999999999999996,0.3155,0.0,-3.3154999999999997
BTCUSDT,60,SINV_FIRST_FVG,TP_x2,p1,1,2024-05-22 00:00:00+00:00,70167.8,2024-05-23 13:00:00+00:00,68062.766,initial_sl,False,68062.766,,False,100.0,1.0,100.0,100.0,0.0014251551281356976,-2.9999999999999996,0.3155,0.0,-3.3154999999999997
BTCUSDT,60,SINV_FIRST_FVG,TRAIL_a0.06_t0.04,p1,1,2024-05-22 00:00:00+00:00,70167.8,2024-05-23 13:00:00+00:00,68062.766,initial_sl,False,68062.766,,False,100.0,1.0,100.0,100.0,0.0014251551281356976,-2.9999999999999996,0.3155,0.0,-3.3154999999999997
BTCUSDT,60,SINV_FIRST_FVG,TRAIL_a0.03_t0.02,p1,1,2024-05-22 00:00:00+00:00,70167.8,2024-05-23 13:00:00+00:00,68062.766,initial_sl,False,68062.766,,False,100.0,1.0,100.0,100.0,0.0014251551281356976,-2.9999999999999996,0.3155,0.0,-3.3154999999999997
BTCUSDT,60,SINV_MSS_CLOSE,NO_TRAIL,p1,-1,2024-05-02 00:00:00+00:00,58298.5,2024-05-03 12:00:00+00:00,60047.455,initial_sl,False,60047.455,,False,100.0,1.0,100.0,100.0,0.0017153099993996415,-3.000000000000003,0.3245,0.0,-3.324500000000003
BTCUSDT,60,SINV_MSS_CLOSE,NO_TRAIL,p2,1,2024-09-29 00:00:00+00:00,65823.0,2024-09-30 09:00:00+00:00,63848.31,initial_sl,False,63848.31,,False,100.0,1.0,100.0,100.0,0.0015192258025310303,-3.0000000000000036,0.3155,0.0,-3.3155000000000037
BTCUSDT,60,SINV_MSS_CLOSE,NO_TRAIL,p3,-1,2025-02-26 00:00:00+00:00,88665.3,2025-02-28 23:00:00+00:00,84307.6,end_of_data,False,91325.259,,False,100.0,1.0,100.0,100.0,0.0011278369328249045,4.9147750021710825,0.3126278374967434,0.0,4.6021471646743395
BTCUSDT,60,SINV_MSS_CLOSE,TP_x2,p1,-1,2024-05-02 00:00:00+00:00,58298.5,2024-05-03 12:00:00+00:00,60047.455,initial_sl,False,60047.455,,False,100.0,1.0,100.0,100.0,0.0017153099993996415,-3.000000000000003,0.3245,0.0,-3.324500000000003
BTCUSDT,60,SINV_MSS_CLOSE,TP_x2,p2,1,2024-09-29 00:00:00+00:00,65823.0,2024-09-30 09:00:00+00:00,63848.31,initial_sl,False,63848.31,,False,100.0,1.0,100.0,100.0,0.0015192258025310303,-3.0000000000000036,0.3155,0.0,-3.3155000000000037
BTCUSDT,60,SINV_MSS_CLOSE,TP_x2,p3,-1,2025-02-26 00:00:00+00:00,88665.3,2025-02-26 18:00:00+00:00,83345.382,take_profit,False,91325.259,,False,100.0,1.0,100.0,100.0,0.0011278369328249045,6.000000000000006,0.311,0.0,5.689000000000006
BTCUSDT,60,SINV_MSS_CLOSE,TRAIL_a0.06_t0.04,p1,-1,2024-05-02 00:00:00+00:00,58298.5,2024-05-03 12:00:00+00:00,60047.455,initial_sl,False,60047.455,,False,100.0,1.0,100.0,100.0,0.0017153099993996415,-3.000000000000003,0.3245,0.0,-3.324500000000003
BTCUSDT,60,SINV_MSS_CLOSE,TRAIL_a0.06_t0.04,p2,1,2024-09-29 00:00:00+00:00,65823.0,2024-09-30 09:00:00+00:00,63848.31,initial_sl,False,63848.31,,False,100.0,1.0,100.0,100.0,0.0015192258025310303,-3.0000000000000036,0.3155,0.0,-3.3155000000000037
BTCUSDT,60,SINV_MSS_CLOSE,TRAIL_a0.06_t0.04,p3,-1,2025-02-26 00:00:00+00:00,88665.3,2025-02-26 22:00:00+00:00,85337.82400000001,trailing_sl,False,91325.259,85337.82400000001,True,100.0,1.0,100.0,100.0,0.0011278369328249045,3.7528503258884762,0.3143707245111673,0.0,3.438479601377309
BTCUSDT,60,SINV_MSS_CLOSE,TRAIL_a0.03_t0.02,p1,-1,2024-05-02 00:00:00+00:00,58298.5,2024-05-03 12:00:00+00:00,60047.455,initial_sl,False,60047.455,,False,100.0,1.0,100.0,100.0,0.0017153099993996415,-3.000000000000003,0.3245,0.0,-3.324500000000003
BTCUSDT,60,SINV_MSS_CLOSE,TRAIL_a0.03_t0.02,p2,1,2024-09-29 00:00:00+00:00,65823.0,2024-09-30 09:00:00+00:00,63848.31,initial_sl,False,63848.31,,False,100.0,1.0,100.0,100.0,0.0015192258025310303,-3.0000000000000036,0.3155,0.0,-3.3155000000000037
BTCUSDT,60,SINV_MSS_CLOSE,TRAIL_a0.03_t0.02,p3,-1,2025-02-26 00:00:00+00:00,88665.3,2025-02-26 14:00:00+00:00,87194.9,trailing_sl,True,91325.259,87057.0,True,100.0,1.0,100.0,100.0,0.0011278369328249045,1.6583714260257494,0.31751244286096136,0.0,1.3408589831647881
BTCUSDT,60,SINV_MSS_IN_FVG,NO_TRAIL,p1,-1,2024-05-02 00:00:00+00:00,58298.5,2024-05-03 12:00:00+00:00,60047.455,initial_sl,False,60047.455,,False,100.0,1.0,100.0,100.0,0.0017153099993996415,-3.000000000000003,0.3245,0.0,-3.324500000000003
BTCUSDT,60,SINV_MSS_IN_FVG,NO_TRAIL,p2,1,2024-09-29 00:00:00+00:00,65823.0,2024-09-30 09:00:00+00:00,63848.31,initial_sl,False,63848.31,,False,100.0,1.0,100.0,100.0,0.0015192258025310303,-3.0000000000000036,0.3155,0.0,-3.3155000000000037
BTCUSDT,60,SINV_MSS_IN_FVG,NO_TRAIL,p3,-1,2025-02-26 00:00:00+00:00,88665.3,2025-02-28 23:00:00+00:00,84307.6,end_of_data,False,91325.259,,False,100.0,1.0,100.0,100.0,0.0011278369328249045,4.9147750021710825,0.3126278374967434,0.0,4.6021471646743395
BTCUSDT,60,SINV_MSS_IN_FVG,TP_x2,p1,-1,2024-05-02 00:00:00+00:00,58298.5,2024-05-03 12:00:00+00:00,60047.455,initial_sl,False,60047.455,,False,100.0,1.0,100.0,100.0,0.0017153099993996415,-3.000000000000003,0.3245,0.0,-3.324500000000003
BTCUSDT,60,SINV_MSS_IN_FVG,TP_x2,p2,1,2024-09-29 00:00:00+00:00,65823.0,2024-09-30 09:00:00+00:00,63848.31,initial_sl,False,63848.31,,False,100.0,1.0,100.0,100.0,0.0015192258025310303,-3.0000000000000036,0.3155,0.0,-3.3155000000000037
BTCUSDT,60,SINV_MSS_IN_FVG,TP_x2,p3,-1,2025-02-26 00:00:00+00:00,88665.3,2025-02-26 18:00:00+00:00,83345.382,take_profit,False,91325.259,,False,100.0,1.0,100.0,100.0,0.0011278369328249045,6.000000000000006,0.311,0.0,5.689000000000006
BTCUSDT,60,SINV_MSS_IN_FVG,TRAIL_a0.06_t0.04,p1,-1,2024-05-02 00:00:00+00:00,58298.5,2024-05-03 12:00:00+00:00,60047.455,initial_sl,False,60047.455,,False,100.0,1.0,100.0,100.0,0.0017153099993996415,-3.000000000000003,0.3245,0.0,-3.324500000000003
BTCUSDT,60,SINV_MSS_IN_FVG,TRAIL_a0.06_t0.04,p2,1,2024-09-29 00:00:00+00:00,65823.0,2024-09-30 09:00:00+00:00,63848.31,initial_sl,False,63848.31,,False,100.0,1.0,100.0,100.0,0.0015192258025310303,-3.0000000000000036,0.3155,0.0,-3.3155000000000037
BTCUSDT,60,SINV_MSS_IN_FVG,TRAIL_a0.06_t0.04,p3,-1,2025-02-26 00:00:00+00:00,88665.3,2025-02-26 22:00:00+00:00,85337.82400000001,trailing_sl,False,91325.259,85337.82400000001,True,100.0,1.0,100.0,100.0,0.0011278369328249045,3.7528503258884762,0.3143707245111673,0.0,3.438479601377309
BTCUSDT,60,SINV_MSS_IN_FVG,TRAIL_a0.03_t0.02,p1,-1,2024-05-02 00:00:00+00:00,58298.5,2024-05-03 12:00:00+00:00,60047.455,initial_sl,False,60047.455,,False,100.0,1.0,100.0,100.0,0.0017153099993996415,-3.000000000000003,0.3245,0.0,-3.324500000000003
BTCUSDT,60,SINV_MSS_IN_FVG,TRAIL_a0.03_t0.02,p2,1,2024-09-29 00:00:00+00:00,65823.0,2024-09-30 09:00:00+00:00,63848.31,initial_sl,False,63848.31,,False,100.0,1.0,100.0,100.0,0.0015192258025310303,-3.0000000000000036,0.3155,0.0,-3.3155000000000037
BTCUSDT,60,SINV_MSS_IN_FVG,TRAIL_a0.03_t0.02,p3,-1,2025-02-26 00:00:00+00:00,88665.3,2025-02-26 14:00:00+00:00,87194.9,trailing_sl,True,91325.259,87057.0,True,100.0,1.0,100.0,100.0,0.0011278369328249045,1.6583714260257494,0.31751244286096136,0.0,1.3408589831647881
BTCUSDT,60,DONCHIAN_55,NO_TRAIL,p1,1,2024-01-29 17:00:00+00:00,43182.1,2024-02-01 01:00:00+00:00,41886.636999999995,initial_sl,False,41886.636999999995,,False,100.0,1.0,100.0,100.0,0.0023157743602094387,-3.000000000000008,0.3155,0.0,-3.315500000000008
BTCUSDT,60,DONCHIAN_55,NO_TRAIL,p2,-1,2024-02-01 02:00:00+00:00,41960.1,2024-02-01 19:00:00+00:00,43218.903,initial_sl,False,43218.903,,False,100.0,1.0,100.0,100.0,0.0023832164365671198,-3.0,0.3245,0.0,-3.3245
BTCUSDT,60,DONCHIAN_55,NO_TRAIL,p3,1,2024-02-05 14:00:00+00:00,43428.0,2024-02-17 13:00:00+00:00,51215.8,signal_reverse,False,42125.16,,False,100.0,1.0,100.0,100.0,0.002302661877129962,17.932670166712725,0.3468990052500691,0.0,17.585771161462656
BTCUSDT,60,DONCHIAN_55,NO_TRAIL,p4,-1,2024-02-17 14:00:00+00:00,51215.8,2024-02-20 13:00:00+00:00,52752.274000000005,initial_sl,False,52752.274000000005,,False,100.0,1.0,100.0,100.0,0.0019525224637709456,-3.000000000000004,0.3245,0.0,-3.324500000000004
BTCUSDT,60,DONCHIAN_55,NO_TRAIL,p5,1,2024-02-20 14:00:00+00:00,52887.3,2024-02-20 17:00:00+00:00,51300.681000000004,initial_sl,False,51300.681000000004,,False,100.0,1.0,100.0,100.0,0.001890813106360128,-2.999999999999998,0.3155,0.0,-3.315499999999998
BTCUSDT,60,DONCHIAN_55,NO_TRAIL,p6,-1,2024-03-05 20:00:00+00:00,61482.4,2024-03-05 21:00:00+00:00,63326.872,initial_sl,False,63326.872,,False,100.0,1.0,100.0,100.0,0.0016264817248513395,-3.000000000000002,0.3245,0.0,-3.3245000000000022
BTCUSDT,60,DONCHIAN_55,NO_TRAIL,p7,1,2024-03-08 15:00:00+00:00,68504.0,2024-03-08 16:00:00+00:00,66448.88,initial_sl,False,66448.88,,False,100.0,1.0,100.0,100.0,0.001459768772626416,-2.999999999999993,0.3155,0.0,-3.315499999999993
BTCUSDT,60,DONCHIAN_55,NO_TRAIL,p8,-1,2024-03-17 00:00:00+00:00,65331.2,2024-03-17 10:00:00+00:00,67291.136,initial_sl,False,67291.136,,False,100.0,1.0,100.0,100.0,0.0015306622257053291,-3.000000000000002,0.3245,0.0,-3.3245000000000022
BTCUSDT,60,DONCHIAN_55,NO_TRAIL,p9,1,2024-03-24 21:00:00+00:00,66187.2,2024-04-01 05:00:00+00:00,69178.7,signal_reverse,False,64201.583999999995,,False,100.0,1.0,100.0,100.0,0.0015108661493460972,4.51975608576885,0.3267796341286533,0.0,4.192976451640197
BTCUSDT,60,DONCHIAN_55,NO_TRAIL,p10,-1,2024-04-01 06:00:00+00:00,69178.7,2024-04-04 13:00:00+00:00,67229.1,signal_reverse,False,71254.061,,False,100.0,1.0,100.0,100.0,0.0014455316448560033,2.8182084948112514,0.3157726872577832,0.0,2.5024358075534683
BTCUSDT,60,DONCHIAN_55,NO_TRAIL,p11,1,2024-04-04 14:00:00+00:00,67229.1,2024-04-10 12:00:00+00:00,68016.9,signal_reverse,False,65212.227000000006,,False,100.0,1.0,100.0,100.0,0.0014874511186376137,1.1718139912626948,0.3217577209868941,0.0,0.8500562702758008
BTCUSDT,60,DONCHIAN_55,NO_TRAIL,p12,-1,2024-04-10 13:00:00+00:00,68016.9,2024-04-10 19:00:00+00:00,70057.40699999999,initial_sl,False,70057.40699999999,,False,100.0,1.0,100.0,100.0,0.001470222841676113,-2.999999999999997,0.3245,0.0,-3.324499999999997
BTCUSDT,60,DONCHIAN_55,NO_TRAIL,p13,1,2024-04-19 07:00:00+00:00,64600.1,2024-04-24 14:00:00+00:00,65210.1,signal_reverse,False,62662.097,,False,100.0,1.0,100.0,100.0,0.001547985219837121,0.9442709841006438,0.321416406476151,0.0,0.6228545776244928
BTCUSDT,60,DONCHIAN_55,NO_TRAIL,p14,-1,2024-04-24 15:00:00+00:00,65210.1,2024-04-30 00:00:00+00:00,64547.6,signal_reverse,False,67166.40299999999,,False,100.0,1.0,100.0,100.0,0.0015335047791676442,1.0159469161985644,0.3184760796257022,0.0,0.6974708365728621
BTCUSDT,60,DONCHIAN_55,NO_TRAIL,p15,1,2024-04-30 01:00:00+00:00,64547.6,2024-04-30 08:00:00+00:00,62611.172,initial_sl,False,62611.172,,False,100.0,1.0,100.0,100.0,0.001549244278640879,-3.0,0.3155,0.0,-3.3155
BTCUSDT,60,DONCHIAN_55,NO_TRAIL,p16,-1,2024-04-30 10:00:00+00:00,61645.5,2024-05-03 12:00:00+00:00,60597.9,signal_reverse,False,63494.865,,False,100.0,1.0,100.0,100.0,0.0016221784234047903,1.699394116358856,0.3174509088254618,0.0,1.3819432075333942
BTCUSDT,60,DONCHIAN_55,NO_TRAIL,p17,1,2024-05-03 13:00:00+00:00,60597.9,2024-05-07 23:00:00+00:00,62314.5,signal_reverse,False,58779.963,,False,100.0,1.0,100.0,100.0,0.0016502222024195557,2.832771432673407,0.32424915714901015,0.0,2.5085222755243968
BTCUSDT,60,DONCHIAN_55,NO_TRAIL,p18,-1,2024-05-08 00:00:00+00:00,62314.5,2024-05-13 07:00:00+00:00,62311.2,signal_reverse,False,64183.935,,False,100.0,1.0,100.0,100.0,0.001604762936395221,0.0052957176901089,0.31999205642346484,0.0,-0.31469633873335595
BTCUSDT,60,DONCHIAN_55,NO_TRAIL,p19,1,2024-05-13 08:00:00+00:00,62311.2,2024-05-23 13:00:00+00:00,68056.1,signal_reverse,False,60441.863999999994,,False,100.0,1.0,100.0,100.0,0.001604847924610664,9.219690842095817,0.33382953626314377,0.0,8.885861305832673
BTCUSDT,60,DONCHIAN_55,NO_TRAIL,p20,-1,2024-05-23 14:00:00+00:00,68056.1,2024-05-27 15:00:00+00:00,70097.78300000001,initial_sl,False,70097.78300000001,,False,100.0,1.0,100.0,100.0,0.00146937600009404,-3.000000000000006,0.3245,0.0,-3.3245000000000062
BTCUSDT,60,DONCHIAN_55,NO_TRAIL,p21,1,2024-05-27 16:00:00+00:00,70439.2,2024-05-28 03:00:00+00:00,68326.02399999999,initial_sl,False,68326.02399999999,,False,100.0,1.0,100.0,100.0,0.0014196640506990426,-3.0000000000000098,0.3155,0.0,-3.31550000000001
BTCUSDT,60,DONCHIAN_55,NO_TRAIL,p22,-1,2024-05-28 04:00:00+00:00,68042.8,2024-05-30 17:00:00+00:00,69354.9,signal_reverse,False,70084.084,,False,100.0,1.0,100.0,100.0,0.001469663211978343,-1.928345100436771,0.3228925176506552,0.0,-2.2512376180874263
BTCUSDT,60,DONCHIAN_55,NO_TRAIL,p23,1,2024-05-30 18:00:00+00:00,69354.9,2024-05-31 15:00:00+00:00,67274.253,initial_sl,False,67274.253,,False,100.0,1.0,100.0,100.0,0.0014418591909151337,-2.999999999999996,0.3155,0.0,-3.315499999999996
BTCUSDT,60,DONCHIAN_55,NO_TRAIL,p24,-1,2024-06-07 18:00:00+00:00,69839.9,2024-06-10 15:00:00+00:00,70044.9,signal_reverse,False,71935.097,,False,100.0,1.0,100.0,100.0,0.0014318462655301626,-0.29352848443368335,0.32044029272665053,0.0,-0.6139687771603339
BTCUSDT,60,DONCHIAN_55,NO_TRAIL,p25,1,2024-06-10 16:00:00+00:00,70044.9,2024-06-11 01:00:00+00:00,68705.5,signal_reverse,False,67943.553,,False,100.0,1.0,100.0,100.0,0.0014276556894220708,-1.9122020304119132,0.31713169695438215,0.0,-2.229333727366295
BTCUSDT,60,DONCHIAN_55,NO_TRAIL,p26,-1,2024-06-11 02:00:00+00:00,68705.5,2024-06-17 18:00:00+00:00,67070.4,signal_reverse,False,70766.665,,False,100.0,1.0,100.0,100.0,0.001455487551942712,2.379867696181537,0.31643019845572773,0.0,2.063437497725809
BTCUSDT,60,DONCHIAN_55,NO_TRAIL,p27,1,2024-06-17 19:00:00+00:00,67070.4,2024-06-18 01:00:00+00:00,65058.28799999999,initial_sl,False,65058.28799999999,,False,100.0,1.0,100.0,100.0,0.001490970681552518,-3.0000000000000018,0.3155,0.0,-3.315500000000002
BTCUSDT,60,DONCHIAN_55,NO_TRAIL,p28,-1,2024-06-21 08:00:00+00:00,64147.7,2024-06-30 18:00:00+00:00,62025.9,signal_reverse,False,66072.131,,False,100.0,1.0,100.0,100.0,0.0015589023456803596,3.3076789970645804,0.31503848150440317,0.0,2.9926405155601774
BTCUSDT,60,DONCHIAN_55,NO_TRAIL,p29,1,2024-06-30 19:00:00+00:00,62025.9,2024-07-03 01:00:00+00:00,61598.2,signal_reverse,False,60165.123,,False,100.0,1.0,100.0,100.0,0.001612229729838664,-0.6895506554520037,0.318965674016822,0.0,-1.0085163294688257
BTCUSDT,60,DONCHIAN_55,NO_TRAIL,p30,-1,2024-07-03 02:00:00+00:00,61598.2,2024-07-10 04:00:00+00:00,59317.6,signal_reverse,False,63446.14599999999,,False,100.0,1.0,100.0,100.0,0.0016234240610926943,3.702380913727996,0.314446428629408,0.0,3.387934485098588
BTCUSDT,60,DONCHIAN_55,NO_TRAIL,p31,1,2024-07-10 05:00:00+00:00,59317.6,2024-07-10 13:00:00+00:00,57538.072,initial_sl,False,57538.072,,False,100.0,1.0,100.0,100.0,0.0016858402902342644,-2.9999999999999973,0.3155,0.0,-3.3154999999999974
BTCUSDT,60,DONCHIAN_55,NO_TRAIL,p32,-1,2024-07-12 02:00:00+00:00,56914.5,2024-07-13 09:00:00+00:00,58621.935,initial_sl,False,58621.935,,False,100.0,1.0,100.0,100.0,0.0017570214971580178,-2.999999999999996,0.3245,0.0,-3.324499999999996
BTCUSDT,60,DONCHIAN_55,NO_TRAIL,p33,1,2024-07-13 23:00:00+00:00,59457.1,2024-07-23 19:00:00+00:00,65504.7,signal_reverse,False,57673.386999999995,,False,100.0,1.0,100.0,100.0,0.0016818849220698621,10.171367254709695,0.33525705088206453,0.0,9.83611020382763
BTCUSDT,60,DONCHIAN_55,NO_TRAIL,p34,-1,2024-07-23 20:00:00+00:00,65504.7,2024-07-26 09:00:00+00:00,67469.841,initial_sl,False,67469.841,,False,100.0,1.0,100.0,100.0,0.001526608014386754,-3.000000000000005,0.3245,0.0,-3.324500000000005
BTCUSDT,60,DONCHIAN_55,NO_TRAIL,p35,1,2024-07-26 14:00:00+00:00,67860.6,2024-07-30 00:00:00+00:00,65824.782,initial_sl,False,65824.782,,False,100.0,1.0,100.0,100.0,0.0014736091340188562,-2.9999999999999987,0.3155,0.0,-3.315499999999999
BTCUSDT,60,DONCHIAN_55,NO_TRAIL,p36,-1,2024-07-30 15:00:00+00:00,65786.3,2024-08-07 08:00:00+00:00,57326.4,signal_reverse,False,67759.889,,False,100.0,1.0,100.0,100.0,0.0015200733283373589,12.859668350401224,0.3007104974743982,0.0,12.558957852926826
BTCUSDT,60,DONCHIAN_55,NO_TRAIL,p37,1,2024-08-07 09:00:00+00:00,57326.4,2024-08-07 17:00:00+00:00,55606.608,initial_sl,False,55606.608,,False,100.0,1.0,100.0,100.0,0.0017443969968461302,-3.000000000000002,0.3155,0.0,-3.3155000000000023
BTCUSDT,60,DONCHIAN_55,NO_TRAIL,p38,-1,2024-08-11 21:00:00+00:00,58478.9,2024-08-12 14:00:00+00:00,60233.267,initial_sl,False,60233.267,,False,100.0,1.0,100.0,100.0,0.0017100184852998261,-2.9999999999999973,0.3245,0.0,-3.3244999999999973
BTCUSDT,60,DONCHIAN_55,NO_TRAIL,p39,1,2024-08-18 03:00:00+00:00,60112.0,2024-08-19 00:00:00+00:00,58308.64,initial_sl,False,58308.64,,False,100.0,1.0,100.0,100.0,0.001663561352142667,-3.000000000000001,0.3155,0.0,-3.315500000000001
BTCUSDT,60,DONCHIAN_55,NO_TRAIL,p40,-1,2024-08-19 01:00:00+00:00,58320.2,2024-08-20 00:00:00+00:00,60069.806,initial_sl,False,60069.806,,False,100.0,1.0,100.0,100.0,0.0017146717603849096,-3.0,0.3245,0.0,-3.3245
BTCUSDT,60,DONCHIAN_55,NO_TRAIL,p41,1,2024-08-20 01:00:00+00:00,60452.8,2024-08-20 16:00:00+00:00,58639.216,initial_sl,False,58639.216,,False,100.0,1.0,100.0,100.0,0.0016541830982187756,-3.000000000000004,0.3155,0.0,-3.315500000000004
BTCUSDT,60,DONCHIAN_55,NO_TRAIL,p42,-1,2024-08-27 01:00:00+00:00,62688.2,2024-09-02 22:00:00+00:00,59324.5,signal_reverse,False,64568.846,,False,100.0,1.0,100.0,100.0,0.0015951965441662068,5.365762615611865,0.3119513560765822,0.0,5.053811259535283
BTCUSDT,60,DONCHIAN_55,NO_TRAIL,p43,1,2024-09-02 23:00:00+00:00,59324.5,2024-09-03 14:00:00+00:00,57544.765,initial_sl,False,57544.765,,False,100.0,1.0,100.0,100.0,0.001685644211076368,-3.000000000000001,0.3155,0.0,-3.315500000000001
BTCUSDT,60,DONCHIAN_55,NO_TRAIL,p44,-1,2024-09-04 02:00:00+00:00,56751.1,2024-09-04 16:00:00+00:00,58453.633,initial_sl,False,58453.633,,False,100.0,1.0,100.0,100.0,0.0017620803825828927,-3.0000000000000058,0.3245,0.0,-3.324500000000006
BTCUSDT,60,DONCHIAN_55,NO_TRAIL,p45,1,2024-09-09 14:00:00+00:00,55662.8,2024-09-15 23:00:00+00:00,59101.2,signal_reverse,False,53992.916000000005,,False,100.0,1.0,100.0,100.0,0.0017965319746760851,6.177195541726241,0.32926579331258937,0.0,5.847929748413652
BTCUSDT,60,DONCHIAN_55,NO_TRAIL,p46,-1,2024-09-16 00:00:00+00:00,59101.2,2024-09-17 15:00:00+00:00,60874.236,initial_sl,False,60874.236,,False,100.0,1.0,100.0,100.0,0.0016920130217322152,-3.0,0.3245,0.0,-3.3245
BTCUSDT,60,DONCHIAN_55,NO_TRAIL,p47,1,2024-09-17 16:00:00+00:00,61107.0,2024-09-18 13:00:00+00:00,59273.79,initial_sl,False,59273.79,,False,100.0,1.0,100.0,100.0,0.0016364737264143224,-2.9999999999999987,0.3155,0.0,-3.315499999999999
BTCUSDT,60,DONCHIAN_55,NO_TRAIL,p48,-1,2024-09-30 02:00:00+00:00,64744.8,2024-10-06 14:00:00+00:00,62682.0,signal_reverse,False,66687.144,,False,100.0,1.0,100.0,100.0,0.0015445255835217653,3.186047373688702,0.31522092893946696,0.0,2.870826444749235
BTCUSDT,60,DONCHIAN_55,NO_TRAIL,p49,1,2024-10-06 15:00:00+00:00,62682.0,2024-10-09 18:00:00+00:00,61159.9,signal_reverse,False,60801.54,,False,100.0,1.0,100.0,100.0,0.0015953543281962924,-2.4282888229475743,0.31635756676557863,0.0,-2.744646389713153
BTCUSDT,60,DONCHIAN_55,NO_TRAIL,p50,-1,2024-10-09 19:00:00+00:00,61159.9,2024-10-11 17:00:00+00:00,62899.9,signal_reverse,False,62994.697,,False,100.0,1.0,100.0,100.0,0.001635058265301284,-2.8450013816242343,0.3242675020724364,0.0,-3.1692688836966707
BTCUSDT,60,DONCHIAN_55,NO_TRAIL,p51,1,2024-10-11 18:00:00+00:00,62899.9,2024-10-21 13:00:00+00:00,67317.6,signal_reverse,False,61012.903,,False,100.0,1.0,100.0,100.0,0.001589827646784812,7.023381595201271,0.33053507239280194,0.0,6.692846522808469
BTCUSDT,60,DONCHIAN_55,NO_TRAIL,p52,-1,2024-10-21 14:00:00+00:00,67317.6,2024-10-24 13:00:00+00:00,67883.8,signal_reverse,False,69337.12800000001,,False,100.0,1.0,100.0,100.0,0.0014854956207589099,-0.8410876204736905,0.32126163143071057,0.0,-1.162349251904401
BTCUSDT,60,DONCHIAN_55,NO_TRAIL,p53,1,2024-10-24 14:00:00+00:00,67883.8,2024-10-25 23:00:00+00:00,65847.28600000001,initial_sl,False,65847.28600000001,,False,100.0,1.0,100.0,100.0,0.0014731055126554495,-2.999999999999994,0.3155,0.0,-3.315499999999994
BTCUSDT,60,DONCHIAN_55,NO_TRAIL,p54,-1,2024-10-31 15:00:00+00:00,70780.1,2024-11-05 14:00:00+00:00,69945.1,signal_reverse,False,72903.50300000001,,False,100.0,1.0,100.0,100.0,0.0014128264865407084,1.1797101162614916,0.31823043482560776,0.0,0.8614796814358838
BTCUSDT,60,DONCHIAN_55,NO_TRAIL,p55,1,2024-11-05 15:00:00+00:00,69945.1,2024-11-24 12:00:00+00:00,96986.1,signal_reverse,False,67846.747,,False,100.0,1.0,100.0,100.0,0.0014296927161445189,38.66032073726394,0.37799048110589595,0.0,38.28233025615804
BTCUSDT,60,DONCHIAN_55,NO_TRAIL,p56,-1,2024-11-24 13:00:00+00:00,96986.1,2024-11-29 11:00:00+00:00,97327.3,signal_reverse,False,99895.683,,False,100.0,1.0,100.0,100.0,0.0010310755871202162,-0.35180299032541473,0.3205277044854882,0.0,-0.6723306948109029
BTCUSDT,60,DONCHIAN_55,NO_TRAIL,p57,1,2024-11-29 12:00:00+00:00,97327.3,2024-12-02 08:00:00+00:00,95097.5,signal_reverse,False,94407.481,,False,100.0,1.0,100.0,100.0,0.0010274609487779893,-2.291032423585164,0.3165634513646223,0.0,-2.6075958749497863
BTCUSDT,60,DONCHIAN_55,NO_TRAIL,p58,-1,2024-12-02 09:00:00+00:00,95097.5,2024-12-04 20:00:00+00:00,97950.425,initial_sl,False,97950.425,,False,100.0,1.0,100.0,100.0,0.0010515523541628328,-3.000000000000003,0.3245,0.0,-3.324500000000003
BTCUSDT,60,DONCHIAN_55,NO_TRAIL,p59,1,2024-12-04 21:00:00+00:00,98795.6,2024-12-05 22:00:00+00:00,95831.732,initial_sl,False,95831.732,,False,100.0,1.0,100.0,100.0,0.001012190826312103,-3.000000000000002,0.3155,0.0,-3.3155000000000023
BTCUSDT,60,DONCHIAN_55,NO_TRAIL,p60,-1,2024-12-09 12:00:00+00:00,98137.5,2024-12-11 16:00:00+00:00,101081.625,initial_sl,False,101081.625,,False,100.0,1.0,100.0,100.0,0.0010189784740797351,-3.0,0.3245,0.0,-3.3245
BTCUSDT,60,DONCHIAN_55,NO_TRAIL,p61,1,2024-12-11 20:00:00+00:00,101130.6,2024-12-18 19:00:00+00:00,102777.0,signal_reverse,False,98096.682,,False,100.0,1.0,100.0,100.0,0.0009888203965960846,1.627993900955788,0.3224419908514337,0.0,1.3055519101043542
BTCUSDT,60,DONCHIAN_55,NO_TRAIL,p62,-1,2024-12-18 20:00:00+00:00,102777.0,2024-12-24 14:00:00+00:00,97417.6,signal_reverse,False,105860.31,,False,100.0,1.0,100.0,100.0,0.0009729803360674081,5.214590813119662,0.31217811378032057,0.0,4.902412699339341
BTCUSDT,60,DONCHIAN_55,NO_TRAIL,p63,1,2024-12-24 15:00:00+00:00,97417.6,2024-12-27 07:00:00+00:00,95059.6,signal_reverse,False,94495.072,,False,100.0,1.0,100.0,100.0,0.0010265085569753309,-2.42050717734783,0.3163692392339783,0.0,-2.7368764165818082
BTCUSDT,60,DONCHIAN_55,NO_TRAIL,p64,-1,2024-12-27 08:00:00+00:00,95059.6,2024-12-31 13:00:00+00:00,95552.1,signal_reverse,False,97911.388,,False,100.0,1.0,100.0,100.0,0.0010519716051824329,-0.5180960155523482,0.3207771440233286,0.0,-0.8388731595756768
BTCUSDT,60,DONCHIAN_55,NO_TRAIL,p65,1,2024-12-31 14:00:00+00:00,95552.1,2025-01-07 19:00:00+00:00,96415.7,signal_reverse,False,92685.53700000001,,False,100.0,1.0,100.0,100.0,0.0010465494740565617,0.9038001257952376,0.32135570018869286,0.0,0.5824444256065447
BTCUSDT,60,DONCHIAN_55,NO_TRAIL,p66,-1,2025-01-07 20:00:00+00:00,96415.7,2025-01-14 09:00:00+00:00,97150.0,signal_reverse,False,99308.171,,False,100.0,1.0,100.0,100.0,0.0010371754807567647,-0.7615979555196953,0.3211423969332795,0.0,-1.0827403524529748
BTCUSDT,60,DONCHIAN_55,NO_TRAIL,p67,1,2025-01-14 10:00:00+00:00,97150.0,2025-01-26 23:00:00+00:00,102553.7,signal_reverse,False,94235.5,,False,100.0,1.0,100.0,100.0,0.001029336078229542,5.562223365928974,0.3283433350488935,0.0,5.23388003088008
BTCUSDT,60,DONCHIAN_55,NO_TRAIL,p68,-1,2025-01-27 00:00:00+00:00,102553.7,2025-01-29 20:00:00+00:00,104158.1,signal_reverse,False,105630.311,,False,100.0,1.0,100.0,100.0,0.0009750988994058722,-1.56444867420679,0.3223466730113102,0.0,-1.8867953472181003
BTCUSDT,60,DONCHIAN_55,NO_TRAIL,p69,1,2025-01-29 21:00:00+00:00,104158.1,2025-02-01 20:00:00+00:00,101033.357,initial_sl,False,101033.357,,False,100.0,1.0,100.0,100.0,0.0009600789568934148,-3.0000000000000018,0.3155,0.0,-3.315500000000002
BTCUSDT,60,DONCHIAN_55,NO_TRAIL,p70,-1,2025-02-01 21:00:00+00:00,101284.1,2025-02-07 14:00:00+00:00,99681.7,signal_reverse,False,104322.623,,False,100.0,1.0,100.0,100.0,0.0009873218007564858,1.5820844535322016,0.31762687331970174,0.0,1.2644575802125
BTCUSDT,60,DONCHIAN_55,NO_TRAIL,p71,1,2025-02-07 15:00:00+00:00,99681.7,2025-02-07 20:00:00+00:00,96691.249,initial_sl,False,96691.249,,False,100.0,1.0,100.0,100.0,0.0010031931638405044,-3.0000000000000013,0.3155,0.0,-3.3155000000000014
BTCUSDT,60,DONCHIAN_55,NO_TRAIL,p72,-1,2025-02-09 22:00:00+00:00,95120.0,2025-02-10 08:00:00+00:00,97644.8,signal_reverse,False,97973.6,,False,100.0,1.0,100.0,100.0,0.0010513036164844407,-2.6543313708999188,0.32398149705634993,0.0,-2.9783128679562685
BTCUSDT,60,DONCHIAN_55,NO_TRAIL,p73,1,2025-02-10 09:00:00+00:00,97644.8,2025-02-12 13:00:00+00:00,94715.456,initial_sl,False,94715.456,,False,100.0,1.0,100.0,100.0,0.0010241200760306745,-2.9999999999999973,0.3155,0.0,-3.3154999999999974
BTCUSDT,60,DONCHIAN_55,NO_TRAIL,p74,-1,2025-02-17 00:00:00+00:00,96060.1,2025-02-20 02:00:00+00:00,97108.8,signal_reverse,False,98941.903,,False,100.0,1.0,100.0,100.0,0.0010410149479336372,-1.0917123758980023,0.321637568563847,0.0,-1.4133499444618494
BTCUSDT,60,DONCHIAN_55,NO_TRAIL,p75,1,2025-02-20 03:00:00+00:00,97108.8,2025-02-21 19:00:00+00:00,95260.0,signal_reverse,False,94195.53600000001,,False,100.0,1.0,100.0,100.0,0.0010297727909314089,-1.9038439358739918,0.317144234096189,0.0,-2.220988169970181
BTCUSDT,60,DONCHIAN_55,NO_TRAIL,p76,-1,2025-02-21 20:00:00+00:00,95260.0,2025-02-28 23:00:00+00:00,84307.6,end_of_data,False,98117.8,,False,100.0,1.0,100.0,100.0,0.0010497585555322277,11.497375603611165,0.3027539365945833,0.0,11.19462166701658
XRPUSDT,60,SINV_FIRST_FVG,NO_TRAIL,p1,-1,2024-04-22 00:00:00+00:00,0.5243,2024-04-22 15:00:00+00:00,0.540029,initial_sl,False,0.540029,,False,100.0,1.0,100.0,100.0,190.7304978065993,-2.9999999999999987,0.3245,0.0,-3.3244999999999987
XRPUSDT,60,SINV_FIRST_FVG,NO_TRAIL,p2,1,2024-07-21 00:00:00+00:00,0.5934,2024-07-21 13:00:00+00:00,0.575598,initial_sl,False,0.575598,,False,100.0,1.0,100.0,100.0,168.52039096730704,-2.9999999999999973,0.3155,0.0,-3.3154999999999974
XRPUSDT,60,SINV_FIRST_FVG,NO_TRAIL,p3,-1,2024-09-04 00:00:00+00:00,0.557,2024-09-12 12:00:00+00:00,0.57371,initial_sl,False,0.57371,,False,100.0,1.0,100.0,100.0,179.5332136445242,-3.0,0.3245,0.0,-3.3245
XRPUSDT,60,SINV_FIRST_FVG,NO_TRAIL,p4,1,2024-11-13 00:00:00+00:00,0.7048,2024-11-13 02:00:00+00:00,0.6836559999999999,initial_sl,False,0.6836559999999999,,False,100.0,1.0,100.0,100.0,141.88422247446084,-3.0000000000000075,0.3155,0.0,-3.3155000000000077
XRPUSDT,60,SINV_FIRST_FVG,TP_x2,p1,-1,2024-04-22 00:00:00+00:00,0.5243,2024-04-22 15:00:00+00:00,0.540029,initial_sl,False,0.540029,,False,100.0,1.0,100.0,100.0,190.7304978065993,-2.9999999999999987,0.3245,0.0,-3.3244999999999987
XRPUSDT,60,SINV_FIRST_FVG,TP_x2,p2,1,2024-07-21 00:00:00+00:00,0.5934,2024-07-21 13:00:00+00:00,0.575598,initial_sl,False,0.575598,,False,100.0,1.0,100.0,100.0,168.52039096730704,-2.9999999999999973,0.3155,0.0,-3.3154999999999974
XRPUSDT,60,SINV_FIRST_FVG,TP_x2,p3,-1,2024-09-04 00:00:00+00:00,0.557,2024-09-06 15:00:00+00:00,0.52358,take_profit,False,0.57371,,False,100.0,1.0,100.0,100.0,179.5332136445242,6.0,0.311,0.0,5.689
XRPUSDT,60,SINV_FIRST_FVG,TP_x2,p4,1,2024-11-13 00:00:00+00:00,0.7048,2024-11-13 02:00:00+00:00,0.6836559999999999,initial_sl,False,0.6836559999999999,,False,100.0,1.0,100.0,100.0,141.88422247446084,-3.0000000000000075,0.3155,0.0,-3.3155000000000077
XRPUSDT,60,SINV_FIRST_FVG,TRAIL_a0.06_t0.04,p1,-1,2024-04-22 00:00:00+00:00,0.5243,2024-04-22 15:00:00+00:00,0.540029,initial_sl,False,0.540029,,False,100.0,1.0,100.0,100.0,190.7304978065993,-2.9999999999999987,0.3245,0.0,-3.3244999999999987
XRPUSDT,60,SINV_FIRST_FVG,TRAIL_a0.06_t0.04,p2,1,2024-07-21 00:00:00+00:00,0.5934,2024-07-21 13:00:00+00:00,0.575598,initial_sl,False,0.575598,,False,100.0,1.0,100.0,100.0,168.52039096730704,-2.9999999999999973,0.3155,0.0,-3.3154999999999974
XRPUSDT,60,SINV_FIRST_FVG,TRAIL_a0.06_t0.04,p3,-1,2024-09-04 00:00:00+00:00,0.557,2024-09-07 00:00:00+00:00,0.52208,trailing_sl,False,0.57371,0.52208,True,100.0,1.0,100.0,100.0,179.5332136445242,6.269299820466797,0.3105960502692998,0.0,5.958703770197497
XRPUSDT,60,SINV_FIRST_FVG,TRAIL_a0.06_t0.04,p4,1,2024-11-13 00:00:00+00:00,0.7048,2024-11-13 02:00:00+00:00,0.6836559999999999,initial_sl,False,0.6836559999999999,,False,100.0,1.0,100.0,100.0,141.88422247446084,-3.0000000000000075,0.3155,0.0,-3.3155000000000077
XRPUSDT,60,SINV_FIRST_FVG,TRAIL_a0.03_t0.02,p1,-1,2024-04-22 00:00:00+00:00,0.5243,2024-04-22 15:00:00+00:00,0.540029,initial_sl,False,0.540029,,False,100.0,1.0,100.0,100.0,190.7304978065993,-2.9999999999999987,0.3245,0.0,-3.3244999999999987
XRPUSDT,60,SINV_FIRST_FVG,TRAIL_a0.03_t0.02,p2,1,2024-07-21 00:00:00+00:00,0.5934,2024-07-21 13:00:00+00:00,0.575598,initial_sl,False,0.575598,,False,100.0,1.0,100.0,100.0,168.52039096730704,-2.9999999999999973,0.3155,0.0,-3.3154999999999974
XRPUSDT,60,SINV_FIRST_FVG,TRAIL_a0.03_t0.02,p3,-1,2024-09-04 00:00:00+00:00,0.557,2024-09-04 01:00:00+00:00,0.552,trailing_sl,True,0.57371,0.542334,True,100.0,1.0,100.0,100.0,179.5332136445242,0.8976660682226218,0.3186535008976661,0.0,0.5790125673249558
XRPUSDT,60,SINV_FIRST_FVG,TRAIL_a0.03_t0.02,p4,1,2024-11-13 00:00:00+00:00,0.7048,2024-11-13 00:00:00+00:00,0.7048,trailing_sl,True,0.6836559999999999,0.727062,True,100.0,1.0,100.0,100.0,141.88422247446084,0.0,0.32,0.0,-0.32
XRPUSDT,60,SINV_MSS_CLOSE,NO_TRAIL,p1,1,2024-03-03 00:00:00+00:00,0.645,2024-03-03 07:00:00+00:00,0.62565,initial_sl,False,0.62565,,False,100.0,1.0,100.0,100.0,155.03875968992247,-2.9999999999999964,0.3155,0.0,-3.3154999999999966
XRPUSDT,60,SINV_MSS_CLOSE,NO_TRAIL,p2,-1,2024-04-17 00:00:00+00:00,0.4959,2024-04-20 03:00:00+00:00,0.510777,initial_sl,False,0.510777,,False,100.0,1.0,100.0,100.0,201.6535591853196,-3.0000000000000058,0.3245,0.0,-3.324500000000006
XRPUSDT,60,SINV_MSS_CLOSE,NO_TRAIL,p3,1,2024-07-21 00:00:00+00:00,0.5934,2024-07-21 13:00:00+00:00,0.575598,initial_sl,False,0.575598,,False,100.0,1.0,100.0,100.0,168.52039096730704,-2.9999999999999973,0.3155,0.0,-3.3154999999999974
XRPUSDT,60,SINV_MSS_CLOSE,NO_TRAIL,p4,1,2024-11-13 00:00:00+00:00,0.7048,2024-11-13 02:00:00+00:00,0.6836559999999999,initial_sl,False,0.6836559999999999,,False,100.0,1.0,100.0,100.0,141.88422247446084,-3.0000000000000075,0.3155,0.0,-3.3155000000000077
XRPUSDT,60,SINV_MSS_CLOSE,NO_TRAIL,p5,1,2025-01-17 00:00:00+00:00,3.2433,2025-01-18 05:00:00+00:00,3.146001,initial_sl,False,3.146001,,False,100.0,1.0,100.0,100.0,30.83279375944254,-3.0000000000000004,0.3155,0.0,-3.3155000000000006
XRPUSDT,60,SINV_MSS_CLOSE,TP_x2,p1,1,2024-03-03 00:00:00+00:00,0.645,2024-03-03 07:00:00+00:00,0.62565,initial_sl,False,0.62565,,False,100.0,1.0,100.0,100.0,155.03875968992247,-2.9999999999999964,0.3155,0.0,-3.3154999999999966
XRPUSDT,60,SINV_MSS_CLOSE,TP_x2,p2,-1,2024-04-17 00:00:00+00:00,0.4959,2024-04-19 02:00:00+00:00,0.46614599999999995,take_profit,False,0.510777,,False,100.0,1.0,100.0,100.0,201.6535591853196,6.0000000000000115,0.311,0.0,5.689000000000012
XRPUSDT,60,SINV_MSS_CLOSE,TP_x2,p3,1,2024-07-21 00:00:00+00:00,0.5934,2024-07-21 13:00:00+00:00,0.575598,initial_sl,False,0.575598,,False,100.0,1.0,100.0,100.0,168.52039096730704,-2.9999999999999973,0.3155,0.0,-3.3154999999999974
XRPUSDT,60,SINV_MSS_CLOSE,TP_x2,p4,1,2024-11-13 00:00:00+00:00,0.7048,2024-11-13 02:00:00+00:00,0.6836559999999999,initial_sl,False,0.6836559999999999,,False,100.0,1.0,100.0,100.0,141.88422247446084,-3.0000000000000075,0.3155,0.0,-3.3155000000000077
XRPUSDT,60,SINV_MSS_CLOSE,TP_x2,p5,1,2025-01-17 00:00:00+00:00,3.2433,2025-01-18 05:00:00+00:00,3.146001,initial_sl,False,3.146001,,False,100.0,1.0,100.0,100.0,30.83279375944254,-3.0000000000000004,0.3155,0.0,-3.3155000000000006
XRPUSDT,60,SINV_MSS_CLOSE,TRAIL_a0.06_t0.04,p1,1,2024-03-03 00:00:00+00:00,0.645,2024-03-03 07:00:00+00:00,0.62565,initial_sl,False,0.62565,,False,100.0,1.0,100.0,100.0,155.03875968992247,-2.9999999999999964,0.3155,0.0,-3.3154999999999966
XRPUSDT,60,SINV_MSS_CLOSE,TRAIL_a0.06_t0.04,p2,-1,2024-04-17 00:00:00+00:00,0.4959,2024-04-19 03:00:00+00:00,0.484744,trailing_sl,False,0.510777,0.484744,True,100.0,1.0,100.0,100.0,201.6535591853196,2.2496471062714254,0.3166255293405929,0.0,1.9330215769308325
XRPUSDT,60,SINV_MSS_CLOSE,TRAIL_a0.06_t0.04,p3,1,2024-07-21 00:00:00+00:00,0.5934,2024-07-21 13:00:00+00:00,0.575598,initial_sl,False,0.575598,,False,100.0,1.0,100.0,100.0,168.52039096730704,-2.9999999999999973,0.3155,0.0,-3.3154999999999974
XRPUSDT,60,SINV_MSS_CLOSE,TRAIL_a0.06_t0.04,p4,1,2024-11-13 00:00:00+00:00,0.7048,2024-11-13 02:00:00+00:00,0.6836559999999999,initial_sl,False,0.6836559999999999,,False,100.0,1.0,100.0,100.0,141.88422247446084,-3.0000000000000075,0.3155,0.0,-3.3155000000000077
XRPUSDT,60,SINV_MSS_CLOSE,TRAIL_a0.06_t0.04,p5,1,2025-01-17 00:00:00+00:00,3.2433,2025-01-18 05:00:00+00:00,3.146001,initial_sl,False,3.146001,,False,100.0,1.0,100.0,100.0,30.83279375944254,-3.0000000000000004,0.3155,0.0,-3.3155000000000006
XRPUSDT,60,SINV_MSS_CLOSE,TRAIL_a0.03_t0.02,p1,1,2024-03-03 00:00:00+00:00,0.645,2024-03-03 07:00:00+00:00,0.62565,initial_sl,False,0.62565,,False,100.0,1.0,100.0,100.0,155.03875968992247,-2.9999999999999964,0.3155,0.0,-3.3154999999999966
XRPUSDT,60,SINV_MSS_CLOSE,TRAIL_a0.03_t0.02,p2,-1,2024-04-17 00:00:00+00:00,0.4959,2024-04-17 14:00:00+00:00,0.4916,trailing_sl,True,0.510777,0.487356,True,100.0,1.0,100.0,100.0,201.6535591853196,0.8671103044968795,0.3186993345432547,0.0,0.5484109699536248
XRPUSDT,60,SINV_MSS_CLOSE,TRAIL_a0.03_t0.02,p3,1,2024-07-21 00:00:00+00:00,0.5934,2024-07-21 13:00:00+00:00,0.575598,initial_sl,False,0.575598,,False,100.0,1.0,100.0,100.0,168.52039096730704,-2.9999999999999973,0.3155,0.0,-3.3154999999999974
XRPUSDT,60,SINV_MSS_CLOSE,TRAIL_a0.03_t0.02,p4,1,2024-11-13 00:00:00+00:00,0.7048,2024-11-13 00:00:00+00:00,0.7048,trailing_sl,True,0.6836559999999999,0.727062,True,100.0,1.0,100.0,100.0,141.88422247446084,0.0,0.32,0.0,-0.32
XRPUSDT,60,SINV_MSS_CLOSE,TRAIL_a0.03_t0.02,p5,1,2025-01-17 00:00:00+00:00,3.2433,2025-01-17 02:00:00+00:00,3.2793,trailing_sl,True,3.146001,3.281138,True,100.0,1.0,100.0,100.0,30.83279375944254,1.1099805753399326,0.32166497086300994,0.0,0.7883156044769226
XRPUSDT,60,SINV_MSS_IN_FVG,NO_TRAIL,p1,1,2024-07-21 00:00:00+00:00,0.5934,2024-07-21 13:00:00+00:00,0.575598,initial_sl,False,0.575598,,False,100.0,1.0,100.0,100.0,168.52039096730704,-2.9999999999999973,0.3155,0.0,-3.3154999999999974
XRPUSDT,60,SINV_MSS_IN_FVG,TP_x2,p1,1,2024-07-21 00:00:00+00:00,0.5934,2024-07-21 13:00:00+00:00,0.575598,initial_sl,False,0.575598,,False,100.0,1.0,100.0,100.0,168.52039096730704,-2.9999999999999973,0.3155,0.0,-3.3154999999999974
XRPUSDT,60,SINV_MSS_IN_FVG,TRAIL_a0.06_t0.04,p1,1,2024-07-21 00:00:00+00:00,0.5934,2024-07-21 13:00:00+00:00,0.575598,initial_sl,False,0.575598,,False,100.0,1.0,100.0,100.0,168.52039096730704,-2.9999999999999973,0.3155,0.0,-3.3154999999999974
XRPUSDT,60,SINV_MSS_IN_FVG,TRAIL_a0.03_t0.02,p1,1,2024-07-21 00:00:00+00:00,0.5934,2024-07-21 13:00:00+00:00,0.575598,initial_sl,False,0.575598,,False,100.0,1.0,100.0,100.0,168.52039096730704,-2.9999999999999973,0.3155,0.0,-3.3154999999999974
XRPUSDT,60,SINV_FIRST_H4,NO_TRAIL,p1,-1,2024-09-04 08:00:00+00:00,0.5542,2024-09-12 12:00:00+00:00,0.5708260000000001,initial_sl,False,0.5708260000000001,,False,100.0,1.0,100.0,100.0,180.44027426921687,-3.000000000000005,0.3245,0.0,-3.324500000000005
XRPUSDT,60,SINV_FIRST_H4,NO_TRAIL,p2,1,2024-11-13 20:00:00+00:00,0.6815,2025-02-28 23:00:00+00:00,2.145,end_of_data,False,0.661055,,False,100.0,1.0,100.0,100.0,146.7351430667645,214.74688187820985,0.6421203228173148,0.0,214.10476155539254
XRPUSDT,60,SINV_FIRST_H4,TP_x2,p1,-1,2024-09-04 08:00:00+00:00,0.5542,2024-09-06 16:00:00+00:00,0.520948,take_profit,False,0.5708260000000001,,False,100.0,1.0,100.0,100.0,180.44027426921687,6.00000000000001,0.311,0.0,5.68900000000001
XRPUSDT,60,SINV_FIRST_H4,TP_x2,p2,1,2024-11-13 20:00:00+00:00,0.6815,2024-11-14 12:00:00+00:00,0.7223900000000001,take_profit,False,0.661055,,False,100.0,1.0,100.0,100.0,146.7351430667645,6.000000000000014,0.329,0.0,5.6710000000000145
XRPUSDT,60,SINV_FIRST_H4,TRAIL_a0.06_t0.04,p1,-1,2024-09-04 08:00:00+00:00,0.5542,2024-09-07 00:00:00+00:00,0.52208,trailing_sl,False,0.5708260000000001,0.52208,True,100.0,1.0,100.0,100.0,180.44027426921687,5.795741609527252,0.31130638758570917,0.0,5.484435221941543
XRPUSDT,60,SINV_FIRST_H4,TRAIL_a0.06_t0.04,p2,1,2024-11-13 20:00:00+00:00,0.6815,2024-11-14 14:00:00+00:00,0.725664,trailing_sl,False,0.661055,0.725664,True,100.0,1.0,100.0,100.0,146.7351430667645,6.480410858400584,0.32972061628760085,0.0,6.150690242112984
XRPUSDT,60,SINV_FIRST_H4,TRAIL_a0.03_t0.02,p1,-1,2024-09-04 08:00:00+00:00,0.5542,2024-09-06 07:00:00+00:00,0.5431,trailing_sl,True,0.5708260000000001,0.542946,True,100.0,1.0,100.0,100.0,180.44027426921687,2.002887044388307,0.3169956694334175,0.0,1.6858913749548896
XRPUSDT,60,SINV_FIRST_H4,TRAIL_a0.03_t0.02,p2,1,2024-11-13 20:00:00+00:00,0.6815,2024-11-14 01:00:00+00:00,0.6844,trailing_sl,True,0.661055,0.69139,True,100.0,1.0,100.0,100.0,146.7351430667645,0.425531914893619,0.3206382978723405,0.0,0.10489361702127853
XRPUSDT,60,DONCHIAN_55,NO_TRAIL,p1,1,2024-01-29 21:00:00+00:00,0.5387,2024-01-30 18:00:00+00:00,0.522539,initial_sl,False,0.522539,,False,100.0,1.0,100.0,100.0,185.63207722294413,-2.9999999999999964,0.3155,0.0,-3.3154999999999966
XRPUSDT,60,DONCHIAN_55,NO_TRAIL,p2,-1,2024-01-30 20:00:00+00:00,0.5143,2024-02-03 10:00:00+00:00,0.5186,signal_reverse,False,0.529729,,False,100.0,1.0,100.0,100.0,194.4390433599067,-0.836087886447593,0.32125413182967144,0.0,-1.1573420182772645
XRPUSDT,60,DONCHIAN_55,NO_TRAIL,p3,1,2024-02-03 11:00:00+00:00,0.5186,2024-02-04 22:00:00+00:00,0.503042,initial_sl,False,0.503042,,False,100.0,1.0,100.0,100.0,192.8268414963363,-2.9999999999999925,0.3155,0.0,-3.3154999999999926
XRPUSDT,60,DONCHIAN_55,NO_TRAIL,p4,-1,2024-02-12 07:00:00+00:00,0.5177,2024-02-12 17:00:00+00:00,0.533231,initial_sl,False,0.533231,,False,100.0,1.0,100.0,100.0,193.16206297083252,-2.9999999999999925,0.3245,0.0,-3.3244999999999925
XRPUSDT,60,DONCHIAN_55,NO_TRAIL,p5,1,2024-02-14 20:00:00+00:00,0.539,2024-02-21 09:00:00+00:00,0.5381,signal_reverse,False,0.52283,,False,100.0,1.0,100.0,100.0,185.52875695732837,-0.16697588126159774,0.31974953617810764,0.0,-0.4867254174397054
XRPUSDT,60,DONCHIAN_55,NO_TRAIL,p6,-1,2024-02-21 10:00:00+00:00,0.5381,2024-02-26 17:00:00+00:00,0.5497,signal_reverse,False,0.554243,,False,100.0,1.0,100.0,100.0,185.8390633711206,-2.1557331351049887,0.32323359970265747,0.0,-2.478966734807646
XRPUSDT,60,DONCHIAN_55,NO_TRAIL,p7,1,2024-02-26 18:00:00+00:00,0.5497,2024-02-28 17:00:00+00:00,0.5332089999999999,initial_sl,False,0.5332089999999999,,False,100.0,1.0,100.0,100.0,181.9174094960888,-3.000000000000006,0.3155,0.0,-3.3155000000000063
XRPUSDT,60,DONCHIAN_55,NO_TRAIL,p8,-1,2024-03-05 20:00:00+00:00,0.5681,2024-03-05 21:00:00+00:00,0.5851430000000001,initial_sl,False,0.5851430000000001,,False,100.0,1.0,100.0,100.0,176.0253476500616,-3.0000000000000053,0.3245,0.0,-3.3245000000000053
XRPUSDT,60,DONCHIAN_55,NO_TRAIL,p9,1,2024-03-11 16:00:00+00:00,0.6941,2024-03-12 17:00:00+00:00,0.673277,initial_sl,False,0.673277,,False,100.0,1.0,100.0,100.0,144.07145944388415,-3.000000000000005,0.3155,0.0,-3.315500000000005
XRPUSDT,60,DONCHIAN_55,NO_TRAIL,p10,-1,2024-03-14 20:00:00+00:00,0.6521,2024-03-14 22:00:00+00:00,0.671663,initial_sl,False,0.671663,,False,100.0,1.0,100.0,100.0,153.35071308081584,-2.9999999999999996,0.3245,0.0,-3.3244999999999996
XRPUSDT,60,DONCHIAN_55,NO_TRAIL,p11,1,2024-03-18 23:00:00+00:00,0.6333,2024-03-19 02:00:00+00:00,0.614301,initial_sl,False,0.614301,,False,100.0,1.0,100.0,100.0,157.90304752881732,-2.9999999999999987,0.3155,0.0,-3.315499999999999
XRPUSDT,60,DONCHIAN_55,NO_TRAIL,p12,-1,2024-03-27 08:00:00+00:00,0.6209,2024-03-29 14:00:00+00:00,0.639527,initial_sl,False,0.639527,,False,100.0,1.0,100.0,100.0,161.05653084232566,-2.999999999999992,0.3245,0.0,-3.324499999999992
XRPUSDT,60,DONCHIAN_55,NO_TRAIL,p13,1,2024-04-07 14:00:00+00:00,0.5999,2024-04-12 17:00:00+00:00,0.581903,initial_sl,False,0.581903,,False,100.0,1.0,100.0,100.0,166.6944490748458,-3.0000000000000067,0.3155,0.0,-3.3155000000000068
XRPUSDT,60,DONCHIAN_55,NO_TRAIL,p14,-1,2024-04-12 18:00:00+00:00,0.5747,2024-04-19 19:00:00+00:00,0.5062,signal_reverse,False,0.5919409999999999,,False,100.0,1.0,100.0,100.0,174.00382808421784,11.919262223768923,0.3021211066643466,0.0,11.617141117104577
XRPUSDT,60,DONCHIAN_55,NO_TRAIL,p15,1,2024-04-19 20:00:00+00:00,0.5062,2024-04-25 10:00:00+00:00,0.5169,signal_reverse,False,0.491014,,False,100.0,1.0,100.0,100.0,197.55037534571315,2.113789016199139,0.32317068352429873,0.0,1.7906183326748404
XRPUSDT,60,DONCHIAN_55,NO_TRAIL,p16,-1,2024-04-25 11:00:00+00:00,0.5169,2024-04-26 05:00:00+00:00,0.5324070000000001,initial_sl,False,0.5324070000000001,,False,100.0,1.0,100.0,100.0,193.4610176049526,-3.0000000000000093,0.3245,0.0,-3.3245000000000093
XRPUSDT,60,DONCHIAN_55,NO_TRAIL,p17,1,2024-05-03 20:00:00+00:00,0.5303,2024-05-07 23:00:00+00:00,0.5241,signal_reverse,False,0.514391,,False,100.0,1.0,100.0,100.0,188.57250612860645,-1.1691495379973569,0.318246275693004,0.0,-1.487395813690361
XRPUSDT,60,DONCHIAN_55,NO_TRAIL,p18,-1,2024-05-08 00:00:00+00:00,0.5241,2024-05-13 16:00:00+00:00,0.5105,signal_reverse,False,0.539823,,False,100.0,1.0,100.0,100.0,190.80328181644725,2.5949246327036932,0.31610761305094454,0.0,2.278817019652749
XRPUSDT,60,DONCHIAN_55,NO_TRAIL,p19,1,2024-05-13 17:00:00+00:00,0.5105,2024-05-19 12:00:00+00:00,0.5141,signal_reverse,False,0.49518499999999993,,False,100.0,1.0,100.0,100.0,195.88638589618023,0.7051909892262581,0.3210577864838394,0.0,0.3841332027424187
XRPUSDT,60,DONCHIAN_55,NO_TRAIL,p20,-1,2024-05-19 13:00:00+00:00,0.5141,2024-05-20 19:00:00+00:00,0.529523,initial_sl,False,0.529523,,False,100.0,1.0,100.0,100.0,194.51468585878234,-2.9999999999999933,0.3245,0.0,-3.3244999999999933
XRPUSDT,60,DONCHIAN_55,NO_TRAIL,p21,1,2024-05-20 20:00:00+00:00,0.5335,2024-05-23 12:00:00+00:00,0.5174949999999999,initial_sl,False,0.5174949999999999,,False,100.0,1.0,100.0,100.0,187.44142455482663,-3.000000000000009,0.3155,0.0,-3.315500000000009
XRPUSDT,60,DONCHIAN_55,NO_TRAIL,p22,-1,2024-05-26 22:00:00+00:00,0.5296,2024-06-04 13:00:00+00:00,0.5275,signal_reverse,False,0.545488,,False,100.0,1.0,100.0,100.0,188.82175226586105,0.39652567975830644,0.3194052114803626,0.0,0.07712046827794383
XRPUSDT,60,DONCHIAN_55,NO_TRAIL,p23,1,2024-06-04 14:00:00+00:00,0.5275,2024-06-06 19:00:00+00:00,0.5204,signal_reverse,False,0.511675,,False,100.0,1.0,100.0,100.0,189.5734597156398,-1.3459715639810417,0.3179810426540285,0.0,-1.6639526066350703
XRPUSDT,60,DONCHIAN_55,NO_TRAIL,p24,-1,2024-06-06 20:00:00+00:00,0.5204,2024-06-10 14:00:00+00:00,0.5028,signal_reverse,False,0.5360119999999999,,False,100.0,1.0,100.0,100.0,192.15987701767872,3.3820138355111355,0.31492697924673335,0.0,3.0670868562644023
XRPUSDT,60,DONCHIAN_55,NO_TRAIL,p25,1,2024-06-10 15:00:00+00:00,0.5028,2024-06-11 01:00:00+00:00,0.48771600000000004,initial_sl,False,0.48771600000000004,,False,100.0,1.0,100.0,100.0,198.88623707239458,-2.999999999999997,0.3155,0.0,-3.315499999999997
XRPUSDT,60,DONCHIAN_55,NO_TRAIL,p26,-1,2024-06-11 02:00:00+00:00,0.4876,2024-06-15 19:00:00+00:00,0.502228,initial_sl,False,0.502228,,False,100.0,1.0,100.0,100.0,205.08613617719442,-3.000000000000006,0.3245,0.0,-3.3245000000000062
XRPUSDT,60,DONCHIAN_55,NO_TRAIL,p27,1,2024-06-15 20:00:00+00:00,0.4939,2024-06-18 01:00:00+00:00,0.479083,initial_sl,False,0.479083,,False,100.0,1.0,100.0,100.0,202.47013565499088,-3.000000000000005,0.3155,0.0,-3.315500000000005
XRPUSDT,60,DONCHIAN_55,NO_TRAIL,p28,-1,2024-06-18 02:00:00+00:00,0.4833,2024-06-18 07:00:00+00:00,0.497799,initial_sl,False,0.497799,,False,100.0,1.0,100.0,100.0,206.9108214359611,-2.999999999999997,0.3245,0.0,-3.324499999999997
XRPUSDT,60,DONCHIAN_55,NO_TRAIL,p29,1,2024-06-28 11:00:00+00:00,0.4797,2024-07-03 12:00:00+00:00,0.4748,signal_reverse,False,0.46530900000000003,,False,100.0,1.0,100.0,100.0,208.46362309776944,-1.0214717531790736,0.31846779237023143,0.0,-1.339939545549305
XRPUSDT,60,DONCHIAN_55,NO_TRAIL,p30,-1,2024-07-03 13:00:00+00:00,0.4748,2024-07-11 01:00:00+00:00,0.4426,signal_reverse,False,0.489044,,False,100.0,1.0,100.0,100.0,210.61499578770008,6.781802864363944,0.30982729570345413,0.0,6.47197556866049
XRPUSDT,60,DONCHIAN_55,NO_TRAIL,p31,1,2024-07-11 02:00:00+00:00,0.4426,2024-07-19 00:00:00+00:00,0.5515,signal_reverse,False,0.429322,,False,100.0,1.0,100.0,100.0,225.93764121102575,24.604609127880703,0.3569069136918211,0.0,24.247702214188884
XRPUSDT,60,DONCHIAN_55,NO_TRAIL,p32,-1,2024-07-19 01:00:00+00:00,0.5515,2024-07-19 14:00:00+00:00,0.568045,initial_sl,False,0.568045,,False,100.0,1.0,100.0,100.0,181.32366273798732,-3.0000000000000058,0.3245,0.0,-3.324500000000006
XRPUSDT,60,DONCHIAN_55,NO_TRAIL,p33,1,2024-07-22 12:00:00+00:00,0.6108,2024-07-23 11:00:00+00:00,0.592476,initial_sl,False,0.592476,,False,100.0,1.0,100.0,100.0,163.71971185330713,-3.000000000000001,0.3155,0.0,-3.315500000000001
XRPUSDT,60,DONCHIAN_55,NO_TRAIL,p34,-1,2024-08-01 15:00:00+00:00,0.5936,2024-08-07 19:00:00+00:00,0.5329,signal_reverse,False,0.6114080000000001,,False,100.0,1.0,100.0,100.0,168.46361185983827,10.225741239892178,0.30466138814016175,0.0,9.921079851752017
XRPUSDT,60,DONCHIAN_55,NO_TRAIL,p35,1,2024-08-07 20:00:00+00:00,0.5329,2024-08-07 20:00:00+00:00,0.5169130000000001,initial_sl,False,0.5169130000000001,,False,100.0,1.0,100.0,100.0,187.6524676299493,-2.9999999999999947,0.3155,0.0,-3.315499999999995
XRPUSDT,60,DONCHIAN_55,NO_TRAIL,p36,-1,2024-08-11 20:00:00+00:00,0.559,2024-08-12 08:00:00+00:00,0.57577,initial_sl,False,0.57577,,False,100.0,1.0,100.0,100.0,178.89087656529514,-2.999999999999991,0.3245,0.0,-3.324499999999991
XRPUSDT,60,DONCHIAN_55,NO_TRAIL,p37,1,2024-08-13 18:00:00+00:00,0.5826,2024-08-14 14:00:00+00:00,0.565122,initial_sl,False,0.565122,,False,100.0,1.0,100.0,100.0,171.64435290078956,-2.9999999999999987,0.3155,0.0,-3.315499999999999
XRPUSDT,60,DONCHIAN_55,NO_TRAIL,p38,-1,2024-08-15 19:00:00+00:00,0.5612,2024-08-18 12:00:00+00:00,0.578036,initial_sl,False,0.578036,,False,100.0,1.0,100.0,100.0,178.1895937277263,-2.9999999999999933,0.3245,0.0,-3.3244999999999933
XRPUSDT,60,DONCHIAN_55,NO_TRAIL,p39,1,2024-08-19 18:00:00+00:00,0.5982,2024-08-26 17:00:00+00:00,0.5802539999999999,initial_sl,False,0.5802539999999999,,False,100.0,1.0,100.0,100.0,167.1681711802073,-3.000000000000003,0.3155,0.0,-3.3155000000000032
XRPUSDT,60,DONCHIAN_55,NO_TRAIL,p40,-1,2024-08-26 18:00:00+00:00,0.5804,2024-08-27 15:00:00+00:00,0.597812,initial_sl,False,0.597812,,False,100.0,1.0,100.0,100.0,172.2949689869056,-2.9999999999999973,0.3245,0.0,-3.3244999999999973
XRPUSDT,60,DONCHIAN_55,NO_TRAIL,p41,1,2024-09-09 17:00:00+00:00,0.5358,2024-09-11 13:00:00+00:00,0.5262,signal_reverse,False,0.519726,,False,100.0,1.0,100.0,100.0,186.63680477790217,-1.7917133258678708,0.31731243001119824,0.0,-2.109025755879069
XRPUSDT,60,DONCHIAN_55,NO_TRAIL,p42,-1,2024-09-11 14:00:00+00:00,0.5262,2024-09-12 12:00:00+00:00,0.541986,initial_sl,False,0.541986,,False,100.0,1.0,100.0,100.0,190.04180919802357,-2.999999999999994,0.3245,0.0,-3.324499999999994
XRPUSDT,60,DONCHIAN_55,NO_TRAIL,p43,1,2024-09-12 13:00:00+00:00,0.5766,2024-09-12 14:00:00+00:00,0.559302,initial_sl,False,0.559302,,False,100.0,1.0,100.0,100.0,173.4304543877905,-3.000000000000006,0.3155,0.0,-3.3155000000000063
XRPUSDT,60,DONCHIAN_55,NO_TRAIL,p44,-1,2024-09-16 02:00:00+00:00,0.5623,2024-09-16 16:00:00+00:00,0.579169,initial_sl,False,0.579169,,False,100.0,1.0,100.0,100.0,177.84101013693757,-3.000000000000004,0.3245,0.0,-3.324500000000004
XRPUSDT,60,DONCHIAN_55,NO_TRAIL,p45,1,2024-09-21 17:00:00+00:00,0.6043,2024-09-22 14:00:00+00:00,0.586171,initial_sl,False,0.586171,,False,100.0,1.0,100.0,100.0,165.48072149594574,-2.9999999999999925,0.3155,0.0,-3.3154999999999926
XRPUSDT,60,DONCHIAN_55,NO_TRAIL,p46,-1,2024-09-26 01:00:00+00:00,0.5771,2024-09-26 16:00:00+00:00,0.594413,initial_sl,False,0.594413,,False,100.0,1.0,100.0,100.0,173.28019407381737,-3.000000000000004,0.3245,0.0,-3.324500000000004
XRPUSDT,60,DONCHIAN_55,NO_TRAIL,p47,1,2024-09-28 08:00:00+00:00,0.6074,2024-10-01 17:00:00+00:00,0.5891780000000001,initial_sl,False,0.5891780000000001,,False,100.0,1.0,100.0,100.0,164.63615409944023,-2.9999999999999933,0.3155,0.0,-3.3154999999999935
XRPUSDT,60,DONCHIAN_55,NO_TRAIL,p48,-1,2024-10-02 19:00:00+00:00,0.5689,2024-10-07 01:00:00+00:00,0.5389,signal_reverse,False,0.5859669999999999,,False,100.0,1.0,100.0,100.0,175.77781683951486,5.273334505185431,0.3120899982422219,0.0,4.961244506943209
XRPUSDT,60,DONCHIAN_55,NO_TRAIL,p49,1,2024-10-07 02:00:00+00:00,0.5389,2024-10-08 15:00:00+00:00,0.522733,initial_sl,False,0.522733,,False,100.0,1.0,100.0,100.0,185.56318426424195,-3.0000000000000075,0.3155,0.0,-3.3155000000000077
XRPUSDT,60,DONCHIAN_55,NO_TRAIL,p50,-1,2024-10-13 11:00:00+00:00,0.5311,2024-10-14 15:00:00+00:00,0.547033,initial_sl,False,0.547033,,False,100.0,1.0,100.0,100.0,188.28845791752966,-2.999999999999995,0.3245,0.0,-3.324499999999995
XRPUSDT,60,DONCHIAN_55,NO_TRAIL,p51,1,2024-10-14 16:00:00+00:00,0.5491,2024-10-15 15:00:00+00:00,0.5326270000000001,initial_sl,False,0.5326270000000001,,False,100.0,1.0,100.0,100.0,182.11619012930248,-2.9999999999999925,0.3155,0.0,-3.3154999999999926
XRPUSDT,60,DONCHIAN_55,NO_TRAIL,p52,-1,2024-10-22 10:00:00+00:00,0.534,2024-10-28 09:00:00+00:00,0.5193,signal_reverse,False,0.5500200000000001,,False,100.0,1.0,100.0,100.0,187.26591760299624,2.752808988764053,0.3158707865168539,0.0,2.4369382022471995
XRPUSDT,60,DONCHIAN_55,NO_TRAIL,p53,1,2024-10-28 10:00:00+00:00,0.5193,2024-10-31 13:00:00+00:00,0.5145,signal_reverse,False,0.503721,,False,100.0,1.0,100.0,100.0,192.56691700365877,-0.9243212016175673,0.31861351819757366,0.0,-1.2429347198151408
XRPUSDT,60,DONCHIAN_55,NO_TRAIL,p54,-1,2024-10-31 14:00:00+00:00,0.5145,2024-11-06 00:00:00+00:00,0.5201,signal_reverse,False,0.5299349999999999,,False,100.0,1.0,100.0,100.0,194.36345966958214,-1.0884353741496695,0.3216326530612245,0.0,-1.410068027210894
XRPUSDT,60,DONCHIAN_55,NO_TRAIL,p55,1,2024-11-06 01:00:00+00:00,0.5201,2024-11-24 12:00:00+00:00,1.3383,signal_reverse,False,0.504497,,False,100.0,1.0,100.0,100.0,192.27071716977505,157.31590078830996,0.555973851182465,0.0,156.7599269371275
XRPUSDT,60,DONCHIAN_55,NO_TRAIL,p56,-1,2024-11-24 13:00:00+00:00,1.3383,2024-11-24 13:00:00+00:00,1.378449,initial_sl,False,1.378449,,False,100.0,1.0,100.0,100.0,74.72166180975864,-2.999999999999999,0.3245,0.0,-3.324499999999999
XRPUSDT,60,DONCHIAN_55,NO_TRAIL,p57,1,2024-11-29 00:00:00+00:00,1.544,2024-12-05 01:00:00+00:00,2.2375,signal_reverse,False,1.4976800000000001,,False,100.0,1.0,100.0,100.0,64.76683937823834,44.91580310880828,0.3873737046632125,0.0,44.528429404145065
XRPUSDT,60,DONCHIAN_55,NO_TRAIL,p58,-1,2024-12-05 02:00:00+00:00,2.2375,2024-12-05 02:00:00+00:00,2.3046249999999997,initial_sl,False,2.3046249999999997,,False,100.0,1.0,100.0,100.0,44.692737430167604,-2.999999999999995,0.3245,0.0,-3.324499999999995
XRPUSDT,60,DONCHIAN_55,NO_TRAIL,p59,1,2024-12-07 16:00:00+00:00,2.5424,2024-12-09 00:00:00+00:00,2.4661280000000003,initial_sl,False,2.4661280000000003,,False,100.0,1.0,100.0,100.0,39.33291378225299,-2.9999999999999956,0.3155,0.0,-3.3154999999999957
XRPUSDT,60,DONCHIAN_55,NO_TRAIL,p60,-1,2024-12-09 09:00:00+00:00,2.3705,2024-12-09 13:00:00+00:00,2.4416149999999996,initial_sl,False,2.4416149999999996,,False,100.0,1.0,100.0,100.0,42.185192997257964,-2.9999999999999925,0.3245,0.0,-3.3244999999999925
XRPUSDT,60,DONCHIAN_55,NO_TRAIL,p61,1,2024-12-14 06:00:00+00:00,2.5166,2024-12-14 10:00:00+00:00,2.441102,initial_sl,False,2.441102,,False,100.0,1.0,100.0,100.0,39.73615195104506,-3.0000000000000027,0.3155,0.0,-3.315500000000003
XRPUSDT,60,DONCHIAN_55,NO_TRAIL,p62,-1,2024-12-16 12:00:00+00:00,2.3494,2024-12-16 16:00:00+00:00,2.4198820000000003,initial_sl,False,2.4198820000000003,,False,100.0,1.0,100.0,100.0,42.56405890865753,-3.0000000000000067,0.3245,0.0,-3.3245000000000067
XRPUSDT,60,DONCHIAN_55,NO_TRAIL,p63,1,2024-12-16 17:00:00+00:00,2.5174,2024-12-17 00:00:00+00:00,2.441878,initial_sl,False,2.441878,,False,100.0,1.0,100.0,100.0,39.72352427107333,-2.9999999999999947,0.3155,0.0,-3.315499999999995
XRPUSDT,60,DONCHIAN_55,NO_TRAIL,p64,-1,2024-12-18 21:00:00+00:00,2.328,2024-12-19 10:00:00+00:00,2.39784,initial_sl,False,2.39784,,False,100.0,1.0,100.0,100.0,42.9553264604811,-3.0000000000000058,0.3245,0.0,-3.324500000000006
XRPUSDT,60,DONCHIAN_55,NO_TRAIL,p65,1,2024-12-24 14:00:00+00:00,2.3216,2024-12-26 04:00:00+00:00,2.251952,initial_sl,False,2.251952,,False,100.0,1.0,100.0,100.0,43.0737422467264,-2.9999999999999973,0.3155,0.0,-3.3154999999999974
XRPUSDT,60,DONCHIAN_55,NO_TRAIL,p66,-1,2024-12-26 09:00:00+00:00,2.1859,2025-01-01 12:00:00+00:00,2.167,signal_reverse,False,2.2514770000000004,,False,100.0,1.0,100.0,100.0,45.747746923464014,0.8646324168534864,0.31870305137471977,0.0,0.5459293654787666
XRPUSDT,60,DONCHIAN_55,NO_TRAIL,p67,1,2025-01-01 13:00:00+00:00,2.167,2025-01-05 09:00:00+00:00,2.3489,signal_reverse,False,2.10199,,False,100.0,1.0,100.0,100.0,46.14674665436087,8.39409321642825,0.3325911398246424,0.0,8.061502076603606
XRPUSDT,60,DONCHIAN_55,NO_TRAIL,p68,-1,2025-01-05 10:00:00+00:00,2.3489,2025-01-06 02:00:00+00:00,2.419367,initial_sl,False,2.419367,,False,100.0,1.0,100.0,100.0,42.57311933245349,-2.999999999999993,0.3245,0.0,-3.324499999999993
XRPUSDT,60,DONCHIAN_55,NO_TRAIL,p69,1,2025-01-11 11:00:00+00:00,2.3858,2025-01-26 23:00:00+00:00,3.0205,signal_reverse,False,2.314226,,False,100.0,1.0,100.0,100.0,41.914661748679684,26.603235811886996,0.35990485371783054,0.0,26.243330958169167
XRPUSDT,60,DONCHIAN_55,NO_TRAIL,p70,-1,2025-01-27 00:00:00+00:00,3.0205,2025-01-28 04:00:00+00:00,3.1111150000000003,initial_sl,False,3.1111150000000003,,False,100.0,1.0,100.0,100.0,33.10710147326601,-3.0000000000000036,0.3245,0.0,-3.3245000000000036
XRPUSDT,60,DONCHIAN_55,NO_TRAIL,p71,1,2025-01-28 13:00:00+00:00,3.1681,2025-01-28 20:00:00+00:00,3.073057,initial_sl,False,3.073057,,False,100.0,1.0,100.0,100.0,31.56466020643288,-3.0,0.3155,0.0,-3.3155
XRPUSDT,60,DONCHIAN_55,NO_TRAIL,p72,-1,2025-02-01 10:00:00+00:00,2.9736,2025-02-11 05:00:00+00:00,2.5157,signal_reverse,False,3.062808,,False,100.0,1.0,100.0,100.0,33.629270917406515,15.398843153080442,0.2969017352703794,0.0,15.101941417810062
XRPUSDT,60,DONCHIAN_55,NO_TRAIL,p73,1,2025-02-11 06:00:00+00:00,2.5157,2025-02-11 13:00:00+00:00,2.440229,initial_sl,False,2.440229,,False,100.0,1.0,100.0,100.0,39.75036769090114,-2.999999999999994,0.3155,0.0,-3.315499999999994
XRPUSDT,60,DONCHIAN_55,NO_TRAIL,p74,-1,2025-02-17 17:00:00+00:00,2.616,2025-02-19 21:00:00+00:00,2.69448,initial_sl,False,2.69448,,False,100.0,1.0,100.0,100.0,38.2262996941896,-2.999999999999995,0.3245,0.0,-3.324499999999995
XRPUSDT,60,DONCHIAN_55,NO_TRAIL,p75,1,2025-02-20 00:00:00+00:00,2.7355,2025-02-21 01:00:00+00:00,2.653435,initial_sl,False,2.653435,,False,100.0,1.0,100.0,100.0,36.55638822884299,-3.000000000000002,0.3155,0.0,-3.3155000000000023
XRPUSDT,60,DONCHIAN_55,NO_TRAIL,p76,-1,2025-02-21 20:00:00+00:00,2.524,2025-02-22 01:00:00+00:00,2.59972,initial_sl,False,2.59972,,False,100.0,1.0,100.0,100.0,39.61965134706814,-3.0,0.3245,0.0,-3.3245
DOGEUSDT,60,SINV_FIRST_FVG,NO_TRAIL,p1,-1,2024-12-28 00:00:00+00:00,0.31172,2024-12-28 14:00:00+00:00,0.3210716,initial_sl,False,0.3210716,,False,100.0,1.0,100.0,100.0,320.80071859360964,-3.000000000000005,0.3245,0.0,-3.324500000000005
DOGEUSDT,60,SINV_FIRST_FVG,NO_TRAIL,p2,-1,2025-02-06 00:00:00+00:00,0.256,2025-02-06 06:00:00+00:00,0.26368,initial_sl,False,0.26368,,False,100.0,1.0,100.0,100.0,390.625,-3.000000000000008,0.3245,0.0,-3.324500000000008
DOGEUSDT,60,SINV_FIRST_FVG,TP_x2,p1,-1,2024-12-28 00:00:00+00:00,0.31172,2024-12-28 14:00:00+00:00,0.3210716,initial_sl,False,0.3210716,,False,100.0,1.0,100.0,100.0,320.80071859360964,-3.000000000000005,0.3245,0.0,-3.324500000000005
DOGEUSDT,60,SINV_FIRST_FVG,TP_x2,p2,-1,2025-02-06 00:00:00+00:00,0.256,2025-02-06 06:00:00+00:00,0.26368,initial_sl,False,0.26368,,False,100.0,1.0,100.0,100.0,390.625,-3.000000000000008,0.3245,0.0,-3.324500000000008
DOGEUSDT,60,SINV_FIRST_FVG,TRAIL_a0.06_t0.04,p1,-1,2024-12-28 00:00:00+00:00,0.31172,2024-12-28 14:00:00+00:00,0.3210716,initial_sl,False,0.3210716,,False,100.0,1.0,100.0,100.0,320.80071859360964,-3.000000000000005,0.3245,0.0,-3.324500000000005
DOGEUSDT,60,SINV_FIRST_FVG,TRAIL_a0.06_t0.04,p2,-1,2025-02-06 00:00:00+00:00,0.256,2025-02-06 06:00:00+00:00,0.26368,initial_sl,False,0.26368,,False,100.0,1.0,100.0,100.0,390.625,-3.000000000000008,0.3245,0.0,-3.324500000000008
DOGEUSDT,60,SINV_FIRST_FVG,TRAIL_a0.03_t0.02,p1,-1,2024-12-28 00:00:00+00:00,0.31172,2024-12-28 14:00:00+00:00,0.3210716,initial_sl,False,0.3210716,,False,100.0,1.0,100.0,100.0,320.80071859360964,-3.000000000000005,0.3245,0.0,-3.324500000000005
DOGEUSDT,60,SINV_FIRST_FVG,TRAIL_a0.03_t0.02,p2,-1,2025-02-06 00:00:00+00:00,0.256,2025-02-06 06:00:00+00:00,0.26368,initial_sl,False,0.26368,,False,100.0,1.0,100.0,100.0,390.625,-3.000000000000008,0.3245,0.0,-3.324500000000008
DOGEUSDT,60,SINV_MSS_CLOSE,NO_TRAIL,p1,1,2024-05-22 00:00:00+00:00,0.17035,2024-05-22 11:00:00+00:00,0.1652395,initial_sl,False,0.1652395,,False,100.0,1.0,100.0,100.0,587.026709715292,-2.999999999999994,0.3155,0.0,-3.315499999999994
DOGEUSDT,60,SINV_MSS_CLOSE,NO_TRAIL,p2,-1,2024-07-06 00:00:00+00:00,0.10535,2024-07-06 00:00:00+00:00,0.1085105,initial_sl,False,0.1085105,,False,100.0,1.0,100.0,100.0,949.2168960607498,-2.9999999999999964,0.3245,0.0,-3.3244999999999965
DOGEUSDT,60,SINV_MSS_CLOSE,NO_TRAIL,p3,1,2024-09-29 00:00:00+00:00,0.12805,2024-09-30 00:00:00+00:00,0.1242085,initial_sl,False,0.1242085,,False,100.0,1.0,100.0,100.0,780.9449433814916,-2.9999999999999982,0.3155,0.0,-3.3154999999999983
DOGEUSDT,60,SINV_MSS_CLOSE,NO_TRAIL,p4,-1,2025-02-06 00:00:00+00:00,0.256,2025-02-06 06:00:00+00:00,0.26368,initial_sl,False,0.26368,,False,100.0,1.0,100.0,100.0,390.625,-3.000000000000008,0.3245,0.0,-3.324500000000008
DOGEUSDT,60,SINV_MSS_CLOSE,TP_x2,p1,1,2024-05-22 00:00:00+00:00,0.17035,2024-05-22 11:00:00+00:00,0.1652395,initial_sl,False,0.1652395,,False,100.0,1.0,100.0,100.0,587.026709715292,-2.999999999999994,0.3155,0.0,-3.315499999999994
DOGEUSDT,60,SINV_MSS_CLOSE,TP_x2,p2,-1,2024-07-06 00:00:00+00:00,0.10535,2024-07-06 00:00:00+00:00,0.1085105,initial_sl,False,0.1085105,,False,100.0,1.0,100.0,100.0,949.2168960607498,-2.9999999999999964,0.3245,0.0,-3.3244999999999965
DOGEUSDT,60,SINV_MSS_CLOSE,TP_x2,p3,1,2024-09-29 00:00:00+00:00,0.12805,2024-09-30 00:00:00+00:00,0.1242085,initial_sl,False,0.1242085,,False,100.0,1.0,100.0,100.0,780.9449433814916,-2.9999999999999982,0.3155,0.0,-3.3154999999999983
DOGEUSDT,60,SINV_MSS_CLOSE,TP_x2,p4,-1,2025-02-06 00:00:00+00:00,0.256,2025-02-06 06:00:00+00:00,0.26368,initial_sl,False,0.26368,,False,100.0,1.0,100.0,100.0,390.625,-3.000000000000008,0.3245,0.0,-3.324500000000008
DOGEUSDT,60,SINV_MSS_CLOSE,TRAIL_a0.06_t0.04,p1,1,2024-05-22 00:00:00+00:00,0.17035,2024-05-22 11:00:00+00:00,0.1652395,initial_sl,False,0.1652395,,False,100.0,1.0,100.0,100.0,587.026709715292,-2.999999999999994,0.3155,0.0,-3.315499999999994
DOGEUSDT,60,SINV_MSS_CLOSE,TRAIL_a0.06_t0.04,p2,-1,2024-07-06 00:00:00+00:00,0.10535,2024-07-06 00:00:00+00:00,0.1085105,initial_sl,False,0.1085105,,False,100.0,1.0,100.0,100.0,949.2168960607498,-2.9999999999999964,0.3245,0.0,-3.3244999999999965
DOGEUSDT,60,SINV_MSS_CLOSE,TRAIL_a0.06_t0.04,p3,1,2024-09-29 00:00:00+00:00,0.12805,2024-09-30 00:00:00+00:00,0.1242085,initial_sl,False,0.1242085,,False,100.0,1.0,100.0,100.0,780.9449433814916,-2.9999999999999982,0.3155,0.0,-3.3154999999999983
DOGEUSDT,60,SINV_MSS_CLOSE,TRAIL_a0.06_t0.04,p4,-1,2025-02-06 00:00:00+00:00,0.256,2025-02-06 06:00:00+00:00,0.26368,initial_sl,False,0.26368,,False,100.0,1.0,100.0,100.0,390.625,-3.000000000000008,0.3245,0.0,-3.324500000000008
DOGEUSDT,60,SINV_MSS_CLOSE,TRAIL_a0.03_t0.02,p1,1,2024-05-22 00:00:00+00:00,0.17035,2024-05-22 11:00:00+00:00,0.1652395,initial_sl,False,0.1652395,,False,100.0,1.0,100.0,100.0,587.026709715292,-2.999999999999994,0.3155,0.0,-3.315499999999994
DOGEUSDT,60,SINV_MSS_CLOSE,TRAIL_a0.03_t0.02,p2,-1,2024-07-06 00:00:00+00:00,0.10535,2024-07-06 00:00:00+00:00,0.1085105,initial_sl,False,0.1085105,,False,100.0,1.0,100.0,100.0,949.2168960607498,-2.9999999999999964,0.3245,0.0,-3.3244999999999965
DOGEUSDT,60,SINV_MSS_CLOSE,TRAIL_a0.03_t0.02,p3,1,2024-09-29 00:00:00+00:00,0.12805,2024-09-30 00:00:00+00:00,0.1242085,initial_sl,False,0.1242085,,False,100.0,1.0,100.0,100.0,780.9449433814916,-2.9999999999999982,0.3155,0.0,-3.3154999999999983
DOGEUSDT,60,SINV_MSS_CLOSE,TRAIL_a0.03_t0.02,p4,-1,2025-02-06 00:00:00+00:00,0.256,2025-02-06 06:00:00+00:00,0.26368,initial_sl,False,0.26368,,False,100.0,1.0,100.0,100.0,390.625,-3.000000000000008,0.3245,0.0,-3.324500000000008
DOGEUSDT,60,SINV_MSS_IN_FVG,NO_TRAIL,p1,1,2024-05-22 00:00:00+00:00,0.17035,2024-05-22 11:00:00+00:00,0.1652395,initial_sl,False,0.1652395,,False,100.0,1.0,100.0,100.0,587.026709715292,-2.999999999999994,0.3155,0.0,-3.315499999999994
DOGEUSDT,60,SINV_MSS_IN_FVG,NO_TRAIL,p2,-1,2024-07-06 00:00:00+00:00,0.10535,2024-07-06 00:00:00+00:00,0.1085105,initial_sl,False,0.1085105,,False,100.0,1.0,100.0,100.0,949.2168960607498,-2.9999999999999964,0.3245,0.0,-3.3244999999999965
DOGEUSDT,60,SINV_MSS_IN_FVG,NO_TRAIL,p3,1,2024-09-29 00:00:00+00:00,0.12805,2024-09-30 00:00:00+00:00,0.1242085,initial_sl,False,0.1242085,,False,100.0,1.0,100.0,100.0,780.9449433814916,-2.9999999999999982,0.3155,0.0,-3.3154999999999983
DOGEUSDT,60,SINV_MSS_IN_FVG,NO_TRAIL,p4,-1,2025-02-06 00:00:00+00:00,0.256,2025-02-06 06:00:00+00:00,0.26368,initial_sl,False,0.26368,,False,100.0,1.0,100.0,100.0,390.625,-3.000000000000008,0.3245,0.0,-3.324500000000008
DOGEUSDT,60,SINV_MSS_IN_FVG,TP_x2,p1,1,2024-05-22 00:00:00+00:00,0.17035,2024-05-22 11:00:00+00:00,0.1652395,initial_sl,False,0.1652395,,False,100.0,1.0,100.0,100.0,587.026709715292,-2.999999999999994,0.3155,0.0,-3.315499999999994
DOGEUSDT,60,SINV_MSS_IN_FVG,TP_x2,p2,-1,2024-07-06 00:00:00+00:00,0.10535,2024-07-06 00:00:00+00:00,0.1085105,initial_sl,False,0.1085105,,False,100.0,1.0,100.0,100.0,949.2168960607498,-2.9999999999999964,0.3245,0.0,-3.3244999999999965
DOGEUSDT,60,SINV_MSS_IN_FVG,TP_x2,p3,1,2024-09-29 00:00:00+00:00,0.12805,2024-09-30 00:00:00+00:00,0.1242085,initial_sl,False,0.1242085,,False,100.0,1.0,100.0,100.0,780.9449433814916,-2.9999999999999982,0.3155,0.0,-3.3154999999999983
DOGEUSDT,60,SINV_MSS_IN_FVG,TP_x2,p4,-1,2025-02-06 00:00:00+00:00,0.256,2025-02-06 06:00:00+00:00,0.26368,initial_sl,False,0.26368,,False,100.0,1.0,100.0,100.0,390.625,-3.000000000000008,0.3245,0.0,-3.324500000000008
DOGEUSDT,60,SINV_MSS_IN_FVG,TRAIL_a0.06_t0.04,p1,1,2024-05-22 00:00:00+00:00,0.17035,2024-05-22 11:00:00+00:00,0.1652395,initial_sl,False,0.1652395,,False,100.0,1.0,100.0,100.0,587.026709715292,-2.999999999999994,0.3155,0.0,-3.315499999999994
DOGEUSDT,60,SINV_MSS_IN_FVG,TRAIL_a0.06_t0.04,p2,-1,2024-07-06 00:00:00+00:00,0.10535,2024-07-06 00:00:00+00:00,0.1085105,initial_sl,False,0.1085105,,False,100.0,1.0,100.0,100.0,949.2168960607498,-2.9999999999999964,0.3245,0.0,-3.3244999999999965
DOGEUSDT,60,SINV_MSS_IN_FVG,TRAIL_a0.06_t0.04,p3,1,2024-09-29 00:00:00+00:00,0.12805,2024-09-30 00:00:00+00:00,0.1242085,initial_sl,False,0.1242085,,False,100.0,1.0,100.0,100.0,780.9449433814916,-2.9999999999999982,0.3155,0.0,-3.3154999999999983
DOGEUSDT,60,SINV_MSS_IN_FVG,TRAIL_a0.06_t0.04,p4,-1,2025-02-06 00:00:00+00:00,0.256,2025-02-06 06:00:00+00:00,0.26368,initial_sl,False,0.26368,,False,100.0,1.0,100.0,100.0,390.625,-3.000000000000008,0.3245,0.0,-3.324500000000008
DOGEUSDT,60,SINV_MSS_IN_FVG,TRAIL_a0.03_t0.02,p1,1,2024-05-22 00:00:00+00:00,0.17035,2024-05-22 11:00:00+00:00,0.1652395,initial_sl,False,0.1652395,,False,100.0,1.0,100.0,100.0,587.026709715292,-2.999999999999994,0.3155,0.0,-3.315499999999994
DOGEUSDT,60,SINV_MSS_IN_FVG,TRAIL_a0.03_t0.02,p2,-1,2024-07-06 00:00:00+00:00,0.10535,2024-07-06 00:00:00+00:00,0.1085105,initial_sl,False,0.1085105,,False,100.0,1.0,100.0,100.0,949.2168960607498,-2.9999999999999964,0.3245,0.0,-3.3244999999999965
DOGEUSDT,60,SINV_MSS_IN_FVG,TRAIL_a0.03_t0.02,p3,1,2024-09-29 00:00:00+00:00,0.12805,2024-09-30 00:00:00+00:00,0.1242085,initial_sl,False,0.1242085,,False,100.0,1.0,100.0,100.0,780.9449433814916,-2.9999999999999982,0.3155,0.0,-3.3154999999999983
DOGEUSDT,60,SINV_MSS_IN_FVG,TRAIL_a0.03_t0.02,p4,-1,2025-02-06 00:00:00+00:00,0.256,2025-02-06 06:00:00+00:00,0.26368,initial_sl,False,0.26368,,False,100.0,1.0,100.0,100.0,390.625,-3.000000000000008,0.3245,0.0,-3.324500000000008
DOGEUSDT,60,SINV_FIRST_H4,NO_TRAIL,p1,-1,2025-02-06 20:00:00+00:00,0.24376,2025-02-07 00:00:00+00:00,0.2510728,initial_sl,False,0.2510728,,False,100.0,1.0,100.0,100.0,410.2395799146702,-2.999999999999992,0.3245,0.0,-3.324499999999992
DOGEUSDT,60,SINV_FIRST_H4,TP_x2,p1,-1,2025-02-06 20:00:00+00:00,0.24376,2025-02-07 00:00:00+00:00,0.2510728,initial_sl,False,0.2510728,,False,100.0,1.0,100.0,100.0,410.2395799146702,-2.999999999999992,0.3245,0.0,-3.324499999999992
DOGEUSDT,60,SINV_FIRST_H4,TRAIL_a0.06_t0.04,p1,-1,2025-02-06 20:00:00+00:00,0.24376,2025-02-07 00:00:00+00:00,0.2510728,initial_sl,False,0.2510728,,False,100.0,1.0,100.0,100.0,410.2395799146702,-2.999999999999992,0.3245,0.0,-3.324499999999992
DOGEUSDT,60,SINV_FIRST_H4,TRAIL_a0.03_t0.02,p1,-1,2025-02-06 20:00:00+00:00,0.24376,2025-02-07 00:00:00+00:00,0.2510728,initial_sl,False,0.2510728,,False,100.0,1.0,100.0,100.0,410.2395799146702,-2.999999999999992,0.3245,0.0,-3.324499999999992
DOGEUSDT,60,SINV_FIRST_SMT,NO_TRAIL,p1,-1,2024-12-28 00:00:00+00:00,0.31172,2024-12-28 14:00:00+00:00,0.3210716,initial_sl,False,0.3210716,,False,100.0,1.0,100.0,100.0,320.80071859360964,-3.000000000000005,0.3245,0.0,-3.324500000000005
DOGEUSDT,60,SINV_FIRST_SMT,TP_x2,p1,-1,2024-12-28 00:00:00+00:00,0.31172,2024-12-28 14:00:00+00:00,0.3210716,initial_sl,False,0.3210716,,False,100.0,1.0,100.0,100.0,320.80071859360964,-3.000000000000005,0.3245,0.0,-3.324500000000005
DOGEUSDT,60,SINV_FIRST_SMT,TRAIL_a0.06_t0.04,p1,-1,2024-12-28 00:00:00+00:00,0.31172,2024-12-28 14:00:00+00:00,0.3210716,initial_sl,False,0.3210716,,False,100.0,1.0,100.0,100.0,320.80071859360964,-3.000000000000005,0.3245,0.0,-3.324500000000005
DOGEUSDT,60,SINV_FIRST_SMT,TRAIL_a0.03_t0.02,p1,-1,2024-12-28 00:00:00+00:00,0.31172,2024-12-28 14:00:00+00:00,0.3210716,initial_sl,False,0.3210716,,False,100.0,1.0,100.0,100.0,320.80071859360964,-3.000000000000005,0.3245,0.0,-3.324500000000005
DOGEUSDT,60,DONCHIAN_55,NO_TRAIL,p1,-1,2024-01-28 19:00:00+00:00,0.0787,2024-01-29 09:00:00+00:00,0.08106100000000001,initial_sl,False,0.08106100000000001,,False,100.0,1.0,100.0,100.0,1270.6480304955526,-3.000000000000002,0.3245,0.0,-3.3245000000000022
DOGEUSDT,60,DONCHIAN_55,NO_TRAIL,p2,1,2024-02-08 01:00:00+00:00,0.08044,2024-02-17 13:00:00+00:00,0.08331,signal_reverse,False,0.0780268,,False,100.0,1.0,100.0,100.0,1243.1626056688215,3.5678766782695144,0.3253518150174043,0.0,3.24252486325211
DOGEUSDT,60,DONCHIAN_55,NO_TRAIL,p3,-1,2024-02-17 14:00:00+00:00,0.08331,2024-02-18 22:00:00+00:00,0.08580929999999999,initial_sl,False,0.08580929999999999,,False,100.0,1.0,100.0,100.0,1200.33609410635,-2.9999999999999956,0.3245,0.0,-3.3244999999999956
DOGEUSDT,60,DONCHIAN_55,NO_TRAIL,p4,1,2024-02-19 08:00:00+00:00,0.0867,2024-02-20 15:00:00+00:00,0.084099,initial_sl,False,0.084099,,False,100.0,1.0,100.0,100.0,1153.4025374855826,-3.000000000000007,0.3155,0.0,-3.315500000000007
DOGEUSDT,60,DONCHIAN_55,NO_TRAIL,p5,-1,2024-03-05 20:00:00+00:00,0.13736,2024-03-05 20:00:00+00:00,0.14148080000000002,initial_sl,False,0.14148080000000002,,False,100.0,1.0,100.0,100.0,728.013977868375,-3.0000000000000053,0.3245,0.0,-3.3245000000000053
DOGEUSDT,60,DONCHIAN_55,NO_TRAIL,p6,1,2024-03-09 18:00:00+00:00,0.18226,2024-03-09 19:00:00+00:00,0.1767922,initial_sl,False,0.1767922,,False,100.0,1.0,100.0,100.0,548.666739822232,-2.9999999999999973,0.3155,0.0,-3.3154999999999974
DOGEUSDT,60,DONCHIAN_55,NO_TRAIL,p7,-1,2024-03-16 18:00:00+00:00,0.14801,2024-03-17 15:00:00+00:00,0.1524503,initial_sl,False,0.1524503,,False,100.0,1.0,100.0,100.0,675.6300249983109,-3.0000000000000053,0.3245,0.0,-3.3245000000000053
DOGEUSDT,60,DONCHIAN_55,NO_TRAIL,p8,1,2024-03-22 07:00:00+00:00,0.16357,2024-03-22 10:00:00+00:00,0.1586629,initial_sl,False,0.1586629,,False,100.0,1.0,100.0,100.0,611.3590511707527,-2.9999999999999987,0.3155,0.0,-3.315499999999999
DOGEUSDT,60,DONCHIAN_55,NO_TRAIL,p9,-1,2024-04-09 14:00:00+00:00,0.19174,2024-04-10 16:00:00+00:00,0.1974922,initial_sl,False,0.1974922,,False,100.0,1.0,100.0,100.0,521.5395848544905,-3.000000000000007,0.3245,0.0,-3.324500000000007
DOGEUSDT,60,DONCHIAN_55,NO_TRAIL,p10,1,2024-04-20 16:00:00+00:00,0.15787,2024-04-24 14:00:00+00:00,0.15561,signal_reverse,False,0.15313390000000002,,False,100.0,1.0,100.0,100.0,633.432571102806,-1.4315576106923493,0.31785266358396147,0.0,-1.7494102742763107
DOGEUSDT,60,DONCHIAN_55,NO_TRAIL,p11,-1,2024-04-24 15:00:00+00:00,0.15561,2024-05-03 12:00:00+00:00,0.13731,signal_reverse,False,0.16027829999999998,,False,100.0,1.0,100.0,100.0,642.63222157959,11.760169654906504,0.3023597455176403,0.0,11.457809909388864
DOGEUSDT,60,DONCHIAN_55,NO_TRAIL,p12,1,2024-05-03 13:00:00+00:00,0.13731,2024-05-07 23:00:00+00:00,0.14997,signal_reverse,False,0.1331907,,False,100.0,1.0,100.0,100.0,728.2790765421311,9.220013109023382,0.3338300196635351,0.0,8.886183089359847
DOGEUSDT,60,DONCHIAN_55,NO_TRAIL,p13,-1,2024-05-08 00:00:00+00:00,0.14997,2024-05-13 13:00:00+00:00,0.14719,signal_reverse,False,0.1544691,,False,100.0,1.0,100.0,100.0,666.8000266720011,1.853704074148166,0.31721944388877776,0.0,1.5364846302593884
DOGEUSDT,60,DONCHIAN_55,NO_TRAIL,p14,1,2024-05-13 14:00:00+00:00,0.14719,2024-05-23 13:00:00+00:00,0.159,signal_reverse,False,0.1427743,,False,100.0,1.0,100.0,100.0,679.3939805693323,8.023642910523824,0.33203546436578574,0.0,7.691607446158038
DOGEUSDT,60,DONCHIAN_55,NO_TRAIL,p15,-1,2024-05-23 14:00:00+00:00,0.159,2024-05-24 05:00:00+00:00,0.16377,initial_sl,False,0.16377,,False,100.0,1.0,100.0,100.0,628.9308176100628,-2.9999999999999973,0.3245,0.0,-3.3244999999999973
DOGEUSDT,60,DONCHIAN_55,NO_TRAIL,p16,1,2024-05-26 00:00:00+00:00,0.17417,2024-05-26 09:00:00+00:00,0.16894489999999998,initial_sl,False,0.16894489999999998,,False,100.0,1.0,100.0,100.0,574.1516908767296,-3.0000000000000058,0.3155,0.0,-3.315500000000006
DOGEUSDT,60,DONCHIAN_55,NO_TRAIL,p17,-1,2024-05-30 07:00:00+00:00,0.16035,2024-06-05 06:00:00+00:00,0.16441,signal_reverse,False,0.1651605,,False,100.0,1.0,100.0,100.0,623.6357966947303,-2.53196133458061,0.32379794200187095,0.0,-2.855759276582481
DOGEUSDT,60,DONCHIAN_55,NO_TRAIL,p18,1,2024-06-05 07:00:00+00:00,0.16441,2024-06-06 19:00:00+00:00,0.1594777,initial_sl,False,0.1594777,,False,100.0,1.0,100.0,100.0,608.2355087890031,-3.0000000000000004,0.3155,0.0,-3.3155000000000006
DOGEUSDT,60,DONCHIAN_55,NO_TRAIL,p19,-1,2024-06-07 18:00:00+00:00,0.15603,2024-06-20 10:00:00+00:00,0.12672,signal_reverse,False,0.1607109,,False,100.0,1.0,100.0,100.0,640.9023905659168,18.784849067487023,0.2918227263987695,0.0,18.493026341088253
DOGEUSDT,60,DONCHIAN_55,NO_TRAIL,p20,1,2024-06-20 11:00:00+00:00,0.12672,2024-06-20 14:00:00+00:00,0.1229184,initial_sl,False,0.1229184,,False,100.0,1.0,100.0,100.0,789.1414141414142,-3.0000000000000018,0.3155,0.0,-3.315500000000002
DOGEUSDT,60,DONCHIAN_55,NO_TRAIL,p21,-1,2024-06-24 03:00:00+00:00,0.12017,2024-06-25 03:00:00+00:00,0.1237751,initial_sl,False,0.1237751,,False,100.0,1.0,100.0,100.0,832.1544478655238,-3.0,0.3245,0.0,-3.3245
DOGEUSDT,60,DONCHIAN_55,NO_TRAIL,p22,1,2024-06-25 16:00:00+00:00,0.127,2024-06-26 15:00:00+00:00,0.12319000000000001,initial_sl,False,0.12319000000000001,,False,100.0,1.0,100.0,100.0,787.4015748031496,-2.999999999999995,0.3155,0.0,-3.3154999999999952
DOGEUSDT,60,DONCHIAN_55,NO_TRAIL,p23,-1,2024-06-29 23:00:00+00:00,0.12156,2024-06-30 22:00:00+00:00,0.1252068,initial_sl,False,0.1252068,,False,100.0,1.0,100.0,100.0,822.6390259953932,-3.000000000000005,0.3245,0.0,-3.324500000000005
DOGEUSDT,60,DONCHIAN_55,NO_TRAIL,p24,1,2024-07-01 02:00:00+00:00,0.12705,2024-07-01 14:00:00+00:00,0.1232385,initial_sl,False,0.1232385,,False,100.0,1.0,100.0,100.0,787.0916961826053,-2.999999999999997,0.3155,0.0,-3.315499999999997
DOGEUSDT,60,DONCHIAN_55,NO_TRAIL,p25,-1,2024-07-03 11:00:00+00:00,0.1204,2024-07-06 17:00:00+00:00,0.11263,signal_reverse,False,0.124012,,False,100.0,1.0,100.0,100.0,830.5647840531562,6.453488372093023,0.31031976744186046,0.0,6.143168604651163
DOGEUSDT,60,DONCHIAN_55,NO_TRAIL,p26,1,2024-07-06 18:00:00+00:00,0.11263,2024-07-07 07:00:00+00:00,0.10925109999999999,initial_sl,False,0.10925109999999999,,False,100.0,1.0,100.0,100.0,887.8629139660837,-3.000000000000004,0.3155,0.0,-3.315500000000004
DOGEUSDT,60,DONCHIAN_55,NO_TRAIL,p27,-1,2024-07-08 01:00:00+00:00,0.10073,2024-07-08 04:00:00+00:00,0.1037519,initial_sl,False,0.1037519,,False,100.0,1.0,100.0,100.0,992.7529038022436,-2.9999999999999942,0.3245,0.0,-3.3244999999999942
DOGEUSDT,60,DONCHIAN_55,NO_TRAIL,p28,1,2024-07-11 13:00:00+00:00,0.11117,2024-07-11 15:00:00+00:00,0.10783490000000001,initial_sl,False,0.10783490000000001,,False,100.0,1.0,100.0,100.0,899.5232526760816,-2.999999999999994,0.3155,0.0,-3.315499999999994
DOGEUSDT,60,DONCHIAN_55,NO_TRAIL,p29,-1,2024-07-18 16:00:00+00:00,0.11796,2024-07-19 14:00:00+00:00,0.12149879999999999,initial_sl,False,0.12149879999999999,,False,100.0,1.0,100.0,100.0,847.7449983045101,-2.999999999999996,0.3245,0.0,-3.324499999999996
DOGEUSDT,60,DONCHIAN_55,NO_TRAIL,p30,1,2024-07-20 06:00:00+00:00,0.12657,2024-07-25 01:00:00+00:00,0.12277289999999999,initial_sl,False,0.12277289999999999,,False,100.0,1.0,100.0,100.0,790.0766374338311,-2.9999999999999982,0.3155,0.0,-3.3154999999999983
DOGEUSDT,60,DONCHIAN_55,NO_TRAIL,p31,-1,2024-07-25 02:00:00+00:00,0.12438,2024-07-26 02:00:00+00:00,0.12811140000000001,initial_sl,False,0.12811140000000001,,False,100.0,1.0,100.0,100.0,803.9877793857534,-3.000000000000008,0.3245,0.0,-3.324500000000008
DOGEUSDT,60,DONCHIAN_55,NO_TRAIL,p32,1,2024-07-27 10:00:00+00:00,0.13547,2024-07-27 19:00:00+00:00,0.13140590000000002,initial_sl,False,0.13140590000000002,,False,100.0,1.0,100.0,100.0,738.1708127260648,-2.9999999999999907,0.3155,0.0,-3.315499999999991
DOGEUSDT,60,DONCHIAN_55,NO_TRAIL,p33,-1,2024-07-30 15:00:00+00:00,0.12683,2024-08-08 16:00:00+00:00,0.10382,signal_reverse,False,0.1306349,,False,100.0,1.0,100.0,100.0,788.4569896712135,18.142395332334623,0.29278640700149805,0.0,17.849608925333126
DOGEUSDT,60,DONCHIAN_55,NO_TRAIL,p34,1,2024-08-08 17:00:00+00:00,0.10382,2024-08-11 20:00:00+00:00,0.10138,signal_reverse,False,0.1007054,,False,100.0,1.0,100.0,100.0,963.2055480639569,-2.350221537276053,0.31647466769408594,0.0,-2.6666962049701386
DOGEUSDT,60,DONCHIAN_55,NO_TRAIL,p35,-1,2024-08-11 21:00:00+00:00,0.10138,2024-08-12 10:00:00+00:00,0.1044214,initial_sl,False,0.1044214,,False,100.0,1.0,100.0,100.0,986.3878477017163,-2.9999999999999996,0.3245,0.0,-3.3244999999999996
DOGEUSDT,60,DONCHIAN_55,NO_TRAIL,p36,1,2024-08-21 19:00:00+00:00,0.10571,2024-08-26 12:00:00+00:00,0.10729,signal_reverse,False,0.1025387,,False,100.0,1.0,100.0,100.0,945.9842966606755,1.4946551887238655,0.32224198278308586,0.0,1.1724132059407797
DOGEUSDT,60,DONCHIAN_55,NO_TRAIL,p37,-1,2024-08-26 13:00:00+00:00,0.10729,2024-09-09 01:00:00+00:00,0.09709,signal_reverse,False,0.1105087,,False,100.0,1.0,100.0,100.0,932.0533134495294,9.5069437971852,0.3057395843042222,0.0,9.201204212880977
DOGEUSDT,60,DONCHIAN_55,NO_TRAIL,p38,1,2024-09-09 02:00:00+00:00,0.09709,2024-09-15 21:00:00+00:00,0.10402,signal_reverse,False,0.09417729999999999,,False,100.0,1.0,100.0,100.0,1029.9721907508497,7.137707281903394,0.3307065609228551,0.0,6.807000720980539
DOGEUSDT,60,DONCHIAN_55,NO_TRAIL,p39,-1,2024-09-15 22:00:00+00:00,0.10402,2024-09-18 23:00:00+00:00,0.10382,signal_reverse,False,0.1071406,,False,100.0,1.0,100.0,100.0,961.3535858488752,0.19227071716978056,0.31971159392424536,0.0,-0.1274408767544648
DOGEUSDT,60,DONCHIAN_55,NO_TRAIL,p40,1,2024-09-19 00:00:00+00:00,0.10382,2024-09-30 10:00:00+00:00,0.11994,signal_reverse,False,0.1007054,,False,100.0,1.0,100.0,100.0,963.2055480639569,15.526873434790994,0.3432903101521865,0.0,15.183583124638808
DOGEUSDT,60,DONCHIAN_55,NO_TRAIL,p41,-1,2024-09-30 11:00:00+00:00,0.11994,2024-10-04 12:00:00+00:00,0.10992,signal_reverse,False,0.1235382,,False,100.0,1.0,100.0,100.0,833.750208437552,8.354177088544272,0.30746873436718364,0.0,8.046708354177088
DOGEUSDT,60,DONCHIAN_55,NO_TRAIL,p42,1,2024-10-04 13:00:00+00:00,0.10992,2024-10-04 14:00:00+00:00,0.1066224,initial_sl,False,0.1066224,,False,100.0,1.0,100.0,100.0,909.7525473071324,-2.999999999999998,0.3155,0.0,-3.315499999999998
DOGEUSDT,60,DONCHIAN_55,NO_TRAIL,p43,-1,2024-10-08 06:00:00+00:00,0.10787,2024-10-09 12:00:00+00:00,0.1111061,initial_sl,False,0.1111061,,False,100.0,1.0,100.0,100.0,927.0418095856123,-3.0000000000000053,0.3245,0.0,-3.3245000000000053
DOGEUSDT,60,DONCHIAN_55,NO_TRAIL,p44,1,2024-10-12 11:00:00+00:00,0.11171,2024-10-22 16:00:00+00:00,0.13681,signal_reverse,False,0.1083587,,False,100.0,1.0,100.0,100.0,895.1750067138125,22.46889266851668,0.35370333900277506,0.0,22.115189329513907
DOGEUSDT,60,DONCHIAN_55,NO_TRAIL,p45,-1,2024-10-22 17:00:00+00:00,0.13681,2024-10-22 22:00:00+00:00,0.1409143,initial_sl,False,0.1409143,,False,100.0,1.0,100.0,100.0,730.9407207075507,-3.000000000000004,0.3245,0.0,-3.324500000000004
DOGEUSDT,60,DONCHIAN_55,NO_TRAIL,p46,1,2024-10-27 16:00:00+00:00,0.141,2024-10-31 18:00:00+00:00,0.16349,signal_reverse,False,0.13676999999999997,,False,100.0,1.0,100.0,100.0,709.2198581560284,15.950354609929086,0.34392553191489367,0.0,15.606429078014193
DOGEUSDT,60,DONCHIAN_55,NO_TRAIL,p47,-1,2024-10-31 19:00:00+00:00,0.16349,2024-11-01 14:00:00+00:00,0.1683947,initial_sl,False,0.1683947,,False,100.0,1.0,100.0,100.0,611.6582053948254,-3.000000000000007,0.3245,0.0,-3.324500000000007
DOGEUSDT,60,DONCHIAN_55,NO_TRAIL,p48,1,2024-11-05 01:00:00+00:00,0.16451,2024-11-17 02:00:00+00:00,0.34938,signal_reverse,False,0.15957469999999999,,False,100.0,1.0,100.0,100.0,607.8657832350617,112.37614734666587,0.4885642210199988,0.0,111.88758312564588
DOGEUSDT,60,DONCHIAN_55,NO_TRAIL,p49,-1,2024-11-17 03:00:00+00:00,0.34938,2024-11-17 07:00:00+00:00,0.3598614,initial_sl,False,0.3598614,,False,100.0,1.0,100.0,100.0,286.221306314042,-2.9999999999999925,0.3245,0.0,-3.3244999999999925
DOGEUSDT,60,DONCHIAN_55,NO_TRAIL,p50,1,2024-11-19 05:00:00+00:00,0.38712,2024-11-20 16:00:00+00:00,0.3755064,initial_sl,False,0.3755064,,False,100.0,1.0,100.0,100.0,258.3178342632775,-3.0000000000000004,0.3155,0.0,-3.3155000000000006
DOGEUSDT,60,DONCHIAN_55,NO_TRAIL,p51,-1,2024-11-26 11:00:00+00:00,0.37758,2024-11-26 16:00:00+00:00,0.3889074,initial_sl,False,0.3889074,,False,100.0,1.0,100.0,100.0,264.844536257217,-2.9999999999999964,0.3245,0.0,-3.3244999999999965
DOGEUSDT,60,DONCHIAN_55,NO_TRAIL,p52,1,2024-11-28 02:00:00+00:00,0.412,2024-11-28 08:00:00+00:00,0.39964,initial_sl,False,0.39964,,False,100.0,1.0,100.0,100.0,242.71844660194176,-2.999999999999996,0.3155,0.0,-3.315499999999996
DOGEUSDT,60,DONCHIAN_55,NO_TRAIL,p53,-1,2024-12-02 09:00:00+00:00,0.40976,2024-12-02 14:00:00+00:00,0.4220528,initial_sl,False,0.4220528,,False,100.0,1.0,100.0,100.0,244.04529480671613,-2.9999999999999982,0.3245,0.0,-3.3244999999999982
DOGEUSDT,60,DONCHIAN_55,NO_TRAIL,p54,1,2024-12-05 05:00:00+00:00,0.46408,2024-12-05 05:00:00+00:00,0.4501576,initial_sl,False,0.4501576,,False,100.0,1.0,100.0,100.0,215.4800896397173,-3.0000000000000004,0.3155,0.0,-3.3155000000000006
DOGEUSDT,60,DONCHIAN_55,NO_TRAIL,p55,-1,2024-12-09 21:00:00+00:00,0.41552,2024-12-24 13:00:00+00:00,0.33374,signal_reverse,False,0.4279856,,False,100.0,1.0,100.0,100.0,240.66230265691183,19.681363111282256,0.29047795533307663,0.0,19.390885155949178
DOGEUSDT,60,DONCHIAN_55,NO_TRAIL,p56,1,2024-12-24 14:00:00+00:00,0.33374,2024-12-26 05:00:00+00:00,0.3237278,initial_sl,False,0.3237278,,False,100.0,1.0,100.0,100.0,299.6344459759094,-2.999999999999991,0.3155,0.0,-3.3154999999999912
DOGEUSDT,60,DONCHIAN_55,NO_TRAIL,p57,-1,2024-12-30 15:00:00+00:00,0.31015,2024-12-30 17:00:00+00:00,0.3194545,initial_sl,False,0.3194545,,False,100.0,1.0,100.0,100.0,322.42463324197973,-2.9999999999999982,0.3245,0.0,-3.3244999999999982
DOGEUSDT,60,DONCHIAN_55,NO_TRAIL,p58,1,2025-01-02 01:00:00+00:00,0.33383,2025-01-07 15:00:00+00:00,0.36372,signal_reverse,False,0.3238151,,False,100.0,1.0,100.0,100.0,299.55366503909175,8.953659048018444,0.33343048857202773,0.0,8.620228559446417
DOGEUSDT,60,DONCHIAN_55,NO_TRAIL,p59,-1,2025-01-07 16:00:00+00:00,0.36372,2025-01-11 20:00:00+00:00,0.34324,signal_reverse,False,0.3746316,,False,100.0,1.0,100.0,100.0,274.93676454415487,5.630704937864291,0.3115539425932036,0.0,5.319150995271087
DOGEUSDT,60,DONCHIAN_55,NO_TRAIL,p60,1,2025-01-11 21:00:00+00:00,0.34324,2025-01-12 22:00:00+00:00,0.3329428,initial_sl,False,0.3329428,,False,100.0,1.0,100.0,100.0,291.341335508682,-3.000000000000002,0.3155,0.0,-3.3155000000000023
DOGEUSDT,60,DONCHIAN_55,NO_TRAIL,p61,-1,2025-01-13 07:00:00+00:00,0.32678,2025-01-13 22:00:00+00:00,0.33658340000000003,initial_sl,False,0.33658340000000003,,False,100.0,1.0,100.0,100.0,306.0162800660995,-3.0000000000000053,0.3245,0.0,-3.3245000000000053
DOGEUSDT,60,DONCHIAN_55,NO_TRAIL,p62,1,2025-01-14 10:00:00+00:00,0.35398,2025-01-19 11:00:00+00:00,0.36289,signal_reverse,False,0.3433606,,False,100.0,1.0,100.0,100.0,282.5018362619357,2.5170913610938395,0.3237756370416408,0.0,2.1933157240521988
DOGEUSDT,60,DONCHIAN_55,NO_TRAIL,p63,-1,2025-01-19 12:00:00+00:00,0.36289,2025-01-19 12:00:00+00:00,0.37377669999999996,initial_sl,False,0.37377669999999996,,False,100.0,1.0,100.0,100.0,275.5655983906969,-2.999999999999992,0.3245,0.0,-3.324499999999992
DOGEUSDT,60,DONCHIAN_55,NO_TRAIL,p64,1,2025-01-31 16:00:00+00:00,0.33943,2025-01-31 18:00:00+00:00,0.3292471,initial_sl,False,0.3292471,,False,100.0,1.0,100.0,100.0,294.61155466517397,-2.9999999999999987,0.3155,0.0,-3.315499999999999
DOGEUSDT,60,DONCHIAN_55,NO_TRAIL,p65,-1,2025-02-01 10:00:00+00:00,0.32098,2025-02-11 04:00:00+00:00,0.26125,signal_reverse,False,0.3306094,,False,100.0,1.0,100.0,100.0,311.54589070970155,18.608636052090475,0.2920870459218643,0.0,18.31654900616861
DOGEUSDT,60,DONCHIAN_55,NO_TRAIL,p66,1,2025-02-11 05:00:00+00:00,0.26125,2025-02-11 18:00:00+00:00,0.2534125,initial_sl,False,0.2534125,,False,100.0,1.0,100.0,100.0,382.7751196172249,-2.999999999999999,0.3155,0.0,-3.3154999999999992
DOGEUSDT,60,DONCHIAN_55,NO_TRAIL,p67,-1,2025-02-17 05:00:00+00:00,0.2626,2025-02-21 13:00:00+00:00,0.26064,signal_reverse,False,0.270478,,False,100.0,1.0,100.0,100.0,380.8073115003808,0.746382330540753,0.3188804265041889,0.0,0.4275019040365641
DOGEUSDT,60,DONCHIAN_55,NO_TRAIL,p68,1,2025-02-21 14:00:00+00:00,0.26064,2025-02-21 15:00:00+00:00,0.25282079999999996,initial_sl,False,0.25282079999999996,,False,100.0,1.0,100.0,100.0,383.67096378146107,-3.00000000000001,0.3155,0.0,-3.3155000000000103
DOGEUSDT,60,DONCHIAN_55,NO_TRAIL,p69,-1,2025-02-21 18:00:00+00:00,0.24599,2025-02-28 23:00:00+00:00,0.20171,end_of_data,False,0.2533697,,False,100.0,1.0,100.0,100.0,406.5205902678971,18.000731737062477,0.2929989023944063,0.0,17.70773283466807
