symbol,interval,strategy,activate_pct,trail_pct,cell,is_baseline_cell,max_sl_pct,cooldown_candles,mask_mode,n_calls,net_pnl,gross_pnl,total_costs,win_rate,n_trades,n_wins,n_losses,sum_wins,sum_losses,avg_winner,avg_loser,breakeven_win_rate_pct,mean_bars_held,exit_initial_sl,exit_trailing_sl,exit_signal_reverse,exit_end_of_data,max_drawdown_pct,final_equity,survived,seconds
SOLUSDT,240,EMA_8_21,0.01,0.01,a0.01_t0.01,False,0.03,0,one_shot,111,-109.799115,-74.276342,35.522773,6.31,111,7,104,1.067191,-110.866305,0.152456,-1.066022,87.488,0.9,19,83,9,0,22.1572,390.200885,True,0.09
SOLUSDT,240,EMA_8_21,0.01,0.02,a0.01_t0.02,False,0.03,0,one_shot,111,-130.627344,-95.102282,35.525061,5.41,111,6,105,3.237732,-133.865076,0.539622,-1.274905,70.261,1.14,19,83,9,0,26.1255,369.372656,True,0.08
SOLUSDT,240,EMA_8_21,0.01,0.04,a0.01_t0.04,False,0.03,0,one_shot,111,-97.001466,-61.470174,35.531292,25.23,111,28,83,75.582759,-172.584225,2.699384,-2.079328,43.5123,4.18,20,80,11,0,20.7708,402.998534,True,0.09
SOLUSDT,240,EMA_8_21,0.03,0.01,a0.03_t0.01,False,0.03,0,one_shot,111,-125.396813,-89.883895,35.512918,30.63,111,34,77,44.684729,-170.081542,1.314257,-2.208851,62.6961,3.18,38,58,15,0,25.4823,374.603187,True,0.1
SOLUSDT,240,EMA_8_21,0.03,0.02,a0.03_t0.02,True,0.03,0,one_shot,111,-129.460435,-93.945355,35.51508,30.63,111,34,77,40.621106,-170.081542,1.194738,-2.208851,64.8977,3.27,38,58,15,0,26.3863,370.539565,True,0.09
SOLUSDT,240,EMA_8_21,0.03,0.04,a0.03_t0.04,False,0.03,0,one_shot,111,-84.444124,-48.899414,35.54471,30.63,111,34,77,90.359222,-174.803345,2.657624,-2.270173,46.0687,4.93,38,58,15,0,18.2781,415.555876,True,0.09
SOLUSDT,240,EMA_8_21,0.06,0.01,a0.06_t0.01,False,0.03,0,one_shot,111,-83.061782,-47.501114,35.560667,34.23,111,38,73,130.705855,-213.767637,3.439628,-2.928324,45.9853,5.88,53,40,18,0,17.7252,416.938218,True,0.09
SOLUSDT,240,EMA_8_21,0.06,0.02,a0.06_t0.02,False,0.03,0,one_shot,111,-85.589126,-50.031039,35.558086,34.23,111,38,73,128.178511,-213.767637,3.373119,-2.928324,46.4707,5.9,53,40,18,0,18.2288,414.410874,True,0.09
SOLUSDT,240,EMA_8_21,0.06,0.04,a0.06_t0.04,False,0.03,0,one_shot,111,-74.242908,-38.670802,35.572106,34.23,111,38,73,139.524729,-213.767637,3.671703,-2.928324,44.3684,6.71,53,40,18,0,16.253,425.757092,True,0.08
SOLUSDT,240,MACD_12_26_hist,0.01,0.01,a0.01_t0.01,False,0.03,0,one_shot,204,-212.165145,-146.871447,65.293698,4.9,204,10,194,1.741468,-213.906614,0.174147,-1.102611,86.3602,0.75,36,150,18,0,42.433,287.834855,True,0.12
SOLUSDT,240,MACD_12_26_hist,0.01,0.02,a0.01_t0.02,False,0.03,0,one_shot,204,-226.71433,-161.421583,65.292747,8.82,204,18,186,8.398591,-235.112921,0.466588,-1.264048,73.0395,1.0,36,150,18,0,45.3429,273.28567,True,0.11
SOLUSDT,240,MACD_12_26_hist,0.01,0.04,a0.01_t0.04,False,0.03,0,one_shot,204,-214.366899,-149.100588,65.26631,23.04,204,47,157,104.89992,-319.266818,2.231913,-2.033547,47.6747,3.58,37,142,25,0,43.2992,285.633101,True,0.09
SOLUSDT,240,MACD_12_26_hist,0.03,0.01,a0.03_t0.01,False,0.03,0,one_shot,204,-246.606532,-181.318887,65.287645,29.41,204,60,144,76.394372,-323.000903,1.27324,-2.243062,63.7904,2.75,74,100,30,0,49.9996,253.393468,True,0.08
SOLUSDT,240,MACD_12_26_hist,0.03,0.02,a0.03_t0.02,True,0.03,0,one_shot,204,-250.261596,-184.974088,65.287508,29.41,204,60,144,72.739308,-323.000903,1.212322,-2.243062,64.915,2.85,74,100,30,0,50.7107,249.738404,True,0.09
SOLUSDT,240,MACD_12_26_hist,0.03,0.04,a0.03_t0.04,False,0.03,0,one_shot,204,-225.40536,-160.138239,65.26712,25.98,204,53,151,112.278453,-337.683812,2.118461,-2.236317,51.3532,4.08,74,98,32,0,46.1371,274.59464,True,0.09
SOLUSDT,240,MACD_12_26_hist,0.06,0.01,a0.06_t0.01,False,0.03,0,one_shot,204,-193.492553,-128.209146,65.283406,31.37,204,64,140,191.83969,-385.332243,2.997495,-2.752373,47.8685,5.26,93,59,52,0,41.1042,306.507447,True,0.09
SOLUSDT,240,MACD_12_26_hist,0.06,0.02,a0.06_t0.02,False,0.03,0,one_shot,204,-196.398651,-131.118754,65.279897,31.37,204,64,140,188.933591,-385.332243,2.952087,-2.752373,48.2495,5.29,93,59,52,0,41.6089,303.601349,True,0.09
SOLUSDT,240,MACD_12_26_hist,0.06,0.04,a0.06_t0.04,False,0.03,0,one_shot,204,-184.800651,-119.488146,65.312505,31.37,204,64,140,200.531592,-385.332243,3.133306,-2.752373,46.7639,5.83,93,58,53,0,40.048,315.199349,True,0.18
SOLUSDT,240,RSI14_7030,0.01,0.01,a0.01_t0.01,False,0.03,0,one_shot,155,-135.663295,-86.693798,48.969497,5.88,153,9,144,1.833105,-137.496399,0.203678,-0.954836,82.419,0.86,29,124,0,0,27.1327,364.336705,True,0.14
SOLUSDT,240,RSI14_7030,0.01,0.02,a0.01_t0.02,False,0.03,0,one_shot,155,-152.762485,-104.119752,48.642733,12.5,152,19,133,12.004218,-164.766703,0.631801,-1.238847,66.2256,1.2,29,123,0,0,30.5525,347.237515,True,0.14
SOLUSDT,240,RSI14_7030,0.01,0.04,a0.01_t0.04,False,0.03,0,one_shot,155,-160.264583,-115.820273,44.44431,20.86,139,29,110,73.758532,-234.023115,2.543398,-2.127483,45.5478,3.8,28,104,7,0,32.3139,339.735417,True,0.15
SOLUSDT,240,RSI14_7030,0.03,0.01,a0.03_t0.01,False,0.03,0,one_shot,155,-193.86001,-150.664651,43.195358,29.63,135,40,95,49.4975,-243.357509,1.237437,-2.561658,67.4281,3.08,70,65,0,0,39.0144,306.13999,True,0.14
SOLUSDT,240,RSI14_7030,0.03,0.02,a0.03_t0.02,True,0.03,0,one_shot,155,-196.709711,-153.516061,43.19365,29.63,135,40,95,46.647798,-243.357509,1.166195,-2.561658,68.7167,3.12,70,65,0,0,39.5828,303.290289,True,0.11
SOLUSDT,240,RSI14_7030,0.03,0.04,a0.03_t0.04,False,0.03,0,one_shot,155,-174.769454,-131.897638,42.871816,23.88,134,32,102,80.181472,-254.950927,2.505671,-2.499519,49.9385,4.24,70,57,7,0,35.2068,325.230546,True,0.1
SOLUSDT,240,RSI14_7030,0.06,0.01,a0.06_t0.01,False,0.03,0,one_shot,155,-145.944056,-104.978916,40.965141,30.47,128,39,89,139.041275,-284.985331,3.565161,-3.202082,47.3174,5.38,85,36,7,0,30.8452,354.055944,True,0.11
SOLUSDT,240,RSI14_7030,0.06,0.02,a0.06_t0.02,False,0.03,0,one_shot,155,-145.363951,-104.391958,40.971993,30.47,128,39,89,139.62138,-284.985331,3.580035,-3.202082,47.2136,5.42,85,36,7,0,30.7301,354.636049,True,0.08
SOLUSDT,240,RSI14_7030,0.06,0.04,a0.06_t0.04,False,0.03,0,one_shot,155,-144.151505,-103.173792,40.977714,30.47,128,39,89,140.833826,-284.985331,3.611124,-3.202082,46.9982,5.77,85,32,11,0,30.3224,355.848495,True,0.08
SOLUSDT,240,BB_20_25_breakout,0.01,0.01,a0.01_t0.01,False,0.03,0,one_shot,67,-68.442486,-46.970972,21.471513,2.99,67,2,65,0.308334,-68.75082,0.154167,-1.057705,87.2786,0.79,13,54,0,0,13.6885,431.557514,True,0.08
SOLUSDT,240,BB_20_25_breakout,0.01,0.02,a0.01_t0.02,False,0.03,0,one_shot,67,-75.162715,-53.689917,21.472798,7.46,67,5,62,1.882677,-77.045392,0.376535,-1.242668,76.7456,0.91,13,54,0,0,15.1359,424.837285,True,0.08
SOLUSDT,240,BB_20_25_breakout,0.01,0.04,a0.01_t0.04,False,0.03,0,one_shot,67,-62.835676,-42.931964,19.903712,22.58,62,14,48,32.054281,-94.889957,2.289591,-1.976874,46.3352,3.44,11,51,0,0,14.1964,437.164324,True,0.08
SOLUSDT,240,BB_20_25_breakout,0.03,0.01,a0.03_t0.01,False,0.03,0,one_shot,67,-88.308001,-67.177387,21.130614,28.79,66,19,47,20.638599,-108.946599,1.086242,-2.318013,68.0916,2.73,31,35,0,0,17.7618,411.691999,True,0.08
SOLUSDT,240,BB_20_25_breakout,0.03,0.02,a0.03_t0.02,True,0.03,0,one_shot,67,-88.935975,-67.801368,21.134607,28.79,66,19,47,20.010624,-108.946599,1.053191,-2.318013,68.7592,2.79,31,35,0,0,17.8872,411.064025,True,0.08
SOLUSDT,240,BB_20_25_breakout,0.03,0.04,a0.03_t0.04,False,0.03,0,one_shot,67,-62.044161,-42.142711,19.90145,29.03,62,18,44,40.340009,-102.38417,2.241112,-2.326913,50.9392,4.34,28,34,0,0,14.041,437.955839,True,0.09
SOLUSDT,240,BB_20_25_breakout,0.06,0.01,a0.06_t0.01,False,0.03,0,one_shot,67,-42.138187,-23.168566,18.969621,38.98,59,23,36,77.435813,-119.574,3.366774,-3.3215,49.6615,5.17,36,23,0,0,10.2891,457.861813,True,0.08
SOLUSDT,240,BB_20_25_breakout,0.06,0.02,a0.06_t0.02,False,0.03,0,one_shot,67,-42.305057,-23.333818,18.971239,38.98,59,23,36,77.268943,-119.574,3.359519,-3.3215,49.7155,5.2,36,23,0,0,10.3218,457.694943,True,0.08
SOLUSDT,240,BB_20_25_breakout,0.06,0.04,a0.06_t0.04,False,0.03,0,one_shot,67,-41.945644,-23.291379,18.654266,39.66,58,23,35,74.312856,-116.2585,3.230994,-3.321671,50.6919,6.31,35,23,0,0,10.2636,458.054356,True,0.08
SOLUSDT,240,ADX14_DI_20,0.01,0.01,a0.01_t0.01,False,0.03,0,one_shot,243,-232.729004,-155.282128,77.446876,4.55,242,11,231,2.642576,-235.37158,0.240234,-1.018925,80.9211,0.65,40,182,20,0,46.5458,267.270996,True,0.09
SOLUSDT,240,ADX14_DI_20,0.01,0.02,a0.01_t0.02,False,0.03,0,one_shot,243,-257.917948,-180.789519,77.128429,7.88,241,19,222,8.614493,-266.532441,0.453394,-1.200597,72.5879,0.92,40,181,20,0,51.5836,242.082052,True,0.08
SOLUSDT,240,ADX14_DI_20,0.01,0.04,a0.01_t0.04,False,0.03,0,one_shot,243,-239.018253,-163.471323,75.54693,23.31,236,55,181,108.28804,-347.306293,1.968873,-1.918819,49.3562,3.24,39,163,33,1,48.41,260.981747,True,0.09
SOLUSDT,240,ADX14_DI_20,0.03,0.01,a0.03_t0.01,False,0.03,0,one_shot,243,-271.234192,-195.108816,76.125376,30.67,238,73,165,80.73312,-351.967311,1.105933,-2.133135,65.8564,2.35,81,114,42,1,55.6276,228.765808,True,0.09
SOLUSDT,240,ADX14_DI_20,0.03,0.02,a0.03_t0.02,True,0.03,0,one_shot,243,-278.865576,-203.060495,75.805081,30.38,237,72,165,73.101735,-351.967311,1.015302,-2.133135,67.7522,2.41,81,113,42,1,56.9266,221.134424,True,0.11
SOLUSDT,240,ADX14_DI_20,0.03,0.04,a0.03_t0.04,False,0.03,0,one_shot,243,-248.953471,-173.763943,75.189528,25.96,235,61,174,117.407968,-366.36144,1.924721,-2.105526,52.2431,3.57,80,110,44,1,50.9258,251.046529,True,0.1
SOLUSDT,240,ADX14_DI_20,0.06,0.01,a0.06_t0.01,False,0.03,0,one_shot,243,-191.653779,-117.396905,74.256875,32.33,232,75,157,213.792383,-405.446163,2.850565,-2.58246,47.5326,4.25,94,65,72,1,43.0911,308.346221,True,0.09
SOLUSDT,240,ADX14_DI_20,0.06,0.02,a0.06_t0.02,False,0.03,0,one_shot,243,-196.77398,-122.52265,74.25133,32.33,232,75,157,208.672183,-405.446163,2.782296,-2.58246,48.1375,4.26,94,65,72,1,43.873,303.22602,True,0.09
SOLUSDT,240,ADX14_DI_20,0.06,0.04,a0.06_t0.04,False,0.03,0,one_shot,243,-202.283762,-128.335017,73.948744,32.47,231,75,156,199.846901,-402.130663,2.664625,-2.577761,49.1715,4.81,93,65,72,1,46.4289,297.716238,True,0.09
SOLUSDT,240,DONCHIAN_55,0.01,0.01,a0.01_t0.01,False,0.03,0,one_shot,20,-12.000315,-5.599715,6.4006,5.0,20,1,19,0.099235,-12.09955,0.099235,-0.636818,86.518,0.65,2,18,0,0,2.4001,487.999685,True,0.08
SOLUSDT,240,DONCHIAN_55,0.01,0.02,a0.01_t0.02,False,0.03,0,one_shot,20,-15.665352,-9.263079,6.402272,10.0,20,2,18,0.658999,-16.324351,0.3295,-0.906908,73.3502,0.85,2,18,0,0,3.1331,484.334648,True,0.08
SOLUSDT,240,DONCHIAN_55,0.01,0.04,a0.01_t0.04,False,0.03,0,one_shot,20,-15.667311,-9.250809,6.416502,35.0,20,7,13,10.590437,-26.257748,1.51292,-2.019827,57.1744,5.0,2,18,0,0,4.0103,484.332689,True,0.08
SOLUSDT,240,DONCHIAN_55,0.03,0.01,a0.03_t0.01,False,0.03,0,one_shot,20,-26.474042,-20.063104,6.410938,35.0,20,7,13,2.411994,-28.886036,0.344571,-2.222003,86.5747,2.85,8,12,0,0,5.5007,473.525958,True,0.08
SOLUSDT,240,DONCHIAN_55,0.03,0.02,a0.03_t0.02,True,0.03,0,one_shot,20,-26.474042,-20.063104,6.410938,35.0,20,7,13,2.411994,-28.886036,0.344571,-2.222003,86.5747,2.85,8,12,0,0,5.5007,473.525958,True,0.08
SOLUSDT,240,DONCHIAN_55,0.03,0.04,a0.03_t0.04,False,0.03,0,one_shot,20,-18.397577,-11.976923,6.420654,40.0,20,8,12,10.731502,-29.129079,1.341438,-2.427423,64.4073,5.65,8,12,0,0,4.7406,481.602423,True,0.25
SOLUSDT,240,DONCHIAN_55,0.06,0.01,a0.06_t0.01,False,0.03,0,one_shot,20,-33.647479,-27.223709,6.42377,30.0,20,6,14,12.841521,-46.489,2.140254,-3.320643,60.8077,7.4,14,6,0,0,8.1961,466.352521,True,0.2
SOLUSDT,240,DONCHIAN_55,0.06,0.02,a0.06_t0.02,False,0.03,0,one_shot,20,-33.744524,-27.3209,6.423624,30.0,20,6,14,12.744476,-46.489,2.124079,-3.320643,60.9883,7.4,14,6,0,0,8.2153,466.255476,True,0.17
SOLUSDT,240,DONCHIAN_55,0.06,0.04,a0.06_t0.04,False,0.03,0,one_shot,20,-32.251201,-25.825333,6.425868,30.0,20,6,14,14.237799,-46.489,2.372966,-3.320643,58.3223,8.9,14,6,0,0,8.1746,467.748799,True,0.21
SOLUSDT,240,DONCHIAN_PULLBACK_55,0.01,0.01,a0.01_t0.01,False,0.03,0,one_shot,14,-10.677598,-6.194605,4.482993,14.29,14,2,12,0.259027,-10.936625,0.129514,-0.911385,87.5575,1.07,2,12,0,0,2.2374,489.322402,True,0.15
SOLUSDT,240,DONCHIAN_PULLBACK_55,0.01,0.02,a0.01_t0.02,False,0.03,0,one_shot,14,-14.989425,-10.507101,4.482325,0.0,14,0,14,0.0,-14.989425,0.0,-1.070673,100.0,1.14,2,12,0,0,3.0989,485.010575,True,0.11
SOLUSDT,240,DONCHIAN_PULLBACK_55,0.01,0.04,a0.01_t0.04,False,0.03,0,one_shot,14,-23.205786,-18.732448,4.473339,14.29,14,2,12,5.541386,-28.747172,2.770693,-2.395598,46.3698,4.64,2,12,0,0,5.6076,476.794214,True,0.18
SOLUSDT,240,DONCHIAN_PULLBACK_55,0.03,0.01,a0.03_t0.01,False,0.03,0,one_shot,14,-24.354748,-19.866708,4.488041,28.57,14,4,10,3.029697,-27.384445,0.757424,-2.738445,78.3337,3.86,8,6,0,0,5.6352,475.645252,True,0.22
SOLUSDT,240,DONCHIAN_PULLBACK_55,0.03,0.02,a0.03_t0.02,True,0.03,0,one_shot,14,-24.532566,-20.044259,4.488307,28.57,14,4,10,2.851879,-27.384445,0.71297,-2.738445,79.3427,3.86,8,6,0,0,5.6706,475.467434,True,0.15
SOLUSDT,240,DONCHIAN_PULLBACK_55,0.03,0.04,a0.03_t0.04,False,0.03,0,one_shot,14,-10.193764,-5.69427,4.499494,28.57,14,4,10,17.533282,-27.727046,4.38332,-2.772705,38.7464,6.86,8,6,0,0,4.0614,489.806236,True,0.16
SOLUSDT,240,DONCHIAN_PULLBACK_55,0.06,0.01,a0.06_t0.01,False,0.03,0,one_shot,14,-6.074502,-1.591742,4.48276,42.86,14,6,8,20.494498,-26.569,3.41575,-3.321125,49.2977,5.64,8,6,0,0,3.6896,493.925498,True,0.19
SOLUSDT,240,DONCHIAN_PULLBACK_55,0.06,0.02,a0.06_t0.02,False,0.03,0,one_shot,14,-6.797626,-2.313783,4.483843,42.86,14,6,8,19.771374,-26.569,3.295229,-3.321125,50.1957,5.71,8,6,0,0,3.6896,493.202374,True,0.19
SOLUSDT,240,DONCHIAN_PULLBACK_55,0.06,0.04,a0.06_t0.04,False,0.03,0,one_shot,14,-4.45844,0.032464,4.490904,42.86,14,6,8,22.11056,-26.569,3.685093,-3.321125,47.4025,7.0,8,6,0,0,3.6896,495.54156,True,0.16
SOLUSDT,60,EMA_8_21,0.01,0.01,a0.01_t0.01,False,0.03,0,one_shot,450,-398.71403,-254.716968,143.997062,12.22,450,55,395,15.720098,-414.434128,0.28582,-1.0492,78.5906,2.86,38,288,124,0,79.7428,101.28597,True,0.2
SOLUSDT,60,EMA_8_21,0.01,0.02,a0.01_t0.02,False,0.03,0,one_shot,450,-358.376998,-214.362452,144.014546,20.89,450,94,356,99.307204,-457.684202,1.05646,-1.28563,54.8924,5.21,38,287,125,0,71.6754,141.623002,True,0.23
SOLUSDT,60,EMA_8_21,0.01,0.04,a0.01_t0.04,False,0.03,0,one_shot,450,-215.102387,-71.099452,144.002934,27.11,450,122,328,369.517294,-584.61968,3.02883,-1.782377,37.0464,13.71,38,196,215,1,47.4463,284.897613,True,0.23
SOLUSDT,60,EMA_8_21,0.03,0.01,a0.03_t0.01,False,0.03,0,one_shot,450,-340.696345,-196.704089,143.992256,35.33,450,159,291,222.295447,-562.991792,1.398085,-1.93468,58.0503,8.06,67,171,212,0,68.6912,159.303655,True,0.22
SOLUSDT,60,EMA_8_21,0.03,0.02,a0.03_t0.02,True,0.03,0,one_shot,450,-333.350659,-189.354788,143.995871,35.33,450,159,291,229.641132,-562.991792,1.444284,-1.93468,57.2566,8.89,67,170,212,1,67.4269,166.649341,True,0.21
SOLUSDT,60,EMA_8_21,0.03,0.04,a0.03_t0.04,False,0.03,0,one_shot,450,-211.311578,-67.322515,143.989063,28.0,450,126,324,376.95088,-588.262459,2.991674,-1.815625,37.7681,14.16,67,138,244,1,46.7121,288.688422,True,0.25
SOLUSDT,60,EMA_8_21,0.06,0.01,a0.06_t0.01,False,0.03,0,one_shot,450,-233.521762,-89.536441,143.985321,28.22,450,127,323,390.543832,-624.065594,3.075148,-1.932092,38.586,12.96,76,90,283,1,50.2861,266.478238,True,0.23
SOLUSDT,60,EMA_8_21,0.06,0.02,a0.06_t0.02,False,0.03,0,one_shot,450,-223.957371,-79.985184,143.972187,28.22,450,127,323,400.108223,-624.065594,3.150458,-1.932092,38.0142,13.32,76,90,283,1,48.5184,276.042629,True,0.23
SOLUSDT,60,EMA_8_21,0.06,0.04,a0.06_t0.04,False,0.03,0,one_shot,450,-188.833843,-44.853881,143.979963,28.22,450,127,323,435.231751,-624.065594,3.427022,-1.932092,36.0524,15.17,76,82,291,1,44.3076,311.166157,True,0.22
SOLUSDT,60,MACD_12_26_hist,0.01,0.01,a0.01_t0.01,False,0.03,0,one_shot,766,-400.094994,-259.645035,140.449959,9.11,439,40,399,9.595127,-409.690121,0.239878,-1.026792,81.0623,2.58,37,281,121,0,80.019,99.905006,False,0.22
SOLUSDT,60,MACD_12_26_hist,0.01,0.02,a0.01_t0.02,False,0.03,0,one_shot,766,-401.351857,-252.576955,148.774902,17.2,465,80,385,84.842752,-486.194609,1.060534,-1.262843,54.3538,4.66,39,286,140,0,80.2777,98.648143,False,0.2
SOLUSDT,60,MACD_12_26_hist,0.01,0.04,a0.01_t0.04,False,0.03,0,one_shot,766,-400.287724,-203.100082,197.187643,26.3,616,162,454,364.766014,-765.053739,2.251642,-1.68514,42.805,9.2,47,173,396,0,80.4255,99.712276,False,0.25
SOLUSDT,60,MACD_12_26_hist,0.03,0.01,a0.03_t0.01,False,0.03,0,one_shot,766,-401.71288,-250.019668,151.693212,30.8,474,146,328,202.614249,-604.327129,1.387769,-1.842461,57.0381,6.86,80,156,238,0,80.3426,98.28712,False,0.25
SOLUSDT,60,MACD_12_26_hist,0.03,0.02,a0.03_t0.02,True,0.03,0,one_shot,766,-401.161917,-249.458749,151.703168,30.8,474,146,328,203.165212,-604.327129,1.391543,-1.842461,56.9715,7.43,80,152,242,0,80.2324,98.838083,False,0.28
SOLUSDT,60,MACD_12_26_hist,0.03,0.04,a0.03_t0.04,False,0.03,0,one_shot,766,-402.330774,-214.054907,188.275866,26.36,588,155,433,362.775658,-765.106431,2.340488,-1.766989,43.0188,9.42,92,95,401,0,80.8066,97.669226,False,0.23
SOLUSDT,60,MACD_12_26_hist,0.06,0.01,a0.06_t0.01,False,0.03,0,one_shot,766,-400.494098,-198.567748,201.926351,28.53,631,180,451,441.912677,-842.406775,2.45507,-1.867864,43.2082,9.46,108,77,446,0,80.481,99.505902,False,0.22
SOLUSDT,60,MACD_12_26_hist,0.06,0.02,a0.06_t0.02,False,0.03,0,one_shot,766,-400.040697,-202.281269,197.759428,28.48,618,176,442,424.282825,-824.323522,2.410698,-1.864985,43.6184,9.49,105,74,439,0,80.3934,99.959303,False,0.24
SOLUSDT,60,MACD_12_26_hist,0.06,0.04,a0.06_t0.04,False,0.03,0,one_shot,766,-401.28061,-180.467138,220.813472,28.99,690,200,490,519.78749,-921.0681,2.598937,-1.879731,41.9708,10.1,121,52,517,0,80.6206,98.71939,False,0.32
SOLUSDT,60,RSI14_7030,0.01,0.01,a0.01_t0.01,False,0.03,0,one_shot,625,-400.215125,-263.179955,137.03517,18.69,428,80,348,26.063096,-426.278222,0.325789,-1.224937,78.9912,4.49,102,323,3,0,80.4048,99.784875,False,0.19
SOLUSDT,60,RSI14_7030,0.01,0.02,a0.01_t0.02,False,0.03,0,one_shot,625,-401.554203,-259.080849,142.473355,23.37,445,104,341,118.713296,-520.2675,1.141474,-1.525711,57.203,6.62,106,301,38,0,80.3896,98.445797,False,0.2
SOLUSDT,60,RSI14_7030,0.01,0.04,a0.01_t0.04,False,0.03,0,one_shot,625,-298.392663,-162.174444,136.218219,34.74,426,148,278,380.765529,-679.158192,2.57274,-2.443015,48.7068,12.69,104,203,118,1,60.3827,201.607337,True,0.21
SOLUSDT,60,RSI14_7030,0.03,0.01,a0.03_t0.01,False,0.03,0,one_shot,625,-386.236773,-254.743698,131.493076,45.99,411,189,222,278.164478,-664.401251,1.47177,-2.992798,67.0344,11.9,197,166,47,1,77.3384,113.763227,True,0.23
SOLUSDT,60,RSI14_7030,0.03,0.02,a0.03_t0.02,True,0.03,0,one_shot,625,-352.930021,-222.043018,130.887004,45.97,409,188,221,308.15573,-661.085751,1.639126,-2.991338,64.6013,12.34,196,131,81,1,70.7037,147.069979,True,0.24
SOLUSDT,60,RSI14_7030,0.03,0.04,a0.03_t0.04,False,0.03,0,one_shot,625,-251.268707,-120.755497,130.513209,40.44,408,165,243,428.750835,-680.019542,2.59849,-2.798434,51.8524,14.05,196,81,130,1,50.9922,248.731293,True,0.22
SOLUSDT,60,RSI14_7030,0.06,0.01,a0.06_t0.01,False,0.03,0,one_shot,625,-215.607482,-92.440297,123.167185,43.64,385,168,217,495.177819,-710.785302,2.947487,-3.275508,52.6356,16.37,213,45,126,1,43.9093,284.392518,True,0.21
SOLUSDT,60,RSI14_7030,0.06,0.02,a0.06_t0.02,False,0.03,0,one_shot,625,-216.349235,-93.183608,123.165627,43.64,385,168,217,494.436067,-710.785302,2.943072,-3.275508,52.6729,16.4,213,43,128,1,44.057,283.650765,True,0.28
SOLUSDT,60,RSI14_7030,0.06,0.04,a0.06_t0.04,False,0.03,0,one_shot,625,-182.757069,-59.543978,123.213091,43.64,385,168,217,528.028233,-710.785302,3.143025,-3.275508,51.032,16.64,213,24,147,1,37.3447,317.242931,True,0.34
SOLUSDT,60,BB_20_25_breakout,0.01,0.01,a0.01_t0.01,False,0.03,0,one_shot,241,-251.927963,-176.130672,75.797291,8.02,237,19,218,3.724567,-255.65253,0.19603,-1.172718,85.6782,3.8,58,177,2,0,50.4241,248.072037,True,0.18
SOLUSDT,60,BB_20_25_breakout,0.01,0.02,a0.01_t0.02,False,0.03,0,one_shot,241,-232.566314,-159.320664,73.24565,16.16,229,37,192,45.221809,-277.788123,1.222211,-1.446813,54.2076,5.78,56,171,2,0,46.5759,267.433686,True,0.19
SOLUSDT,60,BB_20_25_breakout,0.01,0.04,a0.01_t0.04,False,0.03,0,one_shot,241,-152.617,-90.558994,62.058006,26.8,194,52,142,157.952966,-310.569966,3.037557,-2.187112,41.8613,15.52,47,141,6,0,32.3266,347.383,True,0.2
SOLUSDT,60,BB_20_25_breakout,0.03,0.01,a0.03_t0.01,False,0.03,0,one_shot,241,-215.808792,-147.647031,68.161761,42.25,213,90,123,131.69835,-347.507142,1.463315,-2.825261,65.8788,10.94,96,107,10,0,43.4353,284.191208,True,0.22
SOLUSDT,60,BB_20_25_breakout,0.03,0.02,a0.03_t0.02,True,0.03,0,one_shot,241,-204.586851,-137.715317,66.871534,41.63,209,87,122,139.604792,-344.191642,1.604653,-2.821243,63.744,11.86,95,104,10,0,41.2017,295.413149,True,0.19
SOLUSDT,60,BB_20_25_breakout,0.03,0.04,a0.03_t0.04,False,0.03,0,one_shot,241,-152.766839,-91.996924,60.769915,30.53,190,58,132,168.784199,-321.551038,2.910072,-2.435993,45.5661,16.89,84,96,10,0,33.581,347.233161,True,0.2
SOLUSDT,60,BB_20_25_breakout,0.06,0.01,a0.06_t0.01,False,0.03,0,one_shot,241,-201.572545,-141.747891,59.824654,30.48,187,57,130,196.831015,-398.403561,3.453176,-3.064643,47.0195,20.61,110,54,23,0,40.7405,298.427455,True,0.19
SOLUSDT,60,BB_20_25_breakout,0.06,0.02,a0.06_t0.02,False,0.03,0,one_shot,241,-205.064415,-145.237006,59.82741,30.48,187,57,130,193.339145,-398.403561,3.391915,-3.064643,47.4656,20.74,110,54,23,0,41.3742,294.935585,True,0.2
SOLUSDT,60,BB_20_25_breakout,0.06,0.04,a0.06_t0.04,False,0.03,0,one_shot,241,-164.097337,-107.787732,56.309605,31.25,176,55,121,206.524149,-370.621486,3.754985,-3.062987,44.9252,23.41,103,51,22,0,34.9312,335.902663,True,0.23
SOLUSDT,60,ADX14_DI_20,0.01,0.01,a0.01_t0.01,False,0.03,0,one_shot,973,-402.990076,-256.69268,146.297395,9.63,457,44,413,9.32671,-412.316786,0.211971,-0.998346,82.4863,2.07,33,266,158,0,80.598,97.009924,False,0.2
SOLUSDT,60,ADX14_DI_20,0.01,0.02,a0.01_t0.02,False,0.03,0,one_shot,973,-400.603729,-244.712512,155.891217,17.25,487,84,403,82.792385,-483.396114,0.985624,-1.199494,54.8938,3.61,35,276,176,0,80.1207,99.396271,False,0.2
SOLUSDT,60,ADX14_DI_20,0.01,0.04,a0.01_t0.04,False,0.03,0,one_shot,973,-401.263181,-191.180521,210.08266,24.24,656,159,497,354.813449,-756.07663,2.231531,-1.521281,40.5371,8.0,43,145,468,0,80.5366,98.736819,False,0.38
SOLUSDT,60,ADX14_DI_20,0.03,0.01,a0.03_t0.01,False,0.03,0,one_shot,973,-400.883261,-237.969702,162.913559,27.9,509,142,367,184.369773,-585.253034,1.298379,-1.594695,55.1211,5.16,60,143,306,0,80.1767,99.116739,False,0.4
SOLUSDT,60,ADX14_DI_20,0.03,0.02,a0.03_t0.02,True,0.03,0,one_shot,973,-400.87318,-235.391564,165.481617,27.85,517,144,373,195.966209,-596.839389,1.360876,-1.600106,54.0397,5.61,61,144,312,0,80.1746,99.12682,False,0.4
SOLUSDT,60,ADX14_DI_20,0.03,0.04,a0.03_t0.04,False,0.03,0,one_shot,973,-402.253641,-191.845739,210.407902,24.96,657,164,493,358.601031,-760.854672,2.186592,-1.543316,41.3768,8.09,70,93,494,0,80.7409,97.746359,False,0.44
SOLUSDT,60,ADX14_DI_20,0.06,0.01,a0.06_t0.01,False,0.03,0,one_shot,973,-400.457795,-177.627784,222.830012,26.01,696,181,515,436.915972,-837.373767,2.4139,-1.625968,40.2481,7.44,82,85,529,0,80.4028,99.542205,False,0.42
SOLUSDT,60,ADX14_DI_20,0.06,0.02,a0.06_t0.02,False,0.03,0,one_shot,973,-401.07155,-178.871107,222.200443,25.94,694,180,514,432.986717,-834.058267,2.405482,-1.622681,40.2834,7.61,81,83,530,0,80.5434,98.92845,False,0.44
SOLUSDT,60,ADX14_DI_20,0.06,0.04,a0.06_t0.04,False,0.03,0,one_shot,973,-402.559313,-183.231038,219.328275,25.99,685,178,507,422.361427,-824.92074,2.372817,-1.627063,40.6778,8.3,81,57,547,0,80.8033,97.440687,False,0.38
SOLUSDT,60,DONCHIAN_55,0.01,0.01,a0.01_t0.01,False,0.03,0,one_shot,77,-79.052561,-54.446024,24.606538,9.09,77,7,70,1.587904,-80.640465,0.226843,-1.152007,83.5484,5.05,18,59,0,0,15.9571,420.947439,True,0.28
SOLUSDT,60,DONCHIAN_55,0.01,0.02,a0.01_t0.02,False,0.03,0,one_shot,77,-67.626339,-43.018485,24.607854,15.58,77,12,65,25.996472,-93.622811,2.166373,-1.440351,39.9352,7.56,18,59,0,0,13.745,432.373661,True,0.18
SOLUSDT,60,DONCHIAN_55,0.01,0.04,a0.01_t0.04,False,0.03,0,one_shot,77,-34.07792,-9.430244,24.647676,33.77,77,26,51,91.320335,-125.398255,3.512321,-2.458789,41.1781,19.83,18,58,0,1,11.1771,465.92208,True,0.26
SOLUSDT,60,DONCHIAN_55,0.03,0.01,a0.03_t0.01,False,0.03,0,one_shot,77,-82.764081,-58.107352,24.656729,40.26,77,31,46,49.070382,-131.834463,1.582916,-2.865967,64.4199,12.4,39,38,0,0,17.2107,417.235919,True,0.18
SOLUSDT,60,DONCHIAN_55,0.03,0.02,a0.03_t0.02,True,0.03,0,one_shot,77,-76.710127,-52.056532,24.653594,40.26,77,31,46,55.124336,-131.834463,1.778204,-2.865967,61.711,13.45,39,37,0,1,16.4158,423.289873,True,0.19
SOLUSDT,60,DONCHIAN_55,0.03,0.04,a0.03_t0.04,False,0.03,0,one_shot,77,-43.835112,-19.166759,24.668352,35.06,77,27,50,94.304839,-138.139951,3.492772,-2.762799,44.1654,21.25,39,37,0,1,12.389,456.164888,True,0.19
SOLUSDT,60,DONCHIAN_55,0.06,0.01,a0.06_t0.01,False,0.03,0,one_shot,77,-59.281409,-34.647065,24.634345,33.77,77,26,51,104.584667,-163.866076,4.022487,-3.21306,44.4066,22.62,48,26,2,1,14.0163,440.718591,True,0.24
SOLUSDT,60,DONCHIAN_55,0.06,0.02,a0.06_t0.02,False,0.03,0,one_shot,77,-64.474105,-39.840293,24.633812,33.77,77,26,51,99.391971,-163.866076,3.822768,-3.21306,45.6671,22.81,48,26,2,1,14.545,435.525895,True,0.28
SOLUSDT,60,DONCHIAN_55,0.06,0.04,a0.06_t0.04,False,0.03,0,one_shot,77,-49.972673,-25.343024,24.629649,33.77,77,26,51,113.893402,-163.866076,4.380515,-3.21306,42.3129,26.86,48,26,2,1,13.6081,450.027327,True,0.35
SOLUSDT,60,DONCHIAN_PULLBACK_55,0.01,0.01,a0.01_t0.01,False,0.03,0,one_shot,58,-62.922716,-44.36441,18.558306,20.69,58,12,46,4.317719,-67.240435,0.35981,-1.461749,80.2471,6.29,17,41,0,0,12.8873,437.077284,True,0.19
SOLUSDT,60,DONCHIAN_PULLBACK_55,0.01,0.02,a0.01_t0.02,False,0.03,0,one_shot,58,-59.960363,-41.410622,18.549741,22.41,58,13,45,16.011423,-75.971787,1.231648,-1.688262,57.819,8.48,17,41,0,0,12.548,440.039637,True,0.19
SOLUSDT,60,DONCHIAN_PULLBACK_55,0.01,0.04,a0.01_t0.04,False,0.03,0,one_shot,58,-56.10183,-37.554143,18.547687,29.31,58,17,41,37.097919,-93.199749,2.182231,-2.273165,51.0205,18.81,17,41,0,0,11.8083,443.89817,True,0.21
SOLUSDT,60,DONCHIAN_PULLBACK_55,0.03,0.01,a0.03_t0.01,False,0.03,0,one_shot,58,-48.760754,-30.224945,18.535809,44.83,58,26,32,40.005837,-88.766592,1.538686,-2.773956,64.3215,11.97,26,32,0,0,11.336,451.239246,True,0.18
SOLUSDT,60,DONCHIAN_PULLBACK_55,0.03,0.02,a0.03_t0.02,True,0.03,0,one_shot,58,-49.164647,-30.631614,18.533034,44.83,58,26,32,39.601945,-88.766592,1.523152,-2.773956,64.554,12.98,26,32,0,0,11.2681,450.835353,True,0.31
SOLUSDT,60,DONCHIAN_PULLBACK_55,0.03,0.04,a0.03_t0.04,False,0.03,0,one_shot,58,-55.225169,-36.686963,18.538207,31.03,58,18,40,39.429347,-94.654516,2.190519,-2.366363,51.9294,19.55,26,32,0,0,11.6341,444.774831,True,0.21
SOLUSDT,60,DONCHIAN_PULLBACK_55,0.06,0.01,a0.06_t0.01,False,0.03,0,one_shot,58,-45.782574,-27.272374,18.510199,36.21,58,21,37,77.043926,-122.8265,3.668758,-3.319635,47.5021,25.95,37,21,0,0,10.7221,454.217426,True,0.21
SOLUSDT,60,DONCHIAN_PULLBACK_55,0.06,0.02,a0.06_t0.02,False,0.03,0,one_shot,58,-49.117436,-30.605994,18.511442,36.21,58,21,37,73.709064,-122.8265,3.509955,-3.319635,48.6066,26.09,37,21,0,0,11.3366,450.882564,True,0.19
SOLUSDT,60,DONCHIAN_PULLBACK_55,0.06,0.04,a0.06_t0.04,False,0.03,0,one_shot,58,-38.915644,-20.395686,18.519959,36.21,58,21,37,83.910856,-122.8265,3.995755,-3.319635,45.3788,30.36,37,21,0,0,10.5036,461.084356,True,0.19
ETHUSDT,240,EMA_8_21,0.01,0.01,a0.01_t0.01,False,0.03,0,one_shot,121,-126.385449,-87.68096,38.704489,5.79,121,7,114,1.504009,-127.889457,0.214858,-1.121837,83.9262,1.56,19,84,18,0,25.2771,373.614551,True,0.08
ETHUSDT,240,EMA_8_21,0.01,0.02,a0.01_t0.02,False,0.03,0,one_shot,121,-137.901623,-99.194371,38.707252,12.4,121,15,106,8.187411,-146.089034,0.545827,-1.378198,71.631,2.32,19,84,18,0,27.5803,362.098377,True,0.08
ETHUSDT,240,EMA_8_21,0.01,0.04,a0.01_t0.04,False,0.03,0,one_shot,121,-115.106926,-76.373209,38.733716,23.97,121,29,92,70.133888,-185.240813,2.41841,-2.013487,45.4317,6.27,19,75,27,0,24.3697,384.893074,True,0.1
ETHUSDT,240,EMA_8_21,0.03,0.01,a0.03_t0.01,False,0.03,0,one_shot,121,-137.319863,-98.60841,38.711453,32.23,121,39,82,49.336138,-186.656001,1.265029,-2.276293,64.2781,4.86,36,51,34,0,27.5367,362.680137,True,0.09
ETHUSDT,240,EMA_8_21,0.03,0.02,a0.03_t0.02,True,0.03,0,one_shot,121,-138.770878,-100.060442,38.710436,32.23,121,39,82,47.885122,-186.656001,1.227824,-2.276293,64.9605,5.0,36,51,34,0,27.8269,361.229122,True,0.14
ETHUSDT,240,EMA_8_21,0.03,0.04,a0.03_t0.04,False,0.03,0,one_shot,121,-122.627842,-83.898802,38.72904,24.79,121,30,91,72.551572,-195.179414,2.418386,-2.144829,47.0026,6.8,36,51,34,0,25.8489,377.372158,True,0.1
ETHUSDT,240,EMA_8_21,0.06,0.01,a0.06_t0.01,False,0.03,0,one_shot,121,-111.007167,-72.314732,38.692435,28.93,121,35,86,109.602536,-220.609703,3.131501,-2.565229,45.0299,7.2,45,35,41,0,22.979,388.992833,True,0.08
ETHUSDT,240,EMA_8_21,0.06,0.02,a0.06_t0.02,False,0.03,0,one_shot,121,-112.510916,-73.817199,38.693717,28.93,121,35,86,108.098787,-220.609703,3.088537,-2.565229,45.372,7.24,45,35,41,0,23.1155,387.489084,True,0.1
ETHUSDT,240,EMA_8_21,0.06,0.04,a0.06_t0.04,False,0.03,0,one_shot,121,-114.839125,-76.132857,38.706269,28.93,121,35,86,105.770577,-220.609703,3.022016,-2.565229,45.9122,8.36,45,35,41,0,24.5522,385.160875,True,0.08
ETHUSDT,240,MACD_12_26_hist,0.01,0.01,a0.01_t0.01,False,0.03,0,one_shot,194,-187.933826,-126.166366,61.76746,6.74,193,13,180,2.7127,-190.646527,0.208669,-1.059147,83.5411,1.56,26,136,31,0,37.5868,312.066174,True,0.09
ETHUSDT,240,MACD_12_26_hist,0.01,0.02,a0.01_t0.02,False,0.03,0,one_shot,194,-197.988625,-136.219223,61.769402,10.36,193,20,173,14.173916,-212.162541,0.708696,-1.226373,63.3762,2.3,26,136,31,0,39.5977,302.011375,True,0.09
ETHUSDT,240,MACD_12_26_hist,0.01,0.04,a0.01_t0.04,False,0.03,0,one_shot,194,-154.415433,-92.614824,61.800608,21.76,193,42,151,126.476469,-280.891902,3.011345,-1.860211,38.1852,6.08,26,106,61,0,31.5667,345.584567,True,0.09
ETHUSDT,240,MACD_12_26_hist,0.03,0.01,a0.03_t0.01,False,0.03,0,one_shot,194,-222.699402,-160.910612,61.78879,26.42,193,51,142,66.898791,-289.598193,1.311741,-2.039424,60.8572,4.63,54,74,65,0,44.7128,277.300598,True,0.09
ETHUSDT,240,MACD_12_26_hist,0.03,0.02,a0.03_t0.02,True,0.03,0,one_shot,194,-226.141537,-164.362156,61.779381,26.42,193,51,142,63.456656,-289.598193,1.244248,-2.039424,62.108,4.77,54,74,65,0,45.4012,273.858463,True,0.09
ETHUSDT,240,MACD_12_26_hist,0.03,0.04,a0.03_t0.04,False,0.03,0,one_shot,194,-165.845319,-104.04435,61.800969,23.32,193,45,148,131.793131,-297.63845,2.928736,-2.011071,40.7115,6.52,54,66,73,0,33.7535,334.154681,True,0.12
ETHUSDT,240,MACD_12_26_hist,0.06,0.01,a0.06_t0.01,False,0.03,0,one_shot,194,-163.170626,-101.379653,61.790973,26.94,193,52,141,154.105819,-317.276446,2.963573,-2.250188,43.1586,6.91,62,41,90,0,33.1681,336.829374,True,0.09
ETHUSDT,240,MACD_12_26_hist,0.06,0.02,a0.06_t0.02,False,0.03,0,one_shot,194,-162.897553,-101.104848,61.792705,26.94,193,52,141,154.378893,-317.276446,2.968825,-2.250188,43.1152,6.95,62,41,90,0,33.1135,337.102447,True,0.09
ETHUSDT,240,MACD_12_26_hist,0.06,0.04,a0.06_t0.04,False,0.03,0,one_shot,194,-145.83885,-84.024139,61.814711,26.94,193,52,141,171.437596,-317.276446,3.296877,-2.250188,40.5654,7.61,62,35,96,0,30.6921,354.16115,True,0.14
ETHUSDT,240,RSI14_7030,0.01,0.01,a0.01_t0.01,False,0.03,0,one_shot,141,-180.260292,-139.262804,40.997487,6.25,128,8,120,1.01069,-181.270982,0.126336,-1.510592,92.2821,2.12,46,82,0,0,36.0521,319.739708,True,0.16
ETHUSDT,240,RSI14_7030,0.01,0.02,a0.01_t0.02,False,0.03,0,one_shot,141,-186.734348,-146.717323,40.017025,12.8,125,16,109,12.283877,-199.018224,0.767742,-1.825855,70.3986,3.06,46,79,0,0,37.4347,313.265652,True,0.14
ETHUSDT,240,RSI14_7030,0.01,0.04,a0.01_t0.04,False,0.03,0,one_shot,141,-140.602524,-106.381005,34.221519,25.23,107,27,80,72.214565,-212.817088,2.674614,-2.660214,49.865,6.81,41,52,14,0,28.458,359.397476,True,0.21
ETHUSDT,240,RSI14_7030,0.03,0.01,a0.03_t0.01,False,0.03,0,one_shot,141,-168.637371,-133.747556,34.889814,31.19,109,34,75,44.700787,-213.338158,1.314729,-2.844509,68.3901,5.42,63,44,2,0,33.8204,331.362629,True,0.14
ETHUSDT,240,RSI14_7030,0.03,0.02,a0.03_t0.02,True,0.03,0,one_shot,141,-170.524054,-135.632407,34.891647,31.19,109,34,75,42.814104,-213.338158,1.259238,-2.844509,69.3149,5.55,63,42,4,0,34.1972,329.475946,True,0.24
ETHUSDT,240,RSI14_7030,0.03,0.04,a0.03_t0.04,False,0.03,0,one_shot,141,-139.971047,-105.768151,34.202896,28.04,107,30,77,79.572377,-219.543424,2.652413,-2.851213,51.8061,7.4,62,29,16,0,28.2312,360.028953,True,0.19
ETHUSDT,240,RSI14_7030,0.06,0.01,a0.06_t0.01,False,0.03,0,one_shot,141,-131.248657,-98.922701,32.325955,30.69,101,31,70,101.187343,-232.436,3.264108,-3.320514,50.4283,9.73,70,13,18,0,26.4925,368.751343,True,0.18
ETHUSDT,240,RSI14_7030,0.06,0.02,a0.06_t0.02,False,0.03,0,one_shot,141,-131.597393,-99.271546,32.325846,30.69,101,31,70,100.838607,-232.436,3.252858,-3.320514,50.5146,9.73,70,13,18,0,26.562,368.402607,True,0.27
ETHUSDT,240,RSI14_7030,0.06,0.04,a0.06_t0.04,False,0.03,0,one_shot,141,-131.625744,-99.304924,32.32082,30.69,101,31,70,100.810256,-232.436,3.251944,-3.320514,50.5217,9.84,70,10,21,0,26.5676,368.374256,True,0.13
ETHUSDT,240,BB_20_25_breakout,0.01,0.01,a0.01_t0.01,False,0.03,0,one_shot,66,-66.526972,-45.42698,21.099993,4.55,66,3,63,0.64481,-67.171782,0.214937,-1.066219,83.2232,1.61,13,53,0,0,13.3054,433.473028,True,0.14
ETHUSDT,240,BB_20_25_breakout,0.01,0.02,a0.01_t0.02,False,0.03,0,one_shot,66,-67.227142,-46.448444,20.778698,10.77,65,7,58,3.077144,-70.304286,0.439592,-1.212143,73.386,2.02,13,52,0,0,13.4454,432.772858,True,0.19
ETHUSDT,240,BB_20_25_breakout,0.01,0.04,a0.01_t0.04,False,0.03,0,one_shot,66,-38.649317,-19.746303,18.903014,25.42,59,15,44,46.199853,-84.84917,3.07999,-1.92839,38.5033,6.59,11,48,0,0,10.6256,461.350683,True,0.15
ETHUSDT,240,BB_20_25_breakout,0.03,0.01,a0.03_t0.01,False,0.03,0,one_shot,66,-64.084086,-44.579234,19.504853,34.43,61,21,40,26.707138,-90.791224,1.271768,-2.269781,64.0901,4.67,25,36,0,0,14.1312,435.915914,True,0.15
ETHUSDT,240,BB_20_25_breakout,0.03,0.02,a0.03_t0.02,True,0.03,0,one_shot,66,-69.415923,-49.91516,19.500763,34.43,61,21,40,21.375302,-90.791224,1.017872,-2.269781,69.0396,4.8,25,36,0,0,14.9071,430.584077,True,0.16
ETHUSDT,240,BB_20_25_breakout,0.03,0.04,a0.03_t0.04,False,0.03,0,one_shot,66,-50.186092,-31.295132,18.89096,27.12,59,16,43,46.216948,-96.403039,2.888559,-2.241931,43.6982,7.29,25,34,0,0,13.2364,449.813908,True,0.14
ETHUSDT,240,BB_20_25_breakout,0.06,0.01,a0.06_t0.01,False,0.03,0,one_shot,66,-47.27451,-29.027941,18.246568,38.6,57,22,35,62.90299,-110.1775,2.859227,-3.147929,52.403,8.39,33,24,0,0,12.2988,452.72549,True,0.14
ETHUSDT,240,BB_20_25_breakout,0.06,0.02,a0.06_t0.02,False,0.03,0,one_shot,66,-49.807061,-31.564297,18.242764,38.6,57,22,35,60.370439,-110.1775,2.744111,-3.147929,53.4268,8.4,33,24,0,0,12.5365,450.192939,True,0.21
ETHUSDT,240,BB_20_25_breakout,0.06,0.04,a0.06_t0.04,False,0.03,0,one_shot,66,-34.112915,-16.16426,17.948655,37.5,56,21,35,76.064585,-110.1775,3.622123,-3.147929,46.4979,10.16,33,23,0,0,12.1068,465.887085,True,0.14
ETHUSDT,240,ADX14_DI_20,0.01,0.01,a0.01_t0.01,False,0.03,0,one_shot,244,-224.32938,-146.54743,77.781949,5.76,243,14,229,3.073935,-227.403315,0.219567,-0.993028,81.8928,1.12,27,165,51,0,44.8659,275.67062,True,0.16
ETHUSDT,240,ADX14_DI_20,0.01,0.02,a0.01_t0.02,False,0.03,0,one_shot,244,-239.376997,-162.242228,77.134769,10.37,241,25,216,14.596292,-253.97329,0.583852,-1.175802,66.8201,1.95,27,162,52,0,47.8754,260.623003,True,0.15
ETHUSDT,240,ADX14_DI_20,0.01,0.04,a0.01_t0.04,False,0.03,0,one_shot,244,-140.280732,-69.17894,71.101792,27.03,222,60,162,142.693352,-282.974085,2.378223,-1.746754,42.3458,5.59,25,108,89,0,28.9461,359.719268,True,0.19
ETHUSDT,240,ADX14_DI_20,0.03,0.01,a0.03_t0.01,False,0.03,0,one_shot,244,-207.321667,-134.952431,72.369236,29.2,226,66,160,77.962079,-285.283746,1.181244,-1.783023,60.1506,3.81,46,85,95,0,41.9089,292.678333,True,0.16
ETHUSDT,240,ADX14_DI_20,0.03,0.02,a0.03_t0.02,True,0.03,0,one_shot,244,-212.539324,-140.169534,72.369791,29.2,226,66,160,72.744422,-285.283746,1.102188,-1.783023,61.7987,3.96,46,85,95,0,42.9309,287.460676,True,0.18
ETHUSDT,240,ADX14_DI_20,0.03,0.04,a0.03_t0.04,False,0.03,0,one_shot,244,-141.208226,-70.734504,70.473722,28.18,220,62,158,145.214519,-286.422745,2.34217,-1.812802,43.6297,5.81,46,73,101,0,29.3992,358.791774,True,0.18
ETHUSDT,240,ADX14_DI_20,0.06,0.01,a0.06_t0.01,False,0.03,0,one_shot,244,-120.730124,-50.587041,70.143082,30.59,219,67,152,185.024022,-305.754146,2.761553,-2.01154,42.1433,6.09,52,47,120,0,25.4906,379.269876,True,0.17
ETHUSDT,240,ADX14_DI_20,0.06,0.02,a0.06_t0.02,False,0.03,0,one_shot,244,-126.335175,-56.195915,70.13926,30.59,219,67,152,179.418971,-305.754146,2.677895,-2.01154,42.8952,6.12,52,47,120,0,26.5767,373.664825,True,0.18
ETHUSDT,240,ADX14_DI_20,0.06,0.04,a0.06_t0.04,False,0.03,0,one_shot,244,-120.751927,-50.925604,69.826323,30.73,218,67,151,181.686719,-302.438646,2.711742,-2.002905,42.4826,6.7,51,46,121,0,25.3362,379.248073,True,0.18
ETHUSDT,240,DONCHIAN_55,0.01,0.01,a0.01_t0.01,False,0.03,0,one_shot,20,-15.866785,-9.47202,6.394765,0.0,20,0,20,0.0,-15.866785,0.0,-0.793339,100.0,2.3,2,18,0,0,3.2654,484.133215,True,0.15
ETHUSDT,240,DONCHIAN_55,0.01,0.02,a0.01_t0.02,False,0.03,0,one_shot,20,-16.610882,-10.21601,6.394872,10.0,20,2,18,0.693844,-17.304726,0.346922,-0.961374,73.4829,3.35,2,18,0,0,3.6841,483.389118,True,0.13
ETHUSDT,240,DONCHIAN_55,0.01,0.04,a0.01_t0.04,False,0.03,0,one_shot,20,2.516417,8.951036,6.434619,25.0,20,5,15,25.216925,-22.700508,5.043385,-1.513367,23.081,10.3,2,18,0,0,3.4899,502.516417,True,0.19
ETHUSDT,240,DONCHIAN_55,0.03,0.01,a0.03_t0.01,False,0.03,0,one_shot,20,-14.043819,-7.638239,6.405579,35.0,20,7,13,9.136699,-23.180518,1.305243,-1.783117,57.7367,6.9,6,14,0,0,4.4979,485.956181,True,0.21
ETHUSDT,240,DONCHIAN_55,0.03,0.02,a0.03_t0.02,True,0.03,0,one_shot,20,-15.652501,-9.24705,6.40545,35.0,20,7,13,7.528017,-23.180518,1.075431,-1.783117,62.3784,7.05,6,14,0,0,4.5079,484.347499,True,0.11
ETHUSDT,240,DONCHIAN_55,0.03,0.04,a0.03_t0.04,False,0.03,0,one_shot,20,2.571205,9.002796,6.431592,30.0,20,6,14,26.314784,-23.743579,4.385797,-1.69597,27.8861,11.25,6,14,0,0,3.7582,502.571205,True,0.13
ETHUSDT,240,DONCHIAN_55,0.06,0.01,a0.06_t0.01,False,0.03,0,one_shot,20,0.694186,7.096422,6.402236,50.0,20,10,10,30.69713,-30.002944,3.069713,-3.000294,49.4282,12.35,9,11,0,0,3.0975,500.694186,True,0.16
ETHUSDT,240,DONCHIAN_55,0.06,0.02,a0.06_t0.02,False,0.03,0,one_shot,20,-0.049715,6.353635,6.40335,50.0,20,10,10,29.95323,-30.002944,2.995323,-3.000294,50.0415,12.35,9,11,0,0,3.0975,499.950285,True,0.12
ETHUSDT,240,DONCHIAN_55,0.06,0.04,a0.06_t0.04,False,0.03,0,one_shot,20,7.186895,13.611439,6.424544,50.0,20,10,10,37.18984,-30.002944,3.718984,-3.000294,44.652,14.1,9,11,0,0,2.9558,507.186895,True,0.2
ETHUSDT,240,DONCHIAN_PULLBACK_55,0.01,0.01,a0.01_t0.01,False,0.03,0,one_shot,14,-14.179448,-9.684921,4.494527,0.0,14,0,14,0.0,-14.179448,0.0,-1.012818,100.0,1.43,2,12,0,0,2.8359,485.820552,True,0.21
ETHUSDT,240,DONCHIAN_PULLBACK_55,0.01,0.02,a0.01_t0.02,False,0.03,0,one_shot,14,-18.285052,-13.794691,4.49036,7.14,14,1,13,0.233064,-18.518116,0.233064,-1.42447,85.9391,1.93,2,12,0,0,3.657,481.714948,True,0.16
ETHUSDT,240,DONCHIAN_PULLBACK_55,0.01,0.04,a0.01_t0.04,False,0.03,0,one_shot,14,-23.240756,-18.753465,4.487291,21.43,14,3,11,3.20023,-26.440986,1.066743,-2.403726,69.2623,8.71,2,12,0,0,4.6482,476.759244,True,0.17
ETHUSDT,240,DONCHIAN_PULLBACK_55,0.03,0.01,a0.03_t0.01,False,0.03,0,one_shot,14,-27.056545,-22.570911,4.485635,21.43,14,3,11,2.651929,-29.708474,0.883976,-2.70077,75.3406,10.21,8,6,0,0,5.4113,472.943455,True,0.19
ETHUSDT,240,DONCHIAN_PULLBACK_55,0.03,0.02,a0.03_t0.02,True,0.03,0,one_shot,14,-27.068139,-22.582487,4.485652,21.43,14,3,11,2.640336,-29.708474,0.880112,-2.70077,75.4219,10.21,8,6,0,0,5.4136,472.931861,True,0.15
ETHUSDT,240,DONCHIAN_PULLBACK_55,0.03,0.04,a0.03_t0.04,False,0.03,0,one_shot,14,-23.925495,-19.443205,4.482289,28.57,14,4,10,5.46298,-29.388474,1.365745,-2.938847,68.2724,12.0,8,6,0,0,4.7851,476.074505,True,0.17
ETHUSDT,240,DONCHIAN_PULLBACK_55,0.06,0.01,a0.06_t0.01,False,0.03,0,one_shot,14,-11.119746,-6.650969,4.468777,35.71,14,5,9,16.17592,-27.295666,3.235184,-3.032852,48.386,14.93,8,6,0,0,3.29,488.880254,True,0.09
ETHUSDT,240,DONCHIAN_PULLBACK_55,0.06,0.02,a0.06_t0.02,False,0.03,0,one_shot,14,-11.119746,-6.650969,4.468777,35.71,14,5,9,16.17592,-27.295666,3.235184,-3.032852,48.386,14.93,8,6,0,0,3.29,488.880254,True,0.08
ETHUSDT,240,DONCHIAN_PULLBACK_55,0.06,0.04,a0.06_t0.04,False,0.03,0,one_shot,14,-12.871868,-8.400467,4.471401,35.71,14,5,9,14.423798,-27.295666,2.88476,-3.032852,51.2513,15.71,8,6,0,0,3.6566,487.128132,True,0.08
ETHUSDT,60,EMA_8_21,0.01,0.01,a0.01_t0.01,False,0.03,0,one_shot,481,-383.318398,-229.40176,153.916639,13.72,481,66,415,21.172426,-404.490824,0.320794,-0.974677,75.2372,4.5,23,270,187,1,76.7969,116.681602,True,0.44
ETHUSDT,60,EMA_8_21,0.01,0.02,a0.01_t0.02,False,0.03,0,one_shot,481,-319.890435,-165.946474,153.943961,21.21,481,102,379,122.794157,-442.684592,1.203864,-1.168033,49.2447,8.56,23,252,205,1,64.7433,180.109565,True,0.42
ETHUSDT,60,EMA_8_21,0.01,0.04,a0.01_t0.04,False,0.03,0,one_shot,481,-235.325518,-81.363112,153.962406,24.53,481,118,363,290.11115,-525.436668,2.458569,-1.447484,37.0575,15.5,23,116,341,1,47.8331,264.674482,True,0.43
ETHUSDT,60,EMA_8_21,0.03,0.01,a0.03_t0.01,False,0.03,0,one_shot,481,-321.943001,-167.963144,153.979857,28.48,481,137,344,192.416312,-514.359313,1.404499,-1.495231,51.5645,10.28,36,134,310,1,65.1189,178.056999,True,0.34
ETHUSDT,60,EMA_8_21,0.03,0.02,a0.03_t0.02,True,0.03,0,one_shot,481,-299.108541,-145.119171,153.989369,28.48,481,137,344,215.250772,-514.359313,1.571174,-1.495231,48.7617,11.72,36,132,312,1,60.4552,200.891459,True,0.22
ETHUSDT,60,EMA_8_21,0.03,0.04,a0.03_t0.04,False,0.03,0,one_shot,481,-236.114451,-82.161918,153.952532,24.53,481,118,363,290.11115,-526.225601,2.458569,-1.449657,37.0925,15.62,36,83,361,1,47.9909,263.885549,True,0.25
ETHUSDT,60,EMA_8_21,0.06,0.01,a0.06_t0.01,False,0.03,0,one_shot,481,-291.449148,-137.489077,153.960071,23.28,481,112,369,261.435093,-552.884241,2.334242,-1.498331,39.0947,14.79,41,51,388,1,59.054,208.550852,True,0.22
ETHUSDT,60,EMA_8_21,0.06,0.02,a0.06_t0.02,False,0.03,0,one_shot,481,-292.119462,-138.162603,153.956859,23.28,481,112,369,260.764779,-552.884241,2.328257,-1.498331,39.1558,14.94,41,51,388,1,59.188,207.880538,True,0.22
ETHUSDT,60,EMA_8_21,0.06,0.04,a0.06_t0.04,False,0.03,0,one_shot,481,-250.671524,-96.710861,153.960663,23.28,481,112,369,302.212718,-552.884241,2.698328,-1.498331,35.703,16.36,41,42,397,1,50.9013,249.328476,True,0.24
ETHUSDT,60,MACD_12_26_hist,0.01,0.01,a0.01_t0.01,False,0.03,0,one_shot,709,-400.397971,-226.912913,173.485057,16.05,542,87,455,23.8226,-424.220571,0.273823,-0.932353,77.2983,4.85,26,317,199,0,80.0865,99.602029,False,0.23
ETHUSDT,60,MACD_12_26_hist,0.01,0.02,a0.01_t0.02,False,0.03,0,one_shot,709,-401.855388,-209.496853,192.358534,22.3,601,134,467,124.591423,-526.44681,0.929787,-1.127295,54.8007,7.92,32,276,293,0,80.3778,98.144612,False,0.22
ETHUSDT,60,MACD_12_26_hist,0.01,0.04,a0.01_t0.04,False,0.03,0,one_shot,709,-297.188438,-70.271863,226.916574,29.62,709,210,499,404.129642,-701.31808,1.924427,-1.405447,42.2072,11.31,37,112,559,1,60.4488,202.811562,True,0.32
ETHUSDT,60,MACD_12_26_hist,0.03,0.01,a0.03_t0.01,False,0.03,0,one_shot,709,-401.298593,-185.272646,216.025947,30.81,675,208,467,265.462201,-666.760794,1.276261,-1.427753,52.8013,9.1,51,169,455,0,80.2665,98.701407,False,0.24
ETHUSDT,60,MACD_12_26_hist,0.03,0.02,a0.03_t0.02,True,0.03,0,one_shot,709,-394.704898,-167.78379,226.921107,31.45,709,223,486,294.253579,-688.958476,1.319523,-1.41761,51.7918,9.72,52,166,491,0,80.0886,105.295102,True,0.25
ETHUSDT,60,MACD_12_26_hist,0.03,0.04,a0.03_t0.04,False,0.03,0,one_shot,709,-295.673102,-68.76288,226.910222,29.9,709,212,497,406.569425,-702.242527,1.91778,-1.412963,42.4218,11.44,52,75,581,1,60.3449,204.326898,True,0.24
ETHUSDT,60,MACD_12_26_hist,0.06,0.01,a0.06_t0.01,False,0.03,0,one_shot,709,-286.329919,-59.429653,226.900266,30.32,709,215,494,424.403701,-710.73362,1.973971,-1.438732,42.1581,11.5,55,52,601,1,59.3958,213.670081,True,0.25
ETHUSDT,60,MACD_12_26_hist,0.06,0.02,a0.06_t0.02,False,0.03,0,one_shot,709,-283.462286,-56.556888,226.905397,30.32,709,215,494,427.271334,-710.73362,1.987309,-1.438732,41.994,11.6,55,48,605,1,58.7055,216.537714,True,0.27
ETHUSDT,60,MACD_12_26_hist,0.06,0.04,a0.06_t0.04,False,0.03,0,one_shot,709,-267.535621,-40.603604,226.932017,30.32,709,215,494,443.197999,-710.73362,2.061386,-1.438732,41.1052,11.87,55,33,620,1,55.0977,232.464379,True,0.31
ETHUSDT,60,RSI14_7030,0.01,0.01,a0.01_t0.01,False,0.03,0,one_shot,624,-401.644606,-274.535699,127.108906,23.93,397,95,302,40.169749,-441.814355,0.422839,-1.462961,77.5777,9.34,112,250,35,0,80.3501,98.355394,False,0.21
ETHUSDT,60,RSI14_7030,0.01,0.02,a0.01_t0.02,False,0.03,0,one_shot,624,-400.421665,-266.311528,134.110137,30.31,419,127,292,133.374457,-533.796121,1.050193,-1.828069,63.513,11.56,121,217,80,1,80.1811,99.578335,False,0.21
ETHUSDT,60,RSI14_7030,0.01,0.04,a0.01_t0.04,False,0.03,0,one_shot,624,-244.471501,-125.120394,119.351107,42.09,373,157,216,321.935311,-566.406813,2.050543,-2.622254,56.1174,17.37,111,102,159,1,49.1376,255.528499,True,0.22
ETHUSDT,60,RSI14_7030,0.03,0.01,a0.03_t0.01,False,0.03,0,one_shot,624,-318.793958,-205.471996,113.321963,47.46,354,168,186,225.650365,-544.444323,1.343157,-2.92712,68.5464,17.72,161,96,96,1,63.9313,181.206042,True,0.24
ETHUSDT,60,RSI14_7030,0.03,0.02,a0.03_t0.02,True,0.03,0,one_shot,624,-300.894692,-187.587701,113.306992,47.46,354,168,186,243.549631,-544.444323,1.4497,-2.92712,66.8778,18.03,161,71,121,1,60.3685,199.105308,True,0.21
ETHUSDT,60,RSI14_7030,0.03,0.04,a0.03_t0.04,False,0.03,0,one_shot,624,-239.498076,-126.852543,112.645533,44.6,352,157,195,313.409699,-552.907774,1.99624,-2.835424,58.6842,18.94,160,30,161,1,48.1476,260.501924,True,0.24
ETHUSDT,60,RSI14_7030,0.06,0.01,a0.06_t0.01,False,0.03,0,one_shot,624,-215.345043,-104.945619,110.399423,46.67,345,161,184,343.60756,-558.952602,2.134208,-3.037786,58.7353,19.96,166,14,164,1,45.561,284.654957,True,0.23
ETHUSDT,60,RSI14_7030,0.06,0.02,a0.06_t0.02,False,0.03,0,one_shot,624,-215.192214,-104.78974,110.402474,46.67,345,161,184,343.760388,-558.952602,2.135158,-3.037786,58.7245,19.97,166,13,165,1,45.3435,284.807786,True,0.29
ETHUSDT,60,RSI14_7030,0.06,0.04,a0.06_t0.04,False,0.03,0,one_shot,624,-192.301398,-81.886141,110.415257,46.67,345,161,184,366.651204,-558.952602,2.277337,-3.037786,57.1536,20.08,166,6,172,1,41.253,307.698602,True,0.22
ETHUSDT,60,BB_20_25_breakout,0.01,0.01,a0.01_t0.01,False,0.03,0,one_shot,292,-261.826311,-172.58967,89.236641,13.26,279,37,242,9.614838,-271.441149,0.25986,-1.121658,81.1902,7.52,55,215,9,0,52.4344,238.173689,True,0.2
ETHUSDT,60,BB_20_25_breakout,0.01,0.02,a0.01_t0.02,False,0.03,0,one_shot,292,-189.084237,-111.322318,77.76192,24.69,243,60,183,68.139258,-257.223496,1.135654,-1.405593,55.3111,11.51,47,188,8,0,38.5065,310.915763,True,0.25
ETHUSDT,60,BB_20_25_breakout,0.01,0.04,a0.01_t0.04,False,0.03,0,one_shot,292,-67.013719,-10.990391,56.023328,34.29,175,60,115,172.432865,-239.446584,2.873881,-2.082144,42.0124,28.22,27,129,19,0,14.5643,432.986281,True,0.25
ETHUSDT,60,BB_20_25_breakout,0.03,0.01,a0.03_t0.01,False,0.03,0,one_shot,292,-149.678581,-81.462979,68.215602,43.66,213,93,120,146.16632,-295.844901,1.571681,-2.465374,61.0686,20.57,73,114,26,0,30.5274,350.321419,True,0.22
ETHUSDT,60,BB_20_25_breakout,0.03,0.02,a0.03_t0.02,True,0.03,0,one_shot,292,-137.51636,-71.533105,65.983255,44.66,206,92,114,145.974668,-283.491028,1.586681,-2.486763,61.0482,21.98,70,112,24,0,28.3381,362.48364,True,0.22
ETHUSDT,60,BB_20_25_breakout,0.03,0.04,a0.03_t0.04,False,0.03,0,one_shot,292,-62.060183,-7.947696,54.112487,37.28,169,63,106,175.115336,-237.175519,2.779609,-2.237505,44.5975,31.92,55,87,27,0,14.0777,437.939817,True,0.21
ETHUSDT,60,BB_20_25_breakout,0.06,0.01,a0.06_t0.01,False,0.03,0,one_shot,292,-56.8034,-4.594628,52.208772,38.04,163,62,101,208.221685,-265.025085,3.358414,-2.624011,43.862,39.11,64,53,45,1,14.8028,443.1966,True,0.22
ETHUSDT,60,BB_20_25_breakout,0.06,0.02,a0.06_t0.02,False,0.03,0,one_shot,292,-59.401644,-8.159882,51.241761,38.12,160,61,99,202.172865,-261.574508,3.314309,-2.642167,44.3579,39.94,63,52,44,1,14.4117,440.598356,True,0.34
ETHUSDT,60,BB_20_25_breakout,0.06,0.04,a0.06_t0.04,False,0.03,0,one_shot,292,-15.981845,31.09807,47.079915,38.1,147,56,91,218.023167,-234.005012,3.893271,-2.571484,39.777,45.44,56,46,44,1,13.0786,484.018155,True,0.24
ETHUSDT,60,ADX14_DI_20,0.01,0.01,a0.01_t0.01,False,0.03,0,one_shot,946,-400.816015,-201.397754,199.418261,14.29,623,89,534,22.640291,-423.456306,0.254385,-0.792989,75.7121,3.74,16,312,295,0,80.17,99.183985,False,0.23
ETHUSDT,60,ADX14_DI_20,0.01,0.02,a0.01_t0.02,False,0.03,0,one_shot,946,-400.817867,-179.6338,221.184067,18.96,691,131,560,123.43514,-524.253007,0.942253,-0.936166,49.838,6.38,18,288,385,0,80.1704,99.182133,False,0.23
ETHUSDT,60,ADX14_DI_20,0.01,0.04,a0.01_t0.04,False,0.03,0,one_shot,946,-349.738901,-79.621202,270.117699,26.07,844,220,624,366.036299,-715.7752,1.663801,-1.147076,40.8085,9.31,28,103,713,0,70.4084,150.261099,True,0.26
ETHUSDT,60,ADX14_DI_20,0.03,0.01,a0.03_t0.01,False,0.03,0,one_shot,946,-400.718874,-153.617423,247.10145,26.68,772,206,566,246.970319,-647.689193,1.198885,-1.144327,48.8358,7.21,29,157,586,0,80.1506,99.281126,False,0.23
ETHUSDT,60,ADX14_DI_20,0.03,0.02,a0.03_t0.02,True,0.03,0,one_shot,946,-400.067352,-147.848219,252.219133,26.9,788,212,576,260.045421,-660.112773,1.226629,-1.146029,48.3015,7.86,30,151,607,0,80.1215,99.932648,False,0.23
ETHUSDT,60,ADX14_DI_20,0.03,0.04,a0.03_t0.04,False,0.03,0,one_shot,946,-348.188542,-78.38365,269.804891,26.22,843,221,622,368.386308,-716.57485,1.666906,-1.15205,40.868,9.36,36,77,730,0,70.0984,151.811458,True,0.28
ETHUSDT,60,ADX14_DI_20,0.06,0.01,a0.06_t0.01,False,0.03,0,one_shot,946,-354.21539,-85.029477,269.185914,25.92,841,218,623,369.923049,-724.138439,1.696895,-1.162341,40.6522,9.09,37,56,748,0,71.3034,145.78461,True,0.26
ETHUSDT,60,ADX14_DI_20,0.06,0.02,a0.06_t0.02,False,0.03,0,one_shot,946,-357.21079,-88.022819,269.187972,25.92,841,218,623,366.927649,-724.138439,1.683154,-1.162341,40.8485,9.19,37,56,748,0,71.9022,142.78921,True,0.25
ETHUSDT,60,ADX14_DI_20,0.06,0.04,a0.06_t0.04,False,0.03,0,one_shot,946,-328.26196,-59.059969,269.201992,25.92,841,218,623,395.876479,-724.138439,1.815947,-1.162341,39.0272,9.65,37,39,765,0,66.1145,171.73804,True,0.27
ETHUSDT,60,DONCHIAN_55,0.01,0.01,a0.01_t0.01,False,0.03,0,one_shot,78,-76.716581,-51.754727,24.961854,12.82,78,10,68,2.428198,-79.144779,0.24282,-1.163894,82.7385,8.72,16,61,1,0,15.3433,423.283419,True,0.34
ETHUSDT,60,DONCHIAN_55,0.01,0.02,a0.01_t0.02,False,0.03,0,one_shot,78,-69.4523,-44.505703,24.946597,21.79,78,17,61,19.997458,-89.449758,1.176321,-1.466389,55.4881,12.03,16,61,1,0,14.1775,430.5477,True,0.2
ETHUSDT,60,DONCHIAN_55,0.01,0.04,a0.01_t0.04,False,0.03,0,one_shot,78,-38.039269,-13.089218,24.95005,30.77,78,24,54,85.365781,-123.405049,3.556908,-2.285279,39.1168,32.31,16,60,2,0,10.5485,461.960731,True,0.46
ETHUSDT,60,DONCHIAN_55,0.03,0.01,a0.03_t0.01,False,0.03,0,one_shot,78,-71.029566,-46.046157,24.983409,44.87,78,35,43,53.417402,-124.446968,1.526211,-2.894116,65.4729,23.1,33,40,5,0,14.4919,428.970434,True,0.34
ETHUSDT,60,DONCHIAN_55,0.03,0.02,a0.03_t0.02,True,0.03,0,one_shot,78,-72.773106,-47.792622,24.980484,44.87,78,35,43,51.673862,-124.446968,1.476396,-2.894116,66.2191,24.38,33,40,5,0,14.8395,427.226894,True,0.35
ETHUSDT,60,DONCHIAN_55,0.03,0.04,a0.03_t0.04,False,0.03,0,one_shot,78,-43.685175,-18.724977,24.960198,33.33,78,26,52,86.750172,-130.435348,3.336545,-2.508372,42.9154,37.08,33,40,5,0,11.1257,456.314825,True,0.4
ETHUSDT,60,DONCHIAN_55,0.06,0.01,a0.06_t0.01,False,0.03,0,one_shot,78,-51.930691,-27.028028,24.902664,34.62,78,27,51,102.192768,-154.123459,3.784917,-3.022029,44.3962,39.85,40,26,12,0,11.019,448.069309,True,0.31
ETHUSDT,60,DONCHIAN_55,0.06,0.02,a0.06_t0.02,False,0.03,0,one_shot,78,-52.585677,-27.687317,24.89836,34.62,78,27,51,101.537782,-154.123459,3.760659,-3.022029,44.555,40.36,40,26,12,0,11.2922,447.414323,True,0.25
ETHUSDT,60,DONCHIAN_55,0.06,0.04,a0.06_t0.04,False,0.03,0,one_shot,78,-26.239548,-1.349633,24.889914,34.62,78,27,51,127.883911,-154.123459,4.736441,-3.022029,38.9513,48.12,40,26,12,0,8.7238,473.760452,True,0.2
ETHUSDT,60,DONCHIAN_PULLBACK_55,0.01,0.01,a0.01_t0.01,False,0.03,0,one_shot,65,-67.414217,-46.60677,20.807448,21.54,65,14,51,5.091233,-72.50545,0.363659,-1.421675,79.6307,8.54,18,46,1,0,13.6138,432.585783,True,0.23
ETHUSDT,60,DONCHIAN_PULLBACK_55,0.01,0.02,a0.01_t0.02,False,0.03,0,one_shot,65,-69.63991,-48.831795,20.808115,24.62,65,16,49,14.197028,-83.836938,0.887314,-1.710958,65.8498,12.17,18,46,1,0,14.0583,430.36009,True,0.19
ETHUSDT,60,DONCHIAN_PULLBACK_55,0.01,0.04,a0.01_t0.04,False,0.03,0,one_shot,65,-42.930245,-22.122416,20.807829,33.85,65,22,43,66.900805,-109.831051,3.040946,-2.55421,45.6504,31.58,18,46,1,0,9.9403,457.069755,True,0.21
ETHUSDT,60,DONCHIAN_PULLBACK_55,0.03,0.01,a0.03_t0.01,False,0.03,0,one_shot,65,-66.887113,-46.08957,20.797543,43.08,65,28,37,47.35604,-114.243153,1.691287,-3.087653,64.6096,24.11,33,29,3,0,13.5086,433.112887,True,0.23
ETHUSDT,60,DONCHIAN_PULLBACK_55,0.03,0.02,a0.03_t0.02,True,0.03,0,one_shot,65,-66.023525,-45.22454,20.798985,43.08,65,28,37,48.219628,-114.243153,1.72213,-3.087653,64.1953,25.26,33,29,3,0,13.3361,433.976475,True,0.35
ETHUSDT,60,DONCHIAN_PULLBACK_55,0.03,0.04,a0.03_t0.04,False,0.03,0,one_shot,65,-45.101872,-24.306869,20.795003,35.38,65,23,42,72.254575,-117.356447,3.141503,-2.794201,47.0745,34.75,33,29,3,0,10.3249,454.898128,True,0.27
ETHUSDT,60,DONCHIAN_PULLBACK_55,0.06,0.01,a0.06_t0.01,False,0.03,0,one_shot,65,-87.127473,-66.343046,20.784426,26.15,65,17,48,66.63568,-153.763153,3.919746,-3.203399,44.9717,38.48,45,16,4,0,17.5505,412.872527,True,0.21
ETHUSDT,60,DONCHIAN_PULLBACK_55,0.06,0.02,a0.06_t0.02,False,0.03,0,one_shot,65,-86.239544,-65.454634,20.78491,26.15,65,17,48,67.523609,-153.763153,3.971977,-3.203399,44.6443,39.31,45,16,4,0,17.5256,413.760456,True,0.2
ETHUSDT,60,DONCHIAN_PULLBACK_55,0.06,0.04,a0.06_t0.04,False,0.03,0,one_shot,65,-74.25823,-53.471766,20.786464,26.15,65,17,48,79.504923,-153.763153,4.67676,-3.203399,40.6515,43.95,45,16,4,0,16.0726,425.74177,True,0.21
BTCUSDT,240,EMA_8_21,0.01,0.01,a0.01_t0.01,False,0.03,0,one_shot,97,-90.769019,-59.729839,31.03918,12.37,97,12,85,1.876414,-92.645433,0.156368,-1.089946,87.4536,2.77,14,69,14,0,18.1757,409.230981,True,0.08
BTCUSDT,240,EMA_8_21,0.01,0.02,a0.01_t0.02,False,0.03,0,one_shot,97,-84.213251,-53.153225,31.060026,21.65,97,21,76,19.321196,-103.534447,0.920057,-1.362295,59.6882,4.1,14,69,14,0,16.9784,415.786749,True,0.09
BTCUSDT,240,EMA_8_21,0.01,0.04,a0.01_t0.04,False,0.03,0,one_shot,97,-65.267245,-34.149608,31.117637,26.8,97,26,71,82.765644,-148.032889,3.183294,-2.08497,39.576,9.84,15,60,22,0,15.1065,434.732755,True,0.1
BTCUSDT,240,EMA_8_21,0.03,0.01,a0.03_t0.01,False,0.03,0,one_shot,97,-92.515361,-61.450992,31.064369,37.11,97,36,61,45.145817,-137.661178,1.25405,-2.256741,64.2801,6.84,25,46,26,0,19.0839,407.484639,True,0.11
BTCUSDT,240,EMA_8_21,0.03,0.02,a0.03_t0.02,True,0.03,0,one_shot,97,-87.519854,-56.450086,31.069767,37.11,97,36,61,50.141324,-137.661178,1.392815,-2.256741,61.836,7.51,25,46,26,0,18.0848,412.480146,True,0.09
BTCUSDT,240,EMA_8_21,0.03,0.04,a0.03_t0.04,False,0.03,0,one_shot,97,-61.485551,-30.36276,31.12279,27.84,97,27,70,84.423139,-145.90869,3.126783,-2.08441,39.9987,10.49,25,45,27,0,14.7703,438.514449,True,0.09
BTCUSDT,240,EMA_8_21,0.06,0.01,a0.06_t0.01,False,0.03,0,one_shot,97,-58.631544,-27.541665,31.089879,29.9,97,29,68,98.488048,-157.119592,3.39614,-2.310582,40.4888,11.23,28,27,42,0,12.9909,441.368456,True,0.09
BTCUSDT,240,EMA_8_21,0.06,0.02,a0.06_t0.02,False,0.03,0,one_shot,97,-60.576014,-29.486376,31.089638,29.9,97,29,68,96.543578,-157.119592,3.329089,-2.310582,40.9702,11.41,28,27,42,0,13.8192,439.423986,True,0.09
BTCUSDT,240,EMA_8_21,0.06,0.04,a0.06_t0.04,False,0.03,0,one_shot,97,-36.031881,-4.925243,31.106637,29.9,97,29,68,121.087711,-157.119592,4.175438,-2.310582,35.624,13.48,28,27,42,0,9.5808,463.968119,True,0.09
BTCUSDT,240,MACD_12_26_hist,0.01,0.01,a0.01_t0.01,False,0.03,0,one_shot,196,-222.805649,-160.074513,62.731137,10.2,196,20,176,4.423902,-227.229551,0.221195,-1.291077,85.3733,2.39,37,117,41,1,44.5769,277.194351,True,0.09
BTCUSDT,240,MACD_12_26_hist,0.01,0.02,a0.01_t0.02,False,0.03,0,one_shot,196,-216.341719,-153.599667,62.742052,14.29,196,28,168,28.161226,-244.502945,1.005758,-1.455375,59.1343,3.54,37,114,44,1,43.4004,283.658281,True,0.22
BTCUSDT,240,MACD_12_26_hist,0.01,0.04,a0.01_t0.04,False,0.03,0,one_shot,196,-166.076559,-103.309815,62.766743,24.49,196,48,148,127.156357,-293.232916,2.649091,-1.981303,42.7891,7.17,37,82,76,1,34.5026,333.923441,True,0.21
BTCUSDT,240,MACD_12_26_hist,0.03,0.01,a0.03_t0.01,False,0.03,0,one_shot,196,-220.193873,-157.461083,62.73279,28.57,196,56,140,69.864107,-290.05798,1.247573,-2.071843,62.4159,5.51,54,67,74,1,44.7663,279.806127,True,0.15
BTCUSDT,240,MACD_12_26_hist,0.03,0.02,a0.03_t0.02,True,0.03,0,one_shot,196,-218.057299,-155.324113,62.733187,28.57,196,56,140,72.00068,-290.05798,1.285726,-2.071843,61.7066,5.83,54,66,75,1,44.133,281.942701,True,0.18
BTCUSDT,240,MACD_12_26_hist,0.03,0.04,a0.03_t0.04,False,0.03,0,one_shot,196,-169.079774,-106.315151,62.764623,25.51,196,50,146,127.614132,-296.693906,2.552283,-2.03215,44.3272,7.51,54,54,87,1,35.1866,330.920226,True,0.18
BTCUSDT,240,MACD_12_26_hist,0.06,0.01,a0.06_t0.01,False,0.03,0,one_shot,196,-174.720009,-111.970796,62.749212,26.53,196,52,144,139.264804,-313.984813,2.678169,-2.18045,44.878,7.72,59,37,99,1,35.7396,325.279991,True,0.22
BTCUSDT,240,MACD_12_26_hist,0.06,0.02,a0.06_t0.02,False,0.03,0,one_shot,196,-177.996737,-115.250481,62.746256,26.53,196,52,144,135.988076,-313.984813,2.615155,-2.18045,45.4677,7.74,59,37,99,1,36.395,322.003263,True,0.14
BTCUSDT,240,MACD_12_26_hist,0.06,0.04,a0.06_t0.04,False,0.03,0,one_shot,196,-148.738494,-85.950904,62.78759,26.53,196,52,144,165.246319,-313.984813,3.177814,-2.18045,40.6932,8.75,59,28,108,1,31.1541,351.261506,True,0.11
BTCUSDT,240,RSI14_7030,0.01,0.01,a0.01_t0.01,False,0.03,0,one_shot,161,-136.205257,-92.638694,43.566563,16.18,136,22,114,5.380843,-141.5861,0.244584,-1.241983,83.5471,3.44,33,103,0,0,27.5694,363.794743,True,0.1
BTCUSDT,240,RSI14_7030,0.01,0.02,a0.01_t0.02,False,0.03,0,one_shot,161,-142.906743,-99.981744,42.924999,20.15,134,27,107,22.506929,-165.413671,0.83359,-1.545922,64.968,4.51,33,97,4,0,29.0659,357.093257,True,0.08
BTCUSDT,240,RSI14_7030,0.01,0.04,a0.01_t0.04,False,0.03,0,one_shot,161,-92.028712,-54.247486,37.781226,31.36,118,37,81,107.382155,-199.410867,2.90222,-2.461863,45.8953,8.98,28,65,25,0,19.8334,407.971288,True,0.08
BTCUSDT,240,RSI14_7030,0.03,0.01,a0.03_t0.01,False,0.03,0,one_shot,161,-127.044069,-90.502172,36.541897,42.11,114,48,66,64.742001,-191.78607,1.348792,-2.90585,68.2983,9.12,56,51,7,0,26.1248,372.955931,True,0.14
BTCUSDT,240,RSI14_7030,0.03,0.02,a0.03_t0.02,True,0.03,0,one_shot,161,-128.930617,-92.386596,36.544021,42.11,114,48,66,62.855453,-191.78607,1.309489,-2.90585,68.9351,9.57,56,48,10,0,26.3079,371.069383,True,0.11
BTCUSDT,240,RSI14_7030,0.03,0.04,a0.03_t0.04,False,0.03,0,one_shot,161,-66.915882,-30.379067,36.536815,38.6,114,44,70,131.389219,-198.305101,2.986119,-2.83293,48.6837,10.89,56,27,31,0,15.9368,433.084118,True,0.09
BTCUSDT,240,RSI14_7030,0.06,0.01,a0.06_t0.01,False,0.03,0,one_shot,161,-73.303729,-38.04769,35.256039,40.91,110,45,65,142.527771,-215.8315,3.167284,-3.320485,51.1807,12.15,65,15,29,1,16.6168,426.696271,True,0.13
BTCUSDT,240,RSI14_7030,0.06,0.02,a0.06_t0.02,False,0.03,0,one_shot,161,-72.224885,-36.970262,35.254623,40.91,110,45,65,143.606615,-215.8315,3.191258,-3.320485,50.9923,12.23,65,14,30,1,16.4309,427.775115,True,0.11
BTCUSDT,240,RSI14_7030,0.06,0.04,a0.06_t0.04,False,0.03,0,one_shot,161,-64.955019,-29.692934,35.262085,40.91,110,45,65,150.876481,-215.8315,3.352811,-3.320485,49.7578,12.42,65,9,35,1,16.8803,435.044981,True,0.09
BTCUSDT,240,BB_20_25_breakout,0.01,0.01,a0.01_t0.01,False,0.03,0,one_shot,68,-58.560741,-36.789276,21.771465,8.82,68,6,62,1.705971,-60.266712,0.284328,-0.972044,77.3691,2.59,11,56,1,0,11.7121,441.439259,True,0.08
BTCUSDT,240,BB_20_25_breakout,0.01,0.02,a0.01_t0.02,False,0.03,0,one_shot,68,-52.669514,-31.540514,21.129001,18.18,66,12,54,11.897962,-64.567477,0.991497,-1.195694,54.668,4.08,11,54,1,0,10.6314,447.330486,True,0.08
BTCUSDT,240,BB_20_25_breakout,0.01,0.04,a0.01_t0.04,False,0.03,0,one_shot,68,-54.017286,-34.440237,19.577049,19.67,61,12,49,47.627607,-101.644893,3.968967,-2.074386,34.3251,10.18,11,47,3,0,11.7873,445.982714,True,0.08
BTCUSDT,240,BB_20_25_breakout,0.03,0.01,a0.03_t0.01,False,0.03,0,one_shot,68,-72.240739,-52.065474,20.175265,36.51,63,23,40,30.547304,-102.788043,1.328144,-2.569701,65.9262,8.3,25,33,5,0,14.5414,427.759261,True,0.09
BTCUSDT,240,BB_20_25_breakout,0.03,0.02,a0.03_t0.02,True,0.03,0,one_shot,68,-72.989967,-52.813773,20.176194,36.51,63,23,40,29.798075,-102.788043,1.295568,-2.569701,66.4818,9.13,25,33,5,0,14.6911,427.010033,True,0.09
BTCUSDT,240,BB_20_25_breakout,0.03,0.04,a0.03_t0.04,False,0.03,0,one_shot,68,-54.002086,-34.732108,19.269978,21.67,60,13,47,49.285102,-103.287188,3.791162,-2.1976,36.6954,11.7,23,31,6,0,11.7248,445.997914,True,0.08
BTCUSDT,240,BB_20_25_breakout,0.06,0.01,a0.06_t0.01,False,0.03,0,one_shot,68,-71.048209,-51.791,19.257209,28.33,60,17,43,54.347553,-125.395762,3.196915,-2.916181,47.7038,14.37,34,18,8,0,15.013,428.951791,True,0.09
BTCUSDT,240,BB_20_25_breakout,0.06,0.02,a0.06_t0.02,False,0.03,0,one_shot,68,-71.8431,-52.587085,19.256015,28.33,60,17,43,53.552662,-125.395762,3.150157,-2.916181,48.0715,14.45,34,18,8,0,15.1718,428.1569,True,0.1
BTCUSDT,240,BB_20_25_breakout,0.06,0.04,a0.06_t0.04,False,0.03,0,one_shot,68,-50.714192,-32.714337,17.999854,26.79,56,15,41,68.645999,-119.360191,4.5764,-2.911224,38.8805,16.46,33,16,7,0,12.0134,449.285808,True,0.08
BTCUSDT,240,ADX14_DI_20,0.01,0.01,a0.01_t0.01,False,0.03,0,one_shot,235,-226.024429,-150.862569,75.161859,6.38,235,15,220,3.581799,-229.606228,0.238787,-1.043665,81.3805,1.73,29,150,56,0,45.339,273.975571,True,0.09
BTCUSDT,240,ADX14_DI_20,0.01,0.02,a0.01_t0.02,False,0.03,0,one_shot,235,-237.797056,-163.607523,74.189533,12.07,232,28,204,17.727582,-255.524638,0.633128,-1.252572,66.4248,2.78,28,145,59,0,47.8573,262.202944,True,0.15
BTCUSDT,240,ADX14_DI_20,0.01,0.04,a0.01_t0.04,False,0.03,0,one_shot,235,-204.338322,-132.313195,72.025127,18.22,225,41,184,101.028424,-305.366746,2.464108,-1.659602,40.2454,6.43,28,82,115,0,42.3787,295.661678,True,0.16
BTCUSDT,240,ADX14_DI_20,0.03,0.01,a0.03_t0.01,False,0.03,0,one_shot,235,-218.043632,-145.736362,72.30727,26.55,226,60,166,74.356788,-292.40042,1.23928,-1.761448,58.7007,4.8,42,68,116,0,44.5312,281.956368,True,0.12
BTCUSDT,240,ADX14_DI_20,0.03,0.02,a0.03_t0.02,True,0.03,0,one_shot,235,-217.931343,-145.620501,72.310842,26.55,226,60,166,74.469077,-292.40042,1.241151,-1.761448,58.6641,5.11,42,66,118,0,44.397,282.068657,True,0.12
BTCUSDT,240,ADX14_DI_20,0.03,0.04,a0.03_t0.04,False,0.03,0,one_shot,235,-200.808978,-129.104055,71.704923,19.2,224,43,181,103.115816,-303.924794,2.398042,-1.679143,41.1839,6.6,42,55,127,0,41.6804,299.191022,True,0.1
BTCUSDT,240,ADX14_DI_20,0.06,0.01,a0.06_t0.01,False,0.03,0,one_shot,235,-168.011785,-96.905822,71.105964,22.52,222,50,172,144.417276,-312.429061,2.888346,-1.816448,38.6085,6.38,46,36,140,0,35.1186,331.988215,True,0.09
BTCUSDT,240,ADX14_DI_20,0.06,0.02,a0.06_t0.02,False,0.03,0,one_shot,235,-173.38927,-102.289321,71.099949,22.52,222,50,172,139.039791,-312.429061,2.780796,-1.816448,39.5117,6.46,46,36,140,0,36.2559,326.61073,True,0.1
BTCUSDT,240,ADX14_DI_20,0.06,0.04,a0.06_t0.04,False,0.03,0,one_shot,235,-169.129526,-98.012852,71.116673,22.52,222,50,172,143.299536,-312.429061,2.865991,-1.816448,38.7928,7.37,46,28,148,0,35.4155,330.870474,True,0.09
BTCUSDT,240,DONCHIAN_55,0.01,0.01,a0.01_t0.01,False,0.03,0,one_shot,18,-18.599325,-12.816924,5.782401,11.11,18,2,16,0.22243,-18.821755,0.111215,-1.17636,91.3625,1.0,4,14,0,0,3.7199,481.400675,True,0.08
BTCUSDT,240,DONCHIAN_55,0.01,0.02,a0.01_t0.02,False,0.03,0,one_shot,18,-17.414979,-11.626075,5.788904,16.67,18,3,15,4.288575,-21.703553,1.429525,-1.446904,50.3021,2.0,4,14,0,0,3.956,482.585021,True,0.08
BTCUSDT,240,DONCHIAN_55,0.01,0.04,a0.01_t0.04,False,0.03,0,one_shot,18,-15.576951,-9.761952,5.814999,27.78,18,5,13,17.619392,-33.196343,3.523878,-2.553565,42.0171,9.61,4,14,0,0,4.9206,484.423049,True,0.08
BTCUSDT,240,DONCHIAN_55,0.03,0.01,a0.03_t0.01,False,0.03,0,one_shot,18,-28.210647,-22.417132,5.793514,33.33,18,6,12,8.412722,-36.623368,1.40212,-3.051947,68.5205,8.78,11,7,0,0,6.1046,471.789353,True,0.08
BTCUSDT,240,DONCHIAN_55,0.03,0.02,a0.03_t0.02,True,0.03,0,one_shot,18,-27.214608,-21.418155,5.796453,33.33,18,6,12,9.40876,-36.623368,1.568127,-3.051947,66.0584,9.0,11,7,0,0,5.9064,472.785392,True,0.08
BTCUSDT,240,DONCHIAN_55,0.03,0.04,a0.03_t0.04,False,0.03,0,one_shot,18,-20.773995,-14.962043,5.811952,27.78,18,5,13,17.619392,-38.393388,3.523878,-2.953338,45.5958,12.44,11,7,0,0,5.9406,479.226005,True,0.1
BTCUSDT,240,DONCHIAN_55,0.06,0.01,a0.06_t0.01,False,0.03,0,one_shot,18,-28.947265,-23.140977,5.806289,27.78,18,5,13,14.235235,-43.1825,2.847047,-3.321731,53.8475,12.22,13,5,0,0,6.581,471.052735,True,0.16
BTCUSDT,240,DONCHIAN_55,0.06,0.02,a0.06_t0.02,False,0.03,0,one_shot,18,-28.420801,-22.613722,5.807079,27.78,18,5,13,14.761699,-43.1825,2.95234,-3.321731,52.9438,12.28,13,5,0,0,6.4766,471.579199,True,0.08
BTCUSDT,240,DONCHIAN_55,0.06,0.04,a0.06_t0.04,False,0.03,0,one_shot,18,-23.587717,-17.773377,5.81434,27.78,18,5,13,19.594783,-43.1825,3.918957,-3.321731,45.8759,15.72,13,5,0,0,6.4929,476.412283,True,0.08
BTCUSDT,240,DONCHIAN_PULLBACK_55,0.01,0.01,a0.01_t0.01,False,0.03,0,one_shot,12,-9.198667,-5.359039,3.839628,16.67,12,2,10,0.380913,-9.57958,0.190456,-0.957958,83.4157,4.0,1,11,0,0,2.1098,490.801333,True,0.08
BTCUSDT,240,DONCHIAN_PULLBACK_55,0.01,0.02,a0.01_t0.02,False,0.03,0,one_shot,12,-9.371999,-5.532177,3.839822,25.0,12,3,9,2.047912,-11.419911,0.682637,-1.268879,65.0202,5.75,1,11,0,0,2.25,490.628001,True,0.08
BTCUSDT,240,DONCHIAN_PULLBACK_55,0.01,0.04,a0.01_t0.04,False,0.03,0,one_shot,12,3.998191,7.817886,3.819695,41.67,12,5,7,20.88925,-16.891059,4.17785,-2.413008,36.6114,15.17,1,11,0,0,2.1439,503.998191,True,0.08
BTCUSDT,240,DONCHIAN_PULLBACK_55,0.03,0.01,a0.03_t0.01,False,0.03,0,one_shot,12,-7.964295,-4.134454,3.829841,50.0,12,6,6,9.23656,-17.200855,1.539427,-2.866809,65.0625,12.83,5,7,0,0,2.2737,492.035705,True,0.08
BTCUSDT,240,DONCHIAN_PULLBACK_55,0.03,0.02,a0.03_t0.02,True,0.03,0,one_shot,12,-9.399433,-5.568889,3.830543,50.0,12,6,6,7.801423,-17.200855,1.300237,-2.866809,68.7972,13.42,5,7,0,0,2.4994,490.600567,True,0.08
BTCUSDT,240,DONCHIAN_PULLBACK_55,0.03,0.04,a0.03_t0.04,False,0.03,0,one_shot,12,8.316841,12.144669,3.827828,50.0,12,6,6,25.808251,-17.49141,4.301375,-2.915235,40.3962,21.5,5,7,0,0,2.5122,508.316841,True,0.08
BTCUSDT,240,DONCHIAN_PULLBACK_55,0.06,0.01,a0.06_t0.01,False,0.03,0,one_shot,12,-5.020517,-1.192921,3.827596,41.67,12,5,7,18.214983,-23.2355,3.642997,-3.319357,47.6758,21.42,7,5,0,0,3.2291,494.979483,True,0.08
BTCUSDT,240,DONCHIAN_PULLBACK_55,0.06,0.02,a0.06_t0.02,False,0.03,0,one_shot,12,-2.472649,1.351131,3.82378,41.67,12,5,7,20.762851,-23.2355,4.15257,-3.319357,44.4244,22.92,7,5,0,0,2.8778,497.527351,True,0.09
BTCUSDT,240,DONCHIAN_PULLBACK_55,0.06,0.04,a0.06_t0.04,False,0.03,0,one_shot,12,1.386746,5.217694,3.830948,41.67,12,5,7,24.622246,-23.2355,4.924449,-3.319357,40.2649,24.75,7,5,0,0,3.093,501.386746,True,0.08
BTCUSDT,60,EMA_8_21,0.01,0.01,a0.01_t0.01,False,0.03,0,one_shot,459,-303.215766,-156.298299,146.917467,19.61,459,90,369,28.852739,-332.068505,0.320586,-0.899915,73.7332,5.87,11,238,209,1,60.7969,196.784234,True,0.33
BTCUSDT,60,EMA_8_21,0.01,0.02,a0.01_t0.02,False,0.03,0,one_shot,459,-244.778588,-97.862066,146.916522,23.75,459,109,350,130.084979,-374.863566,1.19344,-1.071039,47.2974,11.31,11,205,242,1,49.6644,255.221412,True,0.22
BTCUSDT,60,EMA_8_21,0.01,0.04,a0.01_t0.04,False,0.03,0,one_shot,459,-139.730157,7.259016,146.989173,23.97,459,110,349,279.720983,-419.45114,2.542918,-1.201866,32.0944,18.07,11,66,381,1,31.3261,360.269843,True,0.24
BTCUSDT,60,EMA_8_21,0.03,0.01,a0.03_t0.01,False,0.03,0,one_shot,459,-241.044709,-94.134845,146.909864,27.02,459,124,335,174.032133,-415.076842,1.403485,-1.239035,46.8884,12.61,15,105,338,1,49.5088,258.955291,True,0.21
BTCUSDT,60,EMA_8_21,0.03,0.02,a0.03_t0.02,True,0.03,0,one_shot,459,-223.835331,-76.940074,146.895257,27.02,459,124,335,191.241512,-415.076842,1.54227,-1.239035,44.5487,14.12,15,98,345,1,46.7775,276.164669,True,0.24
BTCUSDT,60,EMA_8_21,0.03,0.04,a0.03_t0.04,False,0.03,0,one_shot,459,-144.28671,2.703402,146.990112,23.97,459,110,349,279.720983,-424.007693,2.542918,-1.214922,32.3303,18.11,15,49,394,1,32.2248,355.71329,True,0.23
BTCUSDT,60,EMA_8_21,0.06,0.01,a0.06_t0.01,False,0.03,0,one_shot,459,-179.233664,-32.266972,146.966692,23.75,459,109,350,250.194725,-429.428389,2.295364,-1.226938,34.8334,16.47,16,43,399,1,38.2715,320.766336,True,0.23
BTCUSDT,60,EMA_8_21,0.06,0.02,a0.06_t0.02,False,0.03,0,one_shot,459,-182.847457,-35.886403,146.961054,23.75,459,109,350,246.580931,-429.428389,2.26221,-1.226938,35.1644,16.75,16,43,399,1,39.2347,317.152543,True,0.23
BTCUSDT,60,EMA_8_21,0.06,0.04,a0.06_t0.04,False,0.03,0,one_shot,459,-132.799359,14.203621,147.00298,23.75,459,109,350,296.62903,-429.428389,2.721367,-1.226938,31.0751,18.65,16,24,418,1,30.3458,367.200641,True,0.26
BTCUSDT,60,MACD_12_26_hist,0.01,0.01,a0.01_t0.01,False,0.03,0,one_shot,733,-401.703331,-225.99941,175.70392,17.67,549,97,452,34.228789,-435.932119,0.352874,-0.964452,73.2128,5.88,26,266,257,0,80.3715,98.296669,False,0.43
BTCUSDT,60,MACD_12_26_hist,0.01,0.02,a0.01_t0.02,False,0.03,0,one_shot,733,-401.308739,-190.687177,210.621562,24.16,658,159,499,165.580139,-566.888878,1.041385,-1.13605,52.1738,9.04,28,219,411,0,80.4732,98.691261,False,0.35
BTCUSDT,60,MACD_12_26_hist,0.01,0.04,a0.01_t0.04,False,0.03,0,one_shot,733,-285.644664,-50.947694,234.69697,29.88,733,219,514,371.153967,-656.798631,1.694767,-1.277818,42.9868,11.49,28,52,652,1,59.3505,214.355336,True,0.43
BTCUSDT,60,MACD_12_26_hist,0.03,0.01,a0.03_t0.01,False,0.03,0,one_shot,733,-383.499251,-148.898401,234.600851,30.42,733,223,510,272.130365,-655.629616,1.220316,-1.285548,51.3016,9.85,38,139,556,0,77.139,116.500749,True,0.37
BTCUSDT,60,MACD_12_26_hist,0.03,0.02,a0.03_t0.02,True,0.03,0,one_shot,733,-364.707213,-130.100281,234.606932,30.42,733,223,510,290.922403,-655.629616,1.304585,-1.285548,49.6325,10.54,38,105,590,0,73.557,135.292787,True,0.46
BTCUSDT,60,MACD_12_26_hist,0.03,0.04,a0.03_t0.04,False,0.03,0,one_shot,733,-282.700073,-47.993666,234.706406,30.01,733,220,513,374.926615,-657.626687,1.704212,-1.281923,42.9292,11.6,38,31,663,1,58.6847,217.299927,True,0.43
BTCUSDT,60,MACD_12_26_hist,0.06,0.01,a0.06_t0.01,False,0.03,0,one_shot,733,-288.172734,-53.50432,234.668414,30.15,733,221,512,375.911603,-664.084337,1.700957,-1.29704,43.2635,11.5,40,32,660,1,60.0953,211.827266,True,0.49
BTCUSDT,60,MACD_12_26_hist,0.06,0.02,a0.06_t0.02,False,0.03,0,one_shot,733,-288.007643,-53.338406,234.669237,30.15,733,221,512,376.076694,-664.084337,1.701704,-1.29704,43.2528,11.54,40,28,664,1,60.0626,211.992357,True,0.31
BTCUSDT,60,MACD_12_26_hist,0.06,0.04,a0.06_t0.04,False,0.03,0,one_shot,733,-274.003063,-39.304016,234.699047,30.15,733,221,512,390.081274,-664.084337,1.765074,-1.29704,42.3577,11.74,40,15,677,1,57.3538,225.996937,True,0.24
BTCUSDT,60,RSI14_7030,0.01,0.01,a0.01_t0.01,False,0.03,0,one_shot,629,-353.536744,-228.677487,124.859257,31.28,390,122,268,45.21765,-398.754393,0.370636,-1.48789,80.0575,12.87,102,227,61,0,70.8365,146.463256,True,0.21
BTCUSDT,60,RSI14_7030,0.01,0.02,a0.01_t0.02,False,0.03,0,one_shot,629,-270.528237,-149.195607,121.33263,37.73,379,143,236,155.2491,-425.777338,1.085658,-1.804141,62.4314,15.91,99,147,132,1,55.2922,229.471763,True,0.26
BTCUSDT,60,RSI14_7030,0.01,0.04,a0.01_t0.04,False,0.03,0,one_shot,629,-126.0767,-17.244578,108.832122,51.47,340,175,165,298.968697,-425.045398,1.708393,-2.576033,60.1255,21.17,85,65,189,1,30.141,373.9233,True,0.22
BTCUSDT,60,RSI14_7030,0.03,0.01,a0.03_t0.01,False,0.03,0,one_shot,629,-205.540919,-100.242156,105.298763,53.8,329,177,152,215.308188,-420.849107,1.21643,-2.768744,69.4761,21.81,122,63,143,1,42.5177,294.459081,True,0.22
BTCUSDT,60,RSI14_7030,0.03,0.02,a0.03_t0.02,True,0.03,0,one_shot,629,-179.165612,-73.860581,105.305031,53.8,329,177,152,241.683494,-420.849107,1.365443,-2.768744,66.9719,22.05,122,35,171,1,38.0308,320.834388,True,0.22
BTCUSDT,60,RSI14_7030,0.03,0.04,a0.03_t0.04,False,0.03,0,one_shot,629,-128.716115,-23.709122,105.006992,52.74,328,173,155,294.233143,-422.949258,1.70077,-2.728705,61.6034,22.62,122,15,190,1,31.5637,371.283885,True,0.23
BTCUSDT,60,RSI14_7030,0.06,0.01,a0.06_t0.01,False,0.03,0,one_shot,629,-127.117154,-24.363839,102.753316,53.27,321,171,150,293.04912,-420.166274,1.713738,-2.801108,62.0422,23.32,122,11,187,1,29.9407,372.882846,True,0.24
BTCUSDT,60,RSI14_7030,0.06,0.02,a0.06_t0.02,False,0.03,0,one_shot,629,-127.226223,-24.470736,102.755487,53.27,321,171,150,292.940051,-420.166274,1.7131,-2.801108,62.0509,23.32,122,10,188,1,30.0928,372.773777,True,0.22
BTCUSDT,60,RSI14_7030,0.06,0.04,a0.06_t0.04,False,0.03,0,one_shot,629,-124.318832,-21.546686,102.772145,53.27,321,171,150,295.847443,-420.166274,1.730102,-2.801108,61.8181,23.36,122,6,192,1,30.6189,375.681168,True,0.22
BTCUSDT,60,BB_20_25_breakout,0.01,0.01,a0.01_t0.01,False,0.03,0,one_shot,288,-219.735047,-137.157762,82.577285,16.67,258,43,215,11.484974,-231.220021,0.267092,-1.075442,80.1054,9.72,41,194,23,0,44.0441,280.264953,True,0.19
BTCUSDT,60,BB_20_25_breakout,0.01,0.02,a0.01_t0.02,False,0.03,0,one_shot,288,-127.216492,-57.108923,70.107569,29.22,219,64,155,80.090989,-207.307481,1.251422,-1.337468,51.6618,15.74,31,169,19,0,26.8011,372.783508,True,0.22
BTCUSDT,60,BB_20_25_breakout,0.01,0.04,a0.01_t0.04,False,0.03,0,one_shot,288,-53.059054,-1.471718,51.587336,29.81,161,48,113,164.298079,-217.357134,3.422877,-1.923514,35.9778,39.33,19,85,57,0,16.3954,446.940946,True,0.21
BTCUSDT,60,BB_20_25_breakout,0.03,0.01,a0.03_t0.01,False,0.03,0,one_shot,288,-140.372861,-76.989385,63.383476,40.91,198,81,117,132.663449,-273.03631,1.63782,-2.333644,58.7603,24.64,55,92,51,0,30.138,359.627139,True,0.37
BTCUSDT,60,BB_20_25_breakout,0.03,0.02,a0.03_t0.02,True,0.03,0,one_shot,288,-131.968202,-70.808302,61.1599,41.36,191,79,112,126.413755,-258.381957,1.600174,-2.306982,59.045,27.32,52,89,50,0,28.7996,368.031798,True,0.36
BTCUSDT,60,BB_20_25_breakout,0.03,0.04,a0.03_t0.04,False,0.03,0,one_shot,288,-63.97305,-13.026407,50.946644,31.45,159,50,109,167.125024,-231.098075,3.3425,-2.120166,38.8119,41.06,41,56,62,0,18.6903,436.02695,True,0.4
BTCUSDT,60,BB_20_25_breakout,0.06,0.01,a0.06_t0.01,False,0.03,0,one_shot,288,-63.511153,-11.913791,51.597362,31.68,161,51,110,189.419506,-252.930659,3.714108,-2.29937,38.2369,42.65,48,41,72,0,16.2385,436.488847,True,0.48
BTCUSDT,60,BB_20_25_breakout,0.06,0.02,a0.06_t0.02,False,0.03,0,one_shot,288,-68.439597,-16.84229,51.597307,31.68,161,51,110,184.491062,-252.930659,3.617472,-2.29937,38.8614,43.2,48,41,72,0,17.4025,431.560403,True,0.38
BTCUSDT,60,BB_20_25_breakout,0.06,0.04,a0.06_t0.04,False,0.03,0,one_shot,288,-45.35149,2.091024,47.442514,29.73,148,44,104,194.766943,-240.118433,4.426521,-2.308831,34.2793,49.63,45,29,74,0,14.4821,454.64851,True,0.35
BTCUSDT,60,ADX14_DI_20,0.01,0.01,a0.01_t0.01,False,0.03,0,one_shot,913,-400.352224,-195.177202,205.175021,14.2,641,91,550,30.780216,-431.13244,0.338244,-0.783877,69.8567,4.56,14,286,341,0,80.0704,99.647776,False,0.46
BTCUSDT,60,ADX14_DI_20,0.01,0.02,a0.01_t0.02,False,0.03,0,one_shot,913,-400.963073,-154.469147,246.493926,18.57,770,143,627,165.727732,-566.690806,1.158935,-0.903813,43.816,7.61,15,250,505,0,80.3071,99.036927,False,0.52
BTCUSDT,60,ADX14_DI_20,0.01,0.04,a0.01_t0.04,False,0.03,0,one_shot,913,-277.513537,-15.283627,262.229911,23.81,819,195,624,353.634892,-631.148429,1.813512,-1.011456,35.8042,10.23,16,57,745,1,58.1606,222.486463,True,0.48
BTCUSDT,60,ADX14_DI_20,0.03,0.01,a0.03_t0.01,False,0.03,0,one_shot,913,-400.334636,-143.010751,257.323885,23.51,804,189,615,223.683992,-624.018628,1.183513,-1.014664,46.1593,7.92,19,124,661,0,80.0805,99.665364,False,0.42
BTCUSDT,60,ADX14_DI_20,0.03,0.02,a0.03_t0.02,True,0.03,0,one_shot,913,-372.889128,-110.767591,262.121536,23.81,819,195,624,257.635254,-630.524381,1.321206,-1.010456,43.3363,8.8,19,109,691,0,75.8733,127.110872,True,0.47
BTCUSDT,60,ADX14_DI_20,0.03,0.04,a0.03_t0.04,False,0.03,0,one_shot,913,-277.463814,-15.234647,262.229168,23.81,819,195,624,353.634892,-631.098706,1.813512,-1.011376,35.8023,10.24,19,44,755,1,58.1507,222.536186,True,0.45
BTCUSDT,60,ADX14_DI_20,0.06,0.01,a0.06_t0.01,False,0.03,0,one_shot,913,-293.751728,-31.556974,262.194754,24.18,819,198,621,342.851009,-636.602737,1.731571,-1.025125,37.1867,9.8,22,42,754,1,61.8593,206.248272,True,0.4
BTCUSDT,60,ADX14_DI_20,0.06,0.02,a0.06_t0.02,False,0.03,0,one_shot,913,-296.62793,-34.431903,262.196027,24.18,819,198,621,339.974807,-636.602737,1.717044,-1.025125,37.3837,9.89,22,42,754,1,62.4312,203.37207,True,0.45
BTCUSDT,60,ADX14_DI_20,0.06,0.04,a0.06_t0.04,False,0.03,0,one_shot,913,-267.251553,-5.015354,262.236199,24.18,819,198,621,369.351184,-636.602737,1.86541,-1.025125,35.4649,10.46,22,21,775,1,56.5049,232.748447,True,0.53
BTCUSDT,60,DONCHIAN_55,0.01,0.01,a0.01_t0.01,False,0.03,0,one_shot,76,-68.012234,-43.72179,24.290444,27.63,76,21,55,8.208111,-76.220345,0.390862,-1.385824,78.0005,12.68,17,57,2,0,14.1436,431.987766,True,0.34
BTCUSDT,60,DONCHIAN_55,0.01,0.02,a0.01_t0.02,False,0.03,0,one_shot,76,-45.211054,-20.947353,24.263701,34.21,76,26,50,38.701015,-83.91207,1.488501,-1.678241,52.9958,21.67,17,57,2,0,10.4882,454.788946,True,0.29
BTCUSDT,60,DONCHIAN_55,0.01,0.04,a0.01_t0.04,False,0.03,0,one_shot,76,-6.095527,18.243647,24.339174,30.26,76,23,53,111.125889,-117.221416,4.83156,-2.211725,31.4019,48.68,17,53,6,0,9.0218,493.904473,True,0.35
BTCUSDT,60,DONCHIAN_55,0.03,0.01,a0.03_t0.01,False,0.03,0,one_shot,76,-55.940478,-31.671261,24.269217,44.74,76,34,42,62.804366,-118.744844,1.847187,-2.827258,60.4833,34.14,29,37,10,0,11.9295,444.059522,True,0.25
BTCUSDT,60,DONCHIAN_55,0.03,0.02,a0.03_t0.02,True,0.03,0,one_shot,76,-54.229916,-29.954132,24.275783,44.74,76,34,42,64.514928,-118.744844,1.897498,-2.827258,59.8392,37.22,29,37,10,0,12.1605,445.770084,True,0.23
BTCUSDT,60,DONCHIAN_55,0.03,0.04,a0.03_t0.04,False,0.03,0,one_shot,76,-12.400967,11.932912,24.33388,31.58,76,24,52,112.645007,-125.045975,4.693542,-2.40473,33.8777,53.63,29,35,12,0,9.752,487.599033,True,0.2
BTCUSDT,60,DONCHIAN_55,0.06,0.01,a0.06_t0.01,False,0.03,0,one_shot,76,-24.733284,-0.434105,24.299179,36.84,76,28,48,112.981026,-137.714309,4.035037,-2.869048,41.5558,51.12,33,24,19,0,8.1386,475.266716,True,0.26
BTCUSDT,60,DONCHIAN_55,0.06,0.02,a0.06_t0.02,False,0.03,0,one_shot,76,-24.850173,-0.546445,24.303728,36.84,76,28,48,112.864136,-137.714309,4.030862,-2.869048,41.5809,52.22,33,24,19,0,8.1255,475.149827,True,0.23
BTCUSDT,60,DONCHIAN_55,0.06,0.04,a0.06_t0.04,False,0.03,0,one_shot,76,10.997058,35.31466,24.317601,36.84,76,28,48,148.711367,-137.714309,5.31112,-2.869048,35.0732,64.51,33,23,20,0,5.9307,510.997058,True,0.24
BTCUSDT,60,DONCHIAN_PULLBACK_55,0.01,0.01,a0.01_t0.01,False,0.03,0,one_shot,61,-54.656992,-35.11237,19.544623,22.95,61,14,47,4.266885,-58.923878,0.304778,-1.2537,80.4439,15.87,14,46,0,1,11.0067,445.343008,True,0.22
BTCUSDT,60,DONCHIAN_PULLBACK_55,0.01,0.02,a0.01_t0.02,False,0.03,0,one_shot,61,-25.820206,-6.263601,19.556606,36.07,61,22,39,39.742676,-65.562883,1.806485,-1.6811,48.2024,25.21,14,46,0,1,6.1372,474.179794,True,0.27
BTCUSDT,60,DONCHIAN_PULLBACK_55,0.01,0.04,a0.01_t0.04,False,0.03,0,one_shot,61,8.73258,28.323185,19.590605,39.34,61,24,37,89.248918,-80.516338,3.718705,-2.176117,36.9157,61.67,14,42,4,1,4.4352,508.73258,True,0.21
BTCUSDT,60,DONCHIAN_PULLBACK_55,0.03,0.01,a0.03_t0.01,False,0.03,0,one_shot,61,-25.604806,-6.071313,19.533493,50.82,61,31,30,52.211403,-77.816209,1.684239,-2.593874,60.6313,35.93,22,33,5,1,5.4909,474.395194,True,0.21
BTCUSDT,60,DONCHIAN_PULLBACK_55,0.03,0.02,a0.03_t0.02,True,0.03,0,one_shot,61,-13.414042,6.13802,19.552062,50.82,61,31,30,64.402166,-77.816209,2.077489,-2.593874,55.5271,41.8,22,33,5,1,4.0803,486.585958,True,0.23
BTCUSDT,60,DONCHIAN_PULLBACK_55,0.03,0.04,a0.03_t0.04,False,0.03,0,one_shot,61,12.176828,31.775792,19.598964,42.62,61,26,35,92.664374,-80.487545,3.564014,-2.299644,39.2186,65.07,22,32,6,1,4.5135,512.176828,True,0.21
BTCUSDT,60,DONCHIAN_PULLBACK_55,0.06,0.01,a0.06_t0.01,False,0.03,0,one_shot,61,11.844485,30.789373,18.944888,42.37,59,25,34,106.563866,-94.719381,4.262555,-2.785864,39.5247,59.83,27,23,8,1,4.1593,511.844485,True,0.2
BTCUSDT,60,DONCHIAN_PULLBACK_55,0.06,0.02,a0.06_t0.02,False,0.03,0,one_shot,61,7.357713,26.30161,18.943897,42.37,59,25,34,102.077093,-94.719381,4.083084,-2.785864,40.5574,61.54,27,23,8,1,4.7593,507.357713,True,0.21
BTCUSDT,60,DONCHIAN_PULLBACK_55,0.06,0.04,a0.06_t0.04,False,0.03,0,one_shot,61,15.160659,34.110726,18.950067,42.37,59,25,34,109.880039,-94.719381,4.395202,-2.785864,38.7946,78.78,27,22,9,1,5.6454,515.160659,True,0.23
XRPUSDT,240,EMA_8_21,0.01,0.01,a0.01_t0.01,False,0.03,0,one_shot,121,-124.435244,-85.698536,38.736708,4.96,121,6,115,0.864681,-125.299925,0.144114,-1.089565,88.3184,1.73,16,79,26,0,24.887,375.564756,True,0.08
XRPUSDT,240,EMA_8_21,0.01,0.02,a0.01_t0.02,False,0.03,0,one_shot,121,-131.229379,-92.505219,38.72416,7.44,121,9,112,7.285402,-138.514781,0.809489,-1.236739,60.4399,2.55,16,79,26,0,26.2459,368.770621,True,0.11
XRPUSDT,240,EMA_8_21,0.01,0.04,a0.01_t0.04,False,0.03,0,one_shot,121,-125.291122,-86.527065,38.764056,16.53,121,20,101,37.76717,-163.058292,1.888359,-1.614439,46.09,5.59,16,68,37,0,25.1972,374.708878,True,0.11
XRPUSDT,240,EMA_8_21,0.03,0.01,a0.03_t0.01,False,0.03,0,one_shot,121,-118.371819,-79.649468,38.722351,27.27,121,33,88,38.701445,-157.073264,1.172771,-1.784923,60.3485,4.6,27,55,39,0,23.6744,381.628181,True,0.14
XRPUSDT,240,EMA_8_21,0.03,0.02,a0.03_t0.02,True,0.03,0,one_shot,121,-121.017639,-82.292599,38.72504,27.27,121,33,88,36.055625,-157.073264,1.092595,-1.784923,62.03,4.7,27,55,39,0,24.2035,378.982361,True,0.08
XRPUSDT,240,EMA_8_21,0.03,0.04,a0.03_t0.04,False,0.03,0,one_shot,121,-122.76442,-84.017375,38.747045,19.01,121,23,98,42.940878,-165.705298,1.866995,-1.69087,47.5249,6.1,27,54,40,0,24.6928,377.23558,True,0.08
XRPUSDT,240,EMA_8_21,0.06,0.01,a0.06_t0.01,False,0.03,0,one_shot,121,-70.178996,-31.453779,38.725216,31.4,121,38,83,114.836305,-185.015301,3.022008,-2.2291,42.4501,8.32,37,37,47,0,14.82,429.821004,True,0.08
XRPUSDT,240,EMA_8_21,0.06,0.02,a0.06_t0.02,False,0.03,0,one_shot,121,-73.231498,-34.51061,38.720888,31.4,121,38,83,111.783802,-185.015301,2.941679,-2.2291,43.1096,8.35,37,37,47,0,15.4294,426.768502,True,0.11
XRPUSDT,240,EMA_8_21,0.06,0.04,a0.06_t0.04,False,0.03,0,one_shot,121,-73.234437,-34.505505,38.728932,31.4,121,38,83,111.780864,-185.015301,2.941602,-2.2291,43.1102,8.69,37,37,47,0,15.3958,426.765563,True,0.1
XRPUSDT,240,MACD_12_26_hist,0.01,0.01,a0.01_t0.01,False,0.03,0,one_shot,190,-215.714663,-154.911253,60.80341,6.84,190,13,177,2.282558,-217.997221,0.175581,-1.231623,87.5227,1.54,37,123,29,1,43.1429,284.285337,True,0.08
XRPUSDT,240,MACD_12_26_hist,0.01,0.02,a0.01_t0.02,False,0.03,0,one_shot,190,-231.083577,-170.28336,60.800217,8.95,190,17,173,11.867728,-242.951305,0.698102,-1.404343,66.7957,2.19,37,122,30,1,46.2167,268.916423,True,0.09
XRPUSDT,240,MACD_12_26_hist,0.01,0.04,a0.01_t0.04,False,0.03,0,one_shot,190,-250.774343,-189.984818,60.789525,16.84,190,32,158,51.644611,-302.418954,1.613894,-1.914044,54.2539,4.66,38,100,51,1,50.1633,249.225657,True,0.09
XRPUSDT,240,MACD_12_26_hist,0.03,0.01,a0.03_t0.01,False,0.03,0,one_shot,190,-243.432259,-182.672457,60.759802,25.79,190,49,141,51.284025,-294.716283,1.046613,-2.090186,66.6344,4.13,61,79,49,1,48.7428,256.567741,True,0.09
XRPUSDT,240,MACD_12_26_hist,0.03,0.02,a0.03_t0.02,True,0.03,0,one_shot,190,-243.078726,-182.319946,60.75878,25.79,190,49,141,51.637558,-294.716283,1.053828,-2.090186,66.4815,4.29,61,79,49,1,48.6721,256.921274,True,0.11
XRPUSDT,240,MACD_12_26_hist,0.03,0.04,a0.03_t0.04,False,0.03,0,one_shot,190,-254.485247,-193.709103,60.776144,18.42,190,35,155,56.765408,-311.250656,1.621869,-2.008069,55.3196,5.37,61,73,55,1,50.9053,245.514753,True,0.11
XRPUSDT,240,MACD_12_26_hist,0.06,0.01,a0.06_t0.01,False,0.03,0,one_shot,190,-237.379754,-176.635592,60.744162,25.26,190,48,142,104.596631,-341.976385,2.179096,-2.408284,52.498,6.59,73,40,76,1,47.4848,262.620246,True,0.13
XRPUSDT,240,MACD_12_26_hist,0.06,0.02,a0.06_t0.02,False,0.03,0,one_shot,190,-238.219693,-177.474273,60.74542,25.26,190,48,142,103.756691,-341.976385,2.161598,-2.408284,52.699,6.59,73,40,76,1,47.6527,261.780307,True,0.13
XRPUSDT,240,MACD_12_26_hist,0.06,0.04,a0.06_t0.04,False,0.03,0,one_shot,190,-236.054648,-175.306729,60.747919,25.26,190,48,142,105.921737,-341.976385,2.206703,-2.408284,52.184,6.68,73,40,76,1,47.2198,263.945352,True,0.11
XRPUSDT,240,RSI14_7030,0.01,0.01,a0.01_t0.01,False,0.03,0,one_shot,146,-132.181381,-87.029668,45.151713,2.13,141,3,138,0.488903,-132.670283,0.162968,-0.961379,85.5056,0.94,28,113,0,0,26.4557,367.818619,True,0.08
XRPUSDT,240,RSI14_7030,0.01,0.02,a0.01_t0.02,False,0.03,0,one_shot,146,-143.659125,-98.509772,45.149353,7.8,141,11,130,9.424038,-153.083163,0.856731,-1.177563,57.8856,1.67,28,111,2,0,28.9089,356.340875,True,0.08
XRPUSDT,240,RSI14_7030,0.01,0.04,a0.01_t0.04,False,0.03,0,one_shot,146,-151.217558,-108.995276,42.222281,21.97,132,29,103,60.544001,-211.761558,2.087724,-2.055937,49.6164,4.91,23,103,6,0,30.4888,348.782442,True,0.09
XRPUSDT,240,RSI14_7030,0.03,0.01,a0.03_t0.01,False,0.03,0,one_shot,146,-186.442889,-145.135579,41.307311,27.13,129,35,94,44.294828,-230.737717,1.265567,-2.454657,65.9814,4.22,66,61,2,0,37.4444,313.557111,True,0.09
XRPUSDT,240,RSI14_7030,0.03,0.02,a0.03_t0.02,True,0.03,0,one_shot,146,-190.472219,-149.488941,40.983278,27.34,128,35,93,39.207714,-229.679933,1.12022,-2.469677,68.7952,4.32,66,60,2,0,38.2482,309.527781,True,0.09
XRPUSDT,240,RSI14_7030,0.03,0.04,a0.03_t0.04,False,0.03,0,one_shot,146,-176.315795,-135.363139,40.952656,23.44,128,30,98,64.551236,-240.867031,2.151708,-2.457827,53.3205,5.48,66,55,7,0,36.2672,323.684205,True,0.09
XRPUSDT,240,RSI14_7030,0.06,0.01,a0.06_t0.01,False,0.03,0,one_shot,146,-187.949212,-150.18306,37.766152,25.42,118,30,88,88.954404,-276.903616,2.965147,-3.146632,51.4847,7.75,83,26,9,0,38.5578,312.050788,True,0.09
XRPUSDT,240,RSI14_7030,0.06,0.02,a0.06_t0.02,False,0.03,0,one_shot,146,-186.562499,-148.796332,37.766168,25.42,118,30,88,90.341117,-276.903616,3.011371,-3.146632,51.0983,7.81,83,26,9,0,38.2847,313.437501,True,0.08
XRPUSDT,240,RSI14_7030,0.06,0.04,a0.06_t0.04,False,0.03,0,one_shot,146,-177.420771,-139.658502,37.762268,25.42,118,30,88,99.482846,-276.903616,3.316095,-3.146632,48.6889,7.96,83,22,13,0,36.4847,322.579229,True,0.09
XRPUSDT,240,BB_20_25_breakout,0.01,0.01,a0.01_t0.01,False,0.03,0,one_shot,74,-65.21438,-41.55046,23.66392,4.05,74,3,71,0.208681,-65.423061,0.06956,-0.921452,92.9809,2.01,12,62,0,0,13.0429,434.78562,True,0.08
XRPUSDT,240,BB_20_25_breakout,0.01,0.02,a0.01_t0.02,False,0.03,0,one_shot,74,-66.2415,-42.905578,23.335922,6.85,73,5,68,5.178942,-71.420442,1.035788,-1.050301,50.3478,2.55,11,62,0,0,13.9563,433.7585,True,0.1
XRPUSDT,240,BB_20_25_breakout,0.01,0.04,a0.01_t0.04,False,0.03,0,one_shot,74,-92.373585,-69.343524,23.030061,13.89,72,10,62,14.947655,-107.32124,1.494766,-1.730988,53.6615,3.97,12,60,0,0,19.2782,407.626415,True,0.08
XRPUSDT,240,BB_20_25_breakout,0.03,0.01,a0.03_t0.01,False,0.03,0,one_shot,74,-90.208437,-67.162682,23.045756,22.22,72,16,56,16.586352,-106.794789,1.036647,-1.90705,64.7842,4.51,27,43,2,0,18.8209,409.791563,True,0.08
XRPUSDT,240,BB_20_25_breakout,0.03,0.02,a0.03_t0.02,True,0.03,0,one_shot,74,-90.080037,-67.034089,23.045949,22.22,72,16,56,16.714752,-106.794789,1.044672,-1.90705,64.608,4.6,27,43,2,0,18.9551,409.919963,True,0.08
XRPUSDT,240,BB_20_25_breakout,0.03,0.04,a0.03_t0.04,False,0.03,0,one_shot,74,-90.387661,-67.661378,22.726282,18.31,71,13,58,17.704751,-108.092411,1.361904,-1.863662,57.7778,5.07,26,43,2,0,18.8849,409.612339,True,0.11
XRPUSDT,240,BB_20_25_breakout,0.06,0.01,a0.06_t0.01,False,0.03,0,one_shot,74,-70.746578,-49.914835,20.831743,30.77,65,20,45,55.435518,-126.182096,2.771776,-2.804047,50.2894,8.08,35,27,3,0,15.8791,429.253422,True,0.11
XRPUSDT,240,BB_20_25_breakout,0.06,0.02,a0.06_t0.02,False,0.03,0,one_shot,74,-70.746578,-49.914835,20.831743,30.77,65,20,45,55.435518,-126.182096,2.771776,-2.804047,50.2894,8.08,35,27,3,0,15.8791,429.253422,True,0.1
XRPUSDT,240,BB_20_25_breakout,0.06,0.04,a0.06_t0.04,False,0.03,0,one_shot,74,-66.739966,-46.222302,20.517664,31.25,64,20,44,56.12663,-122.866596,2.806331,-2.792423,49.8758,8.08,34,27,3,0,14.8848,433.260034,True,0.08
XRPUSDT,240,ADX14_DI_20,0.01,0.01,a0.01_t0.01,False,0.03,0,one_shot,235,-241.443119,-166.872992,74.570127,3.0,233,7,226,1.001008,-242.444127,0.143001,-1.072762,88.2377,1.26,37,156,40,0,48.2886,258.556881,True,0.09
XRPUSDT,240,ADX14_DI_20,0.01,0.02,a0.01_t0.02,False,0.03,0,one_shot,235,-251.28262,-177.9904,73.29222,8.73,229,20,209,13.371342,-264.653962,0.668567,-1.266287,65.4461,1.86,37,152,40,0,50.2565,248.71738,True,0.09
XRPUSDT,240,ADX14_DI_20,0.01,0.04,a0.01_t0.04,False,0.03,0,one_shot,235,-252.066594,-181.275311,70.791283,19.46,221,43,178,73.322049,-325.388643,1.705164,-1.828026,51.7387,4.16,35,123,63,0,51.0083,247.933406,True,0.18
XRPUSDT,240,ADX14_DI_20,0.03,0.01,a0.03_t0.01,False,0.03,0,one_shot,235,-265.802514,-194.706205,71.096309,23.42,222,52,170,59.57946,-325.381974,1.145759,-1.914012,62.5541,3.34,68,89,65,0,53.6142,234.197486,True,0.1
XRPUSDT,240,ADX14_DI_20,0.03,0.02,a0.03_t0.02,True,0.03,0,one_shot,235,-262.984482,-191.8828,71.101681,23.42,222,52,170,62.397492,-325.381974,1.199952,-1.914012,61.4655,3.58,68,89,65,0,53.2562,237.015518,True,0.09
XRPUSDT,240,ADX14_DI_20,0.03,0.04,a0.03_t0.04,False,0.03,0,one_shot,235,-253.859614,-183.376485,70.483129,21.36,220,47,173,79.948571,-333.808186,1.701033,-1.929527,53.1468,4.57,67,82,71,0,51.3634,246.140386,True,0.09
XRPUSDT,240,ADX14_DI_20,0.06,0.01,a0.06_t0.01,False,0.03,0,one_shot,235,-210.264806,-141.396886,68.86792,26.05,215,56,159,148.032483,-358.297289,2.643437,-2.253442,46.0179,5.85,78,47,90,0,44.3101,289.735194,True,0.09
XRPUSDT,240,ADX14_DI_20,0.06,0.02,a0.06_t0.02,False,0.03,0,one_shot,235,-212.454509,-143.589499,68.865009,26.05,215,56,159,145.842781,-358.297289,2.604335,-2.253442,46.3883,5.87,78,47,90,0,44.7734,287.545491,True,0.09
XRPUSDT,240,ADX14_DI_20,0.06,0.04,a0.06_t0.04,False,0.03,0,one_shot,235,-218.167292,-149.312202,68.85509,26.05,215,56,159,140.129997,-358.297289,2.502321,-2.253442,47.3834,6.06,78,46,91,0,45.6592,281.832708,True,0.12
XRPUSDT,240,DONCHIAN_55,0.01,0.01,a0.01_t0.01,False,0.03,0,one_shot,24,-27.531804,-19.839088,7.692716,8.33,24,2,22,0.602993,-28.134797,0.301497,-1.278854,80.9222,1.46,6,18,0,0,5.5064,472.468196,True,0.08
XRPUSDT,240,DONCHIAN_55,0.01,0.02,a0.01_t0.02,False,0.03,0,one_shot,24,-28.023476,-20.335609,7.687867,12.5,24,3,21,2.716839,-30.740315,0.905613,-1.463825,61.7794,1.83,6,18,0,0,5.7866,471.976524,True,0.08
XRPUSDT,240,DONCHIAN_55,0.01,0.04,a0.01_t0.04,False,0.03,0,one_shot,24,-40.294284,-32.618753,7.675531,8.33,24,2,22,6.695509,-46.989793,3.347754,-2.1359,38.9503,2.83,7,17,0,0,8.236,459.705716,True,0.08
XRPUSDT,240,DONCHIAN_55,0.03,0.01,a0.03_t0.01,False,0.03,0,one_shot,24,-31.758674,-24.082119,7.676555,29.17,24,7,17,7.601429,-39.360103,1.085918,-2.3153,68.0727,3.92,11,13,0,0,6.9059,468.241326,True,0.08
XRPUSDT,240,DONCHIAN_55,0.03,0.02,a0.03_t0.02,True,0.03,0,one_shot,24,-31.758674,-24.082119,7.676555,29.17,24,7,17,7.601429,-39.360103,1.085918,-2.3153,68.0727,3.92,11,13,0,0,6.9059,468.241326,True,0.08
XRPUSDT,240,DONCHIAN_55,0.03,0.04,a0.03_t0.04,False,0.03,0,one_shot,24,-26.862709,-19.190279,7.67243,20.83,24,5,19,14.004564,-40.867273,2.800913,-2.150909,43.4367,4.42,11,13,0,0,6.4701,473.137291,True,0.08
XRPUSDT,240,DONCHIAN_55,0.06,0.01,a0.06_t0.01,False,0.03,0,one_shot,24,-30.635635,-22.972254,7.663381,33.33,24,8,16,22.475365,-53.111,2.809421,-3.319437,54.1608,6.96,16,8,0,0,7.2174,469.364365,True,0.08
XRPUSDT,240,DONCHIAN_55,0.06,0.02,a0.06_t0.02,False,0.03,0,one_shot,24,-30.635635,-22.972254,7.663381,33.33,24,8,16,22.475365,-53.111,2.809421,-3.319437,54.1608,6.96,16,8,0,0,7.2174,469.364365,True,0.09
XRPUSDT,240,DONCHIAN_55,0.06,0.04,a0.06_t0.04,False,0.03,0,one_shot,24,-30.768968,-23.105439,7.663529,33.33,24,8,16,22.342032,-53.111,2.792754,-3.319437,54.3085,7.04,16,8,0,0,7.2438,469.231032,True,0.08
XRPUSDT,240,DONCHIAN_PULLBACK_55,0.01,0.01,a0.01_t0.01,False,0.03,0,one_shot,21,-24.757588,-18.042465,6.715123,4.76,21,1,20,0.164188,-24.921776,0.164188,-1.246089,88.3577,2.52,5,16,0,0,4.9515,475.242412,True,0.09
XRPUSDT,240,DONCHIAN_PULLBACK_55,0.01,0.02,a0.01_t0.02,False,0.03,0,one_shot,21,-26.301455,-19.589016,6.712439,9.52,21,2,19,1.691495,-27.99295,0.845747,-1.473313,63.5306,3.48,5,16,0,0,5.2603,473.698545,True,0.08
XRPUSDT,240,DONCHIAN_PULLBACK_55,0.01,0.04,a0.01_t0.04,False,0.03,0,one_shot,21,-32.117007,-25.407008,6.709999,14.29,21,3,18,2.628964,-34.745971,0.876321,-1.930332,68.777,8.33,6,15,0,0,6.5935,467.882993,True,0.09
XRPUSDT,240,DONCHIAN_PULLBACK_55,0.03,0.01,a0.03_t0.01,False,0.03,0,one_shot,21,-22.812134,-16.107385,6.704749,38.1,21,8,13,9.437219,-32.249352,1.179652,-2.480719,67.7723,8.14,9,12,0,0,5.1741,477.187866,True,0.08
XRPUSDT,240,DONCHIAN_PULLBACK_55,0.03,0.02,a0.03_t0.02,True,0.03,0,one_shot,21,-23.840234,-17.133945,6.706289,38.1,21,8,13,8.409118,-32.249352,1.05114,-2.480719,70.2383,8.14,9,12,0,0,5.3797,476.159766,True,0.08
XRPUSDT,240,DONCHIAN_PULLBACK_55,0.03,0.04,a0.03_t0.04,False,0.03,0,one_shot,21,-31.313728,-24.60397,6.709758,19.05,21,4,17,3.633377,-34.947105,0.908344,-2.055712,69.3547,9.38,9,12,0,0,6.5905,468.686272,True,0.08
XRPUSDT,240,DONCHIAN_PULLBACK_55,0.06,0.01,a0.06_t0.01,False,0.03,0,one_shot,21,-20.55034,-13.847489,6.702851,33.33,21,7,14,22.91616,-43.4665,3.273737,-3.10475,48.6753,13.81,13,8,0,0,5.6495,479.44966,True,0.1
XRPUSDT,240,DONCHIAN_PULLBACK_55,0.06,0.02,a0.06_t0.02,False,0.03,0,one_shot,21,-21.01215,-14.308607,6.703543,33.33,21,7,14,22.45435,-43.4665,3.207764,-3.10475,49.184,13.81,13,8,0,0,5.6495,478.98785,True,0.08
XRPUSDT,240,DONCHIAN_PULLBACK_55,0.06,0.04,a0.06_t0.04,False,0.03,0,one_shot,21,-24.97128,-18.266321,6.704959,33.33,21,7,14,18.49522,-43.4665,2.642174,-3.10475,54.0245,14.14,13,8,0,0,6.2387,475.02872,True,0.08
XRPUSDT,60,EMA_8_21,0.01,0.01,a0.01_t0.01,False,0.03,0,one_shot,471,-368.294688,-217.582499,150.712189,13.59,471,64,407,22.449428,-390.744116,0.350772,-0.960059,73.2405,4.45,31,280,160,0,73.9372,131.705312,True,0.24
XRPUSDT,60,EMA_8_21,0.01,0.02,a0.01_t0.02,False,0.03,0,one_shot,471,-362.556953,-211.887573,150.66938,18.26,471,86,385,77.381482,-439.938435,0.899785,-1.142697,55.9465,7.89,31,259,181,0,72.8685,137.443047,True,0.3
XRPUSDT,60,EMA_8_21,0.01,0.04,a0.01_t0.04,False,0.03,0,one_shot,471,-304.57343,-153.831702,150.741727,21.66,471,102,369,219.679628,-524.253058,2.153722,-1.42074,39.747,13.37,32,149,289,1,62.6788,195.42657,True,0.26
XRPUSDT,60,EMA_8_21,0.03,0.01,a0.03_t0.01,False,0.03,0,one_shot,471,-359.215397,-208.477719,150.737679,25.69,471,121,350,151.620841,-510.836238,1.253065,-1.459532,53.8057,10.52,53,141,276,1,72.54,140.784603,True,0.22
XRPUSDT,60,EMA_8_21,0.03,0.02,a0.03_t0.02,True,0.03,0,one_shot,471,-368.260487,-217.529519,150.730969,25.69,471,121,350,142.575751,-510.836238,1.178312,-1.459532,55.3305,10.92,53,140,277,1,74.3394,131.739513,True,0.22
XRPUSDT,60,EMA_8_21,0.03,0.04,a0.03_t0.04,False,0.03,0,one_shot,471,-311.574747,-160.823819,150.750928,22.29,471,105,366,221.007462,-532.582208,2.104833,-1.455143,40.8751,13.75,53,114,303,1,64.4645,188.425253,True,0.22
XRPUSDT,60,EMA_8_21,0.06,0.01,a0.06_t0.01,False,0.03,0,one_shot,471,-317.939496,-167.208918,150.730578,23.57,471,111,360,260.515812,-578.455308,2.346989,-1.60682,40.6398,14.43,69,64,337,1,66.4043,182.060504,True,0.24
XRPUSDT,60,EMA_8_21,0.06,0.02,a0.06_t0.02,False,0.03,0,one_shot,471,-322.393098,-171.664493,150.728605,23.57,471,111,360,256.062211,-578.455308,2.306867,-1.60682,41.0564,14.49,69,64,337,1,67.1417,177.606902,True,0.32
XRPUSDT,60,EMA_8_21,0.06,0.04,a0.06_t0.04,False,0.03,0,one_shot,471,-305.911965,-155.180868,150.731097,23.57,471,111,360,272.543344,-578.455308,2.455345,-1.60682,39.5558,15.2,69,61,340,1,64.6219,194.088035,True,0.46
XRPUSDT,60,MACD_12_26_hist,0.01,0.01,a0.01_t0.01,False,0.03,0,one_shot,815,-400.265765,-223.959377,176.306388,15.61,551,86,465,34.335664,-434.601429,0.399252,-0.934627,70.0683,4.24,25,277,249,0,80.1254,99.734235,False,0.39
XRPUSDT,60,MACD_12_26_hist,0.01,0.02,a0.01_t0.02,False,0.03,0,one_shot,815,-400.919603,-211.170175,189.749428,19.56,593,116,477,105.964569,-506.884172,0.913488,-1.06265,53.7741,6.85,25,217,351,0,80.3061,99.080397,False,0.46
XRPUSDT,60,MACD_12_26_hist,0.01,0.04,a0.01_t0.04,False,0.03,0,one_shot,815,-400.776928,-184.070539,216.706389,23.78,677,161,516,272.999468,-673.776397,1.695649,-1.305768,43.5051,8.66,35,144,498,0,80.3282,99.223072,False,0.41
XRPUSDT,60,MACD_12_26_hist,0.03,0.01,a0.03_t0.01,False,0.03,0,one_shot,815,-400.636113,-204.474576,196.161537,26.26,613,161,452,176.514871,-577.150984,1.096366,-1.276883,53.8032,7.71,51,134,428,0,80.2498,99.363887,False,0.4
XRPUSDT,60,MACD_12_26_hist,0.03,0.02,a0.03_t0.02,True,0.03,0,one_shot,815,-400.54659,-204.392717,196.153873,26.26,613,161,452,176.604395,-577.150984,1.096922,-1.276883,53.7906,8.14,51,122,440,0,80.232,99.45341,False,0.42
XRPUSDT,60,MACD_12_26_hist,0.03,0.04,a0.03_t0.04,False,0.03,0,one_shot,815,-401.821859,-189.252947,212.568911,24.25,664,161,503,273.741186,-675.563045,1.700256,-1.343068,44.1316,8.85,67,90,507,0,80.5353,98.178141,False,0.45
XRPUSDT,60,MACD_12_26_hist,0.06,0.01,a0.06_t0.01,False,0.03,0,one_shot,815,-402.348752,-196.169977,206.178775,25.16,644,162,482,274.975947,-677.324698,1.697382,-1.405238,45.292,9.19,74,51,519,0,80.6398,97.651248,False,0.41
XRPUSDT,60,MACD_12_26_hist,0.06,0.02,a0.06_t0.02,False,0.03,0,one_shot,815,-402.031714,-193.913023,208.118691,25.23,650,164,486,284.614808,-686.646522,1.735456,-1.412853,44.8766,9.19,75,53,522,0,80.5769,97.968286,False,0.38
XRPUSDT,60,MACD_12_26_hist,0.06,0.04,a0.06_t0.04,False,0.03,0,one_shot,815,-400.119402,-185.260132,214.85927,25.34,671,170,501,324.402163,-724.521566,1.908248,-1.446151,43.1121,9.44,84,45,542,0,80.1978,99.880598,False,0.26
XRPUSDT,60,RSI14_7030,0.01,0.01,a0.01_t0.01,False,0.03,0,one_shot,605,-401.027961,-260.859803,140.168158,22.83,438,100,338,40.227365,-441.255326,0.402274,-1.305489,76.4444,6.95,109,287,42,0,80.2056,98.972039,False,0.24
XRPUSDT,60,RSI14_7030,0.01,0.02,a0.01_t0.02,False,0.03,0,one_shot,605,-391.500679,-247.489729,144.010951,25.78,450,116,334,110.544751,-502.045431,0.952972,-1.50313,61.1998,8.93,105,274,70,1,78.435,108.499321,True,0.23
XRPUSDT,60,RSI14_7030,0.01,0.04,a0.01_t0.04,False,0.03,0,one_shot,605,-321.37035,-194.652263,126.718087,34.34,396,136,260,274.944906,-596.315256,2.021654,-2.29352,53.1501,14.74,88,187,120,1,65.9405,178.62965,True,0.23
XRPUSDT,60,RSI14_7030,0.03,0.01,a0.03_t0.01,False,0.03,0,one_shot,605,-397.90993,-274.361762,123.548168,41.45,386,160,226,210.015598,-607.925528,1.312597,-2.689936,67.2058,14.04,176,124,85,1,80.0499,102.09007,True,0.21
XRPUSDT,60,RSI14_7030,0.03,0.02,a0.03_t0.02,True,0.03,0,one_shot,605,-397.21516,-273.669444,123.545716,41.45,386,160,226,210.710368,-607.925528,1.31694,-2.689936,67.133,14.35,176,115,94,1,79.9969,102.78484,True,0.24
XRPUSDT,60,RSI14_7030,0.03,0.04,a0.03_t0.04,False,0.03,0,one_shot,605,-323.433399,-201.834272,121.599127,36.84,380,140,240,287.736786,-611.170185,2.055263,-2.546542,55.3379,16.05,171,84,124,1,66.2819,176.566601,True,0.22
XRPUSDT,60,RSI14_7030,0.06,0.01,a0.06_t0.01,False,0.03,0,one_shot,605,-282.120656,-166.666755,115.4539,41.83,361,151,210,359.017576,-641.138232,2.3776,-3.053039,56.2188,18.29,190,49,121,1,59.2999,217.879344,True,0.22
XRPUSDT,60,RSI14_7030,0.06,0.02,a0.06_t0.02,False,0.03,0,one_shot,605,-283.738504,-168.281169,115.457335,41.83,361,151,210,357.399728,-641.138232,2.366886,-3.053039,56.3299,18.3,190,47,123,1,59.847,216.261496,True,0.22
XRPUSDT,60,RSI14_7030,0.06,0.04,a0.06_t0.04,False,0.03,0,one_shot,605,-275.889932,-160.422019,115.467913,41.83,361,151,210,365.2483,-641.138232,2.418863,-3.053039,55.7948,18.6,190,34,136,1,59.8643,224.110068,True,0.22
XRPUSDT,60,BB_20_25_breakout,0.01,0.01,a0.01_t0.01,False,0.03,0,one_shot,292,-268.099568,-181.028119,87.071449,11.76,272,32,240,9.050061,-277.149628,0.282814,-1.15479,80.3274,7.08,56,206,10,0,53.6495,231.900432,True,0.22
XRPUSDT,60,BB_20_25_breakout,0.01,0.02,a0.01_t0.02,False,0.03,0,one_shot,292,-247.51645,-168.165886,79.350564,17.34,248,43,205,36.744197,-284.260647,0.854516,-1.386637,61.8716,9.92,50,187,11,0,49.5355,252.48355,True,0.29
XRPUSDT,60,BB_20_25_breakout,0.01,0.04,a0.01_t0.04,False,0.03,0,one_shot,292,-186.481048,-120.847102,65.633946,24.88,205,51,154,123.18299,-309.664039,2.415353,-2.010805,45.43,20.09,40,142,23,0,38.4222,313.518952,True,0.21
XRPUSDT,60,BB_20_25_breakout,0.03,0.01,a0.03_t0.01,False,0.03,0,one_shot,292,-261.342323,-188.696989,72.645335,33.48,227,76,151,99.061406,-360.403729,1.30344,-2.38678,64.6785,16.62,89,113,25,0,52.489,238.657677,True,0.26
XRPUSDT,60,BB_20_25_breakout,0.03,0.02,a0.03_t0.02,True,0.03,0,one_shot,292,-260.294611,-188.285019,72.009592,33.78,225,76,149,94.958504,-355.253116,1.249454,-2.384249,65.6149,16.64,88,112,25,0,52.2533,239.705389,True,0.24
XRPUSDT,60,BB_20_25_breakout,0.03,0.04,a0.03_t0.04,False,0.03,0,one_shot,292,-196.432564,-132.399851,64.032713,26.5,200,53,147,129.831739,-326.264303,2.449655,-2.219485,47.5352,21.96,75,99,26,0,40.8251,303.567436,True,0.21
XRPUSDT,60,BB_20_25_breakout,0.06,0.01,a0.06_t0.01,False,0.03,0,one_shot,292,-215.439868,-154.055236,61.384632,25.0,192,48,144,161.606759,-377.046627,3.366807,-2.618379,43.7477,27.46,93,57,42,0,44.1416,284.560132,True,0.21
XRPUSDT,60,BB_20_25_breakout,0.06,0.02,a0.06_t0.02,False,0.03,0,one_shot,292,-210.299287,-149.548166,60.751121,25.26,190,48,142,161.585077,-371.884364,3.366356,-2.618904,43.7559,27.57,92,57,41,0,42.9691,289.700713,True,0.21
XRPUSDT,60,BB_20_25_breakout,0.06,0.04,a0.06_t0.04,False,0.03,0,one_shot,292,-203.861743,-143.424039,60.437704,24.87,189,47,142,167.498957,-371.3607,3.563808,-2.615216,42.3241,28.32,92,56,41,0,41.8588,296.138257,True,0.21
XRPUSDT,60,ADX14_DI_20,0.01,0.01,a0.01_t0.01,False,0.03,0,one_shot,948,-400.345823,-213.79566,186.550163,14.75,583,86,497,31.105048,-431.450871,0.361687,-0.86811,70.5897,3.77,25,273,285,0,80.0692,99.654177,False,0.23
XRPUSDT,60,ADX14_DI_20,0.01,0.02,a0.01_t0.02,False,0.03,0,one_shot,948,-402.227325,-199.051349,203.175976,18.27,635,116,519,101.298898,-503.526223,0.873266,-0.970185,52.6287,6.13,27,240,368,0,80.5771,97.772675,False,0.23
XRPUSDT,60,ADX14_DI_20,0.01,0.04,a0.01_t0.04,False,0.03,0,one_shot,948,-401.0082,-183.339685,217.668514,22.79,680,155,525,221.396879,-622.405079,1.428367,-1.185533,45.355,8.37,36,139,505,0,80.3815,98.9918,False,0.23
XRPUSDT,60,ADX14_DI_20,0.03,0.01,a0.03_t0.01,False,0.03,0,one_shot,948,-401.087039,-193.032364,208.054675,24.46,650,159,491,175.574576,-576.661615,1.104243,-1.174464,51.5408,6.93,48,142,460,0,80.2522,98.912961,False,0.23
XRPUSDT,60,ADX14_DI_20,0.03,0.02,a0.03_t0.02,True,0.03,0,one_shot,948,-401.644771,-196.166828,205.477943,24.14,642,155,487,168.78617,-570.430941,1.088943,-1.171316,51.8222,7.32,47,134,461,0,80.4464,98.355229,False,0.26
XRPUSDT,60,ADX14_DI_20,0.03,0.04,a0.03_t0.04,False,0.03,0,one_shot,948,-400.742908,-183.392356,217.350553,23.42,679,159,520,228.168797,-628.911705,1.435024,-1.209446,45.7349,8.52,55,106,518,0,80.3289,99.257092,False,0.23
XRPUSDT,60,ADX14_DI_20,0.06,0.01,a0.06_t0.01,False,0.03,0,one_shot,948,-400.641431,-182.023901,218.61753,24.3,683,166,517,269.648743,-670.290174,1.62439,-1.296499,44.3871,8.57,71,64,548,0,80.3304,99.358569,False,0.23
XRPUSDT,60,ADX14_DI_20,0.06,0.02,a0.06_t0.02,False,0.03,0,one_shot,948,-401.422223,-177.366507,224.055716,24.29,700,170,530,281.389771,-682.811994,1.655234,-1.288325,43.7676,8.59,71,66,563,0,80.4636,98.577777,False,0.29
XRPUSDT,60,ADX14_DI_20,0.06,0.04,a0.06_t0.04,False,0.03,0,one_shot,948,-402.023328,-172.510837,229.512491,24.55,717,176,541,292.582767,-694.606095,1.662402,-1.28393,43.5772,8.95,71,59,587,0,80.5827,97.976672,False,0.23
XRPUSDT,60,DONCHIAN_55,0.01,0.01,a0.01_t0.01,False,0.03,0,one_shot,76,-83.171058,-58.821701,24.349356,13.16,76,10,66,2.020117,-85.191174,0.202012,-1.290775,86.4675,7.96,20,56,0,0,16.6342,416.828942,True,0.19
XRPUSDT,60,DONCHIAN_55,0.01,0.02,a0.01_t0.02,False,0.03,0,one_shot,76,-85.320194,-60.976617,24.343578,18.42,76,14,62,10.730228,-96.050422,0.766445,-1.5492,66.9015,12.33,20,56,0,0,17.064,414.679806,True,0.19
XRPUSDT,60,DONCHIAN_55,0.01,0.04,a0.01_t0.04,False,0.03,0,one_shot,76,-63.151722,-38.773731,24.377992,30.26,76,23,53,64.727806,-127.879528,2.814252,-2.412821,46.1601,27.42,20,50,6,0,13.1018,436.848278,True,0.18
XRPUSDT,60,DONCHIAN_55,0.03,0.01,a0.03_t0.01,False,0.03,0,one_shot,76,-90.424192,-66.078438,24.345754,36.84,76,28,48,40.027603,-130.451795,1.429557,-2.717746,65.5304,24.29,36,35,5,0,18.0848,409.575808,True,0.2
XRPUSDT,60,DONCHIAN_55,0.03,0.02,a0.03_t0.02,True,0.03,0,one_shot,76,-93.472304,-69.127639,24.344665,36.84,76,28,48,36.979491,-130.451795,1.320696,-2.717746,67.2969,25.17,36,35,5,0,18.6945,406.527696,True,0.19
XRPUSDT,60,DONCHIAN_55,0.03,0.04,a0.03_t0.04,False,0.03,0,one_shot,76,-67.541442,-43.151732,24.38971,32.89,76,25,51,66.372683,-133.914125,2.654907,-2.625767,49.7241,32.45,36,33,7,0,13.778,432.458558,True,0.19
XRPUSDT,60,DONCHIAN_55,0.06,0.01,a0.06_t0.01,False,0.03,0,one_shot,76,-64.534971,-40.192355,24.342616,32.89,76,25,51,86.118917,-150.653887,3.444757,-2.953998,46.1652,35.33,42,26,8,0,12.9683,435.465029,True,0.19
XRPUSDT,60,DONCHIAN_55,0.06,0.02,a0.06_t0.02,False,0.03,0,one_shot,76,-65.060155,-40.716881,24.343274,32.89,76,25,51,85.593732,-150.653887,3.423749,-2.953998,46.3173,35.42,42,26,8,0,13.012,434.939845,True,0.21
XRPUSDT,60,DONCHIAN_55,0.06,0.04,a0.06_t0.04,False,0.03,0,one_shot,76,-50.302073,-25.955624,24.346449,32.89,76,25,51,100.351814,-150.653887,4.014073,-2.953998,42.3933,37.76,42,26,8,0,11.7696,449.697927,True,0.19
XRPUSDT,60,DONCHIAN_PULLBACK_55,0.01,0.01,a0.01_t0.01,False,0.03,0,one_shot,59,-56.157923,-37.250887,18.907035,16.95,59,10,49,4.939972,-61.097895,0.493997,-1.246896,71.6239,10.39,14,44,1,0,11.3008,443.842077,True,0.2
XRPUSDT,60,DONCHIAN_PULLBACK_55,0.01,0.02,a0.01_t0.02,False,0.03,0,one_shot,59,-41.593033,-22.694054,18.89898,30.51,59,18,41,25.888606,-67.481639,1.438256,-1.645894,53.3662,15.22,14,44,1,0,9.0289,458.406967,True,0.2
XRPUSDT,60,DONCHIAN_PULLBACK_55,0.01,0.04,a0.01_t0.04,False,0.03,0,one_shot,59,-31.021783,-12.104819,18.916964,35.59,59,21,38,53.109196,-84.130979,2.529009,-2.213973,46.6789,31.36,14,43,2,0,8.526,468.978217,True,0.2
XRPUSDT,60,DONCHIAN_PULLBACK_55,0.03,0.01,a0.03_t0.01,False,0.03,0,one_shot,59,-44.198991,-25.286028,18.912963,49.15,59,29,30,42.16728,-86.366271,1.454044,-2.878876,66.4419,24.68,25,32,2,0,9.2713,455.801009,True,0.27
XRPUSDT,60,DONCHIAN_PULLBACK_55,0.03,0.02,a0.03_t0.02,True,0.03,0,one_shot,59,-46.337052,-27.427431,18.909621,49.15,59,29,30,40.029219,-86.366271,1.380318,-2.878876,67.592,26.42,25,32,2,0,9.9711,453.662948,True,0.2
XRPUSDT,60,DONCHIAN_PULLBACK_55,0.03,0.04,a0.03_t0.04,False,0.03,0,one_shot,59,-37.097831,-18.18671,18.911121,37.29,59,22,37,54.724624,-91.822455,2.487483,-2.481688,49.9417,35.08,25,32,2,0,9.5006,462.902169,True,0.21
XRPUSDT,60,DONCHIAN_PULLBACK_55,0.06,0.01,a0.06_t0.01,False,0.03,0,one_shot,59,-57.966936,-39.067056,18.899881,33.9,59,20,39,64.002914,-121.969851,3.200146,-3.127432,49.4254,43.27,36,17,6,0,13.1295,442.033064,True,0.2
XRPUSDT,60,DONCHIAN_PULLBACK_55,0.06,0.02,a0.06_t0.02,False,0.03,0,one_shot,59,-57.872665,-38.972925,18.899739,33.9,59,20,39,64.097186,-121.969851,3.204859,-3.127432,49.3886,43.29,36,17,6,0,12.9666,442.127335,True,0.22
XRPUSDT,60,DONCHIAN_PULLBACK_55,0.06,0.04,a0.06_t0.04,False,0.03,0,one_shot,59,-55.945459,-37.045766,18.899694,33.9,59,20,39,66.024391,-121.969851,3.30122,-3.127432,48.6483,44.51,36,17,6,0,13.3442,444.054541,True,0.2
DOGEUSDT,240,EMA_8_21,0.01,0.01,a0.01_t0.01,False,0.03,0,one_shot,101,-102.459693,-70.121195,32.338498,3.96,101,4,97,0.713724,-103.173416,0.178431,-1.063643,85.6344,0.64,18,78,5,0,20.4919,397.540307,True,0.12
DOGEUSDT,240,EMA_8_21,0.01,0.02,a0.01_t0.02,False,0.03,0,one_shot,101,-113.189027,-80.842238,32.346789,11.88,101,12,89,4.62659,-117.815616,0.385549,-1.323771,77.4443,1.23,18,78,5,0,22.6378,386.810973,True,0.12
DOGEUSDT,240,EMA_8_21,0.01,0.04,a0.01_t0.04,False,0.03,0,one_shot,101,-110.945208,-78.584627,32.360581,21.78,101,22,79,51.814964,-162.760172,2.355226,-2.060255,46.6598,3.73,18,77,6,0,22.189,389.054792,True,0.16
DOGEUSDT,240,EMA_8_21,0.03,0.01,a0.03_t0.01,False,0.03,0,one_shot,101,-132.155934,-99.793833,32.362101,27.72,101,28,73,32.339519,-164.495454,1.154983,-2.253362,66.1131,3.41,41,49,11,0,26.4312,367.844066,True,0.17
DOGEUSDT,240,EMA_8_21,0.03,0.02,a0.03_t0.02,True,0.03,0,one_shot,101,-136.236897,-103.874007,32.36289,27.72,101,28,73,28.258557,-164.495454,1.009234,-2.253362,69.0665,3.51,41,49,11,0,27.2474,363.763103,True,0.14
DOGEUSDT,240,EMA_8_21,0.03,0.04,a0.03_t0.04,False,0.03,0,one_shot,101,-118.453483,-86.078367,32.375116,23.76,101,24,77,53.566232,-172.019715,2.231926,-2.234022,50.0235,4.48,41,49,11,0,23.6907,381.546517,True,0.14
DOGEUSDT,240,EMA_8_21,0.06,0.01,a0.06_t0.01,False,0.03,0,one_shot,101,-120.395068,-88.030112,32.364956,27.72,101,28,73,79.527051,-199.922119,2.840252,-2.738659,49.0895,5.45,51,33,17,0,24.079,379.604932,True,0.16
DOGEUSDT,240,EMA_8_21,0.06,0.02,a0.06_t0.02,False,0.03,0,one_shot,101,-122.645088,-90.283347,32.361741,27.72,101,28,73,77.277031,-199.922119,2.759894,-2.738659,49.8069,5.47,51,33,17,0,24.529,377.354912,True,0.16
DOGEUSDT,240,EMA_8_21,0.06,0.04,a0.06_t0.04,False,0.03,0,one_shot,101,-106.395371,-74.016681,32.37869,27.72,101,28,73,93.526748,-199.922119,3.340241,-2.738659,45.0519,5.77,51,33,17,0,21.2791,393.604629,True,0.15
DOGEUSDT,240,MACD_12_26_hist,0.01,0.01,a0.01_t0.01,False,0.03,0,one_shot,196,-208.930098,-146.244541,62.685557,3.06,196,6,190,1.007846,-209.937943,0.167974,-1.104937,86.8039,0.72,39,141,15,1,41.7975,291.069902,True,0.18
DOGEUSDT,240,MACD_12_26_hist,0.01,0.02,a0.01_t0.02,False,0.03,0,one_shot,196,-228.022276,-165.324941,62.697335,6.63,196,13,183,6.686361,-234.708637,0.514335,-1.282561,71.3765,1.11,39,141,15,1,45.616,271.977724,True,0.16
DOGEUSDT,240,MACD_12_26_hist,0.01,0.04,a0.01_t0.04,False,0.03,0,one_shot,196,-235.775045,-173.019631,62.755414,19.39,196,38,158,85.509051,-321.284095,2.250238,-2.033444,47.4695,3.27,40,129,26,1,47.1665,264.224955,True,0.2
DOGEUSDT,240,MACD_12_26_hist,0.03,0.01,a0.03_t0.01,False,0.03,0,one_shot,196,-285.684851,-222.933787,62.751064,23.47,196,46,150,52.993472,-338.678324,1.152032,-2.257855,66.215,2.39,82,86,27,1,57.1485,214.315149,True,0.18
DOGEUSDT,240,MACD_12_26_hist,0.03,0.02,a0.03_t0.02,True,0.03,0,one_shot,196,-291.488132,-228.740887,62.747245,23.47,196,46,150,47.190192,-338.678324,1.025874,-2.257855,68.7589,2.46,82,86,27,1,58.3092,208.511868,True,0.18
DOGEUSDT,240,MACD_12_26_hist,0.03,0.04,a0.03_t0.04,False,0.03,0,one_shot,196,-265.358952,-202.59026,62.768692,19.39,196,38,158,85.509051,-350.868002,2.250238,-2.220684,49.6695,3.56,82,83,30,1,53.0833,234.641048,True,0.18
DOGEUSDT,240,MACD_12_26_hist,0.06,0.01,a0.06_t0.01,False,0.03,0,one_shot,196,-247.621319,-184.912358,62.708961,24.49,196,48,148,138.343341,-385.96466,2.882153,-2.607869,47.502,4.26,94,56,45,1,49.5358,252.378681,True,0.17
DOGEUSDT,240,MACD_12_26_hist,0.06,0.02,a0.06_t0.02,False,0.03,0,one_shot,196,-251.243659,-188.534036,62.709623,24.49,196,48,148,134.721002,-385.96466,2.806688,-2.607869,48.164,4.29,94,56,45,1,50.2603,248.756341,True,0.17
DOGEUSDT,240,MACD_12_26_hist,0.06,0.04,a0.06_t0.04,False,0.03,0,one_shot,196,-245.831364,-183.125859,62.705505,24.49,196,48,148,140.133296,-385.96466,2.919444,-2.607869,47.1815,4.55,94,56,45,1,49.1778,254.168636,True,0.19
DOGEUSDT,240,RSI14_7030,0.01,0.01,a0.01_t0.01,False,0.03,0,one_shot,132,-138.644491,-97.672881,40.971609,3.12,128,4,124,0.801322,-139.445813,0.200331,-1.124563,84.8795,0.66,32,96,0,0,27.7693,361.355509,True,0.17
DOGEUSDT,240,RSI14_7030,0.01,0.02,a0.01_t0.02,False,0.03,0,one_shot,132,-148.996404,-108.995171,40.001234,5.6,125,7,118,6.419927,-155.416332,0.917132,-1.317088,58.9507,1.2,32,93,0,0,29.9914,351.003596,True,0.16
DOGEUSDT,240,RSI14_7030,0.01,0.04,a0.01_t0.04,False,0.03,0,one_shot,132,-156.386379,-118.650748,37.735631,19.49,118,23,95,54.728438,-211.114817,2.379497,-2.222261,48.2916,3.54,30,82,6,0,31.7069,343.613621,True,0.16
DOGEUSDT,240,RSI14_7030,0.03,0.01,a0.03_t0.01,False,0.03,0,one_shot,132,-180.616487,-142.883016,37.733471,24.58,118,29,89,42.405607,-223.022094,1.462262,-2.505866,63.1498,2.75,64,53,1,0,36.9417,319.383513,True,0.16
DOGEUSDT,240,RSI14_7030,0.03,0.02,a0.03_t0.02,True,0.03,0,one_shot,132,-182.077438,-144.341014,37.736424,24.58,118,29,89,40.944656,-223.022094,1.411885,-2.505866,63.9619,2.9,64,52,2,0,37.2821,317.922562,True,0.18
DOGEUSDT,240,RSI14_7030,0.03,0.04,a0.03_t0.04,False,0.03,0,one_shot,132,-168.580838,-130.847577,37.733261,22.03,118,26,92,62.536809,-231.117647,2.405262,-2.512148,51.0868,3.93,64,47,7,0,34.4462,331.419162,True,0.18
DOGEUSDT,240,RSI14_7030,0.06,0.01,a0.06_t0.01,False,0.03,0,one_shot,132,-193.389522,-156.269224,37.120299,24.14,116,28,88,90.273801,-283.663323,3.224064,-3.223447,49.9952,5.47,85,28,3,0,39.0612,306.610478,True,0.16
DOGEUSDT,240,RSI14_7030,0.06,0.02,a0.06_t0.02,False,0.03,0,one_shot,132,-195.898256,-158.780085,37.118171,24.14,116,28,88,87.765067,-283.663323,3.134467,-3.223447,50.6998,5.48,85,28,3,0,39.5598,304.101744,True,0.13
DOGEUSDT,240,RSI14_7030,0.06,0.04,a0.06_t0.04,False,0.03,0,one_shot,132,-179.568473,-142.456465,37.112008,24.14,116,28,88,104.09485,-283.663323,3.717673,-3.223447,46.4399,5.78,85,23,8,0,36.3143,320.431527,True,0.19
DOGEUSDT,240,BB_20_25_breakout,0.01,0.01,a0.01_t0.01,False,0.03,0,one_shot,64,-68.353454,-47.907756,20.445697,0.0,64,0,64,0.0,-68.353454,0.0,-1.068023,100.0,0.64,14,50,0,0,13.6854,431.646546,True,0.1
DOGEUSDT,240,BB_20_25_breakout,0.01,0.02,a0.01_t0.02,False,0.03,0,one_shot,64,-74.906779,-54.460049,20.446731,0.0,64,0,64,0.0,-74.906779,0.0,-1.170418,100.0,0.69,14,50,0,0,14.9958,425.093221,True,0.08
DOGEUSDT,240,BB_20_25_breakout,0.01,0.04,a0.01_t0.04,False,0.03,0,one_shot,64,-63.338868,-43.817981,19.520887,19.67,61,12,49,26.081722,-89.420591,2.173477,-1.82491,45.6412,2.05,13,48,0,0,12.6826,436.661132,True,0.08
DOGEUSDT,240,BB_20_25_breakout,0.03,0.01,a0.03_t0.01,False,0.03,0,one_shot,64,-82.66006,-62.820964,19.839095,19.35,62,12,50,13.874915,-96.534975,1.156243,-1.9307,62.5441,1.76,27,35,0,0,16.5462,417.33994,True,0.08
DOGEUSDT,240,BB_20_25_breakout,0.03,0.02,a0.03_t0.02,True,0.03,0,one_shot,64,-83.500039,-63.660176,19.839863,19.35,62,12,50,13.034936,-96.534975,1.086245,-1.9307,63.9952,1.76,27,35,0,0,16.7142,416.499961,True,0.08
DOGEUSDT,240,BB_20_25_breakout,0.03,0.04,a0.03_t0.04,False,0.03,0,one_shot,64,-70.458833,-51.250799,19.208034,23.33,60,14,46,29.88901,-100.347842,2.134929,-2.181475,50.5392,2.55,27,33,0,0,14.1064,429.541167,True,0.08
DOGEUSDT,240,BB_20_25_breakout,0.06,0.01,a0.06_t0.01,False,0.03,0,one_shot,64,-80.110821,-61.222985,18.887836,30.51,59,18,41,43.971356,-124.082177,2.442853,-3.026395,55.3348,3.29,37,22,0,0,16.0365,419.889179,True,0.08
DOGEUSDT,240,BB_20_25_breakout,0.06,0.02,a0.06_t0.02,False,0.03,0,one_shot,64,-80.652126,-61.765103,18.887023,30.51,59,18,41,43.430051,-124.082177,2.412781,-3.026395,55.6407,3.31,37,22,0,0,16.1447,419.347874,True,0.08
DOGEUSDT,240,BB_20_25_breakout,0.06,0.04,a0.06_t0.04,False,0.03,0,one_shot,64,-76.711933,-57.820937,18.890996,30.51,59,18,41,47.370244,-124.082177,2.63168,-3.026395,53.4881,3.47,37,22,0,0,15.3568,423.288067,True,0.08
DOGEUSDT,240,ADX14_DI_20,0.01,0.01,a0.01_t0.01,False,0.03,0,one_shot,244,-243.110775,-164.991781,78.118994,2.87,244,7,237,1.351275,-244.462051,0.193039,-1.031485,84.2356,0.9,39,175,30,0,48.6222,256.889225,True,0.09
DOGEUSDT,240,ADX14_DI_20,0.01,0.02,a0.01_t0.02,False,0.03,0,one_shot,244,-259.395934,-182.558879,76.837055,5.42,240,13,227,7.436425,-266.832359,0.572033,-1.175473,67.2658,1.12,38,173,29,0,51.8792,240.604066,True,0.09
DOGEUSDT,240,ADX14_DI_20,0.01,0.04,a0.01_t0.04,False,0.03,0,one_shot,244,-250.455231,-175.852359,74.602872,22.32,233,52,181,95.427949,-345.883181,1.835153,-1.910957,51.0118,3.06,36,151,46,0,50.4451,249.544769,True,0.09
DOGEUSDT,240,ADX14_DI_20,0.03,0.01,a0.03_t0.01,False,0.03,0,one_shot,244,-311.055834,-234.569851,76.485983,20.92,239,50,189,56.280789,-367.336623,1.125616,-1.94358,63.3254,2.28,81,103,55,0,62.3727,188.944166,True,0.09
DOGEUSDT,240,ADX14_DI_20,0.03,0.02,a0.03_t0.02,True,0.03,0,one_shot,244,-314.149929,-238.297705,75.852225,21.1,237,50,187,48.925901,-363.075831,0.978518,-1.941582,66.4903,2.41,80,103,54,0,63.0937,185.850071,True,0.09
DOGEUSDT,240,ADX14_DI_20,0.03,0.04,a0.03_t0.04,False,0.03,0,one_shot,244,-264.817276,-190.215506,74.60177,23.61,233,55,178,100.545223,-365.362499,1.828095,-2.052598,52.8926,3.31,79,95,59,0,53.2971,235.182724,True,0.09
DOGEUSDT,240,ADX14_DI_20,0.06,0.01,a0.06_t0.01,False,0.03,0,one_shot,244,-231.693956,-158.111359,73.582597,27.83,230,64,166,162.987511,-394.681467,2.54668,-2.377599,48.2832,3.98,88,60,82,0,48.0313,268.306044,True,0.11
DOGEUSDT,240,ADX14_DI_20,0.06,0.02,a0.06_t0.02,False,0.03,0,one_shot,244,-233.920711,-160.339878,73.580832,27.83,230,64,166,160.760756,-394.681467,2.511887,-2.377599,48.6268,3.99,88,60,82,0,48.4735,266.079289,True,0.09
DOGEUSDT,240,ADX14_DI_20,0.06,0.04,a0.06_t0.04,False,0.03,0,one_shot,244,-226.520905,-152.918971,73.601934,27.83,230,64,166,168.160562,-394.681467,2.627509,-2.377599,47.5035,4.19,88,59,83,0,46.7185,273.479095,True,0.09
DOGEUSDT,240,DONCHIAN_55,0.01,0.01,a0.01_t0.01,False,0.03,0,one_shot,18,-14.521006,-8.76454,5.756466,5.56,18,1,17,0.119062,-14.640068,0.119062,-0.86118,87.8538,0.89,3,15,0,0,2.9895,485.478994,True,0.15
DOGEUSDT,240,DONCHIAN_55,0.01,0.02,a0.01_t0.02,False,0.03,0,one_shot,18,-17.820237,-12.063554,5.756683,0.0,18,0,18,0.0,-17.820237,0.0,-0.990013,100.0,1.0,3,15,0,0,3.6488,482.179763,True,0.12
DOGEUSDT,240,DONCHIAN_55,0.01,0.04,a0.01_t0.04,False,0.03,0,one_shot,18,-15.236033,-9.471765,5.764268,16.67,18,3,15,11.000625,-26.236658,3.666875,-1.749111,32.2953,3.67,3,15,0,0,3.4976,484.763967,True,0.13
DOGEUSDT,240,DONCHIAN_55,0.03,0.01,a0.03_t0.01,False,0.03,0,one_shot,18,-27.6592,-21.901497,5.757704,5.56,18,1,17,1.497469,-29.15667,1.497469,-1.715098,53.3871,2.11,8,10,0,0,5.7529,472.3408,True,0.09
DOGEUSDT,240,DONCHIAN_55,0.03,0.02,a0.03_t0.02,True,0.03,0,one_shot,18,-28.240655,-22.482081,5.758574,5.56,18,1,17,0.916014,-29.15667,0.916014,-1.715098,65.1853,2.11,8,10,0,0,5.8689,471.759345,True,0.08
DOGEUSDT,240,DONCHIAN_55,0.03,0.04,a0.03_t0.04,False,0.03,0,one_shot,18,-18.077756,-12.31273,5.765026,16.67,18,3,15,11.000625,-29.078381,3.666875,-1.938559,34.5836,3.94,8,10,0,0,3.8411,481.922244,True,0.08
DOGEUSDT,240,DONCHIAN_55,0.06,0.01,a0.06_t0.01,False,0.03,0,one_shot,18,-25.860123,-20.09377,5.766353,22.22,18,4,14,14.619877,-40.48,3.654969,-2.891429,44.1682,5.44,12,6,0,0,5.6563,474.139877,True,0.09
DOGEUSDT,240,DONCHIAN_55,0.06,0.02,a0.06_t0.02,False,0.03,0,one_shot,18,-25.860123,-20.09377,5.766353,22.22,18,4,14,14.619877,-40.48,3.654969,-2.891429,44.1682,5.44,12,6,0,0,5.6563,474.139877,True,0.08
DOGEUSDT,240,DONCHIAN_55,0.06,0.04,a0.06_t0.04,False,0.03,0,one_shot,18,-23.946708,-18.179426,5.767282,22.22,18,4,14,16.533292,-40.48,4.133323,-2.891429,41.1606,5.67,12,6,0,0,5.2745,476.053292,True,0.08
DOGEUSDT,240,DONCHIAN_PULLBACK_55,0.01,0.01,a0.01_t0.01,False,0.03,0,one_shot,14,-18.203431,-13.727625,4.475806,7.14,14,1,13,0.214956,-18.418388,0.214956,-1.416799,86.8267,0.79,4,10,0,0,3.6407,481.796569,True,0.08
DOGEUSDT,240,DONCHIAN_PULLBACK_55,0.01,0.02,a0.01_t0.02,False,0.03,0,one_shot,14,-18.017671,-13.54048,4.477191,14.29,14,2,12,0.814578,-18.832249,0.407289,-1.569354,79.3949,1.14,4,10,0,0,3.6035,481.982329,True,0.08
DOGEUSDT,240,DONCHIAN_PULLBACK_55,0.01,0.04,a0.01_t0.04,False,0.03,0,one_shot,14,-19.087743,-14.606444,4.481298,14.29,14,2,12,3.599819,-22.687562,1.79991,-1.89063,51.2291,3.71,4,10,0,0,4.0623,480.912257,True,0.08
DOGEUSDT,240,DONCHIAN_PULLBACK_55,0.03,0.01,a0.03_t0.01,False,0.03,0,one_shot,14,-16.573055,-12.088267,4.484789,35.71,14,5,9,4.338195,-20.91125,0.867639,-2.323472,72.8108,3.0,6,8,0,0,3.7836,483.426945,True,0.1
DOGEUSDT,240,DONCHIAN_PULLBACK_55,0.03,0.02,a0.03_t0.02,True,0.03,0,one_shot,14,-16.964367,-12.480166,4.484201,35.71,14,5,9,3.946883,-20.91125,0.789377,-2.323472,74.6413,3.0,6,8,0,0,3.8615,483.035633,True,0.14
DOGEUSDT,240,DONCHIAN_PULLBACK_55,0.03,0.04,a0.03_t0.04,False,0.03,0,one_shot,14,-15.648286,-11.162109,4.486178,28.57,14,4,10,5.880532,-21.528819,1.470133,-2.152882,59.4224,4.57,6,8,0,0,3.5996,484.351714,True,0.15
DOGEUSDT,240,DONCHIAN_PULLBACK_55,0.06,0.01,a0.06_t0.01,False,0.03,0,one_shot,14,-18.722084,-14.238906,4.483178,21.43,14,3,11,8.829166,-27.55125,2.943055,-2.504659,45.9763,4.36,8,6,0,0,4.2113,481.277916,True,0.21
DOGEUSDT,240,DONCHIAN_PULLBACK_55,0.06,0.02,a0.06_t0.02,False,0.03,0,one_shot,14,-18.722084,-14.238906,4.483178,21.43,14,3,11,8.829166,-27.55125,2.943055,-2.504659,45.9763,4.36,8,6,0,0,4.2113,481.277916,True,0.15
DOGEUSDT,240,DONCHIAN_PULLBACK_55,0.06,0.04,a0.06_t0.04,False,0.03,0,one_shot,14,-17.624145,-13.143101,4.481043,21.43,14,3,11,9.927105,-27.55125,3.309035,-2.504659,43.0821,4.86,8,6,0,0,3.9928,482.375855,True,0.1
DOGEUSDT,60,EMA_8_21,0.01,0.01,a0.01_t0.01,False,0.03,0,one_shot,449,-400.882705,-266.149156,134.73355,11.16,421,47,374,11.563217,-412.445922,0.246026,-1.102797,81.76,3.24,46,269,106,0,80.1883,99.117295,False,0.26
DOGEUSDT,60,EMA_8_21,0.01,0.02,a0.01_t0.02,False,0.03,0,one_shot,449,-400.530145,-257.448678,143.081467,15.88,447,71,376,77.075742,-477.605888,1.085574,-1.270228,53.9191,5.63,47,283,117,0,80.2733,99.469855,False,0.27
DOGEUSDT,60,EMA_8_21,0.01,0.04,a0.01_t0.04,False,0.03,0,one_shot,449,-331.179863,-187.498725,143.681138,23.16,449,104,345,283.862628,-615.042491,2.729448,-1.782732,39.5093,11.76,47,218,183,1,66.6302,168.820137,True,0.33
DOGEUSDT,60,EMA_8_21,0.03,0.01,a0.03_t0.01,False,0.03,0,one_shot,449,-400.09348,-265.999168,134.094312,30.07,419,126,293,166.433111,-566.526591,1.320898,-1.933538,59.4124,8.18,78,157,184,0,80.1628,99.90652,False,0.34
DOGEUSDT,60,EMA_8_21,0.03,0.02,a0.03_t0.02,True,0.03,0,one_shot,449,-400.61881,-267.790751,132.82806,29.88,415,124,291,160.79424,-561.41305,1.296728,-1.929254,59.8036,8.63,77,154,184,0,80.2909,99.38119,False,0.3
DOGEUSDT,60,EMA_8_21,0.03,0.04,a0.03_t0.04,False,0.03,0,one_shot,449,-338.491562,-194.805853,143.685708,24.05,449,108,341,289.380592,-627.872153,2.67945,-1.841267,40.7295,12.18,84,150,214,1,68.0803,161.508438,True,0.28
DOGEUSDT,60,EMA_8_21,0.06,0.01,a0.06_t0.01,False,0.03,0,one_shot,449,-291.533716,-147.849523,143.684193,27.84,449,125,324,355.666112,-647.199828,2.845329,-1.99753,41.2469,12.34,93,99,256,1,59.7519,208.466284,True,0.3
DOGEUSDT,60,EMA_8_21,0.06,0.02,a0.06_t0.02,False,0.03,0,one_shot,449,-293.68609,-149.996043,143.690047,27.84,449,125,324,353.513738,-647.199828,2.82811,-1.99753,41.3941,12.49,93,99,256,1,60.1787,206.31391,True,0.26
DOGEUSDT,60,EMA_8_21,0.06,0.04,a0.06_t0.04,False,0.03,0,one_shot,449,-262.417104,-118.71938,143.697724,27.84,449,125,324,384.782724,-647.199828,3.078262,-1.99753,39.3541,13.69,93,97,258,1,53.7811,237.582896,True,0.22
DOGEUSDT,60,MACD_12_26_hist,0.01,0.01,a0.01_t0.01,False,0.03,0,one_shot,743,-400.185701,-248.536759,151.648942,11.81,474,56,418,16.931346,-417.117046,0.302345,-0.997888,76.7468,2.97,42,297,135,0,80.0663,99.814299,False,0.19
DOGEUSDT,60,MACD_12_26_hist,0.01,0.02,a0.01_t0.02,False,0.03,0,one_shot,743,-400.850463,-238.284469,162.565994,19.88,508,101,407,106.897254,-507.747716,1.058389,-1.247537,54.1014,5.32,47,295,166,0,80.2917,99.149537,False,0.23
DOGEUSDT,60,MACD_12_26_hist,0.01,0.04,a0.01_t0.04,False,0.03,0,one_shot,743,-402.932792,-222.796495,180.136296,27.0,563,152,411,297.997172,-700.929964,1.960508,-1.705426,46.5209,8.5,60,189,314,0,80.7057,97.067208,False,0.22
DOGEUSDT,60,MACD_12_26_hist,0.03,0.01,a0.03_t0.01,False,0.03,0,one_shot,743,-400.285109,-240.051053,160.234056,31.54,501,158,343,195.09832,-595.383428,1.234799,-1.735812,58.4328,6.77,82,172,247,0,80.1794,99.714891,False,0.21
DOGEUSDT,60,MACD_12_26_hist,0.03,0.02,a0.03_t0.02,True,0.03,0,one_shot,743,-401.059053,-239.513623,161.54543,31.49,505,159,346,203.475736,-604.534789,1.279722,-1.74721,57.7222,7.28,84,164,257,0,80.3332,98.940947,False,0.21
DOGEUSDT,60,MACD_12_26_hist,0.03,0.04,a0.03_t0.04,False,0.03,0,one_shot,743,-402.71981,-225.45361,177.2662,27.98,554,155,399,300.370509,-703.090319,1.937874,-1.762131,47.6251,8.77,102,125,327,0,80.6633,97.28019,False,0.24
DOGEUSDT,60,MACD_12_26_hist,0.06,0.01,a0.06_t0.01,False,0.03,0,one_shot,743,-400.180021,-214.883209,185.296811,29.71,579,172,407,399.664503,-799.844524,2.323631,-1.96522,45.8216,9.02,129,88,362,0,80.1585,99.819979,False,0.22
DOGEUSDT,60,MACD_12_26_hist,0.06,0.02,a0.06_t0.02,False,0.03,0,one_shot,743,-401.530567,-218.487452,183.043114,29.72,572,170,402,386.529849,-788.060415,2.273705,-1.960349,46.2996,9.05,126,86,360,0,80.4269,98.469433,False,0.22
DOGEUSDT,60,MACD_12_26_hist,0.06,0.04,a0.06_t0.04,False,0.03,0,one_shot,743,-401.198918,-211.717349,189.481569,29.73,592,176,416,419.275358,-820.474276,2.382246,-1.972294,45.2928,9.45,133,74,385,0,80.361,98.801082,False,0.22
DOGEUSDT,60,RSI14_7030,0.01,0.01,a0.01_t0.01,False,0.03,0,one_shot,647,-401.589187,-280.258499,121.330688,17.94,379,68,311,21.592804,-423.181991,0.317541,-1.360714,81.0791,4.47,105,264,10,0,80.3977,98.410813,False,0.29
DOGEUSDT,60,RSI14_7030,0.01,0.02,a0.01_t0.02,False,0.03,0,one_shot,647,-401.204831,-277.950653,123.254178,22.34,385,86,299,88.974981,-490.179812,1.034593,-1.639397,61.309,6.18,107,246,32,0,80.3564,98.795169,False,0.23
DOGEUSDT,60,RSI14_7030,0.01,0.04,a0.01_t0.04,False,0.03,0,one_shot,647,-334.900555,-189.273403,145.627152,36.92,455,168,287,395.430016,-730.330571,2.35375,-2.544706,51.9491,10.82,117,217,120,1,70.2186,165.099445,True,0.22
DOGEUSDT,60,RSI14_7030,0.03,0.01,a0.03_t0.01,False,0.03,0,one_shot,647,-401.385338,-289.668816,111.716522,42.98,349,150,199,204.316391,-605.701729,1.362109,-3.043727,69.084,10.07,180,129,40,0,80.4299,98.614662,False,0.21
DOGEUSDT,60,RSI14_7030,0.03,0.02,a0.03_t0.02,True,0.03,0,one_shot,647,-402.865787,-287.954742,114.911045,43.18,359,155,204,216.426942,-619.292729,1.396303,-3.035749,68.4953,10.43,184,124,51,0,80.7237,97.134213,False,0.23
DOGEUSDT,60,RSI14_7030,0.03,0.04,a0.03_t0.04,False,0.03,0,one_shot,647,-331.974835,-191.52185,140.452986,39.64,439,174,265,419.520883,-751.495718,2.41104,-2.835833,54.0481,11.84,217,95,126,1,69.6846,168.025165,True,0.21
DOGEUSDT,60,RSI14_7030,0.06,0.01,a0.06_t0.01,False,0.03,0,one_shot,647,-296.931587,-160.617812,136.313776,41.31,426,176,250,505.028129,-801.959716,2.869478,-3.207839,52.7838,13.45,240,56,129,1,66.9767,203.068413,True,0.22
DOGEUSDT,60,RSI14_7030,0.06,0.02,a0.06_t0.02,False,0.03,0,one_shot,647,-297.248348,-160.937635,136.310713,41.31,426,176,250,504.711368,-801.959716,2.867678,-3.207839,52.7994,13.46,240,53,132,1,67.1165,202.751652,True,0.21
DOGEUSDT,60,RSI14_7030,0.06,0.04,a0.06_t0.04,False,0.03,0,one_shot,647,-271.468847,-135.184102,136.284745,41.31,426,176,250,530.490869,-801.959716,3.014153,-3.207839,51.5565,13.62,240,38,147,1,64.3945,228.531153,True,0.22
DOGEUSDT,60,BB_20_25_breakout,0.01,0.01,a0.01_t0.01,False,0.03,0,one_shot,270,-275.776793,-190.344508,85.432285,7.12,267,19,248,3.544866,-279.321659,0.186572,-1.126297,85.789,4.47,59,202,6,0,55.1554,224.223207,True,0.2
DOGEUSDT,60,BB_20_25_breakout,0.01,0.02,a0.01_t0.02,False,0.03,0,one_shot,270,-252.845162,-171.894703,80.950459,16.6,253,42,211,36.909187,-289.754349,0.87879,-1.373243,60.9779,6.0,55,193,5,0,50.569,247.154838,True,0.16
DOGEUSDT,60,BB_20_25_breakout,0.01,0.04,a0.01_t0.04,False,0.03,0,one_shot,270,-231.123372,-160.719732,70.40364,23.18,220,51,169,133.128547,-364.251918,2.610364,-2.155337,45.226,13.07,50,159,11,0,46.9126,268.876628,True,0.17
DOGEUSDT,60,BB_20_25_breakout,0.03,0.01,a0.03_t0.01,False,0.03,0,one_shot,270,-293.48417,-217.915565,75.568605,33.47,236,79,157,102.325162,-395.809332,1.295255,-2.521079,66.0602,11.36,106,115,15,0,58.9064,206.51583,True,0.16
DOGEUSDT,60,BB_20_25_breakout,0.03,0.02,a0.03_t0.02,True,0.03,0,one_shot,270,-293.950755,-218.702694,75.248061,33.19,235,78,157,101.858577,-395.809332,1.305879,-2.521079,65.8768,11.73,106,114,15,0,58.9997,206.049245,True,0.19
DOGEUSDT,60,BB_20_25_breakout,0.03,0.04,a0.03_t0.04,False,0.03,0,one_shot,270,-236.441558,-166.970263,69.471296,26.27,217,57,160,154.742984,-391.184542,2.714789,-2.444903,47.3847,15.29,102,99,16,0,49.6116,263.558442,True,0.24
DOGEUSDT,60,BB_20_25_breakout,0.06,0.01,a0.06_t0.01,False,0.03,0,one_shot,270,-251.816804,-184.241587,67.575217,26.54,211,56,155,204.422933,-456.239738,3.65041,-2.943482,44.6395,18.16,125,62,24,0,51.6379,248.183196,True,0.2
DOGEUSDT,60,BB_20_25_breakout,0.06,0.02,a0.06_t0.02,False,0.03,0,one_shot,270,-262.589524,-195.025246,67.564278,26.07,211,55,156,196.965714,-459.555238,3.581195,-2.945867,45.1331,18.27,126,61,24,0,53.8295,237.410476,True,0.21
DOGEUSDT,60,BB_20_25_breakout,0.06,0.04,a0.06_t0.04,False,0.03,0,one_shot,270,-243.53076,-177.879154,65.651606,25.37,205,52,153,203.483285,-447.014045,3.91314,-2.92166,42.7468,19.54,123,59,23,0,51.2756,256.46924,True,0.21
DOGEUSDT,60,ADX14_DI_20,0.01,0.01,a0.01_t0.01,False,0.03,0,one_shot,941,-400.105386,-229.202763,170.902623,12.36,534,66,468,16.603235,-416.708621,0.251564,-0.890403,77.971,2.51,33,305,196,0,80.0318,99.894614,False,0.21
DOGEUSDT,60,ADX14_DI_20,0.01,0.02,a0.01_t0.02,False,0.03,0,one_shot,941,-401.015091,-225.928037,175.087055,15.9,547,87,460,83.055481,-484.070572,0.954661,-1.052327,52.4332,4.3,35,282,230,0,80.314,98.984909,False,0.22
DOGEUSDT,60,ADX14_DI_20,0.01,0.04,a0.01_t0.04,False,0.03,0,one_shot,941,-401.193406,-194.818535,206.374871,23.72,645,153,492,305.311051,-706.504457,1.995497,-1.435985,41.8474,7.18,53,184,408,0,80.3495,98.806594,False,0.22
DOGEUSDT,60,ADX14_DI_20,0.03,0.01,a0.03_t0.01,False,0.03,0,one_shot,941,-401.554782,-221.393692,180.16109,25.75,563,145,418,173.499161,-575.053943,1.196546,-1.375727,53.4829,5.48,59,153,351,0,80.4213,98.445218,False,0.2
DOGEUSDT,60,ADX14_DI_20,0.03,0.02,a0.03_t0.02,True,0.03,0,one_shot,941,-400.683338,-220.196459,180.486879,25.53,564,144,420,178.234981,-578.918319,1.237743,-1.378377,52.6878,5.85,60,153,351,0,80.248,99.316662,False,0.2
DOGEUSDT,60,ADX14_DI_20,0.03,0.04,a0.03_t0.04,False,0.03,0,one_shot,941,-400.157562,-194.413507,205.744055,24.88,643,160,483,313.883747,-714.041309,1.961773,-1.478346,42.9737,7.39,88,122,433,0,80.1435,99.842438,False,0.24
DOGEUSDT,60,ADX14_DI_20,0.06,0.01,a0.06_t0.01,False,0.03,0,one_shot,941,-401.437896,-181.84259,219.595306,25.66,686,176,510,407.286593,-808.724488,2.314128,-1.585734,40.6613,7.38,105,93,488,0,80.3981,98.562104,False,0.21
DOGEUSDT,60,ADX14_DI_20,0.06,0.02,a0.06_t0.02,False,0.03,0,one_shot,941,-400.128162,-181.806218,218.321944,25.81,682,176,506,402.355375,-802.483537,2.28611,-1.585936,40.9586,7.43,105,93,484,0,80.2781,99.871838,False,0.23
DOGEUSDT,60,ADX14_DI_20,0.06,0.04,a0.06_t0.04,False,0.03,0,one_shot,941,-400.877059,-178.388725,222.488333,25.47,695,177,518,420.486583,-821.363642,2.37563,-1.585644,40.0286,7.91,106,82,507,0,80.2865,99.122941,False,0.23
DOGEUSDT,60,DONCHIAN_55,0.01,0.01,a0.01_t0.01,False,0.03,0,one_shot,69,-63.185861,-41.116964,22.068897,7.25,69,5,64,1.608828,-64.79469,0.321766,-1.012417,75.8829,4.13,13,56,0,0,12.6904,436.814139,True,0.17
DOGEUSDT,60,DONCHIAN_55,0.01,0.02,a0.01_t0.02,False,0.03,0,one_shot,69,-60.713701,-38.651328,22.062374,18.84,69,13,56,9.148754,-69.862455,0.70375,-1.247544,63.9342,5.46,13,56,0,0,12.1963,439.286299,True,0.17
DOGEUSDT,60,DONCHIAN_55,0.01,0.04,a0.01_t0.04,False,0.03,0,one_shot,69,-28.77604,-6.709077,22.066963,37.68,69,26,43,67.409334,-96.185374,2.592667,-2.236869,46.3164,16.7,13,56,0,0,7.1259,471.22396,True,0.18
DOGEUSDT,60,DONCHIAN_55,0.03,0.01,a0.03_t0.01,False,0.03,0,one_shot,69,-54.44277,-32.390034,22.052736,43.48,69,30,39,41.325283,-95.768053,1.377509,-2.455591,64.0628,11.62,28,41,0,0,11.4402,445.55723,True,0.2
DOGEUSDT,60,DONCHIAN_55,0.03,0.02,a0.03_t0.02,True,0.03,0,one_shot,69,-56.024649,-33.971797,22.052852,43.48,69,30,39,39.743404,-95.768053,1.32478,-2.455591,64.9563,12.28,28,41,0,0,11.7259,443.975351,True,0.19
DOGEUSDT,60,DONCHIAN_55,0.03,0.04,a0.03_t0.04,False,0.03,0,one_shot,69,-28.022327,-5.963072,22.059255,40.58,69,28,41,71.814572,-99.836899,2.564806,-2.435046,48.7024,18.54,28,41,0,0,7.57,471.977673,True,0.18
DOGEUSDT,60,DONCHIAN_55,0.06,0.01,a0.06_t0.01,False,0.03,0,one_shot,69,-36.765096,-14.677227,22.087869,37.68,69,26,43,91.763015,-128.52811,3.529347,-2.989026,45.8554,25.42,37,29,3,0,9.6301,463.234904,True,0.2
DOGEUSDT,60,DONCHIAN_55,0.06,0.02,a0.06_t0.02,False,0.03,0,one_shot,69,-38.619427,-16.53338,22.086047,37.68,69,26,43,89.908683,-128.52811,3.458026,-2.989026,46.3627,25.48,37,29,3,0,9.9401,461.380573,True,0.19
DOGEUSDT,60,DONCHIAN_55,0.06,0.04,a0.06_t0.04,False,0.03,0,one_shot,69,-19.719691,2.351126,22.070818,37.68,69,26,43,108.808419,-128.52811,4.184939,-2.989026,41.6649,28.52,37,29,3,0,9.8263,480.280309,True,0.17
DOGEUSDT,60,DONCHIAN_PULLBACK_55,0.01,0.01,a0.01_t0.01,False,0.03,0,one_shot,54,-67.779871,-50.498675,17.281196,9.26,54,5,49,1.031678,-68.81155,0.206336,-1.404317,87.1893,3.63,17,37,0,0,13.6753,432.220129,True,0.17
DOGEUSDT,60,DONCHIAN_PULLBACK_55,0.01,0.02,a0.01_t0.02,False,0.03,0,one_shot,54,-64.641318,-47.359772,17.281546,22.22,54,12,42,9.202709,-73.844027,0.766892,-1.758191,69.629,6.52,17,37,0,0,13.4393,435.358682,True,0.18
DOGEUSDT,60,DONCHIAN_PULLBACK_55,0.01,0.04,a0.01_t0.04,False,0.03,0,one_shot,54,-63.47899,-46.18735,17.29164,20.37,54,11,43,36.044761,-99.523751,3.276796,-2.314506,41.3948,19.41,17,37,0,0,13.2837,436.52101,True,0.19
DOGEUSDT,60,DONCHIAN_PULLBACK_55,0.03,0.01,a0.03_t0.01,False,0.03,0,one_shot,54,-53.574799,-36.300318,17.274481,44.44,54,24,30,37.275524,-90.850323,1.553147,-3.028344,66.0995,13.8,27,27,0,0,11.8785,446.425201,True,0.21
DOGEUSDT,60,DONCHIAN_PULLBACK_55,0.03,0.02,a0.03_t0.02,True,0.03,0,one_shot,54,-53.969814,-36.697692,17.272123,44.44,54,24,30,36.880508,-90.850323,1.536688,-3.028344,66.3379,14.69,27,27,0,0,12.042,446.030186,True,0.2
DOGEUSDT,60,DONCHIAN_PULLBACK_55,0.03,0.04,a0.03_t0.04,False,0.03,0,one_shot,54,-54.738415,-37.445362,17.293053,24.07,54,13,41,43.155779,-97.894194,3.319675,-2.387663,41.835,21.69,27,27,0,0,12.8013,445.261585,True,0.21
DOGEUSDT,60,DONCHIAN_PULLBACK_55,0.06,0.01,a0.06_t0.01,False,0.03,0,one_shot,54,-36.921932,-19.67001,17.251922,37.04,54,20,34,74.00963,-110.931562,3.700481,-3.262693,46.8564,30.63,33,20,1,0,11.2509,463.078068,True,0.19
DOGEUSDT,60,DONCHIAN_PULLBACK_55,0.06,0.02,a0.06_t0.02,False,0.03,0,one_shot,54,-35.024924,-17.769387,17.255536,37.04,54,20,34,75.906638,-110.931562,3.795332,-3.262693,46.2267,30.87,33,20,1,0,10.8459,464.975076,True,0.19
DOGEUSDT,60,DONCHIAN_PULLBACK_55,0.06,0.04,a0.06_t0.04,False,0.03,0,one_shot,54,-23.727007,-6.477567,17.24944,37.04,54,20,34,87.204554,-110.931562,4.360228,-3.262693,42.8011,33.15,33,20,1,0,10.3274,476.272993,True,0.24
