event_id,exchange,symbol,base,contract_type,announcement_cluster_id,day_batch_cluster_id,announcement_ts,first_publicly_observable_ts,effective_ts,notice_duration_h,follower_event,migration_flag,index_contract,spot_also_delisted_same_article,observability_lag_s,beta,beta_n,p0,cr_1m,car_1m,cr_5m,car_5m,cr_15m,car_15m,cr_30m,car_30m,cr_1h,car_1h,cr_4h,car_4h,cr_12h,car_12h,cr_24h,car_24h,cr_72h,car_72h,car_eff-1h,car_eff-1m,first_trade_lag_s,car_firsttrade,car_pre7d,car_pre1d,car_pre1h,short_mfe,short_mae,entry_lag_s_10s,car_pre_entry_10s,short_10s_+1h,shortab_10s_+1h,short_10s_+4h,shortab_10s_+4h,short_10s_+24h,shortab_10s_+24h,short_10s_+72h,shortab_10s_+72h,short_10s_mid,shortab_10s_mid,short_10s_eff-24h,shortab_10s_eff-24h,short_10s_eff-1h,shortab_10s_eff-1h,entry_lag_s_30s,car_pre_entry_30s,short_30s_+1h,shortab_30s_+1h,short_30s_+4h,shortab_30s_+4h,short_30s_+24h,shortab_30s_+24h,short_30s_+72h,shortab_30s_+72h,short_30s_mid,shortab_30s_mid,short_30s_eff-24h,shortab_30s_eff-24h,short_30s_eff-1h,shortab_30s_eff-1h,entry_lag_s_60s,car_pre_entry_60s,short_60s_+1h,shortab_60s_+1h,short_60s_+4h,shortab_60s_+4h,short_60s_+24h,shortab_60s_+24h,short_60s_+72h,shortab_60s_+72h,short_60s_mid,shortab_60s_mid,short_60s_eff-24h,shortab_60s_eff-24h,short_60s_eff-1h,shortab_60s_eff-1h,entry_lag_s_bar1m,car_pre_entry_bar1m,short_bar1m_+1h,shortab_bar1m_+1h,short_bar1m_+4h,shortab_bar1m_+4h,short_bar1m_+24h,shortab_bar1m_+24h,short_bar1m_+72h,shortab_bar1m_+72h,short_bar1m_mid,shortab_bar1m_mid,short_bar1m_eff-24h,shortab_bar1m_eff-24h,short_bar1m_eff-1h,shortab_bar1m_eff-1h,entry_lag_s_bar5m,car_pre_entry_bar5m,short_bar5m_+1h,shortab_bar5m_+1h,short_bar5m_+4h,shortab_bar5m_+4h,short_bar5m_+24h,shortab_bar5m_+24h,short_bar5m_+72h,shortab_bar5m_+72h,short_bar5m_mid,shortab_bar5m_mid,short_bar5m_eff-24h,shortab_bar5m_eff-24h,short_bar5m_eff-1h,shortab_bar5m_eff-1h,fund_short_bar5m_+1h,fund_short_bar5m_+4h,fund_short_bar5m_+24h,fund_short_bar5m_+72h,fund_short_bar5m_mid,fund_short_bar5m_eff-24h,fund_short_bar5m_eff-1h,drift_ann+4h->eff-1h,drift_ann+24h->eff-1h,drift_eff-24h->eff-1h,drift_eff-1h->eff-1m,fund_pre3d_mean,fund_post_mean,qv_pre24h,qv_post24h,qv_last24h,qv_pre7d_daily,flow_imb_pre24h,flow_imb_ann_1h,flow_imb_post4h_to_eff,flow_imb_last24h,hl1m_pre24h_bp,hl1m_post1h_bp,hl1m_last24h_bp,ret1m_max_abs_post_bp,bs_gap_pre10m_bp,bs_gap_post2h_bp,oi_vs_3d,oi_norm_1h,oi_norm_4h,oi_norm_24h,oi_norm_eff-24h,oi_norm_eff-1h,spot_car_1h,perp_car_1h,spot_car_24h,perp_car_24h,spot_car_eff-1h,perp_car_eff-1h,basis_bp_pre,basis_bp_24h,basis_bp_eff-24h,basis_bp_eff-1h,perp_minus_spot_24h_to_eff-1h,ctrl_symbols,ctrl_short_60s_+1h,ctrl_short_60s_+4h,ctrl_short_60s_+24h,ctrl_short_60s_+72h,ctrl_short_60s_mid,ctrl_short_60s_eff-24h,ctrl_short_60s_eff-1h,ctrl_short_bar5m_+1h,ctrl_short_bar5m_+4h,ctrl_short_bar5m_+24h,ctrl_short_bar5m_+72h,ctrl_short_bar5m_mid,ctrl_short_bar5m_eff-24h,ctrl_short_bar5m_eff-1h,ctrl_drift_ann+24h->eff-1h,ctrl_drift_eff-24h->eff-1h
BINANCE-202403190505-BLUEBIRDUSDT,binance,BLUEBIRDUSDT,BLUEBIRD,linear_perp,BINANCE-195125,BINANCE-B002,2024-03-19 05:05:02.006000+00:00,2024-03-19 05:05:02.006000+00:00,2024-03-26 09:00:00+00:00,171.91610944444443,False,False,True,False,0.0,1.252445539976481,479.0,13.961,0.0019320911946183982,0.003238803621903919,-0.0025819421931631086,0.0032495608032748293,-0.004450832903889948,0.0016991505611044233,-0.0017205538691384193,0.006943662015297185,-0.005530630006971042,0.003448941287058027,-0.040863778455532,0.00280642418984825,0.007848213799607717,0.011741802268844364,-0.05015919770954326,0.02973525554639775,0.10457229591868997,0.09352372784878174,0.07813692823271139,0.10217639461501928,4.6850000000000005,-0.00021490741155105763,0.0083792690588579,-0.038249451046492015,-0.004969003238061752,0.0607465144021307,-0.19654518749384495,10.0,0.0006444452623595854,0.006175075269330618,-0.002804496024698451,0.04150822371789156,-0.002161978927488685,0.050803642971902846,-0.029090810284038163,-0.10392785065633037,-0.09287928258642214,-0.054195307103027536,-0.0900957221199837,-0.13885897966221003,-0.11161994886902787,-0.16675119203628588,-0.07749248297035187,30.0,0.0,0.005530630006971042,-0.003448941287058027,0.040863778455532,-0.00280642418984825,0.05015919770954326,-0.02973525554639775,-0.10457229591868997,-0.09352372784878174,-0.05483975236538702,-0.0907401673823432,-0.13950342492456974,-0.11226439413138758,-0.1673956372986454,-0.07813692823271139,60.0,0.003238803621903919,0.011938293531926835,0.005318872752452776,0.05269397085701323,0.007129336341006112,0.05209128890416178,-0.026496451924493576,-0.10264020472407154,-0.09028492422687773,-0.05290766117076856,-0.08750136376043909,-0.13757133372995115,-0.10902559050948357,-0.1654635461040268,-0.0748981246108071,117.994,0.0015024598572256891,0.010438132421441954,0.003405623444502976,0.053164512885169934,0.006557524685666054,0.050374058945822024,-0.028232795689171898,-0.1043574346824113,-0.0920212679915561,-0.05462489112910843,-0.08923770752511762,-0.13928856368829093,-0.11076193427416181,-0.16718077606236662,-0.0766344683754856,597.994,0.00011685946257416167,-0.007627033663045835,-0.0025259233849448132,0.031550672745337766,0.002213098573184198,0.04181562632595754,-0.02961839608382357,-0.11291586730227571,-0.09340686838620767,-0.06318332374897274,-0.090623307919769,-0.14784699630815545,-0.1121475346688136,-0.17573920868223103,-0.07802006877013716,0.0,0.0001,0.00032763,0.00092763,0.0011276300000000001,0.00369824,0.008062290000000001,0.07533050404286293,0.04840167268631357,-0.03412746589867622,0.024039466382307965,0.00013051444444444444,0.0003664677272727273,2255104.3894,2946274.6725,1604383.864,2973825.606785714,-0.08001806011650339,-0.1264918268479256,0.007252339388092125,0.008341831590497721,15.584050756168027,27.178655945264495,9.324009999511908,168.27176686238232,0.7938068516015454,1.488434485559145,0.9031748827620292,1.083141200262072,1.0234191123401117,0.9541616491419118,0.8853547549539647,0.7951641892942394,,,,,,,,,,,,"OXTUSDT,ONGUSDT,COMBOUSDT,BALUSDT,ETHWUSDT",0.019641287624835968,0.06250172108411789,0.07377494871616364,-0.08151574432849884,-0.0318714864552021,-0.102955162525177,-0.1791658103466034,-0.005181602202355862,0.0417005829513073,0.06041521579027176,-0.09487549960613251,-0.04523124545812607,-0.11631492525339127,-0.19252553582191467,0.2529407739639282,0.0762106403708458
BINANCE-202403190505-FOOTBALLUSDT,binance,FOOTBALLUSDT,FOOTBALL,linear_perp,BINANCE-195125,BINANCE-B002,2024-03-19 05:05:02.006000+00:00,2024-03-19 05:05:02.006000+00:00,2024-03-26 09:00:00+00:00,171.91610944444443,False,False,True,False,0.0,0.5053217420647618,479.0,533.44,-0.006979156784093671,-0.006451940087592846,-0.004980136769408184,-0.0026273117091894114,-0.01025031585616783,-0.0077689941068334895,-0.006111166692613826,-0.0026154325272541115,-0.004189176276194043,-0.0005662062831205674,-0.032019648577511474,-0.014400117689566349,0.042248690762110123,0.04381962925432982,0.015402663224741387,0.04763752135786383,0.07870361759279958,0.07424587353431383,0.14035766110451892,0.13840146680061594,1.6720000000000002,1.874607504117207e-05,-0.06772002389892601,-0.11544970894553887,-0.01901836121891015,0.041956091768789436,-0.19570379926098738,10.0,0.0006371694898948396,0.004826345766088945,0.0012033757730154698,0.03265681806740647,0.015037287179461348,-0.014765493734846508,-0.04700035186796895,-0.07806644810290476,-0.07360870404441902,-0.08026461256946721,-0.09474928250374387,-0.1404019622001634,-0.12941188394668104,-0.17573352764691047,-0.13972049161462397,30.0,-0.004980136769408184,-0.0007909604932141837,-0.004413930486287659,0.02703951180810332,0.009419980920158194,-0.02038279999414962,-0.052617658127272066,-0.08368375436220787,-0.07922601030372213,-0.08588191882877037,-0.10036658876304703,-0.14601926845946647,-0.1350291902059841,-0.1813508339062136,-0.1453377978739271,60.0,-0.007226218961079726,-0.0001322364010955915,-0.0028029611016732537,0.030245768293035553,0.011861894699134404,-0.0231560988823219,-0.05486374031894345,-0.08645705325038003,-0.08147209249539343,-0.08865521771694272,-0.1026126709547185,-0.14879256734763888,-0.13727527239765575,-0.1841241327943859,-0.1475838800655985,117.994,-0.006195401235330065,0.0009062931345556556,-0.001931099449699635,0.034951807450551986,0.016147377463274968,-0.022117569346670588,-0.05383292259319382,-0.08541852371472898,-0.08044127476964406,-0.08761668818129144,-0.10158185322896893,-0.1477540378119876,-0.13624445467190607,-0.1830856032587348,-0.14655306233984913,597.994,-0.005663248899111893,-0.008476702291330017,-0.0064185673466019,0.02925352554859992,0.017416752119788645,-0.024479425540077603,-0.05330077025697577,-0.08778037990813578,-0.0799091224334258,-0.08997854437469832,-0.1010497008927507,-0.15011589400539455,-0.13571230233568798,-0.18544745945214158,-0.14602091000363082,0.0,0.00051022,0.0007102200000000001,0.00534509,0.00691498,0.013487159999999998,0.015689429999999997,0.15475777879408525,0.09272013974665513,0.010308607667942896,-0.00195619430390302,0.0004627733333333334,0.0007131559090909089,5980653.8354,10013766.296400001,4821155.9343,7421787.471814285,-0.06846255534410405,0.08220360249197378,-0.012448025824582317,-0.033374187122898274,13.37932292074827,22.334348892257324,10.641086712487118,130.84849417339228,2.9342544281227387,3.2642982908524263,1.0799629018880745,1.0088543456151184,1.0286101731619026,0.9010269762472505,0.5494804784174204,0.4489989268596384,,,,,,,,,,,,"OXTUSDT,ONGUSDT,COMBOUSDT,BALUSDT,ETHWUSDT",0.019641287624835968,0.06250172108411789,0.07377494871616364,-0.08151574432849884,-0.0318714864552021,-0.102955162525177,-0.1791658103466034,-0.005181602202355862,0.0417005829513073,0.06041521579027176,-0.09487549960613251,-0.04523124545812607,-0.11631492525339127,-0.19252553582191467,0.2529407739639282,0.0762106403708458
BYBIT-202403190836-STRAXUSDT,bybit,STRAXUSDT,STRAX,linear_perp,BYBIT-bltb8cab042a75047dd,BYBIT-B005,2024-03-19 08:36:48+00:00,2024-03-19 08:36:48+00:00,2024-03-20 06:00:00+00:00,21.386666666666667,False,True,False,False,0.0,0.8737184538904068,479.0,1.331,0.0,-0.0004084756252863739,-0.0067847979834799125,-0.0023678937740108826,-0.00981510333265906,-0.0010867907018187115,-0.007541513872786349,0.005769840650288609,0.00524542229306213,0.008779892398464103,0.020082489723529877,0.026928291156924432,0.07034432450441795,0.06958335179378257,,,,,0.022805145458114483,0.03253844132812101,27.422,0.0003425570799365988,-0.0681140745290859,-0.05832547563448841,-0.008893149833995901,0.021374859584733612,-0.14330223322951222,10.0,0.0007510327052229727,-0.004494389587839267,-0.008028859693241241,-0.01933145701830694,-0.026177258451701498,,,,,-0.08004270767353636,-0.07008288963339178,,,0.011325149357053513,-0.02205411275289157,30.0,0.0003425570799365988,-0.007479466431292653,-0.013369056384745014,-0.020803127629763326,-0.0277472484126801,,,,,-0.08004270767353636,-0.07049136525867829,,,0.011325149357053513,-0.02246258837817803,60.0,0.002592276813951868,-0.005229746697277343,-0.011119336650729703,-0.018553407895747834,-0.02549752867866461,,,,,-0.07779298793952102,-0.06824164552466296,,,0.013574869091068874,-0.020212868644162666,72.0,0.0024230248060931807,-0.0022463506263740154,-0.007843695233612929,-0.020772260233888642,-0.02818247732896364,,,,,-0.07854233229830174,-0.0684108975325215,,,0.01282552473228807,-0.02038212065202121,492.0,0.0015095814568581558,-0.009770840604989495,-0.010405173823231006,-0.026091677654190057,-0.025294608768368945,,,,,-0.08606682227691725,-0.0693243408817567,,,0.005301034753672518,-0.021295564001256435,0.0,0.0,,,0.0001,,0.0002,-0.004123145698810098,,,0.009733295870006424,0.0006851733333333335,0.0001,8466374.561999999,8119081.568999999,9187460.191,10635412.245000001,-0.09740351811285711,-0.0074914686110381596,0.033506707822142885,0.020982676277481307,20.47083621724823,37.59403455228182,22.82237582466445,277.98871362743006,5.003752919012798,6.51980484858852,0.847062572226801,0.9709508265197703,0.8720179176615228,0.0,,0.6656596998564399,0.007278390614867256,0.008779892398464103,0.08132093025899766,0.012222004698550093,0.09871454002108893,0.022805145458114483,-22.53098962909091,-706.0042734404448,-7.291287235162794,-774.1089634657134,,"ONGUSDT,COMBOUSDT,OXTUSDT,BALUSDT,ETHWUSDT",0.009259043261408806,-0.016522299498319626,,,-0.04184245690703392,,0.04041413217782974,0.0016631840262562037,-0.03332017734646797,,,-0.05447131395339966,,0.0277852825820446,,-0.058688580989837646
BINANCE-202403250440-ANTUSDT,binance,ANTUSDT,ANT,linear_perp,BINANCE-195588,BINANCE-B004,2024-03-25 04:40:12.437000+00:00,2024-03-25 04:40:12.437000+00:00,2024-04-01 09:00:00+00:00,172.3298786111111,False,False,False,False,0.0,1.0874483269221609,479.0,8.785,-0.004449268648331605,-0.005086715698938839,-0.00011383687188568393,-0.0005770317150315998,0.0040895206375693525,0.0011684028160079082,0.00804947376727522,0.003997161847399291,0.006806605972688205,0.004410452887430654,-0.0034207559012452895,-0.0006989334220723125,0.03972406703262106,-0.006618991014493425,0.0465924505340589,-0.0048342423951144575,0.015698554931225565,-0.022452201783219203,-0.01148267871037786,-0.014762705906488014,6.196,-0.00022768670408025463,-0.021438107733974372,-0.008566398900778247,-0.0007830631868784551,0.01587969622392236,-0.05383454866642506,10.0,-0.0014808910834186967,-0.008287497056106813,-0.005891343970849262,0.0019398648178264805,-0.0007819576613464965,-0.04807334161747763,0.003353351311695729,-0.017179446014644183,0.020971310699800585,-0.027435946181833374,0.0223358506834925,-0.04491756338499232,0.0020935564259366712,-0.025881944315099208,0.010001787626959198,30.0,-0.003534982870356967,-0.010341588843045075,-0.007945435757787524,-0.00011422696911180651,-0.0028360494482847836,-0.05012743340441596,0.0012992595247574013,-0.019233537801582563,0.018917218912862205,-0.029490037968771733,0.02028175889655414,-0.04697165517193054,3.9464638998454316e-05,-0.027936036102037428,0.007947695840020978,60.0,-0.002232343720423126,-0.008062270434806885,-0.006425985253030229,0.0012549200209445578,-0.0015154446833007748,-0.04818734720387476,0.00260189867469144,-0.017293451601041336,0.020219858062796206,-0.027549951768230434,0.021584398046488235,-0.04503156897138935,0.0013421037889324652,-0.025995949901496406,0.009250334989954926,107.563,-0.0010947748917193314,-0.006471779613799025,-0.005025295991970761,0.0018241938703580695,-0.0016426104781750175,-0.04727566622904775,0.003739467503395294,-0.016381770626214376,0.021357426891499803,-0.02663827079340342,0.0227219668751921,-0.04411988799656232,0.0024796726176360973,-0.025084268926669293,0.010387903818658565,587.563,0.003269074195723564,0.00011334655721985664,-0.00038832176068376447,0.008422540115840203,0.0008406266287656018,-0.042276223933151745,0.008103316590838246,-0.011382328330318232,0.02572127597894305,-0.021638828497507437,0.027085815962634895,-0.039120445700666334,0.006843521705079146,-0.02008482663077339,0.014751752906101558,0.0,0.0001,0.00030000000000000003,0.00162496,0.00257597,0.00657136,0.00769713,-0.010783745288305585,-0.0066484363152633855,-0.007908231201022596,-0.0032800271961103133,0.0001,0.00034986954545454546,2929728.2733,5082316.0555,4359249.1357,5288361.543242856,0.04236600883132148,0.015553908139944178,-0.01842387487973355,-0.05116002493952162,7.043907311672739,14.131305366846458,5.457621703985706,89.84786407815193,-0.568714988637541,2.171290988977303,1.0531285906001266,1.0846373930496018,1.0389105257670987,1.0037521272937118,0.7847919151104501,0.6479590129043991,,,,,,,,,,,,"OXTUSDT,COMBOUSDT,DODOXUSDT,XVGUSDT,BALUSDT",-0.011575213633477688,0.0068479375913739204,-0.0475437194108963,-0.01736362837255001,-0.02118173986673355,-0.04841962084174156,-0.04385362192988396,-0.003925134427845478,0.00716732582077384,-0.049655381590127945,-0.019475305452942848,-0.023293429985642433,-0.0505312904715538,-0.04596531391143799,-0.0036900811828672886,-0.004565996117889881
BINANCE-202403250440-CTKUSDT,binance,CTKUSDT,CTK,linear_perp,BINANCE-195588,BINANCE-B004,2024-03-25 04:40:12.437000+00:00,2024-03-25 04:40:12.437000+00:00,2024-04-01 09:00:00+00:00,172.3298786111111,False,False,False,False,0.0,1.171934950353521,479.0,0.9784,-0.008931839062462104,-0.00961881099401197,-0.026618525660229004,-0.027117707287592042,-0.026933469760254857,-0.030081536647145603,-0.027143487612544176,-0.03151063394130644,-0.0333589408587756,-0.035941257165205256,-0.041955438478604924,-0.03902215069560849,-0.043769062488819434,-0.0937126304608202,-0.06437500220989098,-0.11979716557408232,-0.022010705171101944,-0.0631254911054707,-0.01573554019504206,0.0010030023927734,6.454,-0.0002044362677058902,0.018488122367860557,-0.040805391637512914,-0.006519479872691656,0.07175521061742969,-0.14446789785220648,10.0,0.0,0.0333589408587756,0.035941257165205256,0.041955438478604924,0.03902215069560849,0.06437500220989098,0.11979716557408232,0.022010705171101944,0.0631254911054707,0.02861484888692378,0.08225354310742296,-0.0696740240233344,-0.01901049087172369,-0.02293609005247538,0.01573554019504206,30.0,-0.0048153363882521465,0.028543604470523544,0.0311259207769532,0.037140102090352824,0.03420681430735639,0.059559665821638894,0.11498182918583023,0.017195368782849794,0.058310154717218544,0.02379951249867176,0.07743820671917094,-0.07448936041158667,-0.023825827259975958,-0.027751426440727613,0.01092020380678983,60.0,-0.007352637795087572,0.02595382532334676,0.02771723765825478,0.03560958499453213,0.032623983617664776,0.05770933634635325,0.1124445277789948,0.015345039307564184,0.05577285331038308,0.02194918302338603,0.07490090531233537,-0.07633968988687213,-0.02636312866681123,-0.02960175591601323,0.008382902399954519,107.563,-0.01527082403880243,0.01631494041929514,0.01787380502882783,0.027661226184966144,0.023925076998381103,0.049547712447473934,0.1045263415352801,0.00718341540868481,0.047854667066668105,0.013787559124506707,0.06698271906862067,-0.08450131378575147,-0.0342813149105262,-0.037763379814892487,0.00046471615623954604,587.563,-0.030269368491767035,0.001790510773788233,0.0012498665696628467,0.014094441978847289,0.0059234703693654845,0.03523414205419795,0.08952779708231551,-0.007130154984591049,0.0328561226137038,-0.000526011268769182,0.051984174615656034,-0.09881488417902745,-0.04927985936349068,-0.05207695020816854,-0.01453382829672497,0.0,0.00016293,0.00036292999999999997,-0.0005235599999999998,-0.00032355999999999986,0.00286519,0.00584067,0.023286610500566594,0.10406162537904051,-0.03474603106676582,0.01673854258781548,0.0001374622222222222,0.000265485,6394359.2952000005,17869035.2857,7883931.3738,13429616.231685715,-0.05057273904560689,-0.1368072898042725,-0.04728299438722992,-0.056412924100026886,10.475593288745413,23.116673626756395,11.356109860520219,227.1682771518062,0.6812685222518224,2.028459151077309,0.8935497321741974,1.035630445404598,1.1224428085502907,1.27789401538345,0.6552690625921122,0.5029222050788751,-0.03596554416622142,-0.035941257165205256,-0.11886347206065598,-0.11979716557408232,-0.017019631020170175,-0.01573554019504206,11.244570568909975,-2.179836520892713,31.508117917540567,19.99800686465147,0.002217784338554532,"NKNUSDT,HFTUSDT,ONGUSDT,BICOUSDT,DENTUSDT",-0.0012896208791062236,0.0009070498635992408,-0.049657370895147324,-0.02092684432864189,-0.05964968726038933,-0.09318746626377106,-0.06325475871562958,0.0013504942180588841,0.004843533504754305,-0.0489153154194355,-0.020184822380542755,-0.058907609432935715,-0.09244543313980103,-0.06251269578933716,0.013597354292869568,-0.029932726174592972
BINANCE-202403250440-DGBUSDT,binance,DGBUSDT,DGB,linear_perp,BINANCE-195588,BINANCE-B004,2024-03-25 04:40:12.437000+00:00,2024-03-25 04:40:12.437000+00:00,2024-04-01 09:00:00+00:00,172.3298786111111,False,False,False,False,0.0,1.4394649111641502,479.0,0.01472,-0.004084416842224848,-0.004928211107531462,-0.01161611968322867,-0.01222925476949788,-0.0034025211458398597,-0.007269230488632331,0.008119124438504191,0.0027550435223438726,0.006095514978977331,0.0029237060731065736,0.0013577734604602887,0.004960673806333701,0.017508864788343126,-0.043835848595578174,0.023498899337673892,-0.044575066234813845,-0.045873226918211336,-0.0963737190015784,0.21507366126354138,0.2139829760191534,6.196,-0.0006795786873839907,0.03289252615393992,0.0015513804936108377,-0.006700633436432658,0.07907285849462627,-0.2707588573105175,10.0,0.0,-0.006095514978977331,-0.0029237060731065736,-0.0013577734604602887,-0.004960673806333701,-0.023498899337673892,0.044575066234813845,0.045873226918211336,0.0963737190015784,0.040906916604294165,0.10679028170726401,-0.09395056028828526,-0.031721527674021116,-0.26257327272407804,-0.21507366126354138,30.0,-0.0006795786873839907,-0.006775093666361306,-0.003603284760490548,-0.0020373521478442304,-0.005640252493717642,-0.02417847802505796,0.04389548754742978,0.04519364823082735,0.09569414031419442,0.04022733791691015,0.10611070301988,-0.09463013897566935,-0.03240110636140521,-0.263252851411462,-0.21575323995092532,60.0,-0.0062933990328713175,-0.011545119746541845,-0.009379154665247509,-0.005449604767564685,-0.009116760883548349,-0.028948504105238596,0.03828166720194262,0.04042362215064676,0.09008031996870722,0.03545731183672944,0.1004968826743927,-0.09940016505585,-0.038014926706892396,-0.26802287749164266,-0.2213670602964124,107.563,-0.01422488843120999,-0.02045061047129084,-0.018535887383630545,-0.015716073389178766,-0.02030511278538529,-0.03717900324175403,0.03035017780360407,0.03219312301413123,0.08214883057036831,0.027226812700213925,0.09256539327605409,-0.10763066419236555,-0.045946416105231376,-0.2762533766281583,-0.22929854969475158,587.563,-0.00957170943171746,-0.011576567828997658,-0.012240630592061428,-0.008185584586439502,-0.01822183012926549,-0.031684483924113396,0.035003356803096505,0.03768764233177192,0.086802009569861,0.03272133201785463,0.09721857227554642,-0.10213614487472465,-0.04129323710573852,-0.27075885731051746,-0.22464537069525875,0.0,0.0001,0.00030000000000000003,0.00097903,0.0011790300000000002,0.0029879299999999993,0.004935639999999999,0.21011298745720774,0.2596487274983554,0.18335213358952007,-0.0010906852443880134,0.00013949,0.0002243472727272727,6341140.319879999,8794397.62932,45671591.12623,8422737.528704284,0.003008734224061625,-0.12681252257330802,0.0003529283628500253,0.0007064321367921489,13.764627087232354,20.215642602700903,24.103659534424406,285.2808361453807,1.9228873856397328,4.777732984856252,1.040539055663236,0.9914277230601422,0.9812445101851598,0.8768826687641497,0.6785429939912847,0.7402012160016215,0.0022556128294942577,0.0029237060731065736,-0.0445434681622937,-0.044575066234813845,0.22216395548856593,0.21507366126354138,13.596195160396519,13.280214435193207,12.376239203498564,-57.306747089849836,-0.007058696152504429,"DODOXUSDT,XVGUSDT,COMBOUSDT,BALUSDT,OXTUSDT",-0.011575212702155113,0.0068479375913739204,-0.0475437231361866,-0.01736362837255001,-0.02118173986673355,-0.04841962084174156,-0.04385361820459366,-0.003925134893506765,0.00716732582077384,-0.049655377864837646,-0.019475305452942848,-0.023293426260352135,-0.0505312904715538,-0.04596531018614769,-0.003690079553052783,-0.004565996117889881
BYBIT-202403291114-YFIIUSDT,bybit,YFIIUSDT,YFII,linear_perp,BYBIT-blt1aa4642c341ef12c,BYBIT-B006,2024-03-29 11:14:27+00:00,2024-03-29 11:50:53+00:00,2024-04-03 10:00:00+00:00,118.75916666666667,False,False,False,False,2186.0,0.821013046866708,479.0,619.7,0.00048398807107531455,-0.00026188689731642507,0.00104834492081879,0.0005958289434594463,-0.012421511446540466,-0.013472321887421718,-0.025661292033246963,-0.026214333254873372,-0.10290714193546219,-0.1006877258386179,-0.08817096759331099,-0.08705791031034113,-0.09462459915117377,-0.09067115668294386,-0.1019239016327854,-0.10121597990815066,-0.1061317953925713,-0.10128466919872048,-0.07402250463706816,-0.05704317685180032,1.274,0.00048398807107531455,-0.12625646759987413,-0.017487417803912785,-0.0018250812153403765,0.10368426313388748,-0.02146189338378758,10.0,-0.02560865770583707,0.0679881729597206,0.06786300667333053,0.06498011973163201,0.056206354589972696,0.0762626095995385,0.07560732220231367,0.08047050335932432,0.07567601149288339,0.05522222946302758,0.06549771103501649,0.08541722388406436,0.03631774051685467,0.09247479932386196,0.04841384693123104,30.0,-0.023871756396590504,0.0697250742689671,0.06959990798257704,0.06671702104087847,0.05794325589921916,0.07799951090878493,0.0773442235115601,0.08220740466857085,0.07741291280212992,0.05695913077227409,0.06723461234426299,0.08715412519331092,0.03805464182610123,0.09421170063310853,0.05015074824047761,60.0,-0.02544310849595638,0.06815372216960132,0.06802855588321126,0.06514566894151266,0.05637190379985335,0.07642815880941907,0.07577287141219424,0.08063605256920497,0.07584156070276404,0.05538777867290824,0.06566326024489715,0.0855827730939451,0.03648328972673541,0.09264034853374271,0.04857939614111179,67.0,-0.02964125989329782,0.06664553605625442,0.06612861220758047,0.056132607392927004,0.04621591430163124,0.07261357586066823,0.07157472001485286,0.07682146962045422,0.07164340930542275,0.051573195724157375,0.06146510884755567,0.08176819014519426,0.03228513832939412,0.08882576558499188,0.04438124474377034,547.0,-0.07355575556974404,0.02016020597163712,0.019686822748541107,0.017419145853184367,0.006479436404215416,0.029143234315151628,0.02766022433840668,0.03335112807493756,0.02772891362897643,0.008102854178640859,0.017550613171109626,0.03829784859967766,-0.011629357347052102,0.045355424039475206,0.0004667490673240862,0.0,0.00046033,0.00233126,0.01220144,0.007565989999999999,0.02013422,0.03226634,0.013035405673272955,0.02719347527108259,-0.01209610641437621,0.01697932778526771,0.0016613744444444443,0.0021510893333333333,968354.43875,10094238.071199998,2598178.42285,920009.8771642856,-0.023612456488055655,-0.22462632868724303,-0.0026551517236811165,-0.020699525358618808,10.526742945436967,75.80941338542164,20.55592517574284,465.07286753698196,2.4217961773268875,11.404059869345728,1.0072472152477698,1.2038159322304725,1.0680671763250564,0.9402058001543578,0.7671465925953054,0.7599770553778852,,,,,,,,,,,,"OXTUSDT,SFPUSDT,XVGUSDT,BALUSDT,HFTUSDT",-0.003145091235637665,0.00819823145866394,0.01570170745253563,-0.004032341297715902,-0.0003416038234718144,0.028703982010483742,-0.08237052708864212,-0.0042335414327681065,0.015398574061691761,0.015259849838912487,-0.004474238492548466,-0.0007834782591089606,0.02826211415231228,-0.08281240612268448,0.09807224571704865,0.1110745221376419
BINANCE-202405060500-MBLUSDT,binance,MBLUSDT,MBL,linear_perp,BINANCE-199497,BINANCE-B005,2024-05-06 05:00:17.942000+00:00,2024-05-06 05:00:17.942000+00:00,2024-05-13 09:00:00+00:00,171.9950161111111,False,False,False,False,0.0,1.1904922869943497,479.0,0.004553,0.0,0.0006052730804636742,-0.0410233472451463,-0.03954489918528785,-0.04125220638334622,-0.03982951203553413,-0.03691281393966104,-0.03813727205770357,-0.041481117910040985,-0.04142171822065072,-0.01616330992575122,-0.03468437599944603,-0.027161064135292512,-0.010372766315039385,-0.04079454047146753,-0.027125312587499825,-0.0419390982248928,0.0077047449600266965,-0.06195856972687662,-0.05730213247725889,0.698,0.0,-0.0021767691155978493,0.00879348670286518,-0.0007035983432443294,0.09914790381277036,-0.04915923595808349,10.0,0.0002196112889028118,0.0417007291989439,0.04164132950955364,0.016382921214654123,0.034903987288348925,0.04101415176037043,0.02734492387640273,0.042158709513795696,-0.0074851336711238,0.014821640647701658,-0.02122960116978133,0.07901849220613907,0.0192471879911321,0.09289763339894086,0.06217818101577942,30.0,-0.00021965952861531575,0.04126145838142569,0.04120205869203543,0.015943650397136,0.03446471647083081,0.040574880942852214,0.02690565305888451,0.041719438696277596,-0.0079244044886419,0.014382369830183527,-0.021668871987299464,0.07857922138862095,0.01880791717361397,0.0924583625814228,0.06173891019826136,60.0,0.00016590576232370166,0.04218709489303249,0.0428554768962505,0.015500753230499029,0.03526290639974917,0.040355173153327505,0.027291218349823516,0.04149973090675285,-0.00753883919770304,0.014162662040658748,-0.021283306696360416,0.07835951359909628,0.01919348246455299,0.09223865479189805,0.06212447548920039,102.058,-0.004768706303870394,0.03461019602303791,0.03495567596252502,0.011329678004142658,0.03126937663245312,0.03506765257264406,0.022356606283629486,0.036212210326069354,-0.01247345126389715,0.008875141459975283,-0.026217918762554575,0.07307199301841273,0.01425887039835879,0.08695113421121452,0.05718986342300616,582.058,-0.03647368449780054,0.001368925607341621,0.005298665788073266,-0.027435946181833374,-0.006836201118526987,0.0034258341145190848,-0.009348371910300746,0.0045703918679443276,-0.04417842945782732,-0.022766676998149764,-0.05792289695648483,0.04143017456028773,-0.017446107795571375,0.05530931575308949,0.02548488522907596,0.0,4.587e-05,-0.0003729899999999999,-0.0013109200000000001,-0.0011609200000000004,-0.0003609199999999997,-0.00011091999999999976,-0.027274193727430646,-0.034833257139376864,-0.042930993024647375,0.0046564372496178084,5e-05,-1.416744186046506e-06,4266561.807986001,14263594.913802,1999834.239839,5267426.099379571,0.03125270265074234,-0.18414981577788728,-0.026248775633234394,-0.07675494170224703,6.621785916829072,22.846708589825273,4.7858340229076655,264.1156207802098,1.6869526025948183,1.769715294045134,1.148363279698825,0.8857196669584371,0.7495401785449973,0.5096697545336625,0.3594284490811358,0.3452203518910914,-0.04183271525292487,-0.04142171822065072,-0.027079637819844862,-0.027125312587499825,-0.06185205013291972,-0.06195856972687662,-4.388852385568573,-11.432492385025522,-4.751722588813811,-12.040940648045638,-6.084482630196175e-05,"AGLDUSDT,ETHWUSDT,OXTUSDT,RIFUSDT,BALUSDT",-0.004945938941091299,-0.026930535212159157,0.029825743287801743,0.04348400607705116,0.01324964128434658,0.09098805487155914,0.09534800052642822,-0.010630994103848934,-0.03310775384306908,0.02593376114964485,0.03959200903773308,0.009357677772641182,0.08709608018398285,0.09145601838827133,-0.06552226841449738,-0.004359952174127102
BINANCE-202405060500-SNTUSDT,binance,SNTUSDT,SNT,linear_perp,BINANCE-199497,BINANCE-B005,2024-05-06 05:00:17.942000+00:00,2024-05-06 05:00:17.942000+00:00,2024-05-13 09:00:00+00:00,171.9950161111111,False,False,False,False,0.0,1.1217111335471195,479.0,0.04089,0.001222045856592317,0.0017923490501615897,-0.03610500464211621,-0.03471197449212563,-0.049120372754186716,-0.047779875123912734,-0.03966101550133543,-0.04081473007687302,-0.04246392216501081,-0.04240795431570494,-0.020257609728497775,-0.03770861402897663,-0.03889794793283286,-0.023079600528140985,-0.05478756978699418,-0.04190808684372327,-0.07198445006885618,-0.025208799171375147,-0.07943667189788436,-0.08440781203177475,0.111,0.0004889975647563065,-0.002037307908155893,0.01919772669221287,-0.004100577447429827,0.10372537672960935,-0.025819205879402944,10.0,0.0017104463547014598,0.04417436851971225,0.04411840067040638,0.02196805608319916,0.03941906038367801,0.05649801614169561,0.043618533198424694,0.07369489642355762,0.026919245526076586,0.051087723413448034,0.017119356069408204,0.08452866601407358,0.02821067207403942,0.11009174236406179,0.08114711825258586,30.0,0.0014662759225274112,0.04393019808753829,0.04387423023823242,0.021723885651025166,0.03917488995150402,0.05625384570952172,0.04337436276625081,0.07345072599138355,0.026675075093902524,0.05084355298127405,0.016875185637234218,0.0842844955818996,0.02796650164186544,0.10984757193188771,0.08090294782041178,60.0,-0.000408409876969868,0.04225100364370217,0.042880769617545667,0.018031858212276947,0.03665224532018316,0.05380885671645506,0.041499676966753454,0.071005736998317,0.02480038929440518,0.048398563988207424,0.015000499837737019,0.08183950658883292,0.026091815842368048,0.10740258293882117,0.0790282620209146,102.058,-0.005476002095107825,0.03659556232189535,0.03692108202393246,0.012382525720810028,0.031170200530043147,0.04840874541007856,0.03643208474861547,0.06560562569194056,0.01973279707626724,0.04299845268183092,0.009932907619598919,0.07643939528245644,0.021024223624230023,0.1020024716324447,0.07396066980277656,582.058,-0.036784149541345096,0.0038163129895182088,0.007519010907707305,-0.021603452580504258,-0.0021938657749639087,0.017160108621422674,0.005123937302378166,0.034356988903284605,-0.011575350369970039,0.011749815893175048,-0.021375239826638328,0.04519075849380054,-0.01028392382200722,0.07075383484378873,0.04265252235653924,0.0,5e-05,-5.7389999999999984e-05,0.00054261,0.0006926100000000001,0.0014926099999999995,-0.0024037700000000004,-0.04172805786890785,-0.03752858505416108,-0.05293644617854637,-0.004971140133890271,-5.17333333333333e-06,-7.287511627906978e-05,4727208.85388,10094491.949409999,34067689.43979001,4347287.672915714,0.07793718148027325,-0.19422960116249122,-0.0077854162615982846,-0.011547377853296051,5.082592231396135,25.519983641860854,8.037508805100376,168.45150047526403,1.8353675374996772,2.00912335295493,0.9613600918283867,1.011942322203158,0.9517751436492542,0.8425131594150094,0.6206816120541073,1.4901403377784392,-0.04187680387054021,-0.04240795431570494,-0.04136429319868029,-0.04190808684372327,-0.07883604799825539,-0.07943667189788436,0.0,-10.32791209799259,-10.621349909834231,-10.89621464385188,-5.683025458595031e-05,"DODOXUSDT,ETHWUSDT,AGLDUSDT,OXTUSDT,RIFUSDT",-0.004929428454488516,-0.02392333373427391,0.02709617279469967,0.03668849915266037,0.004331785254180431,0.08324527740478516,0.09484124183654785,-0.010312720201909542,-0.029578784480690956,0.02356020174920559,0.033152513206005096,0.0007958341157063842,0.07970931380987167,0.09130527079105377,-0.06774507462978363,-0.011595957912504673
BINANCE-202405060500-STPTUSDT,binance,STPTUSDT,STPT,linear_perp,BINANCE-199497,BINANCE-B005,2024-05-06 05:00:17.942000+00:00,2024-05-06 05:00:17.942000+00:00,2024-05-13 09:00:00+00:00,171.9950161111111,False,False,False,False,0.0,1.1872033263582156,479.0,0.05822,-0.0024075678009364897,-0.0018039669021051574,-0.04928839888264493,-0.04781403531583576,-0.05290373181546889,-0.05148496793050676,-0.04245506893021193,-0.043676144250570814,-0.04424879138423889,-0.04418955579775155,-0.018899565581106,-0.037369463698551875,-0.034422897232947634,-0.017680980268145418,-0.051094431520919754,-0.037462967470391254,-0.05073296395869729,-0.0012262713020469301,-0.06954832075001452,-0.06422025127019851,0.698,-0.0001717770338330611,-0.025600094352729003,0.020009726072221692,-0.0026267930336757715,0.08710966191771527,-0.1344993924299698,10.0,0.0,0.04424879138423889,0.04418955579775155,0.018899565581106,0.037369463698551875,0.051094431520919754,0.037462967470391254,0.05073296395869729,0.0012262713020469301,0.024340561891435235,-0.01161108153593906,0.0721016886476696,0.012495513991989608,0.10018290482217924,0.06954832075001452,30.0,0.0012016137399812853,0.0454504051242201,0.045391169537732756,0.020101179321087265,0.038571077438533136,0.05229604526090098,0.03866458121037249,0.051934577698678604,0.0024278850420282466,0.025542175631416527,-0.010409467795957767,0.07330330238765091,0.013697127731970925,0.10138451856216048,0.07074993448999575,60.0,-0.005771883778960316,0.03931060483386666,0.039977140305089046,0.012699135608356634,0.0324066920829713,0.044718946843128056,0.031691083691430935,0.044357479280905734,-0.0045456124769133535,0.017965077213643658,-0.017382965314899152,0.06572620396987804,0.006723630213029401,0.09380742014438756,0.06377643697105426,102.058,-0.010098118696802305,0.03373388298861341,0.03407840847427167,0.008546315207861926,0.028430926638547224,0.040040778387472345,0.027364848773589023,0.03967931082524999,-0.00887184739475532,0.013286908757987851,-0.02170920023274126,0.061048035514222276,0.002397395295187371,0.08912925168873177,0.059450202053212164,582.058,-0.046953368373504445,-0.00736023428616504,-0.0034413507576820986,-0.02964626452349101,-0.009103430161217944,0.0032485139558313327,-0.009490400903113268,0.0028870463936089496,-0.045727097071457536,-0.02350535567365303,-0.058564449909443386,0.024255771082581302,-0.03445785438151479,0.05233698725709089,0.022594952376510085,0.0,-0.00021625,-0.0009817699999999999,-0.00206678,-0.0019167799999999997,-0.00201994,-0.0021785499999999996,-0.032178857051462735,-0.03208535327962328,-0.05705280675802485,0.005328069479815877,-0.0001141433333333333,-4.950116279069766e-05,4581242.74154,12093705.27518,3139809.7555799996,5299847.790744285,0.12032828882031563,-0.16616123675891237,0.005509666275716654,-0.11756085104965688,6.8906118144149655,18.940359010742778,7.298604526701272,269.3113566586103,2.312118857031784,1.7946929460845695,1.1178714404211625,0.897932694245891,0.8046871380839609,0.7044153323080494,0.5321470979920644,0.47133440268253934,-0.04451736703319627,-0.04418955579775155,-0.03724635664588423,-0.037462967470391254,-0.06985548323792942,-0.06954832075001452,-3.4334764285801627,-9.034240383183855,-5.536587757929626,-3.7965072589646716,0.0005237733124219615,"AGLDUSDT,ETHWUSDT,OXTUSDT,RIFUSDT,BALUSDT",-0.004945938941091299,-0.026930535212159157,0.029825743287801743,0.04348400607705116,0.01324964128434658,0.09098805487155914,0.09534800052642822,-0.010630994103848934,-0.03310775384306908,0.02593376114964485,0.03959200903773308,0.009357677772641182,0.08709608018398285,0.09145601838827133,-0.06552226841449738,-0.004359952174127102
BINANCE-202405080500-GLMRUSDT,binance,GLMRUSDT,GLMR,linear_perp,BINANCE-199689,BINANCE-B006,2024-05-08 05:00:26.574000+00:00,2024-05-08 05:00:26.574000+00:00,2024-05-15 09:00:00+00:00,171.99261833333333,False,False,False,False,0.0,1.3115245227516825,479.0,0.28696,-0.011284507340187697,-0.010112148828809805,-0.0048556502927036005,-0.003683291781325709,-0.004680577199240059,-0.005274760174877391,0.0,-0.0031798363127804757,-0.00020911023670802542,-0.0027079023407069118,-0.00797709079295677,-0.006657588211645888,0.026818632674771522,0.027726173454678087,0.005560203371256332,0.025344256113375388,-0.011319751494067396,0.024865423108807024,-0.09688470564346997,-0.09344436037399688,0.772,0.0,-0.025434123156398515,-0.01743279710551088,-0.0021930936052389546,0.10448108547187089,-0.07117009958133834,10.0,-0.008152742020332242,-0.007943631783624266,-0.005444839679625379,-0.00017565122737538035,-0.0014951538086862626,-0.013712945391588583,-0.03349699813370764,0.003167009473735183,-0.033018165129139236,-0.0014745122738959902,-0.02860458732863119,0.056887717166314876,0.04342677774275269,0.09459371657319363,0.08873196362313769,30.0,-0.00762588087117863,-0.007416770634470614,-0.004917978530471727,0.00035120992177811294,-0.0009682926595327693,-0.013186084242434976,-0.03297013698455403,0.0036938706228887503,-0.03249130397998567,-0.0009476511247424334,-0.02807772617947763,0.05741457831546836,0.04395363889190618,0.09512057772234728,0.08925882477229134,60.0,-0.0018640280811499123,-0.0012924637202197302,0.0027726878924878235,0.004238407661976943,0.003195430710203781,-0.00859658996378411,-0.027208284194525197,0.008283364901539593,-0.026729451189957065,0.003641843153908301,-0.022315873389449035,0.06200407259411919,0.049715491681934926,0.09971007200099806,0.09502067756231992,93.426,-0.003930547555128168,-0.005135651583230395,-0.0003917622120310441,0.003790010151514542,0.0022020869246129667,-0.010661007499218719,-0.02927480366850353,0.006218947366105056,-0.02879597066393527,0.0015774256184738497,-0.024382392863427232,0.05993965505868479,0.0476489722079568,0.09764565446556356,0.09295415808834187,573.426,-0.010443144873464573,-0.012346483540124853,-0.010209245523622195,-0.0020390950673800185,-0.006368274032350282,-0.015400768852152847,-0.0357874009868398,0.0014791860131708697,-0.035308567982271596,-0.0031623357344604934,-0.0308949901817638,0.05519989370575051,0.041136374889620436,0.09290589311262934,0.08644156077000544,0.0,0.0001,0.00030000000000000003,0.0009000000000000001,0.0011,0.0019000000000000002,0.0022005799999999997,-0.09022711743182397,-0.12222896175684544,-0.045305185880385075,0.0034403452694730854,0.0001,0.00010002636363636362,6293594.42166,9310767.32735,6498418.45428,7325364.075911428,-0.1507732281340297,0.22103154347623125,-0.06103748713666771,-0.060645473967660214,10.26966281121625,11.657170319395503,10.276906428946145,181.74091956915328,1.5371920751769883,1.9090096636525011,1.019587556946691,1.029227711939987,0.9959393680217143,0.953907630596887,0.6848335747624287,0.5711413802189756,-0.0018021706895507508,-0.0027079023407069118,0.025343483322268576,0.025344256113375388,-0.10104854992226597,-0.09688470564346997,-5.576467452469547,-1.3860974448703622,10.790899482428708,40.244617432021336,0.004163071487689157,"CELRUSDT,BICOUSDT,OXTUSDT,JOEUSDT,DENTUSDT",0.00019412471738178283,0.002528951968997717,-0.011513463221490383,-0.015899304300546646,-0.013286123052239418,0.04490857571363449,0.05634063482284546,-0.006927366368472576,-0.0005283547798171639,-0.014894003048539162,-0.01927986554801464,-0.016666680574417114,0.04152802750468254,0.05296006798744202,-0.06785409152507782,-0.011432027444243431
BINANCE-202405080500-IDEXUSDT,binance,IDEXUSDT,IDEX,linear_perp,BINANCE-199689,BINANCE-B006,2024-05-08 05:00:26.574000+00:00,2024-05-08 05:00:26.574000+00:00,2024-05-15 09:00:00+00:00,171.99261833333333,False,False,False,False,0.0,1.2430661825460039,479.0,0.06514,-0.0035371048027103757,-0.002425940509528682,-0.02094236159422354,-0.01983119730104185,-0.005850671038653146,-0.006413839130782802,-0.003845271215010321,-0.0068591279274688955,0.014478649634273809,0.01211028830529384,0.06780497965021975,0.06905560745637651,0.021564996664865617,0.022425166057974913,-0.12371091782892042,-0.10495954376704858,-0.0316595642519393,0.002636833625534553,-0.13851385741762046,-0.15130000910760938,0.967,0.000153503722766718,0.1002304300054627,0.03553058898589839,-0.0018691335371258215,0.1368738141666621,-0.13664224102899586,10.0,-0.0012288788028820199,-0.015707528437155786,-0.013339167108175818,-0.06903385845310181,-0.07028448625925857,0.1224820390260384,0.10373066496416655,0.03043068544905732,-0.0038657124284165283,0.042706646706014456,0.016992694549237686,0.12213463586117566,0.10937632422272942,0.14284076254119238,0.13728497861473857,30.0,-0.0035371048027103757,-0.018015754436984287,-0.01564739310800432,-0.07134208445293007,-0.07259271225908683,0.12017381302621012,0.10142243896433828,0.028122459449228986,-0.0061739384282448635,0.04039842070618613,0.014684468549409357,0.11982640986134739,0.10706809822290114,0.1405325365413639,0.1349767526149101,60.0,-0.011246113744025631,-0.027138499534606658,-0.023285538793867334,-0.0828841274288844,-0.0838726635602592,0.1113536397917132,0.09371343002302313,0.01930228621473206,-0.01388294736956023,0.031578247471689164,0.006975459608094058,0.1110062366268504,0.09935908928158588,0.13171236330686698,0.12726774367359478,93.426,-0.01342641708153465,-0.03670136685042818,-0.032205096785492576,-0.08763423593222071,-0.08913927348935254,0.10917532867674837,0.09153312668551411,0.017123975099767236,-0.016063250707069196,0.029399936356724363,0.004795156270585042,0.10882792551188553,0.0971787859440768,0.12953405219190217,0.12508744033608593,573.426,-0.021513487831061863,-0.044908319796627454,-0.04288264032492979,-0.1028491346486632,-0.10695234116610851,0.10276855623469686,0.08344605593598675,0.01071720265771577,-0.02415032145659649,0.022993163914672928,-0.0032919144789423024,0.1024211530698342,0.08909171519454968,0.12312727974985069,0.11700036958655854,0.0,0.0001,0.00030000000000000003,-0.00600217,-0.00583571,-0.005161999999999999,-0.004861999999999998,-0.20756946487399697,-0.033554313650572,-0.02790865439200907,-0.01278615168998885,3.904777777777777e-05,-0.00022099999999999992,33421731.14893,90279798.21609001,2204871.71239,10185825.637761429,0.010426276465369675,0.09511009994924889,-0.02726469559023217,-0.08334950749166019,18.684359278531755,27.43567233736797,8.855043525574128,532.0573152902685,1.2355466033198,2.4241182802831376,1.2152968315257093,1.071010104888388,1.1977007531978001,1.1567976367811101,0.39154772333168253,0.33711029406218757,0.0124083566237467,0.01211028830529384,-0.10509281098425413,-0.10495954376704858,-0.14095076756120226,-0.13851385741762046,-4.605111755342404,-1.7371666855119785,8.687343088276684,21.29926257824849,0.002303642926376158,"FLMUSDT,ALICEUSDT,NKNUSDT,LQTYUSDT,HOTUSDT",-0.0005433589103631675,0.0012087944196537137,-0.00965805072337389,0.016022713854908943,0.014294448308646679,0.05838007852435112,0.07714870572090149,-0.004526218399405479,-0.0003732493205461651,-0.012037906795740128,0.01364290714263916,0.011914638802409172,0.056000255048274994,0.07476890087127686,-0.0868067592382431,-0.018768630921840668
BINANCE-202405080500-SLPUSDT,binance,SLPUSDT,SLP,linear_perp,BINANCE-199689,BINANCE-B006,2024-05-08 05:00:26.574000+00:00,2024-05-08 05:00:26.574000+00:00,2024-05-15 09:00:00+00:00,171.99261833333333,False,False,False,False,0.0,1.343274123209419,479.0,0.003858,-0.007023048765025269,-0.0058223096067865935,-0.009375068665456045,-0.008174329507217368,-0.007806440892829529,-0.00841500794726067,-0.0036354233754911985,-0.0068922376865480335,-0.005197516898029182,-0.007756800170551902,-0.014095769800393414,-0.01274432448447649,0.011340327717382076,0.012269838393132206,-0.004676547883901793,0.015586440447373605,-0.022543549712326204,0.014517601524003974,-0.08030105789465979,-0.08644281581560556,1.4020000000000001,0.00025916807194445674,-0.008064625459598435,-0.021799088830797914,-0.0007218013630788684,0.09793416451640721,-0.07470677456682398,10.0,-0.001816059650765458,0.0033814572472636905,0.00594074051978641,0.01227971014962791,0.010928264833710986,0.002860488233136315,-0.017402500098139085,0.020727490061560702,-0.016333661174769476,0.01491198331994937,-0.0128748610352706,0.05552533680634508,0.04173853275648738,0.08448865346944542,0.07848499824389428,30.0,-0.004416165119769558,0.0007813517782595645,0.0033406350507822835,0.009679604680623784,0.00832815936470686,0.0002603827641322153,-0.020002605567143183,0.018127384592556604,-0.018933766643773574,0.012311877850945225,-0.015474966504274745,0.05292523133734091,0.03913842728748321,0.08188854800044135,0.0758848927748902,60.0,-0.006866968881733339,-0.0020882283756542635,0.002075333093113621,0.006290977497442607,0.0052227519887946185,-0.003391160156070221,-0.02245340932910686,0.014475841672354122,-0.02138457040573752,0.008660334930742709,-0.017925770266238615,0.04927368841713852,0.03668762352551952,0.07823700508023891,0.07343408901292635,93.426,-0.01158364065144787,-0.007845228522193765,-0.0029864983001079383,0.0021024974893551845,0.0004761335568952349,-0.008105679103168653,-0.027170081098821554,0.009761322725255858,-0.026101242175451983,0.003945815983644466,-0.02264244203595314,0.04455916947004018,0.03197095175580492,0.07352248613314068,0.06871741724321204,573.426,-0.01156332763069528,-0.0073107375220059275,-0.005121760897547486,0.003675509519802655,-0.0007584709186158234,-0.006269613013595395,-0.027149768078068785,0.011597388814828954,-0.026080929154699367,0.0057818820732176476,-0.022622129015200526,0.04639523555961329,0.0319912647765576,0.07535855222271373,0.06873773026396451,0.0,-1.993e-05,-4.7300000000000005e-05,0.0005527,0.0007027000000000001,0.0015026999999999996,0.0018026999999999997,-0.06755673341018331,-0.09588749834203346,-0.0367464654874069,-0.006141757920945635,4.758055555555556e-05,4.192325581395348e-05,6769506.888746001,11733581.122743,4000360.0769539997,6353756.397255428,-0.059477999605165616,0.10227801110498252,-0.00017449461768501896,-0.04369461310070214,9.967606727037753,13.008978028202575,5.638567953169736,78.00351563587604,0.287906487992235,1.814964906414326,0.9888690602558826,1.001928736898368,0.9908621883474995,0.9722433709749976,0.6828527077051734,0.5040920222531093,-0.006970864321238113,-0.007756800170551902,0.015331115907659607,0.015586440447373605,-0.08048998942012973,-0.08030105789465979,-2.5896672422338987,-7.809449830713962,10.985993964039189,-8.473379973154959,-6.639301424403443e-05,"ICXUSDT,BADGERUSDT,WAXPUSDT,RIFUSDT,JOEUSDT",-0.0009198915213346481,0.003932060673832893,-0.003905418561771512,0.017675839364528656,0.017444949597120285,0.05632749944925308,0.0759090930223465,-0.007106126751750708,0.002041925210505724,-0.007401963230222464,0.014179241843521595,0.013948343694210052,0.05283092334866524,0.07241252064704895,-0.07981449365615845,-0.019581591710448265
BYBIT-202405310808-AGIXUSDT,bybit,AGIXUSDT,AGIX,linear_perp,BYBIT-blt76ce31b7f7becb38,BYBIT-B008,2024-05-31 08:08:16+00:00,2024-05-31 09:00:00+00:00,2024-06-07 10:00:00+00:00,169.86222222222221,False,True,False,False,3104.0,1.4926395159349228,479.0,0.90805,-0.0006058770255017225,-0.001049665062886139,0.003023891025076919,0.0016120973475735132,0.003023891025076919,0.0022806752704301603,-5.5064563214286745e-05,0.0007519620985934347,0.0002202279368038483,0.0027784057916884026,0.0037372948144228334,-0.00017573120566039512,-0.014084739881739085,-0.002519524602066959,-0.024300365318170297,-0.011050741312608567,-0.006075352830037187,-0.022602893166319048,-0.11299994821714185,-0.11147952723066523,0.049,-0.00011013215870166702,-0.08061799105942428,0.00199694334660273,0.001816791508710498,0.07289148113480237,-0.027355758622158898,10.0,0.001764513241723347,0.0009366649903799382,-0.0033100475268960164,-0.006641624984901613,0.004651747357356613,0.024135162531374335,0.012815254554332002,0.005910150043241107,0.02436740640804216,0.0061317689704044895,0.029267598309306538,0.012970638025668911,0.074172507523548,0.05083543086344968,0.11476446145886532,30.0,0.0022049933721796566,0.0013771451208362765,-0.002869567396439678,-0.006201144854445174,0.0050922274878130525,0.024575642661830682,0.01325573468478835,0.006350630173697432,0.024807886538498483,0.006572249100860779,0.02970807843976283,0.013411118156125173,0.07461298765400426,0.0512759109939061,0.11520494158932174,60.0,0.0020595399033439287,0.0018736917197752871,-0.002072314389177113,-0.0074598557782437555,0.004643910035900575,0.024410485349115267,0.013110281215952473,0.006185472860982077,0.024662433069662964,0.006407091788145362,0.029562624970927053,0.0132459608434098,0.07446753418516872,0.051110753681190654,0.11505948812048584,60.0,0.002114595371742142,0.0019287471881735934,-0.0020172589207788066,-0.007404800309845453,0.004698965504298878,0.024465540817513558,0.013165336684350763,0.006240528329380303,0.02471748853806119,0.006462147256543746,0.029617680439325438,0.013301016311808076,0.07452258965356699,0.05116580914958889,0.11511454358888408,300.0,0.0013321636995993682,-0.0036323650284754015,-0.002881258869080629,-0.011621026467530262,0.001863100366829594,0.02297797821709507,0.012382905012207925,0.004752965728961926,0.023935056865918448,0.00497458465612525,0.02883524876718266,0.011813453711389657,0.07374015798142405,0.04967824654917051,0.11433211191674142,0.0,0.0,0.00030000000000000003,0.0009000000000000001,0.0010377700000000001,0.00195636,0.0027565499999999995,-0.11282421701148168,-0.10194920690453331,-0.04059195393531696,0.0015204209864765738,0.0001,0.0001312642857142857,20912429.96695,16033780.5235,8777775.68105,14547452.320257142,-0.03739514564715386,0.23687912315605567,-0.0671373504874421,-0.029334484578580452,13.697134933896583,10.458238366579902,10.730523719038764,86.7107577566692,0.45785488212633524,1.1174526563441571,0.9819698967493992,1.0133421393759063,0.9440288295966228,0.879464658184185,0.4619362631535544,0.3679527937799367,0.0024479789457421933,0.0027784057916884026,-0.010952750644346216,-0.011050741312608567,-0.11332160749002254,-0.11299994821714185,9.36200745748201,5.078863572392983,2.2318937711226297,9.27536298382565,0.00041964994114309165,"ONTUSDT,BELUSDT,BICOUSDT,AGLDUSDT,IOTXUSDT",0.0023694741539657116,-0.010673965327441692,-0.0057505397126078606,-0.021826570853590965,-0.04476373642683029,-0.08461783826351166,-0.09414324164390564,-5.7409170040045865e-06,-0.011846868321299553,-0.004764907527714968,-0.020840922370553017,-0.04377809911966324,-0.08363215625286102,-0.0931575819849968,0.08839266747236252,0.009525415487587452
BYBIT-202405310808-FETUSDT,bybit,FETUSDT,FET,linear_perp,BYBIT-blt76ce31b7f7becb38,BYBIT-B008,2024-05-31 08:08:16+00:00,2024-05-31 09:00:00+00:00,2024-06-07 10:00:00+00:00,169.86222222222221,False,True,False,False,3104.0,1.5182926712076197,479.0,2.1732,-0.0005983751990927862,-0.001049790371702855,0.0025276329549201696,0.001091575574067518,0.002573530832151353,0.0018175418466263226,-0.000322157537820983,0.0004987390370123175,0.0007819507769470154,0.0033840945948292885,0.003857816854010811,-0.0001224601419494856,-0.017125375021179272,-0.005361394895632244,-0.026106274693535558,-0.012628936857346323,-0.009524321847170149,-0.026335911717178064,-0.12729666278658833,-0.1288159628384347,3.206,-9.203442093837666e-05,-0.08173381768013847,0.004639041357285021,0.002702774880891442,0.0809951472195439,-0.022455453803837136,10.0,0.002836785771818559,0.0021631581326463792,-0.0021565402425283925,-0.0061417371535815776,0.005345728022984917,0.0269801794935359,0.015465722629165055,0.010398226647170406,0.029172697488996507,0.001702519679616447,0.02523597149605402,0.02702741280247403,0.0892811243857645,0.06510570569469833,0.13013344855840733,30.0,0.002744831748765364,0.0020712041095931454,-0.0022484942655816263,-0.006233691176634848,0.005253773999931647,0.02688822547048252,0.015373768606111674,0.01030627262411713,0.029080743465943228,0.0016105656565632456,0.02514401747300082,0.026935458779420714,0.08918917036271118,0.06501375167164508,0.13004149453535407,60.0,0.0027188940489704496,0.0026704744448911213,-0.0013433494501638816,-0.007466994541869151,0.004844791883078934,0.02684224528793304,0.01534783090631677,0.010260292441567639,0.029054805766148613,0.0015645854740137036,0.02511807977320596,0.026889478596871214,0.08916323266291656,0.06496777148909551,0.1300155568355591,60.0,0.0027188940489704496,0.0026704744448911213,-0.0013433494501638816,-0.007466994541869151,0.004844791883078934,0.02684224528793304,0.01534783090631677,0.010260292441567639,0.029054805766148613,0.0015645854740137036,0.02511807977320596,0.026889478596871214,0.08916323266291656,0.06496777148909551,0.1300155568355591,300.0,0.0016412654885926217,-0.0037242278499101168,-0.0029602128516915483,-0.011313529581024476,0.002402341352098509,0.025047367110877267,0.014270202345938988,0.008465414264511863,0.02797717720577081,-0.00023029270304219257,0.02404045121282812,0.025094600419815396,0.08808560410253856,0.06317289331203964,0.1289379282751813,0.0,0.0,0.00030000000000000003,0.0009000000000000001,0.001,0.00245612,0.00308139,-0.12717420264463902,-0.11466772592924218,-0.040852324172642444,-0.001519300051846295,0.00013375444444444447,0.00014673285714285713,55729604.1016,45263802.666,19186385.811499998,43243399.7383,-0.034634944904347174,-0.00887705962118329,-0.06348530856328417,-0.13855945489778312,14.29209714643872,10.358414493087755,9.321265423355207,125.98514635133395,-0.1800275442188945,0.9369782864159891,0.964291014155005,0.998648520229297,0.9315454112285617,0.7390642009844846,0.36463153967223366,0.29335345407845403,0.0035225304452108,0.0033840945948292885,-0.012643550239446869,-0.012628936857346323,-0.12821744506902105,-0.12729666278658833,11.503509838669899,5.66947005642427,19.384890588376624,14.731159059745837,0.0009061689003322104,"RSRUSDT,TOKENUSDT,OGNUSDT,STEEMUSDT,XVGUSDT",-0.00014372580335475504,-0.021052781492471695,-0.008970535360276699,-0.02497931942343712,-0.02160503901541233,-0.0619952455163002,-0.052407294511795044,-0.0033922833390533924,-0.022536739706993103,-0.008751044981181622,-0.024759864434599876,-0.021385570988059044,-0.06177576631307602,-0.05218783766031265,0.04343676567077637,-0.009587935172021389
BYBIT-202405310808-OCEANUSDT,bybit,OCEANUSDT,OCEAN,linear_perp,BYBIT-blt76ce31b7f7becb38,BYBIT-B008,2024-05-31 08:08:16+00:00,2024-05-31 09:00:00+00:00,2024-06-07 10:00:00+00:00,169.86222222222221,False,True,False,False,3104.0,1.4948618592259448,479.0,0.912,-0.000329001483474408,-0.0007734502626903172,0.002081166203824671,0.0006672705518163612,0.002299984585441683,0.0015556622806007958,-0.001316655884746785,-0.0005084276667237836,-0.00010965513471151314,0.0024523315094569583,0.0017528488274143868,-0.002166003172103588,-0.014023307153861698,-0.002440872794625071,-0.024081505494705925,-0.010812154547238278,-0.005056622844467964,-0.021608770507563376,-0.11211610161902538,-0.10982536880772578,0.207,-0.00010965513471151314,-0.0807782355597641,0.0010990767053142662,0.0020382018240681296,0.05636407876316334,-0.02548253906118006,10.0,0.0008354963066939038,-0.00021951487301394618,-0.0044725501848902815,-0.00809012830534354,0.0032200583782140395,0.022984412680332925,0.011647650853932323,0.003959530030094799,0.022444266814257048,-0.00043898156982383993,0.02273129396627763,0.013037418120531783,0.07433040912673529,0.04892738543894403,0.1129515979257196,30.0,0.0011647505488167125,0.00010973936910869226,-0.0041432959427676426,-0.007760874063220909,0.0035493126203366716,0.02331366692245564,0.011976905096055038,0.0042887842722175926,0.022773521056379843,-0.0001097273277010753,0.023060548208400394,0.013366672362654508,0.07465966336885801,0.049256639681066784,0.11328085216784234,60.0,0.0010747443600113266,0.0008783487609059579,-0.0030735324304819157,-0.008414890373866876,0.0037068963505280557,0.02320392755334697,0.011886898907249597,0.004179044903108895,0.022683514867574667,-0.00021946669680966208,0.022970542019595135,0.013256932993545814,0.07456965718005285,0.049146900311958085,0.11319084597903689,60.0,0.0011844837291200437,0.000988088130014628,-0.002963793061373245,-0.008305151004758194,0.003816635719636738,0.02331366692245564,0.011996638276358265,0.0042887842722175926,0.022793254236683366,-0.0001097273277010753,0.023080281388703723,0.013366672362654508,0.07467939654916153,0.049256639681066784,0.1133005853481456,300.0,0.0010124121698899464,-0.003946075492110384,-0.003193851034749923,-0.01168326877886745,0.001820934141168632,0.022435414588037116,0.011824566717128202,0.0034105319377991427,0.022621182677453364,-0.0009879796621194675,0.022908209829473863,0.01248842002823601,0.07450732498993132,0.048378387346648274,0.11312851378891561,0.0,0.0,0.00030000000000000003,0.0009000000000000001,0.001,0.00263808,0.00336573,-0.10995009844692197,-0.10130394707178719,-0.038621188798984005,0.002290732811299621,0.00015079444444444443,0.00016027285714285714,9073156.2331,7401228.3915,4319319.7238,7273999.266685715,0.01816821951093846,-0.0561516779072501,-0.0367851675226686,-0.03798164838227573,11.726455157513163,7.672915010912167,5.7388810757285915,96.68583606070757,1.187697284767723,0.9495191388667562,0.9777811186195778,1.0099365887600849,0.9488480232425877,0.954191496207417,0.5543393242459735,0.4404914721941909,0.0013547209539930972,0.0024523315094569583,-0.010595481061635435,-0.010812154547238278,-0.11294050280090454,-0.11211610161902538,4.386445952556412,1.1232799787161065,17.809443709949136,11.534026653534555,0.001041074667482017,"NKNUSDT,CELRUSDT,1000XECUSDT,TWTUSDT,FLMUSDT",0.002033611759543419,-0.0004688636399805546,0.013741016387939453,-0.004500164650380611,-0.003143246751278639,-0.02757151983678341,-0.020857077091932297,-0.0009752862970344722,-0.0025535505264997482,0.013597984798252583,-0.004643198102712631,-0.0032862587831914425,-0.027714576572179794,-0.021000130102038383,0.03459811955690384,-0.006714445538818836
BINANCE-202406030300-WAVESUSDT,binance,WAVESUSDT,WAVES,linear_perp,BINANCE-201912,BINANCE-B007,2024-06-03 03:00:20.294000+00:00,2024-06-03 03:00:20.294000+00:00,2024-06-11 09:00:00+00:00,197.99436277777778,False,False,False,True,0.0,0.9123949669611294,479.0,2.3604,-0.18171167671812857,-0.18117718443235054,-0.16994297256131474,-0.1679981043312775,-0.2220955495668941,-0.22054319025087993,-0.18910608558542388,-0.18778728238468048,-0.21319489831198302,-0.21315625475786268,-0.30540585881606863,-0.31373586810978193,-0.34564825286120765,-0.351296557997065,-0.43402098182893584,-0.44306900499800095,-0.4645617608534468,-0.5000238643642485,-0.568656841864152,-0.561639213855787,0.907,0.0,-0.03713054070103508,-0.019775146620958514,0.004475871862977229,0.4960821056406478,-0.004955511759179904,10.0,-0.08364320530472186,0.12955169300726113,0.1295130494531408,0.22176265351134677,0.23009266280506008,0.350377776524214,0.3594257996932791,0.38091855554872506,0.4163806590595268,0.4219287742585917,0.4594687269676976,0.4924932349554207,0.5051360180163299,0.4972531698992538,0.48501363655943003,30.0,-0.1531132584670791,0.060081639844903945,0.06004299629078361,0.15229260034898948,0.1606226096427028,0.2809077233618569,0.289955746530922,0.3114485023863678,0.34691060589716954,0.35245872109623444,0.3899986738053403,0.4230231817930634,0.43566596485397263,0.4277831167368965,0.41554358339707276,60.0,-0.12204204232121958,0.0951377891283179,0.09416930751808471,0.18824876670360452,0.19766370814713458,0.3114444472219383,0.3210269626767815,0.34198522624644934,0.37798182204302916,0.3829954449563159,0.42106988995119976,0.45355990565314497,0.46673718099983214,0.45831984059697806,0.4466147995429323,99.706,-0.16152655276642017,0.07265114012179402,0.07350776638433036,0.1506489212224455,0.16174787384770953,0.27083394638659186,0.28154245223158086,0.3013747254111028,0.3384973115978284,0.3423849441209695,0.3815853795059992,0.4129494048177984,0.4272526705546314,0.4177093397616316,0.40713028909773175,579.706,-0.17742297240475963,0.05742980166226564,0.058366798893117654,0.1334807019642659,0.1448700607546292,0.2545930483957454,0.26564603259324154,0.2851338274202564,0.32260089195948904,0.32614404613012304,0.3656889598676598,0.39670850682695197,0.4113562509162921,0.4014684417707851,0.39123386945939226,0.0,0.0,-0.00547447,-0.01358632,-0.013298660000000002,-0.012645150000000003,-0.012345150000000001,-0.2549209737543699,-0.12558783686615088,0.020122381456899836,0.007017628008364906,0.00013706111111111112,-0.0004938060000000001,27409376.880879994,352075463.59707,72739691.78926,15961738.899612857,-0.16703701670918863,-0.013390020998085827,0.0045309126347670755,0.005499966249225606,6.58009844316356,100.43490574738786,17.369702259797435,1810.3359566146405,0.18697895921883378,2.162960435874429,0.9945794259462833,1.453530172871139,1.6965597875167102,2.0718457796250953,1.3537907471788402,0.9809133247018668,-0.21014849330292287,-0.21315625475786268,-0.43572897042750225,-0.44306900499800095,-0.5702178460142115,-0.568656841864152,3.392130290327245,-63.227404848014025,5.277641770632744,25.782982357569853,0.008901038720558363,"AGLDUSDT,BADGERUSDT,BELUSDT,OGNUSDT,ONTUSDT",-0.0034748855978250504,-0.005324151832610369,-0.0016631738981232047,-0.07002296298742294,-0.052729345858097076,0.10515793412923813,0.13961607217788696,-0.007604790385812521,-0.004728732164949179,-0.0017585495952516794,-0.07011832296848297,-0.05282474681735039,0.1050625666975975,0.13952070474624634,-0.14127925038337708,-0.034458138048648834
BYBIT-202406030807-ZKUSDT,bybit,ZKUSDT,ZK,linear_perp,BYBIT-bltca75d9a1f0754fbb,BYBIT-B009,2024-06-03 08:07:53+00:00,2024-06-03 09:00:00+00:00,2024-06-07 00:00:00+00:00,87.86861111111111,False,False,False,False,3127.0,,,,,,,,,,,,,,,,,,,,,,,,,,,,,,,,,,,,,,,,,,,,,,,,,,,,,,,,,,,,,,,,,,,,,,,,,,,,,,,,,,,,,,,,,,,,,,,,,,,,,,,,,,,,,,,,,,,,,,,,,,,,,,,,,,,,,,,,,,,,,,,,,,,,,,,,,,,,,,,,,,,,,,,,,,,
BYBIT-202407010827-LFTUSDT,bybit,LFTUSDT,LFT,linear_perp,BYBIT-blt8a7931c3ed838634,BYBIT-B010,2024-07-01 08:27:40+00:00,2024-07-01 09:09:05+00:00,2024-07-08 10:00:00+00:00,169.5388888888889,False,False,False,False,2485.0,1.5614442495959477,479.0,0.10279,-0.0011681107139573136,-0.0011903724133056827,-0.5842129434611847,-0.5829187459575652,-0.35380219627046244,-0.34643844670901064,-0.20939953960230867,-0.20479196417477244,-0.3292988828680218,-0.32278733545914096,-0.4055623985689115,-0.39661724058632347,-0.36481045904185466,-0.37046708022041674,-0.40235680060314294,-0.3918883963843604,-0.4689729318780589,-0.340627814364194,-0.5410801838673154,-0.5544814760041479,2.574,9.728099623401568e-05,-0.45511318532696243,-0.07712715424260638,0.006438042218819053,0.4587601159698992,-0.026795368419648996,10.0,-0.2652736920624333,0.12563123802840576,0.12750758036273668,0.1397683240164531,0.13927901240750268,0.13085469738034208,0.12661470432192698,0.19747082865525797,0.07535412230176042,0.20074160487540552,0.08616885981582217,0.38393717845617636,0.2502057967971685,0.4112893109458023,0.2758064918048821,30.0,-0.25701180839744175,0.1338931216933974,0.13576946402772833,0.14803020768144476,0.14754089607249435,0.13911658104533375,0.13487658798691865,0.20573271232024964,0.08361600596675209,0.20900348854039716,0.09443074348081382,0.392199062121168,0.2584676804621602,0.419551194610794,0.2840683754698738,60.0,-0.25812921869558164,0.13605035411520655,0.13703333594816886,0.14787789945519236,0.1457633852707026,0.13823011229862323,0.13375917768877874,0.20484624357353914,0.08249859566861226,0.20811701979368658,0.09331333318267392,0.39131259337445756,0.25735027016402034,0.41866472586408354,0.28295096517173396,115.0,-0.27569256225251215,0.1250341356649152,0.12667023354000403,0.12679006236718018,0.12481900763205399,0.12007568887173226,0.11619583413184842,0.18669182014664815,0.06493525211168182,0.18996259636679558,0.07574998962574338,0.3731581699475665,0.2397869266070899,0.40051030243719254,0.26538762161480356,355.0,-0.2870168493222016,0.09685203896436569,0.09855332268086353,0.10857177087851771,0.10656510364994132,0.10813524849981443,0.10487154706215883,0.1747513797747304,0.05361096504199228,0.17802215599487778,0.06442570255605388,0.3612177295756488,0.22846263953740045,0.3885698620652747,0.2540633345451141,0.0,0.0,-0.03852438,-0.05682115,-0.05672115,-0.05312349000000001,-0.053278320000000004,-0.144462943280992,-0.1491917874829551,-0.025600695007713545,-0.01340129213683235,9.993e-05,-0.002537062857142857,22252544.2198,125677382.4162,15914883.4439,99877355.33322857,-0.0389616020997977,-0.06542411909530994,0.015947495319209595,0.029650659281508437,24.77457161213491,470.2656573944811,37.5049791879508,3477.009292146551,2.4448440961991245,17.20622155925955,0.9518813746744799,0.706181863313946,0.7795394070486338,0.8412122264199445,0.4498712719540739,0.3789844321157172,-0.31541942599188144,-0.32278733545914096,-0.36865272854977976,-0.3918883963843604,-0.5377430924726145,-0.5410801838673154,40.00981185018255,-181.63970627671296,3.7481259809113356,17.346058122083715,0.019898576439879745,"MTLUSDT,ONGUSDT,TRUUSDT,TOKENUSDT,SFPUSDT",-0.005672683473676443,-0.004067540634423494,-0.005173699930310249,0.10587076842784882,0.14388957619667053,0.1274298131465912,0.1331419199705124,-0.005921840667724609,-0.0027531604282557964,-0.005266617983579636,0.10577787458896637,0.14379668235778809,0.12733688950538635,0.13304904103279114,-0.1383156180381775,-0.0057121459394693375
BYBIT-202407010847-1000IQ50USDT,bybit,1000IQ50USDT,IQ50,linear_perp,BYBIT-blt28d3999aae077e86,BYBIT-B010,2024-07-01 08:47:20+00:00,2024-07-01 09:31:11+00:00,2024-07-08 10:00:00+00:00,169.2111111111111,False,False,False,False,2631.0,2.4780427640163607,479.0,0.01588,0.004398373411863886,0.00710035817932177,-0.028098911222359416,-0.02857913071023974,-0.022286818658393815,-0.02219233829564149,-0.08198624078695657,-0.07836191345395808,-0.13173380091271591,-0.13044619604484609,-0.3261977445323961,-0.32209634468642906,-0.4407138710434312,-0.4552875528866349,-0.5556877445471227,-0.5466327718063819,-0.691888527152749,-0.47051469916569244,-0.40353844928345306,-0.4100402908663382,1.712,0.0012586534071963279,0.052140802730482175,-0.04941446403059344,-0.005861141875597678,0.7074740731807068,-0.0035498794822037424,10.0,-0.09482617957247769,0.12947499329540055,0.12909669743913,0.20151923178799003,0.2071631627169673,0.4585496987395637,0.4518065922339044,0.59475048134519,0.3756885195932149,0.5577092096648409,0.3820964839609039,0.6397741627191453,0.4269329496863472,0.5243330485078431,0.3087122697109754,30.0,-0.0983020259638302,0.12599914690404798,0.12562085104777743,0.1980433853966374,0.20368731632561468,0.45507385234821107,0.4483307458425518,0.5912746349538375,0.37221267320186235,0.5542333632734884,0.37862063756955133,0.6362983163277928,0.42345710329499464,0.5208572021164903,0.3052364233196226,60.0,-0.09993609990167887,0.1269778988090745,0.12760032466239543,0.19325982319352217,0.19348832679519287,0.4536801238996074,0.4466966719047031,0.5898809065052338,0.37057859926401393,0.5528396348248847,0.376986563631703,0.634904587879189,0.4218230293571461,0.5194634736678867,0.30360234938177416,109.0,-0.14948973562256884,0.09121600827166168,0.0923582048812865,0.15073770723101843,0.1506589156415345,0.4043668103591018,0.3971430361838131,0.5405675929647281,0.3210249635431236,0.5035263212843791,0.3274329279108129,0.5855912743386833,0.37226939363625555,0.47015016012738114,0.25404871366088394,529.0,-0.1188472377584102,0.11281672534246616,0.11144087042650298,0.19491834517693354,0.19001855434272724,0.4339611751106518,0.42778553404797176,0.5701619577162782,0.3516674614072821,0.5331206860359291,0.3580754257749713,0.6151856390902334,0.40291189150041434,0.4997445248789312,0.2846912115250429,0.0,0.0,-0.00084572,-0.0003132899999999999,-0.00015308999999999993,0.0016170199999999998,0.00142582,-0.08144210459702375,0.14309432252292903,0.11822067997537178,-0.006501841582885229,0.0001,6.789619047619047e-05,485684.15710000007,14566009.776800001,2215462.7445,796841.1940285712,0.05644114451597379,-0.16300605084946923,0.005932465605126475,-0.015885539572881795,12.69841440475937,84.23372841045837,41.09596752873011,530.3469665608595,-3.851473236105716,13.266277415127936,0.9938765914323944,1.1081512117678562,1.2689094958397007,1.5470443291087805,0.49000583406127574,0.32149277028991485,,,,,,,,,,,,"OXTUSDT,STEEMUSDT,HFTUSDT,DODOXUSDT,TLMUSDT",0.0038877229671925306,0.008894721046090126,0.030768584460020065,0.11608023941516876,0.141328826546669,0.13793101906776428,0.14105260372161865,0.0032124617137014866,0.011976039968430996,0.029705647379159927,0.11501729488372803,0.14026586711406708,0.13686805963516235,0.13998964428901672,-0.11028401553630829,-0.0031215748749673367
BYBIT-202407010900-PUNDUUSDT,bybit,PUNDUUSDT,PUNDU,linear_perp,BYBIT-blt8acf562e15b3dcb9,BYBIT-B010,2024-07-01 09:00:50+00:00,2024-07-01 09:27:46+00:00,2024-07-08 10:00:00+00:00,168.98611111111111,False,False,False,False,1616.0,1.9693494110727188,479.0,0.00959,0.0,-0.0003159384925100182,-0.021075595675175172,-0.021654256293114543,-0.03285934209723761,-0.029217700530886886,-0.11595988109486821,-0.11347126728022838,-0.09510165097445847,-0.09323000568123799,-0.11595988109486821,-0.11402560821824152,-0.1963929850255591,-0.2060172757746801,-0.20275837889263512,-0.19374061548942373,-0.32630511926576866,-0.15655492852799185,-0.10093125141800871,-0.11517449153109185,15.362,0.0007262710859335718,0.058518504339436846,-0.011540761878109922,0.006584966973499698,0.38989193464519445,-0.008928630744301207,10.0,-0.045293094243932006,0.06439265285637027,0.06348081037628438,0.07024404462483437,0.06751038671839113,0.15469787546334698,0.1484475212454918,0.2782446158364806,0.11126183428405997,0.2710451606936262,0.12703383436561116,0.23580543256132383,0.0674957259702299,0.22615683944549192,0.055638157174076885,30.0,-0.050581198128438455,0.05425058974974812,0.0540876634751188,0.0647585673481632,0.06522533915702394,0.14921239818667575,0.14315941736098506,0.2727591385598094,0.10597373039955327,0.2655596834169551,0.12174573048110465,0.23031995528465277,0.06220762208572353,0.22067136216882077,0.05035005328957037,60.0,-0.17457157835915568,-0.06973979048096898,-0.0699027167555983,-0.05923181288255387,-0.058765041073693125,0.025222017955958673,0.019169037130267966,0.14876875832909223,-0.018016649831163883,0.1415693031862379,-0.002244649749612526,0.10632957505393552,-0.06178275814499372,0.09668098193810369,-0.07364032694114671,74.0,-0.13681771450554836,-0.035381048916585195,-0.034096208914771095,-0.024897551621727087,-0.021189466942860457,0.06190094617603963,0.05692290098387533,0.18544768654917324,0.019737214022443494,0.1782482314063189,0.035509214103994685,0.1430085032740165,-0.02402889429138652,0.13335991015818463,-0.03588646308753951,434.0,-0.0710918120288967,0.02612300731461747,0.024748249830255514,0.04705400400663532,0.04442264931909858,0.13033343658920638,0.12264880346052716,0.25388017696233994,0.08546311649909519,0.24668072181948567,0.10123511658064657,0.21144099368718328,0.041697008185265255,0.2017924005713514,0.02983943938911232,0.0,0.0,-0.006951209999999999,-0.015451700000000002,-0.015400080000000002,-0.01549333,-0.01362984,0.013094356800232632,0.09280936407141487,0.0118575687961532,-0.014243240113083162,0.0001,-0.00064904,233657.12420000002,4993104.3037,378816.15390000003,298996.6321857143,0.03502925591515091,-0.1932920281772117,0.004096225398424357,0.060671586106824604,10.368067284405303,80.41441324049967,14.869891215781449,938.9042310867878,-2.1120251912353973,9.895861106906183,1.009889191190894,1.2393726444525401,1.0259921954069213,0.7260027739289833,0.2374339886117019,0.1847415335988569,,,,,,,,,,,,"OXTUSDT,STEEMUSDT,HFTUSDT,DODOXUSDT,TLMUSDT",0.0025957301259040833,0.010095318779349327,0.029240936040878296,0.11505670845508575,0.1401612013578415,0.13540294766426086,0.13852453231811523,0.0025182594545185566,0.01200772263109684,0.031130298972129822,0.11694607883691788,0.14205056428909302,0.1372923105955124,0.14041391015052795,-0.10928358882665634,-0.0031215748749673367
BYBIT-202407151201-RNDRUSDT,bybit,RNDRUSDT,RNDR,linear_perp,BYBIT-bltaf7ceeb1f0b1da6e,BYBIT-B011,2024-07-15 12:01:50+00:00,2024-07-15 14:14:10+00:00,2024-07-22 10:00:00+00:00,165.96944444444443,False,True,False,False,7940.0,1.4474428701067936,479.0,6.5947,-0.000379164175044996,-0.0009862537497275646,-0.015526221518752157,-0.01817052869941442,-0.02513624897507219,-0.02634554223921766,-0.02119440921081066,-0.025554235950329192,-0.032408781301531894,-0.035767750035606345,-0.04028698569753447,-0.05244960878313858,0.01715380130656302,-0.03322948150804834,-0.03012456797047501,-0.0591881329643983,-0.011039221658480083,-0.06370157446845291,-0.07524749012351258,-0.07790674126761371,2.149,-6.065660779776349e-05,-0.14947747733101435,0.016594911754655023,0.00884541385705347,0.0033277900926745245,-0.14970425187012376,10.0,-0.06116728160400471,0.00196455872606833,0.0025650796272675574,-0.02654688752745651,-0.018194215731814484,-0.02082800044403659,-0.001979148639606434,-0.03991334675603147,0.0025342928644483537,-0.02586296739510127,-0.0014911706003863448,-0.09920319286972565,-0.00879962741582671,-0.07680323817850246,0.014080208519507906,30.0,-0.0599553342072593,0.003176506122813771,0.0037770270240129983,-0.025334940130711036,-0.01698226833506901,-0.019616053047291283,-0.0007672012428611256,-0.03870139935928625,0.0037462402611935716,-0.024651019998355957,-0.0002792232036410332,-0.0979912454729803,-0.007587680019081361,-0.07559129078175715,0.015292155916253214,60.0,-0.061609846002212025,0.0023629726959412205,0.002815944210287413,-0.025599634725692936,-0.01799153463714142,-0.020253737000859463,-0.0024217130378140217,-0.03933908331285441,0.0020917284662407623,-0.02528870395192422,-0.0019337349985940958,-0.09862892942654847,-0.009242191814034087,-0.0762289747353255,0.013637644121300113,110.0,-0.06014582487608857,0.0004306941420391869,0.0035099768877262325,-0.02564788124919984,-0.01763793164454177,-0.020317527767167737,-0.0009576919116904177,-0.03940287407916257,0.00355574959236412,-0.02535249471823247,-0.00046971387247086993,-0.09869272019285671,-0.00777817068791084,-0.07629276550163351,0.015101665247423929,350.0,-0.06505331052126692,-0.005186584166824571,-0.0018306497439027547,-0.0348859750347329,-0.022552474191916853,-0.026653042119261235,-0.005865177556868828,-0.0457383884312561,-0.001351736052814162,-0.03168800907032597,-0.005377199517648864,-0.10502823454495024,-0.012685656333089074,-0.082628279853727,0.010194179602245626,0.0,-0.00056196,-0.0008337700000000001,-0.0006365700000000001,-0.0005365700000000001,0.00026343000000000004,0.0005634300000000001,-0.022797881340373888,-0.016059357159114197,-0.022879835935334554,-0.0026592511441011655,9.28388888888889e-05,2.6830000000000002e-05,57354276.03638,131857416.84637001,20888319.793759998,49103641.70520143,0.009065254160826715,-0.18916638826362478,-0.0067403067664107506,-0.0699635235849162,16.073524410858713,31.049748638193023,15.803053139808812,154.83181379198686,1.7605999841189102,1.4677796601496291,1.0924153899393543,0.9481877951103033,0.9087407644681752,0.6888570100249486,0.5010950402172792,0.4348738874494716,-0.03152984570077079,-0.035767750035606345,-0.05692223465243265,-0.0591881329643983,-0.0361612663803237,-0.07524749012351258,-3.6436509785517037,-12.494144995613107,-13.42892618799656,-380.69739930784397,-0.03682032543122304,"TRUUSDT,FLMUSDT,RSRUSDT,TOKENUSDT,STGUSDT",0.002323624212294817,-0.002948940033093095,-0.02421705052256584,-0.05355405807495117,-0.026120629161596298,-0.06988386809825897,-0.043161068111658096,-0.0024007954634726048,-0.007709582801908255,-0.027878660708665848,-0.05721566826105118,-0.029782254248857498,-0.07354547083377838,-0.046822648495435715,0.018944041803479195,-0.026722799986600876
BYBIT-202407161012-GALUSDT,bybit,GALUSDT,GAL,linear_perp,BYBIT-blt8832671dd66c1ae5,BYBIT-B012,2024-07-16 10:12:20+00:00,2024-07-16 10:14:25+00:00,2024-07-22 10:00:00+00:00,143.79444444444445,False,True,False,False,125.0,0.9114343775232633,479.0,2.5184,-3.970853932669008e-05,-6.419136459228129e-05,-0.030274194668359577,-0.02989966949013869,-0.058626341754342594,-0.057482116503181004,-0.05308383512379996,-0.05706300999914299,-0.04287732689168294,-0.04555645109431258,-0.05007354770967777,-0.05180588375072126,0.0033694757663436164,-0.010826201642108436,0.06833085655419745,0.04041278181445991,0.35497400642356935,0.3467588779397228,0.32005436121113584,0.4014028841477417,37.197,-3.970853932669008e-05,0.020585643000941026,0.0012956560456303928,0.005376003701622621,0.03643420534818511,-0.47009552177238534,10.0,-0.005667026762348728,0.03660284170460396,0.03933230488774027,0.04141952668035329,0.044365788327376796,-0.07402524725248097,-0.04607980857680883,-0.3606683971218529,-0.35242590470207175,-0.34729842709778314,-0.3388404434589863,-0.31007239358263344,-0.2587503818228515,-0.3773455741900583,-0.3257213879734845,30.0,-0.008226106890599251,0.03404376157635345,0.036773224759489756,0.03886044655210269,0.04180670819912619,-0.07658432738073152,-0.048638888705059384,-0.36322747725010335,-0.3549849848303222,-0.3498575072260337,-0.34139952358723685,-0.31263147371088396,-0.261309461951102,-0.37990465431830883,-0.328280468101735,60.0,-0.017081348541980436,0.025501248869424696,0.029050986968962703,0.02749328140066522,0.03277116763941556,-0.08599710806078098,-0.057494130356440395,-0.3726402579301529,-0.3638402264817032,-0.3592702879060832,-0.3502547652386178,-0.32204425439093365,-0.2701647036024833,-0.3893174349983585,-0.3371357097531163,95.0,-0.02121735883640356,0.019747456404328255,0.023051785117235706,0.02547385074032154,0.029372204855103112,-0.08976282830049132,-0.06163014065086349,-0.37640597816986315,-0.36797623677612634,-0.3630360081457935,-0.35439077553304105,-0.3258099746306438,-0.27430071389690625,-0.39308315523806864,-0.3412717200475392,335.0,-0.02793552133971002,0.022009766350114035,0.026775708226731237,0.018550348499715364,0.024101276199668308,-0.096519885800367,-0.06834830315416994,-0.38316303566973886,-0.374694399279433,-0.3697930656456691,-0.36110893803634736,-0.3325670321305196,-0.28101887640021284,-0.39984021273794446,-0.34798988255084573,0.0,0.0,-0.0028383799999999997,-0.03443764,-0.03443764,-0.057870590000000006,-0.08787059,0.3718602449618571,0.27964157939667567,0.06697100615063294,0.08134852293660588,0.0001,-0.0048816994444444445,5006038.708848,14938553.328797,28762894.879718002,22920478.986714285,-0.01589705360794412,-0.17993684143470992,0.0025740841055325535,-0.005415564396191465,11.955050439580493,34.577556002158424,31.303483165565854,394.4672739314048,2.0853557999882657,2.890204032511535,0.8714265121853959,0.8950978294711686,0.8571878446924188,0.7878275840189406,0.6727594809434405,0.5726109782540453,,-0.04555645109431258,,0.04041278181445991,,0.32005436121113584,,,,,,"TOKENUSDT,RSRUSDT,ALICEUSDT,STGUSDT,1000XECUSDT",0.0012467142660170794,-0.00887216441333294,-0.061707086861133575,-0.03369569033384323,-0.033222392201423645,-0.07883067429065704,-0.050275303423404694,0.0009024785831570625,-0.0054558441042900085,-0.05972323566675186,-0.03171177953481674,-0.031238501891493797,-0.07684680819511414,-0.04829142987728119,-0.011431802995502949,-0.028555363416671753
BYBIT-202407220834-COVALUSDT,bybit,COVALUSDT,COVAL,linear_perp,BYBIT-bltb3abd6270c61be74,BYBIT-B013,2024-07-22 08:34:00+00:00,2024-07-22 08:35:31+00:00,2024-07-24 10:00:00+00:00,49.43333333333333,False,False,False,False,91.0,1.0897216998189432,479.0,0.00614,0.0,9.72706704446489e-06,-0.15279437960577996,-0.1521700501096996,-0.1642448863937755,-0.1617665427781845,-0.16809104498125377,-0.16633877265553068,-0.17001968588765937,-0.1708834274179211,-0.41118174270454755,-0.4166604730583239,-0.3821240082250046,-0.39388673386374806,-0.4771955530204414,-0.4717233548372049,,,-0.4252053675773212,-0.5174034825672138,55.365,0.0,-0.27350089959821366,-0.013485646464446544,0.010777737056944627,0.45416021976100934,-0.0018993358036525163,10.0,-0.023055545863951525,0.14888678070771721,0.1496695319056605,0.38811646977355135,0.3936210574789422,0.4541302800894454,0.44866780897325337,,,0.44889466603550043,0.4428226542982777,0.4541302800894454,0.4496205515968257,0.4155154439616658,0.40214982171336955,30.0,-0.05540465536727643,0.11670788234348209,0.1169558567035384,0.35839759725017856,0.3637868149981332,0.42195138172521024,0.41631869946992844,,,0.4167157676712653,0.4104735447949528,0.42195138172521024,0.41727144209350076,0.38333654559743074,0.3698007122100448,60.0,-0.08156133401600474,0.09055120369475375,0.09079917805481007,0.33224091860145033,0.337630136349405,0.39579470307648196,0.39016202082120016,,,0.3905590890225369,0.3843168661462244,0.39579470307648196,0.3911147634447725,0.3571798669487024,0.34364403356131645,89.0,-0.09876125857565024,0.07466152876901964,0.07586752731932125,0.33180687736071895,0.33756062764384875,0.3779689191238813,0.3729620962615547,,,0.3727333050699363,0.367116941586579,0.3779689191238813,0.37391483888512705,0.3393540829961018,0.32644410900167103,569.0,-0.15394285479249997,0.01532597047822682,0.016682980287404635,0.2763397958478464,0.2828419565538707,0.32250183761100887,0.3177805000447049,,,0.3172662235570638,0.3119353453697292,0.32250183761100887,0.3187332426682773,0.2838870014832293,0.2712625127848212,0.0,0.0,-0.00704646,,-0.00704646,-0.00704646,0.00231784,-0.008544894518997353,0.04651798725988362,0.04747072988345606,-0.0921981149898925,0.0005415833333333334,0.00038630666666666664,968813.4347999999,16348316.952000001,1870933.3272,1034058.6945428572,-0.07767774650599842,-0.2682613456004025,0.016679732895795364,0.007227221196725485,15.961695328221346,77.44479653235273,27.137058715963256,1128.267192628316,18.882812629246857,26.4214117163173,1.0989963319081326,1.646902885895924,1.472794535229042,1.0351192876080297,0.9649981622250554,0.7361414439564767,,,,,,,,,,,,"DODOXUSDT,ETHWUSDT,NKNUSDT,BALUSDT,HFTUSDT",-0.0040374076925218105,-0.017139237374067307,0.011846257373690605,,0.0035939314402639866,0.002630631672218442,0.007958358153700829,-0.006196396891027689,-0.02139984630048275,0.008087781257927418,,-0.00016450081602670252,-0.0011278388556092978,0.004199905786663294,0.0038878717459738255,-0.005327734164893627
BYBIT-202407230953-ANTUSDT,bybit,ANTUSDT,ANT,linear_perp,BYBIT-blt445ad8f3117a0788,BYBIT-B014,2024-07-23 09:53:40+00:00,2024-07-23 09:57:40+00:00,2024-07-25 10:00:00+00:00,48.105555555555554,False,False,False,False,240.0,1.0061508590993882,479.0,8.829,0.0,-0.00010516685784747493,-0.04056718498900016,-0.03984875162103481,-0.024885178417328836,-0.024136673891852034,-0.007161155922828065,-0.005755372146070987,-0.002040817034852787,-0.0004740321474689846,0.0012451187301066567,0.015378419551048648,0.06011147491521119,0.07649324369884714,0.02682024654598539,0.03545427489999223,,,-0.011721317220365207,-0.06358076135230836,20.258,0.0010268233015180391,-0.025067014190459397,-0.030805045683776188,-0.0011999507898054827,0.007383622921936133,-0.14046329146946296,10.0,-0.05129231657945119,-0.04614590110268644,-0.047681551474362455,-0.05476371155227371,-0.06805423825439236,-0.07841760919025856,-0.08674659147944319,,,-0.07720394985884999,-0.0853541295762377,-0.07643085356986166,-0.08467043060128326,0.00023854961945190455,-0.039570999359085986,30.0,-0.03408572479156764,-0.027985175037306097,-0.028949403111754892,-0.03242279966046645,-0.04538370215317494,-0.06162440470551843,-0.0695399996915599,,,-0.060410745374109745,-0.06814753778835417,-0.05963764908512131,-0.06746383881339968,0.017031754104192196,-0.02236440757120246,60.0,-0.07440942668650208,-0.0683088769322405,-0.06927310500668929,-0.07274650155540074,-0.08570740404810924,-0.1019481066004527,-0.10986370158649417,,,-0.10073444726904414,-0.10847123968328856,-0.09996135098005574,-0.1077875407083341,-0.023291947790742184,-0.06268810946613684,80.0,-0.0689634938457074,-0.06250931354196529,-0.06353558512964484,-0.06581321856957183,-0.07829861156056465,-0.0968330059336823,-0.10441776874569944,,,-0.0956193466022737,-0.10302530684249384,-0.09484625031328528,-0.10234160786753935,-0.018176847123971794,-0.05724217662534213,440.0,-0.04387963914715377,-0.02911635086941,-0.030819971996446642,-0.05819278877775935,-0.06582422411675828,-0.07330250852348812,-0.07933391404714592,,,-0.07208884919207942,-0.07794145214394022,-0.07131575290309099,-0.07725775316898566,0.005353650286222509,-0.03215832192678837,0.0,0.0,0.00351556,,0.00351556,0.00351556,0.01133521,-0.027099736771413842,-0.047175592120357344,-0.045099431242197265,-0.051859444131943024,8.525444444444446e-05,0.0018892016666666666,2673178.2153999996,6401265.830399999,1431887.1503,2472983.9302857146,-0.12965714302296796,0.053978648728792294,0.024919379574829814,0.04469889354520037,14.716706114562507,66.98120313419633,15.319353842418167,902.6416308589713,8.314481645467914,6.105423073174759,1.0359984048340467,1.1401352077695894,1.0545829164034295,0.9377687746590415,0.9380136782481112,0.892361422849267,,,,,,,,,,,,"DODOXUSDT,ETHWUSDT,BALUSDT,NKNUSDT,LQTYUSDT",0.004528345540165901,0.02304566279053688,0.0079334182664752,,0.007711899932473898,0.00730986287817359,0.08086507022380829,0.009413287043571472,0.019020121544599533,0.004364736843854189,,0.00414322642609477,0.0037411819212138653,0.07729639858007431,-0.07293166220188141,-0.07355521619319916
BYBIT-202407290952-10000STARLUSDT,bybit,10000STARLUSDT,STARL,linear_perp,BYBIT-blt626e13f38794b072,BYBIT-B015,2024-07-29 09:52:20+00:00,2024-07-29 09:53:27+00:00,2024-08-01 10:00:00+00:00,72.12777777777778,False,False,False,False,67.0,0.97390549095936,479.0,0.00932,-0.00107353740852408,-0.0012937601222946017,-0.0979961873284174,-0.09901272363631125,-0.11590711389494757,-0.11558159805827165,-0.10393092284823201,-0.10464050691504631,-0.05627518874941173,-0.05885721745122278,-0.06310892832797671,-0.060927860215416255,-0.13047047808284415,-0.10065999318601888,-0.09445217889368816,-0.052268558723479325,-0.20533103728996116,-0.1327127187079254,-0.11902051140828848,-0.13149883612399527,0.664,0.0,-0.09085834226692097,-0.02634831536688512,-0.01559038696932659,0.09033474329204506,-0.09840205505895676,10.0,-0.0002202227137705215,0.05627518874941173,0.05974308353814841,0.06539725884598899,0.061983124223882774,0.09445217889368816,0.05204833600970878,0.20533103728996116,0.13249249599415475,0.15773362884120823,0.11224411490492539,0.13414470144472865,0.08772742945288718,0.1909422998378616,0.11880028869451789,30.0,-0.028513731356382386,0.027981680106799852,0.03144957489553653,0.0371037502033772,0.03368961558127099,0.06615867025107637,0.02375482736709699,0.17703752864734934,0.10419898735154291,0.12944012019859638,0.08395060626231354,0.1058511928021167,0.05943392081027524,0.16264879119524978,0.09050678005190607,60.0,-0.09233071315266658,-0.035821276451817284,-0.03239815345498956,-0.03127064288782088,-0.03559858471957184,0.002355713692459148,-0.04006215442918726,0.11323457208873221,0.04038200555525884,0.06563716363997919,0.020133624466029405,0.042048236243499626,-0.0043830609860088104,0.0988458346366326,0.026689798255621983,93.0,-0.11009887174811676,-0.05362590108532414,-0.05059267113925848,-0.044503830988746815,-0.046278290198543334,-0.015448910941047557,-0.05783031302463743,0.09542994745522551,0.022613846959808642,0.04783253900647248,0.002365465870579217,0.024243611609992853,-0.022151219581459068,0.08104121000312589,0.008921639660171746,393.0,-0.12643797164725595,-0.05329858172436192,-0.05202812904880154,-0.06019516078342237,-0.0631093077076789,-0.031140240735723225,-0.07416941292377677,0.07973861766054995,0.006274747060669411,0.03214120921179686,-0.01397363402856009,0.008552281815317253,-0.03849031948059831,0.0653498802084503,-0.007417460238967596,0.0,0.0,-0.01025864,-0.006528969999999999,-0.01074559,-0.00875395,-0.006528969999999999,-0.05809265119287231,-0.06675195268480916,-0.031072859241630776,-0.012478324715706741,0.0001,-0.000725441111111111,245247.8714,7639396.2809999995,477780.3934,526233.8828142857,-0.1933228228622252,-0.045294573434984005,-0.0657608215249308,0.16418945834456675,0.0,59.382618242826744,0.0,816.0758119212375,10.542963549059923,11.827322490496156,0.9986405693357125,1.272547733151416,1.0811205820547627,0.7520514430618398,0.5475178231503237,0.5062909558475599,,,,,,,,,,,,"DODOXUSDT,NKNUSDT,XVGUSDT,STEEMUSDT,COMBOUSDT",0.0014749880647286773,0.003129511373117566,0.005314181558787823,0.09593650698661804,0.06322254240512848,0.04742869362235069,0.09186182916164398,0.003574840258806944,0.0019303858280181885,0.006858245935291052,0.09748057276010513,0.06476658582687378,0.04897274821996689,0.09340587258338928,-0.08654762804508209,-0.04443313926458359
BYBIT-202408070950-CANTOUSDT,bybit,CANTOUSDT,CANTO,linear_perp,BYBIT-blt1c2e46eb7d0d55c5,BYBIT-B016,2024-08-07 09:50:10+00:00,2024-08-07 09:51:20+00:00,2024-08-12 10:00:00+00:00,120.16388888888889,False,False,False,False,70.0,1.0932595913990022,479.0,0.04224,-0.0004735969778314957,0.00020384119989547475,-0.09504979704019263,-0.09328110552478307,-0.07290677080808779,-0.06944858401470073,-0.08778647068558439,-0.08756387579291637,-0.09791774321140571,-0.09719081275944955,-0.17158395716031685,-0.16167562801612748,-0.1766558192582772,-0.13788812182648344,-0.12571569457243753,-0.1253903482874168,-0.07188869996423716,-0.1384562646785676,0.0595830157118305,0.05420266067322654,4.589,0.0,-0.3352320022130769,-0.08588024938235717,-0.009135522105298497,0.12230859320198456,-0.19830539798776906,10.0,-0.001218296987172119,0.10414893703357266,0.10337584034653727,0.16688159652129825,0.1548444235590241,0.12381995940753848,0.12417205130024463,0.06999296479933807,0.13723796769139554,0.08770162723273853,0.14640390973456854,0.05534623831579162,0.12160632420371982,-0.07755823434587444,-0.06080131269900274,30.0,-0.015070918790412197,0.09029631523033259,0.0895232185432972,0.15302897471805807,0.14099180175578396,0.1099673376042984,0.11031942949700455,0.05614034299609796,0.12338534588815542,0.07384900542949842,0.13255128793132845,0.041493616512551554,0.10775370240047975,-0.09141085614911466,-0.07465393450224296,60.0,-0.08417170620036546,0.02136610720816486,0.020943309516853872,0.08301179266628227,0.071619282162719,0.0405105366263073,0.04121864208705128,-0.01331645798189323,0.05428455847820204,0.004392204451507278,0.0634505005213752,-0.027963184465439512,0.038652914990526366,-0.16086765712710566,-0.14375472191219604,100.0,-0.09236596813522052,0.01729602865071692,0.017164687770988365,0.08425177856401563,0.07111601508519284,0.032746522470086345,0.0330243801521963,-0.021080472138114117,0.04609029654334691,-0.0033718097047136368,0.055256238586520276,-0.03572719862166038,0.030458653055671484,-0.16863167128332668,-0.15194898384705113,520.0,-0.09051483154139135,0.027933304951562113,0.027820782888959353,0.07891721515180189,0.06951324313355998,0.03248668097193726,0.034875516746025376,-0.021340313636263087,0.04794143313717619,-0.003631651202862767,0.057107375180349355,-0.035987040119809646,0.0323097896495006,-0.16889151278147563,-0.15009784725322184,0.0,0.0,-0.01336121,-0.01634131,-0.016541310000000004,-0.0183109,-0.04271701,0.22125864372795803,0.18497336399924738,0.1824076369027226,-0.005380355038604181,6.660222222222223e-05,-0.0028478006666666665,610916.91322,3744246.7071700003,2215647.4924500003,424220.43231714284,-0.0056124506062990315,-0.05290914714128287,0.015093045828419818,-0.011822738454226845,18.471489897573747,119.37824285573974,17.80745531231968,1095.2729823649677,28.037512841553095,18.90377947298477,0.9175857917522934,2.506804601007162,2.35912175713817,1.8104382413727145,1.1975205325478229,1.5016838467275617,,,,,,,,,,,,"OXTUSDT,ETHWUSDT,XVGUSDT,DODOXUSDT,AGLDUSDT",0.00016788486391305923,0.012866380624473095,-0.006863647140562534,-0.06452371180057526,-0.05282937362790108,-0.07136870920658112,-0.019771624356508255,0.003068282501772046,0.011026512831449509,-0.009231887757778168,-0.06689194589853287,-0.055197589099407196,-0.07373698055744171,-0.022139843553304672,0.012907993979752064,-0.05159710720181465
BYBIT-202408220957-FRONTUSDT,bybit,FRONTUSDT,FRONT,linear_perp,BYBIT-blt672ef3a9c57efa2c,BYBIT-B018,2024-08-22 09:57:00+00:00,2024-08-22 09:57:54+00:00,2024-08-27 10:00:00+00:00,120.05,False,False,False,False,54.0,1.2594155217418805,479.0,0.8916,-0.002020883139772246,-0.0015243163158841803,-0.03631779744953261,-0.03540934544124565,-0.036899497192536476,-0.036860192787931984,-0.027632663821303707,-0.029594256340760006,-0.017080897150424636,-0.025885129870378,-0.011846474639029714,-0.011062223303587979,-0.010032209485526472,-0.002359123491432695,-0.05854485467286143,-0.06146030121315753,-0.0702674769527332,-0.1298120684365464,-0.06412938036524318,-0.058986814113278455,0.855,-0.001234498781997442,0.28198635197227634,0.12520149026569866,0.008686079107219231,0.08108794323702144,-0.07036163830274753,10.0,-0.0010748781060717482,0.015851781201955833,0.02566192178114404,0.010048066476139208,0.009371178912421332,0.05697340974290164,0.060385423107085764,0.06869603202277332,0.1287371903304748,0.029989135216915472,0.08399000510524784,0.07776118142811955,0.13756357282712645,0.024218112736593675,0.06305450225917161,30.0,0.0006087184530081712,0.017535377761035753,0.02734551834022396,0.011731663035219005,0.011054775471501129,0.05865700630198154,0.06206901966616567,0.07037962858185326,0.13042078688955472,0.03167273177599531,0.08567360166432768,0.07944477798719948,0.13924716938620638,0.025901709295673533,0.06473809881825147,60.0,-0.02990714137535945,-0.012980482067331815,-0.003170341488143609,-0.01878419679314859,-0.019461084356866467,0.02814114647361394,0.031553159837798064,0.039863768753485594,0.09990492706118706,0.0011568719476276708,0.055157741835960034,0.04892891815883176,0.10873130955783866,-0.0046141505326941935,0.034222238989883746,66.0,-0.030784769797883506,-0.017325888053077207,-0.0076869966883009715,-0.02615946757835105,-0.02766297053471756,0.027100021965203294,0.030675531415273988,0.03882264424507495,0.09902729863866272,0.00011574743921711816,0.05428011341343595,0.047887793650421256,0.10785368113531474,-0.005655275041104756,0.03334461056735974,426.0,-0.03362452955924963,-0.021928437353669072,-0.01643682872641983,-0.02498983778310207,-0.02926709081232817,0.024202309129132082,0.027835771653907798,0.03592493140900377,0.09618753887729684,-0.0027819653968541957,0.05144035365206973,0.044990080814350006,0.10501392137394858,-0.008552987877175918,0.03050485080599362,0.0,0.0,6.3700000000000085e-06,0.0006063700000000001,0.00040637000000000003,0.0009063700000000002,0.0009566100000000003,-0.053067157061655296,-0.0026690791520856544,0.0745090705679548,0.0051425662519646535,-0.000993361111111111,6.377400000000002e-05,36783166.212400004,17560949.900700003,8650793.7793,19515259.13034286,0.00983009285584843,-0.13368733592026313,0.0058758704985372185,0.06464446428466956,23.786611430650417,33.99070563041177,15.885626851377399,294.23949567885853,4.042348011457321,3.1523312013404903,0.8948065536124262,0.9647433986322993,0.9474130463479908,0.73279262274902,0.46827273653833373,0.40591477934617665,-0.02462377166484613,-0.025885129870378,-0.061789919147357424,-0.06146030121315753,-0.05188404780644701,-0.06412938036524318,-12.339448534113245,-1.1891313409577207,-16.984111810465457,-126.93863627091814,-0.012574950492996083,"DODOXUSDT,RIFUSDT,LQTYUSDT,BELUSDT,BADGERUSDT",-0.008894940838217735,-0.0031441315077245235,-0.05953345447778702,-0.1573881357908249,-0.15418776869773865,-0.14675280451774597,-0.09938353300094604,-0.005585883744060993,0.0029673934914171696,-0.05859002470970154,-0.1564446985721588,-0.153244286775589,-0.1458093523979187,-0.09844009578227997,0.039850033819675446,-0.047369278967380524
BYBIT-202409130645-10000NFTUSDT,bybit,10000NFTUSDT,NFT,linear_perp,BYBIT-blta98c927fd4e41c22,BYBIT-B020,2024-09-13 06:45:30+00:00,2024-09-13 06:48:44+00:00,2024-09-18 10:00:00+00:00,123.24166666666666,False,False,False,False,194.0,0.5155316965822757,479.0,0.004457,0.0,4.37303840750788e-05,-0.03842228842967535,-0.038017864047534,-0.0017965421405140491,-0.0017331764997626136,-0.008336197874811983,-0.009210918377498425,-0.016514344318704344,-0.01792778141324956,-0.024759924705455644,-0.028882436766117632,-0.019941743995119998,-0.03782439449732912,-0.03772306919596673,-0.05709653509671159,-0.09058722444357697,-0.09817907975251386,-0.10942402063821105,-0.09015119187289684,77.621,-0.0006295947451679108,-0.007779144274678288,-0.003620383220709196,0.0015237822547402222,0.080922097510169,-0.027144846943376495,10.0,-0.027249298727114627,-0.009637522966032252,-0.007832492430289337,-0.00230308715342595,0.0018844023195712053,0.010430040084777112,0.02984723636959704,0.06329419533238731,0.07092978102539929,0.056683815036521125,0.07450502196660204,0.04963211408278441,0.06022270250436063,0.06133100451780769,0.08217472191109647,30.0,-0.023027412058194134,-0.0052685953964025835,-0.00317690042583061,0.0006892590738127604,0.005437009112844445,0.014342138043903772,0.03406912303851739,0.06720629329151395,0.07515166769431966,0.060595912995647754,0.07872690863552244,0.0535442120419111,0.06444458917328119,0.06524310247693427,0.08639660858001674,60.0,-0.042040273212656305,-0.024281456550864507,-0.02218976158029253,-0.018323602080649398,-0.013575852041617712,-0.0046707231105582794,0.01505626188405534,0.04819343213705193,0.05613880653985764,0.0415830518411856,0.059714047481060295,0.03453135088744902,0.045431728018819104,0.046230241322472186,0.06738374742555467,76.0,-0.038017864047534,-0.02190794411097101,-0.019729768474102755,-0.013432346471911626,-0.008633691144607554,-0.0006992192337084448,0.01907867104917769,0.05216493601390175,0.06016121570497994,0.04555455571803542,0.06373645664618266,0.03850285476429877,0.04945413718394134,0.05020174519932203,0.07140615659067703,376.0,-0.02161563004930789,-0.002747883570154191,-3.14433977779238e-05,-0.00137488564279453,0.0032277692728936752,0.015948564092177497,0.035480905047403706,0.06881271933978769,0.07656344970320596,0.06220233904392148,0.08013869064440883,0.05515063809018481,0.06585637118216749,0.06684952852520801,0.08780839058890308,0.0,-0.00027342,-0.0017609400000000001,-0.00898268,-0.00791034,-0.00984242,-0.010213139999999999,-0.08054158387209338,-0.05232748554149948,-0.02195201940673571,0.019272828765314175,-2.6981111111111107e-05,-0.0006383212499999999,136683.80797,1772902.1722399998,296373.17003,353870.42701000004,-0.16876760234147872,-0.02099096573434838,-0.005032279751619954,-0.10458254776187242,2.235386172267479,29.64316387968135,0.0,227.38587689318024,,11.164709231254351,0.9810848865737284,1.675515317297927,1.6827266588949643,1.6311558975487348,1.5312165481998947,1.4428072155798641,-0.01819768232225786,-0.01792778141324956,-0.04881756486940923,-0.05709653509671159,-0.10181782884095639,-0.10942402063821105,24.71078422413342,-58.07891804888499,-26.618285529078634,-51.351133748411826,0.000672778430047663,"STEEMUSDT,ETHWUSDT,DODOXUSDT,HFTUSDT,XVGUSDT",-0.000761940551456064,-0.00502375140786171,-0.013584217056632042,0.03592374175786972,0.0004176311194896698,0.044251956045627594,0.010132523253560066,-0.0030008340254426003,-0.0076557183638215065,-0.014499420300126076,0.03500860184431076,-0.000497533765155822,0.043336786329746246,0.00921737588942051,-0.023716770112514496,0.034119412302970886
BYBIT-202409191000-DAOUSDT,bybit,DAOUSDT,DAO,linear_perp,BYBIT-blt6f0a60a930b45537,BYBIT-B022,2024-09-19 10:00:00+00:00,2024-09-19 10:00:00+00:00,2024-09-24 10:00:00+00:00,120.0,False,False,False,False,0.0,0.6393432321419241,479.0,0.271,-0.005179441841548973,-0.005317000577517713,-0.004067300855742097,-0.004304417228292544,0.013196672454169816,0.011659546143096316,0.015015847050827863,0.012508513010424407,0.006620105089606045,0.006489731525138853,0.03801362670004399,0.029655973153135437,0.03943357724036576,0.033967416131484386,0.0756618512374993,0.06339457080555896,0.10764572545404763,0.10350730216336991,0.09334016727158144,0.09089347957299371,4.907,0.002211574804840132,-0.10958098716422313,-0.0473864831446765,-0.04857942765293691,0.0,-0.14206288387963248,10.0,0.0007377351865395941,-0.005882369903066392,-0.0057519963385991996,-0.037275891513504404,-0.02891823796659585,-0.07492411605095975,-0.06265683561901941,-0.10690799026750812,-0.1027695669768304,-0.1015923631331211,-0.0935884612280295,-0.09825569003408169,-0.08457893749156953,-0.10856334571917188,-0.09260243208504196,30.0,0.0007377351865395941,-0.005882369903066392,-0.0057519963385991996,-0.037275891513504404,-0.02891823796659585,-0.07492411605095975,-0.06265683561901941,-0.10690799026750812,-0.1027695669768304,-0.1015923631331211,-0.0935884612280295,-0.09825569003408169,-0.08457893749156953,-0.10856334571917188,-0.09260243208504196,60.0,-0.004946149469985407,-0.012161565039275653,-0.012477788999338005,-0.044596840792429204,-0.03638687940831753,-0.08047044197151602,-0.06834072027554446,-0.11245431618806424,-0.10845345163335525,-0.10713868905367734,-0.09927234588455444,-0.10380201595463805,-0.09026282214809457,-0.11410967163972813,-0.098286316741567,60.0,-0.005317000577517713,-0.012532416146807782,-0.012848640106870136,-0.044967691899961595,-0.03675773051584992,-0.08084129307904823,-0.06871157138307667,-0.1128251672955965,-0.1088243027408875,-0.10750954016120956,-0.09964319699208667,-0.10417286706217033,-0.09063367325562685,-0.11448052274726037,-0.09865716784909924,300.0,-0.004304417228292544,-0.013981096022674453,-0.014383527342171267,-0.03959115212769725,-0.03015463519585906,-0.07972915209324132,-0.06769898803385148,-0.11171302630978976,-0.1078117193916626,-0.10639739917540285,-0.09863061364286177,-0.10306072607636341,-0.08962108990640168,-0.11336838176145353,-0.09764458449987409,0.0,0.0,-0.00484339,-0.019787520000000003,-0.0184062,-0.019487520000000005,-0.019055020000000006,0.06368419411844631,0.029945596466022517,0.008023494593472437,-0.002446687698587929,6.955333333333334e-05,-0.001270334666666667,1979969.1583200002,888951.55909,267815.67128,792418.2731771428,-0.3300835803293727,-0.2041371916317133,0.11847453832216545,0.1407442312835816,3.644979081725558,27.38013215543139,3.3145509997374503,141.47299617618182,16.702391178532658,9.501882818475064,1.0549038376478939,1.5031100689011627,1.2682183060664252,1.0194095511596704,0.5571229450634892,0.4023342537798391,,,,,,,,,,,,"STEEMUSDT,ETHWUSDT,HFTUSDT,COMBOUSDT,ONGUSDT",-0.0003921561292372644,-0.018534237518906593,-0.07802259922027588,-0.08799271285533905,-0.115931436419487,-0.10095610469579697,-0.11740684509277344,0.001687333919107914,-0.019665241241455078,-0.0767788514494896,-0.08674896508455276,-0.1146877184510231,-0.09971240162849426,-0.11616308987140656,0.039384253323078156,0.01645071618258953
BYBIT-202409191000-LOOMUSDT,bybit,LOOMUSDT,LOOM,linear_perp,BYBIT-blt6f0a60a930b45537,BYBIT-B022,2024-09-19 10:00:00+00:00,2024-09-19 10:00:00+00:00,2024-09-24 10:00:00+00:00,120.0,False,False,False,False,0.0,0.7395756448961961,479.0,0.04679,0.0014949282015246142,0.0013358038286516041,0.0004273504338543641,0.00015306037285389842,0.002561367462241757,0.0007832596702963834,0.011474839040031767,0.008574420146585292,0.011474839040031767,0.011324026286926974,0.029066915764004463,0.019398999219293524,0.056303164696519754,0.04998005150164973,0.09435769695961858,0.08016722558138901,0.2720660101345514,0.2672787895616479,0.2786845404651837,0.2760715817175242,0.493,0.00021369804547628378,0.00010948104717728446,-0.016933890410602732,-0.016760376479072442,0.0006410941559462273,-0.4191150247700673,10.0,0.0004273504338543641,-0.011047488606177318,-0.010896675853072526,-0.028639565330150277,-0.01897164878543934,-0.09393034652576429,-0.07973987514753472,-0.2716386597006973,-0.2668514391277938,-0.24239729323194606,-0.23313858739828522,-0.3563544482359732,-0.3405335361292994,-0.2967203603608993,-0.27825719003132937,30.0,0.0004273504338543641,-0.011047488606177318,-0.010896675853072526,-0.028639565330150277,-0.01897164878543934,-0.09393034652576429,-0.07973987514753472,-0.2716386597006973,-0.2668514391277938,-0.24239729323194606,-0.23313858739828522,-0.3563544482359732,-0.3405335361292994,-0.2967203603608993,-0.27825719003132937,60.0,0.00048183281176678185,-0.011889736667874627,-0.012255536331400004,-0.02842595857936476,-0.01892888849248004,-0.0937167397749788,-0.07968539276962226,-0.2714250529499117,-0.26679695674988124,-0.24218368648116048,-0.2330841050203726,-0.35614084148518765,-0.3404790537513868,-0.29650675361011386,-0.278202707653417,60.0,0.0013358038286516041,-0.011035765650989904,-0.01140156531451528,-0.027571987562479874,-0.018074917475595156,-0.09286276875809378,-0.07883142175273725,-0.2705710819330268,-0.26594298573299635,-0.24132971546427562,-0.23223013400348774,-0.35528687046830276,-0.3396250827345019,-0.29565278259322897,-0.2773487366365321,300.0,0.00015306037285389842,-0.04224802276158979,-0.04271354485939345,-0.029054675340262216,-0.018138757653831036,-0.09393034652576429,-0.08001416520853524,-0.2716386597006973,-0.26712572918879446,-0.24239729323194606,-0.23341287745928577,-0.3563544482359732,-0.3408078261902998,-0.2967203603608993,-0.27853148009232986,0.0,5e-05,0.0005124200000000001,8.053000000000014e-05,-6.946999999999992e-05,-0.005956019999999999,-0.007433479999999999,0.2592855412458903,0.1985173148837947,-0.062276346097969865,-0.0026129587476594936,6.853944444444445e-05,-0.00024778266666666663,9225587.2114,14151237.9571,25154313.8344,7564785.815742858,-0.05803680521694937,0.023692128402875524,0.009447614215405733,-0.017466420992138288,12.975780367330954,18.019622460157276,22.47014064354181,376.89521428790675,5.339146609552617,3.6094250401786336,1.061086781591344,1.043687438236729,1.0559046951090272,0.9439387208881477,1.0890172168506365,0.6192399396513625,,,,,,,,,,,,"ATAUSDT,QNTUSDT,ALICEUSDT,HOTUSDT,RIFUSDT",0.00394784938544035,-0.009639541618525982,-0.043558184057474136,-0.019592445343732834,-0.03716861084103584,-0.04709833115339279,-0.061170995235443115,0.005151656456291676,-0.009464884176850319,-0.04276362434029579,-0.01879783347249031,-0.0363740399479866,-0.04630371183156967,-0.060376428067684174,0.017612798139452934,0.014072691090404987
BYBIT-202409191000-MAPOUSDT,bybit,MAPOUSDT,MAPO,linear_perp,BYBIT-blt6f0a60a930b45537,BYBIT-B022,2024-09-19 10:00:00+00:00,2024-09-19 10:00:00+00:00,2024-09-24 10:00:00+00:00,120.0,False,False,False,False,0.0,0.42707129293530577,479.0,0.010252,-0.003713480276372523,-0.0038053673634194933,-0.03413029687471159,-0.03428868690796805,-0.0363531936170571,-0.03737996998391682,-0.024287895435811575,-0.02596275541183476,-0.021194543670161405,-0.02128163117487316,0.00263017052896008,-0.0029526114991309735,-0.005281185868860667,-0.008932496111626238,0.013467238368684843,0.005272886647283093,0.006610951551591931,0.0038465494329643895,-0.015746729219857338,-0.016238963577549517,2.36,-0.00019510291740751525,0.016251496677993648,0.01822206351633855,0.008124656657073391,0.0044507457650699266,-0.07988742093626461,10.0,-0.003615580232239354,0.01757896343792207,0.017666050942633824,-0.006245750761199539,-0.0006629687331084853,-0.01708281860092426,-0.008888466879522511,-0.010226531783831153,-0.0074621296652036114,-0.0287553583241085,-0.02340887686737505,-0.0285650995716318,-0.01942924249542785,0.0014695079793598834,0.012131148987617982,30.0,-0.0026371065729592818,0.018557437097202062,0.018644524601913817,-0.005267277101919507,0.0003155049261715469,-0.016104344941644175,-0.007909993220242426,-0.009248058124551088,-0.006483656005923546,-0.027776884664828437,-0.022430403208094987,-0.027586625912351982,-0.018450768836148032,0.0024479816386400017,0.0131096226468981,60.0,-0.004001196209634292,0.01728523454757413,0.017074001881470027,-0.006539479651547494,-0.0010553536813469114,-0.017376547491272105,-0.009274082856917342,-0.010520260674179204,-0.007847745642598623,-0.029049087214456353,-0.02379449284476985,-0.028858828461979763,-0.019814858472822747,0.0011757790890119504,0.01174553301022304,60.0,-0.0038053673634194933,0.017481063393788916,0.017269830727684815,-0.006343650805332598,-0.0008595248351320152,-0.017180718645057397,-0.009078254010702634,-0.010324431827964324,-0.007651916796383744,-0.028853258368241586,-0.023598663998555085,-0.028662999615765,-0.019619029626607984,0.0013716079352267777,0.011941361856437868,300.0,-0.03428868690796805,-0.012038668668933914,-0.012307486504635996,-0.04345075269666951,-0.03714730677860678,-0.047597535243396424,-0.03956157355525117,-0.04074124842630349,-0.03813523634093249,-0.059270074966580606,-0.054081983543103666,-0.05907981621410417,-0.05010234917115667,-0.029045208663112353,-0.01854195768811074,0.0,0.0,-0.0027758500000000003,-0.00485935,-0.00495521,-0.004559349999999999,-0.0042593499999999986,-0.012794117720726379,-0.021019615867140472,-0.03156039148304595,-0.0004922343576920889,0.0001,-0.00028395666666666656,224504.66707999998,616969.0293899999,202531.96697,442560.6306785714,-0.049517301108215346,-0.04594504776085792,0.012919193746040124,0.052397353705511206,0.9910311687403648,18.229699194680002,0.9698381495542466,236.85938630409353,5.462002190986414,8.049180479956412,1.0077993415438196,1.342292686306875,1.2232116927741106,1.0905852164709202,0.6977101807185376,0.7232447268257048,,,,,,,,,,,,"STEEMUSDT,ETHWUSDT,HFTUSDT,COMBOUSDT,ONGUSDT",-0.0003921561292372644,-0.018534237518906593,-0.07802259922027588,-0.08799271285533905,-0.115931436419487,-0.10095610469579697,-0.11740684509277344,0.001687333919107914,-0.019665241241455078,-0.0767788514494896,-0.08674896508455276,-0.1146877184510231,-0.09971240162849426,-0.11616308987140656,0.039384253323078156,0.01645071618258953
BYBIT-202409191000-VGXUSDT,bybit,VGXUSDT,VGX,linear_perp,BYBIT-blt6f0a60a930b45537,BYBIT-B022,2024-09-19 10:00:00+00:00,2024-09-19 10:00:00+00:00,2024-09-24 10:00:00+00:00,120.0,False,False,False,False,0.0,0.5522807519347354,479.0,0.01918,-0.021075595675175172,-0.02119442236843896,-0.01153657262841629,-0.011741399710247551,-0.0005215123977389782,-0.0018493207363903066,-0.01153657262841629,-0.013702470786978772,-0.0010432969125776746,-0.001155916874120287,0.03282345944654994,0.025603908267705158,0.03735404862081277,0.03263224127908858,0.05032828251082834,0.039731497371727445,0.5435481699474061,0.5399732959018287,0.5178830223128619,0.5008132272248139,0.102,0.0005212405643164359,-0.024171624016338655,-0.13076133065479023,-0.05562561863848448,0.028894465999715187,-0.6187145857771755,10.0,-0.002087683430483844,-0.0010443865179062505,-0.0009317665563636383,-0.034911142877033764,-0.02769159169818898,-0.052415965941312134,-0.04181918080221124,-0.54563585337789,-0.5420609793323127,-0.3696520271684845,-0.3627380555483476,-0.5422999897840607,-0.5304856672129145,-0.5337581440710981,-0.5199707057433458,30.0,-0.010482276273510342,-0.009438979360932565,-0.009326359399389953,-0.043305735720060246,-0.03608618454121546,-0.06081055878433861,-0.050213773645237714,-0.5540304462209164,-0.550455572175339,-0.37804662001151096,-0.37113264839137405,-0.5506945826270873,-0.538880260055941,-0.5421527369141245,-0.528365298586372,60.0,-0.01959825283561685,-0.02571645259790092,-0.025989614801961363,-0.05280729921876558,-0.04571532824195258,-0.06980770865318144,-0.05932975020734435,-0.5630275960897592,-0.5595715487374455,-0.3870437698803537,-0.3802486249534806,-0.55969173249593,-0.5479962366180474,-0.5511498867829673,-0.5374812751484788,60.0,-0.02119442236843896,-0.027312622130723007,-0.02758578433478345,-0.05440346875158766,-0.04731149777477466,-0.07140387818600344,-0.060925919740166354,-0.5646237656225813,-0.5611677182702677,-0.3886399394131758,-0.3818447944863027,-0.5612879020287521,-0.5495924061508696,-0.5527460563157893,-0.5390774446813008,300.0,-0.011741399710247551,-0.019843993198272337,-0.02019162348598054,-0.048890621249229146,-0.04073912076442607,-0.06186485513924463,-0.051472897081975055,-0.5550847425758224,-0.5517146956120764,-0.37910091636641696,-0.3723917718281114,-0.5517488789819932,-0.5401393834926782,-0.5432070332690305,-0.5296244220231094,0.0,0.0,0.0006199900000000001,-0.0018303800000000002,0.0015127900000000002,-0.00147935,0.00246295,0.49227911404515695,0.4781515249411345,-0.01051496146956872,-0.01706979508804783,0.0002091166666666667,0.0001641966666666667,10866261.716359999,6390220.74226,3126492.7531999997,2528009.5119928573,-0.07176915186074123,-0.018811784759795003,0.0213968908946881,0.032096542689021526,37.49711653593891,57.47142647773881,24.976607174615147,1060.781634924135,17.529343839437832,10.321011795938828,1.201072420018824,0.9153357882165897,0.8333117893220376,0.6990782728856035,0.40448703853745316,0.27468487672221,,,,,,,,,,,,"WAXPUSDT,BADGERUSDT,BICOUSDT,DENTUSDT,1000XECUSDT",0.0003119461180176586,-0.015130286104977131,-0.0482172966003418,-0.038006749004125595,-0.06705871969461441,-0.06214886158704758,-0.08174954354763031,0.0016907894751057029,-0.016215888783335686,-0.04716835916042328,-0.03695780783891678,-0.06600982695817947,-0.061099935322999954,-0.08070060610771179,0.03353229910135269,0.019600702449679375
BYBIT-202409191000-ZCXUSDT,bybit,ZCXUSDT,ZCX,linear_perp,BYBIT-blt6f0a60a930b45537,BYBIT-B022,2024-09-19 10:00:00+00:00,2024-09-19 10:00:00+00:00,2024-09-24 10:00:00+00:00,120.0,False,False,False,False,0.0,1.2841212130128143,479.0,0.0761,-0.026632732565598945,-0.026909019358063932,-0.029335436913484194,-0.029811685270606222,-0.010568130061792235,-0.013655449053997428,-0.07785500170364344,-0.08289098342289074,-0.07501812036844387,-0.07527997574022521,0.043708756792646096,0.02692240531342269,-0.036124329247170156,-0.04710311666647933,-0.08069995383587475,-0.10533879293933575,-0.026632732565598945,-0.034944757889120125,-0.11847175840311297,-0.1287323449789203,20.165,0.0,-0.13910142757261795,-0.20237968151689345,-0.010335148794750778,0.09802020856318984,-0.09911643401590535,10.0,0.0,0.07501812036844387,0.07527997574022521,-0.043708756792646096,-0.02692240531342269,0.08069995383587475,0.10533879293933575,0.026632732565598945,0.034944757889120125,0.030689533261213313,0.046765374384561985,0.06796092805844507,0.09543069262626362,0.08641425509931332,0.11847175840311297,30.0,-0.01856817272886846,0.056449947639575365,0.05671180301135672,-0.06227692952151451,-0.045490578042291105,0.062131781107006276,0.08677062021046728,0.008064559836730408,0.016376585160251585,0.012121360532344737,0.028197201655693407,0.049392755329576474,0.07686251989739502,0.06784608237044487,0.09990358567424452,60.0,-0.02286860982105909,0.058107630807280694,0.05747249481965387,-0.05999191062797547,-0.04350219893425168,0.058107630807280694,0.08247018311827665,0.004040409537004863,0.012076148068061083,0.00809721023261925,0.023896764563503002,0.04536860502985095,0.07256208280520463,0.06382193207071933,0.09560314858205388,60.0,-0.026909019358063932,0.05406722127027582,0.053432085282649,-0.06403232016498035,-0.04754260847125656,0.05406722127027582,0.07842977358127179,-0.0,0.008035738531056219,0.004056800695614318,0.01985635502649807,0.04132819549284606,0.06852167326819973,0.05978152253371441,0.09156273904504897,300.0,-0.029811685270606222,0.06282596044139713,0.06201767692768054,-0.06546839989767256,-0.04651515075083855,0.051364516922390566,0.07552710766872943,-0.002702704347885294,0.005133072618513611,0.0013540963477291466,0.01695368911395563,0.03862549114496088,0.06561900735565743,0.057078818185829244,0.08866007313250679,0.0,0.0,0.00021287,0.00081287,0.0006128700000000001,0.0011128700000000002,0.0014128700000000003,-0.14539416371653538,-0.013132965463777332,-0.023041065776849275,-0.010260586575807303,-0.00023970222222222226,9.419133333333335e-05,3218629.7723000003,6858265.997,124837.5816,1015101.8413571429,-0.05637634724615556,-0.11077856415747418,0.03156929851949147,-0.026547478391715274,25.94035177046749,130.66081576863536,0.0,558.4844148952773,12.61916380273109,26.210793585990636,2.3564050176252285,0.8174417824946814,0.5529376306137392,0.48624995433211216,0.2725471659787266,0.2540751568449035,,,,,,,,,,,,"STEEMUSDT,ETHWUSDT,HFTUSDT,COMBOUSDT,ONGUSDT",-0.0003921561292372644,-0.018534237518906593,-0.07802259922027588,-0.08799271285533905,-0.115931436419487,-0.10095610469579697,-0.11740684509277344,0.001687333919107914,-0.019665241241455078,-0.0767788514494896,-0.08674896508455276,-0.1146877184510231,-0.09971240162849426,-0.11616308987140656,0.039384253323078156,0.01645071618258953
BYBIT-202410040945-CEEKUSDT,bybit,CEEKUSDT,CEEK,linear_perp,BYBIT-blt9618fca342dd8b06,BYBIT-B023,2024-10-04 09:45:10+00:00,2024-10-04 09:51:50+00:00,2024-10-10 10:00:00+00:00,144.24722222222223,False,False,False,False,400.0,0.9310975740666627,479.0,0.02722,-0.00331187055247965,-0.003140367655221683,-0.009597711179213741,-0.008891766610419093,-0.014431332785787261,-0.013931913411143759,-0.007374664691267294,-0.006460630034899076,0.006225986051666778,0.00614707497642549,0.044547595438386205,0.03832358216941633,0.06196357029419549,0.048588495484282165,0.07124358189983448,0.05720903073842401,0.10851497669706611,0.08069404921510957,0.07920001366943241,0.06946237655335567,9.824,0.0,-0.16328960086953198,-0.023915146066763315,-0.04251019194209065,-0.005204472714105905,-0.16868697194140214,10.0,-0.020706143358033967,-0.028858828461979978,-0.028845158087292492,-0.0625658559917383,-0.05588527132918205,-0.09278173345096608,-0.07791517409645785,-0.13005312824819776,-0.10140019257314349,-0.12807358289705972,-0.09994515114645312,-0.09824063475863756,-0.08434176659608325,-0.09243956065036504,-0.09990615702746632,30.0,-0.01583813149796121,-0.023990816601907255,-0.02397714622721977,-0.05769784413166564,-0.051017259469109386,-0.08791372159089339,-0.07304716223638516,-0.1251851163881251,-0.09653218071307083,-0.12320557103698704,-0.09507713928638044,-0.09337262289856478,-0.07947375473601047,-0.08757154879029229,-0.09503814516739356,60.0,-0.03317089397802096,-0.04132357908196686,-0.04130990870727937,-0.07503060661172542,-0.06835002194916917,-0.10524648407095326,-0.09037992471644503,-0.1425178788681848,-0.11386494319313052,-0.1405383335170467,-0.1124099017664401,-0.11070538537862465,-0.09680651721607034,-0.10490431127035212,-0.11237090764745339,70.0,-0.03110670003191847,-0.04524316273084934,-0.04548930757701833,-0.0731319920296202,-0.06692245634288145,-0.10334786948884804,-0.08831573077034234,-0.14061926428607968,-0.11180074924702817,-0.13863971893494162,-0.11034570782033776,-0.10880677079651944,-0.09474232326996795,-0.10300569668824694,-0.1103067137013509,490.0,-0.013931913411143759,-0.023209735902292243,-0.02376107801650398,-0.05051028198713506,-0.048321805882021944,-0.08567491468562184,-0.07114094414956774,-0.12294630948285344,-0.09462596262625358,-0.12096676413171527,-0.09317092119956288,-0.09113381599329311,-0.07756753664919307,-0.08533274188502069,-0.09313192708057626,0.0,0.0,-0.00148894,-0.0016913599999999998,-0.0016913599999999998,-0.0018496700000000003,-0.00154967,0.040876431500016054,0.0219909829310084,0.015564390431383008,-0.009737637116076753,0.0001,-8.609277777777777e-05,351071.35070999997,1317027.3305,158803.32161,348546.4590128571,0.04975005495229813,-0.04686570502339615,0.018239447098787078,0.08945824675436398,10.90314481990277,33.265605355980426,3.481288111746348,265.17960875057867,19.711477287372713,6.952497469874836,1.0248330399192678,1.4064458920720184,1.1794156625246903,0.877015124649804,0.6332520198515139,0.6671833470429592,,,,,,,,,,,,"STEEMUSDT,OXTUSDT,HFTUSDT,BADGERUSDT,BICOUSDT",0.002324292901903391,-0.007081556133925915,-0.034756261855363846,-0.06124143674969673,-0.059924185276031494,-0.045570872724056244,0.008480951189994812,0.004321240819990635,-0.005014520604163408,-0.03575693443417549,-0.06224209815263748,-0.060924820601940155,-0.0465715155005455,0.007480277214199305,-0.04323720932006836,-0.054051827639341354
BYBIT-202410150852-ORNUSDT,bybit,ORNUSDT,ORN,linear_perp,BYBIT-bltd27ce647bd3e36ea,BYBIT-B025,2024-10-15 08:52:20+00:00,2024-10-15 09:01:07+00:00,2024-10-17 09:00:00+00:00,48.12777777777778,False,False,False,False,527.0,1.3749338399206736,479.0,1.009,0.0,-0.0004165200860051131,-0.014977813697034787,-0.015459207463979175,-0.02305866575097346,-0.02220848952903833,-0.029162448688991288,-0.028907032261837353,-0.03838855206228394,-0.03848065782149877,-0.1165449520514092,-0.11866600536465333,-0.10327042084271305,-0.12305843878699034,-0.0697718807682293,-0.10062088690882419,,,-0.22624701601221428,-0.24723261653270034,4.483,0.0,-0.04739791177340402,-0.09473025802592168,-0.0049139551272855495,0.19089478750444286,-0.018127384592556715,10.0,-0.008977248869942648,0.03766348470467494,0.03518242307940214,0.14949950865152745,0.15239156451972516,0.06181163972984092,0.09164363803888129,,,0.06181163972984092,0.09119119048867116,0.06181163972984092,0.09058086701131453,0.18492233849401193,0.2172697671422717,30.0,-0.009976749203025976,0.03666398437159147,0.03418292274631867,0.14850000831844395,0.15139206418664167,0.060812139396757475,0.09064413770579785,,,0.060812139396757475,0.09019169015558771,0.060812139396757475,0.08958136667823108,0.1839228381609285,0.21627026680918826,60.0,-0.013239875607680932,0.034732806918891725,0.03309932149335659,0.13870828080405645,0.1430860730965483,0.05680411799921862,0.08738101130114323,,,0.05680411799921862,0.08692856375093307,0.05680411799921862,0.08631824027357649,0.1799148167633897,0.21300714040453375,113.0,-0.01805909949337592,0.02866112253186249,0.027982728076885604,0.13137140906459596,0.1362860415510944,0.05177139474460846,0.08256178741544822,,,0.05177139474460846,0.08210933986523822,0.05177139474460846,0.08149901638788166,0.17488209350877945,0.20818791651883872,533.0,-0.02354962536680487,0.020534602441707864,0.019568132202185624,0.11854552139671799,0.12435098887536908,0.04468275746687379,0.07707126154201915,,,0.04468275746687379,0.07661881399180898,0.04468275746687379,0.07600849051445249,0.1677934562310449,0.2026973906454096,0.0,0.0,0.00085885,,0.00085885,0.00085885,0.00584836,-0.10758101064756104,-0.12562612910339035,-0.12668890013095715,-0.02098560052048597,0.0004085322222222222,0.0009747266666666667,2958952.8178,3585297.1584999994,2345543.9972,3936980.223971429,-0.02910583584905994,-0.262245056737799,-0.017929842783162838,-0.08658540945829166,19.083975257603907,70.95822981469081,10.20929134107143,1070.2381650464408,4.3921079639806475,7.366482837723511,1.0274790578546737,0.8047566806554057,0.7868298148446701,0.5197123095706007,0.5194105554452794,0.312324268770789,,-0.03848065782149877,,-0.10062088690882419,,-0.22624701601221428,-426.834917803666,,,,,"TLMUSDT,BICOUSDT,XVGUSDT,JOEUSDT,ICXUSDT",0.006784456316381693,0.012235427275300026,0.04049033671617508,,0.04071889445185661,0.04074190929532051,0.06544188410043716,-0.0012839006958529353,0.0022394147235900164,0.031777314841747284,,0.032005857676267624,0.03202887997031212,0.05672885850071907,-0.024951539933681488,-0.024699969217181206
BYBIT-202410180955-1000BEERUSDT,bybit,1000BEERUSDT,BEER,linear_perp,BYBIT-blt38ec1ce8fe3dc93e,BYBIT-B026,2024-10-18 09:55:10+00:00,2024-10-18 09:58:41+00:00,2024-10-22 10:00:00+00:00,96.08055555555555,False,False,False,False,211.0,2.247965230079577,479.0,0.01343,0.0022313136814355906,0.0033059730991442686,-0.07256268639765995,-0.07214482433610299,-0.07898841131863032,-0.07928352105170577,-0.14562421482534593,-0.14738766547515644,-0.16827326660773437,-0.17124580386194227,-0.21517094952224694,-0.22258997795532318,-0.218871231265103,-0.23610487396461888,-0.19687217726973508,-0.21463227552905279,-0.04804583960957457,-0.06738456520208216,-0.11130913780676378,-0.03783680576488897,2.48,0.0,-0.2885896501183218,-0.03741378411974748,-0.03220086960142761,0.2409408912735781,-0.08396538011733422,10.0,-0.0696338262272914,0.1024384787799477,0.10484767300369491,0.14303945440218752,0.15377310840760297,0.12750693564256577,0.1449984493017617,-0.021319402017594736,-0.0022492610252094203,0.11668627100184914,0.13706780273043812,-0.02677325270005838,-0.0071771488531259114,0.0693919934239998,0.0416753115794726,30.0,-0.054073367401441925,0.11748826778394694,0.12009014681717793,0.15716885677885806,0.1700987806254824,0.14255672464656505,0.16055890812761098,-0.006269613013595395,0.013311197800639982,0.1317360600058484,0.15262826155628764,-0.011723463696059234,0.008383309972723317,0.08444178242799905,0.057235770405321976,60.0,-0.058801508597387996,0.11276012658800097,0.11536200562123196,0.15244071558291206,0.1653706394295364,0.13782858345061905,0.15583076693166498,-0.010997754209541502,0.008583056604693875,0.12700791880990228,0.14790012036034153,-0.01645160489200528,0.0036551687767772713,0.079713641232053,0.05250762920937593,79.0,-0.07214482433610299,0.10812208705341776,0.1108169269469341,0.13250252714365116,0.14700259285871878,0.12430949087207512,0.1424874511929498,-0.024516846788085325,-0.004760259134020853,0.11348882623135842,0.13455680462162664,-0.029970697470549024,-0.00968814696193759,0.06619454865350916,0.039164313470661016,379.0,-0.08541590031841402,0.12235551733127362,0.12509296176548274,0.11778303565638364,0.13305481509337266,0.11141648391084184,0.12921637521063878,-0.03740985374931847,-0.018031335116331957,0.1005958192701252,0.12128572863931547,-0.042863704431782314,-0.022959222944248573,0.053301541692275856,0.025893237488349593,0.0,0.0,-0.005416079999999999,-0.006434209999999998,-0.006645259999999998,-0.006434209999999998,-0.004325939999999998,0.11128084014855952,0.10332313772228913,-0.04885246043259838,0.07347233204187499,0.0001,-0.0003604949999999998,2855463.9494899996,17435319.45464,3068684.73514,5599141.430264286,-0.0715529588830887,-0.09895950229092218,0.02255774772341239,-0.04972989778079557,14.716706114562507,126.69151438966738,16.474468305987287,623.0388333615444,9.284189692972605,17.97896549572019,0.9652369427073705,0.9351207601884581,0.7599840983647573,0.5931112287084727,0.4621832293479648,0.32103440586183435,,,,,,,,,,,,"QNTUSDT,TLMUSDT,FLMUSDT,BELUSDT,ONGUSDT",-0.000975590490270406,0.0055074384436011314,-0.021261587738990784,-0.08846138417720795,-0.028302107006311417,-0.0715426355600357,-0.03599198907613754,0.00044918418279848993,0.005446539726108313,-0.020533548668026924,-0.08773334324359894,-0.02757403813302517,-0.0708146020770073,-0.03526397421956062,0.014730383642017841,-0.03555064648389816
BINANCE-202410230700-UNFIUSDT,binance,UNFIUSDT,UNFI,linear_perp,BINANCE-215319,BINANCE-B010,2024-10-23 07:00:37.062000+00:00,2024-10-23 07:00:37.062000+00:00,2024-10-30 09:00:00+00:00,169.989705,False,False,False,True,0.0,1.4069710462304776,479.0,2.645,-0.19656236403597005,-0.1965350187433763,-0.13715664346339534,-0.13847489738510912,-0.15730625202606827,-0.15671505456245863,-0.30176949369763706,-0.3026253430287371,-0.31101455184168825,-0.31025710109168964,-0.48901110961704153,-0.4786407718800469,-0.18876952148185322,-0.17257465913920667,-0.10347194096995822,-0.10906653372209114,-0.2104643488188228,-0.21589341766056527,-0.5569962523808942,-0.5532088999732054,2.063,-0.0003781433208228107,-0.01212381783413617,-0.04534092262824575,0.0017376382982550388,0.43427056480913057,-1.1968166021238487,10.0,-0.1828509974900567,0.12816355435163154,0.1274061036016329,0.3061601121269848,0.29578977438999016,-0.07937905652009844,-0.07378446376796552,0.027613351328766095,0.03304242017050857,0.06662876591188407,0.0713368453100651,0.18605069841147737,0.2729026234926118,0.26509153888522385,0.37414525489083744,30.0,-0.17019380456727362,0.15325462241963297,0.15202353385539333,0.33244628620465977,0.32320475542255067,-0.06674920888990897,-0.06112727084518204,0.04024319895895555,0.045699613093291784,0.07925861354207347,0.08399403823284805,0.1986805460416667,0.2855598164153949,0.2777213865154134,0.38680244781362094,60.0,-0.16349286370141758,0.1599555632854889,0.15872447472124926,0.33914722707051576,0.32990569628840666,-0.060048268024053046,-0.054426329979326116,0.046944139824811576,0.05240055395914781,0.08595955440792943,0.09069497909870401,0.20538148690752284,0.292260757281251,0.2844223273812693,0.3935033886794769,82.938,-0.17819462586644477,0.1639806266552411,0.16183042995860142,0.3152984433981952,0.30489360489698153,-0.07394672084320555,-0.06912809214435345,0.033045687005659026,0.037698791794120536,0.07206110158877697,0.07599321693367696,0.19148303408837025,0.2775589951162237,0.2705238745621169,0.3788016265144496,562.938,-0.12167631741345107,0.21654708096425992,0.21846621941146513,0.3766361784201502,0.3677992451060889,-0.01819385916477873,-0.012609783691359597,0.08879854868408572,0.09421710024711427,0.12781396326720362,0.13251152538667055,0.24723589576679697,0.3340773035692176,0.3262767362405435,0.43531993496744326,5.61e-06,5.61e-06,-0.00018818,-0.00646772,-0.006267720000000001,-0.005188160000000002,-0.0030999799999999996,-0.07835548050084734,-0.44792971865880293,-0.10124263139822567,0.0037873524076889667,5e-05,-7.209255813953487e-05,13204706.8618,937631327.0704,51955971.866100006,19136758.509400003,-0.14496557568708207,-0.027881758558389636,0.007518071421547762,-0.02047778247016487,10.91504565343171,216.89080940476475,22.77905312993867,3666.215886383832,2.2955291597816423,6.4920321167639266,1.0318028184371775,1.9012262200888421,2.700285424195361,2.2812356443179422,1.3230031808793072,1.0739612250068564,-0.31125238327941923,-0.31025710109168964,-0.11015847936634111,-0.10906653372209114,-0.5620640104754113,-0.5569962523808942,-15.111449796699388,-4.1919933541998935,0.0,35.56613114847021,0.00397581245026718,"ATAUSDT,ALICEUSDT,BELUSDT,HOTUSDT,FLMUSDT",0.006058146711438894,0.012316329404711723,0.02993134781718254,0.08511097729206085,0.10049696266651154,0.05258023738861084,0.022412467747926712,0.0016256410162895918,0.010975677520036697,0.03107716515660286,0.08625680208206177,0.10164276510477066,0.053726036101579666,0.023558277636766434,0.0075189052149653435,0.030167758464813232
BYBIT-202410230951-KLAYUSDT,bybit,KLAYUSDT,KLAY,linear_perp,BYBIT-blt5ff8d91e5ecd3d34,BYBIT-B028,2024-10-23 09:51:20+00:00,2024-10-23 09:52:42+00:00,2024-10-28 03:00:00+00:00,113.14444444444445,False,True,False,False,82.0,0.8541900358825819,479.0,0.1202,0.0,6.676840523604787e-05,-0.012557720485484841,-0.012219972869559215,-0.011715615172562642,-0.012041678165304975,-0.004168409537179737,-0.004627942731192392,-0.0033333364197582274,-0.0019956897269041186,-0.0008322930151693469,-0.0029968685547497338,0.002492730829602479,0.003865099413883304,0.002492730829602479,-0.00047958948495164036,-0.010874218404371049,-0.018469625266607653,0.025629043083168726,0.022441977134179048,39.556,0.0,-0.09099313145685868,0.001487996923321305,-0.0008457181270849806,0.016095222507857696,-0.055569851154810765,10.0,-0.009966760584341875,-0.007534568921939369,-0.00873215007343035,-0.00836824967051658,-0.00622399831594588,-0.012526259819180256,-0.009487171099390132,0.0008406894147931243,0.00850286468226563,-0.018318580523684846,-0.008475425195997035,-0.01996738551386843,-0.01366032176424337,-0.0507889655544688,-0.035595803667510695,30.0,-0.01351993525005357,-0.01006719911772394,-0.01147666596414503,-0.011735256218420932,-0.00945702331467353,-0.01589326636708466,-0.013040345765102017,-0.0025263171331111355,0.004949690016553999,-0.021685587071589057,-0.012028599861708783,-0.02333439206177284,-0.017213496429955177,-0.054155972102373204,-0.0391489783332225,60.0,-0.017744698610362025,-0.014291962478032456,-0.015701429324453543,-0.015960019578729306,-0.013681786674981905,-0.020118029727393016,-0.01726510912541037,-0.00675108049341951,0.0007249266562456254,-0.025910350431897475,-0.016253363222017203,-0.027559155422081334,-0.02143825979026367,-0.05838073546268168,-0.043373741693530976,78.0,-0.01849807640169132,-0.015139061215684306,-0.016970608000769532,-0.01680711831638119,-0.014850101454690451,-0.02096512846504487,-0.018018486916739528,-0.007598179231071543,-2.8451135083912456e-05,-0.026757449169549332,-0.017006741013346444,-0.028406254159733225,-0.02219163758159306,-0.059227834200333535,-0.0441271194848603,438.0,-0.009360470102420922,-0.00836824967051658,-0.009376260450538852,-0.007534568921939369,-0.004480522243919443,-0.012526259819180256,-0.008880880617469184,0.0008406894147931243,0.009109155164186651,-0.018318580523684846,-0.007869134714076052,-0.01996738551386843,-0.013054031282322532,-0.0507889655544688,-0.034989513185589696,0.0,0.0,0.00030000000000000003,0.0006096700000000001,0.00063765,0.0008096700000000002,0.0012466500000000002,0.028625911637918597,0.02610863256812057,0.02193548190326725,-0.0031870659489897763,-1.6939999999999997e-05,8.904642857142859e-05,2325500.5145499995,2953849.57739,862982.19338,2402953.4935914287,0.018631171233425364,-0.07365368732167678,-0.011395287991286909,-0.03518734853736298,8.166599065559652,8.406894147932238,0.0,159.33251116766024,4.151100279945279,8.350731174214548,0.9679717242482017,0.9907408100162579,0.9146650014463551,0.89115904452586,0.5983031054306759,0.4973200357899027,0.0005053536776847621,-0.0019956897269041186,0.0020069430850532446,-0.00047958948495164036,0.025629043083168726,0.025629043083168726,0.0,-24.865325700049276,8.240626753933439,0.0,0.002486532570004897,"HFTUSDT,JOEUSDT,SFPUSDT,OXTUSDT,BALUSDT",0.008879510685801506,0.006680869497358799,0.02475045993924141,0.0686548501253128,0.02930183708667755,0.07414303719997406,0.06427349150180817,0.007332940585911274,0.005419220309704542,0.023510076105594635,0.06741447001695633,0.02806144952774048,0.07290265709161758,0.06303311139345169,-0.03952304273843765,0.009869532659649849
BYBIT-202410280955-UNFIUSDT,bybit,UNFIUSDT,UNFI,linear_perp,BYBIT-bltbe563c310a0acdc4,BYBIT-B029,2024-10-28 09:55:10+00:00,2024-10-28 09:56:56+00:00,2024-11-04 10:00:00+00:00,168.08055555555555,True,False,False,False,106.0,1.1510316794784168,479.0,1.94,0.0038585256875294997,0.00408682871555352,-0.006983087991161513,-0.006331633153814831,-0.01401528261712089,-0.014795535604247668,-0.012448293526567917,-0.014145715971290577,-0.010883756049673865,-0.012257653690217259,-0.06110798604078195,-0.06776088798569578,-0.05673400421766883,-0.07599920926933355,-0.07185041133986135,-0.11559375287539861,-0.2039981037297745,-0.264973457344436,-0.2087564651287408,-0.18829866492874922,0.66,0.0002576987515871796,-0.40292930402640614,-0.0887989834630492,0.0027471755636179034,0.3556300117642389,-0.024016648199433308,10.0,-0.008346273734335656,0.00390879976505272,0.0050671239478292255,0.05699014221856043,0.06389929352368688,0.06278886066228659,0.10724747914106303,0.1949365530521998,0.25662718361010034,0.24816131428949767,0.28107614515191737,0.21989784901663834,0.21517697131605898,0.1971513933817527,0.2004101913944052,30.0,-0.013300005673881805,-0.0010449321744935213,0.00011339200828298381,0.05203641027901428,0.05894556158414073,0.057835128722740395,0.10229374720151682,0.18998282111265372,0.2516734516705542,0.24320758234995143,0.27612241321237113,0.21494411707709213,0.21022323937651277,0.19219766144220649,0.19545645945485898,60.0,-0.010950441872723437,0.0013046316266648581,0.002462955809441363,0.054385974080172594,0.06129512538529905,0.0601846925238988,0.10464331100267524,0.19233238491381197,0.25402301547171247,0.24555714615110985,0.27847197701352955,0.21729368087825046,0.2125728031776711,0.19454722524336487,0.19780602325601737,64.0,-0.01026134817369265,0.0033947023069160706,0.00487904237161213,0.05327099101633971,0.05858159749004461,0.06044541472587105,0.1053324047017059,0.19259310711578423,0.2547121091707431,0.24581786835308203,0.27916107071256,0.21755440308022275,0.2132618968767019,0.19480794744533717,0.19849511695504807,484.0,-0.014256965888197703,0.0036658852261055672,0.003019604577908316,0.05203641027901428,0.05509836857737102,0.057835128722740395,0.10133678698720092,0.18998282111265372,0.2507164914562382,0.24320758234995143,0.27516545299805506,0.21494411707709213,0.20926627916219684,0.19219766144220649,0.19449949924054277,0.0,0.0,0.00030000000000000003,0.00152283,0.00162283,-0.00705559,-0.01413436,-0.14099557714304492,-0.09316271225334205,0.01476677992165394,0.02045780019999143,8.78788888888889e-05,-0.000673064761904762,21239621.26215,44467297.8688,33778705.03005,125452476.60115,-0.02394721721598691,-0.08697379883809891,0.0005487102737320673,0.0036334883483784227,16.885783773382638,23.52634888552181,46.897073496678885,768.6489191245927,2.3577258560974594,4.916721644656407,0.9293863266046966,0.9513949717767142,0.9570607794842654,0.7832509356395078,0.6964144849656532,0.6389628280008238,-0.00863534033586888,-0.012257653690217259,-0.11439872379610222,-0.11559375287539861,-0.19077397392374254,-0.2087564651287408,18.071516471016253,13.856175141951669,-45.26357550131577,-154.0184461150659,-0.016787462125701827,"MTLUSDT,LQTYUSDT,ATAUSDT,HOTUSDT,BELUSDT",0.00530828395858407,0.011852284893393517,-0.03798853978514671,-0.024814877659082413,0.0013624001294374466,0.07151719182729721,0.0929410308599472,0.006220884155482054,0.012722009792923927,-0.04104701429605484,-0.02787337638437748,-0.0016960862558335066,0.068458691239357,0.08988253027200699,-0.13092955946922302,-0.0214238278567791
BYBIT-202410290955-FITFIUSDT,bybit,FITFIUSDT,FITFI,linear_perp,BYBIT-blt6c9669e38d85ebb5,BYBIT-B030,2024-10-29 09:55:20+00:00,2024-10-29 09:56:57+00:00,2024-11-05 10:00:00+00:00,168.07777777777778,False,False,False,False,97.0,0.7034960055943063,479.0,0.002855,-0.003157343440312875,-0.003154380509772353,-0.003157343440312875,-0.003666781919971257,-0.007029905928258174,-0.006899525177851772,-0.019095346830001952,-0.018651756002107556,-0.01802487393562978,-0.017298582698286612,-0.011625989677351251,-0.015898366346246823,-0.007029905928258174,-0.017521028036283606,-0.017668304133313804,-0.030479174352778342,-0.07791420979297825,-0.06096926644845324,-0.11795637302158393,-0.1130666610391781,2.742,-0.0017528488274143605,-0.16225633512838822,-0.04064864504886622,-0.04077026941772748,0.16092477576948827,-0.020913972448684384,10.0,-0.03244725538434855,-0.010437381057616235,-0.011344550545568696,-0.020412526114435846,-0.0156008129117223,-0.014724633069236295,-0.0019680810315702013,0.045521272590428215,0.028522011064104628,0.056179919366948036,0.0363837717674179,0.1056017410841558,0.0790059137189428,0.10842034572853271,0.0855091176372354,30.0,-0.03716167934733458,-0.015151805020602246,-0.016058974508554705,-0.02512695007742186,-0.020315236874708313,-0.01943905703222234,-0.006682504994556245,0.04080684862744225,0.023807587101118664,0.05146549540396207,0.03166934780443194,0.10088731712116986,0.07429148975595687,0.10370592176554663,0.08079469367424932,60.0,-0.036434935129301814,-0.01442506080256949,-0.01533223029052195,-0.02440020585938913,-0.019588492656675584,-0.01871231281418956,-0.005955760776523468,0.04153359284547501,0.024534331319151424,0.05219223962199475,0.032396092022464615,0.10161406133920255,0.07501823397398955,0.10443266598357938,0.08152143789228207,63.0,-0.04580032040438059,-0.02283121457296954,-0.023880428759275128,-0.032458673495273,-0.02746332612026904,-0.027834798993444057,-0.015321146051602123,0.03241110666622047,0.015168946044072772,0.043069753442740305,0.02303070674738601,0.09249157515994796,0.06565284869891083,0.0953101798043249,0.07215605261720344,483.0,-0.005854985017110546,0.006360445470974878,0.005919966653002143,0.00388212945650783,0.008987704783306084,0.012048338516174368,0.024624189335667797,0.07229424417583895,0.055114281431342775,0.08295289095235875,0.06297604213465592,0.13237471266956652,0.10559818408618091,0.1351933173139433,0.11210138800447332,0.0,0.0,0.00014704,8.572e-05,0.00018572,0.00098572,0.0012857200000000002,-0.10205800667533713,-0.08747719866880556,-0.006503203918292402,0.004889711982405899,6.687555555555557e-05,6.122476190476192e-05,1312004.6748740003,3356230.6025720006,604328.0255760001,1360067.773412,-0.10046615011997481,0.018124798495969274,0.011185636730245299,-0.024821202213322804,21.45156346388202,62.45696560183771,11.990409589261565,260.5067719994292,12.210718143487583,15.949638653715592,1.0604244130682647,1.0419735509573287,0.9566811520754192,0.8003117133231833,0.5109046953181728,0.46822000932623997,-0.013062154190279552,-0.017298582698286612,-0.02802432479453415,-0.030479174352778342,-0.11308509055171118,-0.11795637302158393,7.020007308300066,0.0,-8.038585641872634,-24.16432911628568,-0.00241643291162863,"STEEMUSDT,SFPUSDT,WAXPUSDT,OGNUSDT,HFTUSDT",-0.0005702992784790695,-0.0030434182845056057,-0.013487966731190681,0.06576273590326309,0.06600502133369446,0.10747156292200089,0.11379621922969818,0.0005353990127332509,-0.0038854859303683043,-0.012196669355034828,0.06705407798290253,0.06729636341333389,0.10876288264989853,0.11508755385875702,-0.1272842139005661,-0.006324670277535915
BYBIT-202411031127-TOMIUSDT,bybit,TOMIUSDT,TOMI,linear_perp,BYBIT-blt5a25f1b27b7c6d06,BYBIT-B032,2024-11-03 11:27:30+00:00,2024-11-03 17:24:13+00:00,2024-11-05 10:00:00+00:00,46.541666666666664,False,False,False,False,21403.0,1.6022174016241146,479.0,0.0188,-0.005333345975362505,-0.005134431219717607,-0.07738666361542024,-0.07584852692546186,-0.07165598890643506,-0.06952748995062082,-0.07738666361542024,-0.07454334781473698,-0.0659579677917974,-0.06577075458776067,-0.10654324790687586,-0.0864811254293953,-0.13657553500575073,-0.14311192328024525,-0.14884562759756517,-0.15608800224238426,,,-0.29894008413753853,-0.28715595449926057,0.086,-0.005333345975362505,-0.3527910452542199,-0.15730034041955654,-0.014809199022582983,0.322773392263051,0.0,10.0,-0.07410727012804448,0.05918887139033041,0.05934362221985212,0.03509131981127006,0.056054638461395016,0.07145896398214498,0.08198073211433975,,,0.077650934230066,0.09078191786159262,0.09646026618756211,0.10260596902303669,0.21029540883636066,0.22483281400949415,30.0,-0.07410727012804448,0.05918887139033041,0.05934362221985212,0.03509131981127006,0.056054638461395016,0.07145896398214498,0.08198073211433975,,,0.077650934230066,0.09078191786159262,0.09646026618756211,0.10260596902303669,0.21029540883636066,0.22483281400949415,60.0,-0.0782897843317811,0.05342516667358044,0.05461941470846249,0.03529778208102382,0.05906842379552731,0.06569525926539489,0.0777982179106032,,,0.07188722951331591,0.08659940365785629,0.09069656147081204,0.09842345481930023,0.2045317041196107,0.22065029980575765,107.0,-0.07884595948661255,0.05342516667358044,0.053277341483363015,0.029327615094520063,0.051778750872547935,0.06569525926539489,0.07724204275577164,,,0.07188722951331591,0.08604322850302451,0.09069656147081204,0.09786727966446887,0.2045317041196107,0.22009412465092587,347.0,-0.07704498304844903,0.05310982531394829,0.04702696493797222,0.03509131981127006,0.05507828747967128,0.07145896398214498,0.07904301919393503,,,0.077650934230066,0.08784420494118805,0.09646026618756211,0.09966825610263234,0.21029540883636066,0.22189510108908927,0.0,0.0,0.0002,,0.0002,0.0002,0.00045717,,-0.14285208189515425,-0.12222684498645718,0.011784129638278048,0.0001,8.847666666666667e-05,3372763.0522800004,4956725.548800001,4049883.49935,4441759.005008572,-0.09880723742947778,-0.14334210720463195,0.0046284607903635585,-0.011993882001246627,45.97709248629328,109.63046187193584,69.68669316093215,840.8311721054096,42.81774681662239,58.99722127188543,0.994220514270732,0.8963623617628954,0.824416287554894,0.6212888550845764,0.6466093433915809,0.5159126889812704,-0.0654100692817765,-0.06577075458776067,-0.1669640995215328,-0.15608800224238426,-0.3135077604824839,-0.29894008413753853,0.0,55.710450494554294,-69.37902316774354,92.62624115252228,0.0036915790657967296,"DODOXUSDT,RIFUSDT,ONTUSDT,CELRUSDT,NKNUSDT",0.0033616379369050264,-0.016958169639110565,-0.01270845253020525,,-0.011372796259820461,-0.001575001748278737,-0.01064695231616497,0.004672200419008732,-0.017287520691752434,-0.012670544907450676,,-0.011334889568388462,-0.0015370541950687766,-0.010609058663249016,-0.0020615081302821636,0.009071983397006989
BYBIT-202411031139-PIXFIUSDT,bybit,PIXFIUSDT,PIXFI,linear_perp,BYBIT-blte0301542cbc42b7e,BYBIT-B032,2024-11-03 11:39:00+00:00,2024-11-03 17:29:37+00:00,2024-11-05 10:00:00+00:00,46.35,False,False,False,False,21037.0,1.1651453360158839,479.0,0.00259,-0.0038684767779203176,-0.0038667727848057856,-0.011650617219975139,-0.011824411428280068,-0.01556451654111146,-0.014546789044182452,-0.0038684767779203176,-0.004003084359735708,-0.011650617219975139,-0.013720831079095469,-0.059659836406335875,-0.04853951059622404,-0.05149652576717496,-0.05890403738064048,-0.0887679205644065,-0.09637690471990976,,,-0.1684291055130743,-0.17408986434019041,0.092,0.0,-0.2106135296083566,-0.24785534092999248,-0.02878761336903394,0.21905356606268467,-0.0362212634343185,10.0,-0.06748641946611206,-0.004123717183862156,-0.00536190188286053,-0.03651521297509769,-0.020357524524604053,0.02087758502155514,0.028890485253797643,,,0.02087758502155514,0.027894634478630727,0.04652001563489282,0.05058516384462186,0.09077502463893339,0.10094268604696197,30.0,-0.07751749451269406,-0.01242251999855711,-0.016846024817266523,-0.04879016416943205,-0.03425548108813986,0.01257878220685996,0.01885941020721576,,,0.01257878220685996,0.017863559432048884,0.03822121282019762,0.04055408879804009,0.0824762218242383,0.09091161100038024,60.0,-0.08588574418321042,-0.02079076966907369,-0.0252142744877831,-0.05715841383994862,-0.042623730758656435,0.004210532536343494,0.010491160536699292,,,0.004210532536343494,0.009495309761532417,0.029852963149681274,0.03218583912752374,0.07410797215372185,0.08254336132986378,83.0,-0.07227818083597855,-0.004140792666031387,-0.008077712219805001,-0.040656005641128964,-0.02620213472283287,0.01673679235552364,0.024098723883931073,,,0.01673679235552364,0.02310287310876404,0.042379222968861416,0.045793402474755274,0.08663423197290197,0.0961509246770956,323.0,-0.05968369204828108,0.00823049913651548,0.004079088801888383,-0.028284713838582103,-0.014612607679716614,0.029108084158070542,0.03669321267162854,,,0.029108084158070542,0.03569736189646168,0.05475051477140833,0.05838789126245294,0.09900552377544898,0.10874541346479323,0.0,0.0,0.0002,,0.0002,0.0002,-0.00035115999999999994,,-0.07205220079316468,-0.05035752220234028,-0.005660758827116084,0.0001,-4.185999999999999e-05,2886216.3339,3090477.3971,1124567.0799,1681752.7705,-0.0660412228498614,-0.053697317864863855,0.028791201952859315,-0.004846745558730696,31.645675258237787,77.67058623186325,0.0,355.0668845690996,25.671884055432844,40.899852515250664,0.9939279056791076,0.9342480319287517,0.9152907819656176,0.7327234748514923,0.7376875103961578,0.5993393555340191,-0.019549781057188242,-0.013720831079095469,-0.09949799165946623,-0.09637690471990976,-0.17203354959705205,-0.1684291055130743,-26.99056969165058,4.220299703914272,-8.65426276428822,9.053871148127415,0.00048335714442129807,"STEEMUSDT,WAXPUSDT,SFPUSDT,COMBOUSDT,HFTUSDT",0.005789383314549923,-0.011832069605588913,-0.005600894335657358,,-0.006397037301212549,-0.0008494304493069649,0.0019427823135629296,0.010871744714677334,-0.007013009395450354,-0.004057261161506176,,-0.004853425081819296,0.0006941948086023331,0.0034864326007664204,-0.007543678395450115,-0.002792233368381858
BYBIT-202411110950-ZKFUSDT,bybit,ZKFUSDT,ZKF,linear_perp,BYBIT-blt31d0db308bca0279,BYBIT-B033,2024-11-11 09:50:10+00:00,2024-11-11 09:54:34+00:00,2024-11-15 10:00:00+00:00,96.16388888888889,False,False,False,False,264.0,1.8257064953200106,479.0,0.0009812,-0.0024489808158177384,-0.0038746646530260923,-0.08983193926037684,-0.09089795522745552,-0.1090817034697148,-0.11163954333824408,-0.12500688393057882,-0.1394977720594469,-0.12442961669755334,-0.13284246027879834,-0.15931072908278127,-0.16262964407940478,-0.21889758431847173,-0.35402149627926005,-0.2504703375929184,-0.3870406545833719,-0.4406783705937884,-0.6324911025424892,-0.5635118654265137,-0.5414668779514008,3.076,-0.0004077472023872452,0.17019260116246465,-0.18517907827493574,-0.0013973522742031907,0.37319606957590695,-0.062454448493511054,10.0,-0.09212755381343068,0.03486414536223722,0.04110393886440196,0.06967071596753999,0.07128957979324246,0.15963443818351464,0.2949131007699408,0.3498424711843846,0.5403635487290586,0.3299311760778319,0.4528045745850017,0.3466804132137367,0.5413386040161949,0.3328849287111836,0.4713843116130831,30.0,-0.09301861007655753,0.036177304330930506,0.04215288808082957,0.07023066836682651,0.07019045264811608,0.15851774348343944,0.29402204450681413,0.3487257764843096,0.539472492465932,0.3288144813777569,0.45191351832187493,0.34556371851366163,0.5404475477530679,0.3317682340111084,0.470493255349956,60.0,-0.08578228570804096,0.043413628699447045,0.04938921244934611,0.07746699273534313,0.0774267770166327,0.16575406785195607,0.30125836887533075,0.3559621008528261,0.5467088168344485,0.33605080574627333,0.4591498426903914,0.3528000428821783,0.5476838721215845,0.33900455837962507,0.47772957971847263,86.0,-0.09050483182612198,0.035139056685627744,0.0407386181889818,0.07635529903902036,0.07871451575266723,0.1616413515564159,0.2965358227572496,0.3518493845572859,0.5419862707163672,0.3319380894507333,0.4544272965723104,0.3486873265866381,0.5429613260035036,0.33489184208408485,0.47300703360039154,326.0,-0.1169739467995925,-0.004568303970379878,0.0026148157429630708,0.04626930574307442,0.05018215803827549,0.13431663019922477,0.2700667077837794,0.3245246632000948,0.5155171557428968,0.30461336809354206,0.42795818159884025,0.3213626052294469,0.5164922110300331,0.30756712072689374,0.4465379186269214,0.0,0.0,0.00030000000000000003,0.00017515,-0.00012484999999999997,0.00017515,-0.0010558599999999998,-0.40088222134710894,-0.17647121084314202,0.06995429240311202,0.02204498747511272,0.00037852777777777776,-8.798833333333332e-05,10728427.259867001,6712666.348387,1178894.422999,3460644.644802286,-0.033905417592728214,-0.23451383742183438,0.003966583878955219,0.018413506600343237,42.60853419498634,90.80366396887928,22.876341460042376,856.3957705726377,2.797013787502589,11.091257103225207,1.1472184741912566,1.0065169179247997,0.8634678109519665,0.7194287315292385,0.5098638458321523,0.3661748801109632,-0.12990550933121353,-0.13284246027879834,-0.37411740949618766,-0.3870406545833719,-0.5648545034827193,-0.5635118654265137,22.44669853823728,-106.78575233360327,23.706056143362222,35.87307910029325,0.014265883143389557,"STEEMUSDT,OXTUSDT,NKNUSDT,WAXPUSDT,COMBOUSDT",-0.005867469124495983,0.008276596665382385,-0.02621621824800968,0.01632142998278141,0.03410086780786514,0.013557384721934795,0.05916311591863632,-0.004642487969249487,0.011975509114563465,-0.024108946323394775,0.01842869445681572,0.036208171397447586,0.015664655715227127,0.06127040833234787,-0.08537933975458145,-0.04560574144124985
BYBIT-202411111001-FUNUSDT,bybit,FUNUSDT,FUN,linear_perp,BYBIT-bltc54659b280af361a,BYBIT-B033,2024-11-11 10:01:00+00:00,2024-11-11 10:04:20+00:00,2024-11-15 10:00:00+00:00,95.98333333333333,False,False,False,False,200.0,0.7348313475246394,479.0,0.003368,0.0,-0.000523150488533917,-0.017068837814971045,-0.018744839805961262,0.010925843221395459,0.0068243515485519185,0.00769007043195436,0.0052007986240821345,0.006510825012278565,0.004129100647568553,0.012979533249352544,0.010771710550847708,0.02666043357495143,-0.028883018312261803,0.005625477455554354,-0.04734388011866221,-0.06469688680422565,-0.14409979902834302,-0.12909295878765653,-0.1288317589456961,76.953,-0.000820106689676695,0.026442598127326966,-0.03483674316725516,-0.014006880573724092,0.09750742059381175,-0.05270540572830684,10.0,-0.01892908066707992,-0.020341712463955604,-0.01934956131047546,-0.028598910662000685,-0.026036053468671896,-0.023298544896159568,0.028414799451582276,0.04702381936362048,0.12517071836126312,0.04829164837655127,0.0964346411138784,0.04639050711952691,0.12354480373396873,0.05561302438741326,0.11016387812057671,30.0,-0.024079826791731696,-0.02549245858860736,-0.024500307435127214,-0.03374965678665239,-0.031186799593323603,-0.028449291020811382,0.02326405332693046,0.0418730732389687,0.12001997223661133,0.043140902251899524,0.09128389498922665,0.04123976099487523,0.11839405760931704,0.050462278262761416,0.10501313199592487,60.0,-0.023395484913477108,-0.028154000896120385,-0.026360977668296193,-0.03374965678665239,-0.03054002948436993,-0.028449291020811382,0.02394839520518513,0.0418730732389687,0.12070431411486596,0.043140902251899524,0.09196823686748123,0.04123976099487523,0.11907839948757176,0.050462278262761416,0.10569747387417958,100.0,-0.018744839805961262,-0.024758908246925226,-0.024372335933327723,-0.03209785209205507,-0.030112440111305795,-0.022694315270525286,0.02859904031270114,0.04762804898925459,0.12535495922238182,0.04889587800218554,0.09661888197499723,0.04699473674516111,0.12372904459508752,0.056217254013047474,0.1103481189816955,340.0,-0.016550050159262468,-0.022005050851379795,-0.022858728740072918,-0.029914862121735858,-0.03149324392662995,-0.018174193064898654,0.030793829959399978,0.05214817119488133,0.12754974886908066,0.053416000207812155,0.09881367162169596,0.051514858950787855,0.1259238342417864,0.060737376218674075,0.11254290862839414,0.0,0.0,0.00030000000000000003,-0.0006638,-0.00016438,-0.0006638,-0.0011768,-0.13986466933850417,-0.08174907866899431,0.01338092561339219,0.000261199841960413,0.0001,-9.806666666666666e-05,257625.4127,1215121.4864999999,133662.7924,119027.07594285716,0.05912767121983542,-0.0922918402956978,0.035745565035114654,-0.0962495618189703,5.771174232313531,26.3736416608545,6.371456093211435,313.6565927821966,9.34437524181632,11.260082444779634,0.9835227592317751,0.9165874793149137,0.7349708079441407,0.6122021622184042,0.31742147424445755,0.26888970068238305,-0.0003110240241638515,0.004129100647568553,-0.04971732218783925,-0.04734388011866221,-0.12602727780791187,-0.12909295878765653,-26.68645023350333,-2.9520295417332623,-41.06781952653359,-57.343260030950084,-0.005439123048921621,"STEEMUSDT,OXTUSDT,NKNUSDT,WAXPUSDT,COMBOUSDT",-0.007788516581058502,0.005125581286847591,-0.024291077628731728,0.014313350431621075,0.03824884444475174,0.013782995752990246,0.059388697147369385,-0.009364543482661247,0.007135923020541668,-0.024437598884105682,0.014166846871376038,0.03810235857963562,0.013636479154229164,0.059242211282253265,-0.08367979526519775,-0.04560574144124985
BINANCE-202411260830-KEYUSDT,binance,KEYUSDT,KEY,linear_perp,BINANCE-218253,BINANCE-B011,2024-11-26 08:30:14.278000+00:00,2024-11-26 08:30:14.278000+00:00,2024-12-03 09:00:00+00:00,168.4960338888889,False,False,False,True,0.0,1.0984747827760943,479.0,0.0038184,-0.16861950562709652,-0.1698988193024581,-0.220175511113091,-0.22264727096352002,-0.20231904908388362,-0.2076083766677218,-0.3328959866133442,-0.34300187635282714,-0.3404503883032964,-0.35517122885121805,-0.36150536391594207,-0.3600543857120865,-0.34628346129004867,-0.3326161383828755,-0.3603781798777546,-0.37255949453060383,-0.46328000240441214,-0.5037498244645222,-0.48216832596593345,-0.4498481327887769,0.187,-2.6189322614637546e-05,0.03777056468180949,0.10006118171783437,-0.014408258307750315,0.36144395869404894,-0.08933014853073641,10.0,-0.16296270007567257,0.17748768822762387,0.1922085287755455,0.19854266384026947,0.19709168563641388,0.19741547980208193,0.20959679445493115,0.3003173023287395,0.34078712438884956,0.2504693206114342,0.30961799773059195,0.3457003081765573,0.3783122573716437,0.28233298656275146,0.3192056258902608,30.0,-0.16176127670672455,0.1786891115965719,0.19340995214449352,0.1997440872092175,0.1982931090053619,0.19861690317102995,0.21079821782387917,0.30151872569768756,0.34198854775779763,0.2516707439803822,0.31081942109953997,0.34690173154550524,0.37951368074059166,0.2835344099316995,0.3204070492592088,60.0,-0.11533736610012248,0.23597205147485875,0.2502154258668017,0.25840943222663304,0.2561907694408597,0.24632012745299364,0.2572221284304813,0.34922194997965117,0.3884124583643998,0.29937396826234586,0.3572433317061421,0.39460495582746896,0.42593759134719383,0.3312376342136631,0.3668309598658109,105.722,-0.16364328535511258,0.1933377089913991,0.20601556882119743,0.20976982666993874,0.20698332973146122,0.1979085460678494,0.20891620917549125,0.30081036859450694,0.3401065391094097,0.25096238687720157,0.30893741245115186,0.3461933744423247,0.3776316720922036,0.28282605282851886,0.3185250406108209,585.722,-0.23372460644460716,0.15291369889221196,0.16220098438029798,0.14296374883178198,0.13577807955645063,0.12901029788668883,0.13883488808599673,0.23191212041334627,0.27002521801991514,0.18206413869604104,0.23885609136165742,0.2772951262611641,0.30755035100270917,0.2139278046473583,0.24844371952132627,0.0,0.0,0.00030000000000000003,0.00177295,-0.02822705,-0.056632600000000005,-0.04837702000000001,-0.12211394025384709,-0.10960883143532964,0.05910663148138255,0.032320193177156446,0.00019760555555555558,-0.0023036676190476193,30027797.527386896,93332740.1201487,17538861.5734296,11697695.586960284,-0.07274564835344394,-0.031291671963900876,-0.018707481259908777,-0.015111489822162595,27.142350688517045,217.85241044674336,22.07363098440596,1666.534006329341,10.536749086462645,12.135835921287276,1.0184532630196017,1.8510677548342478,1.8707510380771533,2.142300985832013,1.3208171491671234,0.9956288183734826,-0.3549827548453239,-0.35517122885121805,-0.37069666925960176,-0.37255949453060383,-0.48212599749408636,-0.48216832596593345,10.239043150273183,11.271840381874917,34.90404939768346,29.47680837342397,0.001820496799154872,"TWTUSDT,DODOXUSDT,NKNUSDT,XVSUSDT,FLMUSDT",-0.010035327635705471,0.02944442257285118,-0.04022567719221115,-0.07285232841968536,-0.10470952093601227,-0.10799340903759003,-0.20832350850105286,-0.0021862084977328777,0.034744180738925934,-0.04083837941288948,-0.07346505671739578,-0.1053222194314003,-0.10860614478588104,-0.20893621444702148,0.1680978536605835,0.10033007711172104
BINANCE-202411260830-RENUSDT,binance,RENUSDT,REN,linear_perp,BINANCE-218253,BINANCE-B011,2024-11-26 08:30:14.278000+00:00,2024-11-26 08:30:14.278000+00:00,2024-12-03 09:00:00+00:00,168.4960338888889,False,False,False,True,0.0,1.2546809136843728,479.0,0.05048,-0.19757196214364717,-0.19903319773708977,-0.2442644004904868,-0.2470876513799674,-0.2437587114784463,-0.24980019597105735,-0.34726721886215756,-0.3588101938769172,-0.3639460507289754,-0.38076023523140934,-0.22696423227126072,-0.22530692098192118,-0.15273198248113964,-0.13712112872129806,-0.20119909705965047,-0.21511262811030274,-0.22349028336810808,-0.26971502526950947,-0.13244655273719705,-0.11153182524021643,0.064,-0.00039627502004601907,0.14981046770925688,0.012915803970987336,-0.010515805959534798,0.14070344538070917,-0.5020202538367327,10.0,-0.1862913913048656,0.1776546594241098,0.19446884392654373,0.040672840966395174,0.03901552967705562,0.014907705754784817,0.0288212368054371,0.03719889206324255,0.08342363396464395,-0.16324658831755473,-0.09568680686901339,-0.09509318945954384,-0.0578437315250509,-0.09596086847276629,-0.053844838567668536,30.0,-0.25596639105837576,0.10797965967059965,0.1247938441730336,-0.02900215878711507,-0.030659470076454625,-0.05476729399872535,-0.040853762948073066,-0.03247610769026752,0.013748634211133877,-0.23292158807106492,-0.1653618066225236,-0.16476818921305394,-0.127518731278561,-0.16563586822627632,-0.12351983832117858,60.0,-0.15465489859986498,0.19800614519359963,0.21427496654138492,0.07327355136196292,0.07073938863482547,0.048005434053228144,0.060457729510437805,0.07029662036168585,0.11506012666964475,-0.13014886001911155,-0.06405031416401284,-0.06199546116110048,-0.02620723882005012,-0.06286314017432289,-0.02220834586266772,105.722,-0.1582353487217159,0.19910117975999422,0.2135818660754452,0.07655324480620482,0.07337050035037662,0.0443042963561297,0.056877279388586804,0.06659548266458741,0.11147967654779366,-0.13384999771620998,-0.06763076428586394,-0.06569659885819878,-0.02978768894190118,-0.06656427787142129,-0.02578879598451863,585.722,-0.22593446249149413,0.12767579015818606,0.13828375314882538,0.009955283812437397,0.0017477926317826138,-0.02204350828861578,-0.010821834381191388,0.0002476780198418778,0.0437805627780155,-0.20019780236095552,-0.13532987805564217,-0.1320444035029445,-0.0974868027116795,-0.13291208251616698,-0.09348790975429719,0.0,0.0,-0.010335849999999999,-0.029092229999999997,-0.04909223,-0.09774527,-0.09403049000000001,0.09286036824472398,0.08266607537310566,-0.003998892957382559,0.02091472749698048,0.00011192777777777777,-0.004477642380952381,24008406.377729997,180746071.05234998,53065053.41503,10119072.236508574,-0.0397475436743347,-0.08833276656845347,-0.0033835674173681224,0.010685187513434297,26.768693663101494,204.3105253573456,33.17830189099202,1939.9982101638313,2.5542541322171255,9.924912638539475,1.0286348123535138,2.62883564257196,2.3273563443076783,2.21695322965976,1.5218255117853805,1.0594036388935713,-0.37488257944796677,-0.38076023523140934,-0.20997536450369836,-0.21511262811030274,-0.1311005260577492,-0.13244655273719705,5.96599401209618,-9.685230781306482,13.029317804160618,28.227138490257722,0.0037912369271565216,"STEEMUSDT,RIFUSDT,BALUSDT,XVSUSDT,DODOXUSDT",-0.011044200509786606,0.02546500228345394,-0.0408325232565403,-0.06227119639515877,-0.08670355379581451,-0.08577264845371246,-0.17467999458312988,-0.004069950897246599,0.029755404219031334,-0.04233146458864212,-0.06377018988132477,-0.08820251375436783,-0.08727162331342697,-0.1761789619922638,0.13384750485420227,0.08890736103057861
BYBIT-202411280851-GFTUSDT,bybit,GFTUSDT,GFT,linear_perp,BYBIT-blt1fda24fc951764c5,BYBIT-B038,2024-11-28 08:51:10+00:00,2024-11-28 08:54:27+00:00,2024-12-02 09:00:00+00:00,96.14722222222223,True,False,False,False,197.0,0.8824802441654925,479.0,0.00708,-0.0014134277971470752,-0.00103162242324697,-0.053674956722038016,-0.05355294487731739,-0.05666003356549139,-0.055625170839859635,-0.05218575317057019,-0.05100837461227959,-0.08239953176706687,-0.07981982924947559,-0.15556410762440526,-0.15507041030116653,0.011236073266925752,0.01676197706358718,0.2781024355949672,0.27324585436562776,0.20719788315878312,0.19113151251446597,0.09876275235209114,-0.11661016585952705,0.2,0.0014114328384075866,-0.802603976367054,-0.45515802201537875,-0.00602671918070256,0.1580974042398974,-0.659347492997625,10.0,-0.04451676132784549,0.045324978411374416,0.04272319929936528,0.11575407618508954,0.11619866622388139,-0.322875256376412,-0.31776261569347325,-0.25197070394022786,-0.23564827384231135,-0.3900840060698621,-0.37569777991506587,-0.24852044174807517,-0.23350682374487072,-0.1480124448701333,-0.14327951367993672,30.0,-0.05341889726843867,0.03642284247078121,0.03382106335877207,0.1068519402444964,0.10729653028328826,-0.33177739231700537,-0.3266647516340666,-0.26087283988082105,-0.24455040978290454,-0.3989861420104553,-0.38459991585565906,-0.2574225776886684,-0.24240895968546394,-0.1569145808107265,-0.15218164962052994,60.0,-0.05017100558097372,0.031652981635875994,0.027954948088240256,0.10965591297749212,0.10862494561918414,-0.32731641837638004,-0.32341685994660163,-0.2564118659401959,-0.24130251809543965,-0.39452516806982996,-0.38135202416819397,-0.25296160374804316,-0.23916106799799905,-0.1524536068701013,-0.14893375793306504,93.0,-0.05355294487731739,0.02872457504502885,0.025911781866797684,0.10519493903686682,0.10572076370739474,-0.33177739231700537,-0.32679879924294525,-0.26087283988082105,-0.24468445739178316,-0.3989861420104553,-0.38473396346453775,-0.2574225776886684,-0.24254300729434272,-0.1569145808107265,-0.1523156972294085,333.0,-0.045250538146384814,0.05776681853474023,0.052708576060409004,0.11741382760345392,0.11678636607627597,-0.322875256376412,-0.31849639251201234,-0.25197070394022786,-0.2363820506608506,-0.3900840060698621,-0.3764315567336051,-0.24852044174807517,-0.23424060056340998,-0.1480124448701333,-0.14401329049847597,0.0,0.0,-0.05401999,-0.20188153,-0.14030808,-0.20188153,-0.27323580999999997,0.2538331626532577,-0.1744831020135365,-0.09022731006493406,-0.21537291821161836,0.0004423966666666667,-0.022769650833333332,32392614.586840004,49136621.00466,10999242.438760001,8908909.810047144,-0.08020791587893414,-0.11997000703648182,-0.004237003607738882,-0.04786880628111304,67.02440970422788,88.88966927280771,38.43694674562936,947.394578255496,16.49576573361671,17.304619453707026,4.039538535907993,1.0649720679369012,1.0976616889937856,1.0186094878496832,0.48899237817655244,0.3931143242350893,-0.07359180552992572,-0.07981982924947559,0.6249737106336448,0.27324585436562776,-0.16145241219941045,0.09876275235209114,42.223848798482614,-3531.3928910642467,878.4960000601825,2588.037317130938,0.6119430208195186,"SFPUSDT,COMBOUSDT,BADGERUSDT,RIFUSDT,STEEMUSDT",0.005570609122514725,0.0030262928921729326,0.009123304858803749,-0.049121130257844925,-0.02693038061261177,-0.05027502030134201,-0.04683210328221321,0.006620260886847973,0.0018279344076290727,0.008555958978831768,-0.049688518047332764,-0.02749774232506752,-0.05084241181612015,-0.04739941284060478,0.05595538020133972,-0.003442979184910655
BINANCE-202411290400-LOOMUSDT,binance,LOOMUSDT,LOOM,linear_perp,BINANCE-218648,BINANCE-B012,2024-11-29 04:00:01.809000+00:00,2024-11-29 04:00:01.809000+00:00,2024-12-09 09:00:00+00:00,244.9994975,False,False,False,False,0.0,1.0218868197850628,479.0,0.07611,-0.02865525576037606,-0.028878336026654187,-0.037073499636120166,-0.03632355070515086,-0.06795168838387348,-0.06626485255193076,-0.06430204929632416,-0.06151950163776927,-0.04254247689876595,-0.03880738007606835,-0.035030319738520284,-0.02547582555927944,-0.0007886435739982357,-0.0173141860773323,0.012664181266865488,0.011979236498304555,0.006417414467245377,0.0064121276416435335,-0.004956224128119888,0.013830146639631186,0.181,-0.0002628120908686728,0.19199808386206432,-0.022721539215460655,-0.005819841818280743,0.021781230647437765,-0.17104516872602005,10.0,-0.004477226336018057,0.03806525056274778,0.034330153740050176,0.03055309340250219,0.020998599223261347,-0.0171414076028835,-0.016456462834322567,-0.010894640803263602,-0.01088935397766176,-0.10561124309861868,-0.10442767677820743,-0.011677624009126947,0.013693550355653603,-0.030799653683642444,0.00047899779210182347,30.0,-0.011230877114009025,0.03131159978475684,0.027576502962059237,0.023799442624511197,0.014244948445270352,-0.023895058380874575,-0.02321011361231364,-0.017648291581254603,-0.01764300475565276,-0.11236489387660971,-0.11118132755619846,-0.018431274787117986,0.006939899577662563,-0.03755330446163344,-0.0062746529858891745,60.0,-0.029013553388769462,0.011834457647002796,0.008250829526401911,0.009647469350498913,0.00013668518918473135,-0.041454654389356665,-0.04099278988707369,-0.03520788758973685,-0.03542568103041324,-0.1299244898850919,-0.1289640038309586,-0.03599087079560029,-0.010842776697097684,-0.05511290047011573,-0.02405732926064956,118.191,-0.050088534477669845,-0.011266950735099418,-0.014382324489386958,-0.013723283847866544,-0.022653024302988947,-0.06305199466812929,-0.06206777097597433,-0.056805227868509306,-0.05650066211931371,-0.15152183016386434,-0.15003898491985912,-0.05758821107437271,-0.03191775778599823,-0.07671024074888813,-0.04513231034954997,598.191,-0.054469729748668795,-0.018182319083190547,-0.01967492037624523,-0.022540811409150402,-0.02810354322801806,-0.06901140527868761,-0.0664489662469731,-0.06276463847906778,-0.06088185739031257,-0.15748124077442271,-0.1544201801908579,-0.06354762168493117,-0.03629895305699709,-0.0826696513594467,-0.04951350562054902,0.0,-0.0005828,0.0048132999999999995,0.020258019999999998,0.029775100000000002,0.0702969,0.07901793,0.020519601431159558,-0.016935460626424106,0.013214552563551845,0.018786370767750887,-0.0008384755555555558,0.0012953759016393442,9793317.44275,35113290.50997999,15013537.914839998,35286107.01031,-0.10954168516044356,0.05664765963555309,-0.016612219901681245,-0.02166455965975195,11.67769697761016,47.39052747731308,11.642198004213041,533.9521624154341,0.5237758412290626,2.829891919761673,0.9191261783939936,1.2094153225093098,1.1365189913182445,0.9710064791885527,0.627196943606798,0.6096066707113688,,,,,,,,,,,,"BICOUSDT,WAXPUSDT,1000XECUSDT,IOTXUSDT,TLMUSDT",0.0020552584901452065,0.017042377963662148,-0.015303278341889381,-0.04496453329920769,-0.16661283373832703,-0.13476714491844177,-0.13087844848632812,-0.00045513169607147574,0.011300123296678066,-0.015025520697236061,-0.04468682408332825,-0.1663350909948349,-0.13448938727378845,-0.1306007206439972,0.11557517200708389,-0.00388869340531528
BINANCE-202411290400-ORBSUSDT,binance,ORBSUSDT,ORBS,linear_perp,BINANCE-218648,BINANCE-B012,2024-11-29 04:00:01.809000+00:00,2024-11-29 04:00:01.809000+00:00,2024-12-09 09:00:00+00:00,244.9994975,False,False,False,False,0.0,1.0485054445896762,479.0,0.034898,-0.03312323083389003,-0.03335212200778963,-0.047653209738487114,-0.04688372575840122,-0.09180038554447086,-0.09006961015948947,-0.06667655308924474,-0.06382152422172425,-0.060569104416640596,-0.056736713902501505,-0.06337389879219851,-0.05357052431542279,-0.0052864571773482095,-0.022242465371277505,0.048711018829891296,0.048008232273518636,0.015834765779921874,0.015829341240412406,-0.008224445393413472,-0.030186169107300504,1.5859999999999999,-2.865534780624415e-05,0.18937622480768806,-0.01467451532260883,-0.0027495413829350633,0.025200355683280374,-0.22936410406778976,10.0,-0.017255012710178347,0.04331409170646226,0.03948170119232317,0.04611888608202025,0.03631551160524453,-0.06596603154006957,-0.0652632449836969,-0.03308977849010022,-0.03308435395059075,-0.10414698699973243,-0.10293259054509846,-0.06356139599511047,-0.037529340446432705,-0.041123980928498075,-0.009030567316764784,30.0,-0.015943957414367778,0.0446251470022728,0.040792756488133707,0.04742994137783065,0.03762656690105493,-0.06465497624425906,-0.0639521896878864,-0.031778723194289725,-0.031773298654780256,-0.10283593170392201,-0.10162153524928803,-0.06225034069930003,-0.03621828515062226,-0.039812925632687644,-0.007719512020954354,60.0,-0.03261189664940143,0.025055254552020182,0.021378278273350676,0.030960364092594492,0.02120183821440316,-0.08109402430539318,-0.08062012892291995,-0.04821777125542357,-0.04844123788981382,-0.11927497976505604,-0.11828947448432148,-0.07868938876043406,-0.0528862243856557,-0.056251973693821636,-0.024387451255987916,118.191,-0.05050674150298948,0.003896756127885024,0.0007002315421297074,0.011858146139026714,0.0026957992874077994,-0.09952483502526717,-0.09851497377650806,-0.06664858197529766,-0.06633608274340203,-0.13770579048493,-0.13618431933790964,-0.09712019948030806,-0.07078106923924393,-0.07468278441369555,-0.04228229610957594,598.191,-0.07518824321253513,-0.02693374815183313,-0.028465229478403718,-0.019706731921601415,-0.025414364592802472,-0.12582566222587946,-0.12319647548605354,-0.0929494091759101,-0.0910175844529476,-0.16400661768554234,-0.16086582104745514,-0.12342102668092042,-0.09546257094878945,-0.10098361161430806,-0.06696379781912168,0.0,-0.00033709,0.00020493999999999997,0.00301231,0.00859882,0.014082179999999998,0.01564749,0.04534607892200929,-0.05623267766693194,-0.028498773129667938,-0.02196172371388705,0.00021267666666666664,0.0002565162295081967,8821086.71655,43334736.061402,4738716.870085,13205628.851267714,-0.07231415710506506,0.016337014569640703,-0.002724020037800047,-0.006320281873363506,10.824361600187213,63.259872491172054,8.347807838921247,467.12670074477546,0.6002045556243183,1.7050795730104777,0.9770093790178166,1.6491055494947537,1.285791917794644,0.8628758896822951,0.5086705914386358,0.4259421083977693,,,,,,,,,,,,"TWTUSDT,DODOXUSDT,FLMUSDT,XVSUSDT,TOKENUSDT",0.0012101002503186464,0.010966415517032146,-0.044378817081451416,-0.08433252573013306,-0.25825536251068115,-0.24724853038787842,-0.23562316596508026,-0.004677036311477423,0.0009542925399728119,-0.04646266624331474,-0.08641640841960907,-0.2603392004966736,-0.24933239817619324,-0.2377070188522339,0.19124433398246765,-0.011625388637185097
BINANCE-202411290400-XEMUSDT,binance,XEMUSDT,XEM,linear_perp,BINANCE-218648,BINANCE-B012,2024-11-29 04:00:01.809000+00:00,2024-11-29 04:00:01.809000+00:00,2024-12-09 09:00:00+00:00,244.9994975,False,False,False,False,0.0,1.0600461566094566,479.0,0.0276,-0.055880458394456496,-0.05611186893259543,-0.08306659869861344,-0.08228864514589554,-0.10294796925244237,-0.10119814353215556,-0.10697211955216783,-0.10408566589220757,-0.08306659869861344,-0.07919202574708288,-0.06744128079553253,-0.05753000232813633,0.0425596144187959,0.025416974473376038,0.15104025741286572,0.15032973541048245,0.13217177310848302,0.13216628886203674,0.23047486269211603,0.1564854849431862,1.583,-0.0036297680505787237,0.2466505170937941,-0.019539000207979187,-0.0023198579222256355,0.036367644170875006,-0.4867280721869302,10.0,-0.014598799421152749,0.06846779927746072,0.06459322632593016,0.052842481374379816,0.04293120290698361,-0.16563905683401856,-0.16492853483163528,-0.14677057252963582,-0.14676508828318954,-0.23192838086994258,-0.23070061777059248,-0.3237870770938973,-0.2974684913627389,-0.2775203221922817,-0.2450736621132688,30.0,-0.03315220731690039,0.04991439138171307,0.04603981843018252,0.03428907347863219,0.024377795011235985,-0.1841924647297662,-0.1834819427273829,-0.16532398042538352,-0.16531849617893724,-0.2504817887656902,-0.2492540256663401,-0.3423404849896449,-0.3160218992584865,-0.2960737300880293,-0.2636270700090164,60.0,-0.05228777249419196,0.031010236742560322,0.027292788643210577,0.019268418865877032,0.009402482637573638,-0.20309661936891882,-0.20261750790467428,-0.18422813506453625,-0.18445406135622902,-0.2693859434048429,-0.2683895908436315,-0.3612446396287976,-0.33515746443577793,-0.31497788472718197,-0.282762635186308,118.191,-0.06326234940897313,0.023438572972017468,0.020206864811490362,0.01165061721997525,0.002387422054229312,-0.2146130614304781,-0.21359208481945546,-0.19574457712609533,-0.19542863827101,-0.28090238546640217,-0.2793641677584128,-0.37276108169035677,-0.34613204135055914,-0.3264943267887412,-0.2937372121010891,598.191,-0.0890241744797771,-0.011834457647002798,-0.013382795714799502,-0.027398974188114347,-0.03316942975195074,-0.2420120356185925,-0.23935390989025954,-0.22314355131420976,-0.22119046334181403,-0.3083013596545165,-0.3051259928292167,-0.40016005587847125,-0.37189386642136324,-0.3538933009768556,-0.3194990371718932,0.0,-0.01127031,-0.02376194,-0.09777481,-0.12493430999999998,-0.16472328999999997,-0.19752541999999995,0.28800486502025247,0.08014512728163381,-0.052394829249470073,-0.07398937774893,-0.0009422800000000002,-0.006371787741935482,9758829.7139,73207996.7973,9719634.299899999,22031250.02654286,-0.07109144274869651,-0.07327275533450624,-0.002188623216054205,-0.042116194032548245,35.90668130728761,80.32171697264253,26.6311741948385,810.0378415308685,36.16640470188515,38.98640415657323,0.9675120062785695,1.4275227578908574,1.38070943414185,1.2619731500119638,0.9690127982816615,0.9873568814443179,-0.05298442047854155,-0.07919202574708288,0.17675075790931863,0.15032973541048245,0.2435308164232401,0.23047486269211603,36.29768050578731,-227.9125444825741,-132.10231736806463,-94.26185680545385,0.013365068767712193,"ICXUSDT,RSRUSDT,XVGUSDT,QNTUSDT,ETHWUSDT",0.003914255648851395,0.01798916794359684,-0.034780796617269516,-0.09185275435447693,-0.48796209692955017,-0.48393067717552185,-0.4507067799568176,0.0022823824547231197,0.01005152054131031,-0.036152150481939316,-0.09322406351566315,-0.48933345079421997,-0.4853019714355469,-0.45207810401916504,0.41592592000961304,-0.03322390466928482
BINANCE-202412060300-BONDUSDT,binance,BONDUSDT,BOND,linear_perp,BINANCE-219234,BINANCE-B013,2024-12-06 03:00:04.185000+00:00,2024-12-06 03:00:04.185000+00:00,2024-12-16 09:00:00+00:00,245.99883749999998,False,False,False,False,0.0,1.1951957249298484,479.0,1.707,-0.1219657605217011,-0.12135145721324582,-0.064733814566568,-0.06653321722451445,-0.06661057457942827,-0.06789578870355754,-0.04187214542330575,-0.04049964354333967,-0.04004120197619656,-0.0434331847460484,-0.08238874980528874,-0.09009643729240503,-0.09971353346259487,-0.12175916774549846,-0.10230588747432494,-0.13188410761650854,-0.13461994203073455,-0.15703978621266695,-0.546713671539278,-0.5490839261563976,0.651,-0.0005859947428162918,0.08934494250616193,0.0497507086736525,0.014328482564426662,0.5032973573451992,-0.06343589835908753,10.0,-0.06286057018488767,-0.022819368208691158,-0.019427385438839314,0.019528179620401015,0.02723586710751732,0.039445317289437266,0.06902353743162085,0.07175937184584681,0.09417921602777922,0.32950963234049385,0.32893580183927523,0.41644216673931533,0.46963137418509043,0.3958421873514184,0.4838531013543904,30.0,-0.06661057457942827,-0.0265693726032317,-0.023177389833379858,0.015778175225860534,0.023485862712976834,0.03569531289489673,0.06527353303708032,0.06800936745130626,0.09042921163323867,0.3257596279459533,0.3251857974447347,0.4126921623447748,0.4658813697905499,0.39209218295687787,0.4801030969598499,60.0,-0.10429067594738953,-0.07517627388796719,-0.07143771578033105,-0.021879894717025217,-0.013394708505839287,-0.0025990917815198276,0.027593431669118956,0.02971496277488967,0.05274911026527753,0.2874652232695368,0.28750569607677334,0.37439775766835826,0.4282012684225886,0.3537977782804612,0.44242299559188836,115.815,-0.08776600814567659,-0.05480823649499495,-0.05030308392084065,-0.008288220860102072,0.0010533700631155628,0.01353549507951566,0.04411809947083192,0.045849549635925115,0.06927377806699025,0.30359981013057225,0.3040303638784864,0.3905323445293937,0.44472593622430134,0.36993236514149674,0.4589476633936014,595.815,-0.07138405765008374,-0.04373964838336336,-0.0410340708322509,0.02357547863054233,0.0289585410267715,0.030043806486965377,0.06050004996642465,0.06235786104337488,0.08565572856258313,0.320108121538022,0.32041231437407913,0.4070406559368435,0.4611078867198942,0.38644067654894654,0.47532961388919437,0.00059937,0.00059937,0.00305612,0.012986089999999999,0.015011129999999998,0.029369460000000003,0.03529593,-0.45661723424687284,-0.4148295639227696,-0.014221727169299755,-0.002370254617119656,0.00046968499999999996,0.0006023014516129033,13506548.499499999,21145593.7255,10317291.4787,10620498.807,0.00018517747151269693,0.06961252757843285,-0.04254087024431069,0.04644973703509103,18.045117678589175,62.70167572144103,18.885746878681548,1213.7976577888487,3.6641362792538352,6.9907755008871835,0.9634854952594797,1.066155021719906,1.0074574304725308,0.928883656545539,0.9498886542292847,0.9547624752410179,,,,,,,,,,,,"HFTUSDT,RIFUSDT,NKNUSDT,BADGERUSDT,BALUSDT",-0.0033093304373323917,-0.013161500915884972,-0.016659216955304146,0.010844821110367775,0.21698996424674988,0.13970717787742615,0.12154145538806915,-0.0066459896042943,-0.013652192428708076,-0.01958184316754341,0.00792219489812851,0.21406731009483337,0.13678456842899323,0.11861883103847504,-0.13820067048072815,0.01816575787961483
BINANCE-202412060300-MAVIAUSDT,binance,MAVIAUSDT,MAVIA,linear_perp,BINANCE-219234,BINANCE-B013,2024-12-06 03:00:04.185000+00:00,2024-12-06 03:00:04.185000+00:00,2024-12-16 09:00:00+00:00,245.99883749999998,False,False,False,False,0.0,1.5954371792646216,479.0,2.2802,-0.11622736536378643,-0.11540734708794098,-0.11672009757380467,-0.11912207562733548,-0.1515227876351996,-0.15323838814663235,-0.13467229406031425,-0.1328401752849254,-0.11352166945658589,-0.11804954326801895,-0.16265824586741565,-0.17294704704583336,-0.16044180723936563,-0.18986997857714344,-0.13321818594940718,-0.17270141963825192,-0.20465488119240713,-0.23458257605868024,-0.5576414793169316,-0.5382833256662767,1.039,-0.0003947801345272442,0.03131176575578981,0.14644725669413983,0.030876829319854585,0.4374206734227782,-0.05826890812397576,10.0,-0.04682078636214289,0.06670088309444296,0.07122875690587602,0.11583745950527263,0.12612626068369037,0.08639739958726422,0.12588063327610896,0.15783409483026423,0.18776178969653734,0.4573899195731077,0.4566239274455054,0.4463416792360373,0.5173426352506592,0.39333710306858444,0.5108206929547886,30.0,-0.09266479148328427,0.020856877973301505,0.025384751784734573,0.06999345438413125,0.08028225556254898,0.04055339446612279,0.08003662815496754,0.11199008970912282,0.14191778457539592,0.41154591445196625,0.41077992232436394,0.4004976741148959,0.47149863012951776,0.34749309794744315,0.4649766878336474,60.0,-0.1023890063286836,0.016522008386444298,0.021512517034819843,0.06550498366832631,0.07683164864205196,0.030009161344878077,0.07031241330956814,0.10144585658787804,0.1321935697299968,0.4010016813307215,0.4010557074789645,0.38995344099365103,0.4617744152841183,0.33694886482619846,0.45525247298824795,115.815,-0.13529043088078835,-0.02433693492869784,-0.018323118308422225,0.03260214142501789,0.045071999843610475,-0.0034129725962399426,0.037410988757463286,0.06802372264676007,0.09929214517789174,0.3675795473896035,0.3681542829268598,0.35653130705253316,0.42887299073201335,0.3035267308850804,0.422351048436143,595.815,-0.14759886148384585,-0.039122841853961636,-0.03551123337311478,0.018438672409517985,0.025624389113574477,-0.015552727146850442,0.02510255815440602,0.05588396809614952,0.08698371457483454,0.35543979283899296,0.35584585232380245,0.34439155250192255,0.41656456012895604,0.29138697633446986,0.410042617833086,0.00078751,0.00078751,0.00212394,0.00545443,0.006289759999999998,0.008164479999999998,0.008842909999999997,-0.3846944322710981,-0.38494005967867984,0.006521942295870414,0.019358153650654807,0.0004477272222222222,0.00016777516129032254,27546737.13493,51903635.45193001,8796714.54545,24394767.064790003,-0.06322647360806663,0.014096701513564933,-0.017106816420159224,-0.0026501229305045475,31.290160411039604,111.0550075307208,19.183518111462288,1163.1507312159395,2.846473985757388,7.314383949450375,1.0046431206021222,1.1080383249049894,1.0524282166650558,1.007782336838852,0.5100090187053676,0.4277902653614355,-0.11819248400105362,-0.11804954326801895,-0.17279484126226194,-0.17270141963825192,-0.5591160916071696,-0.5576414793169316,25.026905996107132,25.084044658131067,0.0,38.89595132041037,0.0013811906662281048,"DENTUSDT,TOKENUSDT,BICOUSDT,MTLUSDT,ALICEUSDT",-0.0002625722554512322,-0.005257952027022839,-0.008661983534693718,0.03307502716779709,0.26280781626701355,0.21533814072608948,0.18866685032844543,-0.006954325828701258,-0.004947427660226822,-0.012976229190826416,0.028760826215147972,0.2584936022758484,0.21102392673492432,0.18435263633728027,-0.1973288506269455,0.02667122706770897
BINANCE-202412060300-OMGUSDT,binance,OMGUSDT,OMG,linear_perp,BINANCE-219234,BINANCE-B013,2024-12-06 03:00:04.185000+00:00,2024-12-06 03:00:04.185000+00:00,2025-01-31 09:00:00+00:00,1349.9988375,False,False,False,False,0.0,1.089824311326177,479.0,0.6123,-0.09609441668404424,-0.09553427187586065,-0.08075067230487641,-0.08239143517039794,-0.09125179220825634,-0.09242369867388403,-0.060767535833480595,-0.059516037116635945,-0.031522185219311105,-0.034615122391924415,-0.047663900063894385,-0.054692058743140794,-0.0630262458546636,-0.08312828244915055,-0.029501642353072167,-0.056472173391912114,-0.07263918363997149,-0.093082438862499,-0.7968485573161734,-0.8062560484892605,0.927,0.0,0.21087536725366712,0.07851543199807313,0.011589657897525444,0.6811150698826287,-0.09916248570361907,10.0,-0.03574480782668401,-0.004222622607372966,-0.0011296854347596541,0.011919092237210311,0.01894725091645672,-0.006243165473611775,0.020727365565228167,0.036894375813287555,0.05733763103581507,0.5688406710889415,0.5596858254452097,0.7064375448666776,0.7879262865134182,0.6887560233604485,0.7611037494894894,30.0,-0.08732321572698237,-0.0558010305076712,-0.05270809333505789,-0.039659315663087974,-0.032631156983841565,-0.057821573373910244,-0.0308510423350703,-0.014684032087010832,0.0057592231355166855,0.5172622631886432,0.5081074175449114,0.6548591369663794,0.73634787861312,0.6371776154601503,0.7095253415891912,60.0,-0.09445610465551531,-0.06399958283296081,-0.0605906252622277,-0.042888822675918065,-0.035151711484675434,-0.06551460711062677,-0.037983931263603325,-0.022377065823727327,-0.0013736657930160726,0.5095692294519267,0.5009745286163786,0.6471661032296628,0.7292149896845869,0.6294845817234337,0.7023924526606583,115.815,-0.08018900741696466,-0.05076180354325598,-0.04665383637174084,-0.02725535586791483,-0.018737342723930336,-0.051603200311447675,-0.023716834025052674,-0.00846565902454824,0.01289343144553439,0.5234806362511057,0.515241625854929,0.661077510028842,0.7434820869231376,0.6433959885226128,0.716659549899209,595.815,-0.1001599917087458,-0.08316478326604203,-0.08069773612901034,-0.04054011197667559,-0.03563163368610889,-0.07145896398214505,-0.04368781831683381,-0.028321422695245613,-0.007077552846246674,0.5036248725804083,0.495270641563148,0.6412217463581444,0.7235111026313563,0.6235402248519154,0.6966885656074278,0.0,0.0,0.00172682,0.00579176,0.03364744000000001,0.03977929000000001,0.040079290000000004,-0.7421564985730328,-0.7403763839242616,0.026822537023928738,-0.009407491173087059,0.0008634466666666668,0.00023715556213017755,25082894.41115,18769626.5278,10918748.586909998,22670352.736921426,-0.00792024131799115,0.06807219366424962,-0.010526600540991351,-0.053795435672379266,23.662653650068652,68.86413305401457,10.371651750829306,1921.3649170812807,3.118400002591187,3.6863543165871677,0.8336834504824974,1.0202439919791968,0.9861985348809781,0.873910741364809,0.3710485320204785,0.40462200702502654,-0.03174246491640104,-0.034615122391924415,-0.05140455637612197,-0.056472173391912114,-0.7934687587313924,-0.7968485573161734,50.77400147127137,3.3647375822161862,0.0,20.242921892306608,0.0016878184310090694,"MTLUSDT,TOKENUSDT,DENTUSDT,TWTUSDT,ONGUSDT",-0.003960832487791777,-0.007014131639152765,-0.021856296807527542,0.027547631412744522,0.28006690740585327,0.5313867330551147,0.5174803733825684,-0.009150290861725807,-0.006605972535908222,-0.025000477209687233,0.024403497576713562,0.2769227623939514,0.5282424688339233,0.5143362283706665,-0.5393366813659668,0.013906317763030529
BINANCE-202412180801-BLZUSDT,binance,BLZUSDT,BLZ,linear_perp,BINANCE-220874,BINANCE-B014,2024-12-18 08:01:12.939000+00:00,2024-12-18 08:01:12.939000+00:00,2024-12-23 09:00:00+00:00,120.97973916666666,False,False,False,True,0.0,1.5540921994083183,479.0,0.12272,-0.20473515163085465,-0.20435591283744903,-0.162346385139068,-0.1652681964754811,-0.1812139565895088,-0.18176473315944808,-0.08358003007438754,-0.0807589061366278,-0.11984268461289205,-0.11511200694924537,-0.26991387765584923,-0.28307153664040186,-0.5358815954967199,-0.516295969109655,-0.5326838173111906,-0.49342641433527984,-0.5195828921554052,-0.44315553512261474,-0.46214967447034416,-0.44513738648146506,0.563,8.14829904709901e-05,-0.30126022900312166,-0.09236512506095755,-0.0020803934911993163,0.5665889776282442,-0.06003235442028528,10.0,-0.1859133973902669,-0.06607071277737481,-0.07080139044102149,0.08400048026558235,0.09715813925013499,0.3467704199209237,0.30751301694501293,0.33366949476513824,0.25724213773234783,0.2801865183749953,0.16809186658183184,0.4093489899845451,0.29230608340149794,0.4127536265350791,0.27623627708007725,30.0,-0.1850305683565193,-0.06518788374362715,-0.06991856140727383,0.08488330929932983,0.09804096828388247,0.34765324895467137,0.3083958459787606,0.3345523237988858,0.2581249667660953,0.28106934740874284,0.16897469561557937,0.4102318190182927,0.29318891243524553,0.4136364555688268,0.27711910611382495,60.0,-0.17898060650622089,-0.06720387496186508,-0.07053140550150454,0.11366022119879977,0.12830546676177568,0.3533239720115641,0.31444580782905884,0.3402230468557787,0.2641749286163939,0.28674007046563577,0.1750246574658779,0.41590254207518557,0.299238874285544,0.4193071786257196,0.2831690679641232,107.061,-0.19083923667556166,-0.07735520747942648,-0.08207807336661403,0.10935472717441258,0.12358125585816429,0.3424431118307884,0.302587177659718,0.3293421866750029,0.2523162984470527,0.27585921028486,0.16316602729653695,0.4050216818944098,0.287380244116203,0.4084263184449438,0.2713104377947822,527.061,-0.1278265739109009,0.006020487781583025,0.004340056684459301,0.16031053071965148,0.1727342149186341,0.40759129333253263,0.3655998404243788,0.3944903681767471,0.3153289612117137,0.34100739178660416,0.22617869006119787,0.47016986339615396,0.3503929068808639,0.473574499946688,0.33432310055944325,0.0,5e-05,-0.01066243,-0.01347165,-0.014789410000000003,-0.01273027,-0.01098717,-0.17907813782994214,0.031276739864935774,0.01606980632142086,0.017012287988878997,2.078166666666667e-05,-0.000366239,22830024.514129996,320696793.68162,25641750.44439,10031662.157075712,-0.04524797737166895,0.019369337096846406,-0.01547219935032026,-0.043867925679625344,22.18894358202679,161.0480450855494,25.944090654995886,2049.795806865382,0.7533618777332652,4.440010043298708,1.1934733343199069,1.4244348906331323,1.9738635669325864,2.6555641137516113,1.4255697367195723,1.31561857000468,-0.11702364776985602,-0.11511200694924537,-0.4921028232317876,-0.49342641433527984,-0.46353940803893146,-0.46214967447034416,-20.345886977875743,-36.026088569636606,-4.432296740952199,-8.892841848841728,0.0027133246720794785,"DODOXUSDT,TWTUSDT,COMBOUSDT,MTLUSDT,ATAUSDT",0.003129746299237013,-0.007034675683826208,0.07814405113458633,0.04785149171948433,0.12961503863334656,0.14508070051670074,0.13514986634254456,-0.002354228403419256,-0.002881781430914998,0.07971002161502838,0.04941747710108757,0.1311810165643692,0.1466466635465622,0.1367158591747284,-0.05700584501028061,0.00993080623447895
BYBIT-202412191000-AKROUSDT,bybit,AKROUSDT,AKRO,linear_perp,BYBIT-blt1c45d16b99a0bb80,BYBIT-B042,2024-12-19 10:00:40+00:00,2024-12-19 10:13:00+00:00,2024-12-24 10:00:00+00:00,119.9888888888889,True,False,False,False,740.0,1.2299796024077678,479.0,0.002338,-0.0017123291855122669,-0.0020276467728272316,-0.0522392190994197,-0.05284441257021702,-0.0727270743508588,-0.07342887793667036,-0.07226719850922927,-0.0757180003741589,-0.017691939342915346,-0.02420415072014168,-0.02951603155656529,-0.032184615617588154,-0.09976834905382373,-0.04541000353155769,-0.2965608362066763,-0.20962613310274805,-0.28739696909988527,-0.22717127394246694,-0.563092159202842,-0.5174878488488565,1.8199999999999998,-0.00042780749315558743,-0.7308270262887734,-0.1815078417376489,-0.01773919326196175,0.5990476293866468,-0.16931086477399396,10.0,-0.05114135464641376,-0.07333582103112911,-0.06707503205990448,-0.030157496058139135,-0.024081879244670867,0.24522251806909012,0.15848477845633435,0.23605865096229905,0.1760299192960531,0.2608795500022339,0.20079498532761475,0.3398999866849554,0.268537377550223,0.6032134681197787,0.5119508045564282,30.0,-0.06748307101115068,-0.08967753739586606,-0.08341674842464143,-0.04649921242287611,-0.040423595609407836,0.2288808017043531,0.14214306209159733,0.2197169345975621,0.15968820293131616,0.24453783363749698,0.18445326896287784,0.3235582703202185,0.2521956611854861,0.5868717517550417,0.49560908819169114,60.0,-0.07431336060354378,-0.10402383273657949,-0.09883407074783858,-0.05815592015707406,-0.05297337606903782,0.22245286405295464,0.13531277249920431,0.21328899694616366,0.15285791333892326,0.2381098959860984,0.17762297937048477,0.3171303326688199,0.2453653715930929,0.5804438141036431,0.48877879859929807,60.0,-0.07431336060354378,-0.10402383273657949,-0.09883407074783858,-0.05815592015707406,-0.05297337606903782,0.22245286405295464,0.13531277249920431,0.21328899694616366,0.15285791333892326,0.2381098959860984,0.17762297937048477,0.3171303326688199,0.2453653715930929,0.5804438141036431,0.48877879859929807,420.0,-0.07480801920984413,-0.14261120259897225,-0.1408342158516957,-0.052302422494837165,-0.049716596396613945,0.22613102911928254,0.1348181138929038,0.21696716201249155,0.15236325473262274,0.24178806105242626,0.1771283207641843,0.3208084977351479,0.24487071298679267,0.584121979169971,0.4882841399929976,0.0,0.0,0.00030000000000000003,-0.00397093,-0.00048643,-0.00611044,-0.0059294,-0.5309075435852534,-0.35346602610009376,-0.2434134270062051,0.045604310353985426,0.00019880777777777777,-0.00039529333333333333,33166700.851099998,19334297.4401,8203183.793099999,9128498.55312857,-0.03270679820009964,-0.10549288033118565,0.006057791946790312,0.026233577611781838,89.963179595129,109.76584710349624,56.77800916681194,871.0443054201633,3.6938794894966596,12.738635900325185,1.773763271655723,1.0243958366167023,0.8886775131799793,0.6371359906493742,0.39671359354581154,0.5399644200349177,-0.016924452951698206,-0.02420415072014168,-0.20233112894748836,-0.20962613310274805,-0.5565417307485937,-0.563092159202842,8.628128231553449,17.276134443778112,0.0,24.721891453890727,0.0007445757010114407,"COMBOUSDT,WAXPUSDT,OXTUSDT,BALUSDT,HFTUSDT",-0.013948885723948479,-0.0038754655979573727,0.1569186896085739,0.0765826627612114,0.09770303964614868,0.0774989128112793,0.019416794180870056,-0.010498788207769394,0.0036922073923051357,0.16320112347602844,0.08286508172750473,0.10398547351360321,0.08378135412931442,0.025699203833937645,0.13750189542770386,0.058082111179828644
BYBIT-202412191012-BLZUSDT,bybit,BLZUSDT,BLZ,linear_perp,BYBIT-blt4b9c26385241a446,BYBIT-B042,2024-12-19 10:12:40+00:00,2024-12-19 10:14:49+00:00,2024-12-24 10:00:00+00:00,119.78888888888889,True,False,False,False,129.0,1.542361116013814,479.0,0.06679,-0.0005990714571856299,-0.001350882291251109,-0.013718463428105161,-0.0168657415333407,0.020304513783515544,0.015168887954131877,0.012941794615017784,0.0020792537694243815,0.09559597380323522,0.08655312210992308,0.07455704034478766,0.06617903100383694,0.031247936631571983,0.09657556994188535,-0.010989948774901087,0.10462458900188108,0.028341380305439874,0.10179030738004802,-0.046568929542611964,-0.08499569831850826,4.649,-0.000299490867767245,-0.9687883563958496,-0.45833793437700615,-0.07203076207344705,0.26526027285373593,-0.18521418262019126,10.0,-0.01573405653094045,-0.09485435665581103,-0.08834653565038039,-0.09291824762894456,-0.08641947767555115,-0.0034877584828582275,-0.12035864553282138,-0.042819087563199215,-0.1175243639109883,-0.0019728362116128192,-0.07902842546172557,0.05158915592650931,-0.03840216200979467,0.1457803203475001,0.030834873011671746,30.0,-0.019551681616364832,-0.10986119227335446,-0.1034434523097534,-0.09555951836582492,-0.08936648432850613,-0.006682892429687994,-0.1241762706182459,-0.04601422151002887,-0.12134198899641263,-0.005167970158442598,-0.0828460505471501,0.04839402197967959,-0.042219787095218904,0.14258518640067033,0.02701724792624735,60.0,-0.02336877152468226,-0.11367828218167171,-0.10726054221807065,-0.09937660827414244,-0.09318357423682365,-0.010499982338005373,-0.1279933605265633,-0.04983131141834624,-0.12515907890473002,-0.008985060066760094,-0.08666314045546758,0.0445769320713622,-0.04603687700353629,0.13876809649235292,0.023200158017929934,71.0,-0.02526896720994601,-0.11237701790307389,-0.10757766862536387,-0.09526843283271355,-0.08972566760738394,-0.011112071109984542,-0.129893556211827,-0.050443400190325616,-0.12705927458999386,-0.009597148838739366,-0.08856333614073127,0.04396484329938298,-0.04793707268880003,0.1381560077203738,0.021299962332666275,311.0,-0.007237852581193697,-0.14429880724605598,-0.1420705139822441,-0.06356411788242142,-0.06032156197428612,0.01024105336058436,-0.1118624415830749,-0.029090275719756586,-0.10902815996124159,0.011755975631829611,-0.0705322215119791,0.06531796776995194,-0.029905958060047894,0.15950913219094268,0.039331076961418285,0.0,0.0,-0.0038007,-0.0032007,-0.003400700000000001,0.0003738200000000002,0.01133218,-0.11274796054644885,-0.15119351854449303,-0.06923703502146619,-0.03842676877589641,1.5908888888888904e-05,0.0007554786666666667,122928836.73004001,55799973.09187999,41319550.33752,23900041.144275714,-0.03078917509511491,0.009150625380409233,-0.010612632587422585,0.0013589000587214666,63.79482670392998,59.54524564426089,48.352722273020696,417.82870244342797,6.3244752519070175,7.003024265002267,1.6418767513937662,0.8767363945492438,0.8435531042134716,0.48674526518284844,0.4169537114357405,0.47531292519135737,0.08776098036779602,0.08655312210992308,0.10358431750024005,0.10462458900188108,-0.06773599968426997,-0.046568929542611964,-7.476635862305096,-6.053268949972341,83.52120508184447,195.21471745019892,0.020126798640017096,"QNTUSDT,ALICEUSDT,AGLDUSDT,HOTUSDT,TOKENUSDT",-0.015648502856492996,-0.012069876305758953,0.1480971723794937,-0.029445404186844826,-0.010039079003036022,0.0027527385391294956,-0.06467477232217789,-0.014194846153259277,-0.0042975544929504395,0.15505650639533997,-0.02248607762157917,-0.0030797719955444336,0.009712080471217632,-0.05771545693278313,0.21277198195457458,0.06742753833532333
BYBIT-202412191030-BONDUSDT,bybit,BONDUSDT,BOND,linear_perp,BYBIT-blt0d7f0fd8e4cee404,BYBIT-B042,2024-12-19 10:30:00+00:00,2024-12-19 10:31:05+00:00,2024-12-24 10:00:00+00:00,119.5,True,False,False,False,65.0,1.454377094561187,479.0,0.5247,0.0007620499511475413,-0.0015612070736024763,-0.10394272104283617,-0.10809833291551502,-0.04064730677415629,-0.045534362722671126,-0.06008874484096188,-0.0637086779382589,-0.03471022224568213,-0.03936439223141709,-0.02313579190301125,-0.02666903163733882,-0.1692569006475305,-0.1012041523011887,-0.2631459688133438,-0.1566078268963158,-0.317929759401019,-0.24423916743922902,-0.3302211598401768,-0.3431227687859958,2.002,0.0011428572672495796,-0.8212564948769856,-0.2210227691255144,-0.01852323012099633,0.4008546803933818,-0.056302293382884276,10.0,-0.02195437244331203,0.00506626181056659,0.007039252918303796,0.011533702286084843,0.015681272259021155,0.2435148533947817,0.13465345445300347,0.29829864398245703,0.2222847949959169,0.3465912891900823,0.2657690069454408,0.31600289818626254,0.22498437312587277,0.4228159330340892,0.3082667873968648,30.0,-0.028389024654091165,-0.0013683904002125095,0.0006046007075246962,0.005099050075305693,0.009246620048242005,0.2370802011840026,0.12821880224222437,0.2918639917716779,0.21585014278513776,0.34015663697930315,0.25933435473466165,0.3095682459754834,0.21854972091509361,0.41638128082330994,0.30183213518608554,60.0,-0.028875030801799127,0.008240187885455816,0.0077485058090470335,0.007255645126002265,0.0077897701970122,0.23825322184636608,0.1277327960945166,0.29303701243404134,0.21536413663743,0.3413296576416666,0.258848348586954,0.31074126663784696,0.21806371476738612,0.41755430148567346,0.3013461290383779,115.0,-0.05013036038811507,-0.010729290289791528,-0.010666738698626638,-0.020953524065651142,-0.01566605080244317,0.2161266771183515,0.10647746650820053,0.2709104677060267,0.1941088070511139,0.3192031129136521,0.2375930190006378,0.2886147219098323,0.1968083851810699,0.3954277567576589,0.2800907994520617,535.0,-0.07807799464971225,-0.021134702532037784,-0.022337757772470105,-0.047919360969729055,-0.050732312100770116,0.18837806130933274,0.07852983224660336,0.24316185189700798,0.16616117278951664,0.2914544971046332,0.2096453847390405,0.2608661061008135,0.16886075091947256,0.3676791409486402,0.2521431651904646,0.0,0.0,0.00030000000000000003,0.0009000000000000001,0.0007000000000000001,0.0012000000000000001,0.0031356,-0.3035521282028383,-0.1736133329438613,-0.08328241427099191,-0.012901608945818965,0.0001,0.00020904000000000002,5386131.3193500005,7875244.92632,2769867.28606,9070272.000975713,-0.10506660976812078,-0.0676742377535808,-0.014971969311486645,-0.07813275117157081,29.241758318122947,96.3422084871599,29.666422169049802,458.99988747198694,13.754467039715662,11.036388355386077,0.8535593452676596,1.0869736514631831,1.0131919904195876,0.726275474816667,0.541498282442233,0.5556674843658985,,,,,,,,,,,,"COMBOUSDT,WAXPUSDT,OXTUSDT,BALUSDT,HFTUSDT",-0.0026566809974610806,0.004069735296070576,0.181768536567688,0.08746308088302612,0.11841301620006561,0.08948855102062225,0.03140643984079361,0.00022722869471181184,0.007200813386589289,0.182879239320755,0.08857376873493195,0.11952370405197144,0.09059927612543106,0.03251712769269943,0.1503620743751526,0.058082111179828644
BYBIT-202412261004-FTMUSDT,bybit,FTMUSDT,FTM,linear_perp,BYBIT-blt21e0f27baf3a4dcd,BYBIT-B043,2024-12-26 10:04:00+00:00,2024-12-26 10:10:01+00:00,2025-01-10 10:00:00+00:00,359.93333333333334,False,True,False,False,361.0,1.631208229411206,479.0,0.9177,0.0016331867095785997,0.0016913756276761517,-0.004915625169326969,-0.005095313137536218,-0.004149383546811366,-0.005723119741162058,-0.01051603512918471,-0.010550262934928783,-0.006778945706249681,-0.011464890040914834,-0.024935095948074176,-0.03098737355854234,-0.045363547452784425,-0.05267368174049799,-0.007547205635382854,-0.03277409667414567,-0.13413868482079647,-0.13120783391115404,-0.2803690806408728,-0.2781441504682081,0.156,0.0002179124000778904,-0.11627573901632648,-0.016262951291109835,-0.008372084702934672,0.38617889304952047,-0.010802658383098948,10.0,-0.0031214507250305313,-0.0012022516339644505,0.005745282033735727,0.024017534295284453,0.0351394923864693,0.003944778291016229,0.029652645949114834,0.13053625747643002,0.12808638318612356,0.12842011801742714,0.1594393308729222,0.3342437504135208,0.3033386859782688,0.28928732635358373,0.2772476299158422,30.0,-0.003230818035250584,-0.0013116189441844948,0.005635914723515683,0.023908166985064424,0.03503012507624927,0.003835410980796242,0.029543278638894846,0.13042689016620992,0.12797701587590346,0.12831075070720713,0.15932996356270218,0.33413438310330074,0.30322931866804875,0.28917795904336374,0.2771382626056222,60.0,-0.00472551652763003,-0.0024075301626581354,0.004595651069972586,0.01835522563265777,0.033283711829352275,0.0020839053332469713,0.028048580146515633,0.1286753845186606,0.12648231738352386,0.1265592450596579,0.15783526507032297,0.3323828774557515,0.30173462017566927,0.2874264533958144,0.2756435641132427,119.0,-0.004047552829565687,-0.003935291480055115,0.0030506289974280044,0.015230401455541862,0.029844710850590178,0.002412546405383878,0.028726543844579962,0.12900402559079763,0.12716028108158822,0.12688788613179483,0.1585132287683872,0.33271151852788844,0.3024125838737336,0.28775509446795133,0.276321527811307,599.0,-0.006748140067002196,-0.005252227852449799,0.0029369619027947097,0.021513360198979863,0.032305862753179496,0.0007682599291330383,0.0260259566071432,0.12735973911454676,0.12445969384415183,0.12524359965554402,0.15581264153095092,0.3310672320516377,0.29971199663629716,0.28611080799170047,0.27362094057387043,0.0,0.0,0.00030000000000000003,0.0009000000000000001,0.0021999999999999997,0.008368879999999999,0.009102769999999998,-0.24938170708233032,-0.24759498396672705,0.026091056062426746,0.00222493017266453,9.202888888888891e-05,0.00020228377777777772,122749865.7256,159942473.15670002,55889710.9844,234775419.48524284,-0.06688917650430985,-0.2929092526736513,-0.02242145919556903,-0.01460806820110205,19.66976171596874,19.740261964691612,18.816855151298363,341.35576802537923,2.259423390112981,2.1164374195263576,1.0270695522747197,1.0008966350671675,0.944431356105507,0.9201274734777202,0.269716984964666,0.14831567786053196,,-0.011464890040914834,,-0.03277409667414567,,-0.2803690806408728,,,15.28818521286917,4.382441089787674,,"AGLDUSDT,XVGUSDT,STEEMUSDT,RSRUSDT,STGUSDT",-0.008731051348149776,-0.005312581546604633,-0.0003392159997019917,-0.10952619463205338,-0.11806962639093399,-0.06314170360565186,-0.041491132229566574,-0.010953259654343128,-0.002981011988595128,0.0021180417388677597,-0.10706895589828491,-0.11561236530542374,-0.060684461146593094,-0.03903390094637871,0.04115191847085953,-0.021650565788149834
BYBIT-202501020700-DARUSDT,bybit,DARUSDT,DAR,linear_perp,BYBIT-bltdcdb410baf90f8a0,BYBIT-B044,2025-01-02 07:00:10+00:00,2025-01-02 07:00:53+00:00,2025-01-06 03:00:00+00:00,91.99722222222222,False,True,False,False,43.0,1.6067728740491587,479.0,0.1764,0.002265006630852283,0.00226668766773325,-0.006255351645502027,-0.0060704270441965455,-0.014273722212453578,-0.01598410620068783,-0.018307147444356242,-0.021539887516096697,-0.016576544185777083,-0.02102847840713361,0.022976634200244726,0.004678915713621546,0.0011331445971686754,-0.026228445331525324,-0.015424470325631752,-0.03096256039486816,0.20067069546215124,0.15402644313704572,0.15016421247974227,0.15185254801779235,7.385,0.0011331445971686754,0.21228277460954822,-0.0057719862692753865,-0.003486367509545728,0.023122417420853993,-0.2875392051038703,10.0,0.002832138629929653,0.017679388334447894,0.02180607530866303,-0.015147554702359706,0.003143534793790214,0.018254927918680393,0.03379469902479794,-0.1978402378691025,-0.1511943045071158,-0.015704192623773698,0.02404904533942706,-0.20431275237472,-0.16089838382022217,-0.1992307363550221,-0.14733207384981284,30.0,0.0005684138375413684,0.01541566354205964,0.019542350516274776,-0.01741127949474792,0.0008798100014019983,0.015991203126292243,0.03153097423240979,-0.2001039626614908,-0.1534580292995041,-0.017967917416161907,0.021785320547038852,-0.20657647716710822,-0.1631621086126104,-0.20149446114741038,-0.14959579864220113,60.0,-0.0011327490337309024,0.013714500670787357,0.017841187645002494,-0.01911244236602012,-0.0008213528698702011,0.014290040255019896,0.02982981136113744,-0.20180512553276306,-0.15515919217077637,-0.019669080287434262,0.020084157675766497,-0.2082776400383805,-0.1648632714838827,-0.20319562401868269,-0.15129696151347344,67.0,-0.05798638184787987,-0.04523531838703522,-0.04047385471132771,-0.07689426540240511,-0.058072078588935316,-0.042935144859951015,-0.027023821453011725,-0.259030310647734,-0.2120128249849255,-0.07689426540240511,-0.03676947513838243,-0.2655028251533514,-0.22171690429803154,-0.26042080913365356,-0.20815059432762228,547.0,-0.009806171380607598,0.0051561271493705575,0.008153905894556864,-0.027059148114005775,-0.00789430986289353,0.007456300676454826,0.02115638901426076,-0.2086388651113282,-0.16383261451765302,-0.026502819865999356,0.01141073532888991,-0.2151113796169455,-0.17353669383075934,-0.21002936359724766,-0.15997038386034979,0.0001,0.0001,0.00014726000000000002,-0.011689169999999999,0.00028626000000000004,-0.011689169999999999,-0.01537109,0.14548529676612088,0.18112677287461068,-0.013566309970409314,0.0016883355380499837,-0.004556716666666667,-0.0012809241666666667,4549721.278419999,5502531.88956,12635084.622000001,10708715.801075714,-0.049420355661453745,-0.04877441112426196,0.015402755709150883,0.03750670993804449,11.788979695599275,23.028219733235048,23.397297869395523,606.2462181643502,3.4648351866386915,5.76244346530287,0.9598732827873984,0.8513730361440929,0.7415730727428727,0.7129486304574201,0.8297037129174702,0.4727707708417613,-0.01791784579051774,-0.02102847840713361,-0.031534774874582686,-0.03096256039486816,0.14975219269213272,0.15016421247974227,-2.2673166404808924,3.4548281566653705,-28.071162677417252,1.8528812356149549,-0.0001601946921048758,"ALICEUSDT,OXTUSDT,HOTUSDT,IOTXUSDT,TRUUSDT",-0.005832313094288111,-0.013532486744225025,0.006654417607933283,-0.06049232557415962,-0.06415264308452606,-0.057808052748441696,-0.05748474597930908,-0.003780985949561,-0.013824038207530975,0.006800300441682339,-0.060346413403749466,-0.0640067309141159,-0.057662129402160645,-0.05733882263302803,0.06413915753364563,-0.0003232983290217817
BINANCE-202501150800-REEFUSDT,binance,REEFUSDT,REEF,linear_perp,BINANCE-223426,BINANCE-B015,2025-01-15 08:00:06.723000+00:00,2025-01-15 08:00:06.723000+00:00,2025-01-22 09:00:00+00:00,168.9981325,False,False,False,False,0.0,1.7618895224676294,479.0,0.001005,-0.2120117109453655,-0.21320597216466872,-0.15348754982948298,-0.15649430851682636,-0.14770384371263423,-0.147480849440951,-0.14655110583282607,-0.1505167740779895,-0.19011302563772794,-0.19063323587370395,-0.11703704531966201,-0.1078419005513101,0.034233171642242176,-0.013509843765330098,-0.006989544181712186,-0.05267938678962166,0.010885807645251004,-0.08640188110211347,-0.20577304827474066,-0.264076243207487,0.662,-0.000995520241501705,-0.03932010602625438,0.01507898320695529,0.003966613011570965,0.0703088775989076,-0.32937825322936826,10.0,-0.09929822098228042,0.09081480465544745,0.09133501489142347,0.01773882433738152,0.0085436795690296,-0.09230867680056813,-0.04661883419265866,-0.1101840286275315,-0.01289633988016703,-0.0576466950996499,0.06015803971787778,-0.02603183871794702,0.06730758941831,-0.03243527575315374,0.10647482729246033,30.0,-0.17459032589721904,0.015522699740508888,0.016042909976484908,-0.05755328057755703,-0.06674842534590894,-0.1676007817155068,-0.12191093910759732,-0.18547613354247008,-0.08818844479510561,-0.13293880001458844,-0.015134065197060759,-0.10132394363288555,-0.007984515496628528,-0.10772738066809233,0.031182722377521746,60.0,-0.21320597216466872,-0.014652276786870415,-0.01620914468367637,-0.09161331792299875,-0.1021102448178273,-0.2050221667636534,-0.16052658537504694,-0.22289751859061657,-0.1268040910625553,-0.17036018506273495,-0.053749711464510116,-0.138745328681032,-0.04660016176407787,-0.1451487657162389,-0.007432923889927778,113.277,-0.2047576806279827,-0.007281585571263053,-0.010936622853379884,-0.0840634714240708,-0.09640170412167971,-0.19523016685903577,-0.15207829383836102,-0.21310551868599892,-0.11835579952586958,-0.1605681851581175,-0.04530141992782452,-0.1289533287764145,-0.03815187022739219,-0.1353567658116214,0.001015367646757831,593.277,-0.1467008386935848,0.049538430241700654,0.04871581335067324,-0.0022988515871108705,-0.014651251804267972,-0.13841015104607202,-0.09402145190396297,-0.15628550287303516,-0.06029895759147148,-0.10374816934515352,0.012755422006573813,-0.0721333129634506,0.019904971707006114,-0.07853674999865747,0.05907220958115601,0.0,-0.00464199,-0.004552050000000001,-0.017181580000000002,-0.023291850000000003,-0.024175239999999997,-0.012784780000000004,-0.09793114772343081,-0.15309366148511902,-0.03916723787415008,-0.05830319493274636,4.174500000000001e-05,-0.0003043995238095239,10318075.685974,89387600.0767,9887321.741995,7237365.346253857,-0.04091260464408493,-0.05761502020383274,-0.0150028969559339,-0.05287803475438511,10.29336169114281,112.19477049667445,31.331618320369014,2120.117109453652,6.62416218961306,10.71446067533181,1.0103166660888612,1.3368700821549548,1.3418432961688933,0.9855916559407981,0.6203853100102501,0.451720156463722,,,,,,,,,,,,"TWTUSDT,BADGERUSDT,CELRUSDT,TRUUSDT,IOTXUSDT",0.0068910978734493256,0.025943731889128685,-0.02393936924636364,-0.008377007208764553,-0.002126143779605627,0.11003044992685318,0.06912154704332352,0.010167784988880157,0.028103003278374672,-0.025288503617048264,-0.009726102463901043,-0.0034752555657178164,0.1086813360452652,0.06777241080999374,-0.0930609181523323,0.04090893268585205
BYBIT-202501170856-REEFUSDT,bybit,REEFUSDT,REEF,linear_perp,BYBIT-blt8befcd75d571e648,BYBIT-B045,2025-01-17 08:56:30+00:00,2025-01-17 09:00:26+00:00,2025-01-22 09:00:00+00:00,120.05833333333334,True,False,False,False,236.0,1.6102171966140466,479.0,0.0010288,0.0014569474676674134,0.0013860025452635649,-0.014490169332226554,-0.015215236800567154,-0.007414668116026178,-0.0068217616713127935,-0.012815044537899488,-0.010164194944789354,-0.02390316922836595,-0.017519537746609574,-0.04798372426622204,-0.056873173005437476,0.0025240281335035058,-0.036676078055209754,-0.12050836340902359,-0.13786729277243603,-0.6479181151905498,-0.7423611414551816,-0.7888003216994676,-0.8236953897186554,3.572,0.0,-0.0854244993504921,-0.003910100278614957,0.024440229883036978,0.8018579288638451,-0.10175747267482242,10.0,-0.017655638801752287,0.0036719140150276767,0.0003550265546492324,0.026703052180308426,0.039176390074308155,0.10157044767856066,0.12021165397068385,0.6289801994600868,0.724705502653429,0.4662661942305074,0.5322490771345545,0.3658444292323269,0.3725363438371736,0.7228050466482199,0.7711446828977151,30.0,-0.015478713342799807,0.005848839473980187,0.002531952013601743,0.02887997763926086,0.04135331553326059,0.1037473731375132,0.1223885794296364,0.6311571249190392,0.7268824281123815,0.4684431196894599,0.534426002593507,0.3680213546912794,0.3747132692961261,0.7249819721071724,0.7733216083566676,60.0,-0.014229529475807804,0.009005949335595356,0.0027232868407743487,0.029596241366025094,0.03922908333731713,0.10700390140155627,0.12363776329662832,0.6344136531830823,0.7281316119793736,0.47169964795350305,0.5356751864604989,0.3712778829553225,0.37596245316311777,0.7282385003712155,0.7745707922236595,94.0,-0.011219717027555897,0.008303725055594536,0.004349001275084967,0.02795151026062023,0.04061283271800169,0.10779176829281327,0.1266475757448803,0.6352015200743394,0.7311414244276255,0.47248751484476004,0.538684998908751,0.37206574984657936,0.37897226561136993,0.7290263672624724,0.7775806046719116,574.0,-0.006865381667680917,0.00942662125770367,0.005054204494140815,0.03227848628564839,0.04117742262230219,0.11505026019030137,0.1310019111047551,0.6424600119718274,0.7354957597875003,0.4797460067422482,0.5430393342686258,0.37932424174406765,0.3833266009712449,0.7362848591599606,0.7819349400317863,0.0,0.00027213,0.0012069099999999998,0.009741409999999999,-1.7320000000000356e-05,-0.011109290000000004,0.06717416,-0.73192714869403,-0.6509330289270314,-0.3986083390605416,-0.034895068019187556,0.00038385,0.0022391386666666666,11899172.515466,22810296.414718002,12292022.33938,11356385.424385997,0.0071919215438526665,-0.024656365335202626,0.008939517741619826,-0.030299501245519653,18.26484695291125,23.227615200660487,44.59931042223555,849.7545685063557,3.064693886338594,2.251721414110859,1.0819141732653184,0.9915101668247598,1.0255974505616334,1.2253980867551737,0.8438774383051537,0.8387413574400665,,,,,,,,,,,,"TOKENUSDT,ICXUSDT,HOTUSDT,DENTUSDT,ALICEUSDT",-0.002353676361963153,0.002919105812907219,0.04917682334780693,0.10110832750797272,0.06284935027360916,0.19572898745536804,0.13290981948375702,-0.001433857949450612,-0.0008663012413308024,0.049363765865564346,0.10129529237747192,0.06303628534078598,0.19591592252254486,0.13309676945209503,-0.08373300731182098,0.06281913816928864
BYBIT-202501170857-1CATUSDT,bybit,1CATUSDT,1CAT,linear_perp,BYBIT-blta6d48a3cd1cba5dd,BYBIT-B045,2025-01-17 08:57:00+00:00,2025-01-17 09:00:01+00:00,2025-01-22 09:00:00+00:00,120.05,False,False,False,False,181.0,1.7378988849811972,479.0,0.001249,0.004792341440306707,0.005537770858820766,-0.045872088027661406,-0.044179944962430634,-0.08868684633076705,-0.08975847895145446,-0.0904381602635019,-0.08787547102645704,-0.11888452277521054,-0.11249204786929232,-0.17545964524459007,-0.18517708199941715,-0.1996037441739511,-0.239889896621026,-0.3299284418233779,-0.34826403698205605,-0.556418343164932,-0.6582335130770474,-0.6795210275831306,-0.6823997243616917,2.918,0.0008003201707693376,-0.14605458899096957,-0.034947847439424064,-0.013014173788146375,0.5987844191116605,-0.0026007817000573675,10.0,-0.024493891967204338,0.08932974171198227,0.08574984265791603,0.14664672211057603,0.16010912958179105,0.30397402468532747,0.3237701450148513,0.5304639260268815,0.6337396211098429,0.46296192324693597,0.5341768990079196,0.6302533966352524,0.6374759445962404,0.6028544224471379,0.6550271356159258,30.0,-0.03357360766760068,0.08025002601158596,0.07667012695751972,0.13756700641017966,0.15102941388139468,0.2948943089849311,0.3146904293144549,0.5213842103264852,0.6246599054094466,0.45388220754653946,0.5250971833075231,0.621173680934856,0.628396228895844,0.5937747067467416,0.6459474199155295,60.0,-0.04239572244668644,0.058435866969008515,0.05165502264103696,0.13091140779844349,0.14130808307697806,0.28823871037319504,0.3058683145353695,0.5147286117147492,0.6158377906303609,0.44722660893480354,0.5162750685284376,0.6145180823231201,0.6195741141167583,0.5871191081350056,0.637125305136444,119.0,-0.044179944962430634,0.06314245780877603,0.058874145395389495,0.12768097894634717,0.14134627716036494,0.28405635379571653,0.3040840920196253,0.5105462551372706,0.614053568114617,0.4430442523573249,0.5144908460126935,0.6103357257456414,0.6177898916010143,0.5829367515575269,0.6353410826206999,599.0,-0.0822859665614107,0.018397365139716057,0.013678238903797248,0.08323065414972378,0.0928352289670279,0.24908477295363687,0.26597807042064514,0.47557467429519107,0.575947546515637,0.4080726715152454,0.47638482441371344,0.5753641449035618,0.5796838700020341,0.5479651707154474,0.5972350610217197,0.0,0.0,-0.00228967,-0.04408461,-0.030629499999999997,-0.05772614,-0.05944575,-0.49434394558371364,-0.33125699060107455,-0.017551191019685723,-0.0028786967785612814,0.00010587666666666667,-0.00396305,619089.80209,1645488.34888,153960.04436,486979.5227057142,0.03286620480794486,-0.3065117860242962,0.024524282676122666,0.2179465252785926,8.041817884136416,55.93302636511377,0.0,267.9819315472454,6.161809302111737,12.523418415313282,1.0724206130863143,0.8477043359781335,0.7410201173802554,0.5889490707761068,0.5987320743071215,0.43957539379498384,,,,,,,,,,,,"RIFUSDT,COMBOUSDT,DODOXUSDT,HFTUSDT,BALUSDT",0.0029527894221246243,-0.006683652754873037,-0.005743891000747681,0.04455071687698364,0.0008758425829000771,0.15059547126293182,0.08381547033786774,0.0035687475465238094,-0.012228037230670452,-0.005872649140655994,0.0444219596683979,0.0007470622658729553,0.1504667103290558,0.0836867019534111,-0.08955934643745422,0.0667799860239029
BYBIT-202501170857-KEYUSDT,bybit,KEYUSDT,KEY,linear_perp,BYBIT-blt55cccf59da4908f8,BYBIT-B045,2025-01-17 08:57:50+00:00,2025-01-17 09:00:55+00:00,2025-01-22 09:00:00+00:00,120.03611111111111,False,False,False,False,185.0,1.924715465819791,479.0,0.001056,0.0,0.0008255598429172053,-0.04404292742253132,-0.04216888632832542,-0.105255302337723,-0.10644213081004597,-0.15154989812720107,-0.14871173092929557,-0.14113599200974203,-0.13405635381984882,-0.13244972675378155,-0.14321174574796702,-0.11689564541268681,-0.16151238424792563,-0.14989837008872803,-0.17020496207857222,-0.3920610273493157,-0.5048208857498455,-0.4510315746542409,-0.45678092116101976,15.928,-0.0005959045044602202,-0.11698691385922852,-0.00551209458387019,-0.0006602792319696533,0.39476981899141655,0.00307692550447932,10.0,-0.048294453509502525,0.08872811560868442,0.08121835997091355,0.07954630657126066,0.09106057927989313,0.1023857985410836,0.12191050856906961,0.34454845580167126,0.45652643224034295,0.1789508784762357,0.25542174753507535,0.29933527573931734,0.3049348089877648,0.34735547518865534,0.4027371211447382,30.0,-0.046310325874456035,0.09071224324373085,0.08320248760595998,0.08153043420630719,0.09304470691493966,0.10436992617613008,0.1238946362041161,0.34653258343671767,0.45851055987538936,0.18093500611128213,0.25740587517012176,0.3013194033743638,0.3069189366228113,0.3493396028237018,0.40472124877978466,60.0,-0.04531973639275971,0.09170283272542724,0.08419307708765637,0.08252102368800347,0.09403529639663594,0.1053605156578264,0.12488522568581242,0.34752317291841406,0.45950114935708575,0.18192559559297844,0.2583964646518181,0.3023099928560601,0.30790952610450756,0.35033019230539814,0.405711838261481,65.0,-0.04216888632832542,0.10256054676934412,0.09783340931273395,0.07445058783745093,0.08958484624848853,0.10585544266619676,0.12803607575024667,0.3480180999267844,0.4626519994215203,0.18242052260134894,0.2615473147162526,0.3028049198644306,0.3110603761689423,0.3508251193137686,0.40886268832591555,545.0,-0.07986605237776888,0.05472169948955418,0.04949528768278952,0.0349084676832761,0.0455454925719183,0.07162965613925483,0.09033890970080305,0.3137923133998425,0.4249548333720767,0.148194736074407,0.2238501486668089,0.2685791333374886,0.27336321011949866,0.31659933278682667,0.37116552227647187,0.0,0.0,-0.00365502,-0.0033883200000000002,-0.0027195000000000006,-0.00967194,-0.010082450000000001,-0.3078198289062739,-0.28082661257566877,-0.09780231215697313,-0.005749346506778958,0.00018430333333333332,-0.0006721633333333334,575889.5630000001,1374681.1879500002,524333.5352500001,1531018.6502,-0.02121883358389672,-0.218333032002344,-0.009175957925002724,-0.04270313520824901,19.1938638580367,80.3002231059172,26.12672942751989,449.0163042973983,4.783544697769898,16.126429587924132,1.0190803688824224,0.9805522802093691,0.9528149176751954,0.803934233317765,0.5364957105831983,0.5044893374230079,,,,,,,,,,,,"RIFUSDT,COMBOUSDT,DODOXUSDT,HFTUSDT,BALUSDT",0.0029527894221246243,-0.006683652754873037,-0.005743891000747681,0.04455071687698364,0.0008758425829000771,0.15059547126293182,0.08381547033786774,0.0035687475465238094,-0.012228037230670452,-0.005872649140655994,0.0444219596683979,0.0007470622658729553,0.1504667103290558,0.0836867019534111,-0.08955934643745422,0.0667799860239029
BYBIT-202501220931-RONUSDT,bybit,RONUSDT,RON,linear_perp,BYBIT-blte464f2c4387939aa,BYBIT-B047,2025-01-22 09:31:30+00:00,2025-01-22 09:32:38+00:00,2025-01-26 09:00:00+00:00,95.475,False,True,False,False,68.0,1.1166184340111944,479.0,1.719,0.0,0.00039765803493463803,-0.007005282588408688,-0.006716090790217512,-0.0029129062251242403,-0.003454939057387614,-0.008177615665232124,-0.005750122022391687,-0.00993869624952994,-0.009723935968759517,-0.01701419746573016,-0.015571746692288129,-0.0331195261899216,-0.02096225465643724,-0.04157368282325041,-0.010229148435587448,-0.06117014580574252,-0.054377788974785506,-0.060421495389855036,-0.059536393670279485,57.901,-0.00018424480371404244,-0.1695487985009292,0.017107370733237294,0.0005756741929852391,0.06516176827522753,-0.0017508028983529158,10.0,-0.0007664864504390754,0.0076001535082145626,0.008075412772112156,0.013485985685475854,0.011517940469517866,0.040409538337876666,0.009462661985148352,0.060006001320368776,0.053611302524346385,0.022380203819934778,0.027522866556341806,0.06248278277226669,0.054551147484820754,0.060006001320368776,0.059655008939415825,30.0,-0.0017329053722694103,0.007017572658646535,0.006194444936377278,0.012903404835907954,0.010913672330598378,0.03982695748830867,0.008496243063318032,0.059423420470800764,0.05264488360251618,0.021797622970366734,0.02655644763451143,0.06190020192269866,0.053584728562990465,0.059423420470800764,0.05868859001758553,60.0,-0.0017329053722694103,0.007017572658646535,0.006194444936377278,0.012903404835907954,0.010913672330598378,0.03982695748830867,0.008496243063318032,0.059423420470800764,0.05264488360251618,0.021797622970366734,0.02655644763451143,0.06190020192269866,0.053584728562990465,0.059423420470800764,0.05868859001758553,82.0,-0.007208507442822996,0.0035231980073170167,0.003067956345689663,0.005289462817398057,0.00307213399100423,0.033982405492025435,0.0030206409927644486,0.05357886847451758,0.047169281531962565,0.015953070974083553,0.021080845563957923,0.056055649926415596,0.048109126492436954,0.05357886847451758,0.05321298794703201,442.0,-0.0035913305336906414,0.007034026657379936,0.007244586384344535,0.012933748784568242,0.007388566362529439,0.03749323414208842,0.006637817901896787,0.05708969712458059,0.050786458441095,0.01946389962414657,0.024698022473090206,0.05956647857647849,0.05172630340156933,0.05708969712458059,0.056830164856164364,0.0,0.0,-0.00072375,-0.00012375000000000005,-0.0004237499999999999,-0.00012375000000000005,0.00017624999999999997,-0.04484974869756672,-0.05019234695426757,-0.0051038614545949115,0.0008851017195754612,0.0001,1.4687499999999998e-05,938680.737,1989260.0510999998,507756.0263,975659.2004571428,-0.03560985059396193,-0.25571966105015564,-0.12333768158583426,-0.31761127381424054,5.709392104849367,11.706177346702566,0.0,115.46770648470984,6.162469683267627,6.232658580745997,1.0014821855565395,1.0779675840147784,1.0859158202970156,0.9930941695989234,0.47323497286611954,0.3791076829923722,,,,,,,,,,,,"COMBOUSDT,RIFUSDT,NKNUSDT,DODOXUSDT,OXTUSDT",-0.000523374998010695,-0.0033732932060956955,0.03690847009420395,0.08252392709255219,0.03147868067026138,0.08046122640371323,0.04606323316693306,0.0021604769863188267,0.0008242782205343246,0.03735586255788803,0.08297134190797806,0.03192606568336487,0.0809086263179779,0.04651060700416565,-0.009154781699180603,0.03439800441265106
BYBIT-202501240934-PENGUSDT,bybit,PENGUSDT,PENG,linear_perp,BYBIT-blt760625dca726f466,BYBIT-B048,2025-01-24 09:34:50+00:00,2025-01-24 09:49:33+00:00,2025-01-30 09:00:00+00:00,143.41944444444445,False,False,False,False,883.0,1.8028889176737273,479.0,0.05191,-0.0036668959354808775,-0.0037216331721787125,-0.06671130308789483,-0.06399801749832872,-0.10726733901890818,-0.10250397178007992,-0.19063962390516626,-0.18440239205227765,-0.36266472129035293,-0.36107319393382614,-0.3623879046795887,-0.35771371991645823,-0.3941633883497239,-0.39204788981606437,-0.4430535575194893,-0.42599921623535636,-0.5801487916970008,-0.46798528459444777,-0.4116428597625308,-0.40510840637796003,6.358,-0.0007708614758288032,-0.5405120397119498,-0.11754626172873162,-0.022528254577293932,0.659008197886532,0.024792795702922053,10.0,-0.10508073936430368,0.25060822440428027,0.24991004759391244,0.26619874063339716,0.2653873204805416,0.33320945091635745,0.32091847687105274,0.47030468509386886,0.3629045452301443,0.4730614063434695,0.3733468235942794,0.6116335805830394,0.5703540241774134,0.30481357676117676,0.3065621203982275,30.0,-0.1195882465551605,0.23700058597563606,0.23858235652465973,0.24813655851612226,0.2508343404573427,0.3173894222047724,0.3064109696801956,0.45448465638228386,0.3483970380392871,0.4572413776318843,0.3588393164034221,0.5958135518714543,0.5558465169865564,0.2889935480495917,0.29205461320737025,60.0,-0.12880490166008463,0.22778393087071197,0.22936570141973564,0.2389199034111983,0.24161768535241873,0.30817276709984837,0.29719431457527157,0.44526800127735977,0.33918038293436303,0.44802472252696024,0.349622661298498,0.5865968967665302,0.5466298618816322,0.2797768929446675,0.28283795810244605,87.0,-0.12886071816603256,0.2285522515133301,0.22918670023854654,0.23605124513322126,0.2357562361767589,0.30949464435776414,0.29713849806932363,0.4465898785352756,0.33912456642841515,0.44934659978487607,0.34956684479255007,0.5879187740244461,0.5465740453756843,0.2810987702025834,0.2827821415964981,327.0,-0.13976547476399337,0.21168892589071406,0.21390358368468132,0.21251457613715,0.2137388022471985,0.29842523755059414,0.2862337414713628,0.43552047172810565,0.32821980983045457,0.43827719297770623,0.3386620881945896,0.5768493672172762,0.5356692887777237,0.27002936339541345,0.27187738499853725,0.0,0.0,-0.00366683,-0.01159431,-0.01159431,-0.04264361,-0.04879069999999999,-0.05392913984607274,0.014356356472825503,0.26379190377918604,0.006534453384570767,0.00013973111111111112,-0.002710594444444444,667548.5969100001,4581743.07828,3784764.35791,1324742.437322857,-0.03403299791979486,-0.041489220879874694,0.019929137339835177,0.03627817216230114,19.878925855980807,176.53008087327768,37.71217543079324,711.3089344403755,8.29699951982823,5.8506177236404096,1.0246592214282453,0.9744752567610531,0.8181879233007363,0.6898133179699942,0.5264398024236565,0.680976207776802,,,,,,,,,,,,"COMBOUSDT,RIFUSDT,NKNUSDT,ETHWUSDT,OXTUSDT",-0.003565880237147212,-0.005984054412692785,0.04474208503961563,0.11353975534439087,0.1093510165810585,0.08716471493244171,0.06906454265117645,-0.007464380003511906,-0.005644455552101135,0.04514377936720848,0.11394145339727402,0.10975272953510284,0.08756642043590546,0.0694662481546402,-0.024322446435689926,0.018100183457136154
BYBIT-202501240946-LTOUSDT,bybit,LTOUSDT,LTO,linear_perp,BYBIT-blt04dce4f3e711bd6e,BYBIT-B048,2025-01-24 09:46:20+00:00,2025-01-24 10:10:56+00:00,2025-01-30 09:00:00+00:00,143.2277777777778,False,False,False,False,1476.0,1.457666887963289,479.0,0.1077,-0.0027894020875786365,-0.0034482107691974177,-0.009328425854635206,-0.01001080743415971,-0.0009289364346588624,-0.0013727981679122162,-0.009328425854635206,-0.011208363552036311,-0.008391657636248401,-0.008893766189486285,-0.017799064738143865,-0.01685124501525188,-0.03784746892686127,-0.03781833577421382,-0.0436501931394287,-0.03352822463101149,-0.15214093964396344,-0.0679639519516975,-0.10154062263988353,-0.10066524207490982,39.023,-0.0027894020875786365,-0.2630284171306257,-0.020915754471224228,0.00026570511660038297,0.19248539358396072,-0.021306966312930692,10.0,-0.00886040289450158,0.0018726597232917772,0.003461470100718513,0.011288925154807544,0.008729614954168451,0.0361944270080853,0.02466782173650998,0.14468517351262,0.05910354905719577,0.14360467637886581,0.05433667149801859,0.10442549922691965,0.07027531548244632,0.09204144002719797,0.09268021974538189,30.0,-0.00886040289450158,0.0018726597232917772,0.003461470100718513,0.011288925154807544,0.008729614954168451,0.0361944270080853,0.02466782173650998,0.14468517351262,0.05910354905719577,0.14360467637886581,0.05433667149801859,0.10442549922691965,0.07027531548244632,0.09204144002719797,0.09268021974538189,60.0,-0.00886040289450158,0.0018726597232917772,0.003461470100718513,0.011288925154807544,0.008729614954168451,0.0361944270080853,0.02466782173650998,0.14468517351262,0.05910354905719577,0.14360467637886581,0.05433667149801859,0.10442549922691965,0.07027531548244632,0.09204144002719797,0.09268021974538189,64.0,-0.008825971124127863,0.0028076761541984134,0.0033602211085864975,0.012223941585714146,0.008894548458962573,0.037129443438991924,0.02470225350688365,0.14562018994352663,0.05913798082756955,0.1445396928097724,0.05437110326839237,0.10536051565782628,0.07030974725282005,0.09297645645810464,0.09271465151575578,544.0,-0.008134988402934194,0.0018744147943503039,0.006614803600503585,0.008462673918733767,0.010385899600717178,0.035258535503180255,0.025393236228077154,0.143749282007715,0.0598289635487632,0.14266878487396076,0.05506208598958587,0.10348960772201467,0.0710007299740136,0.09110554852229302,0.09340563423694942,0.0,0.0,0.00016847,0.00076847,0.00076847,0.0013684700000000003,0.00166847,-0.08468937762463162,-0.06801239800887218,-0.022404904262935885,0.000875380564973651,0.0001,9.269277777777778e-05,431085.9315,797881.7241999999,790936.7645,310923.5816714285,0.0520694661082903,-0.06603342596041759,0.020903254586411124,0.011475784294510412,9.438415047063485,27.932985110235297,10.245905224677404,247.90560580067122,6.713331690916975,15.214468380477948,1.0977103719821621,1.0863033689649253,0.9637169420822518,0.6780243340294537,0.73429439744679,0.4755803975454627,-0.005151117391481902,-0.008893766189486285,-0.03251831384088671,-0.03352822463101149,-0.09735359628566702,-0.10154062263988353,0.0,-19.37985102678688,41.6233691468733,-51.15100666770377,-0.003177115564091712,"COMBOUSDT,RIFUSDT,NKNUSDT,ETHWUSDT,OXTUSDT",-0.0055425651371479034,-0.00391898350790143,0.04718182235956192,0.11509916931390762,0.11243361234664917,0.0893189013004303,0.07121871411800385,-0.009887267835438251,-0.005819969344884157,0.0455363392829895,0.1134536862373352,0.11078814417123795,0.08767341077327728,0.06957322359085083,-0.024036895483732224,0.018100183457136154
BYBIT-202501241001-SILLYUSDT,bybit,SILLYUSDT,SILLY,linear_perp,BYBIT-blt7d4812424d10950e,BYBIT-B048,2025-01-24 10:01:20+00:00,2025-01-24 10:10:37+00:00,2025-01-30 09:00:00+00:00,142.9777777777778,False,False,False,False,557.0,1.932791161799545,479.0,0.006365,0.0,7.355742273947757e-05,-0.09278391552544263,-0.09123494071745616,-0.2359908472989316,-0.23789501000859956,-0.2498117983963711,-0.2515010096465459,-0.18669875828457366,-0.19191602687948586,-0.24458145052421787,-0.2451551023657154,-0.3028262818914922,-0.3025724969511059,-0.4506169657204878,-0.43517487776588337,-0.6376834898986683,-0.5284619362914879,-0.5582079915660558,-0.5639599063118527,42.254,-8.356411109000178e-05,-0.37922172808489707,-0.09533813415972262,0.002170251476737486,0.4418552492138328,-0.06922231131736278,10.0,-0.22001732721104167,-0.031412159702776964,-0.028222479934124682,0.017178821117724244,0.015622493684060284,0.23061067188141082,0.21515755055484162,0.4176771960595913,0.308444609080446,0.4230423356056605,0.30479523201890296,0.401167387095779,0.3571489084298477,0.33608077057589264,0.338190664355014,30.0,-0.2334923199595133,-0.04267521085525153,-0.04056853018587274,0.006162428804967063,0.0027689153918921015,0.218398583929984,0.20168255780636982,0.40546510810816444,0.2949696163319743,0.41083024765423387,0.2913202392704317,0.3889552991443523,0.3436739156813763,0.32386868262446594,0.32471567160654247,60.0,-0.24886955755819576,-0.058052448453933946,-0.05594576778455516,-0.009214808793715435,-0.012608322206790396,0.20302134633130164,0.18630532020768745,0.390087870509482,0.2795923787332919,0.3954530100555513,0.2759430016717491,0.3735780615456698,0.3282966780826938,0.30849144502578346,0.30933843400786,83.0,-0.2518765582831214,-0.05872528601278243,-0.057992639882753085,-0.014809155976287987,-0.019223759657471185,0.2012084744479542,0.1832983194827623,0.3882749986261345,0.2765853780083665,0.39364013817220395,0.2729360009468237,0.3717651896623224,0.3252896773577684,0.306678573142436,0.3063314332829347,563.0,-0.2527224824962562,-0.06353832481315422,-0.057252813587178354,-0.012275030875612651,-0.009724932748956807,0.19696561526960585,0.18245239526962723,0.3840321394477862,0.2757394537952318,0.38939727899385557,0.2720900767336889,0.367522330483974,0.3244437531446335,0.3024357139640876,0.3054855090697999,0.0,0.0,-0.02471255,-0.025162240000000002,-0.025162240000000002,-0.04552659999999999,-0.06374363,-0.3130528892003406,-0.1230331138001726,0.018958244074833625,-0.005751914745796905,0.0004154388888888889,-0.0035413127777777775,1021062.8082409999,3739566.4295150004,538926.012633,1351822.2029429998,-0.04741330729928359,-0.15107337529199244,-0.01554753541616231,0.08397587432436503,12.716580953865575,114.35911081470007,12.206287752957923,678.4385080789334,1.5428067988171958,5.100316211549393,1.1297181928749847,0.8863265136213271,0.6978062973063116,0.6534072010646554,0.35937118790452555,0.21063442304235852,,,,,,,,,,,,"COMBOUSDT,RIFUSDT,NKNUSDT,ETHWUSDT,OXTUSDT",-0.0055425651371479034,-0.00391898350790143,0.04849143698811531,0.10920222848653793,0.1177045926451683,0.0893189013004303,0.07121871411800385,-0.009887267835438251,-0.005819969344884157,0.0468459390103817,0.10755676031112671,0.11605910956859589,0.08767341077327728,0.06957322359085083,-0.022727271541953087,0.018100183457136154
BYBIT-202501241014-DOP1USDT,bybit,DOP1USDT,DOP1,linear_perp,BYBIT-bltdf7afef22029f43f,BYBIT-B048,2025-01-24 10:14:40+00:00,2025-01-24 10:17:11+00:00,2025-01-30 09:00:00+00:00,142.75555555555556,False,False,False,False,151.0,1.0,0.0,0.000982,0.0,-0.00023197532799250993,-0.07614670884357022,-0.07530677433380974,-0.09836984562828041,-0.09886985657049566,-0.11080641066928895,-0.11220220365915676,-0.12570639979203072,-0.1271904926254373,-0.22518228800405815,-0.22330739868713606,-0.3413722055920933,-0.3412276691639074,-0.31451546775484557,-0.305926937120608,-0.03207724580907558,0.027385722161489087,0.067432661833202,0.08455075945364768,20.462,-0.00023197532799250993,,-0.06799302230921486,-0.017694766030928132,0.3124122656054896,-0.5240411817675853,10.0,-0.07424127903288853,0.04829686480893947,0.050729221462449924,0.14614190021645238,0.1449387269280338,0.24056414947471114,0.2316856580877193,-0.0418740724710588,-0.10162700119437768,-0.06986967996048579,-0.12911920311947045,-0.04607135040639886,-0.06975410634077002,-0.14185738080261984,-0.14167394086609078,30.0,-0.09194085613228961,0.030597287709538467,0.033029644363048914,0.12844232311705137,0.1272391498286328,0.2228645723753101,0.21398608098831826,-0.059573649570459866,-0.11932657829377874,-0.08756925705988672,-0.14681878021887138,-0.0637709275057999,-0.08745368344017104,-0.15955695790202082,-0.15937351796549176,60.0,-0.07019266689556847,0.04928208842301855,0.05188235865541678,0.14815774442964716,0.14867605778306425,0.24384822467590106,0.2357342702250395,-0.03858999726986895,-0.09757838905705749,-0.06658560475929584,-0.12507059098215006,-0.04278727520520898,-0.06570549420344982,-0.13857330560142989,-0.13762532872877048,109.0,-0.07530677433380974,0.04610147424550375,0.04948828565129632,0.14014663174324182,0.14056240664851052,0.2383687589112754,0.23062016278679826,-0.04406946303449464,-0.10269249649529877,-0.07206507052392157,-0.1301846984203914,-0.04826674096983457,-0.07081960164169103,-0.1440527713660555,-0.1427394361670118,469.0,-0.10082549989989552,0.015909426469977263,0.01884113408590924,0.10950286765524754,0.11037710210182473,0.21276914170995917,0.20510143722071256,-0.06966908023581081,-0.12821122206138447,-0.09766468772523772,-0.15570342398647716,-0.07386635817115068,-0.09633832720777664,-0.16965238856737166,-0.16825816173309743,0.0,0.0,0.00030000000000000003,-0.02856934,-0.02856934,-0.02847691,-0.043192839999999996,0.2907400605203378,0.37335959895381,0.07191983452532062,0.01711809762044562,0.0001,-0.002399602222222222,751711.85496,2014033.53704,2861102.70082,,-0.0266048582419445,-0.1911653524514797,0.01300058917442174,-0.00597390496157357,19.398648178264544,90.85812168499221,30.596658239554934,791.1721015259321,5.658989455530762,13.867425482506293,1.0266229889112033,0.9233712694982756,0.8576309132942815,0.727546012972503,0.806947496961802,0.5953076332559298,-0.12373227592248043,-0.1271904926254373,-0.3045332086720042,-0.305926937120608,0.07595947806236378,0.067432661833202,30.503328176228756,-13.937284486038031,-52.21943981151713,-85.26816229161643,-0.007133087780557712,,,,,,,,,,,,,,,,,
BYBIT-202501241027-BENDOGUSDT,bybit,BENDOGUSDT,BENDOG,linear_perp,BYBIT-bltbb375575463790cf,BYBIT-B048,2025-01-24 10:27:40+00:00,2025-01-24 10:48:50+00:00,2025-01-30 09:00:00+00:00,142.5388888888889,False,False,False,False,1270.0,1.3750156265787656,479.0,0.007635,-0.00026198585426249875,0.00021815825639230673,-0.17926141081454403,-0.18080014341959139,-0.28458710692467276,-0.2877020058632876,-0.2859808353732766,-0.2884364976224127,-0.27833925598630954,-0.28127795428501645,-0.31786451377849845,-0.31996758313771567,-0.3299968491028436,-0.32813944924629695,-0.3211095139218256,-0.30910546698957564,-0.5818319344647328,-0.5006138931626459,-0.619693795959869,-0.5881797094367601,20.382,0.00021815825639230673,-0.06549761382308905,-0.03330582290556683,-0.020295067130098876,0.47887172943149314,-0.07703535566904504,10.0,-0.2716107980774854,0.024718403844558586,0.02782795029245159,0.01804351519393501,0.026922158710550682,0.04897931548244806,0.03749466891209025,0.3097017360253553,0.22900309508516045,0.3059590415979842,0.22508276906511127,0.4037471898021398,0.372796846414593,0.3462169490004529,0.3480829978823833,30.0,-0.2915819402592589,0.004747261662785202,0.007856808110678208,-0.001927626987838426,0.0069510165287772485,0.029008173300674678,0.017523526730316867,0.28973059384358196,0.20903195290338714,0.28598789941621094,0.205111626883338,0.3837760476203665,0.35282570423281967,0.3262458068186796,0.32811185570060997,60.0,-0.3473071646986977,-0.05097796277665379,-0.047868416328760786,-0.0576528514272774,-0.04877420791066173,-0.026717051138764256,-0.038201697709122066,0.23400536940414296,0.15330672846394813,0.23026267497677194,0.149386402443899,0.3280508231809275,0.29710047979338067,0.2705205823792406,0.27238663126117096,70.0,-0.334597246744316,-0.03098788747093606,-0.027775618776929765,-0.04069755859910398,-0.03250214043171741,-0.013269303120268187,-0.02549177975474034,0.24745311742263904,0.16601664641832997,0.24371042299526793,0.16209632039828067,0.34149857119942345,0.30981039774776226,0.28396833039773667,0.28509654921555283,370.0,-0.33289921302214837,-0.006907862408409972,-0.004833367803461065,-0.01933038240696701,-0.01296800077110975,-0.010163426868176059,-0.023793746032572703,0.2505589936747311,0.1677146801404976,0.2468162992473601,0.16379435412044835,0.34460444745151564,0.31150843146993,0.28707420664982874,0.28679458293772053,0.0,0.0,-0.01222439,-0.0139328,-0.0139328,-0.01456782,-0.01521588,-0.29972621282215306,-0.31058832897029337,0.024713848532209495,0.0315140865231086,0.00021871222222222226,-0.0008453266666666666,3729053.6447900003,7743380.9257,1035397.9759300001,3660896.1222642856,-0.047027666071528314,-0.10021413274553854,0.006642625383946108,-0.0006654336071897429,30.547977802815492,172.71205654717042,30.034152269741355,1115.2042141462193,7.213663772070813,10.650509504658274,0.962462826873235,0.9258066574077014,0.791684306971756,0.5099816916167452,0.30608214551840496,0.23465766019952922,,,,,,,,,,,,"COMBOUSDT,RIFUSDT,NKNUSDT,ETHWUSDT,JOEUSDT",-0.0011015540221706033,-0.005361414514482021,0.048841096460819244,0.12003016471862793,0.1156100481748581,0.10169529914855957,0.08546193689107895,-0.0005824050167575479,0.0005768684786744416,0.05204658582806587,0.12323568016290665,0.11881554126739502,0.1049007996916771,0.08866740763187408,-0.036620818078517914,0.01623338833451271
BYBIT-202502040452-LITUSDT,bybit,LITUSDT,LIT,linear_perp,BYBIT-blt60ef65ff6ab6059e,BYBIT-B050,2025-02-04 04:52:00+00:00,2025-02-04 04:55:10+00:00,2025-02-07 10:00:00+00:00,77.13333333333334,False,True,False,False,190.0,1.0,0.0,0.8515,0.0017600473889360564,0.0018130508606759457,-0.03428634232394098,-0.03423933938624861,-0.030162625140078753,-0.021553337022762912,-0.04712977004583483,-0.033525118028557586,-0.06451503345098981,-0.05687764598999145,-0.11170932776752657,-0.09285191050018737,0.03178539758243399,0.04132007861624547,0.04837064828460328,0.06756645605985248,-0.12187241926970795,-0.09576865647903027,-0.08990335090765646,-0.042846947246258926,4.601,0.00011743291658135466,,0.06638880643866109,-0.04427193903555989,0.14395292434351306,-0.212277167362232,10.0,-0.02397076757870091,0.04423325497682554,0.03255420207429795,0.09275335511431868,0.07351505672117863,-0.07153770756613789,-0.0915372236385537,0.09870535998817348,0.07179788890032934,-0.004915782334803634,-0.03587581465048969,-0.01585915311367347,-0.030755239917530767,0.09671741950180629,0.06593258332895549,30.0,-0.02409096711006749,0.04411305544545893,0.03243400254293134,0.09263315558295221,0.07339485718981216,-0.07165790709750434,-0.09165742316992015,0.09858516045680689,0.07167768936896275,-0.005035981866170167,-0.035996014181856224,-0.015979352645040114,-0.03087543944889741,0.09659721997043982,0.06581238379758902,60.0,-0.016762226652557225,0.05737617240275971,0.04657359201164016,0.09473720965471785,0.07683651649173416,-0.06494888468812476,-0.08432868271240986,0.10529418286618641,0.079006429826473,0.0016730405432093497,-0.02866727372434591,-0.009270330235660457,-0.023546698991387068,0.10330624237981925,0.0731411242550991,110.0,-0.03423933938624861,0.04397677926916496,0.032909819241107884,0.07453811588446359,0.05684398566723299,-0.08265699060854437,-0.10180579544610122,0.08758607694576703,0.06152931709278173,-0.016035065377210146,-0.04614438645803723,-0.026978436156080057,-0.041023811725078456,0.0855981364593998,0.05566401152140789,590.0,-0.01736041682881204,0.03477759566676474,0.034850111033507665,0.08028343949944614,0.07185303807904306,-0.07286069771641066,-0.08492687288866456,0.09738236983790051,0.07840823965021819,-0.00623877248507656,-0.02926546390060075,-0.01718214326394633,-0.024144889167641858,0.09539442935153342,0.07254293407884434,,,,,,,,0.002948559592531019,-0.15746980696750906,-0.09668782324648625,0.04705640366139759,,,50945633.31672,31678987.521220002,7832134.44749,,-0.009709431029835763,-0.08748094562157427,-0.011453010686030026,-0.005433574882468836,80.17709410026025,101.0790461889382,32.39476571715777,397.074495951128,8.770907232477738,11.271708763984098,,,,,,,-0.05604779201662858,-0.05687764598999145,0.06470992026261403,0.06756645605985248,-0.07550874552114904,-0.08990335090765646,-87.69421881512318,-59.128860842739186,-172.40795312671332,-231.64027268019788,-0.01725114118374574,,,,,,,,,,,,,,,,,
BYBIT-202502120952-NYANUSDT,bybit,NYANUSDT,NYAN,linear_perp,BYBIT-bltc9b2cd051a0d1c10,BYBIT-B051,2025-02-12 09:52:40+00:00,2025-02-12 09:55:09+00:00,2025-02-19 10:00:00+00:00,168.12222222222223,False,False,False,False,149.0,1.5105418262423738,479.0,0.03692,0.0,-1.2570982483967836e-05,-0.01997057205900033,-0.01998471440693905,-0.03978425219327282,-0.039386640892059725,-0.04119449075727068,-0.03974655663774499,-0.11649729702552938,-0.11320796400379486,-0.12137833173144373,-0.0983894251736306,-0.10349635804771784,-0.12610348281410447,0.009435303856515616,0.008312185256165183,-0.08918057523717511,-0.11097785969413883,-0.08561475536694539,-0.07930923429944713,13.027,0.0,-0.07929166358334444,-0.20683816677106923,-0.12369995848593258,0.17024445451876075,-0.15733456161006612,10.0,-0.0052684115891355006,0.13073418800346154,0.1277893789816825,0.1273259740149481,0.11031438362942339,-0.014867147738877134,-0.013580596845300415,0.0837487313548134,0.10570944810500323,0.11228348009034482,0.13524598152071715,0.1823215567939547,0.1769041525206575,0.0884979240152755,0.08034634377780984,30.0,-0.02896750916443838,0.10703509042815859,0.10409028140637953,0.10362687643964522,0.0866152860541205,-0.03856624531418001,-0.03727969442060329,0.06004963377951049,0.08201035052970032,0.08858438251504205,0.11154688394541439,0.15862245921865192,0.15320505494535472,0.06479882643997262,0.05664724620250697,60.0,-0.036134769221277174,0.10283632416191943,0.09951551200582746,0.08831420891702452,0.07221328781047127,-0.04556221620148056,-0.04444695447744247,0.05305366289221001,0.07484309047286133,0.08158841162774155,0.10437962388857526,0.15162648833135134,0.14603779488851568,0.057802855552672124,0.049479986145667905,111.0,-0.01998471440693905,0.111241889326162,0.10820453253979267,0.10477734472618087,0.08751506791939528,-0.029405875915515856,-0.02829689966310398,0.06921000317817469,0.0909931452871999,0.0977447519137061,0.12052967870291365,0.16778282861731608,0.1621878497028541,0.07395919583863678,0.06563004096000634,591.0,-0.042594368348216775,0.0778317224143831,0.07740589477664654,0.08027820681505282,0.06391647772310284,-0.05175941913379496,-0.05090655360438146,0.046856459959895534,0.06838349134592199,0.07539120869542706,0.09792002476163579,0.14542928539903685,0.13957819576157637,0.05160565262035767,0.04302038701872873,0.0,0.0,-0.00406347,-0.005248159999999999,-0.006687629999999999,-0.014856980000000002,-0.014556980000000004,0.012774669806685313,-0.09392694062311031,0.09655780874284775,0.006305521067498265,9.910333333333334e-05,-0.0006931895238095241,700764.16261,4442322.71605,356284.19658,597554.5102128572,-0.15191793283705352,-0.07443324137584971,0.00919915829288248,0.022519200955348873,17.584951091040722,131.97262327976466,24.04005544519098,564.5926394795264,-3.926281366662627,2.521568400731298,0.9589639718614308,1.5650306264370806,1.3987134807598574,1.365921868598709,0.8127642094009138,0.6861347465754636,-0.11280365660114995,-0.11320796400379486,0.01737854872261768,0.008312185256165183,-0.08464340169053577,-0.08561475536694539,-43.395782775276565,-98.78601226011894,58.99722127188322,-17.835914359687596,0.00809500979004317,"NKNUSDT,WAXPUSDT,BICOUSDT,BALUSDT,1000XECUSDT",0.010815311223268509,0.016553137451410294,-0.01611511781811714,-0.01958097517490387,-0.001453300705179572,0.025065580382943153,0.02269551157951355,0.0026227429043501616,0.01730439066886902,-0.01790752448141575,-0.02137337625026703,-0.0032456801272928715,0.023273169994354248,0.020903103053569794,-0.03881062939763069,0.002370069734752178
BYBIT-202502121019-BILLYUSDT,bybit,BILLYUSDT,BILLY,linear_perp,BYBIT-blt6d4668b13feae626,BYBIT-B051,2025-02-12 10:19:20+00:00,2025-02-12 10:20:56+00:00,2025-02-19 10:00:00+00:00,167.67777777777778,False,False,False,False,96.0,2.863200480040155,479.0,0.0036209,-0.0019350921060260979,-0.0030592167052433472,-0.054395615899217806,-0.05495922424783974,0.05004005836716003,0.04586483414548256,0.027001054563373775,0.02832552348934348,0.029363852354712547,0.024837245403316232,-0.018030054681971202,0.020446108861014233,0.017954884725886605,-0.027144998531203994,0.02101543449243383,0.015464703582759037,0.024578768356779024,-0.0175926853858799,-0.059789118858067494,-0.047303282924217774,2.306,0.0,-0.24660432405784505,-0.1322685461248144,-0.014202358121389577,0.26035555940641036,-0.07155972621617519,10.0,-0.018797653743958812,-0.030948853670318237,-0.026557678626297668,0.0047062888935252775,-0.03819952306891175,-0.03887678398632033,-0.03426235732671773,-0.04244011785066541,-0.0012049683580787202,-0.004656259289134729,0.04325380707654422,0.13333862153958834,0.12550479127774167,0.05400786880564723,0.04099146511410892,30.0,-0.018600866989883516,-0.030752066916243034,-0.026360891872222465,0.004903075647600426,-0.038002736314836603,-0.03867999723224507,-0.03406557057264248,-0.042243331096590196,-0.0010081816040035038,-0.004459472535059371,0.043450593830619576,0.13353540829366348,0.1257015780318168,0.05420465555972251,0.0411882518681842,60.0,-0.036010856468561774,-0.04816205639492133,-0.043770881350900764,-0.012506913831077798,-0.055412725793514826,-0.05608998671092317,-0.051475560051320576,-0.05965332057526847,-0.018418171082681775,-0.021869462013737625,0.026040604351941322,0.11612541881498521,0.10829158855313856,0.036794666081044196,0.023778262389505887,64.0,-0.039535265910529666,-0.05266728544472534,-0.048270156798372585,-0.018514044254903512,-0.05978607385885208,-0.05961439615289102,-0.05499996949328842,-0.06317773001723617,-0.02194258052464948,-0.025393871455705506,0.02251619490997344,0.1126010093730174,0.10476717911117073,0.0332702566390764,0.020253852947538092,544.0,0.026734616412950846,0.024397079856965372,0.025802952946072252,0.06630594448757396,0.016630060018927417,0.0086701854416088,0.011269912830191627,0.005106851577263594,0.044327301798830626,0.04289071013879429,0.08878607723345383,0.1808855909675173,0.17103706143465092,0.10155483823357622,0.08652373527101827,0.0,0.0,-0.00327276,-0.00248416,-0.00238416,-0.0021113100000000004,-0.0018094400000000005,-0.08023522771908187,-0.07525382244082657,0.0845133261636326,0.01248583593384983,0.00018241555555555556,-8.616380952380955e-05,826462.083298,1427940.813596,249590.98350300005,693450.1539858571,0.040615245638433786,-0.0644702237918153,0.02669346610553329,0.009520563594283242,14.424813175567362,61.252332769578494,19.742733993900654,499.78864868695183,6.386679429021299,3.772196536937554,1.0768870493577447,1.1693045406409506,1.0529019410834584,1.0021103152884807,0.8691584750940103,0.6283164911898323,,,,,,,,,,,,"NKNUSDT,WAXPUSDT,BICOUSDT,BALUSDT,1000XECUSDT",-0.0017113604117184877,0.020011575892567635,-0.02375294826924801,-0.02133113704621792,-0.008390558883547783,0.019031468778848648,0.01666143536567688,-0.0033643036149442196,0.024260718375444412,-0.023908859118819237,-0.02148704044520855,-0.008546430617570877,0.018875569105148315,0.016505524516105652,-0.040414370596408844,0.002370069734752178
BYBIT-202502121041-FDUSDUSDT,bybit,FDUSDUSDT,FDUSD,linear_perp,BYBIT-blt63b4fb832587c2e0,BYBIT-B051,2025-02-12 10:41:50+00:00,2025-02-12 10:47:58+00:00,2025-02-19 10:00:00+00:00,167.30277777777778,False,False,False,False,368.0,0.006140028403904336,479.0,0.9954,0.0,1.1113162052120092e-06,0.0033097668246351813,0.003317160219529729,0.003209631642055199,0.0032240816628791944,0.003910367443289758,0.0039094861975773575,0.003510007113650372,0.00350009719628661,0.0030093311907094062,0.003051156683206762,0.0024081890024833137,0.00228764449410881,0.002808990611055173,0.002805402560843841,0.0030093311907094062,0.002923526936580543,0.0032444139523034187,0.003225541342819932,34.536,0.00010156839600254867,-0.002996097454953583,-0.0023938118744207537,-0.0026097786905595033,0.0018046926895300712,-0.0011012665677250619,10.0,0.003114821306208,-0.0004005206822340698,-0.0003904490028359505,0.0002003205134904699,0.00015934015073227207,0.0003004958203611594,0.00030941874536423577,0.00010015524070683873,0.00019129436962744757,-0.0,0.00010142719816238162,0.00010015524070683873,8.182164386748388e-05,-0.00010014521063893113,-0.00012959264609540644,30.0,0.0033151016994269257,-0.0002002402890150106,-0.0001901686096168913,0.00040060090670950157,0.00035962054395130376,0.0005007762135801124,0.0005096991385831888,0.00030043563392583803,0.0003915747628464469,0.00020028039321896683,0.0003017075913813484,0.00030043563392583803,0.0002821020370864832,0.0001001351825800033,7.068774712352798e-05,60.0,0.0028143254858469173,-0.0007010165025952955,-0.0006909448231971762,-0.00010017530687054037,-0.00014115566962873821,-0.0,8.922925003076399e-06,-0.0002003405796543555,-0.00010920145073374665,-0.0003004958203611561,-0.00019906862219877446,-0.0002003405796543555,-0.00021867417649371033,-0.0004006410310000492,-0.00043008846645652447,62.0,0.002920883173062605,-0.0006008411957244575,-0.0005856124816448859,-0.00010016527278361747,-0.0001383226491421723,0.00010017530687067577,0.0001154806122188489,-0.00010016527278361747,-2.6437635179112437e-06,-0.00020032051349044247,-9.251093498296431e-05,-0.00010016527278361747,-0.00011211648927787553,-0.0003004657241293599,-0.0003235307792407377,422.0,0.002922783820408807,0.0008016835783608727,0.0008125036455041612,0.00020036064983872467,0.0001680944213079571,0.00010017530687067577,0.00011738125956505052,-0.00010016527278361747,-7.431161717098958e-07,-0.00020032051349044247,-9.061028763676306e-05,-0.00010016527278361747,-0.00011021584193167381,-0.0003004657241293599,-0.00032163013189453603,0.0,0.0,0.00030000000000000003,0.0009000000000000001,0.001,0.0018000000000000002,0.0021,0.00019325726909674658,0.00043901139145960096,0.00021141428996300285,-1.887260948348646e-05,8.433666666666667e-05,9.999999999999999e-05,78500.9632,324404.1285,54814.9528,79572.32348571428,-0.2914410278216815,-0.020040180101003027,-0.024567663582603576,0.06940493434120046,0.0,1.0031622260977784,0.0,30.096330903616526,10.874733362320685,2.937074366807157,1.0079519275352917,0.9309161332428496,0.9201152084909054,0.7637316590847246,0.7059158165681393,0.6507495372858982,-9.909917363761953e-06,0.00350009719628661,9.650704020815571e-05,0.002805402560843841,0.00023496247306259397,0.0032444139523034187,-36.10112224099785,-9.012167034641044,-5.006759229409253,-6.006607448589433,0.00030055595860496964,"NKNUSDT,WAXPUSDT,BICOUSDT,BALUSDT,1000XECUSDT",-0.009597382508218288,0.01152865868061781,-0.02454553171992302,-0.023144980892539024,-0.006888370029628277,0.017324009910225868,0.014953960664570332,-0.006981740705668926,0.008046574890613556,-0.027896860614418983,-0.026496339589357376,-0.010239696130156517,0.013972669839859009,0.011602583341300488,-0.03949947655200958,0.002370069734752178
BINANCE-202502170700-AMBUSDT,binance,AMBUSDT,AMB,linear_perp,BINANCE-226076,BINANCE-B016,2025-02-17 07:00:24.287000+00:00,2025-02-17 07:00:24.287000+00:00,2025-02-21 09:00:00+00:00,97.99325361111111,False,False,False,True,0.0,1.9177709995076695,479.0,0.003627,-0.1706447527938948,-0.1705571498861915,-0.11437693234790144,-0.11578798227117662,-0.15442642779536433,-0.15256599734292373,-0.12275817029649723,-0.11793605396821,-0.22645755600424708,-0.2205713073741363,-0.3321254802104518,-0.32636703851419313,-0.452891438453898,-0.4305248212792179,-0.5431407254787135,-0.5238253365216415,-0.7998258454820945,-0.8105884189244178,-0.7581755730836852,-1.143236859726737,0.041,-0.0008274721200324241,-0.10462356113866493,-0.10660183012890825,0.009432193542265573,0.7695597437087007,-0.00186857731105279,10.0,-0.19046046062035946,0.03599709538388761,0.030110846753776836,0.1416650195900923,0.13590657789383367,0.3526802648583539,0.33336487590128194,0.609365384861735,0.6201279583040583,0.4209276010503442,0.40756582303963784,0.5118267918789839,0.5277536117113814,0.5314958721664181,0.5677151124633257,30.0,-0.1834802095760636,0.0429773464281835,0.03709109779807273,0.1486452706343882,0.14288682893812957,0.35966051590264975,0.3403451269455777,0.6163456359060308,0.6271082093483541,0.42790785209464,0.4145460740839336,0.5188070429232798,0.5347338627556772,0.538476123210714,0.5746953635076216,60.0,-0.1794256593173959,0.08716135374351394,0.08045783097873359,0.1472461644807139,0.1413177061223583,0.36362746325361417,0.3443996772042453,0.6203125832569951,0.6311627596070218,0.43187479944560425,0.4186006243426013,0.5227739902742441,0.5387884130143449,0.5424430705616783,0.5787499137662891,95.713,-0.1427805709366734,0.120530126067149,0.11303507133086342,0.1865288684123687,0.18107356540609285,0.4002307397449082,0.38104476558496764,0.6569158597482891,0.6678078479877438,0.4684780759368984,0.4552457127233238,0.5593772667655381,0.5754335013950671,0.5790463470529723,0.6153950021470113,575.713,-0.12298512285304368,0.13175171605584962,0.12697208042294267,0.21244660411001598,0.2091431898032887,0.4203825551822161,0.4008402136685977,0.6770676751855972,0.6876032960713739,0.4886298913742062,0.4750411608069536,0.579529082202846,0.5952289494786971,0.5991981624902802,0.6351904502306416,-0.00076414,-0.00076414,-0.0005141399999999998,0.02258702,-4.798999999999988e-05,0.03421589,0.09599861000000001,-0.4318085345694919,-0.2343502365620438,-0.03996150075194472,-0.3850612866430519,-2.5168333333333334e-05,0.0038399444000000007,20029181.000114,67352406.171128,66693287.093061,7728196.262738572,-0.02744889456113413,-0.00041043670598043565,-0.028852192930392706,-0.0032071619725466466,31.443948714921675,136.60731905215334,59.32979681767266,1706.4475279389412,5.208424156362127,8.333862552256598,1.753644500457617,1.252916249305183,1.5981616032584167,1.8692340116225283,5.879989089684393,5.278269916536039,-0.22484093089419763,-0.2205713073741363,-0.5259803452036023,-0.5238253365216415,-0.7800815134358694,-0.7581755730836852,-35.77821347883967,-14.228126659231052,151.3906121568409,183.2811900430018,0.01975093167022321,"TWTUSDT,HOTUSDT,XVGUSDT,STGUSDT,LQTYUSDT",0.008697439916431904,0.0033659811597317457,0.058795712888240814,0.0124477194622159,0.01692313142120838,0.012606585398316383,-0.011097420006990433,0.009916456416249275,0.003959947265684605,0.06209578365087509,0.015747765079140663,0.020223194733262062,0.015906650573015213,-0.007797355763614178,0.06989312916994095,0.02370402030646801
BINANCE-202502170700-STMXUSDT,binance,STMXUSDT,STMX,linear_perp,BINANCE-226076,BINANCE-B016,2025-02-17 07:00:24.287000+00:00,2025-02-17 07:00:24.287000+00:00,2025-02-21 09:00:00+00:00,97.99325361111111,False,False,False,True,0.0,1.7912733158017957,479.0,0.00407,-0.1623744103848707,-0.16229258583387068,-0.07922404205270049,-0.08054201801306066,-0.07922404205270049,-0.07748632705637536,-0.06077819626194893,-0.05627415051990229,-0.040105625457229094,-0.03460763841706678,-0.035003573573333585,-0.029624963221129598,-0.04780784581932143,-0.02691654830776032,-0.119935227109714,-0.10189389640233651,-0.08723476579877948,-0.09728743143067198,-0.11305423276844248,-0.09209388673056929,2.887,0.0,-0.09759025956384726,-0.030159642857335467,-0.002069076853428324,0.02739897418811456,-0.07545841125159314,10.0,-0.16526876841123514,-0.12516314295400618,-0.1306611299941685,-0.13026519483790155,-0.13564380519010555,-0.04533354130152119,-0.06337487200889869,-0.07803400261245583,-0.06798133698056333,-0.07265764557607553,-0.0851380701984053,-0.08870077041665106,-0.07382449614893072,-0.08604472635853476,-0.05221453564279276,30.0,-0.17108273827665504,-0.1309771128194259,-0.13647509985958822,-0.13607916470332135,-0.14145777505552534,-0.051147511166941,-0.0691888418743185,-0.08384797247787569,-0.07379530684598319,-0.07847161544149531,-0.09095204006382508,-0.09451474028207087,-0.07963846601435053,-0.09185869622395453,-0.05802850550821253,60.0,-0.11708714906582389,-0.05899834076195576,-0.06525969389197159,-0.08216540004349024,-0.08770281262501886,0.002766253492890185,-0.015193252663487427,-0.029934207818044463,-0.019799717635151856,-0.024557850781664184,-0.036956450852993844,-0.04060097562223966,-0.025642876803519246,-0.03794493156412347,-0.004032916297381485,95.713,-0.11153843931054305,-0.04564550748996036,-0.05264618251999724,-0.07665574423252072,-0.08175121116119152,0.00827590930385971,-0.009644542908206825,-0.024424552007074794,-0.014251007879871417,-0.01904819497069463,-0.03140774109771315,-0.03509131981126998,-0.020094167048238527,-0.03243527575315374,0.001515793457899109,575.713,-0.09552216239171347,-0.031917602968304946,-0.03638197007505524,-0.057758834152192254,-0.06084435265267932,0.024625047305389294,0.006371734010623097,-0.008075414005545331,0.0017652690389583538,-0.0026990569691649835,-0.015391464178883305,-0.018742181809740664,-0.004077890129408958,-0.016086137751624225,0.01753207037672932,-0.02491234,-0.02491234,-0.04628452000000001,-0.057889180000000005,-0.052654889999999996,-0.058655860000000004,-0.06056905,-0.0834292695473127,-0.011160336366105764,-0.02160996050613819,0.020960346037873345,-0.002156327777777778,-0.002422762,10407381.94263,45978194.3812,4247807.90838,4373432.97638,-0.04929556721162793,0.06912214631721056,0.003438890280515649,-0.03526429357233539,23.44666959254276,117.53926369525098,26.42009462838576,1648.2839934643766,24.53988961566787,22.77298721914281,1.348710531194543,1.817755204902371,1.6405492122430583,1.0451515003545397,0.7306577284284681,0.547811687652635,-0.05353878597732762,-0.03460763841706678,-0.12233245627834224,-0.10189389640233651,-0.1341661713381818,-0.11305423276844248,-215.79210482589426,-35.946395681506516,-10.604454864390803,-29.212608744169383,0.0006733786937337671,"SFPUSDT,IOSTUSDT,JOEUSDT,ATAUSDT,MTLUSDT",0.006222883705049753,-0.006863710470497608,0.05920826271176338,0.025801366195082664,0.04068707302212715,0.025931695476174355,-0.005838613957166672,0.004719818942248821,-0.009416189976036549,0.06185353919863701,0.0284466240555048,0.04333232715725899,0.028576930984854698,-0.003193350974470377,0.06504689902067184,0.03177028149366379
BYBIT-202502190315-AMBUSDT,bybit,AMBUSDT,AMB,linear_perp,BYBIT-blt67cb6066192cfcba,BYBIT-B053,2025-02-19 03:15:50+00:00,2025-02-19 04:38:43+00:00,2025-02-23 10:00:00+00:00,102.73611111111111,True,False,False,False,4973.0,2.0684951145004065,479.0,0.001957,0.0005108556943794842,0.0010063945909745972,-0.008209384227065901,-0.007744143692042517,-0.006150711343529619,-0.005707112223634383,-0.013374684967561723,-0.014910317760706922,-0.015967375038005417,-0.01612964363302049,-0.009756174945364685,-0.011112348937276488,-0.22480563697459965,-0.22866633957887708,-0.17367230419660398,-0.20502517534695558,-0.9916179525712802,-1.005397778098381,-1.0906897115531844,-1.08843608008686,0.198,0.0,-0.8222256155471537,-0.12031248268811601,-0.00825591708839459,1.1176907687733482,-0.3364722366212129,10.0,-0.019830616963963592,0.009458819865323053,0.004237810484854303,-0.010405921161116601,-0.005922389790427349,0.1504094304118744,0.18519455838299215,0.9683550787865507,0.9855671611344172,0.08967753739586592,0.1516699448562718,0.9934609999176268,1.0143880336549351,1.051616920074701,1.0708590945892211,30.0,-0.02224096298219871,0.008429976160459375,0.004519497340420496,-0.013031198214367108,-0.007363076382361268,0.14726642101467513,0.18278421236475711,0.9652120693893513,0.9831568151161821,0.08653452799866658,0.14925959883803658,0.9903179905204277,1.0119776876367006,1.0484739106775018,1.0684487485709862,60.0,-0.02171644159592693,0.008954497546731055,0.005044018726692176,-0.012506676828095382,-0.006838554996089542,0.14779094240094687,0.18330873375102885,0.965736590775623,0.9836813365024538,0.08705904938493837,0.14978412022430837,0.9908425119066994,1.0125022090229723,1.0489984320637733,1.0689732699572576,77.0,-0.02278073129075496,0.004733114279133178,-3.863301230553045e-05,-0.014583591799092216,-0.009057451168144506,0.14726642101467513,0.18224444405620108,0.9652120693893513,0.9826170468076261,0.08653452799866658,0.1487198305294803,0.9903179905204277,1.0114379193281442,1.0484739106775018,1.0679089802624298,377.0,-0.021481889257636593,0.002628122406269469,0.0007247066803810487,-0.015108388452438256,-0.007635397124886187,0.14674162436132915,0.18354328608931933,0.9646872727360053,0.9839158888407444,0.08600973134532053,0.1500186725625986,0.9897931938670816,1.0127367613612623,1.0479491140241557,1.069207822295548,0.0,-8.04e-05,0.0053634,0.02201215,0.02046104,0.017378630000000003,0.04024997,-1.079577362615908,-0.885664536206229,-0.05647106093428555,0.0022536314663245106,-0.00046706111111111115,0.0015499988461538463,16275684.35656,16040099.491670001,4147592.4952800004,8989103.704397142,0.03980099255973254,-0.15230942634780018,-0.017202182188168626,-0.013324320237075108,41.96792276913258,20.75228979493594,56.06184219718267,1811.0806960335335,4.685059907156889,5.892661018661092,0.747502695888476,1.0199618434206243,0.9569523133521737,2.553616815609601,2.227320677941884,2.6087801116405607,-0.020675808428117975,-0.01612964363302049,-0.20861112598775955,-0.20502517534695558,-1.1246263765361053,-1.0906897115531844,-35.596274555731476,-30.34903695154047,-306.0044044871704,273.1581064696292,0.03035071434211689,"ONTUSDT,QNTUSDT,HOTUSDT,LQTYUSDT,TWTUSDT",0.0015559587627649307,-0.015925541520118713,-0.036463163793087006,-0.02000337466597557,-0.05289958044886589,-0.020947519689798355,-0.034631870687007904,-0.0034232574980705976,-0.018905360251665115,-0.0390293262898922,-0.022569527849555016,-0.055465735495090485,-0.02351369522511959,-0.03719800338149071,-0.0018313095206394792,0.013684297911822796
BYBIT-202502190401-STMXUSDT,bybit,STMXUSDT,STMX,linear_perp,BYBIT-bltad77582840f7043d,BYBIT-B053,2025-02-19 04:01:30+00:00,2025-02-19 04:18:38+00:00,2025-02-23 10:00:00+00:00,101.975,True,False,False,False,1028.0,1.7982684029835496,479.0,0.003697,0.0,0.0006464008673863798,0.008081940542626441,0.008925690294051578,0.01556660526160328,0.01828719117564276,-0.0005411255543297903,0.003736199889823202,0.0018916368294379564,0.011251385005147779,0.0008111396956839371,0.0013748484220561421,-0.0043372255576108795,-0.009213439608355302,0.0176948316568053,-0.006575469443901891,0.3164106786300581,0.30607732466487647,0.19162886784669958,0.33708620223293717,0.549,0.0,-0.20588102434261382,-0.00639927295955784,0.004222342972738926,0.05577808567390513,-0.4155802191916406,10.0,-0.0005094673994624254,-0.009181809037423709,-0.017939939288543462,-0.00595078845597709,-0.002860559578519092,-0.02067465236366857,0.006066002044439477,-0.3193904993369214,-0.30658679206433875,-0.017213980734687905,0.0336109402923796,-0.23425897358702824,-0.21875247815810367,-0.20618008024731121,-0.1921383352461622,30.0,-0.00040115463664286465,-0.009993330971424928,-0.018028569955495264,-0.0064935293105483115,-0.0027522468156996644,-0.02121739321823969,0.006174314807258947,-0.31993324019149255,-0.3064784793015193,-0.017756721589259044,0.03371925305519939,-0.2348017144415993,-0.21864416539528425,-0.20672282110188214,-0.19203002248334253,60.0,-0.003391506192173159,-0.012983682526955165,-0.021018921511025503,-0.00948388086607852,-0.005742598371229873,-0.024207744773769906,0.003183963251728733,-0.32292359174702273,-0.30946883085704946,-0.020747073144789227,0.030728901499669205,-0.2377920659971295,-0.22163451695081443,-0.2097131726574125,-0.19502037403887287,82.0,-0.007485605058561723,-0.016269339330578367,-0.0250060542594883,-0.01249676681525904,-0.00894518483636328,-0.02829996164262628,-0.00091013561465993,-0.32701580861587903,-0.31356292972343786,-0.02483929001364558,0.026634802633280313,-0.24188428286598582,-0.22572861581720297,-0.21380538952626876,-0.19911447290526155,382.0,0.005397791292531677,-0.0008093889555584958,-0.010414981895411995,0.0005399568165744916,0.004784766899329915,-0.015533252863250007,0.011973260736433584,-0.31424909983650273,-0.3006795333723446,-0.01207258123426924,0.03951819898437396,-0.22911757408660952,-0.2128452194661095,-0.20103868074689243,-0.18623107655416793,0.0,-0.00137614,-0.00890028,-0.03553563,-0.011119330000000002,-0.05553563,-0.17553562999999997,0.19025401942464334,0.1982043372906015,-0.02661414291194147,0.14545733438623717,-0.004688670000000001,-0.007021425199999999,6143595.97367,6316937.421294999,28236232.880654998,7528669.160887859,0.07291989608040322,0.03162922901576687,0.02294990025908378,0.015197360246273951,10.812273179482963,29.69363769026818,63.358184490857035,805.0023081763147,0.7181983398126283,2.428106298356723,0.7636918752762663,1.0149282546461424,0.9609267749247399,0.7629382300585357,0.7708736025525581,0.712376960002762,0.017160729229331467,0.011251385005147779,-0.009526702040909362,-0.006575469443901891,0.33656054822303655,0.19162886784669958,-8.104822812968662,13.296106200264948,-1979.7432806063573,-1465.5330235331771,-0.14788291297334422,"LQTYUSDT,STGUSDT,HOTUSDT,XVGUSDT,IOTXUSDT",0.004923800006508827,-0.03847059980034828,-0.04568455368280411,-0.02241254411637783,-0.0681161880493164,-0.033325694501399994,-0.0439809188246727,0.006741619203239679,-0.03592028096318245,-0.04701123386621475,-0.02373923733830452,-0.06944289803504944,-0.03465238958597183,-0.045307666063308716,-0.001703591668047011,0.010655274614691734
BYBIT-202502270950-UROUSDT,bybit,UROUSDT,URO,linear_perp,BYBIT-blt788ea4ad6db833ae,BYBIT-B055,2025-02-27 09:50:30+00:00,2025-02-27 09:58:22+00:00,2025-03-06 09:00:00+00:00,167.15833333333333,False,False,False,False,472.0,2.8476117399199152,479.0,0.002757,-0.005090920086193429,-0.003363502337230287,-0.04412207774653676,-0.039439436891339504,-0.030193751693689874,-0.03169572020293117,-0.03920620473477116,-0.03914016596092101,-0.05211450849365086,-0.05931674327931846,-0.054792910707057635,-0.03965646443818514,-0.09346205186621166,-0.02658879721328633,-0.03544114004610742,0.17092047041345326,0.006507615156738215,0.016201968166290926,-0.3049830174388263,-0.29700631643324726,0.046,0.0021739138996197454,-0.1882601321501498,0.002728125316425717,0.028231561231830647,0.22923684412986978,-0.19685714594612655,10.0,-0.024512194073448925,0.020004441381245436,0.049376876206184195,0.029581224017574195,0.029481980466895753,0.005621150270429848,-0.19543266448690214,-0.036327604932415755,-0.04071416223973966,-0.17475689316921736,0.07584719222136513,0.17250443198853804,0.22334920116503348,0.11052246201277903,0.28047082336537726,30.0,-0.029757616366511083,0.014759019088183261,0.044131453913122023,0.024335801724512073,0.02423655817383363,0.0003757279773676172,-0.20067808677996435,-0.04157302722547793,-0.045959584532801835,-0.18000231546227954,0.07060176992830294,0.16725900969547589,0.21810377887197135,0.10527703971971691,0.27522540107231513,60.0,-0.028598857862206017,0.017759771527421652,0.045503021890280916,0.02502974806583539,0.02311497586526557,0.003376480416605951,-0.19951932827565952,-0.03857227478623965,-0.044800826028497186,-0.17700156302304126,0.07176052843260805,0.1702597621347142,0.2192625373762764,0.10827779215895518,0.2763841595766202,98.0,-0.043458785049978244,0.006865015519680308,0.03361802540726931,0.01031527771183291,0.01160092524500767,-0.011337989937396443,-0.21437925546343167,-0.05328674514024221,-0.05966075321626937,-0.19171603337704374,0.05690060124483595,0.1555452917807117,0.20440261018850425,0.09356332180495279,0.2615242323888481,398.0,-0.03169572020293117,0.02613290164531647,0.04464588884016869,0.03190547876799688,0.024400937056280547,0.005247388352417581,-0.2026161906163842,-0.03670136685042796,-0.04789768836922181,-0.17513065508722955,0.06866366609188299,0.1721306700705258,0.21616567503555137,0.11014870009476686,0.27328729723589545,0.0,0.0,-0.0024555999999999996,-0.0027647099999999997,-0.00266471,-0.0018647099999999997,-0.0015647099999999995,-0.2653265530006409,-0.4759034878522799,-0.057121622200343856,0.007976701005579264,0.0001,-7.450999999999998e-05,1016317.43328,1456427.37739,138073.18566,941184.2808485714,-0.02799797898592242,-0.0876363648475561,0.009026646787837102,0.017119332973315818,31.358911667320076,62.86711624580935,26.443382530904238,554.6569533761403,0.40253773196237524,8.445832957110026,1.0788982604813466,0.836561164911679,0.8548832561539769,0.8032563729472277,0.5084691703922113,0.43284685804580303,,,,,,,,,,,,"COMBOUSDT,ONGUSDT,OXTUSDT,SFPUSDT,TLMUSDT",-0.011346787214279175,-0.002489007543772459,0.05066296458244324,0.01489945687353611,-0.052710164338350296,0.1450224667787552,0.12936732172966003,-0.007566231302917004,-0.0008463849080726504,0.052452217787504196,0.016688726842403412,-0.05092095211148262,0.14681172370910645,0.13115659356117249,-0.07870437204837799,0.01565515622496605
BYBIT-202502271009-MONUSDT,bybit,MONUSDT,MON,linear_perp,BYBIT-bltaca6e9a18f4a8883,BYBIT-B055,2025-02-27 10:09:40+00:00,2025-02-27 10:10:25+00:00,2025-03-06 09:00:00+00:00,166.8388888888889,False,False,False,False,45.0,,,,,,,,,,,,,,,,,,,,,,,,,,,,,,,,,,,,,,,,,,,,,,,,,,,,,,,,,,,,,,,,,,,,,,,,,,,,,,,,,,,,,,,,,,,,,,,,,,,,,,,,,,,,,,,,,,,,,,,,,,,,,,,,,,,,,,,,,,,,,,,,,,,,,,,,,,,,,,,,,,,,,,,,,,,
BYBIT-202502271028-RENUSDT,bybit,RENUSDT,REN,linear_perp,BYBIT-bltefc353d6aab7c37c,BYBIT-B055,2025-02-27 10:28:10+00:00,2025-02-27 10:30:02+00:00,2025-03-06 09:00:00+00:00,166.53055555555557,False,False,False,False,112.0,1.757065235853529,479.0,0.0198,0.0,-0.0006654875693058768,-0.10199916795512154,-0.10277249369099933,-0.09364490048526374,-0.09580732240894155,-0.1257693872890335,-0.13901330110913993,-0.13613217432458005,-0.1431305698412564,-0.10592184039891943,-0.10659750166291025,-0.10199916795512154,-0.054748034480298774,-0.15188053129271925,-0.014976895462104012,-0.12748907816856006,-0.11646072035972897,-0.2042224543807314,-0.19092766032555974,80.148,-0.00016056455933580866,0.16199580989038853,0.014452505357842718,-0.02113968163347136,0.13226235692121757,-0.037081674904531924,10.0,-0.007902601785520465,0.11720980548878077,0.12389859351419079,0.09622803209455377,0.09782019830307279,0.1427480477294465,0.007074293676583576,0.1183565946052873,0.10855811857420843,0.05554072677916247,0.20503469015897716,0.1132063686289715,0.14092926405769604,0.09510632698535354,0.19631985259521076,30.0,-0.014037590353036299,0.1110748169212649,0.11776360494667493,0.09009304352703797,0.09168520973555698,0.1366130591619307,0.000939305109067784,0.11222160603777157,0.10242313000669269,0.049405738211646635,0.1988997015914613,0.10707138006145565,0.1347942754901802,0.08897133841783773,0.19018486402769497,60.0,-0.04559157525394204,0.07296901986659092,0.07775053457102168,0.05436120921888738,0.04977697654804878,0.10536051565782628,-0.03061467979183813,0.08096906253366709,0.07086914510578694,0.01815319470754219,0.16734571669055576,0.07581883655735128,0.10324029058927447,0.057718794913733246,0.15863087912678944,118.0,-0.069797062866728,0.05457924634057114,0.05895017147858521,0.03250079503818325,0.030638478171696525,0.08126296407876575,-0.05482016740462424,0.05687151095460665,0.04666365749300082,-0.005944356871518377,0.1431402290777696,0.05172128497829082,0.07903480297648836,0.033621243334672854,0.1344253915140034,598.0,-0.09790557994532506,0.020769761486385714,0.021003484722706835,0.017372249724470698,0.0023591736318647177,0.05657035148839423,-0.08292868448322119,0.03217889836423498,0.0185551404144037,-0.0306369694618898,0.11503171199917255,0.027028672387919145,0.05092628589789125,0.008928630744301207,0.10631687443540622,0.0,0.0,0.00018872000000000002,0.0007887200000000001,0.0008887200000000002,0.0007255800000000002,0.0010255800000000003,-0.09762495271782096,-0.1892455589186276,-0.05539058853751491,0.013294794055171465,0.0001,4.883714285714287e-05,149806.42650499998,1435651.3102910002,176884.03631599998,536633.5502457143,0.04591211555780915,-0.07136025731520725,-0.006696105318613069,0.017221395087106916,9.980040748513694,77.59537337957438,5.719188031213259,569.5275831223157,2.987600794268697,12.114921755400463,1.0158241219795088,1.383314446467146,1.2629453941414985,0.9791082770544927,0.8186216043714477,0.7383887370282939,-0.1319243186854399,-0.1431305698412564,-0.010154815687151292,-0.014976895462104012,-0.2060787680613789,-0.2042224543807314,65.87305299521876,17.65225524569371,109.03981780730594,84.43618980169352,0.006678393455600215,"COMBOUSDT,ONGUSDT,OXTUSDT,SFPUSDT,TLMUSDT",-0.003184045199304819,0.0017099084798246622,0.06470508873462677,0.019487645477056503,-0.04953446239233017,0.15185384452342987,0.1361987292766571,-0.0007995603373274207,0.008236400783061981,0.06705255806446075,0.02183510549366474,-0.04718701168894768,0.15420134365558624,0.1385461986064911,-0.07149364054203033,0.01565515622496605
BYBIT-202502271047-BNXUSDT,bybit,BNXUSDT,BNX,linear_perp,BYBIT-blt1c267cf07b340302,BYBIT-B055,2025-02-27 10:47:00+00:00,2025-02-27 10:47:37+00:00,2025-03-17 09:00:00+00:00,430.21666666666664,False,True,False,False,37.0,1.515989750574821,479.0,1.1636,0.0003437016703365417,6.123419998380254e-05,-0.008891249389153479,-0.015393941021957498,-0.011930633431856108,-0.018934662627241125,0.008898073766995244,0.004043802413486688,0.0045444879926781765,0.002401857461474546,-0.022773691748347282,-0.006686504331791666,-0.004565234682746115,0.03214363348358869,0.0075342822156909475,0.12392045571954033,-0.14623264320967205,-0.13602683590254488,0.4975422502064995,0.5111414800698181,0.113,0.0001718656015229722,0.4447387397561955,0.05708166299290934,-0.01729278293990347,0.4960514987148721,-0.4957592602504654,10.0,-0.0002578537983258361,-0.00480234179100395,-0.002659711259800319,0.022515837950021402,0.0064286505334657865,-0.007792136014016819,-0.12417830951786621,0.14597478941134617,0.135768982104219,0.2474413523145528,0.23716665103640833,-0.029643091865750038,-0.06831263923157459,-0.4468611663102515,-0.4978001040048253,30.0,-0.0008842297924017362,-0.004375999089174737,-0.003434236384406001,0.023579636855665477,0.0035169435381150506,-0.008136044537739846,-0.12480468551194196,0.14563088088762313,0.135142606110143,0.24709744379082965,0.2365402750423323,-0.029987000389473197,-0.06893901522565063,-0.4472050748339746,-0.4984264799989012,60.0,-0.004329835751053939,-0.007821605047827042,-0.0068798423430583054,0.020134030897013253,7.133757946282612e-05,-0.011581650496392195,-0.1282502914705943,0.14218527492897093,0.1316970001514908,0.24365183783217745,0.2330946690836801,-0.033432606348125615,-0.07238462118430304,-0.4506506807926269,-0.5018720859575535,83.0,-0.005685603081933242,-0.011431642820411963,-0.011287754171153064,0.01928927360755656,0.0018570450540357185,-0.01339535743223708,-0.12960605880147352,0.1403715679931258,0.1303412328206115,0.24183813089633238,0.23173890175280093,-0.035246313283970564,-0.07374038851518208,-0.452464387728472,-0.5032278532884328,443.0,-0.020599456129605537,-0.01734371961274931,-0.022810047342690508,0.017561255591817898,-0.011479498747890862,-0.020247966977418336,-0.14451991184914575,0.13351895844794465,0.11542737977293932,0.23498552135115125,0.2168250487051288,-0.04209892282915168,-0.0886542415628542,-0.45931699727365305,-0.5181417063361048,0.0,5e-05,0.00030000000000000003,0.0002666900000000001,-0.001964949999999999,-0.0032103299999999974,-0.002376349999999999,0.5042287545382911,0.3736217944869593,0.4294874647732508,0.013599229863318551,-3.3841666666666665e-05,-2.200324074074073e-05,56585308.25309,42846546.019710004,159731020.77533,64275093.66505285,0.015825918751641705,-0.09177987332437514,0.03683806601613093,0.056048939447663725,28.103415218199476,40.987788160434036,51.3724055302966,820.5873927810659,0.20426361357373993,2.765868424100734,1.0468978046825037,1.0191041169556871,1.0203086501598262,0.8733774937809888,0.7901515598068354,0.771355607192053,0.0041183788146480285,0.002401857461474546,0.126061320682959,0.12392045571954033,0.4956865267048912,0.4975422502064995,11.178469713841073,-10.230179920345146,-10.009175912784311,29.735704729922503,0.003996588465026818,"AGLDUSDT,BELUSDT,RSRUSDT,QNTUSDT,TRUUSDT",0.0033667113166302443,0.013934062793850899,0.08173616230487823,0.04526751488447189,0.23099756240844727,0.31063786149024963,0.3265143930912018,0.006066399160772562,0.0199821088463068,0.08327142894268036,0.046802736818790436,0.2325327843427658,0.31217312812805176,0.3280496895313263,-0.24477824568748474,-0.015876537188887596
BINANCE-202406030300-OMGUSDT-SPOTONLY,binance,OMGUSDT,OMG,perp_continues_spot_delisted,BINANCE-201912,BINANCE-B007,2024-06-03 03:00:20.294000+00:00,2024-06-03 03:00:20.294000+00:00,2024-06-17 03:00:00+00:00,335.9943627777778,False,False,False,True,0.0,1.1386234119370686,479.0,0.7142,-0.14241176762124563,-0.1417447479070602,-0.14970338220092402,-0.14727628365255227,-0.1981846007667149,-0.19624733376617517,-0.21731486964665214,-0.21566906902906943,-0.2396611852666568,-0.23961296003850982,-0.2960244369981238,-0.3064198731271346,-0.3442311870493244,-0.3512799901426514,-0.4590307283273925,-0.47032220996100993,-0.4715169552078379,-0.5157718916729299,-0.6076992330497278,-0.5855388463389382,0.869,0.0,-0.015764842454285468,-0.004613936250482348,0.009825699491450453,0.4788607167680921,-0.018190046801666658,10.0,-0.1306950779297182,0.10896610733693873,0.10891788210879173,0.1653293590684057,0.17572479519741652,0.3283356503976744,0.3396271320312918,0.34082187727811974,0.38507681374321184,0.3568801212468421,0.37767328295400704,0.47920491885576927,0.43961252579840393,0.5111448066604976,0.4770041551200097,30.0,-0.17057341911271462,0.0690877661539422,0.0690395409257952,0.12545101788540924,0.13584645401442005,0.2884573092146779,0.2997487908482953,0.3009435360951233,0.3451984725602154,0.31700178006384555,0.33779494177101044,0.4393265776727728,0.39973418461540744,0.471266465477501,0.43712581393701316,60.0,-0.13386499337846416,0.1138862650409285,0.11267764829557878,0.16886137553127434,0.18061075287092004,0.3244987152347429,0.33645721658254574,0.3369849421151882,0.3819068982944658,0.35304318608391055,0.3745033675052609,0.4753679836928378,0.4364426103496579,0.5073078714975661,0.4738342396712637,99.706,-0.1765039298174181,0.08339616487386994,0.08446519172421817,0.11895546691035684,0.13280640621266057,0.280454598949054,0.29381828014359185,0.2929408258294993,0.33926796185551183,0.3089990697982217,0.33186443106630703,0.4313238674071489,0.393803673910704,0.4632637552118771,0.43119530323230976,579.706,-0.20064529874527987,0.03686973038136084,0.038039056191565314,0.08818176171160495,0.10239511342358495,0.2558833382185486,0.2696769112157303,0.2683695650989939,0.31512659292765016,0.2844278090677162,0.3077230621384454,0.4067526066766434,0.36966230498284225,0.43869249448137176,0.40705393430444814,0.0,0.0,-0.008314120000000001,-0.01952479,-0.021443970000000003,-0.019936650000000004,-0.019510840000000005,-0.30127935992259297,-0.13737702308871788,-0.03739162932160576,0.02216038671078963,0.0001,-0.0004645438095238096,15652332.67382,178002072.17317998,17429157.59251,7114411.982592857,-0.16341668879414045,-0.025681180519789917,-0.0035731674411983434,-0.0066676691993386075,7.179266587345918,120.70761472566353,15.475886503779106,1418.5154351695762,0.933184024567698,3.9300198630710605,1.0110377206347705,2.326606724174845,2.83805627933056,3.9387059124481456,1.775249486461518,1.8127118401561384,-0.23793134529245769,-0.23961296003850982,-0.46047548309696285,-0.47032220996100993,-0.6084147429033971,-0.6076992330497278,11.213906417640578,-81.65112117994951,28.38345345078702,23.971245997214513,0.010562236717716555,,,,,,,,,,,,,,,,,
BINANCE-202406030300-XEMUSDT-SPOTONLY,binance,XEMUSDT,XEM,perp_continues_spot_delisted,BINANCE-201912,BINANCE-B007,2024-06-03 03:00:20.294000+00:00,2024-06-03 03:00:20.294000+00:00,2024-06-17 03:00:00+00:00,335.9943627777778,False,False,False,True,0.0,0.9791553648406986,479.0,0.0358,-0.11848160362052333,-0.11790800226580672,-0.1635052849944786,-0.16141810977945975,-0.20720971922920778,-0.20554377300254423,-0.1834394998952958,-0.18202419920213447,-0.21410629828826822,-0.21406482716588854,-0.3237049247011626,-0.3326444449577005,-0.3671042402357181,-0.3731658346945876,-0.42521187104299885,-0.4349219426106892,-0.4599979871284145,-0.49805487055992625,-0.8013178409457097,-0.7679258294663597,0.524,0.0027894020875785922,-0.03481871670077849,-0.023515417567346396,0.006053632780749279,0.673212965659128,-0.00668898815079654,10.0,-0.11848160362052333,0.09562469466774477,0.09558322354536511,0.20522332108063918,0.2141628413371771,0.3067302674224755,0.3164403389901659,0.34151638350789104,0.37957326693940274,0.42451330307885893,0.4423943123960079,0.6321526678571036,0.5981053229118166,0.7121953755306399,0.6828362373251863,30.0,-0.09363560503399268,0.1204706932542755,0.12042922213189583,0.23006931966716979,0.23900883992370772,0.33157626600900614,0.3412863375766965,0.3663623820944218,0.40441926552593355,0.4493593016653897,0.46724031098253865,0.6569986664436341,0.6229513214983472,0.7370413741171705,0.7076822359117169,60.0,-0.07482441612949513,0.1561607307552824,0.15512138485931826,0.259957524436926,0.270061361873467,0.34981385355878714,0.36009752648119414,0.3845999696442028,0.4232304544304312,0.46759688921517056,0.4860514998870362,0.6752362539934152,0.641762510402845,0.7552789616669516,0.7264934248162147,99.706,-0.1389580931943555,0.11217179848859712,0.11309110452490675,0.19852936702080795,0.21044043558285433,0.2844717968215327,0.29596384941633364,0.3192579129069483,0.35909677736557066,0.4022548324779162,0.42191782282217577,0.6098941972561607,0.5776288333379843,0.6899369049296972,0.6623597477513542,579.706,-0.18128783486165004,0.06588170468403878,0.06688726247277296,0.14801740161018462,0.16024012550225417,0.24177237114770306,0.2536341077490393,0.2765584872331187,0.3167670356982762,0.3595554068040865,0.37958808115488135,0.5671947715823311,0.5352990916706899,0.6472374792558674,0.6200300060840596,0.0,0.0,-0.01307765,-0.02133913,-0.024203370000000005,-0.019812120000000003,-0.017500840000000004,-0.4686733959880091,-0.3663958983350205,-0.08473091441336969,0.03339201147935017,0.0001,-0.00041668666666666674,9708975.0031,131114312.1958,34588832.7647,6312449.005785714,-0.21842845886644793,-0.09644976246239731,-0.012136969737986671,-0.0018366629117602398,27.739268827252243,100.84119066626008,60.06024060211728,1212.7100570810212,27.894020875785923,33.27149279428699,1.0148260785214618,2.06566219673734,3.0505672915197217,3.7870107159316198,2.1403177229297072,3.1285175998823447,-0.21774237641374886,-0.21406482716588854,-0.42443060965001533,-0.4349219426106892,-0.8128335920520425,-0.8013178409457097,22.308988616675283,-110.49836186584935,119.0490250631824,109.57247880421963,0.02200708406700691,,,,,,,,,,,,,,,,,
BINANCE-202407080701-BONDUSDT-SPOTONLY,binance,BONDUSDT,BOND,perp_continues_spot_delisted,BINANCE-204921,BINANCE-B008,2024-07-08 07:01:09.631000+00:00,2024-07-08 07:01:09.631000+00:00,2024-07-22 03:00:00+00:00,331.9806580555555,False,False,False,True,0.0,1.3711838143824528,479.0,1.817,-0.20514470163801035,-0.20455507725603958,-0.2963417304359723,-0.2959692357369337,-0.23462918231714625,-0.23274840686996914,-0.1984106694566663,-0.2041063445686908,-0.16086921782310504,-0.1643598260202725,-0.22907746784963853,-0.2589859345094692,-0.3417696775495287,-0.3585401459427153,-0.33790419148395107,-0.3839086419197087,-0.3075067142995801,-0.36521975374170096,-0.13124299580373483,-0.1181177800320391,0.172,0.0,-0.15991783154570377,-0.13822375709279677,0.021805900944867312,0.15743355711449555,-0.514170351671486,10.0,-0.1309402090460107,0.02992900877709427,0.033419616974261726,0.09813725880362788,0.12804572546345855,0.20696398243794034,0.25296843287369797,0.17656650525356934,0.23427954469569023,-0.18711973018007735,-0.025290626485669154,0.06412037352537352,0.32464565096442805,-0.2723518630958393,0.000302786757723994,30.0,-0.182431634398777,-0.021562416575671966,-0.018071808378504507,0.04664583345086153,0.07655430011069221,0.155472557085174,0.20147700752093162,0.12507507990080305,0.18278811934292394,-0.23861115553284362,-0.07678205183843542,0.012628948172607223,0.27315422561166175,-0.32384328844860566,-0.05118863859504236,60.0,-0.23543231582047894,-0.08672097478053203,-0.08014831911709827,-0.01590078437488202,0.016851887342038577,0.10188225128150144,0.14847632609922992,0.07148477409713042,0.12978743792122222,-0.29220146133651625,-0.12978273326013728,-0.04096135763106541,0.22015354418995992,-0.37743359425227824,-0.10418932001674408,110.369,-0.31895319070477335,-0.17228908963870632,-0.16227214443638152,-0.09399978960336788,-0.05773552728043924,0.0175912758050945,0.0649554512149354,-0.012806201379276511,0.04626656303692759,-0.3764924368129232,-0.213303608144432,-0.12525233310747233,0.13663266930566523,-0.4617245697286851,-0.18771019490103868,530.369,-0.27853756890139364,-0.1752561113947212,-0.16248186565685901,-0.07301487676340879,-0.03403762656479301,0.05771552885575098,0.10537107301831525,0.02731805167137995,0.08668218484030742,-0.33636818376226674,-0.17288798634105226,-0.08512808005681592,0.17704829110904502,-0.42160031667802866,-0.1472945730976591,-0.02,-0.02,-0.07763687999999999,-0.12687405,-0.13689563,-0.12968123,-0.12824978,0.12774293870573464,0.25266564611597425,0.3243428642067042,0.013125215771695599,-1.0882777777777772e-05,-0.0015451780722891568,49810104.618099995,422592587.39119995,370373811.89640003,25412217.411499996,-0.10156236543742822,0.009488690636921657,0.0030946678854125954,0.011181793040914153,27.88105895337578,174.8985322664094,44.54350349380375,2062.4481175996148,5.110313566426432,9.672992582490107,1.7801895310365756,3.3938966256653647,3.508280361819442,5.893300036980071,3.8901045814511885,3.3828458924000384,-0.14554400228150974,-0.1643598260202725,-0.3433607792278957,-0.3839086419197087,-0.14349246133970447,-0.13124299580373483,-87.57581970548411,-504.0555478431252,33.50086885282027,23.917734434702478,0.05279732822778305,,,,,,,,,,,,,,,,,
BINANCE-202408120700-LOOMUSDT-SPOTONLY,binance,LOOMUSDT,LOOM,perp_continues_spot_delisted,BINANCE-207063,BINANCE-B009,2024-08-12 07:00:11.329000+00:00,2024-08-12 07:00:11.329000+00:00,2024-08-26 03:00:00+00:00,331.99685305555556,False,False,False,True,0.0,1.0495809971913355,479.0,0.05121,-0.1887864632365468,-0.18803253207193546,-0.16340379886491185,-0.16203588651693326,-0.14879500219300296,-0.1438946805756922,-0.10794581565632232,-0.10704967447900217,-0.08536178236253553,-0.0917546828008201,-0.08175281973616265,-0.09194147720805254,-0.09090668887059124,-0.09559085989241949,-0.07921313583140223,-0.09577738634572036,-0.08196475149492999,-0.0767047494218849,-0.1570064561293843,-0.1545698971012703,0.239,0.00019525529692028407,0.0685035097144151,0.0004700911306046579,-0.010597522277812466,-0.0004590314517140457,-0.16783078373133842,10.0,-0.16179552740969913,-0.07643374504716363,-0.07004084460887906,-0.08004270767353636,-0.06985405020164646,-0.08258239157829685,-0.06601814106397871,-0.07983077591476911,-0.0850907779878142,-0.04883389052987533,-0.04575362330079567,-0.1432691796397241,-0.04458136324498284,-0.1008046991219655,-0.0047890712803148605,30.0,-0.1789295423129222,-0.09356775995038671,-0.08717485951210215,-0.09717672257675958,-0.08698806510486969,-0.09971640648152007,-0.08315215596720194,-0.09696479081799239,-0.10222479289103747,-0.0659679054330984,-0.06288763820401874,-0.16040319454294732,-0.06171537814820606,-0.11793871402518857,-0.02192308618353793,60.0,-0.1814504678762949,-0.076431552514273,-0.06823402659088605,-0.0966299186024865,-0.08517265006744117,-0.10299126320950401,-0.08567308153057437,-0.10023964754597635,-0.10474571845441001,-0.0692427621610825,-0.06540856376739157,-0.1636780512709313,-0.06423630371157872,-0.12121357075317268,-0.024444011746910604,108.671,-0.21677269267125354,-0.11329399380121491,-0.10353601504322256,-0.1387689880434132,-0.12199614310815532,-0.1387689880434132,-0.12099530632553301,-0.1360173723798855,-0.14006794324936855,-0.10502048699499164,-0.10073078856234995,-0.19945577610484047,-0.09955852850653706,-0.15699129558708197,-0.059766236541869314,588.671,-0.15832908697447165,-0.07067495766993616,-0.05792338591192803,-0.08743216386728798,-0.06733950555862689,-0.08258239157829685,-0.06255170062875105,-0.07983077591476911,-0.08162433755258672,-0.04883389052987533,-0.042287182865568304,-0.1432691796397241,-0.041114922809755275,-0.1008046991219655,-0.0013226308450872692,-0.01826995,-0.01826995,-0.04199617,-0.07398128000000001,-0.07988556,-0.08211313000000003,-0.08173281000000002,-0.06506497892133178,-0.06122906978366399,-0.039792291964668054,0.0024365590281141573,-0.00020314277777777777,-0.00098473265060241,26554950.16794,125697950.55668001,4952521.90251,13449940.807905715,-0.06415703810195335,0.04259022247436466,0.00019015911451043439,-0.039256440277723265,12.880671575707323,97.40483496250091,7.9728925889770625,1889.81718533467,0.8152417603968544,4.38137956345292,1.2538089842272433,2.788884038543742,0.0,2.437623116962101,1.1032319343570494,1.0903711084269072,-0.07595636152676084,-0.0917546828008201,-0.09115179585710137,-0.09577738634572036,-0.15871193053161997,-0.1570064561293843,-23.400946716150404,-71.6094045715441,0.0,-8.298755662996705,0.006331064890854738,,,,,,,,,,,,,,,,,
BINANCE-202408120700-REEFUSDT-SPOTONLY,binance,REEFUSDT,REEF,perp_continues_spot_delisted,BINANCE-207063,BINANCE-B009,2024-08-12 07:00:11.329000+00:00,2024-08-12 07:00:11.329000+00:00,2024-08-26 03:00:00+00:00,331.99685305555556,False,False,False,True,0.0,1.2144579206450064,479.0,0.001095,-0.30271072519210945,-0.3018383602417783,-0.26629893578339514,-0.26471614037246805,-0.24157725300304783,-0.23590714805852578,-0.25445045593925386,-0.25341354144315975,-0.20280386707708709,-0.21020101755327306,-0.22772021834162154,-0.2395093949755235,-0.2346247336881661,-0.2400447333016672,-0.22772021834162154,-0.2468865192659842,-0.3089103730716348,-0.3028240860701427,-0.5875154063162691,-0.5732031229694866,3.317,-0.0009136592686748244,0.03629014585334833,-0.00261609403582002,-0.003401855988428358,0.2508219387363544,-0.055880458394456614,10.0,-0.24857844846203137,-0.04577458138494433,-0.03837743090875836,-0.020858230120409788,-0.00906905348650783,-0.020858230120409788,-0.0016919291960471351,0.060331924609603564,0.05424563760811145,0.05536913526747455,0.05893327652390879,0.09577867360535122,0.2099691940249058,0.22783839561841748,0.3389369578542377,30.0,-0.27708394145995763,-0.07428007438287047,-0.0668829239066845,-0.04936372311833603,-0.03757454648443407,-0.04936372311833603,-0.030197422193973374,0.031826431611677204,0.02574014461018509,0.02686364226954827,0.03042778352598251,0.06727318060742486,0.18146370102697945,0.1993329026204911,0.31043146485631135,60.0,-0.27983258227657876,-0.08013571795123918,-0.0706504563906822,-0.05413086081591077,-0.04087378912865912,-0.05298472888528824,-0.03294606301059423,0.028205425844724994,0.02299150379356414,0.023242636502595965,0.027679142709361292,0.06365217484047263,0.17871506021035832,0.19571189685353885,0.30768282403969033,108.671,-0.31625554473179684,-0.11708573418471538,-0.10579489086357893,-0.08878729806228794,-0.0693796349682685,-0.08993474511876472,-0.0693690254658126,-0.008744590388751456,-0.013431458661654117,-0.013707379730880504,-0.008743819745856817,0.02670215860699622,0.14229209775514037,0.15876188062006255,0.2712598615844722,588.671,-0.22600545283630002,-0.049337359805520634,-0.03458266496669721,-0.009153381986487201,0.014095598411467554,-0.002296212260350378,0.020881066429684347,0.07889394246966296,0.07681863323384269,0.07393115312753398,0.08150627214963996,0.11434069146541061,0.2325421896506371,0.24640041347847697,0.36150995347996917,-0.00108797,-0.00108797,-0.016346470000000002,-0.02399692,-0.022870130000000002,-0.01177479,-0.011474789999999999,-0.34800601134074555,-0.3406288870502849,-0.12896776382933195,0.014312283346782516,9.738666666666667e-05,-0.0002732092857142857,12247625.758673001,110664972.55532,40259190.472531,6828605.724422572,-0.17177608025303892,-0.007213725189160363,-0.024404245836718345,-0.021282704682639254,9.136592686747672,138.6671092505924,26.77377770716394,3017.9706592343437,6.60697493546429,10.322115070836597,1.0726520386678586,2.9250576614844146,0.0,4.255891618156146,2.6662301047137476,2.863321030852548,-0.20644857627979613,-0.21020101755327306,-0.2418541675644763,-0.2468865192659842,-0.5937617495987755,-0.5875154063162691,-27.384772933039102,-68.57169726136912,12.89490829871692,44.21525257877477,0.011278694984014487,,,,,,,,,,,,,,,,,
BYBIT-202502121019-FBUSDT-SPOTONLY,bybit,FBUSDT,FB,perp_continues_spot_delisted,BYBIT-blt6d35fd7bcaae0507,BYBIT-B051,2025-02-12 10:19:41+00:00,2025-02-12 10:19:41+00:00,2025-02-18 08:00:00+00:00,141.67194444444445,False,False,False,True,0.0,2.036549865350958,479.0,1.189,0.0,-0.0007995723027894579,0.0016806726645182443,0.001279786832562607,0.0,-0.0029697718988745286,0.0016806726645182443,0.00262274676364221,0.00920893908530969,0.005989234128696387,-0.0016835020811137647,0.02568399321966569,0.02982822628804545,-0.0022506175843485764,-0.0016835020811137647,-0.005631650443585072,-0.011844470112522513,-0.04184036772429635,0.05733463432447094,0.06748044700724101,46.742,-0.0007995723027894579,-0.1351211937850839,-0.08593784185920414,-0.0018939698114596778,0.06146460506615977,-0.0806238214913423,10.0,0.0,-0.00920893908530969,-0.005989234128696387,0.0016835020811137647,-0.02568399321966569,0.0016835020811137647,0.005631650443585072,0.011844470112522513,0.04184036772429635,0.005059032712395078,0.0365301354679865,0.033350675333486186,0.03388729298194188,-0.043610365802642145,-0.05733463432447094,30.0,-0.0007995723027894579,-0.008375258336732489,-0.005961479533210436,0.0016835020811137647,-0.028705723895604728,0.0016835020811137647,0.004832078140795169,0.011844470112522513,0.04104079542150656,0.005059032712395078,0.03573056316519673,0.033350675333486186,0.03308772067915237,-0.043610365802642145,-0.05813420662726068,60.0,0.0008811003617287864,-0.006694585672214202,-0.004280806868692149,0.0033641747456320988,-0.027025051231086394,0.0033641747456320988,0.006512750805313503,0.013525142777040783,0.042721468086024825,0.006739705376913278,0.03741123582971493,0.03503134799800451,0.03476839334367069,-0.041929693138123975,-0.05645353396274251,79.0,0.0026925467906506123,-0.0058504136781755605,-0.0027270393259516603,0.005042027488248088,-0.02547620767691547,0.005042027488248088,0.008324197234235886,0.015202995519656815,0.04453291451494711,0.008417558119529394,0.039222682258637245,0.03670920074062044,0.03657983977259296,-0.040251840395507936,-0.054642087533820154,319.0,0.0007241919851328473,-0.009193545739852704,-0.006718537795182755,0.0033641747456320988,-0.026140491546413864,0.0033641747456320988,0.006355842428717963,0.013525142777040783,0.04256455970942897,0.006739705376913278,0.037254327453119025,0.03503134799800451,0.034611484967074856,-0.041929693138123975,-0.05661044233933829,0.0,0.0,0.00030000000000000003,0.0009000000000000001,0.0009000000000000001,0.0015000000000000002,0.0017000000000000001,0.031650641104805484,0.06296628476805602,0.09122192730641317,0.010145812682770096,0.0001,0.0001,756367.4699,438582.82019999996,1300884.7831000001,776167.5428142857,-0.04293828224036891,0.333149582206619,0.007409156667569863,-0.01188851503293448,14.59854273865451,8.357710473961571,8.783487609059586,193.39845330033302,13.415881076405027,5.369768334033913,1.0495942807765926,1.0138277401310203,0.9626402099710489,1.0114767727717466,1.0049322876777735,1.1275409665310085,-0.006480473166618249,0.005989234128696387,0.005201743913862649,-0.005631650443585072,0.06559189048331693,0.05733463432447094,8244.979130902715,8119.838460683058,7053.958026361443,8145.599842669073,0.00257613819860162,,,,,,,,,,,,,,,,,
BYBIT-202502240604-DASHUSDT-SPOTONLY,bybit,DASHUSDT,DASH,perp_continues_spot_delisted,BYBIT-blte35e5b27a4272e9d,BYBIT-B054,2025-02-24 06:04:06+00:00,2025-02-24 09:00:00+00:00,2025-02-28 08:00:00+00:00,97.93166666666667,False,False,False,True,10554.0,1.6496821595575224,479.0,26.16,0.0,0.0006812076055756174,-0.0011474470564769093,-0.0010301959162489142,-0.0045977092486295425,-0.0029243672721554793,-0.0034462986435875977,-0.0029927663942620887,-0.003062789530545767,-0.00659021854976089,-0.01968795497221949,-0.022241272321605037,-0.028301947154969732,-0.009487273772988407,-0.07622736538788437,-0.008330409892634255,0.012158204479809583,0.19156552133476573,0.23386633496805448,0.2421596923814367,112.038,-8.361078734642246e-05,-0.013482134709470106,-0.035084496744635076,0.0029317902582732085,0.1174428913347288,-0.05337122730142174,10.0,-0.017910710806056752,-0.003116480901818535,0.00011827391306157243,0.006262251384614097,0.006735352794789396,0.055759379174866085,-0.009580300913422511,-0.03262619069282782,-0.2094762321408224,-0.006223279517273773,-0.12560178635812022,-0.03977579781794329,-0.20774181961819269,0.0512316908473809,-0.25177704577411114,30.0,-0.021036934532322957,-0.0062427046280845834,-0.003007949813204476,0.003136027658347868,0.0036091290685231676,0.05263315544859982,-0.012706524639688778,-0.03575241441909392,-0.21260245586708848,-0.009349503243539836,-0.12872801008438628,-0.0429020215442095,-0.21086804334445888,0.04810546712111464,-0.2549032695003774,60.0,-0.024064836817540913,-0.006647140799466462,-0.0040099103494549,0.0027499526267159955,0.0004819110374981693,0.050282057186910346,-0.015734426924906668,-0.03810351268078339,-0.21563035815230638,-0.011700601505229434,-0.13175591236960416,-0.045253119805898995,-0.21389594562967668,0.045754368859425215,-0.2579311717855952,60.0,-0.024064836817540913,-0.006647140799466462,-0.0040099103494549,0.0027499526267159955,0.0004819110374981693,0.050282057186910346,-0.015734426924906668,-0.03810351268078339,-0.21563035815230638,-0.011700601505229434,-0.13175591236960416,-0.045253119805898995,-0.21389594562967668,0.045754368859425215,-0.2579311717855952,300.0,-0.016348690603361863,0.0023355401819281866,0.005325464598446293,0.01330743708317705,0.00923691957953452,0.059264738168304944,-0.008018280710727584,-0.029120831699388817,-0.20791421193812734,-0.0027179205238348236,-0.12403976615542509,-0.03627043882450436,-0.2061797994154975,0.054737049840819695,-0.2502150255714162,0.0,0.0,0.0002,0.0008,0.0005,0.0009000000000000001,0.0011,0.2561076072896596,0.24219674486068843,0.04403522615591858,0.008293357413382146,0.0001,0.0001,432849.6767,1460658.9727999999,1325264.7406,717492.3560285715,-0.09103568425975901,-0.08536368504515716,-0.04292383532424649,-0.10065573022006659,3.6556388635940196,3.826286635547255,11.179431013412458,142.30774818709602,,3.8794998159344742,0.9869425395347937,0.9960844882549196,1.0029386649120597,0.9855560896001879,1.074389622535115,1.0170972012515413,-0.007360319874922563,-0.00659021854976089,-0.009217119538185117,-0.008330409892634255,0.2346311533609765,0.23386633496805448,7.648183929220497,16.515280384729394,11.254925217345582,0.0,-0.0016515280384729828,,,,,,,,,,,,,,,,,
BYBIT-202502240604-ZECUSDT-SPOTONLY,bybit,ZECUSDT,ZEC,perp_continues_spot_delisted,BYBIT-blte35e5b27a4272e9d,BYBIT-B054,2025-02-24 06:04:06+00:00,2025-02-24 09:00:00+00:00,2025-02-28 08:00:00+00:00,97.93166666666667,False,False,False,True,10554.0,1.7684507312072513,479.0,34.59,0.0,0.0007302510251473297,-0.00028914269393305234,-0.00016345007886185695,-0.0028951960003278225,-0.0011013820679221604,0.0002890591146011465,0.0007752433369975936,0.0017331026868346526,-0.0020482829529214564,-0.021034956119397166,-0.023772099094099733,-0.028146097196899096,-0.007976864774142632,-0.04101474702663451,0.031770437620405066,0.0684337868289012,0.26075750133229203,0.3774698287034118,0.3792480242806577,21.935,0.0,-0.00829388503864449,-0.030105507548645945,0.005874305307734038,0.09379931462082781,-0.10967966564362017,10.0,-0.020954325577498455,-0.002955958404199718,0.000511682004292822,0.014311514393256035,0.014818676654733177,0.01731903545721107,-0.05272476319790359,-0.09212949839832454,-0.28171182690979046,-0.02224916133887845,-0.15022230240124526,-0.10367170142594202,-0.2837304068860872,-0.07360035792962409,-0.3984241542809105,30.0,-0.025999595220138318,-0.008001228046839462,-0.004533587638346923,0.009266244750616225,0.00977340701209337,0.012273765814571295,-0.05777003284054337,-0.09717476804096434,-0.2867570965524302,-0.027294430981518243,-0.15526757204388505,-0.10871697106858166,-0.2887756765287268,-0.07864562757226382,-0.40346942392355023,60.0,-0.0323942441979041,-0.013670346616606018,-0.010843249232625154,0.00630348777859251,0.0038721589413233176,0.006604647244804776,-0.06416468181830912,-0.102843886610731,-0.29315174553019613,-0.03296354955128475,-0.16166222102165065,-0.1143860896383483,-0.2951703255064926,-0.08431474614203034,-0.40986407290131593,60.0,-0.0314969807909143,-0.012773083209616239,-0.009945985825635374,0.00720075118558232,0.004769422348313128,0.007501910651794545,-0.06326741841131935,-0.10194662320374116,-0.2922544821232063,-0.032066286144294937,-0.16076495761466084,-0.11348882623135838,-0.29427306209950266,-0.08341748273504061,-0.40896680949432623,300.0,-0.024518837002561304,-0.004437220710294934,-0.0012320372208498636,0.014332881971695617,0.00996930828933287,0.01583777315111581,-0.056289274622966304,-0.09361076070441984,-0.2852763383348532,-0.02373042364497372,-0.15378681382630785,-0.10515296373203709,-0.2872949183111495,-0.07508162023571922,-0.40198866570597297,0.0,0.0,0.0002,0.0008,0.0005,0.0009000000000000001,0.0011,0.4012419277975117,0.3456993910830068,0.11469374739482338,0.0017781955772457492,0.00034721999999999997,0.0001,2177648.6728000003,2946520.2461,1861491.6097000004,2563527.2228,0.03439967747583494,0.19603023472532813,-0.0435106813891443,-0.016105773533318147,8.027830384854957,7.2348660948067485,11.034483878252765,415.92781724809845,0.0,1.6769644693933359,0.9790754429183145,1.0056917266303746,1.0079148092289896,0.9723431919590912,0.9626379242109168,0.9450196027095287,-0.001755628905905951,-0.0020482829529214564,0.030779600814829514,0.031770437620405066,0.38169338851974155,0.3774698287034118,20.257567338501577,30.16593539425727,10.680908892584384,-21.978030824794267,-0.0052143966219050375,,,,,,,,,,,,,,,,,
