position_id,symbol,direction,entry_time,entry_price,exit_time,exit_price,exit_reason,is_gap_fill,initial_sl,trailing_sl,trailing_active,stake,leverage,notional,margin,quantity,gross_pnl,total_costs,funding_pnl,net_pnl,train1_entry,atr_pct,atr_percentile,calm,forward_signed_return_pct,forward_agreement,bars_held,quick_reverse,mfe_pct,mae_pct,excursion_lower_bound,strategy,interval,month,win,loss,atr_q
p2,BTCUSDT,-1,2024-03-17 00:00:00+00:00,65331.2,2024-03-17 08:00:00+00:00,67291.136,initial_sl,False,67291.136,,False,100.0,1.0,100.0,100.0,0.0015306622257053,-3.000000000000002,0.3245,0.0,-3.3245000000000022,True,3.5822525400246303,0.9,False,-4.746583561912221,False,2.0,False,1.211366085423189,3.0000000000000027,True,DONCHIAN_55_NO_TRAIL,240,2024-03,False,True,75-100
p3,BTCUSDT,1,2024-03-25 16:00:00+00:00,69847.2,2024-04-02 00:00:00+00:00,67751.784,initial_sl,False,67751.784,,False,100.0,1.0,100.0,100.0,0.0014316966177599,-2.9999999999999964,0.3155,0.0,-3.315499999999997,True,1.76846234147028,0.19,True,0.6769061608769,True,44.0,False,2.936123423702028,2.9999999999999964,True,DONCHIAN_55_NO_TRAIL,240,2024-03,False,True,0-25
p4,BTCUSDT,-1,2024-04-29 04:00:00+00:00,62250.0,2024-04-29 20:00:00+00:00,64117.5,initial_sl,False,64117.5,,False,100.0,1.0,100.0,100.0,0.0016064257028112,-3.0,0.3245,0.0,-3.3245,True,1.16461273666093,0.06,True,-2.2141365461847418,False,4.0,False,0.8355020080321262,3.0,True,DONCHIAN_55_NO_TRAIL,240,2024-04,False,True,0-25
p5,BTCUSDT,1,2024-05-15 20:00:00+00:00,65950.9,2024-06-11 08:00:00+00:00,66882.1,signal_reverse,False,63972.37299999999,,False,100.0,1.0,100.0,100.0,0.0015162795352299,1.411959503206191,0.3221179392548093,0.0,1.0898415639513814,True,1.4876326825822628,0.42,True,-1.2037743230190912,False,159.0,False,9.428377778013653,2.0780611030327,False,DONCHIAN_55_NO_TRAIL,240,2024-05,True,False,25-50
p6,BTCUSDT,-1,2024-06-11 12:00:00+00:00,66882.1,2024-06-12 12:00:00+00:00,68888.56300000001,initial_sl,False,68888.56300000001,,False,100.0,1.0,100.0,100.0,0.0014951683634335,-3.000000000000005,0.3245,0.0,-3.324500000000005,True,0.9150537181953666,0.28,True,-1.2933206343700432,False,6.0,False,1.421157529443603,3.000000000000005,True,DONCHIAN_55_NO_TRAIL,240,2024-06,False,True,25-50
p7,BTCUSDT,1,2024-07-14 08:00:00+00:00,60027.9,2024-08-01 12:00:00+00:00,62868.2,signal_reverse,False,58227.063,,False,100.0,1.0,100.0,100.0,0.0016658920268741,4.731633123930698,0.3270974496858961,0.0,4.404535674244802,True,1.3205169120168645,0.38,True,4.641674954479491,True,109.0,False,16.840502499670976,1.0027004109755655,False,DONCHIAN_55_NO_TRAIL,240,2024-07,True,False,25-50
p8,BTCUSDT,-1,2024-08-01 16:00:00+00:00,62868.2,2024-08-01 20:00:00+00:00,64754.246,initial_sl,False,64754.246,,False,100.0,1.0,100.0,100.0,0.0015906292847576,-3.000000000000004,0.3245,0.0,-3.324500000000004,True,1.6690132235829411,0.8,False,-0.8054946698012655,False,1.0,False,1.034704349734842,3.000000000000004,True,DONCHIAN_55_NO_TRAIL,240,2024-08,False,True,75-100
p9,BTCUSDT,1,2024-08-23 20:00:00+00:00,63580.3,2024-08-27 12:00:00+00:00,61672.891,initial_sl,False,61672.891,,False,100.0,1.0,100.0,100.0,0.001572814220757,-2.999999999999999,0.3155,0.0,-3.3154999999999992,True,1.7941990567159072,0.39,True,0.9531254177787662,True,22.0,False,2.298825265058514,2.999999999999999,True,DONCHIAN_55_NO_TRAIL,240,2024-08,False,True,25-50
p10,BTCUSDT,-1,2024-09-04 04:00:00+00:00,56636.6,2024-09-04 16:00:00+00:00,58335.698,initial_sl,False,58335.698,,False,100.0,1.0,100.0,100.0,0.0017656427116034,-2.999999999999997,0.3245,0.0,-3.324499999999997,True,1.7171758191699376,0.72,False,-0.8077815405585831,False,3.0,False,0.8944745976983056,2.999999999999997,True,DONCHIAN_55_NO_TRAIL,240,2024-09,False,True,50-75
p11,BTCUSDT,1,2024-09-13 16:00:00+00:00,59636.5,2024-09-16 12:00:00+00:00,57847.405,initial_sl,False,57847.405,,False,100.0,1.0,100.0,100.0,0.0016768254340881,-3.000000000000002,0.3155,0.0,-3.3155000000000023,True,1.5314446689527392,0.31,True,0.3504565157244288,True,17.0,False,1.6562004812488946,3.0000000000000018,True,DONCHIAN_55_NO_TRAIL,240,2024-09,False,True,25-50
p12,BTCUSDT,-1,2024-10-01 20:00:00+00:00,61740.8,2024-10-07 00:00:00+00:00,63593.024000000005,initial_sl,False,63593.024000000005,,False,100.0,1.0,100.0,100.0,0.0016196745102104,-3.000000000000003,0.3245,0.0,-3.324500000000003,True,1.438155274030417,0.75,False,2.544994557893654,True,31.0,False,3.078353374105949,3.000000000000003,True,DONCHIAN_55_NO_TRAIL,240,2024-10,False,True,50-75
p13,BTCUSDT,1,2024-10-14 08:00:00+00:00,64597.7,2024-12-20 08:00:00+00:00,92681.1,signal_reverse,False,62659.769,,False,100.0,1.0,100.0,100.0,0.0015480427321715,43.47430326466733,0.385211454897001,0.0,43.08909180977033,True,1.035463668653395,0.27,True,1.6313274311624104,True,402.0,False,67.84126989041407,0.440263353029588,False,DONCHIAN_55_NO_TRAIL,240,2024-10,True,False,25-50
p14,BTCUSDT,-1,2024-12-20 12:00:00+00:00,92681.1,2024-12-20 12:00:00+00:00,95461.533,initial_sl,False,95461.533,,False,100.0,1.0,100.0,100.0,0.0010789686354607,-3.000000000000005,0.3245,0.0,-3.324500000000005,True,2.697606554703631,0.92,False,-5.9630280607372965,False,0.0,False,0.0,3.000000000000005,True,DONCHIAN_55_NO_TRAIL,240,2024-12,False,True,75-100
p15,BTCUSDT,1,2025-01-06 04:00:00+00:00,99001.7,2025-01-08 04:00:00+00:00,96031.649,initial_sl,False,96031.649,,False,100.0,1.0,100.0,100.0,0.0010100836652299,-3.000000000000007,0.3155,0.0,-3.315500000000007,True,0.7292948360626994,0.0,True,2.675913645927297,True,12.0,False,3.737713594817067,3.000000000000007,True,DONCHIAN_55_NO_TRAIL,240,2025-01,False,True,0-25
p16,BTCUSDT,-1,2025-01-13 12:00:00+00:00,90811.9,2025-01-13 20:00:00+00:00,93536.257,initial_sl,False,93536.257,,False,100.0,1.0,100.0,100.0,0.0011011772686178,-3.0000000000000044,0.3245,0.0,-3.3245000000000045,True,1.154482113970901,0.41,True,-6.292457266063156,False,2.0,False,1.8851053661469412,3.000000000000004,True,DONCHIAN_55_NO_TRAIL,240,2025-01,False,True,25-50
p17,BTCUSDT,1,2025-01-17 04:00:00+00:00,101016.1,2025-01-27 04:00:00+00:00,97985.617,initial_sl,False,97985.617,,False,100.0,1.0,100.0,100.0,0.0009899412073916,-3.0000000000000075,0.3155,0.0,-3.315500000000008,True,1.4501436616822176,0.51,False,2.488613201261969,True,60.0,False,8.845718652769202,3.000000000000007,True,DONCHIAN_55_NO_TRAIL,240,2025-01,False,True,50-75
p18,BTCUSDT,-1,2025-01-27 08:00:00+00:00,98986.3,2025-01-27 12:00:00+00:00,101955.889,initial_sl,False,101955.889,,False,100.0,1.0,100.0,100.0,0.0010102408111021,-2.9999999999999925,0.3245,0.0,-3.3244999999999925,True,1.199783635282287,0.14,True,-3.797495208932955,False,1.0,False,0.7862704232808003,2.9999999999999925,True,DONCHIAN_55_NO_TRAIL,240,2025-01,False,True,0-25
p6,BTCUSDT,-1,2024-03-05 20:00:00+00:00,61482.4,2024-03-05 21:00:00+00:00,63326.872,initial_sl,False,63326.872,,False,100.0,1.0,100.0,100.0,0.0016264817248513,-3.000000000000002,0.3245,0.0,-3.3245000000000022,True,2.789497482206289,1.0,False,-2.708417368222449,False,1.0,False,0.3779943528554537,3.0000000000000027,True,DONCHIAN_55_NO_TRAIL,60,2024-03,False,True,75-100
p7,BTCUSDT,1,2024-03-08 15:00:00+00:00,68504.0,2024-03-08 16:00:00+00:00,66448.88,initial_sl,False,66448.88,,False,100.0,1.0,100.0,100.0,0.0014597687726264,-2.999999999999993,0.3155,0.0,-3.315499999999993,True,0.6893966567124321,0.08,True,0.9035968702557406,True,1.0,False,2.6509400910895717,2.9999999999999933,True,DONCHIAN_55_NO_TRAIL,60,2024-03,False,True,0-25
p8,BTCUSDT,-1,2024-03-17 00:00:00+00:00,65331.2,2024-03-17 10:00:00+00:00,67291.136,initial_sl,False,67291.136,,False,100.0,1.0,100.0,100.0,0.0015306622257053,-3.000000000000002,0.3245,0.0,-3.3245000000000022,True,1.3361041235165656,0.56,False,-1.446169670846409,False,10.0,False,1.211366085423189,3.0000000000000027,True,DONCHIAN_55_NO_TRAIL,60,2024-03,False,True,50-75
p9,BTCUSDT,1,2024-03-24 21:00:00+00:00,66187.2,2024-04-01 05:00:00+00:00,69178.7,signal_reverse,False,64201.584,,False,100.0,1.0,100.0,100.0,0.001510866149346,4.51975608576885,0.3267796341286533,0.0,4.192976451640197,True,0.9262580766587584,0.28,True,0.7975862402398226,True,176.0,False,8.628254405685695,0.0001510866149214,False,DONCHIAN_55_NO_TRAIL,60,2024-03,True,False,25-50
p10,BTCUSDT,-1,2024-04-01 06:00:00+00:00,69178.7,2024-04-04 13:00:00+00:00,67229.1,signal_reverse,False,71254.061,,False,100.0,1.0,100.0,100.0,0.001445531644856,2.818208494811252,0.3157726872577832,0.0,2.5024358075534683,True,0.6947328337438299,0.69,False,-0.4861322921650757,False,79.0,False,6.899088881404244,1.4199457347420563,False,DONCHIAN_55_NO_TRAIL,60,2024-04,True,False,50-75
p11,BTCUSDT,1,2024-04-04 14:00:00+00:00,67229.1,2024-04-10 12:00:00+00:00,68016.9,signal_reverse,False,65212.227000000006,,False,100.0,1.0,100.0,100.0,0.0014874511186376,1.1718139912626948,0.3217577209868941,0.0,0.8500562702758008,True,0.6823044527699232,0.27,True,1.8621400554224232,True,142.0,False,8.367507522784024,1.913010883679844,False,DONCHIAN_55_NO_TRAIL,60,2024-04,True,False,25-50
p12,BTCUSDT,-1,2024-04-10 13:00:00+00:00,68016.9,2024-04-10 19:00:00+00:00,70057.40699999999,initial_sl,False,70057.40699999999,,False,100.0,1.0,100.0,100.0,0.0014702228416761,-2.999999999999997,0.3245,0.0,-3.324499999999997,True,0.8034662813842672,0.73,False,-1.9553963794292304,False,6.0,False,0.7509898275281414,2.999999999999997,True,DONCHIAN_55_NO_TRAIL,60,2024-04,False,True,50-75
p13,BTCUSDT,1,2024-04-19 07:00:00+00:00,64600.1,2024-04-24 14:00:00+00:00,65210.1,signal_reverse,False,62662.097,,False,100.0,1.0,100.0,100.0,0.0015479852198371,0.9442709841006438,0.321416406476151,0.0,0.6228545776244928,True,1.665300385426208,1.0,False,0.512073510722133,True,127.0,False,4.022903989312703,2.6503054948831326,False,DONCHIAN_55_NO_TRAIL,60,2024-04,True,False,75-100
p14,BTCUSDT,-1,2024-04-24 15:00:00+00:00,65210.1,2024-04-30 00:00:00+00:00,64547.6,signal_reverse,False,67166.40299999999,,False,100.0,1.0,100.0,100.0,0.0015335047791676,1.0159469161985644,0.3184760796257022,0.0,0.6974708365728621,True,0.656044298133484,0.54,False,1.731173545202358,True,129.0,False,5.336903332459231,0.0953839972642341,False,DONCHIAN_55_NO_TRAIL,60,2024-04,True,False,50-75
p15,BTCUSDT,1,2024-04-30 01:00:00+00:00,64547.6,2024-04-30 08:00:00+00:00,62611.172,initial_sl,False,62611.172,,False,100.0,1.0,100.0,100.0,0.0015492442786408,-3.0,0.3155,0.0,-3.3155,True,0.9051127717042488,0.91,False,-1.8106017884475856,False,7.0,False,0.0548432474638893,3.0,True,DONCHIAN_55_NO_TRAIL,60,2024-04,False,True,75-100
p16,BTCUSDT,-1,2024-04-30 10:00:00+00:00,61645.5,2024-05-03 12:00:00+00:00,60597.9,signal_reverse,False,63494.865,,False,100.0,1.0,100.0,100.0,0.0016221784234047,1.699394116358856,0.3174509088254618,0.0,1.3819432075333942,True,0.9889726628174696,0.98,False,1.4364389939249378,True,74.0,False,8.338808185512324,0.1862260830068746,False,DONCHIAN_55_NO_TRAIL,60,2024-04,True,False,75-100
p17,BTCUSDT,1,2024-05-03 13:00:00+00:00,60597.9,2024-05-07 23:00:00+00:00,62314.5,signal_reverse,False,58779.963,,False,100.0,1.0,100.0,100.0,0.0016502222024195,2.832771432673407,0.3242491571490101,0.0,2.5085222755243968,True,0.8498172850402902,0.28,True,1.9665697986233743,True,106.0,False,8.155563146577684,0.2156840418562431,False,DONCHIAN_55_NO_TRAIL,60,2024-05,True,False,25-50
p18,BTCUSDT,-1,2024-05-08 00:00:00+00:00,62314.5,2024-05-13 07:00:00+00:00,62311.2,signal_reverse,False,64183.935,,False,100.0,1.0,100.0,100.0,0.0016047629363952,0.0052957176901089,0.3199920564234648,0.0,-0.3146963387333559,True,0.8557512984251543,0.65,False,-0.4448402859687617,False,127.0,False,3.5360951303468697,1.8186778358167088,False,DONCHIAN_55_NO_TRAIL,60,2024-05,False,True,50-75
p19,BTCUSDT,1,2024-05-13 08:00:00+00:00,62311.2,2024-05-23 13:00:00+00:00,68056.1,signal_reverse,False,60441.864,,False,100.0,1.0,100.0,100.0,0.0016048479246106,9.219690842095815,0.3338295362631437,0.0,8.885861305832673,True,0.6541245508718454,0.65,False,0.6857515181861507,True,245.0,False,15.648069688916278,2.1041161139570392,False,DONCHIAN_55_NO_TRAIL,60,2024-05,True,False,50-75
p20,BTCUSDT,-1,2024-05-23 14:00:00+00:00,68056.1,2024-05-27 15:00:00+00:00,70097.78300000001,initial_sl,False,70097.78300000001,,False,100.0,1.0,100.0,100.0,0.001469376000094,-3.000000000000006,0.3245,0.0,-3.3245000000000062,True,0.7187977481602879,0.61,False,1.1851986816758586,True,97.0,False,2.5640611201641,3.000000000000006,True,DONCHIAN_55_NO_TRAIL,60,2024-05,False,True,50-75
p21,BTCUSDT,1,2024-05-27 16:00:00+00:00,70439.2,2024-05-28 03:00:00+00:00,68326.02399999999,initial_sl,False,68326.02399999999,,False,100.0,1.0,100.0,100.0,0.001419664050699,-3.0000000000000098,0.3155,0.0,-3.31550000000001,True,0.5820926821591257,0.61,False,-0.8603164147236164,False,11.0,False,0.4240536519437999,3.0000000000000098,True,DONCHIAN_55_NO_TRAIL,60,2024-05,False,True,50-75
p22,BTCUSDT,-1,2024-05-28 04:00:00+00:00,68042.8,2024-05-30 17:00:00+00:00,69354.9,signal_reverse,False,70084.084,,False,100.0,1.0,100.0,100.0,0.0014696632119783,-1.928345100436771,0.3228925176506552,0.0,-2.2512376180874263,True,0.8875716040912079,0.89,False,-0.4323749169640178,False,61.0,False,1.3492977949173253,2.2297730252135377,False,DONCHIAN_55_NO_TRAIL,60,2024-05,False,True,75-100
p23,BTCUSDT,1,2024-05-30 18:00:00+00:00,69354.9,2024-05-31 15:00:00+00:00,67274.253,initial_sl,False,67274.253,,False,100.0,1.0,100.0,100.0,0.0014418591909151,-2.999999999999996,0.3155,0.0,-3.315499999999996,True,0.7226598264866638,0.72,False,-1.4174917705886525,False,21.0,False,0.1694184549325282,2.999999999999996,True,DONCHIAN_55_NO_TRAIL,60,2024-05,False,True,50-75
p24,BTCUSDT,-1,2024-06-07 18:00:00+00:00,69839.9,2024-06-10 15:00:00+00:00,70044.9,signal_reverse,False,71935.097,,False,100.0,1.0,100.0,100.0,0.0014318462655301,-0.2935284844336833,0.3204402927266505,0.0,-0.6139687771603339,True,0.6914078792045387,0.71,False,0.64433081948857,True,69.0,False,2.1523513063449364,0.4878300226661431,False,DONCHIAN_55_NO_TRAIL,60,2024-06,False,True,50-75
p25,BTCUSDT,1,2024-06-10 16:00:00+00:00,70044.9,2024-06-11 01:00:00+00:00,68705.5,signal_reverse,False,67943.553,,False,100.0,1.0,100.0,100.0,0.001427655689422,-1.9122020304119127,0.3171316969543821,0.0,-2.229333727366295,True,0.3650821524071403,0.58,False,-0.6580065072546271,False,9.0,False,0.1159256419810887,2.265689579112826,False,DONCHIAN_55_NO_TRAIL,60,2024-06,False,True,50-75
p26,BTCUSDT,-1,2024-06-11 02:00:00+00:00,68705.5,2024-06-17 18:00:00+00:00,67070.4,signal_reverse,False,70766.665,,False,100.0,1.0,100.0,100.0,0.0014554875519427,2.379867696181537,0.3164301984557277,0.0,2.063437497725809,True,0.5385199978791462,0.77,False,1.6972440343203998,True,160.0,False,5.349644497165438,1.8841286359898408,False,DONCHIAN_55_NO_TRAIL,60,2024-06,True,False,75-100
p27,BTCUSDT,1,2024-06-17 19:00:00+00:00,67070.4,2024-06-18 01:00:00+00:00,65058.28799999999,initial_sl,False,65058.28799999999,,False,100.0,1.0,100.0,100.0,0.0014909706815525,-3.0000000000000018,0.3155,0.0,-3.315500000000002,True,0.7627273517293566,0.84,False,-2.0323421360242238,False,6.0,False,0.0248992103819444,3.0000000000000018,True,DONCHIAN_55_NO_TRAIL,60,2024-06,False,True,75-100
p28,BTCUSDT,-1,2024-06-21 08:00:00+00:00,64147.7,2024-06-30 18:00:00+00:00,62025.9,signal_reverse,False,66072.131,,False,100.0,1.0,100.0,100.0,0.0015589023456803,3.3076789970645804,0.3150384815044031,0.0,2.9926405155601774,True,0.4720690353222782,0.21,True,0.8927833733711421,True,226.0,False,9.084815199921428,0.547486503802949,False,DONCHIAN_55_NO_TRAIL,60,2024-06,True,False,0-25
p29,BTCUSDT,1,2024-06-30 19:00:00+00:00,62025.9,2024-07-03 01:00:00+00:00,61598.2,signal_reverse,False,60165.123,,False,100.0,1.0,100.0,100.0,0.0016122297298386,-0.6895506554520037,0.318965674016822,0.0,-1.0085163294688255,True,0.4565719435636685,0.38,True,1.415698925771336,True,54.0,False,2.9328071015495114,1.231582290623758,False,DONCHIAN_55_NO_TRAIL,60,2024-06,False,True,25-50
p30,BTCUSDT,-1,2024-07-03 02:00:00+00:00,61598.2,2024-07-10 04:00:00+00:00,59317.6,signal_reverse,False,63446.14599999999,,False,100.0,1.0,100.0,100.0,0.0016234240610926,3.702380913727996,0.314446428629408,0.0,3.387934485098588,True,0.6148602672527075,0.85,False,1.2271462477799533,True,170.0,False,13.44828257968576,0.0001623424061187,False,DONCHIAN_55_NO_TRAIL,60,2024-07,True,False,75-100
p31,BTCUSDT,1,2024-07-10 05:00:00+00:00,59317.6,2024-07-10 13:00:00+00:00,57538.072,initial_sl,False,57538.072,,False,100.0,1.0,100.0,100.0,0.0016858402902342,-2.9999999999999973,0.3155,0.0,-3.315499999999997,True,0.8988780010365507,0.52,False,-1.165589976667969,False,8.0,False,0.2592822366380348,2.9999999999999973,True,DONCHIAN_55_NO_TRAIL,60,2024-07,False,True,50-75
p32,BTCUSDT,-1,2024-07-12 02:00:00+00:00,56914.5,2024-07-13 09:00:00+00:00,58621.935,initial_sl,False,58621.935,,False,100.0,1.0,100.0,100.0,0.001757021497158,-2.999999999999996,0.3245,0.0,-3.324499999999996,True,1.0556059653389875,0.75,False,-0.2647831396217048,False,31.0,False,0.4106159238858236,2.999999999999996,True,DONCHIAN_55_NO_TRAIL,60,2024-07,False,True,50-75
p33,BTCUSDT,1,2024-07-13 23:00:00+00:00,59457.1,2024-07-23 19:00:00+00:00,65504.7,signal_reverse,False,57673.387,,False,100.0,1.0,100.0,100.0,0.0016818849220698,10.171367254709695,0.3352570508820645,0.0,9.83611020382763,True,0.6763219675554776,0.19,True,0.8037728042571857,True,236.0,False,15.155128655787106,0.5821003715283769,False,DONCHIAN_55_NO_TRAIL,60,2024-07,True,False,0-25
p34,BTCUSDT,-1,2024-07-23 20:00:00+00:00,65504.7,2024-07-26 09:00:00+00:00,67469.841,initial_sl,False,67469.841,,False,100.0,1.0,100.0,100.0,0.0015266080143867,-3.000000000000005,0.3245,0.0,-3.324500000000005,True,0.9015601715820176,0.88,False,-0.2218161444903943,False,61.0,False,3.245873960189112,3.0000000000000053,True,DONCHIAN_55_NO_TRAIL,60,2024-07,False,True,75-100
p35,BTCUSDT,1,2024-07-26 14:00:00+00:00,67860.6,2024-07-30 00:00:00+00:00,65824.782,initial_sl,False,65824.782,,False,100.0,1.0,100.0,100.0,0.0014736091340188,-2.9999999999999987,0.3155,0.0,-3.315499999999999,True,0.62850482143857,0.2,True,0.143824251480229,True,82.0,False,3.354376471767105,2.9999999999999987,True,DONCHIAN_55_NO_TRAIL,60,2024-07,False,True,0-25
p36,BTCUSDT,-1,2024-07-30 15:00:00+00:00,65786.3,2024-08-07 08:00:00+00:00,57326.4,signal_reverse,False,67759.889,,False,100.0,1.0,100.0,100.0,0.0015200733283373,12.859668350401224,0.3007104974743982,0.0,12.558957852926826,True,0.7003194976982864,0.57,False,-0.5864442900725519,False,185.0,False,25.6469812103736,1.589540679442372,False,DONCHIAN_55_NO_TRAIL,60,2024-07,True,False,50-75
p37,BTCUSDT,1,2024-08-07 09:00:00+00:00,57326.4,2024-08-07 17:00:00+00:00,55606.608,initial_sl,False,55606.608,,False,100.0,1.0,100.0,100.0,0.0017443969968461,-3.000000000000002,0.3155,0.0,-3.3155000000000023,True,1.1729076207222395,0.39,True,-2.2195707387870134,False,8.0,False,0.7607315303245948,3.000000000000002,True,DONCHIAN_55_NO_TRAIL,60,2024-08,False,True,25-50
p38,BTCUSDT,-1,2024-08-11 21:00:00+00:00,58478.9,2024-08-12 14:00:00+00:00,60233.267,initial_sl,False,60233.267,,False,100.0,1.0,100.0,100.0,0.0017100184852998,-2.9999999999999973,0.3245,0.0,-3.3244999999999973,True,0.903390551366146,0.38,True,-0.3695349946732928,False,17.0,False,1.5798860785685118,2.9999999999999973,True,DONCHIAN_55_NO_TRAIL,60,2024-08,False,True,25-50
p39,BTCUSDT,1,2024-08-18 03:00:00+00:00,60112.0,2024-08-19 00:00:00+00:00,58308.64,initial_sl,False,58308.64,,False,100.0,1.0,100.0,100.0,0.0016635613521426,-3.000000000000001,0.3155,0.0,-3.315500000000001,True,0.5112955815810498,0.19,True,-0.7304697897258405,False,21.0,False,0.2322331647591139,3.000000000000001,True,DONCHIAN_55_NO_TRAIL,60,2024-08,False,True,0-25
p40,BTCUSDT,-1,2024-08-19 01:00:00+00:00,58320.2,2024-08-20 00:00:00+00:00,60069.806,initial_sl,False,60069.806,,False,100.0,1.0,100.0,100.0,0.0017146717603849,-3.0,0.3245,0.0,-3.3245,True,0.6536941133358853,0.39,True,-0.3823718025658396,False,23.0,False,0.9723903553142798,3.0,True,DONCHIAN_55_NO_TRAIL,60,2024-08,False,True,25-50
p41,BTCUSDT,1,2024-08-20 01:00:00+00:00,60452.8,2024-08-20 16:00:00+00:00,58639.216,initial_sl,False,58639.216,,False,100.0,1.0,100.0,100.0,0.0016541830982187,-3.000000000000004,0.3155,0.0,-3.315500000000004,True,0.8777449986955581,0.7,False,0.7931807955958936,True,15.0,False,1.659145647513432,3.000000000000004,True,DONCHIAN_55_NO_TRAIL,60,2024-08,False,True,50-75
p42,BTCUSDT,-1,2024-08-27 01:00:00+00:00,62688.2,2024-09-02 22:00:00+00:00,59324.5,signal_reverse,False,64568.846,,False,100.0,1.0,100.0,100.0,0.0015951965441662,5.365762615611865,0.3119513560765822,0.0,5.053811259535283,True,0.7750034524610925,0.83,False,-0.0960308319588154,False,165.0,False,9.211941003251004,0.8215262202455965,False,DONCHIAN_55_NO_TRAIL,60,2024-08,True,False,75-100
p43,BTCUSDT,1,2024-09-02 23:00:00+00:00,59324.5,2024-09-03 14:00:00+00:00,57544.765,initial_sl,False,57544.765,,False,100.0,1.0,100.0,100.0,0.0016856442110763,-3.000000000000001,0.3155,0.0,-3.315500000000001,True,0.6940640039106954,0.41,True,-0.4296707094033736,False,15.0,False,0.8099520434221948,3.000000000000001,True,DONCHIAN_55_NO_TRAIL,60,2024-09,False,True,25-50
p44,BTCUSDT,-1,2024-09-04 02:00:00+00:00,56751.1,2024-09-04 16:00:00+00:00,58453.633,initial_sl,False,58453.633,,False,100.0,1.0,100.0,100.0,0.0017620803825828,-3.0000000000000058,0.3245,0.0,-3.324500000000006,True,1.0215535155139863,1.0,False,0.0637873098494945,True,14.0,False,1.094428125622232,3.0000000000000053,True,DONCHIAN_55_NO_TRAIL,60,2024-09,False,True,75-100
p45,BTCUSDT,1,2024-09-09 14:00:00+00:00,55662.8,2024-09-15 23:00:00+00:00,59101.2,signal_reverse,False,53992.916000000005,,False,100.0,1.0,100.0,100.0,0.001796531974676,6.177195541726241,0.3292657933125893,0.0,5.847929748413652,True,0.701327585799801,0.42,True,2.526283262789497,True,153.0,False,8.91331373915792,1.6219090667375748,False,DONCHIAN_55_NO_TRAIL,60,2024-09,True,False,25-50
p46,BTCUSDT,-1,2024-09-16 00:00:00+00:00,59101.2,2024-09-17 15:00:00+00:00,60874.236,initial_sl,False,60874.236,,False,100.0,1.0,100.0,100.0,0.0016920130217322,-3.0,0.3245,0.0,-3.3245,True,0.5698820715267103,0.49,True,0.7852632433859141,True,39.0,False,2.793851901484229,3.0000000000000004,True,DONCHIAN_55_NO_TRAIL,60,2024-09,False,True,25-50
p47,BTCUSDT,1,2024-09-17 16:00:00+00:00,61107.0,2024-09-18 13:00:00+00:00,59273.79,initial_sl,False,59273.79,,False,100.0,1.0,100.0,100.0,0.0016364737264143,-2.9999999999999987,0.3155,0.0,-3.315499999999999,True,0.7901245824069731,0.84,False,-1.3129428707022162,False,21.0,False,0.213559821297069,2.9999999999999987,True,DONCHIAN_55_NO_TRAIL,60,2024-09,False,True,75-100
p48,BTCUSDT,-1,2024-09-30 02:00:00+00:00,64744.8,2024-10-06 14:00:00+00:00,62682.0,signal_reverse,False,66687.144,,False,100.0,1.0,100.0,100.0,0.0015445255835217,3.186047373688702,0.3152209289394669,0.0,2.870826444749235,True,0.4472063503831304,0.43,True,0.3104496422878799,True,156.0,False,7.5752801769408595,0.0764540163843273,False,DONCHIAN_55_NO_TRAIL,60,2024-09,True,False,25-50
p49,BTCUSDT,1,2024-10-06 15:00:00+00:00,62682.0,2024-10-09 18:00:00+00:00,61159.9,signal_reverse,False,60801.54,,False,100.0,1.0,100.0,100.0,0.0015953543281962,-2.4282888229475743,0.3163575667655786,0.0,-2.744646389713153,True,0.2850328415083859,0.16,True,-0.1603331099837235,False,75.0,False,2.842921412845793,2.5061421141635583,False,DONCHIAN_55_NO_TRAIL,60,2024-10,False,True,0-25
p50,BTCUSDT,-1,2024-10-09 19:00:00+00:00,61159.9,2024-10-11 17:00:00+00:00,62899.9,signal_reverse,False,62994.697,,False,100.0,1.0,100.0,100.0,0.0016350582653012,-2.8450013816242343,0.3242675020724364,0.0,-3.1692688836966707,True,0.5550322071441304,0.48,True,1.2099431163229537,True,46.0,False,3.695068173754374,2.926917800715826,False,DONCHIAN_55_NO_TRAIL,60,2024-10,False,True,25-50
p51,BTCUSDT,1,2024-10-11 18:00:00+00:00,62899.9,2024-10-21 13:00:00+00:00,67317.6,signal_reverse,False,61012.903,,False,100.0,1.0,100.0,100.0,0.0015898276467848,7.023381595201271,0.3305350723928019,0.0,6.692846522808469,True,0.601170612808153,0.37,True,-0.6364080070079603,False,235.0,False,10.5804619721176,1.4114489848155607,False,DONCHIAN_55_NO_TRAIL,60,2024-10,True,False,25-50
p52,BTCUSDT,-1,2024-10-21 14:00:00+00:00,67317.6,2024-10-24 13:00:00+00:00,67883.8,signal_reverse,False,69337.12800000001,,False,100.0,1.0,100.0,100.0,0.0014854956207589,-0.8410876204736905,0.3212616314307105,0.0,-1.162349251904401,True,0.6220300698267814,0.81,False,-0.6668389841586686,False,71.0,False,3.0859686025645723,0.979238713204269,False,DONCHIAN_55_NO_TRAIL,60,2024-10,False,True,75-100
p53,BTCUSDT,1,2024-10-24 14:00:00+00:00,67883.8,2024-10-25 23:00:00+00:00,65847.28600000001,initial_sl,False,65847.28600000001,,False,100.0,1.0,100.0,100.0,0.0014731055126554,-2.999999999999994,0.3155,0.0,-3.315499999999994,True,0.5629367494790483,0.41,True,0.579077777024839,True,33.0,False,1.4191898508922514,2.9999999999999933,True,DONCHIAN_55_NO_TRAIL,60,2024-10,False,True,25-50
p54,BTCUSDT,-1,2024-10-31 15:00:00+00:00,70780.1,2024-11-05 14:00:00+00:00,69945.1,signal_reverse,False,72903.50300000001,,False,100.0,1.0,100.0,100.0,0.0014128264865407,1.1797101162614916,0.3182304348256077,0.0,0.8614796814358838,True,0.5780781402036502,0.42,True,1.0016939789573631,True,119.0,False,5.611888087188356,1.229017760641754,False,DONCHIAN_55_NO_TRAIL,60,2024-10,True,False,25-50
p55,BTCUSDT,1,2024-11-05 15:00:00+00:00,69945.1,2024-11-24 12:00:00+00:00,96986.1,signal_reverse,False,67846.747,,False,100.0,1.0,100.0,100.0,0.0014296927161445,38.66032073726394,0.3779904811058959,0.0,38.28233025615804,True,0.6106626074286458,0.38,True,-0.7500167988894191,False,453.0,False,42.526066872447096,1.8115636406267284,False,DONCHIAN_55_NO_TRAIL,60,2024-11,True,False,25-50
p56,BTCUSDT,-1,2024-11-24 13:00:00+00:00,96986.1,2024-11-29 11:00:00+00:00,97327.3,signal_reverse,False,99895.683,,False,100.0,1.0,100.0,100.0,0.0010310755871202,-0.3518029903254147,0.3205277044854882,0.0,-0.6723306948109029,True,0.4747882133919903,0.21,True,0.3980982841871205,True,118.0,False,6.341733506141607,2.055758505600275,False,DONCHIAN_55_NO_TRAIL,60,2024-11,False,True,0-25
p57,BTCUSDT,1,2024-11-29 12:00:00+00:00,97327.3,2024-12-02 08:00:00+00:00,95097.5,signal_reverse,False,94407.481,,False,100.0,1.0,100.0,100.0,0.0010274609487779,-2.291032423585164,0.3165634513646223,0.0,-2.6075958749497863,True,0.5903643831542774,0.1,True,-0.3062861088307222,False,68.0,False,1.446665015879409,2.4785440467371465,False,DONCHIAN_55_NO_TRAIL,60,2024-11,False,True,0-25
p58,BTCUSDT,-1,2024-12-02 09:00:00+00:00,95097.5,2024-12-04 20:00:00+00:00,97950.425,initial_sl,False,97950.425,,False,100.0,1.0,100.0,100.0,0.0010515523541628,-3.000000000000003,0.3245,0.0,-3.324500000000003,True,0.7331798567635464,0.98,False,-1.35397881122008,False,59.0,False,1.569021267646369,3.000000000000003,True,DONCHIAN_55_NO_TRAIL,60,2024-12,False,True,75-100
p59,BTCUSDT,1,2024-12-04 21:00:00+00:00,98795.6,2024-12-05 22:00:00+00:00,95831.732,initial_sl,False,95831.732,,False,100.0,1.0,100.0,100.0,0.0010121908263121,-3.000000000000002,0.3155,0.0,-3.3155000000000023,True,0.8156233678422924,0.75,False,2.806197846867664,True,25.0,False,5.975164885885604,3.000000000000002,True,DONCHIAN_55_NO_TRAIL,60,2024-12,False,True,50-75
p60,BTCUSDT,-1,2024-12-09 12:00:00+00:00,98137.5,2024-12-11 16:00:00+00:00,101081.625,initial_sl,False,101081.625,,False,100.0,1.0,100.0,100.0,0.0010189784740797,-3.0,0.3245,0.0,-3.3245,True,0.8723110795713018,0.56,False,0.752821296650108,True,52.0,False,4.330149025601834,3.0,True,DONCHIAN_55_NO_TRAIL,60,2024-12,False,True,50-75
p61,BTCUSDT,1,2024-12-11 20:00:00+00:00,101130.6,2024-12-18 19:00:00+00:00,102777.0,signal_reverse,False,98096.682,,False,100.0,1.0,100.0,100.0,0.000988820396596,1.627993900955788,0.3224419908514337,0.0,1.3055519101043542,True,0.7971304997131008,0.49,True,-0.6024882676459953,False,167.0,False,7.209489511582053,1.9406589103594811,False,DONCHIAN_55_NO_TRAIL,60,2024-12,True,False,25-50
p62,BTCUSDT,-1,2024-12-18 20:00:00+00:00,102777.0,2024-12-24 14:00:00+00:00,97417.6,signal_reverse,False,105860.31,,False,100.0,1.0,100.0,100.0,0.0009729803360674,5.214590813119662,0.3121781137803205,0.0,4.902412699339341,True,0.8626026668001051,0.81,False,2.977222530332657,True,138.0,False,10.262023604502954,0.1836986874495294,False,DONCHIAN_55_NO_TRAIL,60,2024-12,True,False,75-100
p63,BTCUSDT,1,2024-12-24 15:00:00+00:00,97417.6,2024-12-27 07:00:00+00:00,95059.6,signal_reverse,False,94495.072,,False,100.0,1.0,100.0,100.0,0.0010265085569753,-2.42050717734783,0.3163692392339783,0.0,-2.736876416581808,True,0.7262768006719809,0.23,True,-0.1358070820878354,False,64.0,False,2.599530269684322,2.8975257037742783,False,DONCHIAN_55_NO_TRAIL,60,2024-12,False,True,0-25
p64,BTCUSDT,-1,2024-12-27 08:00:00+00:00,95059.6,2024-12-31 13:00:00+00:00,95552.1,signal_reverse,False,97911.388,,False,100.0,1.0,100.0,100.0,0.0010519716051824,-0.5180960155523482,0.3207771440233286,0.0,-0.8388731595756768,True,0.6881697677787694,0.19,True,-1.3977546718058953,False,101.0,False,3.7827846950755193,2.567231505287203,False,DONCHIAN_55_NO_TRAIL,60,2024-12,False,True,0-25
p65,BTCUSDT,1,2024-12-31 14:00:00+00:00,95552.1,2025-01-07 19:00:00+00:00,96415.7,signal_reverse,False,92685.537,,False,100.0,1.0,100.0,100.0,0.0010465494740565,0.9038001257952376,0.3213557001886928,0.0,0.5824444256065447,True,0.6689469484635691,0.55,False,-1.4769952727360258,False,173.0,False,7.482828739504416,2.8383468285888074,False,DONCHIAN_55_NO_TRAIL,60,2024-12,True,False,50-75
p66,BTCUSDT,-1,2025-01-07 20:00:00+00:00,96415.7,2025-01-14 09:00:00+00:00,97150.0,signal_reverse,False,99308.171,,False,100.0,1.0,100.0,100.0,0.0010371754807567,-0.7615979555196953,0.3211423969332795,0.0,-1.0827403524529748,True,0.8568328898420343,0.99,False,-0.4536605552830197,False,157.0,False,7.587664664572261,1.0162245360454811,False,DONCHIAN_55_NO_TRAIL,60,2025-01,False,True,75-100
p67,BTCUSDT,1,2025-01-14 10:00:00+00:00,97150.0,2025-01-26 23:00:00+00:00,102553.7,signal_reverse,False,94235.5,,False,100.0,1.0,100.0,100.0,0.0010293360782295,5.562223365928974,0.3283433350488935,0.0,5.23388003088008,True,0.7839644143812953,0.63,False,-0.7561502830674249,False,301.0,False,13.177251672671124,1.8952135872362297,False,DONCHIAN_55_NO_TRAIL,60,2025-01,True,False,50-75
p68,BTCUSDT,-1,2025-01-27 00:00:00+00:00,102553.7,2025-01-29 20:00:00+00:00,104158.1,signal_reverse,False,105630.311,,False,100.0,1.0,100.0,100.0,0.0009750988994058,-1.56444867420679,0.3223466730113102,0.0,-1.8867953472181005,True,0.3613020021984267,0.28,True,2.1787609808324726,True,68.0,False,4.738493101662836,2.1679373830490785,False,DONCHIAN_55_NO_TRAIL,60,2025-01,False,True,25-50
p69,BTCUSDT,1,2025-01-29 21:00:00+00:00,104158.1,2025-02-01 20:00:00+00:00,101033.357,initial_sl,False,101033.357,,False,100.0,1.0,100.0,100.0,0.0009600789568934,-3.0000000000000018,0.3155,0.0,-3.315500000000002,True,0.8176169551041004,0.64,False,0.4686145388596685,True,71.0,False,2.172658679449798,3.0000000000000018,True,DONCHIAN_55_NO_TRAIL,60,2025-01,False,True,50-75
p70,BTCUSDT,-1,2025-02-01 21:00:00+00:00,101284.1,2025-02-07 14:00:00+00:00,99681.7,signal_reverse,False,104322.623,,False,100.0,1.0,100.0,100.0,0.0009873218007564,1.5820844535322016,0.3176268733197017,0.0,1.2644575802125,True,0.4219319715532838,0.1,True,0.8827644220563813,True,137.0,False,9.989228319153746,1.1588195975478846,False,DONCHIAN_55_NO_TRAIL,60,2025-02,True,False,0-25
p71,BTCUSDT,1,2025-02-07 15:00:00+00:00,99681.7,2025-02-07 20:00:00+00:00,96691.249,initial_sl,False,96691.249,,False,100.0,1.0,100.0,100.0,0.0010031931638405,-3.0000000000000013,0.3155,0.0,-3.315500000000001,True,0.7341439229639332,0.18,True,-3.9828774990795615,False,5.0,False,0.0,3.000000000000001,True,DONCHIAN_55_NO_TRAIL,60,2025-02,False,True,0-25
p72,BTCUSDT,-1,2025-02-09 22:00:00+00:00,95120.0,2025-02-10 08:00:00+00:00,97644.8,signal_reverse,False,97973.6,,False,100.0,1.0,100.0,100.0,0.0010513036164844,-2.6543313708999188,0.3239814970563499,0.0,-2.9783128679562685,True,0.5590231887540545,0.37,True,-1.7286585365853702,False,10.0,False,0.4456476030277483,2.89613120269134,False,DONCHIAN_55_NO_TRAIL,60,2025-02,False,True,25-50
p73,BTCUSDT,1,2025-02-10 09:00:00+00:00,97644.8,2025-02-12 13:00:00+00:00,94715.456,initial_sl,False,94715.456,,False,100.0,1.0,100.0,100.0,0.0010241200760306,-2.9999999999999973,0.3155,0.0,-3.315499999999997,True,0.9146489550463957,0.83,False,-0.4092383823818601,False,52.0,False,0.8338385659041722,2.9999999999999973,True,DONCHIAN_55_NO_TRAIL,60,2025-02,False,True,75-100
p74,BTCUSDT,-1,2025-02-17 00:00:00+00:00,96060.1,2025-02-20 02:00:00+00:00,97108.8,signal_reverse,False,98941.903,,False,100.0,1.0,100.0,100.0,0.0010410149479336,-1.0917123758980023,0.321637568563847,0.0,-1.4133499444618494,True,0.3869452561469321,0.37,True,-0.1387672925595495,False,74.0,False,2.854462987234033,1.2582747675673844,False,DONCHIAN_55_NO_TRAIL,60,2025-02,False,True,25-50
p75,BTCUSDT,1,2025-02-20 03:00:00+00:00,97108.8,2025-02-21 19:00:00+00:00,95260.0,signal_reverse,False,94195.536,,False,100.0,1.0,100.0,100.0,0.0010297727909314,-1.903843935873992,0.317144234096189,0.0,-2.220988169970181,True,0.5562906171810819,0.77,False,0.0160644555385225,True,40.0,False,2.4152291038505203,1.97479528116916,False,DONCHIAN_55_NO_TRAIL,60,2025-02,False,True,75-100
p76,BTCUSDT,-1,2025-02-21 20:00:00+00:00,95260.0,2025-02-28 23:00:00+00:00,84307.6,end_of_data,False,98117.8,,False,100.0,1.0,100.0,100.0,0.0010497585555322,11.497375603611165,0.3027539365945833,0.0,11.19462166701658,True,0.8793152574907757,1.0,False,-1.0709636783539755,False,171.0,False,17.897858492546714,1.8853663657358808,False,DONCHIAN_55_NO_TRAIL,60,2025-02,True,False,75-100
p2,DOGEUSDT,-1,2024-03-16 20:00:00+00:00,0.14327,2024-03-17 00:00:00+00:00,0.1475681,initial_sl,False,0.1475681,,False,100.0,1.0,100.0,100.0,697.9828296223913,-2.999999999999999,0.3245,0.0,-3.324499999999999,True,7.676315448354257,0.75,False,-7.99190339917637,False,1.0,False,3.92964333077406,2.999999999999999,True,DONCHIAN_55_NO_TRAIL,240,2024-03,False,True,50-75
p3,DOGEUSDT,1,2024-03-25 16:00:00+00:00,0.18319,2024-03-25 20:00:00+00:00,0.1776943,initial_sl,False,0.1776943,,False,100.0,1.0,100.0,100.0,545.881325399858,-2.999999999999996,0.3155,0.0,-3.315499999999996,True,3.9619286767056847,0.01,True,-2.456465964299359,False,1.0,False,0.9498335061957636,2.999999999999996,True,DONCHIAN_55_NO_TRAIL,240,2024-03,False,True,0-25
p4,DOGEUSDT,-1,2024-04-05 12:00:00+00:00,0.16904,2024-04-05 12:00:00+00:00,0.1741112,initial_sl,False,0.1741112,,False,100.0,1.0,100.0,100.0,591.5759583530526,-2.999999999999999,0.3245,0.0,-3.324499999999999,True,4.145679805287001,0.19,True,-8.086843350686234,False,0.0,False,0.0,2.9999999999999987,True,DONCHIAN_55_NO_TRAIL,240,2024-04,False,True,0-25
p5,DOGEUSDT,1,2024-05-04 12:00:00+00:00,0.158,2024-05-07 00:00:00+00:00,0.15326,initial_sl,False,0.15326,,False,100.0,1.0,100.0,100.0,632.9113924050633,-2.9999999999999964,0.3155,0.0,-3.315499999999997,True,3.187160940325499,0.59,False,1.7721518987341645,True,15.0,False,7.645569620253169,2.9999999999999964,True,DONCHIAN_55_NO_TRAIL,240,2024-05,False,True,50-75
p6,DOGEUSDT,-1,2024-05-13 04:00:00+00:00,0.13731,2024-05-13 04:00:00+00:00,0.1414292999999999,initial_sl,False,0.1414292999999999,,False,100.0,1.0,100.0,100.0,728.2790765421311,-2.999999999999995,0.3245,0.0,-3.324499999999995,True,2.123973906801085,0.08,True,-9.190881945961715,False,0.0,False,0.0,2.9999999999999947,True,DONCHIAN_55_NO_TRAIL,240,2024-05,False,True,0-25
p7,DOGEUSDT,1,2024-05-21 00:00:00+00:00,0.16579,2024-05-21 00:00:00+00:00,0.1608163,initial_sl,False,0.1608163,,False,100.0,1.0,100.0,100.0,603.1726883406719,-2.9999999999999987,0.3155,0.0,-3.315499999999999,True,2.17529921673718,0.22,True,2.750467458833472,True,0.0,False,0.0,2.9999999999999987,True,DONCHIAN_55_NO_TRAIL,240,2024-05,False,True,0-25
p8,DOGEUSDT,-1,2024-06-07 20:00:00+00:00,0.14823,2024-07-14 20:00:00+00:00,0.11526,signal_reverse,False,0.1526769,,False,100.0,1.0,100.0,100.0,674.6272684341901,22.24246104027525,0.2866363084395872,0.0,21.955824731835666,True,2.612735035321556,0.57,False,1.4571948998178486,True,222.0,False,38.38629157390542,1.5583889900829837,False,DONCHIAN_55_NO_TRAIL,240,2024-06,True,False,50-75
p9,DOGEUSDT,1,2024-07-15 00:00:00+00:00,0.11526,2024-08-01 12:00:00+00:00,0.11582,signal_reverse,False,0.1118022,,False,100.0,1.0,100.0,100.0,867.6036786395974,0.4858580600381788,0.3207287870900573,0.0,0.1651292729481215,True,1.6540244416350622,0.2,True,8.276939094221758,True,105.0,False,24.943605760888428,0.642026722193306,False,DONCHIAN_55_NO_TRAIL,240,2024-07,True,False,0-25
p10,DOGEUSDT,-1,2024-08-01 16:00:00+00:00,0.11582,2024-08-01 20:00:00+00:00,0.1192946,initial_sl,False,0.1192946,,False,100.0,1.0,100.0,100.0,863.4087376964254,-2.9999999999999947,0.3245,0.0,-3.3244999999999947,True,2.524237116708192,0.44,True,2.262130892764646,True,1.0,False,3.3068554653773097,2.999999999999995,True,DONCHIAN_55_NO_TRAIL,240,2024-08,False,True,25-50
p11,DOGEUSDT,1,2024-08-23 16:00:00+00:00,0.10986,2024-08-26 12:00:00+00:00,0.1065642,initial_sl,False,0.1065642,,False,100.0,1.0,100.0,100.0,910.2494083378846,-3.0000000000000013,0.3155,0.0,-3.315500000000001,True,1.848456477074719,0.19,True,2.011651192426722,True,17.0,False,5.033679228108508,3.0000000000000013,True,DONCHIAN_55_NO_TRAIL,240,2024-08,False,True,0-25
p12,DOGEUSDT,-1,2024-09-02 00:00:00+00:00,0.09503,2024-09-02 08:00:00+00:00,0.0978809,initial_sl,False,0.0978809,,False,100.0,1.0,100.0,100.0,1052.2992739135009,-3.000000000000003,0.3245,0.0,-3.324500000000003,True,2.2489138768208545,0.65,False,-4.240766073871405,False,2.0,False,1.052299273913502,3.000000000000004,True,DONCHIAN_55_NO_TRAIL,240,2024-09,False,True,50-75
p13,DOGEUSDT,1,2024-09-09 20:00:00+00:00,0.10377,2024-09-11 04:00:00+00:00,0.1006569,initial_sl,False,0.1006569,,False,100.0,1.0,100.0,100.0,963.6696540425942,-2.999999999999994,0.3155,0.0,-3.315499999999994,True,1.8061922658626897,0.07,True,-0.7709357232340674,False,8.0,False,1.0889467090681235,2.999999999999994,True,DONCHIAN_55_NO_TRAIL,240,2024-09,False,True,0-25
p14,DOGEUSDT,-1,2024-12-19 00:00:00+00:00,0.35806,2025-01-03 08:00:00+00:00,0.34876,signal_reverse,False,0.3688018,,False,100.0,1.0,100.0,100.0,279.2828017650673,2.5973300564151187,0.3161040049153774,0.0,2.2812260514997416,True,3.36615571213125,0.43,True,12.243758029380547,True,92.0,False,26.86979835781712,2.569401776238615,False,DONCHIAN_55_NO_TRAIL,240,2024-12,True,False,25-50
p15,DOGEUSDT,1,2025-01-03 12:00:00+00:00,0.34876,2025-01-08 16:00:00+00:00,0.3382972,initial_sl,False,0.3382972,,False,100.0,1.0,100.0,100.0,286.73012960201856,-2.9999999999999982,0.3155,0.0,-3.3154999999999983,True,2.172390346206148,0.15,True,12.297855258630564,True,31.0,False,14.3336391788049,2.9999999999999982,True,DONCHIAN_55_NO_TRAIL,240,2025-01,False,True,0-25
p16,DOGEUSDT,-1,2025-01-27 04:00:00+00:00,0.32973,2025-01-31 12:00:00+00:00,0.3396219,initial_sl,False,0.3396219,,False,100.0,1.0,100.0,100.0,303.27843993570497,-3.0000000000000027,0.3245,0.0,-3.3245000000000027,True,2.3917837538072284,0.13,True,-1.4769660024868791,False,26.0,False,7.62441997998362,3.0000000000000027,True,DONCHIAN_55_NO_TRAIL,240,2025-01,False,True,0-25
p17,DOGEUSDT,1,2025-02-14 12:00:00+00:00,0.27136,2025-02-17 04:00:00+00:00,0.2632192,initial_sl,False,0.2632192,,False,100.0,1.0,100.0,100.0,368.51415094339626,-3.0000000000000018,0.3155,0.0,-3.315500000000002,True,2.5814416273584926,0.24,True,2.18528891509433,True,16.0,False,5.634581367924538,3.0000000000000013,True,DONCHIAN_55_NO_TRAIL,240,2025-02,False,True,0-25
p18,DOGEUSDT,-1,2025-02-21 20:00:00+00:00,0.23976,2025-02-22 16:00:00+00:00,0.2469528,initial_sl,False,0.2469528,,False,100.0,1.0,100.0,100.0,417.08375041708376,-3.0,0.3245,0.0,-3.3245,True,2.468837885504553,0.23,True,-3.0655655655655645,False,5.0,False,2.394060727394059,3.0,True,DONCHIAN_55_NO_TRAIL,240,2025-02,False,True,0-25
p5,DOGEUSDT,-1,2024-03-05 20:00:00+00:00,0.13736,2024-03-05 20:00:00+00:00,0.1414808,initial_sl,False,0.1414808,,False,100.0,1.0,100.0,100.0,728.013977868375,-3.0000000000000053,0.3245,0.0,-3.3245000000000053,True,9.100694733338877,1.0,False,-8.830809551543384,False,0.0,False,0.0,3.0000000000000053,True,DONCHIAN_55_NO_TRAIL,60,2024-03,False,True,75-100
p6,DOGEUSDT,1,2024-03-09 18:00:00+00:00,0.18226,2024-03-09 19:00:00+00:00,0.1767922,initial_sl,False,0.1767922,,False,100.0,1.0,100.0,100.0,548.666739822232,-2.9999999999999973,0.3155,0.0,-3.315499999999997,True,2.251493157341947,0.07,True,-1.7612202348293748,False,1.0,False,1.591133545484465,2.999999999999997,True,DONCHIAN_55_NO_TRAIL,60,2024-03,False,True,0-25
p7,DOGEUSDT,-1,2024-03-16 18:00:00+00:00,0.14801,2024-03-17 15:00:00+00:00,0.1524503,initial_sl,False,0.1524503,,False,100.0,1.0,100.0,100.0,675.6300249983109,-3.0000000000000053,0.3245,0.0,-3.3245000000000053,True,2.197245359869508,0.4,True,3.722721437740706,True,21.0,False,7.702182284980739,3.0000000000000053,True,DONCHIAN_55_NO_TRAIL,60,2024-03,False,True,25-50
p8,DOGEUSDT,1,2024-03-22 07:00:00+00:00,0.16357,2024-03-22 10:00:00+00:00,0.1586629,initial_sl,False,0.1586629,,False,100.0,1.0,100.0,100.0,611.3590511707527,-2.9999999999999987,0.3155,0.0,-3.315499999999999,True,2.950244106935429,0.59,False,-5.532799413095313,False,3.0,False,1.0454239775019971,2.9999999999999987,True,DONCHIAN_55_NO_TRAIL,60,2024-03,False,True,50-75
p9,DOGEUSDT,-1,2024-04-09 14:00:00+00:00,0.19174,2024-04-10 16:00:00+00:00,0.1974922,initial_sl,False,0.1974922,,False,100.0,1.0,100.0,100.0,521.5395848544905,-3.000000000000007,0.3245,0.0,-3.324500000000007,True,1.6782398784067722,0.62,False,1.2621257953478682,True,26.0,False,6.336705955982056,3.0000000000000067,True,DONCHIAN_55_NO_TRAIL,60,2024-04,False,True,50-75
p10,DOGEUSDT,1,2024-04-20 16:00:00+00:00,0.15787,2024-04-24 14:00:00+00:00,0.15561,signal_reverse,False,0.1531339,,False,100.0,1.0,100.0,100.0,633.432571102806,-1.431557610692349,0.3178526635839614,0.0,-1.749410274276311,True,1.2695798532246243,0.01,True,2.94546145562804,True,94.0,False,4.985114334579076,2.5020586558560898,False,DONCHIAN_55_NO_TRAIL,60,2024-04,False,True,0-25
p11,DOGEUSDT,-1,2024-04-24 15:00:00+00:00,0.15561,2024-05-03 12:00:00+00:00,0.13731,signal_reverse,False,0.1602782999999999,,False,100.0,1.0,100.0,100.0,642.63222157959,11.760169654906504,0.3023597455176403,0.0,11.457809909388864,True,1.5996952087177674,0.91,False,1.902191375875584,True,213.0,False,22.8777070882334,0.0321316110789759,False,DONCHIAN_55_NO_TRAIL,60,2024-04,True,False,75-100
p12,DOGEUSDT,1,2024-05-03 13:00:00+00:00,0.13731,2024-05-07 23:00:00+00:00,0.14997,signal_reverse,False,0.1331907,,False,100.0,1.0,100.0,100.0,728.2790765421311,9.220013109023382,0.3338300196635351,0.0,8.886183089359847,True,1.5429112435885444,0.32,True,1.806132109824499,True,106.0,False,23.865705338285647,0.4442502366906995,False,DONCHIAN_55_NO_TRAIL,60,2024-05,True,False,25-50
p13,DOGEUSDT,-1,2024-05-08 00:00:00+00:00,0.14997,2024-05-13 13:00:00+00:00,0.14719,signal_reverse,False,0.1544691,,False,100.0,1.0,100.0,100.0,666.8000266720011,1.853704074148166,0.3172194438887777,0.0,1.5364846302593884,True,1.4807723449451786,0.32,True,0.1333600053344041,True,133.0,False,9.535240381409604,2.733880109355218,False,DONCHIAN_55_NO_TRAIL,60,2024-05,True,False,25-50
p14,DOGEUSDT,1,2024-05-13 14:00:00+00:00,0.14719,2024-05-23 13:00:00+00:00,0.159,signal_reverse,False,0.1427743,,False,100.0,1.0,100.0,100.0,679.3939805693323,8.023642910523824,0.3320354643657857,0.0,7.691607446158038,True,1.76351266099211,1.0,False,2.3574971125755795,True,239.0,False,18.71051022487941,2.065357700930761,False,DONCHIAN_55_NO_TRAIL,60,2024-05,True,False,75-100
p15,DOGEUSDT,-1,2024-05-23 14:00:00+00:00,0.159,2024-05-24 05:00:00+00:00,0.16377,initial_sl,False,0.16377,,False,100.0,1.0,100.0,100.0,628.9308176100628,-2.9999999999999973,0.3245,0.0,-3.3244999999999973,True,1.8459119496855327,0.71,False,0.7610062893081637,True,15.0,False,4.735849056603779,2.999999999999998,True,DONCHIAN_55_NO_TRAIL,60,2024-05,False,True,50-75
p16,DOGEUSDT,1,2024-05-26 00:00:00+00:00,0.17417,2024-05-26 09:00:00+00:00,0.1689448999999999,initial_sl,False,0.1689448999999999,,False,100.0,1.0,100.0,100.0,574.1516908767296,-3.0000000000000058,0.3155,0.0,-3.315500000000006,True,1.3447452817034244,0.25,True,-1.1999770339323534,False,9.0,False,0.5109950048802905,3.000000000000006,True,DONCHIAN_55_NO_TRAIL,60,2024-05,False,True,0-25
p17,DOGEUSDT,-1,2024-05-30 07:00:00+00:00,0.16035,2024-06-05 06:00:00+00:00,0.16441,signal_reverse,False,0.1651605,,False,100.0,1.0,100.0,100.0,623.6357966947303,-2.53196133458061,0.3237979420018709,0.0,-2.855759276582481,True,1.1817898347365137,0.29,True,-0.4739632054880038,False,143.0,False,3.816651075771741,2.924851886498285,False,DONCHIAN_55_NO_TRAIL,60,2024-05,False,True,25-50
p18,DOGEUSDT,1,2024-06-05 07:00:00+00:00,0.16441,2024-06-06 19:00:00+00:00,0.1594777,initial_sl,False,0.1594777,,False,100.0,1.0,100.0,100.0,608.2355087890031,-3.0000000000000004,0.3155,0.0,-3.315500000000001,True,0.7685490107483909,0.61,False,-1.167812176874894,False,36.0,False,0.9488473937108484,3.0000000000000004,True,DONCHIAN_55_NO_TRAIL,60,2024-06,False,True,50-75
p19,DOGEUSDT,-1,2024-06-07 18:00:00+00:00,0.15603,2024-06-20 10:00:00+00:00,0.12672,signal_reverse,False,0.1607109,,False,100.0,1.0,100.0,100.0,640.9023905659168,18.784849067487023,0.2918227263987695,0.0,18.493026341088253,True,0.9233572298367538,0.81,False,5.018265718131132,True,304.0,False,27.616484009485355,0.2499519323207084,False,DONCHIAN_55_NO_TRAIL,60,2024-06,True,False,75-100
p20,DOGEUSDT,1,2024-06-20 11:00:00+00:00,0.12672,2024-06-20 14:00:00+00:00,0.1229184,initial_sl,False,0.1229184,,False,100.0,1.0,100.0,100.0,789.1414141414142,-3.0000000000000018,0.3155,0.0,-3.315500000000002,True,1.055194805194803,0.33,True,-2.683080808080806,False,3.0,False,1.6966540404040509,3.0000000000000018,True,DONCHIAN_55_NO_TRAIL,60,2024-06,False,True,25-50
p21,DOGEUSDT,-1,2024-06-24 03:00:00+00:00,0.12017,2024-06-25 03:00:00+00:00,0.1237751,initial_sl,False,0.1237751,,False,100.0,1.0,100.0,100.0,832.1544478655238,-3.0,0.3245,0.0,-3.3245,True,1.510360322875926,1.0,False,1.2731963052342588,True,24.0,False,5.691936423400183,3.0,True,DONCHIAN_55_NO_TRAIL,60,2024-06,False,True,75-100
p22,DOGEUSDT,1,2024-06-25 16:00:00+00:00,0.127,2024-06-26 15:00:00+00:00,0.12319,initial_sl,False,0.12319,,False,100.0,1.0,100.0,100.0,787.4015748031496,-2.999999999999995,0.3155,0.0,-3.3154999999999952,True,1.3245219347581538,0.6,False,-0.6929133858267655,False,23.0,False,1.2598425196850318,2.999999999999995,True,DONCHIAN_55_NO_TRAIL,60,2024-06,False,True,50-75
p23,DOGEUSDT,-1,2024-06-29 23:00:00+00:00,0.12156,2024-06-30 22:00:00+00:00,0.1252068,initial_sl,False,0.1252068,,False,100.0,1.0,100.0,100.0,822.6390259953932,-3.000000000000005,0.3245,0.0,-3.324500000000005,True,0.5417665585483951,0.11,True,0.7403751233958533,True,23.0,False,0.9707140506745644,3.0000000000000044,True,DONCHIAN_55_NO_TRAIL,60,2024-06,False,True,0-25
p24,DOGEUSDT,1,2024-07-01 02:00:00+00:00,0.12705,2024-07-01 14:00:00+00:00,0.1232385,initial_sl,False,0.1232385,,False,100.0,1.0,100.0,100.0,787.0916961826053,-2.999999999999997,0.3155,0.0,-3.315499999999997,True,0.874796199471526,0.5,True,-0.566706021251473,False,12.0,False,0.338449429358531,2.9999999999999964,True,DONCHIAN_55_NO_TRAIL,60,2024-07,False,True,25-50
p25,DOGEUSDT,-1,2024-07-03 11:00:00+00:00,0.1204,2024-07-06 17:00:00+00:00,0.11263,signal_reverse,False,0.124012,,False,100.0,1.0,100.0,100.0,830.5647840531562,6.453488372093023,0.3103197674418604,0.0,6.143168604651163,True,0.9498101566207892,1.0,False,1.303986710963445,True,78.0,False,24.14451827242525,0.0166112956810682,False,DONCHIAN_55_NO_TRAIL,60,2024-07,True,False,75-100
p26,DOGEUSDT,1,2024-07-06 18:00:00+00:00,0.11263,2024-07-07 07:00:00+00:00,0.1092510999999999,initial_sl,False,0.1092510999999999,,False,100.0,1.0,100.0,100.0,887.8629139660837,-3.000000000000004,0.3155,0.0,-3.315500000000004,True,1.5366370289570124,0.43,True,0.6303826689159298,True,13.0,False,1.2962798543904848,3.000000000000004,True,DONCHIAN_55_NO_TRAIL,60,2024-07,False,True,25-50
p27,DOGEUSDT,-1,2024-07-08 01:00:00+00:00,0.10073,2024-07-08 04:00:00+00:00,0.1037519,initial_sl,False,0.1037519,,False,100.0,1.0,100.0,100.0,992.7529038022436,-2.9999999999999942,0.3245,0.0,-3.3244999999999942,True,1.891194281743273,0.71,False,-3.6036930408021473,False,3.0,False,2.0549985108706466,2.9999999999999942,True,DONCHIAN_55_NO_TRAIL,60,2024-07,False,True,50-75
p28,DOGEUSDT,1,2024-07-11 13:00:00+00:00,0.11117,2024-07-11 15:00:00+00:00,0.1078349,initial_sl,False,0.1078349,,False,100.0,1.0,100.0,100.0,899.5232526760816,-2.999999999999994,0.3155,0.0,-3.315499999999994,True,1.031881674141276,0.09,True,-2.8155077808761475,False,2.0,False,0.3508140685436731,2.9999999999999942,True,DONCHIAN_55_NO_TRAIL,60,2024-07,False,True,0-25
p29,DOGEUSDT,-1,2024-07-18 16:00:00+00:00,0.11796,2024-07-19 14:00:00+00:00,0.1214987999999999,initial_sl,False,0.1214987999999999,,False,100.0,1.0,100.0,100.0,847.7449983045101,-2.999999999999996,0.3245,0.0,-3.324499999999996,True,1.3194545366468038,0.71,False,-0.8901322482197438,False,22.0,False,0.779925398440141,2.999999999999996,True,DONCHIAN_55_NO_TRAIL,60,2024-07,False,True,50-75
p30,DOGEUSDT,1,2024-07-20 06:00:00+00:00,0.12657,2024-07-25 01:00:00+00:00,0.1227728999999999,initial_sl,False,0.1227728999999999,,False,100.0,1.0,100.0,100.0,790.0766374338311,-2.9999999999999982,0.3155,0.0,-3.3154999999999983,True,0.9452702626440472,0.0,True,-0.5293513470806532,False,115.0,False,13.778936556846023,2.9999999999999987,True,DONCHIAN_55_NO_TRAIL,60,2024-07,False,True,0-25
p31,DOGEUSDT,-1,2024-07-25 02:00:00+00:00,0.12438,2024-07-26 02:00:00+00:00,0.1281114,initial_sl,False,0.1281114,,False,100.0,1.0,100.0,100.0,803.9877793857534,-3.000000000000008,0.3245,0.0,-3.324500000000008,True,1.7681988376633777,0.62,False,0.6673098568901858,True,24.0,False,3.650104518411322,3.0000000000000075,True,DONCHIAN_55_NO_TRAIL,60,2024-07,False,True,50-75
p32,DOGEUSDT,1,2024-07-27 10:00:00+00:00,0.13547,2024-07-27 19:00:00+00:00,0.1314059,initial_sl,False,0.1314059,,False,100.0,1.0,100.0,100.0,738.1708127260648,-2.9999999999999907,0.3155,0.0,-3.315499999999991,True,0.8810595914751818,0.0,True,-0.7307891045988169,False,9.0,False,2.3842917251051765,2.9999999999999902,True,DONCHIAN_55_NO_TRAIL,60,2024-07,False,True,0-25
p33,DOGEUSDT,-1,2024-07-30 15:00:00+00:00,0.12683,2024-08-08 16:00:00+00:00,0.10382,signal_reverse,False,0.1306349,,False,100.0,1.0,100.0,100.0,788.4569896712135,18.142395332334623,0.292786407001498,0.0,17.849608925333126,True,1.0238677194444727,0.41,True,1.0801860758495652,True,217.0,False,36.60805803043444,1.024994086572574,False,DONCHIAN_55_NO_TRAIL,60,2024-07,True,False,25-50
p34,DOGEUSDT,1,2024-08-08 17:00:00+00:00,0.10382,2024-08-11 20:00:00+00:00,0.10138,signal_reverse,False,0.1007054,,False,100.0,1.0,100.0,100.0,963.2055480639568,-2.350221537276053,0.3164746676940859,0.0,-2.6666962049701386,True,1.6319454000055016,0.06,True,3.5542284723560025,True,75.0,False,6.838759391254103,2.465806203043723,False,DONCHIAN_55_NO_TRAIL,60,2024-08,False,True,0-25
p35,DOGEUSDT,-1,2024-08-11 21:00:00+00:00,0.10138,2024-08-12 10:00:00+00:00,0.1044214,initial_sl,False,0.1044214,,False,100.0,1.0,100.0,100.0,986.3878477017164,-3.0,0.3245,0.0,-3.3245,True,1.52960572668602,0.65,False,-0.7397908857762925,False,13.0,False,1.3809429867824017,3.0,True,DONCHIAN_55_NO_TRAIL,60,2024-08,False,True,50-75
p36,DOGEUSDT,1,2024-08-21 19:00:00+00:00,0.10571,2024-08-26 12:00:00+00:00,0.10729,signal_reverse,False,0.1025387,,False,100.0,1.0,100.0,100.0,945.9842966606756,1.4946551887238655,0.3222419827830858,0.0,1.1724132059407797,True,1.019635931186399,0.69,False,-0.0094598429666081,False,113.0,False,9.157127991675347,1.693311891022609,False,DONCHIAN_55_NO_TRAIL,60,2024-08,True,False,50-75
p37,DOGEUSDT,-1,2024-08-26 13:00:00+00:00,0.10729,2024-09-09 01:00:00+00:00,0.09709,signal_reverse,False,0.1105087,,False,100.0,1.0,100.0,100.0,932.0533134495294,9.5069437971852,0.3057395843042222,0.0,9.201204212880976,True,1.0705298057334565,0.66,False,1.53788796719172,True,324.0,False,17.18706310000932,0.493988256128253,False,DONCHIAN_55_NO_TRAIL,60,2024-08,True,False,50-75
p38,DOGEUSDT,1,2024-09-09 02:00:00+00:00,0.09709,2024-09-15 21:00:00+00:00,0.10402,signal_reverse,False,0.0941772999999999,,False,100.0,1.0,100.0,100.0,1029.9721907508497,7.137707281903394,0.3307065609228551,0.0,6.807000720980539,True,0.8879831673116263,0.5,True,0.020599443815028,True,163.0,False,11.690184365022144,1.1535688536409476,False,DONCHIAN_55_NO_TRAIL,60,2024-09,True,False,25-50
p39,DOGEUSDT,-1,2024-09-15 22:00:00+00:00,0.10402,2024-09-18 23:00:00+00:00,0.10382,signal_reverse,False,0.1071406,,False,100.0,1.0,100.0,100.0,961.3535858488752,0.1922707171697805,0.3197115939242453,0.0,-0.1274408767544648,True,0.8906254291757104,0.69,False,2.4899057873485786,True,73.0,False,5.527783118631038,0.0576812151509368,False,DONCHIAN_55_NO_TRAIL,60,2024-09,False,True,50-75
p40,DOGEUSDT,1,2024-09-19 00:00:00+00:00,0.10382,2024-09-30 10:00:00+00:00,0.11994,signal_reverse,False,0.1007054,,False,100.0,1.0,100.0,100.0,963.2055480639568,15.526873434790994,0.3432903101521865,0.0,15.183583124638808,True,1.290007430442796,1.0,False,0.2311693315353524,True,274.0,False,27.2394528992487,0.4045463301868521,False,DONCHIAN_55_NO_TRAIL,60,2024-09,True,False,75-100
p41,DOGEUSDT,-1,2024-09-30 11:00:00+00:00,0.11994,2024-10-04 12:00:00+00:00,0.10992,signal_reverse,False,0.1235382,,False,100.0,1.0,100.0,100.0,833.750208437552,8.354177088544272,0.3074687343671836,0.0,8.046708354177088,True,1.3471021224898163,0.34,True,2.4012006003001574,True,97.0,False,15.824578956144746,0.933800233450055,False,DONCHIAN_55_NO_TRAIL,60,2024-09,True,False,25-50
p42,DOGEUSDT,1,2024-10-04 13:00:00+00:00,0.10992,2024-10-04 14:00:00+00:00,0.1066224,initial_sl,False,0.1066224,,False,100.0,1.0,100.0,100.0,909.7525473071324,-2.999999999999998,0.3155,0.0,-3.315499999999998,True,1.0982012892493231,0.05,True,-0.463973799126649,False,1.0,False,0.3275109170305669,2.999999999999998,True,DONCHIAN_55_NO_TRAIL,60,2024-10,False,True,0-25
p43,DOGEUSDT,-1,2024-10-08 06:00:00+00:00,0.10787,2024-10-09 12:00:00+00:00,0.1111061,initial_sl,False,0.1111061,,False,100.0,1.0,100.0,100.0,927.0418095856124,-3.0000000000000053,0.3245,0.0,-3.3245000000000053,True,1.430293077646375,0.91,False,-0.0741633447668643,False,30.0,False,2.586446648743846,3.0000000000000053,True,DONCHIAN_55_NO_TRAIL,60,2024-10,False,True,75-100
p44,DOGEUSDT,1,2024-10-12 11:00:00+00:00,0.11171,2024-10-22 16:00:00+00:00,0.13681,signal_reverse,False,0.1083587,,False,100.0,1.0,100.0,100.0,895.1750067138125,22.46889266851668,0.353703339002775,0.0,22.115189329513907,True,0.6956788623604486,0.14,True,-0.4654910034911919,False,245.0,False,34.12407125593052,2.7839942708799583,False,DONCHIAN_55_NO_TRAIL,60,2024-10,True,False,0-25
p45,DOGEUSDT,-1,2024-10-22 17:00:00+00:00,0.13681,2024-10-22 22:00:00+00:00,0.1409143,initial_sl,False,0.1409143,,False,100.0,1.0,100.0,100.0,730.9407207075507,-3.000000000000004,0.3245,0.0,-3.324500000000004,True,1.6065032840122364,0.24,True,-2.9164534756231486,False,5.0,False,0.4678020612528134,3.000000000000004,True,DONCHIAN_55_NO_TRAIL,60,2024-10,False,True,0-25
p46,DOGEUSDT,1,2024-10-27 16:00:00+00:00,0.141,2024-10-31 18:00:00+00:00,0.16349,signal_reverse,False,0.1367699999999999,,False,100.0,1.0,100.0,100.0,709.2198581560284,15.950354609929086,0.3439255319148936,0.0,15.606429078014193,True,0.7877406281661605,0.04,True,0.1631205673758851,True,98.0,False,27.574468085106403,0.446808510638292,False,DONCHIAN_55_NO_TRAIL,60,2024-10,True,False,0-25
p47,DOGEUSDT,-1,2024-10-31 19:00:00+00:00,0.16349,2024-11-01 14:00:00+00:00,0.1683947,initial_sl,False,0.1683947,,False,100.0,1.0,100.0,100.0,611.6582053948254,-3.000000000000007,0.3245,0.0,-3.324500000000007,True,1.7952168328338132,0.58,False,0.0856321487552769,True,19.0,False,5.743470548657416,3.000000000000007,True,DONCHIAN_55_NO_TRAIL,60,2024-10,False,True,50-75
p48,DOGEUSDT,1,2024-11-05 01:00:00+00:00,0.16451,2024-11-17 02:00:00+00:00,0.34938,signal_reverse,False,0.1595746999999999,,False,100.0,1.0,100.0,100.0,607.8657832350617,112.37614734666587,0.4885642210199988,0.0,111.88758312564588,True,2.7323566956416028,1.0,False,2.9177557595283066,True,289.0,False,167.65546167406237,2.76578931371953,False,DONCHIAN_55_NO_TRAIL,60,2024-11,True,False,75-100
p49,DOGEUSDT,-1,2024-11-17 03:00:00+00:00,0.34938,2024-11-17 07:00:00+00:00,0.3598614,initial_sl,False,0.3598614,,False,100.0,1.0,100.0,100.0,286.221306314042,-2.9999999999999925,0.3245,0.0,-3.3244999999999925,True,2.2828193616447088,0.2,True,-4.980250729864322,False,4.0,False,1.1964050603927003,2.9999999999999925,True,DONCHIAN_55_NO_TRAIL,60,2024-11,False,True,0-25
p50,DOGEUSDT,1,2024-11-19 05:00:00+00:00,0.38712,2024-11-20 16:00:00+00:00,0.3755064,initial_sl,False,0.3755064,,False,100.0,1.0,100.0,100.0,258.3178342632775,-3.0000000000000004,0.3155,0.0,-3.315500000000001,True,2.3217237918105877,0.43,True,-0.5734655920644816,False,35.0,False,8.632982021078735,3.0000000000000004,True,DONCHIAN_55_NO_TRAIL,60,2024-11,False,True,25-50
p51,DOGEUSDT,-1,2024-11-26 11:00:00+00:00,0.37758,2024-11-26 16:00:00+00:00,0.3889074,initial_sl,False,0.3889074,,False,100.0,1.0,100.0,100.0,264.844536257217,-2.9999999999999964,0.3245,0.0,-3.3244999999999965,True,2.5850718485391915,0.4,True,-2.9450712431802417,False,5.0,False,3.3847131733672366,2.9999999999999964,True,DONCHIAN_55_NO_TRAIL,60,2024-11,False,True,25-50
p52,DOGEUSDT,1,2024-11-28 02:00:00+00:00,0.412,2024-11-28 08:00:00+00:00,0.39964,initial_sl,False,0.39964,,False,100.0,1.0,100.0,100.0,242.71844660194176,-2.999999999999996,0.3155,0.0,-3.315499999999996,True,1.6683425797503475,0.07,True,-2.1577669902912544,False,6.0,False,4.230582524271846,2.999999999999996,True,DONCHIAN_55_NO_TRAIL,60,2024-11,False,True,0-25
p53,DOGEUSDT,-1,2024-12-02 09:00:00+00:00,0.40976,2024-12-02 14:00:00+00:00,0.4220528,initial_sl,False,0.4220528,,False,100.0,1.0,100.0,100.0,244.04529480671613,-2.9999999999999982,0.3245,0.0,-3.3244999999999982,True,3.297574887041892,1.0,False,-3.1286606794221017,False,5.0,False,1.347130027333079,2.9999999999999982,True,DONCHIAN_55_NO_TRAIL,60,2024-12,False,True,75-100
p54,DOGEUSDT,1,2024-12-05 05:00:00+00:00,0.46408,2024-12-05 05:00:00+00:00,0.4501576,initial_sl,False,0.4501576,,False,100.0,1.0,100.0,100.0,215.4800896397173,-3.0000000000000004,0.3155,0.0,-3.315500000000001,True,3.192029699312927,0.92,False,-4.61989312187554,False,0.0,False,0.0,3.0000000000000004,True,DONCHIAN_55_NO_TRAIL,60,2024-12,False,True,75-100
p55,DOGEUSDT,-1,2024-12-09 21:00:00+00:00,0.41552,2024-12-24 13:00:00+00:00,0.33374,signal_reverse,False,0.4279856,,False,100.0,1.0,100.0,100.0,240.66230265691183,19.681363111282256,0.2904779553330766,0.0,19.390885155949174,True,2.556865064084934,0.91,False,4.6134963419330095,True,352.0,False,36.98257604928763,2.30073161340008,False,DONCHIAN_55_NO_TRAIL,60,2024-12,True,False,75-100
p56,DOGEUSDT,1,2024-12-24 14:00:00+00:00,0.33374,2024-12-26 05:00:00+00:00,0.3237278,initial_sl,False,0.3237278,,False,100.0,1.0,100.0,100.0,299.6344459759094,-2.999999999999991,0.3155,0.0,-3.3154999999999912,True,1.3487830561001295,0.02,True,-0.5962725474920605,False,39.0,False,2.5109366572781204,2.999999999999992,True,DONCHIAN_55_NO_TRAIL,60,2024-12,False,True,0-25
p57,DOGEUSDT,-1,2024-12-30 15:00:00+00:00,0.31015,2024-12-30 17:00:00+00:00,0.3194545,initial_sl,False,0.3194545,,False,100.0,1.0,100.0,100.0,322.42463324197973,-2.9999999999999982,0.3245,0.0,-3.3244999999999982,True,1.4808502798185164,0.93,False,-3.4015798807028874,False,2.0,False,1.189746896662896,2.9999999999999982,True,DONCHIAN_55_NO_TRAIL,60,2024-12,False,True,75-100
p58,DOGEUSDT,1,2025-01-02 01:00:00+00:00,0.33383,2025-01-07 15:00:00+00:00,0.36372,signal_reverse,False,0.3238151,,False,100.0,1.0,100.0,100.0,299.5536650390917,8.953659048018444,0.3334304885720277,0.0,8.620228559446417,True,1.200568296095961,0.58,False,-0.7518796992481258,False,134.0,False,19.447023934337828,1.4049066890333486,False,DONCHIAN_55_NO_TRAIL,60,2025-01,True,False,50-75
p59,DOGEUSDT,-1,2025-01-07 16:00:00+00:00,0.36372,2025-01-11 20:00:00+00:00,0.34324,signal_reverse,False,0.3746316,,False,100.0,1.0,100.0,100.0,274.93676454415487,5.630704937864291,0.3115539425932036,0.0,5.319150995271087,True,1.78139385084288,0.88,False,4.261519850434404,True,100.0,False,13.664357197844488,1.520400307929186,False,DONCHIAN_55_NO_TRAIL,60,2025-01,True,False,75-100
p60,DOGEUSDT,1,2025-01-11 21:00:00+00:00,0.34324,2025-01-12 22:00:00+00:00,0.3329428,initial_sl,False,0.3329428,,False,100.0,1.0,100.0,100.0,291.341335508682,-3.000000000000002,0.3155,0.0,-3.3155000000000023,True,0.9508132585279784,0.12,True,-0.8041020860039549,False,25.0,False,1.4275725439925462,3.0000000000000018,True,DONCHIAN_55_NO_TRAIL,60,2025-01,False,True,0-25
p61,DOGEUSDT,-1,2025-01-13 07:00:00+00:00,0.32678,2025-01-13 22:00:00+00:00,0.3365834,initial_sl,False,0.3365834,,False,100.0,1.0,100.0,100.0,306.0162800660995,-3.0000000000000053,0.3245,0.0,-3.3245000000000053,True,1.4520472489136431,0.59,False,3.066283126262326,True,15.0,False,5.361405226758074,3.0000000000000053,True,DONCHIAN_55_NO_TRAIL,60,2025-01,False,True,50-75
p62,DOGEUSDT,1,2025-01-14 10:00:00+00:00,0.35398,2025-01-19 11:00:00+00:00,0.36289,signal_reverse,False,0.3433606,,False,100.0,1.0,100.0,100.0,282.5018362619357,2.5170913610938395,0.3237756370416408,0.0,2.1933157240521988,True,1.3134317515921017,0.53,False,-0.316402056613374,False,121.0,False,22.60579693768009,2.607491948697671,False,DONCHIAN_55_NO_TRAIL,60,2025-01,True,False,50-75
p63,DOGEUSDT,-1,2025-01-19 12:00:00+00:00,0.36289,2025-01-19 12:00:00+00:00,0.3737766999999999,initial_sl,False,0.3737766999999999,,False,100.0,1.0,100.0,100.0,275.5655983906969,-2.999999999999992,0.3245,0.0,-3.324499999999992,True,2.5432736405758534,0.86,False,-8.462619526578298,False,0.0,False,0.0,2.999999999999992,True,DONCHIAN_55_NO_TRAIL,60,2025-01,False,True,75-100
p64,DOGEUSDT,1,2025-01-31 16:00:00+00:00,0.33943,2025-01-31 18:00:00+00:00,0.3292471,initial_sl,False,0.3292471,,False,100.0,1.0,100.0,100.0,294.611554665174,-2.9999999999999987,0.3155,0.0,-3.315499999999999,True,1.1056350772934476,0.34,True,-3.4940930383289714,False,2.0,False,0.4330789853577972,2.9999999999999982,True,DONCHIAN_55_NO_TRAIL,60,2025-01,False,True,25-50
p65,DOGEUSDT,-1,2025-02-01 10:00:00+00:00,0.32098,2025-02-11 04:00:00+00:00,0.26125,signal_reverse,False,0.3306094,,False,100.0,1.0,100.0,100.0,311.54589070970155,18.608636052090475,0.2920870459218643,0.0,18.31654900616861,True,1.0218705215278214,0.28,True,-0.2710449249174518,False,234.0,False,37.690821858059685,1.638731385133026,False,DONCHIAN_55_NO_TRAIL,60,2025-02,True,False,25-50
p66,DOGEUSDT,1,2025-02-11 05:00:00+00:00,0.26125,2025-02-11 18:00:00+00:00,0.2534125,initial_sl,False,0.2534125,,False,100.0,1.0,100.0,100.0,382.7751196172249,-2.999999999999999,0.3155,0.0,-3.3154999999999992,True,1.1600820232399194,0.34,True,1.244019138756003,True,13.0,False,3.311004784688992,2.999999999999999,True,DONCHIAN_55_NO_TRAIL,60,2025-02,False,True,25-50
p67,DOGEUSDT,-1,2025-02-17 05:00:00+00:00,0.2626,2025-02-21 13:00:00+00:00,0.26064,signal_reverse,False,0.270478,,False,100.0,1.0,100.0,100.0,380.8073115003808,0.746382330540753,0.3188804265041889,0.0,0.4275019040365641,True,0.9944510934609968,0.17,True,-0.0114242193449909,False,104.0,False,7.905559786747906,2.3229246001523207,False,DONCHIAN_55_NO_TRAIL,60,2025-02,True,False,0-25
p68,DOGEUSDT,1,2025-02-21 14:00:00+00:00,0.26064,2025-02-21 15:00:00+00:00,0.2528207999999999,initial_sl,False,0.2528207999999999,,False,100.0,1.0,100.0,100.0,383.670963781461,-3.00000000000001,0.3155,0.0,-3.3155000000000103,True,0.9032710690169252,0.2,True,-8.011049723756901,False,1.0,False,0.1112645794966284,3.00000000000001,True,DONCHIAN_55_NO_TRAIL,60,2025-02,False,True,0-25
p69,DOGEUSDT,-1,2025-02-21 18:00:00+00:00,0.24599,2025-02-28 23:00:00+00:00,0.20171,end_of_data,False,0.2533697,,False,100.0,1.0,100.0,100.0,406.5205902678971,18.000731737062477,0.2929989023944063,0.0,17.70773283466807,True,1.5592968355275736,0.95,False,2.6667750721574013,True,173.0,False,26.269360543111503,0.7886499451197305,False,DONCHIAN_55_NO_TRAIL,60,2025-02,True,False,75-100
p2,ETHUSDT,-1,2024-03-17 00:00:00+00:00,3525.22,2024-03-17 12:00:00+00:00,3630.9766,initial_sl,False,3630.9766,,False,100.0,1.0,100.0,100.0,0.0283670239020543,-3.000000000000005,0.3245,0.0,-3.324500000000005,True,3.743373260594881,0.88,False,-3.436381275494882,False,3.0,False,3.211714446190587,3.000000000000005,True,DONCHIAN_55_NO_TRAIL,240,2024-03,False,True,75-100
p3,ETHUSDT,1,2024-04-08 20:00:00+00:00,3706.0,2024-04-09 08:00:00+00:00,3594.82,initial_sl,False,3594.82,,False,100.0,1.0,100.0,100.0,0.0269832703723691,-2.999999999999996,0.3155,0.0,-3.315499999999996,True,1.668818903708272,0.24,True,-5.008904479222887,False,3.0,False,0.7477064220183496,2.999999999999996,True,DONCHIAN_55_NO_TRAIL,240,2024-04,False,True,0-25
p4,ETHUSDT,-1,2024-04-12 20:00:00+00:00,3205.36,2024-04-13 08:00:00+00:00,3301.5208,initial_sl,False,3301.5208,,False,100.0,1.0,100.0,100.0,0.0311977437791698,-3.000000000000003,0.3245,0.0,-3.324500000000003,True,2.859607478901409,1.0,False,3.864464521925781,True,3.0,False,1.965145880649919,3.000000000000003,True,DONCHIAN_55_NO_TRAIL,240,2024-04,False,True,75-100
p5,ETHUSDT,1,2024-04-24 12:00:00+00:00,3280.6,2024-04-24 12:00:00+00:00,3182.182,initial_sl,False,3182.182,,False,100.0,1.0,100.0,100.0,0.0304822288605742,-3.000000000000004,0.3155,0.0,-3.315500000000004,True,1.39473615453619,0.04,True,-5.197220020727911,False,0.0,False,0.0,3.000000000000004,True,DONCHIAN_55_NO_TRAIL,240,2024-04,False,True,0-25
p6,ETHUSDT,-1,2024-04-30 12:00:00+00:00,3005.32,2024-05-03 20:00:00+00:00,3095.4796,initial_sl,False,3095.4796,,False,100.0,1.0,100.0,100.0,0.0332743268603676,-2.9999999999999982,0.3245,0.0,-3.3244999999999982,True,2.3222865737140426,0.55,False,3.365698161926189,True,20.0,False,6.346745105346526,2.9999999999999982,True,DONCHIAN_55_NO_TRAIL,240,2024-04,False,True,50-75
p7,ETHUSDT,1,2024-05-17 16:00:00+00:00,3111.09,2024-06-07 16:00:00+00:00,3688.68,signal_reverse,False,3017.7573,,False,100.0,1.0,100.0,100.0,0.032143075256582,18.565518837449243,0.3478482782561738,0.0,18.21767055919307,True,1.707761588382209,0.6,False,-0.0157501068757337,False,126.0,False,27.97958271859701,2.0909070454406717,False,DONCHIAN_55_NO_TRAIL,240,2024-05,True,False,50-75
p8,ETHUSDT,-1,2024-06-07 20:00:00+00:00,3688.68,2024-07-14 20:00:00+00:00,3243.4,signal_reverse,False,3799.3404,,False,100.0,1.0,100.0,100.0,0.0271099688777557,12.071526941887065,0.3018927095871694,0.0,11.769634232299897,True,1.5912002590163896,0.47,True,0.1569667198022095,True,222.0,False,24.0142815316048,0.9897849637268676,False,DONCHIAN_55_NO_TRAIL,240,2024-06,True,False,25-50
p9,ETHUSDT,1,2024-07-15 00:00:00+00:00,3243.4,2024-07-24 20:00:00+00:00,3334.46,signal_reverse,False,3146.098,,False,100.0,1.0,100.0,100.0,0.0308318431275821,2.80754763519763,0.3242113214527964,0.0,2.4833363137448337,True,1.1491027933649898,0.19,True,7.327804156132456,True,59.0,False,9.862489979650986,0.4082136030091952,False,DONCHIAN_55_NO_TRAIL,240,2024-07,True,False,0-25
p10,ETHUSDT,-1,2024-07-25 00:00:00+00:00,3334.46,2024-08-23 20:00:00+00:00,2761.55,signal_reverse,False,3434.4938,,False,100.0,1.0,100.0,100.0,0.0299898634261619,17.181492655482444,0.2942277610167763,0.0,16.887264894465666,True,2.0073286657681138,0.78,False,4.811873586727677,True,179.0,False,37.413554218674086,1.859071633787773,False,DONCHIAN_55_NO_TRAIL,240,2024-07,True,False,75-100
p11,ETHUSDT,1,2024-08-24 00:00:00+00:00,2761.55,2024-08-26 16:00:00+00:00,2678.7035,initial_sl,False,2678.7035,,False,100.0,1.0,100.0,100.0,0.0362115478626133,-3.000000000000004,0.3155,0.0,-3.315500000000004,True,1.6882082267463667,0.18,True,0.1828683167061973,True,16.0,False,2.065868805562084,3.000000000000004,True,DONCHIAN_55_NO_TRAIL,240,2024-08,False,True,0-25
p12,ETHUSDT,-1,2024-08-28 00:00:00+00:00,2456.0,2024-08-28 08:00:00+00:00,2529.68,initial_sl,False,2529.68,,False,100.0,1.0,100.0,100.0,0.0407166123778501,-2.9999999999999933,0.3245,0.0,-3.3244999999999933,True,2.144747557003258,0.74,False,-2.904315960912052,False,2.0,False,1.5855048859934875,2.9999999999999933,True,DONCHIAN_55_NO_TRAIL,240,2024-08,False,True,50-75
p13,ETHUSDT,1,2024-09-20 04:00:00+00:00,2519.74,2024-10-01 16:00:00+00:00,2444.1478,initial_sl,False,2444.1478,,False,100.0,1.0,100.0,100.0,0.0396866343352885,-3.000000000000002,0.3155,0.0,-3.3155000000000023,True,1.8490569888730048,0.49,True,0.9191424512053016,True,69.0,False,8.263551001293795,3.000000000000002,True,DONCHIAN_55_NO_TRAIL,240,2024-09,False,True,25-50
p14,ETHUSDT,-1,2024-10-02 20:00:00+00:00,2370.72,2024-10-06 12:00:00+00:00,2441.8416,initial_sl,False,2441.8416,,False,100.0,1.0,100.0,100.0,0.0421812782614564,-2.999999999999998,0.3245,0.0,-3.324499999999998,True,2.5569688292405424,1.0,False,0.7778227711412344,True,22.0,False,2.621988256732126,2.999999999999998,True,DONCHIAN_55_NO_TRAIL,240,2024-10,False,True,75-100
p15,ETHUSDT,1,2024-10-14 08:00:00+00:00,2534.99,2024-10-23 16:00:00+00:00,2458.9403,initial_sl,False,2458.9403,,False,100.0,1.0,100.0,100.0,0.0394478873683919,-3.0000000000000018,0.3155,0.0,-3.315500000000002,True,1.1529490395284747,0.2,True,3.156225468345042,True,56.0,False,9.297078094982636,3.0000000000000013,True,DONCHIAN_55_NO_TRAIL,240,2024-10,False,True,0-25
p16,ETHUSDT,-1,2024-10-23 20:00:00+00:00,2511.6,2024-10-28 20:00:00+00:00,2586.948,initial_sl,False,2586.948,,False,100.0,1.0,100.0,100.0,0.0398152572065615,-2.9999999999999987,0.3245,0.0,-3.3244999999999987,True,1.625600072805043,0.68,False,-1.0901417423156534,False,30.0,False,5.207437490046185,2.9999999999999982,True,DONCHIAN_55_NO_TRAIL,240,2024-10,False,True,50-75
p17,ETHUSDT,1,2024-11-07 04:00:00+00:00,2855.08,2024-12-19 16:00:00+00:00,3437.9,signal_reverse,False,2769.4276,,False,100.0,1.0,100.0,100.0,0.0350252882581223,20.413438502598883,0.3506201577538983,0.0,20.062818344844985,True,2.704777849607414,1.0,False,1.7256959524776905,True,255.0,False,43.998066604088166,2.8493071997982518,False,DONCHIAN_55_NO_TRAIL,240,2024-11,True,False,75-100
p18,ETHUSDT,-1,2024-12-19 20:00:00+00:00,3437.9,2024-12-21 04:00:00+00:00,3541.0370000000003,initial_sl,False,3541.0370000000003,,False,100.0,1.0,100.0,100.0,0.0290875243608016,-3.000000000000005,0.3245,0.0,-3.324500000000005,True,3.0840878775664557,0.92,False,-1.1588469705343218,False,8.0,False,9.82867448151488,3.000000000000005,True,DONCHIAN_55_NO_TRAIL,240,2024-12,False,True,75-100
p19,ETHUSDT,1,2025-01-03 16:00:00+00:00,3564.09,2025-01-07 12:00:00+00:00,3457.1673,initial_sl,False,3457.1673,,False,100.0,1.0,100.0,100.0,0.0280576528651072,-3.000000000000002,0.3155,0.0,-3.3155000000000023,True,1.4345076262704564,0.13,True,1.1949754355249145,True,23.0,False,5.068334413552964,3.000000000000002,True,DONCHIAN_55_NO_TRAIL,240,2025-01,False,True,0-25
p20,ETHUSDT,-1,2025-01-08 20:00:00+00:00,3279.29,2025-01-15 16:00:00+00:00,3377.6687,initial_sl,False,3377.6687,,False,100.0,1.0,100.0,100.0,0.0304944058012557,-3.000000000000006,0.3245,0.0,-3.3245000000000062,True,2.546827427365593,0.88,False,2.6118458568775598,True,41.0,False,11.308850391395696,3.000000000000006,True,DONCHIAN_55_NO_TRAIL,240,2025-01,False,True,75-100
p4,ETHUSDT,-1,2024-03-05 20:00:00+00:00,3374.98,2024-03-05 21:00:00+00:00,3476.2294,initial_sl,False,3476.2294,,False,100.0,1.0,100.0,100.0,0.0296298052136605,-3.0000000000000044,0.3245,0.0,-3.3245000000000045,True,2.6558464261798798,1.0,False,-4.347581319000415,False,1.0,False,1.4604530989813262,3.0000000000000044,True,DONCHIAN_55_NO_TRAIL,60,2024-03,False,True,75-100
p5,ETHUSDT,1,2024-03-06 09:00:00+00:00,3830.59,2024-03-11 00:00:00+00:00,3715.6723,initial_sl,False,3715.6723,,False,100.0,1.0,100.0,100.0,0.0261056390790974,-2.999999999999999,0.3155,0.0,-3.3154999999999992,True,2.9290340577896807,0.89,False,-1.1964214389950325,False,111.0,False,4.422556316389899,2.999999999999999,True,DONCHIAN_55_NO_TRAIL,60,2024-03,False,True,75-100
p6,ETHUSDT,-1,2024-03-14 19:00:00+00:00,3816.8,2024-03-15 00:00:00+00:00,3931.304,initial_sl,False,3931.304,,False,100.0,1.0,100.0,100.0,0.026199958080067,-2.9999999999999973,0.3245,0.0,-3.3244999999999973,True,1.4424948348654063,0.93,False,-2.380790190735693,False,5.0,False,2.431356109830229,2.9999999999999973,True,DONCHIAN_55_NO_TRAIL,60,2024-03,False,True,75-100
p7,ETHUSDT,1,2024-03-21 09:00:00+00:00,3572.15,2024-03-21 17:00:00+00:00,3464.9855,initial_sl,False,3464.9855,,False,100.0,1.0,100.0,100.0,0.0279943451422812,-2.999999999999996,0.3155,0.0,-3.315499999999996,True,1.442368641534408,0.28,True,-1.1239729574625934,False,8.0,False,0.5223744803549643,2.999999999999996,True,DONCHIAN_55_NO_TRAIL,60,2024-03,False,True,25-50
p8,ETHUSDT,-1,2024-04-01 16:00:00+00:00,3446.03,2024-04-04 17:00:00+00:00,3413.94,signal_reverse,False,3549.4109000000003,,False,100.0,1.0,100.0,100.0,0.0290189000095762,0.9312165013073056,0.318603175248039,0.0,0.6126133260592665,True,1.0510023749896873,1.0,False,-1.4663250174838716,False,73.0,False,7.075388200334882,2.109964219696276,False,DONCHIAN_55_NO_TRAIL,60,2024-04,True,False,75-100
p9,ETHUSDT,1,2024-04-04 18:00:00+00:00,3413.94,2024-04-04 20:00:00+00:00,3311.5218,initial_sl,False,3311.5218,,False,100.0,1.0,100.0,100.0,0.0292916688635418,-3.000000000000002,0.3155,0.0,-3.3155000000000023,True,0.8066507152607083,0.24,True,-2.480711436053362,False,2.0,False,0.9382121536992374,3.0000000000000018,True,DONCHIAN_55_NO_TRAIL,60,2024-04,False,True,0-25
p10,ETHUSDT,-1,2024-04-12 18:00:00+00:00,3325.01,2024-04-20 17:00:00+00:00,3152.9,signal_reverse,False,3424.7603000000004,,False,100.0,1.0,100.0,100.0,0.0300750975185037,5.176225033909676,0.3122356624491355,0.0,4.86398937146054,True,1.142338132602823,0.73,False,2.6297665270179627,True,191.0,False,16.053786304402106,0.5034571324597454,False,DONCHIAN_55_NO_TRAIL,60,2024-04,True,False,50-75
p11,ETHUSDT,1,2024-04-20 18:00:00+00:00,3152.9,2024-04-24 18:00:00+00:00,3128.26,signal_reverse,False,3058.313,,False,100.0,1.0,100.0,100.0,0.0317168321228075,-0.7815027435059745,0.318827745884741,0.0,-1.1003304893907155,True,0.7938043433936081,0.04,True,0.0256906340194706,True,96.0,False,4.441308002156736,1.20206793745441,False,DONCHIAN_55_NO_TRAIL,60,2024-04,False,True,0-25
p12,ETHUSDT,-1,2024-04-24 19:00:00+00:00,3128.26,2024-04-27 17:00:00+00:00,3222.1078,initial_sl,False,3222.1078,,False,100.0,1.0,100.0,100.0,0.0319666523882286,-3.0000000000000004,0.3245,0.0,-3.3245000000000005,True,0.988477391813428,0.99,False,-0.8682142788642766,False,70.0,False,2.084225735712513,3.0,True,DONCHIAN_55_NO_TRAIL,60,2024-04,False,True,75-100
p13,ETHUSDT,1,2024-04-27 18:00:00+00:00,3256.62,2024-04-29 06:00:00+00:00,3158.9214,initial_sl,False,3158.9214,,False,100.0,1.0,100.0,100.0,0.030706683616756,-3.0000000000000053,0.3155,0.0,-3.315500000000005,True,0.777909962739633,0.37,True,-0.0776879095503835,False,36.0,False,3.280702077614218,3.0000000000000053,True,DONCHIAN_55_NO_TRAIL,60,2024-04,False,True,25-50
p14,ETHUSDT,-1,2024-04-30 09:00:00+00:00,3064.18,2024-05-03 13:00:00+00:00,3059.48,signal_reverse,False,3156.1054,,False,100.0,1.0,100.0,100.0,0.0326351585089648,0.153385244992129,0.3197699221325118,0.0,-0.1663846771403828,True,1.209272487722188,0.96,False,1.4666240233928818,True,76.0,False,8.145735563837631,0.2548805879550139,False,DONCHIAN_55_NO_TRAIL,60,2024-04,False,True,75-100
p15,ETHUSDT,1,2024-05-03 14:00:00+00:00,3059.48,2024-05-07 23:00:00+00:00,3004.71,signal_reverse,False,2967.6956,,False,100.0,1.0,100.0,100.0,0.0326852929255952,-1.7901734935348486,0.3173147397596977,0.0,-2.1074882332945464,True,0.915561748121527,0.14,True,0.377515133290629,True,105.0,False,5.291748924653866,2.0088381032070823,False,DONCHIAN_55_NO_TRAIL,60,2024-05,False,True,0-25
p16,ETHUSDT,-1,2024-05-08 00:00:00+00:00,3004.71,2024-05-13 08:00:00+00:00,2971.81,signal_reverse,False,3094.8513000000003,,False,100.0,1.0,100.0,100.0,0.0332810820345391,1.0949475989363395,0.3183575786015954,0.0,0.776590020334744,True,1.0017605692396272,0.81,False,-0.6556373160804041,False,128.0,False,4.730573000389384,1.7955143757633787,False,DONCHIAN_55_NO_TRAIL,60,2024-05,True,False,75-100
p17,ETHUSDT,1,2024-05-13 09:00:00+00:00,2971.81,2024-05-14 06:00:00+00:00,2882.6557,initial_sl,False,2882.6557,,False,100.0,1.0,100.0,100.0,0.0336495267194066,-3.0000000000000053,0.3155,0.0,-3.315500000000005,True,0.82280303441818,0.79,False,-0.7177444049249471,False,21.0,False,0.8180199945487748,3.000000000000005,True,DONCHIAN_55_NO_TRAIL,60,2024-05,False,True,75-100
p18,ETHUSDT,-1,2024-05-30 07:00:00+00:00,3741.27,2024-05-31 12:00:00+00:00,3853.5081,initial_sl,False,3853.5081,,False,100.0,1.0,100.0,100.0,0.0267288915261395,-3.000000000000001,0.3245,0.0,-3.324500000000001,True,0.7709375998753674,0.18,True,-0.6663512657466564,False,29.0,False,1.068086505384536,3.000000000000001,True,DONCHIAN_55_NO_TRAIL,60,2024-05,False,True,0-25
p19,ETHUSDT,1,2024-06-05 20:00:00+00:00,3879.61,2024-06-06 20:00:00+00:00,3763.2217,initial_sl,False,3763.2217,,False,100.0,1.0,100.0,100.0,0.0257757867414508,-3.0000000000000018,0.3155,0.0,-3.315500000000002,True,0.6853045243502037,0.86,False,-0.4126703457306369,False,24.0,False,0.2953905160570272,3.0000000000000018,True,DONCHIAN_55_NO_TRAIL,60,2024-06,False,True,75-100
p20,ETHUSDT,-1,2024-06-07 18:00:00+00:00,3723.4,2024-06-15 12:00:00+00:00,3564.22,signal_reverse,False,3835.102,,False,100.0,1.0,100.0,100.0,0.0268571735510554,4.2751248858570206,0.3135873126712145,0.0,3.9615375731858062,True,0.6865460907465512,0.83,False,1.154858462695385,True,186.0,False,9.843959821668372,0.2110973841112995,False,DONCHIAN_55_NO_TRAIL,60,2024-06,True,False,75-100
p21,ETHUSDT,1,2024-06-15 13:00:00+00:00,3564.22,2024-06-18 00:00:00+00:00,3457.2934,initial_sl,False,3457.2934,,False,100.0,1.0,100.0,100.0,0.0280566295009847,-2.999999999999994,0.3155,0.0,-3.315499999999994,True,0.5800507744832171,0.07,True,-0.1209240731492422,False,59.0,False,2.546980826099405,2.999999999999994,True,DONCHIAN_55_NO_TRAIL,60,2024-06,False,True,0-25
p22,ETHUSDT,-1,2024-06-18 02:00:00+00:00,3406.45,2024-06-19 01:00:00+00:00,3508.6435,initial_sl,False,3508.6435,,False,100.0,1.0,100.0,100.0,0.029356074505717,-2.999999999999996,0.3245,0.0,-3.324499999999996,True,1.407959270543486,1.0,False,-1.0430213271881428,False,23.0,False,1.1757107839539618,2.999999999999996,True,DONCHIAN_55_NO_TRAIL,60,2024-06,False,True,75-100
p23,ETHUSDT,1,2024-06-20 08:00:00+00:00,3606.8,2024-06-20 14:00:00+00:00,3498.596,initial_sl,False,3498.596,,False,100.0,1.0,100.0,100.0,0.0277254075634911,-3.000000000000005,0.3155,0.0,-3.315500000000005,True,0.6967592959330777,0.28,True,-2.145669291338592,False,6.0,False,0.5046024176555345,3.000000000000005,True,DONCHIAN_55_NO_TRAIL,60,2024-06,False,True,25-50
p24,ETHUSDT,-1,2024-06-21 09:00:00+00:00,3456.49,2024-06-27 12:00:00+00:00,3435.23,signal_reverse,False,3560.1847,,False,100.0,1.0,100.0,100.0,0.0289310832665507,0.6150748302468622,0.3190773877546297,0.0,0.2959974424922324,True,0.7289186429007461,0.15,True,-1.6412603537114157,False,147.0,False,7.073360547838987,2.6168164814595234,False,DONCHIAN_55_NO_TRAIL,60,2024-06,True,False,0-25
p25,ETHUSDT,1,2024-06-27 13:00:00+00:00,3435.23,2024-06-30 02:00:00+00:00,3360.34,signal_reverse,False,3332.1731,,False,100.0,1.0,100.0,100.0,0.0291101323637718,-2.1800578127228705,0.3167299132809156,0.0,-2.4967877260037863,True,0.5393691667973168,0.16,True,0.5327154222570352,True,61.0,False,1.4936408915851325,2.4519464490005043,False,DONCHIAN_55_NO_TRAIL,60,2024-06,False,True,0-25
p26,ETHUSDT,-1,2024-06-30 03:00:00+00:00,3360.34,2024-06-30 22:00:00+00:00,3448.76,signal_reverse,False,3461.1502,,False,100.0,1.0,100.0,100.0,0.0297588934453061,-2.63128135843397,0.3239469220376509,0.0,-2.955228280471621,True,0.4024677774953047,0.17,True,-0.9722230488581562,False,19.0,False,0.1234994077980231,2.944642506413036,False,DONCHIAN_55_NO_TRAIL,60,2024-06,False,True,0-25
p27,ETHUSDT,1,2024-06-30 23:00:00+00:00,3448.76,2024-07-03 01:00:00+00:00,3391.95,signal_reverse,False,3345.2972000000004,,False,100.0,1.0,100.0,100.0,0.0289959289715723,-1.647258724875039,0.3175291119126874,0.0,-1.9647878367877265,True,0.4929929266502406,0.42,True,1.038344216471998,True,50.0,False,2.1691854463633287,1.99231027963674,False,DONCHIAN_55_NO_TRAIL,60,2024-06,False,True,25-50
p28,ETHUSDT,-1,2024-07-03 02:00:00+00:00,3391.95,2024-07-10 04:00:00+00:00,3118.07,signal_reverse,False,3493.7085,,False,100.0,1.0,100.0,100.0,0.0294815666504518,8.07441147422573,0.3078883827886614,0.0,7.766523091437069,True,0.5296152866134736,0.71,False,1.2255487256592756,True,170.0,False,17.367001282448147,0.0392104836451121,False,DONCHIAN_55_NO_TRAIL,60,2024-07,True,False,50-75
p29,ETHUSDT,1,2024-07-10 05:00:00+00:00,3118.07,2024-07-23 16:00:00+00:00,3401.19,signal_reverse,False,3024.5279,,False,100.0,1.0,100.0,100.0,0.0320711209177471,9.07997575423258,0.3336199636313489,0.0,8.746355790601232,True,0.9308871925811264,0.41,True,-0.526287094260236,False,323.0,False,14.27838374379023,2.4396501682130345,False,DONCHIAN_55_NO_TRAIL,60,2024-07,True,False,25-50
p30,ETHUSDT,-1,2024-07-23 17:00:00+00:00,3401.19,2024-07-27 12:00:00+00:00,3286.8,signal_reverse,False,3503.2257,,False,100.0,1.0,100.0,100.0,0.0294014741899158,3.363234632584474,0.3149551480511233,0.0,3.0482794845333507,True,1.3134898583815002,1.0,False,-2.3894578074144635,False,91.0,False,9.306154610592175,2.9295628882832148,False,DONCHIAN_55_NO_TRAIL,60,2024-07,True,False,75-100
p31,ETHUSDT,1,2024-07-27 13:00:00+00:00,3286.8,2024-07-27 20:00:00+00:00,3188.1960000000004,initial_sl,False,3188.1960000000004,,False,100.0,1.0,100.0,100.0,0.0304247292199099,-2.9999999999999942,0.3155,0.0,-3.3154999999999943,True,0.4774943931570423,0.0,True,-1.1984300839722573,False,7.0,False,1.2188146525495906,2.9999999999999942,True,DONCHIAN_55_NO_TRAIL,60,2024-07,False,True,0-25
p32,ETHUSDT,-1,2024-07-31 21:00:00+00:00,3221.01,2024-08-08 16:00:00+00:00,2584.88,signal_reverse,False,3317.6403,,False,100.0,1.0,100.0,100.0,0.0310461625390793,19.749395375984555,0.2903759069360232,0.0,19.45901946904853,True,0.9813470220299128,0.93,False,0.7587682124550965,True,187.0,False,35.20914247394451,0.7243069720367191,False,DONCHIAN_55_NO_TRAIL,60,2024-07,True,False,75-100
p33,ETHUSDT,1,2024-08-08 17:00:00+00:00,2584.88,2024-08-12 00:00:00+00:00,2536.14,signal_reverse,False,2507.3336,,False,100.0,1.0,100.0,100.0,0.0386865154281823,-1.8855807619696168,0.3171716288570456,0.0,-2.2027523908266624,True,1.658822515109847,0.28,True,4.715886230695432,True,79.0,False,5.410309182631298,2.9633870817987646,False,DONCHIAN_55_NO_TRAIL,60,2024-08,False,True,25-50
p34,ETHUSDT,-1,2024-08-12 01:00:00+00:00,2536.14,2024-08-12 10:00:00+00:00,2612.2242,initial_sl,False,2612.2242,,False,100.0,1.0,100.0,100.0,0.03942999992114,-2.999999999999992,0.3245,0.0,-3.324499999999992,True,1.527884332658514,0.54,False,-0.6123478987753117,False,9.0,False,0.8524765982950425,2.999999999999992,True,DONCHIAN_55_NO_TRAIL,60,2024-08,False,True,50-75
p35,ETHUSDT,1,2024-08-18 10:00:00+00:00,2643.99,2024-08-19 09:00:00+00:00,2564.6703,initial_sl,False,2564.6703,,False,100.0,1.0,100.0,100.0,0.0378216256491136,-3.000000000000001,0.3155,0.0,-3.315500000000001,True,0.6728197048508402,0.27,True,1.0211838925260786,True,23.0,False,1.6267081191683863,3.000000000000001,True,DONCHIAN_55_NO_TRAIL,60,2024-08,False,True,25-50
p36,ETHUSDT,-1,2024-08-19 10:00:00+00:00,2578.3,2024-08-20 00:00:00+00:00,2655.6490000000003,initial_sl,False,2655.6490000000003,,False,100.0,1.0,100.0,100.0,0.0387852460923864,-3.000000000000006,0.3245,0.0,-3.3245000000000062,True,0.8756046342828329,0.62,False,-0.1822906566341986,False,14.0,False,0.6954194624365004,3.000000000000006,True,DONCHIAN_55_NO_TRAIL,60,2024-08,False,True,50-75
p37,ETHUSDT,1,2024-08-23 06:00:00+00:00,2674.08,2024-08-26 17:00:00+00:00,2693.71,signal_reverse,False,2593.8576,,False,100.0,1.0,100.0,100.0,0.0373960390115479,0.7340842457966894,0.321101126368695,0.0,0.4129831194279943,True,0.5903766101665952,0.03,True,-0.8346795907377413,False,83.0,False,5.404475557948902,1.6151349249087557,False,DONCHIAN_55_NO_TRAIL,60,2024-08,True,False,0-25
p38,ETHUSDT,-1,2024-08-26 18:00:00+00:00,2693.71,2024-09-02 20:00:00+00:00,2553.09,signal_reverse,False,2774.5213,,False,100.0,1.0,100.0,100.0,0.0371235210917285,5.220309535918859,0.3121695356961217,0.0,4.908140000222737,True,0.7423378378306706,0.7,False,0.5375485854082318,True,170.0,False,11.375018097716527,0.3597269193788512,False,DONCHIAN_55_NO_TRAIL,60,2024-08,True,False,50-75
p39,ETHUSDT,1,2024-09-02 21:00:00+00:00,2553.09,2024-09-03 13:00:00+00:00,2476.4973,initial_sl,False,2476.4973,,False,100.0,1.0,100.0,100.0,0.0391682236035549,-3.0000000000000053,0.3155,0.0,-3.315500000000005,True,0.9478710112060268,0.58,False,-0.9983980196546228,False,16.0,False,0.3489888723076685,3.0000000000000058,True,DONCHIAN_55_NO_TRAIL,60,2024-09,False,True,50-75
p40,ETHUSDT,-1,2024-09-04 01:00:00+00:00,2394.81,2024-09-04 16:00:00+00:00,2466.6543,initial_sl,False,2466.6543,,False,100.0,1.0,100.0,100.0,0.0417569661058706,-3.0000000000000084,0.3245,0.0,-3.3245000000000084,True,1.118042767484684,0.79,False,0.9942333629807788,True,15.0,False,3.8533328322497296,3.0000000000000084,True,DONCHIAN_55_NO_TRAIL,60,2024-09,False,True,75-100
p41,ETHUSDT,1,2024-09-09 17:00:00+00:00,2340.54,2024-09-15 23:00:00+00:00,2314.46,signal_reverse,False,2270.3238,,False,100.0,1.0,100.0,100.0,0.0427251830774094,-1.1142727746588363,0.3183285908380118,0.0,-1.432601365496848,True,0.9647041158999886,0.65,False,0.670358122484549,True,150.0,False,5.317576285814386,2.767310107923812,False,DONCHIAN_55_NO_TRAIL,60,2024-09,False,True,50-75
p42,ETHUSDT,-1,2024-09-16 00:00:00+00:00,2314.46,2024-09-17 15:00:00+00:00,2383.8938,initial_sl,False,2383.8938,,False,100.0,1.0,100.0,100.0,0.0432066227111291,-2.999999999999991,0.3245,0.0,-3.324499999999991,True,0.830091807900883,0.79,False,0.9833827329053136,True,39.0,False,2.7760255091900485,2.999999999999991,True,DONCHIAN_55_NO_TRAIL,60,2024-09,False,True,75-100
p43,ETHUSDT,1,2024-09-19 01:00:00+00:00,2397.4,2024-09-25 17:00:00+00:00,2574.52,signal_reverse,False,2325.478,,False,100.0,1.0,100.0,100.0,0.0417118545090514,7.388003670643193,0.3310820055059648,0.0,7.056921665137228,True,1.166144275345912,1.0,False,0.7758404938683627,True,160.0,False,12.742554433970124,1.014015183115039,False,DONCHIAN_55_NO_TRAIL,60,2024-09,True,False,75-100
p44,ETHUSDT,-1,2024-09-25 18:00:00+00:00,2574.52,2024-09-26 14:00:00+00:00,2651.7556,initial_sl,False,2651.7556,,False,100.0,1.0,100.0,100.0,0.0388421919425757,-2.999999999999999,0.3245,0.0,-3.324499999999999,True,0.7000195320736636,0.45,True,-0.1736245979833128,False,20.0,False,0.8677345679971469,2.999999999999999,True,DONCHIAN_55_NO_TRAIL,60,2024-09,False,True,25-50
p45,ETHUSDT,1,2024-09-27 15:00:00+00:00,2680.49,2024-09-30 01:00:00+00:00,2613.75,signal_reverse,False,2600.0753,,False,100.0,1.0,100.0,100.0,0.0373066118508183,-2.4898432749236066,0.3162652350876145,0.0,-2.8061085100112213,True,0.7608417011175438,0.46,True,0.4379796231286148,True,58.0,False,1.7709448645583554,2.629370003245659,False,DONCHIAN_55_NO_TRAIL,60,2024-09,False,True,25-50
p46,ETHUSDT,-1,2024-09-30 02:00:00+00:00,2613.75,2024-10-06 14:00:00+00:00,2451.98,signal_reverse,False,2692.1625,,False,100.0,1.0,100.0,100.0,0.0382592061214729,6.189191774270683,0.310716212338594,0.0,5.878475561932089,True,0.6710938033750078,0.44,True,-0.8738402678144519,False,156.0,False,11.676327116212342,1.7377331420373054,False,DONCHIAN_55_NO_TRAIL,60,2024-09,True,False,25-50
p47,ETHUSDT,1,2024-10-06 15:00:00+00:00,2451.98,2024-10-09 20:00:00+00:00,2378.4206,initial_sl,False,2378.4206,,False,100.0,1.0,100.0,100.0,0.0407833669116387,-3.000000000000004,0.3155,0.0,-3.315500000000004,True,0.4262735771557238,0.05,True,-0.6031859966231345,False,77.0,False,2.8054878098516287,3.000000000000004,True,DONCHIAN_55_NO_TRAIL,60,2024-10,False,True,0-25
p48,ETHUSDT,-1,2024-10-09 21:00:00+00:00,2354.08,2024-10-11 10:00:00+00:00,2424.7024,initial_sl,False,2424.7024,,False,100.0,1.0,100.0,100.0,0.0424794399510636,-3.0000000000000084,0.3245,0.0,-3.3245000000000084,True,0.9120335757493344,0.73,False,-1.6830354108611445,False,37.0,False,1.0675083259702352,3.0000000000000084,True,DONCHIAN_55_NO_TRAIL,60,2024-10,False,True,50-75
p49,ETHUSDT,1,2024-10-12 23:00:00+00:00,2486.41,2024-10-23 08:00:00+00:00,2574.99,signal_reverse,False,2411.8177,,False,100.0,1.0,100.0,100.0,0.0402186284643321,3.562566109370536,0.3253438491640558,0.0,3.23722226020648,True,0.5112649505569452,0.16,True,-0.958812102589668,False,249.0,False,11.432547327271054,2.06643313049737,False,DONCHIAN_55_NO_TRAIL,60,2024-10,True,False,0-25
p50,ETHUSDT,-1,2024-10-23 09:00:00+00:00,2574.99,2024-10-28 09:00:00+00:00,2541.66,signal_reverse,False,2652.2397,,False,100.0,1.0,100.0,100.0,0.0388351022722418,1.2943739587338177,0.3180584390618993,0.0,0.9763155196719184,True,0.5836915871517937,0.42,True,0.4869921824939061,True,120.0,False,7.541000159223914,0.5052446805618748,False,DONCHIAN_55_NO_TRAIL,60,2024-10,True,False,25-50
p51,ETHUSDT,1,2024-10-28 10:00:00+00:00,2541.66,2024-10-31 14:00:00+00:00,2555.88,signal_reverse,False,2465.4102,,False,100.0,1.0,100.0,100.0,0.0393443654934176,0.5594768773164095,0.3208392153159746,0.0,0.2386376620004349,True,0.7223344473409398,0.58,False,-1.6485289141741857,False,76.0,False,7.198051667020778,2.142300701116586,False,DONCHIAN_55_NO_TRAIL,60,2024-10,True,False,50-75
p52,ETHUSDT,-1,2024-10-31 15:00:00+00:00,2555.88,2024-11-06 02:00:00+00:00,2568.28,signal_reverse,False,2632.5564,,False,100.0,1.0,100.0,100.0,0.0391254675493372,-0.485155797611785,0.3207277336964176,0.0,-0.8058835313082027,True,0.8942684543651719,0.62,False,1.3369172261608608,True,131.0,False,7.827049783244917,1.22814842637369,False,DONCHIAN_55_NO_TRAIL,60,2024-10,False,True,50-75
p53,ETHUSDT,1,2024-11-06 03:00:00+00:00,2568.28,2024-11-14 14:00:00+00:00,3110.22,signal_reverse,False,2491.2316,,False,100.0,1.0,100.0,100.0,0.0389365645490367,21.10128179170493,0.3516519226875574,0.0,20.749629869017376,True,1.5076237793387008,1.0,False,1.5426666874328363,True,203.0,False,34.320245456102896,0.2896880402448352,False,DONCHIAN_55_NO_TRAIL,60,2024-11,True,False,75-100
p54,ETHUSDT,-1,2024-11-14 15:00:00+00:00,3110.22,2024-11-16 12:00:00+00:00,3203.5266,initial_sl,False,3203.5266,,False,100.0,1.0,100.0,100.0,0.0321520664133083,-2.999999999999997,0.3245,0.0,-3.324499999999997,True,1.3719516396175924,0.21,True,0.3195915401482674,True,45.0,False,3.0856338136851997,2.9999999999999964,True,DONCHIAN_55_NO_TRAIL,60,2024-11,False,True,0-25
p55,ETHUSDT,1,2024-11-19 00:00:00+00:00,3210.93,2024-11-19 07:00:00+00:00,3114.6021,initial_sl,False,3114.6021,,False,100.0,1.0,100.0,100.0,0.0311436250556692,-2.999999999999993,0.3155,0.0,-3.315499999999993,True,1.578403408714253,0.93,False,-2.286564951587222,False,7.0,False,0.4503368183049782,2.999999999999993,True,DONCHIAN_55_NO_TRAIL,60,2024-11,False,True,75-100
p56,ETHUSDT,-1,2024-11-20 19:00:00+00:00,3050.41,2024-11-21 04:00:00+00:00,3141.9223,initial_sl,False,3141.9223,,False,100.0,1.0,100.0,100.0,0.0327824784209335,-2.999999999999996,0.3245,0.0,-3.324499999999996,True,1.0326714863154234,0.36,True,-0.9956038696437686,False,9.0,False,0.6677790854344134,2.999999999999996,True,DONCHIAN_55_NO_TRAIL,60,2024-11,False,True,25-50
p57,ETHUSDT,1,2024-11-21 13:00:00+00:00,3288.91,2024-12-02 10:00:00+00:00,3580.64,signal_reverse,False,3190.2427,,False,100.0,1.0,100.0,100.0,0.0304052102368261,8.870111982389302,0.3333051679735839,0.0,8.536806814415717,True,1.288442501792822,0.87,False,2.8729883152777136,True,261.0,False,14.540683691557383,1.5020173856992023,False,DONCHIAN_55_NO_TRAIL,60,2024-11,True,False,75-100
p58,ETHUSDT,-1,2024-12-02 11:00:00+00:00,3580.64,2024-12-04 00:00:00+00:00,3688.0592,initial_sl,False,3688.0592,,False,100.0,1.0,100.0,100.0,0.0279279681844586,-2.9999999999999947,0.3245,0.0,-3.3244999999999947,True,1.211654899682737,0.98,False,-1.3338397604897525,False,37.0,False,2.1800571964788404,2.999999999999995,True,DONCHIAN_55_NO_TRAIL,60,2024-12,False,True,75-100
p59,ETHUSDT,1,2024-12-04 15:00:00+00:00,3783.79,2024-12-05 22:00:00+00:00,3670.2763,initial_sl,False,3670.2763,,False,100.0,1.0,100.0,100.0,0.0264285280102754,-2.999999999999999,0.3155,0.0,-3.3154999999999992,True,1.0543661249699354,0.62,False,2.619859981658612,True,31.0,False,4.653270926769196,2.999999999999999,True,DONCHIAN_55_NO_TRAIL,60,2024-12,False,True,50-75
p60,ETHUSDT,-1,2024-12-09 09:00:00+00:00,3869.55,2024-12-12 02:00:00+00:00,3881.53,signal_reverse,False,3985.6365,,False,100.0,1.0,100.0,100.0,0.0258427982581953,-0.3095967231331813,0.3204643950846998,0.0,-0.6300611182178811,True,0.9060669660739415,0.51,False,-1.6671189156361788,False,65.0,False,10.910570996627516,2.0325360830070585,False,DONCHIAN_55_NO_TRAIL,60,2024-12,False,True,50-75
p61,ETHUSDT,1,2024-12-12 03:00:00+00:00,3881.53,2024-12-14 18:00:00+00:00,3832.99,signal_reverse,False,3765.0841,,False,100.0,1.0,100.0,100.0,0.0257630367406666,-1.250537803391972,0.318124193294912,0.0,-1.5686619966868842,True,1.0696076767960796,0.57,False,0.8202950898228201,True,63.0,False,2.7940013345252983,1.4100110008166886,False,DONCHIAN_55_NO_TRAIL,60,2024-12,False,True,50-75
p62,ETHUSDT,-1,2024-12-14 19:00:00+00:00,3832.99,2024-12-15 23:00:00+00:00,3947.9797,initial_sl,False,3947.9797,,False,100.0,1.0,100.0,100.0,0.0260892932149575,-3.0000000000000027,0.3245,0.0,-3.3245000000000027,True,0.6650160840492656,0.12,True,-0.8228563079997642,False,28.0,False,0.2697632918426526,3.000000000000002,True,DONCHIAN_55_NO_TRAIL,60,2024-12,False,True,0-25
p63,ETHUSDT,1,2024-12-16 00:00:00+00:00,3961.1,2024-12-18 01:00:00+00:00,3842.267,initial_sl,False,3842.267,,False,100.0,1.0,100.0,100.0,0.0252455126101335,-3.000000000000002,0.3155,0.0,-3.3155000000000023,True,0.7832961262564161,0.38,True,0.169144934487897,True,49.0,False,3.790866173537661,3.000000000000002,True,DONCHIAN_55_NO_TRAIL,60,2024-12,False,True,25-50
p64,ETHUSDT,-1,2024-12-18 02:00:00+00:00,3842.33,2024-12-23 21:00:00+00:00,3422.13,signal_reverse,False,3957.5999,,False,100.0,1.0,100.0,100.0,0.0260258749248502,10.936072643422088,0.3035958910348669,0.0,10.63247675238722,True,1.312298973353594,1.0,False,-0.09967910096218,False,139.0,False,19.319787732964112,1.7091192063149203,False,DONCHIAN_55_NO_TRAIL,60,2024-12,True,False,75-100
p65,ETHUSDT,1,2024-12-23 22:00:00+00:00,3422.13,2024-12-26 17:00:00+00:00,3319.4661,initial_sl,False,3319.4661,,False,100.0,1.0,100.0,100.0,0.0292215666850762,-3.0000000000000004,0.3155,0.0,-3.315500000000001,True,1.4884422441996246,0.58,False,-0.7682349881506512,False,67.0,False,3.656494639303595,3.0000000000000004,True,DONCHIAN_55_NO_TRAIL,60,2024-12,False,True,50-75
p66,ETHUSDT,-1,2024-12-26 18:00:00+00:00,3325.65,2024-12-27 09:00:00+00:00,3425.4195,initial_sl,False,3425.4195,,False,100.0,1.0,100.0,100.0,0.0300693097589944,-2.9999999999999964,0.3245,0.0,-3.3244999999999965,True,0.955860401081636,0.39,True,-0.2222121991189762,False,15.0,False,0.7033211552628771,2.9999999999999964,True,DONCHIAN_55_NO_TRAIL,60,2024-12,False,True,25-50
p67,ETHUSDT,1,2025-01-02 10:00:00+00:00,3467.96,2025-01-07 14:00:00+00:00,3565.27,signal_reverse,False,3363.9212,,False,100.0,1.0,100.0,100.0,0.028835396025329,2.805972387224765,0.3242089585808372,0.0,2.4817634286439274,True,0.6749954275300575,0.37,True,-0.1565762004175352,False,124.0,False,7.980772557930311,1.393037981983643,False,DONCHIAN_55_NO_TRAIL,60,2025-01,True,False,25-50
p68,ETHUSDT,-1,2025-01-07 15:00:00+00:00,3565.27,2025-01-15 13:00:00+00:00,3298.01,signal_reverse,False,3672.2281,,False,100.0,1.0,100.0,100.0,0.0280483666033708,7.496206458416887,0.3087556903123747,0.0,7.1874507681045126,True,0.7702682505712848,0.76,False,4.767661355240982,True,190.0,False,18.42300863609208,0.4619565979575123,False,DONCHIAN_55_NO_TRAIL,60,2025-01,True,False,75-100
p69,ETHUSDT,1,2025-01-15 14:00:00+00:00,3298.01,2025-01-19 08:00:00+00:00,3220.86,signal_reverse,False,3199.0697,,False,100.0,1.0,100.0,100.0,0.0303213149747878,-2.339289450304884,0.3164910658245427,0.0,-2.6557805161294263,True,0.959041534570413,0.59,False,4.133704870512811,True,90.0,False,6.9135630274013655,2.547293671031932,False,DONCHIAN_55_NO_TRAIL,60,2025-01,False,True,50-75
p70,ETHUSDT,-1,2025-01-19 09:00:00+00:00,3220.86,2025-01-19 14:00:00+00:00,3317.4858,initial_sl,False,3317.4858,,False,100.0,1.0,100.0,100.0,0.0310476084027247,-2.999999999999994,0.3245,0.0,-3.324499999999994,True,1.1289575721125062,0.55,False,-4.9607868705873415,False,5.0,False,2.8476866426979206,2.999999999999994,True,DONCHIAN_55_NO_TRAIL,60,2025-01,False,True,50-75
p71,ETHUSDT,1,2025-01-24 06:00:00+00:00,3409.65,2025-01-24 23:00:00+00:00,3307.3605,initial_sl,False,3307.3605,,False,100.0,1.0,100.0,100.0,0.0293285234554866,-2.999999999999996,0.3155,0.0,-3.315499999999996,True,1.5818758104623216,0.67,False,-0.306483070109842,False,17.0,False,0.6246975496018573,2.999999999999996,True,DONCHIAN_55_NO_TRAIL,60,2025-01,False,True,50-75
p72,ETHUSDT,-1,2025-01-27 00:00:00+00:00,3230.5,2025-01-30 13:00:00+00:00,3262.03,signal_reverse,False,3327.415,,False,100.0,1.0,100.0,100.0,0.0309549605324253,-0.9760099055873768,0.3214640148583811,0.0,-1.2974739204457575,True,0.6309284277091115,0.33,True,2.8169014084507005,True,85.0,False,6.5841201052468605,1.3926636743538083,False,DONCHIAN_55_NO_TRAIL,60,2025-01,False,True,25-50
p73,ETHUSDT,1,2025-01-30 14:00:00+00:00,3262.03,2025-02-01 19:00:00+00:00,3195.1,signal_reverse,False,3164.1691,,False,100.0,1.0,100.0,100.0,0.0306557573045005,-2.051789836390232,0.3169223152454147,0.0,-2.368712151635646,True,0.8790319437370497,0.33,True,0.2624132825265191,True,53.0,False,5.3672099888719575,2.6425262796479574,False,DONCHIAN_55_NO_TRAIL,60,2025-01,False,True,25-50
p74,ETHUSDT,-1,2025-02-01 20:00:00+00:00,3195.1,2025-02-11 00:00:00+00:00,2704.62,signal_reverse,False,3290.953,,False,100.0,1.0,100.0,100.0,0.0312979249475759,15.351006228287064,0.2969734906575694,0.0,15.054032737629496,True,1.0195522608279624,0.54,False,1.3836812619323346,True,220.0,False,34.93161403398954,0.0003129792494825,False,DONCHIAN_55_NO_TRAIL,60,2025-02,True,False,50-75
p75,ETHUSDT,1,2025-02-11 01:00:00+00:00,2704.62,2025-02-11 18:00:00+00:00,2623.4814,initial_sl,False,2623.4814,,False,100.0,1.0,100.0,100.0,0.0369737708069895,-3.000000000000008,0.3155,0.0,-3.315500000000008,True,1.0945292552320505,0.44,True,0.6355791201721583,True,17.0,False,0.7180306290717392,3.0000000000000084,True,DONCHIAN_55_NO_TRAIL,60,2025-02,False,True,25-50
p76,ETHUSDT,-1,2025-02-18 17:00:00+00:00,2633.8,2025-02-19 07:00:00+00:00,2712.8140000000003,initial_sl,False,2712.8140000000003,,False,100.0,1.0,100.0,100.0,0.0379679550459412,-3.0000000000000044,0.3245,0.0,-3.3245000000000045,True,1.1609787054012144,0.75,False,-0.7889741058546562,False,14.0,False,1.2259852684334407,3.0000000000000044,True,DONCHIAN_55_NO_TRAIL,60,2025-02,False,True,50-75
p77,ETHUSDT,1,2025-02-21 10:00:00+00:00,2780.86,2025-02-21 15:00:00+00:00,2697.4342,initial_sl,False,2697.4342,,False,100.0,1.0,100.0,100.0,0.0359600986745107,-2.999999999999999,0.3155,0.0,-3.3154999999999992,True,0.7520027206383237,0.14,True,-2.1061829793661,False,5.0,False,2.304682724049384,2.999999999999999,True,DONCHIAN_55_NO_TRAIL,60,2025-02,False,True,0-25
p78,ETHUSDT,-1,2025-02-21 18:00:00+00:00,2670.98,2025-02-22 10:00:00+00:00,2751.1094,initial_sl,False,2751.1094,,False,100.0,1.0,100.0,100.0,0.0374394417030453,-2.999999999999993,0.3245,0.0,-3.324499999999993,True,1.7419769950676194,1.0,False,0.2628248807553746,True,16.0,False,2.02996652913911,2.999999999999993,True,DONCHIAN_55_NO_TRAIL,60,2025-02,False,True,75-100
p2,SOLUSDT,-1,2024-04-05 08:00:00+00:00,175.22,2024-04-07 00:00:00+00:00,180.4766,initial_sl,False,180.4766,,False,100.0,1.0,100.0,100.0,0.5707111060381235,-2.999999999999995,0.3245,0.0,-3.324499999999995,True,3.342573417907284,0.62,False,-1.2270288779819616,False,10.0,False,4.046341741810298,2.999999999999995,True,DONCHIAN_55_NO_TRAIL,240,2024-04,False,True,50-75
p3,SOLUSDT,1,2024-04-23 00:00:00+00:00,156.91,2024-04-24 12:00:00+00:00,152.2027,initial_sl,False,152.2027,,False,100.0,1.0,100.0,100.0,0.6373080109616978,-3.000000000000002,0.3155,0.0,-3.3155000000000023,True,2.5278367034787914,0.15,True,-1.3957045440061155,False,9.0,False,1.9629086737620367,3.000000000000002,True,DONCHIAN_55_NO_TRAIL,240,2024-04,False,True,0-25
p4,SOLUSDT,-1,2024-04-30 12:00:00+00:00,128.72,2024-05-01 16:00:00+00:00,132.5816,initial_sl,False,132.5816,,False,100.0,1.0,100.0,100.0,0.7768800497203232,-3.000000000000008,0.3245,0.0,-3.324500000000008,True,2.855589097043416,0.34,True,4.482597886886264,True,7.0,False,9.105034182722187,3.0000000000000075,True,DONCHIAN_55_NO_TRAIL,240,2024-04,False,True,25-50
p5,SOLUSDT,1,2024-05-06 12:00:00+00:00,153.96,2024-05-07 20:00:00+00:00,149.3412,initial_sl,False,149.3412,,False,100.0,1.0,100.0,100.0,0.6495193556767991,-2.999999999999995,0.3155,0.0,-3.3154999999999952,True,2.018613368964113,0.03,True,0.6105481943361912,True,8.0,False,3.4879189399844144,2.999999999999996,True,DONCHIAN_55_NO_TRAIL,240,2024-05,False,True,0-25
p6,SOLUSDT,-1,2024-06-11 16:00:00+00:00,147.58,2024-06-12 08:00:00+00:00,152.00740000000002,initial_sl,False,152.00740000000002,,False,100.0,1.0,100.0,100.0,0.6775985905949315,-3.000000000000004,0.3245,0.0,-3.324500000000004,True,2.271407275472863,0.78,False,-7.589104214663234,False,4.0,False,1.6601165469575938,3.000000000000004,True,DONCHIAN_55_NO_TRAIL,240,2024-06,False,True,75-100
p7,SOLUSDT,1,2024-06-27 16:00:00+00:00,147.69,2024-06-28 12:00:00+00:00,143.2593,initial_sl,False,143.2593,,False,100.0,1.0,100.0,100.0,0.6770939129257229,-3.0000000000000013,0.3155,0.0,-3.315500000000001,True,2.657109969724232,0.47,True,-3.07400636468278,False,5.0,False,2.1057620691990078,3.0000000000000013,True,DONCHIAN_55_NO_TRAIL,240,2024-06,False,True,25-50
p8,SOLUSDT,-1,2024-07-05 00:00:00+00:00,127.73,2024-07-05 12:00:00+00:00,131.5619,initial_sl,False,131.5619,,False,100.0,1.0,100.0,100.0,0.7829014327096219,-3.000000000000004,0.3245,0.0,-3.324500000000004,True,3.891020120566819,0.96,False,-5.065372269631241,False,3.0,False,5.707351444453148,3.000000000000004,True,DONCHIAN_55_NO_TRAIL,240,2024-07,False,True,75-100
p9,SOLUSDT,1,2024-07-15 00:00:00+00:00,147.58,2024-08-01 12:00:00+00:00,162.52,signal_reverse,False,143.1526,,False,100.0,1.0,100.0,100.0,0.6775985905949315,10.123322943488276,0.3351849844152324,0.0,9.788137959073044,True,1.6741525177627603,0.0,True,7.921127524054738,True,105.0,False,31.35248678682747,0.4675430275105204,False,DONCHIAN_55_NO_TRAIL,240,2024-07,True,False,0-25
p10,SOLUSDT,-1,2024-08-01 16:00:00+00:00,162.52,2024-08-01 20:00:00+00:00,167.3956,initial_sl,False,167.3956,,False,100.0,1.0,100.0,100.0,0.6153088850603002,-2.9999999999999947,0.3245,0.0,-3.3244999999999947,True,3.016332055834886,0.89,False,3.636475510706372,True,1.0,False,2.9042579374846165,2.9999999999999947,True,DONCHIAN_55_NO_TRAIL,240,2024-08,False,True,75-100
p11,SOLUSDT,1,2024-08-24 00:00:00+00:00,153.22,2024-08-27 20:00:00+00:00,148.6234,initial_sl,False,148.6234,,False,100.0,1.0,100.0,100.0,0.6526563111865292,-2.999999999999997,0.3155,0.0,-3.315499999999997,True,1.8875752885673267,0.09,True,4.803550450332872,True,23.0,False,5.919592742461815,2.999999999999997,True,DONCHIAN_55_NO_TRAIL,240,2024-08,False,True,0-25
p12,SOLUSDT,-1,2024-08-30 16:00:00+00:00,133.22,2024-08-30 16:00:00+00:00,137.2166,initial_sl,False,137.2166,,False,100.0,1.0,100.0,100.0,0.7506380423359856,-3.000000000000001,0.3245,0.0,-3.324500000000001,True,3.1623308383554605,0.92,False,-2.4996246809788403,False,0.0,False,0.0,3.0000000000000004,True,DONCHIAN_55_NO_TRAIL,240,2024-08,False,True,75-100
p13,SOLUSDT,1,2024-09-14 00:00:00+00:00,138.93,2024-09-15 12:00:00+00:00,134.7621,initial_sl,False,134.7621,,False,100.0,1.0,100.0,100.0,0.7197869430648528,-3.000000000000002,0.3155,0.0,-3.3155000000000023,True,1.698183052102292,0.0,True,-1.3388037141006337,False,9.0,False,0.5830274238825324,3.000000000000002,True,DONCHIAN_55_NO_TRAIL,240,2024-09,False,True,0-25
p14,SOLUSDT,-1,2024-10-02 20:00:00+00:00,139.93,2024-10-04 16:00:00+00:00,144.1279,initial_sl,False,144.1279,,False,100.0,1.0,100.0,100.0,0.7146430358036161,-3.000000000000003,0.3245,0.0,-3.324500000000003,True,3.389449826954292,1.0,False,1.9009504752376167,True,11.0,False,5.016794111341392,3.0000000000000027,True,DONCHIAN_55_NO_TRAIL,240,2024-10,False,True,75-100
p15,SOLUSDT,1,2024-10-14 04:00:00+00:00,152.43,2024-10-17 16:00:00+00:00,147.8571,initial_sl,False,147.8571,,False,100.0,1.0,100.0,100.0,0.6560388374991799,-3.0000000000000027,0.3155,0.0,-3.315500000000003,True,1.390333736328616,0.07,True,2.007478842747501,True,21.0,False,4.670996522994164,3.0000000000000027,True,DONCHIAN_55_NO_TRAIL,240,2024-10,False,True,0-25
p16,SOLUSDT,-1,2024-12-19 20:00:00+00:00,191.72,2024-12-19 20:00:00+00:00,197.4716,initial_sl,False,197.4716,,False,100.0,1.0,100.0,100.0,0.5215939912372209,-2.9999999999999982,0.3245,0.0,-3.3244999999999982,True,4.172751929897767,1.0,False,0.104318798247438,True,0.0,False,0.0,2.9999999999999982,True,DONCHIAN_55_NO_TRAIL,240,2024-12,False,True,75-100
p17,SOLUSDT,1,2025-01-02 08:00:00+00:00,205.78,2025-01-08 00:00:00+00:00,199.6066,initial_sl,False,199.6066,,False,100.0,1.0,100.0,100.0,0.4859558752065312,-2.9999999999999933,0.3155,0.0,-3.315499999999993,True,2.170487205476028,0.06,True,1.020507337933707,True,34.0,False,8.450772669841571,2.9999999999999933,True,DONCHIAN_55_NO_TRAIL,240,2025-01,False,True,0-25
p18,SOLUSDT,-1,2025-01-10 00:00:00+00:00,184.9,2025-01-10 04:00:00+00:00,190.447,initial_sl,False,190.447,,False,100.0,1.0,100.0,100.0,0.5408328826392644,-2.9999999999999982,0.3245,0.0,-3.3244999999999982,True,3.1163563316078204,0.95,False,-1.4602487831260058,False,1.0,False,0.0162249864791785,2.9999999999999982,True,DONCHIAN_55_NO_TRAIL,240,2025-01,False,True,75-100
p19,SOLUSDT,1,2025-01-17 12:00:00+00:00,218.69,2025-02-01 20:00:00+00:00,212.87,signal_reverse,False,212.1293,,False,100.0,1.0,100.0,100.0,0.457268279299465,-2.6613013855228838,0.3160080479217156,0.0,-2.977309433444599,True,2.947420680284551,0.92,False,9.209383145091232,True,92.0,False,35.16850336092187,2.8030545521057184,False,DONCHIAN_55_NO_TRAIL,240,2025-01,False,True,75-100
p20,SOLUSDT,-1,2025-02-02 00:00:00+00:00,212.87,2025-02-04 00:00:00+00:00,219.2561,initial_sl,False,219.2561,,False,100.0,1.0,100.0,100.0,0.4697702823319397,-3.0,0.3245,0.0,-3.3245,True,2.4656228818393537,0.08,True,4.45811997933011,True,12.0,False,18.02978343589984,3.0,True,DONCHIAN_55_NO_TRAIL,240,2025-02,False,True,0-25
p6,SOLUSDT,-1,2024-03-05 20:00:00+00:00,119.127,2024-03-05 20:00:00+00:00,122.70081,initial_sl,False,122.70081,,False,100.0,1.0,100.0,100.0,0.8394402612338093,-2.999999999999996,0.3245,0.0,-3.324499999999996,True,5.025429043913522,1.0,False,-2.619893055310718,False,0.0,False,0.0,2.999999999999996,True,DONCHIAN_55_NO_TRAIL,60,2024-03,False,True,75-100
p7,SOLUSDT,1,2024-03-07 14:00:00+00:00,144.931,2024-03-10 22:00:00+00:00,140.58307000000002,initial_sl,False,140.58307000000002,,False,100.0,1.0,100.0,100.0,0.6899835093941254,-2.999999999999994,0.3155,0.0,-3.315499999999994,True,2.667722669999619,0.8,False,2.813752751309217,True,80.0,False,5.56747693730119,2.9999999999999933,True,DONCHIAN_55_NO_TRAIL,60,2024-03,False,True,75-100
p8,SOLUSDT,-1,2024-03-19 09:00:00+00:00,176.1,2024-03-19 12:00:00+00:00,181.383,initial_sl,False,181.383,,False,100.0,1.0,100.0,100.0,0.5678591709256104,-2.9999999999999925,0.3245,0.0,-3.3244999999999925,True,3.46544171331224,0.73,False,-1.7172061328790456,False,3.0,False,3.0005678591709213,2.999999999999993,True,DONCHIAN_55_NO_TRAIL,60,2024-03,False,True,50-75
p9,SOLUSDT,1,2024-03-24 21:00:00+00:00,179.126,2024-04-01 14:00:00+00:00,191.453,signal_reverse,False,173.75222,,False,100.0,1.0,100.0,100.0,0.5582662483391579,6.881748043276799,0.3303226220649152,0.0,6.551425421211884,True,1.2365996162318325,0.11,True,2.92643167379385,True,185.0,False,14.430624253318886,0.0005582662483418,False,DONCHIAN_55_NO_TRAIL,60,2024-03,True,False,0-25
p10,SOLUSDT,-1,2024-04-01 15:00:00+00:00,191.453,2024-04-08 08:00:00+00:00,183.73,signal_reverse,False,197.19659,,False,100.0,1.0,100.0,100.0,0.5223214052535087,4.033888212772855,0.3139491676808407,0.0,3.719939045092014,True,1.6161743538697693,1.0,False,-1.2206651240774358,False,161.0,False,12.182102134727586,1.457799042062541,False,DONCHIAN_55_NO_TRAIL,60,2024-04,True,False,75-100
p11,SOLUSDT,1,2024-04-08 09:00:00+00:00,183.73,2024-04-09 03:00:00+00:00,178.2181,initial_sl,False,178.2181,,False,100.0,1.0,100.0,100.0,0.5442769281010178,-2.9999999999999982,0.3155,0.0,-3.3154999999999983,True,1.1919664725412278,0.59,False,-1.6382735535840576,False,18.0,False,0.6150329287541632,2.9999999999999987,True,DONCHIAN_55_NO_TRAIL,60,2024-04,False,True,50-75
p12,SOLUSDT,-1,2024-04-09 15:00:00+00:00,171.61,2024-04-09 17:00:00+00:00,176.75830000000002,initial_sl,False,176.75830000000002,,False,100.0,1.0,100.0,100.0,0.5827166249053085,-3.000000000000004,0.3245,0.0,-3.324500000000004,True,1.1945690810558809,0.68,False,-2.126915680904373,False,2.0,False,1.509236058504751,3.000000000000003,True,DONCHIAN_55_NO_TRAIL,60,2024-04,False,True,50-75
p13,SOLUSDT,1,2024-04-15 07:00:00+00:00,155.33,2024-04-15 12:00:00+00:00,150.67010000000002,initial_sl,False,150.67010000000002,,False,100.0,1.0,100.0,100.0,0.6437906392841047,-2.999999999999995,0.3155,0.0,-3.3154999999999952,True,2.556768538871156,0.5,True,-2.871306251207117,False,5.0,False,0.4313397283203421,2.999999999999996,True,DONCHIAN_55_NO_TRAIL,60,2024-04,False,True,25-50
p14,SOLUSDT,-1,2024-04-16 16:00:00+00:00,127.56,2024-04-16 16:00:00+00:00,131.3868,initial_sl,False,131.3868,,False,100.0,1.0,100.0,100.0,0.7839448102853559,-2.9999999999999933,0.3245,0.0,-3.3244999999999933,True,3.0618644447430894,0.61,False,-7.463154593916599,False,0.0,False,0.0,2.9999999999999933,True,DONCHIAN_55_NO_TRAIL,60,2024-04,False,True,50-75
p15,SOLUSDT,1,2024-04-18 23:00:00+00:00,142.75,2024-04-19 00:00:00+00:00,138.4675,initial_sl,False,138.4675,,False,100.0,1.0,100.0,100.0,0.7005253940455342,-2.999999999999999,0.3155,0.0,-3.3154999999999992,True,2.328246184638479,0.18,True,-2.381786339754821,False,1.0,False,0.6725043782837183,2.999999999999999,True,DONCHIAN_55_NO_TRAIL,60,2024-04,False,True,0-25
p16,SOLUSDT,-1,2024-04-24 19:00:00+00:00,148.53,2024-05-02 11:00:00+00:00,138.56,signal_reverse,False,152.98590000000002,,False,100.0,1.0,100.0,100.0,0.6732646603379788,6.712448663569648,0.3099313270046455,0.0,6.402517336565003,True,1.5720729818891803,0.97,False,-0.0269305864135205,False,184.0,False,21.228034740456472,1.8851410489463485,False,DONCHIAN_55_NO_TRAIL,60,2024-04,True,False,75-100
p17,SOLUSDT,1,2024-05-02 12:00:00+00:00,138.56,2024-05-08 20:00:00+00:00,140.99,signal_reverse,False,134.4032,,False,100.0,1.0,100.0,100.0,0.7217090069284064,1.7537528868360326,0.3226306293302541,0.0,1.4311222575057785,True,1.7439582645991385,0.57,False,0.3103348729792232,True,152.0,False,14.989896073903008,2.619803695150112,False,DONCHIAN_55_NO_TRAIL,60,2024-05,True,False,50-75
p18,SOLUSDT,-1,2024-05-08 21:00:00+00:00,140.99,2024-05-09 06:00:00+00:00,145.21970000000002,initial_sl,False,145.21970000000002,,False,100.0,1.0,100.0,100.0,0.7092701610043265,-3.0000000000000058,0.3245,0.0,-3.324500000000006,True,1.709341088020426,0.82,False,-2.2412937087736617,False,9.0,False,0.7660117738846814,3.0000000000000058,True,DONCHIAN_55_NO_TRAIL,60,2024-05,False,True,75-100
p19,SOLUSDT,1,2024-05-10 07:00:00+00:00,154.87,2024-05-10 14:00:00+00:00,150.2239,initial_sl,False,150.2239,,False,100.0,1.0,100.0,100.0,0.6457028475495576,-2.9999999999999933,0.3155,0.0,-3.315499999999993,True,1.2946342093368617,0.12,True,-1.0847807838832657,False,7.0,False,0.5165622780396352,2.9999999999999933,True,DONCHIAN_55_NO_TRAIL,60,2024-05,False,True,0-25
p20,SOLUSDT,-1,2024-05-13 03:00:00+00:00,140.44,2024-05-13 08:00:00+00:00,144.6532,initial_sl,False,144.6532,,False,100.0,1.0,100.0,100.0,0.7120478496154942,-3.0000000000000004,0.3245,0.0,-3.3245000000000005,True,1.1280872360336889,0.42,True,-2.9122757049273806,False,5.0,False,1.894047279977212,3.0000000000000004,True,DONCHIAN_55_NO_TRAIL,60,2024-05,False,True,25-50
p21,SOLUSDT,1,2024-05-13 17:00:00+00:00,149.49,2024-05-14 06:00:00+00:00,145.0053,initial_sl,False,145.0053,,False,100.0,1.0,100.0,100.0,0.6689410662920596,-3.000000000000002,0.3155,0.0,-3.3155000000000023,True,1.5681889854075255,0.79,False,-1.7526255936851975,False,13.0,False,0.2541976051909796,3.000000000000002,True,DONCHIAN_55_NO_TRAIL,60,2024-05,False,True,75-100
p22,SOLUSDT,-1,2024-05-23 11:00:00+00:00,173.89,2024-05-23 21:00:00+00:00,179.1067,initial_sl,False,179.1067,,False,100.0,1.0,100.0,100.0,0.5750761975961816,-3.000000000000002,0.3245,0.0,-3.3245000000000022,True,1.1875323480361122,0.15,True,0.2300304790384566,True,10.0,False,5.618494450514683,3.0000000000000018,True,DONCHIAN_55_NO_TRAIL,60,2024-05,False,True,0-25
p23,SOLUSDT,1,2024-05-27 16:00:00+00:00,171.18,2024-05-28 03:00:00+00:00,166.0446,initial_sl,False,166.0446,,False,100.0,1.0,100.0,100.0,0.584180394905947,-3.0000000000000027,0.3155,0.0,-3.315500000000003,True,1.0423447331964657,0.37,True,-0.2687229816567438,False,11.0,False,0.7360672975814878,3.000000000000002,True,DONCHIAN_55_NO_TRAIL,60,2024-05,False,True,25-50
p24,SOLUSDT,-1,2024-06-02 18:00:00+00:00,162.32,2024-06-03 13:00:00+00:00,167.18959999999998,initial_sl,False,167.18959999999998,,False,100.0,1.0,100.0,100.0,0.6160670280926565,-2.9999999999999947,0.3245,0.0,-3.3244999999999947,True,0.7163979440963152,0.39,True,-0.5667816658452507,False,19.0,False,0.6160670280926565,2.9999999999999947,True,DONCHIAN_55_NO_TRAIL,60,2024-06,False,True,25-50
p25,SOLUSDT,1,2024-06-04 16:00:00+00:00,168.09,2024-06-07 17:00:00+00:00,165.38,signal_reverse,False,163.0473,,False,100.0,1.0,100.0,100.0,0.5949193884228687,-1.612231542625979,0.3175816526860611,0.0,-1.92981319531204,True,0.6595106363087794,0.41,True,1.0054137664346374,True,73.0,False,4.563031709203395,1.6836218692367255,False,DONCHIAN_55_NO_TRAIL,60,2024-06,False,True,25-50
p26,SOLUSDT,-1,2024-06-07 18:00:00+00:00,165.38,2024-06-16 22:00:00+00:00,150.31,signal_reverse,False,170.3414,,False,100.0,1.0,100.0,100.0,0.6046680372475511,9.112347321320591,0.3063314790180191,0.0,8.806015842302573,True,0.9177996993936032,0.83,False,1.729350586527989,True,220.0,False,15.697182246946433,0.1874470915467422,False,DONCHIAN_55_NO_TRAIL,60,2024-06,True,False,75-100
p27,SOLUSDT,1,2024-06-16 23:00:00+00:00,150.31,2024-06-17 07:00:00+00:00,145.8007,initial_sl,False,145.8007,,False,100.0,1.0,100.0,100.0,0.6652917304237909,-2.9999999999999973,0.3155,0.0,-3.315499999999997,True,0.8183088284212627,0.35,True,-1.2640542878052052,False,8.0,False,0.9114496706805963,2.9999999999999973,True,DONCHIAN_55_NO_TRAIL,60,2024-06,False,True,25-50
p28,SOLUSDT,-1,2024-06-17 16:00:00+00:00,141.13,2024-06-17 18:00:00+00:00,145.3639,initial_sl,False,145.3639,,False,100.0,1.0,100.0,100.0,0.7085665698292355,-3.000000000000004,0.3245,0.0,-3.324500000000004,True,1.4510431112145838,0.93,False,-1.374619145468725,False,2.0,False,0.9707362006660558,3.000000000000004,True,DONCHIAN_55_NO_TRAIL,60,2024-06,False,True,75-100
p29,SOLUSDT,1,2024-06-25 04:00:00+00:00,135.71,2024-06-30 04:00:00+00:00,137.51,signal_reverse,False,131.6387,,False,100.0,1.0,100.0,100.0,0.736865374696043,1.326357674452865,0.3219895365116793,0.0,1.0043681379411853,True,1.994799835784289,0.92,False,0.9358190258639708,True,120.0,False,11.465625230270431,1.7316336305356967,False,DONCHIAN_55_NO_TRAIL,60,2024-06,True,False,75-100
p30,SOLUSDT,-1,2024-06-30 05:00:00+00:00,137.51,2024-06-30 09:00:00+00:00,141.6353,initial_sl,False,141.6353,,False,100.0,1.0,100.0,100.0,0.7272198385571959,-3.000000000000007,0.3245,0.0,-3.324500000000007,True,0.7921501812855185,0.17,True,-2.3925532688531925,False,4.0,False,0.3563377208930119,3.0000000000000075,True,DONCHIAN_55_NO_TRAIL,60,2024-06,False,True,0-25
p31,SOLUSDT,1,2024-06-30 23:00:00+00:00,146.97,2024-07-03 10:00:00+00:00,144.12,signal_reverse,False,142.5609,,False,100.0,1.0,100.0,100.0,0.6804109682248078,-1.9391712594406985,0.317091243110839,0.0,-2.2562625025515377,True,0.9506313241769458,0.42,True,0.2721643872899193,True,59.0,False,5.416071307069475,2.463087704973807,False,DONCHIAN_55_NO_TRAIL,60,2024-06,False,True,25-50
p32,SOLUSDT,-1,2024-07-03 11:00:00+00:00,144.12,2024-07-06 09:00:00+00:00,139.82,signal_reverse,False,148.4436,,False,100.0,1.0,100.0,100.0,0.6938662225922841,2.983624757146829,0.3155245628642797,0.0,2.66810019428255,True,1.2375599698663813,0.98,False,1.151817929503185,True,70.0,False,16.430752150985295,0.1942825423258403,False,DONCHIAN_55_NO_TRAIL,60,2024-07,True,False,75-100
p33,SOLUSDT,1,2024-07-06 10:00:00+00:00,139.82,2024-07-07 14:00:00+00:00,135.62539999999998,initial_sl,False,135.62539999999998,,False,100.0,1.0,100.0,100.0,0.7152052639107425,-3.000000000000006,0.3155,0.0,-3.3155000000000063,True,1.3583791405276204,0.35,True,1.4447146330996974,True,28.0,False,3.1182949506508466,3.000000000000006,True,DONCHIAN_55_NO_TRAIL,60,2024-07,False,True,25-50
p34,SOLUSDT,-1,2024-07-08 00:00:00+00:00,131.59,2024-07-08 08:00:00+00:00,135.5377,initial_sl,False,135.5377,,False,100.0,1.0,100.0,100.0,0.7599361653621096,-2.9999999999999982,0.3245,0.0,-3.3244999999999982,True,1.5106445344305386,0.44,True,-0.8435291435519243,False,8.0,False,2.99414849152671,2.9999999999999982,True,DONCHIAN_55_NO_TRAIL,60,2024-07,False,True,25-50
p35,SOLUSDT,1,2024-07-10 05:00:00+00:00,145.15,2024-07-10 12:00:00+00:00,140.7955,initial_sl,False,140.7955,,False,100.0,1.0,100.0,100.0,0.6889424733034791,-3.000000000000001,0.3155,0.0,-3.315500000000001,True,1.3832980660400578,0.37,True,-0.8818463658284537,False,7.0,False,0.806062693765062,3.000000000000001,True,DONCHIAN_55_NO_TRAIL,60,2024-07,False,True,25-50
p36,SOLUSDT,-1,2024-07-11 20:00:00+00:00,136.46,2024-07-13 09:00:00+00:00,140.5538,initial_sl,False,140.5538,,False,100.0,1.0,100.0,100.0,0.7328154770628755,-2.9999999999999907,0.3245,0.0,-3.3244999999999907,True,1.2688176545717191,0.23,True,0.2125164883482466,True,37.0,False,1.9859299428403985,2.9999999999999907,True,DONCHIAN_55_NO_TRAIL,60,2024-07,False,True,0-25
p37,SOLUSDT,1,2024-07-13 23:00:00+00:00,142.16,2024-07-30 17:00:00+00:00,177.33,signal_reverse,False,137.8952,,False,100.0,1.0,100.0,100.0,0.7034327518289252,24.73972988182331,0.357109594822735,0.0,24.382620287000574,True,0.8612026690248391,0.16,True,1.8992684299381055,True,402.0,False,36.36043894203714,0.5486775464265624,False,DONCHIAN_55_NO_TRAIL,60,2024-07,True,False,0-25
p38,SOLUSDT,-1,2024-07-30 18:00:00+00:00,177.33,2024-07-31 06:00:00+00:00,182.6499,initial_sl,False,182.6499,,False,100.0,1.0,100.0,100.0,0.5639203744431286,-2.9999999999999942,0.3245,0.0,-3.3244999999999942,True,1.273654445706552,0.79,False,-0.9812214515310336,False,12.0,False,1.2688208424970393,2.9999999999999942,True,DONCHIAN_55_NO_TRAIL,60,2024-07,False,True,75-100
p39,SOLUSDT,1,2024-08-06 17:00:00+00:00,147.29,2024-08-07 00:00:00+00:00,142.8713,initial_sl,False,142.8713,,False,100.0,1.0,100.0,100.0,0.6789327177676693,-3.000000000000001,0.3155,0.0,-3.315500000000001,True,2.436398552903408,0.54,False,-1.5479665965102862,False,7.0,False,1.547966596510287,3.000000000000001,True,DONCHIAN_55_NO_TRAIL,60,2024-08,False,True,50-75
p40,SOLUSDT,-1,2024-08-11 15:00:00+00:00,149.26,2024-08-23 17:00:00+00:00,148.21,signal_reverse,False,153.7378,,False,100.0,1.0,100.0,100.0,0.6699718611818304,0.7034704542409105,0.3189447943186386,0.0,0.3845256599222718,True,1.1796290270094347,0.25,True,3.631247487605516,True,290.0,False,8.944124346777432,1.96971727187458,False,DONCHIAN_55_NO_TRAIL,60,2024-08,True,False,0-25
p41,SOLUSDT,1,2024-08-23 18:00:00+00:00,148.21,2024-08-27 10:00:00+00:00,153.56,signal_reverse,False,143.7637,,False,100.0,1.0,100.0,100.0,0.6747183051076175,3.60974293232575,0.3254146143984886,0.0,3.2843283179272618,True,1.000028916498789,0.58,False,3.380338708589159,True,88.0,False,9.500033735915244,0.4250725322177959,False,DONCHIAN_55_NO_TRAIL,60,2024-08,True,False,50-75
p42,SOLUSDT,-1,2024-08-27 11:00:00+00:00,153.56,2024-09-09 16:00:00+00:00,132.61,signal_reverse,False,158.1668,,False,100.0,1.0,100.0,100.0,0.6512112529304507,13.642875748892934,0.2995356863766606,0.0,13.343340062516273,True,1.0093774420421993,0.45,True,0.0260484501172109,True,317.0,False,21.90674654858036,1.4456889815055995,False,DONCHIAN_55_NO_TRAIL,60,2024-08,True,False,25-50
p43,SOLUSDT,1,2024-09-09 17:00:00+00:00,132.61,2024-09-11 14:00:00+00:00,128.63170000000002,initial_sl,False,128.63170000000002,,False,100.0,1.0,100.0,100.0,0.75409094336777,-2.999999999999992,0.3155,0.0,-3.315499999999992,True,1.2259364193607496,0.65,False,1.3498227886282963,True,45.0,False,4.0570092753186,2.9999999999999925,True,DONCHIAN_55_NO_TRAIL,60,2024-09,False,True,50-75
p44,SOLUSDT,-1,2024-09-16 02:00:00+00:00,130.09,2024-09-17 14:00:00+00:00,133.9927,initial_sl,False,133.9927,,False,100.0,1.0,100.0,100.0,0.7686985932815743,-3.0000000000000075,0.3245,0.0,-3.324500000000008,True,0.924085523209206,0.78,False,-0.8532554385425328,False,36.0,False,1.037743100930121,3.0000000000000075,True,DONCHIAN_55_NO_TRAIL,60,2024-09,False,True,75-100
p45,SOLUSDT,1,2024-09-19 01:00:00+00:00,135.75,2024-09-22 13:00:00+00:00,143.57,signal_reverse,False,131.6775,,False,100.0,1.0,100.0,100.0,0.7366482504604052,5.760589318600363,0.3286408839779005,0.0,5.431948434622463,True,1.4590897132333611,1.0,False,1.9742173112338837,True,84.0,False,12.265193370165749,0.7808471454880311,False,DONCHIAN_55_NO_TRAIL,60,2024-09,True,False,75-100
p46,SOLUSDT,-1,2024-09-22 14:00:00+00:00,143.57,2024-09-23 03:00:00+00:00,147.87709999999998,initial_sl,False,147.87709999999998,,False,100.0,1.0,100.0,100.0,0.6965243435258063,-2.9999999999999942,0.3245,0.0,-3.3244999999999942,True,0.8482671469367833,0.32,True,-0.7313505607021042,False,13.0,False,1.922407188131219,2.9999999999999942,True,DONCHIAN_55_NO_TRAIL,60,2024-09,False,True,25-50
p47,SOLUSDT,1,2024-09-24 23:00:00+00:00,153.32,2024-09-25 22:00:00+00:00,148.72039999999998,initial_sl,False,148.72039999999998,,False,100.0,1.0,100.0,100.0,0.6522306287503261,-3.000000000000006,0.3155,0.0,-3.3155000000000063,True,1.242965226789905,0.83,False,-1.767545003913373,False,23.0,False,0.430472214975213,3.000000000000006,True,DONCHIAN_55_NO_TRAIL,60,2024-09,False,True,75-100
p48,SOLUSDT,-1,2024-09-30 10:00:00+00:00,154.36,2024-10-06 14:00:00+00:00,146.33,signal_reverse,False,158.9908,,False,100.0,1.0,100.0,100.0,0.6478362270018139,5.202124902824566,0.3121968126457631,0.0,4.8899280901788025,True,1.0851256802280418,0.73,False,0.1490023322104239,True,148.0,False,13.89608706918892,1.9435086810054416,False,DONCHIAN_55_NO_TRAIL,60,2024-09,True,False,50-75
p49,SOLUSDT,1,2024-10-06 15:00:00+00:00,146.33,2024-10-08 15:00:00+00:00,141.9401,initial_sl,False,141.9401,,False,100.0,1.0,100.0,100.0,0.6833868653044488,-3.0000000000000075,0.3155,0.0,-3.315500000000008,True,0.6882682000566245,0.2,True,-0.7038884712635807,False,48.0,False,4.120822797785827,3.0000000000000075,True,DONCHIAN_55_NO_TRAIL,60,2024-10,False,True,0-25
p50,SOLUSDT,-1,2024-10-09 21:00:00+00:00,138.71,2024-10-11 12:00:00+00:00,142.87130000000002,initial_sl,False,142.87130000000002,,False,100.0,1.0,100.0,100.0,0.7209285559801023,-3.000000000000008,0.3245,0.0,-3.324500000000008,True,1.0381371206113486,0.6,False,-0.6776728426213019,False,39.0,False,2.3934828058539552,3.000000000000008,True,DONCHIAN_55_NO_TRAIL,60,2024-10,False,True,50-75
p51,SOLUSDT,1,2024-10-11 18:00:00+00:00,145.83,2024-10-17 17:00:00+00:00,149.36,signal_reverse,False,141.45510000000002,,False,100.0,1.0,100.0,100.0,0.6857299595419323,2.4206267571830216,0.3236309401357745,0.0,2.096995817047247,True,0.7317718282540333,0.11,True,-0.22629088664885,False,143.0,False,9.40821504491531,0.9737365425495548,False,DONCHIAN_55_NO_TRAIL,60,2024-10,True,False,0-25
p52,SOLUSDT,-1,2024-10-17 18:00:00+00:00,149.36,2024-10-18 06:00:00+00:00,153.8408,initial_sl,False,153.8408,,False,100.0,1.0,100.0,100.0,0.6695232994108195,-2.999999999999992,0.3245,0.0,-3.324499999999992,True,1.062629122350602,0.72,False,-0.7230851633636792,False,12.0,False,1.1783610069630552,2.999999999999992,True,DONCHIAN_55_NO_TRAIL,60,2024-10,False,True,50-75
p53,SOLUSDT,1,2024-10-19 15:00:00+00:00,156.9,2024-10-25 22:00:00+00:00,163.7,signal_reverse,False,152.193,,False,100.0,1.0,100.0,100.0,0.6373486297004461,4.333970681963023,0.3265009560229445,0.0,4.007469725940078,True,0.5754347628152593,0.06,True,-0.1210962396430814,False,151.0,False,14.23836838750797,1.0643722115997551,False,DONCHIAN_55_NO_TRAIL,60,2024-10,True,False,0-25
p54,SOLUSDT,-1,2024-10-25 23:00:00+00:00,163.7,2024-10-26 07:00:00+00:00,168.611,initial_sl,False,168.611,,False,100.0,1.0,100.0,100.0,0.6108735491753208,-3.0000000000000013,0.3245,0.0,-3.3245000000000013,True,1.878436163714112,1.0,False,-1.686010995723897,False,8.0,False,3.091020158827124,3.000000000000001,True,DONCHIAN_55_NO_TRAIL,60,2024-10,False,True,75-100
p55,SOLUSDT,1,2024-10-29 03:00:00+00:00,180.85,2024-10-30 11:00:00+00:00,175.4245,initial_sl,False,175.4245,,False,100.0,1.0,100.0,100.0,0.552944429084877,-3.0,0.3155,0.0,-3.3155,True,1.2587384967810726,0.79,False,0.105059441526123,True,32.0,False,1.437655515620677,3.0,True,DONCHIAN_55_NO_TRAIL,60,2024-10,False,True,75-100
p56,SOLUSDT,-1,2024-10-31 14:00:00+00:00,171.89,2024-11-05 14:00:00+00:00,166.82,signal_reverse,False,177.0467,,False,100.0,1.0,100.0,100.0,0.581767409389726,2.949560765605907,0.3155756588515911,0.0,2.633985106754316,True,0.937892173566152,0.4,True,1.850020361859317,True,120.0,False,9.814416196404665,1.256617604281823,False,DONCHIAN_55_NO_TRAIL,60,2024-10,True,False,25-50
p57,SOLUSDT,1,2024-11-05 15:00:00+00:00,166.82,2024-11-24 11:00:00+00:00,248.57,signal_reverse,False,161.81539999999998,,False,100.0,1.0,100.0,100.0,0.5994485073732166,49.00491547776046,0.3935073732166407,0.0,48.61140810454382,True,0.9578330792813496,0.3,True,-0.0719338208847841,False,452.0,False,58.78192063301763,2.205970507133441,False,DONCHIAN_55_NO_TRAIL,60,2024-11,True,False,25-50
p58,SOLUSDT,-1,2024-11-24 12:00:00+00:00,248.57,2024-11-25 09:00:00+00:00,256.0271,initial_sl,False,256.0271,,False,100.0,1.0,100.0,100.0,0.4023011626503601,-3.00000000000001,0.3245,0.0,-3.3245000000000102,True,1.0893740768625082,0.05,True,0.3540250231323205,True,21.0,False,3.154041115178824,3.00000000000001,True,DONCHIAN_55_NO_TRAIL,60,2024-11,False,True,0-25
p59,SOLUSDT,1,2024-11-28 01:00:00+00:00,245.28,2024-11-28 05:00:00+00:00,237.9216,initial_sl,False,237.9216,,False,100.0,1.0,100.0,100.0,0.4076973255055446,-2.999999999999995,0.3155,0.0,-3.3154999999999952,True,1.2493010902991315,0.31,True,-2.6989562948467105,False,4.0,False,0.0163078930202185,2.999999999999996,True,DONCHIAN_55_NO_TRAIL,60,2024-11,False,True,25-50
p60,SOLUSDT,-1,2024-12-01 03:00:00+00:00,234.69,2024-12-05 11:00:00+00:00,241.7307,initial_sl,False,241.7307,,False,100.0,1.0,100.0,100.0,0.4260939963355916,-2.9999999999999947,0.3245,0.0,-3.3244999999999947,True,0.8850581009599284,0.1,True,-1.7043759853423657,False,104.0,False,8.389790787847799,2.9999999999999942,True,DONCHIAN_55_NO_TRAIL,60,2024-12,False,True,0-25
p61,SOLUSDT,1,2024-12-05 12:00:00+00:00,242.17,2024-12-05 19:00:00+00:00,234.9049,initial_sl,False,234.9049,,False,100.0,1.0,100.0,100.0,0.4129330635503985,-2.999999999999996,0.3155,0.0,-3.315499999999996,True,1.8292934715282645,0.73,False,-0.7680554982037346,False,7.0,False,1.197505884296158,2.999999999999996,True,DONCHIAN_55_NO_TRAIL,60,2024-12,False,True,50-75
p62,SOLUSDT,-1,2024-12-09 02:00:00+00:00,232.43,2024-12-12 17:00:00+00:00,234.13,signal_reverse,False,239.4029,,False,100.0,1.0,100.0,100.0,0.4302370606204018,-0.7314030030546782,0.321097104504582,0.0,-1.0525001075592604,True,0.976638127608312,0.28,True,0.3140730542529057,True,87.0,False,13.44921051499377,0.8432646388159788,False,DONCHIAN_55_NO_TRAIL,60,2024-12,False,True,25-50
p63,SOLUSDT,1,2024-12-12 18:00:00+00:00,234.13,2024-12-12 19:00:00+00:00,227.1061,initial_sl,False,227.1061,,False,100.0,1.0,100.0,100.0,0.4271131422713877,-2.999999999999999,0.3155,0.0,-3.3154999999999992,True,1.2047641420212185,0.45,True,-3.079485755776712,False,1.0,False,0.3117925938581208,2.999999999999999,True,DONCHIAN_55_NO_TRAIL,60,2024-12,False,True,25-50
p64,SOLUSDT,-1,2024-12-14 18:00:00+00:00,218.33,2024-12-15 23:00:00+00:00,224.8799,initial_sl,False,224.8799,,False,100.0,1.0,100.0,100.0,0.4580222598818302,-3.000000000000004,0.3245,0.0,-3.324500000000004,True,0.8192055276743598,0.12,True,-0.7145147254156381,False,29.0,False,1.4839921220171342,3.000000000000004,True,DONCHIAN_55_NO_TRAIL,60,2024-12,False,True,0-25
p65,SOLUSDT,1,2024-12-23 21:00:00+00:00,191.15,2024-12-27 15:00:00+00:00,185.4155,initial_sl,False,185.4155,,False,100.0,1.0,100.0,100.0,0.5231493591420351,-2.9999999999999987,0.3155,0.0,-3.315499999999999,True,1.692388176824481,0.31,True,-1.7630133403086612,False,90.0,False,5.550614700496984,2.9999999999999982,True,DONCHIAN_55_NO_TRAIL,60,2024-12,False,True,25-50
p66,SOLUSDT,-1,2024-12-27 16:00:00+00:00,184.01,2024-12-28 14:00:00+00:00,189.5303,initial_sl,False,189.5303,,False,100.0,1.0,100.0,100.0,0.5434487256127385,-2.999999999999996,0.3245,0.0,-3.324499999999996,True,1.5888111670949563,0.82,False,-0.3315037226237827,False,22.0,False,0.8423455246997353,2.999999999999996,True,DONCHIAN_55_NO_TRAIL,60,2024-12,False,True,75-100
p67,SOLUSDT,1,2024-12-28 18:00:00+00:00,194.78,2024-12-29 22:00:00+00:00,188.9366,initial_sl,False,188.9366,,False,100.0,1.0,100.0,100.0,0.5133997330321388,-3.0000000000000013,0.3155,0.0,-3.315500000000001,True,0.8350079943672729,0.08,True,0.318307834479925,True,28.0,False,1.4734572338022407,3.0000000000000013,True,DONCHIAN_55_NO_TRAIL,60,2024-12,False,True,0-25
p68,SOLUSDT,-1,2025-01-07 16:00:00+00:00,207.63,2025-01-15 13:00:00+00:00,195.58,signal_reverse,False,213.8589,,False,100.0,1.0,100.0,100.0,0.4816259692722631,5.803592929730763,0.3112946106054038,0.0,5.492298319125359,True,0.9460510110705148,0.71,False,2.711554207002842,True,189.0,False,18.961614410249,0.6790926166738894,False,DONCHIAN_55_NO_TRAIL,60,2025-01,True,False,50-75
p69,SOLUSDT,1,2025-01-15 14:00:00+00:00,195.58,2025-01-26 23:00:00+00:00,240.36,signal_reverse,False,189.7126,,False,100.0,1.0,100.0,100.0,0.511299723898149,22.896001636159117,0.3543440024542387,0.0,22.54165763370488,True,1.152250449213326,0.71,False,3.180284282646495,True,273.0,False,51.14019838429288,1.3651702628080662,False,DONCHIAN_55_NO_TRAIL,60,2025-01,True,False,50-75
p70,SOLUSDT,-1,2025-01-27 00:00:00+00:00,240.36,2025-01-30 14:00:00+00:00,242.03,signal_reverse,False,247.5708,,False,100.0,1.0,100.0,100.0,0.4160426027625228,-0.694791146613408,0.3210421867199201,0.0,-1.0158333333333285,True,1.265661032261133,0.36,True,3.523880845398575,True,86.0,False,8.154435014145458,1.4353469795306992,False,DONCHIAN_55_NO_TRAIL,60,2025-01,False,True,25-50
p71,SOLUSDT,1,2025-01-30 15:00:00+00:00,242.03,2025-01-31 04:00:00+00:00,234.7691,initial_sl,False,234.7691,,False,100.0,1.0,100.0,100.0,0.41317192083626,-2.999999999999997,0.3155,0.0,-3.315499999999997,True,1.1973132020233617,0.23,True,-1.458496880551996,False,13.0,False,1.0577201173408264,2.999999999999997,True,DONCHIAN_55_NO_TRAIL,60,2025-01,False,True,0-25
p72,SOLUSDT,-1,2025-02-01 10:00:00+00:00,226.91,2025-02-09 03:00:00+00:00,206.85,signal_reverse,False,233.7173,,False,100.0,1.0,100.0,100.0,0.4407033625666564,8.840509453087128,0.3067392358203693,0.0,8.533770217266758,True,0.9157186297902864,0.02,True,0.2908642192939958,True,185.0,False,23.10167026574413,1.0973513727909785,False,DONCHIAN_55_NO_TRAIL,60,2025-02,True,False,0-25
p73,SOLUSDT,1,2025-02-09 04:00:00+00:00,206.85,2025-02-09 12:00:00+00:00,200.6445,initial_sl,False,200.6445,,False,100.0,1.0,100.0,100.0,0.48344210780759,-3.0000000000000004,0.3155,0.0,-3.315500000000001,True,1.115370005870368,0.17,True,-2.431713802272184,False,8.0,False,0.2030456852791955,3.0000000000000004,True,DONCHIAN_55_NO_TRAIL,60,2025-02,False,True,0-25
p74,SOLUSDT,-1,2025-02-12 14:00:00+00:00,191.87,2025-02-12 22:00:00+00:00,197.6261,initial_sl,False,197.6261,,False,100.0,1.0,100.0,100.0,0.5211862198363475,-3.0000000000000018,0.3245,0.0,-3.324500000000002,True,1.360296033772868,0.71,False,-0.9172877469119768,False,8.0,False,1.85021108041904,3.0000000000000018,True,DONCHIAN_55_NO_TRAIL,60,2025-02,False,True,50-75
p75,SOLUSDT,1,2025-02-14 10:00:00+00:00,199.86,2025-02-15 10:00:00+00:00,193.8642,initial_sl,False,193.8642,,False,100.0,1.0,100.0,100.0,0.5003502451716201,-3.000000000000001,0.3155,0.0,-3.315500000000001,True,0.8302240139526226,0.0,True,0.4553187231061795,True,24.0,False,2.731912338637036,3.0000000000000013,True,DONCHIAN_55_NO_TRAIL,60,2025-02,False,True,0-25
p76,SOLUSDT,-1,2025-02-16 14:00:00+00:00,190.61,2025-02-28 14:00:00+00:00,144.29,signal_reverse,False,196.3283,,False,100.0,1.0,100.0,100.0,0.5246314464088977,24.300928597660157,0.2835486071035098,0.0,24.017379990556645,True,0.8244208443568382,0.24,True,0.7869471696133501,True,288.0,False,34.174492419075605,0.3042862389171523,False,DONCHIAN_55_NO_TRAIL,60,2025-02,True,False,0-25
p77,SOLUSDT,1,2025-02-28 15:00:00+00:00,144.29,2025-02-28 23:00:00+00:00,148.1,end_of_data,False,139.9613,,False,100.0,1.0,100.0,100.0,0.6930487213251092,2.6405156282486675,0.323960773442373,0.0,2.316554854806294,True,2.8068473213666936,0.74,False,0.9910596714949094,True,8.0,False,3.0494143738304844,0.5821609259130941,False,DONCHIAN_55_NO_TRAIL,60,2025-02,True,False,50-75
p2,XRPUSDT,-1,2024-04-01 16:00:00+00:00,0.6001,2024-04-02 00:00:00+00:00,0.618103,initial_sl,False,0.618103,,False,100.0,1.0,100.0,100.0,166.63889351774705,-2.9999999999999987,0.3245,0.0,-3.3244999999999987,True,1.6104458780679425,0.09,True,3.0161639726712264,True,2.0,False,0.2166305615730658,2.9999999999999987,True,DONCHIAN_55_NO_TRAIL,240,2024-04,False,True,0-25
p3,XRPUSDT,1,2024-04-22 20:00:00+00:00,0.5511,2024-04-24 12:00:00+00:00,0.534567,initial_sl,False,0.534567,,False,100.0,1.0,100.0,100.0,181.4552712756305,-3.000000000000003,0.3155,0.0,-3.3155000000000032,True,1.729009513440651,0.18,True,0.5443658138268859,True,10.0,False,3.7016875340228586,3.000000000000004,True,DONCHIAN_55_NO_TRAIL,240,2024-04,False,True,0-25
p4,XRPUSDT,-1,2024-04-30 12:00:00+00:00,0.4968,2024-05-01 16:00:00+00:00,0.511704,initial_sl,False,0.511704,,False,100.0,1.0,100.0,100.0,201.28824476650564,-3.0000000000000058,0.3245,0.0,-3.324500000000006,True,1.7627099148838286,0.18,True,0.6038647342995196,True,7.0,False,3.8244766505636094,3.0000000000000058,True,DONCHIAN_55_NO_TRAIL,240,2024-04,False,True,0-25
p5,XRPUSDT,1,2024-05-06 16:00:00+00:00,0.5593,2024-05-06 16:00:00+00:00,0.542521,initial_sl,False,0.542521,,False,100.0,1.0,100.0,100.0,178.79492222420882,-2.999999999999998,0.3155,0.0,-3.315499999999998,True,1.5785037419223027,0.24,True,-3.4507419989272314,False,0.0,False,0.0,2.999999999999998,True,DONCHIAN_55_NO_TRAIL,240,2024-05,False,True,0-25
p6,XRPUSDT,-1,2024-05-13 04:00:00+00:00,0.4929,2024-05-13 08:00:00+00:00,0.507687,initial_sl,False,0.507687,,False,100.0,1.0,100.0,100.0,202.8809089064719,-2.9999999999999987,0.3245,0.0,-3.3244999999999987,True,1.092658609396284,0.04,True,-2.779468452018685,False,1.0,False,0.5883546358287712,2.9999999999999987,True,DONCHIAN_55_NO_TRAIL,240,2024-05,False,True,0-25
p7,XRPUSDT,1,2024-05-20 20:00:00+00:00,0.5335,2024-05-23 12:00:00+00:00,0.5174949999999999,initial_sl,False,0.5174949999999999,,False,100.0,1.0,100.0,100.0,187.44142455482665,-3.000000000000009,0.3155,0.0,-3.315500000000009,True,1.2317579327888604,0.34,True,0.7497656982193179,True,16.0,False,4.442361761949401,3.000000000000009,True,DONCHIAN_55_NO_TRAIL,240,2024-05,False,True,25-50
p8,XRPUSDT,-1,2024-06-07 20:00:00+00:00,0.4933,2024-06-17 12:00:00+00:00,0.508099,initial_sl,False,0.508099,,False,100.0,1.0,100.0,100.0,202.71639975674032,-2.9999999999999902,0.3245,0.0,-3.3244999999999902,True,2.0199241261475134,0.86,False,0.0405432799513549,True,58.0,False,7.0950739914859176,2.99999999999999,True,DONCHIAN_55_NO_TRAIL,240,2024-06,False,True,75-100
p9,XRPUSDT,1,2024-06-17 16:00:00+00:00,0.5093,2024-06-18 00:00:00+00:00,0.494021,initial_sl,False,0.494021,,False,100.0,1.0,100.0,100.0,196.347928529354,-2.9999999999999973,0.3155,0.0,-3.315499999999997,True,1.8470730133797075,0.81,False,-4.810524248969172,False,2.0,False,1.9242096995876756,2.999999999999998,True,DONCHIAN_55_NO_TRAIL,240,2024-06,False,True,75-100
p10,XRPUSDT,-1,2024-07-04 04:00:00+00:00,0.4594,2024-07-12 08:00:00+00:00,0.473182,initial_sl,False,0.473182,,False,100.0,1.0,100.0,100.0,217.67522855899,-3.000000000000004,0.3245,0.0,-3.324500000000004,True,1.6527769139871893,0.76,False,13.27818894209839,True,49.0,False,17.2181105790161,3.000000000000004,True,DONCHIAN_55_NO_TRAIL,240,2024-07,False,True,75-100
p11,XRPUSDT,1,2024-07-13 04:00:00+00:00,0.4922,2024-08-03 16:00:00+00:00,0.5424,signal_reverse,False,0.477434,,False,100.0,1.0,100.0,100.0,203.1694433157253,10.199106054449404,0.3352986590816741,0.0,9.86380739536773,True,2.2682417135891337,0.76,False,5.546525802519287,True,129.0,False,33.76676147907354,0.3657049979683104,False,DONCHIAN_55_NO_TRAIL,240,2024-07,True,False,75-100
p12,XRPUSDT,-1,2024-08-03 20:00:00+00:00,0.5424,2024-08-04 00:00:00+00:00,0.558672,initial_sl,False,0.558672,,False,100.0,1.0,100.0,100.0,184.3657817109145,-2.999999999999992,0.3245,0.0,-3.324499999999992,True,3.816371681415933,0.88,False,1.2721238938053103,True,1.0,False,0.4240412979350975,2.999999999999992,True,DONCHIAN_55_NO_TRAIL,240,2024-08,False,True,75-100
p13,XRPUSDT,1,2024-08-24 16:00:00+00:00,0.6195,2024-08-25 04:00:00+00:00,0.6009150000000001,initial_sl,False,0.6009150000000001,,False,100.0,1.0,100.0,100.0,161.42050040355124,-2.999999999999994,0.3155,0.0,-3.315499999999994,True,1.4239594142741825,0.17,True,-2.7764326069410927,False,3.0,False,1.0330912025827217,2.999999999999994,True,DONCHIAN_55_NO_TRAIL,240,2024-08,False,True,0-25
p14,XRPUSDT,-1,2024-08-30 16:00:00+00:00,0.5481,2024-08-30 20:00:00+00:00,0.564543,initial_sl,False,0.564543,,False,100.0,1.0,100.0,100.0,182.4484583105273,-2.999999999999997,0.3245,0.0,-3.324499999999997,True,2.169833450621631,0.8,False,-3.2475825579273643,False,1.0,False,0.437876299945278,2.9999999999999973,True,DONCHIAN_55_NO_TRAIL,240,2024-08,False,True,75-100
p15,XRPUSDT,1,2024-09-15 00:00:00+00:00,0.5952,2024-09-15 20:00:00+00:00,0.577344,initial_sl,False,0.577344,,False,100.0,1.0,100.0,100.0,168.01075268817206,-2.9999999999999973,0.3155,0.0,-3.315499999999997,True,1.5024961597542226,0.38,True,-4.149865591397839,False,5.0,False,0.0336021505376493,2.9999999999999973,True,DONCHIAN_55_NO_TRAIL,240,2024-09,False,True,25-50
p16,XRPUSDT,-1,2024-10-03 00:00:00+00:00,0.538,2024-10-14 12:00:00+00:00,0.5491,signal_reverse,False,0.5541400000000001,,False,100.0,1.0,100.0,100.0,185.87360594795535,-2.0631970260223045,0.3230947955390335,0.0,-2.386291821561338,True,4.2073818374933625,1.0,False,3.0855018587360727,True,69.0,False,6.115241635687739,2.732342007434932,False,DONCHIAN_55_NO_TRAIL,240,2024-10,False,True,75-100
p17,XRPUSDT,1,2024-10-14 16:00:00+00:00,0.5491,2024-10-15 12:00:00+00:00,0.5326270000000001,initial_sl,False,0.5326270000000001,,False,100.0,1.0,100.0,100.0,182.11619012930248,-2.9999999999999925,0.3155,0.0,-3.315499999999993,True,1.105705440070763,0.09,True,-1.8211619012930225,False,5.0,False,1.1473319978146006,2.9999999999999925,True,DONCHIAN_55_NO_TRAIL,240,2024-10,False,True,0-25
p18,XRPUSDT,-1,2024-10-23 08:00:00+00:00,0.5264,2024-11-06 00:00:00+00:00,0.5339,signal_reverse,False,0.542192,,False,100.0,1.0,100.0,100.0,189.9696048632219,-1.424772036474176,0.3221371580547112,0.0,-1.7469091945288873,True,1.4749782891880174,0.61,False,-0.4559270516717451,False,82.0,False,7.826747720364733,2.165653495440723,False,DONCHIAN_55_NO_TRAIL,240,2024-10,False,True,50-75
p19,XRPUSDT,1,2024-11-06 04:00:00+00:00,0.5339,2024-12-20 08:00:00+00:00,1.9667,signal_reverse,False,0.5178830000000001,,False,100.0,1.0,100.0,100.0,187.30099269526127,268.3648623337703,0.7225472935006555,0.0,267.64231504026964,True,1.7031011692933369,0.92,False,4.869825810076778,True,265.0,False,445.7576325154523,1.386027345944947,False,DONCHIAN_55_NO_TRAIL,240,2024-11,True,False,75-100
p20,XRPUSDT,-1,2024-12-20 12:00:00+00:00,1.9667,2024-12-20 12:00:00+00:00,2.025701,initial_sl,False,2.025701,,False,100.0,1.0,100.0,100.0,50.846595820409824,-2.999999999999993,0.3245,0.0,-3.324499999999993,True,7.061502589544488,0.82,False,-17.23699598311892,False,0.0,False,0.0,2.999999999999993,True,DONCHIAN_55_NO_TRAIL,240,2024-12,False,True,75-100
p21,XRPUSDT,1,2025-01-02 04:00:00+00:00,2.4238,2025-01-02 04:00:00+00:00,2.351086,initial_sl,False,2.351086,,False,100.0,1.0,100.0,100.0,41.25752949913359,-2.999999999999998,0.3155,0.0,-3.315499999999998,True,2.8821331321537573,0.44,True,1.8359600627114503,True,0.0,False,0.0,2.999999999999998,True,DONCHIAN_55_NO_TRAIL,240,2025-01,False,True,25-50
p22,XRPUSDT,-1,2025-01-27 08:00:00+00:00,2.8092,2025-01-27 12:00:00+00:00,2.893476,initial_sl,False,2.893476,,False,100.0,1.0,100.0,100.0,35.59732308130428,-3.0000000000000004,0.3245,0.0,-3.3245000000000005,True,2.4468074286527948,0.16,True,-10.458493521287204,False,1.0,False,3.3283497081019555,3.0000000000000004,True,DONCHIAN_55_NO_TRAIL,240,2025-01,False,True,0-25
p23,XRPUSDT,1,2025-02-14 12:00:00+00:00,2.7316,2025-02-17 04:00:00+00:00,2.649652,initial_sl,False,2.649652,,False,100.0,1.0,100.0,100.0,36.60858105139845,-3.0000000000000053,0.3155,0.0,-3.315500000000005,True,2.7595025416814822,0.42,True,2.364914335920343,True,16.0,False,3.814614145555721,3.000000000000005,True,DONCHIAN_55_NO_TRAIL,240,2025-02,False,True,25-50
p24,XRPUSDT,-1,2025-02-24 16:00:00+00:00,2.4315,2025-02-28 20:00:00+00:00,2.145,end_of_data,False,2.504445,,False,100.0,1.0,100.0,100.0,41.126876413736376,11.78285009253548,0.3023257248611968,0.0,11.480524367674285,True,2.1735554184659684,0.11,True,9.27411063129756,True,25.0,False,19.77380217972445,1.850709438618134,False,DONCHIAN_55_NO_TRAIL,240,2025-02,True,False,0-25
p8,XRPUSDT,-1,2024-03-05 20:00:00+00:00,0.5681,2024-03-05 21:00:00+00:00,0.5851430000000001,initial_sl,False,0.5851430000000001,,False,100.0,1.0,100.0,100.0,176.0253476500616,-3.0000000000000053,0.3245,0.0,-3.3245000000000053,True,3.2476676641436346,1.0,False,-3.203661327231111,False,1.0,False,1.848266150325658,3.000000000000005,True,DONCHIAN_55_NO_TRAIL,60,2024-03,False,True,75-100
p9,XRPUSDT,1,2024-03-11 16:00:00+00:00,0.6941,2024-03-12 17:00:00+00:00,0.673277,initial_sl,False,0.673277,,False,100.0,1.0,100.0,100.0,144.07145944388415,-3.000000000000005,0.3155,0.0,-3.315500000000005,True,1.754584559655876,1.0,False,5.273015415646154,True,25.0,False,7.419680161360032,3.000000000000005,True,DONCHIAN_55_NO_TRAIL,60,2024-03,False,True,75-100
p10,XRPUSDT,-1,2024-03-14 20:00:00+00:00,0.6521,2024-03-14 22:00:00+00:00,0.671663,initial_sl,False,0.671663,,False,100.0,1.0,100.0,100.0,153.35071308081584,-3.0,0.3245,0.0,-3.3245,True,2.53028676583346,0.88,False,-2.836988191995093,False,2.0,False,0.138015641772736,3.0,True,DONCHIAN_55_NO_TRAIL,60,2024-03,False,True,75-100
p11,XRPUSDT,1,2024-03-18 23:00:00+00:00,0.6333,2024-03-19 02:00:00+00:00,0.614301,initial_sl,False,0.614301,,False,100.0,1.0,100.0,100.0,157.90304752881732,-2.9999999999999987,0.3155,0.0,-3.315499999999999,True,1.4741377365726007,0.48,True,-4.37391441654823,False,3.0,False,5.637138796778788,2.9999999999999982,True,DONCHIAN_55_NO_TRAIL,60,2024-03,False,True,25-50
p12,XRPUSDT,-1,2024-03-27 08:00:00+00:00,0.6209,2024-03-29 14:00:00+00:00,0.639527,initial_sl,False,0.639527,,False,100.0,1.0,100.0,100.0,161.05653084232566,-2.999999999999992,0.3245,0.0,-3.324499999999992,True,0.6810390447046956,0.06,True,0.3060074086004172,True,54.0,False,2.770172330488,2.999999999999992,True,DONCHIAN_55_NO_TRAIL,60,2024-03,False,True,0-25
p13,XRPUSDT,1,2024-04-07 14:00:00+00:00,0.5999,2024-04-12 17:00:00+00:00,0.581903,initial_sl,False,0.581903,,False,100.0,1.0,100.0,100.0,166.6944490748458,-3.0000000000000067,0.3155,0.0,-3.3155000000000068,True,0.4715071559545661,0.05,True,-1.4335722620436586,False,123.0,False,7.334555759293222,3.0000000000000067,True,DONCHIAN_55_NO_TRAIL,60,2024-04,False,True,0-25
p14,XRPUSDT,-1,2024-04-12 18:00:00+00:00,0.5747,2024-04-19 19:00:00+00:00,0.5062,signal_reverse,False,0.5919409999999999,,False,100.0,1.0,100.0,100.0,174.00382808421784,11.919262223768923,0.3021211066643466,0.0,11.617141117104577,True,1.2577991001516329,0.83,False,4.85470680354968,True,169.0,False,29.59805115712545,0.3828084217852757,False,DONCHIAN_55_NO_TRAIL,60,2024-04,True,False,75-100
p15,XRPUSDT,1,2024-04-19 20:00:00+00:00,0.5062,2024-04-25 10:00:00+00:00,0.5169,signal_reverse,False,0.491014,,False,100.0,1.0,100.0,100.0,197.55037534571315,2.113789016199139,0.3231706835242987,0.0,1.7906183326748404,True,1.3235875148162817,0.34,True,-0.1975503753457119,False,134.0,False,12.900039510075077,2.1137890161991284,False,DONCHIAN_55_NO_TRAIL,60,2024-04,True,False,25-50
p16,XRPUSDT,-1,2024-04-25 11:00:00+00:00,0.5169,2024-04-26 05:00:00+00:00,0.5324070000000001,initial_sl,False,0.5324070000000001,,False,100.0,1.0,100.0,100.0,193.4610176049526,-3.0000000000000093,0.3245,0.0,-3.3245000000000093,True,1.1870215294475288,0.8,False,-1.8378796672470443,False,18.0,False,0.754497968659318,3.0000000000000093,True,DONCHIAN_55_NO_TRAIL,60,2024-04,False,True,75-100
p17,XRPUSDT,1,2024-05-03 20:00:00+00:00,0.5303,2024-05-07 23:00:00+00:00,0.5241,signal_reverse,False,0.514391,,False,100.0,1.0,100.0,100.0,188.57250612860645,-1.1691495379973569,0.318246275693004,0.0,-1.487395813690361,True,0.8256781875488272,0.2,True,-0.113143503677171,False,99.0,False,7.46747124269281,1.6594380539317424,False,DONCHIAN_55_NO_TRAIL,60,2024-05,False,True,0-25
p18,XRPUSDT,-1,2024-05-08 00:00:00+00:00,0.5241,2024-05-13 16:00:00+00:00,0.5105,signal_reverse,False,0.539823,,False,100.0,1.0,100.0,100.0,190.80328181644725,2.594924632703693,0.3161076130509445,0.0,2.278817019652749,True,0.9581050508354446,0.81,False,0.5342491890860557,True,136.0,False,7.231444380843349,1.0494180499904502,False,DONCHIAN_55_NO_TRAIL,60,2024-05,True,False,75-100
p19,XRPUSDT,1,2024-05-13 17:00:00+00:00,0.5105,2024-05-19 12:00:00+00:00,0.5141,signal_reverse,False,0.4951849999999999,,False,100.0,1.0,100.0,100.0,195.88638589618023,0.7051909892262581,0.3210577864838394,0.0,0.3841332027424187,True,0.8535049671190725,0.72,False,-1.273261508325163,False,139.0,False,3.604309500489733,2.9578844270323112,False,DONCHIAN_55_NO_TRAIL,60,2024-05,True,False,50-75
p20,XRPUSDT,-1,2024-05-19 13:00:00+00:00,0.5141,2024-05-20 19:00:00+00:00,0.529523,initial_sl,False,0.529523,,False,100.0,1.0,100.0,100.0,194.51468585878237,-2.9999999999999933,0.3245,0.0,-3.3244999999999933,True,0.4140384027565516,0.31,True,0.8947675549504042,True,30.0,False,1.886792452830197,2.999999999999993,True,DONCHIAN_55_NO_TRAIL,60,2024-05,False,True,25-50
p21,XRPUSDT,1,2024-05-20 20:00:00+00:00,0.5335,2024-05-23 12:00:00+00:00,0.5174949999999999,initial_sl,False,0.5174949999999999,,False,100.0,1.0,100.0,100.0,187.44142455482665,-3.000000000000009,0.3155,0.0,-3.315500000000009,True,0.8716026241799415,1.0,False,0.6560449859418949,True,64.0,False,4.442361761949401,3.000000000000009,True,DONCHIAN_55_NO_TRAIL,60,2024-05,False,True,75-100
p22,XRPUSDT,-1,2024-05-26 22:00:00+00:00,0.5296,2024-06-04 13:00:00+00:00,0.5275,signal_reverse,False,0.545488,,False,100.0,1.0,100.0,100.0,188.82175226586105,0.3965256797583064,0.3194052114803626,0.0,0.0771204682779438,True,0.5421881743634012,0.35,True,-0.415407854984906,False,207.0,False,4.021903323262838,2.2280966767371666,False,DONCHIAN_55_NO_TRAIL,60,2024-05,True,False,25-50
p23,XRPUSDT,1,2024-06-04 14:00:00+00:00,0.5275,2024-06-06 19:00:00+00:00,0.5204,signal_reverse,False,0.511675,,False,100.0,1.0,100.0,100.0,189.5734597156398,-1.3459715639810417,0.3179810426540285,0.0,-1.6639526066350705,True,0.5592417061611344,0.68,False,-0.0189573459715597,False,53.0,False,1.0236966824644689,1.535545023696682,False,DONCHIAN_55_NO_TRAIL,60,2024-06,False,True,50-75
p24,XRPUSDT,-1,2024-06-06 20:00:00+00:00,0.5204,2024-06-10 14:00:00+00:00,0.5028,signal_reverse,False,0.5360119999999999,,False,100.0,1.0,100.0,100.0,192.15987701767872,3.3820138355111355,0.3149269792467333,0.0,3.0670868562644023,True,0.488635115844954,0.37,True,-0.3651037663335854,False,90.0,False,13.912375096079932,1.5564950038431968,False,DONCHIAN_55_NO_TRAIL,60,2024-06,True,False,25-50
p25,XRPUSDT,1,2024-06-10 15:00:00+00:00,0.5028,2024-06-11 01:00:00+00:00,0.487716,initial_sl,False,0.487716,,False,100.0,1.0,100.0,100.0,198.88623707239455,-2.999999999999997,0.3155,0.0,-3.315499999999997,True,0.6378565746107518,0.86,False,-1.2728719172633296,False,10.0,False,0.6165473349244215,2.9999999999999973,True,DONCHIAN_55_NO_TRAIL,60,2024-06,False,True,75-100
p26,XRPUSDT,-1,2024-06-11 02:00:00+00:00,0.4876,2024-06-15 19:00:00+00:00,0.502228,initial_sl,False,0.502228,,False,100.0,1.0,100.0,100.0,205.0861361771944,-3.000000000000006,0.3245,0.0,-3.3245000000000062,True,0.8598968709715211,0.86,False,0.4101722723543921,True,113.0,False,6.009023789991796,3.000000000000006,True,DONCHIAN_55_NO_TRAIL,60,2024-06,False,True,75-100
p27,XRPUSDT,1,2024-06-15 20:00:00+00:00,0.4939,2024-06-18 01:00:00+00:00,0.479083,initial_sl,False,0.479083,,False,100.0,1.0,100.0,100.0,202.47013565499088,-3.000000000000005,0.3155,0.0,-3.315500000000005,True,0.6377809273132218,0.3,True,-1.0933387325369526,False,53.0,False,5.405952621988246,3.000000000000005,True,DONCHIAN_55_NO_TRAIL,60,2024-06,False,True,25-50
p28,XRPUSDT,-1,2024-06-18 02:00:00+00:00,0.4833,2024-06-18 07:00:00+00:00,0.497799,initial_sl,False,0.497799,,False,100.0,1.0,100.0,100.0,206.9108214359611,-2.999999999999997,0.3245,0.0,-3.324499999999997,True,2.2612396914072863,1.0,False,-3.5174839644113387,False,5.0,False,0.7241878750258645,2.9999999999999964,True,DONCHIAN_55_NO_TRAIL,60,2024-06,False,True,75-100
p29,XRPUSDT,1,2024-06-28 11:00:00+00:00,0.4797,2024-07-03 12:00:00+00:00,0.4748,signal_reverse,False,0.465309,,False,100.0,1.0,100.0,100.0,208.46362309776944,-1.0214717531790736,0.3184677923702314,0.0,-1.339939545549305,True,0.5152029542273455,0.24,True,-1.1048572024181855,False,121.0,False,1.8761726078799263,2.3139462163852405,False,DONCHIAN_55_NO_TRAIL,60,2024-06,False,True,0-25
p30,XRPUSDT,-1,2024-07-03 13:00:00+00:00,0.4748,2024-07-11 01:00:00+00:00,0.4426,signal_reverse,False,0.489044,,False,100.0,1.0,100.0,100.0,210.61499578770008,6.781802864363944,0.3098272957034541,0.0,6.47197556866049,True,0.6920207004453026,1.0,False,1.6427969671440557,True,180.0,False,19.903117101937653,0.8213984835720334,False,DONCHIAN_55_NO_TRAIL,60,2024-07,True,False,75-100
p31,XRPUSDT,1,2024-07-11 02:00:00+00:00,0.4426,2024-07-19 00:00:00+00:00,0.5515,signal_reverse,False,0.429322,,False,100.0,1.0,100.0,100.0,225.93764121102572,24.604609127880703,0.3569069136918211,0.0,24.247702214188884,True,0.7230004518752807,0.23,True,0.3840939900587425,True,190.0,False,44.170808856755535,1.5137821961138689,False,DONCHIAN_55_NO_TRAIL,60,2024-07,True,False,0-25
p32,XRPUSDT,-1,2024-07-19 01:00:00+00:00,0.5515,2024-07-19 14:00:00+00:00,0.568045,initial_sl,False,0.568045,,False,100.0,1.0,100.0,100.0,181.3236627379873,-3.0000000000000058,0.3245,0.0,-3.324500000000006,True,1.685014894443723,0.42,True,-0.4170444242973747,False,13.0,False,2.1758839528558496,3.0000000000000058,True,DONCHIAN_55_NO_TRAIL,60,2024-07,False,True,25-50
p33,XRPUSDT,1,2024-07-22 12:00:00+00:00,0.6108,2024-07-23 11:00:00+00:00,0.592476,initial_sl,False,0.592476,,False,100.0,1.0,100.0,100.0,163.71971185330713,-3.000000000000001,0.3155,0.0,-3.315500000000001,True,1.3272990925250234,0.24,True,0.6221349050425706,True,23.0,False,2.030124426981003,3.000000000000001,True,DONCHIAN_55_NO_TRAIL,60,2024-07,False,True,0-25
p34,XRPUSDT,-1,2024-08-01 15:00:00+00:00,0.5936,2024-08-07 19:00:00+00:00,0.5329,signal_reverse,False,0.6114080000000001,,False,100.0,1.0,100.0,100.0,168.46361185983827,10.225741239892178,0.3046613881401617,0.0,9.921079851752015,True,1.605217558721601,0.72,False,0.8086253369272267,True,148.0,False,27.32479784366577,0.9939353099730486,False,DONCHIAN_55_NO_TRAIL,60,2024-08,True,False,50-75
p35,XRPUSDT,1,2024-08-07 20:00:00+00:00,0.5329,2024-08-07 20:00:00+00:00,0.5169130000000001,initial_sl,False,0.5169130000000001,,False,100.0,1.0,100.0,100.0,187.6524676299493,-2.9999999999999947,0.3155,0.0,-3.315499999999995,True,1.742487199420958,0.54,False,13.773691124038256,True,0.0,False,0.0,2.9999999999999947,True,DONCHIAN_55_NO_TRAIL,60,2024-08,False,True,50-75
p36,XRPUSDT,-1,2024-08-11 20:00:00+00:00,0.559,2024-08-12 08:00:00+00:00,0.57577,initial_sl,False,0.57577,,False,100.0,1.0,100.0,100.0,178.89087656529514,-2.999999999999991,0.3245,0.0,-3.324499999999991,True,1.226680296447738,0.38,True,-0.1967799642218271,False,12.0,False,2.486583184257607,2.999999999999991,True,DONCHIAN_55_NO_TRAIL,60,2024-08,False,True,25-50
p37,XRPUSDT,1,2024-08-13 18:00:00+00:00,0.5826,2024-08-14 14:00:00+00:00,0.565122,initial_sl,False,0.565122,,False,100.0,1.0,100.0,100.0,171.64435290078956,-2.9999999999999987,0.3155,0.0,-3.315499999999999,True,1.1549212888038831,0.42,True,-1.06419498798489,False,20.0,False,0.0686577411603082,2.9999999999999987,True,DONCHIAN_55_NO_TRAIL,60,2024-08,False,True,25-50
p38,XRPUSDT,-1,2024-08-15 19:00:00+00:00,0.5612,2024-08-18 12:00:00+00:00,0.578036,initial_sl,False,0.578036,,False,100.0,1.0,100.0,100.0,178.1895937277263,-2.9999999999999933,0.3245,0.0,-3.3244999999999933,True,0.9240403217594936,0.24,True,0.3029223093371391,True,65.0,False,2.2273699215965905,2.999999999999993,True,DONCHIAN_55_NO_TRAIL,60,2024-08,False,True,0-25
p39,XRPUSDT,1,2024-08-19 18:00:00+00:00,0.5982,2024-08-26 17:00:00+00:00,0.5802539999999999,initial_sl,False,0.5802539999999999,,False,100.0,1.0,100.0,100.0,167.1681711802073,-3.000000000000003,0.3155,0.0,-3.3155000000000032,True,1.321822610689212,1.0,False,-0.0167168171180231,False,167.0,False,5.44968238047477,3.000000000000003,True,DONCHIAN_55_NO_TRAIL,60,2024-08,False,True,75-100
p40,XRPUSDT,-1,2024-08-26 18:00:00+00:00,0.5804,2024-08-27 15:00:00+00:00,0.597812,initial_sl,False,0.597812,,False,100.0,1.0,100.0,100.0,172.2949689869056,-2.9999999999999973,0.3245,0.0,-3.3244999999999973,True,0.9586984345771412,0.88,False,-1.171605789110952,False,21.0,False,0.3445899379738114,2.999999999999997,True,DONCHIAN_55_NO_TRAIL,60,2024-08,False,True,75-100
p41,XRPUSDT,1,2024-09-09 17:00:00+00:00,0.5358,2024-09-11 13:00:00+00:00,0.5262,signal_reverse,False,0.519726,,False,100.0,1.0,100.0,100.0,186.63680477790217,-1.7917133258678708,0.3173124300111982,0.0,-2.109025755879069,True,0.6159014557670774,0.55,False,0.5972377752892832,True,44.0,False,1.2877939529675075,1.8663680477790237,False,DONCHIAN_55_NO_TRAIL,60,2024-09,False,True,50-75
p42,XRPUSDT,-1,2024-09-11 14:00:00+00:00,0.5262,2024-09-12 12:00:00+00:00,0.541986,initial_sl,False,0.541986,,False,100.0,1.0,100.0,100.0,190.0418091980236,-2.999999999999994,0.3245,0.0,-3.324499999999994,True,0.7370907313894773,0.99,False,-1.881413911060448,False,22.0,False,0.6841505131128939,2.999999999999994,True,DONCHIAN_55_NO_TRAIL,60,2024-09,False,True,75-100
p43,XRPUSDT,1,2024-09-12 13:00:00+00:00,0.5766,2024-09-12 14:00:00+00:00,0.559302,initial_sl,False,0.559302,,False,100.0,1.0,100.0,100.0,173.4304543877905,-3.000000000000006,0.3155,0.0,-3.3155000000000063,True,1.0120905802487488,1.0,False,-2.6708289975719723,False,1.0,False,0.7630939993062712,3.000000000000006,True,DONCHIAN_55_NO_TRAIL,60,2024-09,False,True,75-100
p44,XRPUSDT,-1,2024-09-16 02:00:00+00:00,0.5623,2024-09-16 16:00:00+00:00,0.579169,initial_sl,False,0.579169,,False,100.0,1.0,100.0,100.0,177.84101013693757,-3.000000000000004,0.3245,0.0,-3.324500000000004,True,0.8358527476436105,0.52,False,-1.707273697314582,False,14.0,False,0.5335230304108132,3.000000000000004,True,DONCHIAN_55_NO_TRAIL,60,2024-09,False,True,50-75
p45,XRPUSDT,1,2024-09-21 17:00:00+00:00,0.6043,2024-09-22 14:00:00+00:00,0.586171,initial_sl,False,0.586171,,False,100.0,1.0,100.0,100.0,165.48072149594574,-2.9999999999999925,0.3155,0.0,-3.315499999999993,True,0.5496323963972481,0.12,True,-0.9928843289756516,False,21.0,False,1.3900380605659564,2.999999999999992,True,DONCHIAN_55_NO_TRAIL,60,2024-09,False,True,0-25
p46,XRPUSDT,-1,2024-09-26 01:00:00+00:00,0.5771,2024-09-26 16:00:00+00:00,0.594413,initial_sl,False,0.594413,,False,100.0,1.0,100.0,100.0,173.28019407381737,-3.000000000000004,0.3245,0.0,-3.324500000000004,True,0.6881699136074446,0.56,False,-1.316929474961026,False,15.0,False,0.1386241552590386,3.0000000000000044,True,DONCHIAN_55_NO_TRAIL,60,2024-09,False,True,50-75
p47,XRPUSDT,1,2024-09-28 08:00:00+00:00,0.6074,2024-10-01 17:00:00+00:00,0.5891780000000001,initial_sl,False,0.5891780000000001,,False,100.0,1.0,100.0,100.0,164.63615409944023,-2.9999999999999933,0.3155,0.0,-3.315499999999993,True,0.6667764241027326,0.85,False,2.10734277247282,True,81.0,False,9.68060586104708,2.9999999999999933,True,DONCHIAN_55_NO_TRAIL,60,2024-09,False,True,75-100
p48,XRPUSDT,-1,2024-10-02 19:00:00+00:00,0.5689,2024-10-07 01:00:00+00:00,0.5389,signal_reverse,False,0.5859669999999999,,False,100.0,1.0,100.0,100.0,175.77781683951486,5.273334505185431,0.3120899982422219,0.0,4.961244506943209,True,1.6159003590889665,0.77,False,6.521357004745987,True,102.0,False,11.214624714361044,1.5820003515556351,False,DONCHIAN_55_NO_TRAIL,60,2024-10,True,False,75-100
p49,XRPUSDT,1,2024-10-07 02:00:00+00:00,0.5389,2024-10-08 15:00:00+00:00,0.522733,initial_sl,False,0.522733,,False,100.0,1.0,100.0,100.0,185.56318426424195,-3.0000000000000075,0.3155,0.0,-3.315500000000008,True,0.6375420830792917,0.29,True,0.2041195026906583,True,37.0,False,1.298942289849695,3.0000000000000075,True,DONCHIAN_55_NO_TRAIL,60,2024-10,False,True,25-50
p50,XRPUSDT,-1,2024-10-13 11:00:00+00:00,0.5311,2024-10-14 15:00:00+00:00,0.547033,initial_sl,False,0.547033,,False,100.0,1.0,100.0,100.0,188.28845791752968,-2.999999999999995,0.3245,0.0,-3.324499999999995,True,0.3564031524867491,0.07,True,0.2636038410845587,True,28.0,False,1.2427038222557052,2.999999999999995,True,DONCHIAN_55_NO_TRAIL,60,2024-10,False,True,0-25
p51,XRPUSDT,1,2024-10-14 16:00:00+00:00,0.5491,2024-10-15 15:00:00+00:00,0.5326270000000001,initial_sl,False,0.5326270000000001,,False,100.0,1.0,100.0,100.0,182.11619012930248,-2.9999999999999925,0.3155,0.0,-3.315499999999993,True,0.7193589510107451,0.83,False,-0.7648879985430623,False,23.0,False,1.1473319978146006,2.9999999999999925,True,DONCHIAN_55_NO_TRAIL,60,2024-10,False,True,75-100
p52,XRPUSDT,-1,2024-10-22 10:00:00+00:00,0.534,2024-10-28 09:00:00+00:00,0.5193,signal_reverse,False,0.5500200000000001,,False,100.0,1.0,100.0,100.0,187.26591760299624,2.752808988764053,0.3158707865168539,0.0,2.4369382022471995,True,0.7062600321027296,0.78,False,0.1123595505618024,True,143.0,False,9.138576779026218,0.4681647940074806,False,DONCHIAN_55_NO_TRAIL,60,2024-10,True,False,75-100
p53,XRPUSDT,1,2024-10-28 10:00:00+00:00,0.5193,2024-10-31 13:00:00+00:00,0.5145,signal_reverse,False,0.503721,,False,100.0,1.0,100.0,100.0,192.5669170036588,-0.9243212016175671,0.3186135181975736,0.0,-1.2429347198151408,True,0.4497812990014069,0.36,True,-1.0783747352204776,False,75.0,False,2.253032928942816,1.598305411130363,False,DONCHIAN_55_NO_TRAIL,60,2024-10,False,True,25-50
p54,XRPUSDT,-1,2024-10-31 14:00:00+00:00,0.5145,2024-11-06 00:00:00+00:00,0.5201,signal_reverse,False,0.5299349999999999,,False,100.0,1.0,100.0,100.0,194.3634596695821,-1.0884353741496695,0.3216326530612245,0.0,-1.410068027210894,True,0.5442176870748333,0.6,False,1.6326530612244872,True,130.0,False,4.859086491739546,1.943634596695823,False,DONCHIAN_55_NO_TRAIL,60,2024-10,False,True,50-75
p55,XRPUSDT,1,2024-11-06 01:00:00+00:00,0.5201,2024-11-24 12:00:00+00:00,1.3383,signal_reverse,False,0.504497,,False,100.0,1.0,100.0,100.0,192.27071716977505,157.31590078830996,0.555973851182465,0.0,156.7599269371275,True,0.8679649517949819,0.81,False,2.9609690444145187,True,443.0,False,215.24706787156316,0.4806767929244487,False,DONCHIAN_55_NO_TRAIL,60,2024-11,True,False,75-100
p56,XRPUSDT,-1,2024-11-24 13:00:00+00:00,1.3383,2024-11-24 13:00:00+00:00,1.378449,initial_sl,False,1.378449,,False,100.0,1.0,100.0,100.0,74.72166180975864,-2.999999999999999,0.3245,0.0,-3.324499999999999,True,2.936561309123514,0.44,True,-4.371217215870882,False,0.0,False,0.0,2.999999999999999,True,DONCHIAN_55_NO_TRAIL,60,2024-11,False,True,25-50
p57,XRPUSDT,1,2024-11-29 00:00:00+00:00,1.544,2024-12-05 01:00:00+00:00,2.2375,signal_reverse,False,1.49768,,False,100.0,1.0,100.0,100.0,64.76683937823834,44.91580310880828,0.3873737046632125,0.0,44.528429404145065,True,1.562731310140636,0.02,True,1.405440414507786,True,145.0,False,88.71761658031089,1.2305699481865366,False,DONCHIAN_55_NO_TRAIL,60,2024-11,True,False,0-25
p58,XRPUSDT,-1,2024-12-05 02:00:00+00:00,2.2375,2024-12-05 02:00:00+00:00,2.304625,initial_sl,False,2.304625,,False,100.0,1.0,100.0,100.0,44.6927374301676,-2.999999999999995,0.3245,0.0,-3.324499999999995,True,4.579728651237032,0.66,False,-6.252513966480455,False,0.0,False,0.0,2.9999999999999947,True,DONCHIAN_55_NO_TRAIL,60,2024-12,False,True,50-75
p59,XRPUSDT,1,2024-12-07 16:00:00+00:00,2.5424,2024-12-09 00:00:00+00:00,2.4661280000000003,initial_sl,False,2.4661280000000003,,False,100.0,1.0,100.0,100.0,39.33291378225299,-2.999999999999996,0.3155,0.0,-3.315499999999996,True,1.6078733255416684,0.01,True,-0.6568596601636334,False,32.0,False,4.232221522970409,2.999999999999996,True,DONCHIAN_55_NO_TRAIL,60,2024-12,False,True,0-25
p60,XRPUSDT,-1,2024-12-09 09:00:00+00:00,2.3705,2024-12-09 13:00:00+00:00,2.441615,initial_sl,False,2.441615,,False,100.0,1.0,100.0,100.0,42.18519299725797,-2.9999999999999925,0.3245,0.0,-3.3244999999999925,True,2.2981890499291877,0.63,False,-3.8346340434507455,False,4.0,False,1.337270618013071,2.9999999999999925,True,DONCHIAN_55_NO_TRAIL,60,2024-12,False,True,50-75
p61,XRPUSDT,1,2024-12-14 06:00:00+00:00,2.5166,2024-12-14 10:00:00+00:00,2.441102,initial_sl,False,2.441102,,False,100.0,1.0,100.0,100.0,39.73615195104506,-3.0000000000000027,0.3155,0.0,-3.315500000000003,True,1.3680589457431234,0.0,True,-3.381546531033919,False,4.0,False,0.0278153063657373,3.0000000000000027,True,DONCHIAN_55_NO_TRAIL,60,2024-12,False,True,0-25
p62,XRPUSDT,-1,2024-12-16 12:00:00+00:00,2.3494,2024-12-16 16:00:00+00:00,2.4198820000000003,initial_sl,False,2.4198820000000003,,False,100.0,1.0,100.0,100.0,42.56405890865753,-3.0000000000000067,0.3245,0.0,-3.3245000000000067,True,1.3000279706672828,0.34,True,-7.09117221418234,False,4.0,False,0.2724099770154159,3.000000000000006,True,DONCHIAN_55_NO_TRAIL,60,2024-12,False,True,25-50
p63,XRPUSDT,1,2024-12-16 17:00:00+00:00,2.5174,2024-12-17 00:00:00+00:00,2.441878,initial_sl,False,2.441878,,False,100.0,1.0,100.0,100.0,39.72352427107333,-2.9999999999999947,0.3155,0.0,-3.315499999999995,True,1.5948994994835957,0.67,False,-0.4607928815444473,False,7.0,False,1.128148089298482,2.9999999999999947,True,DONCHIAN_55_NO_TRAIL,60,2024-12,False,True,50-75
p64,XRPUSDT,-1,2024-12-18 21:00:00+00:00,2.328,2024-12-19 10:00:00+00:00,2.39784,initial_sl,False,2.39784,,False,100.0,1.0,100.0,100.0,42.9553264604811,-3.0000000000000058,0.3245,0.0,-3.324500000000006,True,2.654332351497301,1.0,False,1.6065292096219874,True,13.0,False,6.683848797250849,3.0000000000000053,True,DONCHIAN_55_NO_TRAIL,60,2024-12,False,True,75-100
p65,XRPUSDT,1,2024-12-24 14:00:00+00:00,2.3216,2024-12-26 04:00:00+00:00,2.251952,initial_sl,False,2.251952,,False,100.0,1.0,100.0,100.0,43.0737422467264,-2.9999999999999973,0.3155,0.0,-3.315499999999997,True,1.2386777591808646,0.03,True,-0.6977946243969635,False,38.0,False,1.257753273604406,2.999999999999997,True,DONCHIAN_55_NO_TRAIL,60,2024-12,False,True,0-25
p66,XRPUSDT,-1,2024-12-26 09:00:00+00:00,2.1859,2025-01-01 12:00:00+00:00,2.167,signal_reverse,False,2.2514770000000004,,False,100.0,1.0,100.0,100.0,45.747746923464014,0.8646324168534864,0.3187030513747197,0.0,0.5459293654787666,True,1.2185239162685508,0.31,True,0.9378288119310184,True,147.0,False,8.82474038153621,2.3971819387895144,False,DONCHIAN_55_NO_TRAIL,60,2024-12,True,False,25-50
p67,XRPUSDT,1,2025-01-01 13:00:00+00:00,2.167,2025-01-05 09:00:00+00:00,2.3489,signal_reverse,False,2.10199,,False,100.0,1.0,100.0,100.0,46.14674665436087,8.39409321642825,0.3325911398246424,0.0,8.061502076603606,True,1.126969477223284,0.5,True,7.101984310106135,True,92.0,False,15.828334102445778,0.4383940932164107,False,DONCHIAN_55_NO_TRAIL,60,2025-01,True,False,25-50
p68,XRPUSDT,-1,2025-01-05 10:00:00+00:00,2.3489,2025-01-06 02:00:00+00:00,2.419367,initial_sl,False,2.419367,,False,100.0,1.0,100.0,100.0,42.57311933245349,-2.999999999999993,0.3245,0.0,-3.324499999999993,True,0.9408659372472252,0.17,True,-0.7705734599174008,False,16.0,False,0.945123249180458,2.999999999999993,True,DONCHIAN_55_NO_TRAIL,60,2025-01,False,True,0-25
p69,XRPUSDT,1,2025-01-11 11:00:00+00:00,2.3858,2025-01-26 23:00:00+00:00,3.0205,signal_reverse,False,2.314226,,False,100.0,1.0,100.0,100.0,41.91466174867968,26.603235811887,0.3599048537178305,0.0,26.243330958169167,True,0.8526639761445715,0.05,True,3.684298767708949,True,372.0,False,42.64816832928158,2.3807527873250045,False,DONCHIAN_55_NO_TRAIL,60,2025-01,True,False,0-25
p70,XRPUSDT,-1,2025-01-27 00:00:00+00:00,3.0205,2025-01-28 04:00:00+00:00,3.1111150000000003,initial_sl,False,3.1111150000000003,,False,100.0,1.0,100.0,100.0,33.10710147326601,-3.000000000000004,0.3245,0.0,-3.324500000000004,True,0.6451155201362114,0.28,True,2.8472107267008884,True,28.0,False,12.266181095845068,3.000000000000004,True,DONCHIAN_55_NO_TRAIL,60,2025-01,False,True,25-50
p71,XRPUSDT,1,2025-01-28 13:00:00+00:00,3.1681,2025-01-28 20:00:00+00:00,3.073057,initial_sl,False,3.073057,,False,100.0,1.0,100.0,100.0,31.56466020643288,-3.0,0.3155,0.0,-3.3155,True,1.3829830407589938,0.69,False,-1.0163820586471362,False,7.0,False,1.4425049714339848,3.0,True,DONCHIAN_55_NO_TRAIL,60,2025-01,False,True,50-75
p72,XRPUSDT,-1,2025-02-01 10:00:00+00:00,2.9736,2025-02-11 05:00:00+00:00,2.5157,signal_reverse,False,3.062808,,False,100.0,1.0,100.0,100.0,33.629270917406515,15.398843153080442,0.2969017352703794,0.0,15.101941417810062,True,0.942580421999309,0.47,True,0.0739843960182895,True,235.0,False,40.7923056228141,1.1198547215496404,False,DONCHIAN_55_NO_TRAIL,60,2025-02,True,False,25-50
p73,XRPUSDT,1,2025-02-11 06:00:00+00:00,2.5157,2025-02-11 13:00:00+00:00,2.440229,initial_sl,False,2.440229,,False,100.0,1.0,100.0,100.0,39.75036769090114,-2.999999999999994,0.3155,0.0,-3.315499999999994,True,1.0567919181823833,0.01,True,-0.8069324641252873,False,7.0,False,0.4968795961362713,2.999999999999994,True,DONCHIAN_55_NO_TRAIL,60,2025-02,False,True,0-25
p74,XRPUSDT,-1,2025-02-17 17:00:00+00:00,2.616,2025-02-19 21:00:00+00:00,2.69448,initial_sl,False,2.69448,,False,100.0,1.0,100.0,100.0,38.2262996941896,-2.999999999999995,0.3245,0.0,-3.324499999999995,True,1.5287789427697716,0.66,False,-1.3302752293577802,False,52.0,False,5.653669724770639,2.999999999999996,True,DONCHIAN_55_NO_TRAIL,60,2025-02,False,True,50-75
p75,XRPUSDT,1,2025-02-20 00:00:00+00:00,2.7355,2025-02-21 01:00:00+00:00,2.653435,initial_sl,False,2.653435,,False,100.0,1.0,100.0,100.0,36.55638822884299,-3.000000000000002,0.3155,0.0,-3.3155000000000023,True,1.6238869885369602,0.9,False,-0.6507037104734104,False,25.0,False,0.4167428258088129,3.0000000000000018,True,DONCHIAN_55_NO_TRAIL,60,2025-02,False,True,75-100
p76,XRPUSDT,-1,2025-02-21 20:00:00+00:00,2.524,2025-02-22 01:00:00+00:00,2.59972,initial_sl,False,2.59972,,False,100.0,1.0,100.0,100.0,39.61965134706814,-3.0,0.3245,0.0,-3.3245,True,1.892404346841746,1.0,False,-2.721870047543562,False,5.0,False,0.3129952456418479,3.0000000000000004,True,DONCHIAN_55_NO_TRAIL,60,2025-02,False,True,75-100
