symbol,interval,strategy,activate_pct,trail_pct,no_trail,max_sl_pct,cooldown_candles,mask_mode,n_calls,net_pnl,gross_pnl,total_costs,win_rate,n_trades,n_wins,n_losses,sum_wins,sum_losses,avg_winner,avg_loser,breakeven_win_rate_pct,mean_bars_held,exit_initial_sl,exit_trailing_sl,exit_signal_reverse,exit_end_of_data,max_drawdown_pct,final_equity,survived,seconds
SOLUSDT,240,ADX14_DI_25,10.0,,True,0.03,0,one_shot,201,-14.448778,42.261167,56.709945,30.51,177,54,123,332.696813,-347.145591,6.161052,-2.822322,31.4172,10.09,91,0,85,1,18.012,485.551222,True,0.09
SOLUSDT,240,ADX14_EMA13_34,10.0,,True,0.03,0,one_shot,110,-11.278789,14.406722,25.685511,21.25,80,17,63,184.650007,-195.928796,10.861765,-3.109981,22.2591,22.06,56,0,23,1,16.6139,488.721211,True,0.09
SOLUSDT,240,ADX14_EMA21_50,10.0,,True,0.03,0,one_shot,95,0.431069,20.612923,20.181854,22.22,63,14,49,156.092543,-155.661474,11.149467,-3.176765,22.1745,29.06,45,0,17,1,10.7902,500.431069,True,0.13
SOLUSDT,240,ADX14_EMA8_21,10.0,,True,0.03,0,one_shot,126,-54.757393,-20.420957,34.336436,22.43,107,24,83,201.312102,-256.069496,8.388004,-3.085175,26.8903,16.93,71,0,35,1,17.2257,445.242607,True,0.11
SOLUSDT,240,BB_10_2_RSI14,10.0,,True,0.03,0,one_shot,120,25.531899,49.315155,23.783256,25.68,74,19,55,208.190399,-182.6585,10.957389,-3.321064,23.2593,21.32,55,0,18,1,14.5075,525.531899,True,0.16
SOLUSDT,240,BB_10_2_breakout,10.0,,True,0.03,0,one_shot,135,14.406102,42.345704,27.939602,22.99,87,20,67,224.396735,-209.990633,11.219837,-3.134189,21.8349,17.67,61,0,25,1,16.1327,514.406102,True,0.15
SOLUSDT,240,BB_20_25_ADX20,10.0,,True,0.03,0,one_shot,63,47.521673,58.945612,11.423939,28.57,35,10,25,129.535993,-82.014319,12.953599,-3.280573,20.2078,42.29,24,0,10,1,8.0221,547.521673,True,0.11
SOLUSDT,240,BB_20_25_ADX25,10.0,,True,0.03,0,one_shot,53,105.110801,114.985982,9.875182,30.0,30,9,21,174.889301,-69.7785,19.432145,-3.322786,14.6025,48.97,21,0,8,1,8.1513,605.110801,True,0.14
SOLUSDT,240,BB_20_25_EMA100,10.0,,True,0.03,0,one_shot,60,78.683424,88.523403,9.839979,26.67,30,8,22,149.412719,-70.729295,18.67659,-3.214968,14.6859,52.33,21,0,8,1,11.2905,578.683424,True,0.13
SOLUSDT,240,BB_20_25_EMA200,10.0,,True,0.03,0,one_shot,54,68.203338,76.399109,8.195771,28.0,25,7,18,125.634633,-57.431295,17.947805,-3.190628,15.094,64.4,17,0,7,1,11.0818,568.203338,True,0.18
SOLUSDT,240,BB_20_25_EMA50,10.0,,True,0.03,0,one_shot,67,39.639081,52.024402,12.385321,26.32,38,10,28,131.6179,-91.978819,13.16179,-3.284958,19.9733,37.92,27,0,10,1,9.2466,539.639081,True,0.15
SOLUSDT,240,BB_20_25_MACD,10.0,,True,0.03,0,one_shot,65,39.639081,52.024402,12.385321,26.32,38,10,28,131.6179,-91.978819,13.16179,-3.284958,19.9733,37.92,27,0,10,1,9.2466,539.639081,True,0.15
SOLUSDT,240,BB_20_25_RSI14,10.0,,True,0.03,0,one_shot,67,39.639081,52.024402,12.385321,26.32,38,10,28,131.6179,-91.978819,13.16179,-3.284958,19.9733,37.92,27,0,10,1,9.2466,539.639081,True,0.13
SOLUSDT,240,BB_20_25_RSI14_55,10.0,,True,0.03,0,one_shot,67,39.639081,52.024402,12.385321,26.32,38,10,28,131.6179,-91.978819,13.16179,-3.284958,19.9733,37.92,27,0,10,1,9.2466,539.639081,True,0.1
SOLUSDT,240,BB_20_25_SQ,10.0,,True,0.03,0,one_shot,34,-13.178166,-4.432044,8.746122,22.22,27,6,21,55.192779,-68.370945,9.198796,-3.255759,26.1411,44.04,20,0,6,1,8.1868,486.821834,True,0.13
SOLUSDT,240,BB_20_25_VOL12,10.0,,True,0.03,0,one_shot,62,-23.001417,-10.372267,12.62915,17.95,39,7,32,79.367405,-102.368822,11.338201,-3.199026,22.0057,30.92,30,0,8,1,12.7425,476.998583,True,0.12
SOLUSDT,240,BB_20_25_revert,10.0,,True,0.03,0,one_shot,67,-36.798946,-15.96699,20.831957,18.46,65,12,53,139.138554,-175.9375,11.594879,-3.319575,22.2574,9.52,53,0,11,1,16.5514,463.201054,True,0.1
SOLUSDT,240,BB_20_2_ADX20,10.0,,True,0.03,0,one_shot,125,82.643411,101.263405,18.619995,36.21,58,21,37,203.274375,-120.630965,9.679732,-3.260296,25.1954,31.41,36,0,21,1,7.3958,582.643411,True,0.11
SOLUSDT,240,BB_20_2_EMA100,10.0,,True,0.03,0,one_shot,116,64.893916,79.624638,14.730722,34.78,46,16,30,162.704666,-97.81075,10.169042,-3.260358,24.2778,42.52,29,0,16,1,7.6519,564.893916,True,0.12
SOLUSDT,240,BB_20_2_EMA200,10.0,,True,0.03,0,one_shot,107,106.594738,117.261525,10.666787,36.36,33,12,21,172.174283,-65.579545,14.347857,-3.122835,17.8747,62.52,19,0,13,1,7.5441,606.594738,True,0.11
SOLUSDT,240,BB_20_2_EMA50,10.0,,True,0.03,0,one_shot,127,75.270521,93.236888,17.966367,32.14,56,18,38,196.611086,-121.340565,10.922838,-3.193173,22.6209,33.43,36,0,19,1,6.951,575.270521,True,0.11
SOLUSDT,240,BB_20_2_MACD,10.0,,True,0.03,0,one_shot,127,85.052618,103.990749,18.938132,35.59,59,21,38,208.999082,-123.946465,9.952337,-3.261749,24.6839,30.9,37,0,21,1,7.3958,585.052618,True,0.13
SOLUSDT,240,BB_20_2_RSI14,10.0,,True,0.03,0,one_shot,132,85.052618,103.990749,18.938132,35.59,59,21,38,208.999082,-123.946465,9.952337,-3.261749,24.6839,30.93,37,0,21,1,7.3958,585.052618,True,0.13
SOLUSDT,240,BB_20_2_RSI14_55,10.0,,True,0.03,0,one_shot,132,81.315581,100.248098,18.932518,35.59,59,21,38,205.262045,-123.946465,9.774383,-3.261749,25.0208,30.92,37,0,21,1,7.3958,581.315581,True,0.13
SOLUSDT,240,BB_20_2_RSI7_50,10.0,,True,0.03,0,one_shot,131,88.368118,106.990749,18.622632,36.21,58,21,37,208.999082,-120.630965,9.952337,-3.260296,24.6756,31.43,36,0,21,1,7.3481,588.368118,True,0.13
SOLUSDT,240,BB_20_2_SQ,10.0,,True,0.03,0,one_shot,68,26.668549,39.236113,12.567563,30.77,39,12,27,116.340049,-89.6715,9.695004,-3.321167,25.5157,36.49,27,0,11,1,8.8971,526.668549,True,0.14
SOLUSDT,240,BB_20_2_VOL12,10.0,,True,0.03,0,one_shot,123,84.0336,100.077686,16.044086,34.0,50,17,33,191.296449,-107.262849,11.252732,-3.250389,22.4117,37.06,32,0,17,1,7.4542,584.0336,True,0.14
SOLUSDT,240,BB_20_2_breakout,10.0,,True,0.03,0,one_shot,132,85.052618,103.990749,18.938132,35.59,59,21,38,208.999082,-123.946465,9.952337,-3.261749,24.6839,30.93,37,0,21,1,7.3958,585.052618,True,0.13
SOLUSDT,240,BB_20_2_mid,10.0,,True,0.03,0,one_shot,273,-39.467164,47.951834,87.418998,24.91,273,68,205,402.277173,-441.744337,5.915841,-2.15485,26.6997,7.01,70,0,202,1,18.5704,460.532836,True,0.16
SOLUSDT,240,BB_20_2_revert,10.0,,True,0.03,0,one_shot,132,-7.638663,29.589184,37.227847,25.0,116,29,87,281.160837,-288.7995,9.695201,-3.319534,25.506,8.77,87,0,28,1,10.6675,492.361337,True,0.12
SOLUSDT,240,DONCHIAN_20,10.0,,True,0.03,0,one_shot,47,35.923125,50.756179,14.833054,23.91,46,11,35,146.724962,-110.801836,13.338633,-3.165767,19.1814,28.0,33,0,13,0,8.868,535.923125,True,0.12
SOLUSDT,240,DONCHIAN_PULLBACK_20,10.0,,True,0.03,0,one_shot,34,-35.91137,-26.070148,9.841223,9.68,31,3,28,54.34685,-90.258221,18.115617,-3.223508,15.1061,31.1,27,0,3,1,16.2303,464.08863,True,0.15
SOLUSDT,240,EMA3_13_34_100,10.0,,True,0.03,0,one_shot,44,-72.995982,-61.37337,11.622612,11.11,36,4,32,32.18705,-105.183032,8.046763,-3.28697,29.0017,35.72,31,0,5,0,19.8331,427.004018,True,0.11
SOLUSDT,240,EMA3_13_50_200,10.0,,True,0.03,0,one_shot,35,18.560554,27.070816,8.510262,7.69,26,2,24,97.169026,-78.608472,48.584513,-3.275353,6.3158,54.38,23,0,3,0,22.1603,518.560554,True,0.12
SOLUSDT,240,EMA3_21_50_200,10.0,,True,0.03,0,one_shot,34,25.200554,33.070816,7.870262,8.33,24,2,22,97.169026,-71.968472,48.584513,-3.271294,6.3084,57.71,21,0,3,0,21.095,525.200554,True,0.13
SOLUSDT,240,EMA3_8_21_100,10.0,,True,0.03,0,one_shot,73,13.728495,28.794345,15.06585,23.4,47,11,36,133.275495,-119.547,12.115954,-3.32075,21.512,39.98,36,0,10,1,11.5685,513.728495,True,0.13
SOLUSDT,240,EMA3_8_21_50,10.0,,True,0.03,0,one_shot,80,4.745561,23.303968,18.558407,22.41,58,13,45,154.159061,-149.4135,11.858389,-3.3203,21.8747,31.34,45,0,12,1,11.1909,504.745561,True,0.12
SOLUSDT,240,EMA3_8_34_100,10.0,,True,0.03,0,one_shot,53,-38.503448,-26.62426,11.879188,16.22,37,6,31,63.337085,-101.840532,10.556181,-3.285178,23.7345,41.81,30,0,6,1,18.9203,461.496552,True,0.14
SOLUSDT,240,EMA_13_34,10.0,,True,0.03,0,one_shot,63,0.344758,20.630476,20.285717,22.22,63,14,49,148.591801,-148.247042,10.6137,-3.02545,22.1821,23.63,39,0,24,0,9.986,500.344758,True,0.16
SOLUSDT,240,EMA_13_34_RSI14_55,10.0,,True,0.03,0,one_shot,194,19.684672,45.686128,26.001456,19.75,81,16,65,218.400073,-198.715401,13.650005,-3.05716,18.2985,23.94,55,0,25,1,13.7,519.684672,True,0.12
SOLUSDT,240,EMA_13_34_RSI7_55,10.0,,True,0.03,0,one_shot,240,28.664913,55.959944,27.29503,20.0,85,17,68,240.121236,-211.456323,14.124779,-3.109652,18.0433,24.72,60,0,24,1,11.7251,528.664913,True,0.12
SOLUSDT,240,EMA_13_34_VOL12,10.0,,True,0.03,0,one_shot,355,21.536767,47.786628,26.249861,23.17,82,19,63,207.971999,-186.435231,10.945895,-2.959289,21.2819,25.4,53,0,28,1,9.0251,521.536767,True,0.11
SOLUSDT,240,EMA_13_50,10.0,,True,0.03,0,one_shot,51,-1.7206,14.679529,16.40013,25.49,51,13,38,119.001137,-120.721737,9.153934,-3.176888,25.7638,30.18,34,0,17,0,8.7523,498.2794,True,0.18
SOLUSDT,240,EMA_21_100,10.0,,True,0.03,0,one_shot,35,26.826578,38.074508,11.24793,25.71,35,9,26,113.164578,-86.338,12.573842,-3.320692,20.892,43.06,26,0,8,1,9.5601,526.826578,True,0.18
SOLUSDT,240,EMA_21_50,10.0,,True,0.03,0,one_shot,49,-10.507627,5.238368,15.745995,22.45,49,11,38,112.206557,-122.714185,10.200596,-3.229321,24.0457,29.9,36,0,13,0,9.4228,489.492373,True,0.13
SOLUSDT,240,EMA_21_50_RSI14_55,10.0,,True,0.03,0,one_shot,180,13.296501,33.800943,20.504441,20.31,64,13,51,175.093044,-161.796543,13.468696,-3.172481,19.064,30.77,47,0,16,1,12.9114,513.296501,True,0.12
SOLUSDT,240,EMA_34_100,10.0,,True,0.03,0,one_shot,25,-34.214682,-26.140221,8.074462,16.0,25,4,21,34.41685,-68.631532,8.604212,-3.268168,27.5275,45.32,20,0,5,0,12.6855,465.785318,True,0.11
SOLUSDT,240,EMA_50_200,10.0,,True,0.03,0,one_shot,19,41.832054,48.070816,6.238762,10.53,19,2,17,97.169026,-55.336972,48.584513,-3.255116,6.2792,69.32,16,0,3,0,17.8947,541.832054,True,0.12
SOLUSDT,240,EMA_8_21_RSI14_55,10.0,,True,0.03,0,one_shot,214,4.626341,41.21122,36.584879,24.56,114,28,86,261.676357,-257.050016,9.345584,-2.988954,24.2324,17.38,71,0,42,1,12.7372,504.626341,True,0.14
SOLUSDT,240,EMA_8_21_RSI14_60,10.0,,True,0.03,0,one_shot,208,-30.086301,4.58211,34.668411,21.3,108,23,85,230.501678,-260.587979,10.021812,-3.065741,23.4249,17.49,72,0,35,1,20.4781,469.913699,True,0.1
SOLUSDT,240,EMA_8_21_VOL12,10.0,,True,0.03,0,one_shot,364,69.763535,101.838723,32.075188,32.0,100,32,68,280.287852,-210.524318,8.758995,-3.095946,26.1152,20.79,61,0,38,1,8.8556,569.763535,True,0.13
SOLUSDT,240,EMA_8_21_VOL15,10.0,,True,0.03,0,one_shot,264,83.085181,106.828051,23.742869,28.38,74,21,53,247.169098,-164.083917,11.769957,-3.095923,20.8257,27.22,47,0,26,1,8.4229,583.085181,True,0.15
SOLUSDT,240,EMA_8_34,10.0,,True,0.03,0,one_shot,81,30.555648,56.561048,26.0054,24.69,81,20,61,205.49567,-174.940022,10.274783,-2.867869,21.8211,21.62,43,0,37,1,9.896,530.555648,True,0.14
SOLUSDT,240,EMA_8_34_RSI14_60,10.0,,True,0.03,0,one_shot,193,20.812232,48.424446,27.612214,23.26,86,20,66,222.218713,-201.40648,11.110936,-3.051613,21.5471,22.58,56,0,29,1,12.8427,520.812232,True,0.12
SOLUSDT,240,EMA_BB_ADX_13_34,10.0,,True,0.03,0,one_shot,99,119.807492,139.129351,19.321859,28.33,60,17,43,246.130006,-126.322515,14.478236,-2.937733,16.868,29.78,35,0,24,1,9.7706,619.807492,True,0.13
SOLUSDT,240,EMA_BB_ADX_8_21,10.0,,True,0.03,0,one_shot,90,85.838407,106.66566,20.827253,30.77,65,20,45,232.943112,-147.104705,11.647156,-3.268993,21.9158,25.8,43,0,21,1,9.1025,585.838407,True,0.16
SOLUSDT,240,MACD_12_26_sig,10.0,,True,0.03,0,one_shot,204,8.894947,74.325026,65.430079,28.92,204,59,145,408.430781,-399.535834,6.922556,-2.75542,28.471,8.91,95,0,109,0,17.4727,508.894947,True,0.14
SOLUSDT,240,MACD_8_21_hist,10.0,,True,0.03,0,one_shot,292,-80.834711,12.72804,93.562751,28.42,292,83,209,468.002542,-548.837253,5.638585,-2.626016,31.7743,6.11,124,0,167,1,23.933,419.165289,True,0.19
SOLUSDT,240,MACD_8_21_sig,10.0,,True,0.03,0,one_shot,292,-80.834711,12.72804,93.562751,28.42,292,83,209,468.002542,-548.837253,5.638585,-2.626016,31.7743,6.11,124,0,167,1,23.933,419.165289,True,0.15
SOLUSDT,240,MACD_RSI14_50,10.0,,True,0.03,0,one_shot,244,-23.470944,34.539392,58.010336,27.62,181,50,131,357.044805,-380.515749,7.140896,-2.9047,28.9152,10.33,100,0,80,1,19.9407,476.529056,True,0.16
SOLUSDT,240,MACD_RSI14_55,10.0,,True,0.03,0,one_shot,221,84.114901,135.738368,51.623467,31.68,161,51,110,403.213656,-319.098754,7.90615,-2.900898,26.8426,12.31,82,0,78,1,9.9105,584.114901,True,0.15
SOLUSDT,240,MACD_RSI7_50,10.0,,True,0.03,0,one_shot,359,-13.172419,70.107847,83.280266,32.31,260,84,176,466.938872,-480.111292,5.558796,-2.727905,32.9191,7.47,117,0,142,1,18.5396,486.827581,True,0.12
SOLUSDT,240,MACD_RSI7_55,10.0,,True,0.03,0,one_shot,336,-81.563944,1.37653,82.940474,30.12,259,78,181,424.372635,-505.936579,5.440675,-2.79523,33.9396,7.27,124,0,134,1,27.0777,418.436056,True,0.16
SOLUSDT,240,RSI14_6535,10.0,,True,0.03,0,one_shot,181,-102.400734,-57.55186,44.848874,27.14,140,38,102,236.221266,-338.622,6.216349,-3.319824,34.813,7.37,102,0,37,1,29.152,397.599266,True,0.11
SOLUSDT,240,RSI14_trend50,10.0,,True,0.03,0,one_shot,297,-25.905222,69.154896,95.060118,27.95,297,83,214,420.769297,-446.67452,5.06951,-2.087264,29.1649,6.06,84,0,212,1,16.9093,474.094778,True,0.13
SOLUSDT,240,RSI21_7030,10.0,,True,0.03,0,one_shot,98,-51.616253,-25.63037,25.985882,16.05,81,13,68,174.170747,-225.787,13.39775,-3.320397,19.861,12.26,68,0,13,0,13.0748,448.383747,True,0.15
SOLUSDT,240,RSI7_6535,10.0,,True,0.03,0,one_shot,357,-113.003014,-20.847981,92.155033,41.67,288,120,168,435.567341,-548.570355,3.629728,-3.2653,47.3573,3.89,165,0,123,0,31.0322,386.996986,True,0.16
SOLUSDT,240,RSI7_trend50,10.0,,True,0.03,0,one_shot,439,-56.136284,81.86687,138.003154,30.16,431,130,301,533.194775,-589.331059,4.101498,-1.95791,32.3119,4.28,106,0,324,1,18.2921,443.863716,True,0.15
SOLUSDT,240,STOCH14_EMA13_34,10.0,,True,0.03,0,one_shot,144,-48.255214,-29.177152,19.078061,16.67,60,10,50,117.717786,-165.973,11.771779,-3.31946,21.9959,22.27,50,0,9,1,22.2175,451.744786,True,0.15
SOLUSDT,240,STOCH14_EMA8_21,10.0,,True,0.03,0,one_shot,117,-27.506949,-10.030608,17.476342,18.18,55,10,45,121.870551,-149.3775,12.187055,-3.3195,21.4071,23.82,45,0,9,1,20.1275,472.493051,True,0.13
SOLUSDT,240,STOCH14_cross,10.0,,True,0.03,0,one_shot,974,-373.819509,-62.069316,311.750194,31.52,974,307,667,802.157492,-1175.977001,2.612891,-1.763084,40.2901,1.37,172,0,801,1,78.7383,126.180491,True,0.19
SOLUSDT,240,STOCH5_cross,10.0,,True,0.03,0,one_shot,1030,-401.789901,-166.808813,234.981089,30.93,734,227,507,505.880964,-907.670866,2.228551,-1.790278,44.5473,1.19,129,0,605,0,80.5006,98.210099,False,0.22
SOLUSDT,240,TS_13_34_100_14,10.0,,True,0.03,0,one_shot,154,14.786037,37.592714,22.806677,21.13,71,15,56,194.676812,-179.890775,12.978454,-3.212335,19.8405,27.99,52,0,18,1,12.4927,514.786037,True,0.14
SOLUSDT,240,TS_13_34_200_14,10.0,,True,0.03,0,one_shot,156,2.365975,20.037657,17.671682,21.82,55,12,43,142.199161,-139.833186,11.84993,-3.251935,21.5333,36.31,40,0,14,1,17.0796,502.365975,True,0.11
SOLUSDT,240,TS_8_21_100_14,10.0,,True,0.03,0,one_shot,185,14.957023,40.613858,25.656834,21.25,80,17,63,208.573978,-193.616955,12.269058,-3.073285,20.0314,25.96,53,0,26,1,12.6836,514.957023,True,0.08
SOLUSDT,240,TS_8_21_50_14,10.0,,True,0.03,0,one_shot,192,18.492738,51.831174,33.338436,23.08,104,24,80,257.257099,-238.764361,10.719046,-2.984555,21.7793,20.01,65,0,38,1,11.0528,518.492738,True,0.09
SOLUSDT,240,DONCHIAN_55,10.0,,True,0.03,0,one_shot,20,-52.958171,-46.537978,6.420193,5.0,20,1,19,9.788138,-62.746309,9.788138,-3.302437,25.2276,21.05,18,0,2,0,12.4862,447.041829,True,0.08
SOLUSDT,60,ADX14_DI_25,10.0,,True,0.03,0,one_shot,788,-181.981899,19.750036,201.731935,29.84,630,188,442,651.728737,-833.710636,3.466642,-1.886223,35.2376,13.62,119,0,510,1,43.8259,318.018101,True,0.24
SOLUSDT,60,ADX14_EMA13_34,10.0,,True,0.03,0,one_shot,442,14.077077,90.301478,76.224401,28.99,238,69,169,437.110539,-423.033462,6.334935,-2.503157,28.3224,37.34,90,0,147,1,12.5779,514.077077,True,0.25
SOLUSDT,60,ADX14_EMA21_50,10.0,,True,0.03,0,one_shot,347,66.272538,123.302543,57.030005,32.58,178,58,120,376.960087,-310.68755,6.499312,-2.589063,28.4876,50.05,76,0,101,1,9.9542,566.272538,True,0.23
SOLUSDT,60,ADX14_EMA8_21,10.0,,True,0.03,0,one_shot,489,-55.635907,51.641871,107.277777,30.15,335,101,234,503.550521,-559.186428,4.985649,-2.389686,32.401,25.94,109,0,225,1,19.1421,444.364093,True,0.22
SOLUSDT,60,BB_10_2_RSI14,10.0,,True,0.03,0,one_shot,500,-22.444541,52.854946,75.299487,31.49,235,74,161,412.948316,-435.392857,5.580383,-2.704303,32.6422,34.55,102,0,132,1,20.9144,477.555459,True,0.21
SOLUSDT,60,BB_10_2_breakout,10.0,,True,0.03,0,one_shot,541,-41.565323,42.711599,84.276922,28.52,263,75,188,442.182117,-483.74744,5.895762,-2.573125,30.3833,31.2,107,0,155,1,24.6731,458.434677,True,0.47
SOLUSDT,60,BB_20_25_ADX20,10.0,,True,0.03,0,one_shot,237,-93.308233,-50.418711,42.889523,20.9,134,28,106,221.161086,-314.469319,7.89861,-2.966692,27.3043,49.16,84,0,49,1,27.6083,406.691767,True,0.33
SOLUSDT,60,BB_20_25_ADX25,10.0,,True,0.03,0,one_shot,210,-112.68845,-72.950067,39.738382,20.16,124,25,99,186.358067,-299.046517,7.454323,-3.020672,28.837,48.37,83,0,40,1,31.6786,387.31155,True,0.34
SOLUSDT,60,BB_20_25_EMA100,10.0,,True,0.03,0,one_shot,227,-12.203071,23.680875,35.883946,23.21,112,26,86,249.735941,-261.939012,9.605228,-3.045802,24.0755,60.51,72,0,39,1,17.4981,487.796929,True,0.3
SOLUSDT,60,BB_20_25_EMA200,10.0,,True,0.03,0,one_shot,201,95.114536,120.806221,25.691685,26.25,80,21,59,270.310252,-175.195715,12.871917,-2.969419,18.7448,96.66,48,0,31,1,11.3961,595.114536,True,0.35
SOLUSDT,60,BB_20_25_EMA50,10.0,,True,0.03,0,one_shot,239,-88.291417,-46.040517,42.250901,21.97,132,29,103,214.632315,-302.923733,7.401114,-2.941007,28.4372,49.19,82,0,49,1,27.0513,411.708583,True,0.33
SOLUSDT,60,BB_20_25_MACD,10.0,,True,0.03,0,one_shot,238,-85.161647,-42.589953,42.571694,21.8,133,29,104,219.61442,-304.776067,7.572911,-2.930539,27.9007,48.87,83,0,49,1,26.6567,414.838353,True,0.29
SOLUSDT,60,BB_20_25_RSI14,10.0,,True,0.03,0,one_shot,241,-93.747909,-50.21151,43.536399,21.32,136,29,107,219.61442,-313.362329,7.572911,-2.92862,27.8876,47.84,84,0,51,1,27.695,406.252091,True,0.39
SOLUSDT,60,BB_20_25_RSI14_55,10.0,,True,0.03,0,one_shot,240,-88.987545,-46.0906,42.896945,21.64,134,29,105,219.61442,-308.601965,7.572911,-2.939066,27.9592,48.57,83,0,50,1,26.7557,411.012455,True,0.28
SOLUSDT,60,BB_20_25_SQ,10.0,,True,0.03,0,one_shot,136,4.818699,31.396556,26.577857,24.1,83,20,63,199.994528,-195.175829,9.999726,-3.098029,23.6531,69.83,55,0,27,1,15.9864,504.818699,True,0.22
SOLUSDT,60,BB_20_25_VOL12,10.0,,True,0.03,0,one_shot,230,-59.242141,-18.568125,40.674016,21.26,127,27,100,236.540005,-295.782146,8.760741,-2.957821,25.2405,51.58,80,0,46,1,24.9483,440.757859,True,0.2
SOLUSDT,60,BB_20_25_revert,10.0,,True,0.03,0,one_shot,241,-21.258588,40.902688,62.161276,34.54,194,67,127,400.385912,-421.6445,5.975909,-3.320035,35.7149,25.97,127,0,67,0,12.9261,478.741412,True,0.22
SOLUSDT,60,BB_20_2_ADX20,10.0,,True,0.03,0,one_shot,570,-108.012821,-30.772268,77.240553,27.8,241,67,174,371.372312,-479.385133,5.54287,-2.755087,33.202,33.37,114,0,126,1,26.8167,391.987179,True,0.21
SOLUSDT,60,BB_20_2_EMA100,10.0,,True,0.03,0,one_shot,508,40.757948,95.865789,55.107842,30.81,172,53,119,362.862806,-322.104859,6.846468,-2.706764,28.3335,49.88,76,0,95,1,14.6847,540.757948,True,0.22
SOLUSDT,60,BB_20_2_EMA200,10.0,,True,0.03,0,one_shot,440,61.85982,101.977672,40.117852,26.4,125,33,92,305.488161,-243.628341,9.257217,-2.648134,22.2432,70.22,56,0,68,1,11.0797,561.85982,True,0.24
SOLUSDT,60,BB_20_2_EMA50,10.0,,True,0.03,0,one_shot,569,-82.427631,-7.773472,74.654159,27.9,233,65,168,372.481618,-454.909249,5.730486,-2.707793,32.0894,34.93,108,0,124,1,24.8963,417.572369,True,0.22
SOLUSDT,60,BB_20_2_MACD,10.0,,True,0.03,0,one_shot,565,-83.31814,-6.75161,76.56653,28.87,239,69,170,381.181687,-464.499827,5.524372,-2.732352,33.0924,33.96,112,0,126,1,23.6717,416.68186,True,0.24
SOLUSDT,60,BB_20_2_RSI14,10.0,,True,0.03,0,one_shot,583,-91.321102,-13.468151,77.852952,28.81,243,70,173,381.641762,-472.962864,5.452025,-2.733889,33.3975,33.39,112,0,130,1,25.4203,408.678898,True,0.37
SOLUSDT,60,BB_20_2_RSI14_55,10.0,,True,0.03,0,one_shot,580,-93.861903,-16.337047,77.524855,28.93,242,70,172,377.180064,-471.041967,5.388287,-2.738616,33.6982,33.51,113,0,128,1,25.911,406.138097,True,0.36
SOLUSDT,60,BB_20_2_RSI7_50,10.0,,True,0.03,0,one_shot,582,-96.241245,-18.709645,77.5316,28.93,242,70,172,373.406119,-469.647364,5.334373,-2.730508,33.8568,33.55,111,0,130,1,25.0124,403.758755,True,0.35
SOLUSDT,60,BB_20_2_SQ,10.0,,True,0.03,0,one_shot,307,-26.809397,19.30832,46.117717,25.69,144,37,107,288.729246,-315.538643,7.803493,-2.948959,27.4259,51.01,84,0,59,1,14.6386,473.190603,True,0.38
SOLUSDT,60,BB_20_2_VOL12,10.0,,True,0.03,0,one_shot,482,-40.147473,22.595971,62.743444,31.12,196,61,135,338.311315,-378.458788,5.546087,-2.803398,33.5757,41.56,92,0,103,1,20.3626,459.852527,True,0.33
SOLUSDT,60,BB_20_2_breakout,10.0,,True,0.03,0,one_shot,583,-91.321102,-13.468151,77.852952,28.81,243,70,173,381.641762,-472.962864,5.452025,-2.733889,33.3975,33.39,112,0,130,1,25.4203,408.678898,True,0.33
SOLUSDT,60,BB_20_2_mid,10.0,,True,0.03,0,one_shot,1174,-401.948805,-61.996415,339.95239,19.02,1062,202,860,639.591033,-1041.539838,3.166292,-1.211093,27.667,6.98,45,0,1017,0,80.5352,98.051195,False,0.42
SOLUSDT,60,BB_20_2_revert,10.0,,True,0.03,0,one_shot,583,-82.921349,34.824956,117.746305,43.21,368,159,209,610.909151,-693.8305,3.842196,-3.319763,46.3527,17.69,209,0,159,0,24.2128,417.078651,True,0.46
SOLUSDT,60,DONCHIAN_20,10.0,,True,0.03,0,one_shot,221,-94.242558,-23.494488,70.74807,28.05,221,62,159,341.350676,-435.593234,5.505656,-2.73958,33.2262,32.36,98,0,122,1,21.6765,405.757442,True,0.28
SOLUSDT,60,DONCHIAN_PULLBACK_20,10.0,,True,0.03,0,one_shot,151,7.296518,50.594369,43.297851,30.37,135,41,94,298.697335,-291.400817,7.285301,-3.100009,29.8499,45.31,86,0,49,0,18.0499,507.296518,True,0.32
SOLUSDT,60,EMA3_13_34_100,10.0,,True,0.03,0,one_shot,168,59.640921,91.420533,31.779612,24.24,99,24,75,276.047808,-216.406887,11.501992,-2.885425,20.0552,85.24,55,0,43,1,9.4379,559.640921,True,0.33
SOLUSDT,60,EMA3_13_50_200,10.0,,True,0.03,0,one_shot,130,48.205853,69.349338,21.143485,24.24,66,16,50,210.079526,-161.873673,13.12997,-3.237473,19.78,127.33,47,0,18,1,9.7156,548.205853,True,0.41
SOLUSDT,60,EMA3_21_50_200,10.0,,True,0.03,0,one_shot,106,57.407202,76.980729,19.573527,26.23,61,16,45,203.1485,-145.741298,12.696781,-3.238696,20.3238,128.39,42,0,18,1,9.1231,557.407202,True,0.38
SOLUSDT,60,EMA3_8_21_100,10.0,,True,0.03,0,one_shot,284,80.176499,121.520096,41.343596,25.58,129,33,96,340.606491,-260.429992,10.321409,-2.712812,20.813,70.02,60,0,68,1,9.1397,580.176499,True,0.39
SOLUSDT,60,EMA3_8_21_50,10.0,,True,0.03,0,one_shot,307,87.042141,140.567302,53.52516,33.53,167,56,111,384.034111,-296.99197,6.857752,-2.675603,28.0657,53.98,74,0,92,1,9.8629,587.042141,True,0.43
SOLUSDT,60,EMA3_8_34_100,10.0,,True,0.03,0,one_shot,225,70.560512,103.284944,32.724431,24.51,102,25,77,293.622962,-223.06245,11.744918,-2.896915,19.7852,86.88,57,0,44,1,9.2362,570.560512,True,0.47
SOLUSDT,60,EMA_13_34,10.0,,True,0.03,0,one_shot,250,41.366138,121.385938,80.0198,29.6,250,74,176,435.561049,-394.19491,5.88596,-2.239744,27.5637,34.21,65,0,184,1,13.234,541.366138,True,0.48
SOLUSDT,60,EMA_13_34_RSI14_55,10.0,,True,0.03,0,one_shot,769,29.872257,112.833413,82.961155,29.34,259,76,183,472.743509,-442.871252,6.220309,-2.420061,28.0088,34.96,84,0,174,1,12.2374,529.872257,True,0.34
SOLUSDT,60,EMA_13_34_RSI7_55,10.0,,True,0.03,0,one_shot,1041,59.836035,143.116457,83.280422,30.38,260,79,181,480.112129,-420.276094,6.077369,-2.321967,27.6447,35.22,73,0,186,1,10.4045,559.836035,True,0.24
SOLUSDT,60,EMA_13_34_VOL12,10.0,,True,0.03,0,one_shot,1181,23.278638,98.572539,75.293901,29.36,235,69,166,422.019186,-398.740548,6.11622,-2.402051,28.1988,38.37,83,0,151,1,15.6425,523.278638,True,0.26
SOLUSDT,60,EMA_13_50,10.0,,True,0.03,0,one_shot,212,16.812507,84.68687,67.874363,29.72,212,63,149,378.170931,-361.358424,6.002713,-2.425224,28.776,39.31,68,0,143,1,13.1949,516.812507,True,0.27
SOLUSDT,60,EMA_21_100,10.0,,True,0.03,0,one_shot,119,106.727751,144.903247,38.175496,27.73,119,33,86,340.92793,-234.200179,10.331149,-2.723258,20.8608,71.03,53,0,65,1,8.026,606.727751,True,0.25
SOLUSDT,60,EMA_21_50,10.0,,True,0.03,0,one_shot,164,51.470609,104.025974,52.555366,32.32,164,53,111,343.43485,-291.964242,6.479903,-2.630308,28.8721,50.76,70,0,93,1,11.6251,551.470609,True,0.23
SOLUSDT,60,EMA_21_50_RSI14_55,10.0,,True,0.03,0,one_shot,698,67.808644,122.295435,54.486791,32.94,170,56,114,380.937499,-313.128855,6.802455,-2.746744,28.7641,53.19,76,0,93,1,11.0667,567.808644,True,0.25
SOLUSDT,60,EMA_34_100,10.0,,True,0.03,0,one_shot,87,22.596308,50.555636,27.959328,24.14,87,21,66,212.140461,-189.544152,10.101927,-2.871881,22.136,81.39,48,0,38,1,11.6586,522.596308,True,0.22
SOLUSDT,60,EMA_50_200,10.0,,True,0.03,0,one_shot,49,9.6408,25.399152,15.758352,26.53,49,13,36,124.618185,-114.977385,9.586014,-3.193816,24.9911,127.31,33,0,16,0,8.2782,509.6408,True,0.2
SOLUSDT,60,EMA_8_21_RSI14_55,10.0,,True,0.03,0,one_shot,918,-104.109684,20.781058,124.890742,28.72,390,112,278,534.842809,-638.952493,4.775382,-2.29839,32.4917,22.67,110,0,279,1,24.9781,395.890316,True,0.23
SOLUSDT,60,EMA_8_21_RSI14_60,10.0,,True,0.03,0,one_shot,921,-56.676249,54.781555,111.457805,29.89,348,104,244,521.665845,-578.342095,5.016018,-2.370254,32.09,25.58,109,0,238,1,17.6172,443.323751,True,0.23
SOLUSDT,60,EMA_8_21_VOL12,10.0,,True,0.03,0,one_shot,1232,-134.721018,-24.223805,110.497213,27.25,345,94,251,466.598766,-601.319784,4.963817,-2.395696,32.5524,25.46,121,0,223,1,36.7969,365.278982,True,0.26
SOLUSDT,60,EMA_8_21_VOL15,10.0,,True,0.03,0,one_shot,954,-103.030436,-8.919913,94.110522,27.89,294,82,212,418.919867,-521.950302,5.108779,-2.46203,32.52,29.28,117,0,176,1,30.4755,396.969564,True,0.22
SOLUSDT,60,EMA_8_34,10.0,,True,0.03,0,one_shot,364,-56.394174,60.20906,116.603234,25.82,364,94,270,511.092653,-567.486827,5.437156,-2.101803,27.8792,23.88,77,0,286,1,20.4575,443.605826,True,0.24
SOLUSDT,60,EMA_8_34_RSI14_60,10.0,,True,0.03,0,one_shot,836,-42.700881,50.832582,93.533463,28.42,292,83,209,475.103659,-517.80454,5.72414,-2.477534,30.2077,30.68,103,0,188,1,17.4287,457.299119,True,0.27
SOLUSDT,60,EMA_BB_ADX_13_34,10.0,,True,0.03,0,one_shot,418,19.123794,88.61439,69.490596,29.03,217,63,154,407.713147,-388.589354,6.471637,-2.523307,28.0525,39.46,87,0,129,1,15.938,519.123794,True,0.25
SOLUSDT,60,EMA_BB_ADX_8_21,10.0,,True,0.03,0,one_shot,408,-42.036125,39.925452,81.961577,29.3,256,75,181,412.763856,-454.799981,5.503518,-2.512707,31.3453,32.74,95,0,160,1,21.4408,457.963875,True,0.24
SOLUSDT,60,MACD_12_26_sig,10.0,,True,0.03,0,one_shot,766,-352.961425,-107.84217,245.119255,28.98,766,222,544,682.770832,-1035.732257,3.075544,-1.90392,38.2354,10.75,143,0,622,1,76.6484,147.038575,True,0.24
SOLUSDT,60,MACD_8_21_hist,10.0,,True,0.03,0,one_shot,1144,-400.872525,-115.302229,285.570296,28.59,892,255,637,624.74002,-1025.612545,2.449961,-1.610067,39.6565,7.05,101,0,791,0,80.1745,99.127475,False,0.27
SOLUSDT,60,MACD_8_21_sig,10.0,,True,0.03,0,one_shot,1144,-400.872525,-115.302229,285.570296,28.59,892,255,637,624.74002,-1025.612545,2.449961,-1.610067,39.6565,7.05,101,0,791,0,80.1745,99.127475,False,0.27
SOLUSDT,60,MACD_RSI14_50,10.0,,True,0.03,0,one_shot,959,-302.911011,-102.625698,200.285313,29.55,626,185,441,621.371439,-924.28245,3.358765,-2.095879,38.4238,13.69,143,0,482,1,69.0025,197.088989,True,0.23
SOLUSDT,60,MACD_RSI14_55,10.0,,True,0.03,0,one_shot,942,-214.262334,-25.110246,189.152087,31.47,591,186,405,651.853924,-866.116258,3.504591,-2.138559,37.8965,14.66,140,0,450,1,47.8879,285.737666,True,0.26
SOLUSDT,60,MACD_RSI7_50,10.0,,True,0.03,0,one_shot,1439,-400.263571,-144.442748,255.820823,29.41,799,235,564,601.697558,-1001.961129,2.560415,-1.776527,40.9627,8.49,125,0,674,0,80.2566,99.736429,False,0.25
SOLUSDT,60,MACD_RSI7_55,10.0,,True,0.03,0,one_shot,1439,-400.45152,-149.424391,251.027129,29.72,784,233,551,581.315261,-981.766781,2.494915,-1.781791,41.6627,8.46,126,0,658,0,80.2329,99.54848,False,0.29
SOLUSDT,60,RSI14_6535,10.0,,True,0.03,0,one_shot,854,-191.663452,-31.245573,160.417879,46.11,501,231,270,677.769132,-869.432585,2.934066,-3.220121,52.3241,13.37,260,0,240,1,43.7212,308.336548,True,0.25
SOLUSDT,60,RSI14_trend50,10.0,,True,0.03,0,one_shot,1174,-400.689687,-29.070992,371.618695,25.84,1161,300,861,720.095165,-1120.784852,2.400317,-1.301725,35.1623,6.94,84,0,1077,0,80.5735,99.310313,False,0.3
SOLUSDT,60,RSI21_7030,10.0,,True,0.03,0,one_shot,357,-164.365099,-97.53512,66.829979,27.27,209,57,152,338.272327,-502.637426,5.934602,-3.306825,35.7826,28.4,151,0,57,1,35.7126,335.634901,True,0.22
SOLUSDT,60,RSI7_6535,10.0,,True,0.03,0,one_shot,1498,-375.87711,-78.891458,296.985652,54.42,928,505,423,796.640624,-1172.517734,1.577506,-2.77191,63.7306,7.13,335,0,593,0,75.1927,124.12289,True,0.26
SOLUSDT,60,RSI7_trend50,10.0,,True,0.03,0,one_shot,1774,-400.087721,-38.402133,361.685588,24.6,1130,278,852,589.725473,-989.813194,2.121315,-1.161753,35.3862,4.4,52,0,1078,0,80.1029,99.912279,False,0.25
SOLUSDT,60,STOCH14_EMA13_34,10.0,,True,0.03,0,one_shot,622,1.091656,60.931781,59.840125,36.36,187,68,119,344.255366,-343.16371,5.062579,-2.883729,36.2902,40.58,99,0,87,1,13.5499,501.091656,True,0.33
SOLUSDT,60,STOCH14_EMA8_21,10.0,,True,0.03,0,one_shot,511,-30.799775,40.212168,71.011943,36.49,222,81,141,373.565164,-404.364939,4.611916,-2.867836,38.3413,32.75,117,0,105,0,21.8548,469.200225,True,0.23
SOLUSDT,60,STOCH14_cross,10.0,,True,0.03,0,one_shot,4015,-401.094296,-43.859917,357.234379,28.23,1116,315,801,473.003264,-874.09756,1.501598,-1.091258,42.0871,1.38,40,0,1076,0,80.2934,98.905704,False,0.26
SOLUSDT,60,STOCH5_cross,10.0,,True,0.03,0,one_shot,4146,-400.017501,-74.481971,325.53553,30.19,1017,307,710,441.915548,-841.933049,1.439464,-1.185821,45.1692,1.31,56,0,961,0,80.0141,99.982499,False,0.26
SOLUSDT,60,TS_13_34_100_14,10.0,,True,0.03,0,one_shot,705,39.328118,105.002899,65.674781,34.15,205,70,135,394.475337,-355.147218,5.635362,-2.63072,31.8255,44.51,74,0,130,1,12.1365,539.328118,True,0.26
SOLUSDT,60,TS_13_34_200_14,10.0,,True,0.03,0,one_shot,620,46.412585,93.849957,47.437372,23.65,148,35,113,324.880677,-278.468092,9.282305,-2.464319,20.979,62.19,56,0,91,1,12.4349,546.412585,True,0.27
SOLUSDT,60,TS_8_21_100_14,10.0,,True,0.03,0,one_shot,734,-13.460857,69.545015,83.005872,27.41,259,71,188,437.589935,-451.050792,6.163239,-2.399206,28.0201,35.16,79,0,179,1,17.9204,486.539143,True,0.22
SOLUSDT,60,TS_8_21_50_14,10.0,,True,0.03,0,one_shot,835,-83.455573,31.87059,115.326163,27.5,360,99,261,501.658997,-585.11457,5.067263,-2.241818,30.6717,24.89,93,0,266,1,25.4179,416.544427,True,0.24
SOLUSDT,60,DONCHIAN_55,10.0,,True,0.03,0,one_shot,77,52.670669,77.403196,24.732527,31.17,77,24,53,221.609578,-168.938909,9.233732,-3.187527,25.6619,76.74,49,0,27,1,12.5807,552.670669,True,0.22
ETHUSDT,240,ADX14_DI_25,10.0,,True,0.03,0,one_shot,202,19.175684,70.993249,51.817566,29.63,162,48,114,285.582172,-266.406489,5.949629,-2.336899,28.2012,12.62,55,0,106,1,9.8263,519.175684,True,0.09
ETHUSDT,240,ADX14_EMA13_34,10.0,,True,0.03,0,one_shot,117,38.303184,59.729959,21.426775,25.37,67,17,50,183.686908,-145.383723,10.805112,-2.907674,21.2041,28.88,40,0,26,1,11.8028,538.303184,True,0.09
ETHUSDT,240,ADX14_EMA21_50,10.0,,True,0.03,0,one_shot,93,48.896399,66.614738,17.718339,23.64,55,13,42,180.409632,-131.513233,13.877664,-3.131267,18.4095,36.93,38,0,16,1,11.0845,548.896399,True,0.16
ETHUSDT,240,ADX14_EMA8_21,10.0,,True,0.03,0,one_shot,139,3.607737,36.231524,32.623787,27.45,102,28,74,214.25432,-210.646583,7.65194,-2.846575,27.1141,19.02,51,0,50,1,15.4862,503.607737,True,0.08
ETHUSDT,240,BB_10_2_RSI14,10.0,,True,0.03,0,one_shot,130,92.371698,112.272281,19.900583,32.26,62,20,42,219.510864,-127.139167,10.975543,-3.027123,21.6182,30.5,34,0,27,1,7.2973,592.371698,True,0.08
ETHUSDT,240,BB_10_2_breakout,10.0,,True,0.03,0,one_shot,145,27.040407,50.713396,23.672989,29.73,74,22,52,177.979156,-150.938748,8.089962,-2.902668,26.4056,25.59,38,0,35,1,8.1454,527.040407,True,0.09
ETHUSDT,240,BB_20_25_ADX20,10.0,,True,0.03,0,one_shot,64,103.46888,114.730219,11.26134,40.0,35,14,21,173.14838,-69.6795,12.367741,-3.318071,21.1533,45.97,21,0,13,1,5.4277,603.46888,True,0.09
ETHUSDT,240,BB_20_25_ADX25,10.0,,True,0.03,0,one_shot,58,92.731464,103.05931,10.327846,40.62,32,13,19,155.770964,-63.0395,11.982382,-3.317868,21.6851,49.28,19,0,12,1,5.4346,592.731464,True,0.08
ETHUSDT,240,BB_20_25_EMA100,10.0,,True,0.03,0,one_shot,59,74.152173,83.149624,8.997452,46.43,28,13,15,123.920673,-49.7685,9.532359,-3.3179,25.8197,65.14,15,0,12,1,8.8089,574.152173,True,0.08
ETHUSDT,240,BB_20_25_EMA200,10.0,,True,0.03,0,one_shot,53,54.125665,61.219656,7.093991,36.36,22,8,14,98.067707,-43.942042,12.258463,-3.138717,20.385,79.05,13,0,8,1,10.1575,554.125665,True,0.08
ETHUSDT,240,BB_20_25_EMA50,10.0,,True,0.03,0,one_shot,64,98.071224,109.333728,11.262504,40.0,35,14,21,167.750724,-69.6795,11.982195,-3.318071,21.6864,48.0,21,0,13,1,5.4277,598.071224,True,0.08
ETHUSDT,240,BB_20_25_MACD,10.0,,True,0.03,0,one_shot,64,97.976052,109.875673,11.899622,37.84,37,14,23,174.295552,-76.3195,12.449682,-3.318239,21.0442,43.14,23,0,13,1,5.4277,597.976052,True,0.08
ETHUSDT,240,BB_20_25_RSI14,10.0,,True,0.03,0,one_shot,66,97.976052,109.875673,11.899622,37.84,37,14,23,174.295552,-76.3195,12.449682,-3.318239,21.0442,43.14,23,0,13,1,5.4277,597.976052,True,0.08
ETHUSDT,240,BB_20_25_RSI14_55,10.0,,True,0.03,0,one_shot,66,97.976052,109.875673,11.899622,37.84,37,14,23,174.295552,-76.3195,12.449682,-3.318239,21.0442,43.14,23,0,13,1,5.4277,597.976052,True,0.08
ETHUSDT,240,BB_20_25_SQ,10.0,,True,0.03,0,one_shot,38,107.653131,114.788624,7.135493,40.91,22,9,13,147.432209,-39.779078,16.381357,-3.059929,15.7393,81.86,11,0,10,1,5.2138,607.653131,True,0.1
ETHUSDT,240,BB_20_25_VOL12,10.0,,True,0.03,0,one_shot,63,93.136523,104.384923,11.248399,37.14,35,13,22,166.131523,-72.995,12.779348,-3.317955,20.6119,46.06,22,0,12,1,5.4277,593.136523,True,0.09
ETHUSDT,240,BB_20_25_revert,10.0,,True,0.03,0,one_shot,66,-31.281974,-13.472516,17.809457,26.79,56,15,41,104.815526,-136.0975,6.987702,-3.319451,32.2053,16.18,41,0,15,0,8.8759,468.718026,True,0.08
ETHUSDT,240,BB_20_2_ADX20,10.0,,True,0.03,0,one_shot,132,80.627454,100.819662,20.192208,28.57,63,18,45,214.820904,-134.19345,11.934495,-2.982077,19.9917,30.0,35,0,27,1,6.7469,580.627454,True,0.09
ETHUSDT,240,BB_20_2_EMA100,10.0,,True,0.03,0,one_shot,120,94.039788,109.783718,15.74393,34.69,49,17,32,189.725949,-95.686161,11.16035,-2.990193,21.1313,41.18,26,0,22,1,7.6741,594.039788,True,0.11
ETHUSDT,240,BB_20_2_EMA200,10.0,,True,0.03,0,one_shot,107,66.776905,79.013204,12.2363,26.32,38,10,28,146.336632,-79.559727,14.633663,-2.841419,16.2598,53.0,22,0,15,1,10.0889,566.776905,True,0.09
ETHUSDT,240,BB_20_2_EMA50,10.0,,True,0.03,0,one_shot,131,107.903528,126.194709,18.291182,31.58,57,18,39,222.185978,-114.28245,12.343665,-2.930319,19.185,34.96,29,0,27,1,5.8723,607.903528,True,0.09
ETHUSDT,240,BB_20_2_MACD,10.0,,True,0.03,0,one_shot,131,59.541761,81.299423,21.757661,27.94,68,19,49,209.385412,-149.843651,11.020285,-3.058034,21.7216,26.65,40,0,27,1,7.7988,559.541761,True,0.08
ETHUSDT,240,BB_20_2_RSI14,10.0,,True,0.03,0,one_shot,139,58.596462,80.682198,22.085736,27.54,69,19,50,209.385412,-150.78895,11.020285,-3.015779,21.4859,26.67,40,0,28,1,8.324,558.596462,True,0.09
ETHUSDT,240,BB_20_2_RSI14_55,10.0,,True,0.03,0,one_shot,138,56.799248,78.884683,22.085435,27.54,69,19,50,208.387822,-151.588574,10.96778,-3.031771,21.6562,26.65,41,0,27,1,8.3491,556.799248,True,0.08
ETHUSDT,240,BB_20_2_RSI7_50,10.0,,True,0.03,0,one_shot,139,58.596462,80.682198,22.085736,27.54,69,19,50,209.385412,-150.78895,11.020285,-3.015779,21.4859,26.67,40,0,28,1,8.324,558.596462,True,0.08
ETHUSDT,240,BB_20_2_SQ,10.0,,True,0.03,0,one_shot,82,123.050459,134.652798,11.602339,41.67,36,15,21,190.398431,-67.347972,12.693229,-3.207046,20.1698,55.22,19,0,16,1,5.3721,623.050459,True,0.09
ETHUSDT,240,BB_20_2_VOL12,10.0,,True,0.03,0,one_shot,126,107.963213,125.606336,17.643123,32.73,55,18,37,218.300716,-110.337502,12.127818,-2.982095,19.736,36.45,29,0,25,1,5.7382,607.963213,True,0.09
ETHUSDT,240,BB_20_2_breakout,10.0,,True,0.03,0,one_shot,139,58.596462,80.682198,22.085736,27.54,69,19,50,209.385412,-150.78895,11.020285,-3.015779,21.4859,26.67,40,0,28,1,8.324,558.596462,True,0.08
ETHUSDT,240,BB_20_2_mid,10.0,,True,0.03,0,one_shot,293,-28.071734,65.710203,93.781937,21.16,293,62,231,335.678245,-363.749979,5.414165,-1.574675,22.5313,7.05,36,0,256,1,15.005,471.928266,True,0.1
ETHUSDT,240,BB_20_2_revert,10.0,,True,0.03,0,one_shot,139,-61.406146,-26.185891,35.220255,30.91,110,34,76,190.895854,-252.302,5.614584,-3.319763,37.1573,11.76,76,0,34,0,20.8923,438.593854,True,0.08
ETHUSDT,240,DONCHIAN_20,10.0,,True,0.03,0,one_shot,54,-8.514557,8.705291,17.219848,29.63,54,16,38,105.694644,-114.209201,6.605915,-3.005505,31.2701,27.33,33,0,20,1,9.339,491.485443,True,0.11
ETHUSDT,240,DONCHIAN_PULLBACK_20,10.0,,True,0.03,0,one_shot,42,-102.142443,-88.973349,13.169094,4.88,41,2,39,25.199173,-127.341616,12.599587,-3.26517,20.5813,16.95,38,0,3,0,21.1536,397.857557,True,0.08
ETHUSDT,240,EMA3_13_34_100,10.0,,True,0.03,0,one_shot,52,41.847032,52.182087,10.335055,21.88,32,7,25,124.475862,-82.62883,17.782266,-3.305153,15.6736,56.69,24,0,7,1,11.0218,541.847032,True,0.08
ETHUSDT,240,EMA3_13_50_200,10.0,,True,0.03,0,one_shot,37,10.311312,19.047008,8.735695,11.11,27,3,24,89.624642,-79.31333,29.874881,-3.304722,9.9601,58.96,23,0,3,1,16.5057,510.311312,True,0.08
ETHUSDT,240,EMA3_21_50_200,10.0,,True,0.03,0,one_shot,33,10.311312,19.047008,8.735695,11.11,27,3,24,89.624642,-79.31333,29.874881,-3.304722,9.9601,51.37,23,0,3,1,16.5057,510.311312,True,0.11
ETHUSDT,240,EMA3_8_21_100,10.0,,True,0.03,0,one_shot,76,62.918446,75.490559,12.572114,25.64,39,10,29,156.912195,-93.993749,15.691219,-3.241164,17.1197,54.08,27,0,11,1,8.9951,562.918446,True,0.2
ETHUSDT,240,EMA3_8_21_50,10.0,,True,0.03,0,one_shot,84,55.231155,72.593526,17.362371,25.93,54,14,40,181.933875,-126.702719,12.995277,-3.167568,19.5978,38.83,36,0,17,1,9.9212,555.231155,True,0.15
ETHUSDT,240,EMA3_8_34_100,10.0,,True,0.03,0,one_shot,61,32.760193,44.38694,11.626748,22.22,36,8,28,125.362523,-92.60233,15.670315,-3.307226,17.4271,53.86,27,0,8,1,12.62,532.760193,True,0.15
ETHUSDT,240,EMA_13_34,10.0,,True,0.03,0,one_shot,81,-2.565779,23.369031,25.934809,22.22,81,18,63,188.248286,-190.814065,10.458238,-3.028795,22.4571,24.41,51,0,29,1,16.4936,497.434221,True,0.12
ETHUSDT,240,EMA_13_34_RSI14_55,10.0,,True,0.03,0,one_shot,197,3.458627,29.082811,25.624184,22.5,80,18,62,193.692745,-190.234118,10.760708,-3.068292,22.1874,26.05,52,0,27,1,15.5666,503.458627,True,0.14
ETHUSDT,240,EMA_13_34_RSI7_55,10.0,,True,0.03,0,one_shot,268,-0.508836,27.384772,27.893608,20.69,87,18,69,209.155106,-209.663942,11.619728,-3.038608,20.7296,24.77,59,0,27,1,16.5026,499.491164,True,0.15
ETHUSDT,240,EMA_13_34_VOL12,10.0,,True,0.03,0,one_shot,361,4.126079,31.404445,27.278366,23.53,85,20,65,197.482715,-193.356636,9.874136,-2.974717,23.1516,25.12,53,0,31,1,14.7657,504.126079,True,0.14
ETHUSDT,240,EMA_13_50,10.0,,True,0.03,0,one_shot,55,40.605722,58.310403,17.70468,23.64,55,13,42,172.930109,-132.324386,13.302316,-3.150581,19.1491,35.27,37,0,17,1,10.7211,540.605722,True,0.14
ETHUSDT,240,EMA_21_100,10.0,,True,0.03,0,one_shot,31,59.868734,69.892572,10.023838,25.81,31,8,23,135.352014,-75.48328,16.919002,-3.281882,16.2462,56.97,21,0,9,1,8.417,559.868734,True,0.12
ETHUSDT,240,EMA_21_50,10.0,,True,0.03,0,one_shot,47,52.374918,67.531881,15.156964,25.53,47,12,35,163.888534,-111.513616,13.657378,-3.186103,18.9159,39.23,32,0,14,1,9.5167,552.374918,True,0.14
ETHUSDT,240,EMA_21_50_RSI14_55,10.0,,True,0.03,0,one_shot,176,63.292711,79.998122,16.705411,26.92,52,14,38,182.561467,-119.268756,13.040105,-3.138651,19.3998,40.69,35,0,16,1,9.2869,563.292711,True,0.14
ETHUSDT,240,EMA_34_100,10.0,,True,0.03,0,one_shot,23,18.422687,25.917139,7.494452,17.39,23,4,19,81.104517,-62.68183,20.276129,-3.299044,13.9937,52.96,18,0,5,0,12.2273,518.422687,True,0.15
ETHUSDT,240,EMA_50_200,10.0,,True,0.03,0,one_shot,19,5.646416,11.832933,6.186516,10.53,19,2,17,61.688247,-56.04183,30.844123,-3.296578,9.6559,58.89,16,0,3,0,13.8146,505.646416,True,0.14
ETHUSDT,240,EMA_8_21_RSI14_55,10.0,,True,0.03,0,one_shot,222,21.216823,56.083375,34.866552,25.69,109,28,81,247.789669,-226.572846,8.849631,-2.797196,24.0168,19.01,54,0,54,1,15.0815,521.216823,True,0.17
ETHUSDT,240,EMA_8_21_RSI14_60,10.0,,True,0.03,0,one_shot,199,50.910868,81.323856,30.412987,28.42,95,27,68,247.553204,-196.642336,9.168637,-2.891799,23.9776,21.4,52,0,42,1,10.813,550.910868,True,0.16
ETHUSDT,240,EMA_8_21_VOL12,10.0,,True,0.03,0,one_shot,368,51.389471,85.96662,34.577149,26.85,108,29,79,260.062337,-208.672866,8.967667,-2.641429,22.7531,19.73,53,0,54,1,10.0062,551.389471,True,0.18
ETHUSDT,240,EMA_8_21_VOL15,10.0,,True,0.03,0,one_shot,295,52.918524,83.399514,30.48099,30.53,95,29,66,241.400166,-188.481642,8.324144,-2.855782,25.5438,21.95,49,0,45,1,10.5701,552.918524,True,0.17
ETHUSDT,240,EMA_8_34,10.0,,True,0.03,0,one_shot,99,-6.76176,24.935996,31.697756,21.21,99,21,78,205.905918,-212.667678,9.805044,-2.726509,21.7572,19.98,50,0,48,1,16.547,493.23824,True,0.13
ETHUSDT,240,EMA_8_34_RSI14_60,10.0,,True,0.03,0,one_shot,185,30.15194,57.404242,27.252302,22.35,85,19,66,217.046928,-186.894988,11.423523,-2.831742,19.8645,23.93,50,0,34,1,10.0976,530.15194,True,0.19
ETHUSDT,240,EMA_BB_ADX_13_34,10.0,,True,0.03,0,one_shot,105,62.465126,82.325615,19.860489,30.65,62,19,43,193.025841,-130.560715,10.159255,-3.036296,23.01,31.44,35,0,26,1,7.6098,562.465126,True,0.2
ETHUSDT,240,EMA_BB_ADX_8_21,10.0,,True,0.03,0,one_shot,99,48.464726,70.545193,22.080468,26.09,69,18,51,201.60206,-153.137335,11.200114,-3.002693,21.1415,27.12,43,0,25,1,9.8297,548.464726,True,0.16
ETHUSDT,240,MACD_12_26_sig,10.0,,True,0.03,0,one_shot,194,-12.548573,49.189449,61.738021,27.46,193,53,140,312.609084,-325.157657,5.898285,-2.322555,28.252,9.81,65,0,128,0,14.2566,487.451427,True,0.14
ETHUSDT,240,MACD_8_21_hist,10.0,,True,0.03,0,one_shot,288,-116.365175,-24.220607,92.144568,27.08,288,78,210,344.480727,-460.845902,4.41642,-2.194504,33.1951,6.72,76,0,211,1,23.4054,383.634825,True,0.16
ETHUSDT,240,MACD_8_21_sig,10.0,,True,0.03,0,one_shot,288,-116.365175,-24.220607,92.144568,27.08,288,78,210,344.480727,-460.845902,4.41642,-2.194504,33.1951,6.72,76,0,211,1,23.4054,383.634825,True,0.17
ETHUSDT,240,MACD_RSI14_50,10.0,,True,0.03,0,one_shot,246,-29.121635,25.551048,54.672684,30.99,171,53,118,285.959866,-315.081502,5.395469,-2.670182,33.1056,12.15,74,0,96,1,12.1848,470.878365,True,0.14
ETHUSDT,240,MACD_RSI14_55,10.0,,True,0.03,0,one_shot,238,-48.863638,4.535464,53.399102,28.14,167,47,120,277.64467,-326.508308,5.907333,-2.720903,31.5349,11.93,77,0,89,1,14.0498,451.136362,True,0.14
ETHUSDT,240,MACD_RSI7_50,10.0,,True,0.03,0,one_shot,359,-100.001423,-18.070905,81.930518,26.95,256,69,187,323.986196,-423.987619,4.695452,-2.267313,32.5634,7.87,80,0,176,0,20.6927,399.998577,True,0.15
ETHUSDT,240,MACD_RSI7_55,10.0,,True,0.03,0,one_shot,353,-109.793756,-25.929457,83.864299,26.72,262,70,192,320.332824,-430.12658,4.576183,-2.240243,32.8654,7.64,81,0,181,0,22.4302,390.206244,True,0.17
ETHUSDT,240,RSI14_6535,10.0,,True,0.03,0,one_shot,183,-73.976257,-31.432481,42.543775,38.35,133,51,82,195.19575,-269.172007,3.827368,-3.282585,46.1689,9.5,81,0,52,0,15.6104,426.023743,True,0.2
ETHUSDT,240,RSI14_trend50,10.0,,True,0.03,0,one_shot,324,-46.759283,56.924528,103.683811,28.09,324,91,233,344.132003,-390.891285,3.78167,-1.677645,30.73,6.11,60,0,263,1,16.0262,453.240717,True,0.18
ETHUSDT,240,RSI21_7030,10.0,,True,0.03,0,one_shot,95,-53.292957,-31.280841,22.012116,21.74,69,15,54,125.978043,-179.271,8.398536,-3.319833,28.3302,12.19,54,0,15,0,11.0861,446.707043,True,0.07
ETHUSDT,240,RSI7_6535,10.0,,True,0.03,0,one_shot,359,-83.843741,-2.170183,81.673559,50.2,255,128,127,310.409155,-394.252896,2.425072,-3.104354,56.1424,5.56,117,0,138,0,20.4,416.156259,True,0.09
ETHUSDT,240,RSI7_trend50,10.0,,True,0.03,0,one_shot,446,-150.160147,-9.993175,140.166971,23.52,438,103,335,375.496028,-525.656175,3.645593,-1.569123,30.0903,4.32,65,0,373,0,32.9859,349.839853,True,0.08
ETHUSDT,240,STOCH14_EMA13_34,10.0,,True,0.03,0,one_shot,147,-38.435709,-19.414334,19.021374,18.64,59,11,48,120.942291,-159.378,10.994754,-3.320375,23.1949,25.24,48,0,11,0,20.5124,461.564291,True,0.07
ETHUSDT,240,STOCH14_EMA8_21,10.0,,True,0.03,0,one_shot,124,-50.233378,-31.278377,18.955001,20.34,59,12,47,105.784122,-156.0175,8.815343,-3.319521,27.3552,24.07,47,0,12,0,20.0468,449.766622,True,0.07
ETHUSDT,240,STOCH14_cross,10.0,,True,0.03,0,one_shot,954,-346.065948,-40.751981,305.313968,30.08,954,287,667,551.845652,-897.9116,1.922807,-1.346194,41.1806,1.45,83,0,870,1,70.8026,153.934052,True,0.11
ETHUSDT,240,STOCH5_cross,10.0,,True,0.03,0,one_shot,979,-314.142502,-0.859717,313.282786,33.09,979,324,655,600.224971,-914.367473,1.852546,-1.395981,42.9727,1.39,87,0,891,1,65.2507,185.857498,True,0.1
ETHUSDT,240,TS_13_34_100_14,10.0,,True,0.03,0,one_shot,181,54.704647,74.614793,19.910146,29.03,62,18,44,195.193267,-140.48862,10.84407,-3.192923,22.7465,34.35,40,0,21,1,11.0002,554.704647,True,0.08
ETHUSDT,240,TS_13_34_200_14,10.0,,True,0.03,0,one_shot,170,48.275457,62.763851,14.488394,22.22,45,10,35,153.789256,-105.513799,15.378926,-3.01468,16.3898,48.36,29,0,15,1,12.6965,548.275457,True,0.07
ETHUSDT,240,TS_8_21_100_14,10.0,,True,0.03,0,one_shot,184,84.05357,104.252346,20.198776,31.75,63,20,43,209.782864,-125.729295,10.489143,-2.923937,21.7991,35.6,33,0,29,1,8.3986,584.05357,True,0.07
ETHUSDT,240,TS_8_21_50_14,10.0,,True,0.03,0,one_shot,213,67.181391,96.960431,29.77904,27.96,93,26,67,250.953157,-183.771766,9.652044,-2.742862,22.1289,23.69,41,0,51,1,8.9909,567.181391,True,0.07
ETHUSDT,240,DONCHIAN_55,10.0,,True,0.03,0,one_shot,20,68.317521,74.813983,6.496462,30.0,20,6,14,114.806521,-46.489,19.13442,-3.320643,14.7879,68.25,14,0,6,0,7.2196,568.317521,True,0.07
ETHUSDT,60,ADX14_DI_25,10.0,,True,0.03,0,one_shot,832,-266.454383,-51.700726,214.753657,25.93,671,174,497,447.884618,-714.339001,2.57405,-1.437302,35.8309,13.2,54,0,616,1,54.3783,233.545617,True,0.34
ETHUSDT,60,ADX14_EMA13_34,10.0,,True,0.03,0,one_shot,483,-43.864413,38.712521,82.576933,26.36,258,68,190,345.465252,-389.329665,5.080371,-2.049103,28.7413,35.78,45,0,212,1,14.9999,456.135587,True,0.36
ETHUSDT,60,ADX14_EMA21_50,10.0,,True,0.03,0,one_shot,358,11.783669,71.324061,59.540392,26.34,186,49,137,302.367697,-290.584028,6.170769,-2.121051,25.58,49.16,45,0,140,1,14.9964,511.783669,True,0.35
ETHUSDT,60,ADX14_EMA8_21,10.0,,True,0.03,0,one_shot,541,-169.23644,-47.009527,122.226914,24.08,382,92,290,372.612315,-541.848755,4.050134,-1.868444,31.5691,23.67,58,0,323,1,36.7446,330.76356,True,0.44
ETHUSDT,60,BB_10_2_RSI14,10.0,,True,0.03,0,one_shot,539,-78.818967,-0.693209,78.125758,29.51,244,72,172,319.353623,-398.17259,4.435467,-2.314957,34.2935,35.09,65,0,178,1,22.6707,421.181033,True,0.26
ETHUSDT,60,BB_10_2_breakout,10.0,,True,0.03,0,one_shot,587,-47.806217,38.285831,86.092049,33.09,269,89,180,339.208985,-387.015202,3.811337,-2.150084,36.0666,32.7,56,0,212,1,16.1925,452.193783,True,0.23
ETHUSDT,60,BB_20_25_ADX20,10.0,,True,0.03,0,one_shot,280,75.321891,109.849357,34.527466,37.96,108,41,67,248.684998,-173.363107,6.065488,-2.587509,29.903,78.7,42,0,65,1,9.4971,575.321891,True,0.21
ETHUSDT,60,BB_20_25_ADX25,10.0,,True,0.03,0,one_shot,263,59.387871,92.962956,33.575086,37.14,105,39,66,232.812098,-173.424227,5.969541,-2.62764,30.564,79.74,43,0,61,1,8.9022,559.387871,True,0.21
ETHUSDT,60,BB_20_25_EMA100,10.0,,True,0.03,0,one_shot,269,106.744507,135.878766,29.134259,38.46,91,35,56,255.308497,-148.563989,7.294528,-2.652928,26.6694,94.68,33,0,57,1,9.6057,606.744507,True,0.27
ETHUSDT,60,BB_20_25_EMA200,10.0,,True,0.03,0,one_shot,238,64.373162,89.946573,25.573411,30.0,80,24,56,221.81083,-157.437668,9.242118,-2.811387,23.3242,107.7,38,0,41,1,9.1518,564.373162,True,0.21
ETHUSDT,60,BB_20_25_EMA50,10.0,,True,0.03,0,one_shot,287,73.807561,108.335485,34.527924,36.11,108,39,69,256.683426,-182.875865,6.581626,-2.650375,28.7086,78.76,44,0,63,1,9.8316,573.807561,True,0.21
ETHUSDT,60,BB_20_25_MACD,10.0,,True,0.03,0,one_shot,282,79.709614,114.885352,35.175738,37.27,110,41,69,252.619376,-172.909762,6.161448,-2.505939,28.9123,77.62,42,0,67,1,9.8657,579.709614,True,0.23
ETHUSDT,60,BB_20_25_RSI14,10.0,,True,0.03,0,one_shot,292,77.971255,113.462305,35.491049,37.84,111,42,69,253.30572,-175.334465,6.031089,-2.541079,29.6434,77.09,42,0,68,1,10.1937,577.971255,True,0.24
ETHUSDT,60,BB_20_25_RSI14_55,10.0,,True,0.03,0,one_shot,292,77.971255,113.462305,35.491049,37.84,111,42,69,253.30572,-175.334465,6.031089,-2.541079,29.6434,77.09,42,0,68,1,10.1937,577.971255,True,0.22
ETHUSDT,60,BB_20_25_SQ,10.0,,True,0.03,0,one_shot,166,50.48614,73.507285,23.021145,31.94,72,23,49,186.752431,-136.26629,8.119671,-2.780945,25.5118,112.81,35,0,36,1,8.7117,550.48614,True,0.21
ETHUSDT,60,BB_20_25_VOL12,10.0,,True,0.03,0,one_shot,277,82.089394,115.9656,33.876206,36.79,106,39,67,254.209632,-172.120238,6.518196,-2.568959,28.2702,80.83,42,0,63,1,8.3508,582.089394,True,0.23
ETHUSDT,60,BB_20_25_revert,10.0,,True,0.03,0,one_shot,292,-139.59077,-80.322918,59.267852,35.68,185,66,119,249.148704,-388.739474,3.77498,-3.266718,46.3911,33.64,117,0,68,0,29.2226,360.40923,True,0.21
ETHUSDT,60,BB_20_2_ADX20,10.0,,True,0.03,0,one_shot,557,-116.815716,-43.873584,72.942131,26.75,228,61,167,289.595009,-406.410725,4.747459,-2.433597,33.8891,37.7,75,0,152,1,28.2454,383.184284,True,0.25
ETHUSDT,60,BB_20_2_EMA100,10.0,,True,0.03,0,one_shot,515,-40.970291,16.011863,56.982155,24.16,178,43,135,275.031649,-316.00194,6.396085,-2.340755,26.7918,49.59,56,0,121,1,17.201,459.029709,True,0.23
ETHUSDT,60,BB_20_2_EMA200,10.0,,True,0.03,0,one_shot,449,-2.184976,39.396174,41.581149,24.62,130,32,98,235.551042,-237.736017,7.36097,-2.425878,24.7871,69.85,43,0,86,1,16.5834,497.815024,True,0.23
ETHUSDT,60,BB_20_2_EMA50,10.0,,True,0.03,0,one_shot,568,-123.1895,-50.55209,72.63741,25.11,227,57,170,281.666774,-404.856274,4.941522,-2.381507,32.5208,38.27,70,0,156,1,31.1043,376.8105,True,0.22
ETHUSDT,60,BB_20_2_MACD,10.0,,True,0.03,0,one_shot,563,-147.765954,-69.364924,78.40103,24.49,245,60,185,291.160781,-438.926735,4.85268,-2.372577,32.8373,35.29,78,0,166,1,34.4739,352.234046,True,0.34
ETHUSDT,60,BB_20_2_RSI14,10.0,,True,0.03,0,one_shot,586,-148.57307,-69.856806,78.716265,24.8,246,61,185,292.710408,-441.283479,4.798531,-2.385316,33.2039,35.17,79,0,166,1,34.6766,351.42693,True,0.24
ETHUSDT,60,BB_20_2_RSI14_55,10.0,,True,0.03,0,one_shot,583,-144.182312,-66.106097,78.076214,25.0,244,61,183,292.710408,-436.89272,4.798531,-2.387392,33.2232,35.47,79,0,164,1,33.812,355.817688,True,0.25
ETHUSDT,60,BB_20_2_RSI7_50,10.0,,True,0.03,0,one_shot,581,-161.043699,-82.010705,79.032994,24.29,247,60,187,284.980527,-446.024226,4.749675,-2.385156,33.4297,34.93,81,0,165,1,37.1324,338.956301,True,0.35
ETHUSDT,60,BB_20_2_SQ,10.0,,True,0.03,0,one_shot,312,20.078053,59.415031,39.336977,30.08,123,37,86,242.72288,-222.644826,6.560078,-2.588893,28.2971,67.66,47,0,75,1,10.3884,520.078053,True,0.22
ETHUSDT,60,BB_20_2_VOL12,10.0,,True,0.03,0,one_shot,524,-97.77713,-30.254484,67.522646,25.59,211,54,157,291.615037,-389.392166,5.400278,-2.480205,31.4728,40.19,75,0,135,1,25.0733,402.22287,True,0.25
ETHUSDT,60,BB_20_2_breakout,10.0,,True,0.03,0,one_shot,586,-148.57307,-69.856806,78.716265,24.8,246,61,185,292.710408,-441.283479,4.798531,-2.385316,33.2039,35.17,79,0,166,1,34.6766,351.42693,True,0.24
ETHUSDT,60,BB_20_2_mid,10.0,,True,0.03,0,one_shot,1129,-299.798071,61.502125,361.300197,19.31,1129,218,911,540.410651,-840.208722,2.478948,-0.922293,27.1164,7.45,19,0,1109,1,63.2781,200.201929,True,0.38
ETHUSDT,60,BB_20_2_revert,10.0,,True,0.03,0,one_shot,586,-54.460319,55.041606,109.501924,52.34,342,179,163,456.690977,-511.151296,2.551346,-3.135898,55.1391,21.49,153,0,189,0,16.2952,445.539681,True,0.43
ETHUSDT,60,DONCHIAN_20,10.0,,True,0.03,0,one_shot,220,-122.359816,-51.996481,70.363334,25.45,220,56,164,275.736913,-398.096729,4.923873,-2.427419,33.0203,37.78,74,0,145,1,31.1131,377.640184,True,0.41
ETHUSDT,60,DONCHIAN_PULLBACK_20,10.0,,True,0.03,0,one_shot,142,-84.975633,-45.573792,39.401842,22.76,123,28,95,159.337735,-244.313368,5.690633,-2.57172,31.1258,56.12,65,0,57,1,24.8642,415.024367,True,0.37
ETHUSDT,60,EMA3_13_34_100,10.0,,True,0.03,0,one_shot,194,45.32135,80.56973,35.248381,26.36,110,29,81,265.192504,-219.871154,9.144569,-2.714459,22.8894,81.29,50,0,59,1,13.227,545.32135,True,0.35
ETHUSDT,60,EMA3_13_50_200,10.0,,True,0.03,0,one_shot,147,34.620516,55.806298,21.185782,25.76,66,17,49,189.725136,-155.10462,11.160302,-3.1654,22.096,129.7,44,0,21,1,11.1198,534.620516,True,0.22
ETHUSDT,60,EMA3_21_50_200,10.0,,True,0.03,0,one_shot,120,35.640317,56.827016,21.186699,25.76,66,17,49,190.333925,-154.693608,11.196113,-3.157012,21.9953,128.71,44,0,21,1,11.0488,535.640317,True,0.24
ETHUSDT,60,EMA3_8_21_100,10.0,,True,0.03,0,one_shot,304,23.426828,66.028883,42.602054,24.06,133,32,101,270.805337,-247.378509,8.462667,-2.449292,22.4459,69.34,53,0,79,1,17.7467,523.426828,True,0.27
ETHUSDT,60,EMA3_8_21_50,10.0,,True,0.03,0,one_shot,332,11.101253,70.644994,59.543741,25.81,186,48,138,303.263525,-292.162272,6.31799,-2.117118,25.0989,49.8,47,0,138,1,14.1902,511.101253,True,0.27
ETHUSDT,60,EMA3_8_34_100,10.0,,True,0.03,0,one_shot,233,40.062791,76.275661,36.21287,25.66,113,29,84,265.288327,-225.225536,9.147873,-2.681256,22.6666,79.15,51,0,61,1,13.9575,540.062791,True,0.21
ETHUSDT,60,EMA_13_34,10.0,,True,0.03,0,one_shot,276,-25.948068,62.380135,88.328203,26.09,276,72,204,350.42054,-376.368608,4.866952,-1.844944,27.4877,32.95,37,0,238,1,13.6479,474.051932,True,0.24
ETHUSDT,60,EMA_13_34_RSI14_55,10.0,,True,0.03,0,one_shot,802,-22.391108,61.124862,83.515971,26.82,261,70,191,346.18339,-368.574498,4.945477,-1.929709,28.0677,35.31,44,0,216,1,13.803,477.608892,True,0.27
ETHUSDT,60,EMA_13_34_RSI7_55,10.0,,True,0.03,0,one_shot,1049,-44.772299,42.918127,87.690426,26.64,274,73,201,343.755199,-388.527498,4.708975,-1.932973,29.1025,33.72,39,0,234,1,15.7276,455.227701,True,0.22
ETHUSDT,60,EMA_13_34_VOL12,10.0,,True,0.03,0,one_shot,1233,-9.527544,68.56009,78.087634,32.38,244,79,165,340.50479,-350.032333,4.310187,-2.121408,32.9842,37.67,51,0,192,1,13.5631,490.472456,True,0.19
ETHUSDT,60,EMA_13_50,10.0,,True,0.03,0,one_shot,238,-11.643469,64.549121,76.19259,25.63,238,61,177,324.258259,-335.901728,5.315709,-1.89775,26.3085,38.49,41,0,196,1,12.6853,488.356531,True,0.19
ETHUSDT,60,EMA_21_100,10.0,,True,0.03,0,one_shot,128,45.392149,86.398645,41.006496,25.0,128,32,96,270.793639,-225.401489,8.462301,-2.347932,21.7195,70.87,46,0,81,1,14.584,545.392149,True,0.21
ETHUSDT,60,EMA_21_50,10.0,,True,0.03,0,one_shot,184,21.299341,80.199268,58.899926,26.63,184,49,135,303.801358,-282.502017,6.200028,-2.092608,25.2345,49.55,43,0,140,1,14.2144,521.299341,True,0.19
ETHUSDT,60,EMA_21_50_RSI14_55,10.0,,True,0.03,0,one_shot,733,8.761379,66.368359,57.60698,27.22,180,49,131,301.224064,-292.462685,6.14743,-2.23254,26.6414,51.31,51,0,128,1,13.9125,508.761379,True,0.19
ETHUSDT,60,EMA_34_100,10.0,,True,0.03,0,one_shot,112,26.522795,62.372048,35.849253,25.0,112,28,84,241.113488,-214.590694,8.611196,-2.554651,22.8792,75.3,46,0,65,1,12.9348,526.522795,True,0.18
ETHUSDT,60,EMA_50_200,10.0,,True,0.03,0,one_shot,56,48.677199,66.693631,18.016432,28.57,56,16,40,173.147407,-124.470208,10.821713,-3.111755,22.333,141.23,34,0,21,1,8.8101,548.677199,True,0.19
ETHUSDT,60,EMA_8_21_RSI14_55,10.0,,True,0.03,0,one_shot,942,-115.930205,7.588811,123.519016,26.68,386,103,283,375.62904,-491.559245,3.646884,-1.736958,32.2624,23.49,52,0,333,1,27.4566,384.069795,True,0.21
ETHUSDT,60,EMA_8_21_RSI14_60,10.0,,True,0.03,0,one_shot,909,-105.974209,1.211187,107.185396,28.06,335,94,241,365.246643,-471.220852,3.885603,-1.955273,33.4757,27.03,65,0,269,1,25.6443,394.025791,True,0.19
ETHUSDT,60,EMA_8_21_VOL12,10.0,,True,0.03,0,one_shot,1262,-94.591288,9.391516,103.982804,25.85,325,84,241,364.571766,-459.163055,4.34014,-1.905241,30.5064,27.97,57,0,267,1,24.4398,405.408712,True,0.25
ETHUSDT,60,EMA_8_21_VOL15,10.0,,True,0.03,0,one_shot,1010,-85.713805,5.47095,91.184755,26.32,285,75,210,351.642886,-437.356691,4.688572,-2.082651,30.7574,31.44,67,0,217,1,22.3551,414.286195,True,0.22
ETHUSDT,60,EMA_8_34,10.0,,True,0.03,0,one_shot,354,-93.742871,19.554894,113.297766,22.32,354,79,275,362.304034,-456.046906,4.586127,-1.658352,26.5571,25.48,38,0,315,1,23.7688,406.257129,True,0.21
ETHUSDT,60,EMA_8_34_RSI14_60,10.0,,True,0.03,0,one_shot,826,-48.0716,39.610208,87.681808,27.37,274,75,199,359.480436,-407.552037,4.793072,-2.048,29.9368,33.18,53,0,220,1,16.4953,451.9284,True,0.19
ETHUSDT,60,EMA_BB_ADX_13_34,10.0,,True,0.03,0,one_shot,422,0.870522,68.722491,67.851969,30.19,212,64,148,318.033896,-317.163374,4.96928,-2.142996,30.1309,41.83,52,0,159,1,13.153,500.870522,True,0.18
ETHUSDT,60,EMA_BB_ADX_8_21,10.0,,True,0.03,0,one_shot,408,-25.259584,50.574371,75.833956,28.69,237,68,169,318.774648,-344.034232,4.687862,-2.035706,30.2772,37.31,53,0,183,1,13.759,474.740416,True,0.27
ETHUSDT,60,MACD_12_26_sig,10.0,,True,0.03,0,one_shot,709,-195.93125,30.982551,226.913801,29.9,709,212,497,521.352992,-717.284242,2.459212,-1.443228,36.9827,12.26,56,0,652,1,42.6186,304.06875,True,0.23
ETHUSDT,60,MACD_8_21_hist,10.0,,True,0.03,0,one_shot,1187,-392.159485,-12.30252,379.856965,26.87,1187,319,868,631.092945,-1023.252431,1.978348,-1.178862,37.3387,7.0,46,0,1140,1,79.6336,107.840515,True,0.22
ETHUSDT,60,MACD_8_21_sig,10.0,,True,0.03,0,one_shot,1187,-392.159485,-12.30252,379.856965,26.87,1187,319,868,631.092945,-1023.252431,1.978348,-1.178862,37.3387,7.0,46,0,1140,1,79.6336,107.840515,True,0.22
ETHUSDT,60,MACD_RSI14_50,10.0,,True,0.03,0,one_shot,926,-155.398774,24.77155,180.170324,29.66,563,167,396,460.237847,-615.636621,2.755915,-1.554638,36.0659,15.81,56,0,506,1,33.9899,344.601226,True,0.21
ETHUSDT,60,MACD_RSI14_55,10.0,,True,0.03,0,one_shot,947,-177.646598,2.533935,180.180533,30.55,563,172,391,448.701929,-626.348527,2.608732,-1.601914,38.0444,15.9,53,0,509,1,37.6676,322.353402,True,0.22
ETHUSDT,60,MACD_RSI7_50,10.0,,True,0.03,0,one_shot,1470,-332.989919,-16.457719,316.5322,27.81,989,275,714,600.702435,-933.692354,2.184372,-1.307692,37.4475,8.67,58,0,930,1,71.6727,167.010081,True,0.24
ETHUSDT,60,MACD_RSI7_55,10.0,,True,0.03,0,one_shot,1456,-259.587637,42.542465,302.130102,29.13,944,275,669,603.522013,-863.10965,2.194626,-1.290149,37.0225,9.14,50,0,893,1,62.5405,240.412363,True,0.21
ETHUSDT,60,RSI14_6535,10.0,,True,0.03,0,one_shot,849,-170.733878,-32.135269,138.598608,52.19,433,226,207,419.977617,-590.711495,1.858308,-2.853679,60.5621,16.65,172,0,260,1,37.5228,329.266122,True,0.2
ETHUSDT,60,RSI14_trend50,10.0,,True,0.03,0,one_shot,1193,-364.238384,17.516397,381.754781,19.87,1193,237,956,528.448689,-892.687073,2.229741,-0.933773,29.517,6.96,34,0,1158,1,75.7773,135.761616,True,0.23
ETHUSDT,60,RSI21_7030,10.0,,True,0.03,0,one_shot,339,-128.864835,-67.084205,61.78063,38.34,193,74,119,263.57527,-392.440106,3.561828,-3.297816,48.0756,32.89,118,0,74,1,29.9648,371.135165,True,0.18
ETHUSDT,60,RSI7_6535,10.0,,True,0.03,0,one_shot,1477,-311.696944,-32.351972,279.344972,52.12,873,455,418,516.074355,-827.771299,1.134229,-1.980314,63.5828,8.23,212,0,661,0,62.8558,188.303056,True,0.2
ETHUSDT,60,RSI7_trend50,10.0,,True,0.03,0,one_shot,1809,-400.03973,6.065298,406.105028,20.96,1269,266,1003,435.861643,-835.901373,1.638578,-0.833401,33.7139,4.38,16,0,1253,0,80.0079,99.96027,False,0.24
ETHUSDT,60,STOCH14_EMA13_34,10.0,,True,0.03,0,one_shot,612,6.23756,71.532383,65.294823,42.65,204,87,117,297.516536,-291.278976,3.41973,-2.489564,42.1296,39.2,80,0,123,1,15.0906,506.23756,True,0.18
ETHUSDT,60,STOCH14_EMA8_21,10.0,,True,0.03,0,one_shot,497,-9.445276,60.35788,69.803156,40.37,218,88,130,298.349814,-307.795089,3.390339,-2.367655,41.1194,36.13,83,0,134,1,16.5912,490.554724,True,0.18
ETHUSDT,60,STOCH14_cross,10.0,,True,0.03,0,one_shot,3991,-400.397743,-51.536218,348.861525,21.56,1090,235,855,243.794363,-644.192106,1.037423,-0.753441,42.0714,1.35,10,0,1080,0,80.1285,99.602257,False,0.21
ETHUSDT,60,STOCH5_cross,10.0,,True,0.03,0,one_shot,4116,-400.019989,-54.035208,345.984781,23.59,1081,255,826,244.716192,-644.736181,0.959671,-0.780552,44.8536,1.31,11,0,1070,0,80.0791,99.980011,False,0.23
ETHUSDT,60,TS_13_34_100_14,10.0,,True,0.03,0,one_shot,744,28.229861,91.602165,63.372305,29.29,198,58,140,314.083213,-285.853352,5.415228,-2.04181,27.381,46.93,35,0,162,1,10.1255,528.229861,True,0.19
ETHUSDT,60,TS_13_34_200_14,10.0,,True,0.03,0,one_shot,640,9.676533,57.042988,47.366455,27.03,148,40,108,253.978046,-244.301514,6.349451,-2.262051,26.2678,63.02,35,0,112,1,14.6468,509.676533,True,0.19
ETHUSDT,60,TS_8_21_100_14,10.0,,True,0.03,0,one_shot,763,-10.85074,68.526413,79.377153,24.6,248,61,187,311.389597,-322.240337,5.104747,-1.72321,25.2376,37.36,31,0,216,1,12.0916,489.14926,True,0.19
ETHUSDT,60,TS_8_21_50_14,10.0,,True,0.03,0,one_shot,883,-126.361381,-12.103276,114.258105,24.93,357,89,268,353.819949,-480.18133,3.975505,-1.791721,31.0673,25.59,50,0,306,1,31.2589,373.638619,True,0.22
ETHUSDT,60,DONCHIAN_55,10.0,,True,0.03,0,one_shot,78,19.069746,44.01922,24.949474,29.49,78,23,55,178.428789,-159.359043,7.757773,-2.897437,27.1927,84.06,40,0,38,0,11.2137,519.069746,True,0.18
BTCUSDT,240,ADX14_DI_25,10.0,,True,0.03,0,one_shot,195,-29.455065,22.78047,52.235534,31.29,163,51,112,206.796029,-236.251094,4.054824,-2.109385,34.2199,12.89,44,0,118,1,15.9138,470.544935,True,0.07
BTCUSDT,240,ADX14_EMA13_34,10.0,,True,0.03,0,one_shot,104,29.778975,50.697699,20.918724,27.69,65,18,47,159.595869,-129.816894,8.866437,-2.762062,23.7525,32.12,34,0,30,1,9.4178,529.778975,True,0.07
BTCUSDT,240,ADX14_EMA21_50,10.0,,True,0.03,0,one_shot,83,57.743603,73.235261,15.491658,31.25,48,15,33,153.934435,-96.190832,10.262296,-2.914874,22.1206,43.31,27,0,20,1,9.0564,557.743603,True,0.07
BTCUSDT,240,ADX14_EMA8_21,10.0,,True,0.03,0,one_shot,117,16.332828,42.979881,26.647053,30.12,83,25,58,169.758846,-153.426017,6.790354,-2.645276,28.035,25.61,34,0,48,1,10.8395,516.332828,True,0.07
BTCUSDT,240,BB_10_2_RSI14,10.0,,True,0.03,0,one_shot,158,6.344055,30.725242,24.381187,32.89,76,25,51,148.865757,-142.521702,5.95463,-2.794543,31.9407,25.05,33,0,42,1,8.253,506.344055,True,0.07
BTCUSDT,240,BB_10_2_breakout,10.0,,True,0.03,0,one_shot,170,0.999921,27.94436,26.944439,30.95,84,26,58,155.470477,-154.470556,5.979634,-2.663285,30.8147,22.75,34,0,49,1,10.262,500.999921,True,0.09
BTCUSDT,240,BB_20_25_ADX20,10.0,,True,0.03,0,one_shot,65,46.063174,58.367094,12.30392,28.95,38,11,27,130.644269,-84.581095,11.876752,-3.132633,20.8712,41.32,22,0,15,1,6.002,546.063174,True,0.07
BTCUSDT,240,BB_20_25_ADX25,10.0,,True,0.03,0,one_shot,58,49.831393,60.8247,10.993307,32.35,34,11,23,122.336585,-72.505192,11.121508,-3.1524,22.0851,45.38,19,0,14,1,5.5275,549.831393,True,0.07
BTCUSDT,240,BB_20_25_EMA100,10.0,,True,0.03,0,one_shot,54,44.486414,53.896897,9.410483,20.69,29,6,23,119.063419,-74.577005,19.843903,-3.242478,14.045,56.17,21,0,7,1,10.9006,544.486414,True,0.07
BTCUSDT,240,BB_20_25_EMA200,10.0,,True,0.03,0,one_shot,48,49.895007,57.717942,7.822935,25.0,24,6,18,109.673007,-59.778,18.278835,-3.321,15.3751,69.62,18,0,5,1,8.2546,549.895007,True,0.07
BTCUSDT,240,BB_20_25_EMA50,10.0,,True,0.03,0,one_shot,62,61.55196,71.929693,10.377733,28.12,32,9,23,136.137965,-74.586005,15.126441,-3.24287,17.6537,52.22,21,0,10,1,5.7124,561.55196,True,0.08
BTCUSDT,240,BB_20_25_MACD,10.0,,True,0.03,0,one_shot,65,42.738674,55.367094,12.62842,28.21,39,11,28,130.644269,-87.905595,11.876752,-3.139486,20.9073,41.15,23,0,15,1,6.037,542.738674,True,0.07
BTCUSDT,240,BB_20_25_RSI14,10.0,,True,0.03,0,one_shot,68,42.738674,55.367094,12.62842,28.21,39,11,28,130.644269,-87.905595,11.876752,-3.139486,20.9073,41.15,23,0,15,1,6.037,542.738674,True,0.07
BTCUSDT,240,BB_20_25_RSI14_55,10.0,,True,0.03,0,one_shot,68,42.738674,55.367094,12.62842,28.21,39,11,28,130.644269,-87.905595,11.876752,-3.139486,20.9073,41.15,23,0,15,1,6.037,542.738674,True,0.07
BTCUSDT,240,BB_20_25_SQ,10.0,,True,0.03,0,one_shot,35,50.861608,58.709989,7.848381,16.67,24,4,20,115.888131,-65.026523,28.972033,-3.251326,10.09,55.17,19,0,4,1,10.5139,550.861608,True,0.07
BTCUSDT,240,BB_20_25_VOL12,10.0,,True,0.03,0,one_shot,65,42.618257,54.930956,12.3127,28.95,38,11,27,128.997271,-86.379014,11.727025,-3.199223,21.4335,41.79,23,0,14,1,6.0383,542.618257,True,0.08
BTCUSDT,240,BB_20_25_revert,10.0,,True,0.03,0,one_shot,68,-47.335451,-29.745044,17.590408,29.09,55,16,39,82.122049,-129.4575,5.132628,-3.319423,39.2736,21.93,39,0,16,0,15.9284,452.664549,True,0.07
BTCUSDT,240,BB_20_2_ADX20,10.0,,True,0.03,0,one_shot,130,20.804089,40.450865,19.646777,31.15,61,19,42,145.075579,-124.271491,7.635557,-2.958845,27.9284,29.07,33,0,27,1,8.2741,520.804089,True,0.07
BTCUSDT,240,BB_20_2_EMA100,10.0,,True,0.03,0,one_shot,113,25.901192,41.078839,15.177647,21.28,47,10,37,138.299693,-112.398501,13.829969,-3.037797,18.0095,40.36,32,0,14,1,11.7871,525.901192,True,0.07
BTCUSDT,240,BB_20_2_EMA200,10.0,,True,0.03,0,one_shot,103,1.540852,14.803491,13.262639,19.51,41,8,33,108.969239,-107.428388,13.621155,-3.255406,19.2895,44.93,31,0,9,1,14.0546,501.540852,True,0.07
BTCUSDT,240,BB_20_2_EMA50,10.0,,True,0.03,0,one_shot,133,10.951385,30.258454,19.307069,30.0,60,18,42,140.748876,-129.797491,7.819382,-3.090416,28.327,30.7,36,0,23,1,9.7227,510.951385,True,0.07
BTCUSDT,240,BB_20_2_MACD,10.0,,True,0.03,0,one_shot,133,5.14763,26.380524,21.232894,28.79,66,19,47,145.277187,-140.129557,7.646168,-2.98148,28.054,27.68,37,0,28,1,9.5469,505.14763,True,0.07
BTCUSDT,240,BB_20_2_RSI14,10.0,,True,0.03,0,one_shot,140,5.14763,26.380524,21.232894,28.79,66,19,47,145.277187,-140.129557,7.646168,-2.98148,28.054,27.68,37,0,28,1,9.5469,505.14763,True,0.07
BTCUSDT,240,BB_20_2_RSI14_55,10.0,,True,0.03,0,one_shot,140,5.14763,26.380524,21.232894,28.79,66,19,47,145.277187,-140.129557,7.646168,-2.98148,28.054,27.68,37,0,28,1,9.5469,505.14763,True,0.07
BTCUSDT,240,BB_20_2_RSI7_50,10.0,,True,0.03,0,one_shot,142,5.14763,26.380524,21.232894,28.79,66,19,47,145.277187,-140.129557,7.646168,-2.98148,28.054,27.68,37,0,28,1,9.5469,505.14763,True,0.07
BTCUSDT,240,BB_20_2_SQ,10.0,,True,0.03,0,one_shot,74,48.175038,60.180626,12.005588,27.03,37,10,27,133.633235,-85.458198,13.363324,-3.165118,19.1495,44.3,25,0,11,1,8.9729,548.175038,True,0.08
BTCUSDT,240,BB_20_2_VOL12,10.0,,True,0.03,0,one_shot,130,10.48877,29.81801,19.32924,30.0,60,18,42,141.579944,-131.091174,7.865552,-3.121218,28.4089,30.1,35,0,24,1,8.3243,510.48877,True,0.07
BTCUSDT,240,BB_20_2_breakout,10.0,,True,0.03,0,one_shot,140,5.14763,26.380524,21.232894,28.79,66,19,47,145.277187,-140.129557,7.646168,-2.98148,28.054,27.68,37,0,28,1,9.5469,505.14763,True,0.09
BTCUSDT,240,BB_20_2_mid,10.0,,True,0.03,0,one_shot,262,-77.035776,6.882555,83.918331,19.47,262,51,211,250.599421,-327.635197,4.913714,-1.552773,24.0126,7.81,29,0,232,1,20.9288,422.964224,True,0.08
BTCUSDT,240,BB_20_2_revert,10.0,,True,0.03,0,one_shot,140,-61.23143,-28.543807,32.687623,34.31,102,35,67,161.19507,-222.4265,4.605573,-3.319799,41.8882,14.75,67,0,34,1,20.5095,438.76857,True,0.07
BTCUSDT,240,DONCHIAN_20,10.0,,True,0.03,0,one_shot,46,57.190587,72.016321,14.825734,30.43,46,14,32,148.686604,-91.496016,10.620472,-2.859251,21.2115,38.0,24,0,21,1,7.7489,557.190587,True,0.07
BTCUSDT,240,DONCHIAN_PULLBACK_20,10.0,,True,0.03,0,one_shot,30,-25.214585,-16.21123,9.003355,21.43,28,6,22,47.852415,-73.067,7.975403,-3.321227,29.4002,40.11,22,0,6,0,7.3463,474.785415,True,0.07
BTCUSDT,240,EMA3_13_34_100,10.0,,True,0.03,0,one_shot,45,63.003235,71.796867,8.793631,22.22,27,6,21,126.47329,-63.470055,21.078882,-3.022384,12.5404,74.07,17,0,9,1,10.188,563.003235,True,0.07
BTCUSDT,240,EMA3_13_50_200,10.0,,True,0.03,0,one_shot,37,59.09876,65.960472,6.861712,19.05,21,4,17,115.401633,-56.302874,28.850408,-3.311934,10.2976,102.1,16,0,4,1,11.2645,559.09876,True,0.07
BTCUSDT,240,EMA3_21_50_200,10.0,,True,0.03,0,one_shot,30,65.632771,71.854323,6.221553,21.05,19,4,15,115.295645,-49.662874,28.823911,-3.310858,10.303,111.74,14,0,4,1,10.1211,565.632771,True,0.07
BTCUSDT,240,EMA3_8_21_100,10.0,,True,0.03,0,one_shot,62,52.48305,62.876101,10.393051,21.88,32,7,25,127.418529,-74.935478,18.202647,-2.997419,14.1387,62.22,20,0,11,1,14.5524,552.48305,True,0.08
BTCUSDT,240,EMA3_8_21_50,10.0,,True,0.03,0,one_shot,71,51.746267,66.928781,15.182514,29.79,47,14,33,151.927163,-100.180896,10.85194,-3.035785,21.8595,45.02,28,0,18,1,9.574,551.746267,True,0.07
BTCUSDT,240,EMA3_8_34_100,10.0,,True,0.03,0,one_shot,52,62.139596,71.581432,9.441836,24.14,29,7,22,129.129229,-66.989633,18.447033,-3.044983,14.168,72.79,18,0,10,1,9.7871,562.139596,True,0.07
BTCUSDT,240,EMA_13_34,10.0,,True,0.03,0,one_shot,65,31.604215,52.523344,20.919128,24.62,65,16,49,155.582732,-123.978517,9.723921,-2.530174,20.6476,30.85,27,0,37,1,8.2303,531.604215,True,0.07
BTCUSDT,240,EMA_13_34_RSI14_55,10.0,,True,0.03,0,one_shot,198,33.328104,55.526651,22.198547,27.54,69,19,50,163.46059,-130.132487,8.603189,-2.60265,23.2258,32.12,29,0,39,1,8.3876,533.328104,True,0.08
BTCUSDT,240,EMA_13_34_RSI7_55,10.0,,True,0.03,0,one_shot,248,37.53847,60.06408,22.525609,27.14,70,19,51,165.903603,-128.365133,8.731769,-2.516963,22.3755,32.2,28,0,41,1,7.9319,537.53847,True,0.08
BTCUSDT,240,EMA_13_34_VOL12,10.0,,True,0.03,0,one_shot,355,34.072055,56.603695,22.53164,27.14,70,19,51,170.587317,-136.515262,8.97828,-2.67677,22.9666,31.93,33,0,36,1,8.9712,534.072055,True,0.07
BTCUSDT,240,EMA_13_50,10.0,,True,0.03,0,one_shot,59,32.336295,51.331052,18.994757,23.73,59,14,45,154.61004,-122.273745,11.043574,-2.717194,19.7459,33.71,28,0,30,1,10.1877,532.336295,True,0.07
BTCUSDT,240,EMA_21_100,10.0,,True,0.03,0,one_shot,27,70.068238,78.846333,8.778095,25.93,27,7,20,128.390216,-58.321978,18.341459,-2.916099,13.7179,68.11,15,0,11,1,11.4917,570.068238,True,0.08
BTCUSDT,240,EMA_21_50,10.0,,True,0.03,0,one_shot,45,59.580572,74.110718,14.530146,31.11,45,14,31,153.416084,-93.835512,10.958292,-3.026952,21.6439,44.98,26,0,18,1,9.0068,559.580572,True,0.09
BTCUSDT,240,EMA_21_50_RSI14_55,10.0,,True,0.03,0,one_shot,183,48.787691,63.943105,15.155414,31.91,47,15,32,147.746079,-98.958388,9.849739,-3.09245,23.8943,47.06,28,0,18,1,9.8062,548.787691,True,0.08
BTCUSDT,240,EMA_34_100,10.0,,True,0.03,0,one_shot,25,53.880054,62.038737,8.158682,20.0,25,5,20,114.211687,-60.331633,22.842337,-3.016582,11.6655,72.72,16,0,9,0,10.2204,553.880054,True,0.08
BTCUSDT,240,EMA_50_200,10.0,,True,0.03,0,one_shot,15,27.738126,32.593788,4.855662,20.0,15,3,12,67.4275,-39.689374,22.475833,-3.307448,12.8279,100.13,11,0,3,1,10.6933,527.738126,True,0.08
BTCUSDT,240,EMA_8_21_RSI14_55,10.0,,True,0.03,0,one_shot,225,44.005504,73.24285,29.237346,30.77,91,28,63,187.42863,-143.423126,6.69388,-2.276558,25.3784,24.27,28,0,62,1,6.1069,544.005504,True,0.08
BTCUSDT,240,EMA_8_21_RSI14_60,10.0,,True,0.03,0,one_shot,220,41.497027,69.464211,27.967184,29.89,87,26,61,182.59928,-141.102252,7.023049,-2.313152,24.7762,24.8,30,0,56,1,7.093,541.497027,True,0.08
BTCUSDT,240,EMA_8_21_VOL12,10.0,,True,0.03,0,one_shot,370,33.117815,61.071248,27.953433,31.03,87,27,60,176.688473,-143.570658,6.544018,-2.392844,26.775,25.63,29,0,57,1,6.1976,533.117815,True,0.09
BTCUSDT,240,EMA_8_21_VOL15,10.0,,True,0.03,0,one_shot,298,43.10033,68.180302,25.079972,33.33,78,26,52,177.937697,-134.837366,6.843758,-2.593026,27.4779,28.14,30,0,47,1,6.8243,543.10033,True,0.08
BTCUSDT,240,EMA_8_34,10.0,,True,0.03,0,one_shot,79,32.533014,57.954058,25.421044,26.58,79,21,58,168.584902,-136.051888,8.027852,-2.345722,22.6125,26.22,29,0,49,1,8.0806,532.533014,True,0.08
BTCUSDT,240,EMA_8_34_RSI14_60,10.0,,True,0.03,0,one_shot,203,24.496863,48.944267,24.447404,27.63,76,21,55,161.116223,-136.619361,7.672201,-2.483988,24.4579,28.14,33,0,42,1,9.7086,524.496863,True,0.09
BTCUSDT,240,EMA_BB_ADX_13_34,10.0,,True,0.03,0,one_shot,100,73.203684,89.340642,16.136958,32.0,50,16,34,164.07368,-90.869996,10.254605,-2.672647,20.6745,39.24,24,0,25,1,6.6578,573.203684,True,0.08
BTCUSDT,240,EMA_BB_ADX_8_21,10.0,,True,0.03,0,one_shot,96,62.096106,81.426363,19.330257,33.33,60,20,40,167.37712,-105.281014,8.368856,-2.632025,23.9256,33.97,26,0,33,1,7.6456,562.096106,True,0.08
BTCUSDT,240,MACD_12_26_sig,10.0,,True,0.03,0,one_shot,196,-78.125568,-15.342403,62.783165,25.51,196,50,146,242.353466,-320.479034,4.847069,-2.195062,31.1704,10.13,61,0,134,1,19.6754,421.874432,True,0.1
BTCUSDT,240,MACD_8_21_hist,10.0,,True,0.03,0,one_shot,284,-83.945261,7.039771,90.985032,28.87,284,82,202,283.431371,-367.376632,3.45648,-1.818696,34.4765,7.3,44,0,239,1,17.7494,416.054739,True,0.09
BTCUSDT,240,MACD_8_21_sig,10.0,,True,0.03,0,one_shot,284,-83.945261,7.039771,90.985032,28.87,284,82,202,283.431371,-367.376632,3.45648,-1.818696,34.4765,7.3,44,0,239,1,17.7494,416.054739,True,0.08
BTCUSDT,240,MACD_RSI14_50,10.0,,True,0.03,0,one_shot,232,2.752524,48.263245,45.510721,30.28,142,43,99,229.591119,-226.838595,5.339328,-2.291299,30.0277,14.95,48,0,93,1,12.1311,502.752524,True,0.09
BTCUSDT,240,MACD_RSI14_55,10.0,,True,0.03,0,one_shot,225,-2.866563,44.248751,47.115314,31.97,147,47,100,227.218283,-230.084846,4.834432,-2.300848,32.2461,14.7,47,0,99,1,10.0096,497.133437,True,0.07
BTCUSDT,240,MACD_RSI7_50,10.0,,True,0.03,0,one_shot,346,-73.334235,2.93073,76.264965,30.67,238,73,165,273.194233,-346.528469,3.742387,-2.100173,35.9461,8.79,55,0,183,0,16.6122,426.665765,True,0.08
BTCUSDT,240,MACD_RSI7_55,10.0,,True,0.03,0,one_shot,354,-116.158445,-37.336479,78.821967,26.83,246,66,180,252.510883,-368.669328,3.825922,-2.048163,34.8678,8.44,63,0,183,0,24.9312,383.841555,True,0.08
BTCUSDT,240,RSI14_6535,10.0,,True,0.03,0,one_shot,229,-97.624802,-51.801548,45.823254,40.56,143,58,85,178.418561,-276.043363,3.076182,-3.247569,51.3551,10.29,83,0,59,1,23.4913,402.375198,True,0.07
BTCUSDT,240,RSI14_trend50,10.0,,True,0.03,0,one_shot,277,-20.045305,68.361777,88.407082,25.36,276,70,206,260.998172,-281.043477,3.728545,-1.364289,26.7884,7.37,35,0,240,1,12.6841,479.954695,True,0.08
BTCUSDT,240,RSI21_7030,10.0,,True,0.03,0,one_shot,109,-25.830474,-3.722,22.108473,30.43,69,21,48,133.574526,-159.405,6.360692,-3.320938,34.3014,20.26,48,0,21,0,8.1459,474.169526,True,0.11
BTCUSDT,240,RSI7_6535,10.0,,True,0.03,0,one_shot,388,-46.261337,34.100622,80.361959,56.18,251,141,110,264.082865,-310.344202,1.872928,-2.821311,60.1016,6.16,91,0,159,1,13.4377,453.738663,True,0.1
BTCUSDT,240,RSI7_trend50,10.0,,True,0.03,0,one_shot,426,-121.898098,12.593588,134.491686,24.05,420,101,319,291.329421,-413.227519,2.88445,-1.295384,30.9913,4.58,39,0,381,0,25.8816,378.101902,True,0.09
BTCUSDT,240,STOCH14_EMA13_34,10.0,,True,0.03,0,one_shot,133,-10.804101,5.933954,16.738055,28.85,52,15,37,109.000641,-119.804741,7.266709,-3.237966,30.824,33.37,36,0,16,0,13.4731,489.195899,True,0.07
BTCUSDT,240,STOCH14_EMA8_21,10.0,,True,0.03,0,one_shot,110,-33.311168,-16.924257,16.386911,27.45,51,14,37,86.493573,-119.804741,6.178112,-3.237966,34.3876,32.67,36,0,15,0,13.4827,466.688832,True,0.07
BTCUSDT,240,STOCH14_cross,10.0,,True,0.03,0,one_shot,962,-400.007423,-106.13086,293.876563,27.02,918,248,670,366.983029,-766.990452,1.47977,-1.144762,43.6177,1.46,55,0,863,0,80.0461,99.992577,False,0.1
BTCUSDT,240,STOCH5_cross,10.0,,True,0.03,0,one_shot,1006,-374.208154,-52.183535,322.024619,30.12,1006,303,703,433.887172,-808.095326,1.431971,-1.149495,44.5288,1.35,66,0,939,1,75.9869,125.791846,True,0.09
BTCUSDT,240,TS_13_34_100_14,10.0,,True,0.03,0,one_shot,155,48.770636,65.866066,17.09543,28.3,53,15,38,156.162439,-107.391803,10.410829,-2.8261,21.3501,41.49,28,0,24,1,10.4608,548.770636,True,0.09
BTCUSDT,240,TS_13_34_200_14,10.0,,True,0.03,0,one_shot,153,32.216933,45.760262,13.543329,23.81,42,10,32,127.933946,-95.717014,12.793395,-2.991157,18.9499,51.6,26,0,15,1,13.0546,532.216933,True,0.07
BTCUSDT,240,TS_8_21_100_14,10.0,,True,0.03,0,one_shot,168,45.507728,64.172414,18.664686,31.03,58,18,40,150.992347,-105.484619,8.388464,-2.637115,23.9182,38.07,27,0,30,1,11.4194,545.507728,True,0.07
BTCUSDT,240,TS_8_21_50_14,10.0,,True,0.03,0,one_shot,200,51.406143,78.090719,26.684577,32.53,83,27,56,185.958207,-134.552064,6.887341,-2.402715,25.8633,27.17,27,0,55,1,6.1065,551.406143,True,0.07
BTCUSDT,240,DONCHIAN_55,10.0,,True,0.03,0,one_shot,18,49.108942,55.03249,5.923549,22.22,18,4,14,95.606942,-46.498,23.901735,-3.321286,12.2003,61.22,14,0,4,0,7.6017,549.108942,True,0.07
BTCUSDT,60,ADX14_DI_25,10.0,,True,0.03,0,one_shot,760,-175.49638,18.878009,194.374389,27.18,607,165,442,359.999388,-535.495768,2.181814,-1.211529,35.7031,14.71,32,0,574,1,41.1357,324.50362,True,0.2
BTCUSDT,60,ADX14_EMA13_34,10.0,,True,0.03,0,one_shot,445,-67.744037,8.839622,76.583659,26.36,239,63,176,251.976744,-319.720781,3.999631,-1.816595,31.2332,38.38,40,0,198,1,20.6162,432.255963,True,0.19
BTCUSDT,60,ADX14_EMA21_50,10.0,,True,0.03,0,one_shot,355,-27.910845,28.512455,56.4233,25.0,176,44,132,225.768343,-253.679188,5.131099,-1.921812,27.2485,51.89,35,0,140,1,13.6413,472.089155,True,0.2
BTCUSDT,60,ADX14_EMA8_21,10.0,,True,0.03,0,one_shot,503,-101.003137,6.944426,107.947563,26.11,337,88,249,290.145293,-391.14843,3.297106,-1.570877,32.2696,27.05,29,0,307,1,25.6049,398.996863,True,0.2
BTCUSDT,60,BB_10_2_RSI14,10.0,,True,0.03,0,one_shot,544,-97.425102,-16.368032,81.05707,26.09,253,66,187,241.967862,-339.392964,3.66618,-1.814936,33.1125,34.94,37,0,215,1,24.3037,402.574898,True,0.19
BTCUSDT,60,BB_10_2_breakout,10.0,,True,0.03,0,one_shot,589,-74.891125,13.190418,88.081543,28.73,275,79,196,264.561562,-339.452688,3.348881,-1.731901,34.0873,32.67,36,0,238,1,20.0557,425.108875,True,0.19
BTCUSDT,60,BB_20_25_ADX20,10.0,,True,0.03,0,one_shot,280,-38.262759,3.746725,42.009484,29.77,131,39,92,179.116883,-217.379642,4.592741,-2.362822,33.9703,63.6,42,0,88,1,14.5836,461.737241,True,0.21
BTCUSDT,60,BB_20_25_ADX25,10.0,,True,0.03,0,one_shot,258,-45.140931,-6.012902,39.12803,26.23,122,32,90,170.083508,-215.224439,5.31511,-2.391383,31.0308,67.62,44,0,77,1,15.7666,454.859069,True,0.19
BTCUSDT,60,BB_20_25_EMA100,10.0,,True,0.03,0,one_shot,260,3.715811,36.439762,32.723951,32.35,102,33,69,170.467568,-166.751757,5.165684,-2.416692,31.8725,83.0,32,0,69,1,9.3483,503.715811,True,0.2
BTCUSDT,60,BB_20_25_EMA200,10.0,,True,0.03,0,one_shot,235,12.343151,39.009621,26.66647,30.12,83,25,58,155.788448,-143.445297,6.231538,-2.473195,28.4121,102.93,29,0,53,1,10.1127,512.343151,True,0.19
BTCUSDT,60,BB_20_25_EMA50,10.0,,True,0.03,0,one_shot,283,-34.564473,6.807043,41.371516,29.46,129,38,91,177.232091,-211.796564,4.664002,-2.327435,33.2898,65.48,39,0,89,1,14.3481,465.435527,True,0.24
BTCUSDT,60,BB_20_25_MACD,10.0,,True,0.03,0,one_shot,283,-41.954912,1.014175,42.969086,29.85,134,40,94,175.452081,-217.406993,4.386302,-2.31284,34.5244,62.28,40,0,93,1,15.2197,458.045088,True,0.24
BTCUSDT,60,BB_20_25_RSI14,10.0,,True,0.03,0,one_shot,288,-40.352498,2.618995,42.971494,29.85,134,40,94,177.054495,-217.406993,4.426362,-2.31284,34.3192,62.43,40,0,93,1,15.1734,459.647502,True,0.22
BTCUSDT,60,BB_20_25_RSI14_55,10.0,,True,0.03,0,one_shot,288,-40.352498,2.618995,42.971494,29.85,134,40,94,177.054495,-217.406993,4.426362,-2.31284,34.3192,62.43,40,0,93,1,15.1734,459.647502,True,0.23
BTCUSDT,60,BB_20_25_SQ,10.0,,True,0.03,0,one_shot,167,-42.798598,-13.284918,29.51368,25.0,92,23,69,149.571591,-192.370189,6.503113,-2.787974,30.007,78.78,48,0,43,1,16.4272,457.201402,True,0.27
BTCUSDT,60,BB_20_25_VOL12,10.0,,True,0.03,0,one_shot,286,-46.574535,-3.610369,42.964166,29.85,134,40,94,171.908764,-218.483299,4.297719,-2.32429,35.0995,62.37,40,0,93,1,16.271,453.425465,True,0.24
BTCUSDT,60,BB_20_25_revert,10.0,,True,0.03,0,one_shot,288,-110.743859,-53.730626,57.013234,43.82,178,78,100,207.197628,-317.941487,2.65638,-3.179415,54.4813,36.43,95,0,83,0,23.5745,389.256141,True,0.23
BTCUSDT,60,BB_20_2_ADX20,10.0,,True,0.03,0,one_shot,556,-95.427583,-24.315553,71.112029,27.03,222,60,162,218.764573,-314.192156,3.646076,-1.939458,34.7229,39.32,39,0,182,1,22.5159,404.572417,True,0.25
BTCUSDT,60,BB_20_2_EMA100,10.0,,True,0.03,0,one_shot,486,-3.009524,44.750889,47.760413,28.86,149,43,106,215.177171,-218.186695,5.00412,-2.058365,29.1451,59.64,30,0,118,1,9.5125,496.990476,True,0.26
BTCUSDT,60,BB_20_2_EMA200,10.0,,True,0.03,0,one_shot,435,29.787679,65.080992,35.293313,31.82,110,35,75,181.041415,-151.253736,5.172612,-2.016716,28.0515,83.26,24,0,85,1,7.7984,529.787679,True,0.25
BTCUSDT,60,BB_20_2_EMA50,10.0,,True,0.03,0,one_shot,555,-76.933838,-8.060639,68.873199,27.91,215,60,155,227.86077,-304.794608,3.797679,-1.966417,34.1149,40.92,37,0,177,1,19.8585,423.066162,True,0.23
BTCUSDT,60,BB_20_2_MACD,10.0,,True,0.03,0,one_shot,563,-108.34809,-32.751075,75.597015,27.54,236,65,171,223.71895,-332.067039,3.44183,-1.941913,36.0699,37.16,37,0,198,1,24.6055,391.65191,True,0.27
BTCUSDT,60,BB_20_2_RSI14,10.0,,True,0.03,0,one_shot,581,-106.329695,-30.732383,75.597312,27.54,236,65,171,224.076555,-330.40625,3.447332,-1.9322,35.9176,37.17,37,0,198,1,24.2338,393.670305,True,0.24
BTCUSDT,60,BB_20_2_RSI14_55,10.0,,True,0.03,0,one_shot,578,-93.984336,-19.669126,74.31521,28.45,232,66,166,224.830482,-318.814818,3.406522,-1.920571,36.0529,37.84,36,0,195,1,21.7726,406.015664,True,0.23
BTCUSDT,60,BB_20_2_RSI7_50,10.0,,True,0.03,0,one_shot,577,-99.750448,-25.43268,74.317768,28.45,232,66,166,225.314362,-325.06481,3.413854,-1.958222,36.4519,37.97,36,0,195,1,22.9222,400.249552,True,0.34
BTCUSDT,60,BB_20_2_SQ,10.0,,True,0.03,0,one_shot,333,-38.39175,6.169525,44.561275,30.22,139,42,97,189.698389,-228.090139,4.516628,-2.351445,34.2373,60.01,45,0,93,1,16.4444,461.60825,True,0.23
BTCUSDT,60,BB_20_2_VOL12,10.0,,True,0.03,0,one_shot,525,-47.707024,16.693791,64.400815,30.35,201,61,140,226.559511,-274.266535,3.71409,-1.959047,34.532,43.82,34,0,166,1,14.6694,452.292976,True,0.24
BTCUSDT,60,BB_20_2_breakout,10.0,,True,0.03,0,one_shot,581,-106.329695,-30.732383,75.597312,27.54,236,65,171,224.076555,-330.40625,3.447332,-1.9322,35.9176,37.17,37,0,198,1,24.2338,393.670305,True,0.24
BTCUSDT,60,BB_20_2_mid,10.0,,True,0.03,0,one_shot,1139,-350.851412,13.746041,364.597453,18.0,1139,205,934,402.957668,-753.80908,1.965647,-0.807076,29.1077,7.4,13,0,1125,1,72.0131,149.148588,True,0.33
BTCUSDT,60,BB_20_2_revert,10.0,,True,0.03,0,one_shot,581,-124.462164,-25.86482,98.597345,50.65,308,156,152,288.572713,-413.034877,1.849825,-2.717335,59.4973,23.55,120,0,188,0,26.9912,375.537836,True,0.23
BTCUSDT,60,DONCHIAN_20,10.0,,True,0.03,0,one_shot,206,-91.057715,-25.071805,65.98591,28.16,206,58,148,220.265289,-311.323003,3.797677,-2.103534,35.6458,41.32,38,0,167,1,21.8328,408.942285,True,0.23
BTCUSDT,60,DONCHIAN_PULLBACK_20,10.0,,True,0.03,0,one_shot,139,-29.721808,8.068971,37.79078,28.81,118,34,84,179.155617,-208.877426,5.269283,-2.486636,32.0611,64.62,53,0,64,1,12.815,470.278192,True,0.26
BTCUSDT,60,EMA3_13_34_100,10.0,,True,0.03,0,one_shot,177,42.374358,71.617494,29.243135,29.67,91,27,64,188.725659,-146.351301,6.989839,-2.286739,24.6507,100.25,25,0,65,1,7.333,542.374358,True,0.25
BTCUSDT,60,EMA3_13_50_200,10.0,,True,0.03,0,one_shot,141,33.241853,54.803913,21.56206,23.88,67,16,51,166.850958,-133.609105,10.428185,-2.619786,20.0781,134.93,30,0,36,1,10.9,533.241853,True,0.23
BTCUSDT,60,EMA3_21_50_200,10.0,,True,0.03,0,one_shot,120,13.668869,35.84522,22.176351,21.74,69,15,54,156.200122,-142.531253,10.413341,-2.639468,20.2215,126.81,33,0,35,1,14.2487,513.668869,True,0.26
BTCUSDT,60,EMA3_8_21_100,10.0,,True,0.03,0,one_shot,283,36.429222,72.087946,35.658724,28.83,111,32,79,204.527918,-168.098697,6.391497,-2.127832,24.9765,84.43,23,0,87,1,8.0616,536.429222,True,0.23
BTCUSDT,60,EMA3_8_21_50,10.0,,True,0.03,0,one_shot,316,-30.591478,25.520668,56.112146,24.57,175,43,132,227.834707,-258.426186,5.298482,-1.957774,26.9805,52.84,39,0,135,1,13.847,469.408522,True,0.23
BTCUSDT,60,EMA3_8_34_100,10.0,,True,0.03,0,one_shot,210,46.938351,76.516111,29.57776,30.43,92,28,64,195.890891,-148.952541,6.996103,-2.327383,24.9626,100.47,26,0,65,1,7.3073,546.938351,True,0.26
BTCUSDT,60,EMA_13_34,10.0,,True,0.03,0,one_shot,271,-84.067336,2.744635,86.811971,23.99,271,65,206,252.903202,-336.970538,3.890818,-1.635779,29.5983,33.57,32,0,238,1,22.5925,415.932664,True,0.26
BTCUSDT,60,EMA_13_34_RSI14_55,10.0,,True,0.03,0,one_shot,756,-79.25644,1.152357,80.408797,25.9,251,65,186,255.422534,-334.678975,3.929577,-1.799349,31.4081,36.9,32,0,218,1,20.8703,420.74356,True,0.22
BTCUSDT,60,EMA_13_34_RSI7_55,10.0,,True,0.03,0,one_shot,1047,-81.389211,2.225573,83.614784,24.52,261,64,197,257.593603,-338.982814,4.0249,-1.720725,29.9484,35.51,32,0,228,1,21.7256,418.610789,True,0.23
BTCUSDT,60,EMA_13_34_VOL12,10.0,,True,0.03,0,one_shot,1204,-29.300273,43.454346,72.754619,30.4,227,69,158,255.678422,-284.978695,3.705484,-1.803663,32.7394,40.79,33,0,193,1,13.0329,470.699727,True,0.32
BTCUSDT,60,EMA_13_50,10.0,,True,0.03,0,one_shot,216,-64.034845,5.176529,69.211374,22.22,216,48,168,229.381238,-293.416083,4.778776,-1.746524,26.7654,41.5,30,0,185,1,18.667,435.965155,True,0.23
BTCUSDT,60,EMA_21_100,10.0,,True,0.03,0,one_shot,108,37.263271,71.952762,34.689491,27.78,108,30,78,200.254095,-162.990824,6.675137,-2.089626,23.8412,81.61,23,0,84,1,8.2399,537.263271,True,0.24
BTCUSDT,60,EMA_21_50,10.0,,True,0.03,0,one_shot,174,-28.247789,27.533008,55.780797,24.14,174,42,132,219.777957,-248.025746,5.232809,-1.878983,26.4207,50.57,34,0,139,1,13.0826,471.752211,True,0.28
BTCUSDT,60,EMA_21_50_RSI14_55,10.0,,True,0.03,0,one_shot,684,-35.357703,18.823001,54.180704,26.04,169,44,125,223.363119,-258.720822,5.076435,-2.069767,28.9632,54.57,40,0,128,1,13.4726,464.642297,True,0.25
BTCUSDT,60,EMA_34_100,10.0,,True,0.03,0,one_shot,84,57.752261,84.750626,26.998365,29.76,84,25,59,189.970381,-132.21812,7.598815,-2.240985,22.7747,102.29,21,0,62,1,5.9593,557.752261,True,0.25
BTCUSDT,60,EMA_50_200,10.0,,True,0.03,0,one_shot,66,31.735598,52.965698,21.230101,24.24,66,16,50,156.568257,-124.832659,9.785516,-2.496653,20.3275,123.41,27,0,38,1,11.1577,531.735598,True,0.25
BTCUSDT,60,EMA_8_21_RSI14_55,10.0,,True,0.03,0,one_shot,891,-101.148452,17.661215,118.809668,27.22,371,101,270,291.255288,-392.403741,2.883716,-1.453347,33.5099,24.69,26,0,344,1,22.4813,398.851548,True,0.26
BTCUSDT,60,EMA_8_21_RSI14_60,10.0,,True,0.03,0,one_shot,922,-78.031101,28.300477,106.331578,29.82,332,99,233,284.770208,-362.80131,2.876467,-1.557087,35.1205,27.53,29,0,302,1,18.0097,421.968899,True,0.22
BTCUSDT,60,EMA_8_21_VOL12,10.0,,True,0.03,0,one_shot,1227,-54.693001,47.827167,102.520168,29.06,320,93,227,285.341704,-340.034704,3.06819,-1.49795,32.8056,28.78,26,0,293,1,14.8223,445.306999,True,0.26
BTCUSDT,60,EMA_8_21_VOL15,10.0,,True,0.03,0,one_shot,1023,-29.295575,59.778503,89.074078,30.58,278,85,193,278.970953,-308.266529,3.282011,-1.597236,32.7353,33.15,30,0,247,1,10.9622,470.704425,True,0.25
BTCUSDT,60,EMA_8_34,10.0,,True,0.03,0,one_shot,337,-56.454951,51.486836,107.941788,23.74,337,80,257,285.123607,-341.578558,3.564045,-1.329099,27.1625,27.11,15,0,321,1,15.6155,443.545049,True,0.25
BTCUSDT,60,EMA_8_34_RSI14_60,10.0,,True,0.03,0,one_shot,832,-51.600303,33.93422,85.534523,26.97,267,72,195,275.026264,-326.626567,3.819809,-1.675008,30.4834,34.46,29,0,237,1,14.3157,448.399697,True,0.24
BTCUSDT,60,EMA_BB_ADX_13_34,10.0,,True,0.03,0,one_shot,419,-59.517352,8.083973,67.601325,28.91,211,61,150,241.799098,-301.31645,3.96392,-2.008776,33.6327,42.71,46,0,165,0,17.0476,440.482648,True,0.26
BTCUSDT,60,EMA_BB_ADX_8_21,10.0,,True,0.03,0,one_shot,404,-58.681237,19.816323,78.497561,29.39,245,72,173,263.107755,-321.788992,3.654274,-1.860052,33.7313,37.02,39,0,205,1,15.0025,441.318763,True,0.25
BTCUSDT,60,MACD_12_26_sig,10.0,,True,0.03,0,one_shot,733,-264.064318,-29.385309,234.679008,30.15,733,221,512,399.890011,-663.954328,1.809457,-1.296786,41.7477,11.9,40,0,692,1,55.851,235.935682,True,0.26
BTCUSDT,60,MACD_8_21_hist,10.0,,True,0.03,0,one_shot,1127,-356.78896,3.987776,360.776736,27.86,1127,314,813,485.883314,-842.672274,1.547399,-1.036497,40.1137,7.51,18,0,1108,1,73.3315,143.21104,True,0.33
BTCUSDT,60,MACD_8_21_sig,10.0,,True,0.03,0,one_shot,1127,-356.78896,3.987776,360.776736,27.86,1127,314,813,485.883314,-842.672274,1.547399,-1.036497,40.1137,7.51,18,0,1108,1,73.3315,143.21104,True,0.36
BTCUSDT,60,MACD_RSI14_50,10.0,,True,0.03,0,one_shot,955,-152.79265,29.38615,182.178799,31.81,569,181,388,364.771284,-517.563933,2.015311,-1.333928,39.8278,15.77,32,0,536,1,31.1557,347.20735,True,0.25
BTCUSDT,60,MACD_RSI14_55,10.0,,True,0.03,0,one_shot,933,-162.186376,14.559194,176.74557,31.7,552,175,377,347.33078,-509.517156,1.984747,-1.351504,40.5097,16.24,35,0,516,1,33.1939,337.813624,True,0.28
BTCUSDT,60,MACD_RSI7_50,10.0,,True,0.03,0,one_shot,1463,-310.308817,-5.218486,305.090331,28.65,953,273,680,460.124635,-770.433453,1.685438,-1.13299,40.1994,9.05,26,0,926,1,64.4741,189.691183,True,0.28
BTCUSDT,60,MACD_RSI7_55,10.0,,True,0.03,0,one_shot,1466,-347.131606,-39.796972,307.334634,27.5,960,264,696,442.153962,-789.285568,1.674826,-1.134031,40.3734,8.97,22,0,937,1,71.6179,152.868394,True,0.3
BTCUSDT,60,RSI14_6535,10.0,,True,0.03,0,one_shot,852,-150.690694,-16.874453,133.816241,56.46,418,236,182,309.026471,-459.717164,1.309434,-2.525918,65.8588,17.84,129,0,288,1,31.3715,349.309306,True,0.23
BTCUSDT,60,RSI14_trend50,10.0,,True,0.03,0,one_shot,1212,-356.074552,31.551562,387.626114,20.31,1211,246,965,407.672782,-763.747334,1.657206,-0.791448,32.3218,6.89,18,0,1192,1,72.2543,143.925448,True,0.26
BTCUSDT,60,RSI21_7030,10.0,,True,0.03,0,one_shot,366,-140.376634,-80.480531,59.896103,41.18,187,77,110,221.725781,-362.102415,2.879556,-3.29184,53.3403,37.97,109,0,77,1,32.5682,359.623366,True,0.23
BTCUSDT,60,RSI7_6535,10.0,,True,0.03,0,one_shot,1501,-303.571022,-32.155771,271.415251,50.47,848,428,420,369.86983,-673.440852,0.864182,-1.603431,64.979,9.05,151,0,697,0,60.7142,196.428978,True,0.27
BTCUSDT,60,RSI7_trend50,10.0,,True,0.03,0,one_shot,1854,-400.014843,20.88082,420.895663,18.48,1315,243,1072,370.245058,-770.259901,1.523642,-0.718526,32.046,4.17,9,0,1306,0,80.1155,99.985157,False,0.28
BTCUSDT,60,STOCH14_EMA13_34,10.0,,True,0.03,0,one_shot,643,-24.470464,42.45613,66.926594,33.49,209,70,139,216.237198,-240.707662,3.089103,-1.73171,35.9215,40.19,55,0,153,1,15.9258,475.529536,True,0.23
BTCUSDT,60,STOCH14_EMA8_21,10.0,,True,0.03,0,one_shot,525,-34.182719,37.214704,71.397423,34.53,223,77,146,217.388398,-251.571116,2.823226,-1.72309,37.9008,37.3,57,0,165,1,12.7651,465.817281,True,0.22
BTCUSDT,60,STOCH14_cross,10.0,,True,0.03,0,one_shot,3935,-400.763835,-53.822309,346.941525,20.3,1084,220,864,192.872374,-593.636209,0.876693,-0.687079,43.9373,1.38,7,0,1077,0,80.2904,99.236165,False,0.29
BTCUSDT,60,STOCH5_cross,10.0,,True,0.03,0,one_shot,4076,-402.68428,-43.894532,358.789747,22.03,1121,247,874,201.232234,-603.916514,0.814705,-0.69098,45.8914,1.36,6,0,1115,0,80.5409,97.31572,False,0.28
BTCUSDT,60,TS_13_34_100_14,10.0,,True,0.03,0,one_shot,693,-14.463624,45.802459,60.266083,29.79,188,56,132,238.496666,-252.96029,4.258869,-1.916366,31.0331,49.71,26,0,161,1,13.3911,485.536376,True,0.24
BTCUSDT,60,TS_13_34_200_14,10.0,,True,0.03,0,one_shot,655,19.140438,60.85801,41.717573,27.69,130,36,94,197.822517,-178.682079,5.49507,-1.900873,25.7016,72.05,23,0,106,1,10.7726,519.140438,True,0.29
BTCUSDT,60,TS_8_21_100_14,10.0,,True,0.03,0,one_shot,731,-25.851453,46.254355,72.105808,26.22,225,59,166,247.46685,-273.318303,4.194353,-1.646496,28.1893,41.44,19,0,205,1,12.1848,474.148547,True,0.25
BTCUSDT,60,TS_8_21_50_14,10.0,,True,0.03,0,one_shot,825,-68.374423,40.541748,108.916171,27.94,340,95,245,286.927763,-355.302187,3.020292,-1.450213,32.4396,27.14,18,0,321,1,18.4746,431.625577,True,0.24
BTCUSDT,60,DONCHIAN_55,10.0,,True,0.03,0,one_shot,76,14.690185,39.065891,24.375707,34.21,76,26,50,154.159565,-139.46938,5.929214,-2.789388,31.9935,90.54,33,0,42,1,6.7252,514.690185,True,0.22
XRPUSDT,240,ADX14_DI_25,10.0,,True,0.03,0,one_shot,183,22.586426,74.654677,52.068251,23.46,162,38,124,342.808416,-320.22199,9.021274,-2.582435,22.2553,11.19,77,0,84,1,24.8758,522.586426,True,0.11
XRPUSDT,240,ADX14_EMA13_34,10.0,,True,0.03,0,one_shot,110,215.135961,240.563979,25.428018,16.67,78,13,65,381.792232,-166.656271,29.368633,-2.563943,8.0292,23.37,44,0,34,0,17.1611,715.135961,True,0.08
XRPUSDT,240,ADX14_EMA21_50,10.0,,True,0.03,0,one_shot,97,238.12465,257.783784,19.659134,13.33,60,8,52,381.218331,-143.093681,47.652291,-2.751802,5.4595,30.45,39,0,20,1,17.7224,738.12465,True,0.09
XRPUSDT,240,ADX14_EMA8_21,10.0,,True,0.03,0,one_shot,122,93.592219,124.931689,31.33947,22.68,97,22,75,295.312007,-201.719788,13.423273,-2.689597,16.6922,19.27,48,0,49,0,15.949,593.592219,True,0.11
XRPUSDT,240,BB_10_2_RSI14,10.0,,True,0.03,0,one_shot,147,121.678024,149.869083,28.191058,21.84,87,19,68,334.379409,-212.701385,17.598916,-3.127962,15.0913,18.38,59,0,27,1,17.6191,621.678024,True,0.09
XRPUSDT,240,BB_10_2_breakout,10.0,,True,0.03,0,one_shot,154,85.336089,115.080694,29.744605,20.65,92,19,73,305.837753,-220.501665,16.096724,-3.020571,15.8002,17.76,60,0,31,1,17.1812,585.336089,True,0.08
XRPUSDT,240,BB_20_25_ADX20,10.0,,True,0.03,0,one_shot,71,221.201746,236.68537,15.483624,12.77,47,6,41,346.296659,-125.094913,57.71611,-3.051095,5.021,31.11,35,0,11,1,18.1838,721.201746,True,0.09
XRPUSDT,240,BB_20_25_ADX25,10.0,,True,0.03,0,one_shot,65,212.844389,227.370117,14.525728,9.09,44,4,40,337.24573,-124.401341,84.311432,-3.110034,3.5575,31.45,35,0,8,1,17.93,712.844389,True,0.08
XRPUSDT,240,BB_20_25_EMA100,10.0,,True,0.03,0,one_shot,70,190.993735,204.481276,13.487541,12.2,41,5,36,297.789834,-106.7961,59.557967,-2.966558,4.7446,37.12,29,0,11,1,21.8733,690.993735,True,0.09
XRPUSDT,240,BB_20_25_EMA200,10.0,,True,0.03,0,one_shot,61,227.554672,237.235507,9.680835,17.24,29,5,24,300.712977,-73.158305,60.142595,-3.048263,4.8239,55.07,21,0,7,1,20.6602,727.554672,True,0.09
XRPUSDT,240,BB_20_25_EMA50,10.0,,True,0.03,0,one_shot,73,224.526246,239.68537,15.159124,13.04,46,6,40,346.296659,-121.770413,57.71611,-3.04426,5.0103,31.85,34,0,11,1,18.1838,724.526246,True,0.09
XRPUSDT,240,BB_20_25_MACD,10.0,,True,0.03,0,one_shot,74,221.201746,236.68537,15.483624,12.77,47,6,41,346.296659,-125.094913,57.71611,-3.051095,5.021,31.17,35,0,11,1,18.1838,721.201746,True,0.09
XRPUSDT,240,BB_20_25_RSI14,10.0,,True,0.03,0,one_shot,74,221.201746,236.68537,15.483624,12.77,47,6,41,346.296659,-125.094913,57.71611,-3.051095,5.021,31.17,35,0,11,1,18.1838,721.201746,True,0.09
XRPUSDT,240,BB_20_25_RSI14_55,10.0,,True,0.03,0,one_shot,74,221.201746,236.68537,15.483624,12.77,47,6,41,346.296659,-125.094913,57.71611,-3.051095,5.021,31.17,35,0,11,1,18.1838,721.201746,True,0.08
XRPUSDT,240,BB_20_25_SQ,10.0,,True,0.03,0,one_shot,46,177.686815,187.364862,9.678047,3.45,29,1,28,267.642315,-89.9555,267.642315,-3.212696,1.1861,36.79,27,0,2,0,22.4979,677.686815,True,0.09
XRPUSDT,240,BB_20_25_VOL12,10.0,,True,0.03,0,one_shot,70,212.457624,227.608099,15.150475,10.87,46,5,41,341.599853,-129.142228,68.319971,-3.14981,4.4072,31.74,37,0,8,1,18.5406,712.457624,True,0.09
XRPUSDT,240,BB_20_25_revert,10.0,,True,0.03,0,one_shot,74,33.650464,55.043699,21.393235,25.37,67,17,50,199.659464,-166.009,11.744674,-3.32018,22.0392,13.27,50,0,17,0,7.8289,533.650464,True,0.08
XRPUSDT,240,BB_20_2_ADX20,10.0,,True,0.03,0,one_shot,131,215.923733,237.859461,21.935728,14.93,67,10,57,381.480068,-165.556335,38.148007,-2.904497,7.0751,25.33,45,0,21,1,21.7454,715.923733,True,0.09
XRPUSDT,240,BB_20_2_EMA100,10.0,,True,0.03,0,one_shot,120,168.334654,188.268117,19.933463,13.11,61,8,53,325.979837,-157.645183,40.74748,-2.974437,6.8031,27.28,43,0,17,1,22.8892,668.334654,True,0.09
XRPUSDT,240,BB_20_2_EMA200,10.0,,True,0.03,0,one_shot,107,225.530632,238.770663,13.240031,17.5,40,7,33,326.088848,-100.558216,46.584121,-3.047219,6.1397,47.45,28,0,11,1,20.2975,725.530632,True,0.09
XRPUSDT,240,BB_20_2_EMA50,10.0,,True,0.03,0,one_shot,128,217.740487,239.340966,21.600479,16.67,66,11,55,384.095118,-166.354631,34.917738,-3.02463,7.9716,26.03,46,0,19,1,21.8196,717.740487,True,0.12
XRPUSDT,240,BB_20_2_MACD,10.0,,True,0.03,0,one_shot,135,225.574377,247.830896,22.256519,17.65,68,12,56,390.832366,-165.257989,32.569364,-2.951036,8.308,24.76,45,0,22,1,19.5634,725.574377,True,0.09
XRPUSDT,240,BB_20_2_RSI14,10.0,,True,0.03,0,one_shot,135,225.574377,247.830896,22.256519,17.65,68,12,56,390.832366,-165.257989,32.569364,-2.951036,8.308,24.76,45,0,22,1,19.5634,725.574377,True,0.09
XRPUSDT,240,BB_20_2_RSI14_55,10.0,,True,0.03,0,one_shot,135,225.574377,247.830896,22.256519,17.65,68,12,56,390.832366,-165.257989,32.569364,-2.951036,8.308,24.76,45,0,22,1,19.5634,725.574377,True,0.08
XRPUSDT,240,BB_20_2_RSI7_50,10.0,,True,0.03,0,one_shot,135,225.574377,247.830896,22.256519,17.65,68,12,56,390.832366,-165.257989,32.569364,-2.951036,8.308,24.76,45,0,22,1,19.5634,725.574377,True,0.09
XRPUSDT,240,BB_20_2_SQ,10.0,,True,0.03,0,one_shot,81,198.273898,212.175043,13.901146,9.52,42,4,38,316.693446,-118.419549,79.173362,-3.116304,3.787,34.1,35,0,7,0,20.0087,698.273898,True,0.08
XRPUSDT,240,BB_20_2_VOL12,10.0,,True,0.03,0,one_shot,127,195.091623,216.685852,21.594229,13.64,66,9,57,369.360159,-174.268536,41.040018,-3.057343,6.9332,23.62,49,0,16,1,25.3905,695.091623,True,0.09
XRPUSDT,240,BB_20_2_breakout,10.0,,True,0.03,0,one_shot,135,225.574377,247.830896,22.256519,17.65,68,12,56,390.832366,-165.257989,32.569364,-2.951036,8.308,24.76,45,0,22,1,19.5634,725.574377,True,0.09
XRPUSDT,240,BB_20_2_mid,10.0,,True,0.03,0,one_shot,303,41.625133,138.822054,97.19692,17.82,303,54,249,457.04811,-415.422976,8.463854,-1.668365,16.4659,6.42,57,0,245,1,24.9714,541.625133,True,0.08
XRPUSDT,240,BB_20_2_revert,10.0,,True,0.03,0,one_shot,135,-83.32036,-48.108982,35.211378,21.82,110,24,86,202.24464,-285.565,8.42686,-3.320523,28.2661,9.76,86,0,24,0,17.4151,416.67964,True,0.09
XRPUSDT,240,DONCHIAN_20,10.0,,True,0.03,0,one_shot,45,273.045374,287.940138,14.894763,17.78,45,8,37,377.623483,-104.578109,47.202935,-2.826435,5.6496,30.44,27,0,18,0,15.5367,773.045374,True,0.08
XRPUSDT,240,DONCHIAN_PULLBACK_20,10.0,,True,0.03,0,one_shot,32,242.870705,253.320807,10.450102,12.9,31,4,27,332.542205,-89.6715,83.135551,-3.321167,3.8414,29.35,27,0,4,0,18.7344,742.870705,True,0.1
XRPUSDT,240,EMA3_13_34_100,10.0,,True,0.03,0,one_shot,56,156.504166,172.290583,15.786418,4.17,48,2,46,306.87328,-150.369115,153.43664,-3.268894,2.086,30.54,44,0,3,1,24.265,656.504166,True,0.09
XRPUSDT,240,EMA3_13_50_200,10.0,,True,0.03,0,one_shot,35,300.016927,307.581806,7.564879,13.64,22,3,19,362.004311,-61.987383,120.668104,-3.262494,2.6325,84.55,18,0,3,1,20.4695,800.016927,True,0.09
XRPUSDT,240,EMA3_21_50_200,10.0,,True,0.03,0,one_shot,34,303.821275,311.060935,7.239661,14.29,21,3,18,362.484158,-58.662883,120.828053,-3.259049,2.6264,87.81,17,0,3,1,20.4695,803.821275,True,0.09
XRPUSDT,240,EMA3_8_21_100,10.0,,True,0.03,0,one_shot,79,-76.909749,-59.888399,17.021351,5.66,53,3,50,81.113522,-158.023271,27.037841,-3.160465,10.4657,32.21,45,0,7,1,23.4796,423.090251,True,0.09
XRPUSDT,240,EMA3_8_21_50,10.0,,True,0.03,0,one_shot,87,210.440432,231.354019,20.913587,9.38,64,6,58,370.47839,-160.037958,61.746398,-2.759275,4.2776,29.72,43,0,20,1,19.2193,710.440432,True,0.11
XRPUSDT,240,EMA3_8_34_100,10.0,,True,0.03,0,one_shot,64,152.090301,169.11648,17.026179,5.77,52,3,49,312.387916,-160.297615,104.129305,-3.27138,3.046,29.37,47,0,4,1,23.1605,652.090301,True,0.09
XRPUSDT,240,EMA_13_34,10.0,,True,0.03,0,one_shot,75,212.75255,237.200278,24.447728,18.67,75,14,61,373.997961,-161.24541,26.71414,-2.643367,9.0041,23.52,40,0,35,0,18.098,712.75255,True,0.09
XRPUSDT,240,EMA_13_34_RSI14_55,10.0,,True,0.03,0,one_shot,207,230.049156,257.371816,27.32266,20.24,84,17,67,418.186985,-188.137829,24.599234,-2.808027,10.2456,24.44,52,0,31,1,18.2585,730.049156,True,0.1
XRPUSDT,240,EMA_13_34_RSI7_55,10.0,,True,0.03,0,one_shot,265,203.675438,233.543769,29.868331,18.48,92,17,75,408.544397,-204.868959,24.032023,-2.731586,10.2063,22.83,53,0,38,1,20.7805,703.675438,True,0.1
XRPUSDT,240,EMA_13_34_VOL12,10.0,,True,0.03,0,one_shot,326,215.171524,241.847558,26.676034,19.51,82,16,66,408.097294,-192.92577,25.506081,-2.923118,10.2821,25.33,53,0,28,1,19.0507,715.171524,True,0.08
XRPUSDT,240,EMA_13_50,10.0,,True,0.03,0,one_shot,55,248.066336,266.055408,17.989072,23.64,55,13,42,362.788973,-114.722636,27.906844,-2.731491,8.9153,32.07,31,0,23,1,20.3327,748.066336,True,0.09
XRPUSDT,240,EMA_21_100,10.0,,True,0.03,0,one_shot,37,-82.464065,-70.641255,11.822809,5.41,37,2,35,23.934631,-106.398695,11.967315,-3.039963,20.2566,29.51,29,0,7,1,20.5973,417.535935,True,0.09
XRPUSDT,240,EMA_21_50,10.0,,True,0.03,0,one_shot,53,244.036474,261.451947,17.415474,11.32,53,6,47,370.47839,-126.441917,61.746398,-2.690254,4.175,32.26,33,0,19,1,17.6432,744.036474,True,0.09
XRPUSDT,240,EMA_21_50_RSI14_55,10.0,,True,0.03,0,one_shot,186,204.905548,226.495079,21.589531,10.61,66,7,59,382.588358,-177.68281,54.65548,-3.011573,5.2223,30.62,51,0,14,1,23.6465,704.905548,True,0.09
XRPUSDT,240,EMA_34_100,10.0,,True,0.03,0,one_shot,37,205.83727,218.076252,12.238982,8.11,37,3,34,312.387916,-106.550646,104.129305,-3.133843,2.9216,30.95,30,0,6,1,19.134,705.83727,True,0.09
XRPUSDT,240,EMA_50_200,10.0,,True,0.03,0,one_shot,15,303.541131,308.873073,5.331942,13.33,15,2,13,345.590514,-42.049383,172.795257,-3.234568,1.8375,98.93,12,0,3,0,20.1192,803.541131,True,0.1
XRPUSDT,240,EMA_8_21_RSI14_55,10.0,,True,0.03,0,one_shot,236,159.695834,195.148731,35.452897,27.27,110,30,80,381.793526,-222.097691,12.726451,-2.776221,17.908,18.3,58,0,51,1,12.3906,659.695834,True,0.1
XRPUSDT,240,EMA_8_21_RSI14_60,10.0,,True,0.03,0,one_shot,212,290.335051,322.455705,32.120654,25.25,99,25,74,495.261775,-204.926724,19.810471,-2.76928,12.2644,20.4,54,0,44,1,17.4804,790.335051,True,0.09
XRPUSDT,240,EMA_8_21_VOL12,10.0,,True,0.03,0,one_shot,322,268.912102,298.163489,29.251387,24.44,90,22,68,459.588516,-190.676414,20.890387,-2.804065,11.8343,22.91,48,0,41,1,17.0155,768.912102,True,0.09
XRPUSDT,240,EMA_8_21_VOL15,10.0,,True,0.03,0,one_shot,252,224.97968,251.050575,26.070895,20.0,80,16,64,415.551458,-190.571778,25.971966,-2.977684,10.2857,24.85,53,0,26,1,20.0265,724.97968,True,0.11
XRPUSDT,240,EMA_8_34,10.0,,True,0.03,0,one_shot,91,227.267885,256.84335,29.575464,18.68,91,17,74,418.418544,-191.150659,24.612856,-2.583117,9.4982,20.9,43,0,48,0,18.8475,727.267885,True,0.11
XRPUSDT,240,EMA_8_34_RSI14_60,10.0,,True,0.03,0,one_shot,195,252.43207,281.047607,28.615537,20.45,88,18,70,453.790901,-201.358831,25.210606,-2.876555,10.2415,23.53,54,0,33,1,18.2566,752.43207,True,0.11
XRPUSDT,240,EMA_BB_ADX_13_34,10.0,,True,0.03,0,one_shot,91,237.72919,258.060827,20.331636,19.35,62,12,50,378.829669,-141.100479,31.569139,-2.82201,8.2056,26.13,39,0,22,1,17.5314,737.72919,True,0.08
XRPUSDT,240,EMA_BB_ADX_8_21,10.0,,True,0.03,0,one_shot,84,237.527373,258.157897,20.630524,23.81,63,15,48,386.084483,-148.55711,25.738966,-3.09494,10.7337,25.59,42,0,20,1,19.062,737.527373,True,0.09
XRPUSDT,240,MACD_12_26_sig,10.0,,True,0.03,0,one_shot,190,-2.176046,58.767329,60.943375,22.63,190,43,147,362.139988,-364.316033,8.42186,-2.47834,22.7366,9.16,79,0,110,1,25.3143,497.823954,True,0.1
XRPUSDT,240,MACD_8_21_hist,10.0,,True,0.03,0,one_shot,294,-38.443729,55.749866,94.193594,27.21,294,80,214,389.458022,-427.901751,4.868225,-1.999541,29.1149,6.27,74,0,219,1,23.8182,461.556271,True,0.09
XRPUSDT,240,MACD_8_21_sig,10.0,,True,0.03,0,one_shot,294,-38.443729,55.749866,94.193594,27.21,294,80,214,389.458022,-427.901751,4.868225,-1.999541,29.1149,6.27,74,0,219,1,23.8182,461.556271,True,0.16
XRPUSDT,240,MACD_RSI14_50,10.0,,True,0.03,0,one_shot,263,73.865618,126.910342,53.044723,26.06,165,43,122,395.728349,-321.862731,9.202985,-2.638219,22.28,11.9,80,0,85,0,12.8063,573.865618,True,0.14
XRPUSDT,240,MACD_RSI14_55,10.0,,True,0.03,0,one_shot,251,37.036875,91.98054,54.943664,24.56,171,42,129,384.461573,-347.424697,9.153847,-2.693215,22.7332,11.32,86,0,85,0,18.3405,537.036875,True,0.09
XRPUSDT,240,MACD_RSI7_50,10.0,,True,0.03,0,one_shot,375,-66.534853,20.286774,86.821627,25.83,271,70,201,373.085545,-439.620397,5.329793,-2.187166,29.0964,7.17,87,0,184,0,27.086,433.465147,True,0.11
XRPUSDT,240,MACD_RSI7_55,10.0,,True,0.03,0,one_shot,364,-88.935853,-3.712461,85.223391,26.69,266,71,195,357.084173,-446.020025,5.029355,-2.287282,31.2614,7.26,93,0,173,0,24.8989,411.064147,True,0.1
XRPUSDT,240,RSI14_6535,10.0,,True,0.03,0,one_shot,212,-84.362121,-40.457345,43.904776,33.58,137,46,91,215.018496,-299.380617,4.674315,-3.289897,41.3085,9.31,90,0,47,0,21.3782,415.637879,True,0.1
XRPUSDT,240,RSI14_trend50,10.0,,True,0.03,0,one_shot,350,-5.70134,106.261771,111.96311,24.36,349,85,264,448.457031,-454.158371,5.275965,-1.720297,24.5888,5.2,71,0,277,1,28.315,494.29866,True,0.16
XRPUSDT,240,RSI21_7030,10.0,,True,0.03,0,one_shot,98,-73.545544,-49.1955,24.350044,19.74,76,15,61,129.014956,-202.5605,8.600997,-3.320664,27.854,13.49,61,0,15,0,21.255,426.454456,True,0.1
XRPUSDT,240,RSI7_6535,10.0,,True,0.03,0,one_shot,388,-166.027594,-78.693023,87.33457,45.05,273,123,150,300.762992,-466.790586,2.445228,-3.111937,55.9986,4.81,139,0,134,0,33.6771,333.972406,True,0.11
XRPUSDT,240,RSI7_trend50,10.0,,True,0.03,0,one_shot,458,-71.954142,71.588011,143.542153,22.99,448,103,345,454.483605,-526.437748,4.412462,-1.525907,25.6957,4.09,77,0,371,0,34.1061,428.045858,True,0.16
XRPUSDT,240,STOCH14_EMA13_34,10.0,,True,0.03,0,one_shot,148,235.046082,252.237664,17.191583,13.46,52,7,45,381.292359,-146.246278,54.470337,-3.249917,5.6305,28.62,44,0,8,0,17.7158,735.046082,True,0.14
XRPUSDT,240,STOCH14_EMA8_21,10.0,,True,0.03,0,one_shot,125,273.3315,295.019813,21.688313,30.3,66,20,46,426.0605,-152.729,21.303025,-3.320196,13.484,22.29,46,0,20,0,13.2267,773.3315,True,0.09
XRPUSDT,240,STOCH14_cross,10.0,,True,0.03,0,one_shot,1014,-400.475183,-140.487421,259.987762,27.09,812,220,592,479.195376,-879.670559,2.178161,-1.48593,40.5539,1.29,118,0,694,0,80.2272,99.524817,False,0.14
XRPUSDT,240,STOCH5_cross,10.0,,True,0.03,0,one_shot,1057,-401.416115,-155.974617,245.441498,27.9,767,214,553,371.785326,-773.201441,1.737315,-1.398194,44.5923,1.2,84,0,683,0,80.3651,98.583885,False,0.11
XRPUSDT,240,TS_13_34_100_14,10.0,,True,0.03,0,one_shot,202,141.979032,169.32429,27.345258,10.71,84,9,75,352.021458,-210.042426,39.113495,-2.800566,6.6817,23.94,57,0,26,1,23.1962,641.979032,True,0.1
XRPUSDT,240,TS_13_34_200_14,10.0,,True,0.03,0,one_shot,187,161.067355,180.053318,18.985963,15.52,58,9,49,314.723178,-153.655823,34.969242,-3.135833,8.2294,34.19,45,0,12,1,22.7253,661.067355,True,0.1
XRPUSDT,240,TS_8_21_100_14,10.0,,True,0.03,0,one_shot,218,147.764327,178.605746,30.841419,15.79,95,15,80,363.885599,-216.121272,24.25904,-2.701516,10.0203,21.62,53,0,41,1,23.0549,647.764327,True,0.1
XRPUSDT,240,TS_8_21_50_14,10.0,,True,0.03,0,one_shot,216,251.769673,284.283683,32.51401,24.0,100,24,76,458.84095,-207.071277,19.118373,-2.724622,12.4737,21.06,50,0,49,1,18.6664,751.769673,True,0.09
XRPUSDT,240,DONCHIAN_55,10.0,,True,0.03,0,one_shot,24,221.777946,229.858849,8.080904,12.5,24,3,21,288.986647,-67.208701,96.328882,-3.200414,3.2156,35.46,19,0,4,1,20.2287,721.777946,True,0.09
XRPUSDT,60,ADX14_DI_25,10.0,,True,0.03,0,one_shot,776,-256.409159,-54.932816,201.476343,25.76,629,162,467,516.258878,-772.668037,3.186783,-1.654535,34.1753,13.46,117,0,511,1,53.2464,243.590841,True,0.28
XRPUSDT,60,ADX14_EMA13_34,10.0,,True,0.03,0,one_shot,473,99.497253,181.105535,81.608282,26.38,254,67,187,487.431793,-387.93454,7.275101,-2.074516,22.1882,34.7,69,0,184,1,18.9581,599.497253,True,0.24
XRPUSDT,60,ADX14_EMA21_50,10.0,,True,0.03,0,one_shot,368,98.735278,161.674619,62.93934,22.96,196,45,151,428.92118,-330.185901,9.531582,-2.186662,18.6603,44.64,66,0,129,1,15.9662,598.735278,True,0.24
XRPUSDT,60,ADX14_EMA8_21,10.0,,True,0.03,0,one_shot,526,-71.516607,43.264541,114.781149,25.7,358,92,266,452.716176,-524.232784,4.920828,-1.9708,28.597,24.11,88,0,269,1,29.1848,428.483393,True,0.25
XRPUSDT,60,BB_10_2_RSI14,10.0,,True,0.03,0,one_shot,518,-30.881649,48.658778,79.540427,24.19,248,60,188,408.020339,-438.901988,6.800339,-2.334585,25.5567,33.09,88,0,159,1,25.1929,469.118351,True,0.25
XRPUSDT,60,BB_10_2_breakout,10.0,,True,0.03,0,one_shot,562,-93.990761,-3.566229,90.424532,24.11,282,68,214,392.687988,-486.678749,5.774823,-2.2742,28.2544,28.93,100,0,181,1,27.0303,406.009239,True,0.26
XRPUSDT,60,BB_20_25_ADX20,10.0,,True,0.03,0,one_shot,278,147.165979,188.426907,41.260928,24.22,128,31,97,408.652533,-261.486554,13.18234,-2.695738,16.9777,58.61,64,0,63,1,18.2065,647.165979,True,0.23
XRPUSDT,60,BB_20_25_ADX25,10.0,,True,0.03,0,one_shot,245,88.177604,126.48006,38.302457,24.37,119,29,90,338.677637,-250.500033,11.678539,-2.783334,19.246,59.67,63,0,55,1,16.1792,588.177604,True,0.23
XRPUSDT,60,BB_20_25_EMA100,10.0,,True,0.03,0,one_shot,273,97.003458,136.966791,39.963332,22.58,124,28,96,356.906654,-259.903196,12.746666,-2.707325,17.5186,60.48,64,0,59,1,20.3213,597.003458,True,0.25
XRPUSDT,60,BB_20_25_EMA200,10.0,,True,0.03,0,one_shot,242,276.210863,304.849885,28.639022,25.0,88,22,66,457.40469,-181.193827,20.791122,-2.745361,11.6643,89.4,47,0,40,1,16.265,776.210863,True,0.29
XRPUSDT,60,BB_20_25_EMA50,10.0,,True,0.03,0,one_shot,290,119.128038,163.609278,44.48124,22.46,138,31,107,410.272523,-291.144485,13.234598,-2.720976,17.0535,54.2,71,0,66,1,21.0512,619.128038,True,0.23
XRPUSDT,60,BB_20_25_MACD,10.0,,True,0.03,0,one_shot,288,119.23066,164.033608,44.802947,22.3,139,31,108,409.738632,-290.507972,13.217375,-2.689889,16.9098,53.75,70,0,68,1,20.1576,619.23066,True,0.22
XRPUSDT,60,BB_20_25_RSI14,10.0,,True,0.03,0,one_shot,292,116.227134,161.346051,45.118916,22.14,140,31,109,409.738632,-293.511497,13.217375,-2.692766,16.9248,53.41,71,0,68,1,20.8088,616.227134,True,0.23
XRPUSDT,60,BB_20_25_RSI14_55,10.0,,True,0.03,0,one_shot,292,116.227134,161.346051,45.118916,22.14,140,31,109,409.738632,-293.511497,13.217375,-2.692766,16.9248,53.41,71,0,68,1,20.8088,616.227134,True,0.27
XRPUSDT,60,BB_20_25_SQ,10.0,,True,0.03,0,one_shot,173,50.759565,80.115187,29.355622,21.98,91,20,71,264.175854,-213.416288,13.208793,-3.005863,18.5379,72.23,56,0,34,1,19.9071,550.759565,True,0.22
XRPUSDT,60,BB_20_25_VOL12,10.0,,True,0.03,0,one_shot,278,104.933178,147.789633,42.856455,21.05,133,28,105,395.568306,-290.635128,14.12744,-2.767954,16.3829,55.74,71,0,61,1,25.4834,604.933178,True,0.21
XRPUSDT,60,BB_20_25_revert,10.0,,True,0.03,0,one_shot,292,-109.940485,-41.091052,68.849434,36.74,215,79,136,335.159712,-445.100197,4.242528,-3.272796,43.5483,27.29,134,0,81,0,24.1934,390.059515,True,0.22
XRPUSDT,60,BB_20_2_ADX20,10.0,,True,0.03,0,one_shot,559,18.818147,89.747571,70.929424,24.43,221,54,167,421.02371,-402.205563,7.796735,-2.408417,23.6,37.28,85,0,135,1,19.0673,518.818147,True,0.29
XRPUSDT,60,BB_20_2_EMA100,10.0,,True,0.03,0,one_shot,525,114.584414,171.822442,57.238028,21.91,178,39,139,438.87551,-324.291096,11.253218,-2.333029,17.172,47.98,65,0,112,1,15.6234,614.584414,True,0.23
XRPUSDT,60,BB_20_2_EMA200,10.0,,True,0.03,0,one_shot,448,241.927919,282.729376,40.801458,22.22,126,28,98,485.864669,-243.93675,17.35231,-2.489151,12.5452,68.7,50,0,75,1,19.0609,741.927919,True,0.29
XRPUSDT,60,BB_20_2_EMA50,10.0,,True,0.03,0,one_shot,574,-8.609588,62.29389,70.903478,23.98,221,53,168,395.268297,-403.877885,7.457892,-2.404035,24.3769,37.65,81,0,139,1,19.2473,491.390412,True,0.25
XRPUSDT,60,BB_20_2_MACD,10.0,,True,0.03,0,one_shot,574,4.254362,77.74008,73.485718,24.45,229,56,173,412.310446,-408.056084,7.362687,-2.358706,24.263,36.3,83,0,145,1,17.9451,504.254362,True,0.22
XRPUSDT,60,BB_20_2_RSI14,10.0,,True,0.03,0,one_shot,587,1.808213,75.609688,73.801475,24.78,230,57,173,412.769876,-410.961663,7.241577,-2.375501,24.7009,36.14,84,0,145,1,17.7725,501.808213,True,0.38
XRPUSDT,60,BB_20_2_RSI14_55,10.0,,True,0.03,0,one_shot,585,1.140299,74.941725,73.801426,24.78,230,57,173,412.769876,-411.629577,7.241577,-2.379362,24.7311,35.98,85,0,144,1,18.3876,501.140299,True,0.24
XRPUSDT,60,BB_20_2_RSI7_50,10.0,,True,0.03,0,one_shot,585,-0.007501,73.796694,73.804195,24.78,230,57,173,412.769876,-412.777377,7.241577,-2.385996,24.7829,36.08,85,0,144,1,18.1329,499.992499,True,0.23
XRPUSDT,60,BB_20_2_SQ,10.0,,True,0.03,0,one_shot,322,104.25962,147.422157,43.162537,24.63,134,33,101,376.427226,-272.167606,11.406886,-2.694729,19.1094,57.12,68,0,65,1,15.8439,604.25962,True,0.24
XRPUSDT,60,BB_20_2_VOL12,10.0,,True,0.03,0,one_shot,512,-4.406438,61.665997,66.072435,22.82,206,47,159,369.456133,-373.862571,7.860769,-2.351337,23.025,39.57,83,0,122,1,15.457,495.593562,True,0.36
XRPUSDT,60,BB_20_2_breakout,10.0,,True,0.03,0,one_shot,587,1.808213,75.609688,73.801475,24.78,230,57,173,412.769876,-410.961663,7.241577,-2.375501,24.7009,36.14,84,0,145,1,17.7725,501.808213,True,0.23
XRPUSDT,60,BB_20_2_mid,10.0,,True,0.03,0,one_shot,1156,-304.752499,65.092441,369.844941,18.35,1155,212,943,691.047389,-995.799888,3.259657,-1.055991,24.4689,7.12,48,0,1106,1,64.9112,195.247501,True,0.31
XRPUSDT,60,BB_20_2_revert,10.0,,True,0.03,0,one_shot,587,-159.266626,-45.280736,113.985889,43.54,356,155,201,488.906636,-648.173262,3.154236,-3.224743,50.5526,18.84,194,0,162,0,32.041,340.733374,True,0.21
XRPUSDT,60,DONCHIAN_20,10.0,,True,0.03,0,one_shot,192,28.754382,90.49874,61.744357,21.35,192,41,151,387.108905,-358.354523,9.441681,-2.373209,20.0866,37.85,75,0,117,0,30.5678,528.754382,True,0.25
XRPUSDT,60,DONCHIAN_PULLBACK_20,10.0,,True,0.03,0,one_shot,141,100.012915,141.855747,41.842833,20.77,130,27,103,370.868252,-270.855338,13.735861,-2.629663,16.0683,51.4,71,0,58,1,15.8758,600.012915,True,0.26
XRPUSDT,60,EMA3_13_34_100,10.0,,True,0.03,0,one_shot,199,50.451177,87.522551,37.071374,20.87,115,24,91,300.20928,-249.758103,12.50872,-2.744595,17.9934,72.02,62,0,53,0,16.7514,550.451177,True,0.24
XRPUSDT,60,EMA3_13_50_200,10.0,,True,0.03,0,one_shot,146,212.211737,237.273168,25.061431,16.88,77,13,64,387.274227,-175.06249,29.790325,-2.735351,8.4098,111.09,45,0,31,1,20.5506,712.211737,True,0.24
XRPUSDT,60,EMA3_21_50_200,10.0,,True,0.03,0,one_shot,120,223.664362,247.123475,23.459113,18.06,72,13,59,387.274227,-163.609865,29.790325,-2.773049,8.5159,112.64,43,0,28,1,20.0121,723.664362,True,0.22
XRPUSDT,60,EMA3_8_21_100,10.0,,True,0.03,0,one_shot,294,147.674097,189.594712,41.920615,23.08,130,30,100,403.452217,-255.77812,13.448407,-2.557781,15.98,68.35,58,0,71,1,13.7004,647.674097,True,0.26
XRPUSDT,60,EMA3_8_21_50,10.0,,True,0.03,0,one_shot,325,126.414453,184.237793,57.82334,23.89,180,43,137,436.034167,-309.619714,10.140329,-2.259998,18.2253,49.33,61,0,118,1,12.6114,626.414453,True,0.25
XRPUSDT,60,EMA3_8_34_100,10.0,,True,0.03,0,one_shot,243,113.564183,152.642344,39.078161,21.49,121,26,95,365.11961,-251.555427,14.043062,-2.647952,15.8645,71.21,61,0,59,1,17.5557,613.564183,True,0.23
XRPUSDT,60,EMA_13_34,10.0,,True,0.03,0,one_shot,290,-44.553785,48.376615,92.9304,22.41,290,65,225,376.973313,-421.527098,5.799589,-1.873454,24.416,29.16,66,0,223,1,19.6499,455.446215,True,0.24
XRPUSDT,60,EMA_13_34_RSI14_55,10.0,,True,0.03,0,one_shot,841,37.403969,128.907584,91.503615,21.4,285,61,224,489.511714,-452.107745,8.024782,-2.018338,20.0967,31.61,76,0,208,1,22.6014,537.403969,True,0.27
XRPUSDT,60,EMA_13_34_RSI7_55,10.0,,True,0.03,0,one_shot,1071,30.974828,126.645915,95.671087,22.82,298,68,230,488.132648,-457.15782,7.178421,-1.987643,21.6848,30.35,79,0,218,1,18.1073,530.974828,True,0.23
XRPUSDT,60,EMA_13_34_VOL12,10.0,,True,0.03,0,one_shot,1262,40.091767,125.840306,85.748539,22.47,267,60,207,492.960977,-452.86921,8.216016,-2.187774,21.0286,33.43,91,0,175,1,18.1427,540.091767,True,0.23
XRPUSDT,60,EMA_13_50,10.0,,True,0.03,0,one_shot,232,86.547959,161.07558,74.527621,22.41,232,52,180,447.387455,-360.839496,8.603605,-2.004664,18.8972,37.7,55,0,176,1,13.8004,586.547959,True,0.25
XRPUSDT,60,EMA_21_100,10.0,,True,0.03,0,one_shot,118,136.197471,174.208891,38.01142,24.58,118,29,89,350.720738,-214.523267,12.093819,-2.410374,16.6185,70.02,46,0,71,1,13.0537,636.197471,True,0.23
XRPUSDT,60,EMA_21_50,10.0,,True,0.03,0,one_shot,180,124.462935,182.27376,57.810824,23.33,180,42,138,417.837923,-293.374988,9.948522,-2.125906,17.6067,47.04,55,0,124,1,10.8154,624.462935,True,0.25
XRPUSDT,60,EMA_21_50_RSI14_55,10.0,,True,0.03,0,one_shot,751,91.065484,150.478668,59.413184,22.16,185,41,144,427.142624,-336.077139,10.418113,-2.333869,18.302,48.46,68,0,116,1,15.7706,591.065484,True,0.25
XRPUSDT,60,EMA_34_100,10.0,,True,0.03,0,one_shot,108,129.05742,163.959185,34.901766,22.22,108,24,84,340.276188,-211.218768,14.178175,-2.514509,15.0635,70.75,48,0,60,0,13.663,629.05742,True,0.23
XRPUSDT,60,EMA_50_200,10.0,,True,0.03,0,one_shot,60,241.780679,261.387828,19.60715,20.0,60,12,48,371.662101,-129.881423,30.971842,-2.705863,8.0346,121.9,34,0,25,1,20.1439,741.780679,True,0.23
XRPUSDT,60,EMA_8_21_RSI14_55,10.0,,True,0.03,0,one_shot,978,-70.155193,62.891188,133.046381,24.82,415,103,312,501.593301,-571.748494,4.869838,-1.832527,27.3415,21.51,84,0,330,1,34.0707,429.844807,True,0.26
XRPUSDT,60,EMA_8_21_RSI14_60,10.0,,True,0.03,0,one_shot,949,-1.02298,111.575893,112.598873,29.06,351,102,249,496.950916,-497.973896,4.872068,-1.999895,29.1022,25.34,85,0,265,1,25.2379,498.97702,True,0.26
XRPUSDT,60,EMA_8_21_VOL12,10.0,,True,0.03,0,one_shot,1283,-19.698352,93.824174,113.522526,22.03,354,78,276,489.779674,-509.478026,6.279227,-1.845935,22.7187,25.0,82,0,271,1,33.5015,480.301648,True,0.24
XRPUSDT,60,EMA_8_21_VOL15,10.0,,True,0.03,0,one_shot,990,-35.72001,61.454186,97.174196,24.75,303,75,228,455.16578,-490.88579,6.068877,-2.153008,26.1863,28.63,93,0,209,1,27.981,464.27999,True,0.26
XRPUSDT,60,EMA_8_34,10.0,,True,0.03,0,one_shot,379,-40.630193,80.924577,121.554771,21.64,379,82,297,470.799951,-511.430144,5.741463,-1.721987,23.0723,22.71,66,0,312,1,33.0595,459.369807,True,0.31
XRPUSDT,60,EMA_8_34_RSI14_60,10.0,,True,0.03,0,one_shot,860,47.107566,141.176743,94.069177,25.26,293,74,219,489.683902,-442.576336,6.61735,-2.020897,23.3948,30.66,79,0,213,1,22.1943,547.107566,True,0.26
XRPUSDT,60,EMA_BB_ADX_13_34,10.0,,True,0.03,0,one_shot,430,53.474434,124.093337,70.618904,22.73,220,50,170,424.432937,-370.958503,8.488659,-2.182109,20.4494,38.16,71,0,148,1,12.8942,553.474434,True,0.23
XRPUSDT,60,EMA_BB_ADX_8_21,10.0,,True,0.03,0,one_shot,395,77.583227,151.400499,73.817272,26.09,230,60,170,436.136445,-358.553218,7.268941,-2.109137,22.4901,36.06,68,0,161,1,13.0951,577.583227,True,0.25
XRPUSDT,60,MACD_12_26_sig,10.0,,True,0.03,0,one_shot,815,-326.615433,-65.6624,260.953033,26.13,815,213,602,612.984956,-939.600388,2.877864,-1.560798,35.1637,10.0,121,0,693,1,67.4457,173.384567,True,0.26
XRPUSDT,60,MACD_8_21_hist,10.0,,True,0.03,0,one_shot,1221,-400.056039,-66.794451,333.261588,25.36,1041,264,777,592.239313,-992.295351,2.243331,-1.277085,36.2765,6.63,83,0,958,0,80.1274,99.943961,False,0.28
XRPUSDT,60,MACD_8_21_sig,10.0,,True,0.03,0,one_shot,1221,-400.056039,-66.794451,333.261588,25.36,1041,264,777,592.239313,-992.295351,2.243331,-1.277085,36.2765,6.63,83,0,958,0,80.1274,99.943961,False,0.26
XRPUSDT,60,MACD_RSI14_50,10.0,,True,0.03,0,one_shot,1023,-164.880953,38.892061,203.773014,27.2,636,173,463,625.01941,-789.900363,3.612829,-1.706048,32.0753,13.67,106,0,529,1,42.8648,335.119047,True,0.25
XRPUSDT,60,MACD_RSI14_55,10.0,,True,0.03,0,one_shot,999,-131.053981,67.580378,198.63436,27.1,620,168,452,609.712594,-740.766575,3.629242,-1.638864,31.1092,14.06,93,0,526,1,43.3211,368.946019,True,0.26
XRPUSDT,60,MACD_RSI7_50,10.0,,True,0.03,0,one_shot,1507,-400.930082,-91.918475,309.011607,26.22,965,253,712,624.055739,-1024.985821,2.466623,-1.439587,36.8538,8.0,102,0,863,0,80.4603,99.069918,False,0.29
XRPUSDT,60,MACD_RSI7_55,10.0,,True,0.03,0,one_shot,1493,-383.133368,-54.35032,328.783048,28.72,1027,295,732,703.406958,-1086.540326,2.38443,-1.484345,38.3673,8.21,120,0,906,1,79.7569,116.866632,True,0.26
XRPUSDT,60,RSI14_6535,10.0,,True,0.03,0,one_shot,848,-237.139056,-90.277583,146.861473,47.93,459,220,239,493.88256,-731.021616,2.244921,-3.058668,57.6717,15.26,217,0,241,1,51.7171,262.860944,True,0.19
XRPUSDT,60,RSI14_trend50,10.0,,True,0.03,0,one_shot,1277,-324.081584,79.667336,403.74892,22.2,1261,280,981,726.928635,-1051.010219,2.596174,-1.071366,29.2121,6.5,72,0,1188,1,69.8665,175.918416,True,0.3
XRPUSDT,60,RSI21_7030,10.0,,True,0.03,0,one_shot,310,-104.131,-43.282431,60.848569,32.63,190,62,128,320.874,-425.005,5.175387,-3.320352,39.0826,32.24,128,0,62,0,29.0033,395.869,True,0.24
XRPUSDT,60,RSI7_6535,10.0,,True,0.03,0,one_shot,1518,-325.32157,-22.815952,302.505617,50.9,945,481,464,712.984871,-1038.30644,1.482297,-2.237729,60.1536,7.44,278,0,667,0,65.0643,174.67843,True,0.26
XRPUSDT,60,RSI7_trend50,10.0,,True,0.03,0,one_shot,1851,-400.384845,-78.140365,322.24448,19.46,1007,196,811,341.733474,-742.118319,1.743538,-0.915066,34.419,4.28,29,0,978,0,80.3042,99.615155,False,0.24
XRPUSDT,60,STOCH14_EMA13_34,10.0,,True,0.03,0,one_shot,634,112.98714,179.501083,66.513943,30.92,207,64,143,458.795801,-345.808661,7.168684,-2.418242,25.2244,37.92,95,0,111,1,15.5591,612.98714,True,0.3
XRPUSDT,60,STOCH14_EMA8_21,10.0,,True,0.03,0,one_shot,496,47.615516,117.922527,70.30701,31.05,219,68,151,422.369094,-374.753578,6.21131,-2.481812,28.5491,34.87,104,0,114,1,24.5864,547.615516,True,0.24
XRPUSDT,60,STOCH14_cross,10.0,,True,0.03,0,one_shot,3906,-400.134433,-5.565771,394.568662,23.93,1233,295,938,295.571668,-695.706101,1.001938,-0.741691,42.5372,1.48,18,0,1215,0,80.1189,99.865567,False,0.29
XRPUSDT,60,STOCH5_cross,10.0,,True,0.03,0,one_shot,4028,-400.228362,22.848678,423.077041,24.21,1322,320,1002,326.334071,-726.562433,1.019794,-0.725112,41.5559,1.37,18,0,1304,0,80.1398,99.771638,False,0.33
XRPUSDT,60,TS_13_34_100_14,10.0,,True,0.03,0,one_shot,771,112.225731,183.247927,71.022196,22.62,221,50,171,471.501902,-359.276171,9.430038,-2.10103,18.2206,41.03,66,0,154,1,15.3851,612.225731,True,0.25
XRPUSDT,60,TS_13_34_200_14,10.0,,True,0.03,0,one_shot,632,266.455121,313.983327,47.528206,23.81,147,35,112,518.99938,-252.544259,14.828554,-2.254859,13.1991,62.37,47,0,99,1,16.8471,766.455121,True,0.24
XRPUSDT,60,TS_8_21_100_14,10.0,,True,0.03,0,one_shot,826,64.514313,153.813508,89.299195,17.99,278,50,228,475.030292,-410.515979,9.500606,-1.800509,15.9321,32.82,53,0,224,1,24.625,564.514313,True,0.26
XRPUSDT,60,TS_8_21_50_14,10.0,,True,0.03,0,one_shot,904,-26.935916,96.546291,123.482207,23.38,385,90,295,499.10071,-526.036627,5.545563,-1.783175,24.3313,23.43,68,0,316,1,34.2549,473.064084,True,0.25
XRPUSDT,60,DONCHIAN_55,10.0,,True,0.03,0,one_shot,76,139.118567,163.742652,24.624085,22.37,76,17,59,318.494917,-179.376351,18.734995,-3.040277,13.9621,70.83,50,0,26,0,12.5312,639.118567,True,0.26
DOGEUSDT,240,ADX14_DI_25,10.0,,True,0.03,0,one_shot,209,69.243832,130.305952,61.062121,24.21,190,46,144,483.388892,-414.14506,10.508454,-2.876007,21.4877,8.83,109,0,80,1,15.0634,569.243832,True,0.09
DOGEUSDT,240,ADX14_EMA13_34,10.0,,True,0.03,0,one_shot,110,171.795236,196.073938,24.278702,26.67,75,20,55,344.093188,-172.297952,17.204659,-3.13269,15.4036,23.07,50,0,24,1,13.3658,671.795236,True,0.11
DOGEUSDT,240,ADX14_EMA21_50,10.0,,True,0.03,0,one_shot,74,347.466181,361.308575,13.842394,30.95,42,13,29,435.855759,-88.389578,33.527366,-3.047916,8.3333,46.71,25,0,16,1,12.189,847.466181,True,0.1
DOGEUSDT,240,ADX14_EMA8_21,10.0,,True,0.03,0,one_shot,124,206.929662,238.604382,31.67472,26.53,98,26,72,426.961551,-220.031889,16.421598,-3.055998,15.6898,18.19,62,0,35,1,11.2855,706.929662,True,0.08
DOGEUSDT,240,BB_10_2_RSI14,10.0,,True,0.03,0,one_shot,131,-10.715075,17.879671,28.594745,16.85,89,15,74,227.155837,-237.870912,15.143722,-3.214472,17.5097,14.47,70,0,18,1,34.1099,489.284925,True,0.08
DOGEUSDT,240,BB_10_2_breakout,10.0,,True,0.03,0,one_shot,141,13.94059,43.19133,29.250741,18.68,91,17,74,249.072545,-235.131956,14.651326,-3.177459,17.8221,15.52,69,0,21,1,24.196,513.94059,True,0.11
DOGEUSDT,240,BB_20_25_ADX20,10.0,,True,0.03,0,one_shot,61,129.233975,140.259349,11.025375,20.59,34,7,27,218.851475,-89.6175,31.264496,-3.319167,9.5975,36.0,27,0,6,1,16.3163,629.233975,True,0.08
DOGEUSDT,240,BB_20_25_ADX25,10.0,,True,0.03,0,one_shot,59,124.947899,135.979693,11.031794,20.59,34,7,27,214.565399,-89.6175,30.6522,-3.319167,9.7705,34.71,27,0,6,1,16.3163,624.947899,True,0.09
DOGEUSDT,240,BB_20_25_EMA100,10.0,,True,0.03,0,one_shot,60,141.864332,151.602027,9.737695,20.0,30,6,24,221.526332,-79.662,36.921055,-3.31925,8.2486,42.97,24,0,5,1,18.6678,641.864332,True,0.08
DOGEUSDT,240,BB_20_25_EMA200,10.0,,True,0.03,0,one_shot,56,133.989115,143.091103,9.101988,17.86,28,5,23,210.326615,-76.3375,42.065323,-3.319022,7.3131,47.68,23,0,4,1,18.1546,633.989115,True,0.11
DOGEUSDT,240,BB_20_25_EMA50,10.0,,True,0.03,0,one_shot,64,128.298257,139.635901,11.337644,20.0,35,7,28,221.240257,-92.942,31.605751,-3.319357,9.5042,36.91,28,0,6,1,17.3456,628.298257,True,0.09
DOGEUSDT,240,BB_20_25_MACD,10.0,,True,0.03,0,one_shot,64,131.182475,142.524452,11.341977,20.0,35,7,28,224.124475,-92.942,32.017782,-3.319357,9.3934,36.97,28,0,6,1,17.3456,631.182475,True,0.1
DOGEUSDT,240,BB_20_25_RSI14,10.0,,True,0.03,0,one_shot,64,131.182475,142.524452,11.341977,20.0,35,7,28,224.124475,-92.942,32.017782,-3.319357,9.3934,36.97,28,0,6,1,17.3456,631.182475,True,0.08
DOGEUSDT,240,BB_20_25_RSI14_55,10.0,,True,0.03,0,one_shot,63,131.182475,142.524452,11.341977,20.0,35,7,28,224.124475,-92.942,32.017782,-3.319357,9.3934,36.97,28,0,6,1,17.3456,631.182475,True,0.1
DOGEUSDT,240,BB_20_25_SQ,10.0,,True,0.03,0,one_shot,38,74.803925,82.19091,7.386985,17.39,23,4,19,137.852425,-63.0485,34.463106,-3.318342,8.783,40.22,19,0,3,1,16.9319,574.803925,True,0.08
DOGEUSDT,240,BB_20_25_VOL12,10.0,,True,0.03,0,one_shot,62,127.291445,138.307095,11.015651,20.59,34,7,27,216.917945,-89.6265,30.988278,-3.3195,9.6756,38.0,27,0,6,1,16.9623,627.291445,True,0.08
DOGEUSDT,240,BB_20_25_revert,10.0,,True,0.03,0,one_shot,64,-69.43194,-51.075759,18.356181,8.77,57,5,52,103.24406,-172.676,20.648812,-3.320692,13.8538,17.67,52,0,5,0,16.394,430.56806,True,0.09
DOGEUSDT,240,BB_20_2_ADX20,10.0,,True,0.03,0,one_shot,131,201.490804,223.157259,21.666454,25.37,67,17,50,362.692667,-161.201863,21.334863,-3.224037,13.1278,24.0,47,0,19,1,15.0278,701.490804,True,0.08
DOGEUSDT,240,BB_20_2_EMA100,10.0,,True,0.03,0,one_shot,120,211.241163,228.428429,17.187266,26.42,53,14,39,334.908535,-123.667372,23.922038,-3.170958,11.704,33.4,36,0,16,1,17.6881,711.241163,True,0.08
DOGEUSDT,240,BB_20_2_EMA200,10.0,,True,0.03,0,one_shot,106,295.667322,308.205971,12.53865,21.05,38,8,30,394.067211,-98.399889,49.258401,-3.279996,6.243,49.18,29,0,8,1,17.6683,795.667322,True,0.08
DOGEUSDT,240,BB_20_2_EMA50,10.0,,True,0.03,0,one_shot,133,211.591657,232.283025,20.691368,26.56,64,17,47,361.801029,-150.209372,21.282413,-3.195944,13.0562,26.3,44,0,19,1,15.6206,711.591657,True,0.09
DOGEUSDT,240,BB_20_2_MACD,10.0,,True,0.03,0,one_shot,134,214.022407,235.041574,21.019167,26.15,65,17,48,367.547279,-153.524872,21.620428,-3.198435,12.8871,25.11,45,0,19,1,15.0711,714.022407,True,0.11
DOGEUSDT,240,BB_20_2_RSI14,10.0,,True,0.03,0,one_shot,136,210.697907,232.041574,21.343667,25.76,66,17,49,367.547279,-156.849372,21.620428,-3.201008,12.8961,24.73,46,0,19,1,15.6206,710.697907,True,0.08
DOGEUSDT,240,BB_20_2_RSI14_55,10.0,,True,0.03,0,one_shot,135,209.660916,231.004599,21.343683,25.76,66,17,49,367.547279,-157.886363,21.620428,-3.222171,12.9703,24.73,46,0,19,1,15.6474,709.660916,True,0.08
DOGEUSDT,240,BB_20_2_RSI7_50,10.0,,True,0.03,0,one_shot,137,211.176523,232.519561,21.343038,25.76,66,17,49,368.025895,-156.849372,21.648582,-3.201008,12.8815,24.73,46,0,19,1,15.6206,711.176523,True,0.12
DOGEUSDT,240,BB_20_2_SQ,10.0,,True,0.03,0,one_shot,75,306.177566,317.446661,11.269095,23.53,34,8,26,392.497566,-86.32,49.062196,-3.32,6.338,41.91,26,0,7,1,16.0369,806.177566,True,0.13
DOGEUSDT,240,BB_20_2_VOL12,10.0,,True,0.03,0,one_shot,117,173.105254,191.598778,18.493524,19.3,57,11,46,325.843254,-152.738,29.622114,-3.320391,10.0794,26.04,46,0,10,1,21.0503,673.105254,True,0.1
DOGEUSDT,240,BB_20_2_breakout,10.0,,True,0.03,0,one_shot,136,210.697907,232.041574,21.343667,25.76,66,17,49,367.547279,-156.849372,21.620428,-3.201008,12.8961,24.73,46,0,19,1,15.6206,710.697907,True,0.11
DOGEUSDT,240,BB_20_2_mid,10.0,,True,0.03,0,one_shot,281,44.271097,134.205236,89.934139,20.28,281,57,224,490.651457,-446.380359,8.60792,-1.992769,18.7985,6.68,71,0,209,1,16.6069,544.271097,True,0.12
DOGEUSDT,240,BB_20_2_revert,10.0,,True,0.03,0,one_shot,136,-84.449269,-47.243189,37.20608,18.97,116,22,94,227.621731,-312.071,10.346442,-3.319904,24.2926,8.28,94,0,22,0,20.4918,415.550731,True,0.08
DOGEUSDT,240,DONCHIAN_20,10.0,,True,0.03,0,one_shot,49,207.894188,223.833126,15.938939,34.69,49,17,32,311.895404,-104.001216,18.346788,-3.250038,15.0487,27.39,31,0,17,1,17.8749,707.894188,True,0.08
DOGEUSDT,240,DONCHIAN_PULLBACK_20,10.0,,True,0.03,0,one_shot,35,272.019985,283.018987,10.999001,21.21,33,7,26,358.357985,-86.338,51.193998,-3.320692,6.0914,35.61,26,0,6,1,15.9205,772.019985,True,0.11
DOGEUSDT,240,EMA3_13_34_100,10.0,,True,0.03,0,one_shot,41,285.271544,295.63208,10.360536,16.13,31,5,26,368.017446,-82.745901,73.603489,-3.182535,4.1447,49.71,23,0,7,1,19.1775,785.271544,True,0.09
DOGEUSDT,240,EMA3_13_50_200,10.0,,True,0.03,0,one_shot,33,254.061141,261.44548,7.384339,22.73,22,5,17,309.650338,-55.589197,61.930068,-3.269953,5.0153,81.55,16,0,5,1,20.3005,754.061141,True,0.08
DOGEUSDT,240,EMA3_21_50_200,10.0,,True,0.03,0,one_shot,22,271.138616,276.91782,5.779204,29.41,17,5,12,310.123313,-38.984697,62.024663,-3.248725,4.9771,100.0,11,0,5,1,20.0067,771.138616,True,0.08
DOGEUSDT,240,EMA3_8_21_100,10.0,,True,0.03,0,one_shot,65,327.723027,339.997217,12.274189,21.62,37,8,29,420.112905,-92.389878,52.514113,-3.185858,5.7197,48.76,25,0,11,1,13.9929,827.723027,True,0.09
DOGEUSDT,240,EMA3_8_21_50,10.0,,True,0.03,0,one_shot,66,351.462927,363.70857,12.245643,29.73,37,11,26,432.711129,-81.248202,39.337375,-3.124931,7.3593,50.32,23,0,13,1,12.0029,851.462927,True,0.09
DOGEUSDT,240,EMA3_8_34_100,10.0,,True,0.03,0,one_shot,46,284.143406,295.466614,11.323208,17.65,34,6,28,373.529307,-89.385901,62.254885,-3.192354,4.8778,46.56,25,0,8,1,19.6719,784.143406,True,0.08
DOGEUSDT,240,EMA_13_34,10.0,,True,0.03,0,one_shot,59,199.967669,219.14787,19.180201,25.42,59,15,44,337.063938,-137.096268,22.470929,-3.115824,12.1775,25.59,38,0,20,1,11.6658,699.967669,True,0.09
DOGEUSDT,240,EMA_13_34_RSI14_55,10.0,,True,0.03,0,one_shot,179,238.210388,261.811459,23.601071,28.77,73,21,52,405.621522,-167.411134,19.315311,-3.219445,14.2866,27.38,49,0,23,1,12.2401,738.210388,True,0.09
DOGEUSDT,240,EMA_13_34_RSI7_55,10.0,,True,0.03,0,one_shot,248,184.043784,211.183994,27.140211,21.43,84,18,66,395.364438,-211.320655,21.964691,-3.201828,12.7226,23.57,61,0,22,1,15.3868,684.043784,True,0.09
DOGEUSDT,240,EMA_13_34_VOL12,10.0,,True,0.03,0,one_shot,320,230.627441,255.246972,24.619531,28.95,76,22,54,398.643675,-168.016234,18.120167,-3.111412,14.6546,27.93,49,0,26,1,16.9689,730.627441,True,0.09
DOGEUSDT,240,EMA_13_50,10.0,,True,0.03,0,one_shot,53,111.61113,128.650719,17.039589,18.87,53,10,43,232.204202,-120.593072,23.22042,-2.80449,10.7762,30.4,32,0,20,1,12.6212,611.61113,True,0.08
DOGEUSDT,240,EMA_21_100,10.0,,True,0.03,0,one_shot,29,312.960074,322.729159,9.769085,20.69,29,6,23,382.030899,-69.070825,63.671816,-3.003079,4.5041,47.72,18,0,11,0,12.4334,812.960074,True,0.08
DOGEUSDT,240,EMA_21_50,10.0,,True,0.03,0,one_shot,31,353.40113,363.735732,10.334602,32.26,31,10,21,418.035832,-64.634702,41.803583,-3.077843,6.8577,55.68,18,0,12,1,11.4873,853.40113,True,0.1
DOGEUSDT,240,EMA_21_50_RSI14_55,10.0,,True,0.03,0,one_shot,151,362.913556,376.395094,13.481538,29.27,41,12,29,457.353083,-94.439527,38.112757,-3.256535,7.8719,49.44,28,0,12,1,11.7121,862.913556,True,0.1
DOGEUSDT,240,EMA_34_100,10.0,,True,0.03,0,one_shot,23,287.412687,295.24081,7.828123,17.39,23,4,19,346.914089,-59.501401,86.728522,-3.131653,3.485,54.61,16,0,7,0,16.0583,787.412687,True,0.11
DOGEUSDT,240,EMA_50_200,10.0,,True,0.03,0,one_shot,13,83.267149,87.538802,4.271653,23.08,13,3,10,115.611846,-32.344697,38.537282,-3.23447,7.7432,92.54,9,0,4,0,14.7012,583.267149,True,0.08
DOGEUSDT,240,EMA_8_21_RSI14_55,10.0,,True,0.03,0,one_shot,199,192.428413,228.14714,35.718726,27.03,111,30,81,437.901288,-245.472875,14.59671,-3.030529,17.1923,17.39,65,0,45,1,17.6524,692.428413,True,0.1
DOGEUSDT,240,EMA_8_21_RSI14_60,10.0,,True,0.03,0,one_shot,215,115.99811,151.699197,35.701087,23.42,111,26,85,377.551835,-261.553725,14.521224,-3.077103,17.4852,16.66,72,0,38,1,19.304,615.99811,True,0.08
DOGEUSDT,240,EMA_8_21_VOL12,10.0,,True,0.03,0,one_shot,325,208.853533,240.520969,31.667436,22.45,98,22,76,438.765428,-229.911895,19.943883,-3.025157,13.1706,20.91,66,0,31,1,18.7649,708.853533,True,0.08
DOGEUSDT,240,EMA_8_21_VOL15,10.0,,True,0.03,0,one_shot,245,226.607874,253.814865,27.206991,25.0,84,21,63,430.701608,-204.093734,20.5096,-3.239583,13.6408,23.45,60,0,23,1,19.9212,726.607874,True,0.11
DOGEUSDT,240,EMA_8_34,10.0,,True,0.03,0,one_shot,69,254.704912,277.097055,22.392143,28.99,69,20,49,402.652153,-147.947241,20.132608,-3.019331,13.0414,25.35,39,0,29,1,13.2082,754.704912,True,0.09
DOGEUSDT,240,EMA_8_34_RSI14_60,10.0,,True,0.03,0,one_shot,188,211.01605,236.175395,25.159345,29.49,78,23,55,378.202938,-167.186889,16.443606,-3.039762,15.6018,25.33,46,0,31,1,14.8716,711.01605,True,0.08
DOGEUSDT,240,EMA_BB_ADX_13_34,10.0,,True,0.03,0,one_shot,97,203.086299,224.189597,21.103298,24.62,65,16,49,351.243058,-148.156759,21.952691,-3.023607,12.1059,25.0,42,0,22,1,16.0853,703.086299,True,0.18
DOGEUSDT,240,EMA_BB_ADX_8_21,10.0,,True,0.03,0,one_shot,89,255.671365,274.857557,19.186192,30.51,59,18,41,387.681806,-132.01044,21.537878,-3.219767,13.0051,30.76,39,0,19,1,10.6642,755.671365,True,0.09
DOGEUSDT,240,MACD_12_26_sig,10.0,,True,0.03,0,one_shot,196,34.252176,97.183931,62.931756,25.0,196,49,147,449.399326,-415.147151,9.171415,-2.82413,23.5432,7.46,104,0,91,1,15.4603,534.252176,True,0.09
DOGEUSDT,240,MACD_8_21_hist,10.0,,True,0.03,0,one_shot,280,-47.575446,42.058916,89.634362,26.43,280,74,206,477.144017,-524.719463,6.447892,-2.547182,28.3175,5.57,121,0,158,1,22.9915,452.424554,True,0.09
DOGEUSDT,240,MACD_8_21_sig,10.0,,True,0.03,0,one_shot,280,-47.575446,42.058916,89.634362,26.43,280,74,206,477.144017,-524.719463,6.447892,-2.547182,28.3175,5.57,121,0,158,1,22.9915,452.424554,True,0.12
DOGEUSDT,240,MACD_RSI14_50,10.0,,True,0.03,0,one_shot,245,39.710512,99.799464,60.088952,23.53,187,44,143,476.099056,-436.388544,10.820433,-3.051668,21.9986,9.31,119,0,68,0,31.6974,539.710512,True,0.1
DOGEUSDT,240,MACD_RSI14_55,10.0,,True,0.03,0,one_shot,231,153.741993,208.302032,54.56004,29.41,170,50,120,518.249058,-364.507066,10.364981,-3.037559,22.6641,10.99,98,0,72,0,19.1592,653.741993,True,0.12
DOGEUSDT,240,MACD_RSI7_50,10.0,,True,0.03,0,one_shot,368,-40.756838,47.000117,87.756956,28.47,274,78,196,508.296743,-549.053582,6.516625,-2.801294,30.0635,6.38,136,0,138,0,16.8841,459.243162,True,0.12
DOGEUSDT,240,MACD_RSI7_55,10.0,,True,0.03,0,one_shot,352,-66.567385,19.571385,86.13877,26.77,269,72,197,471.495199,-538.062584,6.548544,-2.731282,29.4325,6.55,134,0,135,0,18.895,433.432615,True,0.1
DOGEUSDT,240,RSI14_6535,10.0,,True,0.03,0,one_shot,201,-126.613466,-78.764482,47.848984,26.17,149,39,110,238.640534,-365.254,6.118988,-3.320491,35.1766,7.07,110,0,39,0,26.4972,373.386534,True,0.09
DOGEUSDT,240,RSI14_trend50,10.0,,True,0.03,0,one_shot,306,75.306973,173.470107,98.163134,28.76,306,88,218,547.236067,-471.929094,6.218592,-2.164812,25.8226,5.66,93,0,213,0,29.6713,575.306973,True,0.1
DOGEUSDT,240,RSI21_7030,10.0,,True,0.03,0,one_shot,82,-46.311143,-23.995164,22.315979,14.29,70,10,60,152.861857,-199.173,15.286186,-3.31955,17.8415,12.71,60,0,10,0,14.3722,453.688857,True,0.09
DOGEUSDT,240,RSI7_6535,10.0,,True,0.03,0,one_shot,375,-160.268755,-63.631961,96.636793,42.38,302,128,174,408.613594,-568.882349,3.192294,-3.269439,50.5969,3.9,171,0,131,0,36.1772,339.731245,True,0.09
DOGEUSDT,240,RSI7_trend50,10.0,,True,0.03,0,one_shot,447,-170.202754,-31.25849,138.944264,23.5,434,102,332,551.789284,-721.992038,5.409699,-2.174675,28.6731,3.87,138,0,296,0,35.521,329.797246,True,0.11
DOGEUSDT,240,STOCH14_EMA13_34,10.0,,True,0.03,0,one_shot,141,55.908613,73.834993,17.92638,23.21,56,13,43,198.646113,-142.7375,15.28047,-3.319477,17.8467,27.88,43,0,12,1,21.0835,555.908613,True,0.08
DOGEUSDT,240,STOCH14_EMA8_21,10.0,,True,0.03,0,one_shot,114,79.137254,94.47802,15.340766,22.92,48,11,37,201.972754,-122.8355,18.361159,-3.319878,15.3124,31.83,37,0,10,1,18.4268,579.137254,True,0.1
DOGEUSDT,240,STOCH14_cross,10.0,,True,0.03,0,one_shot,982,-401.463317,-127.444521,274.018796,32.48,856,278,578,727.374286,-1128.837604,2.616454,-1.953006,42.7404,1.32,207,0,649,0,80.6136,98.536683,False,0.11
DOGEUSDT,240,STOCH5_cross,10.0,,True,0.03,0,one_shot,1020,-402.987638,-106.073703,296.913935,32.69,927,303,624,803.168696,-1206.156334,2.650722,-1.932943,42.1703,1.17,225,0,702,0,81.4607,97.012362,False,0.11
DOGEUSDT,240,TS_13_34_100_14,10.0,,True,0.03,0,one_shot,167,301.510762,318.159882,16.64912,31.37,51,16,35,412.007473,-110.496711,25.750467,-3.157049,10.9212,41.94,31,0,19,1,13.3102,801.510762,True,0.09
DOGEUSDT,240,TS_13_34_200_14,10.0,,True,0.03,0,one_shot,159,243.533686,260.829345,17.295659,15.09,53,8,45,384.652429,-141.118743,48.081554,-3.135972,6.1228,37.92,41,0,11,1,26.8489,743.533686,True,0.11
DOGEUSDT,240,TS_8_21_100_14,10.0,,True,0.03,0,one_shot,176,284.058657,304.880044,20.821387,28.12,64,18,46,414.093739,-130.035082,23.005208,-2.82685,10.9432,33.41,33,0,30,1,13.819,784.058657,True,0.09
DOGEUSDT,240,TS_8_21_50_14,10.0,,True,0.03,0,one_shot,193,225.008861,257.341852,32.332991,25.0,100,25,75,450.050049,-225.041188,18.002002,-3.000549,14.2866,19.65,61,0,38,1,11.7422,725.008861,True,0.09
DOGEUSDT,240,DONCHIAN_55,10.0,,True,0.03,0,one_shot,18,-25.39332,-19.674351,5.718969,16.67,18,3,15,24.40218,-49.7955,8.13406,-3.3197,28.9835,31.06,15,0,3,0,9.0758,474.60668,True,0.09
DOGEUSDT,60,ADX14_DI_25,10.0,,True,0.03,0,one_shot,792,-256.25276,-42.440816,213.811943,26.5,668,177,491,731.483558,-987.736317,4.132675,-2.011683,32.7403,12.26,174,0,493,1,56.7347,243.74724,True,0.25
DOGEUSDT,60,ADX14_EMA13_34,10.0,,True,0.03,0,one_shot,443,34.664012,121.928239,87.264227,25.0,272,68,204,551.639488,-516.975476,8.112345,-2.534194,23.803,31.0,119,0,152,1,17.0885,534.664012,True,0.27
DOGEUSDT,60,ADX14_EMA21_50,10.0,,True,0.03,0,one_shot,356,118.719046,183.586484,64.867438,24.26,202,49,153,509.061241,-390.342195,10.389005,-2.551256,19.7156,41.44,89,0,112,1,19.6466,618.719046,True,0.25
DOGEUSDT,60,ADX14_EMA8_21,10.0,,True,0.03,0,one_shot,486,23.315736,136.19774,112.882004,24.43,352,86,266,658.042104,-634.726368,7.651652,-2.386189,23.7719,24.2,131,0,220,1,24.0468,523.315736,True,0.24
DOGEUSDT,60,BB_10_2_RSI14,10.0,,True,0.03,0,one_shot,554,-62.323959,21.959055,84.283015,23.19,263,61,202,465.843532,-528.167491,7.636779,-2.614691,25.5055,29.03,121,0,141,1,25.7583,437.676041,True,0.37
DOGEUSDT,60,BB_10_2_breakout,10.0,,True,0.03,0,one_shot,604,-81.13044,14.346427,95.476867,24.5,298,73,225,489.867134,-570.997574,6.710509,-2.537767,27.4404,25.96,126,0,171,1,26.0149,418.86956,True,0.2
DOGEUSDT,60,BB_20_25_ADX20,10.0,,True,0.03,0,one_shot,261,-16.071576,31.455017,47.526593,20.95,148,31,117,337.307594,-353.37917,10.88089,-3.020335,21.7271,44.13,96,0,51,1,19.1534,483.928424,True,0.19
DOGEUSDT,60,BB_20_25_ADX25,10.0,,True,0.03,0,one_shot,233,-2.716759,40.598051,43.31481,21.48,135,29,106,321.848944,-324.565703,11.098239,-3.061941,21.6236,46.8,89,0,45,1,17.8252,497.283241,True,0.26
DOGEUSDT,60,BB_20_25_EMA100,10.0,,True,0.03,0,one_shot,249,59.944327,99.799683,39.855356,25.0,124,31,93,342.954885,-283.010558,11.063061,-3.043124,21.573,56.35,79,0,44,1,17.9106,559.944327,True,0.18
DOGEUSDT,60,BB_20_25_EMA200,10.0,,True,0.03,0,one_shot,224,37.204934,69.630312,32.425378,19.8,101,20,81,280.235571,-243.030637,14.011779,-3.000378,17.6367,67.67,66,0,34,1,25.1035,537.204934,True,0.18
DOGEUSDT,60,BB_20_25_EMA50,10.0,,True,0.03,0,one_shot,264,13.585305,60.821677,47.236372,21.77,147,32,115,361.918384,-348.333079,11.30995,-3.028983,21.1242,44.64,94,0,52,1,18.776,513.585305,True,0.18
DOGEUSDT,60,BB_20_25_MACD,10.0,,True,0.03,0,one_shot,264,-10.69772,37.479881,48.177601,22.0,150,33,117,344.782583,-355.480304,10.447957,-3.038293,22.5288,44.03,95,0,54,1,19.5576,489.30228,True,0.2
DOGEUSDT,60,BB_20_25_RSI14,10.0,,True,0.03,0,one_shot,270,-17.33772,31.479881,48.817601,21.71,152,33,119,344.782583,-362.120304,10.447957,-3.043028,22.556,43.45,97,0,54,1,19.7827,482.66228,True,0.2
DOGEUSDT,60,BB_20_25_RSI14_55,10.0,,True,0.03,0,one_shot,270,-17.33772,31.479881,48.817601,21.71,152,33,119,344.782583,-362.120304,10.447957,-3.043028,22.556,43.45,97,0,54,1,19.7827,482.66228,True,0.17
DOGEUSDT,60,BB_20_25_SQ,10.0,,True,0.03,0,one_shot,163,50.15372,80.740638,30.586918,23.16,95,22,73,284.124124,-233.970403,12.914733,-3.205074,19.8828,61.28,69,0,25,1,17.622,550.15372,True,0.17
DOGEUSDT,60,BB_20_25_VOL12,10.0,,True,0.03,0,one_shot,254,13.02437,59.926179,46.901809,20.55,146,30,116,365.971129,-352.946759,12.199038,-3.042644,19.9627,44.42,95,0,50,1,18.9193,513.02437,True,0.23
DOGEUSDT,60,BB_20_25_revert,10.0,,True,0.03,0,one_shot,270,-44.931596,22.262389,67.193985,32.38,210,68,142,426.472404,-471.404,6.271653,-3.319746,34.6117,25.39,142,0,68,0,18.5131,455.068404,True,0.19
DOGEUSDT,60,BB_20_2_ADX20,10.0,,True,0.03,0,one_shot,548,-105.427275,-26.323374,79.103901,23.08,247,57,190,434.161742,-539.589016,7.616873,-2.839942,27.1588,31.01,133,0,113,1,26.9625,394.572725,True,0.19
DOGEUSDT,60,BB_20_2_EMA100,10.0,,True,0.03,0,one_shot,502,63.854684,124.491686,60.637002,22.75,189,43,146,470.93195,-407.077267,10.951906,-2.7882,20.2924,43.08,98,0,90,1,21.7891,563.854684,True,0.19
DOGEUSDT,60,BB_20_2_EMA200,10.0,,True,0.03,0,one_shot,451,128.20673,172.883098,44.676368,22.3,139,31,108,431.861183,-303.654453,13.931006,-2.811615,16.7932,60.71,76,0,62,1,21.1115,628.20673,True,0.2
DOGEUSDT,60,BB_20_2_EMA50,10.0,,True,0.03,0,one_shot,551,-51.49138,26.075236,77.566616,23.14,242,56,186,464.888224,-516.379604,8.301575,-2.776234,25.0612,32.35,122,0,119,1,23.4747,448.50862,True,0.19
DOGEUSDT,60,BB_20_2_MACD,10.0,,True,0.03,0,one_shot,552,-97.677068,-15.659225,82.017843,23.05,256,59,197,449.312585,-546.989653,7.615468,-2.776597,26.7184,30.24,132,0,123,1,25.7199,402.322932,True,0.35
DOGEUSDT,60,BB_20_2_RSI14,10.0,,True,0.03,0,one_shot,569,-96.618062,-14.598628,82.019434,23.05,256,59,197,450.371592,-546.989653,7.633417,-2.776597,26.6724,30.25,132,0,123,1,25.5158,403.381938,True,0.27
DOGEUSDT,60,BB_20_2_RSI14_55,10.0,,True,0.03,0,one_shot,567,-101.211229,-19.196094,82.015135,22.66,256,58,198,446.796159,-548.007388,7.703382,-2.767714,26.4319,30.24,132,0,123,1,26.3386,398.788771,True,0.29
DOGEUSDT,60,BB_20_2_RSI7_50,10.0,,True,0.03,0,one_shot,568,-90.018273,-9.281822,80.736451,23.41,252,59,193,450.682085,-540.700358,7.638679,-2.801556,26.8342,30.73,132,0,119,1,24.5399,409.981727,True,0.28
DOGEUSDT,60,BB_20_2_SQ,10.0,,True,0.03,0,one_shot,316,94.664297,139.363535,44.699237,22.3,139,31,108,408.780779,-314.116481,13.186477,-2.908486,18.0708,52.19,83,0,55,1,21.3714,594.664297,True,0.21
DOGEUSDT,60,BB_20_2_VOL12,10.0,,True,0.03,0,one_shot,485,-27.361236,42.446338,69.807574,23.39,218,51,167,449.163225,-476.524461,8.807122,-2.85344,24.4709,34.77,115,0,102,1,19.3258,472.638764,True,0.2
DOGEUSDT,60,BB_20_2_breakout,10.0,,True,0.03,0,one_shot,569,-96.618062,-14.598628,82.019434,23.05,256,59,197,450.371592,-546.989653,7.633417,-2.776597,26.6724,30.25,132,0,123,1,25.5158,403.381938,True,0.22
DOGEUSDT,60,BB_20_2_mid,10.0,,True,0.03,0,one_shot,1176,-313.074748,63.186303,376.261052,20.17,1175,237,938,925.993332,-1239.06808,3.907145,-1.320968,25.2666,7.0,101,0,1073,1,69.4049,186.925252,True,0.24
DOGEUSDT,60,BB_20_2_revert,10.0,,True,0.03,0,one_shot,569,-188.975788,-67.058939,121.91685,37.27,381,142,239,598.842045,-787.817833,4.217197,-3.296309,43.8718,16.34,237,0,144,0,41.7423,311.024212,True,0.19
DOGEUSDT,60,DONCHIAN_20,10.0,,True,0.03,0,one_shot,202,-55.437186,9.290571,64.727757,24.26,202,49,153,362.606247,-418.043433,7.400127,-2.73231,26.966,32.14,99,0,102,1,19.0796,444.562814,True,0.21
DOGEUSDT,60,DONCHIAN_PULLBACK_20,10.0,,True,0.03,0,one_shot,131,-58.429031,-20.412003,38.017028,25.21,119,30,89,220.68015,-279.10918,7.356005,-3.136058,29.8898,46.44,81,0,38,0,16.4175,441.570969,True,0.19
DOGEUSDT,60,EMA3_13_34_100,10.0,,True,0.03,0,one_shot,189,189.790227,225.620684,35.830457,20.72,111,23,88,453.05691,-263.266683,19.698127,-2.991667,13.1851,75.49,69,0,41,1,20.359,689.790227,True,0.2
DOGEUSDT,60,EMA3_13_50_200,10.0,,True,0.03,0,one_shot,141,233.940341,254.999332,21.058991,21.54,65,14,51,384.509899,-150.569558,27.464993,-2.952344,9.7061,130.75,40,0,24,1,15.4904,733.940341,True,0.24
DOGEUSDT,60,EMA3_21_50_200,10.0,,True,0.03,0,one_shot,115,246.532599,266.304153,19.771554,22.95,61,14,47,384.753799,-138.221199,27.482414,-2.940877,9.6665,135.25,37,0,23,1,14.9594,746.532599,True,0.2
DOGEUSDT,60,EMA3_8_21_100,10.0,,True,0.03,0,one_shot,280,146.873266,190.882711,44.009445,22.63,137,31,106,456.797396,-309.92413,14.7354,-2.923813,16.5569,64.12,82,0,54,1,22.824,646.873266,True,0.21
DOGEUSDT,60,EMA3_8_21_50,10.0,,True,0.03,0,one_shot,313,102.920856,167.430885,64.51003,24.38,201,49,152,501.980475,-399.059619,10.244499,-2.625392,20.3995,42.0,89,0,111,1,19.0726,602.920856,True,0.21
DOGEUSDT,60,EMA3_8_34_100,10.0,,True,0.03,0,one_shot,224,176.693296,213.494256,36.800961,20.18,114,23,91,449.895852,-273.202556,19.560689,-3.002226,13.306,73.25,71,0,42,1,20.962,676.693296,True,0.24
DOGEUSDT,60,EMA_13_34,10.0,,True,0.03,0,one_shot,286,10.773335,102.404235,91.6309,25.52,286,73,213,491.380615,-480.60728,6.731241,-2.256372,25.1054,28.7,83,0,202,1,10.4538,510.773335,True,0.23
DOGEUSDT,60,EMA_13_34_RSI14_55,10.0,,True,0.03,0,one_shot,771,72.264996,168.209492,95.944496,25.75,299,77,222,623.488014,-551.223018,8.097247,-2.482987,23.4682,29.5,112,0,186,1,17.4701,572.264996,True,0.22
DOGEUSDT,60,EMA_13_34_RSI7_55,10.0,,True,0.03,0,one_shot,1046,129.869869,224.241568,94.371699,24.83,294,73,221,645.49037,-515.620502,8.842334,-2.333124,20.8772,30.69,95,0,198,1,15.304,629.869869,True,0.22
DOGEUSDT,60,EMA_13_34_VOL12,10.0,,True,0.03,0,one_shot,1252,122.699231,211.607204,88.907972,26.35,277,73,204,632.98888,-510.289648,8.671081,-2.50142,22.3891,31.97,119,0,157,1,14.6919,622.699231,True,0.25
DOGEUSDT,60,EMA_13_50,10.0,,True,0.03,0,one_shot,230,170.379126,244.313384,73.934258,24.78,230,57,173,588.364614,-417.985488,10.322186,-2.416101,18.9672,36.28,78,0,151,1,17.0998,670.379126,True,0.22
DOGEUSDT,60,EMA_21_100,10.0,,True,0.03,0,one_shot,112,180.796221,216.861979,36.065758,24.11,112,27,85,419.249812,-238.45359,15.527771,-2.805336,15.302,66.22,61,0,50,1,17.0287,680.796221,True,0.22
DOGEUSDT,60,EMA_21_50,10.0,,True,0.03,0,one_shot,178,69.884376,126.902507,57.018131,25.28,178,45,133,406.09734,-336.212963,9.024385,-2.527917,21.8824,43.03,73,0,104,1,17.2094,569.884376,True,0.2
DOGEUSDT,60,EMA_21_50_RSI14_55,10.0,,True,0.03,0,one_shot,684,153.861382,220.387351,66.525969,24.64,207,51,156,564.501741,-410.640359,11.068662,-2.63231,19.2126,42.55,93,0,113,1,18.2629,653.861382,True,0.21
DOGEUSDT,60,EMA_34_100,10.0,,True,0.03,0,one_shot,92,198.004407,227.758276,29.753869,23.91,92,22,70,406.267454,-208.263047,18.466702,-2.975186,13.8756,77.77,52,0,39,1,18.4267,698.004407,True,0.26
DOGEUSDT,60,EMA_50_200,10.0,,True,0.03,0,one_shot,52,231.594637,248.557884,16.963248,23.08,52,12,40,345.815899,-114.221263,28.817992,-2.855532,9.0155,138.23,30,0,21,1,13.5956,731.594637,True,0.19
DOGEUSDT,60,EMA_8_21_RSI14_55,10.0,,True,0.03,0,one_shot,884,-38.070846,90.44584,128.516686,25.69,401,103,298,666.227571,-704.298417,6.468229,-2.363418,26.7608,21.74,138,0,262,1,22.8937,461.929154,True,0.22
DOGEUSDT,60,EMA_8_21_RSI14_60,10.0,,True,0.03,0,one_shot,912,29.811054,143.304032,113.492978,27.68,354,98,256,663.130423,-633.319369,6.766637,-2.473904,26.7723,24.81,132,0,221,1,15.8983,529.811054,True,0.21
DOGEUSDT,60,EMA_8_21_VOL12,10.0,,True,0.03,0,one_shot,1281,38.60552,150.507383,111.901863,26.07,349,91,258,652.882668,-614.277149,7.174535,-2.380919,24.9169,25.32,130,0,218,1,15.4094,538.60552,True,0.25
DOGEUSDT,60,EMA_8_21_VOL15,10.0,,True,0.03,0,one_shot,967,109.522049,206.733904,97.211856,27.39,303,83,220,644.445727,-534.923679,7.764406,-2.431471,23.8476,28.33,118,0,184,1,11.7605,609.522049,True,0.23
DOGEUSDT,60,EMA_8_34,10.0,,True,0.03,0,one_shot,357,86.333519,200.825698,114.492179,23.81,357,85,272,661.3691,-575.035581,7.780813,-2.114101,21.3655,24.77,89,0,267,1,14.6908,586.333519,True,0.26
DOGEUSDT,60,EMA_8_34_RSI14_60,10.0,,True,0.03,0,one_shot,841,18.411431,119.118303,100.706872,24.84,314,78,236,605.641662,-587.230231,7.764637,-2.488264,24.2689,28.07,119,0,194,1,18.3578,518.411431,True,0.23
DOGEUSDT,60,EMA_BB_ADX_13_34,10.0,,True,0.03,0,one_shot,413,23.220411,96.987991,73.767581,25.22,230,58,172,485.470404,-462.249993,8.370179,-2.6875,24.3044,34.75,116,0,113,1,17.9608,523.220411,True,0.25
DOGEUSDT,60,EMA_BB_ADX_8_21,10.0,,True,0.03,0,one_shot,399,24.710635,105.522338,80.811704,25.4,252,64,188,532.751137,-508.040502,8.324237,-2.702343,24.5075,31.43,124,0,127,1,19.8512,524.710635,True,0.23
DOGEUSDT,60,MACD_12_26_sig,10.0,,True,0.03,0,one_shot,743,-276.871723,-38.998348,237.873375,30.82,743,229,514,783.598282,-1060.470005,3.421827,-2.063171,37.6148,10.72,180,0,562,1,62.4022,223.128277,True,0.25
DOGEUSDT,60,MACD_8_21_hist,10.0,,True,0.03,0,one_shot,1183,-401.351323,-95.86547,305.485853,28.3,954,270,684,753.41404,-1154.765363,2.790422,-1.688253,37.6954,6.61,137,0,817,0,80.516,98.648677,False,0.24
DOGEUSDT,60,MACD_8_21_sig,10.0,,True,0.03,0,one_shot,1183,-401.351323,-95.86547,305.485853,28.3,954,270,684,753.41404,-1154.765363,2.790422,-1.688253,37.6954,6.61,137,0,817,0,80.516,98.648677,False,0.26
DOGEUSDT,60,MACD_RSI14_50,10.0,,True,0.03,0,one_shot,957,-47.899984,145.612471,193.512455,32.95,604,199,405,846.672037,-894.572021,4.254633,-2.20882,34.174,14.25,164,0,439,1,24.6947,452.100016,True,0.25
DOGEUSDT,60,MACD_RSI14_55,10.0,,True,0.03,0,one_shot,918,-214.051544,-18.399456,195.652088,31.42,611,192,419,749.974986,-964.02653,3.90612,-2.300779,37.0681,13.85,187,0,423,1,49.8397,285.948456,True,0.24
DOGEUSDT,60,MACD_RSI7_50,10.0,,True,0.03,0,one_shot,1462,-400.197265,-121.581866,278.615399,27.93,870,243,627,783.192138,-1183.389403,3.223013,-1.887383,36.9322,7.94,172,0,698,0,80.2946,99.802735,False,0.23
DOGEUSDT,60,MACD_RSI7_55,10.0,,True,0.03,0,one_shot,1463,-403.305529,-108.355856,294.949674,28.45,921,262,659,831.791274,-1235.096804,3.174776,-1.874198,37.1204,8.04,186,0,735,0,80.8031,96.694471,False,0.26
DOGEUSDT,60,RSI14_6535,10.0,,True,0.03,0,one_shot,882,-317.200777,-153.255262,163.945515,42.19,512,216,296,636.015623,-953.2164,2.944517,-3.220326,52.237,12.1,285,0,226,1,68.7838,182.799223,True,0.27
DOGEUSDT,60,RSI14_trend50,10.0,,True,0.03,0,one_shot,1214,-209.443999,176.996135,386.440135,26.51,1207,320,887,976.005004,-1185.449003,3.050016,-1.33647,30.4679,6.71,109,0,1097,1,45.5576,290.556001,True,0.25
DOGEUSDT,60,RSI21_7030,10.0,,True,0.03,0,one_shot,363,-131.167655,-57.833639,73.334016,27.95,229,64,165,416.726845,-547.8945,6.511357,-3.320573,33.7734,24.58,165,0,64,0,32.7077,368.832345,True,0.21
DOGEUSDT,60,RSI7_6535,10.0,,True,0.03,0,one_shot,1504,-281.89536,27.223535,309.118895,50.72,966,490,476,1013.103138,-1294.998498,2.067557,-2.720585,56.8192,6.58,373,0,593,0,56.7735,218.10464,True,0.28
DOGEUSDT,60,RSI7_trend50,10.0,,True,0.03,0,one_shot,1791,-400.464978,-13.488707,386.976271,22.91,1209,277,932,691.5749,-1092.039877,2.49666,-1.171717,31.941,4.36,87,0,1122,0,80.1132,99.535022,False,0.25
DOGEUSDT,60,STOCH14_EMA13_34,10.0,,True,0.03,0,one_shot,610,243.913503,311.764899,67.851396,36.02,211,76,135,635.317133,-391.40363,8.359436,-2.899286,25.7515,35.68,114,0,96,1,11.9545,743.913503,True,0.21
DOGEUSDT,60,STOCH14_EMA8_21,10.0,,True,0.03,0,one_shot,487,54.412527,129.480094,75.067567,30.34,234,71,163,534.878011,-480.465485,7.533493,-2.947641,28.1233,29.66,140,0,93,1,15.8304,554.412527,True,0.22
DOGEUSDT,60,STOCH14_cross,10.0,,True,0.03,0,one_shot,3983,-400.467149,-67.896165,332.570984,26.08,1039,271,768,485.674678,-886.141827,1.792157,-1.153831,39.1662,1.35,72,0,967,0,80.1324,99.532851,False,0.29
DOGEUSDT,60,STOCH5_cross,10.0,,True,0.03,0,one_shot,4114,-400.094125,56.95175,457.045874,29.76,1428,425,1003,683.907317,-1084.001442,1.609194,-1.080759,40.1776,1.32,73,0,1355,0,80.076,99.905875,False,0.25
DOGEUSDT,60,TS_13_34_100_14,10.0,,True,0.03,0,one_shot,699,113.675478,188.499889,74.824411,25.32,233,59,174,568.528083,-454.852605,9.636069,-2.614095,21.3393,38.73,101,0,131,1,20.1907,613.675478,True,0.22
DOGEUSDT,60,TS_13_34_200_14,10.0,,True,0.03,0,one_shot,626,155.172821,209.14322,53.970398,22.62,168,38,130,494.14238,-338.969558,13.003747,-2.607458,16.7025,53.58,75,0,92,1,18.8337,655.172821,True,0.27
DOGEUSDT,60,TS_8_21_100_14,10.0,,True,0.03,0,one_shot,776,74.879012,161.835515,86.956503,22.88,271,62,209,562.943458,-488.064446,9.079733,-2.335237,20.4577,33.55,88,0,182,1,20.134,574.879012,True,0.23
DOGEUSDT,60,TS_8_21_50_14,10.0,,True,0.03,0,one_shot,838,-30.284121,91.213806,121.497927,25.59,379,97,282,620.766839,-651.05096,6.399658,-2.308691,26.5112,23.35,115,0,263,1,22.7221,469.715879,True,0.22
DOGEUSDT,60,DONCHIAN_55,10.0,,True,0.03,0,one_shot,69,190.456583,212.638989,22.182407,33.33,69,23,46,337.295889,-146.839307,14.665039,-3.192159,17.876,78.33,42,0,26,1,10.1347,690.456583,True,0.21
SOLUSDT,240,LORENTZIAN_raw,10.0,,True,0.03,0,one_shot,230,-35.272469,32.287044,67.559513,26.07,211,55,156,362.304888,-397.577357,6.587362,-2.548573,27.8961,8.58,92,0,118,1,20.4311,464.727531,True,0.09
SOLUSDT,60,LORENTZIAN_raw,10.0,,True,0.03,0,one_shot,890,-191.275378,84.98896,276.264338,27.35,863,236,627,778.45652,-969.731898,3.298545,-1.546622,31.9209,9.97,97,0,765,1,49.0446,308.724622,True,0.28
ETHUSDT,240,LORENTZIAN_raw,10.0,,True,0.03,0,one_shot,241,16.685108,86.76947,70.084362,29.68,219,65,154,324.433561,-307.748453,4.991286,-1.998367,28.5904,9.33,53,0,165,1,8.9775,516.685108,True,0.09
ETHUSDT,60,LORENTZIAN_raw,10.0,,True,0.03,0,one_shot,942,-249.413387,35.074894,284.488281,25.08,889,223,666,505.953338,-755.366725,2.268849,-1.134184,33.3286,9.69,40,0,848,1,53.0264,250.586613,True,0.24
BTCUSDT,240,LORENTZIAN_raw,10.0,,True,0.03,0,one_shot,228,-59.986685,6.011211,65.997896,24.27,206,50,156,218.930706,-278.917391,4.378614,-1.787932,28.9941,10.28,38,0,167,1,19.4641,440.013315,True,0.11
BTCUSDT,60,LORENTZIAN_raw,10.0,,True,0.03,0,one_shot,954,-270.626002,10.106632,280.732634,24.17,877,212,665,383.491175,-654.117177,1.808921,-0.983635,35.2235,9.89,25,0,851,1,56.4282,229.373998,True,0.23
XRPUSDT,240,LORENTZIAN_raw,10.0,,True,0.03,0,one_shot,210,178.842083,238.073437,59.231355,23.91,184,44,140,463.136351,-284.294268,10.525826,-2.030673,16.1723,10.68,55,0,128,1,16.2589,678.842083,True,0.1
XRPUSDT,60,LORENTZIAN_raw,10.0,,True,0.03,0,one_shot,1031,-345.97922,-35.087313,310.891907,22.86,971,222,749,679.558803,-1025.538024,3.061076,-1.36921,30.9057,8.69,109,0,861,1,71.9408,154.02078,True,0.21
DOGEUSDT,240,LORENTZIAN_raw,10.0,,True,0.03,0,one_shot,208,-51.500191,11.363054,62.863244,24.49,196,48,148,319.436852,-370.937042,6.654934,-2.506331,27.3579,8.41,88,0,107,1,26.4117,448.499809,True,0.09
DOGEUSDT,60,LORENTZIAN_raw,10.0,,True,0.03,0,one_shot,821,-130.908177,115.600795,246.508973,28.18,770,217,553,844.791549,-975.699726,3.893049,-1.764376,31.1869,10.88,150,0,619,1,36.4402,369.091823,True,0.25
