position_id,symbol,direction,entry_time,entry_price,exit_time,exit_price,exit_reason,is_gap_fill,initial_sl,trailing_sl,trailing_active,stake,leverage,notional,margin,quantity,gross_pnl,total_costs,funding_pnl,net_pnl
p1,DOGEUSDT,1,2024-01-26 02:00:00+00:00,0.07805,2024-01-26 02:00:00+00:00,0.07826,signal_reverse,False,0.0757085,,False,100.0,1.0,100.0,100.0,1281.2299807815505,0.26905829596412795,0.3204035874439462,0.0,-0.051345291479818256
p2,DOGEUSDT,-1,2024-01-26 03:00:00+00:00,0.07826,2024-01-26 04:00:00+00:00,0.07818,signal_reverse,False,0.0806078,,False,100.0,1.0,100.0,100.0,1277.7919754663942,0.10222335803730737,0.3198466649629441,0.0,-0.21762330692563675
p3,DOGEUSDT,1,2024-01-26 05:00:00+00:00,0.07818,2024-01-26 06:00:00+00:00,0.07798,signal_reverse,False,0.0758346,,False,100.0,1.0,100.0,100.0,1279.0995139421848,-0.2558199027884443,0.31961627014581734,0.0,-0.5754361729342616
p4,DOGEUSDT,-1,2024-01-26 07:00:00+00:00,0.07798,2024-01-26 07:00:00+00:00,0.07782,signal_reverse,False,0.0803194,,False,100.0,1.0,100.0,100.0,1282.3800974608876,0.20518081559373366,0.3196922287766094,0.0,-0.11451141318287575
p5,DOGEUSDT,1,2024-01-26 08:00:00+00:00,0.07782,2024-01-26 08:00:00+00:00,0.07805,signal_reverse,False,0.0754854,,False,100.0,1.0,100.0,100.0,1285.0167052171678,0.295553842199941,0.3204433307632999,0.0,-0.024889488563358875
p6,DOGEUSDT,-1,2024-01-26 09:00:00+00:00,0.07805,2024-01-26 12:00:00+00:00,0.07913,signal_reverse,False,0.08039149999999999,,False,100.0,1.0,100.0,100.0,1281.2299807815505,-1.3837283792440893,0.3220755925688662,0.0,-1.7058039718129554
p7,DOGEUSDT,1,2024-01-26 13:00:00+00:00,0.07913,2024-01-26 14:00:00+00:00,0.07949,signal_reverse,False,0.07675610000000001,,False,100.0,1.0,100.0,100.0,1263.7432073802602,0.4549475546568927,0.3206824213319853,0.0,0.13426513332490736
p8,DOGEUSDT,-1,2024-01-26 15:00:00+00:00,0.07949,2024-01-26 15:00:00+00:00,0.07947,signal_reverse,False,0.08187470000000001,,False,100.0,1.0,100.0,100.0,1258.019876714052,0.025160397534288746,0.3199622594036986,0.0,-0.2948018618694099
p9,DOGEUSDT,1,2024-01-26 16:00:00+00:00,0.07947,2024-01-26 16:00:00+00:00,0.08025,signal_reverse,False,0.0770859,,False,100.0,1.0,100.0,100.0,1258.3364791745312,0.981502453756138,0.32147225368063426,0.0,0.6600302000755037
p10,DOGEUSDT,-1,2024-01-26 17:00:00+00:00,0.08025,2024-01-26 19:00:00+00:00,0.08003,signal_reverse,False,0.0826575,,False,100.0,1.0,100.0,100.0,1246.1059190031153,0.27414330218068284,0.319588785046729,0.0,-0.04544548286604616
p11,DOGEUSDT,1,2024-01-26 20:00:00+00:00,0.08003,2024-01-26 21:00:00+00:00,0.07989,signal_reverse,False,0.0776291,,False,100.0,1.0,100.0,100.0,1249.5314257153566,-0.17493439960015147,0.3197375984005998,0.0,-0.49467199800075123
p12,DOGEUSDT,-1,2024-01-26 22:00:00+00:00,0.07989,2024-01-26 22:00:00+00:00,0.0799,signal_reverse,False,0.0822867,,False,100.0,1.0,100.0,100.0,1251.721116535236,-0.012517211165347507,0.32001877581674804,0.0,-0.3325359869820955
p13,DOGEUSDT,1,2024-01-26 23:00:00+00:00,0.0799,2024-01-26 23:00:00+00:00,0.07983,signal_reverse,False,0.077503,,False,100.0,1.0,100.0,100.0,1251.5644555694619,-0.0876095118898631,0.31986858573216526,0.0,-0.40747809762202836
p14,DOGEUSDT,-1,2024-01-27 00:00:00+00:00,0.07983,2024-01-27 00:00:00+00:00,0.07994,signal_reverse,False,0.0822249,,False,100.0,1.0,100.0,100.0,1252.661906551422,-0.13779280972065513,0.320206689214581,0.0,-0.45799949893523617
p15,DOGEUSDT,1,2024-01-27 01:00:00+00:00,0.07994,2024-01-27 01:00:00+00:00,0.07995,signal_reverse,False,0.0775418,,False,100.0,1.0,100.0,100.0,1250.9382036527395,0.012509382036522545,0.3200187640730548,0.0,-0.3075093820365323
p16,DOGEUSDT,-1,2024-01-27 02:00:00+00:00,0.07995,2024-01-27 02:00:00+00:00,0.0802,signal_reverse,False,0.08234849999999999,,False,100.0,1.0,100.0,100.0,1250.7817385866167,-0.31269543464665445,0.32046904315197,0.0,-0.6331644777986245
p17,DOGEUSDT,1,2024-01-27 03:00:00+00:00,0.0802,2024-01-27 03:00:00+00:00,0.07993,signal_reverse,False,0.07779399999999999,,False,100.0,1.0,100.0,100.0,1246.8827930174564,-0.33665835411470385,0.31949501246882794,0.0,-0.6561533665835317
p18,DOGEUSDT,-1,2024-01-27 04:00:00+00:00,0.07993,2024-01-27 06:00:00+00:00,0.07917,signal_reverse,False,0.0823279,,False,100.0,1.0,100.0,100.0,1251.0947078693857,0.9508319779807292,0.3185737520330289,0.0,0.6322582259477003
p19,DOGEUSDT,1,2024-01-27 07:00:00+00:00,0.07917,2024-01-27 09:00:00+00:00,0.07967,signal_reverse,False,0.0767949,,False,100.0,1.0,100.0,100.0,1263.1047113805735,0.6315523556902873,0.32094732853353547,0.0,0.31060502715675187
p20,DOGEUSDT,-1,2024-01-27 10:00:00+00:00,0.07967,2024-01-27 10:00:00+00:00,0.0796,signal_reverse,False,0.08206010000000001,,False,100.0,1.0,100.0,100.0,1255.1776076314798,0.08786243253420435,0.31986820635119867,0.0,-0.23200577381699433
p21,DOGEUSDT,1,2024-01-27 11:00:00+00:00,0.0796,2024-01-27 11:00:00+00:00,0.07964,signal_reverse,False,0.077212,,False,100.0,1.0,100.0,100.0,1256.2814070351758,0.050251256281404984,0.3200753768844221,0.0,-0.26982412060301714
p22,DOGEUSDT,-1,2024-01-27 12:00:00+00:00,0.07964,2024-01-27 12:00:00+00:00,0.0797,signal_reverse,False,0.0820292,,False,100.0,1.0,100.0,100.0,1255.650426921145,-0.07533902561525692,0.3201130085384229,0.0,-0.3954520341536798
p23,DOGEUSDT,1,2024-01-27 13:00:00+00:00,0.0797,2024-01-27 13:00:00+00:00,0.07946,signal_reverse,False,0.07730899999999999,,False,100.0,1.0,100.0,100.0,1254.7051442910918,-0.30112923462984975,0.3195483061480553,0.0,-0.620677540777905
p24,DOGEUSDT,-1,2024-01-27 14:00:00+00:00,0.07946,2024-01-27 19:00:00+00:00,0.07978,signal_reverse,False,0.08184380000000001,,False,100.0,1.0,100.0,100.0,1258.4948401711551,-0.4027183488547707,0.3206040775232821,0.0,-0.7233224263780529
p25,DOGEUSDT,1,2024-01-27 20:00:00+00:00,0.07978,2024-01-27 20:00:00+00:00,0.08011,signal_reverse,False,0.0773866,,False,100.0,1.0,100.0,100.0,1253.4469791927802,0.41363750313361364,0.3206204562547004,0.0,0.09301704687891321
p26,DOGEUSDT,-1,2024-01-27 21:00:00+00:00,0.08011,2024-01-27 22:00:00+00:00,0.08029,signal_reverse,False,0.0825133,,False,100.0,1.0,100.0,100.0,1248.2836100362001,-0.22469104980651552,0.32033703657470974,0.0,-0.5450280863812252
p27,DOGEUSDT,1,2024-01-27 23:00:00+00:00,0.08029,2024-01-27 23:00:00+00:00,0.08012,signal_reverse,False,0.0778813,,False,100.0,1.0,100.0,100.0,1245.4851164528584,-0.21173246979699026,0.3196824012953045,0.0,-0.5314148710922948
p28,DOGEUSDT,-1,2024-01-28 00:00:00+00:00,0.08012,2024-01-28 00:00:00+00:00,0.08005,signal_reverse,False,0.0825236,,False,100.0,1.0,100.0,100.0,1248.1278082875688,0.08736894658013059,0.3198689465801298,0.0,-0.23249999999999924
p29,DOGEUSDT,1,2024-01-28 01:00:00+00:00,0.08005,2024-01-28 02:00:00+00:00,0.08027,signal_reverse,False,0.0776485,,False,100.0,1.0,100.0,100.0,1249.2192379762648,0.2748282323547757,0.32041224234853216,0.0,-0.04558400999375645
p30,DOGEUSDT,-1,2024-01-28 03:00:00+00:00,0.08027,2024-01-28 03:00:00+00:00,0.0806,signal_reverse,False,0.08267809999999999,,False,100.0,1.0,100.0,100.0,1245.7954403886883,-0.41111249532828065,0.32061666874299244,0.0,-0.7317291640712731
p31,DOGEUSDT,1,2024-01-28 04:00:00+00:00,0.0806,2024-01-28 04:00:00+00:00,0.08136,signal_reverse,False,0.078182,,False,100.0,1.0,100.0,100.0,1240.6947890818858,0.9429280397022293,0.32141439205955336,0.0,0.6215136476426759
p32,DOGEUSDT,-1,2024-01-28 05:00:00+00:00,0.08136,2024-01-28 06:00:00+00:00,0.08024,signal_reverse,False,0.08380080000000001,,False,100.0,1.0,100.0,100.0,1229.1052114060963,1.3765978367748228,0.31793510324483776,0.0,1.0586627335299852
p33,DOGEUSDT,1,2024-01-28 07:00:00+00:00,0.08024,2024-01-28 08:00:00+00:00,0.08044,signal_reverse,False,0.07783280000000001,,False,100.0,1.0,100.0,100.0,1246.261216350947,0.24925224327017925,0.3203738783649053,0.0,-0.07112163509472602
p34,DOGEUSDT,-1,2024-01-28 09:00:00+00:00,0.08044,2024-01-28 09:00:00+00:00,0.08057,signal_reverse,False,0.0828532,,False,100.0,1.0,100.0,100.0,1243.1626056688215,-0.16161113873695315,0.3202424167081055,0.0,-0.48185355544505865
p35,DOGEUSDT,1,2024-01-28 10:00:00+00:00,0.08057,2024-01-28 10:00:00+00:00,0.08074,signal_reverse,False,0.0781529,,False,100.0,1.0,100.0,100.0,1241.1567580985477,0.21099664887675743,0.32031649497331516,0.0,-0.10931984609655773
p36,DOGEUSDT,-1,2024-01-28 11:00:00+00:00,0.08074,2024-01-28 12:00:00+00:00,0.07971,signal_reverse,False,0.0831622,,False,100.0,1.0,100.0,100.0,1238.5434728758978,1.2756997770621785,0.31808645033440675,0.0,0.9576133267277718
p37,DOGEUSDT,1,2024-01-28 13:00:00+00:00,0.07971,2024-01-28 14:00:00+00:00,0.07928,signal_reverse,False,0.0773187,,False,100.0,1.0,100.0,100.0,1254.5477355413373,-0.5394555262827748,0.31919081671057586,0.0,-0.8586463429933506
p38,DOGEUSDT,-1,2024-01-28 15:00:00+00:00,0.07928,2024-01-28 15:00:00+00:00,0.0796,signal_reverse,False,0.0816584,,False,100.0,1.0,100.0,100.0,1261.3521695257316,-0.40363269424823517,0.3206054490413724,0.0,-0.7242381432896076
p39,DOGEUSDT,1,2024-01-28 16:00:00+00:00,0.0796,2024-01-28 16:00:00+00:00,0.07971,signal_reverse,False,0.077212,,False,100.0,1.0,100.0,100.0,1256.2814070351758,0.13819095477386806,0.3202072864321608,0.0,-0.18201633165829273
p40,DOGEUSDT,-1,2024-01-28 17:00:00+00:00,0.07971,2024-01-28 17:00:00+00:00,0.07942,signal_reverse,False,0.0821013,,False,100.0,1.0,100.0,100.0,1254.5477355413373,0.36381884330698605,0.31945427173503954,0.0,0.04436457157194651
p41,DOGEUSDT,1,2024-01-28 18:00:00+00:00,0.07942,2024-01-28 21:00:00+00:00,0.07906,signal_reverse,False,0.0770374,,False,100.0,1.0,100.0,100.0,1259.1286829513976,-0.45328632586250217,0.31932007051120626,0.0,-0.7726063963737084
p42,DOGEUSDT,-1,2024-01-28 22:00:00+00:00,0.07906,2024-01-28 23:00:00+00:00,0.07875,signal_reverse,False,0.0814318,,False,100.0,1.0,100.0,100.0,1264.8621300278269,0.3921072603086323,0.3194118391095371,0.0,0.07269542119909522
p43,DOGEUSDT,1,2024-01-29 00:00:00+00:00,0.07875,2024-01-29 00:00:00+00:00,0.07857,signal_reverse,False,0.0763875,,False,100.0,1.0,100.0,100.0,1269.8412698412699,-0.22857142857142806,0.3196571428571429,0.0,-0.548228571428571
p44,DOGEUSDT,-1,2024-01-29 01:00:00+00:00,0.07857,2024-01-29 04:00:00+00:00,0.07913,signal_reverse,False,0.0809271,,False,100.0,1.0,100.0,100.0,1272.7504136438845,-0.7127402316405816,0.3210691103474609,0.0,-1.0338093419880425
p45,DOGEUSDT,1,2024-01-29 05:00:00+00:00,0.07913,2024-01-29 06:00:00+00:00,0.07882,signal_reverse,False,0.07675610000000001,,False,100.0,1.0,100.0,100.0,1263.7432073802602,-0.3917603942878866,0.31941235940856816,0.0,-0.7111727536964547
p46,DOGEUSDT,-1,2024-01-29 07:00:00+00:00,0.07882,2024-01-29 07:00:00+00:00,0.07846,signal_reverse,False,0.0811846,,False,100.0,1.0,100.0,100.0,1268.713524486171,0.45673686881502057,0.3193148946967775,0.0,0.13742197411824308
p47,DOGEUSDT,1,2024-01-29 08:00:00+00:00,0.07846,2024-01-29 08:00:00+00:00,0.07864,signal_reverse,False,0.0761062,,False,100.0,1.0,100.0,100.0,1274.534794799898,0.22941626306398114,0.32034412439459603,0.0,-0.0909278613306149
p48,DOGEUSDT,-1,2024-01-29 09:00:00+00:00,0.07864,2024-01-29 09:00:00+00:00,0.08099920000000001,initial_sl,False,0.08099920000000001,,False,100.0,1.0,100.0,100.0,1271.617497456765,-3.0000000000000075,0.3245,0.0,-3.3245000000000076
p49,DOGEUSDT,-1,2024-01-29 10:00:00+00:00,0.08103,2024-01-29 12:00:00+00:00,0.0821,signal_reverse,False,0.0834609,,False,100.0,1.0,100.0,100.0,1234.110823151919,-1.320498580772555,0.3219807478711588,0.0,-1.6424793286437138
p50,DOGEUSDT,1,2024-01-29 13:00:00+00:00,0.0821,2024-01-29 13:00:00+00:00,0.08037,signal_reverse,False,0.07963700000000001,,False,100.0,1.0,100.0,100.0,1218.0267965895248,-2.1071863580998893,0.3168392204628502,0.0,-2.4240255785627394
p51,DOGEUSDT,-1,2024-01-29 14:00:00+00:00,0.08037,2024-01-29 14:00:00+00:00,0.0814,signal_reverse,False,0.0827811,,False,100.0,1.0,100.0,100.0,1244.2453651860146,-1.281572726141599,0.3219223590892124,0.0,-1.6034950852308114
p52,DOGEUSDT,1,2024-01-29 15:00:00+00:00,0.0814,2024-01-29 16:00:00+00:00,0.08193,signal_reverse,False,0.078958,,False,100.0,1.0,100.0,100.0,1228.5012285012285,0.6511056511056544,0.3209766584766585,0.0,0.3301289926289959
p53,DOGEUSDT,-1,2024-01-29 17:00:00+00:00,0.08193,2024-01-29 17:00:00+00:00,0.08178,signal_reverse,False,0.0843879,,False,100.0,1.0,100.0,100.0,1220.5541315757353,0.18308311973635708,0.31972537532039547,0.0,-0.1366422555840384
p54,DOGEUSDT,1,2024-01-29 18:00:00+00:00,0.08178,2024-01-29 20:00:00+00:00,0.08206,signal_reverse,False,0.07932660000000001,,False,100.0,1.0,100.0,100.0,1222.792858889704,0.34238200048910317,0.32051357300073363,0.0,0.021868427488369535
p55,DOGEUSDT,-1,2024-01-29 21:00:00+00:00,0.08206,2024-01-29 21:00:00+00:00,0.08174,signal_reverse,False,0.0845218,,False,100.0,1.0,100.0,100.0,1218.6205215695834,0.3899585669022677,0.3194150621496466,0.0,0.07054350475262111
p56,DOGEUSDT,1,2024-01-29 22:00:00+00:00,0.08174,2024-01-30 00:00:00+00:00,0.08098,signal_reverse,False,0.07928779999999999,,False,100.0,1.0,100.0,100.0,1223.391240518718,-0.9297773427942218,0.3186053339858087,0.0,-1.2483826767800306
p57,DOGEUSDT,-1,2024-01-30 01:00:00+00:00,0.08098,2024-01-30 01:00:00+00:00,0.08143,signal_reverse,False,0.0834094,,False,100.0,1.0,100.0,100.0,1234.8728081007657,-0.5556927636453519,0.3208335391454681,0.0,-0.87652630279082
p58,DOGEUSDT,1,2024-01-30 02:00:00+00:00,0.08143,2024-01-30 02:00:00+00:00,0.08199,signal_reverse,False,0.0789871,,False,100.0,1.0,100.0,100.0,1228.0486307257768,0.687707233206424,0.32103156084980966,0.0,0.36667567235661436
p59,DOGEUSDT,-1,2024-01-30 03:00:00+00:00,0.08199,2024-01-30 04:00:00+00:00,0.08147,signal_reverse,False,0.08444969999999999,,False,100.0,1.0,100.0,100.0,1219.6609342602758,0.6342236858153345,0.319048664471277,0.0,0.3151750213440575
p60,DOGEUSDT,1,2024-01-30 05:00:00+00:00,0.08147,2024-01-30 06:00:00+00:00,0.08116,signal_reverse,False,0.0790259,,False,100.0,1.0,100.0,100.0,1227.4456855284154,-0.3805081625138146,0.31942923775622933,0.0,-0.6999374002700439
p61,DOGEUSDT,-1,2024-01-30 07:00:00+00:00,0.08116,2024-01-30 08:00:00+00:00,0.08117,signal_reverse,False,0.0835948,,False,100.0,1.0,100.0,100.0,1232.134056185313,-0.012321340561865454,0.3200184820108428,0.0,-0.3323398225727083
p62,DOGEUSDT,1,2024-01-30 09:00:00+00:00,0.08117,2024-01-30 09:00:00+00:00,0.08105,signal_reverse,False,0.07873490000000001,,False,100.0,1.0,100.0,100.0,1231.9822594554637,-0.1478378711346667,0.31977824319329806,0.0,-0.4676161143279648
p63,DOGEUSDT,-1,2024-01-30 10:00:00+00:00,0.08105,2024-01-30 10:00:00+00:00,0.08148,signal_reverse,False,0.0834815,,False,100.0,1.0,100.0,100.0,1233.8062924120914,-0.530536705737199,0.32079580505860583,0.0,-0.8513325107958049
p64,DOGEUSDT,1,2024-01-30 11:00:00+00:00,0.08148,2024-01-30 11:00:00+00:00,0.08175,signal_reverse,False,0.0790356,,False,100.0,1.0,100.0,100.0,1227.2950417280315,0.3313696612665763,0.32049705449189986,0.0,0.010872606774676441
p65,DOGEUSDT,-1,2024-01-30 12:00:00+00:00,0.08175,2024-01-30 12:00:00+00:00,0.08097,signal_reverse,False,0.0842025,,False,100.0,1.0,100.0,100.0,1223.2415902140672,0.954128440366976,0.3185688073394496,0.0,0.6355596330275264
p66,DOGEUSDT,1,2024-01-30 13:00:00+00:00,0.08097,2024-01-30 14:00:00+00:00,0.08111,signal_reverse,False,0.0785409,,False,100.0,1.0,100.0,100.0,1235.0253180190193,0.17290354452266424,0.320259355316784,0.0,-0.14735581079411977
p67,DOGEUSDT,-1,2024-01-30 15:00:00+00:00,0.08111,2024-01-30 15:00:00+00:00,0.08119,signal_reverse,False,0.0835433,,False,100.0,1.0,100.0,100.0,1232.8936012822094,-0.09863148810257273,0.3201479472321539,0.0,-0.4187794353347266
p68,DOGEUSDT,1,2024-01-30 16:00:00+00:00,0.08119,2024-01-30 16:00:00+00:00,0.08151,signal_reverse,False,0.0787543,,False,100.0,1.0,100.0,100.0,1231.678778174652,0.39413720901588967,0.32059120581352385,0.0,0.07354600320236582
p69,DOGEUSDT,-1,2024-01-30 17:00:00+00:00,0.08151,2024-01-30 18:00:00+00:00,0.08128,signal_reverse,False,0.0839553,,False,100.0,1.0,100.0,100.0,1226.84333210649,0.28217396638448544,0.3195767390504233,0.0,-0.03740277266593783
p70,DOGEUSDT,1,2024-01-30 19:00:00+00:00,0.08128,2024-01-30 19:00:00+00:00,0.08132,signal_reverse,False,0.07884160000000001,,False,100.0,1.0,100.0,100.0,1230.3149606299212,0.04921259842519484,0.32007381889763786,0.0,-0.27086122047244304
p71,DOGEUSDT,-1,2024-01-30 20:00:00+00:00,0.08132,2024-01-30 21:00:00+00:00,0.08127,signal_reverse,False,0.0837596,,False,100.0,1.0,100.0,100.0,1229.7097884899163,0.06148548942450611,0.3199077717658632,0.0,-0.2584222823413571
p72,DOGEUSDT,1,2024-01-30 22:00:00+00:00,0.08127,2024-01-31 00:00:00+00:00,0.07995,signal_reverse,False,0.0788319,,False,100.0,1.0,100.0,100.0,1230.4663467454166,-1.624215577703952,0.3175636766334441,0.0,-1.941779254337396
p73,DOGEUSDT,-1,2024-01-31 01:00:00+00:00,0.07995,2024-01-31 03:00:00+00:00,0.0801,signal_reverse,False,0.08234849999999999,,False,100.0,1.0,100.0,100.0,1250.7817385866167,-0.18761726078800656,0.320281425891182,0.0,-0.5078986866791886
p74,DOGEUSDT,1,2024-01-31 04:00:00+00:00,0.0801,2024-01-31 04:00:00+00:00,0.08013,signal_reverse,False,0.077697,,False,100.0,1.0,100.0,100.0,1248.4394506866415,0.03745318352060205,0.32005617977528095,0.0,-0.2826029962546789
p75,DOGEUSDT,-1,2024-01-31 05:00:00+00:00,0.08013,2024-01-31 05:00:00+00:00,0.08005,signal_reverse,False,0.08253390000000001,,False,100.0,1.0,100.0,100.0,1247.9720454261824,0.09983776363410785,0.31985024335454887,0.0,-0.22001247972044102
p76,DOGEUSDT,1,2024-01-31 06:00:00+00:00,0.08005,2024-01-31 06:00:00+00:00,0.07959,signal_reverse,False,0.0776485,,False,100.0,1.0,100.0,100.0,1249.2192379762648,-0.5746408494690844,0.3191380387257964,0.0,-0.8937788881948808
p77,DOGEUSDT,-1,2024-01-31 07:00:00+00:00,0.07959,2024-01-31 07:00:00+00:00,0.07973,signal_reverse,False,0.08197769999999999,,False,100.0,1.0,100.0,100.0,1256.4392511622063,-0.17590149516271045,0.3202638522427441,0.0,-0.4961653474054546
p78,DOGEUSDT,1,2024-01-31 08:00:00+00:00,0.07973,2024-01-31 08:00:00+00:00,0.07975,signal_reverse,False,0.07733809999999999,,False,100.0,1.0,100.0,100.0,1254.2330364981815,0.02508466072997131,0.320037626991095,0.0,-0.2949529662611237
p79,DOGEUSDT,-1,2024-01-31 09:00:00+00:00,0.07975,2024-01-31 10:00:00+00:00,0.07843,signal_reverse,False,0.08214250000000001,,False,100.0,1.0,100.0,100.0,1253.9184952978055,1.6551724137931054,0.31751724137931037,0.0,1.337655172413795
p80,DOGEUSDT,1,2024-01-31 11:00:00+00:00,0.07843,2024-01-31 11:00:00+00:00,0.079,signal_reverse,False,0.0760771,,False,100.0,1.0,100.0,100.0,1275.0223128904756,0.7267627183475724,0.3210901440775214,0.0,0.40567257427005105
p81,DOGEUSDT,-1,2024-01-31 12:00:00+00:00,0.079,2024-01-31 13:00:00+00:00,0.07931,signal_reverse,False,0.08137,,False,100.0,1.0,100.0,100.0,1265.8227848101267,-0.3924050632911452,0.32058860759493674,0.0,-0.712993670886082
p82,DOGEUSDT,1,2024-01-31 14:00:00+00:00,0.07931,2024-01-31 14:00:00+00:00,0.07905,signal_reverse,False,0.0769307,,False,100.0,1.0,100.0,100.0,1260.8750472828142,-0.32782751229354457,0.3195082587315597,0.0,-0.6473357710251042
p83,DOGEUSDT,-1,2024-01-31 15:00:00+00:00,0.07905,2024-01-31 15:00:00+00:00,0.07951,signal_reverse,False,0.0814215,,False,100.0,1.0,100.0,100.0,1265.022137887413,-0.5819101834282127,0.32087286527514236,0.0,-0.902783048703355
p84,DOGEUSDT,1,2024-01-31 16:00:00+00:00,0.07951,2024-01-31 18:00:00+00:00,0.07969,signal_reverse,False,0.07712469999999999,,False,100.0,1.0,100.0,100.0,1257.7034335303736,0.22638661803546675,0.32033957992705325,0.0,-0.0939529618915865
p85,DOGEUSDT,-1,2024-01-31 19:00:00+00:00,0.07969,2024-01-31 19:00:00+00:00,0.07984,signal_reverse,False,0.08208069999999999,,False,100.0,1.0,100.0,100.0,1254.8625925461163,-0.18822938888191412,0.3202823440833229,0.0,-0.508511732965237
p86,DOGEUSDT,1,2024-01-31 20:00:00+00:00,0.07984,2024-01-31 20:00:00+00:00,0.07895,signal_reverse,False,0.0774448,,False,100.0,1.0,100.0,100.0,1252.5050100200401,-1.1147294589178207,0.3183279058116233,0.0,-1.433057364729444
p87,DOGEUSDT,-1,2024-01-31 21:00:00+00:00,0.07895,2024-01-31 21:00:00+00:00,0.07879,signal_reverse,False,0.0813185,,False,100.0,1.0,100.0,100.0,1266.624445851805,0.2026599113362981,0.3196960101329956,0.0,-0.11703609879669749
p88,DOGEUSDT,1,2024-01-31 22:00:00+00:00,0.07879,2024-02-01 00:00:00+00:00,0.07899,signal_reverse,False,0.0764263,,False,100.0,1.0,100.0,100.0,1269.1965985531158,0.25383931971063045,0.32038075897956597,0.0,-0.06654143926893552
p89,DOGEUSDT,-1,2024-02-01 01:00:00+00:00,0.07899,2024-02-01 02:00:00+00:00,0.07846,signal_reverse,False,0.08135970000000001,,False,100.0,1.0,100.0,100.0,1265.9830358273198,0.6709710089884829,0.31899354348651726,0.0,0.3519774655019657
p90,DOGEUSDT,1,2024-02-01 03:00:00+00:00,0.07846,2024-02-01 03:00:00+00:00,0.07863,signal_reverse,False,0.0761062,,False,100.0,1.0,100.0,100.0,1274.534794799898,0.2166709151159871,0.320325006372674,0.0,-0.10365409125668693
p91,DOGEUSDT,-1,2024-02-01 04:00:00+00:00,0.07863,2024-02-01 04:00:00+00:00,0.07884,signal_reverse,False,0.0809889,,False,100.0,1.0,100.0,100.0,1271.7792191275594,-0.2670736360167722,0.32040061045402524,0.0,-0.5874742464707974
p92,DOGEUSDT,1,2024-02-01 05:00:00+00:00,0.07884,2024-02-01 07:00:00+00:00,0.07883,signal_reverse,False,0.0764748,,False,100.0,1.0,100.0,100.0,1268.3916793505837,-0.01268391679350092,0.3199809741248098,0.0,-0.3326648909183107
p93,DOGEUSDT,-1,2024-02-01 08:00:00+00:00,0.07883,2024-02-01 10:00:00+00:00,0.07869,signal_reverse,False,0.0811949,,False,100.0,1.0,100.0,100.0,1268.5525815045035,0.17759736141063204,0.319733603957884,0.0,-0.142136242547252
p94,DOGEUSDT,1,2024-02-01 11:00:00+00:00,0.07869,2024-02-01 11:00:00+00:00,0.07854,signal_reverse,False,0.0763293,,False,100.0,1.0,100.0,100.0,1270.8095056551024,-0.190621425848262,0.31971406786122764,0.0,-0.5103354937094896
p95,DOGEUSDT,-1,2024-02-01 12:00:00+00:00,0.07854,2024-02-01 12:00:00+00:00,0.07863,signal_reverse,False,0.0808962,,False,100.0,1.0,100.0,100.0,1273.2365673542145,-0.11459129106188788,0.3201718869365929,0.0,-0.43476317799848074
p96,DOGEUSDT,1,2024-02-01 13:00:00+00:00,0.07863,2024-02-01 13:00:00+00:00,0.07879,signal_reverse,False,0.07627110000000001,,False,100.0,1.0,100.0,100.0,1271.7792191275594,0.20348467506040122,0.32030522701259057,0.0,-0.11682055195218935
p97,DOGEUSDT,-1,2024-02-01 14:00:00+00:00,0.07879,2024-02-01 15:00:00+00:00,0.07893,signal_reverse,False,0.0811537,,False,100.0,1.0,100.0,100.0,1269.1965985531158,-0.17768752379743777,0.32026653128569615,0.0,-0.49795405508313395
p98,DOGEUSDT,1,2024-02-01 16:00:00+00:00,0.07893,2024-02-01 17:00:00+00:00,0.07949,signal_reverse,False,0.0765621,,False,100.0,1.0,100.0,100.0,1266.9453946534904,0.7094894210059609,0.321064234131509,0.0,0.38842518687445193
p99,DOGEUSDT,-1,2024-02-01 18:00:00+00:00,0.07949,2024-02-01 18:00:00+00:00,0.07941,signal_reverse,False,0.08187470000000001,,False,100.0,1.0,100.0,100.0,1258.019876714052,0.10064159013713753,0.31984903761479433,0.0,-0.2192074474776568
p100,DOGEUSDT,1,2024-02-01 19:00:00+00:00,0.07941,2024-02-01 19:00:00+00:00,0.07967,signal_reverse,False,0.07702769999999999,,False,100.0,1.0,100.0,100.0,1259.2872434202243,0.3274146832892712,0.32049112202493396,0.0,0.006923561264337241
p101,DOGEUSDT,-1,2024-02-01 20:00:00+00:00,0.07967,2024-02-01 21:00:00+00:00,0.07945,signal_reverse,False,0.08206010000000001,,False,100.0,1.0,100.0,100.0,1255.1776076314798,0.276139073678923,0.3195857913894817,0.0,-0.04344671771055869
p102,DOGEUSDT,1,2024-02-01 22:00:00+00:00,0.07945,2024-02-01 23:00:00+00:00,0.07934,signal_reverse,False,0.07706650000000001,,False,100.0,1.0,100.0,100.0,1258.6532410320956,-0.13845185651354672,0.31979232221522974,0.0,-0.45824417872877643
p103,DOGEUSDT,-1,2024-02-02 00:00:00+00:00,0.07934,2024-02-02 00:00:00+00:00,0.07928,signal_reverse,False,0.08172019999999999,,False,100.0,1.0,100.0,100.0,1260.3982858583313,0.07562389715148805,0.3198865641542728,0.0,-0.24426266700278476
p104,DOGEUSDT,1,2024-02-02 01:00:00+00:00,0.07928,2024-02-02 01:00:00+00:00,0.0794,signal_reverse,False,0.0769016,,False,100.0,1.0,100.0,100.0,1261.3521695257316,0.15136226034308162,0.3202270433905146,0.0,-0.168864783047433
p105,DOGEUSDT,-1,2024-02-02 02:00:00+00:00,0.0794,2024-02-02 09:00:00+00:00,0.07958,signal_reverse,False,0.081782,,False,100.0,1.0,100.0,100.0,1259.4458438287154,-0.22670025188916829,0.3203400503778338,0.0,-0.5470403022670021
p106,DOGEUSDT,1,2024-02-02 10:00:00+00:00,0.07958,2024-02-02 10:00:00+00:00,0.07968,signal_reverse,False,0.0771926,,False,100.0,1.0,100.0,100.0,1256.5971349585323,0.12565971349585683,0.3201884895702438,0.0,-0.19452877607438698
p107,DOGEUSDT,-1,2024-02-02 11:00:00+00:00,0.07968,2024-02-02 12:00:00+00:00,0.07927,signal_reverse,False,0.0820704,,False,100.0,1.0,100.0,100.0,1255.0200803212851,0.5145582329317364,0.31922816265060244,0.0,0.19533007028113397
p108,DOGEUSDT,1,2024-02-02 13:00:00+00:00,0.07927,2024-02-02 13:00:00+00:00,0.07873,signal_reverse,False,0.0768919,,False,100.0,1.0,100.0,100.0,1261.5112905260503,-0.6812160968840657,0.3189781758546739,0.0,-1.0001942727387396
p109,DOGEUSDT,-1,2024-02-02 14:00:00+00:00,0.07873,2024-02-02 14:00:00+00:00,0.07882,signal_reverse,False,0.0810919,,False,100.0,1.0,100.0,100.0,1270.1638511367967,-0.11431474660232026,0.3201714721199035,0.0,-0.43448621872222376
p110,DOGEUSDT,1,2024-02-02 15:00:00+00:00,0.07882,2024-02-02 15:00:00+00:00,0.07937,signal_reverse,False,0.0764554,,False,100.0,1.0,100.0,100.0,1268.713524486171,0.6977924384673877,0.32104668865770114,0.0,0.37674574980968656
p111,DOGEUSDT,-1,2024-02-02 16:00:00+00:00,0.07937,2024-02-02 22:00:00+00:00,0.07935,signal_reverse,False,0.0817511,,False,100.0,1.0,100.0,100.0,1259.9218848431399,0.025198437696853027,0.3199622023434548,0.0,-0.29476376464660176
p112,DOGEUSDT,1,2024-02-02 23:00:00+00:00,0.07935,2024-02-03 01:00:00+00:00,0.07934,signal_reverse,False,0.07696950000000001,,False,100.0,1.0,100.0,100.0,1260.2394454946439,-0.012602394454959042,0.3199810964083176,0.0,-0.33258349086327665
p113,DOGEUSDT,-1,2024-02-03 02:00:00+00:00,0.07934,2024-02-03 03:00:00+00:00,0.07922,signal_reverse,False,0.08172019999999999,,False,100.0,1.0,100.0,100.0,1260.3982858583313,0.1512477943029936,0.31977312830854554,0.0,-0.16852533400555195
p114,DOGEUSDT,1,2024-02-03 04:00:00+00:00,0.07922,2024-02-03 04:00:00+00:00,0.07933,signal_reverse,False,0.07684339999999999,,False,100.0,1.0,100.0,100.0,1262.3074981065388,0.13885382479171798,0.3202082807371876,0.0,-0.18135445594546962
p115,DOGEUSDT,-1,2024-02-03 05:00:00+00:00,0.07933,2024-02-03 05:00:00+00:00,0.0794,signal_reverse,False,0.0817099,,False,100.0,1.0,100.0,100.0,1260.5571662674902,-0.08823900163872508,0.32013235850245814,0.0,-0.40837136014118325
p116,DOGEUSDT,1,2024-02-03 06:00:00+00:00,0.0794,2024-02-03 07:00:00+00:00,0.07898,signal_reverse,False,0.077018,,False,100.0,1.0,100.0,100.0,1259.4458438287154,-0.5289672544080651,0.31920654911838797,0.0,-0.8481738035264531
p117,DOGEUSDT,-1,2024-02-03 08:00:00+00:00,0.07898,2024-02-03 09:00:00+00:00,0.07902,signal_reverse,False,0.08134939999999999,,False,100.0,1.0,100.0,100.0,1266.1433274246644,-0.050645733097002085,0.3200759685996455,0.0,-0.3707217016966476
p118,DOGEUSDT,1,2024-02-03 10:00:00+00:00,0.07902,2024-02-03 10:00:00+00:00,0.07906,signal_reverse,False,0.0766494,,False,100.0,1.0,100.0,100.0,1265.5024044545683,0.05062009617818067,0.3200759301442673,0.0,-0.26945583396608663
p119,DOGEUSDT,-1,2024-02-03 11:00:00+00:00,0.07906,2024-02-03 14:00:00+00:00,0.07888,signal_reverse,False,0.0814318,,False,100.0,1.0,100.0,100.0,1264.8621300278269,0.22767518340500834,0.31965848722489254,0.0,-0.0919833038198842
p120,DOGEUSDT,1,2024-02-03 15:00:00+00:00,0.07888,2024-02-03 16:00:00+00:00,0.07913,signal_reverse,False,0.0765136,,False,100.0,1.0,100.0,100.0,1267.7484787018254,0.3169371196754566,0.3204754056795132,0.0,-0.00353828600405659
p121,DOGEUSDT,-1,2024-02-03 17:00:00+00:00,0.07913,2024-02-03 18:00:00+00:00,0.07916,signal_reverse,False,0.0815039,,False,100.0,1.0,100.0,100.0,1263.7432073802602,-0.03791229622139311,0.3200568684443321,0.0,-0.35796916466572526
p122,DOGEUSDT,1,2024-02-03 19:00:00+00:00,0.07916,2024-02-03 19:00:00+00:00,0.07915,signal_reverse,False,0.0767852,,False,100.0,1.0,100.0,100.0,1263.2642748863063,-0.012632642748858166,0.3199810510358767,0.0,-0.3326136937847349
p123,DOGEUSDT,-1,2024-02-03 20:00:00+00:00,0.07915,2024-02-03 20:00:00+00:00,0.07912,signal_reverse,False,0.0815245,,False,100.0,1.0,100.0,100.0,1263.4238787113077,0.03790271636134207,0.31994314592545803,0.0,-0.28204042956411596
p124,DOGEUSDT,1,2024-02-03 21:00:00+00:00,0.07912,2024-02-03 22:00:00+00:00,0.07879,signal_reverse,False,0.07674639999999999,,False,100.0,1.0,100.0,100.0,1263.9029322548029,-0.4170879676440811,0.3193743680485339,0.0,-0.736462335692615
p125,DOGEUSDT,-1,2024-02-03 23:00:00+00:00,0.07879,2024-02-04 01:00:00+00:00,0.07893,signal_reverse,False,0.0811537,,False,100.0,1.0,100.0,100.0,1269.1965985531158,-0.17768752379743777,0.32026653128569615,0.0,-0.49795405508313395
p126,DOGEUSDT,1,2024-02-04 02:00:00+00:00,0.07893,2024-02-04 03:00:00+00:00,0.07896,signal_reverse,False,0.0765621,,False,100.0,1.0,100.0,100.0,1266.9453946534904,0.03800836183960756,0.3200570125427594,0.0,-0.2820486507031519
p127,DOGEUSDT,-1,2024-02-04 04:00:00+00:00,0.07896,2024-02-04 05:00:00+00:00,0.07856,signal_reverse,False,0.0813288,,False,100.0,1.0,100.0,100.0,1266.4640324214793,0.5065856129685886,0.31924012158054715,0.0,0.18734549138804146
p128,DOGEUSDT,1,2024-02-04 06:00:00+00:00,0.07856,2024-02-04 07:00:00+00:00,0.07863,signal_reverse,False,0.0762032,,False,100.0,1.0,100.0,100.0,1272.9124236252544,0.0891038696537686,0.32013365580448067,0.0,-0.23102978615071207
p129,DOGEUSDT,-1,2024-02-04 08:00:00+00:00,0.07863,2024-02-04 12:00:00+00:00,0.07896,signal_reverse,False,0.0809889,,False,100.0,1.0,100.0,100.0,1271.7792191275594,-0.41968714231209076,0.32062953071346817,0.0,-0.7403166730255589
p130,DOGEUSDT,1,2024-02-04 13:00:00+00:00,0.07896,2024-02-04 13:00:00+00:00,0.07896,signal_reverse,False,0.0765912,,False,100.0,1.0,100.0,100.0,1266.4640324214793,0.0,0.32,0.0,-0.32
p131,DOGEUSDT,-1,2024-02-04 14:00:00+00:00,0.07896,2024-02-04 15:00:00+00:00,0.0791,signal_reverse,False,0.0813288,,False,100.0,1.0,100.0,100.0,1266.4640324214793,-0.17730496453900865,0.3202659574468086,0.0,-0.4975709219858172
p132,DOGEUSDT,1,2024-02-04 16:00:00+00:00,0.0791,2024-02-04 16:00:00+00:00,0.07956,signal_reverse,False,0.076727,,False,100.0,1.0,100.0,100.0,1264.2225031605562,0.5815423514538585,0.3208723135271808,0.0,0.26067003792667764
p133,DOGEUSDT,-1,2024-02-04 17:00:00+00:00,0.07956,2024-02-04 17:00:00+00:00,0.07956,signal_reverse,False,0.0819468,,False,100.0,1.0,100.0,100.0,1256.913021618904,-0.0,0.32,0.0,-0.32
p134,DOGEUSDT,1,2024-02-04 18:00:00+00:00,0.07956,2024-02-04 21:00:00+00:00,0.07896,signal_reverse,False,0.07717320000000001,,False,100.0,1.0,100.0,100.0,1256.913021618904,-0.7541478129713465,0.318868778280543,0.0,-1.0730165912518894
p135,DOGEUSDT,-1,2024-02-04 22:00:00+00:00,0.07896,2024-02-04 22:00:00+00:00,0.07828,signal_reverse,False,0.0813288,,False,100.0,1.0,100.0,100.0,1266.4640324214793,0.861195542046606,0.3187082066869301,0.0,0.5424873353596759
p136,DOGEUSDT,1,2024-02-04 23:00:00+00:00,0.07828,2024-02-05 00:00:00+00:00,0.07804,signal_reverse,False,0.0759316,,False,100.0,1.0,100.0,100.0,1277.4655084312724,-0.3065917220235106,0.31954011241696473,0.0,-0.6261318344404754
p137,DOGEUSDT,-1,2024-02-05 01:00:00+00:00,0.07804,2024-02-05 02:00:00+00:00,0.07778,signal_reverse,False,0.0803812,,False,100.0,1.0,100.0,100.0,1281.3941568426449,0.333162480779083,0.3195002562788314,0.0,0.013662224500251618
p138,DOGEUSDT,1,2024-02-05 03:00:00+00:00,0.07778,2024-02-05 03:00:00+00:00,0.07816,signal_reverse,False,0.0754466,,False,100.0,1.0,100.0,100.0,1285.677552069941,0.48855746978656656,0.3207328362046799,0.0,0.16782463358188665
p139,DOGEUSDT,-1,2024-02-05 04:00:00+00:00,0.07816,2024-02-05 04:00:00+00:00,0.07813,signal_reverse,False,0.08050479999999999,,False,100.0,1.0,100.0,100.0,1279.42681678608,0.03838280450356752,0.31994242579324467,0.0,-0.28155962128967715
p140,DOGEUSDT,1,2024-02-05 05:00:00+00:00,0.07813,2024-02-05 05:00:00+00:00,0.07808,signal_reverse,False,0.07578610000000001,,False,100.0,1.0,100.0,100.0,1279.9180852425443,-0.06399590426213793,0.3199040061436068,0.0,-0.3838999104057447
p141,DOGEUSDT,-1,2024-02-05 06:00:00+00:00,0.07808,2024-02-05 07:00:00+00:00,0.07873,signal_reverse,False,0.08042239999999999,,False,100.0,1.0,100.0,100.0,1280.737704918033,-0.8324795081967186,0.3212487192622951,0.0,-1.1537282274590137
p142,DOGEUSDT,1,2024-02-05 08:00:00+00:00,0.07873,2024-02-05 08:00:00+00:00,0.07891,signal_reverse,False,0.0763681,,False,100.0,1.0,100.0,100.0,1270.1638511367967,0.2286294932046229,0.32034294423980697,0.0,-0.09171345103518408
p143,DOGEUSDT,-1,2024-02-05 09:00:00+00:00,0.07891,2024-02-05 15:00:00+00:00,0.0787,signal_reverse,False,0.0812773,,False,100.0,1.0,100.0,100.0,1267.2665061462426,0.2661259662906957,0.3196008110505639,0.0,-0.053474844759868245
p144,DOGEUSDT,1,2024-02-05 16:00:00+00:00,0.0787,2024-02-05 16:00:00+00:00,0.0787,signal_reverse,False,0.076339,,False,100.0,1.0,100.0,100.0,1270.6480304955526,0.0,0.32,0.0,-0.32
p145,DOGEUSDT,-1,2024-02-05 17:00:00+00:00,0.0787,2024-02-05 17:00:00+00:00,0.07872,signal_reverse,False,0.08106100000000001,,False,100.0,1.0,100.0,100.0,1270.6480304955526,-0.0254129606099012,0.32003811944091487,0.0,-0.3454510800508161
p146,DOGEUSDT,1,2024-02-05 18:00:00+00:00,0.07872,2024-02-05 18:00:00+00:00,0.0788,signal_reverse,False,0.07635839999999999,,False,100.0,1.0,100.0,100.0,1270.3252032520325,0.10162601626015845,0.3201524390243903,0.0,-0.21852642276423184
p147,DOGEUSDT,-1,2024-02-05 19:00:00+00:00,0.0788,2024-02-05 20:00:00+00:00,0.0782,signal_reverse,False,0.081164,,False,100.0,1.0,100.0,100.0,1269.0355329949239,0.7614213197969409,0.3188578680203046,0.0,0.44256345177663636
p148,DOGEUSDT,1,2024-02-05 21:00:00+00:00,0.0782,2024-02-05 22:00:00+00:00,0.078,signal_reverse,False,0.075854,,False,100.0,1.0,100.0,100.0,1278.772378516624,-0.25575447570333215,0.319616368286445,0.0,-0.5753708439897771
p149,DOGEUSDT,-1,2024-02-05 23:00:00+00:00,0.078,2024-02-06 02:00:00+00:00,0.07856,signal_reverse,False,0.08034,,False,100.0,1.0,100.0,100.0,1282.051282051282,-0.7179487179487243,0.3210769230769231,0.0,-1.0390256410256473
p150,DOGEUSDT,1,2024-02-06 03:00:00+00:00,0.07856,2024-02-06 05:00:00+00:00,0.07823,signal_reverse,False,0.0762032,,False,100.0,1.0,100.0,100.0,1272.9124236252544,-0.42006109979634776,0.3193699083503055,0.0,-0.7394310081466533
p151,DOGEUSDT,-1,2024-02-06 06:00:00+00:00,0.07823,2024-02-06 06:00:00+00:00,0.07831,signal_reverse,False,0.08057689999999999,,False,100.0,1.0,100.0,100.0,1278.281989006775,-0.10226255912055557,0.32015339383868086,0.0,-0.4224159529592364
p152,DOGEUSDT,1,2024-02-06 07:00:00+00:00,0.07831,2024-02-06 08:00:00+00:00,0.0787,signal_reverse,False,0.0759607,,False,100.0,1.0,100.0,100.0,1276.9761205465456,0.49802068701315466,0.32074703103051977,0.0,0.1772736559826349
p153,DOGEUSDT,-1,2024-02-06 09:00:00+00:00,0.0787,2024-02-06 09:00:00+00:00,0.07858,signal_reverse,False,0.08106100000000001,,False,100.0,1.0,100.0,100.0,1270.6480304955526,0.15247776365947774,0.3197712833545108,0.0,-0.1672935196950331
p154,DOGEUSDT,1,2024-02-06 10:00:00+00:00,0.07858,2024-02-06 10:00:00+00:00,0.07819,signal_reverse,False,0.0762226,,False,100.0,1.0,100.0,100.0,1272.5884448969205,-0.49630949350980086,0.3192555357597353,0.0,-0.8155650292695362
p155,DOGEUSDT,-1,2024-02-06 11:00:00+00:00,0.07819,2024-02-06 11:00:00+00:00,0.07808,signal_reverse,False,0.0805357,,False,100.0,1.0,100.0,100.0,1278.935925310142,0.14068295178411433,0.3197889755723239,0.0,-0.17910602378820956
p156,DOGEUSDT,1,2024-02-06 12:00:00+00:00,0.07808,2024-02-06 12:00:00+00:00,0.07806,signal_reverse,False,0.0757376,,False,100.0,1.0,100.0,100.0,1280.737704918033,-0.025614754098350727,0.3199615778688525,0.0,-0.3455763319672032
p157,DOGEUSDT,-1,2024-02-06 13:00:00+00:00,0.07806,2024-02-06 13:00:00+00:00,0.07817,signal_reverse,False,0.08040180000000001,,False,100.0,1.0,100.0,100.0,1281.0658467845246,-0.14091724314629642,0.3202113758647195,0.0,-0.4611286190110159
p158,DOGEUSDT,1,2024-02-06 14:00:00+00:00,0.07817,2024-02-06 14:00:00+00:00,0.07822,signal_reverse,False,0.0758249,,False,100.0,1.0,100.0,100.0,1279.263144428809,0.0639631572214334,0.3200959447358322,0.0,-0.2561327875143988
p159,DOGEUSDT,-1,2024-02-06 15:00:00+00:00,0.07822,2024-02-06 21:00:00+00:00,0.07883,signal_reverse,False,0.0805666,,False,100.0,1.0,100.0,100.0,1278.4454103809767,-0.779851700332395,0.32116977755049864,0.0,-1.1010214778828937
p160,DOGEUSDT,1,2024-02-06 22:00:00+00:00,0.07883,2024-02-06 23:00:00+00:00,0.07844,signal_reverse,False,0.0764651,,False,100.0,1.0,100.0,100.0,1268.5525815045035,-0.4947355067867582,0.3192578967398199,0.0,-0.8139934035265781
p161,DOGEUSDT,-1,2024-02-07 00:00:00+00:00,0.07844,2024-02-07 00:00:00+00:00,0.07875,signal_reverse,False,0.0807932,,False,100.0,1.0,100.0,100.0,1274.8597654258033,-0.395206527282005,0.3205928097909231,0.0,-0.7157993370729281
p162,DOGEUSDT,1,2024-02-07 01:00:00+00:00,0.07875,2024-02-07 01:00:00+00:00,0.07882,signal_reverse,False,0.0763875,,False,100.0,1.0,100.0,100.0,1269.8412698412699,0.08888888888888967,0.3201333333333334,0.0,-0.2312444444444437
p163,DOGEUSDT,-1,2024-02-07 02:00:00+00:00,0.07882,2024-02-07 02:00:00+00:00,0.07882,signal_reverse,False,0.0811846,,False,100.0,1.0,100.0,100.0,1268.713524486171,-0.0,0.32,0.0,-0.32
p164,DOGEUSDT,1,2024-02-07 03:00:00+00:00,0.07882,2024-02-07 05:00:00+00:00,0.07847,signal_reverse,False,0.0764554,,False,100.0,1.0,100.0,100.0,1268.713524486171,-0.4440497335701638,0.3193339253996448,0.0,-0.7633836589698086
p165,DOGEUSDT,-1,2024-02-07 06:00:00+00:00,0.07847,2024-02-07 06:00:00+00:00,0.07845,signal_reverse,False,0.0808241,,False,100.0,1.0,100.0,100.0,1274.3723716069835,0.02548744743212979,0.3199617688288518,0.0,-0.294474321396722
p166,DOGEUSDT,1,2024-02-07 07:00:00+00:00,0.07845,2024-02-07 07:00:00+00:00,0.07834,signal_reverse,False,0.07609650000000001,,False,100.0,1.0,100.0,100.0,1274.697259400892,-0.14021669853409685,0.3197896749521989,0.0,-0.46000637348629575
p167,DOGEUSDT,-1,2024-02-07 08:00:00+00:00,0.07834,2024-02-07 08:00:00+00:00,0.07846,signal_reverse,False,0.0806902,,False,100.0,1.0,100.0,100.0,1276.4871074802143,-0.15317845289761947,0.32022976767934647,0.0,-0.47340822057696597
p168,DOGEUSDT,1,2024-02-07 09:00:00+00:00,0.07846,2024-02-07 09:00:00+00:00,0.0786,signal_reverse,False,0.0761062,,False,100.0,1.0,100.0,100.0,1274.534794799898,0.1784348712719873,0.320267652306908,0.0,-0.14183278103492072
p169,DOGEUSDT,-1,2024-02-07 10:00:00+00:00,0.0786,2024-02-07 15:00:00+00:00,0.07894,signal_reverse,False,0.080958,,False,100.0,1.0,100.0,100.0,1272.264631043257,-0.4325699745546986,0.3206488549618321,0.0,-0.7532188295165307
p170,DOGEUSDT,1,2024-02-07 16:00:00+00:00,0.07894,2024-02-07 17:00:00+00:00,0.07948,signal_reverse,False,0.0765718,,False,100.0,1.0,100.0,100.0,1266.784899923993,0.6840638459589546,0.3210260957689385,0.0,0.36303775019001616
p171,DOGEUSDT,-1,2024-02-07 18:00:00+00:00,0.07948,2024-02-07 19:00:00+00:00,0.07967,signal_reverse,False,0.08186439999999999,,False,100.0,1.0,100.0,100.0,1258.1781580271768,-0.23905385002517568,0.3203585807750378,0.0,-0.5594124308002135
p172,DOGEUSDT,1,2024-02-07 20:00:00+00:00,0.07967,2024-02-07 21:00:00+00:00,0.08009,signal_reverse,False,0.0772799,,False,100.0,1.0,100.0,100.0,1255.1776076314798,0.5271745952052087,0.32079076189280786,0.0,0.20638383331240084
p173,DOGEUSDT,-1,2024-02-07 22:00:00+00:00,0.08009,2024-02-07 22:00:00+00:00,0.07996,signal_reverse,False,0.08249269999999999,,False,100.0,1.0,100.0,100.0,1248.595330253465,0.16231739293293948,0.3197565239106006,0.0,-0.15743913097766113
p174,DOGEUSDT,1,2024-02-07 23:00:00+00:00,0.07996,2024-02-08 00:00:00+00:00,0.08044,signal_reverse,False,0.0775612,,False,100.0,1.0,100.0,100.0,1250.625312656328,0.6003001500750303,0.32090045022511254,0.0,0.2793996998499178
p175,DOGEUSDT,-1,2024-02-08 01:00:00+00:00,0.08044,2024-02-08 03:00:00+00:00,0.08005,signal_reverse,False,0.0828532,,False,100.0,1.0,100.0,100.0,1243.1626056688215,0.4848334162108422,0.3192727498756837,0.0,0.16556066633515848
p176,DOGEUSDT,1,2024-02-08 04:00:00+00:00,0.08005,2024-02-08 05:00:00+00:00,0.08003,signal_reverse,False,0.0776485,,False,100.0,1.0,100.0,100.0,1249.2192379762648,-0.024984384759515612,0.31996252342286075,0.0,-0.34494690818237633
p177,DOGEUSDT,-1,2024-02-08 06:00:00+00:00,0.08003,2024-02-08 06:00:00+00:00,0.07979,signal_reverse,False,0.0824309,,False,100.0,1.0,100.0,100.0,1249.5314257153566,0.2998875421716907,0.31955016868674246,0.0,-0.01966262651505174
p178,DOGEUSDT,1,2024-02-08 07:00:00+00:00,0.07979,2024-02-08 08:00:00+00:00,0.08014,signal_reverse,False,0.0773963,,False,100.0,1.0,100.0,100.0,1253.2898859506204,0.438651460082721,0.32065797719012407,0.0,0.11799348289259692
p179,DOGEUSDT,-1,2024-02-08 09:00:00+00:00,0.08014,2024-02-08 11:00:00+00:00,0.07986,signal_reverse,False,0.0825442,,False,100.0,1.0,100.0,100.0,1247.8163214374842,0.3493885700024987,0.3194759171449963,0.0,0.029912652857502386
p180,DOGEUSDT,1,2024-02-08 12:00:00+00:00,0.07986,2024-02-08 12:00:00+00:00,0.07981,signal_reverse,False,0.0774642,,False,100.0,1.0,100.0,100.0,1252.1913348359628,-0.06260956674179124,0.3199060856498873,0.0,-0.38251565239167856
p181,DOGEUSDT,-1,2024-02-08 13:00:00+00:00,0.07981,2024-02-08 13:00:00+00:00,0.08025,signal_reverse,False,0.08220430000000001,,False,100.0,1.0,100.0,100.0,1252.975817566721,-0.5513093597293521,0.32082696403959404,0.0,-0.8721363237689461
p182,DOGEUSDT,1,2024-02-08 14:00:00+00:00,0.08025,2024-02-08 19:00:00+00:00,0.08018,signal_reverse,False,0.07784250000000001,,False,100.0,1.0,100.0,100.0,1246.1059190031153,-0.08722741433021884,0.3198691588785047,0.0,-0.40709657320872356
p183,DOGEUSDT,-1,2024-02-08 20:00:00+00:00,0.08018,2024-02-08 20:00:00+00:00,0.08047,signal_reverse,False,0.0825854,,False,100.0,1.0,100.0,100.0,1247.193813918683,-0.3616862060364163,0.3205425293090547,0.0,-0.682228735345471
p184,DOGEUSDT,1,2024-02-08 21:00:00+00:00,0.08047,2024-02-08 22:00:00+00:00,0.07974,signal_reverse,False,0.0780559,,False,100.0,1.0,100.0,100.0,1242.6991425375916,-0.9071703740524351,0.3186392444389214,0.0,-1.2258096184913565
p185,DOGEUSDT,-1,2024-02-08 23:00:00+00:00,0.07974,2024-02-08 23:00:00+00:00,0.07982,signal_reverse,False,0.0821322,,False,100.0,1.0,100.0,100.0,1254.0757461750688,-0.10032605969400142,0.320150489089541,0.0,-0.42047654878354246
p186,DOGEUSDT,1,2024-02-09 00:00:00+00:00,0.07982,2024-02-09 00:00:00+00:00,0.08001,signal_reverse,False,0.0774254,,False,100.0,1.0,100.0,100.0,1252.8188423953895,0.23803558005511866,0.3203570533700827,0.0,-0.08232147331496403
p187,DOGEUSDT,-1,2024-02-09 01:00:00+00:00,0.08001,2024-02-09 01:00:00+00:00,0.08015,signal_reverse,False,0.08241029999999999,,False,100.0,1.0,100.0,100.0,1249.843769528809,-0.1749781277340348,0.32026246719160106,0.0,-0.4952405949256359
p188,DOGEUSDT,1,2024-02-09 02:00:00+00:00,0.08015,2024-02-09 02:00:00+00:00,0.08079,signal_reverse,False,0.0777455,,False,100.0,1.0,100.0,100.0,1247.6606363069245,0.7985028072364337,0.32119775421085467,0.0,0.4773050530255791
p189,DOGEUSDT,-1,2024-02-09 03:00:00+00:00,0.08079,2024-02-09 03:00:00+00:00,0.08041,signal_reverse,False,0.0832137,,False,100.0,1.0,100.0,100.0,1237.7769525931426,0.4703552419854008,0.3192944671370219,0.0,0.15106077484837888
p190,DOGEUSDT,1,2024-02-09 04:00:00+00:00,0.08041,2024-02-09 04:00:00+00:00,0.0804,signal_reverse,False,0.07799769999999999,,False,100.0,1.0,100.0,100.0,1243.6264146250467,-0.012436264146245645,0.3199813456037806,0.0,-0.33241760975002627
p191,DOGEUSDT,-1,2024-02-09 05:00:00+00:00,0.0804,2024-02-09 05:00:00+00:00,0.08066,signal_reverse,False,0.082812,,False,100.0,1.0,100.0,100.0,1243.7810945273632,-0.3233830845771099,0.3204850746268657,0.0,-0.6438681592039757
p192,DOGEUSDT,1,2024-02-09 06:00:00+00:00,0.08066,2024-02-09 07:00:00+00:00,0.08187,signal_reverse,False,0.0782402,,False,100.0,1.0,100.0,100.0,1239.771881973717,1.500123977188201,0.32225018596578237,0.0,1.1778737912224186
p193,DOGEUSDT,-1,2024-02-09 08:00:00+00:00,0.08187,2024-02-09 09:00:00+00:00,0.08139,signal_reverse,False,0.0843261,,False,100.0,1.0,100.0,100.0,1221.4486380847686,0.586295346280682,0.319120556980579,0.0,0.267174789300103
p194,DOGEUSDT,1,2024-02-09 10:00:00+00:00,0.08139,2024-02-09 11:00:00+00:00,0.08187,signal_reverse,False,0.0789483,,False,100.0,1.0,100.0,100.0,1228.6521685710775,0.5897530409141102,0.3208846295613712,0.0,0.268868411352739
p195,DOGEUSDT,-1,2024-02-09 12:00:00+00:00,0.08187,2024-02-09 13:00:00+00:00,0.08193,signal_reverse,False,0.0843261,,False,100.0,1.0,100.0,100.0,1221.4486380847686,-0.07328691828509161,0.3201099303774277,0.0,-0.3933968486625193
p196,DOGEUSDT,1,2024-02-09 14:00:00+00:00,0.08193,2024-02-09 14:00:00+00:00,0.08117,signal_reverse,False,0.0794721,,False,100.0,1.0,100.0,100.0,1220.5541315757353,-0.9276211399975549,0.31860856829000367,0.0,-1.2462297082875586
p197,DOGEUSDT,-1,2024-02-09 15:00:00+00:00,0.08117,2024-02-09 15:00:00+00:00,0.08143,signal_reverse,False,0.0836051,,False,100.0,1.0,100.0,100.0,1231.9822594554637,-0.32031538745841603,0.32048047308118766,0.0,-0.6407958605396037
p198,DOGEUSDT,1,2024-02-09 16:00:00+00:00,0.08143,2024-02-09 16:00:00+00:00,0.08105,signal_reverse,False,0.0789871,,False,100.0,1.0,100.0,100.0,1228.0486307257768,-0.4666584796758017,0.3193000122804863,0.0,-0.7859584919562881
p199,DOGEUSDT,-1,2024-02-09 17:00:00+00:00,0.08105,2024-02-09 17:00:00+00:00,0.08137,signal_reverse,False,0.0834815,,False,100.0,1.0,100.0,100.0,1233.8062924120914,-0.39481801357187024,0.32059222702035783,0.0,-0.715410240592228
p200,DOGEUSDT,1,2024-02-09 18:00:00+00:00,0.08137,2024-02-09 18:00:00+00:00,0.08164,signal_reverse,False,0.0789289,,False,100.0,1.0,100.0,100.0,1228.9541600098316,0.33181762320266234,0.320497726434804,0.0,0.011319896767858328
p201,DOGEUSDT,-1,2024-02-09 19:00:00+00:00,0.08164,2024-02-09 22:00:00+00:00,0.08143,signal_reverse,False,0.0840892,,False,100.0,1.0,100.0,100.0,1224.889759921607,0.25722684958353975,0.31961415972562474,0.0,-0.062387310142084984
p202,DOGEUSDT,1,2024-02-09 23:00:00+00:00,0.08143,2024-02-09 23:00:00+00:00,0.08155,signal_reverse,False,0.0789871,,False,100.0,1.0,100.0,100.0,1228.0486307257768,0.14736583568708722,0.32022104875353063,0.0,-0.17285521306644341
p203,DOGEUSDT,-1,2024-02-10 00:00:00+00:00,0.08155,2024-02-10 03:00:00+00:00,0.08181,signal_reverse,False,0.0839965,,False,100.0,1.0,100.0,100.0,1226.2415695892091,-0.3188228080931899,0.32047823421213983,0.0,-0.6393010423053298
p204,DOGEUSDT,1,2024-02-10 04:00:00+00:00,0.08181,2024-02-10 05:00:00+00:00,0.08152,signal_reverse,False,0.0793557,,False,100.0,1.0,100.0,100.0,1222.344456667889,-0.3544798924336861,0.3194682801613495,0.0,-0.6739481725950356
p205,DOGEUSDT,-1,2024-02-10 06:00:00+00:00,0.08152,2024-02-10 06:00:00+00:00,0.08148,signal_reverse,False,0.0839656,,False,100.0,1.0,100.0,100.0,1226.692836113837,0.049067713444551485,0.31992639842983317,0.0,-0.2708586849852817
p206,DOGEUSDT,1,2024-02-10 07:00:00+00:00,0.08148,2024-02-10 07:00:00+00:00,0.08125,signal_reverse,False,0.0790356,,False,100.0,1.0,100.0,100.0,1227.2950417280315,-0.28227785959744,0.31957658321060384,0.0,-0.6018544428080439
p207,DOGEUSDT,-1,2024-02-10 08:00:00+00:00,0.08125,2024-02-10 08:00:00+00:00,0.08103,signal_reverse,False,0.0836875,,False,100.0,1.0,100.0,100.0,1230.7692307692307,0.27076923076922826,0.3195938461538462,0.0,-0.04882461538461791
p208,DOGEUSDT,1,2024-02-10 09:00:00+00:00,0.08103,2024-02-10 12:00:00+00:00,0.08082,signal_reverse,False,0.0785991,,False,100.0,1.0,100.0,100.0,1234.110823151919,-0.25916327286190527,0.31961125509070715,0.0,-0.5787745279526124
p209,DOGEUSDT,-1,2024-02-10 13:00:00+00:00,0.08082,2024-02-10 15:00:00+00:00,0.08113,signal_reverse,False,0.0832446,,False,100.0,1.0,100.0,100.0,1237.3174956693888,-0.3835684236574992,0.32057535263548625,0.0,-0.7041437762929854
p210,DOGEUSDT,1,2024-02-10 16:00:00+00:00,0.08113,2024-02-10 16:00:00+00:00,0.08117,signal_reverse,False,0.07869609999999999,,False,100.0,1.0,100.0,100.0,1232.5896708985579,0.04930358683595741,0.32007395538025396,0.0,-0.27077036854429654
p211,DOGEUSDT,-1,2024-02-10 17:00:00+00:00,0.08117,2024-02-10 18:00:00+00:00,0.08102,signal_reverse,False,0.0836051,,False,100.0,1.0,100.0,100.0,1231.9822594554637,0.1847973389183334,0.3197228039916225,0.0,-0.13492546507328912
p212,DOGEUSDT,1,2024-02-10 19:00:00+00:00,0.08102,2024-02-10 19:00:00+00:00,0.08107,signal_reverse,False,0.07858939999999999,,False,100.0,1.0,100.0,100.0,1234.2631449024932,0.06171315724513499,0.3200925697358677,0.0,-0.2583794124907327
p213,DOGEUSDT,-1,2024-02-10 20:00:00+00:00,0.08107,2024-02-10 20:00:00+00:00,0.08122,signal_reverse,False,0.08350210000000001,,False,100.0,1.0,100.0,100.0,1233.5019119279634,-0.18502528678919125,0.3202775379301838,0.0,-0.505302824719375
p214,DOGEUSDT,1,2024-02-10 21:00:00+00:00,0.08122,2024-02-10 22:00:00+00:00,0.08143,signal_reverse,False,0.0787834,,False,100.0,1.0,100.0,100.0,1231.2238364934744,0.25855700566363193,0.3203878355084955,0.0,-0.061830829844863544
p215,DOGEUSDT,-1,2024-02-10 23:00:00+00:00,0.08143,2024-02-10 23:00:00+00:00,0.08138,signal_reverse,False,0.0838729,,False,100.0,1.0,100.0,100.0,1228.0486307257768,0.06140243153629912,0.31990789635269556,0.0,-0.25850546481639647
p216,DOGEUSDT,1,2024-02-11 00:00:00+00:00,0.08138,2024-02-11 00:00:00+00:00,0.08146,signal_reverse,False,0.0789386,,False,100.0,1.0,100.0,100.0,1228.8031457360532,0.09830425165889731,0.32014745637748837,0.0,-0.22184320471859106
p217,DOGEUSDT,-1,2024-02-11 01:00:00+00:00,0.08146,2024-02-11 02:00:00+00:00,0.08139,signal_reverse,False,0.0839038,,False,100.0,1.0,100.0,100.0,1227.5963663147556,0.08593174564203365,0.319871102381537,0.0,-0.23393935673950333
p218,DOGEUSDT,1,2024-02-11 03:00:00+00:00,0.08139,2024-02-11 03:00:00+00:00,0.08223,signal_reverse,False,0.0789483,,False,100.0,1.0,100.0,100.0,1228.6521685710775,1.0320678215996972,0.32154810173239956,0.0,0.7105197198672977
p219,DOGEUSDT,-1,2024-02-11 04:00:00+00:00,0.08223,2024-02-11 04:00:00+00:00,0.08183,signal_reverse,False,0.08469689999999999,,False,100.0,1.0,100.0,100.0,1216.1011796181442,0.48644047184725475,0.31927033929222914,0.0,0.1671701325550256
p220,DOGEUSDT,1,2024-02-11 05:00:00+00:00,0.08183,2024-02-11 05:00:00+00:00,0.08202,signal_reverse,False,0.0793751,,False,100.0,1.0,100.0,100.0,1222.0457045093488,0.23218868385677105,0.32034828302578516,0.0,-0.08815959916901411
p221,DOGEUSDT,-1,2024-02-11 06:00:00+00:00,0.08202,2024-02-11 07:00:00+00:00,0.08283,signal_reverse,False,0.08448059999999999,,False,100.0,1.0,100.0,100.0,1219.21482565228,-0.9875640087783532,0.3214813460131676,0.0,-1.3090453547915208
p222,DOGEUSDT,1,2024-02-11 08:00:00+00:00,0.08283,2024-02-11 08:00:00+00:00,0.08263,signal_reverse,False,0.0803451,,False,100.0,1.0,100.0,100.0,1207.2920439454304,-0.241458408789093,0.3196378123868164,0.0,-0.5610962211759094
p223,DOGEUSDT,-1,2024-02-11 09:00:00+00:00,0.08263,2024-02-11 11:00:00+00:00,0.08256,signal_reverse,False,0.0851089,,False,100.0,1.0,100.0,100.0,1210.214207914801,0.0847149945540368,0.319872927508169,0.0,-0.23515793295413218
p224,DOGEUSDT,1,2024-02-11 12:00:00+00:00,0.08256,2024-02-11 12:00:00+00:00,0.08224,signal_reverse,False,0.0800832,,False,100.0,1.0,100.0,100.0,1211.2403100775196,-0.3875968992248073,0.31941860465116284,0.0,-0.7070155038759701
p225,DOGEUSDT,-1,2024-02-11 13:00:00+00:00,0.08224,2024-02-11 13:00:00+00:00,0.08184,signal_reverse,False,0.0847072,,False,100.0,1.0,100.0,100.0,1215.9533073929963,0.48638132295719555,0.3192704280155642,0.0,0.16711089494163134
p226,DOGEUSDT,1,2024-02-11 14:00:00+00:00,0.08184,2024-02-11 15:00:00+00:00,0.08182,signal_reverse,False,0.07938479999999999,,False,100.0,1.0,100.0,100.0,1221.8963831867059,-0.024437927663724643,0.31996334310850444,0.0,-0.3444012707722291
p227,DOGEUSDT,-1,2024-02-11 16:00:00+00:00,0.08182,2024-02-11 19:00:00+00:00,0.08198,signal_reverse,False,0.0842746,,False,100.0,1.0,100.0,100.0,1222.195062331948,-0.1955512099731037,0.3202933268149597,0.0,-0.5158445367880634
p228,DOGEUSDT,1,2024-02-11 20:00:00+00:00,0.08198,2024-02-11 20:00:00+00:00,0.08101,signal_reverse,False,0.0795206,,False,100.0,1.0,100.0,100.0,1219.8097096852891,-1.1832154183947288,0.3182251768724079,0.0,-1.5014405952671366
p229,DOGEUSDT,-1,2024-02-11 21:00:00+00:00,0.08101,2024-02-11 21:00:00+00:00,0.0812,signal_reverse,False,0.0834403,,False,100.0,1.0,100.0,100.0,1234.4155042587336,-0.2345389458091541,0.32035180841871375,0.0,-0.5548907542278678
p230,DOGEUSDT,1,2024-02-11 22:00:00+00:00,0.0812,2024-02-12 00:00:00+00:00,0.08143,signal_reverse,False,0.078764,,False,100.0,1.0,100.0,100.0,1231.527093596059,0.2832512315271034,0.3204248768472907,0.0,-0.0371736453201873
p231,DOGEUSDT,-1,2024-02-12 01:00:00+00:00,0.08143,2024-02-12 01:00:00+00:00,0.08119,signal_reverse,False,0.0838729,,False,100.0,1.0,100.0,100.0,1228.0486307257768,0.2947316713741915,0.31955790249293875,0.0,-0.024826231118747266
p232,DOGEUSDT,1,2024-02-12 02:00:00+00:00,0.08119,2024-02-12 04:00:00+00:00,0.08022,signal_reverse,False,0.0787543,,False,100.0,1.0,100.0,100.0,1231.678778174652,-1.1947284148294108,0.3182079073777559,0.0,-1.5129363222071668
p233,DOGEUSDT,-1,2024-02-12 05:00:00+00:00,0.08022,2024-02-12 05:00:00+00:00,0.08017,signal_reverse,False,0.0826266,,False,100.0,1.0,100.0,100.0,1246.5719272001995,0.06232859636000311,0.31990650710546,0.0,-0.2575779107454569
p234,DOGEUSDT,1,2024-02-12 06:00:00+00:00,0.08017,2024-02-12 07:00:00+00:00,0.08036,signal_reverse,False,0.07776490000000001,,False,100.0,1.0,100.0,100.0,1247.3493825620556,0.23699638268678522,0.3203554945740302,0.0,-0.08335911188724496
p235,DOGEUSDT,-1,2024-02-12 08:00:00+00:00,0.08036,2024-02-12 08:00:00+00:00,0.08018,signal_reverse,False,0.0827708,,False,100.0,1.0,100.0,100.0,1244.4001991040318,0.22399203583872523,0.31966401194624194,0.0,-0.09567197610751671
p236,DOGEUSDT,1,2024-02-12 09:00:00+00:00,0.08018,2024-02-12 10:00:00+00:00,0.07973,signal_reverse,False,0.0777746,,False,100.0,1.0,100.0,100.0,1247.193813918683,-0.5612372162634147,0.31915814417560495,0.0,-0.8803953604390197
p237,DOGEUSDT,-1,2024-02-12 11:00:00+00:00,0.07973,2024-02-12 14:00:00+00:00,0.0806,signal_reverse,False,0.0821219,,False,100.0,1.0,100.0,100.0,1254.2330364981815,-1.09118274175343,0.32163677411263014,0.0,-1.4128195158660604
p238,DOGEUSDT,1,2024-02-12 15:00:00+00:00,0.0806,2024-02-12 19:00:00+00:00,0.08159,signal_reverse,False,0.078182,,False,100.0,1.0,100.0,100.0,1240.6947890818858,1.2282878411910556,0.3218424317617866,0.0,0.906445409429269
p239,DOGEUSDT,-1,2024-02-12 20:00:00+00:00,0.08159,2024-02-12 20:00:00+00:00,0.08222,signal_reverse,False,0.08403769999999999,,False,100.0,1.0,100.0,100.0,1225.6403971074888,-0.7721534501777247,0.3211582301752666,0.0,-1.0933116803529914
p240,DOGEUSDT,1,2024-02-12 21:00:00+00:00,0.08222,2024-02-12 21:00:00+00:00,0.0819,signal_reverse,False,0.0797534,,False,100.0,1.0,100.0,100.0,1216.2490878131841,-0.3891997081002199,0.3194162004378497,0.0,-0.7086159085380697
p241,DOGEUSDT,-1,2024-02-12 22:00:00+00:00,0.0819,2024-02-12 22:00:00+00:00,0.08244,signal_reverse,False,0.084357,,False,100.0,1.0,100.0,100.0,1221.001221001221,-0.6593406593406579,0.320989010989011,0.0,-0.9803296703296689
p242,DOGEUSDT,1,2024-02-12 23:00:00+00:00,0.08244,2024-02-12 23:00:00+00:00,0.08232,signal_reverse,False,0.0799668,,False,100.0,1.0,100.0,100.0,1213.00339640951,-0.14556040756913527,0.31978165938864633,0.0,-0.4653420669577816
p243,DOGEUSDT,-1,2024-02-13 00:00:00+00:00,0.08232,2024-02-13 02:00:00+00:00,0.0824,signal_reverse,False,0.0847896,,False,100.0,1.0,100.0,100.0,1214.7716229348882,-0.0971817298347871,0.3201457725947522,0.0,-0.4173275024295393
p244,DOGEUSDT,1,2024-02-13 03:00:00+00:00,0.0824,2024-02-13 05:00:00+00:00,0.08231,signal_reverse,False,0.079928,,False,100.0,1.0,100.0,100.0,1213.5922330097087,-0.10922330097088197,0.31983616504854373,0.0,-0.4290594660194257
p245,DOGEUSDT,-1,2024-02-13 06:00:00+00:00,0.08231,2024-02-13 06:00:00+00:00,0.08246,signal_reverse,False,0.08477929999999999,,False,100.0,1.0,100.0,100.0,1214.9192078726765,-0.1822378811809151,0.3202733568217714,0.0,-0.5025112380026865
p246,DOGEUSDT,1,2024-02-13 07:00:00+00:00,0.08246,2024-02-13 07:00:00+00:00,0.08258,signal_reverse,False,0.07998620000000001,,False,100.0,1.0,100.0,100.0,1212.709192335678,0.14552510308027541,0.32021828765462046,0.0,-0.17469318457434505
p247,DOGEUSDT,-1,2024-02-13 08:00:00+00:00,0.08258,2024-02-13 11:00:00+00:00,0.08252,signal_reverse,False,0.0850574,,False,100.0,1.0,100.0,100.0,1210.946960523129,0.07265681763139319,0.3198910147735529,0.0,-0.24723419714215972
p248,DOGEUSDT,1,2024-02-13 12:00:00+00:00,0.08252,2024-02-13 12:00:00+00:00,0.08227,signal_reverse,False,0.0800444,,False,100.0,1.0,100.0,100.0,1211.827435773146,-0.3029568589432867,0.31954556471158513,0.0,-0.6225024236548719
p249,DOGEUSDT,-1,2024-02-13 13:00:00+00:00,0.08227,2024-02-13 14:00:00+00:00,0.08073,signal_reverse,False,0.0847381,,False,100.0,1.0,100.0,100.0,1215.5099064057372,1.871885255864835,0.31719217211620276,0.0,1.5546930837486321
p250,DOGEUSDT,1,2024-02-13 15:00:00+00:00,0.08073,2024-02-13 15:00:00+00:00,0.08103,signal_reverse,False,0.07830809999999999,,False,100.0,1.0,100.0,100.0,1238.696890870804,0.37160906726125187,0.3205574136008919,0.0,0.051051653660359964
p251,DOGEUSDT,-1,2024-02-13 16:00:00+00:00,0.08103,2024-02-13 17:00:00+00:00,0.08097,signal_reverse,False,0.0834609,,False,100.0,1.0,100.0,100.0,1234.110823151919,0.07404664938912069,0.31988893002591634,0.0,-0.24584228063679564
p252,DOGEUSDT,1,2024-02-13 18:00:00+00:00,0.08097,2024-02-13 19:00:00+00:00,0.08089,signal_reverse,False,0.0785409,,False,100.0,1.0,100.0,100.0,1235.0253180190193,-0.09880202544151752,0.3198517969618377,0.0,-0.4186538224033552
p253,DOGEUSDT,-1,2024-02-13 20:00:00+00:00,0.08089,2024-02-13 21:00:00+00:00,0.08128,signal_reverse,False,0.08331670000000001,,False,100.0,1.0,100.0,100.0,1236.2467548522684,-0.48213623439238645,0.32072320435158863,0.0,-0.8028594387439751
p254,DOGEUSDT,1,2024-02-13 22:00:00+00:00,0.08128,2024-02-14 00:00:00+00:00,0.08075,signal_reverse,False,0.07884160000000001,,False,100.0,1.0,100.0,100.0,1230.3149606299212,-0.6520669291338616,0.3190218996062992,0.0,-0.9710888287401607
p255,DOGEUSDT,-1,2024-02-14 01:00:00+00:00,0.08075,2024-02-14 01:00:00+00:00,0.0807,signal_reverse,False,0.0831725,,False,100.0,1.0,100.0,100.0,1238.3900928792568,0.06191950464397321,0.31990712074303407,0.0,-0.25798761609906085
p256,DOGEUSDT,1,2024-02-14 02:00:00+00:00,0.0807,2024-02-14 02:00:00+00:00,0.08095,signal_reverse,False,0.07827899999999999,,False,100.0,1.0,100.0,100.0,1239.1573729863694,0.30978934324659263,0.32046468401486994,0.0,-0.010675340768277308
p257,DOGEUSDT,-1,2024-02-14 03:00:00+00:00,0.08095,2024-02-14 06:00:00+00:00,0.08176,signal_reverse,False,0.0833785,,False,100.0,1.0,100.0,100.0,1235.3304508956146,-1.0006176652254541,0.32150092649783824,0.0,-1.3221185917232923
p258,DOGEUSDT,1,2024-02-14 07:00:00+00:00,0.08176,2024-02-14 07:00:00+00:00,0.08178,signal_reverse,False,0.0793072,,False,100.0,1.0,100.0,100.0,1223.091976516634,0.02446183953034017,0.3200366927592956,0.0,-0.29557485322895544
p259,DOGEUSDT,-1,2024-02-14 08:00:00+00:00,0.08178,2024-02-14 08:00:00+00:00,0.08251,signal_reverse,False,0.0842334,,False,100.0,1.0,100.0,100.0,1222.792858889704,-0.8926387869894772,0.32133895818048425,0.0,-1.2139777451699614
p260,DOGEUSDT,1,2024-02-14 09:00:00+00:00,0.08251,2024-02-14 10:00:00+00:00,0.08311,signal_reverse,False,0.0800347,,False,100.0,1.0,100.0,100.0,1211.9743061447098,0.7271845836868299,0.3210907768755302,0.0,0.4060938068112997
p261,DOGEUSDT,-1,2024-02-14 11:00:00+00:00,0.08311,2024-02-14 16:00:00+00:00,0.08368,signal_reverse,False,0.08560330000000001,,False,100.0,1.0,100.0,100.0,1203.2246420406689,-0.6858380459631825,0.3210287570689448,0.0,-1.0068668030321273
p262,DOGEUSDT,1,2024-02-14 17:00:00+00:00,0.08368,2024-02-14 17:00:00+00:00,0.08519,signal_reverse,False,0.08116960000000001,,False,100.0,1.0,100.0,100.0,1195.0286806883364,1.804493307839385,0.3227067399617591,0.0,1.4817865678776259
p263,DOGEUSDT,-1,2024-02-14 18:00:00+00:00,0.08519,2024-02-14 22:00:00+00:00,0.08609,signal_reverse,False,0.0877457,,False,100.0,1.0,100.0,100.0,1173.8466956215518,-1.0564620260593942,0.3215846930390891,0.0,-1.3780467190984833
p264,DOGEUSDT,1,2024-02-14 23:00:00+00:00,0.08609,2024-02-15 00:00:00+00:00,0.08674,signal_reverse,False,0.0835073,,False,100.0,1.0,100.0,100.0,1161.5750958299454,0.755023812289462,0.32113253571843425,0.0,0.4338912765710278
p265,DOGEUSDT,-1,2024-02-15 01:00:00+00:00,0.08674,2024-02-15 05:00:00+00:00,0.08584,signal_reverse,False,0.0893422,,False,100.0,1.0,100.0,100.0,1152.870647913304,1.0375835831219713,0.31844362462531706,0.0,0.7191399584966542
p266,DOGEUSDT,1,2024-02-15 06:00:00+00:00,0.08584,2024-02-15 07:00:00+00:00,0.08564,signal_reverse,False,0.0832648,,False,100.0,1.0,100.0,100.0,1164.9580615097857,-0.2329916123019638,0.3196505125815471,0.0,-0.5526421248835109
p267,DOGEUSDT,-1,2024-02-15 08:00:00+00:00,0.08564,2024-02-15 12:00:00+00:00,0.08605,signal_reverse,False,0.08820919999999999,,False,100.0,1.0,100.0,100.0,1167.6786548341897,-0.47874824848202663,0.32071812237272307,0.0,-0.7994663708547497
p268,DOGEUSDT,1,2024-02-15 13:00:00+00:00,0.08605,2024-02-15 13:00:00+00:00,0.08638,signal_reverse,False,0.0834685,,False,100.0,1.0,100.0,100.0,1162.1150493898897,0.38349796629866006,0.320575246949448,0.0,0.06292271934921206
p269,DOGEUSDT,-1,2024-02-15 14:00:00+00:00,0.08638,2024-02-15 15:00:00+00:00,0.08513,signal_reverse,False,0.08897139999999999,,False,100.0,1.0,100.0,100.0,1157.6753878212548,1.4470942347765698,0.3178293586478352,0.0,1.1292648761287347
p270,DOGEUSDT,1,2024-02-15 16:00:00+00:00,0.08513,2024-02-15 18:00:00+00:00,0.08538,signal_reverse,False,0.0825761,,False,100.0,1.0,100.0,100.0,1174.6740279572418,0.29366850698931074,0.32044050276048397,0.0,-0.02677199577117323
p271,DOGEUSDT,-1,2024-02-15 19:00:00+00:00,0.08538,2024-02-15 21:00:00+00:00,0.08472,signal_reverse,False,0.0879414,,False,100.0,1.0,100.0,100.0,1171.2344811431249,0.7730147575544553,0.3188404778636683,0.0,0.45417427969078694
p272,DOGEUSDT,1,2024-02-15 22:00:00+00:00,0.08472,2024-02-15 22:00:00+00:00,0.0849,signal_reverse,False,0.0821784,,False,100.0,1.0,100.0,100.0,1180.3588290840414,0.21246458923512698,0.3203186968838527,0.0,-0.10785410764872574
p273,DOGEUSDT,-1,2024-02-15 23:00:00+00:00,0.0849,2024-02-16 01:00:00+00:00,0.08597,signal_reverse,False,0.087447,,False,100.0,1.0,100.0,100.0,1177.8563015312131,-1.2603062426383997,0.3218904593639576,0.0,-1.5821967020023573
p274,DOGEUSDT,1,2024-02-16 02:00:00+00:00,0.08597,2024-02-16 04:00:00+00:00,0.08633,signal_reverse,False,0.0833909,,False,100.0,1.0,100.0,100.0,1163.1964638827496,0.4187507269977889,0.3206281260904967,0.0,0.09812260090729225
p275,DOGEUSDT,-1,2024-02-16 05:00:00+00:00,0.08633,2024-02-16 05:00:00+00:00,0.08667,signal_reverse,False,0.08891990000000001,,False,100.0,1.0,100.0,100.0,1158.3458820803892,-0.3938375999073243,0.320590756399861,0.0,-0.7144283563071854
p276,DOGEUSDT,1,2024-02-16 06:00:00+00:00,0.08667,2024-02-16 06:00:00+00:00,0.08607,signal_reverse,False,0.0840699,,False,100.0,1.0,100.0,100.0,1153.8017768547363,-0.6922810661128456,0.3189615784008307,0.0,-1.0112426445136764
p277,DOGEUSDT,-1,2024-02-16 07:00:00+00:00,0.08607,2024-02-16 07:00:00+00:00,0.08521,signal_reverse,False,0.0886521,,False,100.0,1.0,100.0,100.0,1161.8450098756828,0.9991867084930868,0.3185012199372604,0.0,0.6806854885558264
p278,DOGEUSDT,1,2024-02-16 08:00:00+00:00,0.08521,2024-02-16 11:00:00+00:00,0.08636,signal_reverse,False,0.0826537,,False,100.0,1.0,100.0,100.0,1173.5711770918906,1.3496068536556884,0.32202441028048356,0.0,1.0275824433752048
p279,DOGEUSDT,-1,2024-02-16 12:00:00+00:00,0.08636,2024-02-16 12:00:00+00:00,0.08748,signal_reverse,False,0.08895080000000001,,False,100.0,1.0,100.0,100.0,1157.943492357573,-1.296896711440477,0.32194534506716077,0.0,-1.6188420565076378
p280,DOGEUSDT,1,2024-02-16 13:00:00+00:00,0.08748,2024-02-16 13:00:00+00:00,0.08702,signal_reverse,False,0.0848556,,False,100.0,1.0,100.0,100.0,1143.1184270690444,-0.5258344764517628,0.3192112482853224,0.0,-0.8450457247370853
p281,DOGEUSDT,-1,2024-02-16 14:00:00+00:00,0.08702,2024-02-16 14:00:00+00:00,0.08509,signal_reverse,False,0.0896306,,False,100.0,1.0,100.0,100.0,1149.1611123879568,2.217880946908758,0.31667317857963684,0.0,1.9012077683291213
p282,DOGEUSDT,1,2024-02-16 15:00:00+00:00,0.08509,2024-02-16 16:00:00+00:00,0.08552,signal_reverse,False,0.0825373,,False,100.0,1.0,100.0,100.0,1175.226231049477,0.5053472793512749,0.32075802091902694,0.0,0.18458925843224794
p283,DOGEUSDT,-1,2024-02-16 17:00:00+00:00,0.08552,2024-02-16 17:00:00+00:00,0.08529,signal_reverse,False,0.0880856,,False,100.0,1.0,100.0,100.0,1169.3171188026192,0.2689429373245955,0.3195965855940131,0.0,-0.050653648269417595
p284,DOGEUSDT,1,2024-02-16 18:00:00+00:00,0.08529,2024-02-16 19:00:00+00:00,0.08501,signal_reverse,False,0.08273130000000001,,False,100.0,1.0,100.0,100.0,1172.470395122523,-0.32829171063430934,0.31950756243404854,0.0,-0.6477992730683579
p285,DOGEUSDT,-1,2024-02-16 20:00:00+00:00,0.08501,2024-02-16 20:00:00+00:00,0.08533,signal_reverse,False,0.08756030000000001,,False,100.0,1.0,100.0,100.0,1176.3321962122102,-0.37642630278790823,0.32056463945418184,0.0,-0.6969909422420901
p286,DOGEUSDT,1,2024-02-16 21:00:00+00:00,0.08533,2024-02-16 21:00:00+00:00,0.08571,signal_reverse,False,0.0827701,,False,100.0,1.0,100.0,100.0,1171.9207781553966,0.4453298956990407,0.3206679948435486,0.0,0.12466190085549211
p287,DOGEUSDT,-1,2024-02-16 22:00:00+00:00,0.08571,2024-02-16 22:00:00+00:00,0.08559,signal_reverse,False,0.0882813,,False,100.0,1.0,100.0,100.0,1166.7250029168126,0.14000700035001182,0.319789989499475,0.0,-0.1797829891494632
p288,DOGEUSDT,1,2024-02-16 23:00:00+00:00,0.08559,2024-02-17 00:00:00+00:00,0.08591,signal_reverse,False,0.0830223,,False,100.0,1.0,100.0,100.0,1168.360789811894,0.37387545273980705,0.3205608131791097,0.0,0.05331463956069732
p289,DOGEUSDT,-1,2024-02-17 01:00:00+00:00,0.08591,2024-02-17 02:00:00+00:00,0.08484,signal_reverse,False,0.0884873,,False,100.0,1.0,100.0,100.0,1164.008846467233,1.2454894657199411,0.3181317658014201,0.0,0.927357699918521
p290,DOGEUSDT,1,2024-02-17 03:00:00+00:00,0.08484,2024-02-17 03:00:00+00:00,0.08518,signal_reverse,False,0.0822948,,False,100.0,1.0,100.0,100.0,1178.6892975011788,0.40075436115040897,0.32060113154172565,0.0,0.08015322960868332
p291,DOGEUSDT,-1,2024-02-17 04:00:00+00:00,0.08518,2024-02-17 04:00:00+00:00,0.08512,signal_reverse,False,0.0877354,,False,100.0,1.0,100.0,100.0,1173.984503404555,0.07043907020427857,0.31989434139469364,0.0,-0.24945527119041505
p292,DOGEUSDT,1,2024-02-17 05:00:00+00:00,0.08512,2024-02-17 07:00:00+00:00,0.08525,signal_reverse,False,0.0825664,,False,100.0,1.0,100.0,100.0,1174.812030075188,0.15272556390978045,0.32022908834586467,0.0,-0.1675035244360842
p293,DOGEUSDT,-1,2024-02-17 08:00:00+00:00,0.08525,2024-02-17 08:00:00+00:00,0.08464,signal_reverse,False,0.08780750000000001,,False,100.0,1.0,100.0,100.0,1173.0205278592375,0.7155425219941343,0.3189266862170088,0.0,0.39661583577712545
p294,DOGEUSDT,1,2024-02-17 09:00:00+00:00,0.08464,2024-02-17 12:00:00+00:00,0.08471,signal_reverse,False,0.0821008,,False,100.0,1.0,100.0,100.0,1181.4744801512286,0.08270321361057033,0.3201240548204159,0.0,-0.23742084120984558
p295,DOGEUSDT,-1,2024-02-17 13:00:00+00:00,0.08471,2024-02-17 13:00:00+00:00,0.08331,signal_reverse,False,0.08725129999999999,,False,100.0,1.0,100.0,100.0,1180.4981702278362,1.652697438318969,0.31752095384252155,0.0,1.3351764844764475
p296,DOGEUSDT,1,2024-02-17 14:00:00+00:00,0.08331,2024-02-17 15:00:00+00:00,0.08307,signal_reverse,False,0.0808107,,False,100.0,1.0,100.0,100.0,1200.33609410635,-0.28808066258551224,0.31956787900612177,0.0,-0.607648541591634
p297,DOGEUSDT,-1,2024-02-17 16:00:00+00:00,0.08307,2024-02-17 21:00:00+00:00,0.08387,signal_reverse,False,0.0855621,,False,100.0,1.0,100.0,100.0,1203.8040207054291,-0.9630432165643374,0.32144456482484657,0.0,-1.284487781389184
p298,DOGEUSDT,1,2024-02-17 22:00:00+00:00,0.08387,2024-02-17 23:00:00+00:00,0.0836,signal_reverse,False,0.0813539,,False,100.0,1.0,100.0,100.0,1192.3214498628831,-0.32192679146298603,0.31951710981280557,0.0,-0.6414439012757915
p299,DOGEUSDT,-1,2024-02-18 00:00:00+00:00,0.0836,2024-02-18 00:00:00+00:00,0.08358,signal_reverse,False,0.08610799999999999,,False,100.0,1.0,100.0,100.0,1196.1722488038279,0.02392344497606728,0.31996411483253595,0.0,-0.29604066985646865
p300,DOGEUSDT,1,2024-02-18 01:00:00+00:00,0.08358,2024-02-18 02:00:00+00:00,0.08322,signal_reverse,False,0.0810726,,False,100.0,1.0,100.0,100.0,1196.4584828906436,-0.43072505384063076,0.3193539124192391,0.0,-0.7500789662598699
p301,DOGEUSDT,-1,2024-02-18 03:00:00+00:00,0.08322,2024-02-18 03:00:00+00:00,0.08359,signal_reverse,False,0.0857166,,False,100.0,1.0,100.0,100.0,1201.6342225426579,-0.44460466234077783,0.32066690699351114,0.0,-0.765271569334289
p302,DOGEUSDT,1,2024-02-18 04:00:00+00:00,0.08359,2024-02-18 04:00:00+00:00,0.08378,signal_reverse,False,0.0810823,,False,100.0,1.0,100.0,100.0,1196.3153487259242,0.22729991625792048,0.3203409498743869,0.0,-0.0930410336164664
p303,DOGEUSDT,-1,2024-02-18 05:00:00+00:00,0.08378,2024-02-18 10:00:00+00:00,0.08411,signal_reverse,False,0.08629339999999999,,False,100.0,1.0,100.0,100.0,1193.6022917164003,-0.393888756266425,0.3205908331343997,0.0,-0.7144795894008247
p304,DOGEUSDT,1,2024-02-18 11:00:00+00:00,0.08411,2024-02-18 12:00:00+00:00,0.08362,signal_reverse,False,0.0815867,,False,100.0,1.0,100.0,100.0,1188.9192723814053,-0.5825704434668938,0.3191261443347997,0.0,-0.9016965878016935
p305,DOGEUSDT,-1,2024-02-18 13:00:00+00:00,0.08362,2024-02-18 13:00:00+00:00,0.08336,signal_reverse,False,0.0861286,,False,100.0,1.0,100.0,100.0,1195.886151638364,0.3109303994259703,0.31953360440086104,0.0,-0.008603204974890755
p306,DOGEUSDT,1,2024-02-18 14:00:00+00:00,0.08336,2024-02-18 14:00:00+00:00,0.08386,signal_reverse,False,0.0808592,,False,100.0,1.0,100.0,100.0,1199.6161228406909,0.5998080614203459,0.32089971209213053,0.0,0.2789083493282154
p307,DOGEUSDT,-1,2024-02-18 15:00:00+00:00,0.08386,2024-02-18 20:00:00+00:00,0.0849,signal_reverse,False,0.0863758,,False,100.0,1.0,100.0,100.0,1192.4636298592893,-1.24016217505366,0.32186024326258056,0.0,-1.5620224183162406
p308,DOGEUSDT,1,2024-02-18 21:00:00+00:00,0.0849,2024-02-18 22:00:00+00:00,0.08569,signal_reverse,False,0.08235300000000001,,False,100.0,1.0,100.0,100.0,1177.8563015312131,0.9305064782096573,0.3213957597173145,0.0,0.6091107184923428
p309,DOGEUSDT,-1,2024-02-18 23:00:00+00:00,0.08569,2024-02-18 23:00:00+00:00,0.08527,signal_reverse,False,0.0882607,,False,100.0,1.0,100.0,100.0,1166.9973159061733,0.4901388726805971,0.3192647916909791,0.0,0.17087408098961798
p310,DOGEUSDT,1,2024-02-19 00:00:00+00:00,0.08527,2024-02-19 00:00:00+00:00,0.08562,signal_reverse,False,0.0827119,,False,100.0,1.0,100.0,100.0,1172.745396974317,0.41046088894101457,0.32061569133341156,0.0,0.08984519760760301
p311,DOGEUSDT,-1,2024-02-19 01:00:00+00:00,0.08562,2024-02-19 02:00:00+00:00,0.08595,signal_reverse,False,0.0881886,,False,100.0,1.0,100.0,100.0,1167.95141322121,-0.38542396636299575,0.3205781359495445,0.0,-0.7060021023125402
p312,DOGEUSDT,1,2024-02-19 03:00:00+00:00,0.08595,2024-02-19 03:00:00+00:00,0.08624,signal_reverse,False,0.0833715,,False,100.0,1.0,100.0,100.0,1163.4671320535194,0.337405468295519,0.3205061082024433,0.0,0.016899360093075688
p313,DOGEUSDT,-1,2024-02-19 04:00:00+00:00,0.08624,2024-02-19 06:00:00+00:00,0.08626,signal_reverse,False,0.0888272,,False,100.0,1.0,100.0,100.0,1159.5547309833025,-0.023191094619673152,0.3200347866419295,0.0,-0.3432258812616027
p314,DOGEUSDT,1,2024-02-19 07:00:00+00:00,0.08626,2024-02-19 07:00:00+00:00,0.0867,signal_reverse,False,0.0836722,,False,100.0,1.0,100.0,100.0,1159.2858798979828,0.5100857871551078,0.3207651286807327,0.0,0.18932065847437507
p315,DOGEUSDT,-1,2024-02-19 08:00:00+00:00,0.0867,2024-02-19 09:00:00+00:00,0.08645,signal_reverse,False,0.089301,,False,100.0,1.0,100.0,100.0,1153.4025374855826,0.2883506343713959,0.31956747404844293,0.0,-0.031216839677047026
p316,DOGEUSDT,1,2024-02-19 10:00:00+00:00,0.08645,2024-02-19 10:00:00+00:00,0.08663,signal_reverse,False,0.0838565,,False,100.0,1.0,100.0,100.0,1156.737998843262,0.2082128397917867,0.3203123192596877,0.0,-0.11209947946790097
p317,DOGEUSDT,-1,2024-02-19 11:00:00+00:00,0.08663,2024-02-19 11:00:00+00:00,0.08667,signal_reverse,False,0.0892289,,False,100.0,1.0,100.0,100.0,1154.334526145677,-0.0461733810458252,0.3200692600715688,0.0,-0.36624264111739396
p318,DOGEUSDT,1,2024-02-19 12:00:00+00:00,0.08667,2024-02-19 12:00:00+00:00,0.08625,signal_reverse,False,0.0840699,,False,100.0,1.0,100.0,100.0,1153.8017768547363,-0.4845967462789935,0.3192731048805815,0.0,-0.803869851159575
p319,DOGEUSDT,-1,2024-02-19 13:00:00+00:00,0.08625,2024-02-19 14:00:00+00:00,0.08617,signal_reverse,False,0.08883749999999999,,False,100.0,1.0,100.0,100.0,1159.4202898550725,0.09275362318840202,0.3198608695652174,0.0,-0.2271072463768154
p320,DOGEUSDT,1,2024-02-19 15:00:00+00:00,0.08617,2024-02-19 15:00:00+00:00,0.08761,signal_reverse,False,0.08358489999999999,,False,100.0,1.0,100.0,100.0,1160.4966925844262,1.67111523732157,0.32250667285598233,0.0,1.3486085644655876
p321,DOGEUSDT,-1,2024-02-19 16:00:00+00:00,0.08761,2024-02-19 17:00:00+00:00,0.08865,signal_reverse,False,0.0902383,,False,100.0,1.0,100.0,100.0,1141.422212076247,-1.1870791005593118,0.321780618650839,0.0,-1.5088597192101507
p322,DOGEUSDT,1,2024-02-19 18:00:00+00:00,0.08865,2024-02-19 18:00:00+00:00,0.08786,signal_reverse,False,0.08599050000000001,,False,100.0,1.0,100.0,100.0,1128.0315848843766,-0.8911449520586721,0.318663282571912,0.0,-1.209808234630584
p323,DOGEUSDT,-1,2024-02-19 19:00:00+00:00,0.08786,2024-02-19 19:00:00+00:00,0.0892,signal_reverse,False,0.09049579999999999,,False,100.0,1.0,100.0,100.0,1138.1743683132256,-1.5251536535397312,0.3222877304803096,0.0,-1.8474413840200408
p324,DOGEUSDT,1,2024-02-19 20:00:00+00:00,0.0892,2024-02-19 20:00:00+00:00,0.08964,signal_reverse,False,0.086524,,False,100.0,1.0,100.0,100.0,1121.0762331838564,0.4932735426008923,0.3207399103139013,0.0,0.17253363228699098
p325,DOGEUSDT,-1,2024-02-19 21:00:00+00:00,0.08964,2024-02-19 21:00:00+00:00,0.08993,signal_reverse,False,0.0923292,,False,100.0,1.0,100.0,100.0,1115.5734047300314,-0.3235162873717075,0.32048527443105757,0.0,-0.644001561802765
p326,DOGEUSDT,1,2024-02-19 22:00:00+00:00,0.08993,2024-02-19 22:00:00+00:00,0.08969,signal_reverse,False,0.08723209999999999,,False,100.0,1.0,100.0,100.0,1111.9759813188036,-0.266874235516502,0.3195996886467253,0.0,-0.5864739241632273
p327,DOGEUSDT,-1,2024-02-19 23:00:00+00:00,0.08969,2024-02-19 23:00:00+00:00,0.08949,signal_reverse,False,0.09238070000000001,,False,100.0,1.0,100.0,100.0,1114.9514996097669,0.22299029992195976,0.3196655145501171,0.0,-0.09667521462815734
p328,DOGEUSDT,1,2024-02-20 00:00:00+00:00,0.08949,2024-02-20 01:00:00+00:00,0.08913,signal_reverse,False,0.0868053,,False,100.0,1.0,100.0,100.0,1117.443289753045,-0.40227958431109534,0.3193965806235334,0.0,-0.7216761649346287
p329,DOGEUSDT,-1,2024-02-20 02:00:00+00:00,0.08913,2024-02-20 02:00:00+00:00,0.08928,signal_reverse,False,0.0918039,,False,100.0,1.0,100.0,100.0,1121.9566924716705,-0.16829350387074762,0.3202524402558061,0.0,-0.4885459441265537
p330,DOGEUSDT,1,2024-02-20 03:00:00+00:00,0.08928,2024-02-20 05:00:00+00:00,0.08871,signal_reverse,False,0.0866016,,False,100.0,1.0,100.0,100.0,1120.0716845878137,-0.638440860215055,0.31904233870967746,0.0,-0.9574831989247324
p331,DOGEUSDT,-1,2024-02-20 06:00:00+00:00,0.08871,2024-02-20 08:00:00+00:00,0.0869,signal_reverse,False,0.0913713,,False,100.0,1.0,100.0,100.0,1127.2686281140795,2.040356216886475,0.3169394656746703,0.0,1.7234167512118048
p332,DOGEUSDT,1,2024-02-20 09:00:00+00:00,0.0869,2024-02-20 12:00:00+00:00,0.08681,signal_reverse,False,0.084293,,False,100.0,1.0,100.0,100.0,1150.7479861910242,-0.10356731875719993,0.31984464902186427,0.0,-0.4234119677790642
p333,DOGEUSDT,-1,2024-02-20 13:00:00+00:00,0.08681,2024-02-20 13:00:00+00:00,0.08806,signal_reverse,False,0.0894143,,False,100.0,1.0,100.0,100.0,1151.9410206197442,-1.4399262757746816,0.322159889413662,0.0,-1.7620861651883435
p334,DOGEUSDT,1,2024-02-20 14:00:00+00:00,0.08806,2024-02-20 14:00:00+00:00,0.0854182,initial_sl,False,0.0854182,,False,100.0,1.0,100.0,100.0,1135.5893708834885,-2.9999999999999996,0.3155,0.0,-3.3154999999999997
p335,DOGEUSDT,1,2024-02-20 15:00:00+00:00,0.08615,2024-02-20 15:00:00+00:00,0.0835655,initial_sl,False,0.0835655,,False,100.0,1.0,100.0,100.0,1160.7661056297156,-3.000000000000004,0.3155,0.0,-3.315500000000004
p336,DOGEUSDT,1,2024-02-20 16:00:00+00:00,0.08454,2024-02-20 17:00:00+00:00,0.08437,signal_reverse,False,0.0820038,,False,100.0,1.0,100.0,100.0,1182.8720132481665,-0.2010882422521924,0.31969836763662174,0.0,-0.5207866098888141
p337,DOGEUSDT,-1,2024-02-20 18:00:00+00:00,0.08437,2024-02-20 20:00:00+00:00,0.08544,signal_reverse,False,0.0869011,,False,100.0,1.0,100.0,100.0,1185.255422543558,-1.268223302121609,0.32190233495318243,0.0,-1.5901256370747914
p338,DOGEUSDT,1,2024-02-20 21:00:00+00:00,0.08544,2024-02-20 23:00:00+00:00,0.08617,signal_reverse,False,0.0828768,,False,100.0,1.0,100.0,100.0,1170.4119850187265,0.8544007490636639,0.3212816011235955,0.0,0.5331191479400684
p339,DOGEUSDT,-1,2024-02-21 00:00:00+00:00,0.08617,2024-02-21 00:00:00+00:00,0.08552,signal_reverse,False,0.0887551,,False,100.0,1.0,100.0,100.0,1160.4966925844262,0.7543228501798745,0.31886851572473024,0.0,0.4354543344551443
p340,DOGEUSDT,1,2024-02-21 01:00:00+00:00,0.08552,2024-02-21 01:00:00+00:00,0.0855,signal_reverse,False,0.0829544,,False,100.0,1.0,100.0,100.0,1169.3171188026192,-0.02338634237604332,0.319964920486436,0.0,-0.3433512628624793
p341,DOGEUSDT,-1,2024-02-21 02:00:00+00:00,0.0855,2024-02-21 02:00:00+00:00,0.0853,signal_reverse,False,0.088065,,False,100.0,1.0,100.0,100.0,1169.5906432748536,0.23391812865497744,0.31964912280701757,0.0,-0.08573099415204014
p342,DOGEUSDT,1,2024-02-21 03:00:00+00:00,0.0853,2024-02-21 08:00:00+00:00,0.08442,signal_reverse,False,0.082741,,False,100.0,1.0,100.0,100.0,1172.3329425556858,-1.0316529894490103,0.3184525205158265,0.0,-1.3501055099648367
p343,DOGEUSDT,-1,2024-02-21 09:00:00+00:00,0.08442,2024-02-21 09:00:00+00:00,0.08301,signal_reverse,False,0.08695259999999999,,False,100.0,1.0,100.0,100.0,1184.5534233593935,1.6702203269367384,0.3174946695095949,0.0,1.3527256574271436
p344,DOGEUSDT,1,2024-02-21 10:00:00+00:00,0.08301,2024-02-21 11:00:00+00:00,0.0832,signal_reverse,False,0.0805197,,False,100.0,1.0,100.0,100.0,1204.6741356463076,0.2288880857727933,0.32034333212865923,0.0,-0.09145524635586594
p345,DOGEUSDT,-1,2024-02-21 12:00:00+00:00,0.0832,2024-02-21 12:00:00+00:00,0.08387,signal_reverse,False,0.085696,,False,100.0,1.0,100.0,100.0,1201.923076923077,-0.8052884615384662,0.32120793269230774,0.0,-1.126496394230774
p346,DOGEUSDT,1,2024-02-21 13:00:00+00:00,0.08387,2024-02-21 13:00:00+00:00,0.08354,signal_reverse,False,0.0813539,,False,100.0,1.0,100.0,100.0,1192.3214498628831,-0.3934660784547478,0.3194098008823179,0.0,-0.7128758793370658
p347,DOGEUSDT,-1,2024-02-21 14:00:00+00:00,0.08354,2024-02-21 14:00:00+00:00,0.08307,signal_reverse,False,0.0860462,,False,100.0,1.0,100.0,100.0,1197.0313622216902,0.5626047402441923,0.31915609288963376,0.0,0.2434486473545585
p348,DOGEUSDT,1,2024-02-21 15:00:00+00:00,0.08307,2024-02-21 15:00:00+00:00,0.08345,signal_reverse,False,0.08057790000000001,,False,100.0,1.0,100.0,100.0,1203.8040207054291,0.4574455278680528,0.32068616829180213,0.0,0.13675935957625068
p349,DOGEUSDT,-1,2024-02-21 16:00:00+00:00,0.08345,2024-02-21 17:00:00+00:00,0.0828,signal_reverse,False,0.0859535,,False,100.0,1.0,100.0,100.0,1198.3223487118034,0.7789095266626695,0.31883163571000606,0.0,0.4600778909526635
p350,DOGEUSDT,1,2024-02-21 18:00:00+00:00,0.0828,2024-02-21 20:00:00+00:00,0.08322,signal_reverse,False,0.080316,,False,100.0,1.0,100.0,100.0,1207.729468599034,0.5072463768115987,0.32076086956521743,0.0,0.18648550724638124
p351,DOGEUSDT,-1,2024-02-21 21:00:00+00:00,0.08322,2024-02-21 21:00:00+00:00,0.08409,signal_reverse,False,0.0857166,,False,100.0,1.0,100.0,100.0,1201.6342225426579,-1.0454217736121072,0.32156813266041817,0.0,-1.3669899062725253
p352,DOGEUSDT,1,2024-02-21 22:00:00+00:00,0.08409,2024-02-21 22:00:00+00:00,0.08437,signal_reverse,False,0.0815673,,False,100.0,1.0,100.0,100.0,1189.2020454275182,0.33297657271970804,0.32049946485907965,0.0,0.01247710786062839
p353,DOGEUSDT,-1,2024-02-21 23:00:00+00:00,0.08437,2024-02-22 01:00:00+00:00,0.08316,signal_reverse,False,0.0869011,,False,100.0,1.0,100.0,100.0,1185.255422543558,1.4341590612777086,0.3178487614080835,0.0,1.116310299869625
p354,DOGEUSDT,1,2024-02-22 02:00:00+00:00,0.08316,2024-02-22 03:00:00+00:00,0.08394,signal_reverse,False,0.08066519999999999,,False,100.0,1.0,100.0,100.0,1202.5012025012024,0.9379509379509414,0.3214069264069265,0.0,0.616544011544015
p355,DOGEUSDT,-1,2024-02-22 04:00:00+00:00,0.08394,2024-02-22 04:00:00+00:00,0.08386,signal_reverse,False,0.0864582,,False,100.0,1.0,100.0,100.0,1191.3271384322136,0.0953061710745732,0.31985704074338817,0.0,-0.22455086966881496
p356,DOGEUSDT,1,2024-02-22 05:00:00+00:00,0.08386,2024-02-22 06:00:00+00:00,0.08476,signal_reverse,False,0.0813442,,False,100.0,1.0,100.0,100.0,1192.4636298592893,1.073217266873358,0.32160982590031006,0.0,0.7516074409730479
p357,DOGEUSDT,-1,2024-02-22 07:00:00+00:00,0.08476,2024-02-22 12:00:00+00:00,0.08475,signal_reverse,False,0.0873028,,False,100.0,1.0,100.0,100.0,1179.801793298726,0.011798017932982685,0.31998230297310054,0.0,-0.30818428504011786
p358,DOGEUSDT,1,2024-02-22 13:00:00+00:00,0.08475,2024-02-22 13:00:00+00:00,0.08406,signal_reverse,False,0.0822075,,False,100.0,1.0,100.0,100.0,1179.9410029498524,-0.81415929203541,0.31877876106194686,0.0,-1.132938053097357
p359,DOGEUSDT,-1,2024-02-22 14:00:00+00:00,0.08406,2024-02-22 14:00:00+00:00,0.0845,signal_reverse,False,0.0865818,,False,100.0,1.0,100.0,100.0,1189.6264572924104,-0.5234356412086723,0.320785153461813,0.0,-0.8442207946704853
p360,DOGEUSDT,1,2024-02-22 15:00:00+00:00,0.0845,2024-02-22 15:00:00+00:00,0.08496,signal_reverse,False,0.08196500000000001,,False,100.0,1.0,100.0,100.0,1183.4319526627219,0.5443786982248381,0.32081656804733727,0.0,0.22356213017750082
p361,DOGEUSDT,-1,2024-02-22 16:00:00+00:00,0.08496,2024-02-22 17:00:00+00:00,0.08491,signal_reverse,False,0.0875088,,False,100.0,1.0,100.0,100.0,1177.0244821092278,0.05885122410545491,0.3199117231638418,0.0,-0.2610604990583869
p362,DOGEUSDT,1,2024-02-22 18:00:00+00:00,0.08491,2024-02-22 18:00:00+00:00,0.08517,signal_reverse,False,0.0823627,,False,100.0,1.0,100.0,100.0,1177.717583323519,0.30620657166411064,0.3204593098574962,0.0,-0.014252738193385572
p363,DOGEUSDT,-1,2024-02-22 19:00:00+00:00,0.08517,2024-02-22 20:00:00+00:00,0.08552,signal_reverse,False,0.0877251,,False,100.0,1.0,100.0,100.0,1174.1223435481977,-0.41094282024187284,0.32061641423036286,0.0,-0.7315592344722357
p364,DOGEUSDT,1,2024-02-22 21:00:00+00:00,0.08552,2024-02-22 21:00:00+00:00,0.0851,signal_reverse,False,0.0829544,,False,100.0,1.0,100.0,100.0,1169.3171188026192,-0.4911131898971044,0.3192633302151544,0.0,-0.8103765201122588
p365,DOGEUSDT,-1,2024-02-22 22:00:00+00:00,0.0851,2024-02-22 22:00:00+00:00,0.08476,signal_reverse,False,0.087653,,False,100.0,1.0,100.0,100.0,1175.0881316098707,0.3995299647473479,0.319400705052879,0.0,0.08012925969446894
p366,DOGEUSDT,1,2024-02-22 23:00:00+00:00,0.08476,2024-02-23 01:00:00+00:00,0.08424,signal_reverse,False,0.0822172,,False,100.0,1.0,100.0,100.0,1179.801793298726,-0.6134969325153452,0.319079754601227,0.0,-0.9325766871165722
p367,DOGEUSDT,-1,2024-02-23 02:00:00+00:00,0.08424,2024-02-23 02:00:00+00:00,0.08377,signal_reverse,False,0.08676719999999999,,False,100.0,1.0,100.0,100.0,1187.0845204178538,0.5579297245963891,0.31916310541310544,0.0,0.23876661918328368
p368,DOGEUSDT,1,2024-02-23 03:00:00+00:00,0.08377,2024-02-23 04:00:00+00:00,0.08403,signal_reverse,False,0.08125689999999999,,False,100.0,1.0,100.0,100.0,1193.744777366599,0.3103736421153114,0.320465560463173,0.0,-0.010091918347861606
p369,DOGEUSDT,-1,2024-02-23 05:00:00+00:00,0.08403,2024-02-23 08:00:00+00:00,0.08321,signal_reverse,False,0.08655089999999999,,False,100.0,1.0,100.0,100.0,1190.0511722004046,0.9758419612043168,0.31853623705819356,0.0,0.6573057241461232
p370,DOGEUSDT,1,2024-02-23 09:00:00+00:00,0.08321,2024-02-23 09:00:00+00:00,0.08358,signal_reverse,False,0.0807137,,False,100.0,1.0,100.0,100.0,1201.7786323759162,0.4446580939790834,0.32066698714096864,0.0,0.12399110683811476
p371,DOGEUSDT,-1,2024-02-23 10:00:00+00:00,0.08358,2024-02-23 13:00:00+00:00,0.08385,signal_reverse,False,0.08608740000000001,,False,100.0,1.0,100.0,100.0,1196.4584828906436,-0.32304379038046477,0.3204845656855707,0.0,-0.6435283560660354
p372,DOGEUSDT,1,2024-02-23 14:00:00+00:00,0.08385,2024-02-23 14:00:00+00:00,0.0846,signal_reverse,False,0.08133449999999999,,False,100.0,1.0,100.0,100.0,1192.6058437686345,0.8944543828264767,0.32134168157423976,0.0,0.573112701252237
p373,DOGEUSDT,-1,2024-02-23 15:00:00+00:00,0.0846,2024-02-23 18:00:00+00:00,0.08509,signal_reverse,False,0.087138,,False,100.0,1.0,100.0,100.0,1182.033096926714,-0.579196217494095,0.32086879432624116,0.0,-0.9000650118203362
p374,DOGEUSDT,1,2024-02-23 19:00:00+00:00,0.08509,2024-02-23 20:00:00+00:00,0.08548,signal_reverse,False,0.0825373,,False,100.0,1.0,100.0,100.0,1175.226231049477,0.45833823010929775,0.320687507345164,0.0,0.13765072276413376
p375,DOGEUSDT,-1,2024-02-23 21:00:00+00:00,0.08548,2024-02-23 21:00:00+00:00,0.08501,signal_reverse,False,0.0880444,,False,100.0,1.0,100.0,100.0,1169.864295741694,0.549836218998594,0.31917524567150213,0.0,0.2306609733270919
p376,DOGEUSDT,1,2024-02-23 22:00:00+00:00,0.08501,2024-02-24 00:00:00+00:00,0.08508,signal_reverse,False,0.0824597,,False,100.0,1.0,100.0,100.0,1176.3321962122102,0.08234325373485545,0.3201235148806023,0.0,-0.23778026114574685
p377,DOGEUSDT,-1,2024-02-24 01:00:00+00:00,0.08508,2024-02-24 02:00:00+00:00,0.08477,signal_reverse,False,0.0876324,,False,100.0,1.0,100.0,100.0,1175.3643629525152,0.3643629525152853,0.31945345557122706,0.0,0.044909496944058214
p378,DOGEUSDT,1,2024-02-24 03:00:00+00:00,0.08477,2024-02-24 04:00:00+00:00,0.08522,signal_reverse,False,0.08222689999999999,,False,100.0,1.0,100.0,100.0,1179.6626164916834,0.5308481774212646,0.32079627226613194,0.0,0.2100519051551326
p379,DOGEUSDT,-1,2024-02-24 05:00:00+00:00,0.08522,2024-02-24 09:00:00+00:00,0.0853,signal_reverse,False,0.08777660000000001,,False,100.0,1.0,100.0,100.0,1173.4334663224595,-0.09387467730579294,0.32014081201595873,0.0,-0.4140154893217517
p380,DOGEUSDT,1,2024-02-24 10:00:00+00:00,0.0853,2024-02-24 10:00:00+00:00,0.0851,signal_reverse,False,0.082741,,False,100.0,1.0,100.0,100.0,1172.3329425556858,-0.23446658851114388,0.31964830011723333,0.0,-0.5541148886283772
p381,DOGEUSDT,-1,2024-02-24 11:00:00+00:00,0.0851,2024-02-24 15:00:00+00:00,0.08581,signal_reverse,False,0.087653,,False,100.0,1.0,100.0,100.0,1175.0881316098707,-0.8343125734430109,0.32125146886016454,0.0,-1.1555640423031754
p382,DOGEUSDT,1,2024-02-24 16:00:00+00:00,0.08581,2024-02-24 16:00:00+00:00,0.0861,signal_reverse,False,0.0832357,,False,100.0,1.0,100.0,100.0,1165.365342034728,0.3379559491900695,0.3205069339237851,0.0,0.017449015266284396
p383,DOGEUSDT,-1,2024-02-24 17:00:00+00:00,0.0861,2024-02-24 17:00:00+00:00,0.08618,signal_reverse,False,0.088683,,False,100.0,1.0,100.0,100.0,1161.4401858304298,-0.09291521486644672,0.32013937282229965,0.0,-0.41305458768874637
p384,DOGEUSDT,1,2024-02-24 18:00:00+00:00,0.08618,2024-02-24 18:00:00+00:00,0.08606,signal_reverse,False,0.0835946,,False,100.0,1.0,100.0,100.0,1160.3620329542816,-0.13924344395452423,0.3197911348340682,0.0,-0.45903457878859244
p385,DOGEUSDT,-1,2024-02-24 19:00:00+00:00,0.08606,2024-02-24 19:00:00+00:00,0.08589,signal_reverse,False,0.08864179999999999,,False,100.0,1.0,100.0,100.0,1161.9800139437602,0.1975366023704433,0.31970369509644436,0.0,-0.12216709272600107
p386,DOGEUSDT,1,2024-02-24 20:00:00+00:00,0.08589,2024-02-24 21:00:00+00:00,0.08599,signal_reverse,False,0.08331329999999999,,False,100.0,1.0,100.0,100.0,1164.2798928862499,0.11642798928862833,0.320174641983933,0.0,-0.20374665269530465
p387,DOGEUSDT,-1,2024-02-24 22:00:00+00:00,0.08599,2024-02-24 22:00:00+00:00,0.08615,signal_reverse,False,0.0885697,,False,100.0,1.0,100.0,100.0,1162.925921618793,-0.18606814745901543,0.32027910222118855,0.0,-0.506347249680204
p388,DOGEUSDT,1,2024-02-24 23:00:00+00:00,0.08615,2024-02-24 23:00:00+00:00,0.08621,signal_reverse,False,0.0835655,,False,100.0,1.0,100.0,100.0,1160.7661056297156,0.06964596633777205,0.3201044689495067,0.0,-0.2504585026117347
p389,DOGEUSDT,-1,2024-02-25 00:00:00+00:00,0.08621,2024-02-25 01:00:00+00:00,0.08605,signal_reverse,False,0.0887963,,False,100.0,1.0,100.0,100.0,1159.958241503306,0.1855933186405214,0.31972161002203925,0.0,-0.13412829138151786
p390,DOGEUSDT,1,2024-02-25 02:00:00+00:00,0.08605,2024-02-25 02:00:00+00:00,0.08591,signal_reverse,False,0.0834685,,False,100.0,1.0,100.0,100.0,1162.1150493898897,-0.162696106914586,0.3197559558396282,0.0,-0.48245206275421415
p391,DOGEUSDT,-1,2024-02-25 03:00:00+00:00,0.08591,2024-02-25 03:00:00+00:00,0.08626,signal_reverse,False,0.0884873,,False,100.0,1.0,100.0,100.0,1164.008846467233,-0.40740309626353516,0.3206111046443953,0.0,-0.7280142009079305
p392,DOGEUSDT,1,2024-02-25 04:00:00+00:00,0.08626,2024-02-25 07:00:00+00:00,0.08605,signal_reverse,False,0.0836722,,False,100.0,1.0,100.0,100.0,1159.2858798979828,-0.24345003477857854,0.3196348249478322,0.0,-0.5630848597264108
p393,DOGEUSDT,-1,2024-02-25 08:00:00+00:00,0.08605,2024-02-25 08:00:00+00:00,0.08603,signal_reverse,False,0.0886315,,False,100.0,1.0,100.0,100.0,1162.1150493898897,0.02324230098780491,0.3199651365485183,0.0,-0.29672283556071344
p394,DOGEUSDT,1,2024-02-25 09:00:00+00:00,0.08603,2024-02-25 10:00:00+00:00,0.08604,signal_reverse,False,0.0834491,,False,100.0,1.0,100.0,100.0,1162.3852144600721,0.011623852144612347,0.3200174357782169,0.0,-0.30839358363360453
p395,DOGEUSDT,-1,2024-02-25 11:00:00+00:00,0.08604,2024-02-25 13:00:00+00:00,0.08626,signal_reverse,False,0.08862120000000001,,False,100.0,1.0,100.0,100.0,1162.2501162250117,-0.2556950255695002,0.32038354253835427,0.0,-0.5760785681078544
p396,DOGEUSDT,1,2024-02-25 14:00:00+00:00,0.08626,2024-02-25 15:00:00+00:00,0.08637,signal_reverse,False,0.0836722,,False,100.0,1.0,100.0,100.0,1159.2858798979828,0.12752144678877694,0.3201912821701832,0.0,-0.19266983538140628
p397,DOGEUSDT,-1,2024-02-25 16:00:00+00:00,0.08637,2024-02-25 16:00:00+00:00,0.08624,signal_reverse,False,0.0889611,,False,100.0,1.0,100.0,100.0,1157.809424568716,0.15051522519393898,0.3197742271622091,0.0,-0.16925900196827012
p398,DOGEUSDT,1,2024-02-25 17:00:00+00:00,0.08624,2024-02-25 18:00:00+00:00,0.08633,signal_reverse,False,0.0836528,,False,100.0,1.0,100.0,100.0,1159.5547309833025,0.10435992578850505,0.32015653988868276,0.0,-0.2157966141001777
p399,DOGEUSDT,-1,2024-02-25 19:00:00+00:00,0.08633,2024-02-25 23:00:00+00:00,0.0862,signal_reverse,False,0.08891990000000001,,False,100.0,1.0,100.0,100.0,1158.3458820803892,0.1505849646704565,0.3197741225529943,0.0,-0.1691891578825378
p400,DOGEUSDT,1,2024-02-26 00:00:00+00:00,0.0862,2024-02-26 00:00:00+00:00,0.08608,signal_reverse,False,0.083614,,False,100.0,1.0,100.0,100.0,1160.092807424594,-0.1392111368909456,0.31979118329466355,0.0,-0.45900232018560916
p401,DOGEUSDT,-1,2024-02-26 01:00:00+00:00,0.08608,2024-02-26 01:00:00+00:00,0.08557,signal_reverse,False,0.0886624,,False,100.0,1.0,100.0,100.0,1161.710037174721,0.5924721189591199,0.31911129182156134,0.0,0.27336082713755855
p402,DOGEUSDT,1,2024-02-26 02:00:00+00:00,0.08557,2024-02-26 04:00:00+00:00,0.08556,signal_reverse,False,0.08300289999999999,,False,100.0,1.0,100.0,100.0,1168.633867009466,-0.01168633867009013,0.31998247049199485,0.0,-0.33166880916208497
p403,DOGEUSDT,-1,2024-02-26 05:00:00+00:00,0.08556,2024-02-26 05:00:00+00:00,0.08584,signal_reverse,False,0.08812679999999999,,False,100.0,1.0,100.0,100.0,1168.770453482936,-0.327255726975225,0.32049088359046285,0.0,-0.6477466105656878
p404,DOGEUSDT,1,2024-02-26 06:00:00+00:00,0.08584,2024-02-26 07:00:00+00:00,0.0856,signal_reverse,False,0.0832648,,False,100.0,1.0,100.0,100.0,1164.9580615097857,-0.27958993476235333,0.3195806150978565,0.0,-0.5991705498602098
p405,DOGEUSDT,-1,2024-02-26 08:00:00+00:00,0.0856,2024-02-26 10:00:00+00:00,0.08477,signal_reverse,False,0.088168,,False,100.0,1.0,100.0,100.0,1168.2242990654206,0.969626168224296,0.3185455607476636,0.0,0.6510806074766324
p406,DOGEUSDT,1,2024-02-26 11:00:00+00:00,0.08477,2024-02-26 11:00:00+00:00,0.08468,signal_reverse,False,0.08222689999999999,,False,100.0,1.0,100.0,100.0,1179.6626164916834,-0.10616963548424309,0.3198407455467736,0.0,-0.4260103810310167
p407,DOGEUSDT,-1,2024-02-26 12:00:00+00:00,0.08468,2024-02-26 14:00:00+00:00,0.08575,signal_reverse,False,0.0872204,,False,100.0,1.0,100.0,100.0,1180.9163911195087,-1.2635805384978762,0.3218953708077469,0.0,-1.585475909305623
p408,DOGEUSDT,1,2024-02-26 15:00:00+00:00,0.08575,2024-02-26 16:00:00+00:00,0.08731,signal_reverse,False,0.0831775,,False,100.0,1.0,100.0,100.0,1166.1807580174925,1.819241982507279,0.3227288629737609,0.0,1.496513119533518
p409,DOGEUSDT,-1,2024-02-26 17:00:00+00:00,0.08731,2024-02-26 17:00:00+00:00,0.08744,signal_reverse,False,0.0899293,,False,100.0,1.0,100.0,100.0,1145.3441759248653,-0.14889474287023835,0.32022334211430536,0.0,-0.4691180849845437
p410,DOGEUSDT,1,2024-02-26 18:00:00+00:00,0.08744,2024-02-26 19:00:00+00:00,0.08891,signal_reverse,False,0.0848168,,False,100.0,1.0,100.0,100.0,1143.6413540713631,1.6811527904849028,0.3225217291857274,0.0,1.3586310612991754
p411,DOGEUSDT,-1,2024-02-26 20:00:00+00:00,0.08891,2024-02-26 21:00:00+00:00,0.08883,signal_reverse,False,0.0915773,,False,100.0,1.0,100.0,100.0,1124.7328759419638,0.08997863007535344,0.319865032054887,0.0,-0.22988640197953353
p412,DOGEUSDT,1,2024-02-26 22:00:00+00:00,0.08883,2024-02-26 22:00:00+00:00,0.08902,signal_reverse,False,0.08616510000000001,,False,100.0,1.0,100.0,100.0,1125.7458065968704,0.21389170325340057,0.32032083755488017,0.0,-0.1064291343014796
p413,DOGEUSDT,-1,2024-02-26 23:00:00+00:00,0.08902,2024-02-26 23:00:00+00:00,0.08937,signal_reverse,False,0.0916906,,False,100.0,1.0,100.0,100.0,1123.3430689732645,-0.39317007414064603,0.32058975511121096,0.0,-0.713759829251857
p414,DOGEUSDT,1,2024-02-27 00:00:00+00:00,0.08937,2024-02-27 00:00:00+00:00,0.08876,signal_reverse,False,0.0866889,,False,100.0,1.0,100.0,100.0,1118.9437171310283,-0.6825556674499266,0.31897616649882515,0.0,-1.0015318339487518
p415,DOGEUSDT,-1,2024-02-27 01:00:00+00:00,0.08876,2024-02-27 01:00:00+00:00,0.08951,signal_reverse,False,0.0914228,,False,100.0,1.0,100.0,100.0,1126.6336187471834,-0.8449752140603883,0.32126746282109064,0.0,-1.1662426768814789
p416,DOGEUSDT,1,2024-02-27 02:00:00+00:00,0.08951,2024-02-27 03:00:00+00:00,0.08938,signal_reverse,False,0.0868247,,False,100.0,1.0,100.0,100.0,1117.1936096525528,-0.14523516925483757,0.31978214724611775,0.0,-0.46501731650095535
p417,DOGEUSDT,-1,2024-02-27 04:00:00+00:00,0.08938,2024-02-27 04:00:00+00:00,0.08992,signal_reverse,False,0.0920614,,False,100.0,1.0,100.0,100.0,1118.8185276348177,-0.6041620049228003,0.32090624300738424,0.0,-0.9250682479301845
p418,DOGEUSDT,1,2024-02-27 05:00:00+00:00,0.08992,2024-02-27 05:00:00+00:00,0.09086,signal_reverse,False,0.0872224,,False,100.0,1.0,100.0,100.0,1112.0996441281138,1.0453736654804229,0.3215680604982206,0.0,0.7238056049822023
p419,DOGEUSDT,-1,2024-02-27 06:00:00+00:00,0.09086,2024-02-27 09:00:00+00:00,0.0935858,initial_sl,False,0.0935858,,False,100.0,1.0,100.0,100.0,1100.594320933304,-3.000000000000001,0.3245,0.0,-3.324500000000001
p420,DOGEUSDT,-1,2024-02-27 10:00:00+00:00,0.09572,2024-02-27 12:00:00+00:00,0.09456,signal_reverse,False,0.0985916,,False,100.0,1.0,100.0,100.0,1044.7137484329294,1.2118679481821921,0.31818219807772674,0.0,0.8936857501044654
p421,DOGEUSDT,1,2024-02-27 13:00:00+00:00,0.09456,2024-02-27 13:00:00+00:00,0.09806,signal_reverse,False,0.0917232,,False,100.0,1.0,100.0,100.0,1057.5296108291031,3.7013536379018497,0.3255520304568528,0.0,3.375801607444997
p422,DOGEUSDT,-1,2024-02-27 14:00:00+00:00,0.09806,2024-02-27 15:00:00+00:00,0.09601,signal_reverse,False,0.10100179999999999,,False,100.0,1.0,100.0,100.0,1019.7838058331635,2.090556801957981,0.3168641647970631,0.0,1.773692637160918
p423,DOGEUSDT,1,2024-02-27 16:00:00+00:00,0.09601,2024-02-27 19:00:00+00:00,0.09889,signal_reverse,False,0.0931297,,False,100.0,1.0,100.0,100.0,1041.5581710238516,2.9996875325487005,0.3244995312988231,0.0,2.6751880012498774
p424,DOGEUSDT,-1,2024-02-27 20:00:00+00:00,0.09889,2024-02-28 00:00:00+00:00,0.09771,signal_reverse,False,0.10185670000000001,,False,100.0,1.0,100.0,100.0,1011.2245929821013,1.19324501971888,0.31821013247042174,0.0,0.8750348872484582
p425,DOGEUSDT,1,2024-02-28 01:00:00+00:00,0.09771,2024-02-28 01:00:00+00:00,0.09634,signal_reverse,False,0.09477870000000001,,False,100.0,1.0,100.0,100.0,1023.4367004400777,-1.402108279602917,0.31789683758059567,0.0,-1.7200051171835127
p426,DOGEUSDT,-1,2024-02-28 02:00:00+00:00,0.09634,2024-02-28 02:00:00+00:00,0.09607,signal_reverse,False,0.09923019999999999,,False,100.0,1.0,100.0,100.0,1037.9904504878555,0.28025742163171313,0.3195796138675524,0.0,-0.03932219223583927
p427,DOGEUSDT,1,2024-02-28 03:00:00+00:00,0.09607,2024-02-28 04:00:00+00:00,0.09579,signal_reverse,False,0.0931879,,False,100.0,1.0,100.0,100.0,1040.9076714895389,-0.2914541480170735,0.31956281877797443,0.0,-0.6110169667950479
p428,DOGEUSDT,-1,2024-02-28 05:00:00+00:00,0.09579,2024-02-28 07:00:00+00:00,0.09697,signal_reverse,False,0.0986637,,False,100.0,1.0,100.0,100.0,1043.950307965341,-1.231861363399103,0.32184779204509867,0.0,-1.5537091554442015
p429,DOGEUSDT,1,2024-02-28 08:00:00+00:00,0.09697,2024-02-28 08:00:00+00:00,0.10014,signal_reverse,False,0.0940609,,False,100.0,1.0,100.0,100.0,1031.2467773538208,3.269052284211618,0.32490357842631745,0.0,2.9441487057853006
p430,DOGEUSDT,-1,2024-02-28 09:00:00+00:00,0.10014,2024-02-28 10:00:00+00:00,0.10082,signal_reverse,False,0.1031442,,False,100.0,1.0,100.0,100.0,998.6019572598361,-0.6790493309366886,0.321018573996405,0.0,-1.0000679049330936
p431,DOGEUSDT,1,2024-02-28 11:00:00+00:00,0.10082,2024-02-28 11:00:00+00:00,0.0977954,initial_sl,False,0.0977954,,False,100.0,1.0,100.0,100.0,991.866693116445,-3.0000000000000018,0.3155,0.0,-3.315500000000002
p432,DOGEUSDT,-1,2024-02-28 12:00:00+00:00,0.09748,2024-02-28 12:00:00+00:00,0.09851,signal_reverse,False,0.10040439999999999,,False,100.0,1.0,100.0,100.0,1025.8514567090685,-1.0566270004103437,0.3215849405006156,0.0,-1.3782119409109592
p433,DOGEUSDT,1,2024-02-28 13:00:00+00:00,0.09851,2024-02-28 13:00:00+00:00,0.09914,signal_reverse,False,0.0955547,,False,100.0,1.0,100.0,100.0,1015.1253679829459,0.6395289818292615,0.32095929347274393,0.0,0.3185696883565176
p434,DOGEUSDT,-1,2024-02-28 14:00:00+00:00,0.09914,2024-02-28 14:00:00+00:00,0.09951,signal_reverse,False,0.1021142,,False,100.0,1.0,100.0,100.0,1008.6746015735323,-0.37320960258220226,0.3205598144038733,0.0,-0.6937694169860755
p435,DOGEUSDT,1,2024-02-28 15:00:00+00:00,0.09951,2024-02-28 16:00:00+00:00,0.11895,signal_reverse,False,0.0965247,,False,100.0,1.0,100.0,100.0,1004.9241282283188,19.535725052758515,0.3493035875791378,0.0,19.18642146517938
p436,DOGEUSDT,-1,2024-02-28 17:00:00+00:00,0.11895,2024-02-28 17:00:00+00:00,0.1225185,initial_sl,False,0.1225185,,False,100.0,1.0,100.0,100.0,840.6893652795292,-3.0000000000000018,0.3245,0.0,-3.324500000000002
p437,DOGEUSDT,-1,2024-02-28 18:00:00+00:00,0.10977,2024-02-28 18:00:00+00:00,0.10941,signal_reverse,False,0.1130631,,False,100.0,1.0,100.0,100.0,910.9957183201238,0.3279584585952565,0.31950806231210716,0.0,0.008450396283149364
p438,DOGEUSDT,1,2024-02-28 19:00:00+00:00,0.10941,2024-02-28 19:00:00+00:00,0.11328,signal_reverse,False,0.10612769999999999,,False,100.0,1.0,100.0,100.0,913.9932364500503,3.537153825061706,0.32530573073759256,0.0,3.2118480943241137
p439,DOGEUSDT,-1,2024-02-28 20:00:00+00:00,0.11328,2024-02-28 22:00:00+00:00,0.1166784,initial_sl,False,0.1166784,,False,100.0,1.0,100.0,100.0,882.7683615819209,-2.9999999999999964,0.3245,0.0,-3.3244999999999965
p440,DOGEUSDT,-1,2024-02-28 23:00:00+00:00,0.1161,2024-02-28 23:00:00+00:00,0.119583,initial_sl,False,0.119583,,False,100.0,1.0,100.0,100.0,861.3264427217916,-3.0000000000000004,0.3245,0.0,-3.3245000000000005
p441,DOGEUSDT,-1,2024-02-29 00:00:00+00:00,0.11606,2024-02-29 02:00:00+00:00,0.113,signal_reverse,False,0.11954179999999999,,False,100.0,1.0,100.0,100.0,861.6232982939858,2.6365672927795907,0.3160451490608306,0.0,2.32052214371876
p442,DOGEUSDT,1,2024-02-29 03:00:00+00:00,0.113,2024-02-29 04:00:00+00:00,0.12836,signal_reverse,False,0.10961,,False,100.0,1.0,100.0,100.0,884.9557522123894,13.592920353982299,0.34038938053097345,0.0,13.252530973451325
p443,DOGEUSDT,-1,2024-02-29 05:00:00+00:00,0.12836,2024-02-29 06:00:00+00:00,0.1322108,initial_sl,False,0.1322108,,False,100.0,1.0,100.0,100.0,779.0588968526021,-2.9999999999999902,0.3245,0.0,-3.3244999999999902
p444,DOGEUSDT,-1,2024-02-29 07:00:00+00:00,0.13295,2024-02-29 07:00:00+00:00,0.12833,signal_reverse,False,0.13693850000000002,,False,100.0,1.0,100.0,100.0,752.162467092892,3.474990597969171,0.31478751410304623,0.0,3.160203083866125
p445,DOGEUSDT,1,2024-02-29 08:00:00+00:00,0.12833,2024-02-29 09:00:00+00:00,0.12765,signal_reverse,False,0.1244801,,False,100.0,1.0,100.0,100.0,779.2410192472532,-0.5298838930881214,0.31920517416036787,0.0,-0.8490890672484893
p446,DOGEUSDT,-1,2024-02-29 10:00:00+00:00,0.12765,2024-02-29 12:00:00+00:00,0.13147950000000003,initial_sl,False,0.13147950000000003,,False,100.0,1.0,100.0,100.0,783.3920877399138,-3.00000000000001,0.3245,0.0,-3.3245000000000102
p447,DOGEUSDT,-1,2024-02-29 13:00:00+00:00,0.12667,2024-02-29 13:00:00+00:00,0.12971,signal_reverse,False,0.1304701,,False,100.0,1.0,100.0,100.0,789.4529091339701,-2.399936843767259,0.3235999052656509,0.0,-2.72353674903291
p448,DOGEUSDT,1,2024-02-29 14:00:00+00:00,0.12971,2024-02-29 14:00:00+00:00,0.12938,signal_reverse,False,0.1258187,,False,100.0,1.0,100.0,100.0,770.9505820676895,-0.2544136920823352,0.3196183794618765,0.0,-0.5740320715442118
p449,DOGEUSDT,-1,2024-02-29 15:00:00+00:00,0.12938,2024-02-29 15:00:00+00:00,0.1332614,initial_sl,False,0.1332614,,False,100.0,1.0,100.0,100.0,772.916988715412,-3.0000000000000058,0.3245,0.0,-3.324500000000006
p450,DOGEUSDT,-1,2024-02-29 16:00:00+00:00,0.13438,2024-02-29 18:00:00+00:00,0.12521,signal_reverse,False,0.1384114,,False,100.0,1.0,100.0,100.0,744.158356898348,6.823932132757859,0.3097641018008632,0.0,6.514168030956996
p451,DOGEUSDT,1,2024-02-29 19:00:00+00:00,0.12521,2024-02-29 21:00:00+00:00,0.12145369999999998,initial_sl,False,0.12145369999999998,,False,100.0,1.0,100.0,100.0,798.6582541330565,-3.0000000000000036,0.3155,0.0,-3.3155000000000037
p452,DOGEUSDT,-1,2024-02-29 22:00:00+00:00,0.12061,2024-02-29 22:00:00+00:00,0.11668,signal_reverse,False,0.1242283,,False,100.0,1.0,100.0,100.0,829.1186468783683,3.2584362822319783,0.315112345576652,0.0,2.943323936655326
p453,DOGEUSDT,1,2024-02-29 23:00:00+00:00,0.11668,2024-03-01 03:00:00+00:00,0.11973,signal_reverse,False,0.1131796,,False,100.0,1.0,100.0,100.0,857.0449091532396,2.6139869729173784,0.32392098045937606,0.0,2.2900659924580022
p454,DOGEUSDT,-1,2024-03-01 04:00:00+00:00,0.11973,2024-03-01 04:00:00+00:00,0.12162,signal_reverse,False,0.1233219,,False,100.0,1.0,100.0,100.0,835.2125615969264,-1.5785517414181933,0.3223678276121273,0.0,-1.9009195690303207
p455,DOGEUSDT,1,2024-03-01 05:00:00+00:00,0.12162,2024-03-01 06:00:00+00:00,0.12102,signal_reverse,False,0.1179714,,False,100.0,1.0,100.0,100.0,822.2331853313599,-0.49333991119881865,0.3192599901332018,0.0,-0.8125999013320204
p456,DOGEUSDT,-1,2024-03-01 07:00:00+00:00,0.12102,2024-03-01 08:00:00+00:00,0.12154,signal_reverse,False,0.1246506,,False,100.0,1.0,100.0,100.0,826.3097008758882,-0.42968104445545585,0.3206445215666832,0.0,-0.7503255660221391
p457,DOGEUSDT,1,2024-03-01 09:00:00+00:00,0.12154,2024-03-01 09:00:00+00:00,0.12252,signal_reverse,False,0.11789379999999999,,False,100.0,1.0,100.0,100.0,822.7743952608195,0.8063189073556102,0.3212094783610334,0.0,0.48510942899457676
p458,DOGEUSDT,-1,2024-03-01 10:00:00+00:00,0.12252,2024-03-01 11:00:00+00:00,0.12159,signal_reverse,False,0.1261956,,False,100.0,1.0,100.0,100.0,816.1932745674176,0.7590597453476986,0.31886141038197846,0.0,0.44019833496572014
p459,DOGEUSDT,1,2024-03-01 12:00:00+00:00,0.12159,2024-03-01 12:00:00+00:00,0.12225,signal_reverse,False,0.1179423,,False,100.0,1.0,100.0,100.0,822.4360555966773,0.5428077966938021,0.3208142116950407,0.0,0.22199358499876137
p460,DOGEUSDT,-1,2024-03-01 13:00:00+00:00,0.12225,2024-03-01 13:00:00+00:00,0.1259175,initial_sl,False,0.1259175,,False,100.0,1.0,100.0,100.0,817.99591002045,-2.9999999999999925,0.3245,0.0,-3.3244999999999925
p461,DOGEUSDT,-1,2024-03-01 14:00:00+00:00,0.12653,2024-03-01 16:00:00+00:00,0.1303259,initial_sl,False,0.1303259,,False,100.0,1.0,100.0,100.0,790.3264048051846,-2.999999999999993,0.3245,0.0,-3.324499999999993
p462,DOGEUSDT,-1,2024-03-01 17:00:00+00:00,0.12889,2024-03-01 17:00:00+00:00,0.1327567,initial_sl,False,0.1327567,,False,100.0,1.0,100.0,100.0,775.8553805570641,-3.0000000000000004,0.3245,0.0,-3.3245000000000005
p463,DOGEUSDT,-1,2024-03-01 18:00:00+00:00,0.13207,2024-03-01 18:00:00+00:00,0.1360321,initial_sl,False,0.1360321,,False,100.0,1.0,100.0,100.0,757.1742257893542,-2.9999999999999973,0.3245,0.0,-3.3244999999999973
p464,DOGEUSDT,-1,2024-03-01 19:00:00+00:00,0.13484,2024-03-01 19:00:00+00:00,0.13584,signal_reverse,False,0.1388852,,False,100.0,1.0,100.0,100.0,741.6196974191636,-0.7416196974191642,0.32111242954612873,0.0,-1.062732126965293
p465,DOGEUSDT,1,2024-03-01 20:00:00+00:00,0.13584,2024-03-01 20:00:00+00:00,0.13996,signal_reverse,False,0.1317648,,False,100.0,1.0,100.0,100.0,736.1601884570083,3.0329799764428835,0.3245494699646644,0.0,2.7084305064782193
p466,DOGEUSDT,-1,2024-03-01 21:00:00+00:00,0.13996,2024-03-01 22:00:00+00:00,0.1441588,initial_sl,False,0.1441588,,False,100.0,1.0,100.0,100.0,714.4898542440698,-3.0000000000000018,0.3245,0.0,-3.324500000000002
p467,DOGEUSDT,-1,2024-03-01 23:00:00+00:00,0.14,2024-03-02 00:00:00+00:00,0.14420000000000002,initial_sl,False,0.14420000000000002,,False,100.0,1.0,100.0,100.0,714.2857142857142,-3.000000000000006,0.3245,0.0,-3.3245000000000062
p468,DOGEUSDT,-1,2024-03-02 01:00:00+00:00,0.14702,2024-03-02 02:00:00+00:00,0.1405,signal_reverse,False,0.1514306,,False,100.0,1.0,100.0,100.0,680.1795674057951,4.434770779485783,0.31334784383077136,0.0,4.121422935655011
p469,DOGEUSDT,1,2024-03-02 03:00:00+00:00,0.1405,2024-03-02 03:00:00+00:00,0.14135,signal_reverse,False,0.13628500000000002,,False,100.0,1.0,100.0,100.0,711.7437722419928,0.6049822064056866,0.32090747330960856,0.0,0.284074733096078
p470,DOGEUSDT,-1,2024-03-02 04:00:00+00:00,0.14135,2024-03-02 05:00:00+00:00,0.14262,signal_reverse,False,0.1455905,,False,100.0,1.0,100.0,100.0,707.4637424831977,-0.8984789529536564,0.3213477184294305,0.0,-1.219826671383087
p471,DOGEUSDT,1,2024-03-02 06:00:00+00:00,0.14262,2024-03-02 08:00:00+00:00,0.14768,signal_reverse,False,0.1383414,,False,100.0,1.0,100.0,100.0,701.1639321273313,3.547889496564303,0.3253218342448465,0.0,3.222567662319457
p472,DOGEUSDT,-1,2024-03-02 09:00:00+00:00,0.14768,2024-03-02 10:00:00+00:00,0.14199,signal_reverse,False,0.1521104,,False,100.0,1.0,100.0,100.0,677.1397616468039,3.8529252437703145,0.3142206121343446,0.0,3.53870463163597
p473,DOGEUSDT,1,2024-03-02 11:00:00+00:00,0.14199,2024-03-02 13:00:00+00:00,0.14104,signal_reverse,False,0.1377303,,False,100.0,1.0,100.0,100.0,704.2749489400662,-0.6690612014930675,0.31899640819776043,0.0,-0.9880576096908279
p474,DOGEUSDT,-1,2024-03-02 14:00:00+00:00,0.14104,2024-03-02 15:00:00+00:00,0.13766,signal_reverse,False,0.1452712,,False,100.0,1.0,100.0,100.0,709.0187180941577,2.396483267158249,0.31640527509926264,0.0,2.0800779920589867
p475,DOGEUSDT,1,2024-03-02 16:00:00+00:00,0.13766,2024-03-02 19:00:00+00:00,0.14207,signal_reverse,False,0.13353020000000002,,False,100.0,1.0,100.0,100.0,726.427429899753,3.2035449658579087,0.3248053174487869,0.0,2.878739648409122
p476,DOGEUSDT,-1,2024-03-02 20:00:00+00:00,0.14207,2024-03-02 21:00:00+00:00,0.14231,signal_reverse,False,0.1463321,,False,100.0,1.0,100.0,100.0,703.8783698176954,-0.16893080875624003,0.32025339621313437,0.0,-0.4891842049693744
p477,DOGEUSDT,1,2024-03-02 22:00:00+00:00,0.14231,2024-03-02 22:00:00+00:00,0.1425,signal_reverse,False,0.1380407,,False,100.0,1.0,100.0,100.0,702.6913077085237,0.1335113484646165,0.32020026702269694,0.0,-0.18668891855808042
p478,DOGEUSDT,-1,2024-03-02 23:00:00+00:00,0.1425,2024-03-03 01:00:00+00:00,0.14031,signal_reverse,False,0.146775,,False,100.0,1.0,100.0,100.0,701.7543859649123,1.5368421052631562,0.31769473684210525,0.0,1.219147368421051
p479,DOGEUSDT,1,2024-03-03 02:00:00+00:00,0.14031,2024-03-03 02:00:00+00:00,0.13956,signal_reverse,False,0.1361007,,False,100.0,1.0,100.0,100.0,712.7075760815338,-0.5345306820611508,0.3191982039769083,0.0,-0.8537288860380592
p480,DOGEUSDT,-1,2024-03-03 03:00:00+00:00,0.13956,2024-03-03 03:00:00+00:00,0.14086,signal_reverse,False,0.14374679999999998,,False,100.0,1.0,100.0,100.0,716.5376898824878,-0.9314989968472509,0.3213972484952709,0.0,-1.2528962453425219
p481,DOGEUSDT,1,2024-03-03 04:00:00+00:00,0.14086,2024-03-03 04:00:00+00:00,0.14303,signal_reverse,False,0.1366342,,False,100.0,1.0,100.0,100.0,709.9247479767145,1.5405367031094543,0.32231080505466425,0.0,1.21822589805479
p482,DOGEUSDT,-1,2024-03-03 05:00:00+00:00,0.14303,2024-03-03 06:00:00+00:00,0.13834,signal_reverse,False,0.14732089999999998,,False,100.0,1.0,100.0,100.0,699.1540236314061,3.279032370831294,0.3150814514437531,0.0,2.963950919387541
p483,DOGEUSDT,1,2024-03-03 07:00:00+00:00,0.13834,2024-03-03 07:00:00+00:00,0.1341898,initial_sl,False,0.1341898,,False,100.0,1.0,100.0,100.0,722.8567297961545,-2.999999999999995,0.3155,0.0,-3.3154999999999952
p484,DOGEUSDT,-1,2024-03-03 08:00:00+00:00,0.1313,2024-03-03 08:00:00+00:00,0.134,signal_reverse,False,0.135239,,False,100.0,1.0,100.0,100.0,761.6146230007616,-2.0563594821020623,0.32308453922315317,0.0,-2.3794440213252157
p485,DOGEUSDT,1,2024-03-03 09:00:00+00:00,0.134,2024-03-03 12:00:00+00:00,0.13977,signal_reverse,False,0.12998,,False,100.0,1.0,100.0,100.0,746.2686567164179,4.30597014925373,0.3264589552238807,0.0,3.979511194029849
p486,DOGEUSDT,-1,2024-03-03 13:00:00+00:00,0.13977,2024-03-03 15:00:00+00:00,0.1405,signal_reverse,False,0.1439631,,False,100.0,1.0,100.0,100.0,715.4611146884166,-0.5222866137225501,0.32078342992058384,0.0,-0.843070043643134
p487,DOGEUSDT,1,2024-03-03 16:00:00+00:00,0.1405,2024-03-03 16:00:00+00:00,0.14173,signal_reverse,False,0.13628500000000002,,False,100.0,1.0,100.0,100.0,711.7437722419928,0.8754448398576378,0.3213131672597865,0.0,0.5541316725978513
p488,DOGEUSDT,-1,2024-03-03 17:00:00+00:00,0.14173,2024-03-03 18:00:00+00:00,0.1459819,initial_sl,False,0.1459819,,False,100.0,1.0,100.0,100.0,705.5669230226488,-3.000000000000002,0.3245,0.0,-3.3245000000000022
p489,DOGEUSDT,-1,2024-03-03 19:00:00+00:00,0.14939,2024-03-03 19:00:00+00:00,0.1538717,initial_sl,False,0.1538717,,False,100.0,1.0,100.0,100.0,669.3888479817927,-3.0000000000000036,0.3245,0.0,-3.3245000000000036
p490,DOGEUSDT,-1,2024-03-03 20:00:00+00:00,0.15157,2024-03-03 20:00:00+00:00,0.1561171,initial_sl,False,0.1561171,,False,100.0,1.0,100.0,100.0,659.7611664577422,-2.9999999999999987,0.3245,0.0,-3.3244999999999987
p491,DOGEUSDT,-1,2024-03-03 21:00:00+00:00,0.15402,2024-03-04 01:00:00+00:00,0.15206,signal_reverse,False,0.1586406,,False,100.0,1.0,100.0,100.0,649.2663290481756,1.2725620049344175,0.3180911569925984,0.0,0.9544708479418191
p492,DOGEUSDT,1,2024-03-04 02:00:00+00:00,0.15206,2024-03-04 02:00:00+00:00,0.15818,signal_reverse,False,0.1474982,,False,100.0,1.0,100.0,100.0,657.6351440220965,4.024727081415222,0.3260370906221228,0.0,3.698689990793099
p493,DOGEUSDT,-1,2024-03-04 03:00:00+00:00,0.15818,2024-03-04 04:00:00+00:00,0.15775,signal_reverse,False,0.1629254,,False,100.0,1.0,100.0,100.0,632.1911746112024,0.27184220508280815,0.3195922366923758,0.0,-0.047750031609567645
p494,DOGEUSDT,1,2024-03-04 05:00:00+00:00,0.15775,2024-03-04 05:00:00+00:00,0.15967,signal_reverse,False,0.1530175,,False,100.0,1.0,100.0,100.0,633.9144215530903,1.2171156893819366,0.32182567353407293,0.0,0.8952900158478636
p495,DOGEUSDT,-1,2024-03-04 06:00:00+00:00,0.15967,2024-03-04 06:00:00+00:00,0.1644601,initial_sl,False,0.1644601,,False,100.0,1.0,100.0,100.0,626.2917266862904,-2.9999999999999947,0.3245,0.0,-3.3244999999999947
p496,DOGEUSDT,-1,2024-03-04 07:00:00+00:00,0.1659,2024-03-04 08:00:00+00:00,0.170877,initial_sl,False,0.170877,,False,100.0,1.0,100.0,100.0,602.7727546714889,-3.0000000000000058,0.3245,0.0,-3.324500000000006
p497,DOGEUSDT,-1,2024-03-04 09:00:00+00:00,0.16963,2024-03-04 11:00:00+00:00,0.16288,signal_reverse,False,0.1747189,,False,100.0,1.0,100.0,100.0,589.518363497023,3.9792489536049085,0.31403112656959264,0.0,3.665217827035316
p498,DOGEUSDT,1,2024-03-04 12:00:00+00:00,0.16288,2024-03-04 13:00:00+00:00,0.16054,signal_reverse,False,0.15799359999999998,,False,100.0,1.0,100.0,100.0,613.9489194499017,-1.4366404715127754,0.3178450392927309,0.0,-1.7544855108055062
p499,DOGEUSDT,-1,2024-03-04 14:00:00+00:00,0.16054,2024-03-04 14:00:00+00:00,0.16535619999999998,initial_sl,False,0.16535619999999998,,False,100.0,1.0,100.0,100.0,622.8977201943442,-2.999999999999996,0.3245,0.0,-3.324499999999996
p500,DOGEUSDT,-1,2024-03-04 15:00:00+00:00,0.16752,2024-03-04 16:00:00+00:00,0.1725456,initial_sl,False,0.1725456,,False,100.0,1.0,100.0,100.0,596.9436485195797,-2.9999999999999947,0.3245,0.0,-3.3244999999999947
p501,DOGEUSDT,-1,2024-03-04 17:00:00+00:00,0.18241,2024-03-04 18:00:00+00:00,0.17559,signal_reverse,False,0.1878823,,False,100.0,1.0,100.0,100.0,548.2155583575462,3.7388301079984614,0.3143917548380023,0.0,3.424438353160459
p502,DOGEUSDT,1,2024-03-04 19:00:00+00:00,0.17559,2024-03-04 20:00:00+00:00,0.1761,signal_reverse,False,0.1703223,,False,100.0,1.0,100.0,100.0,569.5085141522866,0.2904493422176721,0.3204356740133265,0.0,-0.02998633179565441
p503,DOGEUSDT,-1,2024-03-04 21:00:00+00:00,0.1761,2024-03-04 21:00:00+00:00,0.17636,signal_reverse,False,0.18138300000000002,,False,100.0,1.0,100.0,100.0,567.8591709256104,-0.14764338444064876,0.32022146507666105,0.0,-0.4678648495173098
p504,DOGEUSDT,1,2024-03-04 22:00:00+00:00,0.17636,2024-03-04 23:00:00+00:00,0.18242,signal_reverse,False,0.17106919999999998,,False,100.0,1.0,100.0,100.0,567.0220004536176,3.436153322748928,0.3251542299841234,0.0,3.110999092764805
p505,DOGEUSDT,-1,2024-03-05 00:00:00+00:00,0.18242,2024-03-05 00:00:00+00:00,0.1878926,initial_sl,False,0.1878926,,False,100.0,1.0,100.0,100.0,548.185505975222,-2.9999999999999964,0.3245,0.0,-3.3244999999999965
p506,DOGEUSDT,-1,2024-03-05 01:00:00+00:00,0.19878,2024-03-05 01:00:00+00:00,0.20474340000000002,initial_sl,False,0.20474340000000002,,False,100.0,1.0,100.0,100.0,503.0687191870409,-3.0000000000000036,0.3245,0.0,-3.3245000000000036
p507,DOGEUSDT,-1,2024-03-05 02:00:00+00:00,0.20406,2024-03-05 03:00:00+00:00,0.19614,signal_reverse,False,0.2101818,,False,100.0,1.0,100.0,100.0,490.05194550622366,3.881211408409283,0.3141781828873861,0.0,3.5670332255218966
p508,DOGEUSDT,1,2024-03-05 04:00:00+00:00,0.19614,2024-03-05 04:00:00+00:00,0.1902558,initial_sl,False,0.1902558,,False,100.0,1.0,100.0,100.0,509.83991026817574,-3.0000000000000027,0.3155,0.0,-3.315500000000003
p509,DOGEUSDT,1,2024-03-05 05:00:00+00:00,0.18225,2024-03-05 05:00:00+00:00,0.1767825,initial_sl,False,0.1767825,,False,100.0,1.0,100.0,100.0,548.6968449931413,-2.9999999999999925,0.3155,0.0,-3.3154999999999926
p510,DOGEUSDT,-1,2024-03-05 06:00:00+00:00,0.18243,2024-03-05 08:00:00+00:00,0.18078,signal_reverse,False,0.1879029,,False,100.0,1.0,100.0,100.0,548.1554568875733,0.9044565038645029,0.31864331524420325,0.0,0.5858131886202997
p511,DOGEUSDT,1,2024-03-05 09:00:00+00:00,0.18078,2024-03-05 12:00:00+00:00,0.18623,signal_reverse,False,0.1753566,,False,100.0,1.0,100.0,100.0,553.1585352361988,3.014714017037289,0.32452207102555597,0.0,2.690191946011733
p512,DOGEUSDT,-1,2024-03-05 13:00:00+00:00,0.18623,2024-03-05 13:00:00+00:00,0.1918169,initial_sl,False,0.1918169,,False,100.0,1.0,100.0,100.0,536.9704129302476,-3.000000000000003,0.3245,0.0,-3.324500000000003
p513,DOGEUSDT,-1,2024-03-05 14:00:00+00:00,0.18977,2024-03-05 15:00:00+00:00,0.17309,signal_reverse,False,0.1954631,,False,100.0,1.0,100.0,100.0,526.9536807714602,8.789587395267956,0.3068156189070981,0.0,8.482771776360858
p514,DOGEUSDT,1,2024-03-05 16:00:00+00:00,0.17309,2024-03-05 16:00:00+00:00,0.1678973,initial_sl,False,0.1678973,,False,100.0,1.0,100.0,100.0,577.7341267548675,-2.9999999999999973,0.3155,0.0,-3.3154999999999974
p515,DOGEUSDT,1,2024-03-05 17:00:00+00:00,0.16649,2024-03-05 17:00:00+00:00,0.1614953,initial_sl,False,0.1614953,,False,100.0,1.0,100.0,100.0,600.6366748753679,-2.9999999999999947,0.3155,0.0,-3.315499999999995
p516,DOGEUSDT,1,2024-03-05 18:00:00+00:00,0.16509,2024-03-05 18:00:00+00:00,0.16013729999999998,initial_sl,False,0.16013729999999998,,False,100.0,1.0,100.0,100.0,605.7302077654613,-3.0000000000000027,0.3155,0.0,-3.315500000000003
p517,DOGEUSDT,1,2024-03-05 19:00:00+00:00,0.15761,2024-03-05 19:00:00+00:00,0.1528817,initial_sl,False,0.1528817,,False,100.0,1.0,100.0,100.0,634.4775077723494,-2.9999999999999942,0.3155,0.0,-3.3154999999999943
p518,DOGEUSDT,1,2024-03-05 20:00:00+00:00,0.13736,2024-03-05 20:00:00+00:00,0.1332392,initial_sl,False,0.1332392,,False,100.0,1.0,100.0,100.0,728.013977868375,-3.0000000000000053,0.3155,0.0,-3.3155000000000054
p519,DOGEUSDT,1,2024-03-05 21:00:00+00:00,0.13629,2024-03-05 21:00:00+00:00,0.15085,signal_reverse,False,0.1322013,,False,100.0,1.0,100.0,100.0,733.7295472888693,10.68310220852595,0.3360246533127889,0.0,10.347077555213161
p520,DOGEUSDT,-1,2024-03-05 22:00:00+00:00,0.15085,2024-03-05 22:00:00+00:00,0.15351,signal_reverse,False,0.1553755,,False,100.0,1.0,100.0,100.0,662.9101756711965,-1.7633410672853798,0.32264501160092807,0.0,-2.085986078886308
p521,DOGEUSDT,1,2024-03-05 23:00:00+00:00,0.15351,2024-03-06 01:00:00+00:00,0.1489047,initial_sl,False,0.1489047,,False,100.0,1.0,100.0,100.0,651.423360041691,-3.000000000000004,0.3155,0.0,-3.315500000000004
p522,DOGEUSDT,1,2024-03-06 02:00:00+00:00,0.14949,2024-03-06 02:00:00+00:00,0.14653,signal_reverse,False,0.1450053,,False,100.0,1.0,100.0,100.0,668.9410662920596,-1.9800655562245086,0.3170299016656633,0.0,-2.297095457890172
p523,DOGEUSDT,-1,2024-03-06 03:00:00+00:00,0.14653,2024-03-06 03:00:00+00:00,0.1509259,initial_sl,False,0.1509259,,False,100.0,1.0,100.0,100.0,682.4541049614413,-3.0000000000000053,0.3245,0.0,-3.3245000000000053
p524,DOGEUSDT,1,2024-03-06 04:00:00+00:00,0.1511,2024-03-06 06:00:00+00:00,0.16612,signal_reverse,False,0.146567,,False,100.0,1.0,100.0,100.0,661.8133686300463,9.940436796823281,0.33491065519523494,0.0,9.605526141628046
p525,DOGEUSDT,-1,2024-03-06 07:00:00+00:00,0.16612,2024-03-06 07:00:00+00:00,0.16826,signal_reverse,False,0.1711036,,False,100.0,1.0,100.0,100.0,601.9744762822056,-1.2882253792439218,0.32193233806886584,0.0,-1.6101577173127877
p526,DOGEUSDT,1,2024-03-06 08:00:00+00:00,0.16826,2024-03-06 08:00:00+00:00,0.17071,signal_reverse,False,0.1632122,,False,100.0,1.0,100.0,100.0,594.3183168905266,1.4560798763817948,0.32218411981457273,0.0,1.133895756567222
p527,DOGEUSDT,-1,2024-03-06 09:00:00+00:00,0.17071,2024-03-06 10:00:00+00:00,0.16888,signal_reverse,False,0.1758313,,False,100.0,1.0,100.0,100.0,585.7887645714956,1.071993439165836,0.3183920098412513,0.0,0.7536014293245845
p528,DOGEUSDT,1,2024-03-06 11:00:00+00:00,0.16888,2024-03-06 12:00:00+00:00,0.1638136,initial_sl,False,0.1638136,,False,100.0,1.0,100.0,100.0,592.1364282330649,-2.999999999999999,0.3155,0.0,-3.3154999999999992
p529,DOGEUSDT,-1,2024-03-06 13:00:00+00:00,0.16227,2024-03-06 13:00:00+00:00,0.16371,signal_reverse,False,0.16713809999999998,,False,100.0,1.0,100.0,100.0,616.2568558575214,-0.8874098724348288,0.32133111480865223,0.0,-1.2087409872434811
p530,DOGEUSDT,1,2024-03-06 14:00:00+00:00,0.16371,2024-03-06 14:00:00+00:00,0.15922,signal_reverse,False,0.1587987,,False,100.0,1.0,100.0,100.0,610.8362348054487,-2.742654694276461,0.3158860179585854,0.0,-3.0585407122350468
p531,DOGEUSDT,-1,2024-03-06 15:00:00+00:00,0.15922,2024-03-06 15:00:00+00:00,0.16128,signal_reverse,False,0.1639966,,False,100.0,1.0,100.0,100.0,628.0618012812461,-1.2938073106393708,0.3219407109659591,0.0,-1.61574802160533
p532,DOGEUSDT,1,2024-03-06 16:00:00+00:00,0.16128,2024-03-06 17:00:00+00:00,0.16126,signal_reverse,False,0.15644160000000001,,False,100.0,1.0,100.0,100.0,620.0396825396825,-0.012400793650806052,0.3199813988095238,0.0,-0.33238219246032985
p533,DOGEUSDT,-1,2024-03-06 18:00:00+00:00,0.16126,2024-03-06 18:00:00+00:00,0.1573,signal_reverse,False,0.1660978,,False,100.0,1.0,100.0,100.0,620.1165819174005,2.4556616643929003,0.3163165075034106,0.0,2.13934515688949
p534,DOGEUSDT,1,2024-03-06 19:00:00+00:00,0.1573,2024-03-06 20:00:00+00:00,0.15783,signal_reverse,False,0.152581,,False,100.0,1.0,100.0,100.0,635.7279084551813,0.33693579148124775,0.3205054036872219,0.0,0.016430387794025836
p535,DOGEUSDT,-1,2024-03-06 21:00:00+00:00,0.15783,2024-03-07 01:00:00+00:00,0.16157,signal_reverse,False,0.16256489999999998,,False,100.0,1.0,100.0,100.0,633.5931065070013,-2.3696382183361804,0.3235544573275043,0.0,-2.693192675663685
p536,DOGEUSDT,1,2024-03-07 02:00:00+00:00,0.16157,2024-03-07 02:00:00+00:00,0.15708,signal_reverse,False,0.1567229,,False,100.0,1.0,100.0,100.0,618.9267809618123,-2.7789812465185335,0.3158315281302222,0.0,-3.094812774648756
p537,DOGEUSDT,-1,2024-03-07 03:00:00+00:00,0.15708,2024-03-07 03:00:00+00:00,0.15262,signal_reverse,False,0.1617924,,False,100.0,1.0,100.0,100.0,636.6182836771072,2.839317545199893,0.3157410236822002,0.0,2.523576521517693
p538,DOGEUSDT,1,2024-03-07 04:00:00+00:00,0.15262,2024-03-07 05:00:00+00:00,0.14804140000000002,initial_sl,False,0.14804140000000002,,False,100.0,1.0,100.0,100.0,655.2221202987813,-2.9999999999999925,0.3155,0.0,-3.3154999999999926
p539,DOGEUSDT,1,2024-03-07 06:00:00+00:00,0.14818,2024-03-07 08:00:00+00:00,0.153,signal_reverse,False,0.14373460000000002,,False,100.0,1.0,100.0,100.0,674.854906195168,3.252800647860704,0.32487920097179107,0.0,2.927921446888913
p540,DOGEUSDT,-1,2024-03-07 09:00:00+00:00,0.153,2024-03-07 09:00:00+00:00,0.15351,signal_reverse,False,0.15759,,False,100.0,1.0,100.0,100.0,653.5947712418301,-0.3333333333333402,0.32050000000000006,0.0,-0.6538333333333403
p541,DOGEUSDT,1,2024-03-07 10:00:00+00:00,0.15351,2024-03-07 13:00:00+00:00,0.1489047,initial_sl,False,0.1489047,,False,100.0,1.0,100.0,100.0,651.423360041691,-3.000000000000004,0.3155,0.0,-3.315500000000004
p542,DOGEUSDT,1,2024-03-07 14:00:00+00:00,0.15227,2024-03-07 16:00:00+00:00,0.15343,signal_reverse,False,0.1477019,,False,100.0,1.0,100.0,100.0,656.7281802062126,0.7618046890392212,0.3211427070335588,0.0,0.44066198200566237
p543,DOGEUSDT,-1,2024-03-07 17:00:00+00:00,0.15343,2024-03-07 17:00:00+00:00,0.1556,signal_reverse,False,0.1580329,,False,100.0,1.0,100.0,100.0,651.7630189663038,-1.4143257511568645,0.3221214886267353,0.0,-1.7364472397835997
p544,DOGEUSDT,1,2024-03-07 18:00:00+00:00,0.1556,2024-03-07 19:00:00+00:00,0.15609,signal_reverse,False,0.15093199999999998,,False,100.0,1.0,100.0,100.0,642.6735218508998,0.3149100257069526,0.3204723650385604,0.0,-0.005562339331607824
p545,DOGEUSDT,-1,2024-03-07 20:00:00+00:00,0.15609,2024-03-07 21:00:00+00:00,0.15396,signal_reverse,False,0.16077270000000002,,False,100.0,1.0,100.0,100.0,640.6560317765392,1.364597347684024,0.317953103978474,0.0,1.04664424370555
p546,DOGEUSDT,1,2024-03-07 22:00:00+00:00,0.15396,2024-03-07 23:00:00+00:00,0.15786,signal_reverse,False,0.1493412,,False,100.0,1.0,100.0,100.0,649.5193556767991,2.533125487139508,0.3237996882307093,0.0,2.2093257989087984
p547,DOGEUSDT,-1,2024-03-08 00:00:00+00:00,0.15786,2024-03-08 00:00:00+00:00,0.15974,signal_reverse,False,0.1625958,,False,100.0,1.0,100.0,100.0,633.4726973267452,-1.1909286709742763,0.3217863930064614,0.0,-1.5127150639807376
p548,DOGEUSDT,1,2024-03-08 01:00:00+00:00,0.15974,2024-03-08 01:00:00+00:00,0.16435,signal_reverse,False,0.1549478,,False,100.0,1.0,100.0,100.0,626.017278076875,2.8859396519343954,0.3243289094779016,0.0,2.5616107424564936
p549,DOGEUSDT,-1,2024-03-08 02:00:00+00:00,0.16435,2024-03-08 02:00:00+00:00,0.16732,signal_reverse,False,0.1692805,,False,100.0,1.0,100.0,100.0,608.4575600851841,-1.807118953452997,0.3227106784301795,0.0,-2.1298296318831764
p550,DOGEUSDT,1,2024-03-08 03:00:00+00:00,0.16732,2024-03-08 03:00:00+00:00,0.1685,signal_reverse,False,0.16230039999999998,,False,100.0,1.0,100.0,100.0,597.6571838393497,0.7052354769304413,0.3210578532153957,0.0,0.3841776237150456
p551,DOGEUSDT,-1,2024-03-08 04:00:00+00:00,0.1685,2024-03-08 06:00:00+00:00,0.16452,signal_reverse,False,0.17355500000000001,,False,100.0,1.0,100.0,100.0,593.4718100890208,2.3620178041543096,0.3164569732937686,0.0,2.045560830860541
p552,DOGEUSDT,1,2024-03-08 07:00:00+00:00,0.16452,2024-03-08 07:00:00+00:00,0.16494,signal_reverse,False,0.1595844,,False,100.0,1.0,100.0,100.0,607.8288353999513,0.2552881108679818,0.320382932166302,0.0,-0.06509482129832017
p553,DOGEUSDT,-1,2024-03-08 08:00:00+00:00,0.16494,2024-03-08 10:00:00+00:00,0.1698882,initial_sl,False,0.1698882,,False,100.0,1.0,100.0,100.0,606.2810719049351,-2.999999999999991,0.3245,0.0,-3.324499999999991
p554,DOGEUSDT,-1,2024-03-08 11:00:00+00:00,0.16923,2024-03-08 14:00:00+00:00,0.1743069,initial_sl,False,0.1743069,,False,100.0,1.0,100.0,100.0,590.9117768717131,-2.9999999999999973,0.3245,0.0,-3.3244999999999973
p555,DOGEUSDT,-1,2024-03-08 15:00:00+00:00,0.16896,2024-03-08 15:00:00+00:00,0.16353,signal_reverse,False,0.1740288,,False,100.0,1.0,100.0,100.0,591.8560606060606,3.2137784090909034,0.31517933238636364,0.0,2.8985990767045395
p556,DOGEUSDT,1,2024-03-08 16:00:00+00:00,0.16353,2024-03-08 18:00:00+00:00,0.16918,signal_reverse,False,0.15862410000000002,,False,100.0,1.0,100.0,100.0,611.5085916957133,3.4550235430807734,0.3251825353146212,0.0,3.129841007766152
p557,DOGEUSDT,-1,2024-03-08 19:00:00+00:00,0.16918,2024-03-08 20:00:00+00:00,0.16983,signal_reverse,False,0.1742554,,False,100.0,1.0,100.0,100.0,591.0864168341411,-0.3842061709421986,0.32057630925641334,0.0,-0.704782480198612
p558,DOGEUSDT,1,2024-03-08 21:00:00+00:00,0.16983,2024-03-08 21:00:00+00:00,0.16607,signal_reverse,False,0.1647351,,False,100.0,1.0,100.0,100.0,588.8241182358829,-2.2139786845669276,0.31667903197314967,0.0,-2.530657716540077
p559,DOGEUSDT,-1,2024-03-08 22:00:00+00:00,0.16607,2024-03-08 22:00:00+00:00,0.1649,signal_reverse,False,0.17105209999999998,,False,100.0,1.0,100.0,100.0,602.1557174685374,0.7045221894381914,0.31894321671584275,0.0,0.3855789727223487
p560,DOGEUSDT,1,2024-03-08 23:00:00+00:00,0.1649,2024-03-09 01:00:00+00:00,0.1689,signal_reverse,False,0.15995299999999998,,False,100.0,1.0,100.0,100.0,606.4281382656155,2.425712553062464,0.3236385688295937,0.0,2.1020739842328706
p561,DOGEUSDT,-1,2024-03-09 02:00:00+00:00,0.1689,2024-03-09 04:00:00+00:00,0.1724,signal_reverse,False,0.17396699999999998,,False,100.0,1.0,100.0,100.0,592.0663114268798,-2.072232089994081,0.3231083481349911,0.0,-2.395340438129072
p562,DOGEUSDT,1,2024-03-09 05:00:00+00:00,0.1724,2024-03-09 05:00:00+00:00,0.17118,signal_reverse,False,0.167228,,False,100.0,1.0,100.0,100.0,580.046403712297,-0.7076566125290017,0.31893851508120646,0.0,-1.026595127610208
p563,DOGEUSDT,-1,2024-03-09 06:00:00+00:00,0.17118,2024-03-09 06:00:00+00:00,0.16932,signal_reverse,False,0.1763154,,False,100.0,1.0,100.0,100.0,584.180394905947,1.0865755345250616,0.3183701366982124,0.0,0.7682053978268493
p564,DOGEUSDT,1,2024-03-09 07:00:00+00:00,0.16932,2024-03-09 07:00:00+00:00,0.16788,signal_reverse,False,0.1642404,,False,100.0,1.0,100.0,100.0,590.5976848570754,-0.8504606661941867,0.3187243090007088,0.0,-1.1691849751948955
p565,DOGEUSDT,-1,2024-03-09 08:00:00+00:00,0.16788,2024-03-09 08:00:00+00:00,0.16704,signal_reverse,False,0.1729164,,False,100.0,1.0,100.0,100.0,595.6635692161068,0.5003573981415341,0.31924946390278774,0.0,0.18110793423874638
p566,DOGEUSDT,1,2024-03-09 09:00:00+00:00,0.16704,2024-03-09 09:00:00+00:00,0.16653,signal_reverse,False,0.1620288,,False,100.0,1.0,100.0,100.0,598.6590038314176,-0.30531609195401266,0.31954202586206903,0.0,-0.6248581178160817
p567,DOGEUSDT,-1,2024-03-09 10:00:00+00:00,0.16653,2024-03-09 11:00:00+00:00,0.16636,signal_reverse,False,0.1715259,,False,100.0,1.0,100.0,100.0,600.4924037710922,0.10208370864108776,0.31984687443703835,0.0,-0.2177631657959506
p568,DOGEUSDT,1,2024-03-09 12:00:00+00:00,0.16636,2024-03-09 14:00:00+00:00,0.16718,signal_reverse,False,0.16136920000000002,,False,100.0,1.0,100.0,100.0,601.1060351045924,0.4929069487857582,0.32073936042317863,0.0,0.17216758836257956
p569,DOGEUSDT,-1,2024-03-09 15:00:00+00:00,0.16718,2024-03-09 15:00:00+00:00,0.17004,signal_reverse,False,0.1721954,,False,100.0,1.0,100.0,100.0,598.1576743629621,-1.7107309486780724,0.32256609642301715,0.0,-2.0332970451010897
p570,DOGEUSDT,1,2024-03-09 16:00:00+00:00,0.17004,2024-03-09 16:00:00+00:00,0.17519,signal_reverse,False,0.1649388,,False,100.0,1.0,100.0,100.0,588.0969183721478,3.0286991296165704,0.32454304869442485,0.0,2.7041560809221457
p571,DOGEUSDT,-1,2024-03-09 17:00:00+00:00,0.17519,2024-03-09 17:00:00+00:00,0.18044570000000001,initial_sl,False,0.18044570000000001,,False,100.0,1.0,100.0,100.0,570.8088361207831,-3.000000000000001,0.3245,0.0,-3.324500000000001
p572,DOGEUSDT,-1,2024-03-09 18:00:00+00:00,0.18226,2024-03-10 01:00:00+00:00,0.17677,signal_reverse,False,0.1877278,,False,100.0,1.0,100.0,100.0,548.666739822232,3.0121804016240508,0.31548172939756397,0.0,2.696698672226487
p573,DOGEUSDT,1,2024-03-10 02:00:00+00:00,0.17677,2024-03-10 03:00:00+00:00,0.17605,signal_reverse,False,0.1714669,,False,100.0,1.0,100.0,100.0,565.706850709962,-0.4073089325111718,0.31938903660123324,0.0,-0.726697969112405
p574,DOGEUSDT,-1,2024-03-10 04:00:00+00:00,0.17605,2024-03-10 04:00:00+00:00,0.17818,signal_reverse,False,0.1813315,,False,100.0,1.0,100.0,100.0,568.0204487361544,-1.209883555808005,0.3218148253337121,0.0,-1.531698381141717
p575,DOGEUSDT,1,2024-03-10 05:00:00+00:00,0.17818,2024-03-10 05:00:00+00:00,0.17788,signal_reverse,False,0.1728346,,False,100.0,1.0,100.0,100.0,561.2302166348636,-0.16836906499045612,0.31974744640251435,0.0,-0.48811651139297046
p576,DOGEUSDT,-1,2024-03-10 06:00:00+00:00,0.17788,2024-03-10 07:00:00+00:00,0.17631,signal_reverse,False,0.1832164,,False,100.0,1.0,100.0,100.0,562.1767483696874,0.8826174949404181,0.31867607375758944,0.0,0.5639414211828286
p577,DOGEUSDT,1,2024-03-10 08:00:00+00:00,0.17631,2024-03-10 08:00:00+00:00,0.1763,signal_reverse,False,0.1710207,,False,100.0,1.0,100.0,100.0,567.1828030174125,-0.005671828030164056,0.3199914922579548,0.0,-0.32566332028811884
p578,DOGEUSDT,-1,2024-03-10 09:00:00+00:00,0.1763,2024-03-10 10:00:00+00:00,0.17477,signal_reverse,False,0.181589,,False,100.0,1.0,100.0,100.0,567.2149744753261,0.867838910947251,0.3186982416335792,0.0,0.5491406693136718
p579,DOGEUSDT,1,2024-03-10 11:00:00+00:00,0.17477,2024-03-10 11:00:00+00:00,0.17337,signal_reverse,False,0.1695269,,False,100.0,1.0,100.0,100.0,572.1805801911083,-0.8010528122675588,0.3187984207815987,0.0,-1.1198512330491575
p580,DOGEUSDT,-1,2024-03-10 12:00:00+00:00,0.17337,2024-03-10 12:00:00+00:00,0.17349,signal_reverse,False,0.17857109999999998,,False,100.0,1.0,100.0,100.0,576.8010613139528,-0.06921612735767953,0.3201038241910365,0.0,-0.389319951548716
p581,DOGEUSDT,1,2024-03-10 13:00:00+00:00,0.17349,2024-03-10 14:00:00+00:00,0.1682853,initial_sl,False,0.1682853,,False,100.0,1.0,100.0,100.0,576.4020981036371,-3.0000000000000036,0.3155,0.0,-3.3155000000000037
p582,DOGEUSDT,1,2024-03-10 15:00:00+00:00,0.17029,2024-03-10 16:00:00+00:00,0.17197,signal_reverse,False,0.1651813,,False,100.0,1.0,100.0,100.0,587.2335427799636,0.9865523518703476,0.32147982852780554,0.0,0.6650725233425421
p583,DOGEUSDT,-1,2024-03-10 17:00:00+00:00,0.17197,2024-03-10 17:00:00+00:00,0.17301,signal_reverse,False,0.1771291,,False,100.0,1.0,100.0,100.0,581.4967726929115,-0.6047566436006194,0.3209071349654009,0.0,-0.9256637785660203
p584,DOGEUSDT,1,2024-03-10 18:00:00+00:00,0.17301,2024-03-10 19:00:00+00:00,0.17359,signal_reverse,False,0.1678197,,False,100.0,1.0,100.0,100.0,578.0012716027975,0.3352407375296209,0.32050286110629445,0.0,0.014737876423326468
p585,DOGEUSDT,-1,2024-03-10 20:00:00+00:00,0.17359,2024-03-10 20:00:00+00:00,0.17284,signal_reverse,False,0.1787977,,False,100.0,1.0,100.0,100.0,576.0700501180944,0.4320525375885712,0.3193519211936172,0.0,0.11270061639495399
p586,DOGEUSDT,1,2024-03-10 21:00:00+00:00,0.17284,2024-03-10 22:00:00+00:00,0.1676548,initial_sl,False,0.1676548,,False,100.0,1.0,100.0,100.0,578.5697755149271,-3.0000000000000004,0.3155,0.0,-3.3155000000000006
p587,DOGEUSDT,1,2024-03-10 23:00:00+00:00,0.1667,2024-03-11 00:00:00+00:00,0.16169899999999998,initial_sl,False,0.16169899999999998,,False,100.0,1.0,100.0,100.0,599.880023995201,-3.0000000000000036,0.3155,0.0,-3.3155000000000037
p588,DOGEUSDT,-1,2024-03-11 01:00:00+00:00,0.16478,2024-03-11 01:00:00+00:00,0.16473,signal_reverse,False,0.1697234,,False,100.0,1.0,100.0,100.0,606.8697657482704,0.030343488287427025,0.31995448476756894,0.0,-0.28961099648014194
p589,DOGEUSDT,1,2024-03-11 02:00:00+00:00,0.16473,2024-03-11 02:00:00+00:00,0.1648,signal_reverse,False,0.1597881,,False,100.0,1.0,100.0,100.0,607.053967097675,0.04249377769684605,0.32006374066654525,0.0,-0.2775699629696992
p590,DOGEUSDT,-1,2024-03-11 03:00:00+00:00,0.1648,2024-03-11 03:00:00+00:00,0.16654,signal_reverse,False,0.169744,,False,100.0,1.0,100.0,100.0,606.7961165048544,-1.0558252427184414,0.3215837378640777,0.0,-1.3774089805825191
p591,DOGEUSDT,1,2024-03-11 04:00:00+00:00,0.16654,2024-03-11 04:00:00+00:00,0.16701,signal_reverse,False,0.1615438,,False,100.0,1.0,100.0,100.0,600.4563468235859,0.2822144830070843,0.32042332172451066,0.0,-0.03820883871742636
p592,DOGEUSDT,-1,2024-03-11 05:00:00+00:00,0.16701,2024-03-11 07:00:00+00:00,0.1720203,initial_sl,False,0.1720203,,False,100.0,1.0,100.0,100.0,598.7665409256931,-2.9999999999999973,0.3245,0.0,-3.3244999999999973
p593,DOGEUSDT,1,2024-03-11 08:00:00+00:00,0.17655,2024-03-11 08:00:00+00:00,0.1758,signal_reverse,False,0.1712535,,False,100.0,1.0,100.0,100.0,566.4117813650523,-0.4248088360237896,0.3193627867459643,0.0,-0.7441716227697539
p594,DOGEUSDT,-1,2024-03-11 09:00:00+00:00,0.1758,2024-03-11 09:00:00+00:00,0.17802,signal_reverse,False,0.181074,,False,100.0,1.0,100.0,100.0,568.8282138794084,-1.2627986348122866,0.3218941979522184,0.0,-1.584692832764505
p595,DOGEUSDT,1,2024-03-11 10:00:00+00:00,0.17802,2024-03-11 10:00:00+00:00,0.17662,signal_reverse,False,0.1726794,,False,100.0,1.0,100.0,100.0,561.7346365576901,-0.7864284911807731,0.3188203572632289,0.0,-1.105248848444002
p596,DOGEUSDT,-1,2024-03-11 11:00:00+00:00,0.17662,2024-03-11 11:00:00+00:00,0.17541,signal_reverse,False,0.18191859999999999,,False,100.0,1.0,100.0,100.0,566.1872947571056,0.6850866266560915,0.31897237006001583,0.0,0.3661142565960757
p597,DOGEUSDT,1,2024-03-11 12:00:00+00:00,0.17541,2024-03-11 16:00:00+00:00,0.17432,signal_reverse,False,0.1701477,,False,100.0,1.0,100.0,100.0,570.0929251467988,-0.6214012884100151,0.31906789806738495,0.0,-0.9404691864774
p598,DOGEUSDT,-1,2024-03-11 17:00:00+00:00,0.17432,2024-03-11 17:00:00+00:00,0.17389,signal_reverse,False,0.1795496,,False,100.0,1.0,100.0,100.0,573.6576411197797,0.24667278568151313,0.31962999082147775,0.0,-0.07295720513996462
p599,DOGEUSDT,1,2024-03-11 18:00:00+00:00,0.17389,2024-03-11 18:00:00+00:00,0.17592,signal_reverse,False,0.1686733,,False,100.0,1.0,100.0,100.0,575.0761975961815,1.1674046811202508,0.3217511070216804,0.0,0.8456535740985703
p600,DOGEUSDT,-1,2024-03-11 19:00:00+00:00,0.17592,2024-03-11 20:00:00+00:00,0.17542,signal_reverse,False,0.1811976,,False,100.0,1.0,100.0,100.0,568.4402000909505,0.2842201000454755,0.3195736698499318,0.0,-0.03535356980445631
p601,DOGEUSDT,1,2024-03-11 21:00:00+00:00,0.17542,2024-03-11 22:00:00+00:00,0.17726,signal_reverse,False,0.1701574,,False,100.0,1.0,100.0,100.0,570.060426405199,1.048911184585571,0.32157336677687837,0.0,0.7273378178086927
p602,DOGEUSDT,-1,2024-03-11 23:00:00+00:00,0.17726,2024-03-11 23:00:00+00:00,0.1825778,initial_sl,False,0.1825778,,False,100.0,1.0,100.0,100.0,564.1430666817105,-3.000000000000006,0.3245,0.0,-3.3245000000000062
p603,DOGEUSDT,-1,2024-03-12 00:00:00+00:00,0.18242,2024-03-12 01:00:00+00:00,0.17774,signal_reverse,False,0.1878926,,False,100.0,1.0,100.0,100.0,548.185505975222,2.5655081679640332,0.316151737748054,0.0,2.2493564302159794
p604,DOGEUSDT,1,2024-03-12 02:00:00+00:00,0.17774,2024-03-12 03:00:00+00:00,0.1739,signal_reverse,False,0.1724078,,False,100.0,1.0,100.0,100.0,562.6195566557893,-2.1604590975582365,0.31675931135366264,0.0,-2.477218408911899
p605,DOGEUSDT,-1,2024-03-12 04:00:00+00:00,0.1739,2024-03-12 04:00:00+00:00,0.17436,signal_reverse,False,0.179117,,False,100.0,1.0,100.0,100.0,575.0431282346176,-0.2645198389879173,0.3203967797584819,0.0,-0.5849166187463992
p606,DOGEUSDT,1,2024-03-12 05:00:00+00:00,0.17436,2024-03-12 08:00:00+00:00,0.16912919999999998,initial_sl,False,0.16912919999999998,,False,100.0,1.0,100.0,100.0,573.5260380821289,-3.0000000000000044,0.3155,0.0,-3.3155000000000046
p607,DOGEUSDT,-1,2024-03-12 09:00:00+00:00,0.17007,2024-03-12 09:00:00+00:00,0.17083,signal_reverse,False,0.1751721,,False,100.0,1.0,100.0,100.0,587.9931792791203,-0.4468748162521377,0.32067031222437825,0.0,-0.767545128476516
p608,DOGEUSDT,1,2024-03-12 10:00:00+00:00,0.17083,2024-03-12 10:00:00+00:00,0.17076,signal_reverse,False,0.16570510000000002,,False,100.0,1.0,100.0,100.0,585.3772756541591,-0.040976409295799626,0.3199385353860563,0.0,-0.3609149446818559
p609,DOGEUSDT,-1,2024-03-12 11:00:00+00:00,0.17076,2024-03-12 14:00:00+00:00,0.16881,signal_reverse,False,0.1758828,,False,100.0,1.0,100.0,100.0,585.6172405715624,1.141953619114551,0.3182870695713282,0.0,0.8236665495432227
p610,DOGEUSDT,1,2024-03-12 15:00:00+00:00,0.16881,2024-03-12 17:00:00+00:00,0.1637457,initial_sl,False,0.1637457,,False,100.0,1.0,100.0,100.0,592.3819678928974,-2.9999999999999964,0.3155,0.0,-3.3154999999999966
p611,DOGEUSDT,1,2024-03-12 18:00:00+00:00,0.16563,2024-03-12 19:00:00+00:00,0.16775,signal_reverse,False,0.1606611,,False,100.0,1.0,100.0,100.0,603.7553583288052,1.2799613596570736,0.32191994203948565,0.0,0.958041417617588
p612,DOGEUSDT,-1,2024-03-12 20:00:00+00:00,0.16775,2024-03-12 20:00:00+00:00,0.16544,signal_reverse,False,0.1727825,,False,100.0,1.0,100.0,100.0,596.1251862891207,1.3770491803278728,0.3179344262295082,0.0,1.0591147540983648
p613,DOGEUSDT,1,2024-03-12 21:00:00+00:00,0.16544,2024-03-12 22:00:00+00:00,0.16616,signal_reverse,False,0.1604768,,False,100.0,1.0,100.0,100.0,604.448742746615,0.43520309477756186,0.3206528046421664,0.0,0.11455029013539547
p614,DOGEUSDT,-1,2024-03-12 23:00:00+00:00,0.16616,2024-03-12 23:00:00+00:00,0.16836,signal_reverse,False,0.1711448,,False,100.0,1.0,100.0,100.0,601.8295618680789,-1.3240250361097783,0.3219860375541647,0.0,-1.646011073663943
p615,DOGEUSDT,1,2024-03-13 00:00:00+00:00,0.16836,2024-03-13 00:00:00+00:00,0.16761,signal_reverse,False,0.16330920000000002,,False,100.0,1.0,100.0,100.0,593.9653124257543,-0.4454739843193161,0.31933178902352105,0.0,-0.7648057733428372
p616,DOGEUSDT,-1,2024-03-13 01:00:00+00:00,0.16761,2024-03-13 01:00:00+00:00,0.17071,signal_reverse,False,0.17263830000000002,,False,100.0,1.0,100.0,100.0,596.6231131794045,-1.849531650856149,0.3227742974762843,0.0,-2.172305948332433
p617,DOGEUSDT,1,2024-03-13 02:00:00+00:00,0.17071,2024-03-13 02:00:00+00:00,0.17305,signal_reverse,False,0.1655887,,False,100.0,1.0,100.0,100.0,585.7887645714956,1.3707457090973048,0.32205611856364597,0.0,1.0486895905336588
p618,DOGEUSDT,-1,2024-03-13 03:00:00+00:00,0.17305,2024-03-13 08:00:00+00:00,0.17298,signal_reverse,False,0.1782415,,False,100.0,1.0,100.0,100.0,577.8676683039583,0.04045073678128546,0.3199393238948281,0.0,-0.27948858711354263
p619,DOGEUSDT,1,2024-03-13 09:00:00+00:00,0.17298,2024-03-13 09:00:00+00:00,0.17149,signal_reverse,False,0.16779059999999998,,False,100.0,1.0,100.0,100.0,578.1015146259683,-0.8613712567926878,0.318707943114811,0.0,-1.1800791999074987
p620,DOGEUSDT,-1,2024-03-13 10:00:00+00:00,0.17149,2024-03-13 10:00:00+00:00,0.17038,signal_reverse,False,0.1766347,,False,100.0,1.0,100.0,100.0,583.1243804303458,0.6472680622776837,0.3190290979065835,0.0,0.32823896437110023
p621,DOGEUSDT,1,2024-03-13 11:00:00+00:00,0.17038,2024-03-13 13:00:00+00:00,0.16526860000000002,initial_sl,False,0.16526860000000002,,False,100.0,1.0,100.0,100.0,586.9233478107759,-2.999999999999993,0.3155,0.0,-3.315499999999993
p622,DOGEUSDT,1,2024-03-13 14:00:00+00:00,0.16703,2024-03-13 19:00:00+00:00,0.16919,signal_reverse,False,0.1620191,,False,100.0,1.0,100.0,100.0,598.6948452373824,1.2931808657127433,0.3219397712985691,0.0,0.9712410944141742
p623,DOGEUSDT,-1,2024-03-13 20:00:00+00:00,0.16919,2024-03-13 20:00:00+00:00,0.16849,signal_reverse,False,0.1742657,,False,100.0,1.0,100.0,100.0,591.0514805839589,0.4137360364087749,0.3193793959453869,0.0,0.09435664046338799
p624,DOGEUSDT,1,2024-03-13 21:00:00+00:00,0.16849,2024-03-13 21:00:00+00:00,0.16955,signal_reverse,False,0.1634353,,False,100.0,1.0,100.0,100.0,593.5070330583418,0.6291174550418455,0.3209436761825628,0.0,0.30817377885928265
p625,DOGEUSDT,-1,2024-03-13 22:00:00+00:00,0.16955,2024-03-13 22:00:00+00:00,0.16854,signal_reverse,False,0.1746365,,False,100.0,1.0,100.0,100.0,589.7965202005308,0.5956944854025426,0.3191064582718962,0.0,0.27658802713064634
p626,DOGEUSDT,1,2024-03-13 23:00:00+00:00,0.16854,2024-03-13 23:00:00+00:00,0.16911,signal_reverse,False,0.16348379999999998,,False,100.0,1.0,100.0,100.0,593.3309600094933,0.33819864720542003,0.3205072979708081,0.0,0.01769134923461191
p627,DOGEUSDT,-1,2024-03-14 00:00:00+00:00,0.16911,2024-03-14 00:00:00+00:00,0.16691,signal_reverse,False,0.1741833,,False,100.0,1.0,100.0,100.0,591.3310862752055,1.3009283898054567,0.31804860741529184,0.0,0.9828797823901648
p628,DOGEUSDT,1,2024-03-14 01:00:00+00:00,0.16691,2024-03-14 01:00:00+00:00,0.16722,signal_reverse,False,0.1619027,,False,100.0,1.0,100.0,100.0,599.1252770954407,0.18572883589958944,0.32027859325384944,0.0,-0.13454975735426
p629,DOGEUSDT,-1,2024-03-14 02:00:00+00:00,0.16722,2024-03-14 03:00:00+00:00,0.17223660000000002,initial_sl,False,0.17223660000000002,,False,100.0,1.0,100.0,100.0,598.0145915560339,-3.0000000000000058,0.3245,0.0,-3.324500000000006
p630,DOGEUSDT,1,2024-03-14 04:00:00+00:00,0.1732,2024-03-14 04:00:00+00:00,0.17884,signal_reverse,False,0.168004,,False,100.0,1.0,100.0,100.0,577.3672055427252,3.2563510392609736,0.3248845265588915,0.0,2.931466512702082
p631,DOGEUSDT,-1,2024-03-14 05:00:00+00:00,0.17884,2024-03-14 05:00:00+00:00,0.18420519999999999,initial_sl,False,0.18420519999999999,,False,100.0,1.0,100.0,100.0,559.1590248266607,-2.9999999999999925,0.3245,0.0,-3.3244999999999925
p632,DOGEUSDT,-1,2024-03-14 06:00:00+00:00,0.18533,2024-03-14 08:00:00+00:00,0.18502,signal_reverse,False,0.1908899,,False,100.0,1.0,100.0,100.0,539.5780499649275,0.16726919548913005,0.3197490962067663,0.0,-0.15247990071763623
p633,DOGEUSDT,1,2024-03-14 09:00:00+00:00,0.18502,2024-03-14 09:00:00+00:00,0.18603,signal_reverse,False,0.1794694,,False,100.0,1.0,100.0,100.0,540.4821100421576,0.5458869311425851,0.3208188303967139,0.0,0.22506810074587125
p634,DOGEUSDT,-1,2024-03-14 10:00:00+00:00,0.18603,2024-03-14 11:00:00+00:00,0.18342,signal_reverse,False,0.1916109,,False,100.0,1.0,100.0,100.0,537.5477073590281,1.4029995162070639,0.31789550072568945,0.0,1.0851040154813745
p635,DOGEUSDT,1,2024-03-14 12:00:00+00:00,0.18342,2024-03-14 12:00:00+00:00,0.18618,signal_reverse,False,0.1779174,,False,100.0,1.0,100.0,100.0,545.1968160505943,1.5047432122996471,0.3222571148184495,0.0,1.1824860974811977
p636,DOGEUSDT,-1,2024-03-14 13:00:00+00:00,0.18618,2024-03-14 15:00:00+00:00,0.17287,signal_reverse,False,0.1917654,,False,100.0,1.0,100.0,100.0,537.1146202599634,7.148995595660122,0.30927650660650985,0.0,6.839719089053612
p637,DOGEUSDT,1,2024-03-14 16:00:00+00:00,0.17287,2024-03-14 19:00:00+00:00,0.1676839,initial_sl,False,0.1676839,,False,100.0,1.0,100.0,100.0,578.469370046856,-2.9999999999999996,0.3155,0.0,-3.3154999999999997
p638,DOGEUSDT,-1,2024-03-14 20:00:00+00:00,0.17001,2024-03-14 20:00:00+00:00,0.1751103,initial_sl,False,0.1751103,,False,100.0,1.0,100.0,100.0,588.200694076819,-3.000000000000001,0.3245,0.0,-3.324500000000001
p639,DOGEUSDT,1,2024-03-14 21:00:00+00:00,0.17512,2024-03-14 21:00:00+00:00,0.17691,signal_reverse,False,0.1698664,,False,100.0,1.0,100.0,100.0,571.0370031978073,1.022156235724083,0.32153323435358616,0.0,0.7006230013704968
p640,DOGEUSDT,-1,2024-03-14 22:00:00+00:00,0.17691,2024-03-15 01:00:00+00:00,0.17842,signal_reverse,False,0.1822173,,False,100.0,1.0,100.0,100.0,565.2591713300548,-0.8535413487083734,0.32128031202306256,0.0,-1.174821660731436
p641,DOGEUSDT,1,2024-03-15 02:00:00+00:00,0.17842,2024-03-15 02:00:00+00:00,0.17306739999999998,initial_sl,False,0.17306739999999998,,False,100.0,1.0,100.0,100.0,560.475283040018,-3.0000000000000075,0.3155,0.0,-3.3155000000000077
p642,DOGEUSDT,-1,2024-03-15 03:00:00+00:00,0.17128,2024-03-15 03:00:00+00:00,0.16703,signal_reverse,False,0.17641839999999998,,False,100.0,1.0,100.0,100.0,583.8393274170949,2.481317141522639,0.3162780242877161,0.0,2.1650391172349233
p643,DOGEUSDT,1,2024-03-15 04:00:00+00:00,0.16703,2024-03-15 04:00:00+00:00,0.1620191,initial_sl,False,0.1620191,,False,100.0,1.0,100.0,100.0,598.6948452373824,-3.000000000000007,0.3155,0.0,-3.315500000000007
p644,DOGEUSDT,1,2024-03-15 05:00:00+00:00,0.16314,2024-03-15 09:00:00+00:00,0.15824580000000002,initial_sl,False,0.15824580000000002,,False,100.0,1.0,100.0,100.0,612.9704548240775,-2.9999999999999925,0.3155,0.0,-3.3154999999999926
p645,DOGEUSDT,1,2024-03-15 10:00:00+00:00,0.16099,2024-03-15 11:00:00+00:00,0.1561603,initial_sl,False,0.1561603,,False,100.0,1.0,100.0,100.0,621.1565935772409,-2.9999999999999956,0.3155,0.0,-3.3154999999999957
p646,DOGEUSDT,1,2024-03-15 12:00:00+00:00,0.16064,2024-03-15 19:00:00+00:00,0.1624,signal_reverse,False,0.1558208,,False,100.0,1.0,100.0,100.0,622.5099601593625,1.095617529880468,0.32164342629482073,0.0,0.7739741035856473
p647,DOGEUSDT,-1,2024-03-15 20:00:00+00:00,0.1624,2024-03-15 21:00:00+00:00,0.16071,signal_reverse,False,0.16727199999999998,,False,100.0,1.0,100.0,100.0,615.7635467980296,1.0406403940886682,0.318439039408867,0.0,0.7222013546798012
p648,DOGEUSDT,1,2024-03-15 22:00:00+00:00,0.16071,2024-03-16 01:00:00+00:00,0.16353,signal_reverse,False,0.1558887,,False,100.0,1.0,100.0,100.0,622.2388152572958,1.7547134590255846,0.32263207018853834,0.0,1.4320813888370463
p649,DOGEUSDT,-1,2024-03-16 02:00:00+00:00,0.16353,2024-03-16 04:00:00+00:00,0.16104,signal_reverse,False,0.1684359,,False,100.0,1.0,100.0,100.0,611.5085916957133,1.5226563933223385,0.31771601541001654,0.0,1.204940377912322
p650,DOGEUSDT,1,2024-03-16 05:00:00+00:00,0.16104,2024-03-16 05:00:00+00:00,0.16028,signal_reverse,False,0.15620879999999998,,False,100.0,1.0,100.0,100.0,620.9637357178341,-0.4719324391455433,0.31929210134128166,0.0,-0.791224540486825
p651,DOGEUSDT,-1,2024-03-16 06:00:00+00:00,0.16028,2024-03-16 06:00:00+00:00,0.16157,signal_reverse,False,0.1650884,,False,100.0,1.0,100.0,100.0,623.9081607187421,-0.8048415273271684,0.3212072622909908,0.0,-1.1260487896181592
p652,DOGEUSDT,1,2024-03-16 07:00:00+00:00,0.16157,2024-03-16 07:00:00+00:00,0.16331,signal_reverse,False,0.1567229,,False,100.0,1.0,100.0,100.0,618.9267809618123,1.0769325988735652,0.32161539889831037,0.0,0.7553171999752548
p653,DOGEUSDT,-1,2024-03-16 08:00:00+00:00,0.16331,2024-03-16 08:00:00+00:00,0.162,signal_reverse,False,0.1682093,,False,100.0,1.0,100.0,100.0,612.332374012614,0.8021554099565277,0.3187967668850652,0.0,0.4833586430714625
p654,DOGEUSDT,1,2024-03-16 09:00:00+00:00,0.162,2024-03-16 10:00:00+00:00,0.15975,signal_reverse,False,0.15714,,False,100.0,1.0,100.0,100.0,617.283950617284,-1.3888888888888902,0.3179166666666667,0.0,-1.7068055555555568
p655,DOGEUSDT,-1,2024-03-16 11:00:00+00:00,0.15975,2024-03-16 12:00:00+00:00,0.15419,signal_reverse,False,0.1645425,,False,100.0,1.0,100.0,100.0,625.9780907668231,3.4804381846635426,0.31477934272300473,0.0,3.165658841940538
p656,DOGEUSDT,1,2024-03-16 13:00:00+00:00,0.15419,2024-03-16 15:00:00+00:00,0.15404,signal_reverse,False,0.14956429999999998,,False,100.0,1.0,100.0,100.0,648.5504896556197,-0.09728257344833224,0.3198540761398275,0.0,-0.41713664958815977
p657,DOGEUSDT,-1,2024-03-16 16:00:00+00:00,0.15404,2024-03-16 16:00:00+00:00,0.15236,signal_reverse,False,0.1586612,,False,100.0,1.0,100.0,100.0,649.1820306413917,1.0906258114775478,0.31836406128278366,0.0,0.7722617501947642
p658,DOGEUSDT,1,2024-03-16 17:00:00+00:00,0.15236,2024-03-16 17:00:00+00:00,0.1477892,initial_sl,False,0.1477892,,False,100.0,1.0,100.0,100.0,656.3402467839328,-2.9999999999999907,0.3155,0.0,-3.315499999999991
p659,DOGEUSDT,1,2024-03-16 18:00:00+00:00,0.14801,2024-03-16 18:00:00+00:00,0.1435697,initial_sl,False,0.1435697,,False,100.0,1.0,100.0,100.0,675.6300249983109,-3.0000000000000053,0.3155,0.0,-3.3155000000000054
p660,DOGEUSDT,1,2024-03-16 19:00:00+00:00,0.143,2024-03-16 22:00:00+00:00,0.14241,signal_reverse,False,0.13871,,False,100.0,1.0,100.0,100.0,699.3006993006993,-0.41258741258739823,0.319381118881119,0.0,-0.7319685314685171
p661,DOGEUSDT,-1,2024-03-16 23:00:00+00:00,0.14241,2024-03-17 00:00:00+00:00,0.14061,signal_reverse,False,0.14668230000000002,,False,100.0,1.0,100.0,100.0,702.1978793624043,1.263956182852325,0.3181040657257216,0.0,0.9458521171266033
p662,DOGEUSDT,1,2024-03-17 01:00:00+00:00,0.14061,2024-03-17 10:00:00+00:00,0.15056,signal_reverse,False,0.1363917,,False,100.0,1.0,100.0,100.0,711.1869710546902,7.076310361994158,0.33061446554299123,0.0,6.745695896451166
p663,DOGEUSDT,-1,2024-03-17 11:00:00+00:00,0.15056,2024-03-17 12:00:00+00:00,0.14687,signal_reverse,False,0.1550768,,False,100.0,1.0,100.0,100.0,664.1870350690755,2.450850159404888,0.3163237247608927,0.0,2.134526434643995
p664,DOGEUSDT,1,2024-03-17 13:00:00+00:00,0.14687,2024-03-17 13:00:00+00:00,0.14973,signal_reverse,False,0.1424639,,False,100.0,1.0,100.0,100.0,680.8742425274052,1.9473003336283796,0.3229209505004426,0.0,1.624379383127937
p665,DOGEUSDT,-1,2024-03-17 14:00:00+00:00,0.14973,2024-03-17 15:00:00+00:00,0.1542219,initial_sl,False,0.1542219,,False,100.0,1.0,100.0,100.0,667.8688305616777,-2.999999999999995,0.3245,0.0,-3.324499999999995
p666,DOGEUSDT,1,2024-03-17 16:00:00+00:00,0.15295,2024-03-17 16:00:00+00:00,0.1512,signal_reverse,False,0.1483615,,False,100.0,1.0,100.0,100.0,653.8084341288003,-1.1441647597254014,0.31828375286041194,0.0,-1.4624485125858133
p667,DOGEUSDT,-1,2024-03-17 17:00:00+00:00,0.1512,2024-03-17 17:00:00+00:00,0.155736,initial_sl,False,0.155736,,False,100.0,1.0,100.0,100.0,661.3756613756614,-3.000000000000008,0.3245,0.0,-3.324500000000008
p668,DOGEUSDT,1,2024-03-17 18:00:00+00:00,0.15668,2024-03-17 18:00:00+00:00,0.15333,signal_reverse,False,0.15197960000000002,,False,100.0,1.0,100.0,100.0,638.2435537401071,-2.1381159050293714,0.31679282614245596,0.0,-2.4549087311718276
p669,DOGEUSDT,-1,2024-03-17 19:00:00+00:00,0.15333,2024-03-17 19:00:00+00:00,0.15472,signal_reverse,False,0.15792989999999998,,False,100.0,1.0,100.0,100.0,652.1880910454576,-0.9065414465531876,0.32135981216982984,0.0,-1.2279012587230174
p670,DOGEUSDT,1,2024-03-17 20:00:00+00:00,0.15472,2024-03-17 22:00:00+00:00,0.15392,signal_reverse,False,0.1500784,,False,100.0,1.0,100.0,100.0,646.3288521199587,-0.5170630816959638,0.31922440537745606,0.0,-0.8362874870734198
p671,DOGEUSDT,-1,2024-03-17 23:00:00+00:00,0.15392,2024-03-18 00:00:00+00:00,0.15025,signal_reverse,False,0.1585376,,False,100.0,1.0,100.0,100.0,649.6881496881497,2.3843555093555135,0.3164234667359668,0.0,2.067932042619547
p672,DOGEUSDT,1,2024-03-18 01:00:00+00:00,0.15025,2024-03-18 06:00:00+00:00,0.15045,signal_reverse,False,0.1457425,,False,100.0,1.0,100.0,100.0,665.5574043261231,0.13311148086522842,0.3201996672212979,0.0,-0.18708818635606947
p673,DOGEUSDT,-1,2024-03-18 07:00:00+00:00,0.15045,2024-03-18 07:00:00+00:00,0.14954,signal_reverse,False,0.1549635,,False,100.0,1.0,100.0,100.0,664.6726487205051,0.6048521103356558,0.3190927218344965,0.0,0.2857593885011593
p674,DOGEUSDT,1,2024-03-18 08:00:00+00:00,0.14954,2024-03-18 11:00:00+00:00,0.14831,signal_reverse,False,0.1450538,,False,100.0,1.0,100.0,100.0,668.7174000267487,-0.8225224020329068,0.3187662163969507,0.0,-1.1412886184298574
p675,DOGEUSDT,-1,2024-03-18 12:00:00+00:00,0.14831,2024-03-18 13:00:00+00:00,0.14431,signal_reverse,False,0.1527593,,False,100.0,1.0,100.0,100.0,674.2633672712561,2.6970534690850267,0.31595441979637245,0.0,2.3810990492886543
p676,DOGEUSDT,1,2024-03-18 14:00:00+00:00,0.14431,2024-03-18 19:00:00+00:00,0.14207,signal_reverse,False,0.13998069999999999,,False,100.0,1.0,100.0,100.0,692.952671332548,-1.552213983784902,0.31767167902432264,0.0,-1.8698856628092246
p677,DOGEUSDT,-1,2024-03-18 20:00:00+00:00,0.14207,2024-03-18 21:00:00+00:00,0.14359,signal_reverse,False,0.1463321,,False,100.0,1.0,100.0,100.0,703.8783698176954,-1.0698951221228925,0.32160484268318434,0.0,-1.3914999648060769
p678,DOGEUSDT,1,2024-03-18 22:00:00+00:00,0.14359,2024-03-19 00:00:00+00:00,0.14085,signal_reverse,False,0.1392823,,False,100.0,1.0,100.0,100.0,696.4273278083432,-1.908210878194855,0.3171376836827077,0.0,-2.2253485618775626
p679,DOGEUSDT,-1,2024-03-19 01:00:00+00:00,0.14085,2024-03-19 01:00:00+00:00,0.13658,signal_reverse,False,0.1450755,,False,100.0,1.0,100.0,100.0,709.9751508697195,3.0315938942136995,0.31545260915867945,0.0,2.71614128505502
p680,DOGEUSDT,1,2024-03-19 02:00:00+00:00,0.13658,2024-03-19 02:00:00+00:00,0.13575,signal_reverse,False,0.1324826,,False,100.0,1.0,100.0,100.0,732.171621027969,-0.6077024454532124,0.3190884463318202,0.0,-0.9267908917850326
p681,DOGEUSDT,-1,2024-03-19 03:00:00+00:00,0.13575,2024-03-19 04:00:00+00:00,0.13311,signal_reverse,False,0.13982250000000002,,False,100.0,1.0,100.0,100.0,736.648250460405,1.944751381215472,0.31708287292817683,0.0,1.6276685082872953
p682,DOGEUSDT,1,2024-03-19 05:00:00+00:00,0.13311,2024-03-19 07:00:00+00:00,0.1291167,initial_sl,False,0.1291167,,False,100.0,1.0,100.0,100.0,751.25835774923,-3.000000000000004,0.3155,0.0,-3.315500000000004
p683,DOGEUSDT,1,2024-03-19 08:00:00+00:00,0.13283,2024-03-19 08:00:00+00:00,0.1288451,initial_sl,False,0.1288451,,False,100.0,1.0,100.0,100.0,752.8419784687194,-3.00000000000001,0.3155,0.0,-3.3155000000000103
p684,DOGEUSDT,-1,2024-03-19 09:00:00+00:00,0.12777,2024-03-19 09:00:00+00:00,0.13064,signal_reverse,False,0.1316031,,False,100.0,1.0,100.0,100.0,782.6563356030367,-2.2462236831807245,0.3233693355247711,0.0,-2.5695930187054956
p685,DOGEUSDT,1,2024-03-19 10:00:00+00:00,0.13064,2024-03-19 11:00:00+00:00,0.1267208,initial_sl,False,0.1267208,,False,100.0,1.0,100.0,100.0,765.4623392529087,-3.0000000000000084,0.3155,0.0,-3.3155000000000086
p686,DOGEUSDT,1,2024-03-19 12:00:00+00:00,0.13057,2024-03-19 14:00:00+00:00,0.13109,signal_reverse,False,0.12665289999999998,,False,100.0,1.0,100.0,100.0,765.8727119552731,0.39825381021675765,0.3205973807153251,0.0,0.07765642950143253
p687,DOGEUSDT,-1,2024-03-19 15:00:00+00:00,0.13109,2024-03-19 15:00:00+00:00,0.13428,signal_reverse,False,0.13502270000000002,,False,100.0,1.0,100.0,100.0,762.8346937218704,-2.4334426729727654,0.3236501640094591,0.0,-2.7570928369822245
p688,DOGEUSDT,1,2024-03-19 16:00:00+00:00,0.13428,2024-03-19 17:00:00+00:00,0.13423,signal_reverse,False,0.13025160000000002,,False,100.0,1.0,100.0,100.0,744.7125409591897,-0.037235627047976054,0.31994414655942804,0.0,-0.3571797736074041
p689,DOGEUSDT,-1,2024-03-19 18:00:00+00:00,0.13423,2024-03-19 18:00:00+00:00,0.13367,signal_reverse,False,0.1382569,,False,100.0,1.0,100.0,100.0,744.9899426357745,0.4171943678760167,0.319374208448186,0.0,0.09782015942783073
p690,DOGEUSDT,1,2024-03-19 19:00:00+00:00,0.13367,2024-03-19 20:00:00+00:00,0.132,signal_reverse,False,0.12965990000000002,,False,100.0,1.0,100.0,100.0,748.1110196753198,-1.2493454028577875,0.3181259818957134,0.0,-1.567471384753501
p691,DOGEUSDT,-1,2024-03-19 21:00:00+00:00,0.132,2024-03-19 21:00:00+00:00,0.13234,signal_reverse,False,0.13596,,False,100.0,1.0,100.0,100.0,757.5757575757575,-0.25757575757576284,0.3203863636363637,0.0,-0.5779621212121265
p692,DOGEUSDT,1,2024-03-19 22:00:00+00:00,0.13234,2024-03-19 22:00:00+00:00,0.1283698,initial_sl,False,0.1283698,,False,100.0,1.0,100.0,100.0,755.6294393229559,-3.000000000000005,0.3155,0.0,-3.315500000000005
p693,DOGEUSDT,-1,2024-03-19 23:00:00+00:00,0.12953,2024-03-19 23:00:00+00:00,0.12885,signal_reverse,False,0.1334159,,False,100.0,1.0,100.0,100.0,772.021925422682,0.5249749092874345,0.3192125376360689,0.0,0.20576237165136563
p694,DOGEUSDT,1,2024-03-20 00:00:00+00:00,0.12885,2024-03-20 00:00:00+00:00,0.13146,signal_reverse,False,0.1249845,,False,100.0,1.0,100.0,100.0,776.0962359332558,2.0256111757857984,0.3230384167636787,0.0,1.7025727590221198
p695,DOGEUSDT,-1,2024-03-20 01:00:00+00:00,0.13146,2024-03-20 02:00:00+00:00,0.12997,signal_reverse,False,0.1354038,,False,100.0,1.0,100.0,100.0,760.6876616461282,1.1334246158527244,0.31829986307622093,0.0,0.8151247527765034
p696,DOGEUSDT,1,2024-03-20 03:00:00+00:00,0.12997,2024-03-20 04:00:00+00:00,0.1260709,initial_sl,False,0.1260709,,False,100.0,1.0,100.0,100.0,769.4083249980764,-2.999999999999991,0.3155,0.0,-3.3154999999999912
p697,DOGEUSDT,-1,2024-03-20 05:00:00+00:00,0.12619,2024-03-20 05:00:00+00:00,0.12461,signal_reverse,False,0.1299757,,False,100.0,1.0,100.0,100.0,792.4558205880022,1.252080196529042,0.31812187970520645,0.0,0.9339583168238356
p698,DOGEUSDT,1,2024-03-20 06:00:00+00:00,0.12461,2024-03-20 06:00:00+00:00,0.12737,signal_reverse,False,0.1208717,,False,100.0,1.0,100.0,100.0,802.5038118931066,2.214910520824984,0.3233223657812375,0.0,1.8915881550437468
p699,DOGEUSDT,-1,2024-03-20 07:00:00+00:00,0.12737,2024-03-20 07:00:00+00:00,0.1311911,initial_sl,False,0.1311911,,False,100.0,1.0,100.0,100.0,785.1142341210646,-2.999999999999995,0.3245,0.0,-3.324499999999995
p700,DOGEUSDT,1,2024-03-20 08:00:00+00:00,0.13343,2024-03-20 10:00:00+00:00,0.13307,signal_reverse,False,0.1294271,,False,100.0,1.0,100.0,100.0,749.4566439331485,-0.26980439181593285,0.3195952934122761,0.0,-0.589399685228209
p701,DOGEUSDT,-1,2024-03-20 11:00:00+00:00,0.13307,2024-03-20 14:00:00+00:00,0.13504,signal_reverse,False,0.1370621,,False,100.0,1.0,100.0,100.0,751.4841812579846,-1.4804238370782292,0.3222206357556174,0.0,-1.8026444728338467
p702,DOGEUSDT,1,2024-03-20 15:00:00+00:00,0.13504,2024-03-20 15:00:00+00:00,0.13235,signal_reverse,False,0.1309888,,False,100.0,1.0,100.0,100.0,740.5213270142181,-1.992002369668245,0.31701199644549766,0.0,-2.3090143661137428
p703,DOGEUSDT,-1,2024-03-20 16:00:00+00:00,0.13235,2024-03-20 16:00:00+00:00,0.12981,signal_reverse,False,0.13632049999999998,,False,100.0,1.0,100.0,100.0,755.5723460521345,1.9191537589724117,0.3171212693615414,0.0,1.6020324896108704
p704,DOGEUSDT,1,2024-03-20 17:00:00+00:00,0.12981,2024-03-20 19:00:00+00:00,0.14615,signal_reverse,False,0.12591570000000002,,False,100.0,1.0,100.0,100.0,770.35667514059,12.587628071797235,0.3388814421076959,0.0,12.24874662968954
p705,DOGEUSDT,-1,2024-03-20 20:00:00+00:00,0.14615,2024-03-20 20:00:00+00:00,0.15053450000000002,initial_sl,False,0.15053450000000002,,False,100.0,1.0,100.0,100.0,684.2285323297981,-3.000000000000009,0.3245,0.0,-3.324500000000009
p706,DOGEUSDT,-1,2024-03-20 21:00:00+00:00,0.14726,2024-03-20 22:00:00+00:00,0.1516778,initial_sl,False,0.1516778,,False,100.0,1.0,100.0,100.0,679.0710308298247,-2.9999999999999996,0.3245,0.0,-3.3244999999999996
p707,DOGEUSDT,-1,2024-03-20 23:00:00+00:00,0.15168,2024-03-21 02:00:00+00:00,0.1504,signal_reverse,False,0.15623040000000002,,False,100.0,1.0,100.0,100.0,659.282700421941,0.8438818565400866,0.31873417721518993,0.0,0.5251476793248967
p708,DOGEUSDT,1,2024-03-21 03:00:00+00:00,0.1504,2024-03-21 06:00:00+00:00,0.15163,signal_reverse,False,0.14588800000000002,,False,100.0,1.0,100.0,100.0,664.8936170212766,0.8178191489361576,0.32122672872340424,0.0,0.49659242021275335
p709,DOGEUSDT,-1,2024-03-21 07:00:00+00:00,0.15163,2024-03-21 08:00:00+00:00,0.15617889999999998,initial_sl,False,0.15617889999999998,,False,100.0,1.0,100.0,100.0,659.5000989250149,-2.9999999999999964,0.3245,0.0,-3.3244999999999965
p710,DOGEUSDT,-1,2024-03-21 09:00:00+00:00,0.15345,2024-03-21 09:00:00+00:00,0.15192,signal_reverse,False,0.1580535,,False,100.0,1.0,100.0,100.0,651.6780710329098,0.9970674486803542,0.3185043988269795,0.0,0.6785630498533748
p711,DOGEUSDT,1,2024-03-21 10:00:00+00:00,0.15192,2024-03-21 13:00:00+00:00,0.15233,signal_reverse,False,0.1473624,,False,100.0,1.0,100.0,100.0,658.2411795681938,0.2698788836229553,0.32040481832543444,0.0,-0.050525934702479125
p712,DOGEUSDT,-1,2024-03-21 14:00:00+00:00,0.15233,2024-03-21 14:00:00+00:00,0.15689989999999998,initial_sl,False,0.15689989999999998,,False,100.0,1.0,100.0,100.0,656.4695069914003,-2.9999999999999925,0.3245,0.0,-3.3244999999999925
p713,DOGEUSDT,-1,2024-03-21 15:00:00+00:00,0.15592,2024-03-21 19:00:00+00:00,0.15139,signal_reverse,False,0.1605976,,False,100.0,1.0,100.0,100.0,641.3545407901488,2.905336069779378,0.31564199589533093,0.0,2.589694073884047
p714,DOGEUSDT,1,2024-03-21 20:00:00+00:00,0.15139,2024-03-21 20:00:00+00:00,0.15312,signal_reverse,False,0.1468483,,False,100.0,1.0,100.0,100.0,660.545610674417,1.1427439064667477,0.3217141158597001,0.0,0.8210297906070476
p715,DOGEUSDT,-1,2024-03-21 21:00:00+00:00,0.15312,2024-03-21 22:00:00+00:00,0.15475,signal_reverse,False,0.1577136,,False,100.0,1.0,100.0,100.0,653.0825496342737,-1.0645245559038614,0.32159678683385584,0.0,-1.3861213427377173
p716,DOGEUSDT,1,2024-03-21 23:00:00+00:00,0.15475,2024-03-21 23:00:00+00:00,0.15549,signal_reverse,False,0.1501075,,False,100.0,1.0,100.0,100.0,646.2035541195477,0.47819063004845924,0.3207172859450727,0.0,0.15747334410338654
p717,DOGEUSDT,-1,2024-03-22 00:00:00+00:00,0.15549,2024-03-22 00:00:00+00:00,0.15503,signal_reverse,False,0.16015469999999998,,False,100.0,1.0,100.0,100.0,643.1281754453663,0.29583896070486093,0.31955624155894274,0.0,-0.023717280854081813
p718,DOGEUSDT,1,2024-03-22 01:00:00+00:00,0.15503,2024-03-22 04:00:00+00:00,0.15629,signal_reverse,False,0.1503791,,False,100.0,1.0,100.0,100.0,645.0364445591176,0.8127459201444954,0.3212191188802168,0.0,0.4915268012642786
p719,DOGEUSDT,-1,2024-03-22 05:00:00+00:00,0.15629,2024-03-22 05:00:00+00:00,0.15716,signal_reverse,False,0.1609787,,False,100.0,1.0,100.0,100.0,639.8362019323052,-0.556657495681094,0.3208349862435217,0.0,-0.8774924819246157
p720,DOGEUSDT,1,2024-03-22 06:00:00+00:00,0.15716,2024-03-22 07:00:00+00:00,0.1634,signal_reverse,False,0.1524452,,False,100.0,1.0,100.0,100.0,636.2942224484602,3.970475948078389,0.32595571392211764,0.0,3.6445202341562712
p721,DOGEUSDT,-1,2024-03-22 08:00:00+00:00,0.1634,2024-03-22 09:00:00+00:00,0.16077,signal_reverse,False,0.16830199999999998,,False,100.0,1.0,100.0,100.0,611.9951040391677,1.609547123623007,0.3175856793145655,0.0,1.2919614443084415
p722,DOGEUSDT,1,2024-03-22 10:00:00+00:00,0.16077,2024-03-22 10:00:00+00:00,0.15807,signal_reverse,False,0.1559469,,False,100.0,1.0,100.0,100.0,622.0065932698886,-1.6794178018287043,0.317480873297257,0.0,-1.9968986751259612
p723,DOGEUSDT,-1,2024-03-22 11:00:00+00:00,0.15807,2024-03-22 11:00:00+00:00,0.156,signal_reverse,False,0.1628121,,False,100.0,1.0,100.0,100.0,632.6311127981274,1.3095464034921165,0.3180356803947618,0.0,0.9915107230973547
p724,DOGEUSDT,1,2024-03-22 12:00:00+00:00,0.156,2024-03-22 13:00:00+00:00,0.15132,initial_sl,False,0.15132,,False,100.0,1.0,100.0,100.0,641.025641025641,-2.9999999999999933,0.3155,0.0,-3.3154999999999935
p725,DOGEUSDT,-1,2024-03-22 14:00:00+00:00,0.1487,2024-03-22 14:00:00+00:00,0.14591,signal_reverse,False,0.153161,,False,100.0,1.0,100.0,100.0,672.4949562878278,1.8762609280430307,0.31718560860793543,0.0,1.5590753194350953
p726,DOGEUSDT,1,2024-03-22 15:00:00+00:00,0.14591,2024-03-22 18:00:00+00:00,0.15163,signal_reverse,False,0.1415327,,False,100.0,1.0,100.0,100.0,685.3539853334247,3.9202247961071723,0.3258803371941608,0.0,3.5943444589130116
p727,DOGEUSDT,-1,2024-03-22 19:00:00+00:00,0.15163,2024-03-22 19:00:00+00:00,0.15213,signal_reverse,False,0.15617889999999998,,False,100.0,1.0,100.0,100.0,659.5000989250149,-0.32975004946250774,0.3204946250741938,0.0,-0.6502446745367015
p728,DOGEUSDT,1,2024-03-22 20:00:00+00:00,0.15213,2024-03-22 21:00:00+00:00,0.15118,signal_reverse,False,0.14756609999999998,,False,100.0,1.0,100.0,100.0,657.3325445342799,-0.6244659173075519,0.31906330112403863,0.0,-0.9435292184315904
p729,DOGEUSDT,-1,2024-03-22 22:00:00+00:00,0.15118,2024-03-22 22:00:00+00:00,0.15223,signal_reverse,False,0.1557154,,False,100.0,1.0,100.0,100.0,661.4631565021828,-0.6945363143272888,0.321041804471491,0.0,-1.0155781187987798
p730,DOGEUSDT,1,2024-03-22 23:00:00+00:00,0.15223,2024-03-22 23:00:00+00:00,0.1531,signal_reverse,False,0.1476631,,False,100.0,1.0,100.0,100.0,656.9007422978387,0.571503645799126,0.3208572554686987,0.0,0.25064639033042735
p731,DOGEUSDT,-1,2024-03-23 00:00:00+00:00,0.1531,2024-03-23 01:00:00+00:00,0.15769300000000003,initial_sl,False,0.15769300000000003,,False,100.0,1.0,100.0,100.0,653.1678641410842,-3.000000000000009,0.3245,0.0,-3.324500000000009
p732,DOGEUSDT,1,2024-03-23 02:00:00+00:00,0.16215,2024-03-23 02:00:00+00:00,0.15989,signal_reverse,False,0.1572855,,False,100.0,1.0,100.0,100.0,616.7129201356769,-1.39377119950662,0.3179093432007401,0.0,-1.71168054270736
p733,DOGEUSDT,-1,2024-03-23 03:00:00+00:00,0.15989,2024-03-23 03:00:00+00:00,0.15872,signal_reverse,False,0.1646867,,False,100.0,1.0,100.0,100.0,625.4299831133904,0.7317530802426696,0.31890237037963604,0.0,0.41285070986303357
p734,DOGEUSDT,1,2024-03-23 04:00:00+00:00,0.15872,2024-03-23 04:00:00+00:00,0.16075,signal_reverse,False,0.1539584,,False,100.0,1.0,100.0,100.0,630.0403225806451,1.2789818548387122,0.3219184727822581,0.0,0.957063382056454
p735,DOGEUSDT,-1,2024-03-23 05:00:00+00:00,0.16075,2024-03-23 11:00:00+00:00,0.1637,signal_reverse,False,0.1655725,,False,100.0,1.0,100.0,100.0,622.0839813374805,-1.8351477449455726,0.3227527216174184,0.0,-2.157900466562991
p736,DOGEUSDT,1,2024-03-23 12:00:00+00:00,0.1637,2024-03-23 12:00:00+00:00,0.16684,signal_reverse,False,0.158789,,False,100.0,1.0,100.0,100.0,610.8735491753207,1.9181429444104925,0.32287721441661577,0.0,1.5952657299938768
p737,DOGEUSDT,-1,2024-03-23 13:00:00+00:00,0.16684,2024-03-23 14:00:00+00:00,0.16742,signal_reverse,False,0.17184519999999998,,False,100.0,1.0,100.0,100.0,599.3766482857828,-0.347638456005769,0.3205214576840087,0.0,-0.6681599136897777
p738,DOGEUSDT,1,2024-03-23 15:00:00+00:00,0.16742,2024-03-23 16:00:00+00:00,0.17284,signal_reverse,False,0.16239740000000003,,False,100.0,1.0,100.0,100.0,597.300203082069,3.237367100704802,0.32485605065105716,0.0,2.912511050053745
p739,DOGEUSDT,-1,2024-03-23 17:00:00+00:00,0.17284,2024-03-23 19:00:00+00:00,0.16983,signal_reverse,False,0.1780252,,False,100.0,1.0,100.0,100.0,578.5697755149271,1.7414950242999219,0.31738775746355014,0.0,1.4241072668363717
p740,DOGEUSDT,1,2024-03-23 20:00:00+00:00,0.16983,2024-03-23 22:00:00+00:00,0.16521,signal_reverse,False,0.1647351,,False,100.0,1.0,100.0,100.0,588.8241182358829,-2.7203674262497866,0.3159194488606253,0.0,-3.0362868751104117
p741,DOGEUSDT,-1,2024-03-23 23:00:00+00:00,0.16521,2024-03-23 23:00:00+00:00,0.16197,signal_reverse,False,0.1701663,,False,100.0,1.0,100.0,100.0,605.2902366684825,1.961140366805879,0.3170582894497912,0.0,1.6440820773560878
p742,DOGEUSDT,1,2024-03-24 00:00:00+00:00,0.16197,2024-03-24 00:00:00+00:00,0.16643,signal_reverse,False,0.1571109,,False,100.0,1.0,100.0,100.0,617.3982836327715,2.7535963450021557,0.32413039451750325,0.0,2.4294659504846523
p743,DOGEUSDT,-1,2024-03-24 01:00:00+00:00,0.16643,2024-03-24 02:00:00+00:00,0.1714229,initial_sl,False,0.1714229,,False,100.0,1.0,100.0,100.0,600.8532115604158,-2.999999999999997,0.3245,0.0,-3.324499999999997
p744,DOGEUSDT,-1,2024-03-24 03:00:00+00:00,0.17168,2024-03-24 11:00:00+00:00,0.17223,signal_reverse,False,0.1768304,,False,100.0,1.0,100.0,100.0,582.4790307548928,-0.32036346691518813,0.32048054520037283,0.0,-0.640844012115561
p745,DOGEUSDT,1,2024-03-24 12:00:00+00:00,0.17223,2024-03-24 12:00:00+00:00,0.17358,signal_reverse,False,0.1670631,,False,100.0,1.0,100.0,100.0,580.618939789816,0.7838355687162619,0.3211757533530744,0.0,0.4626598153631875
p746,DOGEUSDT,-1,2024-03-24 13:00:00+00:00,0.17358,2024-03-24 14:00:00+00:00,0.17362,signal_reverse,False,0.1787874,,False,100.0,1.0,100.0,100.0,576.1032377001958,-0.023044129507998896,0.320034566194262,0.0,-0.3430786957022609
p747,DOGEUSDT,1,2024-03-24 15:00:00+00:00,0.17362,2024-03-24 16:00:00+00:00,0.17285,signal_reverse,False,0.1684114,,False,100.0,1.0,100.0,100.0,575.9705103098721,-0.44349729293859746,0.31933475406059214,0.0,-0.7628320469991896
p748,DOGEUSDT,-1,2024-03-24 17:00:00+00:00,0.17285,2024-03-24 17:00:00+00:00,0.1707,signal_reverse,False,0.1780355,,False,100.0,1.0,100.0,100.0,578.5363031530228,1.2438530517790065,0.3181342204223315,0.0,0.925718831356675
p749,DOGEUSDT,1,2024-03-24 18:00:00+00:00,0.1707,2024-03-24 19:00:00+00:00,0.17405,signal_reverse,False,0.165579,,False,100.0,1.0,100.0,100.0,585.8230814294084,1.9625073227885295,0.3229437609841828,0.0,1.6395635618043467
p750,DOGEUSDT,-1,2024-03-24 20:00:00+00:00,0.17405,2024-03-24 21:00:00+00:00,0.1792715,initial_sl,False,0.1792715,,False,100.0,1.0,100.0,100.0,574.5475438092502,-2.9999999999999942,0.3245,0.0,-3.3244999999999942
p751,DOGEUSDT,-1,2024-03-24 22:00:00+00:00,0.1782,2024-03-24 22:00:00+00:00,0.17647,signal_reverse,False,0.183546,,False,100.0,1.0,100.0,100.0,561.1672278338945,0.9708193041526426,0.318543771043771,0.0,0.6522755331088717
p752,DOGEUSDT,1,2024-03-24 23:00:00+00:00,0.17647,2024-03-25 02:00:00+00:00,0.17289,signal_reverse,False,0.1711759,,False,100.0,1.0,100.0,100.0,566.6685555618519,-2.02867342891143,0.31695698985663284,0.0,-2.3456304187680628
p753,DOGEUSDT,-1,2024-03-25 03:00:00+00:00,0.17289,2024-03-25 06:00:00+00:00,0.17239,signal_reverse,False,0.17807669999999998,,False,100.0,1.0,100.0,100.0,578.4024524263983,0.28920122621319944,0.3195661981606802,0.0,-0.03036497194748078
p754,DOGEUSDT,1,2024-03-25 07:00:00+00:00,0.17239,2024-03-25 10:00:00+00:00,0.17193,signal_reverse,False,0.1672183,,False,100.0,1.0,100.0,100.0,580.0800510470445,-0.2668368234816336,0.3195997447647776,0.0,-0.5864365682464112
p755,DOGEUSDT,-1,2024-03-25 11:00:00+00:00,0.17193,2024-03-25 11:00:00+00:00,0.17072,signal_reverse,False,0.1770879,,False,100.0,1.0,100.0,100.0,581.6320595591229,0.7037747920665323,0.31894433781190024,0.0,0.384830454254632
p756,DOGEUSDT,1,2024-03-25 12:00:00+00:00,0.17072,2024-03-25 14:00:00+00:00,0.18231,signal_reverse,False,0.1655984,,False,100.0,1.0,100.0,100.0,585.7544517338331,6.788894095595119,0.3301833411433927,0.0,6.458710754451727
p757,DOGEUSDT,-1,2024-03-25 15:00:00+00:00,0.18231,2024-03-25 15:00:00+00:00,0.18319,signal_reverse,False,0.1877793,,False,100.0,1.0,100.0,100.0,548.516263507213,-0.482694311886343,0.32072404146782957,0.0,-0.8034183533541726
p758,DOGEUSDT,1,2024-03-25 16:00:00+00:00,0.18319,2024-03-25 16:00:00+00:00,0.18254,signal_reverse,False,0.1776943,,False,100.0,1.0,100.0,100.0,545.881325399858,-0.35482286150989895,0.31946776570773516,0.0,-0.6742906272176341
p759,DOGEUSDT,-1,2024-03-25 17:00:00+00:00,0.18254,2024-03-25 19:00:00+00:00,0.18049,signal_reverse,False,0.1880162,,False,100.0,1.0,100.0,100.0,547.8251342171578,1.1230415251451715,0.3183154377122822,0.0,0.8047260874328893
p760,DOGEUSDT,1,2024-03-25 20:00:00+00:00,0.18049,2024-03-25 21:00:00+00:00,0.17722,signal_reverse,False,0.17507530000000002,,False,100.0,1.0,100.0,100.0,554.0473156407556,-1.8117347221452835,0.3172823979167821,0.0,-2.129017120062066
p761,DOGEUSDT,-1,2024-03-25 22:00:00+00:00,0.17722,2024-03-25 22:00:00+00:00,0.17703,signal_reverse,False,0.1825366,,False,100.0,1.0,100.0,100.0,564.2703983749013,0.10721137569122885,0.3198391829364632,0.0,-0.21262780724523433
p762,DOGEUSDT,1,2024-03-25 23:00:00+00:00,0.17703,2024-03-26 02:00:00+00:00,0.17876,signal_reverse,False,0.17171909999999999,,False,100.0,1.0,100.0,100.0,564.8760097158674,0.9772354968084559,0.3214658532452127,0.0,0.6557696435632432
p763,DOGEUSDT,-1,2024-03-26 03:00:00+00:00,0.17876,2024-03-26 08:00:00+00:00,0.1841228,initial_sl,False,0.1841228,,False,100.0,1.0,100.0,100.0,559.4092638174088,-3.0000000000000004,0.3245,0.0,-3.3245000000000005
p764,DOGEUSDT,1,2024-03-26 09:00:00+00:00,0.18348,2024-03-26 09:00:00+00:00,0.18423,signal_reverse,False,0.1779756,,False,100.0,1.0,100.0,100.0,545.0185306300414,0.4087638979725314,0.32061314584695877,0.0,0.0881507521255726
p765,DOGEUSDT,-1,2024-03-26 10:00:00+00:00,0.18423,2024-03-26 10:00:00+00:00,0.18478,signal_reverse,False,0.1897569,,False,100.0,1.0,100.0,100.0,542.7997611681051,-0.298539868642455,0.3204478098029637,0.0,-0.6189876784454187
p766,DOGEUSDT,1,2024-03-26 11:00:00+00:00,0.18478,2024-03-26 14:00:00+00:00,0.1792366,initial_sl,False,0.1792366,,False,100.0,1.0,100.0,100.0,541.1841108345059,-3.0000000000000018,0.3155,0.0,-3.315500000000002
p767,DOGEUSDT,1,2024-03-26 15:00:00+00:00,0.17964,2024-03-26 16:00:00+00:00,0.17655,signal_reverse,False,0.17425079999999998,,False,100.0,1.0,100.0,100.0,556.66889334224,-1.7201068804275115,0.3174198396793588,0.0,-2.0375267201068703
p768,DOGEUSDT,-1,2024-03-26 17:00:00+00:00,0.17655,2024-03-26 17:00:00+00:00,0.17851,signal_reverse,False,0.18184650000000002,,False,100.0,1.0,100.0,100.0,566.4117813650523,-1.1101670914754966,0.32166525063721324,0.0,-1.43183234211271
p769,DOGEUSDT,1,2024-03-26 18:00:00+00:00,0.17851,2024-03-26 18:00:00+00:00,0.17819,signal_reverse,False,0.1731547,,False,100.0,1.0,100.0,100.0,560.1927062909641,-0.17926166601311677,0.3197311075009803,0.0,-0.4989927735140971
p770,DOGEUSDT,-1,2024-03-26 19:00:00+00:00,0.17819,2024-03-26 20:00:00+00:00,0.17951,signal_reverse,False,0.1835357,,False,100.0,1.0,100.0,100.0,561.1987204669174,-0.7407823110163397,0.32111117346652457,0.0,-1.0618934844828642
p771,DOGEUSDT,1,2024-03-26 21:00:00+00:00,0.17951,2024-03-26 21:00:00+00:00,0.18151,signal_reverse,False,0.1741247,,False,100.0,1.0,100.0,100.0,557.0720294134031,1.1141440588268072,0.32167121608824023,0.0,0.792472842738567
p772,DOGEUSDT,-1,2024-03-26 22:00:00+00:00,0.18151,2024-03-27 01:00:00+00:00,0.18202,signal_reverse,False,0.1869553,,False,100.0,1.0,100.0,100.0,550.933832846675,-0.2809762547517947,0.32042146438212765,0.0,-0.6013977191339224
p773,DOGEUSDT,1,2024-03-27 02:00:00+00:00,0.18202,2024-03-27 03:00:00+00:00,0.1845,signal_reverse,False,0.17655939999999998,,False,100.0,1.0,100.0,100.0,549.390176903637,1.3624876387210252,0.3220437314580816,0.0,1.0404439072629437
p774,DOGEUSDT,-1,2024-03-27 04:00:00+00:00,0.1845,2024-03-27 05:00:00+00:00,0.18956,signal_reverse,False,0.190035,,False,100.0,1.0,100.0,100.0,542.0054200542005,-2.7425474254742594,0.3241138211382114,0.0,-3.0666612466124707
p775,DOGEUSDT,1,2024-03-27 06:00:00+00:00,0.18956,2024-03-27 06:00:00+00:00,0.18868,signal_reverse,False,0.18387320000000001,,False,100.0,1.0,100.0,100.0,527.5374551593163,-0.46423296054020874,0.3193036505591897,0.0,-0.7835366110993984
p776,DOGEUSDT,-1,2024-03-27 07:00:00+00:00,0.18868,2024-03-27 08:00:00+00:00,0.18116,signal_reverse,False,0.1943404,,False,100.0,1.0,100.0,100.0,529.99788000848,3.985584057663769,0.3140216239135044,0.0,3.671562433750265
p777,DOGEUSDT,1,2024-03-27 09:00:00+00:00,0.18116,2024-03-27 10:00:00+00:00,0.18338,signal_reverse,False,0.1757252,,False,100.0,1.0,100.0,100.0,551.9982336056524,1.2254360786045484,0.32183815411790684,0.0,0.9035979244866416
p778,DOGEUSDT,-1,2024-03-27 11:00:00+00:00,0.18338,2024-03-27 11:00:00+00:00,0.18681,signal_reverse,False,0.18888139999999998,,False,100.0,1.0,100.0,100.0,545.3157378121933,-1.870432980695832,0.3228056494710438,0.0,-2.1932386301668756
p779,DOGEUSDT,1,2024-03-27 12:00:00+00:00,0.18681,2024-03-27 13:00:00+00:00,0.18493,signal_reverse,False,0.1812057,,False,100.0,1.0,100.0,100.0,535.3032492907232,-1.0063701086665557,0.3184904448370002,0.0,-1.324860553503556
p780,DOGEUSDT,-1,2024-03-27 14:00:00+00:00,0.18493,2024-03-27 14:00:00+00:00,0.18717,signal_reverse,False,0.1904779,,False,100.0,1.0,100.0,100.0,540.7451468123073,-1.211269128859564,0.32181690369328936,0.0,-1.5330860325528535
p781,DOGEUSDT,1,2024-03-27 15:00:00+00:00,0.18717,2024-03-27 16:00:00+00:00,0.18586,signal_reverse,False,0.1815549,,False,100.0,1.0,100.0,100.0,534.2736549660737,-0.6998984880055594,0.31895015226799167,0.0,-1.018848640273551
p782,DOGEUSDT,-1,2024-03-27 17:00:00+00:00,0.18586,2024-03-27 17:00:00+00:00,0.18583,signal_reverse,False,0.1914358,,False,100.0,1.0,100.0,100.0,538.0393844829441,0.016141181534489533,0.3199757882276983,0.0,-0.3038346066932088
p783,DOGEUSDT,1,2024-03-27 18:00:00+00:00,0.18583,2024-03-27 23:00:00+00:00,0.19087,signal_reverse,False,0.1802551,,False,100.0,1.0,100.0,100.0,538.1262444169403,2.712156271861388,0.3240682344077921,0.0,2.3880880374535955
p784,DOGEUSDT,-1,2024-03-28 00:00:00+00:00,0.19087,2024-03-28 00:00:00+00:00,0.19659610000000002,initial_sl,False,0.19659610000000002,,False,100.0,1.0,100.0,100.0,523.9168020118404,-3.0000000000000058,0.3245,0.0,-3.324500000000006
p785,DOGEUSDT,-1,2024-03-28 01:00:00+00:00,0.20404,2024-03-28 02:00:00+00:00,0.19576,signal_reverse,False,0.2101612,,False,100.0,1.0,100.0,100.0,490.0999803960008,4.058027837678891,0.3139129582434817,0.0,3.744114879435409
p786,DOGEUSDT,1,2024-03-28 03:00:00+00:00,0.19576,2024-03-28 04:00:00+00:00,0.19762,signal_reverse,False,0.18988719999999998,,False,100.0,1.0,100.0,100.0,510.82958724969353,0.9501430322844302,0.32142521454842665,0.0,0.6287178177360035
p787,DOGEUSDT,-1,2024-03-28 05:00:00+00:00,0.19762,2024-03-28 05:00:00+00:00,0.19711,signal_reverse,False,0.2035486,,False,100.0,1.0,100.0,100.0,506.02165772695076,0.2580710454407361,0.3196128934318389,0.0,-0.061541847991102794
p788,DOGEUSDT,1,2024-03-28 06:00:00+00:00,0.19711,2024-03-28 07:00:00+00:00,0.20034,signal_reverse,False,0.1911967,,False,100.0,1.0,100.0,100.0,507.330931966922,1.6386789102531494,0.32245801836537974,0.0,1.3162208918877696
p789,DOGEUSDT,-1,2024-03-28 08:00:00+00:00,0.20034,2024-03-28 10:00:00+00:00,0.20635019999999998,initial_sl,False,0.20635019999999998,,False,100.0,1.0,100.0,100.0,499.151442547669,-2.999999999999997,0.3245,0.0,-3.324499999999997
p790,DOGEUSDT,-1,2024-03-28 11:00:00+00:00,0.21529,2024-03-28 11:00:00+00:00,0.21746,signal_reverse,False,0.22174870000000002,,False,100.0,1.0,100.0,100.0,464.48975800083605,-1.0079427748618037,0.32151191416229274,0.0,-1.3294546890240966
p791,DOGEUSDT,1,2024-03-28 12:00:00+00:00,0.21746,2024-03-28 12:00:00+00:00,0.21772,signal_reverse,False,0.2109362,,False,100.0,1.0,100.0,100.0,459.85468591924956,0.11956221833900958,0.3201793433275085,0.0,-0.20061712498849893
p792,DOGEUSDT,-1,2024-03-28 13:00:00+00:00,0.21772,2024-03-28 13:00:00+00:00,0.21642,signal_reverse,False,0.2242516,,False,100.0,1.0,100.0,100.0,459.30553003858165,0.5970971890501541,0.3191043542164248,0.0,0.2779928348337293
p793,DOGEUSDT,1,2024-03-28 14:00:00+00:00,0.21642,2024-03-28 14:00:00+00:00,0.2199,signal_reverse,False,0.20992740000000001,,False,100.0,1.0,100.0,100.0,462.064504204787,1.6079844746326637,0.32241197671194904,0.0,1.2855724979207146
p794,DOGEUSDT,-1,2024-03-28 15:00:00+00:00,0.2199,2024-03-28 16:00:00+00:00,0.22018,signal_reverse,False,0.226497,,False,100.0,1.0,100.0,100.0,454.7521600727603,-0.1273306048203614,0.32019099590723055,0.0,-0.44752160072759195
p795,DOGEUSDT,1,2024-03-28 17:00:00+00:00,0.22018,2024-03-28 18:00:00+00:00,0.21942,signal_reverse,False,0.21357459999999998,,False,100.0,1.0,100.0,100.0,454.1738577527478,-0.34517213189208057,0.3194822418021619,0.0,-0.6646543736942425
p796,DOGEUSDT,-1,2024-03-28 19:00:00+00:00,0.21942,2024-03-28 19:00:00+00:00,0.2260026,initial_sl,False,0.2260026,,False,100.0,1.0,100.0,100.0,455.7469692826543,-2.9999999999999973,0.3245,0.0,-3.3244999999999973
p797,DOGEUSDT,1,2024-03-28 20:00:00+00:00,0.22755,2024-03-28 20:00:00+00:00,0.22254,signal_reverse,False,0.2207235,,False,100.0,1.0,100.0,100.0,439.4638540980004,-2.2017139090309885,0.3166974291364535,0.0,-2.518411338167442
p798,DOGEUSDT,-1,2024-03-28 21:00:00+00:00,0.22254,2024-03-28 21:00:00+00:00,0.21971,signal_reverse,False,0.22921619999999998,,False,100.0,1.0,100.0,100.0,449.3574188909859,1.2716814954614897,0.3180924777568078,0.0,0.9535890177046819
p799,DOGEUSDT,1,2024-03-28 22:00:00+00:00,0.21971,2024-03-29 01:00:00+00:00,0.21804,signal_reverse,False,0.2131187,,False,100.0,1.0,100.0,100.0,455.1454189613582,-0.7600928496654578,0.3188598607255019,0.0,-1.0789527103909595
p800,DOGEUSDT,-1,2024-03-29 02:00:00+00:00,0.21804,2024-03-29 05:00:00+00:00,0.21472,signal_reverse,False,0.2245812,,False,100.0,1.0,100.0,100.0,458.631443771785,1.522656393322334,0.31771601541001654,0.0,1.2049403779123176
p801,DOGEUSDT,1,2024-03-29 06:00:00+00:00,0.21472,2024-03-29 07:00:00+00:00,0.20991,signal_reverse,False,0.2082784,,False,100.0,1.0,100.0,100.0,465.7228017883756,-2.2401266766020775,0.31663980998509694,0.0,-2.5567664865871746
p802,DOGEUSDT,-1,2024-03-29 08:00:00+00:00,0.20991,2024-03-29 10:00:00+00:00,0.21620730000000002,initial_sl,False,0.21620730000000002,,False,100.0,1.0,100.0,100.0,476.3946453241865,-3.000000000000002,0.3245,0.0,-3.3245000000000022
p803,DOGEUSDT,1,2024-03-29 11:00:00+00:00,0.21588,2024-03-29 11:00:00+00:00,0.21399,signal_reverse,False,0.2094036,,False,100.0,1.0,100.0,100.0,463.22030757828423,-0.8754863813229457,0.3186867704280156,0.0,-1.1941731517509613
p804,DOGEUSDT,-1,2024-03-29 12:00:00+00:00,0.21399,2024-03-29 15:00:00+00:00,0.20901,signal_reverse,False,0.22040970000000001,,False,100.0,1.0,100.0,100.0,467.31155661479505,2.327211551941685,0.31650918267208744,0.0,2.0107023692695973
p805,DOGEUSDT,1,2024-03-29 16:00:00+00:00,0.20901,2024-03-29 18:00:00+00:00,0.21428,signal_reverse,False,0.2027397,,False,100.0,1.0,100.0,100.0,478.44600736806854,2.52141045882972,0.32378211568824455,0.0,2.197628343141475
p806,DOGEUSDT,-1,2024-03-29 19:00:00+00:00,0.21428,2024-03-29 20:00:00+00:00,0.21346,signal_reverse,False,0.2207084,,False,100.0,1.0,100.0,100.0,466.6791114429718,0.38267687138323103,0.3194259846929252,0.0,0.06325088669030582
p807,DOGEUSDT,1,2024-03-29 21:00:00+00:00,0.21346,2024-03-29 23:00:00+00:00,0.21331,signal_reverse,False,0.20705620000000002,,False,100.0,1.0,100.0,100.0,468.47184484212494,-0.07027077672632401,0.31989459383491053,0.0,-0.39016537056123457
p808,DOGEUSDT,-1,2024-03-30 00:00:00+00:00,0.21331,2024-03-30 02:00:00+00:00,0.21338,signal_reverse,False,0.2197093,,False,100.0,1.0,100.0,100.0,468.8012751394684,-0.03281608925975657,0.32004922413388964,0.0,-0.35286531339364624
p809,DOGEUSDT,1,2024-03-30 03:00:00+00:00,0.21338,2024-03-30 05:00:00+00:00,0.21223,signal_reverse,False,0.20697859999999998,,False,100.0,1.0,100.0,100.0,468.6474833630144,-0.5389446058674592,0.3191915830911988,0.0,-0.8581361889586581
p810,DOGEUSDT,-1,2024-03-30 06:00:00+00:00,0.21223,2024-03-30 08:00:00+00:00,0.20837,signal_reverse,False,0.2185969,,False,100.0,1.0,100.0,100.0,471.1869198511049,1.818781510625266,0.31727182773406215,0.0,1.501509682891204
p811,DOGEUSDT,1,2024-03-30 09:00:00+00:00,0.20837,2024-03-30 09:00:00+00:00,0.21032,signal_reverse,False,0.2021189,,False,100.0,1.0,100.0,100.0,479.9155348658636,0.9358352929884375,0.3214037529394827,0.0,0.6144315400489548
p812,DOGEUSDT,-1,2024-03-30 10:00:00+00:00,0.21032,2024-03-30 11:00:00+00:00,0.21121,signal_reverse,False,0.2166296,,False,100.0,1.0,100.0,100.0,475.46595663750475,-0.4231647014073801,0.32063474705211115,0.0,-0.7437994484594912
p813,DOGEUSDT,1,2024-03-30 12:00:00+00:00,0.21121,2024-03-30 14:00:00+00:00,0.20487370000000002,initial_sl,False,0.20487370000000002,,False,100.0,1.0,100.0,100.0,473.4624307561195,-2.9999999999999947,0.3155,0.0,-3.315499999999995
p814,DOGEUSDT,1,2024-03-30 15:00:00+00:00,0.20543,2024-03-30 16:00:00+00:00,0.1992671,initial_sl,False,0.1992671,,False,100.0,1.0,100.0,100.0,486.7838193058463,-2.9999999999999996,0.3155,0.0,-3.3154999999999997
p815,DOGEUSDT,-1,2024-03-30 17:00:00+00:00,0.20111,2024-03-30 17:00:00+00:00,0.20057,signal_reverse,False,0.2071433,,False,100.0,1.0,100.0,100.0,497.2403162448411,0.2685097707722205,0.3195972353438417,0.0,-0.05108746457162122
p816,DOGEUSDT,1,2024-03-30 18:00:00+00:00,0.20057,2024-03-30 18:00:00+00:00,0.20045,signal_reverse,False,0.1945529,,False,100.0,1.0,100.0,100.0,498.57904970833124,-0.05982948596500423,0.31991025577105253,0.0,-0.37973974173605674
p817,DOGEUSDT,-1,2024-03-30 19:00:00+00:00,0.20045,2024-03-30 19:00:00+00:00,0.20132,signal_reverse,False,0.2064635,,False,100.0,1.0,100.0,100.0,498.8775255674732,-0.4340234472437065,0.3206510351708656,0.0,-0.7546744824145721
p818,DOGEUSDT,1,2024-03-30 20:00:00+00:00,0.20132,2024-03-30 21:00:00+00:00,0.20011,signal_reverse,False,0.1952804,,False,100.0,1.0,100.0,100.0,496.7216371945162,-0.6010331810053591,0.319098450228492,0.0,-0.920131631233851
p819,DOGEUSDT,-1,2024-03-30 22:00:00+00:00,0.20011,2024-03-30 22:00:00+00:00,0.19989,signal_reverse,False,0.2061133,,False,100.0,1.0,100.0,100.0,499.7251511668582,0.1099395332567078,0.31983509070011495,0.0,-0.20989555744340715
p820,DOGEUSDT,1,2024-03-30 23:00:00+00:00,0.19989,2024-03-30 23:00:00+00:00,0.19942,signal_reverse,False,0.19389330000000002,,False,100.0,1.0,100.0,100.0,500.2751513332332,-0.2351293211266326,0.3196473060183101,0.0,-0.5547766271449427
p821,DOGEUSDT,-1,2024-03-31 00:00:00+00:00,0.19942,2024-03-31 00:00:00+00:00,0.203,signal_reverse,False,0.2054026,,False,100.0,1.0,100.0,100.0,501.45421722996696,-1.7952060976832955,0.322692809146525,0.0,-2.1178989068298204
p822,DOGEUSDT,1,2024-03-31 01:00:00+00:00,0.203,2024-03-31 01:00:00+00:00,0.2043,signal_reverse,False,0.19691,,False,100.0,1.0,100.0,100.0,492.61083743842363,0.6403940886699485,0.32096059113300496,0.0,0.31943349753694356
p823,DOGEUSDT,-1,2024-03-31 02:00:00+00:00,0.2043,2024-03-31 03:00:00+00:00,0.20183,signal_reverse,False,0.210429,,False,100.0,1.0,100.0,100.0,489.4762604013705,1.2090063631913852,0.31818649045521297,0.0,0.8908198727361722
p824,DOGEUSDT,1,2024-03-31 04:00:00+00:00,0.20183,2024-03-31 05:00:00+00:00,0.20649,signal_reverse,False,0.1957751,,False,100.0,1.0,100.0,100.0,495.46648169251347,2.3088738046871113,0.3234633107070307,0.0,1.9854104939800807
p825,DOGEUSDT,-1,2024-03-31 06:00:00+00:00,0.20649,2024-03-31 11:00:00+00:00,0.20719,signal_reverse,False,0.2126847,,False,100.0,1.0,100.0,100.0,484.284953266502,-0.3389994672865544,0.32050849920092983,0.0,-0.6595079664874842
p826,DOGEUSDT,1,2024-03-31 12:00:00+00:00,0.20719,2024-03-31 12:00:00+00:00,0.20687,signal_reverse,False,0.20097430000000002,,False,100.0,1.0,100.0,100.0,482.64877648535156,-0.1544476084753196,0.31976832858728704,0.0,-0.4742159370626067
p827,DOGEUSDT,-1,2024-03-31 13:00:00+00:00,0.20687,2024-03-31 14:00:00+00:00,0.2114,signal_reverse,False,0.2130761,,False,100.0,1.0,100.0,100.0,483.3953690723643,-2.1897810218978133,0.32328467153284673,0.0,-2.51306569343066
p828,DOGEUSDT,1,2024-03-31 15:00:00+00:00,0.2114,2024-03-31 15:00:00+00:00,0.21271,signal_reverse,False,0.20505800000000002,,False,100.0,1.0,100.0,100.0,473.03689687795645,0.6196783349101256,0.3209295175023652,0.0,0.2987488174077604
p829,DOGEUSDT,-1,2024-03-31 16:00:00+00:00,0.21271,2024-03-31 16:00:00+00:00,0.21206,signal_reverse,False,0.21909130000000002,,False,100.0,1.0,100.0,100.0,470.1236425179822,0.30558036763669394,0.31954162944854503,0.0,-0.013961261811851089
p830,DOGEUSDT,1,2024-03-31 17:00:00+00:00,0.21206,2024-03-31 18:00:00+00:00,0.21844,signal_reverse,False,0.2056982,,False,100.0,1.0,100.0,100.0,471.56465151372254,3.008582476657548,0.3245128737149863,0.0,2.6840696029425617
p831,DOGEUSDT,-1,2024-03-31 19:00:00+00:00,0.21844,2024-03-31 20:00:00+00:00,0.2217,signal_reverse,False,0.2249932,,False,100.0,1.0,100.0,100.0,457.7916132576451,-1.492400659219929,0.3222386009888299,0.0,-1.8146392602087589
p832,DOGEUSDT,1,2024-03-31 21:00:00+00:00,0.2217,2024-03-31 23:00:00+00:00,0.22032,signal_reverse,False,0.21504900000000002,,False,100.0,1.0,100.0,100.0,451.05999097880016,-0.6224627875507532,0.3190663058186739,0.0,-0.9415290933694271
p833,DOGEUSDT,-1,2024-04-01 00:00:00+00:00,0.22032,2024-04-01 01:00:00+00:00,0.21728,signal_reverse,False,0.22692959999999998,,False,100.0,1.0,100.0,100.0,453.8852578068265,1.3798111837327467,0.31793028322440087,0.0,1.0618809005083458
p834,DOGEUSDT,1,2024-04-01 02:00:00+00:00,0.21728,2024-04-01 03:00:00+00:00,0.21622,signal_reverse,False,0.2107616,,False,100.0,1.0,100.0,100.0,460.2356406480118,-0.487849779086895,0.31926822533136967,0.0,-0.8071180044182646
p835,DOGEUSDT,-1,2024-04-01 04:00:00+00:00,0.21622,2024-04-01 04:00:00+00:00,0.21556,signal_reverse,False,0.2227066,,False,100.0,1.0,100.0,100.0,462.49190639163817,0.3052446582184784,0.3195421330126723,0.0,-0.01429747479419391
p836,DOGEUSDT,1,2024-04-01 05:00:00+00:00,0.21556,2024-04-01 05:00:00+00:00,0.2090932,initial_sl,False,0.2090932,,False,100.0,1.0,100.0,100.0,463.90796066060494,-2.999999999999998,0.3155,0.0,-3.315499999999998
p837,DOGEUSDT,1,2024-04-01 06:00:00+00:00,0.20162,2024-04-01 13:00:00+00:00,0.20896,signal_reverse,False,0.1955714,,False,100.0,1.0,100.0,100.0,495.9825414145422,3.6405118539827463,0.3254607677809741,0.0,3.3150510862017724
p838,DOGEUSDT,-1,2024-04-01 14:00:00+00:00,0.20896,2024-04-01 14:00:00+00:00,0.2022,signal_reverse,False,0.2152288,,False,100.0,1.0,100.0,100.0,478.5604900459418,3.2350689127105743,0.31514739663093416,0.0,2.91992151607964
p839,DOGEUSDT,1,2024-04-01 15:00:00+00:00,0.2022,2024-04-01 19:00:00+00:00,0.20641,signal_reverse,False,0.196134,,False,100.0,1.0,100.0,100.0,494.5598417408507,2.082096933728991,0.3231231454005935,0.0,1.7589737883283973
p840,DOGEUSDT,-1,2024-04-01 20:00:00+00:00,0.20641,2024-04-01 21:00:00+00:00,0.20431,signal_reverse,False,0.21260230000000002,,False,100.0,1.0,100.0,100.0,484.47265151882175,1.0173925681895346,0.31847391114771567,0.0,0.6989186570418189
p841,DOGEUSDT,1,2024-04-01 22:00:00+00:00,0.20431,2024-04-01 22:00:00+00:00,0.20479,signal_reverse,False,0.1981807,,False,100.0,1.0,100.0,100.0,489.45230287308505,0.23493710537908483,0.32035240565806866,0.0,-0.08541530027898384
p842,DOGEUSDT,-1,2024-04-01 23:00:00+00:00,0.20479,2024-04-01 23:00:00+00:00,0.20514,signal_reverse,False,0.2109337,,False,100.0,1.0,100.0,100.0,488.3050930221202,-0.1709067825577368,0.32025636017383663,0.0,-0.49116314273157347
p843,DOGEUSDT,1,2024-04-02 00:00:00+00:00,0.20514,2024-04-02 00:00:00+00:00,0.20275,signal_reverse,False,0.1989858,,False,100.0,1.0,100.0,100.0,487.4719703617042,-1.1650580091644611,0.31825241298625334,0.0,-1.4833104221507145
p844,DOGEUSDT,-1,2024-04-02 01:00:00+00:00,0.20275,2024-04-02 01:00:00+00:00,0.20408,signal_reverse,False,0.2088325,,False,100.0,1.0,100.0,100.0,493.21824907521574,-0.6559802712700359,0.3209839704069051,0.0,-0.976964241676941
p845,DOGEUSDT,1,2024-04-02 02:00:00+00:00,0.20408,2024-04-02 02:00:00+00:00,0.1979576,initial_sl,False,0.1979576,,False,100.0,1.0,100.0,100.0,490.0039200313602,-3.0,0.3155,0.0,-3.3155
p846,DOGEUSDT,-1,2024-04-02 03:00:00+00:00,0.19105,2024-04-02 03:00:00+00:00,0.18864,signal_reverse,False,0.1967815,,False,100.0,1.0,100.0,100.0,523.4231876472128,1.2614498822297804,0.31810782517665537,0.0,0.943342057053125
p847,DOGEUSDT,1,2024-04-02 04:00:00+00:00,0.18864,2024-04-02 06:00:00+00:00,0.19009,signal_reverse,False,0.1829808,,False,100.0,1.0,100.0,100.0,530.1102629346904,0.7686598812553046,0.32115298982188295,0.0,0.44750689143342165
p848,DOGEUSDT,-1,2024-04-02 07:00:00+00:00,0.19009,2024-04-02 07:00:00+00:00,0.18682,signal_reverse,False,0.19579270000000001,,False,100.0,1.0,100.0,100.0,526.066600031564,1.7202377821032118,0.3174196433268452,0.0,1.4028181387763665
p849,DOGEUSDT,1,2024-04-02 08:00:00+00:00,0.18682,2024-04-02 09:00:00+00:00,0.18121540000000003,initial_sl,False,0.18121540000000003,,False,100.0,1.0,100.0,100.0,535.2745958676801,-2.999999999999993,0.3155,0.0,-3.315499999999993
p850,DOGEUSDT,1,2024-04-02 10:00:00+00:00,0.18533,2024-04-02 11:00:00+00:00,0.18454,signal_reverse,False,0.1797701,,False,100.0,1.0,100.0,100.0,539.5780499649275,-0.4262666594722847,0.31936060001079164,0.0,-0.7456272594830764
p851,DOGEUSDT,-1,2024-04-02 12:00:00+00:00,0.18454,2024-04-02 14:00:00+00:00,0.1900762,initial_sl,False,0.1900762,,False,100.0,1.0,100.0,100.0,541.8879375745096,-2.999999999999995,0.3245,0.0,-3.324499999999995
p852,DOGEUSDT,-1,2024-04-02 15:00:00+00:00,0.18746,2024-04-02 16:00:00+00:00,0.18509,signal_reverse,False,0.1930838,,False,100.0,1.0,100.0,100.0,533.447135388883,1.2642697108716439,0.3181035954336926,0.0,0.9461661154379513
p853,DOGEUSDT,1,2024-04-02 17:00:00+00:00,0.18509,2024-04-02 20:00:00+00:00,0.18469,signal_reverse,False,0.1795373,,False,100.0,1.0,100.0,100.0,540.2777027392079,-0.21611108109568936,0.3196758333783565,0.0,-0.5357869144740458
p854,DOGEUSDT,-1,2024-04-02 21:00:00+00:00,0.18469,2024-04-02 21:00:00+00:00,0.18379,signal_reverse,False,0.1902307,,False,100.0,1.0,100.0,100.0,541.4478315014348,0.4873030483512828,0.31926904542747314,0.0,0.16803400292380966
p855,DOGEUSDT,1,2024-04-02 22:00:00+00:00,0.18379,2024-04-03 00:00:00+00:00,0.1782763,initial_sl,False,0.1782763,,False,100.0,1.0,100.0,100.0,544.0992437020512,-3.0000000000000053,0.3155,0.0,-3.3155000000000054
p856,DOGEUSDT,-1,2024-04-03 01:00:00+00:00,0.17704,2024-04-03 01:00:00+00:00,0.1823512,initial_sl,False,0.1823512,,False,100.0,1.0,100.0,100.0,564.8441030275644,-2.9999999999999933,0.3245,0.0,-3.3244999999999933
p857,DOGEUSDT,1,2024-04-03 02:00:00+00:00,0.18485,2024-04-03 02:00:00+00:00,0.18562,signal_reverse,False,0.17930449999999998,,False,100.0,1.0,100.0,100.0,540.9791723018665,0.4165539626724484,0.32062483094400873,0.0,0.09592913172843964
p858,DOGEUSDT,-1,2024-04-03 03:00:00+00:00,0.18562,2024-04-03 03:00:00+00:00,0.18612,signal_reverse,False,0.19118860000000001,,False,100.0,1.0,100.0,100.0,538.7350501023597,-0.26936752505118006,0.3204040512875768,0.0,-0.5897715763387569
p859,DOGEUSDT,1,2024-04-03 04:00:00+00:00,0.18612,2024-04-03 06:00:00+00:00,0.18598,signal_reverse,False,0.1805364,,False,100.0,1.0,100.0,100.0,537.2877713303245,-0.0752202879862461,0.31988716956802066,0.0,-0.39510745755426674
p860,DOGEUSDT,-1,2024-04-03 07:00:00+00:00,0.18598,2024-04-03 07:00:00+00:00,0.18466,signal_reverse,False,0.19155940000000002,,False,100.0,1.0,100.0,100.0,537.6922249704269,0.7097537369609719,0.3189353693945586,0.0,0.3908183675664133
p861,DOGEUSDT,1,2024-04-03 08:00:00+00:00,0.18466,2024-04-03 09:00:00+00:00,0.1866,signal_reverse,False,0.17912019999999998,,False,100.0,1.0,100.0,100.0,541.5357955160837,1.0505794433012008,0.32157586916495184,0.0,0.7290035741362489
p862,DOGEUSDT,-1,2024-04-03 10:00:00+00:00,0.1866,2024-04-03 10:00:00+00:00,0.18411,signal_reverse,False,0.19219799999999998,,False,100.0,1.0,100.0,100.0,535.9056806002144,1.3344051446945298,0.31799839228295823,0.0,1.0164067524115716
p863,DOGEUSDT,1,2024-04-03 11:00:00+00:00,0.18411,2024-04-03 13:00:00+00:00,0.1785867,initial_sl,False,0.1785867,,False,100.0,1.0,100.0,100.0,543.1535495084461,-3.000000000000005,0.3155,0.0,-3.315500000000005
p864,DOGEUSDT,1,2024-04-03 14:00:00+00:00,0.17839,2024-04-03 14:00:00+00:00,0.18412,signal_reverse,False,0.1730383,,False,100.0,1.0,100.0,100.0,560.5695386512697,3.2120634564717823,0.3248180951847077,0.0,2.8872453612870745
p865,DOGEUSDT,-1,2024-04-03 15:00:00+00:00,0.18412,2024-04-03 16:00:00+00:00,0.17976,signal_reverse,False,0.1896436,,False,100.0,1.0,100.0,100.0,543.1240495329133,2.3680208559635036,0.3164479687160548,0.0,2.051572887247449
p866,DOGEUSDT,1,2024-04-03 17:00:00+00:00,0.17976,2024-04-03 18:00:00+00:00,0.1743672,initial_sl,False,0.1743672,,False,100.0,1.0,100.0,100.0,556.2972852692478,-3.0000000000000013,0.3155,0.0,-3.3155000000000014
p867,DOGEUSDT,1,2024-04-03 19:00:00+00:00,0.17677,2024-04-03 20:00:00+00:00,0.17269,signal_reverse,False,0.1714669,,False,100.0,1.0,100.0,100.0,565.706850709962,-2.3080839508966453,0.316537874073655,0.0,-2.6246218249703004
p868,DOGEUSDT,-1,2024-04-03 21:00:00+00:00,0.17269,2024-04-03 21:00:00+00:00,0.17529,signal_reverse,False,0.17787070000000002,,False,100.0,1.0,100.0,100.0,579.072326133534,-1.5055880479471835,0.3222583820719208,0.0,-1.8278464300191044
p869,DOGEUSDT,1,2024-04-03 22:00:00+00:00,0.17529,2024-04-03 23:00:00+00:00,0.17534,signal_reverse,False,0.1700313,,False,100.0,1.0,100.0,100.0,570.4831992697815,0.028524159963485934,0.3200427862399452,0.0,-0.29151862627645925
p870,DOGEUSDT,-1,2024-04-04 00:00:00+00:00,0.17534,2024-04-04 01:00:00+00:00,0.1806002,initial_sl,False,0.1806002,,False,100.0,1.0,100.0,100.0,570.3205201323144,-2.999999999999996,0.3245,0.0,-3.324499999999996
p871,DOGEUSDT,1,2024-04-04 02:00:00+00:00,0.17779,2024-04-04 04:00:00+00:00,0.1724563,initial_sl,False,0.1724563,,False,100.0,1.0,100.0,100.0,562.4613307835086,-2.9999999999999982,0.3155,0.0,-3.3154999999999983
p872,DOGEUSDT,1,2024-04-04 05:00:00+00:00,0.17509,2024-04-04 05:00:00+00:00,0.17541,signal_reverse,False,0.1698373,,False,100.0,1.0,100.0,100.0,571.1348449368896,0.18276315037981308,0.3202741447255697,0.0,-0.13751099434575662
p873,DOGEUSDT,-1,2024-04-04 06:00:00+00:00,0.17541,2024-04-04 06:00:00+00:00,0.17814,signal_reverse,False,0.1806723,,False,100.0,1.0,100.0,100.0,570.0929251467988,-1.556353685650751,0.32233453052847616,0.0,-1.878688216179227
p874,DOGEUSDT,1,2024-04-04 07:00:00+00:00,0.17814,2024-04-04 08:00:00+00:00,0.18147,signal_reverse,False,0.1727958,,False,100.0,1.0,100.0,100.0,561.3562366677894,1.8693162681037385,0.3228039744021557,0.0,1.546512293701583
p875,DOGEUSDT,-1,2024-04-04 09:00:00+00:00,0.18147,2024-04-04 11:00:00+00:00,0.18188,signal_reverse,False,0.1869141,,False,100.0,1.0,100.0,100.0,551.0552708436657,-0.22593266104589946,0.32033889899156887,0.0,-0.5462715600374684
p876,DOGEUSDT,1,2024-04-04 12:00:00+00:00,0.18188,2024-04-04 13:00:00+00:00,0.18344,signal_reverse,False,0.17642359999999999,,False,100.0,1.0,100.0,100.0,549.8130635583902,0.857708379151092,0.3212865625687267,0.0,0.5364218165823653
p877,DOGEUSDT,-1,2024-04-04 14:00:00+00:00,0.18344,2024-04-04 15:00:00+00:00,0.18328,signal_reverse,False,0.18894319999999998,,False,100.0,1.0,100.0,100.0,545.1373746184039,0.08722197993894107,0.3198691670300916,0.0,-0.23264718709115054
p878,DOGEUSDT,1,2024-04-04 16:00:00+00:00,0.18328,2024-04-04 16:00:00+00:00,0.18404,signal_reverse,False,0.1777816,,False,100.0,1.0,100.0,100.0,545.6132693147098,0.41466608467918525,0.32062199912701883,0.0,0.09404408555216642
p879,DOGEUSDT,-1,2024-04-04 17:00:00+00:00,0.18404,2024-04-04 18:00:00+00:00,0.18316,signal_reverse,False,0.1895612,,False,100.0,1.0,100.0,100.0,543.3601391001956,0.4781569224081828,0.31928276461638777,0.0,0.15887415779179503
p880,DOGEUSDT,1,2024-04-04 19:00:00+00:00,0.18316,2024-04-04 20:00:00+00:00,0.1776652,initial_sl,False,0.1776652,,False,100.0,1.0,100.0,100.0,545.9707359685522,-2.9999999999999973,0.3155,0.0,-3.3154999999999974
p881,DOGEUSDT,1,2024-04-04 21:00:00+00:00,0.17994,2024-04-05 02:00:00+00:00,0.1745418,initial_sl,False,0.1745418,,False,100.0,1.0,100.0,100.0,555.7408024897188,-2.9999999999999956,0.3155,0.0,-3.3154999999999957
p882,DOGEUSDT,1,2024-04-05 03:00:00+00:00,0.17535,2024-04-05 05:00:00+00:00,0.17329,signal_reverse,False,0.1700895,,False,100.0,1.0,100.0,100.0,570.287995437696,-1.1747932706016575,0.3182378100940975,0.0,-1.493031080695755
p883,DOGEUSDT,-1,2024-04-05 06:00:00+00:00,0.17329,2024-04-05 09:00:00+00:00,0.17179,signal_reverse,False,0.1784887,,False,100.0,1.0,100.0,100.0,577.0673437590167,0.8656010156385258,0.3187015984765422,0.0,0.5468994171619835
p884,DOGEUSDT,1,2024-04-05 10:00:00+00:00,0.17179,2024-04-05 11:00:00+00:00,0.16904,signal_reverse,False,0.1666363,,False,100.0,1.0,100.0,100.0,582.1060597240818,-1.6007916642412263,0.3175988125036382,0.0,-1.9183904767448645
p885,DOGEUSDT,-1,2024-04-05 12:00:00+00:00,0.16904,2024-04-05 12:00:00+00:00,0.17194,signal_reverse,False,0.1741112,,False,100.0,1.0,100.0,100.0,591.5759583530526,-1.7155702792238605,0.3225733554188358,0.0,-2.0381436346426964
p886,DOGEUSDT,1,2024-04-05 13:00:00+00:00,0.17194,2024-04-05 14:00:00+00:00,0.17498,signal_reverse,False,0.1667818,,False,100.0,1.0,100.0,100.0,581.5982319413748,1.768058625101772,0.32265208793765265,0.0,1.4454065371641194
p887,DOGEUSDT,-1,2024-04-05 15:00:00+00:00,0.17498,2024-04-05 15:00:00+00:00,0.1765,signal_reverse,False,0.18022939999999998,,False,100.0,1.0,100.0,100.0,571.4938850154304,-0.8686707052234505,0.3213030060578352,0.0,-1.1899737112812856
p888,DOGEUSDT,1,2024-04-05 16:00:00+00:00,0.1765,2024-04-05 16:00:00+00:00,0.17581,signal_reverse,False,0.171205,,False,100.0,1.0,100.0,100.0,566.57223796034,-0.3909348441926324,0.3194135977337111,0.0,-0.7103484419263435
p889,DOGEUSDT,-1,2024-04-05 17:00:00+00:00,0.17581,2024-04-05 17:00:00+00:00,0.17451,signal_reverse,False,0.1810843,,False,100.0,1.0,100.0,100.0,568.7958591661453,0.7394346169159864,0.31889084807462603,0.0,0.4205437688413604
p890,DOGEUSDT,1,2024-04-05 18:00:00+00:00,0.17451,2024-04-05 19:00:00+00:00,0.17677,signal_reverse,False,0.1692747,,False,100.0,1.0,100.0,100.0,573.0330640077932,1.2950547246576196,0.32194258208698645,0.0,0.9731121425706332
p891,DOGEUSDT,-1,2024-04-05 20:00:00+00:00,0.17677,2024-04-05 20:00:00+00:00,0.17878,signal_reverse,False,0.18207310000000002,,False,100.0,1.0,100.0,100.0,565.706850709962,-1.1370707699270146,0.3217056061548905,0.0,-1.458776376081905
p892,DOGEUSDT,1,2024-04-05 21:00:00+00:00,0.17878,2024-04-05 22:00:00+00:00,0.17739,signal_reverse,False,0.1734166,,False,100.0,1.0,100.0,100.0,559.3466830741694,-0.7774918894730968,0.3188337621657904,0.0,-1.096325651638887
p893,DOGEUSDT,-1,2024-04-05 23:00:00+00:00,0.17739,2024-04-05 23:00:00+00:00,0.17737,signal_reverse,False,0.1827117,,False,100.0,1.0,100.0,100.0,563.729635266926,0.01127459270533415,0.319983088110942,0.0,-0.30870849540560785
p894,DOGEUSDT,1,2024-04-06 00:00:00+00:00,0.17737,2024-04-06 00:00:00+00:00,0.17943,signal_reverse,False,0.1720489,,False,100.0,1.0,100.0,100.0,563.7932006540001,1.1614139933472438,0.32174212099002086,0.0,0.839671872357223
p895,DOGEUSDT,-1,2024-04-06 01:00:00+00:00,0.17943,2024-04-06 02:00:00+00:00,0.18026,signal_reverse,False,0.1848129,,False,100.0,1.0,100.0,100.0,557.3204034999721,-0.46257593490497545,0.32069386390235743,0.0,-0.7832697988073329
p896,DOGEUSDT,1,2024-04-06 03:00:00+00:00,0.18026,2024-04-06 05:00:00+00:00,0.18219,signal_reverse,False,0.1748522,,False,100.0,1.0,100.0,100.0,554.7542438699656,1.0706756906690267,0.3216060135360036,0.0,0.7490696771330231
p897,DOGEUSDT,-1,2024-04-06 06:00:00+00:00,0.18219,2024-04-06 08:00:00+00:00,0.18509,signal_reverse,False,0.18765569999999998,,False,100.0,1.0,100.0,100.0,548.8775454196169,-1.5917448817168967,0.3223876173225753,0.0,-1.914132499039472
p898,DOGEUSDT,1,2024-04-06 09:00:00+00:00,0.18509,2024-04-06 12:00:00+00:00,0.18213,signal_reverse,False,0.1795373,,False,100.0,1.0,100.0,100.0,540.2777027392079,-1.5992220001080653,0.31760116699983787,0.0,-1.916823167107903
p899,DOGEUSDT,-1,2024-04-06 13:00:00+00:00,0.18213,2024-04-06 13:00:00+00:00,0.18058,signal_reverse,False,0.18759389999999998,,False,100.0,1.0,100.0,100.0,549.0583649041894,0.8510404656014913,0.3187234393015978,0.0,0.5323170262998935
p900,DOGEUSDT,1,2024-04-06 14:00:00+00:00,0.18058,2024-04-06 15:00:00+00:00,0.18346,signal_reverse,False,0.1751626,,False,100.0,1.0,100.0,100.0,553.7711817477019,1.5948610034333934,0.32239229150515014,0.0,1.2724687119282434
p901,DOGEUSDT,-1,2024-04-06 16:00:00+00:00,0.18346,2024-04-06 16:00:00+00:00,0.18374,signal_reverse,False,0.18896380000000002,,False,100.0,1.0,100.0,100.0,545.0779461462989,-0.15262182492094992,0.3202289327373815,0.0,-0.4728507576583314
p902,DOGEUSDT,1,2024-04-06 17:00:00+00:00,0.18374,2024-04-06 17:00:00+00:00,0.18358,signal_reverse,False,0.1782278,,False,100.0,1.0,100.0,100.0,544.2473059758355,-0.08707956895613013,0.3198693806465658,0.0,-0.4069489496026959
p903,DOGEUSDT,-1,2024-04-06 18:00:00+00:00,0.18358,2024-04-07 00:00:00+00:00,0.1890874,initial_sl,False,0.1890874,,False,100.0,1.0,100.0,100.0,544.7216472382613,-2.999999999999998,0.3245,0.0,-3.324499999999998
p904,DOGEUSDT,-1,2024-04-07 01:00:00+00:00,0.1924,2024-04-07 02:00:00+00:00,0.198172,initial_sl,False,0.198172,,False,100.0,1.0,100.0,100.0,519.7505197505197,-2.9999999999999996,0.3245,0.0,-3.3244999999999996
p905,DOGEUSDT,-1,2024-04-07 03:00:00+00:00,0.19626,2024-04-07 05:00:00+00:00,0.19717,signal_reverse,False,0.2021478,,False,100.0,1.0,100.0,100.0,509.52817690818307,-0.46367064098645777,0.3206955059614797,0.0,-0.7843661469479375
p906,DOGEUSDT,1,2024-04-07 06:00:00+00:00,0.19717,2024-04-07 06:00:00+00:00,0.19387,signal_reverse,False,0.1912549,,False,100.0,1.0,100.0,100.0,507.1765481564132,-1.6736826089161763,0.3174894760866257,0.0,-1.9911720850028019
p907,DOGEUSDT,-1,2024-04-07 07:00:00+00:00,0.19387,2024-04-07 09:00:00+00:00,0.19422,signal_reverse,False,0.19968609999999998,,False,100.0,1.0,100.0,100.0,515.8095631093,-0.18053334708826377,0.32027080002063246,0.0,-0.5008041471088962
p908,DOGEUSDT,1,2024-04-07 10:00:00+00:00,0.19422,2024-04-07 10:00:00+00:00,0.19688,signal_reverse,False,0.18839340000000002,,False,100.0,1.0,100.0,100.0,514.8800329523222,1.3695808876531748,0.32205437133147985,0.0,1.047526516321695
p909,DOGEUSDT,-1,2024-04-07 11:00:00+00:00,0.19688,2024-04-07 11:00:00+00:00,0.19847,signal_reverse,False,0.2027864,,False,100.0,1.0,100.0,100.0,507.9236082893133,-0.8075985371800122,0.32121139780577007,0.0,-1.1288099349857823
p910,DOGEUSDT,1,2024-04-07 12:00:00+00:00,0.19847,2024-04-07 12:00:00+00:00,0.19694,signal_reverse,False,0.19251590000000002,,False,100.0,1.0,100.0,100.0,503.85448682420514,-0.7708973648410357,0.31884365395273845,0.0,-1.0897410187937742
p911,DOGEUSDT,-1,2024-04-07 13:00:00+00:00,0.19694,2024-04-07 13:00:00+00:00,0.19931,signal_reverse,False,0.2028482,,False,100.0,1.0,100.0,100.0,507.7688636132832,-1.2034122067634727,0.3218051183101452,0.0,-1.5252173250736178
p912,DOGEUSDT,1,2024-04-07 14:00:00+00:00,0.19931,2024-04-07 14:00:00+00:00,0.2024,signal_reverse,False,0.1933307,,False,100.0,1.0,100.0,100.0,501.73097185289254,1.5503487030254426,0.3223255230545382,0.0,1.2280231799709043
p913,DOGEUSDT,-1,2024-04-07 15:00:00+00:00,0.2024,2024-04-07 18:00:00+00:00,0.198,signal_reverse,False,0.208472,,False,100.0,1.0,100.0,100.0,494.0711462450593,2.1739130434782545,0.31673913043478263,0.0,1.857173913043472
p914,DOGEUSDT,1,2024-04-07 19:00:00+00:00,0.198,2024-04-07 21:00:00+00:00,0.19743,signal_reverse,False,0.19206,,False,100.0,1.0,100.0,100.0,505.050505050505,-0.2878787878787954,0.31956818181818186,0.0,-0.6074469696969773
p915,DOGEUSDT,-1,2024-04-07 22:00:00+00:00,0.19743,2024-04-07 22:00:00+00:00,0.19664,signal_reverse,False,0.2033529,,False,100.0,1.0,100.0,100.0,506.5086359722433,0.40014182241806473,0.31939978726637297,0.0,0.08074203515169176
p916,DOGEUSDT,1,2024-04-07 23:00:00+00:00,0.19664,2024-04-08 00:00:00+00:00,0.19767,signal_reverse,False,0.19074080000000002,,False,100.0,1.0,100.0,100.0,508.5435313262815,0.5237998372660715,0.32078569975589916,0.0,0.20301413751017233
p917,DOGEUSDT,-1,2024-04-08 01:00:00+00:00,0.19767,2024-04-08 01:00:00+00:00,0.19801,signal_reverse,False,0.2036001,,False,100.0,1.0,100.0,100.0,505.89366115242575,-0.17200384479181424,0.32025800576718777,0.0,-0.492261850559002
p918,DOGEUSDT,1,2024-04-08 02:00:00+00:00,0.19801,2024-04-08 03:00:00+00:00,0.1988,signal_reverse,False,0.19206969999999998,,False,100.0,1.0,100.0,100.0,505.0249987374375,0.39896974900258214,0.32059845462350384,0.0,0.0783712943790783
p919,DOGEUSDT,-1,2024-04-08 04:00:00+00:00,0.1988,2024-04-08 05:00:00+00:00,0.20102,signal_reverse,False,0.204764,,False,100.0,1.0,100.0,100.0,503.01810865191146,-1.1167002012072433,0.32167505030181087,0.0,-1.4383752515090542
p920,DOGEUSDT,1,2024-04-08 06:00:00+00:00,0.20102,2024-04-08 06:00:00+00:00,0.20197,signal_reverse,False,0.1949894,,False,100.0,1.0,100.0,100.0,497.46293901104366,0.4725897920604947,0.3207088846880908,0.0,0.1518809073724039
p921,DOGEUSDT,-1,2024-04-08 07:00:00+00:00,0.20197,2024-04-08 08:00:00+00:00,0.20802910000000002,initial_sl,False,0.20802910000000002,,False,100.0,1.0,100.0,100.0,495.1230380749616,-3.0000000000000053,0.3245,0.0,-3.3245000000000053
p922,DOGEUSDT,-1,2024-04-08 09:00:00+00:00,0.20772,2024-04-08 09:00:00+00:00,0.20643,signal_reverse,False,0.2139516,,False,100.0,1.0,100.0,100.0,481.41729250914693,0.6210283073367926,0.3190684575389948,0.0,0.3019598497977978
p923,DOGEUSDT,1,2024-04-08 10:00:00+00:00,0.20643,2024-04-08 12:00:00+00:00,0.20456,signal_reverse,False,0.2002371,,False,100.0,1.0,100.0,100.0,484.42571331686287,-0.9058760839025387,0.31864118587414625,0.0,-1.224517269776685
p924,DOGEUSDT,-1,2024-04-08 13:00:00+00:00,0.20456,2024-04-08 13:00:00+00:00,0.20358,signal_reverse,False,0.2106968,,False,100.0,1.0,100.0,100.0,488.85412592882284,0.47907704341023705,0.3192813844348847,0.0,0.15979565897535236
p925,DOGEUSDT,1,2024-04-08 14:00:00+00:00,0.20358,2024-04-08 15:00:00+00:00,0.20314,signal_reverse,False,0.1974726,,False,100.0,1.0,100.0,100.0,491.2073877591119,-0.2161312506140209,0.31967580312407906,0.0,-0.5358070537380999
p926,DOGEUSDT,-1,2024-04-08 16:00:00+00:00,0.20314,2024-04-08 17:00:00+00:00,0.20355,signal_reverse,False,0.20923419999999998,,False,100.0,1.0,100.0,100.0,492.27133996258743,-0.20183124938467142,0.320302746874077,0.0,-0.5221339962587485
p927,DOGEUSDT,1,2024-04-08 18:00:00+00:00,0.20355,2024-04-08 19:00:00+00:00,0.20153,signal_reverse,False,0.19744350000000002,,False,100.0,1.0,100.0,100.0,491.2797838368951,-0.9923851633505388,0.3185114222549742,0.0,-1.310896585605513
p928,DOGEUSDT,-1,2024-04-08 20:00:00+00:00,0.20153,2024-04-08 21:00:00+00:00,0.20165,signal_reverse,False,0.20757589999999998,,False,100.0,1.0,100.0,100.0,496.20403910087833,-0.05954448469210986,0.3200893167270382,0.0,-0.3796338014191481
p929,DOGEUSDT,1,2024-04-08 22:00:00+00:00,0.20165,2024-04-08 23:00:00+00:00,0.2028,signal_reverse,False,0.1956005,,False,100.0,1.0,100.0,100.0,495.90875278948675,0.5702950657079158,0.3208554425985619,0.0,0.24943962310935386
p930,DOGEUSDT,-1,2024-04-09 00:00:00+00:00,0.2028,2024-04-09 00:00:00+00:00,0.20073,signal_reverse,False,0.20888400000000001,,False,100.0,1.0,100.0,100.0,493.09664694280076,1.0207100591716056,0.3184689349112426,0.0,0.702241124260363
p931,DOGEUSDT,1,2024-04-09 01:00:00+00:00,0.20073,2024-04-09 08:00:00+00:00,0.1947081,initial_sl,False,0.1947081,,False,100.0,1.0,100.0,100.0,498.1816370248593,-2.9999999999999987,0.3155,0.0,-3.315499999999999
p932,DOGEUSDT,1,2024-04-09 09:00:00+00:00,0.19642,2024-04-09 10:00:00+00:00,0.1962,signal_reverse,False,0.1905274,,False,100.0,1.0,100.0,100.0,509.1131249363608,-0.11200488748599835,0.319831992668771,0.0,-0.43183688015476934
p933,DOGEUSDT,-1,2024-04-09 11:00:00+00:00,0.1962,2024-04-09 12:00:00+00:00,0.19537,signal_reverse,False,0.20208600000000002,,False,100.0,1.0,100.0,100.0,509.68399592252797,0.42303771661571105,0.31936544342507645,0.0,0.1036722731906346
p934,DOGEUSDT,1,2024-04-09 13:00:00+00:00,0.19537,2024-04-09 14:00:00+00:00,0.18950889999999998,initial_sl,False,0.18950889999999998,,False,100.0,1.0,100.0,100.0,511.849311562676,-3.0000000000000044,0.3155,0.0,-3.3155000000000046
p935,DOGEUSDT,1,2024-04-09 15:00:00+00:00,0.19,2024-04-09 18:00:00+00:00,0.18883,signal_reverse,False,0.1843,,False,100.0,1.0,100.0,100.0,526.3157894736842,-0.6157894736842128,0.31907631578947365,0.0,-0.9348657894736865
p936,DOGEUSDT,-1,2024-04-09 19:00:00+00:00,0.18883,2024-04-09 19:00:00+00:00,0.18932,signal_reverse,False,0.1944949,,False,100.0,1.0,100.0,100.0,529.5768680824021,-0.25949266536037197,0.32038923899804056,0.0,-0.5798819043584125
p937,DOGEUSDT,1,2024-04-09 20:00:00+00:00,0.18932,2024-04-09 20:00:00+00:00,0.19081,signal_reverse,False,0.18364039999999998,,False,100.0,1.0,100.0,100.0,528.2062117050497,0.7870272554405341,0.32118054088316084,0.0,0.46584671455737325
p938,DOGEUSDT,-1,2024-04-09 21:00:00+00:00,0.19081,2024-04-09 21:00:00+00:00,0.18972,signal_reverse,False,0.1965343,,False,100.0,1.0,100.0,100.0,524.081547088727,0.5712488863267164,0.31914312667051,0.0,0.25210575965620646
p939,DOGEUSDT,1,2024-04-09 22:00:00+00:00,0.18972,2024-04-10 01:00:00+00:00,0.18961,signal_reverse,False,0.1840284,,False,100.0,1.0,100.0,100.0,527.0925574530887,-0.05798018131983922,0.3199130297280202,0.0,-0.37789321104785945
p940,DOGEUSDT,-1,2024-04-10 02:00:00+00:00,0.18961,2024-04-10 02:00:00+00:00,0.18589,signal_reverse,False,0.1952983,,False,100.0,1.0,100.0,100.0,527.3983439691999,1.9619218395654243,0.31705711724065183,0.0,1.6448647223247725
p941,DOGEUSDT,1,2024-04-10 03:00:00+00:00,0.18589,2024-04-10 03:00:00+00:00,0.18832,signal_reverse,False,0.1803133,,False,100.0,1.0,100.0,100.0,537.952552584862,1.307224702781208,0.32196083705417183,0.0,0.9852638657270363
p942,DOGEUSDT,-1,2024-04-10 04:00:00+00:00,0.18832,2024-04-10 07:00:00+00:00,0.1904,signal_reverse,False,0.1939696,,False,100.0,1.0,100.0,100.0,531.0110450297367,-1.1045029736618663,0.32165675446049286,0.0,-1.4261597281223592
p943,DOGEUSDT,1,2024-04-10 08:00:00+00:00,0.1904,2024-04-10 12:00:00+00:00,0.18468800000000002,initial_sl,False,0.18468800000000002,,False,100.0,1.0,100.0,100.0,525.2100840336134,-2.999999999999997,0.3155,0.0,-3.315499999999997
p944,DOGEUSDT,-1,2024-04-10 13:00:00+00:00,0.18363,2024-04-10 13:00:00+00:00,0.18609,signal_reverse,False,0.1891389,,False,100.0,1.0,100.0,100.0,544.5733267984534,-1.339650383924205,0.32200947557588633,0.0,-1.6616598595000913
p945,DOGEUSDT,1,2024-04-10 14:00:00+00:00,0.18609,2024-04-10 15:00:00+00:00,0.19333,signal_reverse,False,0.1805073,,False,100.0,1.0,100.0,100.0,537.3743887366328,3.8905905744532197,0.3258358858616799,0.0,3.56475468859154
p946,DOGEUSDT,-1,2024-04-10 16:00:00+00:00,0.19333,2024-04-10 19:00:00+00:00,0.1991299,initial_sl,False,0.1991299,,False,100.0,1.0,100.0,100.0,517.250297418921,-2.9999999999999982,0.3245,0.0,-3.3244999999999982
p947,DOGEUSDT,1,2024-04-10 20:00:00+00:00,0.20195,2024-04-10 20:00:00+00:00,0.19821,signal_reverse,False,0.1958915,,False,100.0,1.0,100.0,100.0,495.1720722951226,-1.8519435503837551,0.31722208467442436,0.0,-2.1691656350581794
p948,DOGEUSDT,-1,2024-04-10 21:00:00+00:00,0.19821,2024-04-10 21:00:00+00:00,0.20025,signal_reverse,False,0.20415629999999999,,False,100.0,1.0,100.0,100.0,504.5154129458655,-1.0292114424095726,0.32154381716361435,0.0,-1.3507552595731869
p949,DOGEUSDT,1,2024-04-10 22:00:00+00:00,0.20025,2024-04-10 22:00:00+00:00,0.19993,signal_reverse,False,0.1942425,,False,100.0,1.0,100.0,100.0,499.3757802746567,-0.1598002496878975,0.3197602996254682,0.0,-0.47956054931336567
p950,DOGEUSDT,-1,2024-04-10 23:00:00+00:00,0.19993,2024-04-11 01:00:00+00:00,0.19786,signal_reverse,False,0.2059279,,False,100.0,1.0,100.0,100.0,500.17506127144503,1.0353623768318854,0.3184469564347522,0.0,0.7169154203971332
p951,DOGEUSDT,1,2024-04-11 02:00:00+00:00,0.19786,2024-04-11 02:00:00+00:00,0.19821,signal_reverse,False,0.19192420000000002,,False,100.0,1.0,100.0,100.0,505.4078641463661,0.17689275245122268,0.3202653391286769,0.0,-0.1433725866774542
p952,DOGEUSDT,-1,2024-04-11 03:00:00+00:00,0.19821,2024-04-11 04:00:00+00:00,0.19691,signal_reverse,False,0.20415629999999999,,False,100.0,1.0,100.0,100.0,504.5154129458655,0.6558700368296229,0.31901619494475564,0.0,0.3368538418848672
p953,DOGEUSDT,1,2024-04-11 05:00:00+00:00,0.19691,2024-04-11 07:00:00+00:00,0.20107,signal_reverse,False,0.1910027,,False,100.0,1.0,100.0,100.0,507.8462241633233,2.1126402925194236,0.32316896043877913,0.0,1.7894713320806446
p954,DOGEUSDT,-1,2024-04-11 08:00:00+00:00,0.20107,2024-04-11 10:00:00+00:00,0.19722,signal_reverse,False,0.2071021,,False,100.0,1.0,100.0,100.0,497.33923509225644,1.9147560551051834,0.31712786591734227,0.0,1.5976281891878412
p955,DOGEUSDT,1,2024-04-11 11:00:00+00:00,0.19722,2024-04-11 13:00:00+00:00,0.1913034,initial_sl,False,0.1913034,,False,100.0,1.0,100.0,100.0,507.0479667376534,-2.999999999999997,0.3155,0.0,-3.315499999999997
p956,DOGEUSDT,1,2024-04-11 14:00:00+00:00,0.19251,2024-04-11 15:00:00+00:00,0.19253,signal_reverse,False,0.18673469999999998,,False,100.0,1.0,100.0,100.0,519.4535348813049,0.010389070697636489,0.32001558360604654,0.0,-0.30962651290841003
p957,DOGEUSDT,-1,2024-04-11 16:00:00+00:00,0.19253,2024-04-11 16:00:00+00:00,0.19237,signal_reverse,False,0.1983059,,False,100.0,1.0,100.0,100.0,519.3995740923492,0.0831039318547725,0.31987534410221785,0.0,-0.23677141224744536
p958,DOGEUSDT,1,2024-04-11 17:00:00+00:00,0.19237,2024-04-11 21:00:00+00:00,0.1944,signal_reverse,False,0.1865989,,False,100.0,1.0,100.0,100.0,519.8315745698393,1.0552580963767615,0.3215828871445651,0.0,0.7336752092321963
p959,DOGEUSDT,-1,2024-04-11 22:00:00+00:00,0.1944,2024-04-11 22:00:00+00:00,0.19503,signal_reverse,False,0.200232,,False,100.0,1.0,100.0,100.0,514.40329218107,-0.3240740740740841,0.32048611111111114,0.0,-0.6445601851851952
p960,DOGEUSDT,1,2024-04-11 23:00:00+00:00,0.19503,2024-04-11 23:00:00+00:00,0.19385,signal_reverse,False,0.18917910000000002,,False,100.0,1.0,100.0,100.0,512.7416294928985,-0.6050351228016275,0.31909244731579756,0.0,-0.9241275701174251
p961,DOGEUSDT,-1,2024-04-12 00:00:00+00:00,0.19385,2024-04-12 00:00:00+00:00,0.19573,signal_reverse,False,0.1996655,,False,100.0,1.0,100.0,100.0,515.8627805003869,-0.9698220273407235,0.3214547330410111,0.0,-1.2912767603817346
p962,DOGEUSDT,1,2024-04-12 01:00:00+00:00,0.19573,2024-04-12 01:00:00+00:00,0.19519,signal_reverse,False,0.18985809999999997,,False,100.0,1.0,100.0,100.0,510.9078833086395,-0.27589025698665764,0.31958616461452005,0.0,-0.5954764216011776
p963,DOGEUSDT,-1,2024-04-12 02:00:00+00:00,0.19519,2024-04-12 02:00:00+00:00,0.196,signal_reverse,False,0.2010457,,False,100.0,1.0,100.0,100.0,512.321327936882,-0.414980275628877,0.32062247041344333,0.0,-0.7356027460423203
p964,DOGEUSDT,1,2024-04-12 03:00:00+00:00,0.196,2024-04-12 03:00:00+00:00,0.19853,signal_reverse,False,0.19012,,False,100.0,1.0,100.0,100.0,510.204081632653,1.2908163265306145,0.3219362244897959,0.0,0.9688801020408186
p965,DOGEUSDT,-1,2024-04-12 04:00:00+00:00,0.19853,2024-04-12 08:00:00+00:00,0.19909,signal_reverse,False,0.2044859,,False,100.0,1.0,100.0,100.0,503.70221125270734,-0.2820732383015046,0.32042310985745226,0.0,-0.6024963481589569
p966,DOGEUSDT,1,2024-04-12 09:00:00+00:00,0.19909,2024-04-12 11:00:00+00:00,0.19953,signal_reverse,False,0.1931173,,False,100.0,1.0,100.0,100.0,502.2853985634638,0.22100557536793597,0.3203315083630519,0.0,-0.09932593299511594
p967,DOGEUSDT,-1,2024-04-12 12:00:00+00:00,0.19953,2024-04-12 13:00:00+00:00,0.19259,signal_reverse,False,0.2055159,,False,100.0,1.0,100.0,100.0,501.1777677542224,3.478173708214304,0.31478273943767854,0.0,3.1633909687766257
p968,DOGEUSDT,1,2024-04-12 14:00:00+00:00,0.19259,2024-04-12 16:00:00+00:00,0.19339,signal_reverse,False,0.18681230000000001,,False,100.0,1.0,100.0,100.0,519.2377589698323,0.4153902071758633,0.3206230853107638,0.0,0.0947671218650995
p969,DOGEUSDT,-1,2024-04-12 17:00:00+00:00,0.19339,2024-04-12 18:00:00+00:00,0.1691,signal_reverse,False,0.1991917,,False,100.0,1.0,100.0,100.0,517.0898185014737,12.560111691400799,0.3011598324628988,0.0,12.2589518589379
p970,DOGEUSDT,1,2024-04-12 19:00:00+00:00,0.1691,2024-04-13 04:00:00+00:00,0.17367,signal_reverse,False,0.164027,,False,100.0,1.0,100.0,100.0,591.3660555884093,2.702542874039025,0.32405381431105856,0.0,2.378489059727966
p971,DOGEUSDT,-1,2024-04-13 05:00:00+00:00,0.17367,2024-04-13 05:00:00+00:00,0.17188,signal_reverse,False,0.1788801,,False,100.0,1.0,100.0,100.0,575.8046870501527,1.0306903898197652,0.3184539644152704,0.0,0.7122364254044948
p972,DOGEUSDT,1,2024-04-13 06:00:00+00:00,0.17188,2024-04-13 11:00:00+00:00,0.17107,signal_reverse,False,0.1667236,,False,100.0,1.0,100.0,100.0,581.8012566907145,-0.4712590179194817,0.3192931114731208,0.0,-0.7905521293926026
p973,DOGEUSDT,-1,2024-04-13 12:00:00+00:00,0.17107,2024-04-13 12:00:00+00:00,0.17227,signal_reverse,False,0.1762021,,False,100.0,1.0,100.0,100.0,584.5560296954463,-0.7014672356345395,0.3210522008534518,0.0,-1.0225194364879913
p974,DOGEUSDT,1,2024-04-13 13:00:00+00:00,0.17227,2024-04-13 14:00:00+00:00,0.17031,signal_reverse,False,0.1671019,,False,100.0,1.0,100.0,100.0,580.4841237592152,-1.137748882568072,0.31829337667614793,0.0,-1.45604225924422
p975,DOGEUSDT,-1,2024-04-13 15:00:00+00:00,0.17031,2024-04-13 15:00:00+00:00,0.17052,signal_reverse,False,0.1754193,,False,100.0,1.0,100.0,100.0,587.1645822323998,-0.12330456226881319,0.32018495684340326,0.0,-0.44348951911221646
p976,DOGEUSDT,1,2024-04-13 16:00:00+00:00,0.17052,2024-04-13 16:00:00+00:00,0.1654044,initial_sl,False,0.1654044,,False,100.0,1.0,100.0,100.0,586.4414731409805,-2.9999999999999987,0.3155,0.0,-3.315499999999999
p977,DOGEUSDT,1,2024-04-13 17:00:00+00:00,0.16584,2024-04-13 17:00:00+00:00,0.16086479999999997,initial_sl,False,0.16086479999999997,,False,100.0,1.0,100.0,100.0,602.9908345393151,-3.000000000000008,0.3155,0.0,-3.315500000000008
p978,DOGEUSDT,1,2024-04-13 18:00:00+00:00,0.15974,2024-04-13 19:00:00+00:00,0.1549478,initial_sl,False,0.1549478,,False,100.0,1.0,100.0,100.0,626.017278076875,-2.999999999999998,0.3155,0.0,-3.315499999999998
p979,DOGEUSDT,1,2024-04-13 20:00:00+00:00,0.1509,2024-04-13 20:00:00+00:00,0.146373,initial_sl,False,0.146373,,False,100.0,1.0,100.0,100.0,662.6905235255135,-3.0000000000000018,0.3155,0.0,-3.315500000000002
p980,DOGEUSDT,1,2024-04-13 21:00:00+00:00,0.13731,2024-04-13 21:00:00+00:00,0.1331907,initial_sl,False,0.1331907,,False,100.0,1.0,100.0,100.0,728.2790765421311,-2.999999999999995,0.3155,0.0,-3.3154999999999952
p981,DOGEUSDT,1,2024-04-13 22:00:00+00:00,0.14359,2024-04-14 04:00:00+00:00,0.15463,signal_reverse,False,0.1392823,,False,100.0,1.0,100.0,100.0,696.4273278083432,7.688557699004105,0.3315328365485062,0.0,7.3570248624555985
p982,DOGEUSDT,-1,2024-04-14 05:00:00+00:00,0.15463,2024-04-14 05:00:00+00:00,0.1592689,initial_sl,False,0.1592689,,False,100.0,1.0,100.0,100.0,646.7050378322448,-3.0000000000000013,0.3245,0.0,-3.3245000000000013
p983,DOGEUSDT,-1,2024-04-14 06:00:00+00:00,0.15769,2024-04-14 07:00:00+00:00,0.15868,signal_reverse,False,0.1624207,,False,100.0,1.0,100.0,100.0,634.1556217895871,-0.6278140655716855,0.3209417210983575,0.0,-0.948755786670043
p984,DOGEUSDT,1,2024-04-14 08:00:00+00:00,0.15868,2024-04-14 08:00:00+00:00,0.15724,signal_reverse,False,0.1539196,,False,100.0,1.0,100.0,100.0,630.1991429291656,-0.9074867658179966,0.31863876985127304,0.0,-1.2261255356692695
p985,DOGEUSDT,-1,2024-04-14 09:00:00+00:00,0.15724,2024-04-14 13:00:00+00:00,0.15137,signal_reverse,False,0.1619572,,False,100.0,1.0,100.0,100.0,635.9704909692191,3.7331467819893076,0.314400279827016,0.0,3.418746502162292
p986,DOGEUSDT,1,2024-04-14 14:00:00+00:00,0.15137,2024-04-14 16:00:00+00:00,0.15301,signal_reverse,False,0.1468289,,False,100.0,1.0,100.0,100.0,660.6328863050802,1.0834379335403332,0.3216251569003105,0.0,0.7618127766400227
p987,DOGEUSDT,-1,2024-04-14 17:00:00+00:00,0.15301,2024-04-14 18:00:00+00:00,0.15375,signal_reverse,False,0.1576003,,False,100.0,1.0,100.0,100.0,653.5520554212143,-0.48362852101169246,0.32072544278151754,0.0,-0.80435396379321
p988,DOGEUSDT,1,2024-04-14 19:00:00+00:00,0.15375,2024-04-14 21:00:00+00:00,0.1491375,initial_sl,False,0.1491375,,False,100.0,1.0,100.0,100.0,650.4065040650406,-2.9999999999999942,0.3155,0.0,-3.3154999999999943
p989,DOGEUSDT,1,2024-04-14 22:00:00+00:00,0.15068,2024-04-14 23:00:00+00:00,0.16203,signal_reverse,False,0.1461596,,False,100.0,1.0,100.0,100.0,663.6580833554552,7.532519246084417,0.3312987788691267,0.0,7.20122046721529
p990,DOGEUSDT,-1,2024-04-15 00:00:00+00:00,0.16203,2024-04-15 00:00:00+00:00,0.15957,signal_reverse,False,0.1668909,,False,100.0,1.0,100.0,100.0,617.1696599395174,1.5182373634512236,0.3177226439548232,0.0,1.2005147194964003
p991,DOGEUSDT,1,2024-04-15 01:00:00+00:00,0.15957,2024-04-15 02:00:00+00:00,0.15692,signal_reverse,False,0.1547829,,False,100.0,1.0,100.0,100.0,626.6842138246539,-1.6607131666353236,0.31750893025004706,0.0,-1.9782220968853708
p992,DOGEUSDT,-1,2024-04-15 03:00:00+00:00,0.15692,2024-04-15 04:00:00+00:00,0.15839,signal_reverse,False,0.1616276,,False,100.0,1.0,100.0,100.0,637.267397399949,-0.9367830741779245,0.32140517461126694,0.0,-1.2581882487891916
p993,DOGEUSDT,1,2024-04-15 05:00:00+00:00,0.15839,2024-04-15 05:00:00+00:00,0.16115,signal_reverse,False,0.1536383,,False,100.0,1.0,100.0,100.0,631.3529894564051,1.7425342508996684,0.32261380137634954,0.0,1.4199204495233189
p994,DOGEUSDT,-1,2024-04-15 06:00:00+00:00,0.16115,2024-04-15 06:00:00+00:00,0.16598449999999998,initial_sl,False,0.16598449999999998,,False,100.0,1.0,100.0,100.0,620.5398696866274,-2.999999999999995,0.3245,0.0,-3.324499999999995
p995,DOGEUSDT,-1,2024-04-15 07:00:00+00:00,0.16716,2024-04-15 07:00:00+00:00,0.16532,signal_reverse,False,0.17217480000000002,,False,100.0,1.0,100.0,100.0,598.2292414453218,1.100741804259397,0.31834888729361094,0.0,0.7823929169657862
p996,DOGEUSDT,1,2024-04-15 08:00:00+00:00,0.16532,2024-04-15 10:00:00+00:00,0.165,signal_reverse,False,0.1603604,,False,100.0,1.0,100.0,100.0,604.8874909266876,-0.19356399709653216,0.31970965400435525,0.0,-0.5132736511008874
p997,DOGEUSDT,-1,2024-04-15 11:00:00+00:00,0.165,2024-04-15 11:00:00+00:00,0.16207,signal_reverse,False,0.16995000000000002,,False,100.0,1.0,100.0,100.0,606.060606060606,1.7757575757575852,0.31733636363636364,0.0,1.4584212121212214
p998,DOGEUSDT,1,2024-04-15 12:00:00+00:00,0.16207,2024-04-15 14:00:00+00:00,0.15720789999999998,initial_sl,False,0.15720789999999998,,False,100.0,1.0,100.0,100.0,617.0173381872031,-3.0000000000000053,0.3155,0.0,-3.3155000000000054
p999,DOGEUSDT,1,2024-04-15 15:00:00+00:00,0.15353,2024-04-15 19:00:00+00:00,0.15896,signal_reverse,False,0.1489241,,False,100.0,1.0,100.0,100.0,651.3385006187716,3.5367680583599235,0.32530515208753996,0.0,3.2114629062723834
p1000,DOGEUSDT,-1,2024-04-15 20:00:00+00:00,0.15896,2024-04-15 21:00:00+00:00,0.16053,signal_reverse,False,0.16372879999999998,,False,100.0,1.0,100.0,100.0,629.0890790135884,-0.9876698540513438,0.32148150478107707,0.0,-1.3091513588324208
p1001,DOGEUSDT,1,2024-04-15 22:00:00+00:00,0.16053,2024-04-15 22:00:00+00:00,0.16262,signal_reverse,False,0.1557141,,False,100.0,1.0,100.0,100.0,622.9365227683298,1.3019373325857975,0.3219529059988787,0.0,0.9799844265869188
p1002,DOGEUSDT,-1,2024-04-15 23:00:00+00:00,0.16262,2024-04-16 01:00:00+00:00,0.15852,signal_reverse,False,0.1674986,,False,100.0,1.0,100.0,100.0,614.9305128520477,2.5212151026933913,0.31621817734595997,0.0,2.2049969253474315
p1003,DOGEUSDT,1,2024-04-16 02:00:00+00:00,0.15852,2024-04-16 03:00:00+00:00,0.1537644,initial_sl,False,0.1537644,,False,100.0,1.0,100.0,100.0,630.8352258390108,-2.999999999999999,0.3155,0.0,-3.3154999999999992
p1004,DOGEUSDT,1,2024-04-16 04:00:00+00:00,0.1554,2024-04-16 04:00:00+00:00,0.150738,initial_sl,False,0.150738,,False,100.0,1.0,100.0,100.0,643.5006435006435,-2.9999999999999996,0.3155,0.0,-3.3154999999999997
p1005,DOGEUSDT,1,2024-04-16 05:00:00+00:00,0.15281,2024-04-16 07:00:00+00:00,0.15723,signal_reverse,False,0.14822570000000002,,False,100.0,1.0,100.0,100.0,654.407434068451,2.8924808585825583,0.3243387212878739,0.0,2.5681421372946844
p1006,DOGEUSDT,-1,2024-04-16 08:00:00+00:00,0.15723,2024-04-16 08:00:00+00:00,0.15598,signal_reverse,False,0.1619469,,False,100.0,1.0,100.0,100.0,636.0109393881575,0.7950136742351975,0.31880747948864724,0.0,0.4762061947465503
p1007,DOGEUSDT,1,2024-04-16 09:00:00+00:00,0.15598,2024-04-16 09:00:00+00:00,0.15566,signal_reverse,False,0.1513006,,False,100.0,1.0,100.0,100.0,641.1078343377355,-0.2051545069880848,0.31969226823951785,0.0,-0.5248467752276027
p1008,DOGEUSDT,-1,2024-04-16 10:00:00+00:00,0.15566,2024-04-16 11:00:00+00:00,0.15579,signal_reverse,False,0.1603298,,False,100.0,1.0,100.0,100.0,642.4257998201208,-0.0835153539766279,0.32012527303096494,0.0,-0.40364062700759284
p1009,DOGEUSDT,1,2024-04-16 12:00:00+00:00,0.15579,2024-04-16 13:00:00+00:00,0.1511163,initial_sl,False,0.1511163,,False,100.0,1.0,100.0,100.0,641.8897233455292,-3.0000000000000018,0.3155,0.0,-3.315500000000002
p1010,DOGEUSDT,-1,2024-04-16 14:00:00+00:00,0.15203,2024-04-16 16:00:00+00:00,0.15288,signal_reverse,False,0.1565909,,False,100.0,1.0,100.0,100.0,657.7649148194436,-0.5591001775965202,0.3208386502663948,0.0,-0.879938827862915
p1011,DOGEUSDT,1,2024-04-16 17:00:00+00:00,0.15288,2024-04-16 19:00:00+00:00,0.15296,signal_reverse,False,0.1482936,,False,100.0,1.0,100.0,100.0,654.1077969649399,0.052328623757211215,0.32007849293563584,0.0,-0.26774986917842464
p1012,DOGEUSDT,-1,2024-04-16 20:00:00+00:00,0.15296,2024-04-16 20:00:00+00:00,0.15407,signal_reverse,False,0.15754880000000002,,False,100.0,1.0,100.0,100.0,653.765690376569,-0.7256799163179914,0.321088519874477,0.0,-1.0467684361924685
p1013,DOGEUSDT,1,2024-04-16 21:00:00+00:00,0.15407,2024-04-16 21:00:00+00:00,0.15664,signal_reverse,False,0.14944790000000002,,False,100.0,1.0,100.0,100.0,649.0556240669824,1.6680729538521377,0.3225021094307782,0.0,1.3455708444213594
p1014,DOGEUSDT,-1,2024-04-16 22:00:00+00:00,0.15664,2024-04-16 22:00:00+00:00,0.15674,signal_reverse,False,0.1613392,,False,100.0,1.0,100.0,100.0,638.4065372829418,-0.06384065372828715,0.32009576098059245,0.0,-0.3839364147088796
p1015,DOGEUSDT,1,2024-04-16 23:00:00+00:00,0.15674,2024-04-16 23:00:00+00:00,0.15595,signal_reverse,False,0.1520378,,False,100.0,1.0,100.0,100.0,637.9992344009188,-0.5040193951767163,0.319243970907235,0.0,-0.8232633660839513
p1016,DOGEUSDT,-1,2024-04-17 00:00:00+00:00,0.15595,2024-04-17 06:00:00+00:00,0.15588,signal_reverse,False,0.1606285,,False,100.0,1.0,100.0,100.0,641.2311638345624,0.04488618146842866,0.3199326707277974,0.0,-0.27504648925936875
p1017,DOGEUSDT,1,2024-04-17 07:00:00+00:00,0.15588,2024-04-17 09:00:00+00:00,0.15745,signal_reverse,False,0.1512036,,False,100.0,1.0,100.0,100.0,641.5191172696947,1.0071850141134309,0.3215107775211702,0.0,0.6856742365922607
p1018,DOGEUSDT,-1,2024-04-17 10:00:00+00:00,0.15745,2024-04-17 10:00:00+00:00,0.15476,signal_reverse,False,0.1621735,,False,100.0,1.0,100.0,100.0,635.1222610352493,1.7084788821848191,0.31743728167672275,0.0,1.3910416005080963
p1019,DOGEUSDT,1,2024-04-17 11:00:00+00:00,0.15476,2024-04-17 13:00:00+00:00,0.15177,signal_reverse,False,0.1501172,,False,100.0,1.0,100.0,100.0,646.1617989144481,-1.9320237787542132,0.31710196433186866,0.0,-2.249125743086082
p1020,DOGEUSDT,-1,2024-04-17 14:00:00+00:00,0.15177,2024-04-17 14:00:00+00:00,0.14896,signal_reverse,False,0.1563231,,False,100.0,1.0,100.0,100.0,658.8917440864467,1.8514858008829014,0.31722277129867565,0.0,1.5342630295842257
p1021,DOGEUSDT,1,2024-04-17 15:00:00+00:00,0.14896,2024-04-17 15:00:00+00:00,0.14449120000000001,initial_sl,False,0.14449120000000001,,False,100.0,1.0,100.0,100.0,671.3211600429645,-2.9999999999999964,0.3155,0.0,-3.3154999999999966
p1022,DOGEUSDT,1,2024-04-17 16:00:00+00:00,0.14581,2024-04-17 22:00:00+00:00,0.14845,signal_reverse,False,0.1414357,,False,100.0,1.0,100.0,100.0,685.8240175570949,1.8105754063507329,0.32271586310952616,0.0,1.4878595432412067
p1023,DOGEUSDT,-1,2024-04-17 23:00:00+00:00,0.14845,2024-04-17 23:00:00+00:00,0.14748,signal_reverse,False,0.1529035,,False,100.0,1.0,100.0,100.0,673.6274840013473,0.653418659481306,0.319019872010778,0.0,0.3343987874705279
p1024,DOGEUSDT,1,2024-04-18 00:00:00+00:00,0.14748,2024-04-18 00:00:00+00:00,0.14682,signal_reverse,False,0.1430556,,False,100.0,1.0,100.0,100.0,678.0580417683753,-0.44751830756712363,0.31932872253864936,0.0,-0.766847030105773
p1025,DOGEUSDT,-1,2024-04-18 01:00:00+00:00,0.14682,2024-04-18 01:00:00+00:00,0.14767,signal_reverse,False,0.15122460000000001,,False,100.0,1.0,100.0,100.0,681.1061163329247,-0.5789401988829789,0.3208684102983245,0.0,-0.8998086091813033
p1026,DOGEUSDT,1,2024-04-18 02:00:00+00:00,0.14767,2024-04-18 03:00:00+00:00,0.14943,signal_reverse,False,0.1432399,,False,100.0,1.0,100.0,100.0,677.1856165775039,1.1918466851764147,0.32178777002776465,0.0,0.87005891514865
p1027,DOGEUSDT,-1,2024-04-18 04:00:00+00:00,0.14943,2024-04-18 06:00:00+00:00,0.14463,signal_reverse,False,0.15391290000000002,,False,100.0,1.0,100.0,100.0,669.2096633875393,3.212206384260188,0.3151816904236098,0.0,2.897024693836578
p1028,DOGEUSDT,1,2024-04-18 07:00:00+00:00,0.14463,2024-04-18 08:00:00+00:00,0.1434,signal_reverse,False,0.1402911,,False,100.0,1.0,100.0,100.0,691.4194842010647,-0.8504459655673158,0.31872433105164905,0.0,-1.1691702966189648
p1029,DOGEUSDT,-1,2024-04-18 09:00:00+00:00,0.1434,2024-04-18 11:00:00+00:00,0.147702,initial_sl,False,0.147702,,False,100.0,1.0,100.0,100.0,697.350069735007,-3.0,0.3245,0.0,-3.3245
p1030,DOGEUSDT,1,2024-04-18 12:00:00+00:00,0.14876,2024-04-18 12:00:00+00:00,0.14634,signal_reverse,False,0.14429720000000001,,False,100.0,1.0,100.0,100.0,672.2237160527023,-1.6267813928475434,0.3175598279107287,0.0,-1.9443412207582722
p1031,DOGEUSDT,-1,2024-04-18 13:00:00+00:00,0.14634,2024-04-18 13:00:00+00:00,0.14785,signal_reverse,False,0.1507302,,False,100.0,1.0,100.0,100.0,683.3401667350007,-1.0318436517698588,0.32154776547765485,0.0,-1.3533914172475137
p1032,DOGEUSDT,1,2024-04-18 14:00:00+00:00,0.14785,2024-04-18 14:00:00+00:00,0.15043,signal_reverse,False,0.1434145,,False,100.0,1.0,100.0,100.0,676.3611768684477,1.7450118363205944,0.3226175177544809,0.0,1.4223943185661136
p1033,DOGEUSDT,-1,2024-04-18 15:00:00+00:00,0.15043,2024-04-18 15:00:00+00:00,0.15045,signal_reverse,False,0.1549429,,False,100.0,1.0,100.0,100.0,664.7610184138802,-0.013295220368272449,0.3200199428305524,0.0,-0.33331516319882487
p1034,DOGEUSDT,1,2024-04-18 16:00:00+00:00,0.15045,2024-04-18 18:00:00+00:00,0.14933,signal_reverse,False,0.1459365,,False,100.0,1.0,100.0,100.0,664.6726487205051,-0.7444333665669722,0.31888334995014955,0.0,-1.0633167165171218
p1035,DOGEUSDT,-1,2024-04-18 19:00:00+00:00,0.14933,2024-04-18 19:00:00+00:00,0.15069,signal_reverse,False,0.1538099,,False,100.0,1.0,100.0,100.0,669.6578048617157,-0.9107346146119334,0.32136610192191795,0.0,-1.2321007165338513
p1036,DOGEUSDT,1,2024-04-18 20:00:00+00:00,0.15069,2024-04-18 23:00:00+00:00,0.15216,signal_reverse,False,0.1461693,,False,100.0,1.0,100.0,100.0,663.6140420731303,0.975512641847501,0.32146326896277133,0.0,0.6540493728847296
p1037,DOGEUSDT,-1,2024-04-19 00:00:00+00:00,0.15216,2024-04-19 00:00:00+00:00,0.14902,signal_reverse,False,0.1567248,,False,100.0,1.0,100.0,100.0,657.2029442691904,2.063617245005242,0.3169045741324921,0.0,1.74671267087275
p1038,DOGEUSDT,1,2024-04-19 01:00:00+00:00,0.14902,2024-04-19 01:00:00+00:00,0.14454940000000002,initial_sl,False,0.14454940000000002,,False,100.0,1.0,100.0,100.0,671.0508656556167,-2.9999999999999942,0.3155,0.0,-3.3154999999999943
p1039,DOGEUSDT,-1,2024-04-19 02:00:00+00:00,0.14313,2024-04-19 03:00:00+00:00,0.1457,signal_reverse,False,0.1474239,,False,100.0,1.0,100.0,100.0,698.6655488017885,-1.7955704604205889,0.32269335569063096,0.0,-2.1182638161112197
p1040,DOGEUSDT,1,2024-04-19 04:00:00+00:00,0.1457,2024-04-19 05:00:00+00:00,0.14752,signal_reverse,False,0.14132899999999998,,False,100.0,1.0,100.0,100.0,686.3417982155113,1.2491420727522415,0.3218737131091284,0.0,0.9272683596431132
p1041,DOGEUSDT,-1,2024-04-19 06:00:00+00:00,0.14752,2024-04-19 06:00:00+00:00,0.15194560000000001,initial_sl,False,0.15194560000000001,,False,100.0,1.0,100.0,100.0,677.8741865509761,-3.000000000000001,0.3245,0.0,-3.324500000000001
p1042,DOGEUSDT,1,2024-04-19 07:00:00+00:00,0.1538,2024-04-19 09:00:00+00:00,0.15204,signal_reverse,False,0.14918599999999999,,False,100.0,1.0,100.0,100.0,650.1950585175553,-1.1443433029908867,0.3182834850455137,0.0,-1.4626267880364003
p1043,DOGEUSDT,-1,2024-04-19 10:00:00+00:00,0.15204,2024-04-19 11:00:00+00:00,0.15263,signal_reverse,False,0.1566012,,False,100.0,1.0,100.0,100.0,657.7216521967903,-0.3880557747960927,0.3205820836621942,0.0,-0.7086378584582869
p1044,DOGEUSDT,1,2024-04-19 12:00:00+00:00,0.15263,2024-04-19 12:00:00+00:00,0.15212,signal_reverse,False,0.1480511,,False,100.0,1.0,100.0,100.0,655.1791915088777,-0.3341413876695163,0.31949878791849573,0.0,-0.653640175588012
p1045,DOGEUSDT,-1,2024-04-19 13:00:00+00:00,0.15212,2024-04-19 17:00:00+00:00,0.15367,signal_reverse,False,0.1566836,,False,100.0,1.0,100.0,100.0,657.3757559821194,-1.0189324217722822,0.3215283986326584,0.0,-1.3404608204049406
p1046,DOGEUSDT,1,2024-04-19 18:00:00+00:00,0.15367,2024-04-19 18:00:00+00:00,0.15255,signal_reverse,False,0.1490599,,False,100.0,1.0,100.0,100.0,650.7451031430988,-0.7288345155202771,0.3189067482267196,0.0,-1.0477412637469967
p1047,DOGEUSDT,-1,2024-04-19 19:00:00+00:00,0.15255,2024-04-19 19:00:00+00:00,0.15413,signal_reverse,False,0.1571265,,False,100.0,1.0,100.0,100.0,655.5227794165847,-1.0357259914782027,0.3215535889872173,0.0,-1.3572795804654199
p1048,DOGEUSDT,1,2024-04-19 20:00:00+00:00,0.15413,2024-04-19 20:00:00+00:00,0.15241,signal_reverse,False,0.1495061,,False,100.0,1.0,100.0,100.0,648.802958541491,-1.115941088691364,0.31832608836696297,0.0,-1.434267177058327
p1049,DOGEUSDT,-1,2024-04-19 21:00:00+00:00,0.15241,2024-04-19 21:00:00+00:00,0.15474,signal_reverse,False,0.1569823,,False,100.0,1.0,100.0,100.0,656.1249261859458,-1.5287710780132528,0.3222931566170199,0.0,-1.8510642346302728
p1050,DOGEUSDT,1,2024-04-19 22:00:00+00:00,0.15474,2024-04-19 22:00:00+00:00,0.15474,signal_reverse,False,0.1500978,,False,100.0,1.0,100.0,100.0,646.2453147214683,0.0,0.32,0.0,-0.32
p1051,DOGEUSDT,-1,2024-04-19 23:00:00+00:00,0.15474,2024-04-19 23:00:00+00:00,0.15626,signal_reverse,False,0.15938219999999997,,False,100.0,1.0,100.0,100.0,646.2453147214683,-0.9822928783766456,0.321473439317565,0.0,-1.3037663176942105
p1052,DOGEUSDT,1,2024-04-20 00:00:00+00:00,0.15626,2024-04-20 01:00:00+00:00,0.1555,signal_reverse,False,0.15157220000000002,,False,100.0,1.0,100.0,100.0,639.9590426212721,-0.48636887239217363,0.31927044669141175,0.0,-0.8056393190835853
p1053,DOGEUSDT,-1,2024-04-20 02:00:00+00:00,0.1555,2024-04-20 06:00:00+00:00,0.15553,signal_reverse,False,0.160165,,False,100.0,1.0,100.0,100.0,643.0868167202573,-0.019292604501609162,0.32002893890675244,0.0,-0.3393215434083616
p1054,DOGEUSDT,1,2024-04-20 07:00:00+00:00,0.15553,2024-04-20 09:00:00+00:00,0.1508641,initial_sl,False,0.1508641,,False,100.0,1.0,100.0,100.0,642.9627724554748,-3.0000000000000004,0.3155,0.0,-3.3155000000000006
p1055,DOGEUSDT,1,2024-04-20 10:00:00+00:00,0.15168,2024-04-20 12:00:00+00:00,0.15232,signal_reverse,False,0.1471296,,False,100.0,1.0,100.0,100.0,659.282700421941,0.4219409282700433,0.3206329113924051,0.0,0.10130801687763824
p1056,DOGEUSDT,-1,2024-04-20 13:00:00+00:00,0.15232,2024-04-20 14:00:00+00:00,0.15346,signal_reverse,False,0.15688960000000002,,False,100.0,1.0,100.0,100.0,656.5126050420167,-0.7484243697479005,0.3211226365546219,0.0,-1.0695470063025225
p1057,DOGEUSDT,1,2024-04-20 15:00:00+00:00,0.15346,2024-04-20 15:00:00+00:00,0.15787,signal_reverse,False,0.14885620000000002,,False,100.0,1.0,100.0,100.0,651.6356053694774,2.8737130196793936,0.32431056952951914,0.0,2.5494024501498744
p1058,DOGEUSDT,-1,2024-04-20 16:00:00+00:00,0.15787,2024-04-20 16:00:00+00:00,0.15872,signal_reverse,False,0.1626061,,False,100.0,1.0,100.0,100.0,633.432571102806,-0.5384176854373786,0.3208076265281561,0.0,-0.8592253119655346
p1059,DOGEUSDT,1,2024-04-20 17:00:00+00:00,0.15872,2024-04-20 18:00:00+00:00,0.16186,signal_reverse,False,0.1539584,,False,100.0,1.0,100.0,100.0,630.0403225806451,1.9783266129032282,0.3229674899193548,0.0,1.6553591229838733
p1060,DOGEUSDT,-1,2024-04-20 19:00:00+00:00,0.16186,2024-04-20 19:00:00+00:00,0.16123,signal_reverse,False,0.1667158,,False,100.0,1.0,100.0,100.0,617.8178672927221,0.3892252563944098,0.3194161621154084,0.0,0.0698090942790014
p1061,DOGEUSDT,1,2024-04-20 20:00:00+00:00,0.16123,2024-04-20 20:00:00+00:00,0.16249,signal_reverse,False,0.1563931,,False,100.0,1.0,100.0,100.0,620.2319667555665,0.7814922781120035,0.321172238417168,0.0,0.4603200396948355
p1062,DOGEUSDT,-1,2024-04-20 21:00:00+00:00,0.16249,2024-04-20 21:00:00+00:00,0.16252,signal_reverse,False,0.1673647,,False,100.0,1.0,100.0,100.0,615.4224875376947,-0.018462674626132224,0.3200276940119392,0.0,-0.3384903686380714
p1063,DOGEUSDT,1,2024-04-20 22:00:00+00:00,0.16252,2024-04-20 23:00:00+00:00,0.16251,signal_reverse,False,0.1576444,,False,100.0,1.0,100.0,100.0,615.3088850603003,-0.006153088850609157,0.31999077036672413,0.0,-0.3261438592173333
p1064,DOGEUSDT,-1,2024-04-21 00:00:00+00:00,0.16251,2024-04-21 01:00:00+00:00,0.16095,signal_reverse,False,0.1673853,,False,100.0,1.0,100.0,100.0,615.3467478924374,0.9599409267121889,0.31856008860993174,0.0,0.6413808381022572
p1065,DOGEUSDT,1,2024-04-21 02:00:00+00:00,0.16095,2024-04-21 02:00:00+00:00,0.16355,signal_reverse,False,0.1561215,,False,100.0,1.0,100.0,100.0,621.3109661385523,1.6154085119602306,0.3224231127679404,0.0,1.2929853991922902
p1066,DOGEUSDT,-1,2024-04-21 03:00:00+00:00,0.16355,2024-04-21 03:00:00+00:00,0.16317,signal_reverse,False,0.1684565,,False,100.0,1.0,100.0,100.0,611.4338122898196,0.23234484867012622,0.31965148272699484,0.0,-0.08730663405686862
p1067,DOGEUSDT,1,2024-04-21 04:00:00+00:00,0.16317,2024-04-21 04:00:00+00:00,0.16302,signal_reverse,False,0.1582749,,False,100.0,1.0,100.0,100.0,612.8577557148985,-0.09192866335724166,0.3198621070049642,0.0,-0.41179077036220585
p1068,DOGEUSDT,-1,2024-04-21 05:00:00+00:00,0.16302,2024-04-21 07:00:00+00:00,0.16304,signal_reverse,False,0.1679106,,False,100.0,1.0,100.0,100.0,613.421666053245,-0.012268433321060142,0.3200184026499816,0.0,-0.33228683597104175
p1069,DOGEUSDT,1,2024-04-21 08:00:00+00:00,0.16304,2024-04-21 08:00:00+00:00,0.162,signal_reverse,False,0.15814879999999998,,False,100.0,1.0,100.0,100.0,613.3464180569185,-0.6378802747791863,0.31904317958783124,0.0,-0.9569234543670175
p1070,DOGEUSDT,-1,2024-04-21 09:00:00+00:00,0.162,2024-04-21 09:00:00+00:00,0.16184,signal_reverse,False,0.16686,,False,100.0,1.0,100.0,100.0,617.283950617284,0.0987654320987614,0.3198518518518519,0.0,-0.22108641975309049
p1071,DOGEUSDT,1,2024-04-21 10:00:00+00:00,0.16184,2024-04-21 10:00:00+00:00,0.16172,signal_reverse,False,0.1569848,,False,100.0,1.0,100.0,100.0,617.8942165101334,-0.07414730598122157,0.3198887790410282,0.0,-0.39403608502224974
p1072,DOGEUSDT,-1,2024-04-21 11:00:00+00:00,0.16172,2024-04-21 11:00:00+00:00,0.16197,signal_reverse,False,0.16657160000000001,,False,100.0,1.0,100.0,100.0,618.3527083848627,-0.1545881770962158,0.32023188226564436,0.0,-0.47482005936186017
p1073,DOGEUSDT,1,2024-04-21 12:00:00+00:00,0.16197,2024-04-21 12:00:00+00:00,0.16037,signal_reverse,False,0.1571109,,False,100.0,1.0,100.0,100.0,617.3982836327715,-0.9878372538124284,0.3185182441192814,0.0,-1.3063554979317098
p1074,DOGEUSDT,-1,2024-04-21 13:00:00+00:00,0.16037,2024-04-21 13:00:00+00:00,0.15885,signal_reverse,False,0.16518110000000003,,False,100.0,1.0,100.0,100.0,623.5580220739539,0.9478081935524233,0.31857828770967134,0.0,0.629229905842752
p1075,DOGEUSDT,1,2024-04-21 14:00:00+00:00,0.15885,2024-04-21 16:00:00+00:00,0.15644,signal_reverse,False,0.15408449999999999,,False,100.0,1.0,100.0,100.0,629.5247088448222,-1.5171545483160185,0.31772426817752597,0.0,-1.8348788164935446
p1076,DOGEUSDT,-1,2024-04-21 17:00:00+00:00,0.15644,2024-04-21 18:00:00+00:00,0.15752,signal_reverse,False,0.1611332,,False,100.0,1.0,100.0,100.0,639.2227051904883,-0.6903605216057259,0.3210355407824086,0.0,-1.0113960623881346
p1077,DOGEUSDT,1,2024-04-21 19:00:00+00:00,0.15752,2024-04-21 19:00:00+00:00,0.15702,signal_reverse,False,0.1527944,,False,100.0,1.0,100.0,100.0,634.8400203148807,-0.31742001015744065,0.31952386998476384,0.0,-0.6369438801422045
p1078,DOGEUSDT,-1,2024-04-21 20:00:00+00:00,0.15702,2024-04-21 20:00:00+00:00,0.15858,signal_reverse,False,0.1617306,,False,100.0,1.0,100.0,100.0,636.8615462998345,-0.9935040122277454,0.32149025601834164,0.0,-1.3149942682460871
p1079,DOGEUSDT,1,2024-04-21 21:00:00+00:00,0.15858,2024-04-21 21:00:00+00:00,0.15807,signal_reverse,False,0.1538226,,False,100.0,1.0,100.0,100.0,630.596544330937,-0.3216042376087845,0.31951759364358684,0.0,-0.6411218312523713
p1080,DOGEUSDT,-1,2024-04-21 22:00:00+00:00,0.15807,2024-04-21 22:00:00+00:00,0.15864,signal_reverse,False,0.1628121,,False,100.0,1.0,100.0,100.0,632.6311127981274,-0.3605997342949421,0.3205408996014424,0.0,-0.6811406338963845
p1081,DOGEUSDT,1,2024-04-21 23:00:00+00:00,0.15864,2024-04-22 01:00:00+00:00,0.1578,signal_reverse,False,0.1538808,,False,100.0,1.0,100.0,100.0,630.3580433686334,-0.5295007564296568,0.3192057488653555,0.0,-0.8487065052950122
p1082,DOGEUSDT,-1,2024-04-22 02:00:00+00:00,0.1578,2024-04-22 02:00:00+00:00,0.15773,signal_reverse,False,0.16253399999999998,,False,100.0,1.0,100.0,100.0,633.7135614702155,0.04435994930290668,0.3199334600760457,0.0,-0.27557351077313896
p1083,DOGEUSDT,1,2024-04-22 03:00:00+00:00,0.15773,2024-04-22 04:00:00+00:00,0.16085,signal_reverse,False,0.1529981,,False,100.0,1.0,100.0,100.0,633.9948012426298,1.9780637798769949,0.3229670956698155,0.0,1.6550966842071793
p1084,DOGEUSDT,-1,2024-04-22 05:00:00+00:00,0.16085,2024-04-22 05:00:00+00:00,0.16225,signal_reverse,False,0.1656755,,False,100.0,1.0,100.0,100.0,621.6972334473112,-0.8703761268262433,0.32130556419023937,0.0,-1.1916816910164827
p1085,DOGEUSDT,1,2024-04-22 06:00:00+00:00,0.16225,2024-04-22 06:00:00+00:00,0.1621,signal_reverse,False,0.1573825,,False,100.0,1.0,100.0,100.0,616.3328197226502,-0.09244992295840446,0.3198613251155624,0.0,-0.4123112480739669
p1086,DOGEUSDT,-1,2024-04-22 07:00:00+00:00,0.1621,2024-04-22 09:00:00+00:00,0.16014,signal_reverse,False,0.166963,,False,100.0,1.0,100.0,100.0,616.9031462060457,1.209130166563843,0.3181863047501543,0.0,0.8909438618136887
p1087,DOGEUSDT,1,2024-04-22 10:00:00+00:00,0.16014,2024-04-22 10:00:00+00:00,0.16006,signal_reverse,False,0.1553358,,False,100.0,1.0,100.0,100.0,624.4536030972898,-0.04995628824778115,0.31992506556762834,0.0,-0.3698813538154095
p1088,DOGEUSDT,-1,2024-04-22 11:00:00+00:00,0.16006,2024-04-22 12:00:00+00:00,0.16042,signal_reverse,False,0.1648618,,False,100.0,1.0,100.0,100.0,624.7657128576783,-0.2249156566287637,0.3203373734849431,0.0,-0.5452530301137068
p1089,DOGEUSDT,1,2024-04-22 13:00:00+00:00,0.16042,2024-04-22 13:00:00+00:00,0.16021,signal_reverse,False,0.1556074,,False,100.0,1.0,100.0,100.0,623.3636703652911,-0.13090637077672093,0.3198036404438349,0.0,-0.4507100112205559
p1090,DOGEUSDT,-1,2024-04-22 14:00:00+00:00,0.16021,2024-04-22 15:00:00+00:00,0.15847,signal_reverse,False,0.1650163,,False,100.0,1.0,100.0,100.0,624.1807627488921,1.086074527183067,0.31837088820922543,0.0,0.7677036389738415
p1091,DOGEUSDT,1,2024-04-22 16:00:00+00:00,0.15847,2024-04-22 18:00:00+00:00,0.16004,signal_reverse,False,0.1537159,,False,100.0,1.0,100.0,100.0,631.0342651605982,0.9907237963021317,0.32148608569445325,0.0,0.6692377106076784
p1092,DOGEUSDT,-1,2024-04-22 19:00:00+00:00,0.16004,2024-04-23 02:00:00+00:00,0.15948,signal_reverse,False,0.1648412,,False,100.0,1.0,100.0,100.0,624.8437890527368,0.3499125218695184,0.31947513121719573,0.0,0.03043739065232265
p1093,DOGEUSDT,1,2024-04-23 03:00:00+00:00,0.15948,2024-04-23 13:00:00+00:00,0.15998,signal_reverse,False,0.15469560000000002,,False,100.0,1.0,100.0,100.0,627.0378730875344,0.3135189365437675,0.3204702784048156,0.0,-0.0069513418610481215
p1094,DOGEUSDT,-1,2024-04-23 14:00:00+00:00,0.15998,2024-04-23 15:00:00+00:00,0.16109,signal_reverse,False,0.16477940000000002,,False,100.0,1.0,100.0,100.0,625.0781347668458,-0.6938367295911987,0.32104075509438684,0.0,-1.0148774846855855
p1095,DOGEUSDT,1,2024-04-23 16:00:00+00:00,0.16109,2024-04-23 16:00:00+00:00,0.1615,signal_reverse,False,0.15625730000000002,,False,100.0,1.0,100.0,100.0,620.770997578993,0.25451610900738325,0.3203817741635111,0.0,-0.06586566515612785
p1096,DOGEUSDT,-1,2024-04-23 17:00:00+00:00,0.1615,2024-04-23 20:00:00+00:00,0.16068,signal_reverse,False,0.166345,,False,100.0,1.0,100.0,100.0,619.1950464396284,0.5077399380805047,0.31923839009287924,0.0,0.18850154798762542
p1097,DOGEUSDT,1,2024-04-23 21:00:00+00:00,0.16068,2024-04-23 22:00:00+00:00,0.1597,signal_reverse,False,0.1558596,,False,100.0,1.0,100.0,100.0,622.3549912870302,-0.6099078914612777,0.31908513816280815,0.0,-0.9289930296240858
p1098,DOGEUSDT,-1,2024-04-23 23:00:00+00:00,0.1597,2024-04-23 23:00:00+00:00,0.15975,signal_reverse,False,0.164491,,False,100.0,1.0,100.0,100.0,626.1740763932373,-0.03130870381965842,0.32004696305572955,0.0,-0.351355666875388
p1099,DOGEUSDT,1,2024-04-24 00:00:00+00:00,0.15975,2024-04-24 00:00:00+00:00,0.16067,signal_reverse,False,0.1549575,,False,100.0,1.0,100.0,100.0,625.9780907668231,0.5758998435054798,0.3208638497652582,0.0,0.2550359937402216
p1100,DOGEUSDT,-1,2024-04-24 01:00:00+00:00,0.16067,2024-04-24 06:00:00+00:00,0.16163,signal_reverse,False,0.1654901,,False,100.0,1.0,100.0,100.0,622.3937262712392,-0.5974979772203826,0.3208962469658306,0.0,-0.9183942241862131
p1101,DOGEUSDT,1,2024-04-24 07:00:00+00:00,0.16163,2024-04-24 08:00:00+00:00,0.16202,signal_reverse,False,0.1567811,,False,100.0,1.0,100.0,100.0,618.6970240673143,0.24129183938625345,0.3203619377590794,0.0,-0.07907009837282594
p1102,DOGEUSDT,-1,2024-04-24 09:00:00+00:00,0.16202,2024-04-24 13:00:00+00:00,0.15862,signal_reverse,False,0.1668806,,False,100.0,1.0,100.0,100.0,617.2077521293668,2.0985063572398386,0.31685224046414023,0.0,1.7816541167756983
p1103,DOGEUSDT,1,2024-04-24 14:00:00+00:00,0.15862,2024-04-24 15:00:00+00:00,0.1538614,initial_sl,False,0.1538614,,False,100.0,1.0,100.0,100.0,630.4375236414071,-3.000000000000001,0.3155,0.0,-3.315500000000001
p1104,DOGEUSDT,1,2024-04-24 16:00:00+00:00,0.15267,2024-04-24 17:00:00+00:00,0.15457,signal_reverse,False,0.1480899,,False,100.0,1.0,100.0,100.0,655.0075325866247,1.2445143119145954,0.3218667714678719,0.0,0.9226475404467235
p1105,DOGEUSDT,-1,2024-04-24 18:00:00+00:00,0.15457,2024-04-24 18:00:00+00:00,0.15275,signal_reverse,False,0.15920710000000002,,False,100.0,1.0,100.0,100.0,646.9560716827327,1.1774600504625838,0.31823380992430617,0.0,0.8592262405382777
p1106,DOGEUSDT,1,2024-04-24 19:00:00+00:00,0.15275,2024-04-24 20:00:00+00:00,0.15265,signal_reverse,False,0.1481675,,False,100.0,1.0,100.0,100.0,654.6644844517185,-0.06546644844516464,0.31990180032733223,0.0,-0.38536824877249687
p1107,DOGEUSDT,-1,2024-04-24 21:00:00+00:00,0.15265,2024-04-24 21:00:00+00:00,0.15339,signal_reverse,False,0.15722950000000002,,False,100.0,1.0,100.0,100.0,655.0933508024893,-0.48476907959383597,0.32072715361939075,0.0,-0.8054962332132267
p1108,DOGEUSDT,1,2024-04-24 22:00:00+00:00,0.15339,2024-04-24 22:00:00+00:00,0.15074,signal_reverse,False,0.1487883,,False,100.0,1.0,100.0,100.0,651.9329812895235,-1.7276224004172278,0.31740856639937415,0.0,-2.045030966816602
p1109,DOGEUSDT,-1,2024-04-24 23:00:00+00:00,0.15074,2024-04-24 23:00:00+00:00,0.15126,signal_reverse,False,0.15526220000000002,,False,100.0,1.0,100.0,100.0,663.3939233116624,-0.34496484012205963,0.32051744726018316,0.0,-0.6654822873822428
p1110,DOGEUSDT,1,2024-04-25 00:00:00+00:00,0.15126,2024-04-25 03:00:00+00:00,0.15054,signal_reverse,False,0.1467222,,False,100.0,1.0,100.0,100.0,661.1133148221605,-0.4760015866719545,0.3192859976199921,0.0,-0.7952875842919467
p1111,DOGEUSDT,-1,2024-04-25 04:00:00+00:00,0.15054,2024-04-25 09:00:00+00:00,0.1499,signal_reverse,False,0.1550562,,False,100.0,1.0,100.0,100.0,664.2752756742394,0.42513617643151436,0.31936229573535274,0.0,0.10577388069616162
p1112,DOGEUSDT,1,2024-04-25 10:00:00+00:00,0.1499,2024-04-25 10:00:00+00:00,0.1481,signal_reverse,False,0.145403,,False,100.0,1.0,100.0,100.0,667.11140760507,-1.2008005336891234,0.3181987991994663,0.0,-1.5189993328885898
p1113,DOGEUSDT,-1,2024-04-25 11:00:00+00:00,0.1481,2024-04-25 12:00:00+00:00,0.14882,signal_reverse,False,0.152543,,False,100.0,1.0,100.0,100.0,675.219446320054,-0.4861580013504378,0.32072923700202566,0.0,-0.8068872383524635
p1114,DOGEUSDT,1,2024-04-25 13:00:00+00:00,0.14882,2024-04-25 22:00:00+00:00,0.15163,signal_reverse,False,0.1443554,,False,100.0,1.0,100.0,100.0,671.952694530305,1.8881870716301432,0.32283228060744523,0.0,1.565354791022698
p1115,DOGEUSDT,-1,2024-04-25 23:00:00+00:00,0.15163,2024-04-25 23:00:00+00:00,0.15122,signal_reverse,False,0.15617889999999998,,False,100.0,1.0,100.0,100.0,659.5000989250149,0.27039504055925195,0.3195944074391611,0.0,-0.04919936687990917
p1116,DOGEUSDT,1,2024-04-26 00:00:00+00:00,0.15122,2024-04-26 04:00:00+00:00,0.15036,signal_reverse,False,0.1466834,,False,100.0,1.0,100.0,100.0,661.2881893929375,-0.5687078428779261,0.31914693823568313,0.0,-0.8878547811136093
p1117,DOGEUSDT,-1,2024-04-26 05:00:00+00:00,0.15036,2024-04-26 05:00:00+00:00,0.15169,signal_reverse,False,0.1548708,,False,100.0,1.0,100.0,100.0,665.0704974727321,-0.8845437616387323,0.3213268156424581,0.0,-1.2058705772811904
p1118,DOGEUSDT,1,2024-04-26 06:00:00+00:00,0.15169,2024-04-26 06:00:00+00:00,0.15054,signal_reverse,False,0.1471393,,False,100.0,1.0,100.0,100.0,659.239237919441,-0.7581251236073469,0.318862812314589,0.0,-1.0769879359219359
p1119,DOGEUSDT,-1,2024-04-26 07:00:00+00:00,0.15054,2024-04-26 09:00:00+00:00,0.1512,signal_reverse,False,0.1550562,,False,100.0,1.0,100.0,100.0,664.2752756742394,-0.438421681944994,0.32065763252291757,0.0,-0.7590793144679115
p1120,DOGEUSDT,1,2024-04-26 10:00:00+00:00,0.1512,2024-04-26 10:00:00+00:00,0.14964,signal_reverse,False,0.146664,,False,100.0,1.0,100.0,100.0,661.3756613756614,-1.0317460317460356,0.31845238095238093,0.0,-1.3501984126984166
p1121,DOGEUSDT,-1,2024-04-26 11:00:00+00:00,0.14964,2024-04-26 14:00:00+00:00,0.14849,signal_reverse,False,0.1541292,,False,100.0,1.0,100.0,100.0,668.2705159048382,0.7685110932905536,0.31884723336006415,0.0,0.4496638599304894
p1122,DOGEUSDT,1,2024-04-26 15:00:00+00:00,0.14849,2024-04-26 18:00:00+00:00,0.14987,signal_reverse,False,0.1440353,,False,100.0,1.0,100.0,100.0,673.4460233012323,0.9293555121556955,0.3213940332682335,0.0,0.6079614788874619
p1123,DOGEUSDT,-1,2024-04-26 19:00:00+00:00,0.14987,2024-04-26 21:00:00+00:00,0.14929,signal_reverse,False,0.1543661,,False,100.0,1.0,100.0,100.0,667.2449456195369,0.38700206845932955,0.31941949689731103,0.0,0.06758257156201852
p1124,DOGEUSDT,1,2024-04-26 22:00:00+00:00,0.14929,2024-04-27 00:00:00+00:00,0.14714,signal_reverse,False,0.1448113,,False,100.0,1.0,100.0,100.0,669.8372295532185,-1.4401500435394285,0.3178397749346909,0.0,-1.7579898184741194
p1125,DOGEUSDT,-1,2024-04-27 01:00:00+00:00,0.14714,2024-04-27 01:00:00+00:00,0.14421,signal_reverse,False,0.1515542,,False,100.0,1.0,100.0,100.0,679.6248470844095,1.9913008019573117,0.31701304879706405,0.0,1.6742877531602476
p1126,DOGEUSDT,1,2024-04-27 02:00:00+00:00,0.14421,2024-04-27 05:00:00+00:00,0.14572,signal_reverse,False,0.1398837,,False,100.0,1.0,100.0,100.0,693.4331877123639,1.047084113445658,0.3215706261701685,0.0,0.7255134872754896
p1127,DOGEUSDT,-1,2024-04-27 06:00:00+00:00,0.14572,2024-04-27 07:00:00+00:00,0.14495,signal_reverse,False,0.1500916,,False,100.0,1.0,100.0,100.0,686.2475981334065,0.5284106505627182,0.31920738402415594,0.0,0.20920326653856225
p1128,DOGEUSDT,1,2024-04-27 08:00:00+00:00,0.14495,2024-04-27 09:00:00+00:00,0.14506,signal_reverse,False,0.1406015,,False,100.0,1.0,100.0,100.0,689.8930665746809,0.0758882373232142,0.3201138323559849,0.0,-0.2442255950327707
p1129,DOGEUSDT,-1,2024-04-27 10:00:00+00:00,0.14506,2024-04-27 10:00:00+00:00,0.1439,signal_reverse,False,0.14941179999999998,,False,100.0,1.0,100.0,100.0,689.3699158968703,0.7996691024403657,0.3188004963463395,0.0,0.4808686060940262
p1130,DOGEUSDT,1,2024-04-27 11:00:00+00:00,0.1439,2024-04-27 11:00:00+00:00,0.14405,signal_reverse,False,0.139583,,False,100.0,1.0,100.0,100.0,694.9270326615705,0.10423905489924339,0.3201563585823489,0.0,-0.21591730368310552
p1131,DOGEUSDT,-1,2024-04-27 12:00:00+00:00,0.14405,2024-04-27 13:00:00+00:00,0.14652,signal_reverse,False,0.14837150000000002,,False,100.0,1.0,100.0,100.0,694.2034015966677,-1.7146824019437692,0.3225720236029157,0.0,-2.037254425546685
p1132,DOGEUSDT,1,2024-04-27 14:00:00+00:00,0.14652,2024-04-27 16:00:00+00:00,0.14572,signal_reverse,False,0.1421244,,False,100.0,1.0,100.0,100.0,682.5006825006825,-0.5460005460005617,0.3191809991809992,0.0,-0.8651815451815609
p1133,DOGEUSDT,-1,2024-04-27 17:00:00+00:00,0.14572,2024-04-27 17:00:00+00:00,0.14874,signal_reverse,False,0.1500916,,False,100.0,1.0,100.0,100.0,686.2475981334065,-2.072467746362903,0.32310870161954436,0.0,-2.3955764479824473
p1134,DOGEUSDT,1,2024-04-27 18:00:00+00:00,0.14874,2024-04-27 19:00:00+00:00,0.14805,signal_reverse,False,0.1442778,,False,100.0,1.0,100.0,100.0,672.314105149926,-0.46389673255346503,0.3193041549011698,0.0,-0.7832008874546348
p1135,DOGEUSDT,-1,2024-04-27 20:00:00+00:00,0.14805,2024-04-27 20:00:00+00:00,0.1477,signal_reverse,False,0.15249149999999997,,False,100.0,1.0,100.0,100.0,675.4474839581223,0.23640661938533553,0.319645390070922,0.0,-0.0832387706855865
p1136,DOGEUSDT,1,2024-04-27 21:00:00+00:00,0.1477,2024-04-27 21:00:00+00:00,0.1471,signal_reverse,False,0.143269,,False,100.0,1.0,100.0,100.0,677.0480704129993,-0.40622884224779243,0.31939065673662836,0.0,-0.7256194989844208
p1137,DOGEUSDT,-1,2024-04-27 22:00:00+00:00,0.1471,2024-04-27 23:00:00+00:00,0.14766,signal_reverse,False,0.151513,,False,100.0,1.0,100.0,100.0,679.8096532970768,-0.38069340584636635,0.3205710401087696,0.0,-0.7012644459551359
p1138,DOGEUSDT,1,2024-04-28 00:00:00+00:00,0.14766,2024-04-28 00:00:00+00:00,0.14828,signal_reverse,False,0.1432302,,False,100.0,1.0,100.0,100.0,677.2314777190843,0.41988351618581987,0.32062982527427875,0.0,0.09925369091154113
p1139,DOGEUSDT,-1,2024-04-28 01:00:00+00:00,0.14828,2024-04-28 01:00:00+00:00,0.14875,signal_reverse,False,0.1527284,,False,100.0,1.0,100.0,100.0,674.3997841920691,-0.31696789857027124,0.3204754518478554,0.0,-0.6374433504181267
p1140,DOGEUSDT,1,2024-04-28 02:00:00+00:00,0.14875,2024-04-28 02:00:00+00:00,0.15013,signal_reverse,False,0.14428749999999999,,False,100.0,1.0,100.0,100.0,672.2689075630252,0.9277310924369883,0.3213915966386555,0.0,0.6063394957983328
p1141,DOGEUSDT,-1,2024-04-28 03:00:00+00:00,0.15013,2024-04-28 03:00:00+00:00,0.1499,signal_reverse,False,0.15463390000000002,,False,100.0,1.0,100.0,100.0,666.0893891960301,0.15320055951509223,0.3197701991607274,0.0,-0.16656963964563518
p1142,DOGEUSDT,1,2024-04-28 04:00:00+00:00,0.1499,2024-04-28 04:00:00+00:00,0.14945,signal_reverse,False,0.145403,,False,100.0,1.0,100.0,100.0,667.11140760507,-0.30020013342228546,0.3195496997998666,0.0,-0.619749833222152
p1143,DOGEUSDT,-1,2024-04-28 05:00:00+00:00,0.14945,2024-04-28 05:00:00+00:00,0.14986,signal_reverse,False,0.1539335,,False,100.0,1.0,100.0,100.0,669.1201070592172,-0.27433924389427483,0.32041150886584147,0.0,-0.5947507527601164
p1144,DOGEUSDT,1,2024-04-28 06:00:00+00:00,0.14986,2024-04-28 07:00:00+00:00,0.15008,signal_reverse,False,0.1453642,,False,100.0,1.0,100.0,100.0,667.2894701721607,0.146803683437874,0.32022020552515684,0.0,-0.17341652208728284
p1145,DOGEUSDT,-1,2024-04-28 08:00:00+00:00,0.15008,2024-04-28 08:00:00+00:00,0.14919,signal_reverse,False,0.15458239999999998,,False,100.0,1.0,100.0,100.0,666.3113006396588,0.5930170575692977,0.31911047441364604,0.0,0.27390658315565164
p1146,DOGEUSDT,1,2024-04-28 09:00:00+00:00,0.14919,2024-04-28 10:00:00+00:00,0.14902,signal_reverse,False,0.1447143,,False,100.0,1.0,100.0,100.0,670.2862122126148,-0.11394865607612825,0.3198290770158858,0.0,-0.43377773309201406
p1147,DOGEUSDT,-1,2024-04-28 11:00:00+00:00,0.14902,2024-04-28 11:00:00+00:00,0.14853,signal_reverse,False,0.1534906,,False,100.0,1.0,100.0,100.0,671.0508656556167,0.3288149241712644,0.31950677761374313,0.0,0.009308146557521269
p1148,DOGEUSDT,1,2024-04-28 12:00:00+00:00,0.14853,2024-04-28 12:00:00+00:00,0.14933,signal_reverse,False,0.14407409999999998,,False,100.0,1.0,100.0,100.0,673.2646603379789,0.5386117282703798,0.3208079175924056,0.0,0.21780381067797422
p1149,DOGEUSDT,-1,2024-04-28 13:00:00+00:00,0.14933,2024-04-28 13:00:00+00:00,0.14976,signal_reverse,False,0.1538099,,False,100.0,1.0,100.0,100.0,669.6578048617157,-0.28795285609054694,0.3204319292841359,0.0,-0.6083847853746829
p1150,DOGEUSDT,1,2024-04-28 14:00:00+00:00,0.14976,2024-04-28 17:00:00+00:00,0.15044,signal_reverse,False,0.1452672,,False,100.0,1.0,100.0,100.0,667.7350427350427,0.45405982905981984,0.3206810897435898,0.0,0.13337873931623007
p1151,DOGEUSDT,-1,2024-04-28 18:00:00+00:00,0.15044,2024-04-28 19:00:00+00:00,0.15005,signal_reverse,False,0.15495319999999999,,False,100.0,1.0,100.0,100.0,664.7168306301515,0.2592395639457601,0.31961114065408136,0.0,-0.06037157670832127
p1152,DOGEUSDT,1,2024-04-28 20:00:00+00:00,0.15005,2024-04-28 20:00:00+00:00,0.15019,signal_reverse,False,0.1455485,,False,100.0,1.0,100.0,100.0,666.4445184938354,0.09330223258913778,0.32013995334888373,0.0,-0.22683772075974595
p1153,DOGEUSDT,-1,2024-04-28 21:00:00+00:00,0.15019,2024-04-28 21:00:00+00:00,0.14963,signal_reverse,False,0.1546957,,False,100.0,1.0,100.0,100.0,665.8232904987017,0.37286104267925774,0.31944070843598116,0.0,0.05342033424327658
p1154,DOGEUSDT,1,2024-04-28 22:00:00+00:00,0.14963,2024-04-28 23:00:00+00:00,0.14661,signal_reverse,False,0.14514110000000002,,False,100.0,1.0,100.0,100.0,668.3151774376796,-2.0183118358618075,0.31697253224620736,0.0,-2.335284368108015
p1155,DOGEUSDT,-1,2024-04-29 00:00:00+00:00,0.14661,2024-04-29 01:00:00+00:00,0.1477,signal_reverse,False,0.15100829999999998,,False,100.0,1.0,100.0,100.0,682.0817133892641,-0.7434690675943031,0.3211152036013915,0.0,-1.0645842711956945
p1156,DOGEUSDT,1,2024-04-29 02:00:00+00:00,0.1477,2024-04-29 04:00:00+00:00,0.143269,initial_sl,False,0.143269,,False,100.0,1.0,100.0,100.0,677.0480704129993,-2.999999999999994,0.3155,0.0,-3.315499999999994
p1157,DOGEUSDT,-1,2024-04-29 05:00:00+00:00,0.1446,2024-04-29 09:00:00+00:00,0.14174,signal_reverse,False,0.14893800000000001,,False,100.0,1.0,100.0,100.0,691.5629322268326,1.977869986168742,0.3170331950207469,0.0,1.6608367911479953
p1158,DOGEUSDT,1,2024-04-29 10:00:00+00:00,0.14174,2024-04-29 10:00:00+00:00,0.1411,signal_reverse,False,0.1374878,,False,100.0,1.0,100.0,100.0,705.5171440666008,-0.4515309722026257,0.31932270354169606,0.0,-0.7708536757443218
p1159,DOGEUSDT,-1,2024-04-29 11:00:00+00:00,0.1411,2024-04-29 12:00:00+00:00,0.14178,signal_reverse,False,0.145333,,False,100.0,1.0,100.0,100.0,708.7172218284904,-0.4819277108433637,0.3207228915662651,0.0,-0.8026506024096288
p1160,DOGEUSDT,1,2024-04-29 13:00:00+00:00,0.14178,2024-04-29 14:00:00+00:00,0.14272,signal_reverse,False,0.1375266,,False,100.0,1.0,100.0,100.0,705.3180984624066,0.6629990125546793,0.32099449851883205,0.0,0.34200451403584725
p1161,DOGEUSDT,-1,2024-04-29 15:00:00+00:00,0.14272,2024-04-29 15:00:00+00:00,0.14314,signal_reverse,False,0.1470016,,False,100.0,1.0,100.0,100.0,700.6726457399102,-0.29428251121074545,0.3204414237668161,0.0,-0.6147239349775615
p1162,DOGEUSDT,1,2024-04-29 16:00:00+00:00,0.14314,2024-04-29 16:00:00+00:00,0.14164,signal_reverse,False,0.1388458,,False,100.0,1.0,100.0,100.0,698.6167388570631,-1.0479251082855956,0.3184281123375716,0.0,-1.3663532206231672
p1163,DOGEUSDT,-1,2024-04-29 17:00:00+00:00,0.14164,2024-04-29 17:00:00+00:00,0.1421,signal_reverse,False,0.1458892,,False,100.0,1.0,100.0,100.0,706.0152499293986,-0.32476701496753463,0.3204871505224513,0.0,-0.6452541654899859
p1164,DOGEUSDT,1,2024-04-29 18:00:00+00:00,0.1421,2024-04-29 18:00:00+00:00,0.14104,signal_reverse,False,0.13783700000000002,,False,100.0,1.0,100.0,100.0,703.7297677691766,-0.745953553835331,0.318881069669247,0.0,-1.064834623504578
p1165,DOGEUSDT,-1,2024-04-29 19:00:00+00:00,0.14104,2024-04-29 19:00:00+00:00,0.14096,signal_reverse,False,0.1452712,,False,100.0,1.0,100.0,100.0,709.0187180941577,0.05672149744753031,0.31991491775382874,0.0,-0.26319342030629844
p1166,DOGEUSDT,1,2024-04-29 20:00:00+00:00,0.14096,2024-04-29 22:00:00+00:00,0.14382,signal_reverse,False,0.1367312,,False,100.0,1.0,100.0,100.0,709.4211123723042,2.028944381384791,0.3230434165720772,0.0,1.7059009648127137
p1167,DOGEUSDT,-1,2024-04-29 23:00:00+00:00,0.14382,2024-04-29 23:00:00+00:00,0.14333,signal_reverse,False,0.1481346,,False,100.0,1.0,100.0,100.0,695.3135864274788,0.34070365734945796,0.31948894451397586,0.0,0.021214712835482097
p1168,DOGEUSDT,1,2024-04-30 00:00:00+00:00,0.14333,2024-04-30 04:00:00+00:00,0.1427,signal_reverse,False,0.13903010000000002,,False,100.0,1.0,100.0,100.0,697.6906439684643,-0.4395451057001461,0.3193406823414498,0.0,-0.7588857880415959
p1169,DOGEUSDT,-1,2024-04-30 05:00:00+00:00,0.1427,2024-04-30 05:00:00+00:00,0.14231,signal_reverse,False,0.146981,,False,100.0,1.0,100.0,100.0,700.770847932726,0.2733006306937642,0.3195900490539594,0.0,-0.04628941836019518
p1170,DOGEUSDT,1,2024-04-30 06:00:00+00:00,0.14231,2024-04-30 06:00:00+00:00,0.14291,signal_reverse,False,0.1380407,,False,100.0,1.0,100.0,100.0,702.6913077085237,0.4216147846251263,0.32063242217693777,0.0,0.10098236244818853
p1171,DOGEUSDT,-1,2024-04-30 07:00:00+00:00,0.14291,2024-04-30 11:00:00+00:00,0.1354,signal_reverse,False,0.1471973,,False,100.0,1.0,100.0,100.0,699.7410957945559,5.255055629417127,0.3121174165558743,0.0,4.942938212861253
p1172,DOGEUSDT,1,2024-04-30 12:00:00+00:00,0.1354,2024-04-30 12:00:00+00:00,0.13428,signal_reverse,False,0.13133799999999998,,False,100.0,1.0,100.0,100.0,738.5524372230428,-0.8271787296897948,0.31875923190546535,0.0,-1.14593796159526
p1173,DOGEUSDT,-1,2024-04-30 13:00:00+00:00,0.13428,2024-04-30 13:00:00+00:00,0.13365,signal_reverse,False,0.1383084,,False,100.0,1.0,100.0,100.0,744.7125409591897,0.469168900804304,0.3192962466487936,0.0,0.14987265415551043
p1174,DOGEUSDT,1,2024-04-30 14:00:00+00:00,0.13365,2024-04-30 18:00:00+00:00,0.13207,signal_reverse,False,0.1296405,,False,100.0,1.0,100.0,100.0,748.2229704451927,-1.182192293303403,0.3182267115600449,0.0,-1.5004190048634478
p1175,DOGEUSDT,-1,2024-04-30 19:00:00+00:00,0.13207,2024-04-30 22:00:00+00:00,0.13326,signal_reverse,False,0.1360321,,False,100.0,1.0,100.0,100.0,757.1742257893542,-0.901037328689329,0.321351555993034,0.0,-1.222388884682363
p1176,DOGEUSDT,1,2024-04-30 23:00:00+00:00,0.13326,2024-04-30 23:00:00+00:00,0.13328,signal_reverse,False,0.1292622,,False,100.0,1.0,100.0,100.0,750.41272699985,0.01500825454001201,0.32002251238181,0.0,-0.305014257841798
p1177,DOGEUSDT,-1,2024-05-01 00:00:00+00:00,0.13328,2024-05-01 01:00:00+00:00,0.13082,signal_reverse,False,0.13727840000000002,,False,100.0,1.0,100.0,100.0,750.3001200480192,1.8457382953181405,0.3172313925570228,0.0,1.5285069027611176
p1178,DOGEUSDT,1,2024-05-01 02:00:00+00:00,0.13082,2024-05-01 02:00:00+00:00,0.13045,signal_reverse,False,0.1268954,,False,100.0,1.0,100.0,100.0,764.4091117566122,-0.28283137134993236,0.31957575294297513,0.0,-0.6024071242929074
p1179,DOGEUSDT,-1,2024-05-01 03:00:00+00:00,0.13045,2024-05-01 06:00:00+00:00,0.12877,signal_reverse,False,0.13436350000000002,,False,100.0,1.0,100.0,100.0,766.5772326561901,1.2878497508624107,0.31806822537370644,0.0,0.9697815254887043
p1180,DOGEUSDT,1,2024-05-01 07:00:00+00:00,0.12877,2024-05-01 07:00:00+00:00,0.1249069,initial_sl,False,0.1249069,,False,100.0,1.0,100.0,100.0,776.5783955890347,-2.9999999999999956,0.3155,0.0,-3.3154999999999957
p1181,DOGEUSDT,-1,2024-05-01 08:00:00+00:00,0.12461,2024-05-01 12:00:00+00:00,0.12631,signal_reverse,False,0.1283483,,False,100.0,1.0,100.0,100.0,802.5038118931066,-1.3642564802182868,0.3220463847203275,0.0,-1.6863028649386143
