position_id,symbol,direction,entry_time,entry_price,exit_time,exit_price,exit_reason,is_gap_fill,initial_sl,trailing_sl,trailing_active,stake,leverage,notional,margin,quantity,gross_pnl,total_costs,funding_pnl,net_pnl
p1,ETHUSDT,1,2024-01-26 02:00:00+00:00,2223.27,2024-01-26 02:00:00+00:00,2227.1,signal_reverse,False,2156.5719,,False,100.0,1.0,100.0,100.0,0.04497879249933656,0.17226877527245577,0.32025840316290866,0.0,-0.1479896278904529
p2,ETHUSDT,-1,2024-01-26 03:00:00+00:00,2227.1,2024-01-26 03:00:00+00:00,2222.45,signal_reverse,False,2293.913,,False,100.0,1.0,100.0,100.0,0.0449014413362669,0.20879170221364515,0.3196868124466795,0.0,-0.11089511023303436
p3,ETHUSDT,1,2024-01-26 04:00:00+00:00,2222.45,2024-01-26 04:00:00+00:00,2223.46,signal_reverse,False,2155.7765,,False,100.0,1.0,100.0,100.0,0.0449953879727328,0.04544534185246995,0.3200681680127787,0.0,-0.27462282616030875
p4,ETHUSDT,-1,2024-01-26 05:00:00+00:00,2223.46,2024-01-26 07:00:00+00:00,2196.26,signal_reverse,False,2290.1638000000003,,False,100.0,1.0,100.0,100.0,0.04497494895343294,1.2233186115333676,0.3181650220827,0.0,0.9051535894506677
p5,ETHUSDT,1,2024-01-26 08:00:00+00:00,2196.26,2024-01-26 08:00:00+00:00,2208.39,signal_reverse,False,2130.3722000000002,,False,100.0,1.0,100.0,100.0,0.04553194976915301,0.5523025506998103,0.32082845382604974,0.0,0.23147409687376053
p6,ETHUSDT,-1,2024-01-26 09:00:00+00:00,2208.39,2024-01-26 10:00:00+00:00,2237.36,signal_reverse,False,2274.6416999999997,,False,100.0,1.0,100.0,100.0,0.04528185691838851,-1.3118153949257267,0.32196772309238864,0.0,-1.6337831180181155
p7,ETHUSDT,1,2024-01-26 11:00:00+00:00,2237.36,2024-01-26 12:00:00+00:00,2246.63,signal_reverse,False,2170.2392,,False,100.0,1.0,100.0,100.0,0.044695534022240496,0.41432760038616856,0.3206214914005793,0.0,0.09370610898558929
p8,ETHUSDT,-1,2024-01-26 13:00:00+00:00,2246.63,2024-01-26 20:00:00+00:00,2257.55,signal_reverse,False,2314.0289000000002,,False,100.0,1.0,100.0,100.0,0.04451111219916052,-0.4860613452148361,0.3207290920178223,0.0,-0.8067904372326584
p9,ETHUSDT,1,2024-01-26 21:00:00+00:00,2257.55,2024-01-26 22:00:00+00:00,2267.03,signal_reverse,False,2189.8235,,False,100.0,1.0,100.0,100.0,0.044295807401829417,0.41992425416934365,0.32062988638125406,0.0,0.09929436778808959
p10,ETHUSDT,-1,2024-01-26 23:00:00+00:00,2267.03,2024-01-27 00:00:00+00:00,2279.82,signal_reverse,False,2335.0409000000004,,False,100.0,1.0,100.0,100.0,0.044110576392901724,-0.5641742720652114,0.32084626140809785,0.0,-0.8850205334733092
p11,ETHUSDT,1,2024-01-27 01:00:00+00:00,2279.82,2024-01-27 02:00:00+00:00,2274.11,signal_reverse,False,2211.4254,,False,100.0,1.0,100.0,100.0,0.043863112000070176,-0.2504583695204023,0.31962431244571937,0.0,-0.5700826819661217
p12,ETHUSDT,-1,2024-01-27 03:00:00+00:00,2274.11,2024-01-27 03:00:00+00:00,2273.63,signal_reverse,False,2342.3333000000002,,False,100.0,1.0,100.0,100.0,0.04397324667672188,0.0211071584048273,0.31996833926239276,0.0,-0.29886118085756547
p13,ETHUSDT,1,2024-01-27 04:00:00+00:00,2273.63,2024-01-27 04:00:00+00:00,2274.33,signal_reverse,False,2205.4211,,False,100.0,1.0,100.0,100.0,0.04398253013902877,0.03078777109731214,0.320046181656646,0.0,-0.2892584105593339
p14,ETHUSDT,-1,2024-01-27 05:00:00+00:00,2274.33,2024-01-27 06:00:00+00:00,2263.55,signal_reverse,False,2342.5598999999997,,False,100.0,1.0,100.0,100.0,0.0439689930660898,0.4739857452524368,0.3192890213821214,0.0,0.1546967238703154
p15,ETHUSDT,1,2024-01-27 07:00:00+00:00,2263.55,2024-01-27 07:00:00+00:00,2257.96,signal_reverse,False,2195.6435,,False,100.0,1.0,100.0,100.0,0.04417839234830244,-0.24695721322701705,0.3196295641801595,0.0,-0.5665867774071766
p16,ETHUSDT,-1,2024-01-27 08:00:00+00:00,2257.96,2024-01-27 08:00:00+00:00,2252.75,signal_reverse,False,2325.6988,,False,100.0,1.0,100.0,100.0,0.04428776417651331,0.23073925135963597,0.31965389112296055,0.0,-0.08891463976332459
p17,ETHUSDT,1,2024-01-27 09:00:00+00:00,2252.75,2024-01-27 09:00:00+00:00,2265.61,signal_reverse,False,2185.1675,,False,100.0,1.0,100.0,100.0,0.04439018976806126,0.5708578404172734,0.32085628676062594,0.0,0.25000155365664745
p18,ETHUSDT,-1,2024-01-27 10:00:00+00:00,2265.61,2024-01-27 10:00:00+00:00,2262.87,signal_reverse,False,2333.5783,,False,100.0,1.0,100.0,100.0,0.04413822325996089,0.12093873173230328,0.3198185919024016,0.0,-0.1988798601700983
p19,ETHUSDT,1,2024-01-27 11:00:00+00:00,2262.87,2024-01-27 11:00:00+00:00,2265.43,signal_reverse,False,2194.9838999999997,,False,100.0,1.0,100.0,100.0,0.04419166810289588,0.11313067034341105,0.32016969600551515,0.0,-0.20703902566210408
p20,ETHUSDT,-1,2024-01-27 12:00:00+00:00,2265.43,2024-01-27 13:00:00+00:00,2266.99,signal_reverse,False,2333.3929,,False,100.0,1.0,100.0,100.0,0.04414173026754303,-0.06886109921736472,0.3201032916488261,0.0,-0.38896439086619083
p21,ETHUSDT,1,2024-01-27 14:00:00+00:00,2266.99,2024-01-27 16:00:00+00:00,2262.97,signal_reverse,False,2198.9802999999997,,False,100.0,1.0,100.0,100.0,0.04411135470381431,-0.17732764590933273,0.31973400853113604,0.0,-0.4970616544404688
p22,ETHUSDT,-1,2024-01-27 17:00:00+00:00,2262.97,2024-01-27 17:00:00+00:00,2264.6,signal_reverse,False,2330.8590999999997,,False,100.0,1.0,100.0,100.0,0.04418971528566442,-0.07202923591563783,0.3201080438538735,0.0,-0.3921372797695113
p23,ETHUSDT,1,2024-01-27 18:00:00+00:00,2264.6,2024-01-28 00:00:00+00:00,2266.49,signal_reverse,False,2196.662,,False,100.0,1.0,100.0,100.0,0.04415790868144485,0.08345844740792514,0.3201251876711119,0.0,-0.2366667402631868
p24,ETHUSDT,-1,2024-01-28 01:00:00+00:00,2266.49,2024-01-28 01:00:00+00:00,2277.78,signal_reverse,False,2334.4847,,False,100.0,1.0,100.0,100.0,0.04412108590816637,-0.4981270599032168,0.32074719058985485,0.0,-0.8188742504930717
p25,ETHUSDT,1,2024-01-28 02:00:00+00:00,2277.78,2024-01-28 03:00:00+00:00,2285.64,signal_reverse,False,2209.4466,,False,100.0,1.0,100.0,100.0,0.0439023961927842,0.34507283407526945,0.32051760925111294,0.0,0.024555224824156507
p26,ETHUSDT,-1,2024-01-28 04:00:00+00:00,2285.64,2024-01-28 04:00:00+00:00,2302.22,signal_reverse,False,2354.2092,,False,100.0,1.0,100.0,100.0,0.043751421921212445,-0.7253985754536991,0.3210880978631806,0.0,-1.0464866733168798
p27,ETHUSDT,1,2024-01-28 05:00:00+00:00,2302.22,2024-01-28 06:00:00+00:00,2286.32,signal_reverse,False,2233.1533999999997,,False,100.0,1.0,100.0,100.0,0.043436335363258076,-0.6906377322757876,0.31896404340158635,0.0,-1.0096017756773739
p28,ETHUSDT,-1,2024-01-28 07:00:00+00:00,2286.32,2024-01-28 09:00:00+00:00,2293.61,signal_reverse,False,2354.9096,,False,100.0,1.0,100.0,100.0,0.043738409321529795,-0.3188530039539506,0.32047827950593094,0.0,-0.6393312834598815
p29,ETHUSDT,1,2024-01-28 10:00:00+00:00,2293.61,2024-01-28 10:00:00+00:00,2292.53,signal_reverse,False,2224.8017,,False,100.0,1.0,100.0,100.0,0.043599391352496714,-0.047087342660693275,0.319929368986009,0.0,-0.36701671164670224
p30,ETHUSDT,-1,2024-01-28 11:00:00+00:00,2292.53,2024-01-28 11:00:00+00:00,2279.88,signal_reverse,False,2361.3059000000003,,False,100.0,1.0,100.0,100.0,0.04361993081878972,0.5517921248576939,0.3191723118127135,0.0,0.23261981304498042
p31,ETHUSDT,1,2024-01-28 12:00:00+00:00,2279.88,2024-01-28 14:00:00+00:00,2266.34,signal_reverse,False,2211.4836,,False,100.0,1.0,100.0,100.0,0.04386195764689369,-0.593890906538939,0.3191091636401916,0.0,-0.9130000701791305
p32,ETHUSDT,-1,2024-01-28 15:00:00+00:00,2266.34,2024-01-28 15:00:00+00:00,2268.7,signal_reverse,False,2334.3302000000003,,False,100.0,1.0,100.0,100.0,0.04412400610676244,-0.10413265441194491,0.32015619898161796,0.0,-0.42428885339356287
p33,ETHUSDT,1,2024-01-28 16:00:00+00:00,2268.7,2024-01-28 16:00:00+00:00,2273.01,signal_reverse,False,2200.6389999999997,,False,100.0,1.0,100.0,100.0,0.044078106404548865,0.18997663860362324,0.3202849649579055,0.0,-0.13030832635428224
p34,ETHUSDT,-1,2024-01-28 17:00:00+00:00,2273.01,2024-01-28 18:00:00+00:00,2259.9,signal_reverse,False,2341.2003000000004,,False,100.0,1.0,100.0,100.0,0.04399452708083114,0.5767682500297018,0.3191348476249554,0.0,0.25763340240474636
p35,ETHUSDT,1,2024-01-28 19:00:00+00:00,2259.9,2024-01-29 01:00:00+00:00,2263.33,signal_reverse,False,2192.103,,False,100.0,1.0,100.0,100.0,0.04424974556396301,0.15177662728438587,0.3202276649409266,0.0,-0.1684510376565407
p36,ETHUSDT,-1,2024-01-29 02:00:00+00:00,2263.33,2024-01-29 04:00:00+00:00,2267.38,signal_reverse,False,2331.2299,,False,100.0,1.0,100.0,100.0,0.044182686572439726,-0.17893988061838892,0.32026840982092764,0.0,-0.4992082904393166
p37,ETHUSDT,1,2024-01-29 05:00:00+00:00,2267.38,2024-01-29 06:00:00+00:00,2266.31,signal_reverse,False,2199.3586,,False,100.0,1.0,100.0,100.0,0.044103767343806506,-0.04719103105788018,0.3199292134534132,0.0,-0.3671202445112934
p38,ETHUSDT,-1,2024-01-29 07:00:00+00:00,2266.31,2024-01-29 08:00:00+00:00,2262.34,signal_reverse,False,2334.2993,,False,100.0,1.0,100.0,100.0,0.04412459019286859,0.17517462306567946,0.31973723806540155,0.0,-0.1445626149997221
p39,ETHUSDT,1,2024-01-29 09:00:00+00:00,2262.34,2024-01-29 11:00:00+00:00,2263.52,signal_reverse,False,2194.4698000000003,,False,100.0,1.0,100.0,100.0,0.044202020916396294,0.05215838468134039,0.320078237577022,0.0,-0.2679198528956816
p40,ETHUSDT,-1,2024-01-29 12:00:00+00:00,2263.52,2024-01-29 16:00:00+00:00,2298.97,signal_reverse,False,2331.4256,,False,100.0,1.0,100.0,100.0,0.044178977875167884,-1.5661447656746934,0.3223492171485121,0.0,-1.8884939828232055
p41,ETHUSDT,1,2024-01-29 17:00:00+00:00,2298.97,2024-01-29 18:00:00+00:00,2299.86,signal_reverse,False,2230.0009,,False,100.0,1.0,100.0,100.0,0.04349774029239181,0.03871298886024296,0.3200580694832904,0.0,-0.28134508062304747
p42,ETHUSDT,-1,2024-01-29 19:00:00+00:00,2299.86,2024-01-29 21:00:00+00:00,2305.19,signal_reverse,False,2368.8558000000003,,False,100.0,1.0,100.0,100.0,0.04348090753350203,-0.23175323715356266,0.3203476298557304,0.0,-0.5521008670092931
p43,ETHUSDT,1,2024-01-29 22:00:00+00:00,2305.19,2024-01-29 22:00:00+00:00,2310.71,signal_reverse,False,2236.0343000000003,,False,100.0,1.0,100.0,100.0,0.04338037211683202,0.23945965408491193,0.32035918948112735,0.0,-0.08089953539621542
p44,ETHUSDT,-1,2024-01-29 23:00:00+00:00,2310.71,2024-01-30 00:00:00+00:00,2303.91,signal_reverse,False,2380.0313,,False,100.0,1.0,100.0,100.0,0.04327674178066482,0.29428184410852865,0.31955857723383724,0.0,-0.025276733125308593
p45,ETHUSDT,1,2024-01-30 01:00:00+00:00,2303.91,2024-01-30 02:00:00+00:00,2316.58,signal_reverse,False,2234.7927,,False,100.0,1.0,100.0,100.0,0.0434044732650147,0.5499346762677394,0.3208249020144016,0.0,0.22910977425333778
p46,ETHUSDT,-1,2024-01-30 03:00:00+00:00,2316.58,2024-01-30 04:00:00+00:00,2310.23,signal_reverse,False,2386.0774,,False,100.0,1.0,100.0,100.0,0.043167082509561513,0.2741109739357117,0.31958883353909645,0.0,-0.04547785960338474
p47,ETHUSDT,1,2024-01-30 05:00:00+00:00,2310.23,2024-01-30 05:00:00+00:00,2304.25,signal_reverse,False,2240.9231,,False,100.0,1.0,100.0,100.0,0.04328573345511053,-0.25884868606156175,0.3196117269709077,0.0,-0.5784604130324694
p48,ETHUSDT,-1,2024-01-30 06:00:00+00:00,2304.25,2024-01-30 09:00:00+00:00,2303.49,signal_reverse,False,2373.3775,,False,100.0,1.0,100.0,100.0,0.04339806878593903,0.03298253227732313,0.31995052620158404,0.0,-0.2869679939242609
p49,ETHUSDT,1,2024-01-30 10:00:00+00:00,2303.49,2024-01-30 10:00:00+00:00,2313.64,signal_reverse,False,2234.3853,,False,100.0,1.0,100.0,100.0,0.0434123872905895,0.4406357309994874,0.32066095359649927,0.0,0.11997477740298812
p50,ETHUSDT,-1,2024-01-30 11:00:00+00:00,2313.64,2024-01-30 12:00:00+00:00,2305.2,signal_reverse,False,2383.0492,,False,100.0,1.0,100.0,100.0,0.04322193599695718,0.36479313981432093,0.31945281029027855,0.0,0.04534032952404238
p51,ETHUSDT,1,2024-01-30 13:00:00+00:00,2305.2,2024-01-30 15:00:00+00:00,2340.24,signal_reverse,False,2236.044,,False,100.0,1.0,100.0,100.0,0.04338018393197988,1.5200416449765732,0.32228006246746493,0.0,1.1977615825091084
p52,ETHUSDT,-1,2024-01-30 16:00:00+00:00,2340.24,2024-01-30 19:00:00+00:00,2374.17,signal_reverse,False,2410.4471999999996,,False,100.0,1.0,100.0,100.0,0.04273066010323728,-1.4498512973028532,0.3221747769459543,0.0,-1.7720260742488074
p53,ETHUSDT,1,2024-01-30 20:00:00+00:00,2374.17,2024-01-30 20:00:00+00:00,2372.51,signal_reverse,False,2302.9449,,False,100.0,1.0,100.0,100.0,0.04211998298352687,-0.06991917175264847,0.31989512124237107,0.0,-0.3898142929950196
p54,ETHUSDT,-1,2024-01-30 21:00:00+00:00,2372.51,2024-01-30 21:00:00+00:00,2379.38,signal_reverse,False,2443.6853,,False,100.0,1.0,100.0,100.0,0.04214945353233495,-0.28956674576713654,0.32043435011865073,0.0,-0.6100010958857873
p55,ETHUSDT,1,2024-01-30 22:00:00+00:00,2379.38,2024-01-31 04:00:00+00:00,2341.49,signal_reverse,False,2307.9986,,False,100.0,1.0,100.0,100.0,0.04202775512948751,-1.5924316418562956,0.31761135253721556,0.0,-1.910042994393511
p56,ETHUSDT,-1,2024-01-31 05:00:00+00:00,2341.49,2024-01-31 05:00:00+00:00,2338.36,signal_reverse,False,2411.7347,,False,100.0,1.0,100.0,100.0,0.04270784842130439,0.13367556555866797,0.319799486651662,0.0,-0.18612392109299405
p57,ETHUSDT,1,2024-01-31 06:00:00+00:00,2338.36,2024-01-31 08:00:00+00:00,2338.3,signal_reverse,False,2268.2092000000002,,False,100.0,1.0,100.0,100.0,0.04276501479669512,-0.0025659008877993734,0.3199961511486683,0.0,-0.3225620520364677
p58,ETHUSDT,-1,2024-01-31 09:00:00+00:00,2338.3,2024-01-31 10:00:00+00:00,2282.1,signal_reverse,False,2408.449,,False,100.0,1.0,100.0,100.0,0.04276611213274601,2.4034555018603374,0.31639481674720954,0.0,2.0870606851131277
p59,ETHUSDT,1,2024-01-31 11:00:00+00:00,2282.1,2024-01-31 12:00:00+00:00,2303.42,signal_reverse,False,2213.6369999999997,,False,100.0,1.0,100.0,100.0,0.04381928925112835,0.9342272468340637,0.32140134087025113,0.0,0.6128259059638126
p60,ETHUSDT,-1,2024-01-31 13:00:00+00:00,2303.42,2024-01-31 14:00:00+00:00,2306.06,signal_reverse,False,2372.5226000000002,,False,100.0,1.0,100.0,100.0,0.04341370657544,-0.11461218535915607,0.3201719182780388,0.0,-0.4347841036371949
p61,ETHUSDT,1,2024-01-31 15:00:00+00:00,2306.06,2024-01-31 15:00:00+00:00,2328.16,signal_reverse,False,2236.8782,,False,100.0,1.0,100.0,100.0,0.04336400614034327,0.9583445357015823,0.32143751680355237,0.0,0.6369070188980299
p62,ETHUSDT,-1,2024-01-31 16:00:00+00:00,2328.16,2024-01-31 18:00:00+00:00,2334.33,signal_reverse,False,2398.0047999999997,,False,100.0,1.0,100.0,100.0,0.042952374407257236,-0.2650161500927803,0.3203975242251392,0.0,-0.5854136743179195
p63,ETHUSDT,1,2024-01-31 19:00:00+00:00,2334.33,2024-01-31 21:00:00+00:00,2264.3001,initial_sl,False,2264.3001,,False,100.0,1.0,100.0,100.0,0.04283884455068478,-3.0,0.3155,0.0,-3.3155
p64,ETHUSDT,1,2024-01-31 22:00:00+00:00,2277.22,2024-01-31 22:00:00+00:00,2283.52,signal_reverse,False,2208.9033999999997,,False,100.0,1.0,100.0,100.0,0.04391319240126119,0.27665311212795346,0.32041497966819193,0.0,-0.043761867540238475
p65,ETHUSDT,-1,2024-01-31 23:00:00+00:00,2283.52,2024-02-01 00:00:00+00:00,2282.13,signal_reverse,False,2352.0256,,False,100.0,1.0,100.0,100.0,0.04379204035874439,0.06087093609864913,0.31990869359585206,0.0,-0.2590377574972029
p66,ETHUSDT,1,2024-02-01 01:00:00+00:00,2282.13,2024-02-01 02:00:00+00:00,2259.15,signal_reverse,False,2213.6661,,False,100.0,1.0,100.0,100.0,0.04381871321966759,-1.006954029787962,0.3184895689553181,0.0,-1.3254435987432802
p67,ETHUSDT,-1,2024-02-01 03:00:00+00:00,2259.15,2024-02-01 05:00:00+00:00,2267.23,signal_reverse,False,2326.9245,,False,100.0,1.0,100.0,100.0,0.044264435739105414,-0.3576566407719685,0.320536484961158,0.0,-0.6781931257331265
p68,ETHUSDT,1,2024-02-01 06:00:00+00:00,2267.23,2024-02-01 06:00:00+00:00,2273.35,signal_reverse,False,2199.2131,,False,100.0,1.0,100.0,100.0,0.044106685250283384,0.2699329137317295,0.32040489937059763,0.0,-0.05047198563886812
p69,ETHUSDT,-1,2024-02-01 07:00:00+00:00,2273.35,2024-02-01 08:00:00+00:00,2271.24,signal_reverse,False,2341.5505,,False,100.0,1.0,100.0,100.0,0.043987947302439136,0.09281456880815218,0.31986077814678776,0.0,-0.22704620933863556
p70,ETHUSDT,1,2024-02-01 09:00:00+00:00,2271.24,2024-02-01 09:00:00+00:00,2266.71,signal_reverse,False,2203.1027999999997,,False,100.0,1.0,100.0,100.0,0.04402881245487047,-0.199450520420552,0.3197008242193692,0.0,-0.5191513446399212
p71,ETHUSDT,-1,2024-02-01 10:00:00+00:00,2266.71,2024-02-01 13:00:00+00:00,2271.16,signal_reverse,False,2334.7113,,False,100.0,1.0,100.0,100.0,0.044116803649342,-0.19631977623956387,0.32029447966435937,0.0,-0.5166142559039233
p72,ETHUSDT,1,2024-02-01 14:00:00+00:00,2271.16,2024-02-01 14:00:00+00:00,2295.82,signal_reverse,False,2203.0252,,False,100.0,1.0,100.0,100.0,0.044030363338558275,1.0857887599288607,0.32162868313989335,0.0,0.7641600767889674
p73,ETHUSDT,-1,2024-02-01 15:00:00+00:00,2295.82,2024-02-01 15:00:00+00:00,2287.51,signal_reverse,False,2364.6946000000003,,False,100.0,1.0,100.0,100.0,0.04355742174909182,0.3619621747349507,0.3194570567378976,0.0,0.04250511799705309
p74,ETHUSDT,1,2024-02-01 16:00:00+00:00,2287.51,2024-02-01 18:00:00+00:00,2294.74,signal_reverse,False,2218.8847,,False,100.0,1.0,100.0,100.0,0.04371565588784311,0.3160641920690866,0.32047409628810364,0.0,-0.004409904219017047
p75,ETHUSDT,-1,2024-02-01 19:00:00+00:00,2294.74,2024-02-01 19:00:00+00:00,2303.45,signal_reverse,False,2363.5822,,False,100.0,1.0,100.0,100.0,0.043577921681759155,-0.3795636978481238,0.3205693455467722,0.0,-0.700133043394896
p76,ETHUSDT,1,2024-02-01 20:00:00+00:00,2303.45,2024-02-01 21:00:00+00:00,2302.96,signal_reverse,False,2234.3464999999997,,False,100.0,1.0,100.0,100.0,0.043413141157828475,-0.021272439167326476,0.31996809134124904,0.0,-0.3412405305085755
p77,ETHUSDT,-1,2024-02-01 22:00:00+00:00,2302.96,2024-02-02 01:00:00+00:00,2305.4,signal_reverse,False,2372.0488,,False,100.0,1.0,100.0,100.0,0.04342237815680689,-0.10595060270261118,0.3201589259040539,0.0,-0.4261095286066651
p78,ETHUSDT,1,2024-02-02 02:00:00+00:00,2305.4,2024-02-02 03:00:00+00:00,2300.21,signal_reverse,False,2236.2380000000003,,False,100.0,1.0,100.0,100.0,0.04337642057777392,-0.225123622798649,0.3196623145658021,0.0,-0.544785937364451
p79,ETHUSDT,-1,2024-02-02 04:00:00+00:00,2300.21,2024-02-02 04:00:00+00:00,2297.0,signal_reverse,False,2369.2163,,False,100.0,1.0,100.0,100.0,0.04347429147773464,0.1395524756435298,0.31979067128653477,0.0,-0.18023819564300497
p80,ETHUSDT,1,2024-02-02 05:00:00+00:00,2297.0,2024-02-02 06:00:00+00:00,2308.61,signal_reverse,False,2228.09,,False,100.0,1.0,100.0,100.0,0.043535045711798,0.5054418807139803,0.320758162821071,0.0,0.18468371789290933
p81,ETHUSDT,-1,2024-02-02 07:00:00+00:00,2308.61,2024-02-02 10:00:00+00:00,2310.9,signal_reverse,False,2377.8683,,False,100.0,1.0,100.0,100.0,0.04331610796106748,-0.09919388723084296,0.3201487908308463,0.0,-0.41934267806168923
p82,ETHUSDT,1,2024-02-02 11:00:00+00:00,2310.9,2024-02-02 11:00:00+00:00,2317.03,signal_reverse,False,2241.5730000000003,,False,100.0,1.0,100.0,100.0,0.04327318360811805,0.26526461551776837,0.3203978969232767,0.0,-0.05513328140550833
p83,ETHUSDT,-1,2024-02-02 12:00:00+00:00,2317.03,2024-02-02 12:00:00+00:00,2313.4,signal_reverse,False,2386.5409000000004,,False,100.0,1.0,100.0,100.0,0.04315869885154702,0.1566660768311204,0.31976500088475335,0.0,-0.16309892405363294
p84,ETHUSDT,1,2024-02-02 13:00:00+00:00,2313.4,2024-02-02 15:00:00+00:00,2313.09,signal_reverse,False,2243.998,,False,100.0,1.0,100.0,100.0,0.0432264199878966,-0.013400190196245587,0.31997989971470564,0.0,-0.33338008991095125
p85,ETHUSDT,-1,2024-02-02 16:00:00+00:00,2313.09,2024-02-02 16:00:00+00:00,2304.6,signal_reverse,False,2382.4827,,False,100.0,1.0,100.0,100.0,0.04323221318668966,0.36704148995500546,0.31944943776506746,0.0,0.047592052189938006
p86,ETHUSDT,1,2024-02-02 17:00:00+00:00,2304.6,2024-02-02 19:00:00+00:00,2299.99,signal_reverse,False,2235.462,,False,100.0,1.0,100.0,100.0,0.04339147791373774,-0.2000347131823365,0.31969994793022655,0.0,-0.5197346611125631
p87,ETHUSDT,-1,2024-02-02 20:00:00+00:00,2299.99,2024-02-02 22:00:00+00:00,2307.62,signal_reverse,False,2368.9896999999996,,False,100.0,1.0,100.0,100.0,0.043478449906303944,-0.3317405727851038,0.3204976108591777,0.0,-0.6522381836442815
p88,ETHUSDT,1,2024-02-02 23:00:00+00:00,2307.62,2024-02-03 00:00:00+00:00,2312.87,signal_reverse,False,2238.3914,,False,100.0,1.0,100.0,100.0,0.04333469115365615,0.2275071285566948,0.32034126069283503,0.0,-0.09283413213614022
p89,ETHUSDT,-1,2024-02-03 01:00:00+00:00,2312.87,2024-02-03 02:00:00+00:00,2321.56,signal_reverse,False,2382.2561,,False,100.0,1.0,100.0,100.0,0.043236325431174255,-0.37572366799690665,0.3205635855019954,0.0,-0.696287253498902
p90,ETHUSDT,1,2024-02-03 03:00:00+00:00,2321.56,2024-02-03 04:00:00+00:00,2320.0,signal_reverse,False,2251.9132,,False,100.0,1.0,100.0,100.0,0.04307448439842175,-0.06719619566153558,0.3198992057065077,0.0,-0.38709540136804327
p91,ETHUSDT,-1,2024-02-03 05:00:00+00:00,2320.0,2024-02-03 07:00:00+00:00,2312.81,signal_reverse,False,2389.6,,False,100.0,1.0,100.0,100.0,0.04310344827586207,0.30991379310345063,0.31953512931034483,0.0,-0.009621336206894204
p92,ETHUSDT,1,2024-02-03 08:00:00+00:00,2312.81,2024-02-03 08:00:00+00:00,2307.23,signal_reverse,False,2243.4257,,False,100.0,1.0,100.0,100.0,0.043237447088174126,-0.2412649547520085,0.319638102567872,0.0,-0.5609030573198805
p93,ETHUSDT,-1,2024-02-03 09:00:00+00:00,2307.23,2024-02-03 09:00:00+00:00,2313.83,signal_reverse,False,2376.4469,,False,100.0,1.0,100.0,100.0,0.043342016183908844,-0.28605730681379443,0.32042908596022074,0.0,-0.6064863927740152
p94,ETHUSDT,1,2024-02-03 10:00:00+00:00,2313.83,2024-02-03 11:00:00+00:00,2301.88,signal_reverse,False,2244.4151,,False,100.0,1.0,100.0,100.0,0.043218386830493165,-0.5164597226243854,0.31922531041606345,0.0,-0.8356850330404488
p95,ETHUSDT,-1,2024-02-03 12:00:00+00:00,2301.88,2024-02-03 12:00:00+00:00,2303.53,signal_reverse,False,2370.9364,,False,100.0,1.0,100.0,100.0,0.04344275114254435,-0.07168053938520214,0.32010752080907784,0.0,-0.39178806019428
p96,ETHUSDT,1,2024-02-03 13:00:00+00:00,2303.53,2024-02-03 13:00:00+00:00,2305.79,signal_reverse,False,2234.4241,,False,100.0,1.0,100.0,100.0,0.0434116334495318,0.0981102915959316,0.32014716543739397,0.0,-0.22203687384146237
p97,ETHUSDT,-1,2024-02-03 14:00:00+00:00,2305.79,2024-02-03 14:00:00+00:00,2300.44,signal_reverse,False,2374.9637,,False,100.0,1.0,100.0,100.0,0.04336908391484047,0.23202459894439256,0.31965196310158345,0.0,-0.08762736415719088
p98,ETHUSDT,1,2024-02-03 15:00:00+00:00,2300.44,2024-02-03 15:00:00+00:00,2302.43,signal_reverse,False,2231.4268,,False,100.0,1.0,100.0,100.0,0.04346994488010989,0.0865051903114092,0.3201297577854671,0.0,-0.2336245674740579
p99,ETHUSDT,-1,2024-02-03 16:00:00+00:00,2302.43,2024-02-03 16:00:00+00:00,2304.35,signal_reverse,False,2371.5029,,False,100.0,1.0,100.0,100.0,0.04343237362265086,-0.08339015735549281,0.3201250852360332,0.0,-0.40351524259152605
p100,ETHUSDT,1,2024-02-03 17:00:00+00:00,2304.35,2024-02-03 17:00:00+00:00,2307.4,signal_reverse,False,2235.2194999999997,,False,100.0,1.0,100.0,100.0,0.04339618547529672,0.1323583656996629,0.3201985375485495,0.0,-0.1878401718488866
p101,ETHUSDT,-1,2024-02-03 18:00:00+00:00,2307.4,2024-02-03 18:00:00+00:00,2297.22,signal_reverse,False,2376.6220000000003,,False,100.0,1.0,100.0,100.0,0.043338822917569554,0.4411892173008707,0.31933821617404873,0.0,0.12185100112682196
p102,ETHUSDT,1,2024-02-03 19:00:00+00:00,2297.22,2024-02-03 19:00:00+00:00,2302.54,signal_reverse,False,2228.3034,,False,100.0,1.0,100.0,100.0,0.04353087645066646,0.2315842627175527,0.3203473763940764,0.0,-0.0887631136765237
p103,ETHUSDT,-1,2024-02-03 20:00:00+00:00,2302.54,2024-02-03 20:00:00+00:00,2301.46,signal_reverse,False,2371.6162,,False,100.0,1.0,100.0,100.0,0.04343029871359455,0.046904722610678955,0.31992964291608395,0.0,-0.273024920305405
p104,ETHUSDT,1,2024-02-03 21:00:00+00:00,2301.46,2024-02-03 23:00:00+00:00,2295.14,signal_reverse,False,2232.4162,,False,100.0,1.0,100.0,100.0,0.043450679134114864,-0.27460829212761306,0.3195880875618086,0.0,-0.5941963796894216
p105,ETHUSDT,-1,2024-02-04 00:00:00+00:00,2295.14,2024-02-04 00:00:00+00:00,2298.18,signal_reverse,False,2363.9942,,False,100.0,1.0,100.0,100.0,0.04357032686459214,-0.13245379366835852,0.3201986806905026,0.0,-0.45265247435886113
p106,ETHUSDT,1,2024-02-04 01:00:00+00:00,2298.18,2024-02-04 03:00:00+00:00,2301.9,signal_reverse,False,2229.2346,,False,100.0,1.0,100.0,100.0,0.04351269265244672,0.16186721666711287,0.3202428008250007,0.0,-0.1583755841578878
p107,ETHUSDT,-1,2024-02-04 04:00:00+00:00,2301.9,2024-02-04 04:00:00+00:00,2296.03,signal_reverse,False,2370.957,,False,100.0,1.0,100.0,100.0,0.04344237369129849,0.2550067335679174,0.3196174898996481,0.0,-0.06461075633173069
p108,ETHUSDT,1,2024-02-04 05:00:00+00:00,2296.03,2024-02-04 05:00:00+00:00,2299.1,signal_reverse,False,2227.1491,,False,100.0,1.0,100.0,100.0,0.04355343789061989,0.1337090543241904,0.3202005635814863,0.0,-0.1864915092572959
p109,ETHUSDT,-1,2024-02-04 06:00:00+00:00,2299.1,2024-02-04 06:00:00+00:00,2286.15,signal_reverse,False,2368.073,,False,100.0,1.0,100.0,100.0,0.04349528076203732,0.5632638858683754,0.31915510417119747,0.0,0.24410878169717792
p110,ETHUSDT,1,2024-02-04 07:00:00+00:00,2286.15,2024-02-04 09:00:00+00:00,2302.22,signal_reverse,False,2217.5655,,False,100.0,1.0,100.0,100.0,0.043741661745729715,0.7029285042538638,0.3210543927563808,0.0,0.38187411149748296
p111,ETHUSDT,-1,2024-02-04 10:00:00+00:00,2302.22,2024-02-04 10:00:00+00:00,2299.22,signal_reverse,False,2371.2866,,False,100.0,1.0,100.0,100.0,0.043436335363258076,0.13030900608977422,0.3198045364908653,0.0,-0.1894955304010911
p112,ETHUSDT,1,2024-02-04 11:00:00+00:00,2299.22,2024-02-04 11:00:00+00:00,2304.09,signal_reverse,False,2230.2434,,False,100.0,1.0,100.0,100.0,0.043493010673184826,0.21181096197842514,0.32031771644296764,0.0,-0.1085067544645425
p113,ETHUSDT,-1,2024-02-04 12:00:00+00:00,2304.09,2024-02-04 17:00:00+00:00,2305.35,signal_reverse,False,2373.2127,,False,100.0,1.0,100.0,100.0,0.043401082422995625,-0.05468536385296423,0.32008202804577945,0.0,-0.3747673918987437
p114,ETHUSDT,1,2024-02-04 18:00:00+00:00,2305.35,2024-02-04 18:00:00+00:00,2292.94,signal_reverse,False,2236.1895,,False,100.0,1.0,100.0,100.0,0.04337736135510877,-0.5383130544168936,0.3191925304183747,0.0,-0.8575055848352683
p115,ETHUSDT,-1,2024-02-04 19:00:00+00:00,2292.94,2024-02-04 19:00:00+00:00,2278.37,signal_reverse,False,2361.7282,,False,100.0,1.0,100.0,100.0,0.043612131150400794,0.6354287508613468,0.319046856873708,0.0,0.3163818939876388
p116,ETHUSDT,1,2024-02-04 20:00:00+00:00,2278.37,2024-02-04 21:00:00+00:00,2299.33,signal_reverse,False,2210.0189,,False,100.0,1.0,100.0,100.0,0.04389102735727735,0.9199559334085349,0.3213799339001128,0.0,0.5985759995084221
p117,ETHUSDT,-1,2024-02-04 22:00:00+00:00,2299.33,2024-02-04 22:00:00+00:00,2286.33,signal_reverse,False,2368.3098999999997,,False,100.0,1.0,100.0,100.0,0.04349092996655548,0.5653820895652212,0.3191519268656522,0.0,0.246230162699569
p118,ETHUSDT,1,2024-02-04 23:00:00+00:00,2286.33,2024-02-05 01:00:00+00:00,2281.52,signal_reverse,False,2217.7401,,False,100.0,1.0,100.0,100.0,0.04373821801752153,-0.21038082866427615,0.31968442875700365,0.0,-0.5300652574212799
p119,ETHUSDT,-1,2024-02-05 02:00:00+00:00,2281.52,2024-02-05 03:00:00+00:00,2295.17,signal_reverse,False,2349.9656,,False,100.0,1.0,100.0,100.0,0.04383042883691574,-0.5982853536239039,0.32089742803043586,0.0,-0.9191827816543398
p120,ETHUSDT,1,2024-02-05 04:00:00+00:00,2295.17,2024-02-05 05:00:00+00:00,2294.73,signal_reverse,False,2226.3149000000003,,False,100.0,1.0,100.0,100.0,0.04356975736002126,-0.019170693238411734,0.31997124396014237,0.0,-0.3391419371985541
p121,ETHUSDT,-1,2024-02-05 06:00:00+00:00,2294.73,2024-02-05 07:00:00+00:00,2309.94,signal_reverse,False,2363.5719,,False,100.0,1.0,100.0,100.0,0.04357811158611253,-0.6628230772247732,0.32099423461583715,0.0,-0.9838173118406104
p122,ETHUSDT,1,2024-02-05 08:00:00+00:00,2309.94,2024-02-05 08:00:00+00:00,2321.65,signal_reverse,False,2240.6418,,False,100.0,1.0,100.0,100.0,0.04329116773595851,0.5069395741880757,0.32076040936128214,0.0,0.18617916482679353
p123,ETHUSDT,-1,2024-02-05 09:00:00+00:00,2321.65,2024-02-05 12:00:00+00:00,2324.26,signal_reverse,False,2391.2995,,False,100.0,1.0,100.0,100.0,0.04307281459306958,-0.11242004608791709,0.3201686300691319,0.0,-0.432588676157049
p124,ETHUSDT,1,2024-02-05 13:00:00+00:00,2324.26,2024-02-05 13:00:00+00:00,2329.0,signal_reverse,False,2254.5322,,False,100.0,1.0,100.0,100.0,0.043024446490495895,0.20393587636494115,0.3203059038145474,0.0,-0.11637002744960623
p125,ETHUSDT,-1,2024-02-05 14:00:00+00:00,2329.0,2024-02-05 16:00:00+00:00,2299.8,signal_reverse,False,2398.87,,False,100.0,1.0,100.0,100.0,0.042936882782310004,1.2537569772434443,0.31811936453413486,0.0,0.9356376127093093
p126,ETHUSDT,1,2024-02-05 17:00:00+00:00,2299.8,2024-02-05 23:00:00+00:00,2300.26,signal_reverse,False,2230.806,,False,100.0,1.0,100.0,100.0,0.043482041916688405,0.020001739281678248,0.32003000260892256,0.0,-0.3000282633272443
p127,ETHUSDT,-1,2024-02-06 00:00:00+00:00,2300.26,2024-02-06 01:00:00+00:00,2306.07,signal_reverse,False,2369.2678,,False,100.0,1.0,100.0,100.0,0.0434733464912662,-0.25258014311425425,0.3203788702146714,0.0,-0.5729590133289256
p128,ETHUSDT,1,2024-02-06 02:00:00+00:00,2306.07,2024-02-06 02:00:00+00:00,2322.96,signal_reverse,False,2236.8879,,False,100.0,1.0,100.0,100.0,0.04336381809745584,0.7324148876660236,0.32109862233149905,0.0,0.41131626533452453
p129,ETHUSDT,-1,2024-02-06 03:00:00+00:00,2322.96,2024-02-06 04:00:00+00:00,2313.78,signal_reverse,False,2392.6488,,False,100.0,1.0,100.0,100.0,0.043048524296587114,0.39518545304266267,0.319407221820436,0.0,0.07577823122222666
p130,ETHUSDT,1,2024-02-06 05:00:00+00:00,2313.78,2024-02-06 06:00:00+00:00,2315.82,signal_reverse,False,2244.3666000000003,,False,100.0,1.0,100.0,100.0,0.04321932076515485,0.08816741436091431,0.32013225112154137,0.0,-0.23196483676062707
p131,ETHUSDT,-1,2024-02-06 07:00:00+00:00,2315.82,2024-02-06 07:00:00+00:00,2325.61,signal_reverse,False,2385.2946,,False,100.0,1.0,100.0,100.0,0.043181248974445335,-0.4227444274598183,0.32063411664118974,0.0,-0.743378544101008
p132,ETHUSDT,1,2024-02-06 08:00:00+00:00,2325.61,2024-02-06 08:00:00+00:00,2336.01,signal_reverse,False,2255.8417,,False,100.0,1.0,100.0,100.0,0.042999471106505385,0.44719449950765994,0.3206707917492615,0.0,0.12652370775839844
p133,ETHUSDT,-1,2024-02-06 09:00:00+00:00,2336.01,2024-02-06 11:00:00+00:00,2324.43,signal_reverse,False,2406.0903000000003,,False,100.0,1.0,100.0,100.0,0.042808035924503746,0.4957170560057697,0.3192564244159914,0.0,0.17646063158977832
p134,ETHUSDT,1,2024-02-06 12:00:00+00:00,2324.43,2024-02-06 12:00:00+00:00,2324.55,signal_reverse,False,2254.6971,,False,100.0,1.0,100.0,100.0,0.043021299845553536,0.005162555981481293,0.32000774383397224,0.0,-0.31484518785249094
p135,ETHUSDT,-1,2024-02-06 13:00:00+00:00,2324.55,2024-02-06 16:00:00+00:00,2345.86,signal_reverse,False,2394.2865,,False,100.0,1.0,100.0,100.0,0.04301907896151943,-0.9167365726699767,0.321375104859005,0.0,-1.2381116775289818
p136,ETHUSDT,1,2024-02-06 17:00:00+00:00,2345.86,2024-02-06 17:00:00+00:00,2352.84,signal_reverse,False,2275.4842000000003,,False,100.0,1.0,100.0,100.0,0.04262828983826827,0.2975454630711133,0.3204463181946067,0.0,-0.022900855123493435
p137,ETHUSDT,-1,2024-02-06 18:00:00+00:00,2352.84,2024-02-06 18:00:00+00:00,2363.18,signal_reverse,False,2423.4252,,False,100.0,1.0,100.0,100.0,0.04250182757858588,-0.4394688971625649,0.3206592033457439,0.0,-0.7601281005083087
p138,ETHUSDT,1,2024-02-06 19:00:00+00:00,2363.18,2024-02-06 19:00:00+00:00,2377.92,signal_reverse,False,2292.2846,,False,100.0,1.0,100.0,100.0,0.04231586252422583,0.6237358136070987,0.32093560372041063,0.0,0.3028002098866881
p139,ETHUSDT,-1,2024-02-06 20:00:00+00:00,2377.92,2024-02-06 22:00:00+00:00,2380.42,signal_reverse,False,2449.2576,,False,100.0,1.0,100.0,100.0,0.042053559413268736,-0.10513389853317184,0.32015770084779976,0.0,-0.4252915993809716
p140,ETHUSDT,1,2024-02-06 23:00:00+00:00,2380.42,2024-02-06 23:00:00+00:00,2371.36,signal_reverse,False,2309.0074,,False,100.0,1.0,100.0,100.0,0.04200939330034195,-0.3806051033010958,0.31942909234504835,0.0,-0.7000341956461442
p141,ETHUSDT,-1,2024-02-07 00:00:00+00:00,2371.36,2024-02-07 01:00:00+00:00,2374.9,signal_reverse,False,2442.5008000000003,,False,100.0,1.0,100.0,100.0,0.042169894069226097,-0.14928142500505884,0.3202239221375076,0.0,-0.4695053471425664
p142,ETHUSDT,1,2024-02-07 02:00:00+00:00,2374.9,2024-02-07 02:00:00+00:00,2374.59,signal_reverse,False,2303.6530000000002,,False,100.0,1.0,100.0,100.0,0.042107036085729924,-0.013053181186573979,0.31998042022822015,0.0,-0.33303360141479416
p143,ETHUSDT,-1,2024-02-07 03:00:00+00:00,2374.59,2024-02-07 05:00:00+00:00,2364.2,signal_reverse,False,2445.8277000000003,,False,100.0,1.0,100.0,100.0,0.04211253311097916,0.43754921902308724,0.3193436761714654,0.0,0.11820554285162183
p144,ETHUSDT,1,2024-02-07 06:00:00+00:00,2364.2,2024-02-07 09:00:00+00:00,2370.11,signal_reverse,False,2293.274,,False,100.0,1.0,100.0,100.0,0.04229760595550292,0.24997885119703533,0.32037496827679557,0.0,-0.07039611707976023
p145,ETHUSDT,-1,2024-02-07 10:00:00+00:00,2370.11,2024-02-07 10:00:00+00:00,2354.49,signal_reverse,False,2441.2133000000003,,False,100.0,1.0,100.0,100.0,0.042192134542278624,0.6590411415504067,0.3190114382876744,0.0,0.3400297032627323
p146,ETHUSDT,1,2024-02-07 11:00:00+00:00,2354.49,2024-02-07 12:00:00+00:00,2371.55,signal_reverse,False,2283.8552999999997,,False,100.0,1.0,100.0,100.0,0.04247204277784149,0.7245730497899928,0.321086859574685,0.0,0.4034861902153078
p147,ETHUSDT,-1,2024-02-07 13:00:00+00:00,2371.55,2024-02-07 15:00:00+00:00,2368.42,signal_reverse,False,2442.6965,,False,100.0,1.0,100.0,100.0,0.04216651556998587,0.1319811937340604,0.31980202820939896,0.0,-0.18782083447533857
p148,ETHUSDT,1,2024-02-07 16:00:00+00:00,2368.42,2024-02-07 16:00:00+00:00,2397.45,signal_reverse,False,2297.3674,,False,100.0,1.0,100.0,100.0,0.04222224098766266,1.2257116558718364,0.32183856748380774,0.0,0.9038730883880286
p149,ETHUSDT,-1,2024-02-07 17:00:00+00:00,2397.45,2024-02-07 18:00:00+00:00,2416.03,signal_reverse,False,2469.3734999999997,,False,100.0,1.0,100.0,100.0,0.0417109845877912,-0.7749900936411763,0.3211624851404618,0.0,-1.0961525787816382
p150,ETHUSDT,1,2024-02-07 19:00:00+00:00,2416.03,2024-02-07 22:00:00+00:00,2424.61,signal_reverse,False,2343.5491,,False,100.0,1.0,100.0,100.0,0.04139021452548188,0.3551280406286315,0.320532692060943,0.0,0.03459534856768853
p151,ETHUSDT,-1,2024-02-07 23:00:00+00:00,2424.61,2024-02-07 23:00:00+00:00,2423.57,signal_reverse,False,2497.3483,,False,100.0,1.0,100.0,100.0,0.04124374641694953,0.04289349627362601,0.3199356597555896,0.0,-0.2770421634819636
p152,ETHUSDT,1,2024-02-08 00:00:00+00:00,2423.57,2024-02-08 01:00:00+00:00,2440.65,signal_reverse,False,2350.8629,,False,100.0,1.0,100.0,100.0,0.04126144489327727,0.7047454787771729,0.3210571182181658,0.0,0.38368836055900707
p153,ETHUSDT,-1,2024-02-08 02:00:00+00:00,2440.65,2024-02-08 03:00:00+00:00,2432.36,signal_reverse,False,2513.8695000000002,,False,100.0,1.0,100.0,100.0,0.04097269170098129,0.33966361420113345,0.3194905045786983,0.0,0.020173109622435126
p154,ETHUSDT,1,2024-02-08 04:00:00+00:00,2432.36,2024-02-08 08:00:00+00:00,2422.76,signal_reverse,False,2359.3892,,False,100.0,1.0,100.0,100.0,0.041112335345096944,-0.3946784193129269,0.31940798237103063,0.0,-0.7140864016839575
p155,ETHUSDT,-1,2024-02-08 09:00:00+00:00,2422.76,2024-02-08 09:00:00+00:00,2422.37,signal_reverse,False,2495.4428000000003,,False,100.0,1.0,100.0,100.0,0.041275239809143285,0.016097343525579396,0.3199758539847116,0.0,-0.3038785104591322
p156,ETHUSDT,1,2024-02-08 10:00:00+00:00,2422.37,2024-02-08 10:00:00+00:00,2421.08,signal_reverse,False,2349.6989,,False,100.0,1.0,100.0,100.0,0.041281885096001024,-0.05325363177383982,0.3199201195523393,0.0,-0.37317375132617914
p157,ETHUSDT,-1,2024-02-08 11:00:00+00:00,2421.08,2024-02-08 11:00:00+00:00,2423.84,signal_reverse,False,2493.7124,,False,100.0,1.0,100.0,100.0,0.041303880912650554,-0.11399871131892454,0.32017099806697846,0.0,-0.434169709385903
p158,ETHUSDT,1,2024-02-08 12:00:00+00:00,2423.84,2024-02-08 13:00:00+00:00,2423.93,signal_reverse,False,2351.1248,,False,100.0,1.0,100.0,100.0,0.04125684863687372,0.003713116377305877,0.320005569674566,0.0,-0.31629245329726013
p159,ETHUSDT,-1,2024-02-08 14:00:00+00:00,2423.93,2024-02-08 14:00:00+00:00,2436.77,signal_reverse,False,2496.6479,,False,100.0,1.0,100.0,100.0,0.04125531677894989,-0.5297182674417226,0.32079457740116263,0.0,-0.8505128448428851
p160,ETHUSDT,1,2024-02-08 15:00:00+00:00,2436.77,2024-02-08 16:00:00+00:00,2423.32,signal_reverse,False,2363.6669,,False,100.0,1.0,100.0,100.0,0.04103793135995601,-0.5519601767914009,0.31917205973481294,0.0,-0.8711322365262137
p161,ETHUSDT,-1,2024-02-08 17:00:00+00:00,2423.32,2024-02-08 17:00:00+00:00,2423.29,signal_reverse,False,2496.0196,,False,100.0,1.0,100.0,100.0,0.04126570159945859,0.0012379710479920145,0.319998143043428,0.0,-0.318760171995436
p162,ETHUSDT,1,2024-02-08 18:00:00+00:00,2423.29,2024-02-08 21:00:00+00:00,2424.41,signal_reverse,False,2350.5913,,False,100.0,1.0,100.0,100.0,0.041266212463221486,0.04621815795880356,0.3200693272369382,0.0,-0.27385116927813463
p163,ETHUSDT,-1,2024-02-08 22:00:00+00:00,2424.41,2024-02-09 03:00:00+00:00,2447.65,signal_reverse,False,2497.1423,,False,100.0,1.0,100.0,100.0,0.041247148790839835,-0.9585837378991275,0.3214378756068487,0.0,-1.2800216135059763
p164,ETHUSDT,1,2024-02-09 04:00:00+00:00,2447.65,2024-02-09 05:00:00+00:00,2452.72,signal_reverse,False,2374.2205,,False,100.0,1.0,100.0,100.0,0.040855514473066,0.20713745837843273,0.32031070618756763,0.0,-0.1131732478091349
p165,ETHUSDT,-1,2024-02-09 06:00:00+00:00,2452.72,2024-02-09 07:00:00+00:00,2452.29,signal_reverse,False,2526.3016,,False,100.0,1.0,100.0,100.0,0.04077106233080009,0.017531556802237364,0.3199737026647967,0.0,-0.30244214586255935
p166,ETHUSDT,1,2024-02-09 08:00:00+00:00,2452.29,2024-02-09 08:00:00+00:00,2475.11,signal_reverse,False,2378.7213,,False,100.0,1.0,100.0,100.0,0.04077821138609218,0.9305587838306303,0.32139583817574596,0.0,0.6091629456548844
p167,ETHUSDT,-1,2024-02-09 09:00:00+00:00,2475.11,2024-02-09 10:00:00+00:00,2473.49,signal_reverse,False,2549.3633,,False,100.0,1.0,100.0,100.0,0.04040224474871824,0.0654516364929375,0.3199018225452607,0.0,-0.25445018605232317
p168,ETHUSDT,1,2024-02-09 11:00:00+00:00,2473.49,2024-02-09 13:00:00+00:00,2511.81,signal_reverse,False,2399.2853,,False,100.0,1.0,100.0,100.0,0.04042870599840711,1.5492280138589671,0.32232384202078845,0.0,1.2269041718381786
p169,ETHUSDT,-1,2024-02-09 14:00:00+00:00,2511.81,2024-02-09 15:00:00+00:00,2493.63,signal_reverse,False,2587.1643,,False,100.0,1.0,100.0,100.0,0.03981192845000219,0.7237808592210333,0.3189143287111685,0.0,0.4048665305098648
p170,ETHUSDT,1,2024-02-09 16:00:00+00:00,2493.63,2024-02-09 16:00:00+00:00,2484.97,signal_reverse,False,2418.8211,,False,100.0,1.0,100.0,100.0,0.04010218035554593,-0.3472848818790401,0.31947907267718145,0.0,-0.6667639545562216
p171,ETHUSDT,-1,2024-02-09 17:00:00+00:00,2484.97,2024-02-09 19:00:00+00:00,2484.49,signal_reverse,False,2559.5191,,False,100.0,1.0,100.0,100.0,0.04024193451027578,0.019316128564933106,0.31997102580715264,0.0,-0.30065489724221955
p172,ETHUSDT,1,2024-02-09 20:00:00+00:00,2484.49,2024-02-09 22:00:00+00:00,2494.5,signal_reverse,False,2409.9552999999996,,False,100.0,1.0,100.0,100.0,0.040249709195851066,0.40289958905047796,0.32060434938357574,0.0,0.08229523966690222
p173,ETHUSDT,-1,2024-02-09 23:00:00+00:00,2494.5,2024-02-09 23:00:00+00:00,2485.55,signal_reverse,False,2569.335,,False,100.0,1.0,100.0,100.0,0.04008819402685909,0.3587893365403816,0.31946181599518947,0.0,0.03932752054519212
p174,ETHUSDT,1,2024-02-10 00:00:00+00:00,2485.55,2024-02-10 02:00:00+00:00,2504.47,signal_reverse,False,2410.9835000000003,,False,100.0,1.0,100.0,100.0,0.04023254410492647,0.7611997344651935,0.3211417996016978,0.0,0.4400579348634957
p175,ETHUSDT,-1,2024-02-10 03:00:00+00:00,2504.47,2024-02-10 06:00:00+00:00,2503.4,signal_reverse,False,2579.6040999999996,,False,100.0,1.0,100.0,100.0,0.039928607649522656,0.04272361018497762,0.31993591458472254,0.0,-0.2772123043997449
p176,ETHUSDT,1,2024-02-10 07:00:00+00:00,2503.4,2024-02-10 07:00:00+00:00,2493.76,signal_reverse,False,2428.2980000000002,,False,100.0,1.0,100.0,100.0,0.03994567388351841,-0.3850762962371124,0.31942238555564434,0.0,-0.7044986817927568
p177,ETHUSDT,-1,2024-02-10 08:00:00+00:00,2493.76,2024-02-10 08:00:00+00:00,2483.98,signal_reverse,False,2568.5728000000004,,False,100.0,1.0,100.0,100.0,0.040100089824201206,0.3921788784806958,0.319411731682279,0.0,0.07276714679841684
p178,ETHUSDT,1,2024-02-10 09:00:00+00:00,2483.98,2024-02-10 09:00:00+00:00,2486.36,signal_reverse,False,2409.4606,,False,100.0,1.0,100.0,100.0,0.04025797309157079,0.09581397595794287,0.32014372096393695,0.0,-0.22432974500599406
p179,ETHUSDT,-1,2024-02-10 10:00:00+00:00,2486.36,2024-02-10 11:00:00+00:00,2482.36,signal_reverse,False,2560.9508,,False,100.0,1.0,100.0,100.0,0.040219437249634,0.160877748998536,0.3197586833765022,0.0,-0.15888093437796622
p180,ETHUSDT,1,2024-02-10 12:00:00+00:00,2482.36,2024-02-10 12:00:00+00:00,2486.88,signal_reverse,False,2407.8892,,False,100.0,1.0,100.0,100.0,0.04028424563721619,0.18208479028021646,0.32027312718542034,0.0,-0.13818833690520388
p181,ETHUSDT,-1,2024-02-10 13:00:00+00:00,2486.88,2024-02-10 13:00:00+00:00,2489.43,signal_reverse,False,2561.4864000000002,,False,100.0,1.0,100.0,100.0,0.04021102747217397,-0.10253812005403265,0.32015380718008113,0.0,-0.42269192723411375
p182,ETHUSDT,1,2024-02-10 14:00:00+00:00,2489.43,2024-02-10 14:00:00+00:00,2491.54,signal_reverse,False,2414.7471,,False,100.0,1.0,100.0,100.0,0.04016983807538272,0.08475835833906266,0.3201271375375086,0.0,-0.23536877919844595
p183,ETHUSDT,-1,2024-02-10 15:00:00+00:00,2491.54,2024-02-10 15:00:00+00:00,2489.83,signal_reverse,False,2566.2862,,False,100.0,1.0,100.0,100.0,0.04013581961357233,0.06863225153921014,0.3198970516226912,0.0,-0.25126480008348107
p184,ETHUSDT,1,2024-02-10 16:00:00+00:00,2489.83,2024-02-10 16:00:00+00:00,2490.77,signal_reverse,False,2415.1351,,False,100.0,1.0,100.0,100.0,0.04016338464875112,0.03775358156982824,0.32005663037235477,0.0,-0.28230304880252655
p185,ETHUSDT,-1,2024-02-10 17:00:00+00:00,2490.77,2024-02-10 17:00:00+00:00,2483.56,signal_reverse,False,2565.4931,,False,100.0,1.0,100.0,100.0,0.04014822725502556,0.28946871850873573,0.31956579692223697,0.0,-0.030097078413501233
p186,ETHUSDT,1,2024-02-10 18:00:00+00:00,2483.56,2024-02-10 20:00:00+00:00,2505.32,signal_reverse,False,2409.0532,,False,100.0,1.0,100.0,100.0,0.040264781201178955,0.8761616389376629,0.3213142424584065,0.0,0.5548473964792564
p187,ETHUSDT,-1,2024-02-10 21:00:00+00:00,2505.32,2024-02-10 21:00:00+00:00,2510.46,signal_reverse,False,2580.4796,,False,100.0,1.0,100.0,100.0,0.03991506075072246,-0.20516341225870835,0.32030774511838805,0.0,-0.5254711573770964
p188,ETHUSDT,1,2024-02-10 22:00:00+00:00,2510.46,2024-02-10 22:00:00+00:00,2495.1,signal_reverse,False,2435.1462,,False,100.0,1.0,100.0,100.0,0.039833337316667064,-0.6118400611840111,0.319082239908224,0.0,-0.9309223010922352
p189,ETHUSDT,-1,2024-02-10 23:00:00+00:00,2495.1,2024-02-10 23:00:00+00:00,2499.51,signal_reverse,False,2569.953,,False,100.0,1.0,100.0,100.0,0.040078553965772916,-0.17674642298907095,0.3202651196344837,0.0,-0.4970115426235546
p190,ETHUSDT,1,2024-02-11 00:00:00+00:00,2499.51,2024-02-11 00:00:00+00:00,2503.59,signal_reverse,False,2424.5247000000004,,False,100.0,1.0,100.0,100.0,0.04000784153694124,0.16323199347071735,0.32024484799020614,0.0,-0.1570128545194888
p191,ETHUSDT,-1,2024-02-11 01:00:00+00:00,2503.59,2024-02-11 02:00:00+00:00,2505.46,signal_reverse,False,2578.6977,,False,100.0,1.0,100.0,100.0,0.03994264236556305,-0.07469274122359855,0.32011203911183544,0.0,-0.394804780335434
p192,ETHUSDT,1,2024-02-11 03:00:00+00:00,2505.46,2024-02-11 06:00:00+00:00,2530.41,signal_reverse,False,2430.2962,,False,100.0,1.0,100.0,100.0,0.03991283037845346,0.9958251179424066,0.3214937376769137,0.0,0.6743313802654929
p193,ETHUSDT,-1,2024-02-11 07:00:00+00:00,2530.41,2024-02-11 10:00:00+00:00,2520.31,signal_reverse,False,2606.3223,,False,100.0,1.0,100.0,100.0,0.03951928738820982,0.39914480262091556,0.3194012827960686,0.0,0.07974351982484695
p194,ETHUSDT,1,2024-02-11 11:00:00+00:00,2520.31,2024-02-11 12:00:00+00:00,2521.13,signal_reverse,False,2444.7007,,False,100.0,1.0,100.0,100.0,0.039677658700715386,0.03253568013459311,0.32004880352020193,0.0,-0.2875131233856088
p195,ETHUSDT,-1,2024-02-11 13:00:00+00:00,2521.13,2024-02-11 13:00:00+00:00,2509.02,signal_reverse,False,2596.7639,,False,100.0,1.0,100.0,100.0,0.03966475350338935,0.48034016492605003,0.31927948975261095,0.0,0.16106067517343908
p196,ETHUSDT,1,2024-02-11 14:00:00+00:00,2509.02,2024-02-11 14:00:00+00:00,2512.81,signal_reverse,False,2433.7494,,False,100.0,1.0,100.0,100.0,0.03985619883460475,0.15105499358315055,0.3202265824903747,0.0,-0.16917158890722417
p197,ETHUSDT,-1,2024-02-11 15:00:00+00:00,2512.81,2024-02-11 15:00:00+00:00,2507.53,signal_reverse,False,2588.1943,,False,100.0,1.0,100.0,100.0,0.03979608486117136,0.21012332806697465,0.3196848150078996,0.0,-0.10956148694092493
p198,ETHUSDT,1,2024-02-11 16:00:00+00:00,2507.53,2024-02-11 16:00:00+00:00,2506.78,signal_reverse,False,2432.3041000000003,,False,100.0,1.0,100.0,100.0,0.03987988179603035,-0.029909911347022762,0.31995513513297946,0.0,-0.3498650464800022
p199,ETHUSDT,-1,2024-02-11 17:00:00+00:00,2506.78,2024-02-11 17:00:00+00:00,2510.21,signal_reverse,False,2581.9834,,False,100.0,1.0,100.0,100.0,0.039891813402053625,-0.1368289199690374,0.32020524337995354,0.0,-0.45703416334899094
p200,ETHUSDT,1,2024-02-11 18:00:00+00:00,2510.21,2024-02-11 18:00:00+00:00,2505.59,signal_reverse,False,2434.9037,,False,100.0,1.0,100.0,100.0,0.03983730444863179,-0.18404834655267452,0.31972392748017103,0.0,-0.5037722740328455
p201,ETHUSDT,-1,2024-02-11 19:00:00+00:00,2505.59,2024-02-11 19:00:00+00:00,2506.49,signal_reverse,False,2580.7577,,False,100.0,1.0,100.0,100.0,0.039910759541664835,-0.03591968358748383,0.3200538795253812,0.0,-0.35597356311286504
p202,ETHUSDT,1,2024-02-11 20:00:00+00:00,2506.49,2024-02-11 20:00:00+00:00,2496.28,signal_reverse,False,2431.2952999999998,,False,100.0,1.0,100.0,100.0,0.03989642887065179,-0.4073425387693381,0.319388986191846,0.0,-0.7267315249611841
p203,ETHUSDT,-1,2024-02-11 21:00:00+00:00,2496.28,2024-02-11 21:00:00+00:00,2502.71,signal_reverse,False,2571.1684,,False,100.0,1.0,100.0,100.0,0.040059608697742236,-0.257583283926476,0.32038637492588967,0.0,-0.5779696588523657
p204,ETHUSDT,1,2024-02-11 22:00:00+00:00,2502.71,2024-02-12 00:00:00+00:00,2513.74,signal_reverse,False,2427.6287,,False,100.0,1.0,100.0,100.0,0.039956686951344744,0.44072225707332235,0.32066108338561,0.0,0.12006117368771235
p205,ETHUSDT,-1,2024-02-12 01:00:00+00:00,2513.74,2024-02-12 03:00:00+00:00,2498.03,signal_reverse,False,2589.1521999999995,,False,100.0,1.0,100.0,100.0,0.0397813616364461,0.6249651913085515,0.3190625522130372,0.0,0.30590263909551435
p206,ETHUSDT,1,2024-02-12 04:00:00+00:00,2498.03,2024-02-12 04:00:00+00:00,2493.13,signal_reverse,False,2423.0891,,False,100.0,1.0,100.0,100.0,0.040031544857347584,-0.1961545698010068,0.3197057681452985,0.0,-0.5158603379463053
p207,ETHUSDT,-1,2024-02-12 05:00:00+00:00,2493.13,2024-02-12 05:00:00+00:00,2492.32,signal_reverse,False,2567.9239000000002,,False,100.0,1.0,100.0,100.0,0.04011022289250861,0.03248928054292979,0.3199512660791856,0.0,-0.28746198553625585
p208,ETHUSDT,1,2024-02-12 06:00:00+00:00,2492.32,2024-02-12 06:00:00+00:00,2492.78,signal_reverse,False,2417.5504,,False,100.0,1.0,100.0,100.0,0.04012325865057456,0.01845669897926576,0.3200276850484689,0.0,-0.30157098606920313
p209,ETHUSDT,-1,2024-02-12 07:00:00+00:00,2492.78,2024-02-12 09:00:00+00:00,2476.41,signal_reverse,False,2567.5634,,False,100.0,1.0,100.0,100.0,0.04011585458805029,0.6566965396063971,0.3190149551905905,0.0,0.3376815844158066
p210,ETHUSDT,1,2024-02-12 10:00:00+00:00,2476.41,2024-02-12 11:00:00+00:00,2487.16,signal_reverse,False,2402.1177,,False,100.0,1.0,100.0,100.0,0.04038103545051103,0.43409613109299355,0.32065114419663954,0.0,0.11344498689635402
p211,ETHUSDT,-1,2024-02-12 12:00:00+00:00,2487.16,2024-02-12 12:00:00+00:00,2488.5,signal_reverse,False,2561.7747999999997,,False,100.0,1.0,100.0,100.0,0.04020650058701491,-0.05387671078660583,0.3200808150661799,0.0,-0.37395752585278574
p212,ETHUSDT,1,2024-02-12 13:00:00+00:00,2488.5,2024-02-12 13:00:00+00:00,2486.42,signal_reverse,False,2413.845,,False,100.0,1.0,100.0,100.0,0.04018485031143259,-0.08358448864777686,0.31987462326702837,0.0,-0.4034591119148052
p213,ETHUSDT,-1,2024-02-12 14:00:00+00:00,2486.42,2024-02-12 14:00:00+00:00,2528.24,signal_reverse,False,2561.0126,,False,100.0,1.0,100.0,100.0,0.0402184667111751,-1.681936277861331,0.32252290441679204,0.0,-2.004459182278123
p214,ETHUSDT,1,2024-02-12 15:00:00+00:00,2528.24,2024-02-12 16:00:00+00:00,2553.01,signal_reverse,False,2452.3927999999996,,False,100.0,1.0,100.0,100.0,0.039553206974021454,0.9797329367465287,0.3214695994051198,0.0,0.6582633373414088
p215,ETHUSDT,-1,2024-02-12 17:00:00+00:00,2553.01,2024-02-12 17:00:00+00:00,2609.55,signal_reverse,False,2629.6003,,False,100.0,1.0,100.0,100.0,0.039169450961805866,-2.214640757380502,0.3233219611360708,0.0,-2.5379627185165727
p216,ETHUSDT,1,2024-02-12 18:00:00+00:00,2609.55,2024-02-12 18:00:00+00:00,2622.72,signal_reverse,False,2531.2635,,False,100.0,1.0,100.0,100.0,0.038320783276810176,0.5046847157555754,0.3207570270736334,0.0,0.18392768868194198
p217,ETHUSDT,-1,2024-02-12 19:00:00+00:00,2622.72,2024-02-12 20:00:00+00:00,2642.67,signal_reverse,False,2701.4015999999997,,False,100.0,1.0,100.0,100.0,0.03812835529526599,-0.7606606881405669,0.3211409910322109,0.0,-1.0818016791727778
p218,ETHUSDT,1,2024-02-12 21:00:00+00:00,2642.67,2024-02-12 21:00:00+00:00,2632.34,signal_reverse,False,2563.3899,,False,100.0,1.0,100.0,100.0,0.037840517355553285,-0.3908925442828627,0.3194136611835757,0.0,-0.7103062054664384
p219,ETHUSDT,-1,2024-02-12 22:00:00+00:00,2632.34,2024-02-12 22:00:00+00:00,2655.21,signal_reverse,False,2711.3102000000003,,False,100.0,1.0,100.0,100.0,0.03798901357727345,-0.8688087405122398,0.3213032131107684,0.0,-1.1901119536230083
p220,ETHUSDT,1,2024-02-12 23:00:00+00:00,2655.21,2024-02-12 23:00:00+00:00,2660.35,signal_reverse,False,2575.5537,,False,100.0,1.0,100.0,100.0,0.03766180452770214,0.1935816752723842,0.3202903725129086,0.0,-0.1267086972405244
p221,ETHUSDT,-1,2024-02-13 00:00:00+00:00,2660.35,2024-02-13 03:00:00+00:00,2642.84,signal_reverse,False,2740.1605,,False,100.0,1.0,100.0,100.0,0.03758903903621704,0.6581840735241515,0.3190127238897138,0.0,0.33917134963443774
p222,ETHUSDT,1,2024-02-13 04:00:00+00:00,2642.84,2024-02-13 04:00:00+00:00,2647.92,signal_reverse,False,2563.5548000000003,,False,100.0,1.0,100.0,100.0,0.03783808327405367,0.1922174630321899,0.32028832619454833,0.0,-0.12807086316235844
p223,ETHUSDT,-1,2024-02-13 05:00:00+00:00,2647.92,2024-02-13 07:00:00+00:00,2650.36,signal_reverse,False,2727.3576000000003,,False,100.0,1.0,100.0,100.0,0.03776549140457416,-0.09214779902716301,0.3201382216985408,0.0,-0.4122860207257038
p224,ETHUSDT,1,2024-02-13 08:00:00+00:00,2650.36,2024-02-13 08:00:00+00:00,2664.48,signal_reverse,False,2570.8492,,False,100.0,1.0,100.0,100.0,0.03773072337342851,0.5327578140328064,0.32079913672104926,0.0,0.21195867731175716
p225,ETHUSDT,-1,2024-02-13 09:00:00+00:00,2664.48,2024-02-13 12:00:00+00:00,2676.75,signal_reverse,False,2744.4144,,False,100.0,1.0,100.0,100.0,0.037530775235693266,-0.4605026121419557,0.320690753918213,0.0,-0.7811933660601686
p226,ETHUSDT,1,2024-02-13 13:00:00+00:00,2676.75,2024-02-13 13:00:00+00:00,2646.22,signal_reverse,False,2596.4475,,False,100.0,1.0,100.0,100.0,0.037358737274680115,-1.1405622489959915,0.31828915662650603,0.0,-1.4588514056224975
p227,ETHUSDT,-1,2024-02-13 14:00:00+00:00,2646.22,2024-02-13 15:00:00+00:00,2634.03,signal_reverse,False,2725.6065999999996,,False,100.0,1.0,100.0,100.0,0.03778975293059534,0.4606570882239421,0.31930901436766407,0.0,0.141348073856278
p228,ETHUSDT,1,2024-02-13 16:00:00+00:00,2634.03,2024-02-13 17:00:00+00:00,2621.85,signal_reverse,False,2555.0091,,False,100.0,1.0,100.0,100.0,0.037964639734551234,-0.4624093119668451,0.31930638603204975,0.0,-0.7817156979988948
p229,ETHUSDT,-1,2024-02-13 18:00:00+00:00,2621.85,2024-02-13 18:00:00+00:00,2632.61,signal_reverse,False,2700.5054999999998,,False,100.0,1.0,100.0,100.0,0.0381410073040029,-0.4103972385910795,0.3206155958578867,0.0,-0.7310128344489661
p230,ETHUSDT,1,2024-02-13 19:00:00+00:00,2632.61,2024-02-13 19:00:00+00:00,2613.06,signal_reverse,False,2553.6317,,False,100.0,1.0,100.0,100.0,0.037985117430990534,-0.7426090457758718,0.3188860864313362,0.0,-1.0614951322072081
p231,ETHUSDT,-1,2024-02-13 20:00:00+00:00,2613.06,2024-02-13 20:00:00+00:00,2629.74,signal_reverse,False,2691.4518,,False,100.0,1.0,100.0,100.0,0.03826930877974482,-0.6383320704461373,0.3209574981056692,0.0,-0.9592895685518065
p232,ETHUSDT,1,2024-02-13 21:00:00+00:00,2629.74,2024-02-13 21:00:00+00:00,2633.41,signal_reverse,False,2550.8478,,False,100.0,1.0,100.0,100.0,0.038026572969190875,0.1395575227969333,0.3202093362841954,0.0,-0.18065181348726211
p233,ETHUSDT,-1,2024-02-13 22:00:00+00:00,2633.41,2024-02-13 22:00:00+00:00,2637.37,signal_reverse,False,2712.4123,,False,100.0,1.0,100.0,100.0,0.03797357798443843,-0.15037536881837757,0.3202255630532276,0.0,-0.4706009318716051
p234,ETHUSDT,1,2024-02-13 23:00:00+00:00,2637.37,2024-02-14 03:00:00+00:00,2639.46,signal_reverse,False,2558.2489,,False,100.0,1.0,100.0,100.0,0.03791656081626772,0.07924561210600506,0.32011886841815906,0.0,-0.240873256312154
p235,ETHUSDT,-1,2024-02-14 04:00:00+00:00,2639.46,2024-02-14 05:00:00+00:00,2643.48,signal_reverse,False,2718.6438,,False,100.0,1.0,100.0,100.0,0.03788653739780107,-0.1523038803391596,0.32022845582050874,0.0,-0.47253233615966833
p236,ETHUSDT,1,2024-02-14 06:00:00+00:00,2643.48,2024-02-14 06:00:00+00:00,2646.86,signal_reverse,False,2564.1756,,False,100.0,1.0,100.0,100.0,0.037828922480972055,0.12786175798568966,0.32019179263697856,0.0,-0.1923300346512889
p237,ETHUSDT,-1,2024-02-14 07:00:00+00:00,2646.86,2024-02-14 09:00:00+00:00,2726.2658,initial_sl,False,2726.2658,,False,100.0,1.0,100.0,100.0,0.03778061552178808,-3.0,0.3245,0.0,-3.3245
p238,ETHUSDT,1,2024-02-14 10:00:00+00:00,2747.89,2024-02-14 10:00:00+00:00,2755.51,signal_reverse,False,2665.4532999999997,,False,100.0,1.0,100.0,100.0,0.03639155861406388,0.2773036766391793,0.32041595551495883,0.0,-0.04311227887577951
p239,ETHUSDT,-1,2024-02-14 11:00:00+00:00,2755.51,2024-02-14 11:00:00+00:00,2758.51,signal_reverse,False,2838.1753000000003,,False,100.0,1.0,100.0,100.0,0.03629092255154218,-0.10887276765462656,0.320163309151482,0.0,-0.42903607680610856
p240,ETHUSDT,1,2024-02-14 12:00:00+00:00,2758.51,2024-02-14 12:00:00+00:00,2741.67,signal_reverse,False,2675.7547000000004,,False,100.0,1.0,100.0,100.0,0.03625145458961541,-0.6104744952891288,0.31908428825706636,0.0,-0.9295587835461951
p241,ETHUSDT,-1,2024-02-14 13:00:00+00:00,2741.67,2024-02-14 13:00:00+00:00,2767.36,signal_reverse,False,2823.9201000000003,,False,100.0,1.0,100.0,100.0,0.036474119788304206,-0.937020137361537,0.3214055302060423,0.0,-1.2584256675675793
p242,ETHUSDT,1,2024-02-14 14:00:00+00:00,2767.36,2024-02-14 14:00:00+00:00,2760.58,signal_reverse,False,2684.3392000000003,,False,100.0,1.0,100.0,100.0,0.036135522664199816,-0.24499884366328198,0.31963250173450514,0.0,-0.5646313453977871
p243,ETHUSDT,-1,2024-02-14 15:00:00+00:00,2760.58,2024-02-14 15:00:00+00:00,2751.86,signal_reverse,False,2843.3974,,False,100.0,1.0,100.0,100.0,0.036224271711017254,0.31587564932006323,0.31952618652601994,0.0,-0.0036505372059567054
p244,ETHUSDT,1,2024-02-14 16:00:00+00:00,2751.86,2024-02-14 18:00:00+00:00,2752.65,signal_reverse,False,2669.3042,,False,100.0,1.0,100.0,100.0,0.0363390579462618,0.028707855777545498,0.3200430617836663,0.0,-0.29133520600612084
p245,ETHUSDT,-1,2024-02-14 19:00:00+00:00,2752.65,2024-02-14 21:00:00+00:00,2781.01,signal_reverse,False,2835.2295,,False,100.0,1.0,100.0,100.0,0.036328628775906854,-1.030279912084723,0.32154541986812707,0.0,-1.3518253319528502
p246,ETHUSDT,1,2024-02-14 22:00:00+00:00,2781.01,2024-02-15 01:00:00+00:00,2779.82,signal_reverse,False,2697.5797000000002,,False,100.0,1.0,100.0,100.0,0.035958159086087425,-0.042790209312445995,0.3199358146860314,0.0,-0.36272602399847736
p247,ETHUSDT,-1,2024-02-15 02:00:00+00:00,2779.82,2024-02-15 02:00:00+00:00,2788.56,signal_reverse,False,2863.2146000000002,,False,100.0,1.0,100.0,100.0,0.035973552244389924,-0.3144088466159601,0.320471613269924,0.0,-0.6348804598858842
p248,ETHUSDT,1,2024-02-15 03:00:00+00:00,2788.56,2024-02-15 03:00:00+00:00,2803.46,signal_reverse,False,2704.9031999999997,,False,100.0,1.0,100.0,100.0,0.03586080270820782,0.5343259603522998,0.32080148894052846,0.0,0.2135244714117714
p249,ETHUSDT,-1,2024-02-15 04:00:00+00:00,2803.46,2024-02-15 06:00:00+00:00,2780.55,signal_reverse,False,2887.5638,,False,100.0,1.0,100.0,100.0,0.0356702075292674,0.817204454495511,0.31877419331825674,0.0,0.4984302611772543
p250,ETHUSDT,1,2024-02-15 07:00:00+00:00,2780.55,2024-02-15 07:00:00+00:00,2773.75,signal_reverse,False,2697.1335000000004,,False,100.0,1.0,100.0,100.0,0.03596410782039524,-0.24455593317869417,0.31963316610023196,0.0,-0.5641890992789261
p251,ETHUSDT,-1,2024-02-15 08:00:00+00:00,2773.75,2024-02-15 08:00:00+00:00,2783.6,signal_reverse,False,2856.9625,,False,100.0,1.0,100.0,100.0,0.03605227579990987,-0.35511491662910893,0.32053267237494365,0.0,-0.6756475890040525
p252,ETHUSDT,1,2024-02-15 09:00:00+00:00,2783.6,2024-02-15 09:00:00+00:00,2791.92,signal_reverse,False,2700.092,,False,100.0,1.0,100.0,100.0,0.035924701824974856,0.2988935191837967,0.3204483402787758,0.0,-0.021554821094979082
p253,ETHUSDT,-1,2024-02-15 10:00:00+00:00,2791.92,2024-02-15 10:00:00+00:00,2801.77,signal_reverse,False,2875.6776,,False,100.0,1.0,100.0,100.0,0.035817645204733656,-0.35280380526662325,0.3205292057079,0.0,-0.6733330109745232
p254,ETHUSDT,1,2024-02-15 11:00:00+00:00,2801.77,2024-02-15 11:00:00+00:00,2795.62,signal_reverse,False,2717.7169,,False,100.0,1.0,100.0,100.0,0.03569172344625005,-0.21950409919444105,0.3196707438512084,0.0,-0.5391748430456494
p255,ETHUSDT,-1,2024-02-15 12:00:00+00:00,2795.62,2024-02-15 12:00:00+00:00,2799.65,signal_reverse,False,2879.4885999999997,,False,100.0,1.0,100.0,100.0,0.035770240590638214,-0.14415406958027915,0.3202162311043705,0.0,-0.46437030068464963
p256,ETHUSDT,1,2024-02-15 13:00:00+00:00,2799.65,2024-02-15 14:00:00+00:00,2855.37,signal_reverse,False,2715.6605,,False,100.0,1.0,100.0,100.0,0.03571875055810548,1.9902487810976301,0.3229853731716465,0.0,1.6672634079259836
p257,ETHUSDT,-1,2024-02-15 15:00:00+00:00,2855.37,2024-02-15 17:00:00+00:00,2817.49,signal_reverse,False,2941.0310999999997,,False,100.0,1.0,100.0,100.0,0.03502173098407562,1.3266231696767883,0.3180100652454848,0.0,1.0086131044313036
p258,ETHUSDT,1,2024-02-15 18:00:00+00:00,2817.49,2024-02-15 20:00:00+00:00,2831.26,signal_reverse,False,2732.9653,,False,100.0,1.0,100.0,100.0,0.035492583824609854,0.48873287926489317,0.3207330993188974,0.0,0.1679997799459958
p259,ETHUSDT,-1,2024-02-15 21:00:00+00:00,2831.26,2024-02-15 21:00:00+00:00,2796.34,signal_reverse,False,2916.1978000000004,,False,100.0,1.0,100.0,100.0,0.03531996354979761,1.2333731271589352,0.31814994030926164,0.0,0.9152231868496736
p260,ETHUSDT,1,2024-02-15 22:00:00+00:00,2796.34,2024-02-15 23:00:00+00:00,2825.09,signal_reverse,False,2712.4498000000003,,False,100.0,1.0,100.0,100.0,0.035761030489854594,1.0281296265833195,0.32154219443987503,0.0,0.7065874321434444
p261,ETHUSDT,-1,2024-02-16 00:00:00+00:00,2825.09,2024-02-16 03:00:00+00:00,2848.72,signal_reverse,False,2909.8427,,False,100.0,1.0,100.0,100.0,0.03539710239319809,-0.8364335295512587,0.3212546502943269,0.0,-1.1576881798455856
p262,ETHUSDT,1,2024-02-16 04:00:00+00:00,2848.72,2024-02-16 04:00:00+00:00,2840.12,signal_reverse,False,2763.2583999999997,,False,100.0,1.0,100.0,100.0,0.03510348507399815,-0.3018899716363809,0.31954716504254543,0.0,-0.6214371366789264
p263,ETHUSDT,-1,2024-02-16 05:00:00+00:00,2840.12,2024-02-16 05:00:00+00:00,2844.12,signal_reverse,False,2925.3235999999997,,False,100.0,1.0,100.0,100.0,0.03520977986845626,-0.14083911947382505,0.32021125867921074,0.0,-0.4610503781530358
p264,ETHUSDT,1,2024-02-16 06:00:00+00:00,2844.12,2024-02-16 06:00:00+00:00,2835.23,signal_reverse,False,2758.7963999999997,,False,100.0,1.0,100.0,100.0,0.03516026046720954,-0.3125747155534883,0.31953113792666976,0.0,-0.632105853480158
p265,ETHUSDT,-1,2024-02-16 07:00:00+00:00,2835.23,2024-02-16 08:00:00+00:00,2818.18,signal_reverse,False,2920.2869,,False,100.0,1.0,100.0,100.0,0.03527050715462238,0.601362146986318,0.3190979567795206,0.0,0.2822641902067974
p266,ETHUSDT,1,2024-02-16 09:00:00+00:00,2818.18,2024-02-16 09:00:00+00:00,2811.15,signal_reverse,False,2733.6346,,False,100.0,1.0,100.0,100.0,0.03548389386057669,-0.2494517738398451,0.31962582233924025,0.0,-0.5690775961790854
p267,ETHUSDT,-1,2024-02-16 10:00:00+00:00,2811.15,2024-02-16 10:00:00+00:00,2830.08,signal_reverse,False,2895.4845,,False,100.0,1.0,100.0,100.0,0.03557263041815627,-0.6733898938156924,0.3210100848407236,0.0,-0.9943999786564159
p268,ETHUSDT,1,2024-02-16 11:00:00+00:00,2830.08,2024-02-16 11:00:00+00:00,2825.69,signal_reverse,False,2745.1776,,False,100.0,1.0,100.0,100.0,0.03533469018543645,-0.15511928991406154,0.3197673210651289,0.0,-0.47488661097919044
p269,ETHUSDT,-1,2024-02-16 12:00:00+00:00,2825.69,2024-02-16 14:00:00+00:00,2799.38,signal_reverse,False,2910.4607,,False,100.0,1.0,100.0,100.0,0.03538958626034703,0.9311000145097285,0.3186033499782354,0.0,0.6124966645314931
p270,ETHUSDT,1,2024-02-16 15:00:00+00:00,2799.38,2024-02-16 17:00:00+00:00,2779.17,signal_reverse,False,2715.3986,,False,100.0,1.0,100.0,100.0,0.035722195629032144,-0.7219455736627409,0.31891708163950594,0.0,-1.0408626553022469
p271,ETHUSDT,-1,2024-02-16 18:00:00+00:00,2779.17,2024-02-16 18:00:00+00:00,2782.58,signal_reverse,False,2862.5451000000003,,False,100.0,1.0,100.0,100.0,0.03598196583872163,-0.12269850351003553,0.3201840477552651,0.0,-0.44288255126530063
p272,ETHUSDT,1,2024-02-16 19:00:00+00:00,2782.58,2024-02-16 19:00:00+00:00,2764.04,signal_reverse,False,2699.1026,,False,100.0,1.0,100.0,100.0,0.035937870609290656,-0.6662881210962475,0.3190005678183556,0.0,-0.9852886889146031
p273,ETHUSDT,-1,2024-02-16 20:00:00+00:00,2764.04,2024-02-16 20:00:00+00:00,2782.82,signal_reverse,False,2846.9611999999997,,False,100.0,1.0,100.0,100.0,0.03617892649889293,-0.6794402396492164,0.32101916035947387,0.0,-1.0004594000086904
p274,ETHUSDT,1,2024-02-16 21:00:00+00:00,2782.82,2024-02-16 22:00:00+00:00,2790.7,signal_reverse,False,2699.3354,,False,100.0,1.0,100.0,100.0,0.03593477120331175,0.2831659970820841,0.3204247489956231,0.0,-0.037258751913539
p275,ETHUSDT,-1,2024-02-16 23:00:00+00:00,2790.7,2024-02-17 00:00:00+00:00,2798.6,signal_reverse,False,2874.421,,False,100.0,1.0,100.0,100.0,0.035833303472247106,-0.2830830974307554,0.32042462464614613,0.0,-0.6035077220769015
p276,ETHUSDT,1,2024-02-17 01:00:00+00:00,2798.6,2024-02-17 04:00:00+00:00,2794.92,signal_reverse,False,2714.642,,False,100.0,1.0,100.0,100.0,0.035732151790180806,-0.1314943185878595,0.31980275852211826,0.0,-0.4512970771099778
p277,ETHUSDT,-1,2024-02-17 05:00:00+00:00,2794.92,2024-02-17 08:00:00+00:00,2776.25,signal_reverse,False,2878.7676,,False,100.0,1.0,100.0,100.0,0.03577919940463412,0.6679976528845216,0.31899800352067326,0.0,0.34899964936384836
p278,ETHUSDT,1,2024-02-17 09:00:00+00:00,2776.25,2024-02-17 10:00:00+00:00,2781.42,signal_reverse,False,2692.9625,,False,100.0,1.0,100.0,100.0,0.03601981089599279,0.18622242233228536,0.3202793336334985,0.0,-0.1340569113012131
p279,ETHUSDT,-1,2024-02-17 11:00:00+00:00,2781.42,2024-02-17 11:00:00+00:00,2782.73,signal_reverse,False,2864.8626,,False,100.0,1.0,100.0,100.0,0.03595285861178822,-0.04709824478144061,0.32007064736717217,0.0,-0.36716889214861276
p280,ETHUSDT,1,2024-02-17 12:00:00+00:00,2782.73,2024-02-17 12:00:00+00:00,2785.43,signal_reverse,False,2699.2481,,False,100.0,1.0,100.0,100.0,0.03593593341790256,0.09702702022833039,0.3201455405303425,0.0,-0.22311852030201212
p281,ETHUSDT,-1,2024-02-17 13:00:00+00:00,2785.43,2024-02-17 14:00:00+00:00,2741.41,signal_reverse,False,2868.9928999999997,,False,100.0,1.0,100.0,100.0,0.035901099650682305,1.5803664066230345,0.3176294503900655,0.0,1.262736956232969
p282,ETHUSDT,1,2024-02-17 15:00:00+00:00,2741.41,2024-02-17 15:00:00+00:00,2756.78,signal_reverse,False,2659.1677,,False,100.0,1.0,100.0,100.0,0.03647757905603321,0.560660390091243,0.3208409905851369,0.0,0.23981939950610615
p283,ETHUSDT,-1,2024-02-17 16:00:00+00:00,2756.78,2024-02-17 20:00:00+00:00,2781.09,signal_reverse,False,2839.4834,,False,100.0,1.0,100.0,100.0,0.03627420396259404,-0.881825898330659,0.32132273884749607,0.0,-1.2031486371781552
p284,ETHUSDT,1,2024-02-17 21:00:00+00:00,2781.09,2024-02-17 23:00:00+00:00,2788.26,signal_reverse,False,2697.6573000000003,,False,100.0,1.0,100.0,100.0,0.03595712472447853,0.2578125842745137,0.3203867188764118,0.0,-0.06257413460189809
p285,ETHUSDT,-1,2024-02-18 00:00:00+00:00,2788.26,2024-02-18 03:00:00+00:00,2784.3,signal_reverse,False,2871.9078000000004,,False,100.0,1.0,100.0,100.0,0.03586466111481712,0.1420240580146771,0.319786963912978,0.0,-0.1777629058983009
p286,ETHUSDT,1,2024-02-18 04:00:00+00:00,2784.3,2024-02-18 04:00:00+00:00,2799.24,signal_reverse,False,2700.771,,False,100.0,1.0,100.0,100.0,0.035915670006823976,0.5365801099019358,0.32080487016485293,0.0,0.2157752397370829
p287,ETHUSDT,-1,2024-02-18 05:00:00+00:00,2799.24,2024-02-18 10:00:00+00:00,2812.01,signal_reverse,False,2883.2171999999996,,False,100.0,1.0,100.0,100.0,0.035723982223746446,-0.4561952529972577,0.32068429287949585,0.0,-0.7768795458767536
p288,ETHUSDT,1,2024-02-18 11:00:00+00:00,2812.01,2024-02-18 11:00:00+00:00,2805.45,signal_reverse,False,2727.6497000000004,,False,100.0,1.0,100.0,100.0,0.03556175120287623,-0.23328508789088231,0.3196500723681637,0.0,-0.552935160259046
p289,ETHUSDT,-1,2024-02-18 12:00:00+00:00,2805.45,2024-02-18 12:00:00+00:00,2794.13,signal_reverse,False,2889.6135,,False,100.0,1.0,100.0,100.0,0.03564490545188829,0.40350032971536504,0.31939474950542696,0.0,0.08410558020993808
p290,ETHUSDT,1,2024-02-18 13:00:00+00:00,2794.13,2024-02-18 13:00:00+00:00,2788.87,signal_reverse,False,2710.3061000000002,,False,100.0,1.0,100.0,100.0,0.03578931545776324,-0.18825179930784244,0.3197176223010383,0.0,-0.5079694216088807
p291,ETHUSDT,-1,2024-02-18 14:00:00+00:00,2788.87,2024-02-18 14:00:00+00:00,2811.15,signal_reverse,False,2872.5361,,False,100.0,1.0,100.0,100.0,0.035856816560112165,-0.7988898729593062,0.32119833480943905,0.0,-1.1200882077687453
p292,ETHUSDT,1,2024-02-18 15:00:00+00:00,2811.15,2024-02-18 21:00:00+00:00,2848.95,signal_reverse,False,2726.8155,,False,100.0,1.0,100.0,100.0,0.03557263041815627,1.3446454298062973,0.3220169681447094,0.0,1.022628461661588
p293,ETHUSDT,-1,2024-02-18 22:00:00+00:00,2848.95,2024-02-19 00:00:00+00:00,2874.34,signal_reverse,False,2934.4184999999998,,False,100.0,1.0,100.0,100.0,0.035100651117078226,-0.8912055318626276,0.32133680829779393,0.0,-1.2125423401604216
p294,ETHUSDT,1,2024-02-19 01:00:00+00:00,2874.34,2024-02-19 04:00:00+00:00,2897.82,signal_reverse,False,2788.1098,,False,100.0,1.0,100.0,100.0,0.03479059540624978,0.8168831801387454,0.3212253247702081,0.0,0.4956578553685373
p295,ETHUSDT,-1,2024-02-19 05:00:00+00:00,2897.82,2024-02-19 05:00:00+00:00,2909.07,signal_reverse,False,2984.7546,,False,100.0,1.0,100.0,100.0,0.03450869964318004,-0.38822287098577546,0.3205823343064787,0.0,-0.7088052052922542
p296,ETHUSDT,1,2024-02-19 06:00:00+00:00,2909.07,2024-02-19 06:00:00+00:00,2923.5,signal_reverse,False,2821.7979,,False,100.0,1.0,100.0,100.0,0.034375247072088326,0.4960348152502289,0.3207440522228754,0.0,0.17529076302735352
p297,ETHUSDT,-1,2024-02-19 07:00:00+00:00,2923.5,2024-02-19 09:00:00+00:00,2909.94,signal_reverse,False,3011.205,,False,100.0,1.0,100.0,100.0,0.034205575508807935,0.4638276038994337,0.3193042585941509,0.0,0.14452334530528282
p298,ETHUSDT,1,2024-02-19 10:00:00+00:00,2909.94,2024-02-19 10:00:00+00:00,2912.76,signal_reverse,False,2822.6418,,False,100.0,1.0,100.0,100.0,0.03436496972446167,0.09690921462298754,0.32014536382193454,0.0,-0.223236149198947
p299,ETHUSDT,-1,2024-02-19 11:00:00+00:00,2912.76,2024-02-19 11:00:00+00:00,2915.14,signal_reverse,False,3000.1428,,False,100.0,1.0,100.0,100.0,0.03433169914445405,-0.08170944396378878,0.3201225641659457,0.0,-0.40183200812973446
p300,ETHUSDT,1,2024-02-19 12:00:00+00:00,2915.14,2024-02-19 16:00:00+00:00,2899.57,signal_reverse,False,2827.6857999999997,,False,100.0,1.0,100.0,100.0,0.03430366980659591,-0.5341081388886884,0.31919883779166697,0.0,-0.8533069766803554
p301,ETHUSDT,-1,2024-02-19 17:00:00+00:00,2899.57,2024-02-19 17:00:00+00:00,2945.58,signal_reverse,False,2986.5571,,False,100.0,1.0,100.0,100.0,0.03448787233969174,-1.5867870063492089,0.3223801805095238,0.0,-1.9091671868587325
p302,ETHUSDT,1,2024-02-19 18:00:00+00:00,2945.58,2024-02-19 18:00:00+00:00,2934.41,signal_reverse,False,2857.2126,,False,100.0,1.0,100.0,100.0,0.03394917130072855,-0.3792122434291404,0.31943118163485634,0.0,-0.6986434250639968
p303,ETHUSDT,-1,2024-02-19 19:00:00+00:00,2934.41,2024-02-19 19:00:00+00:00,2935.56,signal_reverse,False,3022.4422999999997,,False,100.0,1.0,100.0,100.0,0.03407840076880872,-0.03919016088413313,0.3200587852413262,0.0,-0.3592489461254593
p304,ETHUSDT,1,2024-02-19 20:00:00+00:00,2935.56,2024-02-19 22:00:00+00:00,2964.59,signal_reverse,False,2847.4932,,False,100.0,1.0,100.0,100.0,0.03406505062066522,0.9889084195179182,0.3214833626292769,0.0,0.6674250568886413
p305,ETHUSDT,-1,2024-02-19 23:00:00+00:00,2964.59,2024-02-19 23:00:00+00:00,2947.2,signal_reverse,False,3053.5277,,False,100.0,1.0,100.0,100.0,0.03373147720258113,0.5865903885528969,0.31912011441717064,0.0,0.26747027413572627
p306,ETHUSDT,1,2024-02-20 00:00:00+00:00,2947.2,2024-02-20 00:00:00+00:00,2937.3,signal_reverse,False,2858.7839999999997,,False,100.0,1.0,100.0,100.0,0.03393051031487514,-0.3359120521172515,0.31949613192182413,0.0,-0.6554081840390756
p307,ETHUSDT,-1,2024-02-20 01:00:00+00:00,2937.3,2024-02-20 01:00:00+00:00,2923.48,signal_reverse,False,3025.4190000000003,,False,100.0,1.0,100.0,100.0,0.03404487114016273,0.47050011915705453,0.3192942498212644,0.0,0.1512058693357901
p308,ETHUSDT,1,2024-02-20 02:00:00+00:00,2923.48,2024-02-20 02:00:00+00:00,2928.89,signal_reverse,False,2835.7756,,False,100.0,1.0,100.0,100.0,0.034205809514687976,0.18505342947445697,0.3202775801442117,0.0,-0.13522415066975474
p309,ETHUSDT,-1,2024-02-20 03:00:00+00:00,2928.89,2024-02-20 03:00:00+00:00,2908.96,signal_reverse,False,3016.7567,,False,100.0,1.0,100.0,100.0,0.034142627411749844,0.6804625643161688,0.31897930615352577,0.0,0.36148325816264304
p310,ETHUSDT,1,2024-02-20 04:00:00+00:00,2908.96,2024-02-20 07:00:00+00:00,2923.35,signal_reverse,False,2821.6912,,False,100.0,1.0,100.0,100.0,0.03437654694461251,0.4946785105329696,0.32074201776579947,0.0,0.1739364927671701
p311,ETHUSDT,-1,2024-02-20 08:00:00+00:00,2923.35,2024-02-20 08:00:00+00:00,2918.84,signal_reverse,False,3011.0505,,False,100.0,1.0,100.0,100.0,0.034207330630954214,0.15427506114559542,0.3197685874082816,0.0,-0.1654935262626862
p312,ETHUSDT,1,2024-02-20 09:00:00+00:00,2918.84,2024-02-20 09:00:00+00:00,2902.9,signal_reverse,False,2831.2748,,False,100.0,1.0,100.0,100.0,0.03426018555316496,-0.5461073577174513,0.31918083896342386,0.0,-0.8652881966808752
p313,ETHUSDT,-1,2024-02-20 10:00:00+00:00,2902.9,2024-02-20 13:00:00+00:00,2989.987,initial_sl,False,2989.987,,False,100.0,1.0,100.0,100.0,0.034448310310379274,-2.9999999999999996,0.3245,0.0,-3.3244999999999996
p314,ETHUSDT,1,2024-02-20 14:00:00+00:00,3001.97,2024-02-20 14:00:00+00:00,2941.19,signal_reverse,False,2911.9109,,False,100.0,1.0,100.0,100.0,0.03331145880871561,-2.0246704663937263,0.3169629943004094,0.0,-2.3416334606941356
p315,ETHUSDT,-1,2024-02-20 15:00:00+00:00,2941.19,2024-02-20 15:00:00+00:00,2928.12,signal_reverse,False,3029.4257000000002,,False,100.0,1.0,100.0,100.0,0.033999843600719434,0.44437795586140855,0.31933343306620793,0.0,0.12504452279520062
p316,ETHUSDT,1,2024-02-20 16:00:00+00:00,2928.12,2024-02-20 19:00:00+00:00,2988.52,signal_reverse,False,2840.2763999999997,,False,100.0,1.0,100.0,100.0,0.03415160580850512,2.0627569908337122,0.32309413548625066,0.0,1.7396628553474616
p317,ETHUSDT,-1,2024-02-20 20:00:00+00:00,2988.52,2024-02-20 20:00:00+00:00,2980.18,signal_reverse,False,3078.1756,,False,100.0,1.0,100.0,100.0,0.03346137887650074,0.27906789983002106,0.319581398150255,0.0,-0.04051349832023393
p318,ETHUSDT,1,2024-02-20 21:00:00+00:00,2980.18,2024-02-20 21:00:00+00:00,2990.77,signal_reverse,False,2890.7745999999997,,False,100.0,1.0,100.0,100.0,0.03355502016656712,0.3553476635639507,0.3205330214953459,0.0,0.034814642068604795
p319,ETHUSDT,-1,2024-02-20 22:00:00+00:00,2990.77,2024-02-21 03:00:00+00:00,3007.92,signal_reverse,False,3080.4931,,False,100.0,1.0,100.0,100.0,0.033436205391922484,-0.5734309224714736,0.32086014638370725,0.0,-0.8942910688551808
p320,ETHUSDT,1,2024-02-21 04:00:00+00:00,3007.92,2024-02-21 04:00:00+00:00,3000.19,signal_reverse,False,2917.6824,,False,100.0,1.0,100.0,100.0,0.033245565041623446,-0.25698821777174985,0.31961451767334237,0.0,-0.5766027354450922
p321,ETHUSDT,-1,2024-02-21 05:00:00+00:00,3000.19,2024-02-21 06:00:00+00:00,2951.99,signal_reverse,False,3090.1957,,False,100.0,1.0,100.0,100.0,0.033331222355917456,1.6065649175552306,0.3175901526236672,0.0,1.2889747649315635
p322,ETHUSDT,1,2024-02-21 07:00:00+00:00,2951.99,2024-02-21 07:00:00+00:00,2940.87,signal_reverse,False,2863.4303,,False,100.0,1.0,100.0,100.0,0.03387545350763384,-0.3766950430048846,0.3194349574354927,0.0,-0.6961300004403773
p323,ETHUSDT,-1,2024-02-21 08:00:00+00:00,2940.87,2024-02-21 10:00:00+00:00,2916.05,signal_reverse,False,3029.0960999999998,,False,100.0,1.0,100.0,100.0,0.03400354316919823,0.8439679414594902,0.3187340480878108,0.0,0.5252338933716794
p324,ETHUSDT,1,2024-02-21 11:00:00+00:00,2916.05,2024-02-21 12:00:00+00:00,2921.32,signal_reverse,False,2828.5685000000003,,False,100.0,1.0,100.0,100.0,0.03429296479827163,0.18072392448689087,0.3202710858867303,0.0,-0.13954716139983944
p325,ETHUSDT,-1,2024-02-21 13:00:00+00:00,2921.32,2024-02-21 14:00:00+00:00,2892.01,signal_reverse,False,3008.9596,,False,100.0,1.0,100.0,100.0,0.034231101009132854,1.0033135705776821,0.31849502964413345,0.0,0.6848185409335487
p326,ETHUSDT,1,2024-02-21 15:00:00+00:00,2892.01,2024-02-21 15:00:00+00:00,2915.04,signal_reverse,False,2805.2497000000003,,False,100.0,1.0,100.0,100.0,0.034578027046932754,0.7963319628908525,0.3211944979443363,0.0,0.4751374649465162
p327,ETHUSDT,-1,2024-02-21 16:00:00+00:00,2915.04,2024-02-21 18:00:00+00:00,2900.2,signal_reverse,False,3002.4912,,False,100.0,1.0,100.0,100.0,0.034304846588726054,0.5090839233766996,0.31923637411493494,0.0,0.18984754926176467
p328,ETHUSDT,1,2024-02-21 19:00:00+00:00,2900.2,2024-02-21 22:00:00+00:00,2934.46,signal_reverse,False,2813.194,,False,100.0,1.0,100.0,100.0,0.034480380663402525,1.181297841528178,0.3217719467622923,0.0,0.8595258947658857
p329,ETHUSDT,-1,2024-02-21 23:00:00+00:00,2934.46,2024-02-22 01:00:00+00:00,2911.32,signal_reverse,False,3022.4938,,False,100.0,1.0,100.0,100.0,0.0340778201100032,0.7885607573454698,0.3188171588639818,0.0,0.469743598481488
p330,ETHUSDT,1,2024-02-22 02:00:00+00:00,2911.32,2024-02-22 03:00:00+00:00,2936.23,signal_reverse,False,2823.9804000000004,,False,100.0,1.0,100.0,100.0,0.03434868032370196,0.8556256268634108,0.32128343844029517,0.0,0.5343421884231156
p331,ETHUSDT,-1,2024-02-22 04:00:00+00:00,2936.23,2024-02-22 05:00:00+00:00,2934.54,signal_reverse,False,3024.3169,,False,100.0,1.0,100.0,100.0,0.03405727752934886,0.05755679902460143,0.31991366480146316,0.0,-0.26235686577686174
p332,ETHUSDT,1,2024-02-22 06:00:00+00:00,2934.54,2024-02-22 06:00:00+00:00,2961.78,signal_reverse,False,2846.5038,,False,100.0,1.0,100.0,100.0,0.03407689109707143,0.9282545134842338,0.32139238177022633,0.0,0.6068621317140075
p333,ETHUSDT,-1,2024-02-22 07:00:00+00:00,2961.78,2024-02-22 07:00:00+00:00,2996.0,signal_reverse,False,3050.6334,,False,100.0,1.0,100.0,100.0,0.03376348006941771,-1.1553862879754675,0.3217330794319632,0.0,-1.4771193674074308
p334,ETHUSDT,1,2024-02-22 08:00:00+00:00,2996.0,2024-02-22 08:00:00+00:00,3023.06,signal_reverse,False,2906.12,,False,100.0,1.0,100.0,100.0,0.03337783711615487,0.903204272363149,0.3213548064085447,0.0,0.5818494659546043
p335,ETHUSDT,-1,2024-02-22 09:00:00+00:00,3023.06,2024-02-22 12:00:00+00:00,2984.32,signal_reverse,False,3113.7518,,False,100.0,1.0,100.0,100.0,0.033079065582555425,1.2814830006681899,0.31807777549899774,0.0,0.9634052251691921
p336,ETHUSDT,1,2024-02-22 13:00:00+00:00,2984.32,2024-02-22 16:00:00+00:00,2972.06,signal_reverse,False,2894.7904000000003,,False,100.0,1.0,100.0,100.0,0.033508470941454,-0.41081385374223334,0.31938377921938665,0.0,-0.73019763296162
p337,ETHUSDT,-1,2024-02-22 17:00:00+00:00,2972.06,2024-02-22 17:00:00+00:00,2987.27,signal_reverse,False,3061.2218,,False,100.0,1.0,100.0,100.0,0.03364669623089709,-0.511766249671946,0.32076764937450797,0.0,-0.8325338990464539
p338,ETHUSDT,1,2024-02-22 18:00:00+00:00,2987.27,2024-02-22 18:00:00+00:00,2995.62,signal_reverse,False,2897.6519,,False,100.0,1.0,100.0,100.0,0.03347538053138819,0.27951942743708835,0.32041927914115564,0.0,-0.04089985170406729
p339,ETHUSDT,-1,2024-02-22 19:00:00+00:00,2995.62,2024-02-22 19:00:00+00:00,2990.35,signal_reverse,False,3085.4885999999997,,False,100.0,1.0,100.0,100.0,0.03338207115722288,0.17592351499856396,0.3197361147275022,0.0,-0.14381259972893823
p340,ETHUSDT,1,2024-02-22 20:00:00+00:00,2990.35,2024-02-22 20:00:00+00:00,3016.05,signal_reverse,False,2900.6394999999998,,False,100.0,1.0,100.0,100.0,0.03344090156670624,0.8594311702643594,0.32128914675539655,0.0,0.5381420235089629
p341,ETHUSDT,-1,2024-02-22 21:00:00+00:00,3016.05,2024-02-22 22:00:00+00:00,2989.59,signal_reverse,False,3106.5315,,False,100.0,1.0,100.0,100.0,0.033155949006150424,0.8773064107027414,0.31868404038394593,0.0,0.5586223703187955
p342,ETHUSDT,1,2024-02-22 23:00:00+00:00,2989.59,2024-02-22 23:00:00+00:00,2972.74,signal_reverse,False,2899.9023,,False,100.0,1.0,100.0,100.0,0.0334494027609137,-0.5636224365214081,0.3191545663452179,0.0,-0.882777002866626
p343,ETHUSDT,-1,2024-02-23 00:00:00+00:00,2972.74,2024-02-23 00:00:00+00:00,2991.64,signal_reverse,False,3061.9222,,False,100.0,1.0,100.0,100.0,0.0336389997107046,-0.63577709453232,0.3209536656417985,0.0,-0.9567307601741185
p344,ETHUSDT,1,2024-02-23 01:00:00+00:00,2991.64,2024-02-23 01:00:00+00:00,2980.81,signal_reverse,False,2901.8907999999997,,False,100.0,1.0,100.0,100.0,0.03342648179593802,-0.3620087978500063,0.31945698680322504,0.0,-0.6814657846532313
p345,ETHUSDT,-1,2024-02-23 02:00:00+00:00,2980.81,2024-02-23 02:00:00+00:00,2945.6,signal_reverse,False,3070.2343,,False,100.0,1.0,100.0,100.0,0.03354792824769107,1.1812225536012038,0.3182281661695982,0.0,0.8629943874316055
p346,ETHUSDT,1,2024-02-23 03:00:00+00:00,2945.6,2024-02-23 07:00:00+00:00,2934.63,signal_reverse,False,2857.232,,False,100.0,1.0,100.0,100.0,0.03394894079304726,-0.37241988049972163,0.3194413701792504,0.0,-0.6918612506789721
p347,ETHUSDT,-1,2024-02-23 08:00:00+00:00,2934.63,2024-02-23 08:00:00+00:00,2925.15,signal_reverse,False,3022.6689,,False,100.0,1.0,100.0,100.0,0.03407584601806701,0.3230390202512759,0.31951544146962313,0.0,0.0035235787816527697
p348,ETHUSDT,1,2024-02-23 09:00:00+00:00,2925.15,2024-02-23 10:00:00+00:00,2942.66,signal_reverse,False,2837.3955,,False,100.0,1.0,100.0,100.0,0.034186281045416475,0.5986017811052344,0.3208979026716579,0.0,0.2777038784335765
p349,ETHUSDT,-1,2024-02-23 11:00:00+00:00,2942.66,2024-02-23 15:00:00+00:00,2916.01,signal_reverse,False,3030.9397999999997,,False,100.0,1.0,100.0,100.0,0.03398285904589725,0.9056431935731493,0.3186415352096403,0.0,0.5870016583635089
p350,ETHUSDT,1,2024-02-23 16:00:00+00:00,2916.01,2024-02-23 17:00:00+00:00,2946.22,signal_reverse,False,2828.5297,,False,100.0,1.0,100.0,100.0,0.03429343520769819,1.036004677624548,0.3215540070164368,0.0,0.7144506706081111
p351,ETHUSDT,-1,2024-02-23 18:00:00+00:00,2946.22,2024-02-23 18:00:00+00:00,2945.92,signal_reverse,False,3034.6065999999996,,False,100.0,1.0,100.0,100.0,0.03394179660717801,0.010182538982144143,0.3199847261915268,0.0,-0.30980218720938263
p352,ETHUSDT,1,2024-02-23 19:00:00+00:00,2945.92,2024-02-24 01:00:00+00:00,2909.9,signal_reverse,False,2857.5424000000003,,False,100.0,1.0,100.0,100.0,0.03394525309580708,-1.2227080165109703,0.31816593797523357,0.0,-1.5408739544862038
p353,ETHUSDT,-1,2024-02-24 02:00:00+00:00,2909.9,2024-02-24 05:00:00+00:00,2949.26,signal_reverse,False,2997.197,,False,100.0,1.0,100.0,100.0,0.034365442111412764,-1.3526238015052108,0.3220289357022579,0.0,-1.6746527372074687
p354,ETHUSDT,1,2024-02-24 06:00:00+00:00,2949.26,2024-02-24 06:00:00+00:00,2948.81,signal_reverse,False,2860.7822,,False,100.0,1.0,100.0,100.0,0.03390681052196144,-0.0152580647348919,0.31997711290289765,0.0,-0.33523517763778954
p355,ETHUSDT,-1,2024-02-24 07:00:00+00:00,2948.81,2024-02-24 09:00:00+00:00,2959.61,signal_reverse,False,3037.2743,,False,100.0,1.0,100.0,100.0,0.033911984834560385,-0.36624943621325834,0.32054937415431994,0.0,-0.6867988103675783
p356,ETHUSDT,1,2024-02-24 10:00:00+00:00,2959.61,2024-02-24 10:00:00+00:00,2960.21,signal_reverse,False,2870.8217,,False,100.0,1.0,100.0,100.0,0.033788235612124566,0.020272941367271667,0.3200304094120509,0.0,-0.29975746804477926
p357,ETHUSDT,-1,2024-02-24 11:00:00+00:00,2960.21,2024-02-24 15:00:00+00:00,2956.26,signal_reverse,False,3049.0163000000002,,False,100.0,1.0,100.0,100.0,0.03378138713131838,0.13343647916870147,0.319799845281247,0.0,-0.18636336611254553
p358,ETHUSDT,1,2024-02-24 16:00:00+00:00,2956.26,2024-02-24 16:00:00+00:00,2964.29,signal_reverse,False,2867.5722,,False,100.0,1.0,100.0,100.0,0.033826524054041254,0.27162698815394265,0.32040744048223097,0.0,-0.048780452328288315
p359,ETHUSDT,-1,2024-02-24 17:00:00+00:00,2964.29,2024-02-24 22:00:00+00:00,2989.76,signal_reverse,False,3053.2187,,False,100.0,1.0,100.0,100.0,0.03373489098569978,-0.8592276734057821,0.3212888415101087,0.0,-1.1805165149158907
p360,ETHUSDT,1,2024-02-24 23:00:00+00:00,2989.76,2024-02-24 23:00:00+00:00,2994.1,signal_reverse,False,2900.0672000000004,,False,100.0,1.0,100.0,100.0,0.03344750080274002,0.14516215348388134,0.32021774323022584,0.0,-0.1750555897463445
p361,ETHUSDT,-1,2024-02-25 00:00:00+00:00,2994.1,2024-02-25 02:00:00+00:00,3033.42,signal_reverse,False,3083.923,,False,100.0,1.0,100.0,100.0,0.033399018068868774,-1.3132493904679257,0.3219698740857019,0.0,-1.6352192645536276
p362,ETHUSDT,1,2024-02-25 03:00:00+00:00,3033.42,2024-02-25 03:00:00+00:00,3026.75,signal_reverse,False,2942.4174000000003,,False,100.0,1.0,100.0,100.0,0.03296609107871643,-0.219883827495041,0.31967017425875743,0.0,-0.5395540017537984
p363,ETHUSDT,-1,2024-02-25 04:00:00+00:00,3026.75,2024-02-25 08:00:00+00:00,3020.86,signal_reverse,False,3117.5525,,False,100.0,1.0,100.0,100.0,0.03303873792021145,0.1945981663500412,0.31970810275047495,0.0,-0.12510993640043375
p364,ETHUSDT,1,2024-02-25 09:00:00+00:00,3020.86,2024-02-25 12:00:00+00:00,3045.94,signal_reverse,False,2930.2342000000003,,False,100.0,1.0,100.0,100.0,0.033103156054898275,0.8302271538568463,0.32124534073078526,0.0,0.5089818131260611
p365,ETHUSDT,-1,2024-02-25 13:00:00+00:00,3045.94,2024-02-25 16:00:00+00:00,3041.72,signal_reverse,False,3137.3182,,False,100.0,1.0,100.0,100.0,0.0328305876018569,0.13854507967984447,0.31979218238048024,0.0,-0.18124710270063576
p366,ETHUSDT,1,2024-02-25 17:00:00+00:00,3041.72,2024-02-25 19:00:00+00:00,3084.61,signal_reverse,False,2950.4683999999997,,False,100.0,1.0,100.0,100.0,0.03287613587049433,1.4100574674855126,0.3221150862012283,0.0,1.0879423812842843
p367,ETHUSDT,-1,2024-02-25 20:00:00+00:00,3084.61,2024-02-25 22:00:00+00:00,3106.67,signal_reverse,False,3177.1483000000003,,False,100.0,1.0,100.0,100.0,0.03241900921024052,-0.7151633431779041,0.32107274501476685,0.0,-1.0362360881926709
p368,ETHUSDT,1,2024-02-25 23:00:00+00:00,3106.67,2024-02-25 23:00:00+00:00,3115.67,signal_reverse,False,3013.4699,,False,100.0,1.0,100.0,100.0,0.03218880666437053,0.28969925997933477,0.32043454888996903,0.0,-0.030735288910634262
p369,ETHUSDT,-1,2024-02-26 00:00:00+00:00,3115.67,2024-02-26 01:00:00+00:00,3109.99,signal_reverse,False,3209.1401,,False,100.0,1.0,100.0,100.0,0.03209582529600375,0.18230428768131066,0.31972654356847807,0.0,-0.13742225588716742
p370,ETHUSDT,1,2024-02-26 02:00:00+00:00,3109.99,2024-02-26 02:00:00+00:00,3095.96,signal_reverse,False,3016.6902999999998,,False,100.0,1.0,100.0,100.0,0.03215444422650877,-0.4511268524979098,0.3193233097212531,0.0,-0.7704501622191628
p371,ETHUSDT,-1,2024-02-26 03:00:00+00:00,3095.96,2024-02-26 03:00:00+00:00,3109.79,signal_reverse,False,3188.8388,,False,100.0,1.0,100.0,100.0,0.03230015891678187,-0.4467111978190909,0.32067006679672866,0.0,-0.7673812646158196
p372,ETHUSDT,1,2024-02-26 04:00:00+00:00,3109.79,2024-02-26 04:00:00+00:00,3105.11,signal_reverse,False,3016.4963,,False,100.0,1.0,100.0,100.0,0.032156512176063336,-0.15049247698397114,0.3197742612845241,0.0,-0.4702667382684952
p373,ETHUSDT,-1,2024-02-26 05:00:00+00:00,3105.11,2024-02-26 06:00:00+00:00,3115.62,signal_reverse,False,3198.2633,,False,100.0,1.0,100.0,100.0,0.0322049782455372,-0.3384743213605883,0.3205077114820409,0.0,-0.6589820328426292
p374,ETHUSDT,1,2024-02-26 07:00:00+00:00,3115.62,2024-02-26 09:00:00+00:00,3043.21,signal_reverse,False,3022.1513999999997,,False,100.0,1.0,100.0,100.0,0.03209634037527041,-2.324096006573326,0.31651385599014,0.0,-2.640609862563466
p375,ETHUSDT,-1,2024-02-26 10:00:00+00:00,3043.21,2024-02-26 10:00:00+00:00,3059.24,signal_reverse,False,3134.5063,,False,100.0,1.0,100.0,100.0,0.03286003923488685,-0.5267464289352278,0.32079011964340287,0.0,-0.8475365485786307
p376,ETHUSDT,1,2024-02-26 11:00:00+00:00,3059.24,2024-02-26 11:00:00+00:00,3059.25,signal_reverse,False,2967.4628,,False,100.0,1.0,100.0,100.0,0.03268785711483898,0.00032687857115552485,0.32000049031785677,0.0,-0.3196736117467012
p377,ETHUSDT,-1,2024-02-26 12:00:00+00:00,3059.25,2024-02-26 12:00:00+00:00,3065.62,signal_reverse,False,3151.0275,,False,100.0,1.0,100.0,100.0,0.03268775026558797,-0.2082209691917918,0.3203123314537877,0.0,-0.5285333006455795
p378,ETHUSDT,1,2024-02-26 13:00:00+00:00,3065.62,2024-02-26 13:00:00+00:00,3062.64,signal_reverse,False,2973.6513999999997,,False,100.0,1.0,100.0,100.0,0.03261982894161703,-0.09720709024601934,0.319854189364631,0.0,-0.4170612796106503
p379,ETHUSDT,-1,2024-02-26 14:00:00+00:00,3062.64,2024-02-26 16:00:00+00:00,3154.5191999999997,initial_sl,False,3154.5191999999997,,False,100.0,1.0,100.0,100.0,0.03265156858135465,-2.9999999999999956,0.3245,0.0,-3.3244999999999956
p380,ETHUSDT,-1,2024-02-26 17:00:00+00:00,3156.99,2024-02-26 17:00:00+00:00,3152.27,signal_reverse,False,3251.6996999999997,,False,100.0,1.0,100.0,100.0,0.03167574176668282,0.14950950113873657,0.31977573574829193,0.0,-0.17026623460955537
p381,ETHUSDT,1,2024-02-26 18:00:00+00:00,3152.27,2024-02-26 20:00:00+00:00,3185.08,signal_reverse,False,3057.7019,,False,100.0,1.0,100.0,100.0,0.03172317092127261,1.0408372379269526,0.3215612558568905,0.0,0.719275982070062
p382,ETHUSDT,-1,2024-02-26 21:00:00+00:00,3185.08,2024-02-26 22:00:00+00:00,3186.98,signal_reverse,False,3280.6324,,False,100.0,1.0,100.0,100.0,0.031396385648084196,-0.05965313273136283,0.32008947969909707,0.0,-0.3797426124304599
p383,ETHUSDT,1,2024-02-26 23:00:00+00:00,3186.98,2024-02-27 01:00:00+00:00,3226.8,signal_reverse,False,3091.3706,,False,100.0,1.0,100.0,100.0,0.031377667886212025,1.2494587352289679,0.32187418810284346,0.0,0.9275845471261244
p384,ETHUSDT,-1,2024-02-27 02:00:00+00:00,3226.8,2024-02-27 02:00:00+00:00,3246.28,signal_reverse,False,3323.6040000000003,,False,100.0,1.0,100.0,100.0,0.030990454939878516,-0.603694062228834,0.32090554109334324,0.0,-0.9245996033221773
p385,ETHUSDT,1,2024-02-27 03:00:00+00:00,3246.28,2024-02-27 06:00:00+00:00,3231.94,signal_reverse,False,3148.8916000000004,,False,100.0,1.0,100.0,100.0,0.030804490062471504,-0.4417363874958459,0.3193373954187563,0.0,-0.7610737829146021
p386,ETHUSDT,-1,2024-02-27 07:00:00+00:00,3231.94,2024-02-27 08:00:00+00:00,3221.97,signal_reverse,False,3328.8982,,False,100.0,1.0,100.0,100.0,0.03094116846228581,0.30848344956899737,0.3195372748256465,0.0,-0.011053825256649108
p387,ETHUSDT,1,2024-02-27 09:00:00+00:00,3221.97,2024-02-27 10:00:00+00:00,3263.0,signal_reverse,False,3125.3109,,False,100.0,1.0,100.0,100.0,0.03103691219967908,1.273444507552839,0.3219101667613293,0.0,0.9515343407915096
p388,ETHUSDT,-1,2024-02-27 11:00:00+00:00,3263.0,2024-02-27 12:00:00+00:00,3259.61,signal_reverse,False,3360.89,,False,100.0,1.0,100.0,100.0,0.030646644192460926,0.10389212381243863,0.3198441618142813,0.0,-0.2159520380018427
p389,ETHUSDT,1,2024-02-27 13:00:00+00:00,3259.61,2024-02-27 18:00:00+00:00,3237.88,signal_reverse,False,3161.8217,,False,100.0,1.0,100.0,100.0,0.030678516755071925,-0.6666441690877135,0.3190000337463684,0.0,-0.9856442028340819
p390,ETHUSDT,-1,2024-02-27 19:00:00+00:00,3237.88,2024-02-27 19:00:00+00:00,3253.68,signal_reverse,False,3335.0164,,False,100.0,1.0,100.0,100.0,0.030884405845800336,-0.4879736123636369,0.32073196041854546,0.0,-0.8087055727821824
p391,ETHUSDT,1,2024-02-27 20:00:00+00:00,3253.68,2024-02-27 21:00:00+00:00,3250.21,signal_reverse,False,3156.0696,,False,100.0,1.0,100.0,100.0,0.030734429937793517,-0.10664847188413736,0.3198400272921738,0.0,-0.42648849917631115
p392,ETHUSDT,-1,2024-02-27 22:00:00+00:00,3250.21,2024-02-27 22:00:00+00:00,3249.84,signal_reverse,False,3347.7163,,False,100.0,1.0,100.0,100.0,0.030767242732008086,0.011383879810839635,0.3199829241802838,0.0,-0.30859904436944413
p393,ETHUSDT,1,2024-02-27 23:00:00+00:00,3249.84,2024-02-28 00:00:00+00:00,3256.83,signal_reverse,False,3152.3448000000003,,False,100.0,1.0,100.0,100.0,0.030770745636708268,0.21508751200058407,0.3203226312680009,0.0,-0.10523511926741685
p394,ETHUSDT,-1,2024-02-28 01:00:00+00:00,3256.83,2024-02-28 02:00:00+00:00,3246.03,signal_reverse,False,3354.5349,,False,100.0,1.0,100.0,100.0,0.030704703653552688,0.33161079945836064,0.3195025838008125,0.0,0.01210821565754816
p395,ETHUSDT,1,2024-02-28 03:00:00+00:00,3246.03,2024-02-28 03:00:00+00:00,3251.01,signal_reverse,False,3148.6491,,False,100.0,1.0,100.0,100.0,0.030806862536698672,0.15341817543275996,0.32023012726314914,0.0,-0.1668119518303892
p396,ETHUSDT,-1,2024-02-28 04:00:00+00:00,3251.01,2024-02-28 04:00:00+00:00,3269.29,signal_reverse,False,3348.5403,,False,100.0,1.0,100.0,100.0,0.03075967160974589,-0.562286797026147,0.32084343019553924,0.0,-0.8831302272216863
p397,ETHUSDT,1,2024-02-28 05:00:00+00:00,3269.29,2024-02-28 05:00:00+00:00,3254.51,signal_reverse,False,3171.2113,,False,100.0,1.0,100.0,100.0,0.030587681117306816,-0.45208592691378696,0.3193218711096293,0.0,-0.7714077980234162
p398,ETHUSDT,-1,2024-02-28 06:00:00+00:00,3254.51,2024-02-28 09:00:00+00:00,3352.1453,initial_sl,False,3352.1453,,False,100.0,1.0,100.0,100.0,0.030726591714267275,-2.999999999999997,0.3245,0.0,-3.324499999999997
p399,ETHUSDT,-1,2024-02-28 10:00:00+00:00,3363.55,2024-02-28 11:00:00+00:00,3299.04,signal_reverse,False,3464.4565000000002,,False,100.0,1.0,100.0,100.0,0.029730493080227734,1.9179141086054976,0.3171231288370918,0.0,1.600790979768406
p400,ETHUSDT,1,2024-02-28 12:00:00+00:00,3299.04,2024-02-28 13:00:00+00:00,3357.56,signal_reverse,False,3200.0688,,False,100.0,1.0,100.0,100.0,0.03031184829526165,1.7738493622387113,0.32266077404335813,0.0,1.451188588195353
p401,ETHUSDT,-1,2024-02-28 14:00:00+00:00,3357.56,2024-02-28 15:00:00+00:00,3351.19,signal_reverse,False,3458.2868,,False,100.0,1.0,100.0,100.0,0.029783533280120088,0.1897211069943617,0.3197154183395085,0.0,-0.1299943113451468
p402,ETHUSDT,1,2024-02-28 16:00:00+00:00,3351.19,2024-02-28 16:00:00+00:00,3428.63,signal_reverse,False,3250.6543,,False,100.0,1.0,100.0,100.0,0.029840146336077632,2.3108209322658535,0.3234662313983988,0.0,1.9873547008674546
p403,ETHUSDT,-1,2024-02-28 17:00:00+00:00,3428.63,2024-02-28 17:00:00+00:00,3345.34,signal_reverse,False,3531.4889000000003,,False,100.0,1.0,100.0,100.0,0.02916616841128964,2.429250166976313,0.31635612474953556,0.0,2.1128940422267775
p404,ETHUSDT,1,2024-02-28 18:00:00+00:00,3345.34,2024-02-28 18:00:00+00:00,3244.9798,initial_sl,False,3244.9798,,False,100.0,1.0,100.0,100.0,0.029892327835137834,-3.000000000000002,0.3155,0.0,-3.3155000000000023
p405,ETHUSDT,1,2024-02-28 19:00:00+00:00,3321.75,2024-02-28 20:00:00+00:00,3303.29,signal_reverse,False,3222.0975,,False,100.0,1.0,100.0,100.0,0.03010461353202378,-0.5557311658011601,0.3191664032512983,0.0,-0.8748975690524584
p406,ETHUSDT,-1,2024-02-28 21:00:00+00:00,3303.29,2024-02-28 23:00:00+00:00,3386.71,signal_reverse,False,3402.3887,,False,100.0,1.0,100.0,100.0,0.03027284918974719,-2.5253610794087127,0.32378804161911307,0.0,-2.8491491210278257
p407,ETHUSDT,1,2024-02-29 00:00:00+00:00,3386.71,2024-02-29 01:00:00+00:00,3422.01,signal_reverse,False,3285.1087,,False,100.0,1.0,100.0,100.0,0.029527181246696645,1.042309498008397,0.3215634642470126,0.0,0.7207460337613842
p408,ETHUSDT,-1,2024-02-29 02:00:00+00:00,3422.01,2024-02-29 03:00:00+00:00,3411.26,signal_reverse,False,3524.6703,,False,100.0,1.0,100.0,100.0,0.029222591400960254,0.31414285756032273,0.31952878571365956,0.0,-0.0053859281533368275
p409,ETHUSDT,1,2024-02-29 04:00:00+00:00,3411.26,2024-02-29 04:00:00+00:00,3450.0,signal_reverse,False,3308.9222000000004,,False,100.0,1.0,100.0,100.0,0.029314681378728093,1.1356507566119198,0.3217034761349179,0.0,0.8139472804770019
p410,ETHUSDT,-1,2024-02-29 05:00:00+00:00,3450.0,2024-02-29 06:00:00+00:00,3484.15,signal_reverse,False,3553.5,,False,100.0,1.0,100.0,100.0,0.028985507246376812,-0.9898550724637708,0.32148478260869573,0.0,-1.3113398550724664
p411,ETHUSDT,1,2024-02-29 07:00:00+00:00,3484.15,2024-02-29 07:00:00+00:00,3471.97,signal_reverse,False,3379.6255,,False,100.0,1.0,100.0,100.0,0.028701404933771508,-0.3495831120933453,0.31947562533186,0.0,-0.6690587374252053
p412,ETHUSDT,-1,2024-02-29 08:00:00+00:00,3471.97,2024-02-29 08:00:00+00:00,3483.26,signal_reverse,False,3576.1290999999997,,False,100.0,1.0,100.0,100.0,0.028802092183976245,-0.3251756207571039,0.3204877634311357,0.0,-0.6456633841882395
p413,ETHUSDT,1,2024-02-29 09:00:00+00:00,3483.26,2024-02-29 11:00:00+00:00,3519.9,signal_reverse,False,3378.7622,,False,100.0,1.0,100.0,100.0,0.028708738365783776,1.0518881737223138,0.3215778322605835,0.0,0.7303103414617302
p414,ETHUSDT,-1,2024-02-29 12:00:00+00:00,3519.9,2024-02-29 13:00:00+00:00,3482.64,signal_reverse,False,3625.4970000000003,,False,100.0,1.0,100.0,100.0,0.028409898008466147,1.058552799795455,0.3184121708003068,0.0,0.7401406289951481
p415,ETHUSDT,1,2024-02-29 14:00:00+00:00,3482.64,2024-02-29 17:00:00+00:00,3378.1607999999997,initial_sl,False,3378.1607999999997,,False,100.0,1.0,100.0,100.0,0.028713849263776906,-3.000000000000006,0.3155,0.0,-3.3155000000000063
p416,ETHUSDT,1,2024-02-29 18:00:00+00:00,3388.99,2024-02-29 20:00:00+00:00,3397.0,signal_reverse,False,3287.3203,,False,100.0,1.0,100.0,100.0,0.02950731633908628,0.23635360387608753,0.32035453040581413,0.0,-0.0840009265297266
p417,ETHUSDT,-1,2024-02-29 21:00:00+00:00,3397.0,2024-02-29 22:00:00+00:00,3324.77,signal_reverse,False,3498.91,,False,100.0,1.0,100.0,100.0,0.02943773918163085,2.1262879010891966,0.3168105681483662,0.0,1.8094773329408305
p418,ETHUSDT,1,2024-02-29 23:00:00+00:00,3324.77,2024-02-29 23:00:00+00:00,3342.46,signal_reverse,False,3225.0269,,False,100.0,1.0,100.0,100.0,0.030077268502783652,0.5320668798142445,0.32079810031972145,0.0,0.21126877949452305
p419,ETHUSDT,-1,2024-03-01 00:00:00+00:00,3342.46,2024-03-01 05:00:00+00:00,3372.4,signal_reverse,False,3442.7338,,False,100.0,1.0,100.0,100.0,0.029918084285227048,-0.8957474434996995,0.32134362116524956,0.0,-1.217091064664949
p420,ETHUSDT,1,2024-03-01 06:00:00+00:00,3372.4,2024-03-01 06:00:00+00:00,3388.94,signal_reverse,False,3271.228,,False,100.0,1.0,100.0,100.0,0.029652473016249556,0.49045190368876657,0.3207356778555332,0.0,0.16971622583323337
p421,ETHUSDT,-1,2024-03-01 07:00:00+00:00,3388.94,2024-03-01 09:00:00+00:00,3432.54,signal_reverse,False,3490.6082,,False,100.0,1.0,100.0,100.0,0.02950775168636801,-1.2865379735256426,0.3219298069602885,0.0,-1.608467780485931
p422,ETHUSDT,1,2024-03-01 10:00:00+00:00,3432.54,2024-03-01 10:00:00+00:00,3409.51,signal_reverse,False,3329.5638,,False,100.0,1.0,100.0,100.0,0.02913294528250217,-0.6709317298560176,0.318993602405216,0.0,-0.9899253322612336
p423,ETHUSDT,-1,2024-03-01 11:00:00+00:00,3409.51,2024-03-01 11:00:00+00:00,3414.43,signal_reverse,False,3511.7953,,False,100.0,1.0,100.0,100.0,0.02932972773213746,-0.14430226044210512,0.3202164533906632,0.0,-0.4645187138327683
p424,ETHUSDT,1,2024-03-01 12:00:00+00:00,3414.43,2024-03-01 12:00:00+00:00,3427.62,signal_reverse,False,3311.9971,,False,100.0,1.0,100.0,100.0,0.02928746525774434,0.38630166674964944,0.3205794525001245,0.0,0.06572221424952496
p425,ETHUSDT,-1,2024-03-01 13:00:00+00:00,3427.62,2024-03-01 14:00:00+00:00,3419.69,signal_reverse,False,3530.4485999999997,,False,100.0,1.0,100.0,100.0,0.029174762663305737,0.23135586792000973,0.31965296619812,0.0,-0.08829709827811028
p426,ETHUSDT,1,2024-03-01 15:00:00+00:00,3419.69,2024-03-01 17:00:00+00:00,3422.68,signal_reverse,False,3317.0993,,False,100.0,1.0,100.0,100.0,0.029242416710286604,0.08743482596375056,0.3201311522389456,0.0,-0.23269632627519504
p427,ETHUSDT,-1,2024-03-01 18:00:00+00:00,3422.68,2024-03-01 18:00:00+00:00,3435.49,signal_reverse,False,3525.3604,,False,100.0,1.0,100.0,100.0,0.029216870989984458,-0.3742681173816993,0.3205614021760726,0.0,-0.6948295195577718
p428,ETHUSDT,1,2024-03-01 19:00:00+00:00,3435.49,2024-03-01 23:00:00+00:00,3435.31,signal_reverse,False,3332.4253,,False,100.0,1.0,100.0,100.0,0.02910792929101817,-0.005239427272378505,0.31999214085909145,0.0,-0.32523156813147
p429,ETHUSDT,-1,2024-03-02 00:00:00+00:00,3435.31,2024-03-02 00:00:00+00:00,3462.13,signal_reverse,False,3538.3693,,False,100.0,1.0,100.0,100.0,0.02910945445971397,-0.7807155686095335,0.32117107335291434,0.0,-1.1018866419624478
p430,ETHUSDT,1,2024-03-02 01:00:00+00:00,3462.13,2024-03-02 01:00:00+00:00,3446.59,signal_reverse,False,3358.2661000000003,,False,100.0,1.0,100.0,100.0,0.028883952942263865,-0.4488566287227794,0.31932671505691584,0.0,-0.7681833437796952
p431,ETHUSDT,-1,2024-03-02 02:00:00+00:00,3446.59,2024-03-02 02:00:00+00:00,3441.29,signal_reverse,False,3549.9877,,False,100.0,1.0,100.0,100.0,0.02901418503506364,0.15377518068584256,0.3197693372289713,0.0,-0.1659941565431287
p432,ETHUSDT,1,2024-03-02 03:00:00+00:00,3441.29,2024-03-02 07:00:00+00:00,3433.75,signal_reverse,False,3338.0513,,False,100.0,1.0,100.0,100.0,0.029058870365473412,-0.21910388255566848,0.3196713441761665,0.0,-0.538775226731835
p433,ETHUSDT,-1,2024-03-02 08:00:00+00:00,3433.75,2024-03-02 08:00:00+00:00,3421.27,signal_reverse,False,3536.7625,,False,100.0,1.0,100.0,100.0,0.029122679286494358,0.3634510374954501,0.3194548234437568,0.0,0.043996214051693294
p434,ETHUSDT,1,2024-03-02 09:00:00+00:00,3421.27,2024-03-02 11:00:00+00:00,3407.8,signal_reverse,False,3318.6319,,False,100.0,1.0,100.0,100.0,0.029228912070663818,-0.3937134455918358,0.31940942983161225,0.0,-0.713122875423448
p435,ETHUSDT,-1,2024-03-02 12:00:00+00:00,3407.8,2024-03-02 13:00:00+00:00,3413.43,signal_reverse,False,3510.034,,False,100.0,1.0,100.0,100.0,0.02934444509654322,-0.16520922589352818,0.3202478138388403,0.0,-0.48545703973236853
p436,ETHUSDT,1,2024-03-02 14:00:00+00:00,3413.43,2024-03-02 15:00:00+00:00,3421.74,signal_reverse,False,3311.0271,,False,100.0,1.0,100.0,100.0,0.02929604532684133,0.24345013666604987,0.3203651752049991,0.0,-0.07691503853894921
p437,ETHUSDT,-1,2024-03-02 16:00:00+00:00,3421.74,2024-03-02 20:00:00+00:00,3408.76,signal_reverse,False,3524.3922,,False,100.0,1.0,100.0,100.0,0.029224897274486083,0.3793391666228166,0.3194309912500658,0.0,0.05990817537275078
p438,ETHUSDT,1,2024-03-02 21:00:00+00:00,3408.76,2024-03-02 23:00:00+00:00,3424.99,signal_reverse,False,3306.4972000000002,,False,100.0,1.0,100.0,100.0,0.029336180898625892,0.4761262159846854,0.32071418932397705,0.0,0.15541202666070836
p439,ETHUSDT,-1,2024-03-03 00:00:00+00:00,3424.99,2024-03-03 00:00:00+00:00,3431.05,signal_reverse,False,3527.7396999999996,,False,100.0,1.0,100.0,100.0,0.02919716553916946,-0.1769348231673786,0.3202654022347511,0.0,-0.4972002254021297
p440,ETHUSDT,1,2024-03-03 01:00:00+00:00,3431.05,2024-03-03 01:00:00+00:00,3434.36,signal_reverse,False,3328.1185,,False,100.0,1.0,100.0,100.0,0.029145596828959064,0.09647192550385292,0.3201447078882558,0.0,-0.22367278238440286
p441,ETHUSDT,-1,2024-03-03 02:00:00+00:00,3434.36,2024-03-03 03:00:00+00:00,3434.99,signal_reverse,False,3537.3908,,False,100.0,1.0,100.0,100.0,0.029117506609674,-0.018344029164084556,0.32002751604374613,0.0,-0.3383715452078307
p442,ETHUSDT,1,2024-03-03 04:00:00+00:00,3434.99,2024-03-03 04:00:00+00:00,3444.26,signal_reverse,False,3331.9402999999998,,False,100.0,1.0,100.0,100.0,0.02911216626540398,0.2698697812803076,0.32040480467192045,0.0,-0.050535023391612865
p443,ETHUSDT,-1,2024-03-03 05:00:00+00:00,3444.26,2024-03-03 06:00:00+00:00,3415.72,signal_reverse,False,3547.5878000000002,,False,100.0,1.0,100.0,100.0,0.02903381277836168,0.8286250166944545,0.31875706247495833,0.0,0.5098679542194962
p444,ETHUSDT,1,2024-03-03 07:00:00+00:00,3415.72,2024-03-03 07:00:00+00:00,3395.29,signal_reverse,False,3313.2484,,False,100.0,1.0,100.0,100.0,0.02927640438911855,-0.5981169416696872,0.3191028245874955,0.0,-0.9172197662571827
p445,ETHUSDT,-1,2024-03-03 08:00:00+00:00,3395.29,2024-03-03 08:00:00+00:00,3398.67,signal_reverse,False,3497.1486999999997,,False,100.0,1.0,100.0,100.0,0.029452565171163583,-0.09954967027853613,0.32014932450541783,0.0,-0.41969899478395395
p446,ETHUSDT,1,2024-03-03 09:00:00+00:00,3398.67,2024-03-03 09:00:00+00:00,3410.61,signal_reverse,False,3296.7099000000003,,False,100.0,1.0,100.0,100.0,0.029423274398514714,0.35131389631826726,0.3205269708444774,0.0,0.03078692547378986
p447,ETHUSDT,-1,2024-03-03 10:00:00+00:00,3410.61,2024-03-03 11:00:00+00:00,3416.7,signal_reverse,False,3512.9283,,False,100.0,1.0,100.0,100.0,0.029320268221813692,-0.17856043347083633,0.3202678406502063,0.0,-0.49882827412104264
p448,ETHUSDT,1,2024-03-03 12:00:00+00:00,3416.7,2024-03-03 12:00:00+00:00,3422.99,signal_reverse,False,3314.1989999999996,,False,100.0,1.0,100.0,100.0,0.029268007141393743,0.18409576491936558,0.32027614364737905,0.0,-0.13618037872801347
p449,ETHUSDT,-1,2024-03-03 13:00:00+00:00,3422.99,2024-03-03 17:00:00+00:00,3463.74,signal_reverse,False,3525.6796999999997,,False,100.0,1.0,100.0,100.0,0.029214224990432344,-1.190479668360118,0.3217857195025402,0.0,-1.5122653878626582
p450,ETHUSDT,1,2024-03-03 18:00:00+00:00,3463.74,2024-03-03 19:00:00+00:00,3467.45,signal_reverse,False,3359.8278,,False,100.0,1.0,100.0,100.0,0.028870527233568342,0.1071096560365396,0.32016066448405484,0.0,-0.21305100844751523
p451,ETHUSDT,-1,2024-03-03 20:00:00+00:00,3467.45,2024-03-03 20:00:00+00:00,3471.37,signal_reverse,False,3571.4734999999996,,False,100.0,1.0,100.0,100.0,0.028839637197364057,-0.1130513778136692,0.3201695770667205,0.0,-0.4332209548803897
p452,ETHUSDT,1,2024-03-03 21:00:00+00:00,3471.37,2024-03-04 00:00:00+00:00,3490.0,signal_reverse,False,3367.2289,,False,100.0,1.0,100.0,100.0,0.028807070407360785,0.5366757216891346,0.3208050135825337,0.0,0.21587070810660086
p453,ETHUSDT,-1,2024-03-04 01:00:00+00:00,3490.0,2024-03-04 01:00:00+00:00,3481.85,signal_reverse,False,3594.7,,False,100.0,1.0,100.0,100.0,0.02865329512893983,0.2335243553008622,0.31964971346704874,0.0,-0.08612535816618652
p454,ETHUSDT,1,2024-03-04 02:00:00+00:00,3481.85,2024-03-04 02:00:00+00:00,3491.35,signal_reverse,False,3377.3945,,False,100.0,1.0,100.0,100.0,0.02872036417421773,0.2728434596550684,0.3204092651894826,0.0,-0.047565805534414196
p455,ETHUSDT,-1,2024-03-04 03:00:00+00:00,3491.35,2024-03-04 03:00:00+00:00,3475.06,signal_reverse,False,3596.0905,,False,100.0,1.0,100.0,100.0,0.028642215761811335,0.46658169475990563,0.3193001274578602,0.0,0.14728156730204545
p456,ETHUSDT,1,2024-03-04 04:00:00+00:00,3475.06,2024-03-04 04:00:00+00:00,3487.25,signal_reverse,False,3370.8082,,False,100.0,1.0,100.0,100.0,0.02877648155715297,0.3507853101816963,0.32052617796527255,0.0,0.030259132216423734
p457,ETHUSDT,-1,2024-03-04 05:00:00+00:00,3487.25,2024-03-04 06:00:00+00:00,3475.57,signal_reverse,False,3591.8675,,False,100.0,1.0,100.0,100.0,0.028675890744856262,0.33493440389991647,0.31949759839415015,0.0,0.015436805505766316
p458,ETHUSDT,1,2024-03-04 07:00:00+00:00,3475.57,2024-03-04 08:00:00+00:00,3538.75,signal_reverse,False,3371.3029,,False,100.0,1.0,100.0,100.0,0.028772258938821543,1.8178313197547404,0.3227267469796321,0.0,1.4951045727751082
p459,ETHUSDT,-1,2024-03-04 09:00:00+00:00,3538.75,2024-03-04 13:00:00+00:00,3493.17,signal_reverse,False,3644.9125,,False,100.0,1.0,100.0,100.0,0.0282585658777817,1.288025432709288,0.3180679618509361,0.0,0.9699574708583518
p460,ETHUSDT,1,2024-03-04 14:00:00+00:00,3493.17,2024-03-04 16:00:00+00:00,3553.47,signal_reverse,False,3388.3749000000003,,False,100.0,1.0,100.0,100.0,0.028627292688303174,1.7262257491046735,0.322589338623657,0.0,1.4036364104810164
p461,ETHUSDT,-1,2024-03-04 17:00:00+00:00,3553.47,2024-03-04 17:00:00+00:00,3547.47,signal_reverse,False,3660.0741,,False,100.0,1.0,100.0,100.0,0.028141506752554547,0.1688490405153273,0.319746726439227,0.0,-0.15089768592389974
p462,ETHUSDT,1,2024-03-04 18:00:00+00:00,3547.47,2024-03-04 18:00:00+00:00,3602.29,signal_reverse,False,3441.0458999999996,,False,100.0,1.0,100.0,100.0,0.028189103783823402,1.5453266694292036,0.3223179900041438,0.0,1.2230086794250599
p463,ETHUSDT,-1,2024-03-04 19:00:00+00:00,3602.29,2024-03-04 20:00:00+00:00,3587.25,signal_reverse,False,3710.3586999999998,,False,100.0,1.0,100.0,100.0,0.02776011925747233,0.41751219363238284,0.3193737317095514,0.0,0.09813846192283143
p464,ETHUSDT,1,2024-03-04 21:00:00+00:00,3587.25,2024-03-04 23:00:00+00:00,3630.31,signal_reverse,False,3479.6325,,False,100.0,1.0,100.0,100.0,0.02787650707366367,1.2003623945919561,0.321800543591888,0.0,0.8785618510000681
p465,ETHUSDT,-1,2024-03-05 00:00:00+00:00,3630.31,2024-03-05 01:00:00+00:00,3649.13,signal_reverse,False,3739.2192999999997,,False,100.0,1.0,100.0,100.0,0.02754585696538312,-0.5184130280885149,0.3207776195421328,0.0,-0.8391906476306477
p466,ETHUSDT,1,2024-03-05 02:00:00+00:00,3649.13,2024-03-05 02:00:00+00:00,3626.98,signal_reverse,False,3539.6561,,False,100.0,1.0,100.0,100.0,0.027403792136755884,-0.6069939958291454,0.3190895090062563,0.0,-0.9260835048354017
p467,ETHUSDT,-1,2024-03-05 03:00:00+00:00,3626.98,2024-03-05 03:00:00+00:00,3695.79,signal_reverse,False,3735.7894,,False,100.0,1.0,100.0,100.0,0.027571147345725643,-1.89717064885938,0.3228457559732891,0.0,-2.220016404832669
p468,ETHUSDT,1,2024-03-05 04:00:00+00:00,3695.79,2024-03-05 04:00:00+00:00,3703.85,signal_reverse,False,3584.9163,,False,100.0,1.0,100.0,100.0,0.027057814432097062,0.21808598432270085,0.3203271289764841,0.0,-0.10224114465378323
p469,ETHUSDT,-1,2024-03-05 05:00:00+00:00,3703.85,2024-03-05 08:00:00+00:00,3699.4,signal_reverse,False,3814.9655,,False,100.0,1.0,100.0,100.0,0.026998933542125087,0.12014525426245172,0.31981978211860634,0.0,-0.19967452785615464
p470,ETHUSDT,1,2024-03-05 09:00:00+00:00,3699.4,2024-03-05 09:00:00+00:00,3695.34,signal_reverse,False,3588.418,,False,100.0,1.0,100.0,100.0,0.027031410498999837,-0.10974752662593787,0.31983537871006107,0.0,-0.42958290533599897
p471,ETHUSDT,-1,2024-03-05 10:00:00+00:00,3695.34,2024-03-05 10:00:00+00:00,3717.14,signal_reverse,False,3806.2002,,False,100.0,1.0,100.0,100.0,0.027061109397240848,-0.5899321848598431,0.32088489827728983,0.0,-0.9108170831371329
p472,ETHUSDT,1,2024-03-05 11:00:00+00:00,3717.14,2024-03-05 11:00:00+00:00,3738.74,signal_reverse,False,3605.6258,,False,100.0,1.0,100.0,100.0,0.026902403460725182,0.5810919147516614,0.3208716378721276,0.0,0.26022027687953386
p473,ETHUSDT,-1,2024-03-05 12:00:00+00:00,3738.74,2024-03-05 17:00:00+00:00,3692.8,signal_reverse,False,3850.9021999999995,,False,100.0,1.0,100.0,100.0,0.02674697892873,1.2287562119858455,0.31815686568202123,0.0,0.9105993463038242
p474,ETHUSDT,1,2024-03-05 18:00:00+00:00,3692.8,2024-03-05 19:00:00+00:00,3582.016,initial_sl,False,3582.016,,False,100.0,1.0,100.0,100.0,0.027079722703639512,-3.0000000000000027,0.3155,0.0,-3.315500000000003
p475,ETHUSDT,-1,2024-03-05 20:00:00+00:00,3374.98,2024-03-05 20:00:00+00:00,3388.95,signal_reverse,False,3476.2294,,False,100.0,1.0,100.0,100.0,0.029629805213660525,-0.41392837883483163,0.3206208925682522,0.0,-0.7345492714030839
p476,ETHUSDT,1,2024-03-05 21:00:00+00:00,3388.95,2024-03-05 21:00:00+00:00,3522.82,signal_reverse,False,3287.2815,,False,100.0,1.0,100.0,100.0,0.02950766461588398,3.950191062128398,0.32592528659319264,0.0,3.6242657755352057
p477,ETHUSDT,-1,2024-03-05 22:00:00+00:00,3522.82,2024-03-05 22:00:00+00:00,3508.83,signal_reverse,False,3628.5046,,False,100.0,1.0,100.0,100.0,0.02838634957221771,0.39712503051533243,0.31940431245422707,0.0,0.07772071806110536
p478,ETHUSDT,1,2024-03-05 23:00:00+00:00,3508.83,2024-03-05 23:00:00+00:00,3555.32,signal_reverse,False,3403.5651,,False,100.0,1.0,100.0,100.0,0.02849952833280609,1.324943072192162,0.3219874146082883,0.0,1.0029556575838736
p479,ETHUSDT,-1,2024-03-06 00:00:00+00:00,3555.32,2024-03-06 03:00:00+00:00,3540.84,signal_reverse,False,3661.9796,,False,100.0,1.0,100.0,100.0,0.02812686340470056,0.40727698210006463,0.3193890845268499,0.0,0.08788789757321475
p480,ETHUSDT,1,2024-03-06 04:00:00+00:00,3540.84,2024-03-06 06:00:00+00:00,3754.28,signal_reverse,False,3434.6148000000003,,False,100.0,1.0,100.0,100.0,0.02824188610612171,6.027948170490619,0.329041922255736,0.0,5.698906248234883
p481,ETHUSDT,-1,2024-03-06 07:00:00+00:00,3754.28,2024-03-06 07:00:00+00:00,3791.88,signal_reverse,False,3866.9084000000003,,False,100.0,1.0,100.0,100.0,0.026636265808623757,-1.0015235944042509,0.3215022853916064,0.0,-1.3230258797958574
p482,ETHUSDT,1,2024-03-06 08:00:00+00:00,3791.88,2024-03-06 08:00:00+00:00,3830.59,signal_reverse,False,3678.1236,,False,100.0,1.0,100.0,100.0,0.026372142578351635,1.0208656392079927,0.321531298458812,0.0,0.6993343407491807
p483,ETHUSDT,-1,2024-03-06 09:00:00+00:00,3830.59,2024-03-06 09:00:00+00:00,3798.65,signal_reverse,False,3945.5077,,False,100.0,1.0,100.0,100.0,0.026105639079097475,0.8338141121863748,0.3187492788317205,0.0,0.5150648333546544
p484,ETHUSDT,1,2024-03-06 10:00:00+00:00,3798.65,2024-03-06 10:00:00+00:00,3845.96,signal_reverse,False,3684.6905,,False,100.0,1.0,100.0,100.0,0.026325141826701592,1.2454424598212508,0.3218681636897319,0.0,0.9235742961315189
p485,ETHUSDT,-1,2024-03-06 11:00:00+00:00,3845.96,2024-03-06 13:00:00+00:00,3835.01,signal_reverse,False,3961.3388,,False,100.0,1.0,100.0,100.0,0.02600131046604749,0.2847143496032153,0.3195729284755952,0.0,-0.03485857887237992
p486,ETHUSDT,1,2024-03-06 14:00:00+00:00,3835.01,2024-03-06 14:00:00+00:00,3784.76,signal_reverse,False,3719.9597000000003,,False,100.0,1.0,100.0,100.0,0.02607555130234341,-1.3102964529427563,0.3180345553205859,0.0,-1.6283310082633422
p487,ETHUSDT,-1,2024-03-06 15:00:00+00:00,3784.76,2024-03-06 15:00:00+00:00,3794.05,signal_reverse,False,3898.3028000000004,,False,100.0,1.0,100.0,100.0,0.02642175461588053,-0.24545810038152915,0.3203681871505723,0.0,-0.5658262875321014
p488,ETHUSDT,1,2024-03-06 16:00:00+00:00,3794.05,2024-03-06 18:00:00+00:00,3867.12,signal_reverse,False,3680.2285,,False,100.0,1.0,100.0,100.0,0.026357059079347926,1.9259103069279453,0.32288886546039197,0.0,1.6030214414675532
p489,ETHUSDT,-1,2024-03-06 19:00:00+00:00,3867.12,2024-03-06 19:00:00+00:00,3856.88,signal_reverse,False,3983.1336,,False,100.0,1.0,100.0,100.0,0.02585903721632636,0.2647965410951763,0.31960280518835726,0.0,-0.054806264093180956
p490,ETHUSDT,1,2024-03-06 20:00:00+00:00,3856.88,2024-03-06 20:00:00+00:00,3862.23,signal_reverse,False,3741.1736,,False,100.0,1.0,100.0,100.0,0.02592769285017942,0.13871315674845752,0.3202080697351227,0.0,-0.1814949129866652
p491,ETHUSDT,-1,2024-03-06 21:00:00+00:00,3862.23,2024-03-06 22:00:00+00:00,3816.67,signal_reverse,False,3978.0969,,False,100.0,1.0,100.0,100.0,0.025891777548204018,1.1796293850961737,0.31823055592235583,0.0,0.8613988291738178
p492,ETHUSDT,1,2024-03-06 23:00:00+00:00,3816.67,2024-03-07 00:00:00+00:00,3842.25,signal_reverse,False,3702.1699,,False,100.0,1.0,100.0,100.0,0.026200850479606567,0.670217755268334,0.3210053266329025,0.0,0.34921242863543156
p493,ETHUSDT,-1,2024-03-07 01:00:00+00:00,3842.25,2024-03-07 01:00:00+00:00,3836.48,signal_reverse,False,3957.5175,,False,100.0,1.0,100.0,100.0,0.02602641681306526,0.15017242501138608,0.31977474136248296,0.0,-0.16960231635109688
p494,ETHUSDT,1,2024-03-07 02:00:00+00:00,3836.48,2024-03-07 02:00:00+00:00,3789.57,signal_reverse,False,3721.3856,,False,100.0,1.0,100.0,100.0,0.02606556009675536,-1.22273542413879,0.3181658968637918,0.0,-1.5409013210025817
p495,ETHUSDT,-1,2024-03-07 03:00:00+00:00,3789.57,2024-03-07 05:00:00+00:00,3756.22,signal_reverse,False,3903.2571000000003,,False,100.0,1.0,100.0,100.0,0.026388218188343266,0.8800470765812575,0.3186799293851281,0.0,0.5613671471961293
p496,ETHUSDT,1,2024-03-07 06:00:00+00:00,3756.22,2024-03-07 07:00:00+00:00,3792.11,signal_reverse,False,3643.5334,,False,100.0,1.0,100.0,100.0,0.026622508798739158,0.9554818407867571,0.32143322276118014,0.0,0.634048618025577
p497,ETHUSDT,-1,2024-03-07 08:00:00+00:00,3792.11,2024-03-07 08:00:00+00:00,3793.96,signal_reverse,False,3905.8733,,False,100.0,1.0,100.0,100.0,0.026370543048592997,-0.048785504639894645,0.32007317825695986,0.0,-0.36885868289685453
p498,ETHUSDT,1,2024-03-07 09:00:00+00:00,3793.96,2024-03-07 11:00:00+00:00,3791.0,signal_reverse,False,3680.1412,,False,100.0,1.0,100.0,100.0,0.026357684319286444,-0.07801874558508884,0.31988297188162235,0.0,-0.3979017174667112
p499,ETHUSDT,-1,2024-03-07 12:00:00+00:00,3791.0,2024-03-07 13:00:00+00:00,3810.35,signal_reverse,False,3904.73,,False,100.0,1.0,100.0,100.0,0.02637826431020839,-0.5104194144025299,0.32076562912160383,0.0,-0.8311850435241337
p500,ETHUSDT,1,2024-03-07 14:00:00+00:00,3810.35,2024-03-07 20:00:00+00:00,3933.79,signal_reverse,False,3696.0395,,False,100.0,1.0,100.0,100.0,0.02624430826564489,3.2395974123112063,0.32485939611846687,0.0,2.9147380161927394
p501,ETHUSDT,-1,2024-03-07 21:00:00+00:00,3933.79,2024-03-07 22:00:00+00:00,3859.12,signal_reverse,False,4051.8037,,False,100.0,1.0,100.0,100.0,0.025420777418215003,1.898169449818116,0.3171527458252728,0.0,1.5810167039928433
p502,ETHUSDT,1,2024-03-07 23:00:00+00:00,3859.12,2024-03-08 01:00:00+00:00,3909.52,signal_reverse,False,3743.3464,,False,100.0,1.0,100.0,100.0,0.025912643296917434,1.305997222164641,0.32195899583324705,0.0,0.9840382263313939
p503,ETHUSDT,-1,2024-03-08 02:00:00+00:00,3909.52,2024-03-08 03:00:00+00:00,3904.74,signal_reverse,False,4026.8056,,False,100.0,1.0,100.0,100.0,0.02557858765270417,0.12226564897993104,0.31981660152653013,0.0,-0.1975509525465991
p504,ETHUSDT,1,2024-03-08 04:00:00+00:00,3904.74,2024-03-08 04:00:00+00:00,3903.34,signal_reverse,False,3787.5978,,False,100.0,1.0,100.0,100.0,0.02560989976285233,-0.03585385966798394,0.31994621921049804,0.0,-0.355800078878482
p505,ETHUSDT,-1,2024-03-08 05:00:00+00:00,3903.34,2024-03-08 05:00:00+00:00,3892.48,signal_reverse,False,4020.4402,,False,100.0,1.0,100.0,100.0,0.025619085193705902,0.2782232652036494,0.3195826651021945,0.0,-0.041359399898545146
p506,ETHUSDT,1,2024-03-08 06:00:00+00:00,3892.48,2024-03-08 06:00:00+00:00,3934.51,signal_reverse,False,3775.7056000000002,,False,100.0,1.0,100.0,100.0,0.025690562315027952,1.07977433410063,0.32161966150115096,0.0,0.7581546725994791
p507,ETHUSDT,-1,2024-03-08 07:00:00+00:00,3934.51,2024-03-08 07:00:00+00:00,3914.09,signal_reverse,False,4052.5453,,False,100.0,1.0,100.0,100.0,0.025416125514994243,0.5189972830161843,0.3192215040754757,0.0,0.19977577894070858
p508,ETHUSDT,1,2024-03-08 08:00:00+00:00,3914.09,2024-03-08 08:00:00+00:00,3944.99,signal_reverse,False,3796.6673,,False,100.0,1.0,100.0,100.0,0.025548722691609033,0.7894555311707099,0.3211841832967561,0.0,0.4682713478739538
p509,ETHUSDT,-1,2024-03-08 09:00:00+00:00,3944.99,2024-03-08 11:00:00+00:00,3954.71,signal_reverse,False,4063.3396999999995,,False,100.0,1.0,100.0,100.0,0.025348606713831975,-0.24638845725845326,0.32036958268588767,0.0,-0.5667580399443409
p510,ETHUSDT,1,2024-03-08 12:00:00+00:00,3954.71,2024-03-08 15:00:00+00:00,3902.65,signal_reverse,False,3836.0687,,False,100.0,1.0,100.0,100.0,0.025286304179067493,-1.3164049955622523,0.3180253925066567,0.0,-1.634430388068909
p511,ETHUSDT,-1,2024-03-08 16:00:00+00:00,3902.65,2024-03-08 18:00:00+00:00,3931.79,signal_reverse,False,4019.7295,,False,100.0,1.0,100.0,100.0,0.02562361472332902,-0.7466721330378044,0.3211200081995567,0.0,-1.0677921412373612
p512,ETHUSDT,1,2024-03-08 19:00:00+00:00,3931.79,2024-03-08 20:00:00+00:00,3942.68,signal_reverse,False,3813.8363,,False,100.0,1.0,100.0,100.0,0.025433708310972865,0.27697308350649125,0.32041545962525975,0.0,-0.0434423761187685
p513,ETHUSDT,-1,2024-03-08 21:00:00+00:00,3942.68,2024-03-08 21:00:00+00:00,3906.27,signal_reverse,False,4060.9604,,False,100.0,1.0,100.0,100.0,0.02536345835827407,0.9234835188247551,0.31861477472176286,0.0,0.6048687441029923
p514,ETHUSDT,1,2024-03-08 22:00:00+00:00,3906.27,2024-03-08 23:00:00+00:00,3884.42,signal_reverse,False,3789.0819,,False,100.0,1.0,100.0,100.0,0.025599868928671086,-0.5593571360914609,0.3191609642958628,0.0,-0.8785181003873237
p515,ETHUSDT,-1,2024-03-09 00:00:00+00:00,3884.42,2024-03-09 02:00:00+00:00,3922.01,signal_reverse,False,4000.9526,,False,100.0,1.0,100.0,100.0,0.025743869097574413,-0.9677120393778259,0.3214515680590668,0.0,-1.2891636074368926
p516,ETHUSDT,1,2024-03-09 03:00:00+00:00,3922.01,2024-03-09 03:00:00+00:00,3927.11,signal_reverse,False,3804.3497,,False,100.0,1.0,100.0,100.0,0.02549713029798496,0.13003536451972098,0.3201950530467796,0.0,-0.1901596885270586
p517,ETHUSDT,-1,2024-03-09 04:00:00+00:00,3927.11,2024-03-09 04:00:00+00:00,3929.01,signal_reverse,False,4044.9233,,False,100.0,1.0,100.0,100.0,0.025464018069267222,-0.04838163433161004,0.32007257245149745,0.0,-0.3684542067831075
p518,ETHUSDT,1,2024-03-09 05:00:00+00:00,3929.01,2024-03-09 05:00:00+00:00,3923.37,signal_reverse,False,3811.1397,,False,100.0,1.0,100.0,100.0,0.025451704118849276,-0.14354761123031826,0.31978467858315457,0.0,-0.46333228981347285
p519,ETHUSDT,-1,2024-03-09 06:00:00+00:00,3923.37,2024-03-09 06:00:00+00:00,3942.15,signal_reverse,False,4041.0711,,False,100.0,1.0,100.0,100.0,0.02548829195309135,-0.47867012287906063,0.3207180051843186,0.0,-0.7993881280633792
p520,ETHUSDT,1,2024-03-09 07:00:00+00:00,3942.15,2024-03-09 09:00:00+00:00,3924.62,signal_reverse,False,3823.8855000000003,,False,100.0,1.0,100.0,100.0,0.025366868333269916,-0.4446812018822267,0.31933297819717665,0.0,-0.7640141800794034
p521,ETHUSDT,-1,2024-03-09 10:00:00+00:00,3924.62,2024-03-09 14:00:00+00:00,3912.0,signal_reverse,False,4042.3586,,False,100.0,1.0,100.0,100.0,0.025480173876706536,0.3215597943240337,0.319517660308514,0.0,0.0020421340155197254
p522,ETHUSDT,1,2024-03-09 15:00:00+00:00,3912.0,2024-03-09 18:00:00+00:00,3892.77,signal_reverse,False,3794.64,,False,100.0,1.0,100.0,100.0,0.02556237218813906,-0.4915644171779146,0.31926265337423315,0.0,-0.8108270705521478
p523,ETHUSDT,-1,2024-03-09 19:00:00+00:00,3892.77,2024-03-09 21:00:00+00:00,3908.61,signal_reverse,False,4009.5531,,False,100.0,1.0,100.0,100.0,0.02568864844313946,-0.4069081913393328,0.320610362287009,0.0,-0.7275185536263418
p524,ETHUSDT,1,2024-03-09 22:00:00+00:00,3908.61,2024-03-09 22:00:00+00:00,3904.08,signal_reverse,False,3791.3517,,False,100.0,1.0,100.0,100.0,0.025584542842596217,-0.11589797907696599,0.31982615303138456,0.0,-0.43572413210835054
p525,ETHUSDT,-1,2024-03-09 23:00:00+00:00,3904.08,2024-03-09 23:00:00+00:00,3908.5,signal_reverse,False,4021.2024,,False,100.0,1.0,100.0,100.0,0.025614229216614413,-0.11321489313743757,0.32016982233970614,0.0,-0.43338471547714374
p526,ETHUSDT,1,2024-03-10 00:00:00+00:00,3908.5,2024-03-10 06:00:00+00:00,3947.24,signal_reverse,False,3791.245,,False,100.0,1.0,100.0,100.0,0.02558526288857618,0.9911730843034355,0.3214867596264551,0.0,0.6696863246769804
p527,ETHUSDT,-1,2024-03-10 07:00:00+00:00,3947.24,2024-03-10 09:00:00+00:00,3951.58,signal_reverse,False,4065.6571999999996,,False,100.0,1.0,100.0,100.0,0.025334157537925235,-0.1099502437145992,0.3201649253655719,0.0,-0.4301151690801711
p528,ETHUSDT,1,2024-03-10 10:00:00+00:00,3951.58,2024-03-10 10:00:00+00:00,3942.47,signal_reverse,False,3833.0326,,False,100.0,1.0,100.0,100.0,0.02530633316293736,-0.23054069511436256,0.3196541889573285,0.0,-0.550194884071691
p529,ETHUSDT,-1,2024-03-10 11:00:00+00:00,3942.47,2024-03-10 12:00:00+00:00,3931.46,signal_reverse,False,4060.7441,,False,100.0,1.0,100.0,100.0,0.025364809370775177,0.2792665511722287,0.3195811001732417,0.0,-0.040314549001013
p530,ETHUSDT,1,2024-03-10 13:00:00+00:00,3931.46,2024-03-10 13:00:00+00:00,3901.67,signal_reverse,False,3813.5162,,False,100.0,1.0,100.0,100.0,0.025435843172765333,-0.7577337681166784,0.31886339934782504,0.0,-1.0765971674645034
p531,ETHUSDT,-1,2024-03-10 14:00:00+00:00,3901.67,2024-03-10 14:00:00+00:00,3899.95,signal_reverse,False,4018.7201,,False,100.0,1.0,100.0,100.0,0.025630050721870377,0.04408368724162358,0.31993387446913757,0.0,-0.275850187227514
p532,ETHUSDT,1,2024-03-10 15:00:00+00:00,3899.95,2024-03-10 17:00:00+00:00,3915.77,signal_reverse,False,3782.9514999999997,,False,100.0,1.0,100.0,100.0,0.02564135437633816,0.4056462262336739,0.32060846933935055,0.0,0.08503775689432336
p533,ETHUSDT,-1,2024-03-10 18:00:00+00:00,3915.77,2024-03-10 18:00:00+00:00,3896.91,signal_reverse,False,4033.2431,,False,100.0,1.0,100.0,100.0,0.025537761410910242,0.4816421802097704,0.31927753672968534,0.0,0.16236464348008506
p534,ETHUSDT,1,2024-03-10 19:00:00+00:00,3896.91,2024-03-10 20:00:00+00:00,3904.3,signal_reverse,False,3780.0027,,False,100.0,1.0,100.0,100.0,0.02566135733183471,0.18963743068226693,0.3202844561460234,0.0,-0.13064702546375648
p535,ETHUSDT,-1,2024-03-10 21:00:00+00:00,3904.3,2024-03-10 22:00:00+00:00,3826.67,signal_reverse,False,4021.429,,False,100.0,1.0,100.0,100.0,0.02561278590272264,1.9883205696283612,0.31701751914555754,0.0,1.6713030504828037
p536,ETHUSDT,1,2024-03-10 23:00:00+00:00,3826.67,2024-03-11 00:00:00+00:00,3831.78,signal_reverse,False,3711.8699,,False,100.0,1.0,100.0,100.0,0.026132381417786222,0.13353646904489092,0.32020030470356736,0.0,-0.18666383565867645
p537,ETHUSDT,-1,2024-03-11 01:00:00+00:00,3831.78,2024-03-11 01:00:00+00:00,3821.61,signal_reverse,False,3946.7334,,False,100.0,1.0,100.0,100.0,0.02609753169545224,0.26541189734275117,0.3196018821539859,0.0,-0.054189984811234715
p538,ETHUSDT,1,2024-03-11 02:00:00+00:00,3821.61,2024-03-11 02:00:00+00:00,3839.22,signal_reverse,False,3706.9617000000003,,False,100.0,1.0,100.0,100.0,0.02616698197879951,0.46080055264665076,0.32069120082896996,0.0,0.1401093518176808
p539,ETHUSDT,-1,2024-03-11 03:00:00+00:00,3839.22,2024-03-11 03:00:00+00:00,3870.31,signal_reverse,False,3954.3965999999996,,False,100.0,1.0,100.0,100.0,0.026046957454899693,-0.8097999072728352,0.3212146998609092,0.0,-1.1310146071337446
p540,ETHUSDT,1,2024-03-11 04:00:00+00:00,3870.31,2024-03-11 05:00:00+00:00,3850.71,signal_reverse,False,3754.2007,,False,100.0,1.0,100.0,100.0,0.025837723593200544,-0.5064193824267283,0.31924037092635993,0.0,-0.8256597533530883
p541,ETHUSDT,-1,2024-03-11 06:00:00+00:00,3850.71,2024-03-11 06:00:00+00:00,3888.97,signal_reverse,False,3966.2313,,False,100.0,1.0,100.0,100.0,0.025969236842036923,-0.9935830015763265,0.3214903745023645,0.0,-1.315073376078691
p542,ETHUSDT,1,2024-03-11 07:00:00+00:00,3888.97,2024-03-11 07:00:00+00:00,4011.71,signal_reverse,False,3772.3008999999997,,False,100.0,1.0,100.0,100.0,0.02571374939894111,3.156105601226038,0.32473415840183906,0.0,2.831371442824199
p543,ETHUSDT,-1,2024-03-11 08:00:00+00:00,4011.71,2024-03-11 08:00:00+00:00,4024.54,signal_reverse,False,4132.0613,,False,100.0,1.0,100.0,100.0,0.024927026131001492,-0.31981374526074735,0.32047972061789115,0.0,-0.6402934658786386
p544,ETHUSDT,1,2024-03-11 09:00:00+00:00,4024.54,2024-03-11 09:00:00+00:00,4045.2,signal_reverse,False,3903.8038,,False,100.0,1.0,100.0,100.0,0.024847560218062188,0.5133505941051612,0.3207700258911578,0.0,0.19258056821400338
p545,ETHUSDT,-1,2024-03-11 10:00:00+00:00,4045.2,2024-03-11 10:00:00+00:00,4030.57,signal_reverse,False,4166.556,,False,100.0,1.0,100.0,100.0,0.024720656580638784,0.3616632057747369,0.3194575051913379,0.0,0.04220570058339895
p546,ETHUSDT,1,2024-03-11 11:00:00+00:00,4030.57,2024-03-11 11:00:00+00:00,4037.73,signal_reverse,False,3909.6529,,False,100.0,1.0,100.0,100.0,0.024810386620254702,0.17764236820102006,0.32026646355230154,0.0,-0.14262409535128148
p547,ETHUSDT,-1,2024-03-11 12:00:00+00:00,4037.73,2024-03-11 12:00:00+00:00,4059.59,signal_reverse,False,4158.8619,,False,100.0,1.0,100.0,100.0,0.02476639101673465,-0.5413933076258226,0.32081208996143873,0.0,-0.8622053975872613
p548,ETHUSDT,1,2024-03-11 13:00:00+00:00,4059.59,2024-03-11 13:00:00+00:00,4027.01,signal_reverse,False,3937.8023000000003,,False,100.0,1.0,100.0,100.0,0.024633029443860092,-0.80254409928096,0.31879618385107855,0.0,-1.1213402831320387
p549,ETHUSDT,-1,2024-03-11 14:00:00+00:00,4027.01,2024-03-11 16:00:00+00:00,4045.46,signal_reverse,False,4147.8203,,False,100.0,1.0,100.0,100.0,0.024832319760815093,-0.45815629958703397,0.3206872344493805,0.0,-0.7788435340364145
p550,ETHUSDT,1,2024-03-11 17:00:00+00:00,4045.46,2024-03-11 23:00:00+00:00,4070.19,signal_reverse,False,3924.0962,,False,100.0,1.0,100.0,100.0,0.024719067794515333,0.6113025465583646,0.3209169538198376,0.0,0.290385592738527
p551,ETHUSDT,-1,2024-03-12 00:00:00+00:00,4070.19,2024-03-12 01:00:00+00:00,4065.42,signal_reverse,False,4192.2957,,False,100.0,1.0,100.0,100.0,0.024568877619963687,0.11719354624722635,0.3198242096806292,0.0,-0.20263066343340286
p552,ETHUSDT,1,2024-03-12 02:00:00+00:00,4065.42,2024-03-12 05:00:00+00:00,4042.66,signal_reverse,False,3943.4574000000002,,False,100.0,1.0,100.0,100.0,0.02459770454221212,-0.5598437553807533,0.31916023436692886,0.0,-0.8790039897476821
p553,ETHUSDT,-1,2024-03-12 06:00:00+00:00,4042.66,2024-03-12 06:00:00+00:00,4033.01,signal_reverse,False,4163.9398,,False,100.0,1.0,100.0,100.0,0.024736188549123597,0.2387042194990337,0.31964194367075144,0.0,-0.08093772417171774
p554,ETHUSDT,1,2024-03-12 07:00:00+00:00,4033.01,2024-03-12 07:00:00+00:00,4029.91,signal_reverse,False,3912.0197000000003,,False,100.0,1.0,100.0,100.0,0.024795376158254008,-0.07686566609059645,0.3198847015008641,0.0,-0.39675036759146054
p555,ETHUSDT,-1,2024-03-12 08:00:00+00:00,4029.91,2024-03-12 10:00:00+00:00,4010.98,signal_reverse,False,4150.8072999999995,,False,100.0,1.0,100.0,100.0,0.024814449950495174,0.46973753756286957,0.3192953936936557,0.0,0.15044214386921384
p556,ETHUSDT,1,2024-03-12 11:00:00+00:00,4010.98,2024-03-12 12:00:00+00:00,4026.48,signal_reverse,False,3890.6506,,False,100.0,1.0,100.0,100.0,0.02493156285994944,0.3864392243292163,0.32057965883649386,0.0,0.06585956549272243
p557,ETHUSDT,-1,2024-03-12 13:00:00+00:00,4026.48,2024-03-12 13:00:00+00:00,4029.04,signal_reverse,False,4147.2744,,False,100.0,1.0,100.0,100.0,0.024835588404760484,-0.06357910631618549,0.3200953686594743,0.0,-0.38367447497565976
p558,ETHUSDT,1,2024-03-12 14:00:00+00:00,4029.04,2024-03-12 15:00:00+00:00,3992.53,signal_reverse,False,3908.1688,,False,100.0,1.0,100.0,100.0,0.02481980819252229,-0.9061711971089829,0.3186407432043365,0.0,-1.2248119403133193
p559,ETHUSDT,-1,2024-03-12 16:00:00+00:00,3992.53,2024-03-12 19:00:00+00:00,3985.91,signal_reverse,False,4112.3059,,False,100.0,1.0,100.0,100.0,0.025046774852036175,0.16580964952048813,0.31975128552571924,0.0,-0.15394163600523111
p560,ETHUSDT,1,2024-03-12 20:00:00+00:00,3985.91,2024-03-12 20:00:00+00:00,3953.32,signal_reverse,False,3866.3327,,False,100.0,1.0,100.0,100.0,0.025088373796698874,-0.8176301020344086,0.3187735548469484,0.0,-1.136403656881357
p561,ETHUSDT,-1,2024-03-12 21:00:00+00:00,3953.32,2024-03-12 21:00:00+00:00,3944.4,signal_reverse,False,4071.9196,,False,100.0,1.0,100.0,100.0,0.02529519492477209,0.22563313872896887,0.31966155029190657,0.0,-0.0940284115629377
p562,ETHUSDT,1,2024-03-12 22:00:00+00:00,3944.4,2024-03-12 23:00:00+00:00,3983.46,signal_reverse,False,3826.068,,False,100.0,1.0,100.0,100.0,0.02535239833688267,0.9902646790386357,0.32148539701855794,0.0,0.6687792820200777
p563,ETHUSDT,-1,2024-03-13 00:00:00+00:00,3983.46,2024-03-13 02:00:00+00:00,4035.5,signal_reverse,False,4102.9638,,False,100.0,1.0,100.0,100.0,0.02510380423049309,-1.3064019721548594,0.32195960295823234,0.0,-1.6283615751130918
p564,ETHUSDT,1,2024-03-13 03:00:00+00:00,4035.5,2024-03-13 03:00:00+00:00,4047.59,signal_reverse,False,3914.435,,False,100.0,1.0,100.0,100.0,0.024780076818238135,0.29959112873250265,0.3204493866930988,0.0,-0.02085825796059615
p565,ETHUSDT,-1,2024-03-13 04:00:00+00:00,4047.59,2024-03-13 05:00:00+00:00,4041.51,signal_reverse,False,4169.0177,,False,100.0,1.0,100.0,100.0,0.024706059655251644,0.1502128427039282,0.3197746807359441,0.0,-0.1695618380320159
p566,ETHUSDT,1,2024-03-13 06:00:00+00:00,4041.51,2024-03-13 06:00:00+00:00,4052.1,signal_reverse,False,3920.2647,,False,100.0,1.0,100.0,100.0,0.024743227160145587,0.26203077562593413,0.3203930461634389,0.0,-0.05836227053750476
p567,ETHUSDT,-1,2024-03-13 07:00:00+00:00,4052.1,2024-03-13 08:00:00+00:00,4068.16,signal_reverse,False,4173.663,,False,100.0,1.0,100.0,100.0,0.024678561733422175,-0.3963377014387588,0.32059450655215815,0.0,-0.716932207990917
p568,ETHUSDT,1,2024-03-13 09:00:00+00:00,4068.16,2024-03-13 09:00:00+00:00,4053.89,signal_reverse,False,3946.1151999999997,,False,100.0,1.0,100.0,100.0,0.024581137418390624,-0.35077283096043377,0.3194738407535594,0.0,-0.6702466717139932
p569,ETHUSDT,-1,2024-03-13 10:00:00+00:00,4053.89,2024-03-13 10:00:00+00:00,4061.0,signal_reverse,False,4175.5067,,False,100.0,1.0,100.0,100.0,0.024667664884839006,-0.17538709733120847,0.32026308064599684,0.0,-0.49565017797720534
p570,ETHUSDT,1,2024-03-13 11:00:00+00:00,4061.0,2024-03-13 11:00:00+00:00,4054.41,signal_reverse,False,3939.17,,False,100.0,1.0,100.0,100.0,0.02462447672986949,-0.16227530164984352,0.31975658704752524,0.0,-0.4820318886973688
p571,ETHUSDT,-1,2024-03-13 12:00:00+00:00,4054.41,2024-03-13 13:00:00+00:00,3980.4,signal_reverse,False,4176.0423,,False,100.0,1.0,100.0,100.0,0.024664501123468026,1.8254197281478628,0.3172618704077782,0.0,1.5081578577400845
p572,ETHUSDT,1,2024-03-13 14:00:00+00:00,3980.4,2024-03-13 14:00:00+00:00,3969.15,signal_reverse,False,3860.9880000000003,,False,100.0,1.0,100.0,100.0,0.02512310320570797,-0.2826349110642146,0.3195760476334037,0.0,-0.6022109586976183
p573,ETHUSDT,-1,2024-03-13 15:00:00+00:00,3969.15,2024-03-13 15:00:00+00:00,3965.85,signal_reverse,False,4088.2245000000003,,False,100.0,1.0,100.0,100.0,0.025194311124548077,0.08314122671101323,0.31987528815993355,0.0,-0.2367340614489203
p574,ETHUSDT,1,2024-03-13 16:00:00+00:00,3965.85,2024-03-13 16:00:00+00:00,3987.44,signal_reverse,False,3846.8745,,False,100.0,1.0,100.0,100.0,0.02521527541384571,0.5443977961849326,0.3208165966942774,0.0,0.22358119949065514
p575,ETHUSDT,-1,2024-03-13 17:00:00+00:00,3987.44,2024-03-13 20:00:00+00:00,3992.65,signal_reverse,False,4107.0632000000005,,False,100.0,1.0,100.0,100.0,0.025078747266416547,-0.13066027325803112,0.32019599040988705,0.0,-0.4508562636679182
p576,ETHUSDT,1,2024-03-13 21:00:00+00:00,3992.65,2024-03-14 01:00:00+00:00,3987.73,signal_reverse,False,3872.8705,,False,100.0,1.0,100.0,100.0,0.025046022065545438,-0.12322642856248538,0.3198151603571563,0.0,-0.4430415889196417
p577,ETHUSDT,-1,2024-03-14 02:00:00+00:00,3987.73,2024-03-14 03:00:00+00:00,3997.2,signal_reverse,False,4107.3619,,False,100.0,1.0,100.0,100.0,0.0250769234627219,-0.23747846519197138,0.32035621769778794,0.0,-0.5578346828897593
p578,ETHUSDT,1,2024-03-14 04:00:00+00:00,3997.2,2024-03-14 04:00:00+00:00,3959.34,signal_reverse,False,3877.2839999999997,,False,100.0,1.0,100.0,100.0,0.02501751225858101,-0.9471630141098688,0.31857925547883525,0.0,-1.2657422695887042
p579,ETHUSDT,-1,2024-03-14 05:00:00+00:00,3959.34,2024-03-14 07:00:00+00:00,3966.74,signal_reverse,False,4078.1202000000003,,False,100.0,1.0,100.0,100.0,0.02525673470830997,-0.1868998368414846,0.32028034975526226,0.0,-0.5071801865967469
p580,ETHUSDT,1,2024-03-14 08:00:00+00:00,3966.74,2024-03-14 08:00:00+00:00,3983.54,signal_reverse,False,3847.7378,,False,100.0,1.0,100.0,100.0,0.02520961797344923,0.4235215819539517,0.32063528237293093,0.0,0.10288629958102075
p581,ETHUSDT,-1,2024-03-14 09:00:00+00:00,3983.54,2024-03-14 09:00:00+00:00,3993.7,signal_reverse,False,4103.0462,,False,100.0,1.0,100.0,100.0,0.025103300079828493,-0.25504952881105386,0.3203825742932166,0.0,-0.5754321031042704
p582,ETHUSDT,1,2024-03-14 10:00:00+00:00,3993.7,2024-03-14 12:00:00+00:00,3948.0,signal_reverse,False,3873.8889999999997,,False,100.0,1.0,100.0,100.0,0.025039437113453692,-1.1443022760848292,0.31828354658587277,0.0,-1.462585822670702
p583,ETHUSDT,-1,2024-03-14 13:00:00+00:00,3948.0,2024-03-14 18:00:00+00:00,3816.8,signal_reverse,False,4066.44,,False,100.0,1.0,100.0,100.0,0.025329280648429583,3.323201621073957,0.3150151975683891,0.0,3.0081864235055678
p584,ETHUSDT,1,2024-03-14 19:00:00+00:00,3816.8,2024-03-14 22:00:00+00:00,3880.5,signal_reverse,False,3702.2960000000003,,False,100.0,1.0,100.0,100.0,0.02619995808006707,1.6689373297002676,0.3225034059945504,0.0,1.3464339237057172
p585,ETHUSDT,-1,2024-03-14 23:00:00+00:00,3880.5,2024-03-15 00:00:00+00:00,3907.67,signal_reverse,False,3996.915,,False,100.0,1.0,100.0,100.0,0.025769875016106173,-0.7001675041876066,0.32105025125628145,0.0,-1.0212177554438882
p586,ETHUSDT,1,2024-03-15 01:00:00+00:00,3907.67,2024-03-15 02:00:00+00:00,3790.4399000000003,initial_sl,False,3790.4399000000003,,False,100.0,1.0,100.0,100.0,0.02559069726972851,-2.9999999999999942,0.3155,0.0,-3.3154999999999943
p587,ETHUSDT,1,2024-03-15 03:00:00+00:00,3751.52,2024-03-15 03:00:00+00:00,3638.9744,initial_sl,False,3638.9744,,False,100.0,1.0,100.0,100.0,0.026655862157205612,-2.999999999999998,0.3155,0.0,-3.315499999999998
p588,ETHUSDT,1,2024-03-15 04:00:00+00:00,3725.24,2024-03-15 05:00:00+00:00,3677.43,signal_reverse,False,3613.4827999999998,,False,100.0,1.0,100.0,100.0,0.026843908043508606,-1.283407243560145,0.3180748891346598,0.0,-1.6014821326948048
p589,ETHUSDT,-1,2024-03-15 06:00:00+00:00,3677.43,2024-03-15 10:00:00+00:00,3662.33,signal_reverse,False,3787.7529,,False,100.0,1.0,100.0,100.0,0.02719290373984005,0.4106128464715823,0.3193840807302926,0.0,0.09122876574128969
p590,ETHUSDT,1,2024-03-15 11:00:00+00:00,3662.33,2024-03-15 11:00:00+00:00,3692.64,signal_reverse,False,3552.4601,,False,100.0,1.0,100.0,100.0,0.027305021666534694,0.8276152067126651,0.321241422810069,0.0,0.5063737839025961
p591,ETHUSDT,-1,2024-03-15 12:00:00+00:00,3692.64,2024-03-15 14:00:00+00:00,3723.92,signal_reverse,False,3803.4192,,False,100.0,1.0,100.0,100.0,0.027080896052688593,-0.8470904285281046,0.3212706356427922,0.0,-1.1683610641708968
p592,ETHUSDT,1,2024-03-15 15:00:00+00:00,3723.92,2024-03-15 16:00:00+00:00,3687.47,signal_reverse,False,3612.2024,,False,100.0,1.0,100.0,100.0,0.02685342327439902,-0.9788072783518516,0.3185317890824722,0.0,-1.2973390674343237
p593,ETHUSDT,-1,2024-03-15 17:00:00+00:00,3687.47,2024-03-15 17:00:00+00:00,3698.03,signal_reverse,False,3798.0941,,False,100.0,1.0,100.0,100.0,0.027118864695848375,-0.28637521118816966,0.3204295628167823,0.0,-0.606804774004952
p594,ETHUSDT,1,2024-03-15 18:00:00+00:00,3698.03,2024-03-15 18:00:00+00:00,3790.26,signal_reverse,False,3587.0891,,False,100.0,1.0,100.0,100.0,0.02704142475858768,2.494030605484542,0.32374104590822683,0.0,2.1702895595763154
p595,ETHUSDT,-1,2024-03-15 19:00:00+00:00,3790.26,2024-03-15 19:00:00+00:00,3691.21,signal_reverse,False,3903.9678000000004,,False,100.0,1.0,100.0,100.0,0.026383414330415328,2.613277189427643,0.3160800842158586,0.0,2.2971971052117843
p596,ETHUSDT,1,2024-03-15 20:00:00+00:00,3691.21,2024-03-15 20:00:00+00:00,3631.82,signal_reverse,False,3580.4737,,False,100.0,1.0,100.0,100.0,0.027091387377038964,-1.6089574963223405,0.3175865637555165,0.0,-1.9265440600778572
p597,ETHUSDT,-1,2024-03-15 21:00:00+00:00,3631.82,2024-03-15 21:00:00+00:00,3672.07,signal_reverse,False,3740.7746,,False,100.0,1.0,100.0,100.0,0.0275344042380955,-1.108259770583344,0.32166238965587507,0.0,-1.429922160239219
p598,ETHUSDT,1,2024-03-15 22:00:00+00:00,3672.07,2024-03-15 22:00:00+00:00,3732.72,signal_reverse,False,3561.9079,,False,100.0,1.0,100.0,100.0,0.027232596328501363,1.6516569673235977,0.3224774854509854,0.0,1.3291794818726124
p599,ETHUSDT,-1,2024-03-15 23:00:00+00:00,3732.72,2024-03-15 23:00:00+00:00,3745.0,signal_reverse,False,3844.7016,,False,100.0,1.0,100.0,100.0,0.02679011551897812,-0.32898261857305666,0.3204934739278596,0.0,-0.6494760925009162
p600,ETHUSDT,1,2024-03-16 00:00:00+00:00,3745.0,2024-03-16 05:00:00+00:00,3716.6,signal_reverse,False,3632.65,,False,100.0,1.0,100.0,100.0,0.0267022696929239,-0.7583444592790411,0.31886248331108147,0.0,-1.0772069425901227
p601,ETHUSDT,-1,2024-03-16 06:00:00+00:00,3716.6,2024-03-16 07:00:00+00:00,3742.73,signal_reverse,False,3828.098,,False,100.0,1.0,100.0,100.0,0.026906312220847012,-0.7030619383307354,0.32105459290749616,0.0,-1.0241165312382314
p602,ETHUSDT,1,2024-03-16 08:00:00+00:00,3742.73,2024-03-16 10:00:00+00:00,3704.28,signal_reverse,False,3630.4481,,False,100.0,1.0,100.0,100.0,0.026718464863882782,-1.0273249740162882,0.3184590125389756,0.0,-1.3457839865552639
p603,ETHUSDT,-1,2024-03-16 11:00:00+00:00,3704.28,2024-03-16 15:00:00+00:00,3681.75,signal_reverse,False,3815.4084000000003,,False,100.0,1.0,100.0,100.0,0.02699579945360502,0.6082153616897265,0.3190876769574655,0.0,0.28912768473226097
p604,ETHUSDT,1,2024-03-16 16:00:00+00:00,3681.75,2024-03-16 16:00:00+00:00,3667.19,signal_reverse,False,3571.2975,,False,100.0,1.0,100.0,100.0,0.027160996808582874,-0.3954641135329652,0.31940680382970055,0.0,-0.7148709173626657
p605,ETHUSDT,-1,2024-03-16 17:00:00+00:00,3667.19,2024-03-16 17:00:00+00:00,3634.49,signal_reverse,False,3777.2057,,False,100.0,1.0,100.0,100.0,0.027268835266239272,0.8916909132060317,0.318662463630191,0.0,0.5730284495758406
p606,ETHUSDT,1,2024-03-16 18:00:00+00:00,3634.49,2024-03-16 18:00:00+00:00,3596.54,signal_reverse,False,3525.4552999999996,,False,100.0,1.0,100.0,100.0,0.02751417667953413,-1.0441630049883153,0.3184337554925175,0.0,-1.362596760480833
p607,ETHUSDT,-1,2024-03-16 19:00:00+00:00,3596.54,2024-03-16 21:00:00+00:00,3558.13,signal_reverse,False,3704.4362,,False,100.0,1.0,100.0,100.0,0.027804500992620686,1.0679708831265564,0.3183980436753102,0.0,0.7495728394512462
p608,ETHUSDT,1,2024-03-16 22:00:00+00:00,3558.13,2024-03-16 23:00:00+00:00,3525.22,signal_reverse,False,3451.3861,,False,100.0,1.0,100.0,100.0,0.028104650476514347,-0.9249240471820959,0.3186126139292269,0.0,-1.2435366611113228
p609,ETHUSDT,-1,2024-03-17 00:00:00+00:00,3525.22,2024-03-17 01:00:00+00:00,3561.58,signal_reverse,False,3630.9766,,False,100.0,1.0,100.0,100.0,0.028367023902054343,-1.0314249890786995,0.3215471374836181,0.0,-1.3529721265623176
p610,ETHUSDT,1,2024-03-17 02:00:00+00:00,3561.58,2024-03-17 02:00:00+00:00,3573.38,signal_reverse,False,3454.7326,,False,100.0,1.0,100.0,100.0,0.02807742631079465,0.331313630467382,0.32049697044570113,0.0,0.010816660021680857
p611,ETHUSDT,-1,2024-03-17 03:00:00+00:00,3573.38,2024-03-17 07:00:00+00:00,3474.23,signal_reverse,False,3680.5814,,False,100.0,1.0,100.0,100.0,0.027984709154917752,2.7746839127100977,0.3158379741309349,0.0,2.458845938579163
p612,ETHUSDT,1,2024-03-17 08:00:00+00:00,3474.23,2024-03-17 10:00:00+00:00,3598.52,signal_reverse,False,3370.0031,,False,100.0,1.0,100.0,100.0,0.02878335631204612,3.5774833560242114,0.32536622503403634,0.0,3.2521171309901753
p613,ETHUSDT,-1,2024-03-17 11:00:00+00:00,3598.52,2024-03-17 12:00:00+00:00,3543.43,signal_reverse,False,3706.4755999999998,,False,100.0,1.0,100.0,100.0,0.027789202227582452,1.5309071507175214,0.31770363927392375,0.0,1.2132035114435977
p614,ETHUSDT,1,2024-03-17 13:00:00+00:00,3543.43,2024-03-17 13:00:00+00:00,3576.92,signal_reverse,False,3437.1270999999997,,False,100.0,1.0,100.0,100.0,0.028221243258650518,0.9451294367322125,0.3214176941550983,0.0,0.6237117425771141
p615,ETHUSDT,-1,2024-03-17 14:00:00+00:00,3576.92,2024-03-17 14:00:00+00:00,3602.01,signal_reverse,False,3684.2276,,False,100.0,1.0,100.0,100.0,0.027957013296355523,-0.7014414636055641,0.3210521621954084,0.0,-1.0224936258009725
p616,ETHUSDT,1,2024-03-17 15:00:00+00:00,3602.01,2024-03-17 15:00:00+00:00,3629.02,signal_reverse,False,3493.9497,,False,100.0,1.0,100.0,100.0,0.027762277173022838,0.7498591064433403,0.321124788659665,0.0,0.4287343177836753
p617,ETHUSDT,-1,2024-03-17 16:00:00+00:00,3629.02,2024-03-17 16:00:00+00:00,3613.05,signal_reverse,False,3737.8906,,False,100.0,1.0,100.0,100.0,0.02755564863241316,0.4400637086596326,0.3193399044370106,0.0,0.12072380422262202
p618,ETHUSDT,1,2024-03-17 17:00:00+00:00,3613.05,2024-03-17 20:00:00+00:00,3636.14,signal_reverse,False,3504.6585,,False,100.0,1.0,100.0,100.0,0.02767744703228574,0.6390722519754692,0.3209586083779632,0.0,0.31811364359750605
p619,ETHUSDT,-1,2024-03-17 21:00:00+00:00,3636.14,2024-03-18 01:00:00+00:00,3604.12,signal_reverse,False,3745.2241999999997,,False,100.0,1.0,100.0,100.0,0.027501691354018275,0.8806041571556646,0.31867909376426656,0.0,0.5619250633913981
p620,ETHUSDT,1,2024-03-18 02:00:00+00:00,3604.12,2024-03-18 03:00:00+00:00,3603.0,signal_reverse,False,3495.9964,,False,100.0,1.0,100.0,100.0,0.027746023994761553,-0.03107554687412991,0.31995338667968887,0.0,-0.35102893355381876
p621,ETHUSDT,-1,2024-03-18 04:00:00+00:00,3603.0,2024-03-18 05:00:00+00:00,3637.0,signal_reverse,False,3711.09,,False,100.0,1.0,100.0,100.0,0.027754648903691368,-0.9436580627255066,0.3214154870940883,0.0,-1.2650735498195949
p622,ETHUSDT,1,2024-03-18 06:00:00+00:00,3637.0,2024-03-18 06:00:00+00:00,3629.42,signal_reverse,False,3527.89,,False,100.0,1.0,100.0,100.0,0.027495188342040143,-0.20841352763266227,0.319687379708551,0.0,-0.5281009073412133
p623,ETHUSDT,-1,2024-03-18 07:00:00+00:00,3629.42,2024-03-18 08:00:00+00:00,3600.5,signal_reverse,False,3738.3026,,False,100.0,1.0,100.0,100.0,0.027552611712064187,0.7968215307128983,0.31880476770393074,0.0,0.47801676300896756
p624,ETHUSDT,1,2024-03-18 09:00:00+00:00,3600.5,2024-03-18 12:00:00+00:00,3600.88,signal_reverse,False,3492.485,,False,100.0,1.0,100.0,100.0,0.027773920288848772,0.010554089709765565,0.32001583113456467,0.0,-0.3094617414247991
p625,ETHUSDT,-1,2024-03-18 13:00:00+00:00,3600.88,2024-03-18 15:00:00+00:00,3528.01,signal_reverse,False,3708.9064000000003,,False,100.0,1.0,100.0,100.0,0.02777098931372331,2.023671991291015,0.31696449201306354,0.0,1.7067074992779512
p626,ETHUSDT,1,2024-03-18 16:00:00+00:00,3528.01,2024-03-18 16:00:00+00:00,3503.85,signal_reverse,False,3422.1697000000004,,False,100.0,1.0,100.0,100.0,0.02834459086000323,-0.6848053151776868,0.3189727920272335,0.0,-1.0037781072049203
p627,ETHUSDT,-1,2024-03-18 17:00:00+00:00,3503.85,2024-03-18 17:00:00+00:00,3510.9,signal_reverse,False,3608.9655,,False,100.0,1.0,100.0,100.0,0.028540034533441786,-0.2012072434607698,0.3203018108651912,0.0,-0.5215090543259611
p628,ETHUSDT,1,2024-03-18 18:00:00+00:00,3510.9,2024-03-18 21:00:00+00:00,3529.05,signal_reverse,False,3405.5730000000003,,False,100.0,1.0,100.0,100.0,0.028482725227149733,0.5169614628727702,0.3207754421943092,0.0,0.19618602067846103
p629,ETHUSDT,-1,2024-03-18 22:00:00+00:00,3529.05,2024-03-18 23:00:00+00:00,3522.69,signal_reverse,False,3634.9215000000004,,False,100.0,1.0,100.0,100.0,0.028336237797707598,0.18021847239342392,0.3197296722914099,0.0,-0.139511199897986
p630,ETHUSDT,1,2024-03-19 00:00:00+00:00,3522.69,2024-03-19 01:00:00+00:00,3417.0093,initial_sl,False,3417.0093,,False,100.0,1.0,100.0,100.0,0.028387397131169646,-2.999999999999997,0.3155,0.0,-3.315499999999997
p631,ETHUSDT,1,2024-03-19 02:00:00+00:00,3394.0,2024-03-19 02:00:00+00:00,3409.18,signal_reverse,False,3292.18,,False,100.0,1.0,100.0,100.0,0.02946375957572186,0.447259870359453,0.32067088980553915,0.0,0.12658898055391388
p632,ETHUSDT,-1,2024-03-19 03:00:00+00:00,3409.18,2024-03-19 04:00:00+00:00,3380.56,signal_reverse,False,3511.4554,,False,100.0,1.0,100.0,100.0,0.029332566775588265,0.8394980611173329,0.31874075290832404,0.0,0.5207573082090089
p633,ETHUSDT,1,2024-03-19 05:00:00+00:00,3380.56,2024-03-19 05:00:00+00:00,3384.65,signal_reverse,False,3279.1432,,False,100.0,1.0,100.0,100.0,0.029580897839411223,0.1209858721631962,0.3201814788082448,0.0,-0.19919560664504862
p634,ETHUSDT,-1,2024-03-19 06:00:00+00:00,3384.65,2024-03-19 06:00:00+00:00,3377.1,signal_reverse,False,3486.1895,,False,100.0,1.0,100.0,100.0,0.029545152379123394,0.223065900462387,0.3196654011493064,0.0,-0.09659950068691942
p635,ETHUSDT,1,2024-03-19 07:00:00+00:00,3377.1,2024-03-19 07:00:00+00:00,3362.44,signal_reverse,False,3275.787,,False,100.0,1.0,100.0,100.0,0.029611204879926564,-0.43410026353971914,0.3193488496046904,0.0,-0.7534491131444095
p636,ETHUSDT,-1,2024-03-19 08:00:00+00:00,3362.44,2024-03-19 09:00:00+00:00,3293.29,signal_reverse,False,3463.3132,,False,100.0,1.0,100.0,100.0,0.029740307633742163,2.056542272873273,0.3169151865906901,0.0,1.7396270862825831
p637,ETHUSDT,1,2024-03-19 10:00:00+00:00,3293.29,2024-03-19 10:00:00+00:00,3239.92,signal_reverse,False,3194.4913,,False,100.0,1.0,100.0,100.0,0.030364772006109392,-1.620567881966055,0.3175691481770509,0.0,-1.9381370301431058
p638,ETHUSDT,-1,2024-03-19 11:00:00+00:00,3239.92,2024-03-19 14:00:00+00:00,3261.51,signal_reverse,False,3337.1176,,False,100.0,1.0,100.0,100.0,0.030864959628632806,-0.6663744783821868,0.3209995617175733,0.0,-0.9873740400997602
p639,ETHUSDT,1,2024-03-19 15:00:00+00:00,3261.51,2024-03-19 15:00:00+00:00,3305.04,signal_reverse,False,3163.6647000000003,,False,100.0,1.0,100.0,100.0,0.03066064491600516,1.3346578731936969,0.3220019868097906,0.0,1.0126558863839064
p640,ETHUSDT,-1,2024-03-19 16:00:00+00:00,3305.04,2024-03-19 17:00:00+00:00,3316.05,signal_reverse,False,3404.1911999999998,,False,100.0,1.0,100.0,100.0,0.030256819887202576,-0.33312758695810696,0.3204996913804372,0.0,-0.6536272783385442
p641,ETHUSDT,1,2024-03-19 18:00:00+00:00,3316.05,2024-03-19 20:00:00+00:00,3280.81,signal_reverse,False,3216.5685000000003,,False,100.0,1.0,100.0,100.0,0.030156360730387057,-1.062710152138847,0.3184059347717918,0.0,-1.3811160869106387
p642,ETHUSDT,-1,2024-03-19 21:00:00+00:00,3280.81,2024-03-19 21:00:00+00:00,3292.92,signal_reverse,False,3379.2343,,False,100.0,1.0,100.0,100.0,0.030480277736290733,-0.3691161633864847,0.32055367424507974,0.0,-0.6896698376315644
p643,ETHUSDT,1,2024-03-19 22:00:00+00:00,3292.92,2024-03-19 22:00:00+00:00,3194.1324,initial_sl,False,3194.1324,,False,100.0,1.0,100.0,100.0,0.030368183861132367,-3.000000000000003,0.3155,0.0,-3.3155000000000032
p644,ETHUSDT,-1,2024-03-19 23:00:00+00:00,3213.0,2024-03-19 23:00:00+00:00,3159.98,signal_reverse,False,3309.39,,False,100.0,1.0,100.0,100.0,0.03112356053532524,1.6501711795829437,0.31752474323062563,0.0,1.332646436352318
p645,ETHUSDT,1,2024-03-20 00:00:00+00:00,3159.98,2024-03-20 00:00:00+00:00,3237.34,signal_reverse,False,3065.1806,,False,100.0,1.0,100.0,100.0,0.03164576990993614,2.4481167602326637,0.323672175140349,0.0,2.1244445850923146
p646,ETHUSDT,-1,2024-03-20 01:00:00+00:00,3237.34,2024-03-20 01:00:00+00:00,3176.79,signal_reverse,False,3334.4602,,False,100.0,1.0,100.0,100.0,0.030889557476199595,1.8703627051838911,0.3171944559422242,0.0,1.553168249241667
p647,ETHUSDT,1,2024-03-20 02:00:00+00:00,3176.79,2024-03-20 04:00:00+00:00,3128.97,signal_reverse,False,3081.4863,,False,100.0,1.0,100.0,100.0,0.031478316161911865,-1.5052930788626306,0.31774206038170605,0.0,-1.8230351392443367
p648,ETHUSDT,-1,2024-03-20 05:00:00+00:00,3128.97,2024-03-20 05:00:00+00:00,3110.61,signal_reverse,False,3222.8390999999997,,False,100.0,1.0,100.0,100.0,0.031959398779790156,0.5867745615969368,0.3191198381576046,0.0,0.26765472343933217
p649,ETHUSDT,1,2024-03-20 06:00:00+00:00,3110.61,2024-03-20 06:00:00+00:00,3142.0,signal_reverse,False,3017.2917,,False,100.0,1.0,100.0,100.0,0.0321480352728243,1.0091268272139509,0.321513690240821,0.0,0.6876131369731299
p650,ETHUSDT,-1,2024-03-20 07:00:00+00:00,3142.0,2024-03-20 07:00:00+00:00,3220.0,signal_reverse,False,3236.26,,False,100.0,1.0,100.0,100.0,0.031826861871419476,-2.482495225970719,0.3237237428389561,0.0,-2.8062189688096755
p651,ETHUSDT,1,2024-03-20 08:00:00+00:00,3220.0,2024-03-20 08:00:00+00:00,3210.01,signal_reverse,False,3123.4,,False,100.0,1.0,100.0,100.0,0.031055900621118012,-0.31024844720496214,0.3195346273291926,0.0,-0.6297830745341547
p652,ETHUSDT,-1,2024-03-20 09:00:00+00:00,3210.01,2024-03-20 12:00:00+00:00,3306.3103,initial_sl,False,3306.3103,,False,100.0,1.0,100.0,100.0,0.031152550926632626,-2.999999999999996,0.3245,0.0,-3.324499999999996
p653,ETHUSDT,-1,2024-03-20 13:00:00+00:00,3357.2,2024-03-20 18:00:00+00:00,3399.66,signal_reverse,False,3457.9159999999997,,False,100.0,1.0,100.0,100.0,0.02978672703443346,-1.2647444298820458,0.3218971166448231,0.0,-1.5866415465268688
p654,ETHUSDT,1,2024-03-20 19:00:00+00:00,3399.66,2024-03-20 19:00:00+00:00,3379.99,signal_reverse,False,3297.6702,,False,100.0,1.0,100.0,100.0,0.029414706176500004,-0.5785872704917572,0.31913211909426237,0.0,-0.8977193895860196
p655,ETHUSDT,-1,2024-03-20 20:00:00+00:00,3379.99,2024-03-20 20:00:00+00:00,3481.3896999999997,initial_sl,False,3481.3896999999997,,False,100.0,1.0,100.0,100.0,0.02958588634877618,-2.9999999999999982,0.3245,0.0,-3.3244999999999982
p656,ETHUSDT,-1,2024-03-20 21:00:00+00:00,3462.39,2024-03-20 21:00:00+00:00,3499.99,signal_reverse,False,3566.2617,,False,100.0,1.0,100.0,100.0,0.02888178397003226,-1.0859550772732103,0.32162893261590986,0.0,-1.4075840098891201
p657,ETHUSDT,1,2024-03-20 22:00:00+00:00,3499.99,2024-03-20 22:00:00+00:00,3523.35,signal_reverse,False,3394.9903,,False,100.0,1.0,100.0,100.0,0.028571510204314872,0.667430478372799,0.3210011457175592,0.0,0.3464293326552398
p658,ETHUSDT,-1,2024-03-20 23:00:00+00:00,3523.35,2024-03-20 23:00:00+00:00,3516.49,signal_reverse,False,3629.0505,,False,100.0,1.0,100.0,100.0,0.028382079554968992,0.1947010657470909,0.3197079484013794,0.0,-0.1250068826542885
p659,ETHUSDT,1,2024-03-21 00:00:00+00:00,3516.49,2024-03-21 00:00:00+00:00,3518.22,signal_reverse,False,3410.9952999999996,,False,100.0,1.0,100.0,100.0,0.028437447568456047,0.04919678429342948,0.3200737951764402,0.0,-0.2708770108830107
p660,ETHUSDT,-1,2024-03-21 01:00:00+00:00,3518.22,2024-03-21 01:00:00+00:00,3529.0,signal_reverse,False,3623.7666,,False,100.0,1.0,100.0,100.0,0.0284234641381153,-0.30640494340888863,0.32045960741511337,0.0,-0.626864550824002
p661,ETHUSDT,1,2024-03-21 02:00:00+00:00,3529.0,2024-03-21 02:00:00+00:00,3541.95,signal_reverse,False,3423.13,,False,100.0,1.0,100.0,100.0,0.028336639274582034,0.36695947860583217,0.32055043921790877,0.0,0.0464090393879234
p662,ETHUSDT,-1,2024-03-21 03:00:00+00:00,3541.95,2024-03-21 03:00:00+00:00,3512.42,signal_reverse,False,3648.2084999999997,,False,100.0,1.0,100.0,100.0,0.028233035474809074,0.8337215375711048,0.31874941769364334,0.0,0.5149721198774615
p663,ETHUSDT,1,2024-03-21 04:00:00+00:00,3512.42,2024-03-21 05:00:00+00:00,3513.51,signal_reverse,False,3407.0474,,False,100.0,1.0,100.0,100.0,0.028470399325820944,0.03103273526514897,0.32004654910289776,0.0,-0.28901381383774877
p664,ETHUSDT,-1,2024-03-21 06:00:00+00:00,3513.51,2024-03-21 08:00:00+00:00,3572.15,signal_reverse,False,3618.9153,,False,100.0,1.0,100.0,100.0,0.028461566923105384,-1.668986284370896,0.3225034794265564,0.0,-1.9914897637974525
p665,ETHUSDT,1,2024-03-21 09:00:00+00:00,3572.15,2024-03-21 09:00:00+00:00,3539.43,signal_reverse,False,3464.9855000000002,,False,100.0,1.0,100.0,100.0,0.02799434514228126,-0.91597497305545,0.31862603754041685,0.0,-1.234601010595867
p666,ETHUSDT,-1,2024-03-21 10:00:00+00:00,3539.43,2024-03-21 10:00:00+00:00,3543.99,signal_reverse,False,3645.6128999999996,,False,100.0,1.0,100.0,100.0,0.02825313680451372,-0.12883430382858102,0.3201932514557429,0.0,-0.4490275552843239
p667,ETHUSDT,1,2024-03-21 11:00:00+00:00,3543.99,2024-03-21 11:00:00+00:00,3532.91,signal_reverse,False,3437.6702999999998,,False,100.0,1.0,100.0,100.0,0.028216783907403804,-0.3126419656940321,0.31953103705145897,0.0,-0.632173002745491
p668,ETHUSDT,-1,2024-03-21 12:00:00+00:00,3532.91,2024-03-21 12:00:00+00:00,3543.52,signal_reverse,False,3638.8972999999996,,False,100.0,1.0,100.0,100.0,0.028305278085204548,-0.3003190004840239,0.32045047850072605,0.0,-0.62076947898475
p669,ETHUSDT,1,2024-03-21 13:00:00+00:00,3543.52,2024-03-21 13:00:00+00:00,3521.81,signal_reverse,False,3437.2144,,False,100.0,1.0,100.0,100.0,0.02822052648214205,-0.612667629927305,0.3190809985551091,0.0,-0.931748628482414
p670,ETHUSDT,-1,2024-03-21 14:00:00+00:00,3521.81,2024-03-21 14:00:00+00:00,3532.0,signal_reverse,False,3627.4643,,False,100.0,1.0,100.0,100.0,0.028394490333095768,-0.2893398564942474,0.3204340097847414,0.0,-0.6097738662789889
p671,ETHUSDT,1,2024-03-21 15:00:00+00:00,3532.0,2024-03-21 17:00:00+00:00,3474.66,signal_reverse,False,3426.04,,False,100.0,1.0,100.0,100.0,0.028312570781426953,-1.6234428086070256,0.31756483578708944,0.0,-1.941007644394115
p672,ETHUSDT,-1,2024-03-21 18:00:00+00:00,3474.66,2024-03-21 18:00:00+00:00,3423.61,signal_reverse,False,3578.8997999999997,,False,100.0,1.0,100.0,100.0,0.028779794282030473,1.4692084980976479,0.3177961872528536,0.0,1.1514123108447942
p673,ETHUSDT,1,2024-03-21 19:00:00+00:00,3423.61,2024-03-21 19:00:00+00:00,3443.11,signal_reverse,False,3320.9017000000003,,False,100.0,1.0,100.0,100.0,0.0292089344288631,0.5695742213628304,0.32085436133204426,0.0,0.24871986003078617
p674,ETHUSDT,-1,2024-03-21 20:00:00+00:00,3443.11,2024-03-21 22:00:00+00:00,3485.45,signal_reverse,False,3546.4033,,False,100.0,1.0,100.0,100.0,0.029043510082454524,-1.2297022168911156,0.3218445533253367,0.0,-1.5515467702164523
p675,ETHUSDT,1,2024-03-21 23:00:00+00:00,3485.45,2024-03-22 00:00:00+00:00,3498.29,signal_reverse,False,3380.8864999999996,,False,100.0,1.0,100.0,100.0,0.028690699909624296,0.36838858683958015,0.3205525828802594,0.0,0.04783600395932075
p676,ETHUSDT,-1,2024-03-22 01:00:00+00:00,3498.29,2024-03-22 02:00:00+00:00,3480.25,signal_reverse,False,3603.2387,,False,100.0,1.0,100.0,100.0,0.028585394578494065,0.5156805181960319,0.31922647922270597,0.0,0.19645403897332592
p677,ETHUSDT,1,2024-03-22 03:00:00+00:00,3480.25,2024-03-22 03:00:00+00:00,3524.99,signal_reverse,False,3375.8425,,False,100.0,1.0,100.0,100.0,0.02873356799080526,1.285539831908621,0.3219283097478629,0.0,0.9636115221607582
p678,ETHUSDT,-1,2024-03-22 04:00:00+00:00,3524.99,2024-03-22 05:00:00+00:00,3534.22,signal_reverse,False,3630.7396999999996,,False,100.0,1.0,100.0,100.0,0.0283688748053186,-0.2618447144530912,0.3203927670716797,0.0,-0.5822374815247708
p679,ETHUSDT,1,2024-03-22 06:00:00+00:00,3534.22,2024-03-22 06:00:00+00:00,3534.45,signal_reverse,False,3428.1933999999997,,False,100.0,1.0,100.0,100.0,0.028294786402657448,0.006507800872611728,0.32000976170130896,0.0,-0.31350196082869725
p680,ETHUSDT,-1,2024-03-22 07:00:00+00:00,3534.45,2024-03-22 09:00:00+00:00,3468.26,signal_reverse,False,3640.4835,,False,100.0,1.0,100.0,100.0,0.02829294515412582,1.8727100397515766,0.31719093494037265,0.0,1.555519104811204
p681,ETHUSDT,1,2024-03-22 10:00:00+00:00,3468.26,2024-03-22 11:00:00+00:00,3406.91,signal_reverse,False,3364.2122000000004,,False,100.0,1.0,100.0,100.0,0.028832901800903046,-1.7688985254854124,0.31734665221177194,0.0,-2.0862451776971844
p682,ETHUSDT,-1,2024-03-22 12:00:00+00:00,3406.91,2024-03-22 12:00:00+00:00,3413.11,signal_reverse,False,3509.1173,,False,100.0,1.0,100.0,100.0,0.029352110857052287,-0.1819830873137322,0.32027297463097065,0.0,-0.5022560619447028
p683,ETHUSDT,1,2024-03-22 13:00:00+00:00,3413.11,2024-03-22 14:00:00+00:00,3310.7167,initial_sl,False,3310.7167,,False,100.0,1.0,100.0,100.0,0.029298792010805392,-3.000000000000005,0.3155,0.0,-3.315500000000005
p684,ETHUSDT,1,2024-03-22 15:00:00+00:00,3289.35,2024-03-22 15:00:00+00:00,3351.49,signal_reverse,False,3190.6695,,False,100.0,1.0,100.0,100.0,0.03040114308297992,1.8891270311763684,0.3228336905467646,0.0,1.5662933406296038
p685,ETHUSDT,-1,2024-03-22 16:00:00+00:00,3351.49,2024-03-22 17:00:00+00:00,3338.22,signal_reverse,False,3452.0346999999997,,False,100.0,1.0,100.0,100.0,0.02983747527219237,0.3959432968619922,0.319406085054707,0.0,0.07653721180728518
p686,ETHUSDT,1,2024-03-22 18:00:00+00:00,3338.22,2024-03-22 20:00:00+00:00,3318.79,signal_reverse,False,3238.0733999999998,,False,100.0,1.0,100.0,100.0,0.029956084380298485,-0.5820467195091946,0.31912692992073627,0.0,-0.901173649429931
p687,ETHUSDT,-1,2024-03-22 21:00:00+00:00,3318.79,2024-03-22 22:00:00+00:00,3288.93,signal_reverse,False,3418.3537,,False,100.0,1.0,100.0,100.0,0.030131463575580258,0.8997255023668304,0.31865041174644976,0.0,0.5810750906203805
p688,ETHUSDT,1,2024-03-22 23:00:00+00:00,3288.93,2024-03-22 23:00:00+00:00,3338.88,signal_reverse,False,3190.2621,,False,100.0,1.0,100.0,100.0,0.030405025342588623,1.51873101586231,0.32227809652379347,0.0,1.1964529193385165
p689,ETHUSDT,-1,2024-03-23 00:00:00+00:00,3338.88,2024-03-23 04:00:00+00:00,3329.93,signal_reverse,False,3439.0464,,False,100.0,1.0,100.0,100.0,0.02995016292888633,0.26805395821354083,0.3195979190626797,0.0,-0.05154396084913887
p690,ETHUSDT,1,2024-03-23 05:00:00+00:00,3329.93,2024-03-23 05:00:00+00:00,3333.74,signal_reverse,False,3230.0321,,False,100.0,1.0,100.0,100.0,0.030030661305192604,0.11441681957278219,0.3201716252293592,0.0,-0.20575480565657703
p691,ETHUSDT,-1,2024-03-23 06:00:00+00:00,3333.74,2024-03-23 09:00:00+00:00,3356.39,signal_reverse,False,3433.7522,,False,100.0,1.0,100.0,100.0,0.029996340446465534,-0.6794171111124471,0.32101912566666874,0.0,-1.0004362367791158
p692,ETHUSDT,1,2024-03-23 10:00:00+00:00,3356.39,2024-03-23 10:00:00+00:00,3350.09,signal_reverse,False,3255.6983,,False,100.0,1.0,100.0,100.0,0.029793915486579333,-0.18770166756544168,0.31971844749865186,0.0,-0.5074201150640936
p693,ETHUSDT,-1,2024-03-23 11:00:00+00:00,3350.09,2024-03-23 15:00:00+00:00,3407.46,signal_reverse,False,3450.5927,,False,100.0,1.0,100.0,100.0,0.029849944329853825,-1.7124913062037106,0.3225687369593056,0.0,-2.0350600431630164
p694,ETHUSDT,1,2024-03-23 16:00:00+00:00,3407.46,2024-03-23 16:00:00+00:00,3416.88,signal_reverse,False,3305.2362,,False,100.0,1.0,100.0,100.0,0.02934737311663233,0.2764522547586787,0.32041467838213805,0.0,-0.04396242362345937
p695,ETHUSDT,-1,2024-03-23 17:00:00+00:00,3416.88,2024-03-23 20:00:00+00:00,3388.93,signal_reverse,False,3519.3864000000003,,False,100.0,1.0,100.0,100.0,0.02926646531338531,0.8179977055091274,0.3187730034417363,0.0,0.4992247020673911
p696,ETHUSDT,1,2024-03-23 21:00:00+00:00,3388.93,2024-03-23 23:00:00+00:00,3331.0,signal_reverse,False,3287.2621,,False,100.0,1.0,100.0,100.0,0.029507838757365897,-1.7093890992142016,0.31743591635117874,0.0,-2.02682501556538
p697,ETHUSDT,-1,2024-03-24 00:00:00+00:00,3331.0,2024-03-24 00:00:00+00:00,3359.11,signal_reverse,False,3430.93,,False,100.0,1.0,100.0,100.0,0.03002101471029721,-0.8438907235064583,0.3212658360852597,0.0,-1.165156559591718
p698,ETHUSDT,1,2024-03-24 01:00:00+00:00,3359.11,2024-03-24 03:00:00+00:00,3310.17,signal_reverse,False,3258.3367000000003,,False,100.0,1.0,100.0,100.0,0.029769790212288372,-1.4569335329893944,0.31781459970051595,0.0,-1.7747481326899104
p699,ETHUSDT,-1,2024-03-24 04:00:00+00:00,3310.17,2024-03-24 05:00:00+00:00,3326.9,signal_reverse,False,3409.4751,,False,100.0,1.0,100.0,100.0,0.030209928795197828,-0.5054121087436602,0.3207581181631155,0.0,-0.8261702269067757
p700,ETHUSDT,1,2024-03-24 06:00:00+00:00,3326.9,2024-03-24 06:00:00+00:00,3328.64,signal_reverse,False,3227.0930000000003,,False,100.0,1.0,100.0,100.0,0.03005801196308876,0.05230094081576788,0.32007845141122365,0.0,-0.2677775105954558
p701,ETHUSDT,-1,2024-03-24 07:00:00+00:00,3328.64,2024-03-24 08:00:00+00:00,3379.82,signal_reverse,False,3428.4991999999997,,False,100.0,1.0,100.0,100.0,0.03004229955777735,-1.5375648913670534,0.32230634733705066,0.0,-1.859871238704104
p702,ETHUSDT,1,2024-03-24 09:00:00+00:00,3379.82,2024-03-24 09:00:00+00:00,3367.26,signal_reverse,False,3278.4254,,False,100.0,1.0,100.0,100.0,0.029587374475563786,-0.3716174234130795,0.3194425738648804,0.0,-0.6910599972779599
p703,ETHUSDT,-1,2024-03-24 10:00:00+00:00,3367.26,2024-03-24 10:00:00+00:00,3378.79,signal_reverse,False,3468.2778000000003,,False,100.0,1.0,100.0,100.0,0.029697736438528653,-0.3424149011362278,0.3205136223517044,0.0,-0.6629285234879322
p704,ETHUSDT,1,2024-03-24 11:00:00+00:00,3378.79,2024-03-24 11:00:00+00:00,3389.62,signal_reverse,False,3277.4263,,False,100.0,1.0,100.0,100.0,0.029596393975358043,0.32052894675312543,0.3204807934201297,0.0,4.815333299573732e-05
p705,ETHUSDT,-1,2024-03-24 12:00:00+00:00,3389.62,2024-03-24 13:00:00+00:00,3388.95,signal_reverse,False,3491.3086,,False,100.0,1.0,100.0,100.0,0.02950183206377116,0.019766227482728823,0.31997035065877594,0.0,-0.3002041231760471
p706,ETHUSDT,1,2024-03-24 14:00:00+00:00,3388.95,2024-03-24 14:00:00+00:00,3399.75,signal_reverse,False,3287.2815,,False,100.0,1.0,100.0,100.0,0.02950766461588398,0.31868277785155236,0.3204780241667774,0.0,-0.0017952463152250409
p707,ETHUSDT,-1,2024-03-24 15:00:00+00:00,3399.75,2024-03-24 15:00:00+00:00,3399.42,signal_reverse,False,3501.7425,,False,100.0,1.0,100.0,100.0,0.029413927494668726,0.00970659607323854,0.31998544010589014,0.0,-0.3102788440326516
p708,ETHUSDT,1,2024-03-24 16:00:00+00:00,3399.42,2024-03-24 17:00:00+00:00,3369.15,signal_reverse,False,3297.4374000000003,,False,100.0,1.0,100.0,100.0,0.029416782862958974,-0.8904460172617676,0.3186643309741074,0.0,-1.2091103482358752
p709,ETHUSDT,-1,2024-03-24 18:00:00+00:00,3369.15,2024-03-24 18:00:00+00:00,3388.33,signal_reverse,False,3470.2245000000003,,False,100.0,1.0,100.0,100.0,0.029681076829467374,-0.5692830535891794,0.32085392458038375,0.0,-0.8901369781695632
p710,ETHUSDT,1,2024-03-24 19:00:00+00:00,3388.33,2024-03-24 19:00:00+00:00,3384.29,signal_reverse,False,3286.6801,,False,100.0,1.0,100.0,100.0,0.029513063957760904,-0.11923277838935298,0.319821150832416,0.0,-0.439053929221769
p711,ETHUSDT,-1,2024-03-24 20:00:00+00:00,3384.29,2024-03-24 20:00:00+00:00,3416.38,signal_reverse,False,3485.8187,,False,100.0,1.0,100.0,100.0,0.029548295211107797,-0.9482047933244535,0.3214223071899867,0.0,-1.2696271005144402
p712,ETHUSDT,1,2024-03-24 21:00:00+00:00,3416.38,2024-03-24 21:00:00+00:00,3425.84,signal_reverse,False,3313.8886,,False,100.0,1.0,100.0,100.0,0.02927074857012393,0.27690128147337345,0.3204153519222101,0.0,-0.04351407044883665
p713,ETHUSDT,-1,2024-03-24 22:00:00+00:00,3425.84,2024-03-25 02:00:00+00:00,3442.87,signal_reverse,False,3528.6152,,False,100.0,1.0,100.0,100.0,0.029189921303972164,-0.49710435980663853,0.32074565653971,0.0,-0.8178500163463485
p714,ETHUSDT,1,2024-03-25 03:00:00+00:00,3442.87,2024-03-25 03:00:00+00:00,3457.18,signal_reverse,False,3339.5839,,False,100.0,1.0,100.0,100.0,0.029045534684725243,0.41564160133841666,0.3206234624020076,0.0,0.09501813893640904
p715,ETHUSDT,-1,2024-03-25 04:00:00+00:00,3457.18,2024-03-25 04:00:00+00:00,3491.97,signal_reverse,False,3560.8954,,False,100.0,1.0,100.0,100.0,0.02892530906692738,-1.0063115024384024,0.32150946725365764,0.0,-1.32782096969206
p716,ETHUSDT,1,2024-03-25 05:00:00+00:00,3491.97,2024-03-25 05:00:00+00:00,3488.35,signal_reverse,False,3387.2109,,False,100.0,1.0,100.0,100.0,0.02863713033044385,-0.10366641179620362,0.3198445003823057,0.0,-0.42351091217850934
p717,ETHUSDT,-1,2024-03-25 06:00:00+00:00,3488.35,2024-03-25 07:00:00+00:00,3446.97,signal_reverse,False,3593.0005,,False,100.0,1.0,100.0,100.0,0.028666848223372083,1.18623417948314,0.31822064873077527,0.0,0.8680135307523646
p718,ETHUSDT,1,2024-03-25 08:00:00+00:00,3446.97,2024-03-25 10:00:00+00:00,3457.01,signal_reverse,False,3343.5609,,False,100.0,1.0,100.0,100.0,0.02901098646057262,0.29127030406416127,0.32043690545609627,0.0,-0.029166601391935
p719,ETHUSDT,-1,2024-03-25 11:00:00+00:00,3457.01,2024-03-25 11:00:00+00:00,3438.35,signal_reverse,False,3560.7203000000004,,False,100.0,1.0,100.0,100.0,0.02892673148182967,0.5397728094509506,0.3191903407858236,0.0,0.22058246866512704
p720,ETHUSDT,1,2024-03-25 12:00:00+00:00,3438.35,2024-03-25 12:00:00+00:00,3452.16,signal_reverse,False,3335.1994999999997,,False,100.0,1.0,100.0,100.0,0.029083717480768392,0.40164613840940994,0.32060246920761415,0.0,0.08104366920179579
p721,ETHUSDT,-1,2024-03-25 13:00:00+00:00,3452.16,2024-03-25 13:00:00+00:00,3488.06,signal_reverse,False,3555.7248,,False,100.0,1.0,100.0,100.0,0.028967371153133113,-1.0399286243974815,0.32155989293659626,0.0,-1.3614885173340778
p722,ETHUSDT,1,2024-03-25 14:00:00+00:00,3488.06,2024-03-25 14:00:00+00:00,3564.77,signal_reverse,False,3383.4182,,False,100.0,1.0,100.0,100.0,0.028669231607254462,2.1992167565924907,0.3232988251348888,0.0,1.875917931457602
p723,ETHUSDT,-1,2024-03-25 15:00:00+00:00,3564.77,2024-03-25 16:00:00+00:00,3608.9,signal_reverse,False,3671.7131,,False,100.0,1.0,100.0,100.0,0.028052300709442684,-1.2379480303077086,0.32185692204546157,0.0,-1.5598049523531703
p724,ETHUSDT,1,2024-03-25 17:00:00+00:00,3608.9,2024-03-25 19:00:00+00:00,3642.0,signal_reverse,False,3500.6330000000003,,False,100.0,1.0,100.0,100.0,0.02770927429410624,0.9171769791349139,0.3213757654687024,0.0,0.5958012136662115
p725,ETHUSDT,-1,2024-03-25 20:00:00+00:00,3642.0,2024-03-25 20:00:00+00:00,3631.02,signal_reverse,False,3751.26,,False,100.0,1.0,100.0,100.0,0.027457440966501923,0.3014827018121916,0.31954777594728173,0.0,-0.01806507413509012
p726,ETHUSDT,1,2024-03-25 21:00:00+00:00,3631.02,2024-03-25 23:00:00+00:00,3592.51,signal_reverse,False,3522.0894,,False,100.0,1.0,100.0,100.0,0.027540470721725576,-1.0605835274936455,0.31840912470875954,0.0,-1.378992652202405
p727,ETHUSDT,-1,2024-03-26 00:00:00+00:00,3592.51,2024-03-26 00:00:00+00:00,3601.24,signal_reverse,False,3700.2853,,False,100.0,1.0,100.0,100.0,0.027835691480329907,-0.24300558662326793,0.3203645083799349,0.0,-0.5633700950032028
p728,ETHUSDT,1,2024-03-26 01:00:00+00:00,3601.24,2024-03-26 02:00:00+00:00,3625.12,signal_reverse,False,3493.2028,,False,100.0,1.0,100.0,100.0,0.027768213171018873,0.6631049305239337,0.32099465739578587,0.0,0.34211027312814785
p729,ETHUSDT,-1,2024-03-26 03:00:00+00:00,3625.12,2024-03-26 03:00:00+00:00,3626.88,signal_reverse,False,3733.8736,,False,100.0,1.0,100.0,100.0,0.02758529372820762,-0.04855011696165143,0.3200728251754425,0.0,-0.3686229421370939
p730,ETHUSDT,1,2024-03-26 04:00:00+00:00,3626.88,2024-03-26 05:00:00+00:00,3633.0,signal_reverse,False,3518.0736,,False,100.0,1.0,100.0,100.0,0.02757190753485089,0.16874007411328443,0.3202531101111699,0.0,-0.1515130359978855
p731,ETHUSDT,-1,2024-03-26 06:00:00+00:00,3633.0,2024-03-26 06:00:00+00:00,3652.54,signal_reverse,False,3741.99,,False,100.0,1.0,100.0,100.0,0.027525461051472612,-0.5378475089457738,0.32080677126341867,0.0,-0.8586542802091925
p732,ETHUSDT,1,2024-03-26 07:00:00+00:00,3652.54,2024-03-26 07:00:00+00:00,3638.19,signal_reverse,False,3542.9638,,False,100.0,1.0,100.0,100.0,0.027378208041527265,-0.39287728539591377,0.3194106840719062,0.0,-0.7122879694678199
p733,ETHUSDT,-1,2024-03-26 08:00:00+00:00,3638.19,2024-03-26 09:00:00+00:00,3667.96,signal_reverse,False,3747.3357,,False,100.0,1.0,100.0,100.0,0.02748619505853185,-0.8182640268924927,0.3212273960403388,0.0,-1.1394914229328315
p734,ETHUSDT,1,2024-03-26 10:00:00+00:00,3667.96,2024-03-26 10:00:00+00:00,3651.64,signal_reverse,False,3557.9212,,False,100.0,1.0,100.0,100.0,0.027263110829998147,-0.4449339687455742,0.31933259904688166,0.0,-0.7642665677924558
p735,ETHUSDT,-1,2024-03-26 11:00:00+00:00,3651.64,2024-03-26 12:00:00+00:00,3646.7,signal_reverse,False,3761.1892,,False,100.0,1.0,100.0,100.0,0.02738495580068134,0.1352816816553673,0.319797077477517,0.0,-0.1845153958221497
p736,ETHUSDT,1,2024-03-26 13:00:00+00:00,3646.7,2024-03-26 13:00:00+00:00,3610.77,signal_reverse,False,3537.299,,False,100.0,1.0,100.0,100.0,0.027422052814873723,-0.9852743576384084,0.3185220884635424,0.0,-1.303796446101951
p737,ETHUSDT,-1,2024-03-26 14:00:00+00:00,3610.77,2024-03-26 15:00:00+00:00,3596.5,signal_reverse,False,3719.0931,,False,100.0,1.0,100.0,100.0,0.02769492379741717,0.3952065625891425,0.3194071901561163,0.0,0.0757993724330262
p738,ETHUSDT,1,2024-03-26 16:00:00+00:00,3596.5,2024-03-26 18:00:00+00:00,3576.56,signal_reverse,False,3488.605,,False,100.0,1.0,100.0,100.0,0.027804810232170164,-0.5544279160294746,0.3191683581259558,0.0,-0.8735962741554304
p739,ETHUSDT,-1,2024-03-26 19:00:00+00:00,3576.56,2024-03-26 21:00:00+00:00,3590.38,signal_reverse,False,3683.8568,,False,100.0,1.0,100.0,100.0,0.027959827320106472,-0.386404813563876,0.32057960722034584,0.0,-0.7069844207842219
p740,ETHUSDT,1,2024-03-26 22:00:00+00:00,3590.38,2024-03-26 22:00:00+00:00,3608.89,signal_reverse,False,3482.6686,,False,100.0,1.0,100.0,100.0,0.027852205059074524,0.5155443156434628,0.3207733164734652,0.0,0.19477099916999763
p741,ETHUSDT,-1,2024-03-26 23:00:00+00:00,3608.89,2024-03-26 23:00:00+00:00,3590.42,signal_reverse,False,3717.1567,,False,100.0,1.0,100.0,100.0,0.02770935107470718,0.5117917143498361,0.3192323124284753,0.0,0.19255940192136078
p742,ETHUSDT,1,2024-03-27 00:00:00+00:00,3590.42,2024-03-27 00:00:00+00:00,3619.84,signal_reverse,False,3482.7074000000002,,False,100.0,1.0,100.0,100.0,0.027851894764400822,0.8194027439686742,0.32122910411595307,0.0,0.4981736398527211
p743,ETHUSDT,-1,2024-03-27 01:00:00+00:00,3619.84,2024-03-27 01:00:00+00:00,3609.24,signal_reverse,False,3728.4352000000003,,False,100.0,1.0,100.0,100.0,0.027625530410183875,0.29283062234795915,0.31956075406647805,0.0,-0.0267301317185189
p744,ETHUSDT,1,2024-03-27 02:00:00+00:00,3609.24,2024-03-27 02:00:00+00:00,3622.26,signal_reverse,False,3500.9628,,False,100.0,1.0,100.0,100.0,0.027706664006826923,0.36074076536889865,0.3205411111480534,0.0,0.04019965422084526
p745,ETHUSDT,-1,2024-03-27 03:00:00+00:00,3622.26,2024-03-27 04:00:00+00:00,3594.47,signal_reverse,False,3730.9278000000004,,False,100.0,1.0,100.0,100.0,0.02760707403665115,0.767200587478547,0.31884919911878223,0.0,0.4483513883597648
p746,ETHUSDT,1,2024-03-27 05:00:00+00:00,3594.47,2024-03-27 06:00:00+00:00,3610.51,signal_reverse,False,3486.6358999999998,,False,100.0,1.0,100.0,100.0,0.02782051317718607,0.4462410313620762,0.3206693615470432,0.0,0.12557166981503304
p747,ETHUSDT,-1,2024-03-27 07:00:00+00:00,3610.51,2024-03-27 10:00:00+00:00,3586.29,signal_reverse,False,3718.8253000000004,,False,100.0,1.0,100.0,100.0,0.0276969181639159,0.6708193579300501,0.31899377096310494,0.0,0.35182558696694516
p748,ETHUSDT,1,2024-03-27 11:00:00+00:00,3586.29,2024-03-27 11:00:00+00:00,3589.6,signal_reverse,False,3478.7013,,False,100.0,1.0,100.0,100.0,0.027883969227251563,0.09229593814220115,0.3201384439072133,0.0,-0.22784250576501214
p749,ETHUSDT,-1,2024-03-27 12:00:00+00:00,3589.6,2024-03-27 15:00:00+00:00,3515.67,signal_reverse,False,3697.288,,False,100.0,1.0,100.0,100.0,0.027858257187430353,2.0595609538667214,0.3169106585691999,0.0,1.7426502952975216
p750,ETHUSDT,1,2024-03-27 16:00:00+00:00,3515.67,2024-03-27 16:00:00+00:00,3526.62,signal_reverse,False,3410.1999,,False,100.0,1.0,100.0,100.0,0.028444080360215833,0.3114626799443582,0.3204671940199166,0.0,-0.009004514075558356
p751,ETHUSDT,-1,2024-03-27 17:00:00+00:00,3526.62,2024-03-27 17:00:00+00:00,3500.1,signal_reverse,False,3632.4186,,False,100.0,1.0,100.0,100.0,0.02835576274166199,0.7519948279088754,0.3188720077581367,0.0,0.4331228201507387
p752,ETHUSDT,1,2024-03-27 18:00:00+00:00,3500.1,2024-03-27 21:00:00+00:00,3509.99,signal_reverse,False,3395.0969999999998,,False,100.0,1.0,100.0,100.0,0.02857061226822091,0.28256335533270116,0.3204238450329991,0.0,-0.03786048970029793
p753,ETHUSDT,-1,2024-03-27 22:00:00+00:00,3509.99,2024-03-27 22:00:00+00:00,3518.95,signal_reverse,False,3615.2897,,False,100.0,1.0,100.0,100.0,0.028490109658432076,-0.25527138253955245,0.32038290707380934,0.0,-0.5756542896133618
p754,ETHUSDT,1,2024-03-27 23:00:00+00:00,3518.95,2024-03-27 23:00:00+00:00,3505.41,signal_reverse,False,3413.3815,,False,100.0,1.0,100.0,100.0,0.0284175677403771,-0.3847738672047049,0.31942283919919295,0.0,-0.7041967064038979
p755,ETHUSDT,-1,2024-03-28 00:00:00+00:00,3505.41,2024-03-28 01:00:00+00:00,3500.36,signal_reverse,False,3610.5723,,False,100.0,1.0,100.0,100.0,0.028527333464559067,0.1440630339960155,0.31978390544900603,0.0,-0.17572087145299053
p756,ETHUSDT,1,2024-03-28 02:00:00+00:00,3500.36,2024-03-28 05:00:00+00:00,3535.66,signal_reverse,False,3395.3492,,False,100.0,1.0,100.0,100.0,0.02856849009816133,1.0084677004650873,0.32151270155069767,0.0,0.6869549989143896
p757,ETHUSDT,-1,2024-03-28 06:00:00+00:00,3535.66,2024-03-28 11:00:00+00:00,3583.46,signal_reverse,False,3641.7298,,False,100.0,1.0,100.0,100.0,0.028283262530899467,-1.3519399489769997,0.3220279099234655,0.0,-1.6739678589004652
p758,ETHUSDT,1,2024-03-28 12:00:00+00:00,3583.46,2024-03-28 12:00:00+00:00,3580.49,signal_reverse,False,3475.9562,,False,100.0,1.0,100.0,100.0,0.02790599029987777,-0.08288079119064408,0.3198756788132141,0.0,-0.40275647000385817
p759,ETHUSDT,-1,2024-03-28 13:00:00+00:00,3580.49,2024-03-28 13:00:00+00:00,3586.58,signal_reverse,False,3687.9046999999996,,False,100.0,1.0,100.0,100.0,0.027929138190582854,-0.17008845158065364,0.32025513267737105,0.0,-0.4903435842580247
p760,ETHUSDT,1,2024-03-28 14:00:00+00:00,3586.58,2024-03-28 15:00:00+00:00,3582.0,signal_reverse,False,3478.9826,,False,100.0,1.0,100.0,100.0,0.027881714613921898,-0.12769825293176026,0.3198084526206024,0.0,-0.4475067055523627
p761,ETHUSDT,-1,2024-03-28 16:00:00+00:00,3582.0,2024-03-28 16:00:00+00:00,3567.41,signal_reverse,False,3689.46,,False,100.0,1.0,100.0,100.0,0.027917364600781685,0.40731434952540885,0.31938902847571193,0.0,0.08792532104969691
p762,ETHUSDT,1,2024-03-28 17:00:00+00:00,3567.41,2024-03-28 19:00:00+00:00,3566.67,signal_reverse,False,3460.3876999999998,,False,100.0,1.0,100.0,100.0,0.028031541090034508,-0.020743340406619418,0.3199688849893901,0.0,-0.3407122253960095
p763,ETHUSDT,-1,2024-03-28 20:00:00+00:00,3566.67,2024-03-28 21:00:00+00:00,3564.11,signal_reverse,False,3673.6701000000003,,False,100.0,1.0,100.0,100.0,0.028037356974432735,0.07177563385454627,0.3198923365492182,0.0,-0.24811670269467195
p764,ETHUSDT,1,2024-03-28 22:00:00+00:00,3564.11,2024-03-28 22:00:00+00:00,3570.41,signal_reverse,False,3457.1867,,False,100.0,1.0,100.0,100.0,0.028057495419613873,0.17676222114355974,0.32026514333171535,0.0,-0.1435029221881556
p765,ETHUSDT,-1,2024-03-28 23:00:00+00:00,3570.41,2024-03-28 23:00:00+00:00,3563.99,signal_reverse,False,3677.5222999999996,,False,100.0,1.0,100.0,100.0,0.028007987878142848,0.1798112821776791,0.31973028307673346,0.0,-0.13991900089905435
p766,ETHUSDT,1,2024-03-29 00:00:00+00:00,3563.99,2024-03-29 05:00:00+00:00,3561.2,signal_reverse,False,3457.0703,,False,100.0,1.0,100.0,100.0,0.02805844011908002,-0.07828304793223223,0.31988257542810167,0.0,-0.3981656233603339
p767,ETHUSDT,-1,2024-03-29 06:00:00+00:00,3561.2,2024-03-29 08:00:00+00:00,3539.66,signal_reverse,False,3668.0359999999996,,False,100.0,1.0,100.0,100.0,0.028080422329551838,0.6048522969785456,0.3190927215545322,0.0,0.28575957542401337
p768,ETHUSDT,1,2024-03-29 09:00:00+00:00,3539.66,2024-03-29 09:00:00+00:00,3537.0,signal_reverse,False,3433.4701999999997,,False,100.0,1.0,100.0,100.0,0.02825130097240978,-0.0751484605866059,0.31988727730912014,0.0,-0.39503573789572605
p769,ETHUSDT,-1,2024-03-29 10:00:00+00:00,3537.0,2024-03-29 11:00:00+00:00,3553.63,signal_reverse,False,3643.11,,False,100.0,1.0,100.0,100.0,0.02827254735651682,-0.47017246253887784,0.32070525869380834,0.0,-0.7908777212326862
p770,ETHUSDT,1,2024-03-29 12:00:00+00:00,3553.63,2024-03-29 13:00:00+00:00,3552.79,signal_reverse,False,3447.0211,,False,100.0,1.0,100.0,100.0,0.02814023969856175,-0.023637801346795967,0.31996454329797985,0.0,-0.3436023446447758
p771,ETHUSDT,-1,2024-03-29 14:00:00+00:00,3552.79,2024-03-29 15:00:00+00:00,3490.81,signal_reverse,False,3659.3737,,False,100.0,1.0,100.0,100.0,0.02814689300521562,1.7445444284632645,0.3173831833573051,0.0,1.4271612451059594
p772,ETHUSDT,1,2024-03-29 16:00:00+00:00,3490.81,2024-03-29 19:00:00+00:00,3503.3,signal_reverse,False,3386.0857,,False,100.0,1.0,100.0,100.0,0.02864664648032978,0.3577966145393257,0.32053669492180903,0.0,0.03725991961751668
p773,ETHUSDT,-1,2024-03-29 20:00:00+00:00,3503.3,2024-03-29 22:00:00+00:00,3525.29,signal_reverse,False,3608.3990000000003,,False,100.0,1.0,100.0,100.0,0.028544515171409813,-0.6276938886192955,0.32094154083292903,0.0,-0.9486354294522246
p774,ETHUSDT,1,2024-03-29 23:00:00+00:00,3525.29,2024-03-30 00:00:00+00:00,3517.2,signal_reverse,False,3419.5313,,False,100.0,1.0,100.0,100.0,0.028366460631607613,-0.22948466650970972,0.3196557730002355,0.0,-0.5491404395099453
p775,ETHUSDT,-1,2024-03-30 01:00:00+00:00,3517.2,2024-03-30 01:00:00+00:00,3514.2,signal_reverse,False,3622.716,,False,100.0,1.0,100.0,100.0,0.028431707039690664,0.08529512111907199,0.31987205731832147,0.0,-0.23457693619924946
p776,ETHUSDT,1,2024-03-30 02:00:00+00:00,3514.2,2024-03-30 03:00:00+00:00,3492.4,signal_reverse,False,3408.774,,False,100.0,1.0,100.0,100.0,0.028455978601104093,-0.6203403335040615,0.31906948949974395,0.0,-0.9394098230038055
p777,ETHUSDT,-1,2024-03-30 04:00:00+00:00,3492.4,2024-03-30 05:00:00+00:00,3511.35,signal_reverse,False,3597.172,,False,100.0,1.0,100.0,100.0,0.028633604398121636,-0.5426068033443998,0.3208139102050166,0.0,-0.8634207135494164
p778,ETHUSDT,1,2024-03-30 06:00:00+00:00,3511.35,2024-03-30 09:00:00+00:00,3519.32,signal_reverse,False,3406.0095,,False,100.0,1.0,100.0,100.0,0.028479074999644013,0.22697822774717005,0.3203404673416208,0.0,-0.09336223959445075
p779,ETHUSDT,-1,2024-03-30 10:00:00+00:00,3519.32,2024-03-30 15:00:00+00:00,3539.86,signal_reverse,False,3624.8996,,False,100.0,1.0,100.0,100.0,0.02841458008933544,-0.583635475034949,0.3208754532125525,0.0,-0.9045109282475015
p780,ETHUSDT,1,2024-03-30 16:00:00+00:00,3539.86,2024-03-30 17:00:00+00:00,3536.0,signal_reverse,False,3433.6642,,False,100.0,1.0,100.0,100.0,0.02824970479058494,-0.10904386049166145,0.31983643420926255,0.0,-0.42888029470092404
p781,ETHUSDT,-1,2024-03-30 18:00:00+00:00,3536.0,2024-03-30 18:00:00+00:00,3528.84,signal_reverse,False,3642.08,,False,100.0,1.0,100.0,100.0,0.02828054298642534,0.20248868778280132,0.31969626696832587,0.0,-0.11720757918552455
p782,ETHUSDT,1,2024-03-30 19:00:00+00:00,3528.84,2024-03-30 19:00:00+00:00,3512.12,signal_reverse,False,3422.9748,,False,100.0,1.0,100.0,100.0,0.02833792407703381,-0.47381009056801254,0.319289284864148,0.0,-0.7930993754321605
p783,ETHUSDT,-1,2024-03-30 20:00:00+00:00,3512.12,2024-03-30 20:00:00+00:00,3509.52,signal_reverse,False,3617.4836,,False,100.0,1.0,100.0,100.0,0.028472831224445636,0.07402936118355606,0.3198889559582247,0.0,-0.24585959477466862
p784,ETHUSDT,1,2024-03-30 21:00:00+00:00,3509.52,2024-03-30 21:00:00+00:00,3507.45,signal_reverse,False,3404.2344,,False,100.0,1.0,100.0,100.0,0.02849392509516971,-0.05898242494700596,0.3199115263625795,0.0,-0.3788939513095855
p785,ETHUSDT,-1,2024-03-30 22:00:00+00:00,3507.45,2024-03-30 22:00:00+00:00,3509.45,signal_reverse,False,3612.6735,,False,100.0,1.0,100.0,100.0,0.028510741421830677,-0.057021482843661354,0.3200855322242655,0.0,-0.3771070150679269
p786,ETHUSDT,1,2024-03-30 23:00:00+00:00,3509.45,2024-03-31 00:00:00+00:00,3521.36,signal_reverse,False,3404.1665,,False,100.0,1.0,100.0,100.0,0.028494493439142888,0.3393694168602006,0.3205090541252903,0.0,0.01886036273491032
p787,ETHUSDT,-1,2024-03-31 01:00:00+00:00,3521.36,2024-03-31 02:00:00+00:00,3535.67,signal_reverse,False,3627.0008000000003,,False,100.0,1.0,100.0,100.0,0.028398118908603494,-0.40637708158211444,0.3206095656223732,0.0,-0.7269866472044877
p788,ETHUSDT,1,2024-03-31 03:00:00+00:00,3535.67,2024-03-31 04:00:00+00:00,3546.0,signal_reverse,False,3429.5999,,False,100.0,1.0,100.0,100.0,0.028283182536831774,0.2921652756054702,0.32043824791340825,0.0,-0.02827297230793807
p789,ETHUSDT,-1,2024-03-31 05:00:00+00:00,3546.0,2024-03-31 05:00:00+00:00,3608.43,signal_reverse,False,3652.38,,False,100.0,1.0,100.0,100.0,0.02820078962210942,-1.7605752961082866,0.32264086294416244,0.0,-2.083216159052449
p790,ETHUSDT,1,2024-03-31 06:00:00+00:00,3608.43,2024-03-31 06:00:00+00:00,3621.22,signal_reverse,False,3500.1771,,False,100.0,1.0,100.0,100.0,0.02771288344238353,0.35444777922808435,0.32053167166884217,0.0,0.03391610755924218
p791,ETHUSDT,-1,2024-03-31 07:00:00+00:00,3621.22,2024-03-31 10:00:00+00:00,3608.72,signal_reverse,False,3729.8565999999996,,False,100.0,1.0,100.0,100.0,0.02761500267865526,0.34518753348319076,0.3194822186997752,0.0,0.025705314783415534
p792,ETHUSDT,1,2024-03-31 11:00:00+00:00,3608.72,2024-03-31 12:00:00+00:00,3619.47,signal_reverse,False,3500.4584,,False,100.0,1.0,100.0,100.0,0.027710656410029042,0.29788955640781223,0.32044683433461174,0.0,-0.022557277926799513
p793,ETHUSDT,-1,2024-03-31 13:00:00+00:00,3619.47,2024-03-31 13:00:00+00:00,3627.42,signal_reverse,False,3728.0541,,False,100.0,1.0,100.0,100.0,0.02762835442758194,-0.21964541769928395,0.32032946812654894,0.0,-0.5399748858258329
p794,ETHUSDT,1,2024-03-31 14:00:00+00:00,3627.42,2024-03-31 17:00:00+00:00,3630.61,signal_reverse,False,3518.5974,,False,100.0,1.0,100.0,100.0,0.0275678030115068,0.0879412916067082,0.3201319119374101,0.0,-0.23219062033070187
p795,ETHUSDT,-1,2024-03-31 18:00:00+00:00,3630.61,2024-03-31 19:00:00+00:00,3643.49,signal_reverse,False,3739.5283,,False,100.0,1.0,100.0,100.0,0.027543580830769483,-0.3547613211003014,0.3205321419816505,0.0,-0.6752934630819518
p796,ETHUSDT,1,2024-03-31 20:00:00+00:00,3643.49,2024-03-31 21:00:00+00:00,3628.87,signal_reverse,False,3534.1852999999996,,False,100.0,1.0,100.0,100.0,0.027446212285473545,-0.4012636236136202,0.3193981045645796,0.0,-0.7206617281781998
p797,ETHUSDT,-1,2024-03-31 22:00:00+00:00,3628.87,2024-03-31 22:00:00+00:00,3633.87,signal_reverse,False,3737.7361,,False,100.0,1.0,100.0,100.0,0.027556787650150048,-0.13778393825075025,0.32020667590737617,0.0,-0.4579906141581264
p798,ETHUSDT,1,2024-03-31 23:00:00+00:00,3633.87,2024-03-31 23:00:00+00:00,3649.05,signal_reverse,False,3524.8539,,False,100.0,1.0,100.0,100.0,0.027518871065833395,0.41773646277935894,0.3206266046941691,0.0,0.09710985808518985
p799,ETHUSDT,-1,2024-04-01 00:00:00+00:00,3649.05,2024-04-01 01:00:00+00:00,3613.62,signal_reverse,False,3758.5215000000003,,False,100.0,1.0,100.0,100.0,0.027404392924185745,0.9709376413039089,0.3185435935380442,0.0,0.6523940477658647
p800,ETHUSDT,1,2024-04-01 02:00:00+00:00,3613.62,2024-04-01 04:00:00+00:00,3604.0,signal_reverse,False,3505.2113999999997,,False,100.0,1.0,100.0,100.0,0.027673081286908974,-0.2662150419800613,0.31960067743702997,0.0,-0.5858157194170912
p801,ETHUSDT,-1,2024-04-01 05:00:00+00:00,3604.0,2024-04-01 05:00:00+00:00,3511.64,signal_reverse,False,3712.12,,False,100.0,1.0,100.0,100.0,0.02774694783573807,2.562708102108772,0.3161559378468368,0.0,2.246552164261935
p802,ETHUSDT,1,2024-04-01 06:00:00+00:00,3511.64,2024-04-01 07:00:00+00:00,3548.58,signal_reverse,False,3406.2907999999998,,False,100.0,1.0,100.0,100.0,0.028476723126516387,1.051930152293517,0.3215778952284403,0.0,0.7303522570650767
p803,ETHUSDT,-1,2024-04-01 08:00:00+00:00,3548.58,2024-04-01 08:00:00+00:00,3536.19,signal_reverse,False,3655.0373999999997,,False,100.0,1.0,100.0,100.0,0.02818028619898664,0.34915374600544086,0.3194762693809919,0.0,0.029677476624448973
p804,ETHUSDT,1,2024-04-01 09:00:00+00:00,3536.19,2024-04-01 11:00:00+00:00,3540.45,signal_reverse,False,3430.1043,,False,100.0,1.0,100.0,100.0,0.028279023468761575,0.12046863997691762,0.3201807029599654,0.0,-0.1997120629830478
p805,ETHUSDT,-1,2024-04-01 12:00:00+00:00,3540.45,2024-04-01 16:00:00+00:00,3447.75,signal_reverse,False,3646.6634999999997,,False,100.0,1.0,100.0,100.0,0.028244997104887797,2.618311231623094,0.3160725331525654,0.0,2.3022386984705285
p806,ETHUSDT,1,2024-04-01 17:00:00+00:00,3447.75,2024-04-01 17:00:00+00:00,3446.05,signal_reverse,False,3344.3175,,False,100.0,1.0,100.0,100.0,0.029004423174534118,-0.04930751939670273,0.31992603872090497,0.0,-0.3692335581176077
p807,ETHUSDT,-1,2024-04-01 18:00:00+00:00,3446.05,2024-04-01 18:00:00+00:00,3448.79,signal_reverse,False,3549.4315,,False,100.0,1.0,100.0,100.0,0.029018731591242145,-0.07951132455999714,0.32011926698683996,0.0,-0.3996305915468371
p808,ETHUSDT,1,2024-04-01 19:00:00+00:00,3448.79,2024-04-01 19:00:00+00:00,3489.66,signal_reverse,False,3345.3263,,False,100.0,1.0,100.0,100.0,0.028995676744597382,1.1850533085516919,0.32177757996282763,0.0,0.8632757285888643
p809,ETHUSDT,-1,2024-04-01 20:00:00+00:00,3489.66,2024-04-01 20:00:00+00:00,3499.41,signal_reverse,False,3594.3498,,False,100.0,1.0,100.0,100.0,0.02865608683940556,-0.2793968466842042,0.3204190952700263,0.0,-0.5998159419542306
p810,ETHUSDT,1,2024-04-01 21:00:00+00:00,3499.41,2024-04-02 02:00:00+00:00,3394.4276999999997,initial_sl,False,3394.4276999999997,,False,100.0,1.0,100.0,100.0,0.028576245709991115,-3.0000000000000036,0.3155,0.0,-3.3155000000000037
p811,ETHUSDT,-1,2024-04-02 03:00:00+00:00,3367.85,2024-04-02 03:00:00+00:00,3368.26,signal_reverse,False,3468.8855,,False,100.0,1.0,100.0,100.0,0.02969253381237288,-0.012173938863082063,0.32001826090829466,0.0,-0.3321921997713767
p812,ETHUSDT,1,2024-04-02 04:00:00+00:00,3368.26,2024-04-02 04:00:00+00:00,3365.06,signal_reverse,False,3267.2122000000004,,False,100.0,1.0,100.0,100.0,0.029688919501463663,-0.09500454240469182,0.319857493186393,0.0,-0.4148620355910848
p813,ETHUSDT,-1,2024-04-02 05:00:00+00:00,3365.06,2024-04-02 09:00:00+00:00,3347.27,signal_reverse,False,3466.0117999999998,,False,100.0,1.0,100.0,100.0,0.02971715214587556,0.5286681366751251,0.31920699779498735,0.0,0.2094611388801378
p814,ETHUSDT,1,2024-04-02 10:00:00+00:00,3347.27,2024-04-02 13:00:00+00:00,3246.8519,initial_sl,False,3246.8519,,False,100.0,1.0,100.0,100.0,0.029875092239347287,-2.999999999999996,0.3155,0.0,-3.315499999999996
p815,ETHUSDT,-1,2024-04-02 14:00:00+00:00,3273.32,2024-04-02 14:00:00+00:00,3295.57,signal_reverse,False,3371.5196,,False,100.0,1.0,100.0,100.0,0.030550022607016728,-0.6797380030061222,0.3210196070045092,0.0,-1.0007576100106315
p816,ETHUSDT,1,2024-04-02 15:00:00+00:00,3295.57,2024-04-02 15:00:00+00:00,3240.86,signal_reverse,False,3196.7029,,False,100.0,1.0,100.0,100.0,0.030343764508112405,-1.6601073562388309,0.3175098389656418,0.0,-1.9776171952044725
p817,ETHUSDT,-1,2024-04-02 16:00:00+00:00,3240.86,2024-04-02 16:00:00+00:00,3264.2,signal_reverse,False,3338.0858000000003,,False,100.0,1.0,100.0,100.0,0.030856007356072152,-0.7201792116907145,0.3210802688175361,0.0,-1.0412594805082507
p818,ETHUSDT,1,2024-04-02 17:00:00+00:00,3264.2,2024-04-02 17:00:00+00:00,3272.04,signal_reverse,False,3166.274,,False,100.0,1.0,100.0,100.0,0.030635377734207464,0.24018136143619098,0.3203602720421543,0.0,-0.0801789106059633
p819,ETHUSDT,-1,2024-04-02 18:00:00+00:00,3272.04,2024-04-02 18:00:00+00:00,3277.15,signal_reverse,False,3370.2012,,False,100.0,1.0,100.0,100.0,0.030561973570005257,-0.15617168494273076,0.32023425752741413,0.0,-0.4764059424701449
p820,ETHUSDT,1,2024-04-02 19:00:00+00:00,3277.15,2024-04-02 19:00:00+00:00,3279.45,signal_reverse,False,3178.8355,,False,100.0,1.0,100.0,100.0,0.0305143188441176,0.07018293334146215,0.3201052744000122,0.0,-0.24992234105855005
p821,ETHUSDT,-1,2024-04-02 20:00:00+00:00,3279.45,2024-04-02 21:00:00+00:00,3268.71,signal_reverse,False,3377.8334999999997,,False,100.0,1.0,100.0,100.0,0.030492918019789907,0.3274939395325369,0.31950875909070126,0.0,0.00798518044183566
p822,ETHUSDT,1,2024-04-02 22:00:00+00:00,3268.71,2024-04-02 23:00:00+00:00,3280.58,signal_reverse,False,3170.6487,,False,100.0,1.0,100.0,100.0,0.030593108596357586,0.3631401990387612,0.3205447102985582,0.0,0.042595488740203025
p823,ETHUSDT,-1,2024-04-03 00:00:00+00:00,3280.58,2024-04-03 01:00:00+00:00,3299.25,signal_reverse,False,3378.9973999999997,,False,100.0,1.0,100.0,100.0,0.030482414694962476,-0.5691066823549517,0.32085366002353244,0.0,-0.8899603423784841
p824,ETHUSDT,1,2024-04-03 02:00:00+00:00,3299.25,2024-04-03 02:00:00+00:00,3309.47,signal_reverse,False,3200.2725,,False,100.0,1.0,100.0,100.0,0.030309918920966888,0.3097673713722755,0.32046465105705846,0.0,-0.010697279684782957
p825,ETHUSDT,-1,2024-04-03 03:00:00+00:00,3309.47,2024-04-03 03:00:00+00:00,3317.52,signal_reverse,False,3408.7540999999997,,False,100.0,1.0,100.0,100.0,0.03021631862503664,-0.24324136493155044,0.32036486204739734,0.0,-0.5636062269789478
p826,ETHUSDT,1,2024-04-03 04:00:00+00:00,3317.52,2024-04-03 04:00:00+00:00,3316.82,signal_reverse,False,3217.9944,,False,100.0,1.0,100.0,100.0,0.030142998384335287,-0.021100098869029218,0.3199683498516965,0.0,-0.34106844872072567
p827,ETHUSDT,-1,2024-04-03 05:00:00+00:00,3316.82,2024-04-03 07:00:00+00:00,3306.99,signal_reverse,False,3416.3246000000004,,False,100.0,1.0,100.0,100.0,0.030149359929088702,0.29636820810295345,0.31955544768784555,0.0,-0.023187239584892105
p828,ETHUSDT,1,2024-04-03 08:00:00+00:00,3306.99,2024-04-03 09:00:00+00:00,3348.24,signal_reverse,False,3207.7803,,False,100.0,1.0,100.0,100.0,0.030238978648257177,1.2473578692406087,0.321871036803861,0.0,0.9254868324367477
p829,ETHUSDT,-1,2024-04-03 10:00:00+00:00,3348.24,2024-04-03 11:00:00+00:00,3319.78,signal_reverse,False,3448.6872,,False,100.0,1.0,100.0,100.0,0.02986643729242826,0.8499988053424958,0.3187250017919863,0.0,0.5312738035505096
p830,ETHUSDT,1,2024-04-03 12:00:00+00:00,3319.78,2024-04-03 13:00:00+00:00,3314.1,signal_reverse,False,3220.1866,,False,100.0,1.0,100.0,100.0,0.030122477995529823,-0.17109567501461817,0.3197433564874781,0.0,-0.4908390315020963
p831,ETHUSDT,-1,2024-04-03 14:00:00+00:00,3314.1,2024-04-03 16:00:00+00:00,3351.6,signal_reverse,False,3413.5229999999997,,False,100.0,1.0,100.0,100.0,0.030174104583446486,-1.1315289218792433,0.3216972933828189,0.0,-1.453226215262062
p832,ETHUSDT,1,2024-04-03 17:00:00+00:00,3351.6,2024-04-03 17:00:00+00:00,3326.12,signal_reverse,False,3251.052,,False,100.0,1.0,100.0,100.0,0.029836496001909536,-0.7602339181286555,0.318859649122807,0.0,-1.0790935672514625
p833,ETHUSDT,-1,2024-04-03 18:00:00+00:00,3326.12,2024-04-03 18:00:00+00:00,3336.34,signal_reverse,False,3425.9036,,False,100.0,1.0,100.0,100.0,0.03006506079155292,-0.3072649212896785,0.32046089738193456,0.0,-0.627725818671613
p834,ETHUSDT,1,2024-04-03 19:00:00+00:00,3336.34,2024-04-03 19:00:00+00:00,3315.79,signal_reverse,False,3236.2498,,False,100.0,1.0,100.0,100.0,0.029972964386123714,-0.6159444181348478,0.31907608337279775,0.0,-0.9350205015076456
p835,ETHUSDT,-1,2024-04-03 20:00:00+00:00,3315.79,2024-04-03 20:00:00+00:00,3307.23,signal_reverse,False,3415.2637,,False,100.0,1.0,100.0,100.0,0.030158725371630894,0.2581586891811588,0.3196127619662283,0.0,-0.06145407278506948
p836,ETHUSDT,1,2024-04-03 21:00:00+00:00,3307.23,2024-04-03 21:00:00+00:00,3319.39,signal_reverse,False,3208.0131,,False,100.0,1.0,100.0,100.0,0.030236784257520643,0.3676792965714466,0.32055151894485717,0.0,0.04712777762658943
p837,ETHUSDT,-1,2024-04-03 22:00:00+00:00,3319.39,2024-04-03 23:00:00+00:00,3312.88,signal_reverse,False,3418.9717,,False,100.0,1.0,100.0,100.0,0.03012601712965334,0.19612037151403613,0.3197058194427289,0.0,-0.12358544792869278
p838,ETHUSDT,1,2024-04-04 00:00:00+00:00,3312.88,2024-04-04 03:00:00+00:00,3275.39,signal_reverse,False,3213.4936000000002,,False,100.0,1.0,100.0,100.0,0.030185216488372652,-1.131643766149098,0.3183025343507764,0.0,-1.4499463004998743
p839,ETHUSDT,-1,2024-04-04 04:00:00+00:00,3275.39,2024-04-04 05:00:00+00:00,3297.12,signal_reverse,False,3373.6517,,False,100.0,1.0,100.0,100.0,0.030530715426254584,-0.6634324462125126,0.3209951486693188,0.0,-0.9844275948818314
p840,ETHUSDT,1,2024-04-04 06:00:00+00:00,3297.12,2024-04-04 07:00:00+00:00,3325.06,signal_reverse,False,3198.2064,,False,100.0,1.0,100.0,100.0,0.030329499684573203,0.847406221186977,0.32127110933178044,0.0,0.5261351118551965
p841,ETHUSDT,-1,2024-04-04 08:00:00+00:00,3325.06,2024-04-04 10:00:00+00:00,3344.43,signal_reverse,False,3424.8118,,False,100.0,1.0,100.0,100.0,0.030074645269559046,-0.5825458788713554,0.32087381881830707,0.0,-0.9034196976896625
p842,ETHUSDT,1,2024-04-04 11:00:00+00:00,3344.43,2024-04-04 11:00:00+00:00,3343.22,signal_reverse,False,3244.0971,,False,100.0,1.0,100.0,100.0,0.02990046136411885,-0.036179558250584894,0.31994573066262416,0.0,-0.35612528891320905
p843,ETHUSDT,-1,2024-04-04 12:00:00+00:00,3343.22,2024-04-04 14:00:00+00:00,3382.61,signal_reverse,False,3443.5166,,False,100.0,1.0,100.0,100.0,0.029911283134223893,-1.178205442657089,0.32176730816398563,0.0,-1.4999727508210745
p844,ETHUSDT,1,2024-04-04 15:00:00+00:00,3382.61,2024-04-04 16:00:00+00:00,3376.73,signal_reverse,False,3281.1317,,False,100.0,1.0,100.0,100.0,0.029562970605538325,-0.17383026716056857,0.31973925459925917,0.0,-0.4935695217598277
p845,ETHUSDT,-1,2024-04-04 17:00:00+00:00,3376.73,2024-04-04 17:00:00+00:00,3413.94,signal_reverse,False,3478.0319,,False,100.0,1.0,100.0,100.0,0.02961444948219135,-1.1019536652323412,0.32165293049784854,0.0,-1.4236065957301898
p846,ETHUSDT,1,2024-04-04 18:00:00+00:00,3413.94,2024-04-04 20:00:00+00:00,3311.5218,initial_sl,False,3311.5218,,False,100.0,1.0,100.0,100.0,0.02929166886354183,-3.000000000000002,0.3155,0.0,-3.3155000000000023
p847,ETHUSDT,-1,2024-04-04 21:00:00+00:00,3326.15,2024-04-04 21:00:00+00:00,3322.71,signal_reverse,False,3425.9345000000003,,False,100.0,1.0,100.0,100.0,0.03006478962163462,0.10342287629842474,0.31984486568555237,0.0,-0.21642198938712764
p848,ETHUSDT,1,2024-04-04 22:00:00+00:00,3322.71,2024-04-04 22:00:00+00:00,3314.06,signal_reverse,False,3223.0287,,False,100.0,1.0,100.0,100.0,0.030095915683282622,-0.2603296706603974,0.3196095054940094,0.0,-0.5799391761544068
p849,ETHUSDT,-1,2024-04-04 23:00:00+00:00,3314.06,2024-04-05 02:00:00+00:00,3268.53,signal_reverse,False,3413.4818,,False,100.0,1.0,100.0,100.0,0.030174468778477154,1.3738435634840571,0.3179392346547739,0.0,1.0559043288292833
p850,ETHUSDT,1,2024-04-05 03:00:00+00:00,3268.53,2024-04-05 05:00:00+00:00,3273.3,signal_reverse,False,3170.4741000000004,,False,100.0,1.0,100.0,100.0,0.03059479337806292,0.14593716441335958,0.32021890574662004,0.0,-0.17428174133326046
p851,ETHUSDT,-1,2024-04-05 06:00:00+00:00,3273.3,2024-04-05 07:00:00+00:00,3287.44,signal_reverse,False,3371.4990000000003,,False,100.0,1.0,100.0,100.0,0.030550209268933492,-0.4319799590627157,0.3206479699385941,0.0,-0.7526279290013098
p852,ETHUSDT,1,2024-04-05 08:00:00+00:00,3287.44,2024-04-05 08:00:00+00:00,3285.86,signal_reverse,False,3188.8168,,False,100.0,1.0,100.0,100.0,0.030418806122697296,-0.048061713673859516,0.3199279074294893,0.0,-0.3679896211033488
p853,ETHUSDT,-1,2024-04-05 09:00:00+00:00,3285.86,2024-04-05 09:00:00+00:00,3277.86,signal_reverse,False,3384.4358,,False,100.0,1.0,100.0,100.0,0.03043343295210386,0.2434674636168309,0.3196347988045748,0.0,-0.0761673351877439
p854,ETHUSDT,1,2024-04-05 10:00:00+00:00,3277.86,2024-04-05 10:00:00+00:00,3276.38,signal_reverse,False,3179.5242000000003,,False,100.0,1.0,100.0,100.0,0.03050770929813964,-0.04515140976124722,0.31993227288535814,0.0,-0.36508368264660535
p855,ETHUSDT,-1,2024-04-05 11:00:00+00:00,3276.38,2024-04-05 12:00:00+00:00,3261.99,signal_reverse,False,3374.6714,,False,100.0,1.0,100.0,100.0,0.030521490181236607,0.43920424370800476,0.31934119363443797,0.0,0.11986305007356679
p856,ETHUSDT,1,2024-04-05 13:00:00+00:00,3261.99,2024-04-05 14:00:00+00:00,3319.85,signal_reverse,False,3164.1303,,False,100.0,1.0,100.0,100.0,0.03065613321929252,1.773763868068269,0.3226606458021024,0.0,1.4511032222661666
p857,ETHUSDT,-1,2024-04-05 15:00:00+00:00,3319.85,2024-04-05 17:00:00+00:00,3314.96,signal_reverse,False,3419.4455,,False,100.0,1.0,100.0,100.0,0.03012184285434583,0.14729581155774726,0.3197790562826634,0.0,-0.17248324472491613
p858,ETHUSDT,1,2024-04-05 18:00:00+00:00,3314.96,2024-04-05 21:00:00+00:00,3323.29,signal_reverse,False,3215.5112,,False,100.0,1.0,100.0,100.0,0.030166276516157057,0.2512850833795861,0.32037692762506936,0.0,-0.06909184424548326
p859,ETHUSDT,-1,2024-04-05 22:00:00+00:00,3323.29,2024-04-05 22:00:00+00:00,3316.09,signal_reverse,False,3422.9887,,False,100.0,1.0,100.0,100.0,0.030090663168125562,0.21665277481049858,0.3196750208377843,0.0,-0.10302224602728574
p860,ETHUSDT,1,2024-04-05 23:00:00+00:00,3316.09,2024-04-06 00:00:00+00:00,3325.22,signal_reverse,False,3216.6073,,False,100.0,1.0,100.0,100.0,0.030155996972337902,0.27532425235743463,0.32041298637853616,0.0,-0.04508873402110153
p861,ETHUSDT,-1,2024-04-06 01:00:00+00:00,3325.22,2024-04-06 01:00:00+00:00,3319.26,signal_reverse,False,3424.9766,,False,100.0,1.0,100.0,100.0,0.030073198164331984,0.17923626105940604,0.31973114560841087,0.0,-0.14049488454900483
p862,ETHUSDT,1,2024-04-06 02:00:00+00:00,3319.26,2024-04-06 04:00:00+00:00,3330.38,signal_reverse,False,3219.6822,,False,100.0,1.0,100.0,100.0,0.030127197025843107,0.33501443092737204,0.3205025216463911,0.0,0.01451190928098095
p863,ETHUSDT,-1,2024-04-06 05:00:00+00:00,3330.38,2024-04-06 05:00:00+00:00,3337.81,signal_reverse,False,3430.2914,,False,100.0,1.0,100.0,100.0,0.030026603570763696,-0.22309766453076935,0.32033464649679616,0.0,-0.5434323110275655
p864,ETHUSDT,1,2024-04-06 06:00:00+00:00,3337.81,2024-04-06 07:00:00+00:00,3331.54,signal_reverse,False,3237.6757,,False,100.0,1.0,100.0,100.0,0.029959764036898446,-0.1878477205113527,0.31971822841923303,0.0,-0.5075659489305857
p865,ETHUSDT,-1,2024-04-06 08:00:00+00:00,3331.54,2024-04-06 08:00:00+00:00,3341.92,signal_reverse,False,3431.4862,,False,100.0,1.0,100.0,100.0,0.03001614868799414,-0.31156762338138244,0.32046735143507205,0.0,-0.6320349748164544
p866,ETHUSDT,1,2024-04-06 09:00:00+00:00,3341.92,2024-04-06 09:00:00+00:00,3334.58,signal_reverse,False,3241.6624,,False,100.0,1.0,100.0,100.0,0.02992291856178484,-0.2196342222435051,0.31967054866663475,0.0,-0.5393047709101398
p867,ETHUSDT,-1,2024-04-06 10:00:00+00:00,3334.58,2024-04-06 12:00:00+00:00,3334.09,signal_reverse,False,3434.6174,,False,100.0,1.0,100.0,100.0,0.02998878419471118,0.014694504255401931,0.3199779582436169,0.0,-0.305283453988215
p868,ETHUSDT,1,2024-04-06 13:00:00+00:00,3334.09,2024-04-06 16:00:00+00:00,3341.25,signal_reverse,False,3234.0673,,False,100.0,1.0,100.0,100.0,0.029993191545519167,0.21475125146591287,0.3203221268771989,0.0,-0.10557087541128604
p869,ETHUSDT,-1,2024-04-06 17:00:00+00:00,3341.25,2024-04-06 22:00:00+00:00,3380.38,signal_reverse,False,3441.4875,,False,100.0,1.0,100.0,100.0,0.029928918817807706,-1.1711185933408188,0.3217566778900113,0.0,-1.49287527123083
p870,ETHUSDT,1,2024-04-06 23:00:00+00:00,3380.38,2024-04-06 23:00:00+00:00,3352.72,signal_reverse,False,3278.9686,,False,100.0,1.0,100.0,100.0,0.029582472976410937,-0.8182512025275357,0.3187726231962087,0.0,-1.1370238257237444
p871,ETHUSDT,-1,2024-04-07 00:00:00+00:00,3352.72,2024-04-07 00:00:00+00:00,3358.99,signal_reverse,False,3453.3016,,False,100.0,1.0,100.0,100.0,0.02982652890787182,-0.18701233625235578,0.32028051850437855,0.0,-0.5072928547567344
p872,ETHUSDT,1,2024-04-07 01:00:00+00:00,3358.99,2024-04-07 01:00:00+00:00,3390.19,signal_reverse,False,3258.2203,,False,100.0,1.0,100.0,100.0,0.029770853738772668,0.9288506366497153,0.3213932759549746,0.0,0.6074573606947408
p873,ETHUSDT,-1,2024-04-07 02:00:00+00:00,3390.19,2024-04-07 05:00:00+00:00,3401.55,signal_reverse,False,3491.8957,,False,100.0,1.0,100.0,100.0,0.029496871856739593,-0.33508446429256555,0.3205026266964389,0.0,-0.6555870909890045
p874,ETHUSDT,1,2024-04-07 06:00:00+00:00,3401.55,2024-04-07 06:00:00+00:00,3386.51,signal_reverse,False,3299.5035000000003,,False,100.0,1.0,100.0,100.0,0.029398362511208125,-0.44215137216856915,0.31933677294174717,0.0,-0.7614881451103164
p875,ETHUSDT,-1,2024-04-07 07:00:00+00:00,3386.51,2024-04-07 09:00:00+00:00,3384.78,signal_reverse,False,3488.1053,,False,100.0,1.0,100.0,100.0,0.029528925058541093,0.05108504035127663,0.3199233724394731,0.0,-0.26883833208819646
p876,ETHUSDT,1,2024-04-07 10:00:00+00:00,3384.78,2024-04-07 12:00:00+00:00,3402.72,signal_reverse,False,3283.2366,,False,100.0,1.0,100.0,100.0,0.029544017631869722,0.530019676315731,0.3207950295144736,0.0,0.2092246468012574
p877,ETHUSDT,-1,2024-04-07 13:00:00+00:00,3402.72,2024-04-07 16:00:00+00:00,3397.85,signal_reverse,False,3504.8016,,False,100.0,1.0,100.0,100.0,0.029388254102600275,0.14312079747966014,0.3197853188037806,0.0,-0.17666452132412044
p878,ETHUSDT,1,2024-04-07 17:00:00+00:00,3397.85,2024-04-07 20:00:00+00:00,3403.71,signal_reverse,False,3295.9145,,False,100.0,1.0,100.0,100.0,0.029430375090130523,0.1724619980281686,0.3202586929970423,0.0,-0.14779669496887368
p879,ETHUSDT,-1,2024-04-07 21:00:00+00:00,3403.71,2024-04-07 21:00:00+00:00,3401.62,signal_reverse,False,3505.8213,,False,100.0,1.0,100.0,100.0,0.029379706261696795,0.061403586086950575,0.31990789462086955,0.0,-0.258504308533919
p880,ETHUSDT,1,2024-04-07 22:00:00+00:00,3401.62,2024-04-07 22:00:00+00:00,3423.36,signal_reverse,False,3299.5714,,False,100.0,1.0,100.0,100.0,0.029397757539054922,0.639107248899061,0.3209586608733487,0.0,0.31814858802571233
p881,ETHUSDT,-1,2024-04-07 23:00:00+00:00,3423.36,2024-04-08 02:00:00+00:00,3426.22,signal_reverse,False,3526.0608,,False,100.0,1.0,100.0,100.0,0.029211067489250325,-0.08354365301924636,0.32012531547952894,0.0,-0.4036689684987753
p882,ETHUSDT,1,2024-04-08 03:00:00+00:00,3426.22,2024-04-08 06:00:00+00:00,3433.0,signal_reverse,False,3323.4334,,False,100.0,1.0,100.0,100.0,0.02918668386735236,0.19788571662065485,0.320296828574931,0.0,-0.12241111195427617
p883,ETHUSDT,-1,2024-04-08 07:00:00+00:00,3433.0,2024-04-08 08:00:00+00:00,3535.99,initial_sl,False,3535.99,,False,100.0,1.0,100.0,100.0,0.029129041654529567,-2.999999999999994,0.3245,0.0,-3.324499999999994
p884,ETHUSDT,1,2024-04-08 09:00:00+00:00,3598.63,2024-04-08 09:00:00+00:00,3621.35,signal_reverse,False,3490.6711,,False,100.0,1.0,100.0,100.0,0.027788352789811677,0.6313513753845157,0.32094702706307676,0.0,0.3104043483214389
p885,ETHUSDT,-1,2024-04-08 10:00:00+00:00,3621.35,2024-04-08 11:00:00+00:00,3635.51,signal_reverse,False,3729.9905,,False,100.0,1.0,100.0,100.0,0.027614011349358664,-0.3910144007069272,0.32058652160106044,0.0,-0.7116009223079877
p886,ETHUSDT,1,2024-04-08 12:00:00+00:00,3635.51,2024-04-08 12:00:00+00:00,3644.79,signal_reverse,False,3526.4447,,False,100.0,1.0,100.0,100.0,0.027506457140813803,0.2552599222667451,0.32038288988340013,0.0,-0.06512296761665504
p887,ETHUSDT,-1,2024-04-08 13:00:00+00:00,3644.79,2024-04-08 15:00:00+00:00,3631.68,signal_reverse,False,3754.1337,,False,100.0,1.0,100.0,100.0,0.027436422948921613,0.35969150486036583,0.31946046274270945,0.0,0.04023104211765638
p888,ETHUSDT,1,2024-04-08 16:00:00+00:00,3631.68,2024-04-08 16:00:00+00:00,3661.0,signal_reverse,False,3522.7295999999997,,False,100.0,1.0,100.0,100.0,0.02753546567979558,0.8073398537316109,0.3212110097805974,0.0,0.48612884395101347
p889,ETHUSDT,-1,2024-04-08 17:00:00+00:00,3661.0,2024-04-08 19:00:00+00:00,3706.0,signal_reverse,False,3770.83,,False,100.0,1.0,100.0,100.0,0.027314941272876262,-1.2291723572794317,0.3218437585359192,0.0,-1.5510161158153508
p890,ETHUSDT,1,2024-04-08 20:00:00+00:00,3706.0,2024-04-08 20:00:00+00:00,3692.0,signal_reverse,False,3594.82,,False,100.0,1.0,100.0,100.0,0.026983270372369132,-0.37776578521316784,0.3194333513221803,0.0,-0.6971991365353482
p891,ETHUSDT,-1,2024-04-08 21:00:00+00:00,3692.0,2024-04-09 00:00:00+00:00,3696.75,signal_reverse,False,3802.76,,False,100.0,1.0,100.0,100.0,0.027085590465872156,-0.12865655471289275,0.32019298483206937,0.0,-0.4488495395449621
p892,ETHUSDT,1,2024-04-09 01:00:00+00:00,3696.75,2024-04-09 02:00:00+00:00,3709.6,signal_reverse,False,3585.8475,,False,100.0,1.0,100.0,100.0,0.027050787854196255,0.34760262392641944,0.3205214039358896,0.0,0.027081219990529815
p893,ETHUSDT,-1,2024-04-09 03:00:00+00:00,3709.6,2024-04-09 04:00:00+00:00,3698.65,signal_reverse,False,3820.888,,False,100.0,1.0,100.0,100.0,0.02695708432175976,0.29518007332326446,0.3195572298900151,0.0,-0.024377156566750657
p894,ETHUSDT,1,2024-04-09 05:00:00+00:00,3698.65,2024-04-09 05:00:00+00:00,3694.09,signal_reverse,False,3587.6905,,False,100.0,1.0,100.0,100.0,0.0270368918389142,-0.12328822678544728,0.31981506765982187,0.0,-0.44310329444526914
p895,ETHUSDT,-1,2024-04-09 06:00:00+00:00,3694.09,2024-04-09 06:00:00+00:00,3644.42,signal_reverse,False,3804.9127000000003,,False,100.0,1.0,100.0,100.0,0.027070266290209494,1.3445801266347075,0.31798312981004795,0.0,1.0265969968246595
p896,ETHUSDT,1,2024-04-09 07:00:00+00:00,3644.42,2024-04-09 08:00:00+00:00,3630.59,signal_reverse,False,3535.0874,,False,100.0,1.0,100.0,100.0,0.027439208433715105,-0.3794842526382779,0.3194307736210426,0.0,-0.6989150262593204
p897,ETHUSDT,-1,2024-04-09 09:00:00+00:00,3630.59,2024-04-09 09:00:00+00:00,3632.07,signal_reverse,False,3739.5077,,False,100.0,1.0,100.0,100.0,0.02754373256137432,-0.040764724190834496,0.3200611470862863,0.0,-0.3608258712771208
p898,ETHUSDT,1,2024-04-09 10:00:00+00:00,3632.07,2024-04-09 10:00:00+00:00,3630.55,signal_reverse,False,3523.1079,,False,100.0,1.0,100.0,100.0,0.027532509010013573,-0.04184941369522013,0.31993722587945717,0.0,-0.36178663957467727
p899,ETHUSDT,-1,2024-04-09 11:00:00+00:00,3630.55,2024-04-09 12:00:00+00:00,3632.22,signal_reverse,False,3739.4665,,False,100.0,1.0,100.0,100.0,0.027544036027599122,-0.045998540166080015,0.3200689978102491,0.0,-0.3660675379763291
p900,ETHUSDT,1,2024-04-09 13:00:00+00:00,3632.22,2024-04-09 13:00:00+00:00,3594.76,signal_reverse,False,3523.2533999999996,,False,100.0,1.0,100.0,100.0,0.02753137199839217,-1.031325195059759,0.31845301220741035,0.0,-1.3497782072671693
p901,ETHUSDT,-1,2024-04-09 14:00:00+00:00,3594.76,2024-04-09 14:00:00+00:00,3523.48,signal_reverse,False,3702.6028,,False,100.0,1.0,100.0,100.0,0.0278182688134952,1.9828862010259434,0.3170256706984611,0.0,1.6658605303274823
p902,ETHUSDT,1,2024-04-09 15:00:00+00:00,3523.48,2024-04-09 16:00:00+00:00,3499.5,signal_reverse,False,3417.7756,,False,100.0,1.0,100.0,100.0,0.02838103238843416,-0.6805771566746517,0.31897913426498803,0.0,-0.9995562909396397
p903,ETHUSDT,-1,2024-04-09 17:00:00+00:00,3499.5,2024-04-09 17:00:00+00:00,3507.0,signal_reverse,False,3604.485,,False,100.0,1.0,100.0,100.0,0.028575510787255322,-0.2143163309044149,0.3203214744963566,0.0,-0.5346378054007715
p904,ETHUSDT,1,2024-04-09 18:00:00+00:00,3507.0,2024-04-09 18:00:00+00:00,3508.2,signal_reverse,False,3401.79,,False,100.0,1.0,100.0,100.0,0.028514399771884802,0.03421727972625658,0.3200513259195894,0.0,-0.2858340461933328
p905,ETHUSDT,-1,2024-04-09 19:00:00+00:00,3508.2,2024-04-09 20:00:00+00:00,3517.58,signal_reverse,False,3613.446,,False,100.0,1.0,100.0,100.0,0.02850464625733995,-0.26737358189385185,0.32040106037284083,0.0,-0.5877746422666927
p906,ETHUSDT,1,2024-04-09 21:00:00+00:00,3517.58,2024-04-09 22:00:00+00:00,3520.88,signal_reverse,False,3412.0526,,False,100.0,1.0,100.0,100.0,0.028428635596063203,0.09381449746701374,0.32014072174620056,0.0,-0.2263262242791868
p907,ETHUSDT,-1,2024-04-09 23:00:00+00:00,3520.88,2024-04-10 00:00:00+00:00,3508.65,signal_reverse,False,3626.5064,,False,100.0,1.0,100.0,100.0,0.028401990411488037,0.3473563427324992,0.31947896548590127,0.0,0.027877377246597945
p908,ETHUSDT,1,2024-04-10 01:00:00+00:00,3508.65,2024-04-10 01:00:00+00:00,3517.53,signal_reverse,False,3403.3905,,False,100.0,1.0,100.0,100.0,0.028500990409416727,0.25308879483562363,0.32037963319225343,0.0,-0.0672908383566298
p909,ETHUSDT,-1,2024-04-10 02:00:00+00:00,3517.53,2024-04-10 02:00:00+00:00,3479.24,signal_reverse,False,3623.0559000000003,,False,100.0,1.0,100.0,100.0,0.028429039695468124,1.0885479299394865,0.31836717810509074,0.0,0.7701807518343957
p910,ETHUSDT,1,2024-04-10 03:00:00+00:00,3479.24,2024-04-10 04:00:00+00:00,3518.64,signal_reverse,False,3374.8628,,False,100.0,1.0,100.0,100.0,0.028741909152573554,1.1324312206114007,0.32169864683091715,0.0,0.8107325737804836
p911,ETHUSDT,-1,2024-04-10 05:00:00+00:00,3518.64,2024-04-10 09:00:00+00:00,3532.81,signal_reverse,False,3624.1992,,False,100.0,1.0,100.0,100.0,0.028420071391219336,-0.40271241161358007,0.3206040686174204,0.0,-0.7233164802310005
p912,ETHUSDT,1,2024-04-10 10:00:00+00:00,3532.81,2024-04-10 12:00:00+00:00,3426.8257,initial_sl,False,3426.8257,,False,100.0,1.0,100.0,100.0,0.028306079296650542,-3.000000000000002,0.3155,0.0,-3.3155000000000023
p913,ETHUSDT,-1,2024-04-10 13:00:00+00:00,3441.14,2024-04-10 14:00:00+00:00,3488.02,signal_reverse,False,3544.3741999999997,,False,100.0,1.0,100.0,100.0,0.029060137047606318,-1.3623392247917874,0.3220435088371877,0.0,-1.6843827336289752
p914,ETHUSDT,1,2024-04-10 15:00:00+00:00,3488.02,2024-04-10 16:00:00+00:00,3530.03,signal_reverse,False,3383.3794,,False,100.0,1.0,100.0,100.0,0.028669560380961117,1.2044082316041829,0.32180661234740626,0.0,0.8826016192567766
p915,ETHUSDT,-1,2024-04-10 17:00:00+00:00,3530.03,2024-04-10 18:00:00+00:00,3496.0,signal_reverse,False,3635.9309000000003,,False,100.0,1.0,100.0,100.0,0.028328371146987417,0.9640144701319875,0.31855397829480203,0.0,0.6454604918371855
p916,ETHUSDT,1,2024-04-10 19:00:00+00:00,3496.0,2024-04-10 19:00:00+00:00,3523.51,signal_reverse,False,3391.12,,False,100.0,1.0,100.0,100.0,0.028604118993135013,0.7868993135011505,0.32118034897025177,0.0,0.4657189645308987
p917,ETHUSDT,-1,2024-04-10 20:00:00+00:00,3523.51,2024-04-10 20:00:00+00:00,3515.91,signal_reverse,False,3629.2153000000003,,False,100.0,1.0,100.0,100.0,0.02838079074559175,0.21569400966650762,0.3196764589855003,0.0,-0.10398244931899267
p918,ETHUSDT,1,2024-04-10 21:00:00+00:00,3515.91,2024-04-10 21:00:00+00:00,3514.9,signal_reverse,False,3410.4327,,False,100.0,1.0,100.0,100.0,0.028442138735064324,-0.02872656012240824,0.31995691015981637,0.0,-0.34868347028222463
p919,ETHUSDT,-1,2024-04-10 22:00:00+00:00,3514.9,2024-04-10 23:00:00+00:00,3547.32,signal_reverse,False,3620.347,,False,100.0,1.0,100.0,100.0,0.028450311530911262,-0.9223590998321451,0.3213835386497482,0.0,-1.2437426384818933
p920,ETHUSDT,1,2024-04-11 00:00:00+00:00,3547.32,2024-04-11 02:00:00+00:00,3568.53,signal_reverse,False,3440.9004,,False,100.0,1.0,100.0,100.0,0.028190295772583245,0.5979161733364916,0.32089687426000474,0.0,0.27701929907648687
p921,ETHUSDT,-1,2024-04-11 03:00:00+00:00,3568.53,2024-04-11 03:00:00+00:00,3578.04,signal_reverse,False,3675.5859,,False,100.0,1.0,100.0,100.0,0.028022743258428538,-0.26649628838764877,0.3203997444325815,0.0,-0.5868960328202303
p922,ETHUSDT,1,2024-04-11 04:00:00+00:00,3578.04,2024-04-11 09:00:00+00:00,3579.95,signal_reverse,False,3470.6988,,False,100.0,1.0,100.0,100.0,0.02794826217705783,0.05338118075817639,0.3200800717711373,0.0,-0.2666988910129609
p923,ETHUSDT,-1,2024-04-11 10:00:00+00:00,3579.95,2024-04-11 10:00:00+00:00,3563.81,signal_reverse,False,3687.3484999999996,,False,100.0,1.0,100.0,100.0,0.02793335102445565,0.4508442855347107,0.31932373357169797,0.0,0.1315205519630127
p924,ETHUSDT,1,2024-04-11 11:00:00+00:00,3563.81,2024-04-11 11:00:00+00:00,3524.17,signal_reverse,False,3456.8957,,False,100.0,1.0,100.0,100.0,0.028059857287565836,-1.112292742879106,0.3183315608856814,0.0,-1.4306243037647874
p925,ETHUSDT,-1,2024-04-11 12:00:00+00:00,3524.17,2024-04-11 12:00:00+00:00,3559.87,signal_reverse,False,3629.8951,,False,100.0,1.0,100.0,100.0,0.02837547564391048,-1.013004480487599,0.3215195067207314,0.0,-1.3345239872083305
p926,ETHUSDT,1,2024-04-11 13:00:00+00:00,3559.87,2024-04-11 13:00:00+00:00,3527.86,signal_reverse,False,3453.0739,,False,100.0,1.0,100.0,100.0,0.028090913432232075,-0.8991901389657421,0.31865121479155145,0.0,-1.2178413537572936
p927,ETHUSDT,-1,2024-04-11 14:00:00+00:00,3527.86,2024-04-11 14:00:00+00:00,3494.73,signal_reverse,False,3633.6958,,False,100.0,1.0,100.0,100.0,0.02834579603499005,0.9390962226392234,0.3185913556660412,0.0,0.6205048669731823
p928,ETHUSDT,1,2024-04-11 15:00:00+00:00,3494.73,2024-04-11 16:00:00+00:00,3505.25,signal_reverse,False,3389.8881,,False,100.0,1.0,100.0,100.0,0.028614513853716883,0.3010246857411011,0.3204515370286117,0.0,-0.019426851287510594
p929,ETHUSDT,-1,2024-04-11 17:00:00+00:00,3505.25,2024-04-11 18:00:00+00:00,3507.05,signal_reverse,False,3610.4075,,False,100.0,1.0,100.0,100.0,0.02852863561800157,-0.05135154411240801,0.3200770273161686,0.0,-0.3714285714285766
p930,ETHUSDT,1,2024-04-11 19:00:00+00:00,3507.05,2024-04-11 19:00:00+00:00,3520.33,signal_reverse,False,3401.8385000000003,,False,100.0,1.0,100.0,100.0,0.0285139932421836,0.37866583025619094,0.32056799874538433,0.0,0.05809783151080661
p931,ETHUSDT,-1,2024-04-11 20:00:00+00:00,3520.33,2024-04-11 22:00:00+00:00,3507.15,signal_reverse,False,3625.9399,,False,100.0,1.0,100.0,100.0,0.02840642780648405,0.37439671848945516,0.31943840492226583,0.0,0.05495831356718933
p932,ETHUSDT,1,2024-04-11 23:00:00+00:00,3507.15,2024-04-11 23:00:00+00:00,3503.21,signal_reverse,False,3401.9355,,False,100.0,1.0,100.0,100.0,0.028513180217555563,-0.11234193005717047,0.31983148710491427,0.0,-0.43217341716208474
p933,ETHUSDT,-1,2024-04-12 00:00:00+00:00,3503.21,2024-04-12 00:00:00+00:00,3525.72,signal_reverse,False,3608.3063,,False,100.0,1.0,100.0,100.0,0.02854524850066082,-0.6425535437498683,0.3209638303156248,0.0,-0.9635173740654931
p934,ETHUSDT,1,2024-04-12 01:00:00+00:00,3525.72,2024-04-12 01:00:00+00:00,3510.55,signal_reverse,False,3419.9483999999998,,False,100.0,1.0,100.0,100.0,0.028363001032413238,-0.430266725661698,0.31935459991150744,0.0,-0.7496213255732054
p935,ETHUSDT,-1,2024-04-12 02:00:00+00:00,3510.55,2024-04-12 02:00:00+00:00,3521.77,signal_reverse,False,3615.8665,,False,100.0,1.0,100.0,100.0,0.028485564939966672,-0.31960803862642034,0.3204794120579396,0.0,-0.6400874506843599
p936,ETHUSDT,1,2024-04-12 03:00:00+00:00,3521.77,2024-04-12 03:00:00+00:00,3536.08,signal_reverse,False,3416.1169,,False,100.0,1.0,100.0,100.0,0.028394812835591195,0.40632977167730844,0.320609494657516,0.0,0.08572027701979246
p937,ETHUSDT,-1,2024-04-12 04:00:00+00:00,3536.08,2024-04-12 04:00:00+00:00,3549.2,signal_reverse,False,3642.1623999999997,,False,100.0,1.0,100.0,100.0,0.02827990316961155,-0.3710323295853004,0.320556548494378,0.0,-0.6915888780796784
p938,ETHUSDT,1,2024-04-12 05:00:00+00:00,3549.2,2024-04-12 05:00:00+00:00,3544.04,signal_reverse,False,3442.7239999999997,,False,100.0,1.0,100.0,100.0,0.028175363462188664,-0.1453848754648894,0.31978192268680267,0.0,-0.46516679815169204
p939,ETHUSDT,-1,2024-04-12 06:00:00+00:00,3544.04,2024-04-12 06:00:00+00:00,3536.75,signal_reverse,False,3650.3612,,False,100.0,1.0,100.0,100.0,0.028216385819573142,0.20569745262468717,0.319691453821063,0.0,-0.11399400119637584
p940,ETHUSDT,1,2024-04-12 07:00:00+00:00,3536.75,2024-04-12 08:00:00+00:00,3526.96,signal_reverse,False,3430.6475,,False,100.0,1.0,100.0,100.0,0.028274545840107444,-0.27680780377465086,0.31958478829433806,0.0,-0.596392592068989
p941,ETHUSDT,-1,2024-04-12 09:00:00+00:00,3526.96,2024-04-12 10:00:00+00:00,3532.25,signal_reverse,False,3632.7688,,False,100.0,1.0,100.0,100.0,0.02835302923764375,-0.14998752466713441,0.3202249812870007,0.0,-0.4702125059541351
p942,ETHUSDT,1,2024-04-12 11:00:00+00:00,3532.25,2024-04-12 11:00:00+00:00,3533.87,signal_reverse,False,3426.2825,,False,100.0,1.0,100.0,100.0,0.028310566919102553,0.04586311840894305,0.3200687946776134,0.0,-0.2742056762686704
p943,ETHUSDT,-1,2024-04-12 12:00:00+00:00,3533.87,2024-04-12 13:00:00+00:00,3464.0,signal_reverse,False,3639.8860999999997,,False,100.0,1.0,100.0,100.0,0.02829758876246155,1.9771525268331855,0.31703427120975025,0.0,1.6601182556234353
p944,ETHUSDT,1,2024-04-12 14:00:00+00:00,3464.0,2024-04-12 16:00:00+00:00,3424.0,signal_reverse,False,3360.08,,False,100.0,1.0,100.0,100.0,0.028868360277136258,-1.1547344110854503,0.3182678983833719,0.0,-1.4730023094688223
p945,ETHUSDT,-1,2024-04-12 17:00:00+00:00,3424.0,2024-04-12 18:00:00+00:00,3211.39,signal_reverse,False,3526.72,,False,100.0,1.0,100.0,100.0,0.029205607476635514,6.2094042056074805,0.3106858936915888,0.0,5.898718311915892
p946,ETHUSDT,1,2024-04-12 19:00:00+00:00,3211.39,2024-04-12 21:00:00+00:00,3219.01,signal_reverse,False,3115.0483,,False,100.0,1.0,100.0,100.0,0.031139164038002237,0.2372804299695878,0.3203559206449544,0.0,-0.08307549067536657
p947,ETHUSDT,-1,2024-04-12 22:00:00+00:00,3219.01,2024-04-13 00:00:00+00:00,3233.7,signal_reverse,False,3315.5803,,False,100.0,1.0,100.0,100.0,0.031065451800398255,-0.45635148694783795,0.3206845272304218,0.0,-0.7770360141782597
p948,ETHUSDT,1,2024-04-13 01:00:00+00:00,3233.7,2024-04-13 01:00:00+00:00,3160.31,signal_reverse,False,3136.689,,False,100.0,1.0,100.0,100.0,0.03092432816897053,-2.2695364443207433,0.3165956953335189,0.0,-2.586132139654262
p949,ETHUSDT,-1,2024-04-13 02:00:00+00:00,3160.31,2024-04-13 02:00:00+00:00,3212.8,signal_reverse,False,3255.1193,,False,100.0,1.0,100.0,100.0,0.03164246545433834,-1.660913011698227,0.32249136951754737,0.0,-1.9834043812157742
p950,ETHUSDT,1,2024-04-13 03:00:00+00:00,3212.8,2024-04-13 07:00:00+00:00,3257.17,signal_reverse,False,3116.416,,False,100.0,1.0,100.0,100.0,0.031125498007968124,1.3810383466135423,0.3220715575199203,0.0,1.058966789093622
p951,ETHUSDT,-1,2024-04-13 08:00:00+00:00,3257.17,2024-04-13 08:00:00+00:00,3251.5,signal_reverse,False,3354.8851,,False,100.0,1.0,100.0,100.0,0.030701498540143743,0.17407749672261727,0.3197388837549161,0.0,-0.14566138703229883
p952,ETHUSDT,1,2024-04-13 09:00:00+00:00,3251.5,2024-04-13 09:00:00+00:00,3265.61,signal_reverse,False,3153.955,,False,100.0,1.0,100.0,100.0,0.03075503613716746,0.43395355989543677,0.3206509303398432,0.0,0.11330262955559356
p953,ETHUSDT,-1,2024-04-13 10:00:00+00:00,3265.61,2024-04-13 10:00:00+00:00,3275.69,signal_reverse,False,3363.5783,,False,100.0,1.0,100.0,100.0,0.03062215022614458,-0.3086712742795351,0.3204630069114193,0.0,-0.6291342811909544
p954,ETHUSDT,1,2024-04-13 11:00:00+00:00,3275.69,2024-04-13 11:00:00+00:00,3267.77,signal_reverse,False,3177.4193,,False,100.0,1.0,100.0,100.0,0.03052791930860368,-0.2417811209241434,0.3196373283186138,0.0,-0.5614184492427572
p955,ETHUSDT,-1,2024-04-13 12:00:00+00:00,3267.77,2024-04-13 12:00:00+00:00,3277.25,signal_reverse,False,3365.8031,,False,100.0,1.0,100.0,100.0,0.03060190894708012,-0.2901060968183201,0.3204351591452275,0.0,-0.6105412559635477
p956,ETHUSDT,1,2024-04-13 13:00:00+00:00,3277.25,2024-04-13 13:00:00+00:00,3269.37,signal_reverse,False,3178.9325,,False,100.0,1.0,100.0,100.0,0.03051338774887482,-0.24044549546113692,0.3196393317568083,0.0,-0.5600848272179453
p957,ETHUSDT,-1,2024-04-13 14:00:00+00:00,3269.37,2024-04-13 15:00:00+00:00,3272.2,signal_reverse,False,3367.4510999999998,,False,100.0,1.0,100.0,100.0,0.030586932650632996,-0.08656101940128916,0.32012984152910196,0.0,-0.4066908609303911
p958,ETHUSDT,1,2024-04-13 16:00:00+00:00,3272.2,2024-04-13 16:00:00+00:00,3244.69,signal_reverse,False,3174.0339999999997,,False,100.0,1.0,100.0,100.0,0.030560479188313675,-0.840718782470502,0.31873892182629426,0.0,-1.1594577042967962
p959,ETHUSDT,-1,2024-04-13 17:00:00+00:00,3244.69,2024-04-13 17:00:00+00:00,3192.29,signal_reverse,False,3342.0307000000003,,False,100.0,1.0,100.0,100.0,0.030819585230021974,1.6149462660531542,0.31757758060092034,0.0,1.2973686854522337
p960,ETHUSDT,1,2024-04-13 18:00:00+00:00,3192.29,2024-04-13 18:00:00+00:00,3232.71,signal_reverse,False,3096.5213,,False,100.0,1.0,100.0,100.0,0.031325474815884526,1.266175692058055,0.3218992635380871,0.0,0.9442764285199678
p961,ETHUSDT,-1,2024-04-13 19:00:00+00:00,3232.71,2024-04-13 19:00:00+00:00,3081.49,signal_reverse,False,3329.6913,,False,100.0,1.0,100.0,100.0,0.03093379857766394,4.677809020914348,0.3129832864686285,0.0,4.36482573444572
p962,ETHUSDT,1,2024-04-13 20:00:00+00:00,3081.49,2024-04-13 20:00:00+00:00,2989.0452999999998,initial_sl,False,2989.0452999999998,,False,100.0,1.0,100.0,100.0,0.03245183336632603,-3.0000000000000004,0.3155,0.0,-3.3155000000000006
p963,ETHUSDT,1,2024-04-13 21:00:00+00:00,2908.69,2024-04-13 22:00:00+00:00,3016.2,signal_reverse,False,2821.4293000000002,,False,100.0,1.0,100.0,100.0,0.03437973795763729,3.696165627825577,0.3255442484417384,0.0,3.3706213793838384
p964,ETHUSDT,-1,2024-04-13 23:00:00+00:00,3016.2,2024-04-13 23:00:00+00:00,3003.44,signal_reverse,False,3106.6859999999997,,False,100.0,1.0,100.0,100.0,0.03315430011272462,0.4230488694383583,0.31936542669584245,0.0,0.10368344274251584
p965,ETHUSDT,1,2024-04-14 00:00:00+00:00,3003.44,2024-04-14 00:00:00+00:00,2913.3368,initial_sl,False,2913.3368,,False,100.0,1.0,100.0,100.0,0.03329515488906054,-3.0000000000000004,0.3155,0.0,-3.3155000000000006
p966,ETHUSDT,1,2024-04-14 01:00:00+00:00,2964.68,2024-04-14 02:00:00+00:00,2954.61,signal_reverse,False,2875.7396,,False,100.0,1.0,100.0,100.0,0.033730453202369226,-0.3396656637478483,0.3194905015043783,0.0,-0.6591561652522266
p967,ETHUSDT,-1,2024-04-14 03:00:00+00:00,2954.61,2024-04-14 04:00:00+00:00,3043.2483,initial_sl,False,3043.2483,,False,100.0,1.0,100.0,100.0,0.0338454144540227,-3.0000000000000027,0.3245,0.0,-3.3245000000000027
p968,ETHUSDT,-1,2024-04-14 05:00:00+00:00,3041.4,2024-04-14 05:00:00+00:00,3071.99,signal_reverse,False,3132.6420000000003,,False,100.0,1.0,100.0,100.0,0.03287959492339054,-1.0057868087065065,0.3215086802130598,0.0,-1.3272954889195663
p969,ETHUSDT,1,2024-04-14 06:00:00+00:00,3071.99,2024-04-14 07:00:00+00:00,3083.92,signal_reverse,False,2979.8302999999996,,False,100.0,1.0,100.0,100.0,0.03255218929749121,0.3883476183190796,0.3205825214274786,0.0,0.06776509689160098
p970,ETHUSDT,-1,2024-04-14 08:00:00+00:00,3083.92,2024-04-14 09:00:00+00:00,3042.7,signal_reverse,False,3176.4376,,False,100.0,1.0,100.0,100.0,0.03242626267866871,1.3366105476147325,0.3179950841785779,0.0,1.0186154634361546
p971,ETHUSDT,1,2024-04-14 10:00:00+00:00,3042.7,2024-04-14 10:00:00+00:00,3053.88,signal_reverse,False,2951.419,,False,100.0,1.0,100.0,100.0,0.0328655470470306,0.3674368159858116,0.3205511552239787,0.0,0.046885660761832926
p972,ETHUSDT,-1,2024-04-14 11:00:00+00:00,3053.88,2024-04-14 15:00:00+00:00,3054.59,signal_reverse,False,3145.4964,,False,100.0,1.0,100.0,100.0,0.032745229020131765,-0.023249112604294745,0.3200348736689065,0.0,-0.3432839862732012
p973,ETHUSDT,1,2024-04-14 16:00:00+00:00,3054.59,2024-04-14 19:00:00+00:00,3071.94,signal_reverse,False,2962.9523,,False,100.0,1.0,100.0,100.0,0.03273761781450211,0.5679976690816086,0.32085199650362245,0.0,0.2471456725779862
p974,ETHUSDT,-1,2024-04-14 20:00:00+00:00,3071.94,2024-04-14 20:00:00+00:00,3066.02,signal_reverse,False,3164.0982,,False,100.0,1.0,100.0,100.0,0.03255271912862882,0.19271209724148497,0.3197109318541378,0.0,-0.12699883461265282
p975,ETHUSDT,1,2024-04-14 21:00:00+00:00,3066.02,2024-04-14 23:00:00+00:00,3152.72,signal_reverse,False,2974.0394,,False,100.0,1.0,100.0,100.0,0.03261557328393161,2.8277702037168644,0.32424165530557525,0.0,2.503528548411289
p976,ETHUSDT,-1,2024-04-15 00:00:00+00:00,3152.72,2024-04-15 00:00:00+00:00,3110.94,signal_reverse,False,3247.3016,,False,100.0,1.0,100.0,100.0,0.031718642949580045,1.3252049024334462,0.31801219264634983,0.0,1.0071927097870965
p977,ETHUSDT,1,2024-04-15 01:00:00+00:00,3110.94,2024-04-15 02:00:00+00:00,3137.05,signal_reverse,False,3017.6118,,False,100.0,1.0,100.0,100.0,0.03214462509723749,0.839296161288875,0.32125894424193335,0.0,0.5180372170469416
p978,ETHUSDT,-1,2024-04-15 03:00:00+00:00,3137.05,2024-04-15 03:00:00+00:00,3144.99,signal_reverse,False,3231.1615,,False,100.0,1.0,100.0,100.0,0.03187708197191629,-0.2531040308570026,0.3203796560462856,0.0,-0.5734836869032882
p979,ETHUSDT,1,2024-04-15 04:00:00+00:00,3144.99,2024-04-15 04:00:00+00:00,3137.19,signal_reverse,False,3050.6403,,False,100.0,1.0,100.0,100.0,0.03179660348681554,-0.24801350719715254,0.31962797973920426,0.0,-0.5676414869363569
p980,ETHUSDT,-1,2024-04-15 05:00:00+00:00,3137.19,2024-04-15 05:00:00+00:00,3156.27,signal_reverse,False,3231.3057,,False,100.0,1.0,100.0,100.0,0.03187565942770441,-0.6081875818805977,0.3209122813728209,0.0,-0.9290998632534186
p981,ETHUSDT,1,2024-04-15 06:00:00+00:00,3156.27,2024-04-15 06:00:00+00:00,3238.94,signal_reverse,False,3061.5819,,False,100.0,1.0,100.0,100.0,0.03168296755347293,2.619230927645609,0.3239288463914684,0.0,2.2953020812541407
p982,ETHUSDT,-1,2024-04-15 07:00:00+00:00,3238.94,2024-04-15 08:00:00+00:00,3247.73,signal_reverse,False,3336.1082,,False,100.0,1.0,100.0,100.0,0.030874298381569278,-0.2713850827739928,0.320407077624161,0.0,-0.5917921603981537
p983,ETHUSDT,1,2024-04-15 09:00:00+00:00,3247.73,2024-04-15 09:00:00+00:00,3252.45,signal_reverse,False,3150.2981,,False,100.0,1.0,100.0,100.0,0.03079073691470658,0.1453322782374089,0.32021799841735615,0.0,-0.17488572017994725
p984,ETHUSDT,-1,2024-04-15 10:00:00+00:00,3252.45,2024-04-15 10:00:00+00:00,3258.89,signal_reverse,False,3350.0235,,False,100.0,1.0,100.0,100.0,0.03074605297544928,-0.19800458116189504,0.3202970068717429,0.0,-0.5183015880336379
p985,ETHUSDT,1,2024-04-15 11:00:00+00:00,3258.89,2024-04-15 11:00:00+00:00,3227.68,signal_reverse,False,3161.1232999999997,,False,100.0,1.0,100.0,100.0,0.03068529468622752,-0.957688047157162,0.31856346792926427,0.0,-1.2762515150864262
p986,ETHUSDT,-1,2024-04-15 12:00:00+00:00,3227.68,2024-04-15 12:00:00+00:00,3229.58,signal_reverse,False,3324.5103999999997,,False,100.0,1.0,100.0,100.0,0.030982005651117833,-0.0588658107371267,0.32008829871610567,0.0,-0.3789541094532324
p987,ETHUSDT,1,2024-04-15 13:00:00+00:00,3229.58,2024-04-15 14:00:00+00:00,3132.6926,initial_sl,False,3132.6926,,False,100.0,1.0,100.0,100.0,0.030963778571826677,-3.000000000000002,0.3155,0.0,-3.3155000000000023
p988,ETHUSDT,1,2024-04-15 15:00:00+00:00,3126.94,2024-04-15 16:00:00+00:00,3134.81,signal_reverse,False,3033.1318,,False,100.0,1.0,100.0,100.0,0.03198014672491317,0.25168375472506316,0.3203775256320876,0.0,-0.06869377090702444
p989,ETHUSDT,-1,2024-04-15 17:00:00+00:00,3134.81,2024-04-15 18:00:00+00:00,3054.14,signal_reverse,False,3228.8543,,False,100.0,1.0,100.0,100.0,0.03189985995961478,2.5733617029421265,0.3161399574455868,0.0,2.2572217454965395
p990,ETHUSDT,1,2024-04-15 19:00:00+00:00,3054.14,2024-04-15 20:00:00+00:00,3080.55,signal_reverse,False,2962.5157999999997,,False,100.0,1.0,100.0,100.0,0.0327424414074011,0.8647278775694732,0.32129709181635424,0.0,0.543430785753119
p991,ETHUSDT,-1,2024-04-15 21:00:00+00:00,3080.55,2024-04-15 23:00:00+00:00,3100.13,signal_reverse,False,3172.9665,,False,100.0,1.0,100.0,100.0,0.03246173572900943,-0.6356007855740022,0.320953401178361,0.0,-0.9565541867523633
p992,ETHUSDT,1,2024-04-16 00:00:00+00:00,3100.13,2024-04-16 04:00:00+00:00,3007.1261,initial_sl,False,3007.1261,,False,100.0,1.0,100.0,100.0,0.03225671181531097,-3.0000000000000053,0.3155,0.0,-3.3155000000000054
p993,ETHUSDT,-1,2024-04-16 05:00:00+00:00,3024.42,2024-04-16 05:00:00+00:00,3045.94,signal_reverse,False,3115.1526,,False,100.0,1.0,100.0,100.0,0.03306419082005806,-0.711541386447649,0.32106731207967154,0.0,-1.0326086985273206
p994,ETHUSDT,1,2024-04-16 06:00:00+00:00,3045.94,2024-04-16 06:00:00+00:00,3081.07,signal_reverse,False,2954.5618,,False,100.0,1.0,100.0,100.0,0.0328305876018569,1.1533385424532365,0.3217300078136799,0.0,0.8316085346395566
p995,ETHUSDT,-1,2024-04-16 07:00:00+00:00,3081.07,2024-04-16 08:00:00+00:00,3083.4,signal_reverse,False,3173.5021,,False,100.0,1.0,100.0,100.0,0.03245625707952107,-0.07562307899528174,0.32011343461849295,0.0,-0.3957365136137747
p996,ETHUSDT,1,2024-04-16 09:00:00+00:00,3083.4,2024-04-16 09:00:00+00:00,3078.6,signal_reverse,False,2990.898,,False,100.0,1.0,100.0,100.0,0.03243173120581176,-0.15567230978790236,0.31976649153531816,0.0,-0.47543880132322053
p997,ETHUSDT,-1,2024-04-16 10:00:00+00:00,3078.6,2024-04-16 10:00:00+00:00,3050.41,signal_reverse,False,3170.958,,False,100.0,1.0,100.0,100.0,0.03248229714805431,0.9156759566036529,0.3186264860650946,0.0,0.5970494705385583
p998,ETHUSDT,1,2024-04-16 11:00:00+00:00,3050.41,2024-04-16 11:00:00+00:00,3091.97,signal_reverse,False,2958.8977,,False,100.0,1.0,100.0,100.0,0.03278247842093358,1.362439803173998,0.322043659704761,0.0,1.0403961434692368
p999,ETHUSDT,-1,2024-04-16 12:00:00+00:00,3091.97,2024-04-16 12:00:00+00:00,3073.42,signal_reverse,False,3184.7290999999996,,False,100.0,1.0,100.0,100.0,0.03234184031539763,0.5999411378506172,0.3191000882932241,0.0,0.2808410495573931
p1000,ETHUSDT,1,2024-04-16 13:00:00+00:00,3073.42,2024-04-16 13:00:00+00:00,3067.0,signal_reverse,False,2981.2174,,False,100.0,1.0,100.0,100.0,0.03253704342393815,-0.2088878187816853,0.31968666827182746,0.0,-0.5285744870535127
p1001,ETHUSDT,-1,2024-04-16 14:00:00+00:00,3067.0,2024-04-16 15:00:00+00:00,3007.6,signal_reverse,False,3159.01,,False,100.0,1.0,100.0,100.0,0.032605151613955004,1.93674600586893,0.3170948809911966,0.0,1.6196511248777334
p1002,ETHUSDT,1,2024-04-16 16:00:00+00:00,3007.6,2024-04-16 16:00:00+00:00,3057.39,signal_reverse,False,2917.372,,False,100.0,1.0,100.0,100.0,0.0332491022742386,1.6554728022343386,0.3224832092033515,0.0,1.332989593030987
p1003,ETHUSDT,-1,2024-04-16 17:00:00+00:00,3057.39,2024-04-16 18:00:00+00:00,3072.52,signal_reverse,False,3149.1117,,False,100.0,1.0,100.0,100.0,0.03270763625183572,-0.49486653649027795,0.32074229980473545,0.0,-0.8156088362950134
p1004,ETHUSDT,1,2024-04-16 19:00:00+00:00,3072.52,2024-04-16 19:00:00+00:00,3055.89,signal_reverse,False,2980.3444,,False,100.0,1.0,100.0,100.0,0.03254657414760522,-0.5412495280746784,0.319188125707888,0.0,-0.8604376537825664
p1005,ETHUSDT,-1,2024-04-16 20:00:00+00:00,3055.89,2024-04-16 20:00:00+00:00,3068.99,signal_reverse,False,3147.5667,,False,100.0,1.0,100.0,100.0,0.03272369097055195,-0.4286803517142276,0.3206430205275714,0.0,-0.7493233722417989
p1006,ETHUSDT,1,2024-04-16 21:00:00+00:00,3068.99,2024-04-16 21:00:00+00:00,3100.66,signal_reverse,False,2976.9202999999998,,False,100.0,1.0,100.0,100.0,0.032584009723068505,1.031935587929582,0.3215479033818944,0.0,0.7103876845476875
p1007,ETHUSDT,-1,2024-04-16 22:00:00+00:00,3100.66,2024-04-16 22:00:00+00:00,3091.65,signal_reverse,False,3193.6798,,False,100.0,1.0,100.0,100.0,0.032251198132010606,0.29058329516940795,0.3195641250572459,0.0,-0.028980829887837956
p1008,ETHUSDT,1,2024-04-16 23:00:00+00:00,3091.65,2024-04-17 00:00:00+00:00,3093.1,signal_reverse,False,2998.9005,,False,100.0,1.0,100.0,100.0,0.03234518784467841,0.046900522374777806,0.32007035078356216,0.0,-0.27316982840878434
p1009,ETHUSDT,-1,2024-04-17 01:00:00+00:00,3093.1,2024-04-17 04:00:00+00:00,3110.98,signal_reverse,False,3185.893,,False,100.0,1.0,100.0,100.0,0.032330024894119166,-0.5780608451068542,0.32086709126766033,0.0,-0.8989279363745145
p1010,ETHUSDT,1,2024-04-17 05:00:00+00:00,3110.98,2024-04-17 05:00:00+00:00,3087.0,signal_reverse,False,3017.6506,,False,100.0,1.0,100.0,100.0,0.03214421179178265,-0.7708181987669486,0.3188437727018496,0.0,-1.0896619714687983
p1011,ETHUSDT,-1,2024-04-17 06:00:00+00:00,3087.0,2024-04-17 06:00:00+00:00,3089.02,signal_reverse,False,3179.61,,False,100.0,1.0,100.0,100.0,0.032393909944930355,-0.06543569808875872,0.32009815354713317,0.0,-0.3855338516358919
p1012,ETHUSDT,1,2024-04-17 07:00:00+00:00,3089.02,2024-04-17 07:00:00+00:00,3074.88,signal_reverse,False,2996.3494,,False,100.0,1.0,100.0,100.0,0.03237272662527274,-0.45775035448135243,0.31931337446827796,0.0,-0.7770637289496304
p1013,ETHUSDT,-1,2024-04-17 08:00:00+00:00,3074.88,2024-04-17 08:00:00+00:00,3072.14,signal_reverse,False,3167.1264,,False,100.0,1.0,100.0,100.0,0.03252159433864086,0.08910916848788364,0.31986633624726823,0.0,-0.2307571677593846
p1014,ETHUSDT,1,2024-04-17 09:00:00+00:00,3072.14,2024-04-17 11:00:00+00:00,3037.59,signal_reverse,False,2979.9757999999997,,False,100.0,1.0,100.0,100.0,0.0325505999075563,-1.1246232268060612,0.3183130651597909,0.0,-1.4429362919658522
p1015,ETHUSDT,-1,2024-04-17 12:00:00+00:00,3037.59,2024-04-17 12:00:00+00:00,3029.43,signal_reverse,False,3128.7177,,False,100.0,1.0,100.0,100.0,0.032920835267432405,0.2686340157822586,0.3195970489763266,0.0,-0.05096303319406803
p1016,ETHUSDT,1,2024-04-17 13:00:00+00:00,3029.43,2024-04-17 13:00:00+00:00,3040.96,signal_reverse,False,2938.5471,,False,100.0,1.0,100.0,100.0,0.03300951003984248,0.38059965075939045,0.3205708994761391,0.0,0.06002875128325136
p1017,ETHUSDT,-1,2024-04-17 14:00:00+00:00,3040.96,2024-04-17 15:00:00+00:00,2944.81,signal_reverse,False,3132.1888,,False,100.0,1.0,100.0,100.0,0.03288435230979691,3.1618304745869756,0.31525725428811957,0.0,2.846573220298856
p1018,ETHUSDT,1,2024-04-17 16:00:00+00:00,2944.81,2024-04-17 16:00:00+00:00,2949.33,signal_reverse,False,2856.4656999999997,,False,100.0,1.0,100.0,100.0,0.033958048227220095,0.15349037798703422,0.3202302355669806,0.0,-0.1667398575799464
p1019,ETHUSDT,-1,2024-04-17 17:00:00+00:00,2949.33,2024-04-17 17:00:00+00:00,3001.54,signal_reverse,False,3037.8098999999997,,False,100.0,1.0,100.0,100.0,0.03390600577080218,-1.7702325612935832,0.3226553488419404,0.0,-2.0928879101355236
p1020,ETHUSDT,1,2024-04-17 18:00:00+00:00,3001.54,2024-04-17 18:00:00+00:00,3025.07,signal_reverse,False,2911.4938,,False,100.0,1.0,100.0,100.0,0.03331623100141927,0.7839309154634021,0.32117589637319516,0.0,0.46275501909020694
p1021,ETHUSDT,-1,2024-04-17 19:00:00+00:00,3025.07,2024-04-17 21:00:00+00:00,2997.29,signal_reverse,False,3115.8221000000003,,False,100.0,1.0,100.0,100.0,0.033057086282300904,0.9183258569223257,0.31862251121461654,0.0,0.5997033457077092
p1022,ETHUSDT,1,2024-04-17 22:00:00+00:00,2997.29,2024-04-17 22:00:00+00:00,3007.72,signal_reverse,False,2907.3713,,False,100.0,1.0,100.0,100.0,0.033363471669408035,0.34798100951192035,0.3205219715142679,0.0,0.027459037997652425
p1023,ETHUSDT,-1,2024-04-17 23:00:00+00:00,3007.72,2024-04-18 00:00:00+00:00,2991.92,signal_reverse,False,3097.9516,,False,100.0,1.0,100.0,100.0,0.03324777572380408,0.5253148564360954,0.3192120277153459,0.0,0.20610282872074953
p1024,ETHUSDT,1,2024-04-18 01:00:00+00:00,2991.92,2024-04-18 01:00:00+00:00,3002.78,signal_reverse,False,2902.1624,,False,100.0,1.0,100.0,100.0,0.03342335356560336,0.36297761972245673,0.32054446642958373,0.0,0.042433153292873005
p1025,ETHUSDT,-1,2024-04-18 02:00:00+00:00,3002.78,2024-04-18 02:00:00+00:00,3010.71,signal_reverse,False,3092.8634,,False,100.0,1.0,100.0,100.0,0.03330247304164807,-0.2640886112202638,0.32039613291683045,0.0,-0.5844847441370942
p1026,ETHUSDT,1,2024-04-18 03:00:00+00:00,3010.71,2024-04-18 03:00:00+00:00,3024.34,signal_reverse,False,2920.3887,,False,100.0,1.0,100.0,100.0,0.03321475665208539,0.4527171331679275,0.32067907569975196,0.0,0.13203805746817554
p1027,ETHUSDT,-1,2024-04-18 04:00:00+00:00,3024.34,2024-04-18 05:00:00+00:00,2980.65,signal_reverse,False,3115.0702,,False,100.0,1.0,100.0,100.0,0.0330650654357645,1.4446127088885528,0.31783308093666723,0.0,1.1267796279518856
p1028,ETHUSDT,1,2024-04-18 06:00:00+00:00,2980.65,2024-04-18 07:00:00+00:00,2972.75,signal_reverse,False,2891.2305,,False,100.0,1.0,100.0,100.0,0.03354972908593763,-0.26504285977891034,0.31960243571033164,0.0,-0.584645295489242
p1029,ETHUSDT,-1,2024-04-18 08:00:00+00:00,2972.75,2024-04-18 09:00:00+00:00,3005.38,signal_reverse,False,3061.9325,,False,100.0,1.0,100.0,100.0,0.0336388865528551,-1.0976368682196656,0.32164645530232955,0.0,-1.419283323521995
p1030,ETHUSDT,1,2024-04-18 10:00:00+00:00,3005.38,2024-04-18 12:00:00+00:00,3024.03,signal_reverse,False,2915.2186,,False,100.0,1.0,100.0,100.0,0.03327366256513319,0.620553806839737,0.32093083071025963,0.0,0.2996229761294774
p1031,ETHUSDT,-1,2024-04-18 13:00:00+00:00,3024.03,2024-04-18 13:00:00+00:00,3047.99,signal_reverse,False,3114.7509,,False,100.0,1.0,100.0,100.0,0.03306845500871353,-0.7923201820087624,0.32118848027301317,0.0,-1.1135086622817756
p1032,ETHUSDT,1,2024-04-18 14:00:00+00:00,3047.99,2024-04-18 16:00:00+00:00,3059.6,signal_reverse,False,2956.5503,,False,100.0,1.0,100.0,100.0,0.03280850658958855,0.38090676150512726,0.32057136014225773,0.0,0.06033540136286952
p1033,ETHUSDT,-1,2024-04-18 17:00:00+00:00,3059.6,2024-04-18 18:00:00+00:00,3050.77,signal_reverse,False,3151.388,,False,100.0,1.0,100.0,100.0,0.03268401098182769,0.2885998169695361,0.3195671002745457,0.0,-0.030967283305009585
p1034,ETHUSDT,1,2024-04-18 19:00:00+00:00,3050.77,2024-04-18 19:00:00+00:00,3062.84,signal_reverse,False,2959.2469,,False,100.0,1.0,100.0,100.0,0.03277860999026475,0.3956378225825009,0.3205934567338738,0.0,0.07504436584862711
p1035,ETHUSDT,-1,2024-04-18 20:00:00+00:00,3062.84,2024-04-18 20:00:00+00:00,3066.2,signal_reverse,False,3154.7252000000003,,False,100.0,1.0,100.0,100.0,0.03264943647072651,-0.10970210654163039,0.3201645531598124,0.0,-0.4298666597014428
p1036,ETHUSDT,1,2024-04-18 21:00:00+00:00,3066.2,2024-04-18 21:00:00+00:00,3063.54,signal_reverse,False,2974.214,,False,100.0,1.0,100.0,100.0,0.03261365860022177,-0.08675233187658517,0.3198698715021851,0.0,-0.40662220337877025
p1037,ETHUSDT,-1,2024-04-18 22:00:00+00:00,3063.54,2024-04-18 22:00:00+00:00,3068.79,signal_reverse,False,3155.4462,,False,100.0,1.0,100.0,100.0,0.03264197627581164,-0.17137037544801112,0.320257055563172,0.0,-0.4916274310111831
p1038,ETHUSDT,1,2024-04-18 23:00:00+00:00,3068.79,2024-04-19 00:00:00+00:00,3039.84,signal_reverse,False,2976.7263,,False,100.0,1.0,100.0,100.0,0.032586133296836864,-0.9433685589434213,0.3185849471615849,0.0,-1.2619535061050062
p1039,ETHUSDT,-1,2024-04-19 01:00:00+00:00,3039.84,2024-04-19 01:00:00+00:00,2939.0,signal_reverse,False,3131.0352000000003,,False,100.0,1.0,100.0,100.0,0.03289646823517027,3.317279856834575,0.31502408021474815,0.0,3.002255776619827
p1040,ETHUSDT,1,2024-04-19 02:00:00+00:00,2939.0,2024-04-19 02:00:00+00:00,2941.66,signal_reverse,False,2850.83,,False,100.0,1.0,100.0,100.0,0.03402517863218782,0.09050697516161464,0.32013576046274245,0.0,-0.2296287853011278
p1041,ETHUSDT,-1,2024-04-19 03:00:00+00:00,2941.66,2024-04-19 04:00:00+00:00,3004.51,signal_reverse,False,3029.9098,,False,100.0,1.0,100.0,100.0,0.03399441131877919,-2.1365487513852846,0.323204823127078,0.0,-2.4597535745123627
p1042,ETHUSDT,1,2024-04-19 05:00:00+00:00,3004.51,2024-04-19 05:00:00+00:00,3000.02,signal_reverse,False,2914.3747000000003,,False,100.0,1.0,100.0,100.0,0.03328329744284426,-0.14944200551837858,0.31977583699172246,0.0,-0.469217842510101
p1043,ETHUSDT,-1,2024-04-19 06:00:00+00:00,3000.02,2024-04-19 06:00:00+00:00,3090.0206,initial_sl,False,3090.0206,,False,100.0,1.0,100.0,100.0,0.03333311111259258,-2.9999999999999947,0.3245,0.0,-3.3244999999999947
p1044,ETHUSDT,1,2024-04-19 07:00:00+00:00,3103.54,2024-04-19 08:00:00+00:00,3111.0,signal_reverse,False,3010.4338,,False,100.0,1.0,100.0,100.0,0.03222126990468949,0.24037067348898475,0.3203605560102335,0.0,-0.07998988252124875
p1045,ETHUSDT,-1,2024-04-19 09:00:00+00:00,3111.0,2024-04-19 09:00:00+00:00,3101.53,signal_reverse,False,3204.33,,False,100.0,1.0,100.0,100.0,0.032144005143040826,0.3044037287045902,0.3195433944069431,0.0,-0.015139665702352922
p1046,ETHUSDT,1,2024-04-19 10:00:00+00:00,3101.53,2024-04-19 10:00:00+00:00,3096.87,signal_reverse,False,3008.4841,,False,100.0,1.0,100.0,100.0,0.03224215145428224,-0.1502484257769652,0.31977462736133455,0.0,-0.47002305313829973
p1047,ETHUSDT,-1,2024-04-19 11:00:00+00:00,3096.87,2024-04-19 13:00:00+00:00,3097.35,signal_reverse,False,3189.7761,,False,100.0,1.0,100.0,100.0,0.0322906676741355,-0.015499520483585627,0.3200232492807254,0.0,-0.335522769764311
p1048,ETHUSDT,1,2024-04-19 14:00:00+00:00,3097.35,2024-04-19 19:00:00+00:00,3102.95,signal_reverse,False,3004.4294999999997,,False,100.0,1.0,100.0,100.0,0.03228566355110014,0.18079971588615784,0.3202711995738293,0.0,-0.13947148368767148
p1049,ETHUSDT,-1,2024-04-19 20:00:00+00:00,3102.95,2024-04-19 21:00:00+00:00,3099.19,signal_reverse,False,3196.0384999999997,,False,100.0,1.0,100.0,100.0,0.03222739650977296,0.12117501087673871,0.31981823748368493,0.0,-0.19864322660694622
p1050,ETHUSDT,1,2024-04-19 22:00:00+00:00,3099.19,2024-04-19 22:00:00+00:00,3067.65,signal_reverse,False,3006.2143,,False,100.0,1.0,100.0,100.0,0.03226649543913087,-1.0176852661501865,0.3184734721007747,0.0,-1.3361587382509612
p1051,ETHUSDT,-1,2024-04-19 23:00:00+00:00,3067.65,2024-04-19 23:00:00+00:00,3054.87,signal_reverse,False,3159.6795,,False,100.0,1.0,100.0,100.0,0.03259824295470474,0.41660554496113306,0.3193750916825583,0.0,0.09723045327857477
p1052,ETHUSDT,1,2024-04-20 00:00:00+00:00,3054.87,2024-04-20 04:00:00+00:00,3062.71,signal_reverse,False,2963.2239,,False,100.0,1.0,100.0,100.0,0.032734617185019334,0.25663939873055636,0.32038495909809583,0.0,-0.06374556036753948
p1053,ETHUSDT,-1,2024-04-20 05:00:00+00:00,3062.71,2024-04-20 09:00:00+00:00,3041.81,signal_reverse,False,3154.5913,,False,100.0,1.0,100.0,100.0,0.0326508223109599,0.6824021862990649,0.31897639672055145,0.0,0.36342578957851346
p1054,ETHUSDT,1,2024-04-20 10:00:00+00:00,3041.81,2024-04-20 13:00:00+00:00,3060.56,signal_reverse,False,2950.5557,,False,100.0,1.0,100.0,100.0,0.0328751631429971,0.6164093089311956,0.32092461396339683,0.0,0.2954846949677988
p1055,ETHUSDT,-1,2024-04-20 14:00:00+00:00,3060.56,2024-04-20 14:00:00+00:00,3064.37,signal_reverse,False,3152.3768,,False,100.0,1.0,100.0,100.0,0.03267375905063126,-0.12448702198290332,0.3201867305329744,0.0,-0.4446737525158777
p1056,ETHUSDT,1,2024-04-20 15:00:00+00:00,3064.37,2024-04-20 16:00:00+00:00,3097.61,signal_reverse,False,2972.4389,,False,100.0,1.0,100.0,100.0,0.03263313503264945,1.0847254084852755,0.321627088112728,0.0,0.7630983203725475
p1057,ETHUSDT,-1,2024-04-20 17:00:00+00:00,3097.61,2024-04-20 18:00:00+00:00,3138.01,signal_reverse,False,3190.5383,,False,100.0,1.0,100.0,100.0,0.0322829536319937,-1.3042313267325483,0.3219563469900989,0.0,-1.6261876737226473
p1058,ETHUSDT,1,2024-04-20 19:00:00+00:00,3138.01,2024-04-20 19:00:00+00:00,3146.99,signal_reverse,False,3043.8697,,False,100.0,1.0,100.0,100.0,0.03186732993202698,0.2861686227895884,0.3204292529341844,0.0,-0.034260630144596016
p1059,ETHUSDT,-1,2024-04-20 20:00:00+00:00,3146.99,2024-04-20 20:00:00+00:00,3155.06,signal_reverse,False,3241.3997,,False,100.0,1.0,100.0,100.0,0.031776395857629036,-0.2564355145710715,0.3203846532718566,0.0,-0.5768201678429281
p1060,ETHUSDT,1,2024-04-20 21:00:00+00:00,3155.06,2024-04-20 22:00:00+00:00,3139.35,signal_reverse,False,3060.4082,,False,100.0,1.0,100.0,100.0,0.031695118317876685,-0.49793030877384387,0.3192531045368393,0.0,-0.8171834133106832
p1061,ETHUSDT,-1,2024-04-20 23:00:00+00:00,3139.35,2024-04-20 23:00:00+00:00,3153.71,signal_reverse,False,3233.5305,,False,100.0,1.0,100.0,100.0,0.03185372768248204,-0.4574195295204462,0.3206861292942807,0.0,-0.7781056588147268
p1062,ETHUSDT,1,2024-04-21 00:00:00+00:00,3153.71,2024-04-21 00:00:00+00:00,3133.99,signal_reverse,False,3059.0987,,False,100.0,1.0,100.0,100.0,0.031708685960345116,-0.6252952871380137,0.319062057069293,0.0,-0.9443573442073068
p1063,ETHUSDT,-1,2024-04-21 01:00:00+00:00,3133.99,2024-04-21 01:00:00+00:00,3148.21,signal_reverse,False,3228.0096999999996,,False,100.0,1.0,100.0,100.0,0.03190820647162244,-0.4537346960264792,0.32068060204403975,0.0,-0.774415298070519
p1064,ETHUSDT,1,2024-04-21 02:00:00+00:00,3148.21,2024-04-21 02:00:00+00:00,3180.22,signal_reverse,False,3053.7637,,False,100.0,1.0,100.0,100.0,0.03176408181156911,1.0167682587883198,0.32152515238818247,0.0,0.6952431064001373
p1065,ETHUSDT,-1,2024-04-21 03:00:00+00:00,3180.22,2024-04-21 03:00:00+00:00,3165.09,signal_reverse,False,3275.6265999999996,,False,100.0,1.0,100.0,100.0,0.031444365484148896,0.4757532497751619,0.3192863701253373,0.0,0.15646687964982464
p1066,ETHUSDT,1,2024-04-21 04:00:00+00:00,3165.09,2024-04-21 05:00:00+00:00,3174.86,signal_reverse,False,3070.1373000000003,,False,100.0,1.0,100.0,100.0,0.031594678192405266,0.3086800059397989,0.3204630200089097,0.0,-0.011783014069110809
p1067,ETHUSDT,-1,2024-04-21 06:00:00+00:00,3174.86,2024-04-21 09:00:00+00:00,3168.91,signal_reverse,False,3270.1058000000003,,False,100.0,1.0,100.0,100.0,0.03149745185614484,0.1874098385440704,0.31971888524218395,0.0,-0.13230904669811355
p1068,ETHUSDT,1,2024-04-21 10:00:00+00:00,3168.91,2024-04-21 10:00:00+00:00,3168.07,signal_reverse,False,3073.8426999999997,,False,100.0,1.0,100.0,100.0,0.03155659201428883,-0.026507537291992858,0.31996023869406204,0.0,-0.3464677759860549
p1069,ETHUSDT,-1,2024-04-21 11:00:00+00:00,3168.07,2024-04-21 11:00:00+00:00,3166.81,signal_reverse,False,3263.1121000000003,,False,100.0,1.0,100.0,100.0,0.03156495910759548,0.039771848475577194,0.3199403422272866,0.0,-0.28016849375170944
p1070,ETHUSDT,1,2024-04-21 12:00:00+00:00,3166.81,2024-04-21 17:00:00+00:00,3147.09,signal_reverse,False,3071.8057,,False,100.0,1.0,100.0,100.0,0.03157751807023472,-0.6227086563450224,0.3190659370154825,0.0,-0.9417745933605048
p1071,ETHUSDT,-1,2024-04-21 18:00:00+00:00,3147.09,2024-04-21 21:00:00+00:00,3143.45,signal_reverse,False,3241.5027,,False,100.0,1.0,100.0,100.0,0.03177538615038019,0.1156624055873943,0.3198265063916189,0.0,-0.20416410080422462
p1072,ETHUSDT,1,2024-04-21 22:00:00+00:00,3143.45,2024-04-21 23:00:00+00:00,3145.91,signal_reverse,False,3049.1465,,False,100.0,1.0,100.0,100.0,0.03181218088406051,0.07825796497479001,0.3201173869474622,0.0,-0.2418594219726722
p1073,ETHUSDT,-1,2024-04-22 00:00:00+00:00,3145.91,2024-04-22 00:00:00+00:00,3150.44,signal_reverse,False,3240.2873,,False,100.0,1.0,100.0,100.0,0.031787304786214485,-0.14399649068155798,0.32021599473602236,0.0,-0.4642124854175803
p1074,ETHUSDT,1,2024-04-22 01:00:00+00:00,3150.44,2024-04-22 01:00:00+00:00,3138.77,signal_reverse,False,3055.9268,,False,100.0,1.0,100.0,100.0,0.03174159799900966,-0.3704244486484451,0.31944436332702736,0.0,-0.6898688119754725
p1075,ETHUSDT,-1,2024-04-22 02:00:00+00:00,3138.77,2024-04-22 04:00:00+00:00,3192.26,signal_reverse,False,3232.9331,,False,100.0,1.0,100.0,100.0,0.031859613797761546,-1.7041707420422727,0.32255625611306343,0.0,-2.026726998155336
p1076,ETHUSDT,1,2024-04-22 05:00:00+00:00,3192.26,2024-04-22 05:00:00+00:00,3226.75,signal_reverse,False,3096.4922,,False,100.0,1.0,100.0,100.0,0.03132576920426281,1.0804257798550174,0.3216206386697825,0.0,0.7588051411852349
p1077,ETHUSDT,-1,2024-04-22 06:00:00+00:00,3226.75,2024-04-22 07:00:00+00:00,3202.01,signal_reverse,False,3323.5525,,False,100.0,1.0,100.0,100.0,0.030990935151468196,0.7667157356473164,0.3188499263965291,0.0,0.44786580925078734
p1078,ETHUSDT,1,2024-04-22 08:00:00+00:00,3202.01,2024-04-22 09:00:00+00:00,3214.34,signal_reverse,False,3105.9497,,False,100.0,1.0,100.0,100.0,0.03123038341541719,0.3850706275120917,0.32057760594126816,0.0,0.06449302157082354
p1079,ETHUSDT,-1,2024-04-22 10:00:00+00:00,3214.34,2024-04-22 12:00:00+00:00,3202.81,signal_reverse,False,3310.7702,,False,100.0,1.0,100.0,100.0,0.031110585687886157,0.3587050529813336,0.319461942420528,0.0,0.039243110560805594
p1080,ETHUSDT,1,2024-04-22 13:00:00+00:00,3202.81,2024-04-22 13:00:00+00:00,3190.67,signal_reverse,False,3106.7257,,False,100.0,1.0,100.0,100.0,0.031222582669593265,-0.37904215360885823,0.31943143676958674,0.0,-0.6984735903784449
p1081,ETHUSDT,-1,2024-04-22 14:00:00+00:00,3190.67,2024-04-22 14:00:00+00:00,3181.56,signal_reverse,False,3286.3901,,False,100.0,1.0,100.0,100.0,0.0313413797102176,0.2855199691600864,0.3195717200462599,0.0,-0.034051750886173515
p1082,ETHUSDT,1,2024-04-22 15:00:00+00:00,3181.56,2024-04-22 18:00:00+00:00,3189.16,signal_reverse,False,3086.1132,,False,100.0,1.0,100.0,100.0,0.0314311218396007,0.23887652598096246,0.3203583147889715,0.0,-0.08148178880800902
p1083,ETHUSDT,-1,2024-04-22 19:00:00+00:00,3189.16,2024-04-22 21:00:00+00:00,3196.2,signal_reverse,False,3284.8347999999996,,False,100.0,1.0,100.0,100.0,0.03135621919251465,-0.220747783115302,0.320331121674673,0.0,-0.541078904789975
p1084,ETHUSDT,1,2024-04-22 22:00:00+00:00,3196.2,2024-04-22 22:00:00+00:00,3218.03,signal_reverse,False,3100.314,,False,100.0,1.0,100.0,100.0,0.031287153494775045,0.6829985607909512,0.3210244978411865,0.0,0.36197406294976475
p1085,ETHUSDT,-1,2024-04-22 23:00:00+00:00,3218.03,2024-04-22 23:00:00+00:00,3198.26,signal_reverse,False,3314.5709,,False,100.0,1.0,100.0,100.0,0.031074912291060058,0.6143510159942568,0.3190784734760086,0.0,0.2952725425182482
p1086,ETHUSDT,1,2024-04-23 00:00:00+00:00,3198.26,2024-04-23 00:00:00+00:00,3215.9,signal_reverse,False,3102.3122000000003,,False,100.0,1.0,100.0,100.0,0.031267001432028665,0.5515499052609817,0.32082732485789145,0.0,0.23072258040309024
p1087,ETHUSDT,-1,2024-04-23 01:00:00+00:00,3215.9,2024-04-23 02:00:00+00:00,3193.14,signal_reverse,False,3312.377,,False,100.0,1.0,100.0,100.0,0.03109549426288131,0.7077334494231854,0.3189383998258652,0.0,0.3887950495973202
p1088,ETHUSDT,1,2024-04-23 03:00:00+00:00,3193.14,2024-04-23 05:00:00+00:00,3183.43,signal_reverse,False,3097.3458,,False,100.0,1.0,100.0,100.0,0.031317136110536964,-0.30408939163331505,0.3195438659125501,0.0,-0.6236332575458652
p1089,ETHUSDT,-1,2024-04-23 06:00:00+00:00,3183.43,2024-04-23 06:00:00+00:00,3172.82,signal_reverse,False,3278.9329,,False,100.0,1.0,100.0,100.0,0.03141265867319212,0.33328830852255814,0.31950006753721616,0.0,0.013788240985341982
p1090,ETHUSDT,1,2024-04-23 07:00:00+00:00,3172.82,2024-04-23 07:00:00+00:00,3158.7,signal_reverse,False,3077.6354,,False,100.0,1.0,100.0,100.0,0.031517703494052605,-0.44502997333603367,0.31933245503999597,0.0,-0.7643624283760296
p1091,ETHUSDT,-1,2024-04-23 08:00:00+00:00,3158.7,2024-04-23 08:00:00+00:00,3167.06,signal_reverse,False,3253.461,,False,100.0,1.0,100.0,100.0,0.03165859372526673,-0.26466584354323386,0.32039699876531486,0.0,-0.5850628423085487
p1092,ETHUSDT,1,2024-04-23 09:00:00+00:00,3167.06,2024-04-23 14:00:00+00:00,3247.1,signal_reverse,False,3072.0482,,False,100.0,1.0,100.0,100.0,0.03157502541789546,2.5272650344483516,0.3237908975516725,0.0,2.2034741368966793
p1093,ETHUSDT,-1,2024-04-23 15:00:00+00:00,3247.1,2024-04-23 17:00:00+00:00,3236.53,signal_reverse,False,3344.513,,False,100.0,1.0,100.0,100.0,0.030796710911274675,0.32552123433216434,0.31951171814850177,0.0,0.006009516183662578
p1094,ETHUSDT,1,2024-04-23 18:00:00+00:00,3236.53,2024-04-23 22:00:00+00:00,3213.96,signal_reverse,False,3139.4341000000004,,False,100.0,1.0,100.0,100.0,0.03089728814501951,-0.6973517934330954,0.31895397230985034,0.0,-1.0163057657429457
p1095,ETHUSDT,-1,2024-04-23 23:00:00+00:00,3213.96,2024-04-24 00:00:00+00:00,3228.11,signal_reverse,False,3310.3788,,False,100.0,1.0,100.0,100.0,0.031114264023198796,-0.4402668359282658,0.3206604002538924,0.0,-0.7609272361821582
p1096,ETHUSDT,1,2024-04-24 01:00:00+00:00,3228.11,2024-04-24 02:00:00+00:00,3230.25,signal_reverse,False,3131.2667,,False,100.0,1.0,100.0,100.0,0.030977878696822597,0.06629266041119641,0.3200994389906168,0.0,-0.2538067785794204
p1097,ETHUSDT,-1,2024-04-24 03:00:00+00:00,3230.25,2024-04-24 05:00:00+00:00,3256.0,signal_reverse,False,3327.1575,,False,100.0,1.0,100.0,100.0,0.03095735624177695,-0.7971519232257565,0.3211957278848387,0.0,-1.1183476511105952
p1098,ETHUSDT,1,2024-04-24 06:00:00+00:00,3256.0,2024-04-24 06:00:00+00:00,3254.67,signal_reverse,False,3158.32,,False,100.0,1.0,100.0,100.0,0.030712530712530713,-0.04084766584766361,0.3199387285012285,0.0,-0.36078639434889215
p1099,ETHUSDT,-1,2024-04-24 07:00:00+00:00,3254.67,2024-04-24 08:00:00+00:00,3251.41,signal_reverse,False,3352.3101,,False,100.0,1.0,100.0,100.0,0.030725081191027046,0.10016376468275488,0.3198497543529759,0.0,-0.21968598967022102
p1100,ETHUSDT,1,2024-04-24 09:00:00+00:00,3251.41,2024-04-24 09:00:00+00:00,3253.43,signal_reverse,False,3153.8677,,False,100.0,1.0,100.0,100.0,0.030755887445754304,0.062126892640423134,0.3200931903389606,0.0,-0.25796629769853746
p1101,ETHUSDT,-1,2024-04-24 10:00:00+00:00,3253.43,2024-04-24 13:00:00+00:00,3246.14,signal_reverse,False,3351.0328999999997,,False,100.0,1.0,100.0,100.0,0.03073679163221585,0.2240712109988524,0.31966389318350175,0.0,-0.09559268218464934
p1102,ETHUSDT,1,2024-04-24 14:00:00+00:00,3246.14,2024-04-24 14:00:00+00:00,3212.15,signal_reverse,False,3148.7558,,False,100.0,1.0,100.0,100.0,0.03080581860301774,-1.0470897743165661,0.31842936533852517,0.0,-1.3655191396550914
p1103,ETHUSDT,-1,2024-04-24 15:00:00+00:00,3212.15,2024-04-24 15:00:00+00:00,3174.22,signal_reverse,False,3308.5145,,False,100.0,1.0,100.0,100.0,0.03113179646031474,1.1808290397397472,0.3182287564403904,0.0,0.8626002832993568
p1104,ETHUSDT,1,2024-04-24 16:00:00+00:00,3174.22,2024-04-24 18:00:00+00:00,3128.26,signal_reverse,False,3078.9934,,False,100.0,1.0,100.0,100.0,0.031503802508962835,-1.4479147633119187,0.31782812785503217,0.0,-1.7657428911669508
p1105,ETHUSDT,-1,2024-04-24 19:00:00+00:00,3128.26,2024-04-24 19:00:00+00:00,3133.8,signal_reverse,False,3222.1078,,False,100.0,1.0,100.0,100.0,0.0319666523882286,-0.1770952542307853,0.32026564288134624,0.0,-0.4973608971121315
p1106,ETHUSDT,1,2024-04-24 20:00:00+00:00,3133.8,2024-04-24 20:00:00+00:00,3132.32,signal_reverse,False,3039.786,,False,100.0,1.0,100.0,100.0,0.03191014104282341,-0.04722700874337922,0.31992915948688494,0.0,-0.36715616823026415
p1107,ETHUSDT,-1,2024-04-24 21:00:00+00:00,3132.32,2024-04-24 21:00:00+00:00,3148.47,signal_reverse,False,3226.2896,,False,100.0,1.0,100.0,100.0,0.03192521836849364,-0.5155922766511606,0.32077338841497677,0.0,-0.8363656650661373
p1108,ETHUSDT,1,2024-04-24 22:00:00+00:00,3148.47,2024-04-24 22:00:00+00:00,3130.08,signal_reverse,False,3054.0159,,False,100.0,1.0,100.0,100.0,0.03176145874027703,-0.5840932262336904,0.3191238601606495,0.0,-0.9032170863943398
p1109,ETHUSDT,-1,2024-04-24 23:00:00+00:00,3130.08,2024-04-25 00:00:00+00:00,3155.42,signal_reverse,False,3223.9824,,False,100.0,1.0,100.0,100.0,0.031948065225169964,-0.8095639728058115,0.3212143459592087,0.0,-1.1307783187650202
p1110,ETHUSDT,1,2024-04-25 01:00:00+00:00,3155.42,2024-04-25 01:00:00+00:00,3141.03,signal_reverse,False,3060.7574,,False,100.0,1.0,100.0,100.0,0.031691502240589205,-0.4560407172420746,0.3193159389241369,0.0,-0.7753566561662115
p1111,ETHUSDT,-1,2024-04-25 02:00:00+00:00,3141.03,2024-04-25 02:00:00+00:00,3152.2,signal_reverse,False,3235.2609,,False,100.0,1.0,100.0,100.0,0.03183669051234786,-0.35561583302291344,0.32053342374953436,0.0,-0.6761492567724479
p1112,ETHUSDT,1,2024-04-25 03:00:00+00:00,3152.2,2024-04-25 03:00:00+00:00,3145.8,signal_reverse,False,3057.634,,False,100.0,1.0,100.0,100.0,0.03172387538861748,-0.2030328024871403,0.3196954507962693,0.0,-0.5227282532834097
p1113,ETHUSDT,-1,2024-04-25 04:00:00+00:00,3145.8,2024-04-25 05:00:00+00:00,3156.36,signal_reverse,False,3240.174,,False,100.0,1.0,100.0,100.0,0.031788416301099874,-0.3356856761396129,0.32050352851420943,0.0,-0.6561892046538224
p1114,ETHUSDT,1,2024-04-25 06:00:00+00:00,3156.36,2024-04-25 09:00:00+00:00,3134.19,signal_reverse,False,3061.6692000000003,,False,100.0,1.0,100.0,100.0,0.03168206414984349,-0.7023913622020325,0.318946412956697,0.0,-1.0213377751587296
p1115,ETHUSDT,-1,2024-04-25 10:00:00+00:00,3134.19,2024-04-25 10:00:00+00:00,3081.2,signal_reverse,False,3228.2157,,False,100.0,1.0,100.0,100.0,0.03190617033428095,1.6907079660135549,0.31746393805097967,0.0,1.3732440279625753
p1116,ETHUSDT,1,2024-04-25 11:00:00+00:00,3081.2,2024-04-25 13:00:00+00:00,3122.45,signal_reverse,False,2988.7639999999997,,False,100.0,1.0,100.0,100.0,0.03245488770608854,1.3387641178761522,0.3220081461768142,0.0,1.016755971699338
p1117,ETHUSDT,-1,2024-04-25 14:00:00+00:00,3122.45,2024-04-25 18:00:00+00:00,3170.06,signal_reverse,False,3216.1234999999997,,False,100.0,1.0,100.0,100.0,0.03202613332479303,-1.5247642075934003,0.3222871463113901,0.0,-1.8470513539047904
p1118,ETHUSDT,1,2024-04-25 19:00:00+00:00,3170.06,2024-04-26 01:00:00+00:00,3146.36,signal_reverse,False,3074.9582,,False,100.0,1.0,100.0,100.0,0.031545144255944686,-0.7476199188658833,0.31887857012170123,0.0,-1.0664984889875846
p1119,ETHUSDT,-1,2024-04-26 02:00:00+00:00,3146.36,2024-04-26 03:00:00+00:00,3139.6,signal_reverse,False,3240.7508000000003,,False,100.0,1.0,100.0,100.0,0.03178275848917479,0.21485144738682854,0.3196777228289198,0.0,-0.10482627544209128
p1120,ETHUSDT,1,2024-04-26 04:00:00+00:00,3139.6,2024-04-26 05:00:00+00:00,3150.74,signal_reverse,False,3045.412,,False,100.0,1.0,100.0,100.0,0.03185119123455217,0.35482227035290714,0.32053223340552933,0.0,0.03429003694737781
p1121,ETHUSDT,-1,2024-04-26 06:00:00+00:00,3150.74,2024-04-26 06:00:00+00:00,3138.53,signal_reverse,False,3245.2621999999997,,False,100.0,1.0,100.0,100.0,0.031738575699676905,0.3875280092930417,0.3194187079860605,0.0,0.06810930130698123
p1122,ETHUSDT,1,2024-04-26 07:00:00+00:00,3138.53,2024-04-26 07:00:00+00:00,3133.29,signal_reverse,False,3044.3741,,False,100.0,1.0,100.0,100.0,0.03186205006802548,-0.16695714235646103,0.3197495642864654,0.0,-0.4867067066429264
p1123,ETHUSDT,-1,2024-04-26 08:00:00+00:00,3133.29,2024-04-26 10:00:00+00:00,3120.85,signal_reverse,False,3227.2887,,False,100.0,1.0,100.0,100.0,0.03191533499931382,0.3970267673914657,0.31940445984891286,0.0,0.07762230754255284
p1124,ETHUSDT,1,2024-04-26 11:00:00+00:00,3120.85,2024-04-26 12:00:00+00:00,3128.65,signal_reverse,False,3027.2245,,False,100.0,1.0,100.0,100.0,0.032042552509732924,0.24993190957592265,0.3203748978643639,0.0,-0.07044298828844126
p1125,ETHUSDT,-1,2024-04-26 13:00:00+00:00,3128.65,2024-04-26 13:00:00+00:00,3145.02,signal_reverse,False,3222.5095,,False,100.0,1.0,100.0,100.0,0.03196266760423825,-0.5232288686813766,0.3207848433030221,0.0,-0.8440137119843987
p1126,ETHUSDT,1,2024-04-26 14:00:00+00:00,3145.02,2024-04-26 15:00:00+00:00,3116.06,signal_reverse,False,3050.6693999999998,,False,100.0,1.0,100.0,100.0,0.03179630018251076,-0.9208208532855129,0.3186187687200717,0.0,-1.2394396220055846
p1127,ETHUSDT,-1,2024-04-26 16:00:00+00:00,3116.06,2024-04-26 17:00:00+00:00,3144.85,signal_reverse,False,3209.5418,,False,100.0,1.0,100.0,100.0,0.03209180824502737,-0.9239231593743369,0.32138588473906154,0.0,-1.2453090441133985
p1128,ETHUSDT,1,2024-04-26 18:00:00+00:00,3144.85,2024-04-26 18:00:00+00:00,3152.05,signal_reverse,False,3050.5045,,False,100.0,1.0,100.0,100.0,0.03179801898341733,0.22894573668061347,0.3203434186050209,0.0,-0.09139768192440745
p1129,ETHUSDT,-1,2024-04-26 19:00:00+00:00,3152.05,2024-04-26 20:00:00+00:00,3142.61,signal_reverse,False,3246.6115,,False,100.0,1.0,100.0,100.0,0.03172538506686125,0.29948763503117193,0.31955076854745323,0.0,-0.020063133516281306
p1130,ETHUSDT,1,2024-04-26 21:00:00+00:00,3142.61,2024-04-26 21:00:00+00:00,3150.39,signal_reverse,False,3048.3317,,False,100.0,1.0,100.0,100.0,0.03182068408106637,0.24756492215068826,0.32037134738322603,0.0,-0.07280642523253777
p1131,ETHUSDT,-1,2024-04-26 22:00:00+00:00,3150.39,2024-04-26 22:00:00+00:00,3130.44,signal_reverse,False,3244.9017,,False,100.0,1.0,100.0,100.0,0.0317421017715267,0.6332549303419519,0.3190501176044871,0.0,0.3142048127374648
p1132,ETHUSDT,1,2024-04-26 23:00:00+00:00,3130.44,2024-04-27 01:00:00+00:00,3092.81,signal_reverse,False,3036.5268,,False,100.0,1.0,100.0,100.0,0.03194439120379244,-1.2020674409987129,0.31819689883850194,0.0,-1.5202643398372149
p1133,ETHUSDT,-1,2024-04-27 02:00:00+00:00,3092.81,2024-04-27 03:00:00+00:00,3121.33,signal_reverse,False,3185.5942999999997,,False,100.0,1.0,100.0,100.0,0.032333056346817296,-0.9221387670112287,0.3213832081505169,0.0,-1.2435219751617455
p1134,ETHUSDT,1,2024-04-27 04:00:00+00:00,3121.33,2024-04-27 05:00:00+00:00,3116.25,signal_reverse,False,3027.6901,,False,100.0,1.0,100.0,100.0,0.03203762498678448,-0.16275113493286283,0.31975587329760075,0.0,-0.48250700823046355
p1135,ETHUSDT,-1,2024-04-27 06:00:00+00:00,3116.25,2024-04-27 06:00:00+00:00,3122.89,signal_reverse,False,3209.7375,,False,100.0,1.0,100.0,100.0,0.032089851584436425,-0.21307661452065377,0.32031961492178096,0.0,-0.5333962294424347
p1136,ETHUSDT,1,2024-04-27 07:00:00+00:00,3122.89,2024-04-27 07:00:00+00:00,3118.85,signal_reverse,False,3029.2032999999997,,False,100.0,1.0,100.0,100.0,0.03202162099849819,-0.1293673488339315,0.3198059489767492,0.0,-0.4491732978106807
p1137,ETHUSDT,-1,2024-04-27 08:00:00+00:00,3118.85,2024-04-27 08:00:00+00:00,3112.71,signal_reverse,False,3212.4155,,False,100.0,1.0,100.0,100.0,0.03206310018115652,0.19686743511229693,0.3197046988473316,0.0,-0.12283726373503467
p1138,ETHUSDT,1,2024-04-27 09:00:00+00:00,3112.71,2024-04-27 12:00:00+00:00,3135.96,signal_reverse,False,3019.3287,,False,100.0,1.0,100.0,100.0,0.03212634649549749,0.7469375560203166,0.3211204063340305,0.0,0.42581714968628614
p1139,ETHUSDT,-1,2024-04-27 13:00:00+00:00,3135.96,2024-04-27 17:00:00+00:00,3230.0388000000003,initial_sl,False,3230.0388000000003,,False,100.0,1.0,100.0,100.0,0.031888161838798966,-3.0000000000000075,0.3245,0.0,-3.3245000000000076
p1140,ETHUSDT,1,2024-04-27 18:00:00+00:00,3256.62,2024-04-27 18:00:00+00:00,3255.84,signal_reverse,False,3158.9213999999997,,False,100.0,1.0,100.0,100.0,0.030706683616756023,-0.02395121322106188,0.3199640731801684,0.0,-0.34391528640123026
p1141,ETHUSDT,-1,2024-04-27 19:00:00+00:00,3255.84,2024-04-27 20:00:00+00:00,3235.51,signal_reverse,False,3353.5152000000003,,False,100.0,1.0,100.0,100.0,0.030714040001965696,0.6244164332399603,0.31906337535014007,0.0,0.30535305788982026
p1142,ETHUSDT,1,2024-04-27 21:00:00+00:00,3235.51,2024-04-27 22:00:00+00:00,3244.35,signal_reverse,False,3138.4447,,False,100.0,1.0,100.0,100.0,0.030907028567366504,0.27321813253551036,0.3204098271988033,0.0,-0.04719169466329293
p1143,ETHUSDT,-1,2024-04-27 23:00:00+00:00,3244.35,2024-04-28 03:00:00+00:00,3307.01,signal_reverse,False,3341.6805,,False,100.0,1.0,100.0,100.0,0.030822815047698307,-1.9313575908887854,0.3228970363863332,0.0,-2.2542546272751185
p1144,ETHUSDT,1,2024-04-28 04:00:00+00:00,3307.01,2024-04-28 04:00:00+00:00,3299.64,signal_reverse,False,3207.7997,,False,100.0,1.0,100.0,100.0,0.030238795770197245,-0.22285992482636416,0.31966571011276046,0.0,-0.5425256349391246
p1145,ETHUSDT,-1,2024-04-28 05:00:00+00:00,3299.64,2024-04-28 10:00:00+00:00,3299.14,signal_reverse,False,3398.6292,,False,100.0,1.0,100.0,100.0,0.03030633644882472,0.01515316822441236,0.31997727024766337,0.0,-0.304824102023251
p1146,ETHUSDT,1,2024-04-28 11:00:00+00:00,3299.14,2024-04-28 16:00:00+00:00,3319.56,signal_reverse,False,3200.1657999999998,,False,100.0,1.0,100.0,100.0,0.030310929514964505,0.6189491806955774,0.32092842377104336,0.0,0.298020756924534
p1147,ETHUSDT,-1,2024-04-28 17:00:00+00:00,3319.56,2024-04-28 18:00:00+00:00,3342.26,signal_reverse,False,3419.1468,,False,100.0,1.0,100.0,100.0,0.03012447432792298,-0.6838255672438598,0.3210257383508658,0.0,-1.0048513055947255
p1148,ETHUSDT,1,2024-04-28 19:00:00+00:00,3342.26,2024-04-28 20:00:00+00:00,3309.9,signal_reverse,False,3241.9922,,False,100.0,1.0,100.0,100.0,0.029919874575885776,-0.9682071412756675,0.3185476892880865,0.0,-1.286754830563754
p1149,ETHUSDT,-1,2024-04-28 21:00:00+00:00,3309.9,2024-04-28 21:00:00+00:00,3304.95,signal_reverse,False,3409.197,,False,100.0,1.0,100.0,100.0,0.030212393123659323,0.14955134596212188,0.31977567298105686,0.0,-0.17022432701893497
p1150,ETHUSDT,1,2024-04-28 22:00:00+00:00,3304.95,2024-04-29 01:00:00+00:00,3274.86,signal_reverse,False,3205.8015,,False,100.0,1.0,100.0,100.0,0.030257643837274393,-0.9104525030635772,0.31863432124540464,0.0,-1.2290868243089819
p1151,ETHUSDT,-1,2024-04-29 02:00:00+00:00,3274.86,2024-04-29 03:00:00+00:00,3176.01,signal_reverse,False,3373.1058000000003,,False,100.0,1.0,100.0,100.0,0.030535656486078793,3.018449643648886,0.3154723255345267,0.0,2.7029773181143595
p1152,ETHUSDT,1,2024-04-29 04:00:00+00:00,3176.01,2024-04-29 05:00:00+00:00,3204.0,signal_reverse,False,3080.7297000000003,,False,100.0,1.0,100.0,100.0,0.03148604695829043,0.8812944543625423,0.3213219416815438,0.0,0.5599725126809985
p1153,ETHUSDT,-1,2024-04-29 06:00:00+00:00,3204.0,2024-04-29 08:00:00+00:00,3169.74,signal_reverse,False,3300.12,,False,100.0,1.0,100.0,100.0,0.031210986267166042,1.0692883895131153,0.31839606741573034,0.0,0.750892322097385
p1154,ETHUSDT,1,2024-04-29 09:00:00+00:00,3169.74,2024-04-29 10:00:00+00:00,3174.6,signal_reverse,False,3074.6477999999997,,False,100.0,1.0,100.0,100.0,0.03154832888501896,0.15332487838119616,0.32022998731757185,0.0,-0.1669051089363757
p1155,ETHUSDT,-1,2024-04-29 11:00:00+00:00,3174.6,2024-04-29 11:00:00+00:00,3158.38,signal_reverse,False,3269.8379999999997,,False,100.0,1.0,100.0,100.0,0.0315000315000315,0.5109305109305047,0.31923360423360425,0.0,0.19169690669690043
p1156,ETHUSDT,1,2024-04-29 12:00:00+00:00,3158.38,2024-04-29 12:00:00+00:00,3170.4,signal_reverse,False,3063.6286,,False,100.0,1.0,100.0,100.0,0.03166180130319974,0.3805748516644603,0.32057086227749676,0.0,0.06000398938696355
p1157,ETHUSDT,-1,2024-04-29 13:00:00+00:00,3170.4,2024-04-29 13:00:00+00:00,3129.8,signal_reverse,False,3265.512,,False,100.0,1.0,100.0,100.0,0.03154176129195054,1.280595508453189,0.31807910673732026,0.0,0.9625164017158687
p1158,ETHUSDT,1,2024-04-29 14:00:00+00:00,3129.8,2024-04-29 15:00:00+00:00,3181.29,signal_reverse,False,3035.906,,False,100.0,1.0,100.0,100.0,0.03195092338168573,1.6451530449229912,0.32246772956738456,0.0,1.3226853153556066
p1159,ETHUSDT,-1,2024-04-29 16:00:00+00:00,3181.29,2024-04-29 17:00:00+00:00,3172.31,signal_reverse,False,3276.7287,,False,100.0,1.0,100.0,100.0,0.03143378943761807,0.28227542914981085,0.31957658685627527,0.0,-0.037301157706464416
p1160,ETHUSDT,1,2024-04-29 18:00:00+00:00,3172.31,2024-04-29 18:00:00+00:00,3175.1,signal_reverse,False,3077.1407,,False,100.0,1.0,100.0,100.0,0.03152277047325135,0.08794852962037013,0.32013192279443053,0.0,-0.2321833931740604
p1161,ETHUSDT,-1,2024-04-29 19:00:00+00:00,3175.1,2024-04-29 21:00:00+00:00,3174.17,signal_reverse,False,3270.353,,False,100.0,1.0,100.0,100.0,0.03149507102138516,0.02929041604988304,0.3199560643759252,0.0,-0.2906656483260422
p1162,ETHUSDT,1,2024-04-29 22:00:00+00:00,3174.17,2024-04-30 00:00:00+00:00,3243.36,signal_reverse,False,3078.9449,,False,100.0,1.0,100.0,100.0,0.03150429876156601,2.1797824313127543,0.3232696736469691,0.0,1.8565127576657852
p1163,ETHUSDT,-1,2024-04-30 01:00:00+00:00,3243.36,2024-04-30 01:00:00+00:00,3171.36,signal_reverse,False,3340.6608,,False,100.0,1.0,100.0,100.0,0.030832223373291893,2.2199200828770165,0.3166701198756845,0.0,1.903249963001332
p1164,ETHUSDT,1,2024-04-30 02:00:00+00:00,3171.36,2024-04-30 04:00:00+00:00,3169.51,signal_reverse,False,3076.2192,,False,100.0,1.0,100.0,100.0,0.03153221330911659,-0.05833459462186282,0.3199124981080672,0.0,-0.37824709272993
p1165,ETHUSDT,-1,2024-04-30 05:00:00+00:00,3169.51,2024-04-30 06:00:00+00:00,3171.41,signal_reverse,False,3264.5953000000004,,False,100.0,1.0,100.0,100.0,0.0315506182343643,-0.059946174645280695,0.32008991926196795,0.0,-0.38003609390724863
p1166,ETHUSDT,1,2024-04-30 07:00:00+00:00,3171.41,2024-04-30 07:00:00+00:00,3155.32,signal_reverse,False,3076.2677,,False,100.0,1.0,100.0,100.0,0.03153171617671635,-0.5073453132833563,0.319238982030075,0.0,-0.8265842953134312
p1167,ETHUSDT,-1,2024-04-30 08:00:00+00:00,3155.32,2024-04-30 09:00:00+00:00,3045.71,signal_reverse,False,3249.9796,,False,100.0,1.0,100.0,100.0,0.03169250662373388,3.4738156510274747,0.3147892765234588,0.0,3.159026374504016
p1168,ETHUSDT,1,2024-04-30 10:00:00+00:00,3045.71,2024-04-30 10:00:00+00:00,3043.94,signal_reverse,False,2954.3387000000002,,False,100.0,1.0,100.0,100.0,0.03283306683827416,-0.05811452830374467,0.3199128282075444,0.0,-0.37802735651128905
p1169,ETHUSDT,-1,2024-04-30 11:00:00+00:00,3043.94,2024-04-30 12:00:00+00:00,3007.66,signal_reverse,False,3135.2582,,False,100.0,1.0,100.0,100.0,0.03285215871534918,1.1918763181928749,0.3182121855227107,0.0,0.8736641326701642
p1170,ETHUSDT,1,2024-04-30 13:00:00+00:00,3007.66,2024-04-30 14:00:00+00:00,3019.24,signal_reverse,False,2917.4302,,False,100.0,1.0,100.0,100.0,0.03324843898578962,0.3850169234554414,0.3205775253851832,0.0,0.06443939807025822
p1171,ETHUSDT,-1,2024-04-30 15:00:00+00:00,3019.24,2024-04-30 16:00:00+00:00,2985.19,signal_reverse,False,3109.8172,,False,100.0,1.0,100.0,100.0,0.033120917846875375,1.1277672526860976,0.3183083491209709,0.0,0.8094589035651267
p1172,ETHUSDT,1,2024-04-30 17:00:00+00:00,2985.19,2024-04-30 23:00:00+00:00,3012.8,signal_reverse,False,2895.6343,,False,100.0,1.0,100.0,100.0,0.03349870527504112,0.9248992526438895,0.32138734887896586,0.0,0.6035119037649237
p1173,ETHUSDT,-1,2024-05-01 00:00:00+00:00,3012.8,2024-05-01 01:00:00+00:00,3000.94,signal_reverse,False,3103.184,,False,100.0,1.0,100.0,100.0,0.03319171534784918,0.39365374402549547,0.3194095193839618,0.0,0.07424422464153368
p1174,ETHUSDT,1,2024-05-01 02:00:00+00:00,3000.94,2024-05-01 05:00:00+00:00,2993.46,signal_reverse,False,2910.9118,,False,100.0,1.0,100.0,100.0,0.03332289216045639,-0.2492552333602144,0.3196261171499597,0.0,-0.5688813505101741
p1175,ETHUSDT,-1,2024-05-01 06:00:00+00:00,2993.46,2024-05-01 07:00:00+00:00,2867.2,signal_reverse,False,3083.2638,,False,100.0,1.0,100.0,100.0,0.033406158759428886,4.217861604965498,0.31367320759255174,0.0,3.9041883973729465
p1176,ETHUSDT,1,2024-05-01 08:00:00+00:00,2867.2,2024-05-01 09:00:00+00:00,2874.2,signal_reverse,False,2781.1839999999997,,False,100.0,1.0,100.0,100.0,0.034877232142857144,0.244140625,0.3203662109375,0.0,-0.0762255859375
p1177,ETHUSDT,-1,2024-05-01 10:00:00+00:00,2874.2,2024-05-01 11:00:00+00:00,2904.17,signal_reverse,False,2960.426,,False,100.0,1.0,100.0,100.0,0.03479229002852968,-1.0427249321550434,0.3215640873982326,0.0,-1.364289019553276
p1178,ETHUSDT,1,2024-05-01 12:00:00+00:00,2904.17,2024-05-01 17:00:00+00:00,2920.65,signal_reverse,False,2817.0449,,False,100.0,1.0,100.0,100.0,0.03443324598766601,0.5674598938767366,0.3208511898408151,0.0,0.24660870403592144
p1179,ETHUSDT,-1,2024-05-01 18:00:00+00:00,2920.65,2024-05-01 18:00:00+00:00,3008.2695,initial_sl,False,3008.2695,,False,100.0,1.0,100.0,100.0,0.034238953657576225,-2.999999999999993,0.3245,0.0,-3.324499999999993
p1180,ETHUSDT,1,2024-05-01 19:00:00+00:00,2988.99,2024-05-01 19:00:00+00:00,2925.01,signal_reverse,False,2899.3203,,False,100.0,1.0,100.0,100.0,0.033456117283764755,-2.1405223838152545,0.31678921642427715,0.0,-2.4573116002395317
p1181,ETHUSDT,-1,2024-05-01 20:00:00+00:00,2925.01,2024-05-01 23:00:00+00:00,2970.88,signal_reverse,False,3012.7603000000004,,False,100.0,1.0,100.0,100.0,0.034187917306265615,-1.5681997668384,0.32235229965025763,0.0,-1.8905520664886577
p1182,ETHUSDT,1,2024-05-02 00:00:00+00:00,2970.88,2024-05-02 05:00:00+00:00,2914.53,signal_reverse,False,2881.7536,,False,100.0,1.0,100.0,100.0,0.03366006031882809,-1.8967443989659596,0.31715488340155107,0.0,-2.2138992823675108
p1183,ETHUSDT,-1,2024-05-02 06:00:00+00:00,2914.53,2024-05-02 07:00:00+00:00,2919.83,signal_reverse,False,3001.9659,,False,100.0,1.0,100.0,100.0,0.03431084943369943,-0.18184750199859762,0.3202727712529979,0.0,-0.5021202732515955
p1184,ETHUSDT,1,2024-05-02 08:00:00+00:00,2919.83,2024-05-02 08:00:00+00:00,2940.18,signal_reverse,False,2832.2351,,False,100.0,1.0,100.0,100.0,0.034248569266018915,0.6969583845634818,0.3210454375768453,0.0,0.3759129469866365
p1185,ETHUSDT,-1,2024-05-02 09:00:00+00:00,2940.18,2024-05-02 13:00:00+00:00,2964.06,signal_reverse,False,3028.3853999999997,,False,100.0,1.0,100.0,100.0,0.03401152310402765,-0.812195171724184,0.32121829275758634,0.0,-1.1334134644817704
p1186,ETHUSDT,1,2024-05-02 14:00:00+00:00,2964.06,2024-05-02 14:00:00+00:00,2990.91,signal_reverse,False,2875.1382,,False,100.0,1.0,100.0,100.0,0.03373750868740849,0.9058521082569149,0.32135877816238545,0.0,0.5844933300945294
p1187,ETHUSDT,-1,2024-05-02 15:00:00+00:00,2990.91,2024-05-02 17:00:00+00:00,2991.34,signal_reverse,False,3080.6373,,False,100.0,1.0,100.0,100.0,0.033434640293422406,-0.014376895326181366,0.3200215653429893,0.0,-0.33439846066917067
p1188,ETHUSDT,1,2024-05-02 18:00:00+00:00,2991.34,2024-05-02 21:00:00+00:00,2995.01,signal_reverse,False,2901.5998,,False,100.0,1.0,100.0,100.0,0.03342983412116309,0.12268749122467099,0.32018403123683703,0.0,-0.19749654001216604
p1189,ETHUSDT,-1,2024-05-02 22:00:00+00:00,2995.01,2024-05-03 00:00:00+00:00,2982.63,signal_reverse,False,3084.8603000000003,,False,100.0,1.0,100.0,100.0,0.03338887015402286,0.41335421250680665,0.3193799686812398,0.0,0.09397424382556685
p1190,ETHUSDT,1,2024-05-03 01:00:00+00:00,2982.63,2024-05-03 02:00:00+00:00,3010.71,signal_reverse,False,2893.1511,,False,100.0,1.0,100.0,100.0,0.03352745731116498,0.9414510012975101,0.32141217650194626,0.0,0.6200388247955639
p1191,ETHUSDT,-1,2024-05-03 03:00:00+00:00,3010.71,2024-05-03 03:00:00+00:00,3008.05,signal_reverse,False,3101.0313,,False,100.0,1.0,100.0,100.0,0.03321475665208539,0.0883512526945423,0.3198674731209582,0.0,-0.2315162204264159
p1192,ETHUSDT,1,2024-05-03 04:00:00+00:00,3008.05,2024-05-03 04:00:00+00:00,3002.01,signal_reverse,False,2917.8085,,False,100.0,1.0,100.0,100.0,0.03324412825584681,-0.2007945346653135,0.31969880819800206,0.0,-0.5204933428633156
p1193,ETHUSDT,-1,2024-05-03 05:00:00+00:00,3002.01,2024-05-03 06:00:00+00:00,2980.03,signal_reverse,False,3092.0703000000003,,False,100.0,1.0,100.0,100.0,0.03331101495331461,0.7321761086738556,0.3189017358369892,0.0,0.4132743728368664
p1194,ETHUSDT,1,2024-05-03 07:00:00+00:00,2980.03,2024-05-03 10:00:00+00:00,2969.58,signal_reverse,False,2890.6291,,False,100.0,1.0,100.0,100.0,0.03355670916064603,-0.3506676107287601,0.31947399858390685,0.0,-0.670141609312667
p1195,ETHUSDT,-1,2024-05-03 11:00:00+00:00,2969.58,2024-05-03 11:00:00+00:00,2977.9,signal_reverse,False,3058.6674,,False,100.0,1.0,100.0,100.0,0.0336747957623637,-0.2801743007428715,0.32042026145111435,0.0,-0.6005945621939859
p1196,ETHUSDT,1,2024-05-03 12:00:00+00:00,2977.9,2024-05-03 14:00:00+00:00,3053.39,signal_reverse,False,2888.563,,False,100.0,1.0,100.0,100.0,0.03358071123946405,2.535007891467134,0.32380251183720077,0.0,2.2112053796299334
p1197,ETHUSDT,-1,2024-05-03 15:00:00+00:00,3053.39,2024-05-03 15:00:00+00:00,3074.28,signal_reverse,False,3144.9917,,False,100.0,1.0,100.0,100.0,0.032750483888399455,-0.6841576084286753,0.321026236412643,0.0,-1.0051838448413184
p1198,ETHUSDT,1,2024-05-03 16:00:00+00:00,3074.28,2024-05-03 18:00:00+00:00,3067.76,signal_reverse,False,2982.0516000000002,,False,100.0,1.0,100.0,100.0,0.03252794150175,-0.2120821785914094,0.3196818767321129,0.0,-0.5317640553235223
p1199,ETHUSDT,-1,2024-05-03 19:00:00+00:00,3067.76,2024-05-03 19:00:00+00:00,3071.03,signal_reverse,False,3159.7928,,False,100.0,1.0,100.0,100.0,0.032597074086629985,-0.10659243226327945,0.32015988864839495,0.0,-0.4267523209116744
p1200,ETHUSDT,1,2024-05-03 20:00:00+00:00,3071.03,2024-05-03 22:00:00+00:00,3104.91,signal_reverse,False,2978.8991,,False,100.0,1.0,100.0,100.0,0.03256236506969974,1.103212928561416,0.32165481939284213,0.0,0.7815581091685739
p1201,ETHUSDT,-1,2024-05-03 23:00:00+00:00,3104.91,2024-05-04 03:00:00+00:00,3110.7,signal_reverse,False,3198.0573,,False,100.0,1.0,100.0,100.0,0.032207052700400335,-0.18647883513531677,0.320279718252703,0.0,-0.5067585533880198
p1202,ETHUSDT,1,2024-05-04 04:00:00+00:00,3110.7,2024-05-04 04:00:00+00:00,3115.84,signal_reverse,False,3017.379,,False,100.0,1.0,100.0,100.0,0.032147105153180956,0.16523612048736064,0.32024785418073104,0.0,-0.1550117336933704
p1203,ETHUSDT,-1,2024-05-04 05:00:00+00:00,3115.84,2024-05-04 06:00:00+00:00,3104.47,signal_reverse,False,3209.3152,,False,100.0,1.0,100.0,100.0,0.032094074150148914,0.36490962308720426,0.3194526355653692,0.0,0.04545698752183508
p1204,ETHUSDT,1,2024-05-04 07:00:00+00:00,3104.47,2024-05-04 08:00:00+00:00,3106.77,signal_reverse,False,3011.3359,,False,100.0,1.0,100.0,100.0,0.032211617441946616,0.07408672011648308,0.3201111300801748,0.0,-0.24602440996369168
p1205,ETHUSDT,-1,2024-05-04 09:00:00+00:00,3106.77,2024-05-04 09:00:00+00:00,3105.0,signal_reverse,False,3199.9731,,False,100.0,1.0,100.0,100.0,0.03218777057844643,0.05697235392384959,0.3199145414691143,0.0,-0.2629421875452647
p1206,ETHUSDT,1,2024-05-04 10:00:00+00:00,3105.0,2024-05-04 10:00:00+00:00,3164.98,signal_reverse,False,3011.85,,False,100.0,1.0,100.0,100.0,0.0322061191626409,1.9317230273752017,0.3228975845410628,0.0,1.6088254428341389
p1207,ETHUSDT,-1,2024-05-04 11:00:00+00:00,3164.98,2024-05-04 11:00:00+00:00,3128.93,signal_reverse,False,3259.9294,,False,100.0,1.0,100.0,100.0,0.03159577627662734,1.1390277347724214,0.3182914583978414,0.0,0.82073627637458
p1208,ETHUSDT,1,2024-05-04 12:00:00+00:00,3128.93,2024-05-04 12:00:00+00:00,3149.65,signal_reverse,False,3035.0620999999996,,False,100.0,1.0,100.0,100.0,0.031959807346281316,0.662207208214957,0.32099331081232246,0.0,0.3412138974026346
p1209,ETHUSDT,-1,2024-05-04 13:00:00+00:00,3149.65,2024-05-04 14:00:00+00:00,3128.65,signal_reverse,False,3244.1395,,False,100.0,1.0,100.0,100.0,0.031749559474862285,0.666740748972108,0.31899988887654185,0.0,0.34774086009556615
p1210,ETHUSDT,1,2024-05-04 15:00:00+00:00,3128.65,2024-05-04 15:00:00+00:00,3125.0,signal_reverse,False,3034.7905,,False,100.0,1.0,100.0,100.0,0.03196266760423825,-0.11666373675547252,0.31982500439486683,0.0,-0.43648874115033937
p1211,ETHUSDT,-1,2024-05-04 16:00:00+00:00,3125.0,2024-05-04 16:00:00+00:00,3126.84,signal_reverse,False,3218.75,,False,100.0,1.0,100.0,100.0,0.032,-0.05888000000000466,0.32008832,0.0,-0.37896832000000463
p1212,ETHUSDT,1,2024-05-04 17:00:00+00:00,3126.84,2024-05-05 00:00:00+00:00,3106.6,signal_reverse,False,3033.0348000000004,,False,100.0,1.0,100.0,100.0,0.031981169487405814,-0.6472988704251013,0.31902905169436235,0.0,-0.9663279221194636
p1213,ETHUSDT,-1,2024-05-05 01:00:00+00:00,3106.6,2024-05-05 01:00:00+00:00,3088.59,signal_reverse,False,3199.798,,False,100.0,1.0,100.0,100.0,0.032189531964205244,0.5797334706753289,0.31913039979398705,0.0,0.2606030708813418
p1214,ETHUSDT,1,2024-05-05 02:00:00+00:00,3088.59,2024-05-05 04:00:00+00:00,3087.45,signal_reverse,False,2995.9323,,False,100.0,1.0,100.0,100.0,0.032377233624404665,-0.03691004633183192,0.3199446349305023,0.0,-0.3568546812623342
p1215,ETHUSDT,-1,2024-05-05 05:00:00+00:00,3087.45,2024-05-05 05:00:00+00:00,3083.99,signal_reverse,False,3180.0735,,False,100.0,1.0,100.0,100.0,0.03238918848888241,0.11206659217153432,0.3198319001117428,0.0,-0.20776530794020848
p1216,ETHUSDT,1,2024-05-05 06:00:00+00:00,3083.99,2024-05-05 09:00:00+00:00,3141.94,signal_reverse,False,2991.4703,,False,100.0,1.0,100.0,100.0,0.03242552667161697,1.879059270620212,0.32281858890593035,0.0,1.5562406817142818
p1217,ETHUSDT,-1,2024-05-05 10:00:00+00:00,3141.94,2024-05-05 10:00:00+00:00,3133.0,signal_reverse,False,3236.1982000000003,,False,100.0,1.0,100.0,100.0,0.031827469652507684,0.28453757869342045,0.3195731936319599,0.0,-0.03503561493853946
p1218,ETHUSDT,1,2024-05-05 11:00:00+00:00,3133.0,2024-05-05 11:00:00+00:00,3136.46,signal_reverse,False,3039.01,,False,100.0,1.0,100.0,100.0,0.031918289179699966,0.11043728056176304,0.3201656559208427,0.0,-0.20972837535907962
p1219,ETHUSDT,-1,2024-05-05 12:00:00+00:00,3136.46,2024-05-05 14:00:00+00:00,3152.07,signal_reverse,False,3230.5538,,False,100.0,1.0,100.0,100.0,0.03188307837498326,-0.4976948534334928,0.32074654228015026,0.0,-0.818441395713643
p1220,ETHUSDT,1,2024-05-05 15:00:00+00:00,3152.07,2024-05-05 16:00:00+00:00,3146.97,signal_reverse,False,3057.5079,,False,100.0,1.0,100.0,100.0,0.031725183768126976,-0.16179843721745912,0.3197573023441738,0.0,-0.48155573956163295
p1221,ETHUSDT,-1,2024-05-05 17:00:00+00:00,3146.97,2024-05-05 19:00:00+00:00,3141.59,signal_reverse,False,3241.3790999999997,,False,100.0,1.0,100.0,100.0,0.03177659780677922,0.17095809620046123,0.3197435628556994,0.0,-0.14878546665523815
p1222,ETHUSDT,1,2024-05-05 20:00:00+00:00,3141.59,2024-05-05 21:00:00+00:00,3134.59,signal_reverse,False,3047.3423000000003,,False,100.0,1.0,100.0,100.0,0.03183101550488765,-0.22281710853421355,0.31966577433719867,0.0,-0.5424828828714122
p1223,ETHUSDT,-1,2024-05-05 22:00:00+00:00,3134.59,2024-05-06 06:00:00+00:00,3174.74,signal_reverse,False,3228.6277,,False,100.0,1.0,100.0,100.0,0.03190209883908262,-1.2808692683891556,0.3219213039025838,0.0,-1.6027905722917395
p1224,ETHUSDT,1,2024-05-06 07:00:00+00:00,3174.74,2024-05-06 07:00:00+00:00,3179.24,signal_reverse,False,3079.4977999999996,,False,100.0,1.0,100.0,100.0,0.0314986424085122,0.14174389083830488,0.3202126158362575,0.0,-0.1784687249979526
p1225,ETHUSDT,-1,2024-05-06 08:00:00+00:00,3179.24,2024-05-06 08:00:00+00:00,3196.41,signal_reverse,False,3274.6171999999997,,False,100.0,1.0,100.0,100.0,0.0314540582025893,-0.5400661793384606,0.32081009926900766,0.0,-0.8608762786074682
p1226,ETHUSDT,1,2024-05-06 09:00:00+00:00,3196.41,2024-05-06 10:00:00+00:00,3144.52,signal_reverse,False,3100.5177,,False,100.0,1.0,100.0,100.0,0.03128509796928429,-1.6233837336261578,0.31756492439956074,0.0,-1.9409486580257185
p1227,ETHUSDT,-1,2024-05-06 11:00:00+00:00,3144.52,2024-05-06 11:00:00+00:00,3148.51,signal_reverse,False,3238.8556,,False,100.0,1.0,100.0,100.0,0.03180135600982026,-0.12688741047919036,0.32019033111571876,0.0,-0.4470777415949091
p1228,ETHUSDT,1,2024-05-06 12:00:00+00:00,3148.51,2024-05-06 12:00:00+00:00,3101.62,signal_reverse,False,3054.0547,,False,100.0,1.0,100.0,100.0,0.03176105522929894,-1.4892758797018375,0.31776608618044727,0.0,-1.8070419658822847
p1229,ETHUSDT,-1,2024-05-06 13:00:00+00:00,3101.62,2024-05-06 13:00:00+00:00,3116.33,signal_reverse,False,3194.6686,,False,100.0,1.0,100.0,100.0,0.032241215880733295,-0.4742682856055879,0.3207114024284084,0.0,-0.7949796880339963
p1230,ETHUSDT,1,2024-05-06 14:00:00+00:00,3116.33,2024-05-06 19:00:00+00:00,3068.85,signal_reverse,False,3022.8401,,False,100.0,1.0,100.0,100.0,0.03208902779872478,-1.5235870398834532,0.3177146194401748,0.0,-1.841301659323628
p1231,ETHUSDT,-1,2024-05-06 20:00:00+00:00,3068.85,2024-05-06 23:00:00+00:00,3061.49,signal_reverse,False,3160.9155,,False,100.0,1.0,100.0,100.0,0.03258549619564332,0.23982925199993899,0.3196402561220001,0.0,-0.0798110041220611
p1232,ETHUSDT,1,2024-05-07 00:00:00+00:00,3061.49,2024-05-07 00:00:00+00:00,3071.2,signal_reverse,False,2969.6452999999997,,False,100.0,1.0,100.0,100.0,0.032663833623497056,0.3171658244841576,0.32047574873672624,0.0,-0.0033099242525686523
p1233,ETHUSDT,-1,2024-05-07 01:00:00+00:00,3071.2,2024-05-07 01:00:00+00:00,3093.82,signal_reverse,False,3163.336,,False,100.0,1.0,100.0,100.0,0.03256056264652253,-0.7365199270643509,0.32110477989059655,0.0,-1.0576247069549474
p1234,ETHUSDT,1,2024-05-07 02:00:00+00:00,3093.82,2024-05-07 02:00:00+00:00,3085.55,signal_reverse,False,3001.0054,,False,100.0,1.0,100.0,100.0,0.03232250098583628,-0.26730708315286544,0.31959903937527073,0.0,-0.5869061225281362
p1235,ETHUSDT,-1,2024-05-07 03:00:00+00:00,3085.55,2024-05-07 03:00:00+00:00,3048.19,signal_reverse,False,3178.1165,,False,100.0,1.0,100.0,100.0,0.032409132893649426,1.2108052049067466,0.3181837921926399,0.0,0.8926214127141067
p1236,ETHUSDT,1,2024-05-07 04:00:00+00:00,3048.19,2024-05-07 06:00:00+00:00,3068.55,signal_reverse,False,2956.7443,,False,100.0,1.0,100.0,100.0,0.03280635393463006,0.6679373661090722,0.3210019060491637,0.0,0.3469354600599085
p1237,ETHUSDT,-1,2024-05-07 07:00:00+00:00,3068.55,2024-05-07 09:00:00+00:00,3112.16,signal_reverse,False,3160.6065000000003,,False,100.0,1.0,100.0,100.0,0.0325886819507585,-1.4211924198725676,0.3221317886298089,0.0,-1.7433242085023766
p1238,ETHUSDT,1,2024-05-07 10:00:00+00:00,3112.16,2024-05-07 10:00:00+00:00,3099.41,signal_reverse,False,3018.7952,,False,100.0,1.0,100.0,100.0,0.03213202406045962,-0.4096833067708601,0.3193854750398437,0.0,-0.7290687818107038
p1239,ETHUSDT,-1,2024-05-07 11:00:00+00:00,3099.41,2024-05-07 11:00:00+00:00,3062.04,signal_reverse,False,3192.3923,,False,100.0,1.0,100.0,100.0,0.03226420512291049,1.2057133454431614,0.31819142998183525,0.0,0.8875219154613262
p1240,ETHUSDT,1,2024-05-07 12:00:00+00:00,3062.04,2024-05-07 12:00:00+00:00,3074.71,signal_reverse,False,2970.1788,,False,100.0,1.0,100.0,100.0,0.03265796658436859,0.4137764366239524,0.32062066465493594,0.0,0.09315577196901648
p1241,ETHUSDT,-1,2024-05-07 13:00:00+00:00,3074.71,2024-05-07 13:00:00+00:00,3059.47,signal_reverse,False,3166.9513,,False,100.0,1.0,100.0,100.0,0.03252339245001968,0.4956565009383076,0.31925651524859255,0.0,0.17639998568971504
p1242,ETHUSDT,1,2024-05-07 14:00:00+00:00,3059.47,2024-05-07 16:00:00+00:00,3070.58,signal_reverse,False,2967.6859,,False,100.0,1.0,100.0,100.0,0.03268539975878175,0.3631347913200694,0.3205447021869801,0.0,0.042590089133089315
p1243,ETHUSDT,-1,2024-05-07 17:00:00+00:00,3070.58,2024-05-07 19:00:00+00:00,3048.84,signal_reverse,False,3162.6974,,False,100.0,1.0,100.0,100.0,0.03256713715324141,0.7080095617114611,0.3189379856574328,0.0,0.3890715760540283
p1244,ETHUSDT,1,2024-05-07 20:00:00+00:00,3048.84,2024-05-07 21:00:00+00:00,3049.93,signal_reverse,False,2957.3748,,False,100.0,1.0,100.0,100.0,0.03279935975649755,0.03575130213457219,0.3200536269532019,0.0,-0.2843023248186297
p1245,ETHUSDT,-1,2024-05-07 22:00:00+00:00,3049.93,2024-05-07 22:00:00+00:00,3035.94,signal_reverse,False,3141.4278999999997,,False,100.0,1.0,100.0,100.0,0.0327876377490631,0.45869905210938555,0.31931195142183594,0.0,0.13938710068754961
p1246,ETHUSDT,1,2024-05-07 23:00:00+00:00,3035.94,2024-05-08 00:00:00+00:00,3019.53,signal_reverse,False,2944.8618,,False,100.0,1.0,100.0,100.0,0.03293872737932897,-0.5405245162947836,0.3191892132255579,0.0,-0.8597137295203414
p1247,ETHUSDT,-1,2024-05-08 01:00:00+00:00,3019.53,2024-05-08 02:00:00+00:00,3025.09,signal_reverse,False,3110.1159000000002,,False,100.0,1.0,100.0,100.0,0.0331177368663335,-0.18413461697681247,0.32027620192546524,0.0,-0.5044108189022777
p1248,ETHUSDT,1,2024-05-08 03:00:00+00:00,3025.09,2024-05-08 03:00:00+00:00,3031.32,signal_reverse,False,2934.3373,,False,100.0,1.0,100.0,100.0,0.03305686772955515,0.20594428595512917,0.32030891642893267,0.0,-0.11436463047380349
p1249,ETHUSDT,-1,2024-05-08 04:00:00+00:00,3031.32,2024-05-08 09:00:00+00:00,2996.94,signal_reverse,False,3122.2596000000003,,False,100.0,1.0,100.0,100.0,0.03298892891545597,1.13415937611338,0.3182987609358299,0.0,0.81586061517755
p1250,ETHUSDT,1,2024-05-08 10:00:00+00:00,2996.94,2024-05-08 11:00:00+00:00,2989.15,signal_reverse,False,2907.0318,,False,100.0,1.0,100.0,100.0,0.03336736804874305,-0.25993179709970715,0.31961010230435044,0.0,-0.5795418994040575
p1251,ETHUSDT,-1,2024-05-08 12:00:00+00:00,2989.15,2024-05-08 12:00:00+00:00,3000.78,signal_reverse,False,3078.8245,,False,100.0,1.0,100.0,100.0,0.03345432648077212,-0.38907381697138343,0.3205836107254571,0.0,-0.7096574276968406
p1252,ETHUSDT,1,2024-05-08 13:00:00+00:00,3000.78,2024-05-08 13:00:00+00:00,3026.98,signal_reverse,False,2910.7566,,False,100.0,1.0,100.0,100.0,0.03332466891941428,0.8731063256886481,0.321309659488533,0.0,0.551796666200115
p1253,ETHUSDT,-1,2024-05-08 14:00:00+00:00,3026.98,2024-05-08 17:00:00+00:00,3010.31,signal_reverse,False,3117.7894,,False,100.0,1.0,100.0,100.0,0.03303622752710622,0.5507139128768631,0.3191739291306847,0.0,0.2315399837461784
p1254,ETHUSDT,1,2024-05-08 18:00:00+00:00,3010.31,2024-05-08 18:00:00+00:00,3008.14,signal_reverse,False,2920.0007,,False,100.0,1.0,100.0,100.0,0.0332191701186921,-0.07208559915756427,0.3198918716012637,0.0,-0.39197747075882794
p1255,ETHUSDT,-1,2024-05-08 19:00:00+00:00,3008.14,2024-05-08 21:00:00+00:00,2970.15,signal_reverse,False,3098.3842,,False,100.0,1.0,100.0,100.0,0.03324313363074857,1.262906646632131,0.3181056400300519,0.0,0.9448010066020791
p1256,ETHUSDT,1,2024-05-08 22:00:00+00:00,2970.15,2024-05-08 23:00:00+00:00,2973.21,signal_reverse,False,2881.0455,,False,100.0,1.0,100.0,100.0,0.0336683332491625,0.1030250997424354,0.32015453764961366,0.0,-0.21712943790717826
p1257,ETHUSDT,-1,2024-05-09 00:00:00+00:00,2973.21,2024-05-09 01:00:00+00:00,2995.69,signal_reverse,False,3062.4063,,False,100.0,1.0,100.0,100.0,0.03363368211461686,-0.7560851739365877,0.32113412776090494,0.0,-1.0772193016974927
p1258,ETHUSDT,1,2024-05-09 02:00:00+00:00,2995.69,2024-05-09 04:00:00+00:00,2991.78,signal_reverse,False,2905.8193,,False,100.0,1.0,100.0,100.0,0.033381291121578,-0.13052084828536512,0.319804218727572,0.0,-0.45032506701293706
p1259,ETHUSDT,-1,2024-05-09 05:00:00+00:00,2991.78,2024-05-09 06:00:00+00:00,3000.22,signal_reverse,False,3081.5334000000003,,False,100.0,1.0,100.0,100.0,0.0334249176075781,-0.2821063046079458,0.32042315945691197,0.0,-0.6025294640648577
p1260,ETHUSDT,1,2024-05-09 07:00:00+00:00,3000.22,2024-05-09 07:00:00+00:00,2982.01,signal_reverse,False,2910.2133999999996,,False,100.0,1.0,100.0,100.0,0.03333088906813501,-0.6069554899307246,0.3190895667651039,0.0,-0.9260450566958285
p1261,ETHUSDT,-1,2024-05-09 08:00:00+00:00,2982.01,2024-05-09 08:00:00+00:00,2984.16,signal_reverse,False,3071.4703000000004,,False,100.0,1.0,100.0,100.0,0.033534428120630046,-0.0720990204593424,0.32010814853068903,0.0,-0.39220716899003144
p1262,ETHUSDT,1,2024-05-09 09:00:00+00:00,2984.16,2024-05-09 09:00:00+00:00,2981.6,signal_reverse,False,2894.6351999999997,,False,100.0,1.0,100.0,100.0,0.03351026754597609,-0.08578628491769695,0.31987132057262346,0.0,-0.4056576054903204
p1263,ETHUSDT,-1,2024-05-09 10:00:00+00:00,2981.6,2024-05-09 10:00:00+00:00,2953.51,signal_reverse,False,3071.048,,False,100.0,1.0,100.0,100.0,0.03353903944191038,0.9421116179232523,0.31858683257311515,0.0,0.6235247853501371
p1264,ETHUSDT,1,2024-05-09 11:00:00+00:00,2953.51,2024-05-09 12:00:00+00:00,2987.57,signal_reverse,False,2864.9047,,False,100.0,1.0,100.0,100.0,0.033858019779855156,1.1532041537018647,0.32172980623055286,0.0,0.8314743474713118
p1265,ETHUSDT,-1,2024-05-09 13:00:00+00:00,2987.57,2024-05-09 14:00:00+00:00,2986.29,signal_reverse,False,3077.1971000000003,,False,100.0,1.0,100.0,100.0,0.03347201906566206,0.04284418440405413,0.31993573372339396,0.0,-0.2770915493193398
p1266,ETHUSDT,1,2024-05-09 15:00:00+00:00,2986.29,2024-05-09 15:00:00+00:00,3004.67,signal_reverse,False,2896.7013,,False,100.0,1.0,100.0,100.0,0.03348636602607249,0.6154794075592159,0.32092321911133886,0.0,0.29455618844787707
p1267,ETHUSDT,-1,2024-05-09 16:00:00+00:00,3004.67,2024-05-09 16:00:00+00:00,2992.85,signal_reverse,False,3094.8101,,False,100.0,1.0,100.0,100.0,0.033281525092605846,0.3933876265946065,0.31940991856010814,0.0,0.07397770803449838
p1268,ETHUSDT,1,2024-05-09 17:00:00+00:00,2992.85,2024-05-09 17:00:00+00:00,3002.77,signal_reverse,False,2903.0645,,False,100.0,1.0,100.0,100.0,0.033412967572714974,0.331456638321335,0.32049718495748203,0.0,0.010959453363852956
p1269,ETHUSDT,-1,2024-05-09 18:00:00+00:00,3002.77,2024-05-09 18:00:00+00:00,3015.97,signal_reverse,False,3092.8531,,False,100.0,1.0,100.0,100.0,0.03330258394748849,-0.43959410810684196,0.3206593911621603,0.0,-0.7602534992690022
p1270,ETHUSDT,1,2024-05-09 19:00:00+00:00,3015.97,2024-05-09 21:00:00+00:00,3019.3,signal_reverse,False,2925.4909,,False,100.0,1.0,100.0,100.0,0.03315682848304194,0.11041223884854233,0.32016561835827284,0.0,-0.2097533795097305
p1271,ETHUSDT,-1,2024-05-09 22:00:00+00:00,3019.3,2024-05-09 23:00:00+00:00,3034.52,signal_reverse,False,3109.8790000000004,,False,100.0,1.0,100.0,100.0,0.03312025966283576,-0.5040903520683536,0.32075613552810256,0.0,-0.8248464875964562
p1272,ETHUSDT,1,2024-05-10 00:00:00+00:00,3034.52,2024-05-10 00:00:00+00:00,3024.61,signal_reverse,False,2943.4844,,False,100.0,1.0,100.0,100.0,0.032954141017360244,-0.3265755374820352,0.31951013669377704,0.0,-0.6460856741758123
p1273,ETHUSDT,-1,2024-05-10 01:00:00+00:00,3024.61,2024-05-10 01:00:00+00:00,3035.33,signal_reverse,False,3115.3483,,False,100.0,1.0,100.0,100.0,0.03306211379318325,-0.35442585986291786,0.32053163878979435,0.0,-0.6749574986527123
p1274,ETHUSDT,1,2024-05-10 02:00:00+00:00,3035.33,2024-05-10 02:00:00+00:00,3029.41,signal_reverse,False,2944.2700999999997,,False,100.0,1.0,100.0,100.0,0.032945346963921554,-0.195036454026418,0.3197074453189604,0.0,-0.5147438993453783
p1275,ETHUSDT,-1,2024-05-10 03:00:00+00:00,3029.41,2024-05-10 03:00:00+00:00,3027.33,signal_reverse,False,3120.2923,,False,100.0,1.0,100.0,100.0,0.033009727966831826,0.06866023417100779,0.3198970096487435,0.0,-0.2512367754777357
p1276,ETHUSDT,1,2024-05-10 04:00:00+00:00,3027.33,2024-05-10 04:00:00+00:00,3030.45,signal_reverse,False,2936.5101,,False,100.0,1.0,100.0,100.0,0.033032408095582576,0.10306111325821403,0.3201545916698873,0.0,-0.21709347841167326
p1277,ETHUSDT,-1,2024-05-10 05:00:00+00:00,3030.45,2024-05-10 05:00:00+00:00,3028.46,signal_reverse,False,3121.3635,,False,100.0,1.0,100.0,100.0,0.03299839957762049,0.06566681515945758,0.31990149977726084,0.0,-0.2542346846178033
p1278,ETHUSDT,1,2024-05-10 06:00:00+00:00,3028.46,2024-05-10 07:00:00+00:00,3040.88,signal_reverse,False,2937.6062,,False,100.0,1.0,100.0,100.0,0.0330200828143677,0.4101094285544492,0.3206151641428317,0.0,0.08949426441161751
p1279,ETHUSDT,-1,2024-05-10 08:00:00+00:00,3040.88,2024-05-10 09:00:00+00:00,3032.3,signal_reverse,False,3132.1064,,False,100.0,1.0,100.0,100.0,0.03288521743705769,0.2821551656099526,0.31957676725158507,0.0,-0.037421601641632496
p1280,ETHUSDT,1,2024-05-10 10:00:00+00:00,3032.3,2024-05-10 10:00:00+00:00,3028.94,signal_reverse,False,2941.331,,False,100.0,1.0,100.0,100.0,0.03297826732183491,-0.1108069782013695,0.319833789532698,0.0,-0.43064076773406745
p1281,ETHUSDT,-1,2024-05-10 11:00:00+00:00,3028.94,2024-05-10 18:00:00+00:00,2906.65,signal_reverse,False,3119.8082,,False,100.0,1.0,100.0,100.0,0.03301485007956579,4.0373860162301,0.3139439209756549,0.0,3.7234420952544447
p1282,ETHUSDT,1,2024-05-10 19:00:00+00:00,2906.65,2024-05-10 22:00:00+00:00,2904.16,signal_reverse,False,2819.4505,,False,100.0,1.0,100.0,100.0,0.0344038669946502,-0.08566562881668713,0.319871501556775,0.0,-0.4055371303734622
p1283,ETHUSDT,-1,2024-05-10 23:00:00+00:00,2904.16,2024-05-10 23:00:00+00:00,2908.81,signal_reverse,False,2991.2848,,False,100.0,1.0,100.0,100.0,0.0344333645529172,-0.16011514517106812,0.3202401727177566,0.0,-0.48035531788882474
p1284,ETHUSDT,1,2024-05-11 00:00:00+00:00,2908.81,2024-05-11 00:00:00+00:00,2913.07,signal_reverse,False,2821.5457,,False,100.0,1.0,100.0,100.0,0.03437831965649183,0.1464516417366627,0.320219677462605,0.0,-0.1737680357259423
p1285,ETHUSDT,-1,2024-05-11 01:00:00+00:00,2913.07,2024-05-11 04:00:00+00:00,2911.68,signal_reverse,False,3000.4621,,False,100.0,1.0,100.0,100.0,0.034328045670031955,0.04771598348135566,0.319928426024778,0.0,-0.27221244254342236
p1286,ETHUSDT,1,2024-05-11 05:00:00+00:00,2911.68,2024-05-11 11:00:00+00:00,2902.88,signal_reverse,False,2824.3296,,False,100.0,1.0,100.0,100.0,0.03434443345422574,-0.30223101439717714,0.3195466534784042,0.0,-0.6217776678755813
p1287,ETHUSDT,-1,2024-05-11 12:00:00+00:00,2902.88,2024-05-11 12:00:00+00:00,2899.62,signal_reverse,False,2989.9664000000002,,False,100.0,1.0,100.0,100.0,0.03444854764923111,0.11230226533650094,0.3198315466019953,0.0,-0.20752928126549436
p1288,ETHUSDT,1,2024-05-11 13:00:00+00:00,2899.62,2024-05-11 13:00:00+00:00,2912.95,signal_reverse,False,2812.6313999999998,,False,100.0,1.0,100.0,100.0,0.03448727764327739,0.45971541098488516,0.32068957311647733,0.0,0.13902583786840783
p1289,ETHUSDT,-1,2024-05-11 14:00:00+00:00,2912.95,2024-05-11 14:00:00+00:00,2900.81,signal_reverse,False,3000.3385,,False,100.0,1.0,100.0,100.0,0.03432945982594964,0.4167596422870243,0.3193748605365695,0.0,0.09738478175045479
p1290,ETHUSDT,1,2024-05-11 15:00:00+00:00,2900.81,2024-05-11 15:00:00+00:00,2924.77,signal_reverse,False,2813.7857,,False,100.0,1.0,100.0,100.0,0.03447312991888472,0.8259761928564793,0.3212389642892847,0.0,0.5047372285671945
p1291,ETHUSDT,-1,2024-05-11 16:00:00+00:00,2924.77,2024-05-11 16:00:00+00:00,2923.26,signal_reverse,False,3012.5131,,False,100.0,1.0,100.0,100.0,0.03419072268930549,0.0516279912608432,0.31992255801310876,0.0,-0.26829456675226554
p1292,ETHUSDT,1,2024-05-11 17:00:00+00:00,2923.26,2024-05-11 18:00:00+00:00,2931.93,signal_reverse,False,2835.5622000000003,,False,100.0,1.0,100.0,100.0,0.034208383790699425,0.29658668746535094,0.32044488003119803,0.0,-0.02385819256584709
p1293,ETHUSDT,-1,2024-05-11 19:00:00+00:00,2931.93,2024-05-11 19:00:00+00:00,2929.53,signal_reverse,False,3019.8878999999997,,False,100.0,1.0,100.0,100.0,0.03410722629803577,0.08185734311527343,0.3198772139853271,0.0,-0.23801987087005366
p1294,ETHUSDT,1,2024-05-11 20:00:00+00:00,2929.53,2024-05-12 00:00:00+00:00,2919.92,signal_reverse,False,2841.6441,,False,100.0,1.0,100.0,100.0,0.034135168439988664,-0.3280389687082954,0.31950794154693757,0.0,-0.6475469102552329
p1295,ETHUSDT,-1,2024-05-12 01:00:00+00:00,2919.92,2024-05-12 02:00:00+00:00,2918.64,signal_reverse,False,3007.5176,,False,100.0,1.0,100.0,100.0,0.03424751363051042,0.043836817447060195,0.3199342447738294,0.0,-0.27609742732676923
p1296,ETHUSDT,1,2024-05-12 03:00:00+00:00,2918.64,2024-05-12 05:00:00+00:00,2924.94,signal_reverse,False,2831.0807999999997,,False,100.0,1.0,100.0,100.0,0.034262533234657236,0.2158539593783468,0.32032378093906755,0.0,-0.10446982156072074
p1297,ETHUSDT,-1,2024-05-12 06:00:00+00:00,2924.94,2024-05-12 06:00:00+00:00,2919.08,signal_reverse,False,3012.6882,,False,100.0,1.0,100.0,100.0,0.03418873549542897,0.2003459900032181,0.3196994810149952,0.0,-0.11935349101177709
p1298,ETHUSDT,1,2024-05-12 07:00:00+00:00,2919.08,2024-05-12 07:00:00+00:00,2906.71,signal_reverse,False,2831.5076,,False,100.0,1.0,100.0,100.0,0.03425736876002028,-0.42376365156144713,0.3193643545226579,0.0,-0.743128006084105
p1299,ETHUSDT,-1,2024-05-12 08:00:00+00:00,2906.71,2024-05-12 09:00:00+00:00,2914.39,signal_reverse,False,2993.9113,,False,100.0,1.0,100.0,100.0,0.03440315683367106,-0.2642162444825881,0.3203963243667239,0.0,-0.584612568849312
p1300,ETHUSDT,1,2024-05-12 10:00:00+00:00,2914.39,2024-05-12 10:00:00+00:00,2929.47,signal_reverse,False,2826.9583,,False,100.0,1.0,100.0,100.0,0.034312497641015786,0.5174324644265156,0.32077614869663973,0.0,0.19665631572987585
p1301,ETHUSDT,-1,2024-05-12 11:00:00+00:00,2929.47,2024-05-12 11:00:00+00:00,2927.09,signal_reverse,False,3017.3540999999996,,False,100.0,1.0,100.0,100.0,0.03413586758014248,0.0812433648407273,0.3198781349527389,0.0,-0.23863477011201162
p1302,ETHUSDT,1,2024-05-12 12:00:00+00:00,2927.09,2024-05-12 12:00:00+00:00,2928.8,signal_reverse,False,2839.2773,,False,100.0,1.0,100.0,100.0,0.034163623257228166,0.05841979576986141,0.32008762969365484,0.0,-0.26166783392379345
p1303,ETHUSDT,-1,2024-05-12 13:00:00+00:00,2928.8,2024-05-12 13:00:00+00:00,2934.91,signal_reverse,False,3016.664,,False,100.0,1.0,100.0,100.0,0.03414367659109533,-0.2086178639715813,0.3203129267959574,0.0,-0.5289307907675387
p1304,ETHUSDT,1,2024-05-12 14:00:00+00:00,2934.91,2024-05-12 16:00:00+00:00,2927.61,signal_reverse,False,2846.8626999999997,,False,100.0,1.0,100.0,100.0,0.0340725950710584,-0.248729944018717,0.31962690508397196,0.0,-0.5683568491026889
p1305,ETHUSDT,-1,2024-05-12 17:00:00+00:00,2927.61,2024-05-12 19:00:00+00:00,2928.0,signal_reverse,False,3015.4383000000003,,False,100.0,1.0,100.0,100.0,0.03415755513883338,-0.013321446504140669,0.3200199821697562,0.0,-0.3333414286738969
p1306,ETHUSDT,1,2024-05-12 20:00:00+00:00,2928.0,2024-05-12 20:00:00+00:00,2922.15,signal_reverse,False,2840.16,,False,100.0,1.0,100.0,100.0,0.03415300546448088,-0.19979508196721002,0.3197003073770492,0.0,-0.5194953893442592
p1307,ETHUSDT,-1,2024-05-12 21:00:00+00:00,2922.15,2024-05-12 22:00:00+00:00,2930.17,signal_reverse,False,3009.8145,,False,100.0,1.0,100.0,100.0,0.03422137809489588,-0.27445545232106433,0.3204116831784816,0.0,-0.594867135499546
p1308,ETHUSDT,1,2024-05-12 23:00:00+00:00,2930.17,2024-05-13 02:00:00+00:00,2883.76,signal_reverse,False,2842.2649,,False,100.0,1.0,100.0,100.0,0.034127712726565354,-1.5838671476398931,0.31762419927854013,0.0,-1.9014913469184331
p1309,ETHUSDT,-1,2024-05-13 03:00:00+00:00,2883.76,2024-05-13 06:00:00+00:00,2918.26,signal_reverse,False,2970.2728,,False,100.0,1.0,100.0,100.0,0.03467694953810303,-1.1963547590645547,0.3217945321385968,0.0,-1.5181492912031516
p1310,ETHUSDT,1,2024-05-13 07:00:00+00:00,2918.26,2024-05-13 09:00:00+00:00,2984.55,signal_reverse,False,2830.7122000000004,,False,100.0,1.0,100.0,100.0,0.03426699471602941,2.2715590797255882,0.3234073386195884,0.0,1.9481517411059999
p1311,ETHUSDT,-1,2024-05-13 10:00:00+00:00,2984.55,2024-05-13 12:00:00+00:00,2964.23,signal_reverse,False,3074.0865000000003,,False,100.0,1.0,100.0,100.0,0.03350588865993198,0.6808396575698233,0.3189787405136453,0.0,0.36186091705617807
p1312,ETHUSDT,1,2024-05-13 13:00:00+00:00,2964.23,2024-05-13 14:00:00+00:00,2950.48,signal_reverse,False,2875.3031,,False,100.0,1.0,100.0,100.0,0.03373557382524298,-0.46386414009709104,0.3193042037898544,0.0,-0.7831683438869455
p1313,ETHUSDT,-1,2024-05-13 15:00:00+00:00,2950.48,2024-05-13 18:00:00+00:00,2942.29,signal_reverse,False,3038.9944,,False,100.0,1.0,100.0,100.0,0.03389279032564193,0.27758195276700925,0.31958362707084953,0.0,-0.042001674303840275
p1314,ETHUSDT,1,2024-05-13 19:00:00+00:00,2942.29,2024-05-13 20:00:00+00:00,2953.48,signal_reverse,False,2854.0213,,False,100.0,1.0,100.0,100.0,0.03398713247164623,0.3803160123577232,0.3205704740185366,0.0,0.05974553833918661
p1315,ETHUSDT,-1,2024-05-13 21:00:00+00:00,2953.48,2024-05-13 21:00:00+00:00,2949.96,signal_reverse,False,3042.0844,,False,100.0,1.0,100.0,100.0,0.033858363692999445,0.11918144019935743,0.319821227839701,0.0,-0.20063978764034357
p1316,ETHUSDT,1,2024-05-13 22:00:00+00:00,2949.96,2024-05-14 00:00:00+00:00,2944.61,signal_reverse,False,2861.4612,,False,100.0,1.0,100.0,100.0,0.03389876472901327,-0.1813583913002179,0.3197279624130497,0.0,-0.5010863537132676
p1317,ETHUSDT,-1,2024-05-14 01:00:00+00:00,2944.61,2024-05-14 05:00:00+00:00,2941.78,signal_reverse,False,3032.9483,,False,100.0,1.0,100.0,100.0,0.0339603546819443,0.0961078037498999,0.31985583829437514,0.0,-0.22374803454447523
p1318,ETHUSDT,1,2024-05-14 06:00:00+00:00,2941.78,2024-05-14 10:00:00+00:00,2902.7,signal_reverse,False,2853.5266,,False,100.0,1.0,100.0,100.0,0.033993024631345646,-1.3284474025930009,0.31800732889611055,0.0,-1.6464547314891114
p1319,ETHUSDT,-1,2024-05-14 11:00:00+00:00,2902.7,2024-05-14 16:00:00+00:00,2891.5,signal_reverse,False,2989.781,,False,100.0,1.0,100.0,100.0,0.034450683846074345,0.3858476590760264,0.319421228511386,0.0,0.06642643056464043
p1320,ETHUSDT,1,2024-05-14 17:00:00+00:00,2891.5,2024-05-14 17:00:00+00:00,2875.14,signal_reverse,False,2804.755,,False,100.0,1.0,100.0,100.0,0.034584125886218224,-0.5657962994985346,0.3191513055507522,0.0,-0.8849476050492868
p1321,ETHUSDT,-1,2024-05-14 18:00:00+00:00,2875.14,2024-05-14 19:00:00+00:00,2893.15,signal_reverse,False,2961.3941999999997,,False,100.0,1.0,100.0,100.0,0.03478091501631225,-0.6264042794437913,0.32093960641916575,0.0,-0.947343885862957
p1322,ETHUSDT,1,2024-05-14 20:00:00+00:00,2893.15,2024-05-14 21:00:00+00:00,2895.08,signal_reverse,False,2806.3555,,False,100.0,1.0,100.0,100.0,0.03456440212225429,0.06670929609594513,0.320100063944144,0.0,-0.25339076784819886
p1323,ETHUSDT,-1,2024-05-14 22:00:00+00:00,2895.08,2024-05-14 23:00:00+00:00,2880.77,signal_reverse,False,2981.9323999999997,,False,100.0,1.0,100.0,100.0,0.03454135982425356,0.4942868590850666,0.31925856971137245,0.0,0.17502828937369413
p1324,ETHUSDT,1,2024-05-15 00:00:00+00:00,2880.77,2024-05-15 00:00:00+00:00,2868.44,signal_reverse,False,2794.3469,,False,100.0,1.0,100.0,100.0,0.03471294133165786,-0.42801056661933884,0.319357984150071,0.0,-0.7473685507694099
p1325,ETHUSDT,-1,2024-05-15 01:00:00+00:00,2868.44,2024-05-15 02:00:00+00:00,2887.65,signal_reverse,False,2954.4932,,False,100.0,1.0,100.0,100.0,0.03486215503897589,-0.6697019982987281,0.3210045529974481,0.0,-0.9907065512961762
p1326,ETHUSDT,1,2024-05-15 03:00:00+00:00,2887.65,2024-05-15 03:00:00+00:00,2902.01,signal_reverse,False,2801.0205,,False,100.0,1.0,100.0,100.0,0.03463023565875366,0.49729018405970693,0.3207459352760896,0.0,0.17654424878361735
p1327,ETHUSDT,-1,2024-05-15 04:00:00+00:00,2902.01,2024-05-15 04:00:00+00:00,2903.32,signal_reverse,False,2989.0703000000003,,False,100.0,1.0,100.0,100.0,0.034458875055564935,-0.04514112632278818,0.3200677116894842,0.0,-0.3652088380122724
p1328,ETHUSDT,1,2024-05-15 05:00:00+00:00,2903.32,2024-05-15 06:00:00+00:00,2905.94,signal_reverse,False,2816.2204,,False,100.0,1.0,100.0,100.0,0.03444332694983673,0.09024151660856848,0.3201353622749129,0.0,-0.2298938456663444
p1329,ETHUSDT,-1,2024-05-15 07:00:00+00:00,2905.94,2024-05-15 10:00:00+00:00,2907.0,signal_reverse,False,2993.1182,,False,100.0,1.0,100.0,100.0,0.034412272792968886,-0.036477009160545144,0.3200547155137408,0.0,-0.35653172467428595
p1330,ETHUSDT,1,2024-05-15 11:00:00+00:00,2907.0,2024-05-15 11:00:00+00:00,2897.79,signal_reverse,False,2819.79,,False,100.0,1.0,100.0,100.0,0.03439972480220158,-0.3168214654282778,0.3195247678018576,0.0,-0.6363462332301355
p1331,ETHUSDT,-1,2024-05-15 12:00:00+00:00,2897.79,2024-05-15 14:00:00+00:00,2974.88,signal_reverse,False,2984.7237,,False,100.0,1.0,100.0,100.0,0.03450905690198393,-2.660303196573946,0.32399045479486094,0.0,-2.984293651368807
p1332,ETHUSDT,1,2024-05-15 15:00:00+00:00,2974.88,2024-05-15 16:00:00+00:00,2972.56,signal_reverse,False,2885.6336,,False,100.0,1.0,100.0,100.0,0.03361480126929489,-0.07798633894476965,0.31988302049158285,0.0,-0.3978693594363525
p1333,ETHUSDT,-1,2024-05-15 17:00:00+00:00,2972.56,2024-05-15 17:00:00+00:00,2982.0,signal_reverse,False,3061.7368,,False,100.0,1.0,100.0,100.0,0.0336410366821864,-0.31757138627984144,0.3204763570794198,0.0,-0.6380477433592613
p1334,ETHUSDT,1,2024-05-15 18:00:00+00:00,2982.0,2024-05-15 20:00:00+00:00,3020.24,signal_reverse,False,2892.54,,False,100.0,1.0,100.0,100.0,0.0335345405767941,1.282360831656599,0.32192354124748496,0.0,0.9604372904091141
p1335,ETHUSDT,-1,2024-05-15 21:00:00+00:00,3020.24,2024-05-15 22:00:00+00:00,3011.8,signal_reverse,False,3110.8471999999997,,False,100.0,1.0,100.0,100.0,0.033109951527030966,0.2794479908881281,0.31958082801366783,0.0,-0.04013283712553972
p1336,ETHUSDT,1,2024-05-15 23:00:00+00:00,3011.8,2024-05-16 01:00:00+00:00,3013.93,signal_reverse,False,2921.4460000000004,,False,100.0,1.0,100.0,100.0,0.0332027359054386,0.07072182747857275,0.3201060827412179,0.0,-0.24938425526264513
p1337,ETHUSDT,-1,2024-05-16 02:00:00+00:00,3013.93,2024-05-16 02:00:00+00:00,3002.44,signal_reverse,False,3104.3478999999998,,False,100.0,1.0,100.0,100.0,0.033179270918700834,0.3812298228558653,0.3194281552657162,0.0,0.0618016675901491
p1338,ETHUSDT,1,2024-05-16 03:00:00+00:00,3002.44,2024-05-16 05:00:00+00:00,3005.5,signal_reverse,False,2912.3668000000002,,False,100.0,1.0,100.0,100.0,0.033306244254672865,0.10191710741929715,0.320152875661129,0.0,-0.21823576824183183
p1339,ETHUSDT,-1,2024-05-16 06:00:00+00:00,3005.5,2024-05-16 07:00:00+00:00,3015.1,signal_reverse,False,3095.665,,False,100.0,1.0,100.0,100.0,0.0332723340542339,-0.31941440692064244,0.32047912161038095,0.0,-0.6398935285310234
p1340,ETHUSDT,1,2024-05-16 08:00:00+00:00,3015.1,2024-05-16 08:00:00+00:00,3008.05,signal_reverse,False,2924.647,,False,100.0,1.0,100.0,100.0,0.03316639580776757,-0.2338230904447523,0.3196492653643329,0.0,-0.5534723558090853
p1341,ETHUSDT,-1,2024-05-16 09:00:00+00:00,3008.05,2024-05-16 09:00:00+00:00,3008.42,signal_reverse,False,3098.2915000000003,,False,100.0,1.0,100.0,100.0,0.03324412825584681,-0.01230032745465969,0.320018450491182,0.0,-0.3323187779458417
p1342,ETHUSDT,1,2024-05-16 10:00:00+00:00,3008.42,2024-05-16 11:00:00+00:00,3005.4,signal_reverse,False,2918.1674000000003,,False,100.0,1.0,100.0,100.0,0.03324003962212723,-0.10038491965882364,0.3198494226205118,0.0,-0.4202343422793354
p1343,ETHUSDT,-1,2024-05-16 12:00:00+00:00,3005.4,2024-05-16 22:00:00+00:00,2938.58,signal_reverse,False,3095.562,,False,100.0,1.0,100.0,100.0,0.03327344113928262,2.2233313369268703,0.3166650029946097,0.0,1.9066663339322607
p1344,ETHUSDT,1,2024-05-16 23:00:00+00:00,2938.58,2024-05-16 23:00:00+00:00,2944.06,signal_reverse,False,2850.4226,,False,100.0,1.0,100.0,100.0,0.03403004172083115,0.1864846286301553,0.3202797269429452,0.0,-0.1337950983127899
p1345,ETHUSDT,-1,2024-05-17 00:00:00+00:00,2944.06,2024-05-17 05:00:00+00:00,2946.22,signal_reverse,False,3032.3818,,False,100.0,1.0,100.0,100.0,0.03396669904825309,-0.07336806994422174,0.3201100521049164,0.0,-0.3934781220491381
p1346,ETHUSDT,1,2024-05-17 06:00:00+00:00,2946.22,2024-05-17 06:00:00+00:00,2958.98,signal_reverse,False,2857.8334,,False,100.0,1.0,100.0,100.0,0.03394179660717801,0.4330973247075989,0.3206496459870614,0.0,0.11244767872053746
p1347,ETHUSDT,-1,2024-05-17 07:00:00+00:00,2958.98,2024-05-17 07:00:00+00:00,3024.65,signal_reverse,False,3047.7494,,False,100.0,1.0,100.0,100.0,0.03379542950611359,-2.219345855666482,0.32332901878349973,0.0,-2.5426748744499816
p1348,ETHUSDT,1,2024-05-17 08:00:00+00:00,3024.65,2024-05-17 08:00:00+00:00,3026.99,signal_reverse,False,2933.9105,,False,100.0,1.0,100.0,100.0,0.033061676557618234,0.07736432314481645,0.32011604648471725,0.0,-0.2427517233399008
p1349,ETHUSDT,-1,2024-05-17 09:00:00+00:00,3026.99,2024-05-17 14:00:00+00:00,3091.35,signal_reverse,False,3117.7996999999996,,False,100.0,1.0,100.0,100.0,0.03303611838823386,-2.1262045794667355,0.3231893068692001,0.0,-2.4493938863359355
p1350,ETHUSDT,1,2024-05-17 15:00:00+00:00,3091.35,2024-05-17 15:00:00+00:00,3111.09,signal_reverse,False,2998.6095,,False,100.0,1.0,100.0,100.0,0.032348326782797164,0.6385559706924236,0.3209578339560387,0.0,0.31759813673638493
p1351,ETHUSDT,-1,2024-05-17 16:00:00+00:00,3111.09,2024-05-17 16:00:00+00:00,3095.51,signal_reverse,False,3204.4227,,False,100.0,1.0,100.0,100.0,0.032143075256582096,0.5007891124975468,0.31924881633125374,0.0,0.18154029616629302
p1352,ETHUSDT,1,2024-05-17 17:00:00+00:00,3095.51,2024-05-17 20:00:00+00:00,3088.49,signal_reverse,False,3002.6447000000003,,False,100.0,1.0,100.0,100.0,0.032304854450478274,-0.2267800782423716,0.3196598298826364,0.0,-0.546439908125008
p1353,ETHUSDT,-1,2024-05-17 21:00:00+00:00,3088.49,2024-05-17 21:00:00+00:00,3085.76,signal_reverse,False,3181.1447,,False,100.0,1.0,100.0,100.0,0.03237828194360351,0.08839270970602345,0.319867410935441,0.0,-0.23147470122941757
p1354,ETHUSDT,1,2024-05-17 22:00:00+00:00,3085.76,2024-05-17 23:00:00+00:00,3091.49,signal_reverse,False,2993.1872000000003,,False,100.0,1.0,100.0,100.0,0.03240692730478067,0.1856916934563791,0.3202785375401846,0.0,-0.1345868440838055
p1355,ETHUSDT,-1,2024-05-18 00:00:00+00:00,3091.49,2024-05-18 02:00:00+00:00,3098.71,signal_reverse,False,3184.2347,,False,100.0,1.0,100.0,100.0,0.03234686186919576,-0.23354434269560165,0.32035031651404344,0.0,-0.5538946592096451
p1356,ETHUSDT,1,2024-05-18 03:00:00+00:00,3098.71,2024-05-18 05:00:00+00:00,3097.29,signal_reverse,False,3005.7487,,False,100.0,1.0,100.0,100.0,0.032271493621539284,-0.045825520942588134,0.3199312617185861,0.0,-0.36575678266117423
p1357,ETHUSDT,-1,2024-05-18 06:00:00+00:00,3097.29,2024-05-18 06:00:00+00:00,3098.5,signal_reverse,False,3190.2087,,False,100.0,1.0,100.0,100.0,0.03228628898165816,-0.03906640966780755,0.3200585996145018,0.0,-0.35912500928230934
p1358,ETHUSDT,1,2024-05-18 07:00:00+00:00,3098.5,2024-05-18 07:00:00+00:00,3101.39,signal_reverse,False,3005.545,,False,100.0,1.0,100.0,100.0,0.032273680813296755,0.09327093755042351,0.3201399064063256,0.0,-0.2268689688559021
p1359,ETHUSDT,-1,2024-05-18 08:00:00+00:00,3101.39,2024-05-18 11:00:00+00:00,3134.24,signal_reverse,False,3194.4317,,False,100.0,1.0,100.0,100.0,0.032243606898842134,-1.0592024866269611,0.3215888037299404,0.0,-1.3807912903569015
p1360,ETHUSDT,1,2024-05-18 12:00:00+00:00,3134.24,2024-05-18 12:00:00+00:00,3117.31,signal_reverse,False,3040.2128,,False,100.0,1.0,100.0,100.0,0.03190566134054827,-0.540162846495477,0.3191897557302569,0.0,-0.8593526022257338
p1361,ETHUSDT,-1,2024-05-18 13:00:00+00:00,3117.31,2024-05-18 13:00:00+00:00,3107.82,signal_reverse,False,3210.8293,,False,100.0,1.0,100.0,100.0,0.032078939855195665,0.30442913922579984,0.3195433562911613,0.0,-0.01511421706536148
p1362,ETHUSDT,1,2024-05-18 14:00:00+00:00,3107.82,2024-05-18 15:00:00+00:00,3110.6,signal_reverse,False,3014.5854,,False,100.0,1.0,100.0,100.0,0.032176895701810274,0.08945177005102437,0.32013417765507657,0.0,-0.2306824076040522
p1363,ETHUSDT,-1,2024-05-18 16:00:00+00:00,3110.6,2024-05-18 22:00:00+00:00,3117.17,signal_reverse,False,3203.918,,False,100.0,1.0,100.0,100.0,0.03214813862277374,-0.21121327075162874,0.3203168199061275,0.0,-0.5315300906577562
p1364,ETHUSDT,1,2024-05-18 23:00:00+00:00,3117.17,2024-05-19 00:00:00+00:00,3113.12,signal_reverse,False,3023.6549,,False,100.0,1.0,100.0,100.0,0.032080380601635455,-0.12992554143662943,0.31980511168784503,0.0,-0.44973065312447447
p1365,ETHUSDT,-1,2024-05-19 01:00:00+00:00,3113.12,2024-05-19 01:00:00+00:00,3117.96,signal_reverse,False,3206.5135999999998,,False,100.0,1.0,100.0,100.0,0.032122115434034024,-0.15547103870072934,0.3202332065580511,0.0,-0.4757042452587804
p1366,ETHUSDT,1,2024-05-19 02:00:00+00:00,3117.96,2024-05-19 03:00:00+00:00,3128.86,signal_reverse,False,3024.4212,,False,100.0,1.0,100.0,100.0,0.03207225237013945,0.3495875508345229,0.32052438132625183,0.0,0.02906316950827109
p1367,ETHUSDT,-1,2024-05-19 04:00:00+00:00,3128.86,2024-05-19 05:00:00+00:00,3119.03,signal_reverse,False,3222.7258,,False,100.0,1.0,100.0,100.0,0.031960522362777494,0.31417193482610045,0.3195287420977609,0.0,-0.005356807271660435
p1368,ETHUSDT,1,2024-05-19 06:00:00+00:00,3119.03,2024-05-19 09:00:00+00:00,3109.7,signal_reverse,False,3025.4591,,False,100.0,1.0,100.0,100.0,0.03206124981164016,-0.29913146074261493,0.3195513028088861,0.0,-0.6186827635515011
p1369,ETHUSDT,-1,2024-05-19 10:00:00+00:00,3109.7,2024-05-19 12:00:00+00:00,3077.01,signal_reverse,False,3202.991,,False,100.0,1.0,100.0,100.0,0.03215744284014535,1.0512268064443386,0.31842315979033353,0.0,0.7328036466540051
p1370,ETHUSDT,1,2024-05-19 13:00:00+00:00,3077.01,2024-05-19 14:00:00+00:00,3078.44,signal_reverse,False,2984.6997,,False,100.0,1.0,100.0,100.0,0.0324990819009363,0.046473687118333586,0.32006971053067756,0.0,-0.27359602341234396
p1371,ETHUSDT,-1,2024-05-19 15:00:00+00:00,3078.44,2024-05-19 16:00:00+00:00,3061.63,signal_reverse,False,3170.7932,,False,100.0,1.0,100.0,100.0,0.032483985395200164,0.546055794493313,0.31918091630826007,0.0,0.22687487818505292
p1372,ETHUSDT,1,2024-05-19 17:00:00+00:00,3061.63,2024-05-19 18:00:00+00:00,3072.36,signal_reverse,False,2969.7811,,False,100.0,1.0,100.0,100.0,0.032662339995361944,0.35046690815023424,0.32052570036222533,0.0,0.029941207788008906
p1373,ETHUSDT,-1,2024-05-19 19:00:00+00:00,3072.36,2024-05-19 19:00:00+00:00,3064.4,signal_reverse,False,3164.5308,,False,100.0,1.0,100.0,100.0,0.03254826908305016,0.2590842219010805,0.3196113736671484,0.0,-0.06052715176606793
p1374,ETHUSDT,1,2024-05-19 20:00:00+00:00,3064.4,2024-05-19 23:00:00+00:00,3070.14,signal_reverse,False,2972.4680000000003,,False,100.0,1.0,100.0,100.0,0.032632815559326456,0.18731236131052673,0.3202809685419658,0.0,-0.13296860723143908
p1375,ETHUSDT,-1,2024-05-20 00:00:00+00:00,3070.14,2024-05-20 00:00:00+00:00,3078.9,signal_reverse,False,3162.2442,,False,100.0,1.0,100.0,100.0,0.0325718045431153,-0.2853290077976971,0.3204279935116966,0.0,-0.6057570013093937
p1376,ETHUSDT,1,2024-05-20 01:00:00+00:00,3078.9,2024-05-20 03:00:00+00:00,3086.01,signal_reverse,False,2986.533,,False,100.0,1.0,100.0,100.0,0.03247913215758875,0.23092662964046012,0.32034638994446074,0.0,-0.08941976030400062
p1377,ETHUSDT,-1,2024-05-20 04:00:00+00:00,3086.01,2024-05-20 10:00:00+00:00,3103.7,signal_reverse,False,3178.5903000000003,,False,100.0,1.0,100.0,100.0,0.03240430199513287,-0.5732321022938874,0.3208598481534408,0.0,-0.8940919504473283
p1378,ETHUSDT,1,2024-05-20 11:00:00+00:00,3103.7,2024-05-20 11:00:00+00:00,3093.0,signal_reverse,False,3010.589,,False,100.0,1.0,100.0,100.0,0.03221960885394851,-0.34474981473724325,0.31948287527789415,0.0,-0.6642326900151374
p1379,ETHUSDT,-1,2024-05-20 12:00:00+00:00,3093.0,2024-05-20 12:00:00+00:00,3083.56,signal_reverse,False,3185.79,,False,100.0,1.0,100.0,100.0,0.032331070158422244,0.30520530229550774,0.31954219204655676,0.0,-0.01433688975104902
p1380,ETHUSDT,1,2024-05-20 13:00:00+00:00,3083.56,2024-05-20 13:00:00+00:00,3093.48,signal_reverse,False,2991.0532,,False,100.0,1.0,100.0,100.0,0.03243004838563219,0.3217060799854737,0.3204825591199782,0.0,0.0012235208654954866
p1381,ETHUSDT,-1,2024-05-20 14:00:00+00:00,3093.48,2024-05-20 15:00:00+00:00,3117.37,signal_reverse,False,3186.2844,,False,100.0,1.0,100.0,100.0,0.032326053506083766,-0.772269418260337,0.32115840412739055,0.0,-1.0934278223877276
p1382,ETHUSDT,1,2024-05-20 16:00:00+00:00,3117.37,2024-05-20 16:00:00+00:00,3134.3,signal_reverse,False,3023.8489,,False,100.0,1.0,100.0,100.0,0.032078322432050096,0.5430859987746175,0.32081462899816193,0.0,0.22227136977645556
p1383,ETHUSDT,-1,2024-05-20 17:00:00+00:00,3134.3,2024-05-20 18:00:00+00:00,3147.51,signal_reverse,False,3228.329,,False,100.0,1.0,100.0,100.0,0.03190505056950515,-0.4214657180231642,0.32063219857703473,0.0,-0.7420979166001989
p1384,ETHUSDT,1,2024-05-20 19:00:00+00:00,3147.51,2024-05-20 19:00:00+00:00,3440.88,signal_reverse,False,3053.0847000000003,,False,100.0,1.0,100.0,100.0,0.031771146080552565,9.320701125651702,0.3339810516884776,0.0,8.986720073963225
p1385,ETHUSDT,-1,2024-05-20 20:00:00+00:00,3440.88,2024-05-20 20:00:00+00:00,3544.1064,initial_sl,False,3544.1064,,False,100.0,1.0,100.0,100.0,0.02906233289158587,-3.0,0.3245,0.0,-3.3245
p1386,ETHUSDT,-1,2024-05-20 21:00:00+00:00,3502.56,2024-05-20 21:00:00+00:00,3607.6367999999998,initial_sl,False,3607.6367999999998,,False,100.0,1.0,100.0,100.0,0.02855054588643735,-2.999999999999995,0.3245,0.0,-3.324499999999995
p1387,ETHUSDT,-1,2024-05-20 22:00:00+00:00,3654.45,2024-05-21 02:00:00+00:00,3676.11,signal_reverse,False,3764.0834999999997,,False,100.0,1.0,100.0,100.0,0.027363898808302207,-0.5927020481878342,0.32088905307228177,0.0,-0.913591101260116
p1388,ETHUSDT,1,2024-05-21 03:00:00+00:00,3676.11,2024-05-21 04:00:00+00:00,3662.48,signal_reverse,False,3565.8267,,False,100.0,1.0,100.0,100.0,0.027202668037681135,-0.37077236535359687,0.31944384145196963,0.0,-0.6902162068055665
p1389,ETHUSDT,-1,2024-05-21 05:00:00+00:00,3662.48,2024-05-21 06:00:00+00:00,3671.31,signal_reverse,False,3772.3544,,False,100.0,1.0,100.0,100.0,0.027303903366025208,-0.2410934667220006,0.32036164020008306,0.0,-0.5614551069220837
p1390,ETHUSDT,1,2024-05-21 07:00:00+00:00,3671.31,2024-05-21 07:00:00+00:00,3663.57,signal_reverse,False,3561.1707,,False,100.0,1.0,100.0,100.0,0.027238233763969808,-0.21082392933312036,0.3196837641060003,0.0,-0.5305076934391206
p1391,ETHUSDT,-1,2024-05-21 08:00:00+00:00,3663.57,2024-05-21 08:00:00+00:00,3661.7,signal_reverse,False,3773.4771,,False,100.0,1.0,100.0,100.0,0.0272957797994852,0.051043108225046756,0.31992343533766243,0.0,-0.26888032711261567
p1392,ETHUSDT,1,2024-05-21 09:00:00+00:00,3661.7,2024-05-21 09:00:00+00:00,3684.62,signal_reverse,False,3551.8489999999997,,False,100.0,1.0,100.0,100.0,0.027309719529180435,0.6259387716088176,0.32093890815741327,0.0,0.30499986345140434
p1393,ETHUSDT,-1,2024-05-21 10:00:00+00:00,3684.62,2024-05-21 11:00:00+00:00,3795.1585999999998,initial_sl,False,3795.1585999999998,,False,100.0,1.0,100.0,100.0,0.02713984074341452,-2.9999999999999964,0.3245,0.0,-3.3244999999999965
p1394,ETHUSDT,-1,2024-05-21 12:00:00+00:00,3781.6,2024-05-21 14:00:00+00:00,3776.33,signal_reverse,False,3895.048,,False,100.0,1.0,100.0,100.0,0.02644383329807489,0.1393590014808542,0.3197909614977787,0.0,-0.1804319600169245
p1395,ETHUSDT,1,2024-05-21 15:00:00+00:00,3776.33,2024-05-21 17:00:00+00:00,3752.56,signal_reverse,False,3663.0401,,False,100.0,1.0,100.0,100.0,0.02648073658816894,-0.6294471087007751,0.31905582933694887,0.0,-0.948502938037724
p1396,ETHUSDT,-1,2024-05-21 18:00:00+00:00,3752.56,2024-05-21 18:00:00+00:00,3735.35,signal_reverse,False,3865.1367999999998,,False,100.0,1.0,100.0,100.0,0.02664847464131153,0.4586202485769724,0.31931206962713454,0.0,0.13930817894983788
p1397,ETHUSDT,1,2024-05-21 19:00:00+00:00,3735.35,2024-05-21 21:00:00+00:00,3751.21,signal_reverse,False,3623.2895,,False,100.0,1.0,100.0,100.0,0.026771253028498,0.4245920730319817,0.320636888109548,0.0,0.10395518492243372
p1398,ETHUSDT,-1,2024-05-21 22:00:00+00:00,3751.21,2024-05-21 22:00:00+00:00,3818.01,signal_reverse,False,3863.7463000000002,,False,100.0,1.0,100.0,100.0,0.02665806499769408,-1.7807587418459694,0.322671138112769,0.0,-2.1034298799587385
p1399,ETHUSDT,1,2024-05-21 23:00:00+00:00,3818.01,2024-05-21 23:00:00+00:00,3792.71,signal_reverse,False,3703.4697,,False,100.0,1.0,100.0,100.0,0.02619165481494286,-0.6626488668180591,0.31900602669977296,0.0,-0.9816548935178321
p1400,ETHUSDT,-1,2024-05-22 00:00:00+00:00,3792.71,2024-05-22 00:00:00+00:00,3784.64,signal_reverse,False,3906.4913,,False,100.0,1.0,100.0,100.0,0.026366371275420478,0.21277661619264757,0.3196808350757111,0.0,-0.10690421888306353
p1401,ETHUSDT,1,2024-05-22 01:00:00+00:00,3784.64,2024-05-22 06:00:00+00:00,3768.01,signal_reverse,False,3671.1007999999997,,False,100.0,1.0,100.0,100.0,0.026422592373382937,-0.4394077111693491,0.319340888433246,0.0,-0.7587485996025951
p1402,ETHUSDT,-1,2024-05-22 07:00:00+00:00,3768.01,2024-05-22 08:00:00+00:00,3770.21,signal_reverse,False,3881.0503000000003,,False,100.0,1.0,100.0,100.0,0.026539207698493366,-0.05838625693668058,0.320087579385405,0.0,-0.3784738363220856
p1403,ETHUSDT,1,2024-05-22 09:00:00+00:00,3770.21,2024-05-22 09:00:00+00:00,3734.85,signal_reverse,False,3657.1037,,False,100.0,1.0,100.0,100.0,0.02652372149031486,-0.9378787918975369,0.3185931818121537,0.0,-1.2564719737096905
p1404,ETHUSDT,-1,2024-05-22 10:00:00+00:00,3734.85,2024-05-22 10:00:00+00:00,3742.88,signal_reverse,False,3846.8955,,False,100.0,1.0,100.0,100.0,0.026774837008179713,-0.21500194117568847,0.32032250291176356,0.0,-0.5353244440874521
p1405,ETHUSDT,1,2024-05-22 11:00:00+00:00,3742.88,2024-05-22 15:00:00+00:00,3764.11,signal_reverse,False,3630.5936,,False,100.0,1.0,100.0,100.0,0.026717394092249817,0.5672102765784641,0.3208508154148677,0.0,0.24635946116359642
p1406,ETHUSDT,-1,2024-05-22 16:00:00+00:00,3764.11,2024-05-22 17:00:00+00:00,3742.18,signal_reverse,False,3877.0333,,False,100.0,1.0,100.0,100.0,0.026566705011277565,0.5826078408973248,0.31912608823865407,0.0,0.2634817526586707
p1407,ETHUSDT,1,2024-05-22 18:00:00+00:00,3742.18,2024-05-22 19:00:00+00:00,3738.94,signal_reverse,False,3629.9146,,False,100.0,1.0,100.0,100.0,0.026722391760952174,-0.08658054930547922,0.3198701291760418,0.0,-0.406450678481521
p1408,ETHUSDT,-1,2024-05-22 20:00:00+00:00,3738.94,2024-05-22 21:00:00+00:00,3778.2,signal_reverse,False,3851.1082,,False,100.0,1.0,100.0,100.0,0.026745548203501526,-1.0500302224694635,0.32157504533370423,0.0,-1.3716052678031678
p1409,ETHUSDT,1,2024-05-22 22:00:00+00:00,3778.2,2024-05-22 22:00:00+00:00,3748.01,signal_reverse,False,3664.854,,False,100.0,1.0,100.0,100.0,0.026467630088401885,-0.7990577523688424,0.3188014133714468,0.0,-1.1178591657402892
p1410,ETHUSDT,-1,2024-05-22 23:00:00+00:00,3748.01,2024-05-22 23:00:00+00:00,3740.86,signal_reverse,False,3860.4503000000004,,False,100.0,1.0,100.0,100.0,0.02668082529128791,0.19076790083271097,0.3197138481487509,0.0,-0.12894594731603995
p1411,ETHUSDT,1,2024-05-23 00:00:00+00:00,3740.86,2024-05-23 00:00:00+00:00,3764.2,signal_reverse,False,3628.6342,,False,100.0,1.0,100.0,100.0,0.02673182102511187,0.6239207027261028,0.32093588105408916,0.0,0.3029848216720136
p1412,ETHUSDT,-1,2024-05-23 01:00:00+00:00,3764.2,2024-05-23 06:00:00+00:00,3793.01,signal_reverse,False,3877.1259999999997,,False,100.0,1.0,100.0,100.0,0.026566069815631477,-0.7653684713883535,0.3211480527070826,0.0,-1.086516524095436
p1413,ETHUSDT,1,2024-05-23 07:00:00+00:00,3793.01,2024-05-23 07:00:00+00:00,3815.91,signal_reverse,False,3679.2197,,False,100.0,1.0,100.0,100.0,0.02636428588377041,0.6037421467383328,0.3209056132201076,0.0,0.28283653351822524
p1414,ETHUSDT,-1,2024-05-23 08:00:00+00:00,3815.91,2024-05-23 11:00:00+00:00,3930.3873,initial_sl,False,3930.3873,,False,100.0,1.0,100.0,100.0,0.026206068801413032,-3.0000000000000004,0.3245,0.0,-3.3245000000000005
p1415,ETHUSDT,-1,2024-05-23 12:00:00+00:00,3921.31,2024-05-23 13:00:00+00:00,3784.69,signal_reverse,False,4038.9492999999998,,False,100.0,1.0,100.0,100.0,0.02550168183591708,3.484039772422989,0.3147739403413655,0.0,3.1692658320816234
p1416,ETHUSDT,1,2024-05-23 14:00:00+00:00,3784.69,2024-05-23 15:00:00+00:00,3816.01,signal_reverse,False,3671.1493,,False,100.0,1.0,100.0,100.0,0.026422243301300767,0.8275446601967443,0.3212413169902951,0.0,0.5063033432064492
p1417,ETHUSDT,-1,2024-05-23 16:00:00+00:00,3816.01,2024-05-23 17:00:00+00:00,3787.16,signal_reverse,False,3930.4903000000004,,False,100.0,1.0,100.0,100.0,0.02620538206136776,0.7560252724704695,0.3188659620912943,0.0,0.43715931037917516
p1418,ETHUSDT,1,2024-05-23 18:00:00+00:00,3787.16,2024-05-23 19:00:00+00:00,3794.24,signal_reverse,False,3673.5452,,False,100.0,1.0,100.0,100.0,0.02640501061481427,0.1869474751528831,0.32028042121272937,0.0,-0.13333294605984627
p1419,ETHUSDT,-1,2024-05-23 20:00:00+00:00,3794.24,2024-05-23 21:00:00+00:00,3908.0672,initial_sl,False,3908.0672,,False,100.0,1.0,100.0,100.0,0.026355739225773805,-3.000000000000005,0.3245,0.0,-3.324500000000005
p1420,ETHUSDT,-1,2024-05-23 22:00:00+00:00,3845.03,2024-05-23 22:00:00+00:00,3810.99,signal_reverse,False,3960.3809,,False,100.0,1.0,100.0,100.0,0.026007599420550684,0.8852986842755561,0.31867205197358667,0.0,0.5666266323019695
p1421,ETHUSDT,1,2024-05-23 23:00:00+00:00,3810.99,2024-05-24 01:00:00+00:00,3811.65,signal_reverse,False,3696.6603,,False,100.0,1.0,100.0,100.0,0.026239900918134135,0.01731833460597664,0.320025977501909,0.0,-0.3027076428959323
p1422,ETHUSDT,-1,2024-05-24 02:00:00+00:00,3811.65,2024-05-24 02:00:00+00:00,3824.4,signal_reverse,False,3925.9995,,False,100.0,1.0,100.0,100.0,0.02623535739115606,-0.33450080673723975,0.3205017512101059,0.0,-0.6550025579473456
p1423,ETHUSDT,1,2024-05-24 03:00:00+00:00,3824.4,2024-05-24 05:00:00+00:00,3729.53,signal_reverse,False,3709.668,,False,100.0,1.0,100.0,100.0,0.02614789247986612,-2.480650559564896,0.3162790241606527,0.0,-2.796929583725549
