timestamp,open_interest
2024-01-26 00:00:00+00:00,61715.294
2024-01-26 01:00:00+00:00,61703.991
2024-01-26 02:00:00+00:00,61687.873
2024-01-26 03:00:00+00:00,62517.346
2024-01-26 04:00:00+00:00,62084.954
2024-01-26 05:00:00+00:00,62516.115
2024-01-26 06:00:00+00:00,62442.833
2024-01-26 07:00:00+00:00,61742.477
2024-01-26 08:00:00+00:00,61588.553
2024-01-26 09:00:00+00:00,62093.592
2024-01-26 10:00:00+00:00,62964.331
2024-01-26 11:00:00+00:00,62741.782
2024-01-26 12:00:00+00:00,63527.35
2024-01-26 13:00:00+00:00,63543.587
2024-01-26 14:00:00+00:00,63069.68
2024-01-26 15:00:00+00:00,62770.714
2024-01-26 16:00:00+00:00,62978.079
2024-01-26 17:00:00+00:00,62964.609
2024-01-26 18:00:00+00:00,62878.42
2024-01-26 19:00:00+00:00,61950.584
2024-01-26 20:00:00+00:00,61968.13
2024-01-26 21:00:00+00:00,61405.432
2024-01-26 22:00:00+00:00,61092.825
2024-01-26 23:00:00+00:00,61127.488
2024-01-27 00:00:00+00:00,61007.776
2024-01-27 01:00:00+00:00,60809.693
2024-01-27 02:00:00+00:00,60686.318
2024-01-27 03:00:00+00:00,60845.843
2024-01-27 04:00:00+00:00,61126.088
2024-01-27 05:00:00+00:00,61108.011
2024-01-27 06:00:00+00:00,61146.02
2024-01-27 07:00:00+00:00,61280.285
2024-01-27 08:00:00+00:00,61439.911
2024-01-27 09:00:00+00:00,60559.126
2024-01-27 10:00:00+00:00,60408.867
2024-01-27 11:00:00+00:00,60412.05
2024-01-27 12:00:00+00:00,60469.265
2024-01-27 13:00:00+00:00,60325.21
2024-01-27 14:00:00+00:00,60377.125
2024-01-27 15:00:00+00:00,60366.185
2024-01-27 16:00:00+00:00,60246.08
2024-01-27 17:00:00+00:00,60175.734
2024-01-27 18:00:00+00:00,60219.327
2024-01-27 19:00:00+00:00,60223.67
2024-01-27 20:00:00+00:00,60110.91
2024-01-27 21:00:00+00:00,60057.735
2024-01-27 22:00:00+00:00,60217.118
2024-01-27 23:00:00+00:00,60339.585
2024-01-28 00:00:00+00:00,60360.304
2024-01-28 01:00:00+00:00,60572.098
2024-01-28 02:00:00+00:00,60692.978
2024-01-28 03:00:00+00:00,61338.628
2024-01-28 04:00:00+00:00,61096.82
2024-01-28 05:00:00+00:00,60244.219
2024-01-28 06:00:00+00:00,59585.627
2024-01-28 07:00:00+00:00,59868.155
2024-01-28 08:00:00+00:00,59644.721
2024-01-28 09:00:00+00:00,59617.37
2024-01-28 10:00:00+00:00,59483.16
2024-01-28 11:00:00+00:00,59675.218
2024-01-28 12:00:00+00:00,59750.744
2024-01-28 13:00:00+00:00,59897.465
2024-01-28 14:00:00+00:00,60030.169
2024-01-28 15:00:00+00:00,60029.249
2024-01-28 16:00:00+00:00,59467.723
2024-01-28 17:00:00+00:00,59378.347
2024-01-28 18:00:00+00:00,59117.772
2024-01-28 19:00:00+00:00,58792.481
2024-01-28 20:00:00+00:00,58286.43
2024-01-28 21:00:00+00:00,57809.334
2024-01-28 22:00:00+00:00,57685.037
2024-01-28 23:00:00+00:00,57667.592
2024-01-29 00:00:00+00:00,57779.419
2024-01-29 01:00:00+00:00,57597.225
2024-01-29 02:00:00+00:00,57586.528
2024-01-29 03:00:00+00:00,58347.994
2024-01-29 04:00:00+00:00,58220.235
2024-01-29 05:00:00+00:00,58405.59
2024-01-29 06:00:00+00:00,58622.309
2024-01-29 07:00:00+00:00,58849.882
2024-01-29 08:00:00+00:00,58739.279
2024-01-29 09:00:00+00:00,58743.663
2024-01-29 10:00:00+00:00,58648.067
2024-01-29 11:00:00+00:00,58626.22
2024-01-29 12:00:00+00:00,58884.022
2024-01-29 13:00:00+00:00,59020.276
2024-01-29 14:00:00+00:00,59622.746
2024-01-29 15:00:00+00:00,59862.182
2024-01-29 16:00:00+00:00,58692.994
2024-01-29 17:00:00+00:00,58422.453
2024-01-29 18:00:00+00:00,59432.963
2024-01-29 19:00:00+00:00,59506.359
2024-01-29 20:00:00+00:00,60070.871
2024-01-29 21:00:00+00:00,60021.662
2024-01-29 22:00:00+00:00,60006.705
2024-01-29 23:00:00+00:00,60093.307
2024-01-30 00:00:00+00:00,58383.425
2024-01-30 01:00:00+00:00,58421.842
2024-01-30 02:00:00+00:00,60121.911
2024-01-30 03:00:00+00:00,60287.496
2024-01-30 04:00:00+00:00,60393.804
2024-01-30 05:00:00+00:00,60451.889
2024-01-30 06:00:00+00:00,60274.748
2024-01-30 07:00:00+00:00,60032.143
2024-01-30 08:00:00+00:00,60260.928
2024-01-30 09:00:00+00:00,59342.135
2024-01-30 10:00:00+00:00,59413.854
2024-01-30 11:00:00+00:00,59788.446
2024-01-30 12:00:00+00:00,60047.966
2024-01-30 13:00:00+00:00,59856.131
2024-01-30 14:00:00+00:00,59912.391
2024-01-30 15:00:00+00:00,60025.075
2024-01-30 16:00:00+00:00,59718.302
2024-01-30 17:00:00+00:00,59514.689
2024-01-30 18:00:00+00:00,59329.477
2024-01-30 19:00:00+00:00,59323.496
2024-01-30 20:00:00+00:00,58832.802
2024-01-30 21:00:00+00:00,58304.3
2024-01-30 22:00:00+00:00,58489.956
2024-01-30 23:00:00+00:00,58977.024
2024-01-31 00:00:00+00:00,58098.574
2024-01-31 01:00:00+00:00,57541.178
2024-01-31 02:00:00+00:00,58037.84
2024-01-31 03:00:00+00:00,57973.389
2024-01-31 04:00:00+00:00,57742.675
2024-01-31 05:00:00+00:00,57850.547
2024-01-31 06:00:00+00:00,58021.478
2024-01-31 07:00:00+00:00,58295.817
2024-01-31 08:00:00+00:00,58472.475
2024-01-31 09:00:00+00:00,58694.779
2024-01-31 10:00:00+00:00,58625.572
2024-01-31 11:00:00+00:00,59021.394
2024-01-31 12:00:00+00:00,58888.231
2024-01-31 13:00:00+00:00,59598.554
2024-01-31 14:00:00+00:00,59348.833
2024-01-31 15:00:00+00:00,59576.099
2024-01-31 16:00:00+00:00,59921.407
2024-01-31 17:00:00+00:00,59709.671
2024-01-31 18:00:00+00:00,59912.277
2024-01-31 19:00:00+00:00,59558.991
2024-01-31 20:00:00+00:00,58968.798
2024-01-31 21:00:00+00:00,58423.98
2024-01-31 22:00:00+00:00,58212.478
2024-01-31 23:00:00+00:00,58154.011
2024-02-01 00:00:00+00:00,58124.945
2024-02-01 01:00:00+00:00,57644.398
2024-02-01 02:00:00+00:00,57301.294
2024-02-01 03:00:00+00:00,56927.095
2024-02-01 04:00:00+00:00,57061.182
2024-02-01 05:00:00+00:00,57510.368
2024-02-01 06:00:00+00:00,57858.405
2024-02-01 07:00:00+00:00,58043.346
2024-02-01 08:00:00+00:00,58583.734
2024-02-01 09:00:00+00:00,58925.808
2024-02-01 10:00:00+00:00,58971.027
2024-02-01 11:00:00+00:00,58840.092
2024-02-01 12:00:00+00:00,59463.983
2024-02-01 13:00:00+00:00,59338.753
2024-02-01 14:00:00+00:00,59207.572
2024-02-01 15:00:00+00:00,58507.385
2024-02-01 16:00:00+00:00,60696.537
2024-02-01 17:00:00+00:00,60151.618
2024-02-01 18:00:00+00:00,58816.442
2024-02-01 19:00:00+00:00,58764.611
2024-02-01 20:00:00+00:00,56738.441
2024-02-01 21:00:00+00:00,56655.603
2024-02-01 22:00:00+00:00,56214.946
2024-02-01 23:00:00+00:00,56216.498
2024-02-02 00:00:00+00:00,56334.298
2024-02-02 01:00:00+00:00,55867.942
2024-02-02 02:00:00+00:00,56311.41
2024-02-02 03:00:00+00:00,56511.661
2024-02-02 04:00:00+00:00,56742.171
2024-02-02 05:00:00+00:00,56965.272
2024-02-02 06:00:00+00:00,56945.538
2024-02-02 07:00:00+00:00,57349.371
2024-02-02 08:00:00+00:00,57540.067
2024-02-02 09:00:00+00:00,57282.49
2024-02-02 10:00:00+00:00,57636.02
2024-02-02 11:00:00+00:00,57860.004
2024-02-02 12:00:00+00:00,57751.435
2024-02-02 13:00:00+00:00,57854.94
2024-02-02 14:00:00+00:00,58223.486
2024-02-02 15:00:00+00:00,58511.847
2024-02-02 16:00:00+00:00,58177.491
2024-02-02 17:00:00+00:00,57709.376
2024-02-02 18:00:00+00:00,57373.564
2024-02-02 19:00:00+00:00,57111.886
2024-02-02 20:00:00+00:00,57264.746
2024-02-02 21:00:00+00:00,56676.462
2024-02-02 22:00:00+00:00,56495.663
2024-02-02 23:00:00+00:00,56316.703
2024-02-03 00:00:00+00:00,56329.555
2024-02-03 01:00:00+00:00,56217.26
2024-02-03 02:00:00+00:00,56468.724
2024-02-03 03:00:00+00:00,56465.464
2024-02-03 04:00:00+00:00,56561.756
2024-02-03 05:00:00+00:00,56610.237
2024-02-03 06:00:00+00:00,56756.813
2024-02-03 07:00:00+00:00,57016.163
2024-02-03 08:00:00+00:00,57062.881
2024-02-03 09:00:00+00:00,57080.903
2024-02-03 10:00:00+00:00,56714.393
2024-02-03 11:00:00+00:00,56868.479
2024-02-03 12:00:00+00:00,57130.92
2024-02-03 13:00:00+00:00,56748.909
2024-02-03 14:00:00+00:00,56820.08
2024-02-03 15:00:00+00:00,56866.281
2024-02-03 16:00:00+00:00,56749.947
2024-02-03 17:00:00+00:00,57040.661
2024-02-03 18:00:00+00:00,57093.238
2024-02-03 19:00:00+00:00,56714.003
2024-02-03 20:00:00+00:00,56734.667
2024-02-03 21:00:00+00:00,56754.033
2024-02-03 22:00:00+00:00,56740.797
2024-02-03 23:00:00+00:00,56826.455
2024-02-04 00:00:00+00:00,56874.396
2024-02-04 01:00:00+00:00,56887.022
2024-02-04 02:00:00+00:00,56914.153
2024-02-04 03:00:00+00:00,56968.139
2024-02-04 04:00:00+00:00,57019.575
2024-02-04 05:00:00+00:00,57194.36
2024-02-04 06:00:00+00:00,57145.167
2024-02-04 07:00:00+00:00,56961.921
2024-02-04 08:00:00+00:00,57232.333
2024-02-04 09:00:00+00:00,57371.582
2024-02-04 10:00:00+00:00,57182.817
2024-02-04 11:00:00+00:00,57326.912
2024-02-04 12:00:00+00:00,57088.8
2024-02-04 13:00:00+00:00,57469.906
2024-02-04 14:00:00+00:00,57493.858
2024-02-04 15:00:00+00:00,57492.071
2024-02-04 16:00:00+00:00,57455.861
2024-02-04 17:00:00+00:00,57539.629
2024-02-04 18:00:00+00:00,57491.859
2024-02-04 19:00:00+00:00,57618.565
2024-02-04 20:00:00+00:00,58009.194
2024-02-04 21:00:00+00:00,57492.047
2024-02-04 22:00:00+00:00,57409.001
2024-02-04 23:00:00+00:00,57323.02
2024-02-05 00:00:00+00:00,57505.922
2024-02-05 01:00:00+00:00,58156.091
2024-02-05 02:00:00+00:00,58028.938
2024-02-05 03:00:00+00:00,58251.643
2024-02-05 04:00:00+00:00,58203.325
2024-02-05 05:00:00+00:00,58362.396
2024-02-05 06:00:00+00:00,58449.798
2024-02-05 07:00:00+00:00,58833.78
2024-02-05 08:00:00+00:00,58801.107
2024-02-05 09:00:00+00:00,59106.813
2024-02-05 10:00:00+00:00,59187.707
2024-02-05 11:00:00+00:00,59652.592
2024-02-05 12:00:00+00:00,59956.63
2024-02-05 13:00:00+00:00,60119.402
2024-02-05 14:00:00+00:00,60356.388
2024-02-05 15:00:00+00:00,60301.077
2024-02-05 16:00:00+00:00,60500.286
2024-02-05 17:00:00+00:00,60591.9
2024-02-05 18:00:00+00:00,60216.231
2024-02-05 19:00:00+00:00,59860.293
2024-02-05 20:00:00+00:00,59970.541
2024-02-05 21:00:00+00:00,60396.943
2024-02-05 22:00:00+00:00,60178.117
2024-02-05 23:00:00+00:00,60369.567
2024-02-06 00:00:00+00:00,59804.987
2024-02-06 01:00:00+00:00,60045.229
2024-02-06 02:00:00+00:00,59883.22
2024-02-06 03:00:00+00:00,59384.964
2024-02-06 04:00:00+00:00,59228.803
2024-02-06 05:00:00+00:00,59477.112
2024-02-06 06:00:00+00:00,59481.03
2024-02-06 07:00:00+00:00,59682.489
2024-02-06 08:00:00+00:00,59785.716
2024-02-06 09:00:00+00:00,59522.327
2024-02-06 10:00:00+00:00,59644.254
2024-02-06 11:00:00+00:00,59724.101
2024-02-06 12:00:00+00:00,60010.732
2024-02-06 13:00:00+00:00,59856.202
2024-02-06 14:00:00+00:00,59865.351
2024-02-06 15:00:00+00:00,59728.183
2024-02-06 16:00:00+00:00,59594.315
2024-02-06 17:00:00+00:00,59043.728
2024-02-06 18:00:00+00:00,58988.409
2024-02-06 19:00:00+00:00,58798.378
2024-02-06 20:00:00+00:00,58991.157
2024-02-06 21:00:00+00:00,58881.955
2024-02-06 22:00:00+00:00,58854.444
2024-02-06 23:00:00+00:00,58776.322
2024-02-07 00:00:00+00:00,58730.778
2024-02-07 01:00:00+00:00,58734.165
2024-02-07 02:00:00+00:00,58726.272
2024-02-07 03:00:00+00:00,58573.855
2024-02-07 04:00:00+00:00,58132.486
2024-02-07 05:00:00+00:00,57996.363
2024-02-07 06:00:00+00:00,57893.988
2024-02-07 07:00:00+00:00,58060.896
2024-02-07 08:00:00+00:00,58029.476
2024-02-07 09:00:00+00:00,58452.539
2024-02-07 10:00:00+00:00,58907.165
2024-02-07 11:00:00+00:00,58453.186
2024-02-07 12:00:00+00:00,58635.961
2024-02-07 13:00:00+00:00,58491.284
2024-02-07 14:00:00+00:00,59030.09
2024-02-07 15:00:00+00:00,59021.061
2024-02-07 16:00:00+00:00,59401.226
2024-02-07 17:00:00+00:00,59289.652
2024-02-07 18:00:00+00:00,59531.09
2024-02-07 19:00:00+00:00,60354.849
2024-02-07 20:00:00+00:00,60305.521
2024-02-07 21:00:00+00:00,60061.005
2024-02-07 22:00:00+00:00,60386.887
2024-02-07 23:00:00+00:00,60621.136
2024-02-08 00:00:00+00:00,60925.882
2024-02-08 01:00:00+00:00,60598.283
2024-02-08 02:00:00+00:00,60285.343
2024-02-08 03:00:00+00:00,59663.351
2024-02-08 04:00:00+00:00,59636.578
2024-02-08 05:00:00+00:00,59661.294
2024-02-08 06:00:00+00:00,59782.692
2024-02-08 07:00:00+00:00,59978.471
2024-02-08 08:00:00+00:00,59961.889
2024-02-08 09:00:00+00:00,60737.977
2024-02-08 10:00:00+00:00,61195.432
2024-02-08 11:00:00+00:00,61795.242
2024-02-08 12:00:00+00:00,61919.881
2024-02-08 13:00:00+00:00,61880.27
2024-02-08 14:00:00+00:00,62070.883
2024-02-08 15:00:00+00:00,62752.669
2024-02-08 16:00:00+00:00,62990.908
2024-02-08 17:00:00+00:00,62155.839
2024-02-08 18:00:00+00:00,62203.722
2024-02-08 19:00:00+00:00,62786.554
2024-02-08 20:00:00+00:00,62112.156
2024-02-08 21:00:00+00:00,61263.619
2024-02-08 22:00:00+00:00,60841.662
2024-02-08 23:00:00+00:00,61063.267
2024-02-09 00:00:00+00:00,61027.805
2024-02-09 01:00:00+00:00,61210.559
2024-02-09 02:00:00+00:00,61295.581
2024-02-09 03:00:00+00:00,59578.22
2024-02-09 04:00:00+00:00,60236.328
2024-02-09 05:00:00+00:00,59586.244
2024-02-09 06:00:00+00:00,59693.283
2024-02-09 07:00:00+00:00,59912.143
2024-02-09 08:00:00+00:00,59888.068
2024-02-09 09:00:00+00:00,59910.076
2024-02-09 10:00:00+00:00,60270.021
2024-02-09 11:00:00+00:00,60513.277
2024-02-09 12:00:00+00:00,61001.432
2024-02-09 13:00:00+00:00,60037.167
2024-02-09 14:00:00+00:00,60404.614
2024-02-09 15:00:00+00:00,59705.539
2024-02-09 16:00:00+00:00,60203.01
2024-02-09 17:00:00+00:00,60455.397
2024-02-09 18:00:00+00:00,60282.311
2024-02-09 19:00:00+00:00,58512.477
2024-02-09 20:00:00+00:00,58583.495
2024-02-09 21:00:00+00:00,58341.037
2024-02-09 22:00:00+00:00,57910.593
2024-02-09 23:00:00+00:00,57639.768
2024-02-10 00:00:00+00:00,57939.289
2024-02-10 01:00:00+00:00,58009.534
2024-02-10 02:00:00+00:00,57774.516
2024-02-10 03:00:00+00:00,57533.721
2024-02-10 04:00:00+00:00,57121.643
2024-02-10 05:00:00+00:00,57266.209
2024-02-10 06:00:00+00:00,57527.82
2024-02-10 07:00:00+00:00,57724.511
2024-02-10 08:00:00+00:00,58011.812
2024-02-10 09:00:00+00:00,58662.998
2024-02-10 10:00:00+00:00,58982.251
2024-02-10 11:00:00+00:00,59541.912
2024-02-10 12:00:00+00:00,59502.652
2024-02-10 13:00:00+00:00,59491.374
2024-02-10 14:00:00+00:00,59340.389
2024-02-10 15:00:00+00:00,59300.139
2024-02-10 16:00:00+00:00,59369.184
2024-02-10 17:00:00+00:00,59296.909
2024-02-10 18:00:00+00:00,59184.613
2024-02-10 19:00:00+00:00,59184.365
2024-02-10 20:00:00+00:00,58447.053
2024-02-10 21:00:00+00:00,58139.592
2024-02-10 22:00:00+00:00,58331.159
2024-02-10 23:00:00+00:00,58583.392
2024-02-11 00:00:00+00:00,58797.208
2024-02-11 01:00:00+00:00,59064.514
2024-02-11 02:00:00+00:00,58976.021
2024-02-11 03:00:00+00:00,59104.652
2024-02-11 04:00:00+00:00,58686.362
2024-02-11 05:00:00+00:00,59058.602
2024-02-11 06:00:00+00:00,58890.154
2024-02-11 07:00:00+00:00,58939.318
2024-02-11 08:00:00+00:00,58960.188
2024-02-11 09:00:00+00:00,58933.381
2024-02-11 10:00:00+00:00,59360.748
2024-02-11 11:00:00+00:00,58951.44
2024-02-11 12:00:00+00:00,59532.146
2024-02-11 13:00:00+00:00,59848.668
2024-02-11 14:00:00+00:00,59408.125
2024-02-11 15:00:00+00:00,59703.251
2024-02-11 16:00:00+00:00,59711.33
2024-02-11 17:00:00+00:00,59549.502
2024-02-11 18:00:00+00:00,59246.659
2024-02-11 19:00:00+00:00,58999.782
2024-02-11 20:00:00+00:00,59231.798
2024-02-11 21:00:00+00:00,59440.626
2024-02-11 22:00:00+00:00,59660.651
2024-02-11 23:00:00+00:00,59468.583
2024-02-12 00:00:00+00:00,59689.399
2024-02-12 01:00:00+00:00,60413.695
2024-02-12 02:00:00+00:00,60515.868
2024-02-12 03:00:00+00:00,60043.403
2024-02-12 04:00:00+00:00,60504.656
2024-02-12 05:00:00+00:00,60467.36
2024-02-12 06:00:00+00:00,60586.778
2024-02-12 07:00:00+00:00,59904.428
2024-02-12 08:00:00+00:00,59881.037
2024-02-12 09:00:00+00:00,60151.005
2024-02-12 10:00:00+00:00,60509.291
2024-02-12 11:00:00+00:00,60841.899
2024-02-12 12:00:00+00:00,61432.415
2024-02-12 13:00:00+00:00,61526.996
2024-02-12 14:00:00+00:00,61759.622
2024-02-12 15:00:00+00:00,62905.94
2024-02-12 16:00:00+00:00,63116.03
2024-02-12 17:00:00+00:00,63451.189
2024-02-12 18:00:00+00:00,62907.197
2024-02-12 19:00:00+00:00,62933.458
2024-02-12 20:00:00+00:00,62467.557
2024-02-12 21:00:00+00:00,62293.579
2024-02-12 22:00:00+00:00,61997.62
2024-02-12 23:00:00+00:00,62197.738
2024-02-13 00:00:00+00:00,62240.683
2024-02-13 01:00:00+00:00,62539.582
2024-02-13 02:00:00+00:00,62472.281
2024-02-13 03:00:00+00:00,62056.717
2024-02-13 04:00:00+00:00,61797.742
2024-02-13 05:00:00+00:00,62024.266
2024-02-13 06:00:00+00:00,61877.488
2024-02-13 07:00:00+00:00,62102.255
2024-02-13 08:00:00+00:00,62639.469
2024-02-13 09:00:00+00:00,63098.862
2024-02-13 10:00:00+00:00,63035.754
2024-02-13 11:00:00+00:00,61754.614
2024-02-13 12:00:00+00:00,61542.003
2024-02-13 13:00:00+00:00,61724.939
2024-02-13 14:00:00+00:00,61051.225
2024-02-13 15:00:00+00:00,60686.436
2024-02-13 16:00:00+00:00,61525.776
2024-02-13 17:00:00+00:00,61885.484
2024-02-13 18:00:00+00:00,62255.512
2024-02-13 19:00:00+00:00,62668.405
2024-02-13 20:00:00+00:00,62447.572
2024-02-13 21:00:00+00:00,61298.665
2024-02-13 22:00:00+00:00,60663.406
2024-02-13 23:00:00+00:00,60321.507
2024-02-14 00:00:00+00:00,59962.329
2024-02-14 01:00:00+00:00,60007.249
2024-02-14 02:00:00+00:00,59897.806
2024-02-14 03:00:00+00:00,59726.562
2024-02-14 04:00:00+00:00,59788.614
2024-02-14 05:00:00+00:00,59515.908
2024-02-14 06:00:00+00:00,59809.761
2024-02-14 07:00:00+00:00,59932.1
2024-02-14 08:00:00+00:00,59863.541
2024-02-14 09:00:00+00:00,59563.184
2024-02-14 10:00:00+00:00,59671.437
2024-02-14 11:00:00+00:00,60047.589
2024-02-14 12:00:00+00:00,60303.625
2024-02-14 13:00:00+00:00,60457.212
2024-02-14 14:00:00+00:00,60892.734
2024-02-14 15:00:00+00:00,61439.861
2024-02-14 16:00:00+00:00,61556.893
2024-02-14 17:00:00+00:00,60998.521
2024-02-14 18:00:00+00:00,61091.089
2024-02-14 19:00:00+00:00,61301.558
2024-02-14 20:00:00+00:00,60746.847
2024-02-14 21:00:00+00:00,60900.903
2024-02-14 22:00:00+00:00,60519.516
2024-02-14 23:00:00+00:00,60671.816
2024-02-15 00:00:00+00:00,60777.621
2024-02-15 01:00:00+00:00,60779.999
2024-02-15 02:00:00+00:00,61087.97
2024-02-15 03:00:00+00:00,60863.417
2024-02-15 04:00:00+00:00,61087.326
2024-02-15 05:00:00+00:00,60866.593
2024-02-15 06:00:00+00:00,60407.831
2024-02-15 07:00:00+00:00,60936.694
2024-02-15 08:00:00+00:00,61343.026
2024-02-15 09:00:00+00:00,61372.884
2024-02-15 10:00:00+00:00,61629.03
2024-02-15 11:00:00+00:00,61582.628
2024-02-15 12:00:00+00:00,61652.208
2024-02-15 13:00:00+00:00,62361.39
2024-02-15 14:00:00+00:00,62965.239
2024-02-15 15:00:00+00:00,62799.774
2024-02-15 16:00:00+00:00,61234.874
2024-02-15 17:00:00+00:00,61993.802
2024-02-15 18:00:00+00:00,60518.981
2024-02-15 19:00:00+00:00,60498.236
2024-02-15 20:00:00+00:00,60706.413
2024-02-15 21:00:00+00:00,59479.141
2024-02-15 22:00:00+00:00,58848.985
2024-02-15 23:00:00+00:00,58826.831
2024-02-16 00:00:00+00:00,58965.252
2024-02-16 01:00:00+00:00,59072.565
2024-02-16 02:00:00+00:00,59358.192
2024-02-16 03:00:00+00:00,59720.557
2024-02-16 04:00:00+00:00,59589.169
2024-02-16 05:00:00+00:00,59497.983
2024-02-16 06:00:00+00:00,59508.123
2024-02-16 07:00:00+00:00,59581.428
2024-02-16 08:00:00+00:00,59956.138
2024-02-16 09:00:00+00:00,60374.845
2024-02-16 10:00:00+00:00,60526.145
2024-02-16 11:00:00+00:00,59835.656
2024-02-16 12:00:00+00:00,59843.796
2024-02-16 13:00:00+00:00,60180.053
2024-02-16 14:00:00+00:00,60279.273
2024-02-16 15:00:00+00:00,60621.043
2024-02-16 16:00:00+00:00,60383.645
2024-02-16 17:00:00+00:00,60014.918
2024-02-16 18:00:00+00:00,60208.828
2024-02-16 19:00:00+00:00,60145.27
2024-02-16 20:00:00+00:00,59809.993
2024-02-16 21:00:00+00:00,59713.944
2024-02-16 22:00:00+00:00,59651.603
2024-02-16 23:00:00+00:00,59836.095
2024-02-17 00:00:00+00:00,59306.276
2024-02-17 01:00:00+00:00,59418.757
2024-02-17 02:00:00+00:00,59227.652
2024-02-17 03:00:00+00:00,59269.642
2024-02-17 04:00:00+00:00,59301.387
2024-02-17 05:00:00+00:00,59430.076
2024-02-17 06:00:00+00:00,59572.724
2024-02-17 07:00:00+00:00,59571.112
2024-02-17 08:00:00+00:00,59486.86
2024-02-17 09:00:00+00:00,59875.371
2024-02-17 10:00:00+00:00,60274.757
2024-02-17 11:00:00+00:00,60595.62
2024-02-17 12:00:00+00:00,60393.45
2024-02-17 13:00:00+00:00,60282.142
2024-02-17 14:00:00+00:00,60932.594
2024-02-17 15:00:00+00:00,61308.08
2024-02-17 16:00:00+00:00,61007.381
2024-02-17 17:00:00+00:00,61245.429
2024-02-17 18:00:00+00:00,61239.367
2024-02-17 19:00:00+00:00,61391.075
2024-02-17 20:00:00+00:00,60972.451
2024-02-17 21:00:00+00:00,60766.512
2024-02-17 22:00:00+00:00,61124.145
2024-02-17 23:00:00+00:00,61497.602
2024-02-18 00:00:00+00:00,61754.633
2024-02-18 01:00:00+00:00,61745.485
2024-02-18 02:00:00+00:00,61574.325
2024-02-18 03:00:00+00:00,59462.273
2024-02-18 04:00:00+00:00,59714.752
2024-02-18 05:00:00+00:00,60478.69
2024-02-18 06:00:00+00:00,60238.423
2024-02-18 07:00:00+00:00,59833.476
2024-02-18 08:00:00+00:00,59851.62
2024-02-18 09:00:00+00:00,59901.659
2024-02-18 10:00:00+00:00,60059.882
2024-02-18 11:00:00+00:00,59929.815
2024-02-18 12:00:00+00:00,59911.917
2024-02-18 13:00:00+00:00,60103.184
2024-02-18 14:00:00+00:00,60483.748
2024-02-18 15:00:00+00:00,60811.284
2024-02-18 16:00:00+00:00,60896.339
2024-02-18 17:00:00+00:00,60976.508
2024-02-18 18:00:00+00:00,60696.795
2024-02-18 19:00:00+00:00,60912.153
2024-02-18 20:00:00+00:00,60748.791
2024-02-18 21:00:00+00:00,60669.361
2024-02-18 22:00:00+00:00,60585.468
2024-02-18 23:00:00+00:00,59672.471
2024-02-19 00:00:00+00:00,59907.154
2024-02-19 01:00:00+00:00,59794.125
2024-02-19 02:00:00+00:00,59912.573
2024-02-19 03:00:00+00:00,59953.333
2024-02-19 04:00:00+00:00,60008.841
2024-02-19 05:00:00+00:00,60015.006
2024-02-19 06:00:00+00:00,60172.861
2024-02-19 07:00:00+00:00,60970.454
2024-02-19 08:00:00+00:00,61200.038
2024-02-19 09:00:00+00:00,60905.947
2024-02-19 10:00:00+00:00,61413.793
2024-02-19 11:00:00+00:00,61377.853
2024-02-19 12:00:00+00:00,62098.026
2024-02-19 13:00:00+00:00,61885.981
2024-02-19 14:00:00+00:00,61573.993
2024-02-19 15:00:00+00:00,61614.865
2024-02-19 16:00:00+00:00,61254.512
2024-02-19 17:00:00+00:00,60649.525
2024-02-19 18:00:00+00:00,61045.084
2024-02-19 19:00:00+00:00,60873.078
2024-02-19 20:00:00+00:00,61211.578
2024-02-19 21:00:00+00:00,61033.28
2024-02-19 22:00:00+00:00,60782.708
2024-02-19 23:00:00+00:00,60238.158
2024-02-20 00:00:00+00:00,60742.016
2024-02-20 01:00:00+00:00,60460.782
2024-02-20 02:00:00+00:00,60829.15
2024-02-20 03:00:00+00:00,61081.486
2024-02-20 04:00:00+00:00,61067.951
2024-02-20 05:00:00+00:00,60836.458
2024-02-20 06:00:00+00:00,61109.46
2024-02-20 07:00:00+00:00,61060.236
2024-02-20 08:00:00+00:00,60856.519
2024-02-20 09:00:00+00:00,61084.784
2024-02-20 10:00:00+00:00,60984.77
2024-02-20 11:00:00+00:00,60975.925
2024-02-20 12:00:00+00:00,61010.36
2024-02-20 13:00:00+00:00,61244.202
2024-02-20 14:00:00+00:00,61196.124
2024-02-20 15:00:00+00:00,60839.464
2024-02-20 16:00:00+00:00,60541.966
2024-02-20 17:00:00+00:00,60794.469
2024-02-20 18:00:00+00:00,59602.091
2024-02-20 19:00:00+00:00,59183.454
2024-02-20 20:00:00+00:00,58888.026
2024-02-20 21:00:00+00:00,59060.799
2024-02-20 22:00:00+00:00,58936.086
2024-02-20 23:00:00+00:00,58624.86
2024-02-21 00:00:00+00:00,58537.153
2024-02-21 01:00:00+00:00,58825.976
2024-02-21 02:00:00+00:00,59092.831
2024-02-21 03:00:00+00:00,59029.04
2024-02-21 04:00:00+00:00,59008.579
2024-02-21 05:00:00+00:00,58812.844
2024-02-21 06:00:00+00:00,58243.939
2024-02-21 07:00:00+00:00,58537.123
2024-02-21 08:00:00+00:00,58788.037
2024-02-21 09:00:00+00:00,58991.299
2024-02-21 10:00:00+00:00,59320.358
2024-02-21 11:00:00+00:00,59839.462
2024-02-21 12:00:00+00:00,60165.18
2024-02-21 13:00:00+00:00,61039.468
2024-02-21 14:00:00+00:00,60927.661
2024-02-21 15:00:00+00:00,60849.035
2024-02-21 16:00:00+00:00,60712.426
2024-02-21 17:00:00+00:00,61743.367
2024-02-21 18:00:00+00:00,60939.302
2024-02-21 19:00:00+00:00,61133.902
2024-02-21 20:00:00+00:00,60513.998
2024-02-21 21:00:00+00:00,60013.872
2024-02-21 22:00:00+00:00,60110.969
2024-02-21 23:00:00+00:00,59983.793
2024-02-22 00:00:00+00:00,59194.865
2024-02-22 01:00:00+00:00,58652.494
2024-02-22 02:00:00+00:00,58303.333
2024-02-22 03:00:00+00:00,58540.458
2024-02-22 04:00:00+00:00,58918.234
2024-02-22 05:00:00+00:00,58948.123
2024-02-22 06:00:00+00:00,58784.683
2024-02-22 07:00:00+00:00,58835.941
2024-02-22 08:00:00+00:00,58704.07
2024-02-22 09:00:00+00:00,58832.139
2024-02-22 10:00:00+00:00,58874.666
2024-02-22 11:00:00+00:00,58942.151
2024-02-22 12:00:00+00:00,58994.689
2024-02-22 13:00:00+00:00,59116.025
2024-02-22 14:00:00+00:00,59842.253
2024-02-22 15:00:00+00:00,59706.02
2024-02-22 16:00:00+00:00,59111.727
2024-02-22 17:00:00+00:00,59419.306
2024-02-22 18:00:00+00:00,59234.842
2024-02-22 19:00:00+00:00,58898.416
2024-02-22 20:00:00+00:00,58757.62
2024-02-22 21:00:00+00:00,58227.096
2024-02-22 22:00:00+00:00,57865.922
2024-02-22 23:00:00+00:00,57739.689
2024-02-23 00:00:00+00:00,58115.785
2024-02-23 01:00:00+00:00,58442.58
2024-02-23 02:00:00+00:00,58378.385
2024-02-23 03:00:00+00:00,58085.422
2024-02-23 04:00:00+00:00,58942.113
2024-02-23 05:00:00+00:00,59020.613
2024-02-23 06:00:00+00:00,58827.22
2024-02-23 07:00:00+00:00,59080.486
2024-02-23 08:00:00+00:00,59848.747
2024-02-23 09:00:00+00:00,60259.035
2024-02-23 10:00:00+00:00,60620.82
2024-02-23 11:00:00+00:00,60756.24
2024-02-23 12:00:00+00:00,60497.152
2024-02-23 13:00:00+00:00,60129.614
2024-02-23 14:00:00+00:00,59890.071
2024-02-23 15:00:00+00:00,60096.852
2024-02-23 16:00:00+00:00,60828.218
2024-02-23 17:00:00+00:00,60358.896
2024-02-23 18:00:00+00:00,60349.178
2024-02-23 19:00:00+00:00,60428.025
2024-02-23 20:00:00+00:00,60372.166
2024-02-23 21:00:00+00:00,60089.83
2024-02-23 22:00:00+00:00,59962.877
2024-02-23 23:00:00+00:00,60258.684
2024-02-24 00:00:00+00:00,60358.504
2024-02-24 01:00:00+00:00,60470.039
2024-02-24 02:00:00+00:00,61238.71
2024-02-24 03:00:00+00:00,61242.252
2024-02-24 04:00:00+00:00,61110.025
2024-02-24 05:00:00+00:00,60180.935
2024-02-24 06:00:00+00:00,60652.78
2024-02-24 07:00:00+00:00,60805.48
2024-02-24 08:00:00+00:00,60665.462
2024-02-24 09:00:00+00:00,60539.024
2024-02-24 10:00:00+00:00,60429.166
2024-02-24 11:00:00+00:00,60501.85
2024-02-24 12:00:00+00:00,61203.52
2024-02-24 13:00:00+00:00,61314.196
2024-02-24 14:00:00+00:00,61623.22
2024-02-24 15:00:00+00:00,61649.624
2024-02-24 16:00:00+00:00,61685.767
2024-02-24 17:00:00+00:00,61362.686
2024-02-24 18:00:00+00:00,60291.263
2024-02-24 19:00:00+00:00,60582.566
2024-02-24 20:00:00+00:00,60638.491
2024-02-24 21:00:00+00:00,60743.696
2024-02-24 22:00:00+00:00,60752.227
2024-02-24 23:00:00+00:00,60628.696
2024-02-25 00:00:00+00:00,60690.089
2024-02-25 01:00:00+00:00,60623.035
2024-02-25 02:00:00+00:00,60389.159
2024-02-25 03:00:00+00:00,59949.674
2024-02-25 04:00:00+00:00,60137.159
2024-02-25 05:00:00+00:00,60135.245
2024-02-25 06:00:00+00:00,60258.986
2024-02-25 07:00:00+00:00,60576.838
2024-02-25 08:00:00+00:00,60871.201
2024-02-25 09:00:00+00:00,60817.595
2024-02-25 10:00:00+00:00,60813.116
2024-02-25 11:00:00+00:00,60985.196
2024-02-25 12:00:00+00:00,60989.632
2024-02-25 13:00:00+00:00,60995.2
2024-02-25 14:00:00+00:00,61024.983
2024-02-25 15:00:00+00:00,60799.981
2024-02-25 16:00:00+00:00,60365.341
2024-02-25 17:00:00+00:00,60138.367
2024-02-25 18:00:00+00:00,59956.326
2024-02-25 19:00:00+00:00,60016.943
2024-02-25 20:00:00+00:00,59717.548
2024-02-25 21:00:00+00:00,59407.322
2024-02-25 22:00:00+00:00,59461.925
2024-02-25 23:00:00+00:00,59473.894
2024-02-26 00:00:00+00:00,60229.845
2024-02-26 01:00:00+00:00,60762.599
2024-02-26 02:00:00+00:00,60804.085
2024-02-26 03:00:00+00:00,61104.925
2024-02-26 04:00:00+00:00,61103.187
2024-02-26 05:00:00+00:00,61203.315
2024-02-26 06:00:00+00:00,61361.629
2024-02-26 07:00:00+00:00,61447.541
2024-02-26 08:00:00+00:00,62231.787
2024-02-26 09:00:00+00:00,62587.112
2024-02-26 10:00:00+00:00,62416.9
2024-02-26 11:00:00+00:00,62644.266
2024-02-26 12:00:00+00:00,62714.233
2024-02-26 13:00:00+00:00,62759.802
2024-02-26 14:00:00+00:00,62458.326
2024-02-26 15:00:00+00:00,61457.301
2024-02-26 16:00:00+00:00,62184.443
2024-02-26 17:00:00+00:00,61068.927
2024-02-26 18:00:00+00:00,62022.63
2024-02-26 19:00:00+00:00,62628.751
2024-02-26 20:00:00+00:00,61252.164
2024-02-26 21:00:00+00:00,60602.397
2024-02-26 22:00:00+00:00,60610.561
2024-02-26 23:00:00+00:00,61455.604
2024-02-27 00:00:00+00:00,61584.14
2024-02-27 01:00:00+00:00,62106.355
2024-02-27 02:00:00+00:00,59435.89
2024-02-27 03:00:00+00:00,56309.573
2024-02-27 04:00:00+00:00,55532.473
2024-02-27 05:00:00+00:00,55862.639
2024-02-27 06:00:00+00:00,56351.09
2024-02-27 07:00:00+00:00,56635.254
2024-02-27 08:00:00+00:00,57079.044
2024-02-27 09:00:00+00:00,57277.235
2024-02-27 10:00:00+00:00,57301.436
2024-02-27 11:00:00+00:00,57655.728
2024-02-27 12:00:00+00:00,57862.879
2024-02-27 13:00:00+00:00,57508.284
2024-02-27 14:00:00+00:00,57634.812
2024-02-27 15:00:00+00:00,57805.477
2024-02-27 16:00:00+00:00,57532.248
2024-02-27 17:00:00+00:00,57417.953
2024-02-27 18:00:00+00:00,58014.764
2024-02-27 19:00:00+00:00,58423.813
2024-02-27 20:00:00+00:00,57788.713
2024-02-27 21:00:00+00:00,57310.093
2024-02-27 22:00:00+00:00,57208.137
2024-02-27 23:00:00+00:00,57167.132
2024-02-28 00:00:00+00:00,56708.558
2024-02-28 01:00:00+00:00,56921.485
2024-02-28 02:00:00+00:00,56981.991
2024-02-28 03:00:00+00:00,57065.317
2024-02-28 04:00:00+00:00,57316.651
2024-02-28 05:00:00+00:00,57340.082
2024-02-28 06:00:00+00:00,57879.823
2024-02-28 07:00:00+00:00,58059.449
2024-02-28 08:00:00+00:00,58470.026
2024-02-28 09:00:00+00:00,59560.671
2024-02-28 10:00:00+00:00,58892.295
2024-02-28 11:00:00+00:00,58900.079
2024-02-28 12:00:00+00:00,60557.537
2024-02-28 13:00:00+00:00,61335.429
2024-02-28 14:00:00+00:00,58626.354
2024-02-28 15:00:00+00:00,58140.294
2024-02-28 16:00:00+00:00,58483.186
2024-02-28 17:00:00+00:00,57491.201
2024-02-28 18:00:00+00:00,54144.978
2024-02-28 19:00:00+00:00,52780.812
2024-02-28 20:00:00+00:00,52356.545
2024-02-28 21:00:00+00:00,53908.08
2024-02-28 22:00:00+00:00,53734.6
2024-02-28 23:00:00+00:00,54002.605
2024-02-29 00:00:00+00:00,54392.096
2024-02-29 01:00:00+00:00,54465.736
2024-02-29 02:00:00+00:00,54650.141
2024-02-29 03:00:00+00:00,55043.391
2024-02-29 04:00:00+00:00,54873.951
2024-02-29 05:00:00+00:00,54888.024
2024-02-29 06:00:00+00:00,55565.398
2024-02-29 07:00:00+00:00,56053.502
2024-02-29 08:00:00+00:00,56566.019
2024-02-29 09:00:00+00:00,56544.974
2024-02-29 10:00:00+00:00,56319.664
2024-02-29 11:00:00+00:00,56496.291
2024-02-29 12:00:00+00:00,56970.017
2024-02-29 13:00:00+00:00,57435.933
2024-02-29 14:00:00+00:00,57596.962
2024-02-29 15:00:00+00:00,57740.013
2024-02-29 16:00:00+00:00,57783.119
2024-02-29 17:00:00+00:00,57079.84
2024-02-29 18:00:00+00:00,55955.305
2024-02-29 19:00:00+00:00,56416.036
2024-02-29 20:00:00+00:00,56967.158
2024-02-29 21:00:00+00:00,56397.266
2024-02-29 22:00:00+00:00,54577.186
2024-02-29 23:00:00+00:00,54168.445
2024-03-01 00:00:00+00:00,53825.766
2024-03-01 01:00:00+00:00,53918.605
2024-03-01 02:00:00+00:00,53860.629
2024-03-01 03:00:00+00:00,53584.44
2024-03-01 04:00:00+00:00,53835.587
2024-03-01 05:00:00+00:00,54272.187
2024-03-01 06:00:00+00:00,54434.662
2024-03-01 07:00:00+00:00,54489.724
2024-03-01 08:00:00+00:00,54964.054
2024-03-01 09:00:00+00:00,54334.024
2024-03-01 10:00:00+00:00,55765.895
2024-03-01 11:00:00+00:00,55326.33
2024-03-01 12:00:00+00:00,55404.305
2024-03-01 13:00:00+00:00,55342.529
2024-03-01 14:00:00+00:00,55523.802
2024-03-01 15:00:00+00:00,54883.931
2024-03-01 16:00:00+00:00,55145.752
2024-03-01 17:00:00+00:00,55284.284
2024-03-01 18:00:00+00:00,54856.872
2024-03-01 19:00:00+00:00,54878.534
2024-03-01 20:00:00+00:00,54964.19
2024-03-01 21:00:00+00:00,54669.638
2024-03-01 22:00:00+00:00,54505.782
2024-03-01 23:00:00+00:00,54188.744
2024-03-02 00:00:00+00:00,54373.816
2024-03-02 01:00:00+00:00,54272.05
2024-03-02 02:00:00+00:00,53681.34
2024-03-02 03:00:00+00:00,53402.432
2024-03-02 04:00:00+00:00,53666.238
2024-03-02 05:00:00+00:00,53458.355
2024-03-02 06:00:00+00:00,53815.393
2024-03-02 07:00:00+00:00,53682.7
2024-03-02 08:00:00+00:00,53703.287
2024-03-02 09:00:00+00:00,53573.462
2024-03-02 10:00:00+00:00,53709.694
2024-03-02 11:00:00+00:00,53517.312
2024-03-02 12:00:00+00:00,53771.399
2024-03-02 13:00:00+00:00,53736.586
2024-03-02 14:00:00+00:00,53823.348
2024-03-02 15:00:00+00:00,54101.572
2024-03-02 16:00:00+00:00,53893.291
2024-03-02 17:00:00+00:00,53833.656
2024-03-02 18:00:00+00:00,53859.646
2024-03-02 19:00:00+00:00,54246.882
2024-03-02 20:00:00+00:00,54330.975
2024-03-02 21:00:00+00:00,54629.025
2024-03-02 22:00:00+00:00,54556.275
2024-03-02 23:00:00+00:00,54768.84
2024-03-03 00:00:00+00:00,54865.344
2024-03-03 01:00:00+00:00,54653.426
2024-03-03 02:00:00+00:00,54626.817
2024-03-03 03:00:00+00:00,54568.483
2024-03-03 04:00:00+00:00,54479.689
2024-03-03 05:00:00+00:00,54197.905
2024-03-03 06:00:00+00:00,54328.129
2024-03-03 07:00:00+00:00,54268.889
2024-03-03 08:00:00+00:00,54253.928
2024-03-03 09:00:00+00:00,54371.619
2024-03-03 10:00:00+00:00,54666.424
2024-03-03 11:00:00+00:00,54720.448
2024-03-03 12:00:00+00:00,54575.886
2024-03-03 13:00:00+00:00,54453.354
2024-03-03 14:00:00+00:00,54576.854
2024-03-03 15:00:00+00:00,54990.73
2024-03-03 16:00:00+00:00,55237.355
2024-03-03 17:00:00+00:00,55336.3
2024-03-03 18:00:00+00:00,54937.835
2024-03-03 19:00:00+00:00,55111.636
2024-03-03 20:00:00+00:00,54844.001
2024-03-03 21:00:00+00:00,54788.327
2024-03-03 22:00:00+00:00,54735.273
2024-03-03 23:00:00+00:00,54607.399
2024-03-04 00:00:00+00:00,54649.405
2024-03-04 01:00:00+00:00,55006.231
2024-03-04 02:00:00+00:00,55216.761
2024-03-04 03:00:00+00:00,55548.878
2024-03-04 04:00:00+00:00,55578.086
2024-03-04 05:00:00+00:00,55864.535
2024-03-04 06:00:00+00:00,56426.411
2024-03-04 07:00:00+00:00,56377.039
2024-03-04 08:00:00+00:00,56434.215
2024-03-04 09:00:00+00:00,56732.472
2024-03-04 10:00:00+00:00,57669.334
2024-03-04 11:00:00+00:00,57570.424
2024-03-04 12:00:00+00:00,57659.286
2024-03-04 13:00:00+00:00,58249.862
2024-03-04 14:00:00+00:00,58341.686
2024-03-04 15:00:00+00:00,59174.896
2024-03-04 16:00:00+00:00,58925.651
2024-03-04 17:00:00+00:00,59764.072
2024-03-04 18:00:00+00:00,58513.246
2024-03-04 19:00:00+00:00,57795.688
2024-03-04 20:00:00+00:00,57736.534
2024-03-04 21:00:00+00:00,58056.05
2024-03-04 22:00:00+00:00,58638.848
2024-03-04 23:00:00+00:00,59782.185
2024-03-05 00:00:00+00:00,60033.374
2024-03-05 01:00:00+00:00,60002.838
2024-03-05 02:00:00+00:00,60283.108
2024-03-05 03:00:00+00:00,60820.582
2024-03-05 04:00:00+00:00,59287.345
2024-03-05 05:00:00+00:00,59331.891
2024-03-05 06:00:00+00:00,60221.154
2024-03-05 07:00:00+00:00,61640.62
2024-03-05 08:00:00+00:00,59799.887
2024-03-05 09:00:00+00:00,59986.422
2024-03-05 10:00:00+00:00,59447.499
2024-03-05 11:00:00+00:00,59498.024
2024-03-05 12:00:00+00:00,59368.523
2024-03-05 13:00:00+00:00,60209.092
2024-03-05 14:00:00+00:00,60621.784
2024-03-05 15:00:00+00:00,62020.299
2024-03-05 16:00:00+00:00,61140.804
2024-03-05 17:00:00+00:00,61130.288
2024-03-05 18:00:00+00:00,60281.548
2024-03-05 19:00:00+00:00,60325.437
2024-03-05 20:00:00+00:00,55834.131
2024-03-05 21:00:00+00:00,58084.313
2024-03-05 22:00:00+00:00,57923.28
2024-03-05 23:00:00+00:00,58377.621
2024-03-06 00:00:00+00:00,58433.408
2024-03-06 01:00:00+00:00,58510.601
2024-03-06 02:00:00+00:00,58372.754
2024-03-06 03:00:00+00:00,58198.681
2024-03-06 04:00:00+00:00,58084.542
2024-03-06 05:00:00+00:00,57757.451
2024-03-06 06:00:00+00:00,59268.757
2024-03-06 07:00:00+00:00,59670.309
2024-03-06 08:00:00+00:00,59451.275
2024-03-06 09:00:00+00:00,59461.824
2024-03-06 10:00:00+00:00,59351.8
2024-03-06 11:00:00+00:00,59955.102
2024-03-06 12:00:00+00:00,60254.072
2024-03-06 13:00:00+00:00,56547.777
2024-03-06 14:00:00+00:00,56363.94
2024-03-06 15:00:00+00:00,54833.699
2024-03-06 16:00:00+00:00,54207.259
2024-03-06 17:00:00+00:00,54427.553
2024-03-06 18:00:00+00:00,54509.449
2024-03-06 19:00:00+00:00,54025.334
2024-03-06 20:00:00+00:00,54176.944
2024-03-06 21:00:00+00:00,54371.166
2024-03-06 22:00:00+00:00,54097.638
2024-03-06 23:00:00+00:00,54016.059
2024-03-07 00:00:00+00:00,53871.839
2024-03-07 01:00:00+00:00,53688.417
2024-03-07 02:00:00+00:00,53416.305
2024-03-07 03:00:00+00:00,53758.416
2024-03-07 04:00:00+00:00,53662.93
2024-03-07 05:00:00+00:00,53643.558
2024-03-07 06:00:00+00:00,53831.941
2024-03-07 07:00:00+00:00,53781.97
2024-03-07 08:00:00+00:00,53827.339
2024-03-07 09:00:00+00:00,54148.046
2024-03-07 10:00:00+00:00,54528.949
2024-03-07 11:00:00+00:00,54555.847
2024-03-07 12:00:00+00:00,54101.266
2024-03-07 13:00:00+00:00,54101.406
2024-03-07 14:00:00+00:00,54174.118
2024-03-07 15:00:00+00:00,54704.672
2024-03-07 16:00:00+00:00,54485.255
2024-03-07 17:00:00+00:00,54422.947
2024-03-07 18:00:00+00:00,55152.46
2024-03-07 19:00:00+00:00,55152.0
2024-03-07 20:00:00+00:00,54829.742
2024-03-07 21:00:00+00:00,54889.336
2024-03-07 22:00:00+00:00,54338.386
2024-03-07 23:00:00+00:00,54219.184
2024-03-08 00:00:00+00:00,53924.015
2024-03-08 01:00:00+00:00,53413.241
2024-03-08 02:00:00+00:00,53438.487
2024-03-08 03:00:00+00:00,53306.987
2024-03-08 04:00:00+00:00,53376.08
2024-03-08 05:00:00+00:00,53294.417
2024-03-08 06:00:00+00:00,53342.409
2024-03-08 07:00:00+00:00,53627.081
2024-03-08 08:00:00+00:00,54426.243
2024-03-08 09:00:00+00:00,54330.551
2024-03-08 10:00:00+00:00,54696.954
2024-03-08 11:00:00+00:00,54807.827
2024-03-08 12:00:00+00:00,55411.809
2024-03-08 13:00:00+00:00,55603.62
2024-03-08 14:00:00+00:00,55423.912
2024-03-08 15:00:00+00:00,56703.65
2024-03-08 16:00:00+00:00,56059.432
2024-03-08 17:00:00+00:00,55659.431
2024-03-08 18:00:00+00:00,55381.438
2024-03-08 19:00:00+00:00,55407.307
2024-03-08 20:00:00+00:00,55373.021
2024-03-08 21:00:00+00:00,55707.541
2024-03-08 22:00:00+00:00,54004.018
2024-03-08 23:00:00+00:00,53721.901
2024-03-09 00:00:00+00:00,53518.485
2024-03-09 01:00:00+00:00,53083.582
2024-03-09 02:00:00+00:00,52868.694
2024-03-09 03:00:00+00:00,52940.569
2024-03-09 04:00:00+00:00,52926.64
2024-03-09 05:00:00+00:00,53152.425
2024-03-09 06:00:00+00:00,53343.183
2024-03-09 07:00:00+00:00,52896.462
2024-03-09 08:00:00+00:00,53008.885
2024-03-09 09:00:00+00:00,53169.517
2024-03-09 10:00:00+00:00,53038.936
2024-03-09 11:00:00+00:00,53326.08
2024-03-09 12:00:00+00:00,53231.182
2024-03-09 13:00:00+00:00,53303.323
2024-03-09 14:00:00+00:00,53500.906
2024-03-09 15:00:00+00:00,53515.08
2024-03-09 16:00:00+00:00,53538.404
2024-03-09 17:00:00+00:00,53748.612
2024-03-09 18:00:00+00:00,53736.764
2024-03-09 19:00:00+00:00,53563.586
2024-03-09 20:00:00+00:00,53636.501
2024-03-09 21:00:00+00:00,53654.324
2024-03-09 22:00:00+00:00,53573.029
2024-03-09 23:00:00+00:00,53535.1
2024-03-10 00:00:00+00:00,53762.638
2024-03-10 01:00:00+00:00,54079.515
2024-03-10 02:00:00+00:00,55126.855
2024-03-10 03:00:00+00:00,55063.58
2024-03-10 04:00:00+00:00,54742.517
2024-03-10 05:00:00+00:00,55572.592
2024-03-10 06:00:00+00:00,55647.056
2024-03-10 07:00:00+00:00,55679.849
2024-03-10 08:00:00+00:00,55976.778
2024-03-10 09:00:00+00:00,57185.823
2024-03-10 10:00:00+00:00,57829.075
2024-03-10 11:00:00+00:00,58045.979
2024-03-10 12:00:00+00:00,58226.835
2024-03-10 13:00:00+00:00,58599.369
2024-03-10 14:00:00+00:00,57804.194
2024-03-10 15:00:00+00:00,57604.046
2024-03-10 16:00:00+00:00,57900.567
2024-03-10 17:00:00+00:00,58155.907
2024-03-10 18:00:00+00:00,58047.63
2024-03-10 19:00:00+00:00,57466.384
2024-03-10 20:00:00+00:00,57133.885
2024-03-10 21:00:00+00:00,57032.521
2024-03-10 22:00:00+00:00,56992.597
2024-03-10 23:00:00+00:00,56202.586
2024-03-11 00:00:00+00:00,56125.156
2024-03-11 01:00:00+00:00,55190.84
2024-03-11 02:00:00+00:00,55532.831
2024-03-11 03:00:00+00:00,55364.778
2024-03-11 04:00:00+00:00,55197.353
2024-03-11 05:00:00+00:00,55170.68
2024-03-11 06:00:00+00:00,55295.324
2024-03-11 07:00:00+00:00,55365.856
2024-03-11 08:00:00+00:00,57369.204
2024-03-11 09:00:00+00:00,57684.955
2024-03-11 10:00:00+00:00,58586.755
2024-03-11 11:00:00+00:00,58314.705
2024-03-11 12:00:00+00:00,57796.796
2024-03-11 13:00:00+00:00,58468.409
2024-03-11 14:00:00+00:00,59090.764
2024-03-11 15:00:00+00:00,59020.33
2024-03-11 16:00:00+00:00,58084.129
2024-03-11 17:00:00+00:00,57563.51
2024-03-11 18:00:00+00:00,57399.983
2024-03-11 19:00:00+00:00,57132.904
2024-03-11 20:00:00+00:00,57335.762
2024-03-11 21:00:00+00:00,57036.476
2024-03-11 22:00:00+00:00,56750.95
2024-03-11 23:00:00+00:00,57194.117
2024-03-12 00:00:00+00:00,56868.26
2024-03-12 01:00:00+00:00,56760.17
2024-03-12 02:00:00+00:00,56486.391
2024-03-12 03:00:00+00:00,56887.689
2024-03-12 04:00:00+00:00,56804.605
2024-03-12 05:00:00+00:00,57091.894
2024-03-12 06:00:00+00:00,57212.241
2024-03-12 07:00:00+00:00,56976.839
2024-03-12 08:00:00+00:00,57242.427
2024-03-12 09:00:00+00:00,57167.434
2024-03-12 10:00:00+00:00,57039.766
2024-03-12 11:00:00+00:00,57083.127
2024-03-12 12:00:00+00:00,57184.685
2024-03-12 13:00:00+00:00,57339.37
2024-03-12 14:00:00+00:00,57925.017
2024-03-12 15:00:00+00:00,58998.844
2024-03-12 16:00:00+00:00,58337.895
2024-03-12 17:00:00+00:00,58517.371
2024-03-12 18:00:00+00:00,58213.415
2024-03-12 19:00:00+00:00,58526.454
2024-03-12 20:00:00+00:00,58044.413
2024-03-12 21:00:00+00:00,57496.0
2024-03-12 22:00:00+00:00,57527.784
2024-03-12 23:00:00+00:00,57360.008
2024-03-13 00:00:00+00:00,57503.471
2024-03-13 01:00:00+00:00,57346.564
2024-03-13 02:00:00+00:00,57447.922
2024-03-13 03:00:00+00:00,57962.81
2024-03-13 04:00:00+00:00,58069.369
2024-03-13 05:00:00+00:00,58369.053
2024-03-13 06:00:00+00:00,58290.473
2024-03-13 07:00:00+00:00,59542.233
2024-03-13 08:00:00+00:00,59387.739
2024-03-13 09:00:00+00:00,58830.287
2024-03-13 10:00:00+00:00,58113.522
2024-03-13 11:00:00+00:00,58265.437
2024-03-13 12:00:00+00:00,58324.149
2024-03-13 13:00:00+00:00,58794.924
2024-03-13 14:00:00+00:00,57784.844
2024-03-13 15:00:00+00:00,58428.744
2024-03-13 16:00:00+00:00,57980.271
2024-03-13 17:00:00+00:00,57823.668
2024-03-13 18:00:00+00:00,57576.522
2024-03-13 19:00:00+00:00,57655.018
2024-03-13 20:00:00+00:00,57079.439
2024-03-13 21:00:00+00:00,56788.094
2024-03-13 22:00:00+00:00,56181.003
2024-03-13 23:00:00+00:00,56076.002
2024-03-14 00:00:00+00:00,56000.519
2024-03-14 01:00:00+00:00,56234.18
2024-03-14 02:00:00+00:00,56247.429
2024-03-14 03:00:00+00:00,56497.646
2024-03-14 04:00:00+00:00,56614.853
2024-03-14 05:00:00+00:00,56030.812
2024-03-14 06:00:00+00:00,56631.363
2024-03-14 07:00:00+00:00,57161.967
2024-03-14 08:00:00+00:00,57215.754
2024-03-14 09:00:00+00:00,57397.313
2024-03-14 10:00:00+00:00,57368.931
2024-03-14 11:00:00+00:00,57617.338
2024-03-14 12:00:00+00:00,57732.074
2024-03-14 13:00:00+00:00,58012.171
2024-03-14 14:00:00+00:00,60063.861
2024-03-14 15:00:00+00:00,60586.21
2024-03-14 16:00:00+00:00,59900.193
2024-03-14 17:00:00+00:00,59570.27
2024-03-14 18:00:00+00:00,59288.583
2024-03-14 19:00:00+00:00,58614.336
2024-03-14 20:00:00+00:00,60969.069
2024-03-14 21:00:00+00:00,61259.99
2024-03-14 22:00:00+00:00,61352.351
2024-03-14 23:00:00+00:00,61907.318
2024-03-15 00:00:00+00:00,61551.704
2024-03-15 01:00:00+00:00,60195.893
2024-03-15 02:00:00+00:00,60455.496
2024-03-15 03:00:00+00:00,58210.88
2024-03-15 04:00:00+00:00,58007.862
2024-03-15 05:00:00+00:00,57804.287
2024-03-15 06:00:00+00:00,57871.216
2024-03-15 07:00:00+00:00,58422.981
2024-03-15 08:00:00+00:00,58114.873
2024-03-15 09:00:00+00:00,57201.669
2024-03-15 10:00:00+00:00,56361.389
2024-03-15 11:00:00+00:00,56768.354
2024-03-15 12:00:00+00:00,56854.987
2024-03-15 13:00:00+00:00,57632.288
2024-03-15 14:00:00+00:00,57688.989
2024-03-15 15:00:00+00:00,58204.809
2024-03-15 16:00:00+00:00,57712.373
2024-03-15 17:00:00+00:00,57466.6
2024-03-15 18:00:00+00:00,57204.963
2024-03-15 19:00:00+00:00,56069.806
2024-03-15 20:00:00+00:00,55485.544
2024-03-15 21:00:00+00:00,55035.369
2024-03-15 22:00:00+00:00,55032.338
2024-03-15 23:00:00+00:00,55051.313
2024-03-16 00:00:00+00:00,55211.492
2024-03-16 01:00:00+00:00,55451.748
2024-03-16 02:00:00+00:00,54927.558
2024-03-16 03:00:00+00:00,54997.387
2024-03-16 04:00:00+00:00,55119.515
2024-03-16 05:00:00+00:00,55208.196
2024-03-16 06:00:00+00:00,55347.709
2024-03-16 07:00:00+00:00,55612.436
2024-03-16 08:00:00+00:00,56370.353
2024-03-16 09:00:00+00:00,55934.185
2024-03-16 10:00:00+00:00,55781.632
2024-03-16 11:00:00+00:00,56352.194
2024-03-16 12:00:00+00:00,56059.811
2024-03-16 13:00:00+00:00,56177.984
2024-03-16 14:00:00+00:00,56145.632
2024-03-16 15:00:00+00:00,56177.883
2024-03-16 16:00:00+00:00,56000.995
2024-03-16 17:00:00+00:00,55669.718
2024-03-16 18:00:00+00:00,55171.258
2024-03-16 19:00:00+00:00,55126.468
2024-03-16 20:00:00+00:00,55298.183
2024-03-16 21:00:00+00:00,54996.756
2024-03-16 22:00:00+00:00,54772.775
2024-03-16 23:00:00+00:00,55039.138
2024-03-17 00:00:00+00:00,55491.413
2024-03-17 01:00:00+00:00,54979.246
2024-03-17 02:00:00+00:00,55322.1
2024-03-17 03:00:00+00:00,56057.974
2024-03-17 04:00:00+00:00,55877.38
2024-03-17 05:00:00+00:00,55624.542
2024-03-17 06:00:00+00:00,55230.317
2024-03-17 07:00:00+00:00,54936.923
2024-03-17 08:00:00+00:00,55288.112
2024-03-17 09:00:00+00:00,54589.607
2024-03-17 10:00:00+00:00,54864.568
2024-03-17 11:00:00+00:00,56007.989
2024-03-17 12:00:00+00:00,56408.868
2024-03-17 13:00:00+00:00,55875.034
2024-03-17 14:00:00+00:00,55309.253
2024-03-17 15:00:00+00:00,54800.924
2024-03-17 16:00:00+00:00,55282.92
2024-03-17 17:00:00+00:00,55578.113
2024-03-17 18:00:00+00:00,55800.885
2024-03-17 19:00:00+00:00,55931.453
2024-03-17 20:00:00+00:00,55759.99
2024-03-17 21:00:00+00:00,55997.031
2024-03-17 22:00:00+00:00,55984.58
2024-03-17 23:00:00+00:00,55432.776
2024-03-18 00:00:00+00:00,55678.743
2024-03-18 01:00:00+00:00,55955.372
2024-03-18 02:00:00+00:00,55565.014
2024-03-18 03:00:00+00:00,55040.635
2024-03-18 04:00:00+00:00,55213.846
2024-03-18 05:00:00+00:00,55431.049
2024-03-18 06:00:00+00:00,55808.876
2024-03-18 07:00:00+00:00,55735.872
2024-03-18 08:00:00+00:00,55999.231
2024-03-18 09:00:00+00:00,55249.97
2024-03-18 10:00:00+00:00,55386.223
2024-03-18 11:00:00+00:00,55369.415
2024-03-18 12:00:00+00:00,55293.629
2024-03-18 13:00:00+00:00,55654.61
2024-03-18 14:00:00+00:00,55877.437
2024-03-18 15:00:00+00:00,55477.053
2024-03-18 16:00:00+00:00,56796.351
2024-03-18 17:00:00+00:00,57363.873
2024-03-18 18:00:00+00:00,56739.381
2024-03-18 19:00:00+00:00,56270.06
2024-03-18 20:00:00+00:00,56386.493
2024-03-18 21:00:00+00:00,55849.437
2024-03-18 22:00:00+00:00,56011.605
2024-03-18 23:00:00+00:00,55707.1
2024-03-19 00:00:00+00:00,55334.748
2024-03-19 01:00:00+00:00,55349.435
2024-03-19 02:00:00+00:00,55119.143
2024-03-19 03:00:00+00:00,54889.161
2024-03-19 04:00:00+00:00,54605.499
2024-03-19 05:00:00+00:00,55070.497
2024-03-19 06:00:00+00:00,55397.85
2024-03-19 07:00:00+00:00,55475.157
2024-03-19 08:00:00+00:00,55435.366
2024-03-19 09:00:00+00:00,54868.738
2024-03-19 10:00:00+00:00,54515.503
2024-03-19 11:00:00+00:00,54076.33
2024-03-19 12:00:00+00:00,54252.107
2024-03-19 13:00:00+00:00,55992.135
2024-03-19 14:00:00+00:00,55522.136
2024-03-19 15:00:00+00:00,55902.237
2024-03-19 16:00:00+00:00,55815.419
2024-03-19 17:00:00+00:00,55241.988
2024-03-19 18:00:00+00:00,54216.983
2024-03-19 19:00:00+00:00,53991.952
2024-03-19 20:00:00+00:00,53938.49
2024-03-19 21:00:00+00:00,53455.476
2024-03-19 22:00:00+00:00,52809.539
2024-03-19 23:00:00+00:00,52943.075
2024-03-20 00:00:00+00:00,53255.222
2024-03-20 01:00:00+00:00,53496.083
2024-03-20 02:00:00+00:00,53338.737
2024-03-20 03:00:00+00:00,53781.904
2024-03-20 04:00:00+00:00,54465.584
2024-03-20 05:00:00+00:00,53405.953
2024-03-20 06:00:00+00:00,54016.147
2024-03-20 07:00:00+00:00,54181.205
2024-03-20 08:00:00+00:00,54829.206
2024-03-20 09:00:00+00:00,55258.55
2024-03-20 10:00:00+00:00,55452.722
2024-03-20 11:00:00+00:00,55996.628
2024-03-20 12:00:00+00:00,56549.577
2024-03-20 13:00:00+00:00,56308.898
2024-03-20 14:00:00+00:00,55956.195
2024-03-20 15:00:00+00:00,55733.309
2024-03-20 16:00:00+00:00,55285.388
2024-03-20 17:00:00+00:00,53362.082
2024-03-20 18:00:00+00:00,52627.767
2024-03-20 19:00:00+00:00,54042.821
2024-03-20 20:00:00+00:00,53888.787
2024-03-20 21:00:00+00:00,54808.049
2024-03-20 22:00:00+00:00,53932.448
2024-03-20 23:00:00+00:00,54552.586
2024-03-21 00:00:00+00:00,54554.642
2024-03-21 01:00:00+00:00,54327.276
2024-03-21 02:00:00+00:00,54557.072
2024-03-21 03:00:00+00:00,54895.468
2024-03-21 04:00:00+00:00,55469.971
2024-03-21 05:00:00+00:00,55716.716
2024-03-21 06:00:00+00:00,55306.352
2024-03-21 07:00:00+00:00,55117.532
2024-03-21 08:00:00+00:00,55254.38
2024-03-21 09:00:00+00:00,54396.634
2024-03-21 10:00:00+00:00,54841.402
2024-03-21 11:00:00+00:00,54644.142
2024-03-21 12:00:00+00:00,54054.566
2024-03-21 13:00:00+00:00,54343.064
2024-03-21 14:00:00+00:00,53916.083
2024-03-21 15:00:00+00:00,53741.936
2024-03-21 16:00:00+00:00,53175.534
2024-03-21 17:00:00+00:00,53229.862
2024-03-21 18:00:00+00:00,52606.491
2024-03-21 19:00:00+00:00,53098.368
2024-03-21 20:00:00+00:00,53011.48
2024-03-21 21:00:00+00:00,53084.468
2024-03-21 22:00:00+00:00,53107.5
2024-03-21 23:00:00+00:00,53279.288
2024-03-22 00:00:00+00:00,53448.488
2024-03-22 01:00:00+00:00,53707.363
2024-03-22 02:00:00+00:00,52866.934
2024-03-22 03:00:00+00:00,53364.095
2024-03-22 04:00:00+00:00,53260.155
2024-03-22 05:00:00+00:00,52832.578
2024-03-22 06:00:00+00:00,53593.749
2024-03-22 07:00:00+00:00,53856.261
2024-03-22 08:00:00+00:00,53848.26
2024-03-22 09:00:00+00:00,53964.197
2024-03-22 10:00:00+00:00,53894.976
2024-03-22 11:00:00+00:00,54204.109
2024-03-22 12:00:00+00:00,55075.856
2024-03-22 13:00:00+00:00,54410.756
2024-03-22 14:00:00+00:00,55253.571
2024-03-22 15:00:00+00:00,55161.541
2024-03-22 16:00:00+00:00,55060.665
2024-03-22 17:00:00+00:00,54663.415
2024-03-22 18:00:00+00:00,54892.723
2024-03-22 19:00:00+00:00,54724.349
2024-03-22 20:00:00+00:00,54595.697
2024-03-22 21:00:00+00:00,54699.259
2024-03-22 22:00:00+00:00,54177.665
2024-03-22 23:00:00+00:00,54377.174
2024-03-23 00:00:00+00:00,54002.997
2024-03-23 01:00:00+00:00,54481.516
2024-03-23 02:00:00+00:00,54312.08
2024-03-23 03:00:00+00:00,54874.67
2024-03-23 04:00:00+00:00,54843.609
2024-03-23 05:00:00+00:00,54807.617
2024-03-23 06:00:00+00:00,54872.304
2024-03-23 07:00:00+00:00,55032.07
2024-03-23 08:00:00+00:00,54925.396
2024-03-23 09:00:00+00:00,54815.671
2024-03-23 10:00:00+00:00,55504.175
2024-03-23 11:00:00+00:00,55629.642
2024-03-23 12:00:00+00:00,55880.803
2024-03-23 13:00:00+00:00,55825.358
2024-03-23 14:00:00+00:00,55358.959
2024-03-23 15:00:00+00:00,54904.988
2024-03-23 16:00:00+00:00,54676.712
2024-03-23 17:00:00+00:00,54785.702
2024-03-23 18:00:00+00:00,54434.296
2024-03-23 19:00:00+00:00,54778.009
2024-03-23 20:00:00+00:00,54649.833
2024-03-23 21:00:00+00:00,54250.273
2024-03-23 22:00:00+00:00,54056.095
2024-03-23 23:00:00+00:00,54021.873
2024-03-24 00:00:00+00:00,54154.843
2024-03-24 01:00:00+00:00,53955.649
2024-03-24 02:00:00+00:00,54157.893
2024-03-24 03:00:00+00:00,54252.22
2024-03-24 04:00:00+00:00,54324.952
2024-03-24 05:00:00+00:00,54220.024
2024-03-24 06:00:00+00:00,54084.977
2024-03-24 07:00:00+00:00,54310.227
2024-03-24 08:00:00+00:00,54211.859
2024-03-24 09:00:00+00:00,53676.887
2024-03-24 10:00:00+00:00,53894.787
2024-03-24 11:00:00+00:00,54225.963
2024-03-24 12:00:00+00:00,54476.665
2024-03-24 13:00:00+00:00,54624.561
2024-03-24 14:00:00+00:00,54312.97
2024-03-24 15:00:00+00:00,54580.021
2024-03-24 16:00:00+00:00,54522.652
2024-03-24 17:00:00+00:00,54583.398
2024-03-24 18:00:00+00:00,54620.508
2024-03-24 19:00:00+00:00,54107.982
2024-03-24 20:00:00+00:00,53163.544
2024-03-24 21:00:00+00:00,53180.154
2024-03-24 22:00:00+00:00,52875.258
2024-03-24 23:00:00+00:00,53081.678
2024-03-25 00:00:00+00:00,53049.8
2024-03-25 01:00:00+00:00,53053.263
2024-03-25 02:00:00+00:00,53183.717
2024-03-25 03:00:00+00:00,53277.292
2024-03-25 04:00:00+00:00,53389.919
2024-03-25 05:00:00+00:00,53777.978
2024-03-25 06:00:00+00:00,53948.848
2024-03-25 07:00:00+00:00,54308.527
2024-03-25 08:00:00+00:00,54179.206
2024-03-25 09:00:00+00:00,54133.502
2024-03-25 10:00:00+00:00,54375.344
2024-03-25 11:00:00+00:00,54054.309
2024-03-25 12:00:00+00:00,54216.309
2024-03-25 13:00:00+00:00,54069.794
2024-03-25 14:00:00+00:00,54328.245
2024-03-25 15:00:00+00:00,56440.821
2024-03-25 16:00:00+00:00,57349.373
2024-03-25 17:00:00+00:00,57139.971
2024-03-25 18:00:00+00:00,56849.765
2024-03-25 19:00:00+00:00,57016.658
2024-03-25 20:00:00+00:00,57199.577
2024-03-25 21:00:00+00:00,57256.552
2024-03-25 22:00:00+00:00,55719.679
2024-03-25 23:00:00+00:00,56238.451
2024-03-26 00:00:00+00:00,55794.408
2024-03-26 01:00:00+00:00,55854.05
2024-03-26 02:00:00+00:00,56571.216
2024-03-26 03:00:00+00:00,56363.166
2024-03-26 04:00:00+00:00,56776.479
2024-03-26 05:00:00+00:00,56634.137
2024-03-26 06:00:00+00:00,56414.859
2024-03-26 07:00:00+00:00,56464.703
2024-03-26 08:00:00+00:00,56527.905
2024-03-26 09:00:00+00:00,56658.889
2024-03-26 10:00:00+00:00,57020.698
2024-03-26 11:00:00+00:00,57343.48
2024-03-26 12:00:00+00:00,57264.915
2024-03-26 13:00:00+00:00,57730.524
2024-03-26 14:00:00+00:00,58699.584
2024-03-26 15:00:00+00:00,59908.994
2024-03-26 16:00:00+00:00,60469.34
2024-03-26 17:00:00+00:00,59852.161
2024-03-26 18:00:00+00:00,59699.588
2024-03-26 19:00:00+00:00,59600.49
2024-03-26 20:00:00+00:00,59514.763
2024-03-26 21:00:00+00:00,58920.166
2024-03-26 22:00:00+00:00,60109.199
2024-03-26 23:00:00+00:00,59856.148
2024-03-27 00:00:00+00:00,59776.923
2024-03-27 01:00:00+00:00,59884.66
2024-03-27 02:00:00+00:00,59622.255
2024-03-27 03:00:00+00:00,59656.442
2024-03-27 04:00:00+00:00,59697.83
2024-03-27 05:00:00+00:00,59296.383
2024-03-27 06:00:00+00:00,59619.389
2024-03-27 07:00:00+00:00,59630.856
2024-03-27 08:00:00+00:00,59918.959
2024-03-27 09:00:00+00:00,59886.513
2024-03-27 10:00:00+00:00,59819.346
2024-03-27 11:00:00+00:00,60419.184
2024-03-27 12:00:00+00:00,60635.137
2024-03-27 13:00:00+00:00,60854.774
2024-03-27 14:00:00+00:00,60645.092
2024-03-27 15:00:00+00:00,59788.055
2024-03-27 16:00:00+00:00,59859.277
2024-03-27 17:00:00+00:00,59481.637
2024-03-27 18:00:00+00:00,58433.607
2024-03-27 19:00:00+00:00,58877.686
2024-03-27 20:00:00+00:00,58332.531
2024-03-27 21:00:00+00:00,57951.247
2024-03-27 22:00:00+00:00,58166.205
2024-03-27 23:00:00+00:00,59097.094
2024-03-28 00:00:00+00:00,59294.167
2024-03-28 01:00:00+00:00,58695.585
2024-03-28 02:00:00+00:00,58952.551
2024-03-28 03:00:00+00:00,58920.341
2024-03-28 04:00:00+00:00,59235.51
2024-03-28 05:00:00+00:00,60054.599
2024-03-28 06:00:00+00:00,59737.682
2024-03-28 07:00:00+00:00,58616.416
2024-03-28 08:00:00+00:00,58198.751
2024-03-28 09:00:00+00:00,58265.655
2024-03-28 10:00:00+00:00,58802.824
2024-03-28 11:00:00+00:00,59008.013
2024-03-28 12:00:00+00:00,59095.697
2024-03-28 13:00:00+00:00,58835.578
2024-03-28 14:00:00+00:00,59100.503
2024-03-28 15:00:00+00:00,58976.575
2024-03-28 16:00:00+00:00,59703.83
2024-03-28 17:00:00+00:00,59735.145
2024-03-28 18:00:00+00:00,59726.946
2024-03-28 19:00:00+00:00,59442.65
2024-03-28 20:00:00+00:00,59741.4
2024-03-28 21:00:00+00:00,59525.277
2024-03-28 22:00:00+00:00,59670.702
2024-03-28 23:00:00+00:00,60014.701
2024-03-29 00:00:00+00:00,60206.77
2024-03-29 01:00:00+00:00,59965.295
2024-03-29 02:00:00+00:00,59961.867
2024-03-29 03:00:00+00:00,59630.026
2024-03-29 04:00:00+00:00,59457.032
2024-03-29 05:00:00+00:00,59520.555
2024-03-29 06:00:00+00:00,58965.34
2024-03-29 07:00:00+00:00,58978.006
2024-03-29 08:00:00+00:00,59341.106
2024-03-29 09:00:00+00:00,59578.4
2024-03-29 10:00:00+00:00,59926.132
2024-03-29 11:00:00+00:00,59795.604
2024-03-29 12:00:00+00:00,59890.827
2024-03-29 13:00:00+00:00,60436.664
2024-03-29 14:00:00+00:00,60391.376
2024-03-29 15:00:00+00:00,60430.178
2024-03-29 16:00:00+00:00,58900.7
2024-03-29 17:00:00+00:00,58417.243
2024-03-29 18:00:00+00:00,58531.727
2024-03-29 19:00:00+00:00,58391.264
2024-03-29 20:00:00+00:00,58256.777
2024-03-29 21:00:00+00:00,58298.101
2024-03-29 22:00:00+00:00,58052.498
2024-03-29 23:00:00+00:00,57797.482
2024-03-30 00:00:00+00:00,57739.79
2024-03-30 01:00:00+00:00,57819.134
2024-03-30 02:00:00+00:00,58456.943
2024-03-30 03:00:00+00:00,58590.224
2024-03-30 04:00:00+00:00,58653.607
2024-03-30 05:00:00+00:00,58525.119
2024-03-30 06:00:00+00:00,58366.952
2024-03-30 07:00:00+00:00,58480.848
2024-03-30 08:00:00+00:00,58364.033
2024-03-30 09:00:00+00:00,58429.872
2024-03-30 10:00:00+00:00,58520.696
2024-03-30 11:00:00+00:00,58577.881
2024-03-30 12:00:00+00:00,58485.774
2024-03-30 13:00:00+00:00,58525.835
2024-03-30 14:00:00+00:00,58454.079
2024-03-30 15:00:00+00:00,58374.346
2024-03-30 16:00:00+00:00,58312.598
2024-03-30 17:00:00+00:00,58221.447
2024-03-30 18:00:00+00:00,58302.939
2024-03-30 19:00:00+00:00,57991.418
2024-03-30 20:00:00+00:00,57853.54
2024-03-30 21:00:00+00:00,57794.934
2024-03-30 22:00:00+00:00,57657.949
2024-03-30 23:00:00+00:00,57981.24
2024-03-31 00:00:00+00:00,57638.366
2024-03-31 01:00:00+00:00,57781.329
2024-03-31 02:00:00+00:00,57617.191
2024-03-31 03:00:00+00:00,57532.097
2024-03-31 04:00:00+00:00,57418.306
2024-03-31 05:00:00+00:00,57619.965
2024-03-31 06:00:00+00:00,57273.732
2024-03-31 07:00:00+00:00,57324.904
2024-03-31 08:00:00+00:00,57342.588
2024-03-31 09:00:00+00:00,57942.659
2024-03-31 10:00:00+00:00,57927.276
2024-03-31 11:00:00+00:00,58143.942
2024-03-31 12:00:00+00:00,58251.327
2024-03-31 13:00:00+00:00,58279.39
2024-03-31 14:00:00+00:00,58050.405
2024-03-31 15:00:00+00:00,58004.238
2024-03-31 16:00:00+00:00,57453.416
2024-03-31 17:00:00+00:00,57443.426
2024-03-31 18:00:00+00:00,57364.486
2024-03-31 19:00:00+00:00,57142.429
2024-03-31 20:00:00+00:00,57943.72
2024-03-31 21:00:00+00:00,57931.89
2024-03-31 22:00:00+00:00,57985.035
2024-03-31 23:00:00+00:00,57947.556
2024-04-01 00:00:00+00:00,57981.218
2024-04-01 01:00:00+00:00,57634.186
2024-04-01 02:00:00+00:00,57668.629
2024-04-01 03:00:00+00:00,57984.983
2024-04-01 04:00:00+00:00,57914.615
2024-04-01 05:00:00+00:00,57898.237
2024-04-01 06:00:00+00:00,57148.862
2024-04-01 07:00:00+00:00,57632.553
2024-04-01 08:00:00+00:00,57236.302
2024-04-01 09:00:00+00:00,56801.545
2024-04-01 10:00:00+00:00,56685.505
2024-04-01 11:00:00+00:00,56522.988
2024-04-01 12:00:00+00:00,56331.325
2024-04-01 13:00:00+00:00,57248.474
2024-04-01 14:00:00+00:00,57601.371
2024-04-01 15:00:00+00:00,57242.871
2024-04-01 16:00:00+00:00,57561.617
2024-04-01 17:00:00+00:00,57485.125
2024-04-01 18:00:00+00:00,57824.908
2024-04-01 19:00:00+00:00,58013.165
2024-04-01 20:00:00+00:00,57534.076
2024-04-01 21:00:00+00:00,56801.511
2024-04-01 22:00:00+00:00,56103.898
2024-04-01 23:00:00+00:00,55845.013
2024-04-02 00:00:00+00:00,56630.976
2024-04-02 01:00:00+00:00,57341.077
2024-04-02 02:00:00+00:00,57529.839
2024-04-02 03:00:00+00:00,53704.127
2024-04-02 04:00:00+00:00,54581.186
2024-04-02 05:00:00+00:00,54815.165
2024-04-02 06:00:00+00:00,54779.379
2024-04-02 07:00:00+00:00,55417.576
2024-04-02 08:00:00+00:00,55779.149
2024-04-02 09:00:00+00:00,55528.092
2024-04-02 10:00:00+00:00,55730.548
2024-04-02 11:00:00+00:00,55406.038
2024-04-02 12:00:00+00:00,56949.095
2024-04-02 13:00:00+00:00,56475.705
2024-04-02 14:00:00+00:00,57657.012
2024-04-02 15:00:00+00:00,58053.268
2024-04-02 16:00:00+00:00,58340.919
2024-04-02 17:00:00+00:00,58530.255
2024-04-02 18:00:00+00:00,58575.498
2024-04-02 19:00:00+00:00,58749.768
2024-04-02 20:00:00+00:00,57815.635
2024-04-02 21:00:00+00:00,57491.408
2024-04-02 22:00:00+00:00,56946.28
2024-04-02 23:00:00+00:00,57060.258
2024-04-03 00:00:00+00:00,56904.631
2024-04-03 01:00:00+00:00,56088.712
2024-04-03 02:00:00+00:00,56501.333
2024-04-03 03:00:00+00:00,56946.209
2024-04-03 04:00:00+00:00,57183.862
2024-04-03 05:00:00+00:00,57510.124
2024-04-03 06:00:00+00:00,57669.519
2024-04-03 07:00:00+00:00,57567.078
2024-04-03 08:00:00+00:00,57648.538
2024-04-03 09:00:00+00:00,57255.417
2024-04-03 10:00:00+00:00,57407.182
2024-04-03 11:00:00+00:00,57204.944
2024-04-03 12:00:00+00:00,56526.068
2024-04-03 13:00:00+00:00,56823.781
2024-04-03 14:00:00+00:00,56934.765
2024-04-03 15:00:00+00:00,56482.061
2024-04-03 16:00:00+00:00,56785.527
2024-04-03 17:00:00+00:00,56132.511
2024-04-03 18:00:00+00:00,56115.394
2024-04-03 19:00:00+00:00,56276.771
2024-04-03 20:00:00+00:00,55947.715
2024-04-03 21:00:00+00:00,56148.718
2024-04-03 22:00:00+00:00,56674.059
2024-04-03 23:00:00+00:00,56825.313
2024-04-04 00:00:00+00:00,56963.56
2024-04-04 01:00:00+00:00,56992.105
2024-04-04 02:00:00+00:00,56640.128
2024-04-04 03:00:00+00:00,56679.295
2024-04-04 04:00:00+00:00,56443.112
2024-04-04 05:00:00+00:00,55724.682
2024-04-04 06:00:00+00:00,55530.418
2024-04-04 07:00:00+00:00,55319.698
2024-04-04 08:00:00+00:00,55220.977
2024-04-04 09:00:00+00:00,55131.381
2024-04-04 10:00:00+00:00,56320.165
2024-04-04 11:00:00+00:00,56335.36
2024-04-04 12:00:00+00:00,56475.609
2024-04-04 13:00:00+00:00,57024.825
2024-04-04 14:00:00+00:00,57158.741
2024-04-04 15:00:00+00:00,56792.539
2024-04-04 16:00:00+00:00,56855.498
2024-04-04 17:00:00+00:00,56990.443
2024-04-04 18:00:00+00:00,56536.385
2024-04-04 19:00:00+00:00,56626.716
2024-04-04 20:00:00+00:00,56985.389
2024-04-04 21:00:00+00:00,55698.191
2024-04-04 22:00:00+00:00,55217.281
2024-04-04 23:00:00+00:00,54863.921
2024-04-05 00:00:00+00:00,54856.332
2024-04-05 01:00:00+00:00,54537.521
2024-04-05 02:00:00+00:00,54612.387
2024-04-05 03:00:00+00:00,54100.058
2024-04-05 04:00:00+00:00,53324.03
2024-04-05 05:00:00+00:00,53836.617
2024-04-05 06:00:00+00:00,53160.622
2024-04-05 07:00:00+00:00,53088.159
2024-04-05 08:00:00+00:00,53368.826
2024-04-05 09:00:00+00:00,53639.763
2024-04-05 10:00:00+00:00,52984.639
2024-04-05 11:00:00+00:00,54069.541
2024-04-05 12:00:00+00:00,53299.473
2024-04-05 13:00:00+00:00,54248.667
2024-04-05 14:00:00+00:00,55372.207
2024-04-05 15:00:00+00:00,54794.088
2024-04-05 16:00:00+00:00,55363.651
2024-04-05 17:00:00+00:00,55151.489
2024-04-05 18:00:00+00:00,54917.863
2024-04-05 19:00:00+00:00,54945.37
2024-04-05 20:00:00+00:00,54934.889
2024-04-05 21:00:00+00:00,54564.699
2024-04-05 22:00:00+00:00,54603.794
2024-04-05 23:00:00+00:00,54521.366
2024-04-06 00:00:00+00:00,54407.443
2024-04-06 01:00:00+00:00,54290.437
2024-04-06 02:00:00+00:00,54688.636
2024-04-06 03:00:00+00:00,54783.152
2024-04-06 04:00:00+00:00,54630.796
2024-04-06 05:00:00+00:00,54633.42
2024-04-06 06:00:00+00:00,54441.268
2024-04-06 07:00:00+00:00,54509.359
2024-04-06 08:00:00+00:00,54572.721
2024-04-06 09:00:00+00:00,54305.219
2024-04-06 10:00:00+00:00,54367.341
2024-04-06 11:00:00+00:00,54337.402
2024-04-06 12:00:00+00:00,54222.89
2024-04-06 13:00:00+00:00,54362.993
2024-04-06 14:00:00+00:00,54504.573
2024-04-06 15:00:00+00:00,54378.415
2024-04-06 16:00:00+00:00,54490.396
2024-04-06 17:00:00+00:00,54452.105
2024-04-06 18:00:00+00:00,54483.879
2024-04-06 19:00:00+00:00,54433.762
2024-04-06 20:00:00+00:00,54405.058
2024-04-06 21:00:00+00:00,54329.676
2024-04-06 22:00:00+00:00,54254.698
2024-04-06 23:00:00+00:00,54271.833
2024-04-07 00:00:00+00:00,54651.064
2024-04-07 01:00:00+00:00,54472.112
2024-04-07 02:00:00+00:00,55135.589
2024-04-07 03:00:00+00:00,55470.357
2024-04-07 04:00:00+00:00,55448.053
2024-04-07 05:00:00+00:00,55366.828
2024-04-07 06:00:00+00:00,55361.593
2024-04-07 07:00:00+00:00,55491.191
2024-04-07 08:00:00+00:00,55452.157
2024-04-07 09:00:00+00:00,55666.343
2024-04-07 10:00:00+00:00,55831.848
2024-04-07 11:00:00+00:00,55892.355
2024-04-07 12:00:00+00:00,55878.784
2024-04-07 13:00:00+00:00,55968.295
2024-04-07 14:00:00+00:00,56044.57
2024-04-07 15:00:00+00:00,55837.638
2024-04-07 16:00:00+00:00,55553.535
2024-04-07 17:00:00+00:00,56643.274
2024-04-07 18:00:00+00:00,57230.046
2024-04-07 19:00:00+00:00,56365.743
2024-04-07 20:00:00+00:00,55287.752
2024-04-07 21:00:00+00:00,55365.951
2024-04-07 22:00:00+00:00,55163.018
2024-04-07 23:00:00+00:00,55148.314
2024-04-08 00:00:00+00:00,55837.298
2024-04-08 01:00:00+00:00,56154.317
2024-04-08 02:00:00+00:00,55632.27
2024-04-08 03:00:00+00:00,55568.118
2024-04-08 04:00:00+00:00,55941.507
2024-04-08 05:00:00+00:00,55895.941
2024-04-08 06:00:00+00:00,56164.477
2024-04-08 07:00:00+00:00,56856.744
2024-04-08 08:00:00+00:00,55696.595
2024-04-08 09:00:00+00:00,56343.652
2024-04-08 10:00:00+00:00,57451.57
2024-04-08 11:00:00+00:00,57482.425
2024-04-08 12:00:00+00:00,57864.104
2024-04-08 13:00:00+00:00,58007.394
2024-04-08 14:00:00+00:00,57676.462
2024-04-08 15:00:00+00:00,56689.633
2024-04-08 16:00:00+00:00,56984.442
2024-04-08 17:00:00+00:00,57083.052
2024-04-08 18:00:00+00:00,57143.738
2024-04-08 19:00:00+00:00,57197.985
2024-04-08 20:00:00+00:00,57236.834
2024-04-08 21:00:00+00:00,57090.372
2024-04-08 22:00:00+00:00,56855.16
2024-04-08 23:00:00+00:00,56718.707
2024-04-09 00:00:00+00:00,56652.097
2024-04-09 01:00:00+00:00,56838.641
2024-04-09 02:00:00+00:00,56521.187
2024-04-09 03:00:00+00:00,56565.464
2024-04-09 04:00:00+00:00,56464.54
2024-04-09 05:00:00+00:00,56375.493
2024-04-09 06:00:00+00:00,55945.834
2024-04-09 07:00:00+00:00,55328.553
2024-04-09 08:00:00+00:00,55408.534
2024-04-09 09:00:00+00:00,55462.557
2024-04-09 10:00:00+00:00,55135.386
2024-04-09 11:00:00+00:00,55415.164
2024-04-09 12:00:00+00:00,55818.813
2024-04-09 13:00:00+00:00,55918.071
2024-04-09 14:00:00+00:00,56019.086
2024-04-09 15:00:00+00:00,56075.839
2024-04-09 16:00:00+00:00,57210.282
2024-04-09 17:00:00+00:00,57433.064
2024-04-09 18:00:00+00:00,57292.634
2024-04-09 19:00:00+00:00,57587.083
2024-04-09 20:00:00+00:00,57897.243
2024-04-09 21:00:00+00:00,58499.424
2024-04-09 22:00:00+00:00,58246.028
2024-04-09 23:00:00+00:00,57937.263
2024-04-10 00:00:00+00:00,57416.542
2024-04-10 01:00:00+00:00,57294.228
2024-04-10 02:00:00+00:00,56546.304
2024-04-10 03:00:00+00:00,56369.294
2024-04-10 04:00:00+00:00,56912.613
2024-04-10 05:00:00+00:00,57033.786
2024-04-10 06:00:00+00:00,57075.722
2024-04-10 07:00:00+00:00,57064.853
2024-04-10 08:00:00+00:00,57115.69
2024-04-10 09:00:00+00:00,56535.87
2024-04-10 10:00:00+00:00,56487.254
2024-04-10 11:00:00+00:00,56280.809
2024-04-10 12:00:00+00:00,55875.902
2024-04-10 13:00:00+00:00,56696.813
2024-04-10 14:00:00+00:00,58222.892
2024-04-10 15:00:00+00:00,56651.629
2024-04-10 16:00:00+00:00,56669.647
2024-04-10 17:00:00+00:00,55951.545
2024-04-10 18:00:00+00:00,55658.466
2024-04-10 19:00:00+00:00,56071.039
2024-04-10 20:00:00+00:00,56657.574
2024-04-10 21:00:00+00:00,56272.734
2024-04-10 22:00:00+00:00,56307.717
2024-04-10 23:00:00+00:00,55875.525
2024-04-11 00:00:00+00:00,56370.876
2024-04-11 01:00:00+00:00,56469.191
2024-04-11 02:00:00+00:00,56649.811
2024-04-11 03:00:00+00:00,56422.403
2024-04-11 04:00:00+00:00,56534.476
2024-04-11 05:00:00+00:00,56298.571
2024-04-11 06:00:00+00:00,56272.22
2024-04-11 07:00:00+00:00,56639.078
2024-04-11 08:00:00+00:00,56577.62
2024-04-11 09:00:00+00:00,56468.03
2024-04-11 10:00:00+00:00,56412.335
2024-04-11 11:00:00+00:00,56463.58
2024-04-11 12:00:00+00:00,56646.793
2024-04-11 13:00:00+00:00,56610.945
2024-04-11 14:00:00+00:00,55931.888
2024-04-11 15:00:00+00:00,55978.991
2024-04-11 16:00:00+00:00,55778.063
2024-04-11 17:00:00+00:00,55633.326
2024-04-11 18:00:00+00:00,55307.011
2024-04-11 19:00:00+00:00,55024.603
2024-04-11 20:00:00+00:00,55018.608
2024-04-11 21:00:00+00:00,54855.687
2024-04-11 22:00:00+00:00,54827.655
2024-04-11 23:00:00+00:00,54704.43
2024-04-12 00:00:00+00:00,54430.1
2024-04-12 01:00:00+00:00,54684.62
2024-04-12 02:00:00+00:00,54585.51
2024-04-12 03:00:00+00:00,54988.32
2024-04-12 04:00:00+00:00,56481.242
2024-04-12 05:00:00+00:00,57178.191
2024-04-12 06:00:00+00:00,57114.826
2024-04-12 07:00:00+00:00,56678.535
2024-04-12 08:00:00+00:00,56472.127
2024-04-12 09:00:00+00:00,56627.345
2024-04-12 10:00:00+00:00,56282.811
2024-04-12 11:00:00+00:00,56291.573
2024-04-12 12:00:00+00:00,56645.741
2024-04-12 13:00:00+00:00,56610.392
2024-04-12 14:00:00+00:00,55425.869
2024-04-12 15:00:00+00:00,55667.387
2024-04-12 16:00:00+00:00,55803.765
2024-04-12 17:00:00+00:00,56315.47
2024-04-12 18:00:00+00:00,56659.829
2024-04-12 19:00:00+00:00,53102.087
2024-04-12 20:00:00+00:00,55375.898
2024-04-12 21:00:00+00:00,54804.951
2024-04-12 22:00:00+00:00,54734.138
2024-04-12 23:00:00+00:00,54686.19
2024-04-13 00:00:00+00:00,54862.912
2024-04-13 01:00:00+00:00,54930.368
2024-04-13 02:00:00+00:00,54629.574
2024-04-13 03:00:00+00:00,54724.433
2024-04-13 04:00:00+00:00,54744.92
2024-04-13 05:00:00+00:00,54128.136
2024-04-13 06:00:00+00:00,54331.448
2024-04-13 07:00:00+00:00,54760.961
2024-04-13 08:00:00+00:00,54559.94
2024-04-13 09:00:00+00:00,54543.598
2024-04-13 10:00:00+00:00,54719.817
2024-04-13 11:00:00+00:00,54941.869
2024-04-13 12:00:00+00:00,54784.446
2024-04-13 13:00:00+00:00,54744.501
2024-04-13 14:00:00+00:00,54619.93
2024-04-13 15:00:00+00:00,54302.047
2024-04-13 16:00:00+00:00,54172.916
2024-04-13 17:00:00+00:00,54079.788
2024-04-13 18:00:00+00:00,53276.004
2024-04-13 19:00:00+00:00,53454.664
2024-04-13 20:00:00+00:00,52750.001
2024-04-13 21:00:00+00:00,50120.236
2024-04-13 22:00:00+00:00,49899.925
2024-04-13 23:00:00+00:00,50571.165
2024-04-14 00:00:00+00:00,48677.269
2024-04-14 01:00:00+00:00,49004.866
2024-04-14 02:00:00+00:00,49111.084
2024-04-14 03:00:00+00:00,49304.772
2024-04-14 04:00:00+00:00,49009.634
2024-04-14 05:00:00+00:00,49948.537
2024-04-14 06:00:00+00:00,49859.548
2024-04-14 07:00:00+00:00,49793.344
2024-04-14 08:00:00+00:00,49908.214
2024-04-14 09:00:00+00:00,50545.601
2024-04-14 10:00:00+00:00,50679.174
2024-04-14 11:00:00+00:00,50884.0
2024-04-14 12:00:00+00:00,50951.431
2024-04-14 13:00:00+00:00,50642.837
2024-04-14 14:00:00+00:00,50821.645
2024-04-14 15:00:00+00:00,51981.847
2024-04-14 16:00:00+00:00,51908.987
2024-04-14 17:00:00+00:00,51854.4
2024-04-14 18:00:00+00:00,51555.374
2024-04-14 19:00:00+00:00,51590.159
2024-04-14 20:00:00+00:00,51463.212
2024-04-14 21:00:00+00:00,50730.114
2024-04-14 22:00:00+00:00,50152.068
2024-04-14 23:00:00+00:00,50409.611
2024-04-15 00:00:00+00:00,50226.129
2024-04-15 01:00:00+00:00,50380.68
2024-04-15 02:00:00+00:00,50219.361
2024-04-15 03:00:00+00:00,50344.068
2024-04-15 04:00:00+00:00,50183.987
2024-04-15 05:00:00+00:00,50482.742
2024-04-15 06:00:00+00:00,50289.024
2024-04-15 07:00:00+00:00,50094.955
2024-04-15 08:00:00+00:00,49642.289
2024-04-15 09:00:00+00:00,49292.367
2024-04-15 10:00:00+00:00,50816.879
2024-04-15 11:00:00+00:00,50538.695
2024-04-15 12:00:00+00:00,50632.967
2024-04-15 13:00:00+00:00,50961.408
2024-04-15 14:00:00+00:00,51234.772
2024-04-15 15:00:00+00:00,50294.475
2024-04-15 16:00:00+00:00,51041.255
2024-04-15 17:00:00+00:00,52020.645
2024-04-15 18:00:00+00:00,50228.454
2024-04-15 19:00:00+00:00,50396.539
2024-04-15 20:00:00+00:00,49922.496
2024-04-15 21:00:00+00:00,49817.025
2024-04-15 22:00:00+00:00,49897.773
2024-04-15 23:00:00+00:00,49957.184
2024-04-16 00:00:00+00:00,49711.883
2024-04-16 01:00:00+00:00,49810.777
2024-04-16 02:00:00+00:00,49596.869
2024-04-16 03:00:00+00:00,49632.491
2024-04-16 04:00:00+00:00,49381.134
2024-04-16 05:00:00+00:00,49032.484
2024-04-16 06:00:00+00:00,49275.091
2024-04-16 07:00:00+00:00,49151.416
2024-04-16 08:00:00+00:00,48785.929
2024-04-16 09:00:00+00:00,49354.347
2024-04-16 10:00:00+00:00,49615.184
2024-04-16 11:00:00+00:00,50683.63
2024-04-16 12:00:00+00:00,51045.103
2024-04-16 13:00:00+00:00,51006.598
2024-04-16 14:00:00+00:00,51311.119
2024-04-16 15:00:00+00:00,51169.856
2024-04-16 16:00:00+00:00,51447.641
2024-04-16 17:00:00+00:00,51436.969
2024-04-16 18:00:00+00:00,50625.098
2024-04-16 19:00:00+00:00,51225.575
2024-04-16 20:00:00+00:00,50940.021
2024-04-16 21:00:00+00:00,50813.02
2024-04-16 22:00:00+00:00,50471.67
2024-04-16 23:00:00+00:00,50528.931
2024-04-17 00:00:00+00:00,50616.857
2024-04-17 01:00:00+00:00,50360.138
2024-04-17 02:00:00+00:00,50726.11
2024-04-17 03:00:00+00:00,50627.493
2024-04-17 04:00:00+00:00,50740.609
2024-04-17 05:00:00+00:00,51078.535
2024-04-17 06:00:00+00:00,50894.427
2024-04-17 07:00:00+00:00,51235.819
2024-04-17 08:00:00+00:00,51685.98
2024-04-17 09:00:00+00:00,51839.046
2024-04-17 10:00:00+00:00,52163.305
2024-04-17 11:00:00+00:00,52348.85
2024-04-17 12:00:00+00:00,51893.567
2024-04-17 13:00:00+00:00,51687.269
2024-04-17 14:00:00+00:00,51473.218
2024-04-17 15:00:00+00:00,50188.535
2024-04-17 16:00:00+00:00,51077.562
2024-04-17 17:00:00+00:00,50939.401
2024-04-17 18:00:00+00:00,51635.943
2024-04-17 19:00:00+00:00,51260.775
2024-04-17 20:00:00+00:00,51987.02
2024-04-17 21:00:00+00:00,52494.815
2024-04-17 22:00:00+00:00,51925.425
2024-04-17 23:00:00+00:00,52172.979
2024-04-18 00:00:00+00:00,52079.45
2024-04-18 01:00:00+00:00,52424.69
2024-04-18 02:00:00+00:00,52446.994
2024-04-18 03:00:00+00:00,52361.583
2024-04-18 04:00:00+00:00,52546.814
2024-04-18 05:00:00+00:00,52420.969
2024-04-18 06:00:00+00:00,51543.931
2024-04-18 07:00:00+00:00,51806.824
2024-04-18 08:00:00+00:00,51920.611
2024-04-18 09:00:00+00:00,51755.29
2024-04-18 10:00:00+00:00,51769.181
2024-04-18 11:00:00+00:00,51219.074
2024-04-18 12:00:00+00:00,51007.499
2024-04-18 13:00:00+00:00,50389.297
2024-04-18 14:00:00+00:00,50425.261
2024-04-18 15:00:00+00:00,50478.962
2024-04-18 16:00:00+00:00,50655.561
2024-04-18 17:00:00+00:00,50183.481
2024-04-18 18:00:00+00:00,49826.384
2024-04-18 19:00:00+00:00,49361.44
2024-04-18 20:00:00+00:00,49230.351
2024-04-18 21:00:00+00:00,49405.185
2024-04-18 22:00:00+00:00,49395.196
2024-04-18 23:00:00+00:00,49583.639
2024-04-19 00:00:00+00:00,49418.08
2024-04-19 01:00:00+00:00,49601.549
2024-04-19 02:00:00+00:00,50012.53
2024-04-19 03:00:00+00:00,51172.425
2024-04-19 04:00:00+00:00,51908.208
2024-04-19 05:00:00+00:00,52020.224
2024-04-19 06:00:00+00:00,52469.869
2024-04-19 07:00:00+00:00,51824.308
2024-04-19 08:00:00+00:00,52223.478
2024-04-19 09:00:00+00:00,51988.711
2024-04-19 10:00:00+00:00,52430.461
2024-04-19 11:00:00+00:00,52310.331
2024-04-19 12:00:00+00:00,52334.718
2024-04-19 13:00:00+00:00,52969.767
2024-04-19 14:00:00+00:00,53012.453
2024-04-19 15:00:00+00:00,52585.004
2024-04-19 16:00:00+00:00,52646.541
2024-04-19 17:00:00+00:00,52880.799
2024-04-19 18:00:00+00:00,52378.347
2024-04-19 19:00:00+00:00,52273.956
2024-04-19 20:00:00+00:00,52476.89
2024-04-19 21:00:00+00:00,52174.877
2024-04-19 22:00:00+00:00,52362.986
2024-04-19 23:00:00+00:00,51982.115
2024-04-20 00:00:00+00:00,50921.963
2024-04-20 01:00:00+00:00,50945.96
2024-04-20 02:00:00+00:00,51078.501
2024-04-20 03:00:00+00:00,51086.195
2024-04-20 04:00:00+00:00,51082.28
2024-04-20 05:00:00+00:00,50464.974
2024-04-20 06:00:00+00:00,50664.894
2024-04-20 07:00:00+00:00,50873.682
2024-04-20 08:00:00+00:00,51038.035
2024-04-20 09:00:00+00:00,50711.848
2024-04-20 10:00:00+00:00,50317.191
2024-04-20 11:00:00+00:00,50026.441
2024-04-20 12:00:00+00:00,50221.841
2024-04-20 13:00:00+00:00,50507.023
2024-04-20 14:00:00+00:00,50755.978
2024-04-20 15:00:00+00:00,50835.487
2024-04-20 16:00:00+00:00,50771.736
2024-04-20 17:00:00+00:00,51117.872
2024-04-20 18:00:00+00:00,50944.515
2024-04-20 19:00:00+00:00,51032.273
2024-04-20 20:00:00+00:00,51590.565
2024-04-20 21:00:00+00:00,51320.249
2024-04-20 22:00:00+00:00,51675.757
2024-04-20 23:00:00+00:00,51662.549
2024-04-21 00:00:00+00:00,51732.87
2024-04-21 01:00:00+00:00,51783.644
2024-04-21 02:00:00+00:00,51862.8
2024-04-21 03:00:00+00:00,52038.624
2024-04-21 04:00:00+00:00,52066.557
2024-04-21 05:00:00+00:00,52073.26
2024-04-21 06:00:00+00:00,52185.512
2024-04-21 07:00:00+00:00,52206.893
2024-04-21 08:00:00+00:00,52358.167
2024-04-21 09:00:00+00:00,52635.243
2024-04-21 10:00:00+00:00,52848.829
2024-04-21 11:00:00+00:00,52598.341
2024-04-21 12:00:00+00:00,52569.669
2024-04-21 13:00:00+00:00,52608.771
2024-04-21 14:00:00+00:00,52806.297
2024-04-21 15:00:00+00:00,52716.269
2024-04-21 16:00:00+00:00,52639.373
2024-04-21 17:00:00+00:00,52682.232
2024-04-21 18:00:00+00:00,52648.516
2024-04-21 19:00:00+00:00,52892.457
2024-04-21 20:00:00+00:00,52656.61
2024-04-21 21:00:00+00:00,52347.286
2024-04-21 22:00:00+00:00,51952.693
2024-04-21 23:00:00+00:00,51544.218
2024-04-22 00:00:00+00:00,51505.362
2024-04-22 01:00:00+00:00,51695.952
2024-04-22 02:00:00+00:00,52037.4
2024-04-22 03:00:00+00:00,52201.865
2024-04-22 04:00:00+00:00,51731.762
2024-04-22 05:00:00+00:00,52110.173
2024-04-22 06:00:00+00:00,52558.703
2024-04-22 07:00:00+00:00,52764.713
2024-04-22 08:00:00+00:00,52827.273
2024-04-22 09:00:00+00:00,52878.815
2024-04-22 10:00:00+00:00,52936.58
2024-04-22 11:00:00+00:00,52907.438
2024-04-22 12:00:00+00:00,52339.373
2024-04-22 13:00:00+00:00,52619.883
2024-04-22 14:00:00+00:00,52067.08
2024-04-22 15:00:00+00:00,52411.176
2024-04-22 16:00:00+00:00,51853.374
2024-04-22 17:00:00+00:00,52068.837
2024-04-22 18:00:00+00:00,52921.101
2024-04-22 19:00:00+00:00,52805.89
2024-04-22 20:00:00+00:00,52430.284
2024-04-22 21:00:00+00:00,52142.809
2024-04-22 22:00:00+00:00,52143.717
2024-04-22 23:00:00+00:00,51987.614
2024-04-23 00:00:00+00:00,52788.86
2024-04-23 01:00:00+00:00,53020.071
2024-04-23 02:00:00+00:00,53072.439
2024-04-23 03:00:00+00:00,53148.002
2024-04-23 04:00:00+00:00,53338.357
2024-04-23 05:00:00+00:00,53480.356
2024-04-23 06:00:00+00:00,53294.382
2024-04-23 07:00:00+00:00,53196.948
2024-04-23 08:00:00+00:00,53983.527
2024-04-23 09:00:00+00:00,54052.265
2024-04-23 10:00:00+00:00,53753.635
2024-04-23 11:00:00+00:00,53757.283
2024-04-23 12:00:00+00:00,53920.542
2024-04-23 13:00:00+00:00,53926.451
2024-04-23 14:00:00+00:00,54382.772
2024-04-23 15:00:00+00:00,53707.085
2024-04-23 16:00:00+00:00,53274.862
2024-04-23 17:00:00+00:00,53376.327
2024-04-23 18:00:00+00:00,53273.212
2024-04-23 19:00:00+00:00,53330.364
2024-04-23 20:00:00+00:00,53046.392
2024-04-23 21:00:00+00:00,52954.552
2024-04-23 22:00:00+00:00,52966.857
2024-04-23 23:00:00+00:00,53013.823
2024-04-24 00:00:00+00:00,52935.671
2024-04-24 01:00:00+00:00,52698.941
2024-04-24 02:00:00+00:00,53269.077
2024-04-24 03:00:00+00:00,53724.477
2024-04-24 04:00:00+00:00,53598.525
2024-04-24 05:00:00+00:00,53454.442
2024-04-24 06:00:00+00:00,53913.591
2024-04-24 07:00:00+00:00,53904.29
2024-04-24 08:00:00+00:00,54293.604
2024-04-24 09:00:00+00:00,54274.212
2024-04-24 10:00:00+00:00,53904.119
2024-04-24 11:00:00+00:00,54073.146
2024-04-24 12:00:00+00:00,54544.566
2024-04-24 13:00:00+00:00,54605.08
2024-04-24 14:00:00+00:00,54845.251
2024-04-24 15:00:00+00:00,55020.33
2024-04-24 16:00:00+00:00,55842.847
2024-04-24 17:00:00+00:00,56254.757
2024-04-24 18:00:00+00:00,56218.639
2024-04-24 19:00:00+00:00,55554.104
2024-04-24 20:00:00+00:00,55149.06
2024-04-24 21:00:00+00:00,55267.822
2024-04-24 22:00:00+00:00,55122.873
2024-04-24 23:00:00+00:00,55130.422
2024-04-25 00:00:00+00:00,55103.774
2024-04-25 01:00:00+00:00,54824.251
2024-04-25 02:00:00+00:00,54920.316
2024-04-25 03:00:00+00:00,54951.627
2024-04-25 04:00:00+00:00,54725.234
2024-04-25 05:00:00+00:00,54901.808
2024-04-25 06:00:00+00:00,55870.012
2024-04-25 07:00:00+00:00,55891.057
2024-04-25 08:00:00+00:00,55249.452
2024-04-25 09:00:00+00:00,55278.677
2024-04-25 10:00:00+00:00,55339.349
2024-04-25 11:00:00+00:00,55062.677
2024-04-25 12:00:00+00:00,54991.3
2024-04-25 13:00:00+00:00,54662.595
2024-04-25 14:00:00+00:00,55534.167
2024-04-25 15:00:00+00:00,55488.08
2024-04-25 16:00:00+00:00,54778.03
2024-04-25 17:00:00+00:00,56359.299
2024-04-25 18:00:00+00:00,55670.417
2024-04-25 19:00:00+00:00,56019.512
2024-04-25 20:00:00+00:00,55842.242
2024-04-25 21:00:00+00:00,54528.583
2024-04-25 22:00:00+00:00,53843.063
2024-04-25 23:00:00+00:00,53885.672
2024-04-26 00:00:00+00:00,53619.221
2024-04-26 01:00:00+00:00,54028.739
2024-04-26 02:00:00+00:00,53965.766
2024-04-26 03:00:00+00:00,54107.484
2024-04-26 04:00:00+00:00,54255.065
2024-04-26 05:00:00+00:00,54313.484
2024-04-26 06:00:00+00:00,55665.996
2024-04-26 07:00:00+00:00,55596.406
2024-04-26 08:00:00+00:00,54496.946
2024-04-26 09:00:00+00:00,54305.17
2024-04-26 10:00:00+00:00,54363.466
2024-04-26 11:00:00+00:00,54656.543
2024-04-26 12:00:00+00:00,54933.258
2024-04-26 13:00:00+00:00,54997.221
2024-04-26 14:00:00+00:00,55040.495
2024-04-26 15:00:00+00:00,54944.2
2024-04-26 16:00:00+00:00,55553.071
2024-04-26 17:00:00+00:00,55038.125
2024-04-26 18:00:00+00:00,55291.995
2024-04-26 19:00:00+00:00,55142.675
2024-04-26 20:00:00+00:00,54619.828
2024-04-26 21:00:00+00:00,54485.452
2024-04-26 22:00:00+00:00,54312.964
2024-04-26 23:00:00+00:00,53745.658
2024-04-27 00:00:00+00:00,53606.808
2024-04-27 01:00:00+00:00,53404.83
2024-04-27 02:00:00+00:00,53710.069
2024-04-27 03:00:00+00:00,54235.225
2024-04-27 04:00:00+00:00,54316.964
2024-04-27 05:00:00+00:00,54829.138
2024-04-27 06:00:00+00:00,54968.872
2024-04-27 07:00:00+00:00,55382.78
2024-04-27 08:00:00+00:00,55364.764
2024-04-27 09:00:00+00:00,55303.617
2024-04-27 10:00:00+00:00,55002.403
2024-04-27 11:00:00+00:00,55489.884
2024-04-27 12:00:00+00:00,55718.778
2024-04-27 13:00:00+00:00,55702.482
2024-04-27 14:00:00+00:00,56197.727
2024-04-27 15:00:00+00:00,56047.201
2024-04-27 16:00:00+00:00,56377.93
2024-04-27 17:00:00+00:00,57241.677
2024-04-27 18:00:00+00:00,57212.117
2024-04-27 19:00:00+00:00,57108.044
2024-04-27 20:00:00+00:00,56927.108
2024-04-27 21:00:00+00:00,56714.629
2024-04-27 22:00:00+00:00,56614.784
2024-04-27 23:00:00+00:00,56626.27
2024-04-28 00:00:00+00:00,56962.269
2024-04-28 01:00:00+00:00,56767.874
2024-04-28 02:00:00+00:00,56645.745
2024-04-28 03:00:00+00:00,55373.776
2024-04-28 04:00:00+00:00,55564.995
2024-04-28 05:00:00+00:00,55365.075
2024-04-28 06:00:00+00:00,55486.756
2024-04-28 07:00:00+00:00,56053.945
2024-04-28 08:00:00+00:00,56027.942
2024-04-28 09:00:00+00:00,56219.655
2024-04-28 10:00:00+00:00,56285.775
2024-04-28 11:00:00+00:00,56624.114
2024-04-28 12:00:00+00:00,56278.6
2024-04-28 13:00:00+00:00,56337.215
2024-04-28 14:00:00+00:00,56097.615
2024-04-28 15:00:00+00:00,55982.712
2024-04-28 16:00:00+00:00,55899.641
2024-04-28 17:00:00+00:00,55900.377
2024-04-28 18:00:00+00:00,55937.782
2024-04-28 19:00:00+00:00,55802.671
2024-04-28 20:00:00+00:00,55728.606
2024-04-28 21:00:00+00:00,55633.03
2024-04-28 22:00:00+00:00,55539.939
2024-04-28 23:00:00+00:00,54613.031
2024-04-29 00:00:00+00:00,54360.316
2024-04-29 01:00:00+00:00,54754.67
2024-04-29 02:00:00+00:00,54853.368
2024-04-29 03:00:00+00:00,54791.446
2024-04-29 04:00:00+00:00,53281.883
2024-04-29 05:00:00+00:00,53808.989
2024-04-29 06:00:00+00:00,53510.766
2024-04-29 07:00:00+00:00,53736.197
2024-04-29 08:00:00+00:00,54154.715
2024-04-29 09:00:00+00:00,54411.467
2024-04-29 10:00:00+00:00,54045.372
2024-04-29 11:00:00+00:00,53566.923
2024-04-29 12:00:00+00:00,53269.582
2024-04-29 13:00:00+00:00,53615.425
2024-04-29 14:00:00+00:00,54794.451
2024-04-29 15:00:00+00:00,54251.98
2024-04-29 16:00:00+00:00,53754.462
2024-04-29 17:00:00+00:00,53463.186
2024-04-29 18:00:00+00:00,53517.083
2024-04-29 19:00:00+00:00,53242.184
2024-04-29 20:00:00+00:00,54038.061
2024-04-29 21:00:00+00:00,54198.394
2024-04-29 22:00:00+00:00,54271.198
2024-04-29 23:00:00+00:00,53793.647
2024-04-30 00:00:00+00:00,54171.829
2024-04-30 01:00:00+00:00,54589.4
2024-04-30 02:00:00+00:00,53854.299
2024-04-30 03:00:00+00:00,54174.084
2024-04-30 04:00:00+00:00,54109.118
2024-04-30 05:00:00+00:00,54126.547
2024-04-30 06:00:00+00:00,54555.182
2024-04-30 07:00:00+00:00,54597.828
2024-04-30 08:00:00+00:00,54631.521
2024-04-30 09:00:00+00:00,53434.694
2024-04-30 10:00:00+00:00,55440.779
2024-04-30 11:00:00+00:00,55969.488
2024-04-30 12:00:00+00:00,54900.813
2024-04-30 13:00:00+00:00,55146.77
2024-04-30 14:00:00+00:00,56066.412
2024-04-30 15:00:00+00:00,56347.825
2024-04-30 16:00:00+00:00,55998.299
2024-04-30 17:00:00+00:00,55365.864
2024-04-30 18:00:00+00:00,55852.372
2024-04-30 19:00:00+00:00,56682.982
2024-04-30 20:00:00+00:00,56079.409
2024-04-30 21:00:00+00:00,55899.545
2024-04-30 22:00:00+00:00,56421.759
2024-04-30 23:00:00+00:00,56031.119
2024-05-01 00:00:00+00:00,56175.096
2024-05-01 01:00:00+00:00,55600.26
2024-05-01 02:00:00+00:00,55152.896
2024-05-01 03:00:00+00:00,54498.044
2024-05-01 04:00:00+00:00,54532.086
2024-05-01 05:00:00+00:00,54859.126
2024-05-01 06:00:00+00:00,55037.14
2024-05-01 07:00:00+00:00,55022.734
2024-05-01 08:00:00+00:00,55405.81
2024-05-01 09:00:00+00:00,56185.65
2024-05-01 10:00:00+00:00,56577.12
2024-05-01 11:00:00+00:00,57042.679
2024-05-01 12:00:00+00:00,56977.008
2024-05-01 13:00:00+00:00,56300.46
2024-05-01 14:00:00+00:00,56495.67
2024-05-01 15:00:00+00:00,55228.819
2024-05-01 16:00:00+00:00,55079.441
2024-05-01 17:00:00+00:00,54606.74
2024-05-01 18:00:00+00:00,54349.105
2024-05-01 19:00:00+00:00,53709.656
2024-05-01 20:00:00+00:00,54120.894
2024-05-01 21:00:00+00:00,54723.849
2024-05-01 22:00:00+00:00,55528.601
2024-05-01 23:00:00+00:00,55674.389
2024-05-02 00:00:00+00:00,55995.56
2024-05-02 01:00:00+00:00,55910.017
2024-05-02 02:00:00+00:00,55026.443
2024-05-02 03:00:00+00:00,55252.31
2024-05-02 04:00:00+00:00,55317.318
2024-05-02 05:00:00+00:00,55335.869
2024-05-02 06:00:00+00:00,55284.449
2024-05-02 07:00:00+00:00,55904.461
2024-05-02 08:00:00+00:00,55736.48
2024-05-02 09:00:00+00:00,56027.231
2024-05-02 10:00:00+00:00,56087.4
2024-05-02 11:00:00+00:00,56332.337
2024-05-02 12:00:00+00:00,56453.694
2024-05-02 13:00:00+00:00,55299.412
2024-05-02 14:00:00+00:00,55440.339
2024-05-02 15:00:00+00:00,55343.318
2024-05-02 16:00:00+00:00,55415.681
2024-05-02 17:00:00+00:00,55283.466
2024-05-02 18:00:00+00:00,54827.756
2024-05-02 19:00:00+00:00,54539.215
2024-05-02 20:00:00+00:00,54168.592
2024-05-02 21:00:00+00:00,54324.554
2024-05-02 22:00:00+00:00,54286.46
2024-05-02 23:00:00+00:00,54232.971
2024-05-03 00:00:00+00:00,54240.965
2024-05-03 01:00:00+00:00,53816.017
2024-05-03 02:00:00+00:00,53930.867
2024-05-03 03:00:00+00:00,54189.113
2024-05-03 04:00:00+00:00,54486.415
2024-05-03 05:00:00+00:00,54660.934
2024-05-03 06:00:00+00:00,54295.694
2024-05-03 07:00:00+00:00,54115.521
2024-05-03 08:00:00+00:00,54025.685
2024-05-03 09:00:00+00:00,53700.582
2024-05-03 10:00:00+00:00,54377.335
2024-05-03 11:00:00+00:00,54127.901
2024-05-03 12:00:00+00:00,53614.288
2024-05-03 13:00:00+00:00,53954.287
2024-05-03 14:00:00+00:00,55133.389
2024-05-03 15:00:00+00:00,55530.031
2024-05-03 16:00:00+00:00,55346.445
2024-05-03 17:00:00+00:00,54430.689
2024-05-03 18:00:00+00:00,54425.128
2024-05-03 19:00:00+00:00,54394.15
2024-05-03 20:00:00+00:00,54169.837
2024-05-03 21:00:00+00:00,54721.289
2024-05-03 22:00:00+00:00,55235.322
2024-05-03 23:00:00+00:00,55362.804
2024-05-04 00:00:00+00:00,55722.279
2024-05-04 01:00:00+00:00,55657.506
2024-05-04 02:00:00+00:00,55536.485
2024-05-04 03:00:00+00:00,55487.743
2024-05-04 04:00:00+00:00,55411.388
2024-05-04 05:00:00+00:00,54922.269
2024-05-04 06:00:00+00:00,54853.344
2024-05-04 07:00:00+00:00,54841.574
2024-05-04 08:00:00+00:00,54581.637
2024-05-04 09:00:00+00:00,54801.67
2024-05-04 10:00:00+00:00,54985.301
2024-05-04 11:00:00+00:00,54258.571
2024-05-04 12:00:00+00:00,54069.466
2024-05-04 13:00:00+00:00,54126.708
2024-05-04 14:00:00+00:00,54028.848
2024-05-04 15:00:00+00:00,54624.666
2024-05-04 16:00:00+00:00,54511.675
2024-05-04 17:00:00+00:00,54426.255
2024-05-04 18:00:00+00:00,53925.22
2024-05-04 19:00:00+00:00,54509.488
2024-05-04 20:00:00+00:00,54314.801
2024-05-04 21:00:00+00:00,54231.457
2024-05-04 22:00:00+00:00,54573.928
2024-05-04 23:00:00+00:00,54148.855
2024-05-05 00:00:00+00:00,54271.213
2024-05-05 01:00:00+00:00,54293.32
2024-05-05 02:00:00+00:00,54323.874
2024-05-05 03:00:00+00:00,54289.461
2024-05-05 04:00:00+00:00,54787.444
2024-05-05 05:00:00+00:00,54666.026
2024-05-05 06:00:00+00:00,54671.47
2024-05-05 07:00:00+00:00,54514.214
2024-05-05 08:00:00+00:00,54442.807
2024-05-05 09:00:00+00:00,54050.808
2024-05-05 10:00:00+00:00,54036.061
2024-05-05 11:00:00+00:00,54167.551
2024-05-05 12:00:00+00:00,54796.573
2024-05-05 13:00:00+00:00,54475.473
2024-05-05 14:00:00+00:00,54774.073
2024-05-05 15:00:00+00:00,54649.601
2024-05-05 16:00:00+00:00,54411.524
2024-05-05 17:00:00+00:00,54486.232
2024-05-05 18:00:00+00:00,54461.431
2024-05-05 19:00:00+00:00,54886.728
2024-05-05 20:00:00+00:00,54732.325
2024-05-05 21:00:00+00:00,54982.539
2024-05-05 22:00:00+00:00,54609.165
2024-05-05 23:00:00+00:00,54421.899
2024-05-06 00:00:00+00:00,54329.085
2024-05-06 01:00:00+00:00,54467.191
2024-05-06 02:00:00+00:00,54787.633
2024-05-06 03:00:00+00:00,54750.981
2024-05-06 04:00:00+00:00,55055.251
2024-05-06 05:00:00+00:00,55045.459
2024-05-06 06:00:00+00:00,55408.351
2024-05-06 07:00:00+00:00,55791.015
2024-05-06 08:00:00+00:00,55925.933
2024-05-06 09:00:00+00:00,56173.106
2024-05-06 10:00:00+00:00,57273.403
2024-05-06 11:00:00+00:00,57134.574
2024-05-06 12:00:00+00:00,57679.904
2024-05-06 13:00:00+00:00,56751.935
2024-05-06 14:00:00+00:00,58869.287
2024-05-06 15:00:00+00:00,57167.083
2024-05-06 16:00:00+00:00,56805.058
2024-05-06 17:00:00+00:00,56893.604
2024-05-06 18:00:00+00:00,55696.785
2024-05-06 19:00:00+00:00,55117.352
2024-05-06 20:00:00+00:00,53945.09
2024-05-06 21:00:00+00:00,54278.208
2024-05-06 22:00:00+00:00,54701.555
2024-05-06 23:00:00+00:00,54711.709
2024-05-07 00:00:00+00:00,55174.696
2024-05-07 01:00:00+00:00,56020.586
2024-05-07 02:00:00+00:00,55820.919
2024-05-07 03:00:00+00:00,55764.885
2024-05-07 04:00:00+00:00,54764.797
2024-05-07 05:00:00+00:00,54767.231
2024-05-07 06:00:00+00:00,55010.499
2024-05-07 07:00:00+00:00,55260.717
2024-05-07 08:00:00+00:00,55494.978
2024-05-07 09:00:00+00:00,55641.964
2024-05-07 10:00:00+00:00,56262.214
2024-05-07 11:00:00+00:00,55989.665
2024-05-07 12:00:00+00:00,56069.572
2024-05-07 13:00:00+00:00,56172.563
2024-05-07 14:00:00+00:00,55956.319
2024-05-07 15:00:00+00:00,55283.726
2024-05-07 16:00:00+00:00,55193.91
2024-05-07 17:00:00+00:00,55088.385
2024-05-07 18:00:00+00:00,55208.958
2024-05-07 19:00:00+00:00,55377.053
2024-05-07 20:00:00+00:00,55571.145
2024-05-07 21:00:00+00:00,55619.614
2024-05-07 22:00:00+00:00,55679.745
2024-05-07 23:00:00+00:00,56170.693
2024-05-08 00:00:00+00:00,56606.516
2024-05-08 01:00:00+00:00,57612.263
2024-05-08 02:00:00+00:00,57505.836
2024-05-08 03:00:00+00:00,57379.889
2024-05-08 04:00:00+00:00,57640.263
2024-05-08 05:00:00+00:00,56753.209
2024-05-08 06:00:00+00:00,56481.79
2024-05-08 07:00:00+00:00,56663.035
2024-05-08 08:00:00+00:00,56667.8
2024-05-08 09:00:00+00:00,56829.904
2024-05-08 10:00:00+00:00,56649.805
2024-05-08 11:00:00+00:00,57185.937
2024-05-08 12:00:00+00:00,56837.52
2024-05-08 13:00:00+00:00,56982.827
2024-05-08 14:00:00+00:00,56585.092
2024-05-08 15:00:00+00:00,56260.276
2024-05-08 16:00:00+00:00,55839.06
2024-05-08 17:00:00+00:00,56027.7
2024-05-08 18:00:00+00:00,56343.174
2024-05-08 19:00:00+00:00,56792.126
2024-05-08 20:00:00+00:00,55697.164
2024-05-08 21:00:00+00:00,55566.5
2024-05-08 22:00:00+00:00,56076.421
2024-05-08 23:00:00+00:00,56262.829
2024-05-09 00:00:00+00:00,56281.379
2024-05-09 01:00:00+00:00,56388.179
2024-05-09 02:00:00+00:00,56371.656
2024-05-09 03:00:00+00:00,56552.252
2024-05-09 04:00:00+00:00,56032.171
2024-05-09 05:00:00+00:00,56616.388
2024-05-09 06:00:00+00:00,56453.778
2024-05-09 07:00:00+00:00,56548.336
2024-05-09 08:00:00+00:00,56508.264
2024-05-09 09:00:00+00:00,56571.385
2024-05-09 10:00:00+00:00,57180.522
2024-05-09 11:00:00+00:00,56243.879
2024-05-09 12:00:00+00:00,56136.702
2024-05-09 13:00:00+00:00,56402.154
2024-05-09 14:00:00+00:00,56497.43
2024-05-09 15:00:00+00:00,56350.734
2024-05-09 16:00:00+00:00,57345.68
2024-05-09 17:00:00+00:00,57329.759
2024-05-09 18:00:00+00:00,57158.151
2024-05-09 19:00:00+00:00,57250.874
2024-05-09 20:00:00+00:00,56166.614
2024-05-09 21:00:00+00:00,56177.76
2024-05-09 22:00:00+00:00,55846.762
2024-05-09 23:00:00+00:00,55034.231
2024-05-10 00:00:00+00:00,55302.657
2024-05-10 01:00:00+00:00,55022.802
2024-05-10 02:00:00+00:00,55079.428
2024-05-10 03:00:00+00:00,55245.997
2024-05-10 04:00:00+00:00,55286.486
2024-05-10 05:00:00+00:00,55359.634
2024-05-10 06:00:00+00:00,55499.155
2024-05-10 07:00:00+00:00,55438.658
2024-05-10 08:00:00+00:00,55753.313
2024-05-10 09:00:00+00:00,55863.625
2024-05-10 10:00:00+00:00,56122.611
2024-05-10 11:00:00+00:00,56392.248
2024-05-10 12:00:00+00:00,56273.974
2024-05-10 13:00:00+00:00,56220.51
2024-05-10 14:00:00+00:00,56376.339
2024-05-10 15:00:00+00:00,57673.064
2024-05-10 16:00:00+00:00,58356.114
2024-05-10 17:00:00+00:00,58661.551
2024-05-10 18:00:00+00:00,59492.956
2024-05-10 19:00:00+00:00,60213.681
2024-05-10 20:00:00+00:00,60025.533
2024-05-10 21:00:00+00:00,59851.485
2024-05-10 22:00:00+00:00,59845.583
2024-05-10 23:00:00+00:00,60021.827
2024-05-11 00:00:00+00:00,59957.969
2024-05-11 01:00:00+00:00,60132.332
2024-05-11 02:00:00+00:00,59661.607
2024-05-11 03:00:00+00:00,59649.482
2024-05-11 04:00:00+00:00,59843.645
2024-05-11 05:00:00+00:00,59927.244
2024-05-11 06:00:00+00:00,59723.456
2024-05-11 07:00:00+00:00,59737.031
2024-05-11 08:00:00+00:00,59787.636
2024-05-11 09:00:00+00:00,60526.024
2024-05-11 10:00:00+00:00,60137.286
2024-05-11 11:00:00+00:00,60186.024
2024-05-11 12:00:00+00:00,60342.158
2024-05-11 13:00:00+00:00,60425.805
2024-05-11 14:00:00+00:00,60177.746
2024-05-11 15:00:00+00:00,61027.786
2024-05-11 16:00:00+00:00,60696.588
2024-05-11 17:00:00+00:00,60756.476
2024-05-11 18:00:00+00:00,61068.707
2024-05-11 19:00:00+00:00,61023.385
2024-05-11 20:00:00+00:00,60960.699
2024-05-11 21:00:00+00:00,60236.182
2024-05-11 22:00:00+00:00,60180.822
2024-05-11 23:00:00+00:00,60247.047
2024-05-12 00:00:00+00:00,60191.363
2024-05-12 01:00:00+00:00,60070.491
2024-05-12 02:00:00+00:00,60030.43
2024-05-12 03:00:00+00:00,60061.303
2024-05-12 04:00:00+00:00,60118.071
2024-05-12 05:00:00+00:00,59994.047
2024-05-12 06:00:00+00:00,59988.155
2024-05-12 07:00:00+00:00,60001.66
2024-05-12 08:00:00+00:00,60104.13
2024-05-12 09:00:00+00:00,59978.79
2024-05-12 10:00:00+00:00,59969.306
2024-05-12 11:00:00+00:00,59884.675
2024-05-12 12:00:00+00:00,59891.811
2024-05-12 13:00:00+00:00,60039.432
2024-05-12 14:00:00+00:00,60141.158
2024-05-12 15:00:00+00:00,60312.756
2024-05-12 16:00:00+00:00,60374.203
2024-05-12 17:00:00+00:00,60051.301
2024-05-12 18:00:00+00:00,60022.526
2024-05-12 19:00:00+00:00,59957.587
2024-05-12 20:00:00+00:00,59833.979
2024-05-12 21:00:00+00:00,59789.423
2024-05-12 22:00:00+00:00,59386.253
2024-05-12 23:00:00+00:00,59431.377
2024-05-13 00:00:00+00:00,59818.46
2024-05-13 01:00:00+00:00,59870.987
2024-05-13 02:00:00+00:00,59715.184
2024-05-13 03:00:00+00:00,60769.823
2024-05-13 04:00:00+00:00,60422.767
2024-05-13 05:00:00+00:00,60254.509
2024-05-13 06:00:00+00:00,59756.636
2024-05-13 07:00:00+00:00,59111.887
2024-05-13 08:00:00+00:00,59437.601
2024-05-13 09:00:00+00:00,59962.582
2024-05-13 10:00:00+00:00,59671.682
2024-05-13 11:00:00+00:00,59212.407
2024-05-13 12:00:00+00:00,59353.854
2024-05-13 13:00:00+00:00,59441.706
2024-05-13 14:00:00+00:00,59148.845
2024-05-13 15:00:00+00:00,59437.869
2024-05-13 16:00:00+00:00,59543.265
2024-05-13 17:00:00+00:00,59108.064
2024-05-13 18:00:00+00:00,58541.959
2024-05-13 19:00:00+00:00,58483.548
2024-05-13 20:00:00+00:00,57753.142
2024-05-13 21:00:00+00:00,57897.513
2024-05-13 22:00:00+00:00,57933.805
2024-05-13 23:00:00+00:00,58136.711
2024-05-14 00:00:00+00:00,58060.72
2024-05-14 01:00:00+00:00,58022.404
2024-05-14 02:00:00+00:00,58375.153
2024-05-14 03:00:00+00:00,58070.774
2024-05-14 04:00:00+00:00,58316.282
2024-05-14 05:00:00+00:00,58282.765
2024-05-14 06:00:00+00:00,58210.772
2024-05-14 07:00:00+00:00,57473.158
2024-05-14 08:00:00+00:00,57355.33
2024-05-14 09:00:00+00:00,58041.943
2024-05-14 10:00:00+00:00,57970.558
2024-05-14 11:00:00+00:00,57658.706
2024-05-14 12:00:00+00:00,58114.631
2024-05-14 13:00:00+00:00,57803.71
2024-05-14 14:00:00+00:00,57921.559
2024-05-14 15:00:00+00:00,57857.612
2024-05-14 16:00:00+00:00,57684.866
2024-05-14 17:00:00+00:00,57871.132
2024-05-14 18:00:00+00:00,58019.979
2024-05-14 19:00:00+00:00,57985.604
2024-05-14 20:00:00+00:00,57777.158
2024-05-14 21:00:00+00:00,57762.861
2024-05-14 22:00:00+00:00,57645.29
2024-05-14 23:00:00+00:00,57684.39
2024-05-15 00:00:00+00:00,57687.817
2024-05-15 01:00:00+00:00,58026.024
2024-05-15 02:00:00+00:00,57863.645
2024-05-15 03:00:00+00:00,57914.775
2024-05-15 04:00:00+00:00,57985.377
2024-05-15 05:00:00+00:00,58172.375
2024-05-15 06:00:00+00:00,58221.884
2024-05-15 07:00:00+00:00,58341.631
2024-05-15 08:00:00+00:00,58783.207
2024-05-15 09:00:00+00:00,58776.853
2024-05-15 10:00:00+00:00,58802.126
2024-05-15 11:00:00+00:00,58328.206
2024-05-15 12:00:00+00:00,58039.911
2024-05-15 13:00:00+00:00,57882.664
2024-05-15 14:00:00+00:00,58316.095
2024-05-15 15:00:00+00:00,58988.108
2024-05-15 16:00:00+00:00,59265.352
2024-05-15 17:00:00+00:00,60015.148
2024-05-15 18:00:00+00:00,60318.938
2024-05-15 19:00:00+00:00,58849.553
2024-05-15 20:00:00+00:00,57942.011
2024-05-15 21:00:00+00:00,57811.559
2024-05-15 22:00:00+00:00,57760.701
2024-05-15 23:00:00+00:00,57826.598
2024-05-16 00:00:00+00:00,57794.079
2024-05-16 01:00:00+00:00,57979.904
2024-05-16 02:00:00+00:00,57853.65
2024-05-16 03:00:00+00:00,57834.834
2024-05-16 04:00:00+00:00,57935.531
2024-05-16 05:00:00+00:00,58345.213
2024-05-16 06:00:00+00:00,58492.753
2024-05-16 07:00:00+00:00,58394.697
2024-05-16 08:00:00+00:00,58220.68
2024-05-16 09:00:00+00:00,58237.449
2024-05-16 10:00:00+00:00,58589.137
2024-05-16 11:00:00+00:00,58868.202
2024-05-16 12:00:00+00:00,58939.922
2024-05-16 13:00:00+00:00,59455.458
2024-05-16 14:00:00+00:00,59386.532
2024-05-16 15:00:00+00:00,58840.954
2024-05-16 16:00:00+00:00,59151.678
2024-05-16 17:00:00+00:00,58484.743
2024-05-16 18:00:00+00:00,58355.284
2024-05-16 19:00:00+00:00,58837.834
2024-05-16 20:00:00+00:00,58277.926
2024-05-16 21:00:00+00:00,58233.08
2024-05-16 22:00:00+00:00,58091.789
2024-05-16 23:00:00+00:00,58014.25
2024-05-17 00:00:00+00:00,58211.252
2024-05-17 01:00:00+00:00,58026.709
2024-05-17 02:00:00+00:00,58284.255
2024-05-17 03:00:00+00:00,58332.621
2024-05-17 04:00:00+00:00,57870.328
2024-05-17 05:00:00+00:00,57823.394
2024-05-17 06:00:00+00:00,57883.228
2024-05-17 07:00:00+00:00,58238.195
2024-05-17 08:00:00+00:00,58621.712
2024-05-17 09:00:00+00:00,58752.071
2024-05-17 10:00:00+00:00,59078.472
2024-05-17 11:00:00+00:00,59210.457
2024-05-17 12:00:00+00:00,59479.976
2024-05-17 13:00:00+00:00,59801.824
2024-05-17 14:00:00+00:00,59638.252
2024-05-17 15:00:00+00:00,59060.466
2024-05-17 16:00:00+00:00,58862.968
2024-05-17 17:00:00+00:00,58049.541
2024-05-17 18:00:00+00:00,57073.654
2024-05-17 19:00:00+00:00,56205.777
2024-05-17 20:00:00+00:00,56048.664
2024-05-17 21:00:00+00:00,56153.336
2024-05-17 22:00:00+00:00,56038.403
2024-05-17 23:00:00+00:00,56109.571
2024-05-18 00:00:00+00:00,56054.455
2024-05-18 01:00:00+00:00,56136.13
2024-05-18 02:00:00+00:00,56189.748
2024-05-18 03:00:00+00:00,56440.772
2024-05-18 04:00:00+00:00,56576.892
2024-05-18 05:00:00+00:00,56509.354
2024-05-18 06:00:00+00:00,56585.731
2024-05-18 07:00:00+00:00,56511.654
2024-05-18 08:00:00+00:00,56506.548
2024-05-18 09:00:00+00:00,56234.234
2024-05-18 10:00:00+00:00,56495.79
2024-05-18 11:00:00+00:00,56420.976
2024-05-18 12:00:00+00:00,56421.916
2024-05-18 13:00:00+00:00,56355.015
2024-05-18 14:00:00+00:00,56547.983
2024-05-18 15:00:00+00:00,56224.561
2024-05-18 16:00:00+00:00,56437.609
2024-05-18 17:00:00+00:00,56319.762
2024-05-18 18:00:00+00:00,56212.529
2024-05-18 19:00:00+00:00,56126.855
2024-05-18 20:00:00+00:00,56004.559
2024-05-18 21:00:00+00:00,56029.215
2024-05-18 22:00:00+00:00,56000.462
2024-05-18 23:00:00+00:00,55980.628
2024-05-19 00:00:00+00:00,55948.867
2024-05-19 01:00:00+00:00,55824.088
2024-05-19 02:00:00+00:00,55781.228
2024-05-19 03:00:00+00:00,55638.592
2024-05-19 04:00:00+00:00,56116.244
2024-05-19 05:00:00+00:00,56154.242
2024-05-19 06:00:00+00:00,56258.619
2024-05-19 07:00:00+00:00,56374.689
2024-05-19 08:00:00+00:00,56444.762
2024-05-19 09:00:00+00:00,56274.198
2024-05-19 10:00:00+00:00,56803.828
2024-05-19 11:00:00+00:00,56501.851
2024-05-19 12:00:00+00:00,56563.462
2024-05-19 13:00:00+00:00,57383.048
2024-05-19 14:00:00+00:00,57298.695
2024-05-19 15:00:00+00:00,57300.71
2024-05-19 16:00:00+00:00,57287.567
2024-05-19 17:00:00+00:00,57021.758
2024-05-19 18:00:00+00:00,57025.193
2024-05-19 19:00:00+00:00,56912.896
2024-05-19 20:00:00+00:00,55995.878
2024-05-19 21:00:00+00:00,55829.658
2024-05-19 22:00:00+00:00,55652.299
2024-05-19 23:00:00+00:00,55756.854
2024-05-20 00:00:00+00:00,55576.206
2024-05-20 01:00:00+00:00,55569.426
2024-05-20 02:00:00+00:00,55734.554
2024-05-20 03:00:00+00:00,55997.224
2024-05-20 04:00:00+00:00,55892.331
2024-05-20 05:00:00+00:00,55772.292
2024-05-20 06:00:00+00:00,55938.067
2024-05-20 07:00:00+00:00,55488.747
2024-05-20 08:00:00+00:00,55526.149
2024-05-20 09:00:00+00:00,55787.094
2024-05-20 10:00:00+00:00,56116.48
2024-05-20 11:00:00+00:00,56222.92
2024-05-20 12:00:00+00:00,56395.742
2024-05-20 13:00:00+00:00,56636.459
2024-05-20 14:00:00+00:00,56888.086
2024-05-20 15:00:00+00:00,57214.846
2024-05-20 16:00:00+00:00,57965.628
2024-05-20 17:00:00+00:00,57153.453
2024-05-20 18:00:00+00:00,57431.307
2024-05-20 19:00:00+00:00,57721.294
2024-05-20 20:00:00+00:00,55074.534
2024-05-20 21:00:00+00:00,54490.763
2024-05-20 22:00:00+00:00,54066.37
2024-05-20 23:00:00+00:00,54558.961
2024-05-21 00:00:00+00:00,55683.393
2024-05-21 01:00:00+00:00,55220.995
2024-05-21 02:00:00+00:00,55409.721
2024-05-21 03:00:00+00:00,55362.366
2024-05-21 04:00:00+00:00,54972.957
2024-05-21 05:00:00+00:00,54945.32
2024-05-21 06:00:00+00:00,55085.687
2024-05-21 07:00:00+00:00,55169.843
2024-05-21 08:00:00+00:00,55036.332
2024-05-21 09:00:00+00:00,55114.788
2024-05-21 10:00:00+00:00,54932.147
2024-05-21 11:00:00+00:00,54885.623
2024-05-21 12:00:00+00:00,54774.861
2024-05-21 13:00:00+00:00,55628.959
2024-05-21 14:00:00+00:00,54733.679
2024-05-21 15:00:00+00:00,54360.974
2024-05-21 16:00:00+00:00,53812.049
2024-05-21 17:00:00+00:00,53327.428
2024-05-21 18:00:00+00:00,53575.311
2024-05-21 19:00:00+00:00,53472.26
2024-05-21 20:00:00+00:00,52930.413
2024-05-21 21:00:00+00:00,52987.373
2024-05-21 22:00:00+00:00,52903.151
2024-05-21 23:00:00+00:00,52837.268
2024-05-22 00:00:00+00:00,52578.876
2024-05-22 01:00:00+00:00,52262.618
2024-05-22 02:00:00+00:00,52414.745
2024-05-22 03:00:00+00:00,52637.549
2024-05-22 04:00:00+00:00,52675.007
2024-05-22 05:00:00+00:00,52940.474
2024-05-22 06:00:00+00:00,52874.092
2024-05-22 07:00:00+00:00,52888.195
2024-05-22 08:00:00+00:00,52797.994
2024-05-22 09:00:00+00:00,53302.427
2024-05-22 10:00:00+00:00,53109.139
2024-05-22 11:00:00+00:00,53120.532
2024-05-22 12:00:00+00:00,52867.015
2024-05-22 13:00:00+00:00,53117.733
2024-05-22 14:00:00+00:00,53363.432
2024-05-22 15:00:00+00:00,53834.253
2024-05-22 16:00:00+00:00,54178.68
2024-05-22 17:00:00+00:00,53739.308
2024-05-22 18:00:00+00:00,53105.719
2024-05-22 19:00:00+00:00,53342.308
2024-05-22 20:00:00+00:00,53533.227
2024-05-22 21:00:00+00:00,53708.392
2024-05-22 22:00:00+00:00,52673.643
2024-05-22 23:00:00+00:00,52863.76
2024-05-23 00:00:00+00:00,52984.011
2024-05-23 01:00:00+00:00,52921.618
2024-05-23 02:00:00+00:00,52959.928
2024-05-23 03:00:00+00:00,53455.71
2024-05-23 04:00:00+00:00,53471.396
2024-05-23 05:00:00+00:00,53647.176
2024-05-23 06:00:00+00:00,53587.869
2024-05-23 07:00:00+00:00,53610.45
2024-05-23 08:00:00+00:00,53565.929
2024-05-23 09:00:00+00:00,53760.73
2024-05-23 10:00:00+00:00,53842.64
2024-05-23 11:00:00+00:00,53804.273
2024-05-23 12:00:00+00:00,53138.836
2024-05-23 13:00:00+00:00,52444.241
2024-05-23 14:00:00+00:00,53244.014
2024-05-23 15:00:00+00:00,54055.068
2024-05-23 16:00:00+00:00,55501.841
2024-05-23 17:00:00+00:00,55627.555
2024-05-23 18:00:00+00:00,55427.975
2024-05-23 19:00:00+00:00,55634.213
2024-05-23 20:00:00+00:00,55046.167
2024-05-23 21:00:00+00:00,55256.33
2024-05-23 22:00:00+00:00,54056.892
2024-05-23 23:00:00+00:00,54278.341
2024-05-24 00:00:00+00:00,54639.494
2024-05-24 01:00:00+00:00,54480.807
2024-05-24 02:00:00+00:00,54597.289
2024-05-24 03:00:00+00:00,54686.952
2024-05-24 04:00:00+00:00,54055.996
2024-05-24 05:00:00+00:00,54093.252
2024-05-24 06:00:00+00:00,53858.53
2024-05-24 07:00:00+00:00,53744.612
2024-05-24 08:00:00+00:00,53355.28
2024-05-24 09:00:00+00:00,53534.982
2024-05-24 10:00:00+00:00,53305.448
2024-05-24 11:00:00+00:00,53222.772
2024-05-24 12:00:00+00:00,53093.293
2024-05-24 13:00:00+00:00,52972.261
2024-05-24 14:00:00+00:00,53089.913
2024-05-24 15:00:00+00:00,53071.07
2024-05-24 16:00:00+00:00,54226.927
2024-05-24 17:00:00+00:00,54692.722
2024-05-24 18:00:00+00:00,54277.476
2024-05-24 19:00:00+00:00,53857.415
2024-05-24 20:00:00+00:00,53913.35
2024-05-24 21:00:00+00:00,54172.15
2024-05-24 22:00:00+00:00,54141.746
2024-05-24 23:00:00+00:00,53908.734
2024-05-25 00:00:00+00:00,53881.893
2024-05-25 01:00:00+00:00,53784.87
2024-05-25 02:00:00+00:00,53838.18
2024-05-25 03:00:00+00:00,54159.787
2024-05-25 04:00:00+00:00,54471.196
2024-05-25 05:00:00+00:00,54523.811
2024-05-25 06:00:00+00:00,54594.074
2024-05-25 07:00:00+00:00,54658.057
2024-05-25 08:00:00+00:00,54653.969
2024-05-25 09:00:00+00:00,54688.732
2024-05-25 10:00:00+00:00,55042.594
2024-05-25 11:00:00+00:00,55249.141
2024-05-25 12:00:00+00:00,54537.444
2024-05-25 13:00:00+00:00,54417.117
2024-05-25 14:00:00+00:00,55013.57
2024-05-25 15:00:00+00:00,54783.319
2024-05-25 16:00:00+00:00,54725.041
2024-05-25 17:00:00+00:00,54427.239
2024-05-25 18:00:00+00:00,54452.265
2024-05-25 19:00:00+00:00,54475.303
2024-05-25 20:00:00+00:00,54440.4
2024-05-25 21:00:00+00:00,54393.087
2024-05-25 22:00:00+00:00,54406.025
2024-05-25 23:00:00+00:00,54392.813
2024-05-26 00:00:00+00:00,54274.132
2024-05-26 01:00:00+00:00,54337.515
2024-05-26 02:00:00+00:00,54337.433
2024-05-26 03:00:00+00:00,54508.471
2024-05-26 04:00:00+00:00,54429.439
2024-05-26 05:00:00+00:00,54568.003
2024-05-26 06:00:00+00:00,54590.267
2024-05-26 07:00:00+00:00,54545.304
2024-05-26 08:00:00+00:00,54375.732
2024-05-26 09:00:00+00:00,55366.736
2024-05-26 10:00:00+00:00,56009.912
2024-05-26 11:00:00+00:00,55871.004
2024-05-26 12:00:00+00:00,55481.203
2024-05-26 13:00:00+00:00,55754.936
2024-05-26 14:00:00+00:00,55787.842
2024-05-26 15:00:00+00:00,55548.742
2024-05-26 16:00:00+00:00,54708.282
2024-05-26 17:00:00+00:00,55057.712
2024-05-26 18:00:00+00:00,55057.285
2024-05-26 19:00:00+00:00,55112.315
2024-05-26 20:00:00+00:00,55114.683
2024-05-26 21:00:00+00:00,55105.944
2024-05-26 22:00:00+00:00,55007.844
2024-05-26 23:00:00+00:00,54726.555
2024-05-27 00:00:00+00:00,54724.692
2024-05-27 01:00:00+00:00,54924.354
2024-05-27 02:00:00+00:00,54459.942
2024-05-27 03:00:00+00:00,54633.076
2024-05-27 04:00:00+00:00,54712.491
2024-05-27 05:00:00+00:00,54798.769
2024-05-27 06:00:00+00:00,54908.82
2024-05-27 07:00:00+00:00,55026.835
2024-05-27 08:00:00+00:00,55197.911
2024-05-27 09:00:00+00:00,55297.06
2024-05-27 10:00:00+00:00,55642.088
2024-05-27 11:00:00+00:00,55848.747
2024-05-27 12:00:00+00:00,56368.6
2024-05-27 13:00:00+00:00,56340.061
2024-05-27 14:00:00+00:00,56334.225
2024-05-27 15:00:00+00:00,56356.356
2024-05-27 16:00:00+00:00,56327.296
2024-05-27 17:00:00+00:00,56258.714
2024-05-27 18:00:00+00:00,56026.349
2024-05-27 19:00:00+00:00,55786.3
2024-05-27 20:00:00+00:00,55169.547
2024-05-27 21:00:00+00:00,54854.455
2024-05-27 22:00:00+00:00,54828.168
2024-05-27 23:00:00+00:00,54822.815
2024-05-28 00:00:00+00:00,54827.379
2024-05-28 01:00:00+00:00,55198.023
2024-05-28 02:00:00+00:00,56381.576
2024-05-28 03:00:00+00:00,56682.512
2024-05-28 04:00:00+00:00,56506.248
2024-05-28 05:00:00+00:00,56710.17
2024-05-28 06:00:00+00:00,56483.31
2024-05-28 07:00:00+00:00,56703.037
2024-05-28 08:00:00+00:00,56620.645
2024-05-28 09:00:00+00:00,56781.361
2024-05-28 10:00:00+00:00,57117.912
2024-05-28 11:00:00+00:00,57588.778
2024-05-28 12:00:00+00:00,57661.671
2024-05-28 13:00:00+00:00,57443.682
2024-05-28 14:00:00+00:00,57876.969
2024-05-28 15:00:00+00:00,57732.55
2024-05-28 16:00:00+00:00,57860.35
2024-05-28 17:00:00+00:00,57561.537
2024-05-28 18:00:00+00:00,57610.322
2024-05-28 19:00:00+00:00,57263.048
2024-05-28 20:00:00+00:00,56895.784
2024-05-28 21:00:00+00:00,56863.514
2024-05-28 22:00:00+00:00,57117.082
2024-05-28 23:00:00+00:00,57037.324
2024-05-29 00:00:00+00:00,57289.177
2024-05-29 01:00:00+00:00,57516.941
2024-05-29 02:00:00+00:00,57523.976
2024-05-29 03:00:00+00:00,57474.119
2024-05-29 04:00:00+00:00,57512.554
2024-05-29 05:00:00+00:00,57762.069
2024-05-29 06:00:00+00:00,57766.117
2024-05-29 07:00:00+00:00,57575.5
2024-05-29 08:00:00+00:00,57475.722
2024-05-29 09:00:00+00:00,57823.4
2024-05-29 10:00:00+00:00,57766.927
2024-05-29 11:00:00+00:00,57895.699
2024-05-29 12:00:00+00:00,57651.429
2024-05-29 13:00:00+00:00,58057.85
2024-05-29 14:00:00+00:00,58760.911
2024-05-29 15:00:00+00:00,58440.792
2024-05-29 16:00:00+00:00,58090.306
2024-05-29 17:00:00+00:00,57759.037
2024-05-29 18:00:00+00:00,57795.549
2024-05-29 19:00:00+00:00,57644.508
2024-05-29 20:00:00+00:00,57387.888
2024-05-29 21:00:00+00:00,57582.27
2024-05-29 22:00:00+00:00,57411.177
2024-05-29 23:00:00+00:00,57350.63
2024-05-30 00:00:00+00:00,57196.162
2024-05-30 01:00:00+00:00,57090.95
2024-05-30 02:00:00+00:00,56826.161
2024-05-30 03:00:00+00:00,56591.451
2024-05-30 04:00:00+00:00,56670.005
2024-05-30 05:00:00+00:00,56861.293
2024-05-30 06:00:00+00:00,57014.725
2024-05-30 07:00:00+00:00,57245.428
2024-05-30 08:00:00+00:00,56640.101
2024-05-30 09:00:00+00:00,55949.449
2024-05-30 10:00:00+00:00,56262.311
2024-05-30 11:00:00+00:00,56109.646
2024-05-30 12:00:00+00:00,55955.458
2024-05-30 13:00:00+00:00,56229.045
2024-05-30 14:00:00+00:00,55968.987
2024-05-30 15:00:00+00:00,55595.693
2024-05-30 16:00:00+00:00,56075.783
2024-05-30 17:00:00+00:00,56098.173
2024-05-30 18:00:00+00:00,55267.533
2024-05-30 19:00:00+00:00,55038.3
2024-05-30 20:00:00+00:00,54289.07
2024-05-30 21:00:00+00:00,53748.651
2024-05-30 22:00:00+00:00,53462.527
2024-05-30 23:00:00+00:00,53468.112
2024-05-31 00:00:00+00:00,53558.891
2024-05-31 01:00:00+00:00,53630.976
2024-05-31 02:00:00+00:00,54084.269
2024-05-31 03:00:00+00:00,54089.158
2024-05-31 04:00:00+00:00,54112.833
2024-05-31 05:00:00+00:00,54118.92
2024-05-31 06:00:00+00:00,54238.464
2024-05-31 07:00:00+00:00,54206.641
2024-05-31 08:00:00+00:00,54551.661
2024-05-31 09:00:00+00:00,54537.572
2024-05-31 10:00:00+00:00,54714.596
2024-05-31 11:00:00+00:00,54785.982
2024-05-31 12:00:00+00:00,54946.431
2024-05-31 13:00:00+00:00,54523.434
2024-05-31 14:00:00+00:00,54532.748
2024-05-31 15:00:00+00:00,56022.0
2024-05-31 16:00:00+00:00,56120.699
2024-05-31 17:00:00+00:00,58024.518
2024-05-31 18:00:00+00:00,57667.812
2024-05-31 19:00:00+00:00,57291.222
2024-05-31 20:00:00+00:00,56448.109
2024-05-31 21:00:00+00:00,56544.388
2024-05-31 22:00:00+00:00,56113.897
2024-05-31 23:00:00+00:00,56218.642
2024-06-01 00:00:00+00:00,56215.183
2024-06-01 01:00:00+00:00,55868.179
2024-06-01 02:00:00+00:00,55966.833
2024-06-01 03:00:00+00:00,55996.264
2024-06-01 04:00:00+00:00,56009.439
2024-06-01 05:00:00+00:00,56063.196
2024-06-01 06:00:00+00:00,56121.693
2024-06-01 07:00:00+00:00,56321.076
2024-06-01 08:00:00+00:00,56239.584
2024-06-01 09:00:00+00:00,56063.12
2024-06-01 10:00:00+00:00,55949.466
2024-06-01 11:00:00+00:00,55922.358
2024-06-01 12:00:00+00:00,55912.903
2024-06-01 13:00:00+00:00,55891.49
2024-06-01 14:00:00+00:00,55948.368
2024-06-01 15:00:00+00:00,56100.856
2024-06-01 16:00:00+00:00,56031.069
2024-06-01 17:00:00+00:00,56039.169
2024-06-01 18:00:00+00:00,55988.034
2024-06-01 19:00:00+00:00,56061.249
2024-06-01 20:00:00+00:00,56101.989
2024-06-01 21:00:00+00:00,56123.698
2024-06-01 22:00:00+00:00,56131.039
2024-06-01 23:00:00+00:00,56180.771
2024-06-02 00:00:00+00:00,56103.293
2024-06-02 01:00:00+00:00,55904.078
2024-06-02 02:00:00+00:00,56019.768
2024-06-02 03:00:00+00:00,55935.903
2024-06-02 04:00:00+00:00,55838.81
2024-06-02 05:00:00+00:00,55874.095
2024-06-02 06:00:00+00:00,55907.333
2024-06-02 07:00:00+00:00,55877.7
2024-06-02 08:00:00+00:00,55868.474
2024-06-02 09:00:00+00:00,55839.454
2024-06-02 10:00:00+00:00,55759.086
2024-06-02 11:00:00+00:00,55955.167
2024-06-02 12:00:00+00:00,55971.844
2024-06-02 13:00:00+00:00,55756.586
2024-06-02 14:00:00+00:00,55816.361
2024-06-02 15:00:00+00:00,55925.149
2024-06-02 16:00:00+00:00,56652.484
2024-06-02 17:00:00+00:00,56787.036
2024-06-02 18:00:00+00:00,56544.892
2024-06-02 19:00:00+00:00,56481.622
2024-06-02 20:00:00+00:00,56087.444
2024-06-02 21:00:00+00:00,56229.653
2024-06-02 22:00:00+00:00,56248.299
2024-06-02 23:00:00+00:00,56178.308
2024-06-03 00:00:00+00:00,56205.278
2024-06-03 01:00:00+00:00,56220.105
2024-06-03 02:00:00+00:00,55993.767
2024-06-03 03:00:00+00:00,56437.047
2024-06-03 04:00:00+00:00,56425.158
2024-06-03 05:00:00+00:00,56640.028
2024-06-03 06:00:00+00:00,57338.089
2024-06-03 07:00:00+00:00,57796.617
2024-06-03 08:00:00+00:00,57871.078
2024-06-03 09:00:00+00:00,58126.483
2024-06-03 10:00:00+00:00,57832.971
2024-06-03 11:00:00+00:00,58096.181
2024-06-03 12:00:00+00:00,58144.034
2024-06-03 13:00:00+00:00,58909.414
2024-06-03 14:00:00+00:00,58338.918
2024-06-03 15:00:00+00:00,58407.768
2024-06-03 16:00:00+00:00,58487.778
2024-06-03 17:00:00+00:00,58496.501
2024-06-03 18:00:00+00:00,58088.23
2024-06-03 19:00:00+00:00,58029.916
2024-06-03 20:00:00+00:00,58041.077
2024-06-03 21:00:00+00:00,57932.398
2024-06-03 22:00:00+00:00,57737.668
2024-06-03 23:00:00+00:00,57850.676
2024-06-04 00:00:00+00:00,57536.592
2024-06-04 01:00:00+00:00,57489.201
2024-06-04 02:00:00+00:00,57638.797
2024-06-04 03:00:00+00:00,57956.971
2024-06-04 04:00:00+00:00,58041.936
2024-06-04 05:00:00+00:00,58961.283
2024-06-04 06:00:00+00:00,58967.085
2024-06-04 07:00:00+00:00,59088.709
2024-06-04 08:00:00+00:00,59131.608
2024-06-04 09:00:00+00:00,59122.864
2024-06-04 10:00:00+00:00,58763.005
2024-06-04 11:00:00+00:00,58813.769
2024-06-04 12:00:00+00:00,58931.776
2024-06-04 13:00:00+00:00,58800.807
2024-06-04 14:00:00+00:00,58782.722
2024-06-04 15:00:00+00:00,58116.82
2024-06-04 16:00:00+00:00,58819.455
2024-06-04 17:00:00+00:00,59310.127
2024-06-04 18:00:00+00:00,58878.864
2024-06-04 19:00:00+00:00,59189.547
2024-06-04 20:00:00+00:00,58326.228
2024-06-04 21:00:00+00:00,58329.741
2024-06-04 22:00:00+00:00,58261.514
2024-06-04 23:00:00+00:00,58462.837
2024-06-05 00:00:00+00:00,58623.707
2024-06-05 01:00:00+00:00,58647.502
2024-06-05 02:00:00+00:00,58703.355
2024-06-05 03:00:00+00:00,59258.073
2024-06-05 04:00:00+00:00,59299.87
2024-06-05 05:00:00+00:00,59719.538
2024-06-05 06:00:00+00:00,59769.65
2024-06-05 07:00:00+00:00,59846.853
2024-06-05 08:00:00+00:00,60225.987
2024-06-05 09:00:00+00:00,59993.148
2024-06-05 10:00:00+00:00,59941.846
2024-06-05 11:00:00+00:00,59705.125
2024-06-05 12:00:00+00:00,59709.591
2024-06-05 13:00:00+00:00,59791.035
2024-06-05 14:00:00+00:00,59953.907
2024-06-05 15:00:00+00:00,60318.183
2024-06-05 16:00:00+00:00,61161.508
2024-06-05 17:00:00+00:00,60914.696
2024-06-05 18:00:00+00:00,61131.559
2024-06-05 19:00:00+00:00,60575.174
2024-06-05 20:00:00+00:00,60508.269
2024-06-05 21:00:00+00:00,60526.726
2024-06-05 22:00:00+00:00,60322.076
2024-06-05 23:00:00+00:00,60311.933
2024-06-06 00:00:00+00:00,60065.321
2024-06-06 01:00:00+00:00,59988.097
2024-06-06 02:00:00+00:00,60069.255
2024-06-06 03:00:00+00:00,60166.097
2024-06-06 04:00:00+00:00,60259.319
2024-06-06 05:00:00+00:00,60199.741
2024-06-06 06:00:00+00:00,60174.745
2024-06-06 07:00:00+00:00,60163.681
2024-06-06 08:00:00+00:00,60495.479
2024-06-06 09:00:00+00:00,60386.418
2024-06-06 10:00:00+00:00,60632.833
2024-06-06 11:00:00+00:00,60618.838
2024-06-06 12:00:00+00:00,60982.124
2024-06-06 13:00:00+00:00,61050.019
2024-06-06 14:00:00+00:00,61429.358
2024-06-06 15:00:00+00:00,61566.176
2024-06-06 16:00:00+00:00,61456.485
2024-06-06 17:00:00+00:00,61747.926
2024-06-06 18:00:00+00:00,61475.603
2024-06-06 19:00:00+00:00,61386.857
2024-06-06 20:00:00+00:00,59984.772
2024-06-06 21:00:00+00:00,60405.227
2024-06-06 22:00:00+00:00,60339.609
2024-06-06 23:00:00+00:00,60594.953
2024-06-07 00:00:00+00:00,60878.149
2024-06-07 01:00:00+00:00,60879.375
2024-06-07 02:00:00+00:00,60292.669
2024-06-07 03:00:00+00:00,60374.677
2024-06-07 04:00:00+00:00,60400.96
2024-06-07 05:00:00+00:00,60060.205
2024-06-07 06:00:00+00:00,60347.4
2024-06-07 07:00:00+00:00,60450.602
2024-06-07 08:00:00+00:00,60328.443
2024-06-07 09:00:00+00:00,60409.483
2024-06-07 10:00:00+00:00,60635.231
2024-06-07 11:00:00+00:00,60580.405
2024-06-07 12:00:00+00:00,61355.966
2024-06-07 13:00:00+00:00,60816.713
2024-06-07 14:00:00+00:00,61753.609
2024-06-07 15:00:00+00:00,61131.181
2024-06-07 16:00:00+00:00,61083.332
2024-06-07 17:00:00+00:00,61053.748
2024-06-07 18:00:00+00:00,61032.22
2024-06-07 19:00:00+00:00,60144.316
2024-06-07 20:00:00+00:00,60794.209
2024-06-07 21:00:00+00:00,61462.227
2024-06-07 22:00:00+00:00,61499.393
2024-06-07 23:00:00+00:00,61506.832
2024-06-08 00:00:00+00:00,61568.843
2024-06-08 01:00:00+00:00,61606.623
2024-06-08 02:00:00+00:00,61496.05
2024-06-08 03:00:00+00:00,61488.722
2024-06-08 04:00:00+00:00,61619.597
2024-06-08 05:00:00+00:00,61156.841
2024-06-08 06:00:00+00:00,60932.149
2024-06-08 07:00:00+00:00,60728.231
2024-06-08 08:00:00+00:00,60711.377
2024-06-08 09:00:00+00:00,60329.127
2024-06-08 10:00:00+00:00,60322.861
2024-06-08 11:00:00+00:00,60162.855
2024-06-08 12:00:00+00:00,60053.194
2024-06-08 13:00:00+00:00,60059.229
2024-06-08 14:00:00+00:00,60088.429
2024-06-08 15:00:00+00:00,60172.039
2024-06-08 16:00:00+00:00,60134.493
2024-06-08 17:00:00+00:00,60043.125
2024-06-08 18:00:00+00:00,59984.784
2024-06-08 19:00:00+00:00,60091.677
2024-06-08 20:00:00+00:00,60155.25
2024-06-08 21:00:00+00:00,60093.473
2024-06-08 22:00:00+00:00,60153.201
2024-06-08 23:00:00+00:00,60081.022
2024-06-09 00:00:00+00:00,60074.889
2024-06-09 01:00:00+00:00,60068.932
2024-06-09 02:00:00+00:00,60031.732
2024-06-09 03:00:00+00:00,60052.016
2024-06-09 04:00:00+00:00,59984.41
2024-06-09 05:00:00+00:00,60005.043
2024-06-09 06:00:00+00:00,60236.802
2024-06-09 07:00:00+00:00,60161.43
2024-06-09 08:00:00+00:00,60216.994
2024-06-09 09:00:00+00:00,60326.22
2024-06-09 10:00:00+00:00,60519.249
2024-06-09 11:00:00+00:00,60623.294
2024-06-09 12:00:00+00:00,60564.177
2024-06-09 13:00:00+00:00,60940.343
2024-06-09 14:00:00+00:00,61316.819
2024-06-09 15:00:00+00:00,61606.346
2024-06-09 16:00:00+00:00,61683.419
2024-06-09 17:00:00+00:00,61816.871
2024-06-09 18:00:00+00:00,61842.577
2024-06-09 19:00:00+00:00,61872.782
2024-06-09 20:00:00+00:00,61906.08
2024-06-09 21:00:00+00:00,61923.77
2024-06-09 22:00:00+00:00,61966.713
2024-06-09 23:00:00+00:00,62003.969
2024-06-10 00:00:00+00:00,62136.781
2024-06-10 01:00:00+00:00,62152.515
2024-06-10 02:00:00+00:00,62088.478
2024-06-10 03:00:00+00:00,62181.487
2024-06-10 04:00:00+00:00,62176.882
2024-06-10 05:00:00+00:00,62331.964
2024-06-10 06:00:00+00:00,62303.696
2024-06-10 07:00:00+00:00,62153.558
2024-06-10 08:00:00+00:00,62480.552
2024-06-10 09:00:00+00:00,62458.909
2024-06-10 10:00:00+00:00,62389.537
2024-06-10 11:00:00+00:00,62457.47
2024-06-10 12:00:00+00:00,62428.796
2024-06-10 13:00:00+00:00,62474.181
2024-06-10 14:00:00+00:00,62635.441
2024-06-10 15:00:00+00:00,62376.86
2024-06-10 16:00:00+00:00,62992.092
2024-06-10 17:00:00+00:00,62821.37
2024-06-10 18:00:00+00:00,62867.488
2024-06-10 19:00:00+00:00,62631.496
2024-06-10 20:00:00+00:00,62019.807
2024-06-10 21:00:00+00:00,62105.38
2024-06-10 22:00:00+00:00,62158.001
2024-06-10 23:00:00+00:00,62273.353
2024-06-11 00:00:00+00:00,62762.827
2024-06-11 01:00:00+00:00,62724.076
2024-06-11 02:00:00+00:00,62045.632
2024-06-11 03:00:00+00:00,63023.632
2024-06-11 04:00:00+00:00,62816.941
2024-06-11 05:00:00+00:00,62469.314
2024-06-11 06:00:00+00:00,63030.824
2024-06-11 07:00:00+00:00,63044.708
2024-06-11 08:00:00+00:00,63543.995
2024-06-11 09:00:00+00:00,64205.674
2024-06-11 10:00:00+00:00,63656.984
2024-06-11 11:00:00+00:00,64401.549
2024-06-11 12:00:00+00:00,65085.734
2024-06-11 13:00:00+00:00,65512.194
2024-06-11 14:00:00+00:00,64796.82
2024-06-11 15:00:00+00:00,64959.261
2024-06-11 16:00:00+00:00,63852.024
2024-06-11 17:00:00+00:00,63560.635
2024-06-11 18:00:00+00:00,63724.579
2024-06-11 19:00:00+00:00,63899.52
2024-06-11 20:00:00+00:00,63677.719
2024-06-11 21:00:00+00:00,63413.746
2024-06-11 22:00:00+00:00,63275.507
2024-06-11 23:00:00+00:00,63393.748
2024-06-12 00:00:00+00:00,63415.29
2024-06-12 01:00:00+00:00,62934.659
2024-06-12 02:00:00+00:00,62702.572
2024-06-12 03:00:00+00:00,62482.026
2024-06-12 04:00:00+00:00,62383.885
2024-06-12 05:00:00+00:00,62605.772
2024-06-12 06:00:00+00:00,62430.954
2024-06-12 07:00:00+00:00,62990.443
2024-06-12 08:00:00+00:00,63021.886
2024-06-12 09:00:00+00:00,63108.38
2024-06-12 10:00:00+00:00,62988.728
2024-06-12 11:00:00+00:00,63090.044
2024-06-12 12:00:00+00:00,63032.075
2024-06-12 13:00:00+00:00,64238.06
2024-06-12 14:00:00+00:00,63929.423
2024-06-12 15:00:00+00:00,64694.083
2024-06-12 16:00:00+00:00,64726.3
2024-06-12 17:00:00+00:00,64259.307
2024-06-12 18:00:00+00:00,64305.328
2024-06-12 19:00:00+00:00,62934.522
2024-06-12 20:00:00+00:00,62262.888
2024-06-12 21:00:00+00:00,61533.652
2024-06-12 22:00:00+00:00,61738.109
2024-06-12 23:00:00+00:00,61415.916
2024-06-13 00:00:00+00:00,61591.14
2024-06-13 01:00:00+00:00,61642.711
2024-06-13 02:00:00+00:00,61383.38
2024-06-13 03:00:00+00:00,61431.415
2024-06-13 04:00:00+00:00,62354.796
2024-06-13 05:00:00+00:00,62890.996
2024-06-13 06:00:00+00:00,63484.43
2024-06-13 07:00:00+00:00,63454.683
2024-06-13 08:00:00+00:00,63834.485
2024-06-13 09:00:00+00:00,63646.981
2024-06-13 10:00:00+00:00,63645.218
2024-06-13 11:00:00+00:00,63898.549
2024-06-13 12:00:00+00:00,63892.542
2024-06-13 13:00:00+00:00,63582.934
2024-06-13 14:00:00+00:00,63427.545
2024-06-13 15:00:00+00:00,63468.457
2024-06-13 16:00:00+00:00,63650.563
2024-06-13 17:00:00+00:00,64145.15
2024-06-13 18:00:00+00:00,63977.856
2024-06-13 19:00:00+00:00,64100.564
2024-06-13 20:00:00+00:00,64222.277
2024-06-13 21:00:00+00:00,63945.09
2024-06-13 22:00:00+00:00,63392.911
2024-06-13 23:00:00+00:00,63393.831
2024-06-14 00:00:00+00:00,63343.87
2024-06-14 01:00:00+00:00,63610.629
2024-06-14 02:00:00+00:00,63539.902
2024-06-14 03:00:00+00:00,63560.583
2024-06-14 04:00:00+00:00,63640.915
2024-06-14 05:00:00+00:00,63878.805
2024-06-14 06:00:00+00:00,63771.606
2024-06-14 07:00:00+00:00,64006.971
2024-06-14 08:00:00+00:00,64003.903
2024-06-14 09:00:00+00:00,63807.922
2024-06-14 10:00:00+00:00,64240.207
2024-06-14 11:00:00+00:00,64095.64
2024-06-14 12:00:00+00:00,64176.8
2024-06-14 13:00:00+00:00,65128.169
2024-06-14 14:00:00+00:00,65454.729
2024-06-14 15:00:00+00:00,65245.647
2024-06-14 16:00:00+00:00,64891.403
2024-06-14 17:00:00+00:00,64248.091
2024-06-14 18:00:00+00:00,64109.965
2024-06-14 19:00:00+00:00,64244.386
2024-06-14 20:00:00+00:00,64868.914
2024-06-14 21:00:00+00:00,64722.422
2024-06-14 22:00:00+00:00,63231.726
2024-06-14 23:00:00+00:00,63060.096
2024-06-15 00:00:00+00:00,63302.834
2024-06-15 01:00:00+00:00,63082.274
2024-06-15 02:00:00+00:00,63184.402
2024-06-15 03:00:00+00:00,63142.7
2024-06-15 04:00:00+00:00,63318.265
2024-06-15 05:00:00+00:00,63832.858
2024-06-15 06:00:00+00:00,63888.588
2024-06-15 07:00:00+00:00,64019.844
2024-06-15 08:00:00+00:00,64283.872
2024-06-15 09:00:00+00:00,64220.743
2024-06-15 10:00:00+00:00,64368.019
2024-06-15 11:00:00+00:00,64303.389
2024-06-15 12:00:00+00:00,64313.801
2024-06-15 13:00:00+00:00,64301.237
2024-06-15 14:00:00+00:00,64180.637
2024-06-15 15:00:00+00:00,64208.102
2024-06-15 16:00:00+00:00,64435.069
2024-06-15 17:00:00+00:00,64337.884
2024-06-15 18:00:00+00:00,64317.121
2024-06-15 19:00:00+00:00,64321.027
2024-06-15 20:00:00+00:00,64268.727
2024-06-15 21:00:00+00:00,64305.972
2024-06-15 22:00:00+00:00,64307.127
2024-06-15 23:00:00+00:00,64303.829
2024-06-16 00:00:00+00:00,64037.922
2024-06-16 01:00:00+00:00,64049.146
2024-06-16 02:00:00+00:00,64064.153
2024-06-16 03:00:00+00:00,64062.299
2024-06-16 04:00:00+00:00,64126.309
2024-06-16 05:00:00+00:00,64041.871
2024-06-16 06:00:00+00:00,64066.647
2024-06-16 07:00:00+00:00,64061.365
2024-06-16 08:00:00+00:00,64170.097
2024-06-16 09:00:00+00:00,64153.414
2024-06-16 10:00:00+00:00,64277.891
2024-06-16 11:00:00+00:00,63963.14
2024-06-16 12:00:00+00:00,63893.066
2024-06-16 13:00:00+00:00,63932.355
2024-06-16 14:00:00+00:00,64154.049
2024-06-16 15:00:00+00:00,64248.801
2024-06-16 16:00:00+00:00,64122.79
2024-06-16 17:00:00+00:00,64272.34
2024-06-16 18:00:00+00:00,64331.212
2024-06-16 19:00:00+00:00,64308.99
2024-06-16 20:00:00+00:00,64500.018
2024-06-16 21:00:00+00:00,64394.264
2024-06-16 22:00:00+00:00,64262.718
2024-06-16 23:00:00+00:00,64482.154
2024-06-17 00:00:00+00:00,64295.206
2024-06-17 01:00:00+00:00,64056.299
2024-06-17 02:00:00+00:00,64048.629
2024-06-17 03:00:00+00:00,63640.118
2024-06-17 04:00:00+00:00,63606.477
2024-06-17 05:00:00+00:00,64238.755
2024-06-17 06:00:00+00:00,64329.416
2024-06-17 07:00:00+00:00,63785.743
2024-06-17 08:00:00+00:00,63383.483
2024-06-17 09:00:00+00:00,63461.391
2024-06-17 10:00:00+00:00,63234.675
2024-06-17 11:00:00+00:00,63694.453
2024-06-17 12:00:00+00:00,63961.271
2024-06-17 13:00:00+00:00,63965.234
2024-06-17 14:00:00+00:00,64165.197
2024-06-17 15:00:00+00:00,64000.852
2024-06-17 16:00:00+00:00,63886.786
2024-06-17 17:00:00+00:00,63969.288
2024-06-17 18:00:00+00:00,63521.979
2024-06-17 19:00:00+00:00,63833.602
2024-06-17 20:00:00+00:00,63399.606
2024-06-17 21:00:00+00:00,63738.115
2024-06-17 22:00:00+00:00,63351.69
2024-06-17 23:00:00+00:00,63531.035
2024-06-18 00:00:00+00:00,63539.661
2024-06-18 01:00:00+00:00,62071.639
2024-06-18 02:00:00+00:00,61689.814
2024-06-18 03:00:00+00:00,62304.19
2024-06-18 04:00:00+00:00,62842.586
2024-06-18 05:00:00+00:00,62786.399
2024-06-18 06:00:00+00:00,63053.835
2024-06-18 07:00:00+00:00,63546.226
2024-06-18 08:00:00+00:00,63259.857
2024-06-18 09:00:00+00:00,63271.806
2024-06-18 10:00:00+00:00,62963.17
2024-06-18 11:00:00+00:00,62700.048
2024-06-18 12:00:00+00:00,62651.415
2024-06-18 13:00:00+00:00,62893.298
2024-06-18 14:00:00+00:00,63671.379
2024-06-18 15:00:00+00:00,63323.281
2024-06-18 16:00:00+00:00,63863.313
2024-06-18 17:00:00+00:00,63979.619
2024-06-18 18:00:00+00:00,64170.126
2024-06-18 19:00:00+00:00,64195.018
2024-06-18 20:00:00+00:00,63382.655
2024-06-18 21:00:00+00:00,63890.37
2024-06-18 22:00:00+00:00,63882.718
2024-06-18 23:00:00+00:00,63998.857
2024-06-19 00:00:00+00:00,64016.365
2024-06-19 01:00:00+00:00,64188.929
2024-06-19 02:00:00+00:00,64455.974
2024-06-19 03:00:00+00:00,64477.071
2024-06-19 04:00:00+00:00,64467.512
2024-06-19 05:00:00+00:00,64108.902
2024-06-19 06:00:00+00:00,64352.41
2024-06-19 07:00:00+00:00,64459.985
2024-06-19 08:00:00+00:00,65666.75199999
2024-06-19 09:00:00+00:00,65827.609
2024-06-19 10:00:00+00:00,65680.84
2024-06-19 11:00:00+00:00,65229.934
2024-06-19 12:00:00+00:00,64638.283
2024-06-19 13:00:00+00:00,64939.731
2024-06-19 14:00:00+00:00,65073.103
2024-06-19 15:00:00+00:00,65170.063
2024-06-19 16:00:00+00:00,65563.383
2024-06-19 17:00:00+00:00,65539.061
2024-06-19 18:00:00+00:00,65449.87
2024-06-19 19:00:00+00:00,65338.659
2024-06-19 20:00:00+00:00,65429.974
2024-06-19 21:00:00+00:00,65656.846
2024-06-19 22:00:00+00:00,65395.22
2024-06-19 23:00:00+00:00,65360.988
2024-06-20 00:00:00+00:00,65438.165
2024-06-20 01:00:00+00:00,65421.347
2024-06-20 02:00:00+00:00,65316.17
2024-06-20 03:00:00+00:00,65267.661
2024-06-20 04:00:00+00:00,65211.116
2024-06-20 05:00:00+00:00,65195.896
2024-06-20 06:00:00+00:00,65131.136
2024-06-20 07:00:00+00:00,65080.229
2024-06-20 08:00:00+00:00,64781.54
2024-06-20 09:00:00+00:00,64660.663
2024-06-20 10:00:00+00:00,64851.038
2024-06-20 11:00:00+00:00,64170.518
2024-06-20 12:00:00+00:00,64632.022
2024-06-20 13:00:00+00:00,65036.753
2024-06-20 14:00:00+00:00,65389.771
2024-06-20 15:00:00+00:00,65285.827
2024-06-20 16:00:00+00:00,65916.85799999
2024-06-20 17:00:00+00:00,65528.796
2024-06-20 18:00:00+00:00,65638.2
2024-06-20 19:00:00+00:00,65343.097
2024-06-20 20:00:00+00:00,65557.144
2024-06-20 21:00:00+00:00,65393.251
2024-06-20 22:00:00+00:00,65239.559
2024-06-20 23:00:00+00:00,64938.961
2024-06-21 00:00:00+00:00,65241.028
2024-06-21 01:00:00+00:00,65314.802
2024-06-21 02:00:00+00:00,65633.004
2024-06-21 03:00:00+00:00,65884.947
2024-06-21 04:00:00+00:00,65433.813
2024-06-21 05:00:00+00:00,66298.865
2024-06-21 06:00:00+00:00,66314.914
2024-06-21 07:00:00+00:00,65971.35099999
2024-06-21 08:00:00+00:00,67043.444
2024-06-21 09:00:00+00:00,65389.634
2024-06-21 10:00:00+00:00,64697.442
2024-06-21 11:00:00+00:00,65105.888
2024-06-21 12:00:00+00:00,65165.1
2024-06-21 13:00:00+00:00,65666.69
2024-06-21 14:00:00+00:00,67143.52499999
2024-06-21 15:00:00+00:00,66093.455
2024-06-21 16:00:00+00:00,65786.464
2024-06-21 17:00:00+00:00,66075.341
2024-06-21 18:00:00+00:00,66118.96799999
2024-06-21 19:00:00+00:00,65406.842
2024-06-21 20:00:00+00:00,65675.297
2024-06-21 21:00:00+00:00,65160.667
2024-06-21 22:00:00+00:00,65180.472
2024-06-21 23:00:00+00:00,65091.372
2024-06-22 00:00:00+00:00,65102.665
2024-06-22 01:00:00+00:00,64794.065
2024-06-22 02:00:00+00:00,64637.886
2024-06-22 03:00:00+00:00,64811.139
2024-06-22 04:00:00+00:00,64779.552
2024-06-22 05:00:00+00:00,64757.724
2024-06-22 06:00:00+00:00,64744.952
2024-06-22 07:00:00+00:00,64727.93
2024-06-22 08:00:00+00:00,64681.437
2024-06-22 09:00:00+00:00,64856.701
2024-06-22 10:00:00+00:00,65034.642
2024-06-22 11:00:00+00:00,65064.458
2024-06-22 12:00:00+00:00,65177.702
2024-06-22 13:00:00+00:00,65202.132
2024-06-22 14:00:00+00:00,65221.849
2024-06-22 15:00:00+00:00,65147.711
2024-06-22 16:00:00+00:00,65217.561
2024-06-22 17:00:00+00:00,65288.098
2024-06-22 18:00:00+00:00,65374.361
2024-06-22 19:00:00+00:00,65296.342
2024-06-22 20:00:00+00:00,65165.926
2024-06-22 21:00:00+00:00,65202.086
2024-06-22 22:00:00+00:00,65077.41
2024-06-22 23:00:00+00:00,65131.798
2024-06-23 00:00:00+00:00,65167.351
2024-06-23 01:00:00+00:00,65279.254
2024-06-23 02:00:00+00:00,65686.50999999
2024-06-23 03:00:00+00:00,65764.258
2024-06-23 04:00:00+00:00,65930.056
2024-06-23 05:00:00+00:00,65981.577
2024-06-23 06:00:00+00:00,65996.339
2024-06-23 07:00:00+00:00,65893.99
2024-06-23 08:00:00+00:00,65847.416
2024-06-23 09:00:00+00:00,65915.205
2024-06-23 10:00:00+00:00,65908.84699999
2024-06-23 11:00:00+00:00,65908.019
2024-06-23 12:00:00+00:00,65872.13499999
2024-06-23 13:00:00+00:00,65834.928
2024-06-23 14:00:00+00:00,65917.307
2024-06-23 15:00:00+00:00,66258.662
2024-06-23 16:00:00+00:00,66456.546
2024-06-23 17:00:00+00:00,66319.155
2024-06-23 18:00:00+00:00,66239.432
2024-06-23 19:00:00+00:00,66275.186
2024-06-23 20:00:00+00:00,66324.327
2024-06-23 21:00:00+00:00,65944.855
2024-06-23 22:00:00+00:00,66304.86599999
2024-06-23 23:00:00+00:00,66620.537
2024-06-24 00:00:00+00:00,65796.952
2024-06-24 01:00:00+00:00,66245.806
2024-06-24 02:00:00+00:00,66343.75599999
2024-06-24 03:00:00+00:00,66019.672
2024-06-24 04:00:00+00:00,66291.84299999
2024-06-24 05:00:00+00:00,66776.33199999
2024-06-24 06:00:00+00:00,66041.507
2024-06-24 07:00:00+00:00,66308.102
2024-06-24 08:00:00+00:00,66920.605
2024-06-24 09:00:00+00:00,67674.659
2024-06-24 10:00:00+00:00,65392.471
2024-06-24 11:00:00+00:00,65881.645
2024-06-24 12:00:00+00:00,66143.268
2024-06-24 13:00:00+00:00,65801.3
2024-06-24 14:00:00+00:00,65758.187
2024-06-24 15:00:00+00:00,66729.339
2024-06-24 16:00:00+00:00,66267.049
2024-06-24 17:00:00+00:00,65829.306
2024-06-24 18:00:00+00:00,66062.675
2024-06-24 19:00:00+00:00,65590.016
2024-06-24 20:00:00+00:00,64763.586
2024-06-24 21:00:00+00:00,64168.748
2024-06-24 22:00:00+00:00,64296.918
2024-06-24 23:00:00+00:00,64293.516
2024-06-25 00:00:00+00:00,64199.099
2024-06-25 01:00:00+00:00,63825.969
2024-06-25 02:00:00+00:00,63880.648
2024-06-25 03:00:00+00:00,63672.488
2024-06-25 04:00:00+00:00,63504.134
2024-06-25 05:00:00+00:00,63698.161
2024-06-25 06:00:00+00:00,63369.914
2024-06-25 07:00:00+00:00,63661.186
2024-06-25 08:00:00+00:00,65006.043
2024-06-25 09:00:00+00:00,65616.014
2024-06-25 10:00:00+00:00,64746.98
2024-06-25 11:00:00+00:00,64859.012
2024-06-25 12:00:00+00:00,64759.095
2024-06-25 13:00:00+00:00,64827.242
2024-06-25 14:00:00+00:00,64529.815
2024-06-25 15:00:00+00:00,64079.03
2024-06-25 16:00:00+00:00,64354.586
2024-06-25 17:00:00+00:00,64671.264
2024-06-25 18:00:00+00:00,64846.753
2024-06-25 19:00:00+00:00,65101.077
2024-06-25 20:00:00+00:00,65246.105
2024-06-25 21:00:00+00:00,65259.203
2024-06-25 22:00:00+00:00,64687.991
2024-06-25 23:00:00+00:00,64749.878
2024-06-26 00:00:00+00:00,64258.319
2024-06-26 01:00:00+00:00,64447.601
2024-06-26 02:00:00+00:00,64478.348
2024-06-26 03:00:00+00:00,64603.611
2024-06-26 04:00:00+00:00,64698.99
2024-06-26 05:00:00+00:00,65932.217
2024-06-26 06:00:00+00:00,65632.672
2024-06-26 07:00:00+00:00,65688.422
2024-06-26 08:00:00+00:00,65793.25
2024-06-26 09:00:00+00:00,65506.352
2024-06-26 10:00:00+00:00,65946.97199999
2024-06-26 11:00:00+00:00,66241.412
2024-06-26 12:00:00+00:00,66298.62699999
2024-06-26 13:00:00+00:00,66170.45
2024-06-26 14:00:00+00:00,66043.84
2024-06-26 15:00:00+00:00,65658.395
2024-06-26 16:00:00+00:00,66107.028
2024-06-26 17:00:00+00:00,67063.97199999
2024-06-26 18:00:00+00:00,65570.008
2024-06-26 19:00:00+00:00,65505.863
2024-06-26 20:00:00+00:00,65109.491
2024-06-26 21:00:00+00:00,65393.011
2024-06-26 22:00:00+00:00,65184.043
2024-06-26 23:00:00+00:00,64944.611
2024-06-27 00:00:00+00:00,64871.555
2024-06-27 01:00:00+00:00,64949.463
2024-06-27 02:00:00+00:00,65256.906
2024-06-27 03:00:00+00:00,65042.634
2024-06-27 04:00:00+00:00,64613.353
2024-06-27 05:00:00+00:00,64562.785
2024-06-27 06:00:00+00:00,64066.407
2024-06-27 07:00:00+00:00,64823.061
2024-06-27 08:00:00+00:00,64979.738
2024-06-27 09:00:00+00:00,65444.938
2024-06-27 10:00:00+00:00,65002.399
2024-06-27 11:00:00+00:00,65027.122
2024-06-27 12:00:00+00:00,65110.029
2024-06-27 13:00:00+00:00,65120.747
2024-06-27 14:00:00+00:00,64337.44
2024-06-27 15:00:00+00:00,65048.535
2024-06-27 16:00:00+00:00,64726.759
2024-06-27 17:00:00+00:00,64586.506
2024-06-27 18:00:00+00:00,64782.019
2024-06-27 19:00:00+00:00,64543.819
2024-06-27 20:00:00+00:00,63835.501
2024-06-27 21:00:00+00:00,63975.78
2024-06-27 22:00:00+00:00,64004.016
2024-06-27 23:00:00+00:00,64080.233
2024-06-28 00:00:00+00:00,64364.056
2024-06-28 01:00:00+00:00,64479.753
2024-06-28 02:00:00+00:00,64300.585
2024-06-28 03:00:00+00:00,64143.26
2024-06-28 04:00:00+00:00,64135.915
2024-06-28 05:00:00+00:00,64319.929
2024-06-28 06:00:00+00:00,64458.039
2024-06-28 07:00:00+00:00,64604.31
2024-06-28 08:00:00+00:00,64028.459
2024-06-28 09:00:00+00:00,64310.261
2024-06-28 10:00:00+00:00,64439.996
2024-06-28 11:00:00+00:00,64464.783
2024-06-28 12:00:00+00:00,63975.278
2024-06-28 13:00:00+00:00,64535.991
2024-06-28 14:00:00+00:00,64598.753
2024-06-28 15:00:00+00:00,64526.365
2024-06-28 16:00:00+00:00,65289.346
2024-06-28 17:00:00+00:00,65731.09
2024-06-28 18:00:00+00:00,65739.865
2024-06-28 19:00:00+00:00,65963.852
2024-06-28 20:00:00+00:00,65846.281
2024-06-28 21:00:00+00:00,65971.018
2024-06-28 22:00:00+00:00,65828.888
2024-06-28 23:00:00+00:00,65795.432
2024-06-29 00:00:00+00:00,65755.675
2024-06-29 01:00:00+00:00,65765.906
2024-06-29 02:00:00+00:00,66032.887
2024-06-29 03:00:00+00:00,66220.678
2024-06-29 04:00:00+00:00,66115.095
2024-06-29 05:00:00+00:00,66016.14999999
2024-06-29 06:00:00+00:00,66011.335
2024-06-29 07:00:00+00:00,66090.482
2024-06-29 08:00:00+00:00,65784.103
2024-06-29 09:00:00+00:00,65621.414
2024-06-29 10:00:00+00:00,65668.19899999
2024-06-29 11:00:00+00:00,65657.269
2024-06-29 12:00:00+00:00,65772.096
2024-06-29 13:00:00+00:00,65653.458
2024-06-29 14:00:00+00:00,65752.545
2024-06-29 15:00:00+00:00,66006.85799999
2024-06-29 16:00:00+00:00,66057.562
2024-06-29 17:00:00+00:00,65830.151
2024-06-29 18:00:00+00:00,65806.047
2024-06-29 19:00:00+00:00,65845.906
2024-06-29 20:00:00+00:00,65845.356
2024-06-29 21:00:00+00:00,65795.629
2024-06-29 22:00:00+00:00,65937.314
2024-06-29 23:00:00+00:00,65948.81
2024-06-30 00:00:00+00:00,65884.06299999
2024-06-30 01:00:00+00:00,66024.687
2024-06-30 02:00:00+00:00,65964.879
2024-06-30 03:00:00+00:00,65872.386
2024-06-30 04:00:00+00:00,66072.33199999
2024-06-30 05:00:00+00:00,66112.527
2024-06-30 06:00:00+00:00,66218.45
2024-06-30 07:00:00+00:00,66834.10099999
2024-06-30 08:00:00+00:00,66422.504
2024-06-30 09:00:00+00:00,66590.10099999
2024-06-30 10:00:00+00:00,66253.456
2024-06-30 11:00:00+00:00,66585.083
2024-06-30 12:00:00+00:00,67031.70699999
2024-06-30 13:00:00+00:00,67213.841
2024-06-30 14:00:00+00:00,67676.45299999
2024-06-30 15:00:00+00:00,67584.977
2024-06-30 16:00:00+00:00,67839.986
2024-06-30 17:00:00+00:00,67788.46
2024-06-30 18:00:00+00:00,67967.182
2024-06-30 19:00:00+00:00,67355.644
2024-06-30 20:00:00+00:00,67667.567
2024-06-30 21:00:00+00:00,67162.527
2024-06-30 22:00:00+00:00,66449.706
2024-06-30 23:00:00+00:00,67587.693
2024-07-01 00:00:00+00:00,67336.30499999
2024-07-01 01:00:00+00:00,66762.43799999
2024-07-01 02:00:00+00:00,65925.905
2024-07-01 03:00:00+00:00,65307.012
2024-07-01 04:00:00+00:00,65529.509
2024-07-01 05:00:00+00:00,65221.842
2024-07-01 06:00:00+00:00,65310.726
2024-07-01 07:00:00+00:00,65654.967
2024-07-01 08:00:00+00:00,66224.838
2024-07-01 09:00:00+00:00,65892.585
2024-07-01 10:00:00+00:00,65785.637
2024-07-01 11:00:00+00:00,65719.194
2024-07-01 12:00:00+00:00,66079.926
2024-07-01 13:00:00+00:00,65800.42999999
2024-07-01 14:00:00+00:00,66035.02899999
2024-07-01 15:00:00+00:00,66069.59
2024-07-01 16:00:00+00:00,66078.182
2024-07-01 17:00:00+00:00,66672.907
2024-07-01 18:00:00+00:00,66400.725
2024-07-01 19:00:00+00:00,65896.20299999
2024-07-01 20:00:00+00:00,65387.087
2024-07-01 21:00:00+00:00,65251.99
2024-07-01 22:00:00+00:00,64818.016
2024-07-01 23:00:00+00:00,64483.645
2024-07-02 00:00:00+00:00,65302.637
2024-07-02 01:00:00+00:00,65543.038
2024-07-02 02:00:00+00:00,65443.29
2024-07-02 03:00:00+00:00,65434.891
2024-07-02 04:00:00+00:00,65552.97599999
2024-07-02 05:00:00+00:00,65757.83
2024-07-02 06:00:00+00:00,65832.289
2024-07-02 07:00:00+00:00,65632.998
2024-07-02 08:00:00+00:00,65301.569
2024-07-02 09:00:00+00:00,65576.791
2024-07-02 10:00:00+00:00,65845.315
2024-07-02 11:00:00+00:00,66173.522
2024-07-02 12:00:00+00:00,66258.849
2024-07-02 13:00:00+00:00,66303.215
2024-07-02 14:00:00+00:00,66307.217
2024-07-02 15:00:00+00:00,67264.292
2024-07-02 16:00:00+00:00,67002.431
2024-07-02 17:00:00+00:00,67128.16499999
2024-07-02 18:00:00+00:00,67346.94
2024-07-02 19:00:00+00:00,66492.955
2024-07-02 20:00:00+00:00,65745.49
2024-07-02 21:00:00+00:00,65679.49099999
2024-07-02 22:00:00+00:00,67061.761
2024-07-02 23:00:00+00:00,67273.114
2024-07-03 00:00:00+00:00,67428.728
2024-07-03 01:00:00+00:00,67605.14
2024-07-03 02:00:00+00:00,67197.143
2024-07-03 03:00:00+00:00,67684.03
2024-07-03 04:00:00+00:00,66187.925
2024-07-03 05:00:00+00:00,66431.075
2024-07-03 06:00:00+00:00,66729.897
2024-07-03 07:00:00+00:00,66155.907
2024-07-03 08:00:00+00:00,66308.482
2024-07-03 09:00:00+00:00,66156.783
2024-07-03 10:00:00+00:00,66493.507
2024-07-03 11:00:00+00:00,64870.021
2024-07-03 12:00:00+00:00,65295.417
2024-07-03 13:00:00+00:00,66232.621
2024-07-03 14:00:00+00:00,66288.158
2024-07-03 15:00:00+00:00,66212.868
2024-07-03 16:00:00+00:00,65688.148
2024-07-03 17:00:00+00:00,65607.97599999
2024-07-03 18:00:00+00:00,65497.425
2024-07-03 19:00:00+00:00,65497.353
2024-07-03 20:00:00+00:00,66017.65399999
2024-07-03 21:00:00+00:00,66196.009
2024-07-03 22:00:00+00:00,66063.167
2024-07-03 23:00:00+00:00,66078.283
2024-07-04 00:00:00+00:00,65853.564
2024-07-04 01:00:00+00:00,66072.149
2024-07-04 02:00:00+00:00,63319.322
2024-07-04 03:00:00+00:00,63058.29
2024-07-04 04:00:00+00:00,63236.217
2024-07-04 05:00:00+00:00,63778.666
2024-07-04 06:00:00+00:00,63745.889
2024-07-04 07:00:00+00:00,63200.845
2024-07-04 08:00:00+00:00,64460.067
2024-07-04 09:00:00+00:00,64163.613
2024-07-04 10:00:00+00:00,63294.096
2024-07-04 11:00:00+00:00,62952.41
2024-07-04 12:00:00+00:00,62579.704
2024-07-04 13:00:00+00:00,62647.445
2024-07-04 14:00:00+00:00,61802.735
2024-07-04 15:00:00+00:00,62581.026
2024-07-04 16:00:00+00:00,62618.19
2024-07-04 17:00:00+00:00,62768.001
2024-07-04 18:00:00+00:00,63142.268
2024-07-04 19:00:00+00:00,62633.683
2024-07-04 20:00:00+00:00,62364.901
2024-07-04 21:00:00+00:00,62152.121
2024-07-04 22:00:00+00:00,62410.409
2024-07-04 23:00:00+00:00,62122.724
2024-07-05 00:00:00+00:00,60905.946
2024-07-05 01:00:00+00:00,60921.37
2024-07-05 02:00:00+00:00,61172.535
2024-07-05 03:00:00+00:00,59156.794
2024-07-05 04:00:00+00:00,59051.52
2024-07-05 05:00:00+00:00,56698.281
2024-07-05 06:00:00+00:00,56299.316
2024-07-05 07:00:00+00:00,55487.523
2024-07-05 08:00:00+00:00,55723.503
2024-07-05 09:00:00+00:00,55374.082
2024-07-05 10:00:00+00:00,56056.187
2024-07-05 11:00:00+00:00,55502.092
2024-07-05 12:00:00+00:00,54850.187
2024-07-05 13:00:00+00:00,54750.548
2024-07-05 14:00:00+00:00,54888.318
2024-07-05 15:00:00+00:00,54983.28
2024-07-05 16:00:00+00:00,54402.356
2024-07-05 17:00:00+00:00,54908.95
2024-07-05 18:00:00+00:00,55262.25
2024-07-05 19:00:00+00:00,54712.878
2024-07-05 20:00:00+00:00,54756.393
2024-07-05 21:00:00+00:00,54706.724
2024-07-05 22:00:00+00:00,54440.315
2024-07-05 23:00:00+00:00,54733.744
2024-07-06 00:00:00+00:00,54919.995
2024-07-06 01:00:00+00:00,54970.152
2024-07-06 02:00:00+00:00,55016.558
2024-07-06 03:00:00+00:00,55019.173
2024-07-06 04:00:00+00:00,54985.321
2024-07-06 05:00:00+00:00,54830.136
2024-07-06 06:00:00+00:00,54793.597
2024-07-06 07:00:00+00:00,54809.982
2024-07-06 08:00:00+00:00,54734.427
2024-07-06 09:00:00+00:00,54800.859
2024-07-06 10:00:00+00:00,55022.901
2024-07-06 11:00:00+00:00,55094.282
2024-07-06 12:00:00+00:00,55265.064
2024-07-06 13:00:00+00:00,55197.159
2024-07-06 14:00:00+00:00,55251.519
2024-07-06 15:00:00+00:00,55391.911
2024-07-06 16:00:00+00:00,55475.329
2024-07-06 17:00:00+00:00,56029.095
2024-07-06 18:00:00+00:00,56132.483
2024-07-06 19:00:00+00:00,56049.184
2024-07-06 20:00:00+00:00,56325.945
2024-07-06 21:00:00+00:00,56258.346
2024-07-06 22:00:00+00:00,56417.271
2024-07-06 23:00:00+00:00,56600.238
2024-07-07 00:00:00+00:00,57119.53
2024-07-07 01:00:00+00:00,57378.51
2024-07-07 02:00:00+00:00,57082.718
2024-07-07 03:00:00+00:00,56710.192
2024-07-07 04:00:00+00:00,57088.84
2024-07-07 05:00:00+00:00,56444.066
2024-07-07 06:00:00+00:00,56442.06
2024-07-07 07:00:00+00:00,56589.573
2024-07-07 08:00:00+00:00,56388.62
2024-07-07 09:00:00+00:00,57472.722
2024-07-07 10:00:00+00:00,57696.829
2024-07-07 11:00:00+00:00,57359.397
2024-07-07 12:00:00+00:00,56930.289
2024-07-07 13:00:00+00:00,56797.303
2024-07-07 14:00:00+00:00,57273.098
2024-07-07 15:00:00+00:00,57819.895
2024-07-07 16:00:00+00:00,57360.616
2024-07-07 17:00:00+00:00,57349.685
2024-07-07 18:00:00+00:00,57377.625
2024-07-07 19:00:00+00:00,56189.353
2024-07-07 20:00:00+00:00,55945.185
2024-07-07 21:00:00+00:00,56083.639
2024-07-07 22:00:00+00:00,57330.43
2024-07-07 23:00:00+00:00,57755.247
2024-07-08 00:00:00+00:00,57922.155
2024-07-08 01:00:00+00:00,57608.137
2024-07-08 02:00:00+00:00,58006.344
2024-07-08 03:00:00+00:00,57606.027
2024-07-08 04:00:00+00:00,57560.162
2024-07-08 05:00:00+00:00,57213.273
2024-07-08 06:00:00+00:00,57186.307
2024-07-08 07:00:00+00:00,57317.915
2024-07-08 08:00:00+00:00,57229.055
2024-07-08 09:00:00+00:00,56062.196
2024-07-08 10:00:00+00:00,56668.741
2024-07-08 11:00:00+00:00,55964.712
2024-07-08 12:00:00+00:00,55887.779
2024-07-08 13:00:00+00:00,55685.914
2024-07-08 14:00:00+00:00,56621.765
2024-07-08 15:00:00+00:00,55341.145
2024-07-08 16:00:00+00:00,55900.528
2024-07-08 17:00:00+00:00,55898.898
2024-07-08 18:00:00+00:00,55020.133
2024-07-08 19:00:00+00:00,55379.298
2024-07-08 20:00:00+00:00,55605.024
2024-07-08 21:00:00+00:00,55518.697
2024-07-08 22:00:00+00:00,53793.247
2024-07-08 23:00:00+00:00,53843.894
2024-07-09 00:00:00+00:00,53982.286
2024-07-09 01:00:00+00:00,54329.388
2024-07-09 02:00:00+00:00,54278.8
2024-07-09 03:00:00+00:00,54227.137
2024-07-09 04:00:00+00:00,54660.998
2024-07-09 05:00:00+00:00,55558.362
2024-07-09 06:00:00+00:00,55800.08
2024-07-09 07:00:00+00:00,55966.759
2024-07-09 08:00:00+00:00,56226.04
2024-07-09 09:00:00+00:00,56066.733
2024-07-09 10:00:00+00:00,55999.223
2024-07-09 11:00:00+00:00,56171.984
2024-07-09 12:00:00+00:00,55910.377
2024-07-09 13:00:00+00:00,55937.102
2024-07-09 14:00:00+00:00,56903.711
2024-07-09 15:00:00+00:00,57089.805
2024-07-09 16:00:00+00:00,56675.922
2024-07-09 17:00:00+00:00,56562.048
2024-07-09 18:00:00+00:00,56823.243
2024-07-09 19:00:00+00:00,56711.382
2024-07-09 20:00:00+00:00,57025.961
2024-07-09 21:00:00+00:00,57104.227
2024-07-09 22:00:00+00:00,57117.023
2024-07-09 23:00:00+00:00,57638.632
2024-07-10 00:00:00+00:00,57721.714
2024-07-10 01:00:00+00:00,56679.153
2024-07-10 02:00:00+00:00,57080.22
2024-07-10 03:00:00+00:00,57230.554
2024-07-10 04:00:00+00:00,57246.537
2024-07-10 05:00:00+00:00,57450.87
2024-07-10 06:00:00+00:00,58031.745
2024-07-10 07:00:00+00:00,58256.935
2024-07-10 08:00:00+00:00,58799.343
2024-07-10 09:00:00+00:00,58222.756
2024-07-10 10:00:00+00:00,57782.555
2024-07-10 11:00:00+00:00,57031.543
2024-07-10 12:00:00+00:00,57423.044
2024-07-10 13:00:00+00:00,57579.625
2024-07-10 14:00:00+00:00,57454.681
2024-07-10 15:00:00+00:00,57528.951
2024-07-10 16:00:00+00:00,56957.473
2024-07-10 17:00:00+00:00,56942.534
2024-07-10 18:00:00+00:00,56685.964
2024-07-10 19:00:00+00:00,56866.595
2024-07-10 20:00:00+00:00,57838.442
2024-07-10 21:00:00+00:00,57337.088
2024-07-10 22:00:00+00:00,57357.523
2024-07-10 23:00:00+00:00,56758.03
2024-07-11 00:00:00+00:00,56636.18
2024-07-11 01:00:00+00:00,56369.328
2024-07-11 02:00:00+00:00,56124.525
2024-07-11 03:00:00+00:00,56170.736
2024-07-11 04:00:00+00:00,55763.995
2024-07-11 05:00:00+00:00,55979.423
2024-07-11 06:00:00+00:00,55861.742
2024-07-11 07:00:00+00:00,56030.153
2024-07-11 08:00:00+00:00,56130.364
2024-07-11 09:00:00+00:00,56494.548
2024-07-11 10:00:00+00:00,56704.031
2024-07-11 11:00:00+00:00,57033.737
2024-07-11 12:00:00+00:00,57487.631
2024-07-11 13:00:00+00:00,58356.954
2024-07-11 14:00:00+00:00,58456.996
2024-07-11 15:00:00+00:00,58378.442
2024-07-11 16:00:00+00:00,57983.841
2024-07-11 17:00:00+00:00,58492.818
2024-07-11 18:00:00+00:00,58416.335
2024-07-11 19:00:00+00:00,58357.128
2024-07-11 20:00:00+00:00,58535.479
2024-07-11 21:00:00+00:00,58250.529
2024-07-11 22:00:00+00:00,58494.977
2024-07-11 23:00:00+00:00,58732.061
2024-07-12 00:00:00+00:00,59021.953
2024-07-12 01:00:00+00:00,59278.076
2024-07-12 02:00:00+00:00,58334.748
2024-07-12 03:00:00+00:00,58175.603
2024-07-12 04:00:00+00:00,58079.502
2024-07-12 05:00:00+00:00,57972.201
2024-07-12 06:00:00+00:00,57894.595
2024-07-12 07:00:00+00:00,57557.125
2024-07-12 08:00:00+00:00,57082.45
2024-07-12 09:00:00+00:00,57225.259
2024-07-12 10:00:00+00:00,56962.409
2024-07-12 11:00:00+00:00,57260.314
2024-07-12 12:00:00+00:00,57363.811
2024-07-12 13:00:00+00:00,57765.167
2024-07-12 14:00:00+00:00,57068.214
2024-07-12 15:00:00+00:00,57646.112
2024-07-12 16:00:00+00:00,57092.897
2024-07-12 17:00:00+00:00,57160.709
2024-07-12 18:00:00+00:00,57191.108
2024-07-12 19:00:00+00:00,57488.696
2024-07-12 20:00:00+00:00,57057.021
2024-07-12 21:00:00+00:00,56817.278
2024-07-12 22:00:00+00:00,56581.559
2024-07-12 23:00:00+00:00,56441.841
2024-07-13 00:00:00+00:00,56090.975
2024-07-13 01:00:00+00:00,56408.418
2024-07-13 02:00:00+00:00,56469.811
2024-07-13 03:00:00+00:00,56490.834
2024-07-13 04:00:00+00:00,56528.992
2024-07-13 05:00:00+00:00,56374.72
2024-07-13 06:00:00+00:00,56208.715
2024-07-13 07:00:00+00:00,56400.657
2024-07-13 08:00:00+00:00,56426.926
2024-07-13 09:00:00+00:00,56418.397
2024-07-13 10:00:00+00:00,55868.289
2024-07-13 11:00:00+00:00,55589.541
2024-07-13 12:00:00+00:00,55549.623
2024-07-13 13:00:00+00:00,55636.23
2024-07-13 14:00:00+00:00,55893.986
2024-07-13 15:00:00+00:00,55870.708
2024-07-13 16:00:00+00:00,55795.797
2024-07-13 17:00:00+00:00,55793.944
2024-07-13 18:00:00+00:00,56022.477
2024-07-13 19:00:00+00:00,56202.067
2024-07-13 20:00:00+00:00,56256.113
2024-07-13 21:00:00+00:00,56371.436
2024-07-13 22:00:00+00:00,56250.314
2024-07-13 23:00:00+00:00,56665.838
2024-07-14 00:00:00+00:00,57250.805
2024-07-14 01:00:00+00:00,58125.245
2024-07-14 02:00:00+00:00,58361.865
2024-07-14 03:00:00+00:00,58820.113
2024-07-14 04:00:00+00:00,58843.436
2024-07-14 05:00:00+00:00,58561.721
2024-07-14 06:00:00+00:00,58081.364
2024-07-14 07:00:00+00:00,57964.726
2024-07-14 08:00:00+00:00,57770.56
2024-07-14 09:00:00+00:00,58406.812
2024-07-14 10:00:00+00:00,59031.361
2024-07-14 11:00:00+00:00,59491.18
2024-07-14 12:00:00+00:00,59521.784
2024-07-14 13:00:00+00:00,59631.73
2024-07-14 14:00:00+00:00,59958.23
2024-07-14 15:00:00+00:00,59926.743
2024-07-14 16:00:00+00:00,60477.112
2024-07-14 17:00:00+00:00,60378.249
2024-07-14 18:00:00+00:00,60251.744
2024-07-14 19:00:00+00:00,60387.785
2024-07-14 20:00:00+00:00,60466.1
2024-07-14 21:00:00+00:00,60424.998
2024-07-14 22:00:00+00:00,61030.805
2024-07-14 23:00:00+00:00,61459.455
2024-07-15 00:00:00+00:00,61022.82
2024-07-15 01:00:00+00:00,60550.615
2024-07-15 02:00:00+00:00,60700.044
2024-07-15 03:00:00+00:00,60747.388
2024-07-15 04:00:00+00:00,61662.766
2024-07-15 05:00:00+00:00,61263.789
2024-07-15 06:00:00+00:00,60943.51
2024-07-15 07:00:00+00:00,61375.354
2024-07-15 08:00:00+00:00,61815.687
2024-07-15 09:00:00+00:00,61272.419
2024-07-15 10:00:00+00:00,61840.455
2024-07-15 11:00:00+00:00,61592.073
2024-07-15 12:00:00+00:00,62157.394
2024-07-15 13:00:00+00:00,61989.704
2024-07-15 14:00:00+00:00,60842.584
2024-07-15 15:00:00+00:00,61009.019
2024-07-15 16:00:00+00:00,60774.891
2024-07-15 17:00:00+00:00,61163.785
2024-07-15 18:00:00+00:00,60481.811
2024-07-15 19:00:00+00:00,59711.471
2024-07-15 20:00:00+00:00,59393.328
2024-07-15 21:00:00+00:00,58940.258
2024-07-15 22:00:00+00:00,58970.851
2024-07-15 23:00:00+00:00,59372.47
2024-07-16 00:00:00+00:00,58071.714
2024-07-16 01:00:00+00:00,57968.193
2024-07-16 02:00:00+00:00,58002.537
2024-07-16 03:00:00+00:00,58201.138
2024-07-16 04:00:00+00:00,58317.714
2024-07-16 05:00:00+00:00,58449.78
2024-07-16 06:00:00+00:00,57200.999
2024-07-16 07:00:00+00:00,57079.898
2024-07-16 08:00:00+00:00,57356.548
2024-07-16 09:00:00+00:00,57711.026
2024-07-16 10:00:00+00:00,57186.184
2024-07-16 11:00:00+00:00,57251.278
2024-07-16 12:00:00+00:00,57333.887
2024-07-16 13:00:00+00:00,58041.96
2024-07-16 14:00:00+00:00,57516.614
2024-07-16 15:00:00+00:00,56798.718
2024-07-16 16:00:00+00:00,57185.113
2024-07-16 17:00:00+00:00,56915.623
2024-07-16 18:00:00+00:00,56955.386
2024-07-16 19:00:00+00:00,57059.595
2024-07-16 20:00:00+00:00,56758.058
2024-07-16 21:00:00+00:00,57249.486
2024-07-16 22:00:00+00:00,57399.019
2024-07-16 23:00:00+00:00,57548.81
2024-07-17 00:00:00+00:00,57740.183
2024-07-17 01:00:00+00:00,57446.044
2024-07-17 02:00:00+00:00,57531.22
2024-07-17 03:00:00+00:00,57635.31
2024-07-17 04:00:00+00:00,57329.878
2024-07-17 05:00:00+00:00,57417.108
2024-07-17 06:00:00+00:00,57795.992
2024-07-17 07:00:00+00:00,57937.118
2024-07-17 08:00:00+00:00,57631.898
2024-07-17 09:00:00+00:00,57553.865
2024-07-17 10:00:00+00:00,57755.794
2024-07-17 11:00:00+00:00,57802.753
2024-07-17 12:00:00+00:00,57868.265
2024-07-17 13:00:00+00:00,58015.098
2024-07-17 14:00:00+00:00,57685.924
2024-07-17 15:00:00+00:00,57643.125
2024-07-17 16:00:00+00:00,57165.632
2024-07-17 17:00:00+00:00,56481.8
2024-07-17 18:00:00+00:00,56523.273
2024-07-17 19:00:00+00:00,56408.326
2024-07-17 20:00:00+00:00,56458.705
2024-07-17 21:00:00+00:00,56838.128
2024-07-17 22:00:00+00:00,56695.545
2024-07-17 23:00:00+00:00,56781.444
2024-07-18 00:00:00+00:00,56975.455
2024-07-18 01:00:00+00:00,57831.23
2024-07-18 02:00:00+00:00,58031.488
2024-07-18 03:00:00+00:00,57423.876
2024-07-18 04:00:00+00:00,57345.367
2024-07-18 05:00:00+00:00,57460.186
2024-07-18 06:00:00+00:00,57400.502
2024-07-18 07:00:00+00:00,57774.158
2024-07-18 08:00:00+00:00,57861.455
2024-07-18 09:00:00+00:00,58142.511
2024-07-18 10:00:00+00:00,58308.032
2024-07-18 11:00:00+00:00,58271.768
2024-07-18 12:00:00+00:00,58570.439
2024-07-18 13:00:00+00:00,59070.789
2024-07-18 14:00:00+00:00,58910.789
2024-07-18 15:00:00+00:00,58721.83
2024-07-18 16:00:00+00:00,58076.664
2024-07-18 17:00:00+00:00,58155.799
2024-07-18 18:00:00+00:00,58319.508
2024-07-18 19:00:00+00:00,58927.426
2024-07-18 20:00:00+00:00,58217.37
2024-07-18 21:00:00+00:00,58582.065
2024-07-18 22:00:00+00:00,58584.807
2024-07-18 23:00:00+00:00,58700.303
2024-07-19 00:00:00+00:00,58666.099
2024-07-19 01:00:00+00:00,58239.488
2024-07-19 02:00:00+00:00,58290.795
2024-07-19 03:00:00+00:00,58819.368
2024-07-19 04:00:00+00:00,58770.204
2024-07-19 05:00:00+00:00,59172.922
2024-07-19 06:00:00+00:00,59347.693
2024-07-19 07:00:00+00:00,59039.762
2024-07-19 08:00:00+00:00,58729.59
2024-07-19 09:00:00+00:00,58675.791
2024-07-19 10:00:00+00:00,58725.829
2024-07-19 11:00:00+00:00,59221.826
2024-07-19 12:00:00+00:00,59322.259
2024-07-19 13:00:00+00:00,59497.099
2024-07-19 14:00:00+00:00,59674.22
2024-07-19 15:00:00+00:00,59621.981
2024-07-19 16:00:00+00:00,59869.328
2024-07-19 17:00:00+00:00,60899.683
2024-07-19 18:00:00+00:00,61859.492
2024-07-19 19:00:00+00:00,61985.146
2024-07-19 20:00:00+00:00,60825.103
2024-07-19 21:00:00+00:00,61201.654
2024-07-19 22:00:00+00:00,61374.192
2024-07-19 23:00:00+00:00,61761.329
2024-07-20 00:00:00+00:00,61900.173
2024-07-20 01:00:00+00:00,61599.416
2024-07-20 02:00:00+00:00,61385.524
2024-07-20 03:00:00+00:00,61429.211
2024-07-20 04:00:00+00:00,61420.069
2024-07-20 05:00:00+00:00,61476.83
2024-07-20 06:00:00+00:00,61607.963
2024-07-20 07:00:00+00:00,61522.357
2024-07-20 08:00:00+00:00,61011.204
2024-07-20 09:00:00+00:00,61427.433
2024-07-20 10:00:00+00:00,61163.408
2024-07-20 11:00:00+00:00,61024.961
2024-07-20 12:00:00+00:00,61068.55
2024-07-20 13:00:00+00:00,61174.283
2024-07-20 14:00:00+00:00,61033.824
2024-07-20 15:00:00+00:00,61156.074
2024-07-20 16:00:00+00:00,60847.806
2024-07-20 17:00:00+00:00,60625.979
2024-07-20 18:00:00+00:00,60571.706
2024-07-20 19:00:00+00:00,60759.805
2024-07-20 20:00:00+00:00,60804.063
2024-07-20 21:00:00+00:00,60620.871
2024-07-20 22:00:00+00:00,60882.082
2024-07-20 23:00:00+00:00,60593.907
2024-07-21 00:00:00+00:00,60705.033
2024-07-21 01:00:00+00:00,60490.119
2024-07-21 02:00:00+00:00,60797.488
2024-07-21 03:00:00+00:00,60818.617
2024-07-21 04:00:00+00:00,60823.033
2024-07-21 05:00:00+00:00,60907.823
2024-07-21 06:00:00+00:00,61091.479
2024-07-21 07:00:00+00:00,60662.998
2024-07-21 08:00:00+00:00,60563.783
2024-07-21 09:00:00+00:00,60712.73
2024-07-21 10:00:00+00:00,60665.623
2024-07-21 11:00:00+00:00,60862.831
2024-07-21 12:00:00+00:00,60947.388
2024-07-21 13:00:00+00:00,60975.042
2024-07-21 14:00:00+00:00,61246.662
2024-07-21 15:00:00+00:00,61867.274
2024-07-21 16:00:00+00:00,61581.121
2024-07-21 17:00:00+00:00,61385.393
2024-07-21 18:00:00+00:00,60005.948
2024-07-21 19:00:00+00:00,60872.834
2024-07-21 20:00:00+00:00,59675.877
2024-07-21 21:00:00+00:00,60347.359
2024-07-21 22:00:00+00:00,60443.126
2024-07-21 23:00:00+00:00,60500.998
2024-07-22 00:00:00+00:00,61018.697
2024-07-22 01:00:00+00:00,61134.919
2024-07-22 02:00:00+00:00,61032.512
2024-07-22 03:00:00+00:00,61306.618
2024-07-22 04:00:00+00:00,61476.784
2024-07-22 05:00:00+00:00,61587.843
2024-07-22 06:00:00+00:00,61116.923
2024-07-22 07:00:00+00:00,60698.931
2024-07-22 08:00:00+00:00,60499.44
2024-07-22 09:00:00+00:00,60631.317
2024-07-22 10:00:00+00:00,60912.535
2024-07-22 11:00:00+00:00,61262.217
2024-07-22 12:00:00+00:00,61638.965
2024-07-22 13:00:00+00:00,61910.396
2024-07-22 14:00:00+00:00,61659.998
2024-07-22 15:00:00+00:00,62307.978
2024-07-22 16:00:00+00:00,62861.541
2024-07-22 17:00:00+00:00,63073.767
2024-07-22 18:00:00+00:00,62636.612
2024-07-22 19:00:00+00:00,62145.989
2024-07-22 20:00:00+00:00,61306.363
2024-07-22 21:00:00+00:00,61194.27
2024-07-22 22:00:00+00:00,60736.79
2024-07-22 23:00:00+00:00,60957.806
2024-07-23 00:00:00+00:00,60726.546
2024-07-23 01:00:00+00:00,60560.813
2024-07-23 02:00:00+00:00,61003.611
2024-07-23 03:00:00+00:00,60594.455
2024-07-23 04:00:00+00:00,60376.602
2024-07-23 05:00:00+00:00,60533.832
2024-07-23 06:00:00+00:00,60043.2
2024-07-23 07:00:00+00:00,59879.025
2024-07-23 08:00:00+00:00,60245.105
2024-07-23 09:00:00+00:00,60627.012
2024-07-23 10:00:00+00:00,60372.358
2024-07-23 11:00:00+00:00,60338.711
2024-07-23 12:00:00+00:00,60274.593
2024-07-23 13:00:00+00:00,60186.937
2024-07-23 14:00:00+00:00,60379.344
2024-07-23 15:00:00+00:00,60415.486
2024-07-23 16:00:00+00:00,59008.713
2024-07-23 17:00:00+00:00,60364.815
2024-07-23 18:00:00+00:00,60150.212
2024-07-23 19:00:00+00:00,59679.303
2024-07-23 20:00:00+00:00,58696.926
2024-07-23 21:00:00+00:00,59143.486
2024-07-23 22:00:00+00:00,59236.067
2024-07-23 23:00:00+00:00,59040.489
2024-07-24 00:00:00+00:00,58900.804
2024-07-24 01:00:00+00:00,59022.22
2024-07-24 02:00:00+00:00,59117.561
2024-07-24 03:00:00+00:00,58793.178
2024-07-24 04:00:00+00:00,58666.11
2024-07-24 05:00:00+00:00,58866.817
2024-07-24 06:00:00+00:00,58729.892
2024-07-24 07:00:00+00:00,58783.399
2024-07-24 08:00:00+00:00,58937.163
2024-07-24 09:00:00+00:00,59231.388
2024-07-24 10:00:00+00:00,59540.05
2024-07-24 11:00:00+00:00,60184.901
2024-07-24 12:00:00+00:00,60514.193
2024-07-24 13:00:00+00:00,60926.224
2024-07-24 14:00:00+00:00,61287.966
2024-07-24 15:00:00+00:00,61974.707
2024-07-24 16:00:00+00:00,61605.264
2024-07-24 17:00:00+00:00,61662.559
2024-07-24 18:00:00+00:00,61509.029
2024-07-24 19:00:00+00:00,61680.729
2024-07-24 20:00:00+00:00,62157.845
2024-07-24 21:00:00+00:00,62022.434
2024-07-24 22:00:00+00:00,60589.394
2024-07-24 23:00:00+00:00,60835.271
2024-07-25 00:00:00+00:00,61105.975
2024-07-25 01:00:00+00:00,60886.622
2024-07-25 02:00:00+00:00,61848.764
2024-07-25 03:00:00+00:00,61594.5
2024-07-25 04:00:00+00:00,61946.974
2024-07-25 05:00:00+00:00,62175.398
2024-07-25 06:00:00+00:00,62116.988
2024-07-25 07:00:00+00:00,62159.381
2024-07-25 08:00:00+00:00,62399.898
2024-07-25 09:00:00+00:00,63193.678
2024-07-25 10:00:00+00:00,63335.727
2024-07-25 11:00:00+00:00,63344.748
2024-07-25 12:00:00+00:00,62887.468
2024-07-25 13:00:00+00:00,62152.302
2024-07-25 14:00:00+00:00,62481.601
2024-07-25 15:00:00+00:00,62915.051
2024-07-25 16:00:00+00:00,62282.847
2024-07-25 17:00:00+00:00,61444.149
2024-07-25 18:00:00+00:00,61336.902
2024-07-25 19:00:00+00:00,61095.108
2024-07-25 20:00:00+00:00,61141.867
2024-07-25 21:00:00+00:00,61053.501
2024-07-25 22:00:00+00:00,59428.273
2024-07-25 23:00:00+00:00,60283.839
2024-07-26 00:00:00+00:00,60238.561
2024-07-26 01:00:00+00:00,60821.285
2024-07-26 02:00:00+00:00,60940.392
2024-07-26 03:00:00+00:00,58845.764
2024-07-26 04:00:00+00:00,60068.631
2024-07-26 05:00:00+00:00,60630.443
2024-07-26 06:00:00+00:00,60672.924
2024-07-26 07:00:00+00:00,60670.965
2024-07-26 08:00:00+00:00,61138.219
2024-07-26 09:00:00+00:00,61320.112
2024-07-26 10:00:00+00:00,62261.669
2024-07-26 11:00:00+00:00,63311.343
2024-07-26 12:00:00+00:00,63358.914
2024-07-26 13:00:00+00:00,63178.706
2024-07-26 14:00:00+00:00,62287.943
2024-07-26 15:00:00+00:00,62555.159
2024-07-26 16:00:00+00:00,62773.825
2024-07-26 17:00:00+00:00,62642.141
2024-07-26 18:00:00+00:00,62578.13
2024-07-26 19:00:00+00:00,62836.417
2024-07-26 20:00:00+00:00,62512.328
2024-07-26 21:00:00+00:00,63138.776
2024-07-26 22:00:00+00:00,62758.563
2024-07-26 23:00:00+00:00,63005.83
2024-07-27 00:00:00+00:00,62747.309
2024-07-27 01:00:00+00:00,63092.558
2024-07-27 02:00:00+00:00,62878.737
2024-07-27 03:00:00+00:00,62854.318
2024-07-27 04:00:00+00:00,62949.09
2024-07-27 05:00:00+00:00,62878.793
2024-07-27 06:00:00+00:00,62853.947
2024-07-27 07:00:00+00:00,63217.93
2024-07-27 08:00:00+00:00,63505.027
2024-07-27 09:00:00+00:00,63715.439
2024-07-27 10:00:00+00:00,63863.289
2024-07-27 11:00:00+00:00,64056.606
2024-07-27 12:00:00+00:00,64112.464
2024-07-27 13:00:00+00:00,64253.277
2024-07-27 14:00:00+00:00,64733.642
2024-07-27 15:00:00+00:00,64486.475
2024-07-27 16:00:00+00:00,64416.044
2024-07-27 17:00:00+00:00,64507.722
2024-07-27 18:00:00+00:00,63252.339
2024-07-27 19:00:00+00:00,63170.818
2024-07-27 20:00:00+00:00,63237.207
2024-07-27 21:00:00+00:00,65282.555
2024-07-27 22:00:00+00:00,66567.62699999
2024-07-27 23:00:00+00:00,66156.765
2024-07-28 00:00:00+00:00,65673.372
2024-07-28 01:00:00+00:00,66195.441
2024-07-28 02:00:00+00:00,66725.859
2024-07-28 03:00:00+00:00,66834.05899999
2024-07-28 04:00:00+00:00,67064.374
2024-07-28 05:00:00+00:00,66081.856
2024-07-28 06:00:00+00:00,64643.85
2024-07-28 07:00:00+00:00,64713.785
2024-07-28 08:00:00+00:00,64727.015
2024-07-28 09:00:00+00:00,64686.352
2024-07-28 10:00:00+00:00,65419.891
2024-07-28 11:00:00+00:00,65508.036
2024-07-28 12:00:00+00:00,65167.813
2024-07-28 13:00:00+00:00,65672.965
2024-07-28 14:00:00+00:00,66278.206
2024-07-28 15:00:00+00:00,66531.02099999
2024-07-28 16:00:00+00:00,66525.216
2024-07-28 17:00:00+00:00,66469.7
2024-07-28 18:00:00+00:00,66448.45299999
2024-07-28 19:00:00+00:00,67164.83
2024-07-28 20:00:00+00:00,67895.57799999
2024-07-28 21:00:00+00:00,67878.977
2024-07-28 22:00:00+00:00,67858.479
2024-07-28 23:00:00+00:00,68319.333
2024-07-29 00:00:00+00:00,68309.82799999
2024-07-29 01:00:00+00:00,68970.533
2024-07-29 02:00:00+00:00,69387.868
2024-07-29 03:00:00+00:00,69697.944
2024-07-29 04:00:00+00:00,69787.452
2024-07-29 05:00:00+00:00,69849.15399999
2024-07-29 06:00:00+00:00,69880.686
2024-07-29 07:00:00+00:00,71330.454
2024-07-29 08:00:00+00:00,71249.148
2024-07-29 09:00:00+00:00,71368.445
2024-07-29 10:00:00+00:00,71252.07399999
2024-07-29 11:00:00+00:00,71475.564
2024-07-29 12:00:00+00:00,71801.497
2024-07-29 13:00:00+00:00,71545.97599999
2024-07-29 14:00:00+00:00,71747.60799999
2024-07-29 15:00:00+00:00,71226.43799999
2024-07-29 16:00:00+00:00,70615.61199999
2024-07-29 17:00:00+00:00,69822.53
2024-07-29 18:00:00+00:00,69677.56299999
2024-07-29 19:00:00+00:00,69146.47199999
2024-07-29 20:00:00+00:00,68787.456
2024-07-29 21:00:00+00:00,68755.821
2024-07-29 22:00:00+00:00,68405.644
2024-07-29 23:00:00+00:00,68358.205
2024-07-30 00:00:00+00:00,68143.224
2024-07-30 01:00:00+00:00,66621.02899999
2024-07-30 02:00:00+00:00,65498.511
2024-07-30 03:00:00+00:00,66220.211
2024-07-30 04:00:00+00:00,66456.5
2024-07-30 05:00:00+00:00,66421.037
2024-07-30 06:00:00+00:00,66196.518
2024-07-30 07:00:00+00:00,66190.128
2024-07-30 08:00:00+00:00,66387.295
2024-07-30 09:00:00+00:00,66467.77099999
2024-07-30 10:00:00+00:00,66453.632
2024-07-30 11:00:00+00:00,66467.941
2024-07-30 12:00:00+00:00,66504.952
2024-07-30 13:00:00+00:00,66176.25999999
2024-07-30 14:00:00+00:00,66215.607
2024-07-30 15:00:00+00:00,66013.467
2024-07-30 16:00:00+00:00,67064.07
2024-07-30 17:00:00+00:00,67169.478
2024-07-30 18:00:00+00:00,66863.278
2024-07-30 19:00:00+00:00,66592.117
2024-07-30 20:00:00+00:00,67107.989
2024-07-30 21:00:00+00:00,66486.96799999
2024-07-30 22:00:00+00:00,66716.40399999
2024-07-30 23:00:00+00:00,66741.587
2024-07-31 00:00:00+00:00,66899.219
2024-07-31 01:00:00+00:00,66790.658
2024-07-31 02:00:00+00:00,66847.397
2024-07-31 03:00:00+00:00,66779.846
2024-07-31 04:00:00+00:00,67216.041
2024-07-31 05:00:00+00:00,66984.859
2024-07-31 06:00:00+00:00,67261.242
2024-07-31 07:00:00+00:00,67391.959
2024-07-31 08:00:00+00:00,67396.258
2024-07-31 09:00:00+00:00,66843.975
2024-07-31 10:00:00+00:00,66963.552
2024-07-31 11:00:00+00:00,66873.16099999
2024-07-31 12:00:00+00:00,66961.34699999
2024-07-31 13:00:00+00:00,67055.126
2024-07-31 14:00:00+00:00,67364.63099999
2024-07-31 15:00:00+00:00,66952.696
2024-07-31 16:00:00+00:00,66905.922
2024-07-31 17:00:00+00:00,66657.196
2024-07-31 18:00:00+00:00,66032.23
2024-07-31 19:00:00+00:00,65639.503
2024-07-31 20:00:00+00:00,65712.258
2024-07-31 21:00:00+00:00,66143.857
2024-07-31 22:00:00+00:00,65936.371
2024-07-31 23:00:00+00:00,65867.38099999
2024-08-01 00:00:00+00:00,66326.072
2024-08-01 01:00:00+00:00,66716.14999999
2024-08-01 02:00:00+00:00,66654.697
2024-08-01 03:00:00+00:00,66837.484
2024-08-01 04:00:00+00:00,66574.372
2024-08-01 05:00:00+00:00,66726.171
2024-08-01 06:00:00+00:00,66169.418
2024-08-01 07:00:00+00:00,66046.039
2024-08-01 08:00:00+00:00,66716.441
2024-08-01 09:00:00+00:00,67134.436
2024-08-01 10:00:00+00:00,66554.024
2024-08-01 11:00:00+00:00,67296.90399999
2024-08-01 12:00:00+00:00,67157.023
2024-08-01 13:00:00+00:00,68200.638
2024-08-01 14:00:00+00:00,67926.33199999
2024-08-01 15:00:00+00:00,67186.984
2024-08-01 16:00:00+00:00,67140.5
2024-08-01 17:00:00+00:00,66810.155
2024-08-01 18:00:00+00:00,66002.496
2024-08-01 19:00:00+00:00,66299.00999999
2024-08-01 20:00:00+00:00,66198.865
2024-08-01 21:00:00+00:00,64943.623
2024-08-01 22:00:00+00:00,64285.927
2024-08-01 23:00:00+00:00,64193.723
2024-08-02 00:00:00+00:00,64025.865
2024-08-02 01:00:00+00:00,63237.29
2024-08-02 02:00:00+00:00,63828.421
2024-08-02 03:00:00+00:00,63010.249
2024-08-02 04:00:00+00:00,63048.3
2024-08-02 05:00:00+00:00,63364.13
2024-08-02 06:00:00+00:00,63673.58
2024-08-02 07:00:00+00:00,63597.916
2024-08-02 08:00:00+00:00,63677.855
2024-08-02 09:00:00+00:00,63992.447
2024-08-02 10:00:00+00:00,64243.228
2024-08-02 11:00:00+00:00,64609.985
2024-08-02 12:00:00+00:00,65119.598
2024-08-02 13:00:00+00:00,64534.719
2024-08-02 14:00:00+00:00,65145.056
2024-08-02 15:00:00+00:00,64186.404
2024-08-02 16:00:00+00:00,64027.611
2024-08-02 17:00:00+00:00,63261.041
2024-08-02 18:00:00+00:00,63950.787
2024-08-02 19:00:00+00:00,63812.28
2024-08-02 20:00:00+00:00,63457.237
2024-08-02 21:00:00+00:00,62344.812
2024-08-02 22:00:00+00:00,62354.662
2024-08-02 23:00:00+00:00,62325.753
2024-08-03 00:00:00+00:00,62738.519
2024-08-03 01:00:00+00:00,62027.104
2024-08-03 02:00:00+00:00,61766.082
2024-08-03 03:00:00+00:00,60745.146
2024-08-03 04:00:00+00:00,61018.119
2024-08-03 05:00:00+00:00,60749.705
2024-08-03 06:00:00+00:00,60775.289
2024-08-03 07:00:00+00:00,60749.761
2024-08-03 08:00:00+00:00,60959.18
2024-08-03 09:00:00+00:00,60655.865
2024-08-03 10:00:00+00:00,60736.514
2024-08-03 11:00:00+00:00,60858.854
2024-08-03 12:00:00+00:00,60949.133
2024-08-03 13:00:00+00:00,61388.199
2024-08-03 14:00:00+00:00,60876.603
2024-08-03 15:00:00+00:00,61631.502
2024-08-03 16:00:00+00:00,60369.838
2024-08-03 17:00:00+00:00,61613.29
2024-08-03 18:00:00+00:00,61509.328
2024-08-03 19:00:00+00:00,62608.925
2024-08-03 20:00:00+00:00,61238.389
2024-08-03 21:00:00+00:00,60862.265
2024-08-03 22:00:00+00:00,60863.199
2024-08-03 23:00:00+00:00,60719.914
2024-08-04 00:00:00+00:00,60877.778
2024-08-04 01:00:00+00:00,60755.922
2024-08-04 02:00:00+00:00,61003.465
2024-08-04 03:00:00+00:00,60895.779
2024-08-04 04:00:00+00:00,60928.086
2024-08-04 05:00:00+00:00,60625.234
2024-08-04 06:00:00+00:00,59950.266
2024-08-04 07:00:00+00:00,60023.706
2024-08-04 08:00:00+00:00,60424.874
2024-08-04 09:00:00+00:00,60417.523
2024-08-04 10:00:00+00:00,60656.11
2024-08-04 11:00:00+00:00,60780.541
2024-08-04 12:00:00+00:00,61331.026
2024-08-04 13:00:00+00:00,61480.178
2024-08-04 14:00:00+00:00,61644.017
2024-08-04 15:00:00+00:00,60693.482
2024-08-04 16:00:00+00:00,60461.881
2024-08-04 17:00:00+00:00,60608.563
2024-08-04 18:00:00+00:00,61215.526
2024-08-04 19:00:00+00:00,60962.201
2024-08-04 20:00:00+00:00,60506.79
2024-08-04 21:00:00+00:00,60342.395
2024-08-04 22:00:00+00:00,60142.864
2024-08-04 23:00:00+00:00,61015.783
2024-08-05 00:00:00+00:00,59972.52
2024-08-05 01:00:00+00:00,56096.851
2024-08-05 02:00:00+00:00,51892.66
2024-08-05 03:00:00+00:00,51994.792
2024-08-05 04:00:00+00:00,52357.097
2024-08-05 05:00:00+00:00,52387.309
2024-08-05 06:00:00+00:00,52986.549
2024-08-05 07:00:00+00:00,52215.12
2024-08-05 08:00:00+00:00,51480.931
2024-08-05 09:00:00+00:00,51333.248
2024-08-05 10:00:00+00:00,51025.663
2024-08-05 11:00:00+00:00,51153.674
2024-08-05 12:00:00+00:00,51295.94
2024-08-05 13:00:00+00:00,50803.055
2024-08-05 14:00:00+00:00,52315.515
2024-08-05 15:00:00+00:00,51545.484
2024-08-05 16:00:00+00:00,50192.48
2024-08-05 17:00:00+00:00,50764.281
2024-08-05 18:00:00+00:00,51056.433
2024-08-05 19:00:00+00:00,49822.239
2024-08-05 20:00:00+00:00,49712.084
2024-08-05 21:00:00+00:00,49709.779
2024-08-05 22:00:00+00:00,49424.239
2024-08-05 23:00:00+00:00,49323.69
2024-08-06 00:00:00+00:00,48612.045
2024-08-06 01:00:00+00:00,48891.619
2024-08-06 02:00:00+00:00,48968.149
2024-08-06 03:00:00+00:00,49081.117
2024-08-06 04:00:00+00:00,48991.191
2024-08-06 05:00:00+00:00,48792.678
2024-08-06 06:00:00+00:00,49182.914
2024-08-06 07:00:00+00:00,49311.494
2024-08-06 08:00:00+00:00,49451.613
2024-08-06 09:00:00+00:00,48804.245
2024-08-06 10:00:00+00:00,49405.595
2024-08-06 11:00:00+00:00,49726.282
2024-08-06 12:00:00+00:00,50077.3
2024-08-06 13:00:00+00:00,51148.475
2024-08-06 14:00:00+00:00,51111.471
2024-08-06 15:00:00+00:00,50307.111
2024-08-06 16:00:00+00:00,51021.574
2024-08-06 17:00:00+00:00,51697.925
2024-08-06 18:00:00+00:00,51429.881
2024-08-06 19:00:00+00:00,51858.396
2024-08-06 20:00:00+00:00,51507.258
2024-08-06 21:00:00+00:00,50911.834
2024-08-06 22:00:00+00:00,50743.048
2024-08-06 23:00:00+00:00,50716.697
2024-08-07 00:00:00+00:00,51059.39
2024-08-07 01:00:00+00:00,50575.049
2024-08-07 02:00:00+00:00,50833.524
2024-08-07 03:00:00+00:00,50043.909
2024-08-07 04:00:00+00:00,50067.354
2024-08-07 05:00:00+00:00,51717.075
2024-08-07 06:00:00+00:00,51647.229
2024-08-07 07:00:00+00:00,51808.277
2024-08-07 08:00:00+00:00,51844.292
2024-08-07 09:00:00+00:00,52418.547
2024-08-07 10:00:00+00:00,53257.711
2024-08-07 11:00:00+00:00,53399.001
2024-08-07 12:00:00+00:00,53915.814
2024-08-07 13:00:00+00:00,54572.95
2024-08-07 14:00:00+00:00,55101.657
2024-08-07 15:00:00+00:00,55199.382
2024-08-07 16:00:00+00:00,55396.514
2024-08-07 17:00:00+00:00,55176.244
2024-08-07 18:00:00+00:00,54721.905
2024-08-07 19:00:00+00:00,53884.229
2024-08-07 20:00:00+00:00,53691.098
2024-08-07 21:00:00+00:00,53265.043
2024-08-07 22:00:00+00:00,52958.742
2024-08-07 23:00:00+00:00,53278.247
2024-08-08 00:00:00+00:00,53280.649
2024-08-08 01:00:00+00:00,52716.906
2024-08-08 02:00:00+00:00,52457.352
2024-08-08 03:00:00+00:00,52914.274
2024-08-08 04:00:00+00:00,53543.202
2024-08-08 05:00:00+00:00,53145.513
2024-08-08 06:00:00+00:00,53384.18
2024-08-08 07:00:00+00:00,53395.067
2024-08-08 08:00:00+00:00,53784.815
2024-08-08 09:00:00+00:00,54181.488
2024-08-08 10:00:00+00:00,53656.747
2024-08-08 11:00:00+00:00,53897.175
2024-08-08 12:00:00+00:00,53985.296
2024-08-08 13:00:00+00:00,53413.094
2024-08-08 14:00:00+00:00,53004.865
2024-08-08 15:00:00+00:00,53026.18
2024-08-08 16:00:00+00:00,53660.148
2024-08-08 17:00:00+00:00,53637.133
2024-08-08 18:00:00+00:00,53661.388
2024-08-08 19:00:00+00:00,53616.708
2024-08-08 20:00:00+00:00,53265.617
2024-08-08 21:00:00+00:00,53103.571
2024-08-08 22:00:00+00:00,51193.614
2024-08-08 23:00:00+00:00,51494.68
2024-08-09 00:00:00+00:00,51056.657
2024-08-09 01:00:00+00:00,50202.309
2024-08-09 02:00:00+00:00,49642.733
2024-08-09 03:00:00+00:00,49674.567
2024-08-09 04:00:00+00:00,49951.477
2024-08-09 05:00:00+00:00,49945.443
2024-08-09 06:00:00+00:00,50420.59
2024-08-09 07:00:00+00:00,50656.299
2024-08-09 08:00:00+00:00,50521.781
2024-08-09 09:00:00+00:00,51080.663
2024-08-09 10:00:00+00:00,51191.664
2024-08-09 11:00:00+00:00,51187.356
2024-08-09 12:00:00+00:00,51343.734
2024-08-09 13:00:00+00:00,51402.802
2024-08-09 14:00:00+00:00,51076.859
2024-08-09 15:00:00+00:00,50339.341
2024-08-09 16:00:00+00:00,50676.567
2024-08-09 17:00:00+00:00,50455.111
2024-08-09 18:00:00+00:00,51133.681
2024-08-09 19:00:00+00:00,50603.153
2024-08-09 20:00:00+00:00,50828.273
2024-08-09 21:00:00+00:00,50852.276
2024-08-09 22:00:00+00:00,50636.345
2024-08-09 23:00:00+00:00,50663.008
2024-08-10 00:00:00+00:00,50937.357
2024-08-10 01:00:00+00:00,50274.887
2024-08-10 02:00:00+00:00,50927.875
2024-08-10 03:00:00+00:00,50817.827
2024-08-10 04:00:00+00:00,50957.399
2024-08-10 05:00:00+00:00,51235.618
2024-08-10 06:00:00+00:00,51193.95
2024-08-10 07:00:00+00:00,51423.469
2024-08-10 08:00:00+00:00,51328.499
2024-08-10 09:00:00+00:00,51349.049
2024-08-10 10:00:00+00:00,51593.206
2024-08-10 11:00:00+00:00,51471.991
2024-08-10 12:00:00+00:00,51517.213
2024-08-10 13:00:00+00:00,51573.639
2024-08-10 14:00:00+00:00,51733.531
2024-08-10 15:00:00+00:00,51638.778
2024-08-10 16:00:00+00:00,51612.159
2024-08-10 17:00:00+00:00,51453.316
2024-08-10 18:00:00+00:00,51476.1
2024-08-10 19:00:00+00:00,51694.899
2024-08-10 20:00:00+00:00,51614.81
2024-08-10 21:00:00+00:00,51522.589
2024-08-10 22:00:00+00:00,51557.367
2024-08-10 23:00:00+00:00,51527.047
2024-08-11 00:00:00+00:00,51467.382
2024-08-11 01:00:00+00:00,51621.556
2024-08-11 02:00:00+00:00,51636.118
2024-08-11 03:00:00+00:00,51691.417
2024-08-11 04:00:00+00:00,51704.596
2024-08-11 05:00:00+00:00,51621.234
2024-08-11 06:00:00+00:00,51591.206
2024-08-11 07:00:00+00:00,52083.786
2024-08-11 08:00:00+00:00,52218.16
2024-08-11 09:00:00+00:00,52624.369
2024-08-11 10:00:00+00:00,52448.154
2024-08-11 11:00:00+00:00,52694.174
2024-08-11 12:00:00+00:00,52714.939
2024-08-11 13:00:00+00:00,52800.184
2024-08-11 14:00:00+00:00,52577.974
2024-08-11 15:00:00+00:00,52612.839
2024-08-11 16:00:00+00:00,52825.077
2024-08-11 17:00:00+00:00,52927.41
2024-08-11 18:00:00+00:00,52923.751
2024-08-11 19:00:00+00:00,52834.035
2024-08-11 20:00:00+00:00,51812.271
2024-08-11 21:00:00+00:00,52921.415
2024-08-11 22:00:00+00:00,53239.254
2024-08-11 23:00:00+00:00,53492.822
2024-08-12 00:00:00+00:00,53603.83
2024-08-12 01:00:00+00:00,52726.962
2024-08-12 02:00:00+00:00,52581.767
2024-08-12 03:00:00+00:00,52906.373
2024-08-12 04:00:00+00:00,52870.742
2024-08-12 05:00:00+00:00,53137.208
2024-08-12 06:00:00+00:00,53413.519
2024-08-12 07:00:00+00:00,53523.23
2024-08-12 08:00:00+00:00,54639.787
2024-08-12 09:00:00+00:00,54516.926
2024-08-12 10:00:00+00:00,55249.131
2024-08-12 11:00:00+00:00,55222.118
2024-08-12 12:00:00+00:00,54888.944
2024-08-12 13:00:00+00:00,54498.966
2024-08-12 14:00:00+00:00,53716.76
2024-08-12 15:00:00+00:00,53113.8
2024-08-12 16:00:00+00:00,52980.038
2024-08-12 17:00:00+00:00,52938.69
2024-08-12 18:00:00+00:00,52604.238
2024-08-12 19:00:00+00:00,51544.521
2024-08-12 20:00:00+00:00,51097.833
2024-08-12 21:00:00+00:00,51500.737
2024-08-12 22:00:00+00:00,50668.689
2024-08-12 23:00:00+00:00,50549.288
2024-08-13 00:00:00+00:00,50279.211
2024-08-13 01:00:00+00:00,51836.988
2024-08-13 02:00:00+00:00,51986.602
2024-08-13 03:00:00+00:00,51770.263
2024-08-13 04:00:00+00:00,52254.117
2024-08-13 05:00:00+00:00,52393.655
2024-08-13 06:00:00+00:00,52378.182
2024-08-13 07:00:00+00:00,52462.996
2024-08-13 08:00:00+00:00,52495.677
2024-08-13 09:00:00+00:00,52715.598
2024-08-13 10:00:00+00:00,52761.256
2024-08-13 11:00:00+00:00,52845.559
2024-08-13 12:00:00+00:00,52830.546
2024-08-13 13:00:00+00:00,52889.635
2024-08-13 14:00:00+00:00,53165.986
2024-08-13 15:00:00+00:00,53434.89
2024-08-13 16:00:00+00:00,54130.397
2024-08-13 17:00:00+00:00,54838.163
2024-08-13 18:00:00+00:00,55725.507
2024-08-13 19:00:00+00:00,54613.179
2024-08-13 20:00:00+00:00,54551.842
2024-08-13 21:00:00+00:00,54244.349
2024-08-13 22:00:00+00:00,54129.946
2024-08-13 23:00:00+00:00,54282.312
2024-08-14 00:00:00+00:00,53965.344
2024-08-14 01:00:00+00:00,54465.183
2024-08-14 02:00:00+00:00,54405.327
2024-08-14 03:00:00+00:00,54274.631
2024-08-14 04:00:00+00:00,54114.017
2024-08-14 05:00:00+00:00,54237.879
2024-08-14 06:00:00+00:00,54284.718
2024-08-14 07:00:00+00:00,54454.666
2024-08-14 08:00:00+00:00,54441.472
2024-08-14 09:00:00+00:00,54255.084
2024-08-14 10:00:00+00:00,54350.59
2024-08-14 11:00:00+00:00,54204.165
2024-08-14 12:00:00+00:00,53948.321
2024-08-14 13:00:00+00:00,54519.179
2024-08-14 14:00:00+00:00,54484.867
2024-08-14 15:00:00+00:00,54085.172
2024-08-14 16:00:00+00:00,53212.279
2024-08-14 17:00:00+00:00,53249.801
2024-08-14 18:00:00+00:00,53666.052
2024-08-14 19:00:00+00:00,53413.758
2024-08-14 20:00:00+00:00,53622.85
2024-08-14 21:00:00+00:00,53212.843
2024-08-14 22:00:00+00:00,53096.568
2024-08-14 23:00:00+00:00,53609.364
2024-08-15 00:00:00+00:00,53630.533
2024-08-15 01:00:00+00:00,53695.527
2024-08-15 02:00:00+00:00,53594.974
2024-08-15 03:00:00+00:00,53739.796
2024-08-15 04:00:00+00:00,53850.636
2024-08-15 05:00:00+00:00,53514.575
2024-08-15 06:00:00+00:00,53578.095
2024-08-15 07:00:00+00:00,53782.27
2024-08-15 08:00:00+00:00,54424.473
2024-08-15 09:00:00+00:00,53818.539
2024-08-15 10:00:00+00:00,54143.173
2024-08-15 11:00:00+00:00,54309.961
2024-08-15 12:00:00+00:00,54707.216
2024-08-15 13:00:00+00:00,55240.856
2024-08-15 14:00:00+00:00,55908.412
2024-08-15 15:00:00+00:00,55574.23
2024-08-15 16:00:00+00:00,55549.654
2024-08-15 17:00:00+00:00,55652.015
2024-08-15 18:00:00+00:00,54188.84
2024-08-15 19:00:00+00:00,54024.32
2024-08-15 20:00:00+00:00,55506.56
2024-08-15 21:00:00+00:00,53782.704
2024-08-15 22:00:00+00:00,54777.959
2024-08-15 23:00:00+00:00,54589.477
2024-08-16 00:00:00+00:00,54923.743
2024-08-16 01:00:00+00:00,54777.001
2024-08-16 02:00:00+00:00,54705.037
2024-08-16 03:00:00+00:00,54567.837
2024-08-16 04:00:00+00:00,54409.635
2024-08-16 05:00:00+00:00,54331.975
2024-08-16 06:00:00+00:00,54997.046
2024-08-16 07:00:00+00:00,54603.005
2024-08-16 08:00:00+00:00,54983.818
2024-08-16 09:00:00+00:00,55203.77
2024-08-16 10:00:00+00:00,54940.701
2024-08-16 11:00:00+00:00,55309.427
2024-08-16 12:00:00+00:00,54717.771
2024-08-16 13:00:00+00:00,54266.583
2024-08-16 14:00:00+00:00,54358.833
2024-08-16 15:00:00+00:00,54678.326
2024-08-16 16:00:00+00:00,54675.777
2024-08-16 17:00:00+00:00,54552.241
2024-08-16 18:00:00+00:00,54149.184
2024-08-16 19:00:00+00:00,53238.561
2024-08-16 20:00:00+00:00,53609.817
2024-08-16 21:00:00+00:00,52997.772
2024-08-16 22:00:00+00:00,52768.01
2024-08-16 23:00:00+00:00,52681.068
2024-08-17 00:00:00+00:00,52434.437
2024-08-17 01:00:00+00:00,52466.098
2024-08-17 02:00:00+00:00,52627.087
2024-08-17 03:00:00+00:00,52878.54
2024-08-17 04:00:00+00:00,52733.953
2024-08-17 05:00:00+00:00,52865.299
2024-08-17 06:00:00+00:00,53014.876
2024-08-17 07:00:00+00:00,53003.714
2024-08-17 08:00:00+00:00,52990.412
2024-08-17 09:00:00+00:00,53199.102
2024-08-17 10:00:00+00:00,53388.721
2024-08-17 11:00:00+00:00,53783.397
2024-08-17 12:00:00+00:00,53275.94
2024-08-17 13:00:00+00:00,53175.887
2024-08-17 14:00:00+00:00,54147.884
2024-08-17 15:00:00+00:00,54365.008
2024-08-17 16:00:00+00:00,54535.553
2024-08-17 17:00:00+00:00,54487.326
2024-08-17 18:00:00+00:00,54628.085
2024-08-17 19:00:00+00:00,54247.461
2024-08-17 20:00:00+00:00,54285.681
2024-08-17 21:00:00+00:00,54333.882
2024-08-17 22:00:00+00:00,54026.592
2024-08-17 23:00:00+00:00,54117.787
2024-08-18 00:00:00+00:00,54145.786
2024-08-18 01:00:00+00:00,54730.507
2024-08-18 02:00:00+00:00,54928.12
2024-08-18 03:00:00+00:00,54481.209
2024-08-18 04:00:00+00:00,54385.016
2024-08-18 05:00:00+00:00,54600.494
2024-08-18 06:00:00+00:00,54600.06
2024-08-18 07:00:00+00:00,54595.131
2024-08-18 08:00:00+00:00,54442.06
2024-08-18 09:00:00+00:00,54691.403
2024-08-18 10:00:00+00:00,54658.131
2024-08-18 11:00:00+00:00,54604.474
2024-08-18 12:00:00+00:00,54965.625
2024-08-18 13:00:00+00:00,55189.126
2024-08-18 14:00:00+00:00,55088.254
2024-08-18 15:00:00+00:00,55107.835
2024-08-18 16:00:00+00:00,55263.156
2024-08-18 17:00:00+00:00,55412.004
2024-08-18 18:00:00+00:00,55648.959
2024-08-18 19:00:00+00:00,55814.552
2024-08-18 20:00:00+00:00,55689.675
2024-08-18 21:00:00+00:00,55634.316
2024-08-18 22:00:00+00:00,54866.286
2024-08-18 23:00:00+00:00,54968.519
2024-08-19 00:00:00+00:00,54079.528
2024-08-19 01:00:00+00:00,53301.743
2024-08-19 02:00:00+00:00,53535.144
2024-08-19 03:00:00+00:00,53824.276
2024-08-19 04:00:00+00:00,54034.685
2024-08-19 05:00:00+00:00,54502.176
2024-08-19 06:00:00+00:00,55242.545
2024-08-19 07:00:00+00:00,55839.863
2024-08-19 08:00:00+00:00,55822.043
2024-08-19 09:00:00+00:00,55787.116
2024-08-19 10:00:00+00:00,54859.147
2024-08-19 11:00:00+00:00,55429.659
2024-08-19 12:00:00+00:00,55182.815
2024-08-19 13:00:00+00:00,55813.124
2024-08-19 14:00:00+00:00,55246.591
2024-08-19 15:00:00+00:00,55589.727
2024-08-19 16:00:00+00:00,56063.978
2024-08-19 17:00:00+00:00,55820.202
2024-08-19 18:00:00+00:00,56571.349
2024-08-19 19:00:00+00:00,56754.994
2024-08-19 20:00:00+00:00,56378.639
2024-08-19 21:00:00+00:00,55918.894
2024-08-19 22:00:00+00:00,56090.949
2024-08-19 23:00:00+00:00,55999.648
2024-08-20 00:00:00+00:00,55816.698
2024-08-20 01:00:00+00:00,54409.931
2024-08-20 02:00:00+00:00,54946.412
2024-08-20 03:00:00+00:00,54884.934
2024-08-20 04:00:00+00:00,55074.291
2024-08-20 05:00:00+00:00,55478.896
2024-08-20 06:00:00+00:00,55604.031
2024-08-20 07:00:00+00:00,56158.446
2024-08-20 08:00:00+00:00,56590.47
2024-08-20 09:00:00+00:00,56201.509
2024-08-20 10:00:00+00:00,56406.616
2024-08-20 11:00:00+00:00,56387.338
2024-08-20 12:00:00+00:00,56951.373
2024-08-20 13:00:00+00:00,57116.573
2024-08-20 14:00:00+00:00,56630.749
2024-08-20 15:00:00+00:00,57427.763
2024-08-20 16:00:00+00:00,56267.767
2024-08-20 17:00:00+00:00,55160.477
2024-08-20 18:00:00+00:00,55399.86
2024-08-20 19:00:00+00:00,55916.561
2024-08-20 20:00:00+00:00,55702.743
2024-08-20 21:00:00+00:00,55778.864
2024-08-20 22:00:00+00:00,55068.643
2024-08-20 23:00:00+00:00,54966.859
2024-08-21 00:00:00+00:00,55222.899
2024-08-21 01:00:00+00:00,55022.152
2024-08-21 02:00:00+00:00,54962.64
2024-08-21 03:00:00+00:00,55121.261
2024-08-21 04:00:00+00:00,55096.083
2024-08-21 05:00:00+00:00,55168.129
2024-08-21 06:00:00+00:00,55106.589
2024-08-21 07:00:00+00:00,56013.855
2024-08-21 08:00:00+00:00,56912.199
2024-08-21 09:00:00+00:00,56128.174
2024-08-21 10:00:00+00:00,55843.808
2024-08-21 11:00:00+00:00,55841.483
2024-08-21 12:00:00+00:00,55847.115
2024-08-21 13:00:00+00:00,56068.497
2024-08-21 14:00:00+00:00,54817.002
2024-08-21 15:00:00+00:00,55596.437
2024-08-21 16:00:00+00:00,55278.383
2024-08-21 17:00:00+00:00,55684.979
2024-08-21 18:00:00+00:00,55971.797
2024-08-21 19:00:00+00:00,55788.413
2024-08-21 20:00:00+00:00,56688.878
2024-08-21 21:00:00+00:00,57382.517
2024-08-21 22:00:00+00:00,56925.189
2024-08-21 23:00:00+00:00,57202.957
2024-08-22 00:00:00+00:00,56903.897
2024-08-22 01:00:00+00:00,57332.37
2024-08-22 02:00:00+00:00,57496.461
2024-08-22 03:00:00+00:00,56123.508
2024-08-22 04:00:00+00:00,56358.322
2024-08-22 05:00:00+00:00,56488.135
2024-08-22 06:00:00+00:00,56805.966
2024-08-22 07:00:00+00:00,57170.679
2024-08-22 08:00:00+00:00,56546.249
2024-08-22 09:00:00+00:00,56879.433
2024-08-22 10:00:00+00:00,57353.39
2024-08-22 11:00:00+00:00,57743.441
2024-08-22 12:00:00+00:00,57902.168
2024-08-22 13:00:00+00:00,57790.874
2024-08-22 14:00:00+00:00,57843.373
2024-08-22 15:00:00+00:00,58511.303
2024-08-22 16:00:00+00:00,59279.258
2024-08-22 17:00:00+00:00,59169.525
2024-08-22 18:00:00+00:00,58864.808
2024-08-22 19:00:00+00:00,58655.805
2024-08-22 20:00:00+00:00,59019.042
2024-08-22 21:00:00+00:00,59319.627
2024-08-22 22:00:00+00:00,59309.347
2024-08-22 23:00:00+00:00,58997.485
2024-08-23 00:00:00+00:00,58899.329
2024-08-23 01:00:00+00:00,58652.756
2024-08-23 02:00:00+00:00,58577.318
2024-08-23 03:00:00+00:00,58783.247
2024-08-23 04:00:00+00:00,58632.152
2024-08-23 05:00:00+00:00,58679.519
2024-08-23 06:00:00+00:00,58576.986
2024-08-23 07:00:00+00:00,58375.076
2024-08-23 08:00:00+00:00,58423.587
2024-08-23 09:00:00+00:00,58785.328
2024-08-23 10:00:00+00:00,58921.631
2024-08-23 11:00:00+00:00,58990.936
2024-08-23 12:00:00+00:00,58855.521
2024-08-23 13:00:00+00:00,58405.826
2024-08-23 14:00:00+00:00,58610.605
2024-08-23 15:00:00+00:00,58695.319
2024-08-23 16:00:00+00:00,59843.714
2024-08-23 17:00:00+00:00,59814.823
2024-08-23 18:00:00+00:00,58371.704
2024-08-23 19:00:00+00:00,60175.519
2024-08-23 20:00:00+00:00,59457.342
2024-08-23 21:00:00+00:00,59885.173
2024-08-23 22:00:00+00:00,57087.406
2024-08-23 23:00:00+00:00,56814.786
2024-08-24 00:00:00+00:00,56734.739
2024-08-24 01:00:00+00:00,56921.356
2024-08-24 02:00:00+00:00,56916.908
2024-08-24 03:00:00+00:00,56870.805
2024-08-24 04:00:00+00:00,56854.827
2024-08-24 05:00:00+00:00,57082.459
2024-08-24 06:00:00+00:00,56975.335
2024-08-24 07:00:00+00:00,56794.388
2024-08-24 08:00:00+00:00,57169.374
2024-08-24 09:00:00+00:00,57470.827
2024-08-24 10:00:00+00:00,57841.999
2024-08-24 11:00:00+00:00,57491.824
2024-08-24 12:00:00+00:00,57734.487
2024-08-24 13:00:00+00:00,57726.359
2024-08-24 14:00:00+00:00,57898.339
2024-08-24 15:00:00+00:00,57976.415
2024-08-24 16:00:00+00:00,57947.231
2024-08-24 17:00:00+00:00,57912.702
2024-08-24 18:00:00+00:00,57698.116
2024-08-24 19:00:00+00:00,57690.419
2024-08-24 20:00:00+00:00,57847.81
2024-08-24 21:00:00+00:00,57821.544
2024-08-24 22:00:00+00:00,57497.871
2024-08-24 23:00:00+00:00,58146.04
2024-08-25 00:00:00+00:00,58199.134
2024-08-25 01:00:00+00:00,57347.479
2024-08-25 02:00:00+00:00,57993.331
2024-08-25 03:00:00+00:00,58124.808
2024-08-25 04:00:00+00:00,58200.307
2024-08-25 05:00:00+00:00,58424.081
2024-08-25 06:00:00+00:00,58123.0
2024-08-25 07:00:00+00:00,58192.359
2024-08-25 08:00:00+00:00,58367.372
2024-08-25 09:00:00+00:00,58417.501
2024-08-25 10:00:00+00:00,58169.371
2024-08-25 11:00:00+00:00,58883.42
2024-08-25 12:00:00+00:00,59399.382
2024-08-25 13:00:00+00:00,59248.367
2024-08-25 14:00:00+00:00,58868.831
2024-08-25 15:00:00+00:00,59012.686
2024-08-25 16:00:00+00:00,59017.857
2024-08-25 17:00:00+00:00,59649.575
2024-08-25 18:00:00+00:00,59588.657
2024-08-25 19:00:00+00:00,59424.909
2024-08-25 20:00:00+00:00,59434.807
2024-08-25 21:00:00+00:00,59462.178
2024-08-25 22:00:00+00:00,59341.603
2024-08-25 23:00:00+00:00,59687.697
2024-08-26 00:00:00+00:00,59817.632
2024-08-26 01:00:00+00:00,59330.926
2024-08-26 02:00:00+00:00,60071.675
2024-08-26 03:00:00+00:00,60063.574
2024-08-26 04:00:00+00:00,60137.051
2024-08-26 05:00:00+00:00,59979.516
2024-08-26 06:00:00+00:00,60113.045
2024-08-26 07:00:00+00:00,60468.232
2024-08-26 08:00:00+00:00,60893.175
2024-08-26 09:00:00+00:00,61056.466
2024-08-26 10:00:00+00:00,60818.884
2024-08-26 11:00:00+00:00,60829.632
2024-08-26 12:00:00+00:00,60971.585
2024-08-26 13:00:00+00:00,60703.224
2024-08-26 14:00:00+00:00,61494.376
2024-08-26 15:00:00+00:00,60364.277
2024-08-26 16:00:00+00:00,60700.046
2024-08-26 17:00:00+00:00,59969.813
2024-08-26 18:00:00+00:00,59413.5
2024-08-26 19:00:00+00:00,59378.967
2024-08-26 20:00:00+00:00,58879.02
2024-08-26 21:00:00+00:00,58898.197
2024-08-26 22:00:00+00:00,58411.3
2024-08-26 23:00:00+00:00,58301.81
2024-08-27 00:00:00+00:00,58507.191
2024-08-27 01:00:00+00:00,59065.334
2024-08-27 02:00:00+00:00,59010.015
2024-08-27 03:00:00+00:00,58843.504
2024-08-27 04:00:00+00:00,58819.386
2024-08-27 05:00:00+00:00,59072.392
2024-08-27 06:00:00+00:00,59298.839
2024-08-27 07:00:00+00:00,59850.839
2024-08-27 08:00:00+00:00,59424.898
2024-08-27 09:00:00+00:00,59725.254
2024-08-27 10:00:00+00:00,59301.062
2024-08-27 11:00:00+00:00,60631.605
2024-08-27 12:00:00+00:00,60212.634
2024-08-27 13:00:00+00:00,59936.342
2024-08-27 14:00:00+00:00,60700.766
2024-08-27 15:00:00+00:00,62267.437
2024-08-27 16:00:00+00:00,63656.978
2024-08-27 17:00:00+00:00,63543.996
2024-08-27 18:00:00+00:00,64014.936
2024-08-27 19:00:00+00:00,64189.264
2024-08-27 20:00:00+00:00,64056.367
2024-08-27 21:00:00+00:00,63741.882
2024-08-27 22:00:00+00:00,59183.484
2024-08-27 23:00:00+00:00,55719.578
2024-08-28 00:00:00+00:00,56525.352
2024-08-28 01:00:00+00:00,56871.26
2024-08-28 02:00:00+00:00,56609.327
2024-08-28 03:00:00+00:00,56597.988
2024-08-28 04:00:00+00:00,56850.033
2024-08-28 05:00:00+00:00,56868.249
2024-08-28 06:00:00+00:00,56976.312
2024-08-28 07:00:00+00:00,57129.791
2024-08-28 08:00:00+00:00,57230.16
2024-08-28 09:00:00+00:00,57461.103
2024-08-28 10:00:00+00:00,57780.532
2024-08-28 11:00:00+00:00,58033.583
2024-08-28 12:00:00+00:00,58201.378
2024-08-28 13:00:00+00:00,58241.033
2024-08-28 14:00:00+00:00,57756.233
2024-08-28 15:00:00+00:00,56892.307
2024-08-28 16:00:00+00:00,55687.276
2024-08-28 17:00:00+00:00,55721.225
2024-08-28 18:00:00+00:00,55182.446
2024-08-28 19:00:00+00:00,55774.727
2024-08-28 20:00:00+00:00,55469.492
2024-08-28 21:00:00+00:00,55634.499
2024-08-28 22:00:00+00:00,55304.112
2024-08-28 23:00:00+00:00,55186.101
2024-08-29 00:00:00+00:00,55251.487
2024-08-29 01:00:00+00:00,55419.478
2024-08-29 02:00:00+00:00,55592.939
2024-08-29 03:00:00+00:00,55442.339
2024-08-29 04:00:00+00:00,55612.064
2024-08-29 05:00:00+00:00,55310.927
2024-08-29 06:00:00+00:00,55653.753
2024-08-29 07:00:00+00:00,56166.964
2024-08-29 08:00:00+00:00,56166.231
2024-08-29 09:00:00+00:00,55761.674
2024-08-29 10:00:00+00:00,56725.246
2024-08-29 11:00:00+00:00,56692.876
2024-08-29 12:00:00+00:00,56272.07
2024-08-29 13:00:00+00:00,56450.684
2024-08-29 14:00:00+00:00,57069.37
2024-08-29 15:00:00+00:00,56784.726
2024-08-29 16:00:00+00:00,57412.537
2024-08-29 17:00:00+00:00,56397.878
2024-08-29 18:00:00+00:00,57021.241
2024-08-29 19:00:00+00:00,56840.031
2024-08-29 20:00:00+00:00,56704.655
2024-08-29 21:00:00+00:00,56326.469
2024-08-29 22:00:00+00:00,56966.807
2024-08-29 23:00:00+00:00,56602.959
2024-08-30 00:00:00+00:00,56486.948
2024-08-30 01:00:00+00:00,56861.323
2024-08-30 02:00:00+00:00,56784.723
2024-08-30 03:00:00+00:00,56751.828
2024-08-30 04:00:00+00:00,56601.094
2024-08-30 05:00:00+00:00,56745.992
2024-08-30 06:00:00+00:00,56616.271
2024-08-30 07:00:00+00:00,56576.182
2024-08-30 08:00:00+00:00,56202.079
2024-08-30 09:00:00+00:00,56296.937
2024-08-30 10:00:00+00:00,56517.997
2024-08-30 11:00:00+00:00,56145.214
2024-08-30 12:00:00+00:00,56094.237
2024-08-30 13:00:00+00:00,56142.776
2024-08-30 14:00:00+00:00,55735.964
2024-08-30 15:00:00+00:00,55372.241
2024-08-30 16:00:00+00:00,56526.975
2024-08-30 17:00:00+00:00,55651.824
2024-08-30 18:00:00+00:00,56025.032
2024-08-30 19:00:00+00:00,55721.325
2024-08-30 20:00:00+00:00,55360.113
2024-08-30 21:00:00+00:00,55404.682
2024-08-30 22:00:00+00:00,55336.611
2024-08-30 23:00:00+00:00,55032.647
2024-08-31 00:00:00+00:00,54933.3
2024-08-31 01:00:00+00:00,54699.498
2024-08-31 02:00:00+00:00,54705.873
2024-08-31 03:00:00+00:00,54728.831
2024-08-31 04:00:00+00:00,54721.891
2024-08-31 05:00:00+00:00,54682.835
2024-08-31 06:00:00+00:00,54831.776
2024-08-31 07:00:00+00:00,54842.778
2024-08-31 08:00:00+00:00,54830.979
2024-08-31 09:00:00+00:00,55109.325
2024-08-31 10:00:00+00:00,55767.37
2024-08-31 11:00:00+00:00,55496.906
2024-08-31 12:00:00+00:00,55593.134
2024-08-31 13:00:00+00:00,55841.605
2024-08-31 14:00:00+00:00,55892.134
2024-08-31 15:00:00+00:00,56092.043
2024-08-31 16:00:00+00:00,55966.366
2024-08-31 17:00:00+00:00,56011.151
2024-08-31 18:00:00+00:00,55472.68
2024-08-31 19:00:00+00:00,55433.329
2024-08-31 20:00:00+00:00,55547.137
2024-08-31 21:00:00+00:00,55341.744
2024-08-31 22:00:00+00:00,55221.835
2024-08-31 23:00:00+00:00,55238.753
2024-09-01 00:00:00+00:00,55300.547
2024-09-01 01:00:00+00:00,55184.468
2024-09-01 02:00:00+00:00,55115.53
2024-09-01 03:00:00+00:00,54873.266
2024-09-01 04:00:00+00:00,54909.14
2024-09-01 05:00:00+00:00,55038.469
2024-09-01 06:00:00+00:00,55871.065
2024-09-01 07:00:00+00:00,56072.171
2024-09-01 08:00:00+00:00,56291.512
2024-09-01 09:00:00+00:00,56319.607
2024-09-01 10:00:00+00:00,56456.584
2024-09-01 11:00:00+00:00,56551.158
2024-09-01 12:00:00+00:00,56477.422
2024-09-01 13:00:00+00:00,56517.226
2024-09-01 14:00:00+00:00,56641.682
2024-09-01 15:00:00+00:00,55288.667
2024-09-01 16:00:00+00:00,54990.372
2024-09-01 17:00:00+00:00,55239.765
2024-09-01 18:00:00+00:00,55058.552
2024-09-01 19:00:00+00:00,54695.547
2024-09-01 20:00:00+00:00,54578.425
2024-09-01 21:00:00+00:00,54888.039
2024-09-01 22:00:00+00:00,54805.6
2024-09-01 23:00:00+00:00,53899.095
2024-09-02 00:00:00+00:00,54148.284
2024-09-02 01:00:00+00:00,54111.401
2024-09-02 02:00:00+00:00,54388.537
2024-09-02 03:00:00+00:00,54404.088
2024-09-02 04:00:00+00:00,54970.293
2024-09-02 05:00:00+00:00,54355.601
2024-09-02 06:00:00+00:00,54374.376
2024-09-02 07:00:00+00:00,54442.599
2024-09-02 08:00:00+00:00,54706.204
2024-09-02 09:00:00+00:00,55343.936
2024-09-02 10:00:00+00:00,54839.674
2024-09-02 11:00:00+00:00,55353.595
2024-09-02 12:00:00+00:00,55260.214
2024-09-02 13:00:00+00:00,55418.351
2024-09-02 14:00:00+00:00,55157.829
2024-09-02 15:00:00+00:00,54991.284
2024-09-02 16:00:00+00:00,54972.663
2024-09-02 17:00:00+00:00,54919.175
2024-09-02 18:00:00+00:00,54830.819
2024-09-02 19:00:00+00:00,54588.173
2024-09-02 20:00:00+00:00,54513.828
2024-09-02 21:00:00+00:00,53521.141
2024-09-02 22:00:00+00:00,53844.974
2024-09-02 23:00:00+00:00,53864.719
2024-09-03 00:00:00+00:00,53797.039
2024-09-03 01:00:00+00:00,53823.096
2024-09-03 02:00:00+00:00,53840.154
2024-09-03 03:00:00+00:00,53140.781
2024-09-03 04:00:00+00:00,52918.088
2024-09-03 05:00:00+00:00,53378.125
2024-09-03 06:00:00+00:00,53547.889
2024-09-03 07:00:00+00:00,54439.062
2024-09-03 08:00:00+00:00,54274.619
2024-09-03 09:00:00+00:00,54448.925
2024-09-03 10:00:00+00:00,54824.857
2024-09-03 11:00:00+00:00,55060.443
2024-09-03 12:00:00+00:00,55232.603
2024-09-03 13:00:00+00:00,55369.349
2024-09-03 14:00:00+00:00,55790.655
2024-09-03 15:00:00+00:00,56658.375
2024-09-03 16:00:00+00:00,56914.759
2024-09-03 17:00:00+00:00,57493.846
2024-09-03 18:00:00+00:00,57385.87
2024-09-03 19:00:00+00:00,57342.758
2024-09-03 20:00:00+00:00,56991.095
2024-09-03 21:00:00+00:00,56620.463
2024-09-03 22:00:00+00:00,56567.275
2024-09-03 23:00:00+00:00,56394.269
2024-09-04 00:00:00+00:00,56238.287
2024-09-04 01:00:00+00:00,55637.435
2024-09-04 02:00:00+00:00,52627.789
2024-09-04 03:00:00+00:00,52338.314
2024-09-04 04:00:00+00:00,52464.811
2024-09-04 05:00:00+00:00,52619.018
2024-09-04 06:00:00+00:00,52739.955
2024-09-04 07:00:00+00:00,53179.915
2024-09-04 08:00:00+00:00,53254.417
2024-09-04 09:00:00+00:00,53369.987
2024-09-04 10:00:00+00:00,53604.063
2024-09-04 11:00:00+00:00,53883.119
2024-09-04 12:00:00+00:00,53948.571
2024-09-04 13:00:00+00:00,53869.604
2024-09-04 14:00:00+00:00,53678.346
2024-09-04 15:00:00+00:00,53715.298
2024-09-04 16:00:00+00:00,54236.003
2024-09-04 17:00:00+00:00,54637.217
2024-09-04 18:00:00+00:00,54673.941
2024-09-04 19:00:00+00:00,55099.992
2024-09-04 20:00:00+00:00,54846.439
2024-09-04 21:00:00+00:00,54912.625
2024-09-04 22:00:00+00:00,54808.483
2024-09-04 23:00:00+00:00,54678.627
2024-09-05 00:00:00+00:00,54535.061
2024-09-05 01:00:00+00:00,54371.37
2024-09-05 02:00:00+00:00,54012.785
2024-09-05 03:00:00+00:00,54571.333
2024-09-05 04:00:00+00:00,53810.49
2024-09-05 05:00:00+00:00,54207.3
2024-09-05 06:00:00+00:00,54533.774
2024-09-05 07:00:00+00:00,54367.531
2024-09-05 08:00:00+00:00,54549.226
2024-09-05 09:00:00+00:00,55217.247
2024-09-05 10:00:00+00:00,55821.494
2024-09-05 11:00:00+00:00,55778.636
2024-09-05 12:00:00+00:00,55917.123
2024-09-05 13:00:00+00:00,54689.994
2024-09-05 14:00:00+00:00,55720.009
2024-09-05 15:00:00+00:00,55645.148
2024-09-05 16:00:00+00:00,56829.033
2024-09-05 17:00:00+00:00,56803.856
2024-09-05 18:00:00+00:00,55800.193
2024-09-05 19:00:00+00:00,55617.35
2024-09-05 20:00:00+00:00,55511.323
2024-09-05 21:00:00+00:00,55083.085
2024-09-05 22:00:00+00:00,54892.39
2024-09-05 23:00:00+00:00,55254.417
2024-09-06 00:00:00+00:00,55133.044
2024-09-06 01:00:00+00:00,55257.022
2024-09-06 02:00:00+00:00,55034.476
2024-09-06 03:00:00+00:00,54564.884
2024-09-06 04:00:00+00:00,54837.704
2024-09-06 05:00:00+00:00,54810.189
2024-09-06 06:00:00+00:00,54877.748
2024-09-06 07:00:00+00:00,55099.474
2024-09-06 08:00:00+00:00,55642.376
2024-09-06 09:00:00+00:00,55556.66
2024-09-06 10:00:00+00:00,55750.649
2024-09-06 11:00:00+00:00,55408.574
2024-09-06 12:00:00+00:00,55279.328
2024-09-06 13:00:00+00:00,55783.94
2024-09-06 14:00:00+00:00,55246.303
2024-09-06 15:00:00+00:00,56313.206
2024-09-06 16:00:00+00:00,58816.749
2024-09-06 17:00:00+00:00,59444.398
2024-09-06 18:00:00+00:00,59460.423
2024-09-06 19:00:00+00:00,59308.147
2024-09-06 20:00:00+00:00,60223.534
2024-09-06 21:00:00+00:00,58657.58
2024-09-06 22:00:00+00:00,58736.085
2024-09-06 23:00:00+00:00,58562.274
2024-09-07 00:00:00+00:00,58644.768
2024-09-07 01:00:00+00:00,58886.228
2024-09-07 02:00:00+00:00,58818.465
2024-09-07 03:00:00+00:00,58867.15
2024-09-07 04:00:00+00:00,58986.847
2024-09-07 05:00:00+00:00,59144.367
2024-09-07 06:00:00+00:00,59087.089
2024-09-07 07:00:00+00:00,59193.408
2024-09-07 08:00:00+00:00,59114.43
2024-09-07 09:00:00+00:00,59413.401
2024-09-07 10:00:00+00:00,59504.149
2024-09-07 11:00:00+00:00,59633.641
2024-09-07 12:00:00+00:00,59908.285
2024-09-07 13:00:00+00:00,59636.397
2024-09-07 14:00:00+00:00,59825.75
2024-09-07 15:00:00+00:00,59777.523
2024-09-07 16:00:00+00:00,59837.134
2024-09-07 17:00:00+00:00,60013.521
2024-09-07 18:00:00+00:00,59655.943
2024-09-07 19:00:00+00:00,59257.386
2024-09-07 20:00:00+00:00,59115.468
2024-09-07 21:00:00+00:00,59159.219
2024-09-07 22:00:00+00:00,59017.349
2024-09-07 23:00:00+00:00,59000.862
2024-09-08 00:00:00+00:00,58977.172
2024-09-08 01:00:00+00:00,59234.129
2024-09-08 02:00:00+00:00,59010.898
2024-09-08 03:00:00+00:00,58912.003
2024-09-08 04:00:00+00:00,59142.319
2024-09-08 05:00:00+00:00,58817.728
2024-09-08 06:00:00+00:00,58881.728
2024-09-08 07:00:00+00:00,59042.869
2024-09-08 08:00:00+00:00,59031.528
2024-09-08 09:00:00+00:00,59074.201
2024-09-08 10:00:00+00:00,59076.089
2024-09-08 11:00:00+00:00,59235.924
2024-09-08 12:00:00+00:00,59278.42
2024-09-08 13:00:00+00:00,59493.748
2024-09-08 14:00:00+00:00,59273.749
2024-09-08 15:00:00+00:00,59493.933
2024-09-08 16:00:00+00:00,60099.985
2024-09-08 17:00:00+00:00,60020.296
2024-09-08 18:00:00+00:00,59341.176
2024-09-08 19:00:00+00:00,59537.721
2024-09-08 20:00:00+00:00,59696.723
2024-09-08 21:00:00+00:00,60179.907
2024-09-08 22:00:00+00:00,60021.845
2024-09-08 23:00:00+00:00,59024.689
2024-09-09 00:00:00+00:00,59362.957
2024-09-09 01:00:00+00:00,59800.944
2024-09-09 02:00:00+00:00,59635.46
2024-09-09 03:00:00+00:00,59444.854
2024-09-09 04:00:00+00:00,59778.226
2024-09-09 05:00:00+00:00,60074.431
2024-09-09 06:00:00+00:00,60077.791
2024-09-09 07:00:00+00:00,60032.72
2024-09-09 08:00:00+00:00,60118.225
2024-09-09 09:00:00+00:00,60147.274
2024-09-09 10:00:00+00:00,60000.57
2024-09-09 11:00:00+00:00,60296.009
2024-09-09 12:00:00+00:00,60707.476
2024-09-09 13:00:00+00:00,60513.489
2024-09-09 14:00:00+00:00,60544.197
2024-09-09 15:00:00+00:00,60090.995
2024-09-09 16:00:00+00:00,60409.405
2024-09-09 17:00:00+00:00,61146.429
2024-09-09 18:00:00+00:00,61208.015
2024-09-09 19:00:00+00:00,61314.442
2024-09-09 20:00:00+00:00,60969.128
2024-09-09 21:00:00+00:00,61235.34
2024-09-09 22:00:00+00:00,59802.361
2024-09-09 23:00:00+00:00,60294.506
2024-09-10 00:00:00+00:00,59897.832
2024-09-10 01:00:00+00:00,59683.278
2024-09-10 02:00:00+00:00,59956.15
2024-09-10 03:00:00+00:00,60190.918
2024-09-10 04:00:00+00:00,59994.453
2024-09-10 05:00:00+00:00,59887.639
2024-09-10 06:00:00+00:00,59706.312
2024-09-10 07:00:00+00:00,59933.288
2024-09-10 08:00:00+00:00,60341.903
2024-09-10 09:00:00+00:00,60597.139
2024-09-10 10:00:00+00:00,60758.147
2024-09-10 11:00:00+00:00,60836.315
2024-09-10 12:00:00+00:00,61084.965
2024-09-10 13:00:00+00:00,60783.676
2024-09-10 14:00:00+00:00,60719.033
2024-09-10 15:00:00+00:00,60795.377
2024-09-10 16:00:00+00:00,60385.124
2024-09-10 17:00:00+00:00,60422.339
2024-09-10 18:00:00+00:00,60234.587
2024-09-10 19:00:00+00:00,60235.649
2024-09-10 20:00:00+00:00,60471.309
2024-09-10 21:00:00+00:00,60537.36
2024-09-10 22:00:00+00:00,60901.546
2024-09-10 23:00:00+00:00,60972.552
2024-09-11 00:00:00+00:00,60924.35
2024-09-11 01:00:00+00:00,60791.664
2024-09-11 02:00:00+00:00,60433.848
2024-09-11 03:00:00+00:00,60636.372
2024-09-11 04:00:00+00:00,60273.726
2024-09-11 05:00:00+00:00,59717.078
2024-09-11 06:00:00+00:00,59800.425
2024-09-11 07:00:00+00:00,60257.57
2024-09-11 08:00:00+00:00,60419.852
2024-09-11 09:00:00+00:00,61162.171
2024-09-11 10:00:00+00:00,61079.611
2024-09-11 11:00:00+00:00,60745.076
2024-09-11 12:00:00+00:00,60152.065
2024-09-11 13:00:00+00:00,59998.653
2024-09-11 14:00:00+00:00,60316.96
2024-09-11 15:00:00+00:00,61679.637
2024-09-11 16:00:00+00:00,61376.738
2024-09-11 17:00:00+00:00,60705.107
2024-09-11 18:00:00+00:00,61716.058
2024-09-11 19:00:00+00:00,60857.478
2024-09-11 20:00:00+00:00,60691.759
2024-09-11 21:00:00+00:00,60683.36
2024-09-11 22:00:00+00:00,60310.175
2024-09-11 23:00:00+00:00,60188.649
2024-09-12 00:00:00+00:00,60252.292
2024-09-12 01:00:00+00:00,59549.506
2024-09-12 02:00:00+00:00,59856.999
2024-09-12 03:00:00+00:00,60325.681
2024-09-12 04:00:00+00:00,60563.177
2024-09-12 05:00:00+00:00,60720.894
2024-09-12 06:00:00+00:00,60995.354
2024-09-12 07:00:00+00:00,60991.471
2024-09-12 08:00:00+00:00,61187.138
2024-09-12 09:00:00+00:00,61199.03
2024-09-12 10:00:00+00:00,61327.233
2024-09-12 11:00:00+00:00,61215.036
2024-09-12 12:00:00+00:00,61601.776
2024-09-12 13:00:00+00:00,62463.662
2024-09-12 14:00:00+00:00,62067.72
2024-09-12 15:00:00+00:00,61943.518
2024-09-12 16:00:00+00:00,61945.554
2024-09-12 17:00:00+00:00,61791.477
2024-09-12 18:00:00+00:00,62249.307
2024-09-12 19:00:00+00:00,61961.249
2024-09-12 20:00:00+00:00,62031.557
2024-09-12 21:00:00+00:00,61552.548
2024-09-12 22:00:00+00:00,60772.97
2024-09-12 23:00:00+00:00,60722.944
2024-09-13 00:00:00+00:00,60668.139
2024-09-13 01:00:00+00:00,60792.634
2024-09-13 02:00:00+00:00,60553.445
2024-09-13 03:00:00+00:00,60436.047
2024-09-13 04:00:00+00:00,60701.426
2024-09-13 05:00:00+00:00,60649.891
2024-09-13 06:00:00+00:00,60642.449
2024-09-13 07:00:00+00:00,61012.619
2024-09-13 08:00:00+00:00,61101.314
2024-09-13 09:00:00+00:00,61138.677
2024-09-13 10:00:00+00:00,61322.236
2024-09-13 11:00:00+00:00,61427.375
2024-09-13 12:00:00+00:00,61050.167
2024-09-13 13:00:00+00:00,60646.663
2024-09-13 14:00:00+00:00,60849.814
2024-09-13 15:00:00+00:00,61523.195
2024-09-13 16:00:00+00:00,61617.368
2024-09-13 17:00:00+00:00,62196.691
2024-09-13 18:00:00+00:00,62381.268
2024-09-13 19:00:00+00:00,62760.089
2024-09-13 20:00:00+00:00,62803.724
2024-09-13 21:00:00+00:00,62701.51
2024-09-13 22:00:00+00:00,62215.622
2024-09-13 23:00:00+00:00,61738.068
2024-09-14 00:00:00+00:00,61722.06
2024-09-14 01:00:00+00:00,62020.585
2024-09-14 02:00:00+00:00,62221.865
2024-09-14 03:00:00+00:00,62459.374
2024-09-14 04:00:00+00:00,62391.333
2024-09-14 05:00:00+00:00,61890.856
2024-09-14 06:00:00+00:00,61462.996
2024-09-14 07:00:00+00:00,61326.845
2024-09-14 08:00:00+00:00,61365.928
2024-09-14 09:00:00+00:00,61614.837
2024-09-14 10:00:00+00:00,61897.233
2024-09-14 11:00:00+00:00,61904.01
2024-09-14 12:00:00+00:00,61823.522
2024-09-14 13:00:00+00:00,61636.796
2024-09-14 14:00:00+00:00,61495.84
2024-09-14 15:00:00+00:00,61327.194
2024-09-14 16:00:00+00:00,61500.655
2024-09-14 17:00:00+00:00,61667.237
2024-09-14 18:00:00+00:00,61676.05
2024-09-14 19:00:00+00:00,61244.446
2024-09-14 20:00:00+00:00,61313.476
2024-09-14 21:00:00+00:00,61108.269
2024-09-14 22:00:00+00:00,61191.97
2024-09-14 23:00:00+00:00,61253.067
2024-09-15 00:00:00+00:00,61294.292
2024-09-15 01:00:00+00:00,61311.445
2024-09-15 02:00:00+00:00,61092.343
2024-09-15 03:00:00+00:00,61217.036
2024-09-15 04:00:00+00:00,61236.085
2024-09-15 05:00:00+00:00,61232.001
2024-09-15 06:00:00+00:00,61121.167
2024-09-15 07:00:00+00:00,61171.266
2024-09-15 08:00:00+00:00,61162.553
2024-09-15 09:00:00+00:00,61000.202
2024-09-15 10:00:00+00:00,61089.442
2024-09-15 11:00:00+00:00,61135.523
2024-09-15 12:00:00+00:00,61076.079
2024-09-15 13:00:00+00:00,61293.424
2024-09-15 14:00:00+00:00,61206.319
2024-09-15 15:00:00+00:00,61584.166
2024-09-15 16:00:00+00:00,61739.089
2024-09-15 17:00:00+00:00,62007.547
2024-09-15 18:00:00+00:00,61692.579
2024-09-15 19:00:00+00:00,61728.791
2024-09-15 20:00:00+00:00,61600.36
2024-09-15 21:00:00+00:00,61517.276
2024-09-15 22:00:00+00:00,61356.466
2024-09-15 23:00:00+00:00,61626.213
2024-09-16 00:00:00+00:00,59984.347
2024-09-16 01:00:00+00:00,60223.052
2024-09-16 02:00:00+00:00,60053.591
2024-09-16 03:00:00+00:00,59691.675
2024-09-16 04:00:00+00:00,60628.387
2024-09-16 05:00:00+00:00,60663.853
2024-09-16 06:00:00+00:00,60794.606
2024-09-16 07:00:00+00:00,60947.656
2024-09-16 08:00:00+00:00,61195.467
2024-09-16 09:00:00+00:00,59774.776
2024-09-16 10:00:00+00:00,59657.775
2024-09-16 11:00:00+00:00,59950.298
2024-09-16 12:00:00+00:00,59847.32
2024-09-16 13:00:00+00:00,60272.618
2024-09-16 14:00:00+00:00,60439.477
2024-09-16 15:00:00+00:00,60315.999
2024-09-16 16:00:00+00:00,60035.715
2024-09-16 17:00:00+00:00,60245.426
2024-09-16 18:00:00+00:00,61062.608
2024-09-16 19:00:00+00:00,60578.095
2024-09-16 20:00:00+00:00,60467.998
2024-09-16 21:00:00+00:00,60197.117
2024-09-16 22:00:00+00:00,60351.539
2024-09-16 23:00:00+00:00,60546.674
2024-09-17 00:00:00+00:00,60503.407
2024-09-17 01:00:00+00:00,60397.839
2024-09-17 02:00:00+00:00,60438.916
2024-09-17 03:00:00+00:00,59528.351
2024-09-17 04:00:00+00:00,59665.67
2024-09-17 05:00:00+00:00,59986.871
2024-09-17 06:00:00+00:00,59771.056
2024-09-17 07:00:00+00:00,60068.49
2024-09-17 08:00:00+00:00,60329.516
2024-09-17 09:00:00+00:00,60553.584
2024-09-17 10:00:00+00:00,60427.504
2024-09-17 11:00:00+00:00,60090.605
2024-09-17 12:00:00+00:00,60487.423
2024-09-17 13:00:00+00:00,60959.993
2024-09-17 14:00:00+00:00,61122.425
2024-09-17 15:00:00+00:00,60598.196
2024-09-17 16:00:00+00:00,61027.393
2024-09-17 17:00:00+00:00,61734.429
2024-09-17 18:00:00+00:00,61780.67
2024-09-17 19:00:00+00:00,60697.935
2024-09-17 20:00:00+00:00,59912.153
2024-09-17 21:00:00+00:00,59145.624
2024-09-17 22:00:00+00:00,59004.661
2024-09-17 23:00:00+00:00,58902.831
2024-09-18 00:00:00+00:00,58869.843
2024-09-18 01:00:00+00:00,58825.6
2024-09-18 02:00:00+00:00,58505.07
2024-09-18 03:00:00+00:00,58545.764
2024-09-18 04:00:00+00:00,59029.48
2024-09-18 05:00:00+00:00,59218.938
2024-09-18 06:00:00+00:00,59069.371
2024-09-18 07:00:00+00:00,58895.024
2024-09-18 08:00:00+00:00,59064.48
2024-09-18 09:00:00+00:00,58877.379
2024-09-18 10:00:00+00:00,58897.609
2024-09-18 11:00:00+00:00,58701.572
2024-09-18 12:00:00+00:00,58818.163
2024-09-18 13:00:00+00:00,58696.767
2024-09-18 14:00:00+00:00,58999.609
2024-09-18 15:00:00+00:00,59058.97
2024-09-18 16:00:00+00:00,59041.792
2024-09-18 17:00:00+00:00,58664.207
2024-09-18 18:00:00+00:00,58409.653
2024-09-18 19:00:00+00:00,60496.449
2024-09-18 20:00:00+00:00,60244.895
2024-09-18 21:00:00+00:00,59951.233
2024-09-18 22:00:00+00:00,60309.246
2024-09-18 23:00:00+00:00,61206.615
2024-09-19 00:00:00+00:00,62322.576
2024-09-19 01:00:00+00:00,63210.801
2024-09-19 02:00:00+00:00,62416.156
2024-09-19 03:00:00+00:00,62483.634
2024-09-19 04:00:00+00:00,62578.27
2024-09-19 05:00:00+00:00,62517.525
2024-09-19 06:00:00+00:00,62648.429
2024-09-19 07:00:00+00:00,62663.03
2024-09-19 08:00:00+00:00,62786.512
2024-09-19 09:00:00+00:00,62334.438
2024-09-19 10:00:00+00:00,62682.669
2024-09-19 11:00:00+00:00,62475.363
2024-09-19 12:00:00+00:00,62927.808
2024-09-19 13:00:00+00:00,62625.152
2024-09-19 14:00:00+00:00,62789.835
2024-09-19 15:00:00+00:00,62538.148
2024-09-19 16:00:00+00:00,62763.123
2024-09-19 17:00:00+00:00,62558.946
2024-09-19 18:00:00+00:00,63534.503
2024-09-19 19:00:00+00:00,62984.987
2024-09-19 20:00:00+00:00,63277.707
2024-09-19 21:00:00+00:00,63080.934
2024-09-19 22:00:00+00:00,62552.219
2024-09-19 23:00:00+00:00,62323.935
2024-09-20 00:00:00+00:00,62427.547
2024-09-20 01:00:00+00:00,62696.75
2024-09-20 02:00:00+00:00,62548.455
2024-09-20 03:00:00+00:00,62291.904
2024-09-20 04:00:00+00:00,61852.014
2024-09-20 05:00:00+00:00,61133.118
2024-09-20 06:00:00+00:00,61263.406
2024-09-20 07:00:00+00:00,61387.171
2024-09-20 08:00:00+00:00,61113.799
2024-09-20 09:00:00+00:00,61157.244
2024-09-20 10:00:00+00:00,61910.88
2024-09-20 11:00:00+00:00,61913.585
2024-09-20 12:00:00+00:00,62110.456
2024-09-20 13:00:00+00:00,62134.064
2024-09-20 14:00:00+00:00,63004.846
2024-09-20 15:00:00+00:00,62962.194
2024-09-20 16:00:00+00:00,62827.969
2024-09-20 17:00:00+00:00,62397.425
2024-09-20 18:00:00+00:00,62301.012
2024-09-20 19:00:00+00:00,61863.7
2024-09-20 20:00:00+00:00,62063.66
2024-09-20 21:00:00+00:00,61981.306
2024-09-20 22:00:00+00:00,62006.769
2024-09-20 23:00:00+00:00,61967.668
2024-09-21 00:00:00+00:00,61980.845
2024-09-21 01:00:00+00:00,61959.746
2024-09-21 02:00:00+00:00,61748.96
2024-09-21 03:00:00+00:00,62058.706
2024-09-21 04:00:00+00:00,62218.63
2024-09-21 05:00:00+00:00,62493.168
2024-09-21 06:00:00+00:00,62314.797
2024-09-21 07:00:00+00:00,62577.707
2024-09-21 08:00:00+00:00,62736.393
2024-09-21 09:00:00+00:00,62854.107
2024-09-21 10:00:00+00:00,62831.578
2024-09-21 11:00:00+00:00,62834.857
2024-09-21 12:00:00+00:00,62903.018
2024-09-21 13:00:00+00:00,62913.504
2024-09-21 14:00:00+00:00,62759.966
2024-09-21 15:00:00+00:00,62574.916
2024-09-21 16:00:00+00:00,62489.96
2024-09-21 17:00:00+00:00,62885.247
2024-09-21 18:00:00+00:00,62885.9
2024-09-21 19:00:00+00:00,62885.013
2024-09-21 20:00:00+00:00,62604.33
2024-09-21 21:00:00+00:00,62575.569
2024-09-21 22:00:00+00:00,62573.513
2024-09-21 23:00:00+00:00,62549.911
2024-09-22 00:00:00+00:00,62083.739
2024-09-22 01:00:00+00:00,62001.646
2024-09-22 02:00:00+00:00,61937.938
2024-09-22 03:00:00+00:00,62561.122
2024-09-22 04:00:00+00:00,62535.62
2024-09-22 05:00:00+00:00,62546.402
2024-09-22 06:00:00+00:00,63070.663
2024-09-22 07:00:00+00:00,63095.645
2024-09-22 08:00:00+00:00,62698.042
2024-09-22 09:00:00+00:00,62517.541
2024-09-22 10:00:00+00:00,63038.175
2024-09-22 11:00:00+00:00,62640.216
2024-09-22 12:00:00+00:00,63050.51
2024-09-22 13:00:00+00:00,63049.872
2024-09-22 14:00:00+00:00,62727.63
2024-09-22 15:00:00+00:00,62517.37
2024-09-22 16:00:00+00:00,62536.703
2024-09-22 17:00:00+00:00,62278.779
2024-09-22 18:00:00+00:00,61754.091
2024-09-22 19:00:00+00:00,61674.146
2024-09-22 20:00:00+00:00,61054.079
2024-09-22 21:00:00+00:00,59732.129
2024-09-22 22:00:00+00:00,59590.564
2024-09-22 23:00:00+00:00,59425.613
2024-09-23 00:00:00+00:00,59684.586
2024-09-23 01:00:00+00:00,60242.697
2024-09-23 02:00:00+00:00,61226.717
2024-09-23 03:00:00+00:00,61656.621
2024-09-23 04:00:00+00:00,61407.188
2024-09-23 05:00:00+00:00,61135.83
2024-09-23 06:00:00+00:00,61126.375
2024-09-23 07:00:00+00:00,61198.258
2024-09-23 08:00:00+00:00,61145.777
2024-09-23 09:00:00+00:00,62092.385
2024-09-23 10:00:00+00:00,61248.89
2024-09-23 11:00:00+00:00,60871.919
2024-09-23 12:00:00+00:00,61227.305
2024-09-23 13:00:00+00:00,61340.382
2024-09-23 14:00:00+00:00,61562.137
2024-09-23 15:00:00+00:00,61327.828
2024-09-23 16:00:00+00:00,61479.506
2024-09-23 17:00:00+00:00,61395.86
2024-09-23 18:00:00+00:00,60678.136
2024-09-23 19:00:00+00:00,61066.225
2024-09-23 20:00:00+00:00,60418.764
2024-09-23 21:00:00+00:00,60316.313
2024-09-23 22:00:00+00:00,59981.858
2024-09-23 23:00:00+00:00,59866.921
2024-09-24 00:00:00+00:00,59833.163
2024-09-24 01:00:00+00:00,59599.809
2024-09-24 02:00:00+00:00,60274.596
2024-09-24 03:00:00+00:00,59949.837
2024-09-24 04:00:00+00:00,59956.819
2024-09-24 05:00:00+00:00,59921.212
2024-09-24 06:00:00+00:00,60168.132
2024-09-24 07:00:00+00:00,60249.761
2024-09-24 08:00:00+00:00,61054.654
2024-09-24 09:00:00+00:00,61117.829
2024-09-24 10:00:00+00:00,61409.475
2024-09-24 11:00:00+00:00,61233.081
2024-09-24 12:00:00+00:00,61189.698
2024-09-24 13:00:00+00:00,61408.148
2024-09-24 14:00:00+00:00,61762.387
2024-09-24 15:00:00+00:00,62807.962
2024-09-24 16:00:00+00:00,61820.647
2024-09-24 17:00:00+00:00,61716.497
2024-09-24 18:00:00+00:00,61211.198
2024-09-24 19:00:00+00:00,61589.199
2024-09-24 20:00:00+00:00,61458.479
2024-09-24 21:00:00+00:00,61535.027
2024-09-24 22:00:00+00:00,61912.62
2024-09-24 23:00:00+00:00,62644.508
2024-09-25 00:00:00+00:00,62248.574
2024-09-25 01:00:00+00:00,62914.939
2024-09-25 02:00:00+00:00,63583.612
2024-09-25 03:00:00+00:00,63602.044
2024-09-25 04:00:00+00:00,62633.748
2024-09-25 05:00:00+00:00,62617.956
2024-09-25 06:00:00+00:00,62785.91
2024-09-25 07:00:00+00:00,62071.236
2024-09-25 08:00:00+00:00,61754.461
2024-09-25 09:00:00+00:00,61773.162
2024-09-25 10:00:00+00:00,61802.352
2024-09-25 11:00:00+00:00,61878.529
2024-09-25 12:00:00+00:00,61819.314
2024-09-25 13:00:00+00:00,61613.88
2024-09-25 14:00:00+00:00,61850.829
2024-09-25 15:00:00+00:00,62521.091
2024-09-25 16:00:00+00:00,62328.759
2024-09-25 17:00:00+00:00,62795.086
2024-09-25 18:00:00+00:00,63234.633
2024-09-25 19:00:00+00:00,63768.888
2024-09-25 20:00:00+00:00,63776.113
2024-09-25 21:00:00+00:00,63935.632
2024-09-25 22:00:00+00:00,63823.208
2024-09-25 23:00:00+00:00,63722.954
2024-09-26 00:00:00+00:00,63373.291
2024-09-26 01:00:00+00:00,63606.602
2024-09-26 02:00:00+00:00,63787.807
2024-09-26 03:00:00+00:00,63803.869
2024-09-26 04:00:00+00:00,63760.804
2024-09-26 05:00:00+00:00,63992.003
2024-09-26 06:00:00+00:00,63801.127
2024-09-26 07:00:00+00:00,63713.321
2024-09-26 08:00:00+00:00,63730.133
2024-09-26 09:00:00+00:00,63754.571
2024-09-26 10:00:00+00:00,63918.28
2024-09-26 11:00:00+00:00,63168.002
2024-09-26 12:00:00+00:00,63428.879
2024-09-26 13:00:00+00:00,64246.566
2024-09-26 14:00:00+00:00,64492.703
2024-09-26 15:00:00+00:00,65007.575
2024-09-26 16:00:00+00:00,64314.356
2024-09-26 17:00:00+00:00,64466.273
2024-09-26 18:00:00+00:00,64457.472
2024-09-26 19:00:00+00:00,63755.198
2024-09-26 20:00:00+00:00,63337.902
2024-09-26 21:00:00+00:00,63529.006
2024-09-26 22:00:00+00:00,63755.798
2024-09-26 23:00:00+00:00,63659.909
2024-09-27 00:00:00+00:00,63501.2
2024-09-27 01:00:00+00:00,63504.313
2024-09-27 02:00:00+00:00,63669.211
2024-09-27 03:00:00+00:00,63286.169
2024-09-27 04:00:00+00:00,62884.78
2024-09-27 05:00:00+00:00,62795.43
2024-09-27 06:00:00+00:00,62889.701
2024-09-27 07:00:00+00:00,63414.949
2024-09-27 08:00:00+00:00,63959.169
2024-09-27 09:00:00+00:00,64685.977
2024-09-27 10:00:00+00:00,64900.702
2024-09-27 11:00:00+00:00,64664.644
2024-09-27 12:00:00+00:00,64921.132
2024-09-27 13:00:00+00:00,65012.577
2024-09-27 14:00:00+00:00,64784.152
2024-09-27 15:00:00+00:00,64328.893
2024-09-27 16:00:00+00:00,64127.877
2024-09-27 17:00:00+00:00,63535.353
2024-09-27 18:00:00+00:00,63243.09
2024-09-27 19:00:00+00:00,62665.939
2024-09-27 20:00:00+00:00,62420.457
2024-09-27 21:00:00+00:00,62576.125
2024-09-27 22:00:00+00:00,62861.324
2024-09-27 23:00:00+00:00,62880.908
2024-09-28 00:00:00+00:00,62972.242
2024-09-28 01:00:00+00:00,62690.634
2024-09-28 02:00:00+00:00,62995.898
2024-09-28 03:00:00+00:00,63378.298
2024-09-28 04:00:00+00:00,63106.185
2024-09-28 05:00:00+00:00,63088.18
2024-09-28 06:00:00+00:00,63256.936
2024-09-28 07:00:00+00:00,63080.692
2024-09-28 08:00:00+00:00,63074.972
2024-09-28 09:00:00+00:00,62224.871
2024-09-28 10:00:00+00:00,62420.57
2024-09-28 11:00:00+00:00,62596.967
2024-09-28 12:00:00+00:00,62707.664
2024-09-28 13:00:00+00:00,63123.772
2024-09-28 14:00:00+00:00,63380.001
2024-09-28 15:00:00+00:00,63132.112
2024-09-28 16:00:00+00:00,63412.217
2024-09-28 17:00:00+00:00,63383.572
2024-09-28 18:00:00+00:00,63360.54
2024-09-28 19:00:00+00:00,63332.732
2024-09-28 20:00:00+00:00,63250.665
2024-09-28 21:00:00+00:00,63025.558
2024-09-28 22:00:00+00:00,63081.972
2024-09-28 23:00:00+00:00,63175.525
2024-09-29 00:00:00+00:00,62608.157
2024-09-29 01:00:00+00:00,62707.84
2024-09-29 02:00:00+00:00,62789.646
2024-09-29 03:00:00+00:00,62839.583
2024-09-29 04:00:00+00:00,62878.546
2024-09-29 05:00:00+00:00,62840.079
2024-09-29 06:00:00+00:00,62929.302
2024-09-29 07:00:00+00:00,63032.466
2024-09-29 08:00:00+00:00,62689.369
2024-09-29 09:00:00+00:00,62642.547
2024-09-29 10:00:00+00:00,62764.495
2024-09-29 11:00:00+00:00,62947.606
2024-09-29 12:00:00+00:00,63008.825
2024-09-29 13:00:00+00:00,63606.541
2024-09-29 14:00:00+00:00,63609.782
2024-09-29 15:00:00+00:00,63538.449
2024-09-29 16:00:00+00:00,63561.727
2024-09-29 17:00:00+00:00,63702.625
2024-09-29 18:00:00+00:00,63663.98
2024-09-29 19:00:00+00:00,63737.688
2024-09-29 20:00:00+00:00,63770.891
2024-09-29 21:00:00+00:00,63126.003
2024-09-29 22:00:00+00:00,62968.804
2024-09-29 23:00:00+00:00,62858.623
2024-09-30 00:00:00+00:00,62990.337
2024-09-30 01:00:00+00:00,62832.471
2024-09-30 02:00:00+00:00,61699.744
2024-09-30 03:00:00+00:00,63296.616
2024-09-30 04:00:00+00:00,64157.764
2024-09-30 05:00:00+00:00,64652.652
2024-09-30 06:00:00+00:00,64808.095
2024-09-30 07:00:00+00:00,64781.192
2024-09-30 08:00:00+00:00,64933.328
2024-09-30 09:00:00+00:00,65908.633
2024-09-30 10:00:00+00:00,64732.235
2024-09-30 11:00:00+00:00,64833.653
2024-09-30 12:00:00+00:00,64804.693
2024-09-30 13:00:00+00:00,65358.846
2024-09-30 14:00:00+00:00,64797.437
2024-09-30 15:00:00+00:00,64383.209
2024-09-30 16:00:00+00:00,63970.808
2024-09-30 17:00:00+00:00,64790.339
2024-09-30 18:00:00+00:00,64791.018
2024-09-30 19:00:00+00:00,64379.371
2024-09-30 20:00:00+00:00,64377.482
2024-09-30 21:00:00+00:00,64352.615
2024-09-30 22:00:00+00:00,64237.789
2024-09-30 23:00:00+00:00,63948.965
2024-10-01 00:00:00+00:00,64296.285
2024-10-01 01:00:00+00:00,61686.742
2024-10-01 02:00:00+00:00,61840.225
2024-10-01 03:00:00+00:00,61694.126
2024-10-01 04:00:00+00:00,61854.968
2024-10-01 05:00:00+00:00,61899.42
2024-10-01 06:00:00+00:00,61581.986
2024-10-01 07:00:00+00:00,60959.894
2024-10-01 08:00:00+00:00,61089.471
2024-10-01 09:00:00+00:00,61514.881
2024-10-01 10:00:00+00:00,61829.912
2024-10-01 11:00:00+00:00,62255.25
2024-10-01 12:00:00+00:00,62289.325
2024-10-01 13:00:00+00:00,62532.873
2024-10-01 14:00:00+00:00,63552.487
2024-10-01 15:00:00+00:00,64584.777
2024-10-01 16:00:00+00:00,62584.934
2024-10-01 17:00:00+00:00,62284.088
2024-10-01 18:00:00+00:00,61050.84
2024-10-01 19:00:00+00:00,62318.965
2024-10-01 20:00:00+00:00,62934.01
2024-10-01 21:00:00+00:00,62304.62
2024-10-01 22:00:00+00:00,63320.871
2024-10-01 23:00:00+00:00,63044.522
2024-10-02 00:00:00+00:00,63103.187
2024-10-02 01:00:00+00:00,63140.862
2024-10-02 02:00:00+00:00,63517.356
2024-10-02 03:00:00+00:00,63368.779
2024-10-02 04:00:00+00:00,62939.667
2024-10-02 05:00:00+00:00,63250.537
2024-10-02 06:00:00+00:00,63490.492
2024-10-02 07:00:00+00:00,63346.999
2024-10-02 08:00:00+00:00,63391.303
2024-10-02 09:00:00+00:00,63357.101
2024-10-02 10:00:00+00:00,63218.549
2024-10-02 11:00:00+00:00,64135.955
2024-10-02 12:00:00+00:00,63760.477
2024-10-02 13:00:00+00:00,63275.985
2024-10-02 14:00:00+00:00,63438.469
2024-10-02 15:00:00+00:00,63530.724
2024-10-02 16:00:00+00:00,63851.37
2024-10-02 17:00:00+00:00,63000.579
2024-10-02 18:00:00+00:00,62974.114
2024-10-02 19:00:00+00:00,62119.725
2024-10-02 20:00:00+00:00,61714.438
2024-10-02 21:00:00+00:00,61202.588
2024-10-02 22:00:00+00:00,61244.68
2024-10-02 23:00:00+00:00,61064.105
2024-10-03 00:00:00+00:00,61272.513
2024-10-03 01:00:00+00:00,61507.098
2024-10-03 02:00:00+00:00,61666.723
2024-10-03 03:00:00+00:00,61265.775
2024-10-03 04:00:00+00:00,61353.263
2024-10-03 05:00:00+00:00,61433.866
2024-10-03 06:00:00+00:00,61785.571
2024-10-03 07:00:00+00:00,62248.68
2024-10-03 08:00:00+00:00,62233.533
2024-10-03 09:00:00+00:00,62135.779
2024-10-03 10:00:00+00:00,61965.147
2024-10-03 11:00:00+00:00,62302.564
2024-10-03 12:00:00+00:00,62391.751
2024-10-03 13:00:00+00:00,62219.455
2024-10-03 14:00:00+00:00,61944.384
2024-10-03 15:00:00+00:00,62464.431
2024-10-03 16:00:00+00:00,63113.688
2024-10-03 17:00:00+00:00,62736.81
2024-10-03 18:00:00+00:00,63231.353
2024-10-03 19:00:00+00:00,63287.301
2024-10-03 20:00:00+00:00,63797.657
2024-10-03 21:00:00+00:00,63514.28
2024-10-03 22:00:00+00:00,63683.578
2024-10-03 23:00:00+00:00,63862.893
2024-10-04 00:00:00+00:00,63699.106
2024-10-04 01:00:00+00:00,62824.477
2024-10-04 02:00:00+00:00,62642.06
2024-10-04 03:00:00+00:00,63080.526
2024-10-04 04:00:00+00:00,62889.386
2024-10-04 05:00:00+00:00,62879.73
2024-10-04 06:00:00+00:00,63434.172
2024-10-04 07:00:00+00:00,63815.64
2024-10-04 08:00:00+00:00,63348.584
2024-10-04 09:00:00+00:00,63264.145
2024-10-04 10:00:00+00:00,63850.607
2024-10-04 11:00:00+00:00,64000.982
2024-10-04 12:00:00+00:00,64059.894
2024-10-04 13:00:00+00:00,64545.54
2024-10-04 14:00:00+00:00,64266.741
2024-10-04 15:00:00+00:00,63393.727
2024-10-04 16:00:00+00:00,63020.882
2024-10-04 17:00:00+00:00,63489.925
2024-10-04 18:00:00+00:00,63623.363
2024-10-04 19:00:00+00:00,63183.458
2024-10-04 20:00:00+00:00,64173.99
2024-10-04 21:00:00+00:00,63126.299
2024-10-04 22:00:00+00:00,62967.664
2024-10-04 23:00:00+00:00,62914.645
2024-10-05 00:00:00+00:00,62689.07
2024-10-05 01:00:00+00:00,62459.323
2024-10-05 02:00:00+00:00,62782.324
2024-10-05 03:00:00+00:00,62708.472
2024-10-05 04:00:00+00:00,62983.036
2024-10-05 05:00:00+00:00,62855.42
2024-10-05 06:00:00+00:00,62628.272
2024-10-05 07:00:00+00:00,62723.008
2024-10-05 08:00:00+00:00,62871.107
2024-10-05 09:00:00+00:00,62983.55
2024-10-05 10:00:00+00:00,63221.344
2024-10-05 11:00:00+00:00,63297.232
2024-10-05 12:00:00+00:00,63251.876
2024-10-05 13:00:00+00:00,63254.0
2024-10-05 14:00:00+00:00,63001.719
2024-10-05 15:00:00+00:00,62889.134
2024-10-05 16:00:00+00:00,63003.439
2024-10-05 17:00:00+00:00,63027.646
2024-10-05 18:00:00+00:00,63206.655
2024-10-05 19:00:00+00:00,63431.128
2024-10-05 20:00:00+00:00,63252.432
2024-10-05 21:00:00+00:00,63029.573
2024-10-05 22:00:00+00:00,62968.201
2024-10-05 23:00:00+00:00,62728.818
2024-10-06 00:00:00+00:00,62730.627
2024-10-06 01:00:00+00:00,62759.983
2024-10-06 02:00:00+00:00,62527.721
2024-10-06 03:00:00+00:00,62688.122
2024-10-06 04:00:00+00:00,62689.764
2024-10-06 05:00:00+00:00,62666.083
2024-10-06 06:00:00+00:00,63012.732
2024-10-06 07:00:00+00:00,63041.151
2024-10-06 08:00:00+00:00,63047.218
2024-10-06 09:00:00+00:00,63611.011
2024-10-06 10:00:00+00:00,63888.83
2024-10-06 11:00:00+00:00,63916.704
2024-10-06 12:00:00+00:00,64076.96
2024-10-06 13:00:00+00:00,64214.198
2024-10-06 14:00:00+00:00,64784.279
2024-10-06 15:00:00+00:00,64956.364
2024-10-06 16:00:00+00:00,65092.123
2024-10-06 17:00:00+00:00,65290.168
2024-10-06 18:00:00+00:00,65169.303
2024-10-06 19:00:00+00:00,65094.217
2024-10-06 20:00:00+00:00,65090.245
2024-10-06 21:00:00+00:00,64773.621
2024-10-06 22:00:00+00:00,63919.455
2024-10-06 23:00:00+00:00,63776.725
2024-10-07 00:00:00+00:00,64059.827
2024-10-07 01:00:00+00:00,63508.748
2024-10-07 02:00:00+00:00,64182.104
2024-10-07 03:00:00+00:00,64219.42
2024-10-07 04:00:00+00:00,63944.613
2024-10-07 05:00:00+00:00,64180.512
2024-10-07 06:00:00+00:00,64105.764
2024-10-07 07:00:00+00:00,64159.241
2024-10-07 08:00:00+00:00,64341.996
2024-10-07 09:00:00+00:00,64488.354
2024-10-07 10:00:00+00:00,64278.145
2024-10-07 11:00:00+00:00,64360.332
2024-10-07 12:00:00+00:00,65331.014
2024-10-07 13:00:00+00:00,65771.129
2024-10-07 14:00:00+00:00,65370.213
2024-10-07 15:00:00+00:00,65088.424
2024-10-07 16:00:00+00:00,64890.946
2024-10-07 17:00:00+00:00,65025.564
2024-10-07 18:00:00+00:00,64714.378
2024-10-07 19:00:00+00:00,63808.7
2024-10-07 20:00:00+00:00,64449.247
2024-10-07 21:00:00+00:00,64382.92
2024-10-07 22:00:00+00:00,64235.144
2024-10-07 23:00:00+00:00,63200.955
2024-10-08 00:00:00+00:00,63398.699
2024-10-08 01:00:00+00:00,63746.592
2024-10-08 02:00:00+00:00,63660.343
2024-10-08 03:00:00+00:00,63958.513
2024-10-08 04:00:00+00:00,64000.901
2024-10-08 05:00:00+00:00,63895.552
2024-10-08 06:00:00+00:00,64635.208
2024-10-08 07:00:00+00:00,64740.598
2024-10-08 08:00:00+00:00,64053.317
2024-10-08 09:00:00+00:00,64259.217
2024-10-08 10:00:00+00:00,63951.438
2024-10-08 11:00:00+00:00,64009.797
2024-10-08 12:00:00+00:00,63918.31
2024-10-08 13:00:00+00:00,64251.761
2024-10-08 14:00:00+00:00,64389.658
2024-10-08 15:00:00+00:00,64124.702
2024-10-08 16:00:00+00:00,63444.518
2024-10-08 17:00:00+00:00,63614.694
2024-10-08 18:00:00+00:00,63423.916
2024-10-08 19:00:00+00:00,63297.631
2024-10-08 20:00:00+00:00,63224.017
2024-10-08 21:00:00+00:00,63295.818
2024-10-08 22:00:00+00:00,62947.087
2024-10-08 23:00:00+00:00,62861.858
2024-10-09 00:00:00+00:00,62543.127
2024-10-09 01:00:00+00:00,63263.825
2024-10-09 02:00:00+00:00,62639.776
2024-10-09 03:00:00+00:00,62608.01
2024-10-09 04:00:00+00:00,62773.405
2024-10-09 05:00:00+00:00,62896.635
2024-10-09 06:00:00+00:00,63408.495
2024-10-09 07:00:00+00:00,63529.549
2024-10-09 08:00:00+00:00,63652.659
2024-10-09 09:00:00+00:00,63601.822
2024-10-09 10:00:00+00:00,63836.918
2024-10-09 11:00:00+00:00,63771.43
2024-10-09 12:00:00+00:00,63895.571
2024-10-09 13:00:00+00:00,64686.048
2024-10-09 14:00:00+00:00,64906.336
2024-10-09 15:00:00+00:00,65663.973
2024-10-09 16:00:00+00:00,65606.267
2024-10-09 17:00:00+00:00,64965.666
2024-10-09 18:00:00+00:00,65340.04
2024-10-09 19:00:00+00:00,64518.13
2024-10-09 20:00:00+00:00,65186.561
2024-10-09 21:00:00+00:00,64606.098
2024-10-09 22:00:00+00:00,64780.665
2024-10-09 23:00:00+00:00,64850.446
2024-10-10 00:00:00+00:00,64706.981
2024-10-10 01:00:00+00:00,64874.617
2024-10-10 02:00:00+00:00,65077.741
2024-10-10 03:00:00+00:00,65633.053
2024-10-10 04:00:00+00:00,66095.568
2024-10-10 05:00:00+00:00,66314.547
2024-10-10 06:00:00+00:00,66446.945
2024-10-10 07:00:00+00:00,67000.232
2024-10-10 08:00:00+00:00,67161.155
2024-10-10 09:00:00+00:00,66251.356
2024-10-10 10:00:00+00:00,66155.428
2024-10-10 11:00:00+00:00,66536.698
2024-10-10 12:00:00+00:00,66194.96
2024-10-10 13:00:00+00:00,66685.378
2024-10-10 14:00:00+00:00,66793.80899999
2024-10-10 15:00:00+00:00,66845.939
2024-10-10 16:00:00+00:00,66603.08199999
2024-10-10 17:00:00+00:00,66121.886
2024-10-10 18:00:00+00:00,66913.706
2024-10-10 19:00:00+00:00,66950.66499999
2024-10-10 20:00:00+00:00,66350.744
2024-10-10 21:00:00+00:00,66186.91099999
2024-10-10 22:00:00+00:00,65828.886
2024-10-10 23:00:00+00:00,65913.466
2024-10-11 00:00:00+00:00,65828.50599999
2024-10-11 01:00:00+00:00,65569.45
2024-10-11 02:00:00+00:00,64898.902
2024-10-11 03:00:00+00:00,65304.584
2024-10-11 04:00:00+00:00,65199.126
2024-10-11 05:00:00+00:00,65147.739
2024-10-11 06:00:00+00:00,65071.487
2024-10-11 07:00:00+00:00,65009.739
2024-10-11 08:00:00+00:00,64978.776
2024-10-11 09:00:00+00:00,65289.786
2024-10-11 10:00:00+00:00,64774.781
2024-10-11 11:00:00+00:00,65899.751
2024-10-11 12:00:00+00:00,65958.032
2024-10-11 13:00:00+00:00,66817.676
2024-10-11 14:00:00+00:00,67240.721
2024-10-11 15:00:00+00:00,68077.979
2024-10-11 16:00:00+00:00,68466.767
2024-10-11 17:00:00+00:00,70549.138
2024-10-11 18:00:00+00:00,69961.859
2024-10-11 19:00:00+00:00,70813.053
2024-10-11 20:00:00+00:00,69677.19
2024-10-11 21:00:00+00:00,70159.258
2024-10-11 22:00:00+00:00,70122.892
2024-10-11 23:00:00+00:00,69419.994
2024-10-12 00:00:00+00:00,68782.065
2024-10-12 01:00:00+00:00,68061.773
2024-10-12 02:00:00+00:00,68309.249
2024-10-12 03:00:00+00:00,66968.74
2024-10-12 04:00:00+00:00,67011.603
2024-10-12 05:00:00+00:00,67058.11599999
2024-10-12 06:00:00+00:00,67087.895
2024-10-12 07:00:00+00:00,67244.05
2024-10-12 08:00:00+00:00,67329.395
2024-10-12 09:00:00+00:00,67290.928
2024-10-12 10:00:00+00:00,67406.75
2024-10-12 11:00:00+00:00,67540.963
2024-10-12 12:00:00+00:00,68082.87699999
2024-10-12 13:00:00+00:00,68391.392
2024-10-12 14:00:00+00:00,68013.221
2024-10-12 15:00:00+00:00,68459.747
2024-10-12 16:00:00+00:00,68695.077
2024-10-12 17:00:00+00:00,68942.774
2024-10-12 18:00:00+00:00,69162.178
2024-10-12 19:00:00+00:00,69243.91899999
2024-10-12 20:00:00+00:00,69309.42999999
2024-10-12 21:00:00+00:00,69254.959
2024-10-12 22:00:00+00:00,69217.60799999
2024-10-12 23:00:00+00:00,69145.425
2024-10-13 00:00:00+00:00,69383.807
2024-10-13 01:00:00+00:00,69544.782
2024-10-13 02:00:00+00:00,70091.503
2024-10-13 03:00:00+00:00,70247.791
2024-10-13 04:00:00+00:00,69933.24
2024-10-13 05:00:00+00:00,69793.345
2024-10-13 06:00:00+00:00,69690.966
2024-10-13 07:00:00+00:00,69701.11599999
2024-10-13 08:00:00+00:00,69379.632
2024-10-13 09:00:00+00:00,68862.384
2024-10-13 10:00:00+00:00,68816.518
2024-10-13 11:00:00+00:00,68098.486
2024-10-13 12:00:00+00:00,68732.595
2024-10-13 13:00:00+00:00,68582.85099999
2024-10-13 14:00:00+00:00,68461.31299999
2024-10-13 15:00:00+00:00,68452.338
2024-10-13 16:00:00+00:00,68849.575
2024-10-13 17:00:00+00:00,68804.89999999
2024-10-13 18:00:00+00:00,68761.66899999
2024-10-13 19:00:00+00:00,68658.223
2024-10-13 20:00:00+00:00,68792.586
2024-10-13 21:00:00+00:00,68709.417
2024-10-13 22:00:00+00:00,68089.228
2024-10-13 23:00:00+00:00,67839.85799999
2024-10-14 00:00:00+00:00,67779.822
2024-10-14 01:00:00+00:00,67552.122
2024-10-14 02:00:00+00:00,67814.004
2024-10-14 03:00:00+00:00,67915.356
2024-10-14 04:00:00+00:00,68215.023
2024-10-14 05:00:00+00:00,68985.372
2024-10-14 06:00:00+00:00,67683.306
2024-10-14 07:00:00+00:00,67947.493
2024-10-14 08:00:00+00:00,68343.84
2024-10-14 09:00:00+00:00,68808.44
2024-10-14 10:00:00+00:00,69589.104
2024-10-14 11:00:00+00:00,70101.68799999
2024-10-14 12:00:00+00:00,70680.923
2024-10-14 13:00:00+00:00,70750.515
2024-10-14 14:00:00+00:00,70657.754
2024-10-14 15:00:00+00:00,71132.82
2024-10-14 16:00:00+00:00,71321.497
2024-10-14 17:00:00+00:00,70559.811
2024-10-14 18:00:00+00:00,70870.334
2024-10-14 19:00:00+00:00,71124.289
2024-10-14 20:00:00+00:00,70337.634
2024-10-14 21:00:00+00:00,70435.791
2024-10-14 22:00:00+00:00,70513.345
2024-10-14 23:00:00+00:00,68582.841
2024-10-15 00:00:00+00:00,68962.095
2024-10-15 01:00:00+00:00,68908.098
2024-10-15 02:00:00+00:00,69130.10099999
2024-10-15 03:00:00+00:00,69287.97199999
2024-10-15 04:00:00+00:00,68883.031
2024-10-15 05:00:00+00:00,69180.386
2024-10-15 06:00:00+00:00,69471.201
2024-10-15 07:00:00+00:00,69756.876
2024-10-15 08:00:00+00:00,69858.89599999
2024-10-15 09:00:00+00:00,69861.87
2024-10-15 10:00:00+00:00,69452.11199999
2024-10-15 11:00:00+00:00,69469.821
2024-10-15 12:00:00+00:00,69293.296
2024-10-15 13:00:00+00:00,69675.874
2024-10-15 14:00:00+00:00,69769.706
2024-10-15 15:00:00+00:00,67441.84299999
2024-10-15 16:00:00+00:00,68086.668
2024-10-15 17:00:00+00:00,68253.361
2024-10-15 18:00:00+00:00,68721.82399999
2024-10-15 19:00:00+00:00,69504.189
2024-10-15 20:00:00+00:00,68704.96799999
2024-10-15 21:00:00+00:00,67729.432
2024-10-15 22:00:00+00:00,67271.118
2024-10-15 23:00:00+00:00,66757.136
2024-10-16 00:00:00+00:00,66824.948
2024-10-16 01:00:00+00:00,66851.5
2024-10-16 02:00:00+00:00,67434.399
2024-10-16 03:00:00+00:00,67982.432
2024-10-16 04:00:00+00:00,67901.16099999
2024-10-16 05:00:00+00:00,68060.05
2024-10-16 06:00:00+00:00,67980.395
2024-10-16 07:00:00+00:00,68176.441
2024-10-16 08:00:00+00:00,68175.145
2024-10-16 09:00:00+00:00,68493.995
2024-10-16 10:00:00+00:00,69177.051
2024-10-16 11:00:00+00:00,69985.685
2024-10-16 12:00:00+00:00,71058.251
2024-10-16 13:00:00+00:00,71059.13099999
2024-10-16 14:00:00+00:00,70899.282
2024-10-16 15:00:00+00:00,70577.217
2024-10-16 16:00:00+00:00,70851.356
2024-10-16 17:00:00+00:00,70783.58
2024-10-16 18:00:00+00:00,71243.701
2024-10-16 19:00:00+00:00,71485.46
2024-10-16 20:00:00+00:00,71913.788
2024-10-16 21:00:00+00:00,71821.584
2024-10-16 22:00:00+00:00,71500.811
2024-10-16 23:00:00+00:00,71226.141
2024-10-17 00:00:00+00:00,71197.893
2024-10-17 01:00:00+00:00,71235.79399999
2024-10-17 02:00:00+00:00,70942.516
2024-10-17 03:00:00+00:00,71019.134
2024-10-17 04:00:00+00:00,71018.29399999
2024-10-17 05:00:00+00:00,71044.605
2024-10-17 06:00:00+00:00,70824.259
2024-10-17 07:00:00+00:00,70659.659
2024-10-17 08:00:00+00:00,70992.907
2024-10-17 09:00:00+00:00,71163.015
2024-10-17 10:00:00+00:00,71314.12
2024-10-17 11:00:00+00:00,70261.157
2024-10-17 12:00:00+00:00,70645.27499999
2024-10-17 13:00:00+00:00,71217.94
2024-10-17 14:00:00+00:00,71257.277
2024-10-17 15:00:00+00:00,71736.77099999
2024-10-17 16:00:00+00:00,71638.732
2024-10-17 17:00:00+00:00,71946.056
2024-10-17 18:00:00+00:00,71739.201
2024-10-17 19:00:00+00:00,69083.479
2024-10-17 20:00:00+00:00,69544.5
2024-10-17 21:00:00+00:00,68930.534
2024-10-17 22:00:00+00:00,68732.676
2024-10-17 23:00:00+00:00,68885.92999999
2024-10-18 00:00:00+00:00,68821.0
2024-10-18 01:00:00+00:00,68851.504
2024-10-18 02:00:00+00:00,68057.62699999
2024-10-18 03:00:00+00:00,69281.00199999
2024-10-18 04:00:00+00:00,68746.912
2024-10-18 05:00:00+00:00,69452.874
2024-10-18 06:00:00+00:00,70075.603
2024-10-18 07:00:00+00:00,71297.03999999
2024-10-18 08:00:00+00:00,71198.75599999
2024-10-18 09:00:00+00:00,71521.913
2024-10-18 10:00:00+00:00,71460.157
2024-10-18 11:00:00+00:00,71404.64
2024-10-18 12:00:00+00:00,71149.12
2024-10-18 13:00:00+00:00,71152.897
2024-10-18 14:00:00+00:00,71550.027
2024-10-18 15:00:00+00:00,73161.662
2024-10-18 16:00:00+00:00,73820.32799999
2024-10-18 17:00:00+00:00,74509.585
2024-10-18 18:00:00+00:00,74397.69
2024-10-18 19:00:00+00:00,74125.102
2024-10-18 20:00:00+00:00,73544.049
2024-10-18 21:00:00+00:00,73189.585
2024-10-18 22:00:00+00:00,72205.22599999
2024-10-18 23:00:00+00:00,72258.205
2024-10-19 00:00:00+00:00,72027.192
2024-10-19 01:00:00+00:00,71847.13099999
2024-10-19 02:00:00+00:00,71885.725
2024-10-19 03:00:00+00:00,71696.905
2024-10-19 04:00:00+00:00,71626.98
2024-10-19 05:00:00+00:00,71808.765
2024-10-19 06:00:00+00:00,71932.444
2024-10-19 07:00:00+00:00,72159.603
2024-10-19 08:00:00+00:00,72189.15399999
2024-10-19 09:00:00+00:00,72133.223
2024-10-19 10:00:00+00:00,72259.451
2024-10-19 11:00:00+00:00,72282.306
2024-10-19 12:00:00+00:00,72441.401
2024-10-19 13:00:00+00:00,72419.232
2024-10-19 14:00:00+00:00,72504.018
2024-10-19 15:00:00+00:00,72454.61
2024-10-19 16:00:00+00:00,72535.307
2024-10-19 17:00:00+00:00,72819.197
2024-10-19 18:00:00+00:00,72426.56299999
2024-10-19 19:00:00+00:00,72492.47599999
2024-10-19 20:00:00+00:00,72505.634
2024-10-19 21:00:00+00:00,72471.71
2024-10-19 22:00:00+00:00,72653.429
2024-10-19 23:00:00+00:00,72697.068
2024-10-20 00:00:00+00:00,72861.966
2024-10-20 01:00:00+00:00,72907.596
2024-10-20 02:00:00+00:00,72756.78999999
2024-10-20 03:00:00+00:00,72654.317
2024-10-20 04:00:00+00:00,73018.023
2024-10-20 05:00:00+00:00,72990.156
2024-10-20 06:00:00+00:00,72991.369
2024-10-20 07:00:00+00:00,72964.87699999
2024-10-20 08:00:00+00:00,72987.869
2024-10-20 09:00:00+00:00,72522.577
2024-10-20 10:00:00+00:00,72727.693
2024-10-20 11:00:00+00:00,72768.548
2024-10-20 12:00:00+00:00,72855.81
2024-10-20 13:00:00+00:00,72515.22
2024-10-20 14:00:00+00:00,72518.437
2024-10-20 15:00:00+00:00,72422.869
2024-10-20 16:00:00+00:00,72481.951
2024-10-20 17:00:00+00:00,72618.486
2024-10-20 18:00:00+00:00,72635.421
2024-10-20 19:00:00+00:00,72691.619
2024-10-20 20:00:00+00:00,72633.804
2024-10-20 21:00:00+00:00,72167.128
2024-10-20 22:00:00+00:00,71996.969
2024-10-20 23:00:00+00:00,72006.732
2024-10-21 00:00:00+00:00,71850.369
2024-10-21 01:00:00+00:00,72124.32799999
2024-10-21 02:00:00+00:00,71885.346
2024-10-21 03:00:00+00:00,71850.762
2024-10-21 04:00:00+00:00,72439.429
2024-10-21 05:00:00+00:00,72650.875
2024-10-21 06:00:00+00:00,72688.255
2024-10-21 07:00:00+00:00,72640.53999999
2024-10-21 08:00:00+00:00,72739.75199999
2024-10-21 09:00:00+00:00,72819.104
2024-10-21 10:00:00+00:00,72714.295
2024-10-21 11:00:00+00:00,72709.065
2024-10-21 12:00:00+00:00,72753.755
2024-10-21 13:00:00+00:00,72717.289
2024-10-21 14:00:00+00:00,71377.658
2024-10-21 15:00:00+00:00,71693.861
2024-10-21 16:00:00+00:00,72224.39599999
2024-10-21 17:00:00+00:00,73135.947
2024-10-21 18:00:00+00:00,72991.412
2024-10-21 19:00:00+00:00,72967.611
2024-10-21 20:00:00+00:00,72572.60099999
2024-10-21 21:00:00+00:00,72377.757
2024-10-21 22:00:00+00:00,72315.503
2024-10-21 23:00:00+00:00,71863.388
2024-10-22 00:00:00+00:00,71400.66099999
2024-10-22 01:00:00+00:00,71025.3
2024-10-22 02:00:00+00:00,71192.096
2024-10-22 03:00:00+00:00,71157.973
2024-10-22 04:00:00+00:00,71278.71799999
2024-10-22 05:00:00+00:00,71385.02899999
2024-10-22 06:00:00+00:00,71784.744
2024-10-22 07:00:00+00:00,71812.819
2024-10-22 08:00:00+00:00,71595.16
2024-10-22 09:00:00+00:00,70834.829
2024-10-22 10:00:00+00:00,70812.114
2024-10-22 11:00:00+00:00,71147.878
2024-10-22 12:00:00+00:00,71109.344
2024-10-22 13:00:00+00:00,71397.788
2024-10-22 14:00:00+00:00,71502.92999999
2024-10-22 15:00:00+00:00,72496.53
2024-10-22 16:00:00+00:00,72340.822
2024-10-22 17:00:00+00:00,72136.766
2024-10-22 18:00:00+00:00,71999.126
2024-10-22 19:00:00+00:00,72960.05499999
2024-10-22 20:00:00+00:00,72872.552
2024-10-22 21:00:00+00:00,72942.192
2024-10-22 22:00:00+00:00,73227.067
2024-10-22 23:00:00+00:00,73254.931
2024-10-23 00:00:00+00:00,72365.079
2024-10-23 01:00:00+00:00,72543.50599999
2024-10-23 02:00:00+00:00,72806.342
2024-10-23 03:00:00+00:00,72666.118
2024-10-23 04:00:00+00:00,72551.27899999
2024-10-23 05:00:00+00:00,72206.064
2024-10-23 06:00:00+00:00,72253.801
2024-10-23 07:00:00+00:00,72670.139
2024-10-23 08:00:00+00:00,73013.331
2024-10-23 09:00:00+00:00,72391.046
2024-10-23 10:00:00+00:00,72634.942
2024-10-23 11:00:00+00:00,73188.729
2024-10-23 12:00:00+00:00,73686.375
2024-10-23 13:00:00+00:00,73519.195
2024-10-23 14:00:00+00:00,74458.03599999
2024-10-23 15:00:00+00:00,74367.764
2024-10-23 16:00:00+00:00,73710.763
2024-10-23 17:00:00+00:00,74343.209
2024-10-23 18:00:00+00:00,74500.20299999
2024-10-23 19:00:00+00:00,75882.16099999
2024-10-23 20:00:00+00:00,75189.903
2024-10-23 21:00:00+00:00,75625.822
2024-10-23 22:00:00+00:00,74684.58
2024-10-23 23:00:00+00:00,74308.82399999
2024-10-24 00:00:00+00:00,74652.951
2024-10-24 01:00:00+00:00,73904.355
2024-10-24 02:00:00+00:00,73708.519
2024-10-24 03:00:00+00:00,73525.764
2024-10-24 04:00:00+00:00,73058.70299999
2024-10-24 05:00:00+00:00,72878.18399999
2024-10-24 06:00:00+00:00,73064.04399999
2024-10-24 07:00:00+00:00,72888.98299999
2024-10-24 08:00:00+00:00,73131.693
2024-10-24 09:00:00+00:00,73048.336
2024-10-24 10:00:00+00:00,73572.126
2024-10-24 11:00:00+00:00,73761.55
2024-10-24 12:00:00+00:00,74546.073
2024-10-24 13:00:00+00:00,74793.095
2024-10-24 14:00:00+00:00,76163.947
2024-10-24 15:00:00+00:00,76245.732
2024-10-24 16:00:00+00:00,76100.392
2024-10-24 17:00:00+00:00,75886.32
2024-10-24 18:00:00+00:00,76106.773
2024-10-24 19:00:00+00:00,76595.21
2024-10-24 20:00:00+00:00,74574.56299999
2024-10-24 21:00:00+00:00,74447.079
2024-10-24 22:00:00+00:00,74151.649
2024-10-24 23:00:00+00:00,73947.209
2024-10-25 00:00:00+00:00,73963.916
2024-10-25 01:00:00+00:00,73868.42999999
2024-10-25 02:00:00+00:00,73930.323
2024-10-25 03:00:00+00:00,74013.678
2024-10-25 04:00:00+00:00,74271.09
2024-10-25 05:00:00+00:00,74215.927
2024-10-25 06:00:00+00:00,74226.352
2024-10-25 07:00:00+00:00,74324.164
2024-10-25 08:00:00+00:00,73845.63099999
2024-10-25 09:00:00+00:00,74177.201
2024-10-25 10:00:00+00:00,73992.626
2024-10-25 11:00:00+00:00,74021.23699999
2024-10-25 12:00:00+00:00,74266.234
2024-10-25 13:00:00+00:00,74508.758
2024-10-25 14:00:00+00:00,74196.557
2024-10-25 15:00:00+00:00,74223.152
2024-10-25 16:00:00+00:00,73080.058
2024-10-25 17:00:00+00:00,73793.299
2024-10-25 18:00:00+00:00,72383.446
2024-10-25 19:00:00+00:00,71042.979
2024-10-25 20:00:00+00:00,70171.887
2024-10-25 21:00:00+00:00,70254.051
2024-10-25 22:00:00+00:00,70308.709
2024-10-25 23:00:00+00:00,69742.75599999
2024-10-26 00:00:00+00:00,69341.541
2024-10-26 01:00:00+00:00,69219.963
2024-10-26 02:00:00+00:00,69177.63
2024-10-26 03:00:00+00:00,68815.401
2024-10-26 04:00:00+00:00,68714.86
2024-10-26 05:00:00+00:00,68724.918
2024-10-26 06:00:00+00:00,68686.493
2024-10-26 07:00:00+00:00,68621.48299999
2024-10-26 08:00:00+00:00,68702.562
2024-10-26 09:00:00+00:00,68773.031
2024-10-26 10:00:00+00:00,68858.484
2024-10-26 11:00:00+00:00,69052.715
2024-10-26 12:00:00+00:00,69010.997
2024-10-26 13:00:00+00:00,69194.144
2024-10-26 14:00:00+00:00,69270.996
2024-10-26 15:00:00+00:00,69266.681
2024-10-26 16:00:00+00:00,68952.844
2024-10-26 17:00:00+00:00,68959.388
2024-10-26 18:00:00+00:00,68866.64599999
2024-10-26 19:00:00+00:00,68941.05499999
2024-10-26 20:00:00+00:00,68962.594
2024-10-26 21:00:00+00:00,69072.96
2024-10-26 22:00:00+00:00,68787.213
2024-10-26 23:00:00+00:00,68719.721
2024-10-27 00:00:00+00:00,68799.367
2024-10-27 01:00:00+00:00,68818.20299999
2024-10-27 02:00:00+00:00,68968.812
2024-10-27 03:00:00+00:00,69124.369
2024-10-27 04:00:00+00:00,69074.08
2024-10-27 05:00:00+00:00,69020.242
2024-10-27 06:00:00+00:00,69127.05499999
2024-10-27 07:00:00+00:00,69205.53999999
2024-10-27 08:00:00+00:00,69146.748
2024-10-27 09:00:00+00:00,69238.026
2024-10-27 10:00:00+00:00,69093.019
2024-10-27 11:00:00+00:00,69306.338
2024-10-27 12:00:00+00:00,69318.819
2024-10-27 13:00:00+00:00,70069.705
2024-10-27 14:00:00+00:00,70296.493
2024-10-27 15:00:00+00:00,70617.094
2024-10-27 16:00:00+00:00,70792.069
2024-10-27 17:00:00+00:00,70792.384
2024-10-27 18:00:00+00:00,70799.47
2024-10-27 19:00:00+00:00,70566.156
2024-10-27 20:00:00+00:00,70511.86599999
2024-10-27 21:00:00+00:00,70759.162
2024-10-27 22:00:00+00:00,70301.939
2024-10-27 23:00:00+00:00,70781.514
2024-10-28 00:00:00+00:00,70881.50199999
2024-10-28 01:00:00+00:00,71086.927
2024-10-28 02:00:00+00:00,71045.758
2024-10-28 03:00:00+00:00,70858.6
2024-10-28 04:00:00+00:00,70893.74
2024-10-28 05:00:00+00:00,70924.454
2024-10-28 06:00:00+00:00,70685.475
2024-10-28 07:00:00+00:00,70808.57
2024-10-28 08:00:00+00:00,72406.081
2024-10-28 09:00:00+00:00,71186.69
2024-10-28 10:00:00+00:00,70273.162
2024-10-28 11:00:00+00:00,72470.799
2024-10-28 12:00:00+00:00,74100.429
2024-10-28 13:00:00+00:00,74871.64
2024-10-28 14:00:00+00:00,75410.459
2024-10-28 15:00:00+00:00,76135.657
2024-10-28 16:00:00+00:00,75484.879
2024-10-28 17:00:00+00:00,74583.955
2024-10-28 18:00:00+00:00,74714.091
2024-10-28 19:00:00+00:00,74463.666
2024-10-28 20:00:00+00:00,74886.123
2024-10-28 21:00:00+00:00,74832.04399999
2024-10-28 22:00:00+00:00,74837.695
2024-10-28 23:00:00+00:00,74176.473
2024-10-29 00:00:00+00:00,74452.05
2024-10-29 01:00:00+00:00,74696.829
2024-10-29 02:00:00+00:00,74986.31299999
2024-10-29 03:00:00+00:00,73883.99099999
2024-10-29 04:00:00+00:00,73217.69899999
2024-10-29 05:00:00+00:00,73429.96
2024-10-29 06:00:00+00:00,73720.539
2024-10-29 07:00:00+00:00,74763.812
2024-10-29 08:00:00+00:00,75095.713
2024-10-29 09:00:00+00:00,75251.52099999
2024-10-29 10:00:00+00:00,75398.053
2024-10-29 11:00:00+00:00,75672.334
2024-10-29 12:00:00+00:00,77243.25599999
2024-10-29 13:00:00+00:00,76180.928
2024-10-29 14:00:00+00:00,76487.363
2024-10-29 15:00:00+00:00,77314.153
2024-10-29 16:00:00+00:00,76838.569
2024-10-29 17:00:00+00:00,77769.304
2024-10-29 18:00:00+00:00,78448.758
2024-10-29 19:00:00+00:00,77875.175
2024-10-29 20:00:00+00:00,74677.17
2024-10-29 21:00:00+00:00,74424.89
2024-10-29 22:00:00+00:00,74515.916
2024-10-29 23:00:00+00:00,74753.432
2024-10-30 00:00:00+00:00,74688.297
2024-10-30 01:00:00+00:00,74116.94899999
2024-10-30 02:00:00+00:00,74169.459
2024-10-30 03:00:00+00:00,74494.336
2024-10-30 04:00:00+00:00,74751.495
2024-10-30 05:00:00+00:00,74800.705
2024-10-30 06:00:00+00:00,75341.77899999
2024-10-30 07:00:00+00:00,75073.803
2024-10-30 08:00:00+00:00,74363.38
2024-10-30 09:00:00+00:00,74614.954
2024-10-30 10:00:00+00:00,74354.496
2024-10-30 11:00:00+00:00,74379.948
2024-10-30 12:00:00+00:00,74332.49
2024-10-30 13:00:00+00:00,73795.02099999
2024-10-30 14:00:00+00:00,74506.617
2024-10-30 15:00:00+00:00,74706.03599999
2024-10-30 16:00:00+00:00,73659.71
2024-10-30 17:00:00+00:00,73436.85099999
2024-10-30 18:00:00+00:00,73546.874
2024-10-30 19:00:00+00:00,73539.818
2024-10-30 20:00:00+00:00,73997.626
2024-10-30 21:00:00+00:00,75715.371
2024-10-30 22:00:00+00:00,74344.997
2024-10-30 23:00:00+00:00,74540.63
2024-10-31 00:00:00+00:00,74788.482
2024-10-31 01:00:00+00:00,74316.835
2024-10-31 02:00:00+00:00,74817.212
2024-10-31 03:00:00+00:00,74926.495
2024-10-31 04:00:00+00:00,74717.14599999
2024-10-31 05:00:00+00:00,74484.88099999
2024-10-31 06:00:00+00:00,74400.719
2024-10-31 07:00:00+00:00,74632.049
2024-10-31 08:00:00+00:00,74375.801
2024-10-31 09:00:00+00:00,74395.531
2024-10-31 10:00:00+00:00,74478.533
2024-10-31 11:00:00+00:00,74914.594
2024-10-31 12:00:00+00:00,75594.678
2024-10-31 13:00:00+00:00,75619.70699999
2024-10-31 14:00:00+00:00,73776.512
2024-10-31 15:00:00+00:00,73527.326
2024-10-31 16:00:00+00:00,73130.405
2024-10-31 17:00:00+00:00,73407.395
2024-10-31 18:00:00+00:00,73578.607
2024-10-31 19:00:00+00:00,73411.518
2024-10-31 20:00:00+00:00,73325.91
2024-10-31 21:00:00+00:00,72838.501
2024-10-31 22:00:00+00:00,72660.18399999
2024-10-31 23:00:00+00:00,72806.889
2024-11-01 00:00:00+00:00,72488.442
2024-11-01 01:00:00+00:00,72233.87
2024-11-01 02:00:00+00:00,70530.913
2024-11-01 03:00:00+00:00,71121.875
2024-11-01 04:00:00+00:00,71374.797
2024-11-01 05:00:00+00:00,71492.715
2024-11-01 06:00:00+00:00,71611.924
2024-11-01 07:00:00+00:00,71829.501
2024-11-01 08:00:00+00:00,71987.08199999
2024-11-01 09:00:00+00:00,72179.243
2024-11-01 10:00:00+00:00,72568.541
2024-11-01 11:00:00+00:00,73001.784
2024-11-01 12:00:00+00:00,72969.79399999
2024-11-01 13:00:00+00:00,73288.229
2024-11-01 14:00:00+00:00,73047.754
2024-11-01 15:00:00+00:00,72189.928
2024-11-01 16:00:00+00:00,70216.387
2024-11-01 17:00:00+00:00,70117.49
2024-11-01 18:00:00+00:00,69864.257
2024-11-01 19:00:00+00:00,69971.711
2024-11-01 20:00:00+00:00,69629.001
2024-11-01 21:00:00+00:00,69622.244
2024-11-01 22:00:00+00:00,68637.75
2024-11-01 23:00:00+00:00,68711.354
2024-11-02 00:00:00+00:00,68848.947
2024-11-02 01:00:00+00:00,68913.97
2024-11-02 02:00:00+00:00,69035.448
2024-11-02 03:00:00+00:00,68937.473
2024-11-02 04:00:00+00:00,68981.282
2024-11-02 05:00:00+00:00,68979.298
2024-11-02 06:00:00+00:00,69269.656
2024-11-02 07:00:00+00:00,69200.818
2024-11-02 08:00:00+00:00,69703.539
2024-11-02 09:00:00+00:00,69574.825
2024-11-02 10:00:00+00:00,68642.446
2024-11-02 11:00:00+00:00,68246.516
2024-11-02 12:00:00+00:00,68155.924
2024-11-02 13:00:00+00:00,68762.023
2024-11-02 14:00:00+00:00,68833.98299999
2024-11-02 15:00:00+00:00,68876.595
2024-11-02 16:00:00+00:00,68869.322
2024-11-02 17:00:00+00:00,68571.897
2024-11-02 18:00:00+00:00,68784.507
2024-11-02 19:00:00+00:00,68885.181
2024-11-02 20:00:00+00:00,68881.727
2024-11-02 21:00:00+00:00,69021.77
2024-11-02 22:00:00+00:00,68549.92
2024-11-02 23:00:00+00:00,68442.091
2024-11-03 00:00:00+00:00,68487.96799999
2024-11-03 01:00:00+00:00,68521.986
2024-11-03 02:00:00+00:00,68523.38099999
2024-11-03 03:00:00+00:00,68963.386
2024-11-03 04:00:00+00:00,69143.458
2024-11-03 05:00:00+00:00,69072.619
2024-11-03 06:00:00+00:00,68931.395
2024-11-03 07:00:00+00:00,69006.658
2024-11-03 08:00:00+00:00,69163.095
2024-11-03 09:00:00+00:00,69236.56299999
2024-11-03 10:00:00+00:00,69539.98299999
2024-11-03 11:00:00+00:00,69659.469
2024-11-03 12:00:00+00:00,69697.769
2024-11-03 13:00:00+00:00,70162.321
2024-11-03 14:00:00+00:00,70470.604
2024-11-03 15:00:00+00:00,70211.174
2024-11-03 16:00:00+00:00,70803.88
2024-11-03 17:00:00+00:00,70669.98
2024-11-03 18:00:00+00:00,70438.704
2024-11-03 19:00:00+00:00,69030.879
2024-11-03 20:00:00+00:00,69500.262
2024-11-03 21:00:00+00:00,69209.99099999
2024-11-03 22:00:00+00:00,69258.075
2024-11-03 23:00:00+00:00,69115.512
2024-11-04 00:00:00+00:00,68899.75
2024-11-04 01:00:00+00:00,68399.653
2024-11-04 02:00:00+00:00,68567.163
2024-11-04 03:00:00+00:00,68796.109
2024-11-04 04:00:00+00:00,68770.35099999
2024-11-04 05:00:00+00:00,69005.79399999
2024-11-04 06:00:00+00:00,69205.61
2024-11-04 07:00:00+00:00,69551.37699999
2024-11-04 08:00:00+00:00,69402.943
2024-11-04 09:00:00+00:00,69384.548
2024-11-04 10:00:00+00:00,69125.254
2024-11-04 11:00:00+00:00,68932.856
2024-11-04 12:00:00+00:00,68790.973
2024-11-04 13:00:00+00:00,69099.588
2024-11-04 14:00:00+00:00,69486.143
2024-11-04 15:00:00+00:00,69716.206
2024-11-04 16:00:00+00:00,69839.939
2024-11-04 17:00:00+00:00,69584.005
2024-11-04 18:00:00+00:00,70940.10099999
2024-11-04 19:00:00+00:00,71183.07399999
2024-11-04 20:00:00+00:00,71203.78599999
2024-11-04 21:00:00+00:00,71219.405
2024-11-04 22:00:00+00:00,70524.739
2024-11-04 23:00:00+00:00,70660.162
2024-11-05 00:00:00+00:00,70502.327
2024-11-05 01:00:00+00:00,70528.115
2024-11-05 02:00:00+00:00,70552.426
2024-11-05 03:00:00+00:00,70131.35799999
2024-11-05 04:00:00+00:00,70216.28
2024-11-05 05:00:00+00:00,70526.465
2024-11-05 06:00:00+00:00,71354.018
2024-11-05 07:00:00+00:00,71822.676
2024-11-05 08:00:00+00:00,72356.955
2024-11-05 09:00:00+00:00,72523.267
2024-11-05 10:00:00+00:00,72574.331
2024-11-05 11:00:00+00:00,72774.914
2024-11-05 12:00:00+00:00,72829.507
2024-11-05 13:00:00+00:00,73087.187
2024-11-05 14:00:00+00:00,73153.34299999
2024-11-05 15:00:00+00:00,73375.979
2024-11-05 16:00:00+00:00,72281.322
2024-11-05 17:00:00+00:00,71880.035
2024-11-05 18:00:00+00:00,71344.548
2024-11-05 19:00:00+00:00,70501.861
2024-11-05 20:00:00+00:00,71376.437
2024-11-05 21:00:00+00:00,70330.72599999
2024-11-05 22:00:00+00:00,70293.70299999
2024-11-05 23:00:00+00:00,69843.425
2024-11-06 00:00:00+00:00,69650.754
2024-11-06 01:00:00+00:00,70914.346
2024-11-06 02:00:00+00:00,70692.498
2024-11-06 03:00:00+00:00,72453.30899999
2024-11-06 04:00:00+00:00,73699.551
2024-11-06 05:00:00+00:00,73932.686
2024-11-06 06:00:00+00:00,74769.895
2024-11-06 07:00:00+00:00,75095.844
2024-11-06 08:00:00+00:00,74595.763
2024-11-06 09:00:00+00:00,73933.426
2024-11-06 10:00:00+00:00,74838.767
2024-11-06 11:00:00+00:00,75198.82
2024-11-06 12:00:00+00:00,76086.44899999
2024-11-06 13:00:00+00:00,75987.908
2024-11-06 14:00:00+00:00,75232.21799999
2024-11-06 15:00:00+00:00,75177.64999999
2024-11-06 16:00:00+00:00,75467.276
2024-11-06 17:00:00+00:00,75519.156
2024-11-06 18:00:00+00:00,76032.407
2024-11-06 19:00:00+00:00,76184.43399999
2024-11-06 20:00:00+00:00,76759.623
2024-11-06 21:00:00+00:00,75553.23699999
2024-11-06 22:00:00+00:00,76012.958
2024-11-06 23:00:00+00:00,75618.808
2024-11-07 00:00:00+00:00,75717.194
2024-11-07 01:00:00+00:00,75539.45699999
2024-11-07 02:00:00+00:00,75136.001
2024-11-07 03:00:00+00:00,74606.346
2024-11-07 04:00:00+00:00,74192.73699999
2024-11-07 05:00:00+00:00,73495.721
2024-11-07 06:00:00+00:00,73303.142
2024-11-07 07:00:00+00:00,73284.942
2024-11-07 08:00:00+00:00,73291.607
2024-11-07 09:00:00+00:00,73869.738
2024-11-07 10:00:00+00:00,73670.863
2024-11-07 11:00:00+00:00,73158.766
2024-11-07 12:00:00+00:00,73066.042
2024-11-07 13:00:00+00:00,73158.23299999
2024-11-07 14:00:00+00:00,73221.206
2024-11-07 15:00:00+00:00,73511.268
2024-11-07 16:00:00+00:00,74694.74099999
2024-11-07 17:00:00+00:00,75053.40399999
2024-11-07 18:00:00+00:00,75208.407
2024-11-07 19:00:00+00:00,74586.89599999
2024-11-07 20:00:00+00:00,74465.941
2024-11-07 21:00:00+00:00,75608.081
2024-11-07 22:00:00+00:00,74931.763
2024-11-07 23:00:00+00:00,74995.77099999
2024-11-08 00:00:00+00:00,75057.421
2024-11-08 01:00:00+00:00,74750.231
2024-11-08 02:00:00+00:00,74565.049
2024-11-08 03:00:00+00:00,74431.022
2024-11-08 04:00:00+00:00,74517.365
2024-11-08 05:00:00+00:00,74744.00199999
2024-11-08 06:00:00+00:00,75454.31
2024-11-08 07:00:00+00:00,75549.547
2024-11-08 08:00:00+00:00,75082.085
2024-11-08 09:00:00+00:00,75139.511
2024-11-08 10:00:00+00:00,75015.776
2024-11-08 11:00:00+00:00,75105.05899999
2024-11-08 12:00:00+00:00,75374.534
2024-11-08 13:00:00+00:00,75253.349
2024-11-08 14:00:00+00:00,75308.562
2024-11-08 15:00:00+00:00,76006.592
2024-11-08 16:00:00+00:00,75780.70299999
2024-11-08 17:00:00+00:00,75506.28
2024-11-08 18:00:00+00:00,75553.312
2024-11-08 19:00:00+00:00,75912.058
2024-11-08 20:00:00+00:00,76372.891
2024-11-08 21:00:00+00:00,74837.856
2024-11-08 22:00:00+00:00,74120.359
2024-11-08 23:00:00+00:00,73511.164
2024-11-09 00:00:00+00:00,73547.979
2024-11-09 01:00:00+00:00,73402.34
2024-11-09 02:00:00+00:00,73388.111
2024-11-09 03:00:00+00:00,73154.508
2024-11-09 04:00:00+00:00,73222.421
2024-11-09 05:00:00+00:00,73232.004
2024-11-09 06:00:00+00:00,73211.032
2024-11-09 07:00:00+00:00,73224.69899999
2024-11-09 08:00:00+00:00,73442.562
2024-11-09 09:00:00+00:00,73319.077
2024-11-09 10:00:00+00:00,73152.182
2024-11-09 11:00:00+00:00,73203.14
2024-11-09 12:00:00+00:00,73217.086
2024-11-09 13:00:00+00:00,73307.587
2024-11-09 14:00:00+00:00,73336.05
2024-11-09 15:00:00+00:00,73281.217
2024-11-09 16:00:00+00:00,73292.984
2024-11-09 17:00:00+00:00,73410.791
2024-11-09 18:00:00+00:00,72409.561
2024-11-09 19:00:00+00:00,72277.97599999
2024-11-09 20:00:00+00:00,71528.653
2024-11-09 21:00:00+00:00,71371.119
2024-11-09 22:00:00+00:00,71330.882
2024-11-09 23:00:00+00:00,70973.84299999
2024-11-10 00:00:00+00:00,70852.38099999
2024-11-10 01:00:00+00:00,70823.441
2024-11-10 02:00:00+00:00,71095.02499999
2024-11-10 03:00:00+00:00,70499.60799999
2024-11-10 04:00:00+00:00,71019.713
2024-11-10 05:00:00+00:00,70341.50599999
2024-11-10 06:00:00+00:00,69378.049
2024-11-10 07:00:00+00:00,68909.803
2024-11-10 08:00:00+00:00,68344.13
2024-11-10 09:00:00+00:00,67683.177
2024-11-10 10:00:00+00:00,67778.183
2024-11-10 11:00:00+00:00,67919.104
2024-11-10 12:00:00+00:00,69541.032
2024-11-10 13:00:00+00:00,68338.298
2024-11-10 14:00:00+00:00,68061.63
2024-11-10 15:00:00+00:00,68239.27899999
2024-11-10 16:00:00+00:00,68723.985
2024-11-10 17:00:00+00:00,69022.451
2024-11-10 18:00:00+00:00,67159.70699999
2024-11-10 19:00:00+00:00,68312.93799999
2024-11-10 20:00:00+00:00,66803.73299999
2024-11-10 21:00:00+00:00,65867.19899999
2024-11-10 22:00:00+00:00,65786.475
2024-11-10 23:00:00+00:00,65035.844
2024-11-11 00:00:00+00:00,65360.772
2024-11-11 01:00:00+00:00,65365.298
2024-11-11 02:00:00+00:00,65268.449
2024-11-11 03:00:00+00:00,65661.246
2024-11-11 04:00:00+00:00,65258.271
2024-11-11 05:00:00+00:00,65404.233
2024-11-11 06:00:00+00:00,65862.793
2024-11-11 07:00:00+00:00,66655.595
2024-11-11 08:00:00+00:00,66424.05
2024-11-11 09:00:00+00:00,66978.424
2024-11-11 10:00:00+00:00,68116.557
2024-11-11 11:00:00+00:00,68579.00599999
2024-11-11 12:00:00+00:00,69559.562
2024-11-11 13:00:00+00:00,69190.772
2024-11-11 14:00:00+00:00,69563.274
2024-11-11 15:00:00+00:00,69249.43799999
2024-11-11 16:00:00+00:00,69485.05499999
2024-11-11 17:00:00+00:00,69133.615
2024-11-11 18:00:00+00:00,69296.60099999
2024-11-11 19:00:00+00:00,69441.14599999
2024-11-11 20:00:00+00:00,68258.53599999
2024-11-11 21:00:00+00:00,69282.704
2024-11-11 22:00:00+00:00,69678.543
2024-11-11 23:00:00+00:00,69472.052
2024-11-12 00:00:00+00:00,68015.613
2024-11-12 01:00:00+00:00,66804.68799999
2024-11-12 02:00:00+00:00,66605.348
2024-11-12 03:00:00+00:00,66529.784
2024-11-12 04:00:00+00:00,66914.122
2024-11-12 05:00:00+00:00,65994.882
2024-11-12 06:00:00+00:00,65939.03
2024-11-12 07:00:00+00:00,65931.36599999
2024-11-12 08:00:00+00:00,65598.838
2024-11-12 09:00:00+00:00,65506.646
2024-11-12 10:00:00+00:00,66092.98699999
2024-11-12 11:00:00+00:00,66835.92999999
2024-11-12 12:00:00+00:00,66687.27099999
2024-11-12 13:00:00+00:00,66967.988
2024-11-12 14:00:00+00:00,66557.59699999
2024-11-12 15:00:00+00:00,66968.884
2024-11-12 16:00:00+00:00,66762.83199999
2024-11-12 17:00:00+00:00,69179.522
2024-11-12 18:00:00+00:00,68546.004
2024-11-12 19:00:00+00:00,67981.941
2024-11-12 20:00:00+00:00,68131.56
2024-11-12 21:00:00+00:00,69528.299
2024-11-12 22:00:00+00:00,68269.797
2024-11-12 23:00:00+00:00,67089.5
2024-11-13 00:00:00+00:00,67820.019
2024-11-13 01:00:00+00:00,67758.039
2024-11-13 02:00:00+00:00,68103.07799999
2024-11-13 03:00:00+00:00,68006.079
2024-11-13 04:00:00+00:00,68202.192
2024-11-13 05:00:00+00:00,66824.81299999
2024-11-13 06:00:00+00:00,67287.664
2024-11-13 07:00:00+00:00,64604.852
2024-11-13 08:00:00+00:00,63985.633
2024-11-13 09:00:00+00:00,65167.363
2024-11-13 10:00:00+00:00,65404.855
2024-11-13 11:00:00+00:00,66077.88499999
2024-11-13 12:00:00+00:00,66211.303
2024-11-13 13:00:00+00:00,66238.52499999
2024-11-13 14:00:00+00:00,67092.267
2024-11-13 15:00:00+00:00,69786.564
2024-11-13 16:00:00+00:00,71178.174
2024-11-13 17:00:00+00:00,70609.255
2024-11-13 18:00:00+00:00,71296.21
2024-11-13 19:00:00+00:00,70754.547
2024-11-13 20:00:00+00:00,68482.316
2024-11-13 21:00:00+00:00,68166.732
2024-11-13 22:00:00+00:00,64569.097
2024-11-13 23:00:00+00:00,64124.409
2024-11-14 00:00:00+00:00,64425.88
2024-11-14 01:00:00+00:00,64477.05
2024-11-14 02:00:00+00:00,64826.363
2024-11-14 03:00:00+00:00,64906.676
2024-11-14 04:00:00+00:00,64970.096
2024-11-14 05:00:00+00:00,64833.344
2024-11-14 06:00:00+00:00,64918.612
2024-11-14 07:00:00+00:00,65598.69899999
2024-11-14 08:00:00+00:00,66174.553
2024-11-14 09:00:00+00:00,67700.751
2024-11-14 10:00:00+00:00,68401.52899999
2024-11-14 11:00:00+00:00,68257.1
2024-11-14 12:00:00+00:00,68236.239
2024-11-14 13:00:00+00:00,69127.817
2024-11-14 14:00:00+00:00,69227.239
2024-11-14 15:00:00+00:00,69317.217
2024-11-14 16:00:00+00:00,67518.28999999
2024-11-14 17:00:00+00:00,69331.463
2024-11-14 18:00:00+00:00,68925.581
2024-11-14 19:00:00+00:00,68443.995
2024-11-14 20:00:00+00:00,68546.83199999
2024-11-14 21:00:00+00:00,69239.846
2024-11-14 22:00:00+00:00,68751.81299999
2024-11-14 23:00:00+00:00,68888.567
2024-11-15 00:00:00+00:00,69126.75599999
2024-11-15 01:00:00+00:00,69044.018
2024-11-15 02:00:00+00:00,68900.162
2024-11-15 03:00:00+00:00,68868.311
2024-11-15 04:00:00+00:00,68565.23299999
2024-11-15 05:00:00+00:00,68245.979
2024-11-15 06:00:00+00:00,68490.066
2024-11-15 07:00:00+00:00,69002.854
2024-11-15 08:00:00+00:00,68983.16099999
2024-11-15 09:00:00+00:00,69249.249
2024-11-15 10:00:00+00:00,68750.061
2024-11-15 11:00:00+00:00,69010.479
2024-11-15 12:00:00+00:00,69093.72199999
2024-11-15 13:00:00+00:00,69368.894
2024-11-15 14:00:00+00:00,68193.382
2024-11-15 15:00:00+00:00,68153.514
2024-11-15 16:00:00+00:00,67711.77899999
2024-11-15 17:00:00+00:00,67574.965
2024-11-15 18:00:00+00:00,67679.089
2024-11-15 19:00:00+00:00,67662.581
2024-11-15 20:00:00+00:00,65704.194
2024-11-15 21:00:00+00:00,64429.803
2024-11-15 22:00:00+00:00,63759.271
2024-11-15 23:00:00+00:00,64710.669
2024-11-16 00:00:00+00:00,65822.23
2024-11-16 01:00:00+00:00,66461.065
2024-11-16 02:00:00+00:00,66438.545
2024-11-16 03:00:00+00:00,66799.07799999
2024-11-16 04:00:00+00:00,66794.179
2024-11-16 05:00:00+00:00,66681.855
2024-11-16 06:00:00+00:00,66348.715
2024-11-16 07:00:00+00:00,66751.479
2024-11-16 08:00:00+00:00,67315.864
2024-11-16 09:00:00+00:00,67368.30899999
2024-11-16 10:00:00+00:00,67498.822
2024-11-16 11:00:00+00:00,67665.61199999
2024-11-16 12:00:00+00:00,67517.204
2024-11-16 13:00:00+00:00,66667.36
2024-11-16 14:00:00+00:00,66539.37699999
2024-11-16 15:00:00+00:00,66381.136
2024-11-16 16:00:00+00:00,66202.235
2024-11-16 17:00:00+00:00,66628.961
2024-11-16 18:00:00+00:00,66514.00199999
2024-11-16 19:00:00+00:00,66340.026
2024-11-16 20:00:00+00:00,66434.019
2024-11-16 21:00:00+00:00,65971.489
2024-11-16 22:00:00+00:00,65937.704
2024-11-16 23:00:00+00:00,65705.906
2024-11-17 00:00:00+00:00,66209.269
2024-11-17 01:00:00+00:00,66232.346
2024-11-17 02:00:00+00:00,65805.842
2024-11-17 03:00:00+00:00,67004.103
2024-11-17 04:00:00+00:00,66722.77099999
2024-11-17 05:00:00+00:00,66456.137
2024-11-17 06:00:00+00:00,67060.804
2024-11-17 07:00:00+00:00,67211.426
2024-11-17 08:00:00+00:00,67536.659
2024-11-17 09:00:00+00:00,67593.749
2024-11-17 10:00:00+00:00,67554.142
2024-11-17 11:00:00+00:00,67382.90399999
2024-11-17 12:00:00+00:00,67809.73
2024-11-17 13:00:00+00:00,67914.7
2024-11-17 14:00:00+00:00,67188.372
2024-11-17 15:00:00+00:00,67870.636
2024-11-17 16:00:00+00:00,68302.141
2024-11-17 17:00:00+00:00,68356.02099999
2024-11-17 18:00:00+00:00,67954.638
2024-11-17 19:00:00+00:00,67869.88099999
2024-11-17 20:00:00+00:00,67977.297
2024-11-17 21:00:00+00:00,68154.886
2024-11-17 22:00:00+00:00,67826.648
2024-11-17 23:00:00+00:00,67735.33
2024-11-18 00:00:00+00:00,68129.795
2024-11-18 01:00:00+00:00,68253.105
2024-11-18 02:00:00+00:00,67335.182
2024-11-18 03:00:00+00:00,67207.339
2024-11-18 04:00:00+00:00,67290.929
2024-11-18 05:00:00+00:00,67293.05499999
2024-11-18 06:00:00+00:00,67640.02
2024-11-18 07:00:00+00:00,67968.152
2024-11-18 08:00:00+00:00,68406.52499999
2024-11-18 09:00:00+00:00,68227.91099999
2024-11-18 10:00:00+00:00,68669.848
2024-11-18 11:00:00+00:00,69092.088
2024-11-18 12:00:00+00:00,67662.0
2024-11-18 13:00:00+00:00,68668.889
2024-11-18 14:00:00+00:00,69357.058
2024-11-18 15:00:00+00:00,69377.78599999
2024-11-18 16:00:00+00:00,69677.575
2024-11-18 17:00:00+00:00,68819.123
2024-11-18 18:00:00+00:00,68669.15399999
2024-11-18 19:00:00+00:00,67977.182
2024-11-18 20:00:00+00:00,68017.791
2024-11-18 21:00:00+00:00,67934.947
2024-11-18 22:00:00+00:00,67584.174
2024-11-18 23:00:00+00:00,67755.557
2024-11-19 00:00:00+00:00,68432.35
2024-11-19 01:00:00+00:00,68155.48699999
2024-11-19 02:00:00+00:00,67973.043
2024-11-19 03:00:00+00:00,68242.743
2024-11-19 04:00:00+00:00,68115.41899999
2024-11-19 05:00:00+00:00,67656.263
2024-11-19 06:00:00+00:00,67738.057
2024-11-19 07:00:00+00:00,68324.19
2024-11-19 08:00:00+00:00,68450.801
2024-11-19 09:00:00+00:00,68754.75199999
2024-11-19 10:00:00+00:00,68674.66
2024-11-19 11:00:00+00:00,69021.14
2024-11-19 12:00:00+00:00,69363.39599999
2024-11-19 13:00:00+00:00,70855.62
2024-11-19 14:00:00+00:00,70782.67
2024-11-19 15:00:00+00:00,70669.62
2024-11-19 16:00:00+00:00,70638.253
2024-11-19 17:00:00+00:00,71431.636
2024-11-19 18:00:00+00:00,72656.19
2024-11-19 19:00:00+00:00,73453.777
2024-11-19 20:00:00+00:00,72728.528
2024-11-19 21:00:00+00:00,72175.246
2024-11-19 22:00:00+00:00,71208.296
2024-11-19 23:00:00+00:00,71237.533
2024-11-20 00:00:00+00:00,70719.23
2024-11-20 01:00:00+00:00,70581.464
2024-11-20 02:00:00+00:00,70445.09
2024-11-20 03:00:00+00:00,70374.475
2024-11-20 04:00:00+00:00,69920.564
2024-11-20 05:00:00+00:00,69930.826
2024-11-20 06:00:00+00:00,70197.80899999
2024-11-20 07:00:00+00:00,71032.758
2024-11-20 08:00:00+00:00,71265.257
2024-11-20 09:00:00+00:00,71666.307
2024-11-20 10:00:00+00:00,70839.459
2024-11-20 11:00:00+00:00,71237.827
2024-11-20 12:00:00+00:00,71518.8
2024-11-20 13:00:00+00:00,72325.23299999
2024-11-20 14:00:00+00:00,73285.758
2024-11-20 15:00:00+00:00,73792.187
2024-11-20 16:00:00+00:00,74899.444
2024-11-20 17:00:00+00:00,73534.743
2024-11-20 18:00:00+00:00,73577.192
2024-11-20 19:00:00+00:00,72711.792
2024-11-20 20:00:00+00:00,72498.3
2024-11-20 21:00:00+00:00,72315.496
2024-11-20 22:00:00+00:00,72371.514
2024-11-20 23:00:00+00:00,72814.558
2024-11-21 00:00:00+00:00,72833.104
2024-11-21 01:00:00+00:00,72688.062
2024-11-21 02:00:00+00:00,73274.405
2024-11-21 03:00:00+00:00,72396.13099999
2024-11-21 04:00:00+00:00,73395.378
2024-11-21 05:00:00+00:00,72185.39999999
2024-11-21 06:00:00+00:00,71616.96799999
2024-11-21 07:00:00+00:00,71618.193
2024-11-21 08:00:00+00:00,71801.766
2024-11-21 09:00:00+00:00,71478.086
2024-11-21 10:00:00+00:00,71759.625
2024-11-21 11:00:00+00:00,71798.442
2024-11-21 12:00:00+00:00,71728.304
2024-11-21 13:00:00+00:00,70516.548
2024-11-21 14:00:00+00:00,70954.552
2024-11-21 15:00:00+00:00,70175.114
2024-11-21 16:00:00+00:00,69171.17
2024-11-21 17:00:00+00:00,69412.562
2024-11-21 18:00:00+00:00,69138.619
2024-11-21 19:00:00+00:00,68594.668
2024-11-21 20:00:00+00:00,69331.149
2024-11-21 21:00:00+00:00,69169.391
2024-11-21 22:00:00+00:00,69973.311
2024-11-21 23:00:00+00:00,70138.986
2024-11-22 00:00:00+00:00,70062.99
2024-11-22 01:00:00+00:00,69688.019
2024-11-22 02:00:00+00:00,69285.944
2024-11-22 03:00:00+00:00,69025.807
2024-11-22 04:00:00+00:00,68956.171
2024-11-22 05:00:00+00:00,68921.838
2024-11-22 06:00:00+00:00,68906.148
2024-11-22 07:00:00+00:00,69024.326
2024-11-22 08:00:00+00:00,68817.767
2024-11-22 09:00:00+00:00,69039.657
2024-11-22 10:00:00+00:00,69181.196
2024-11-22 11:00:00+00:00,70141.019
2024-11-22 12:00:00+00:00,70142.229
2024-11-22 13:00:00+00:00,69913.043
2024-11-22 14:00:00+00:00,70194.405
2024-11-22 15:00:00+00:00,70974.446
2024-11-22 16:00:00+00:00,70522.151
2024-11-22 17:00:00+00:00,70467.242
2024-11-22 18:00:00+00:00,69025.333
2024-11-22 19:00:00+00:00,68964.993
2024-11-22 20:00:00+00:00,69761.253
2024-11-22 21:00:00+00:00,69394.096
2024-11-22 22:00:00+00:00,68402.368
2024-11-22 23:00:00+00:00,68234.642
2024-11-23 00:00:00+00:00,67947.893
2024-11-23 01:00:00+00:00,67576.639
2024-11-23 02:00:00+00:00,66997.672
2024-11-23 03:00:00+00:00,66903.436
2024-11-23 04:00:00+00:00,66647.40399999
2024-11-23 05:00:00+00:00,66427.77499999
2024-11-23 06:00:00+00:00,66503.035
2024-11-23 07:00:00+00:00,66544.096
2024-11-23 08:00:00+00:00,66567.073
2024-11-23 09:00:00+00:00,66676.41099999
2024-11-23 10:00:00+00:00,66632.25599999
2024-11-23 11:00:00+00:00,66342.914
2024-11-23 12:00:00+00:00,66128.73699999
2024-11-23 13:00:00+00:00,65924.50999999
2024-11-23 14:00:00+00:00,65925.807
2024-11-23 15:00:00+00:00,66156.051
2024-11-23 16:00:00+00:00,66285.99
2024-11-23 17:00:00+00:00,67970.829
2024-11-23 18:00:00+00:00,67945.413
2024-11-23 19:00:00+00:00,68280.927
2024-11-23 20:00:00+00:00,68772.42
2024-11-23 21:00:00+00:00,68546.243
2024-11-23 22:00:00+00:00,69154.123
2024-11-23 23:00:00+00:00,68992.92
2024-11-24 00:00:00+00:00,68888.55899999
2024-11-24 01:00:00+00:00,68250.95299999
2024-11-24 02:00:00+00:00,67768.083
2024-11-24 03:00:00+00:00,67309.711
2024-11-24 04:00:00+00:00,66884.517
2024-11-24 05:00:00+00:00,66767.38499999
2024-11-24 06:00:00+00:00,66888.155
2024-11-24 07:00:00+00:00,66944.288
2024-11-24 08:00:00+00:00,67079.724
2024-11-24 09:00:00+00:00,67073.321
2024-11-24 10:00:00+00:00,67139.765
2024-11-24 11:00:00+00:00,67335.768
2024-11-24 12:00:00+00:00,67075.368
2024-11-24 13:00:00+00:00,68415.10799999
2024-11-24 14:00:00+00:00,68204.333
2024-11-24 15:00:00+00:00,68419.541
2024-11-24 16:00:00+00:00,67224.928
2024-11-24 17:00:00+00:00,67485.564
2024-11-24 18:00:00+00:00,69735.742
2024-11-24 19:00:00+00:00,70587.004
2024-11-24 20:00:00+00:00,70535.334
2024-11-24 21:00:00+00:00,70461.319
2024-11-24 22:00:00+00:00,70295.72199999
2024-11-24 23:00:00+00:00,68912.5
2024-11-25 00:00:00+00:00,68492.694
2024-11-25 01:00:00+00:00,70475.014
2024-11-25 02:00:00+00:00,69764.243
2024-11-25 03:00:00+00:00,69957.315
2024-11-25 04:00:00+00:00,69524.494
2024-11-25 05:00:00+00:00,69233.196
2024-11-25 06:00:00+00:00,69359.88499999
2024-11-25 07:00:00+00:00,69821.202
2024-11-25 08:00:00+00:00,69402.818
2024-11-25 09:00:00+00:00,69145.403
2024-11-25 10:00:00+00:00,67965.137
2024-11-25 11:00:00+00:00,67889.907
2024-11-25 12:00:00+00:00,67902.345
2024-11-25 13:00:00+00:00,68631.167
2024-11-25 14:00:00+00:00,69883.084
2024-11-25 15:00:00+00:00,71500.164
2024-11-25 16:00:00+00:00,72228.71799999
2024-11-25 17:00:00+00:00,72235.47
2024-11-25 18:00:00+00:00,72510.545
2024-11-25 19:00:00+00:00,72592.831
2024-11-25 20:00:00+00:00,72827.56
2024-11-25 21:00:00+00:00,73348.732
2024-11-25 22:00:00+00:00,72336.94899999
2024-11-25 23:00:00+00:00,70288.14599999
2024-11-26 00:00:00+00:00,72377.182
2024-11-26 01:00:00+00:00,72582.558
2024-11-26 02:00:00+00:00,73042.59
2024-11-26 03:00:00+00:00,72986.43399999
2024-11-26 04:00:00+00:00,72486.783
2024-11-26 05:00:00+00:00,72189.84299999
2024-11-26 06:00:00+00:00,72031.91899999
2024-11-26 07:00:00+00:00,72043.739
2024-11-26 08:00:00+00:00,71612.908
2024-11-26 09:00:00+00:00,71409.064
2024-11-26 10:00:00+00:00,70694.75999999
2024-11-26 11:00:00+00:00,71080.071
2024-11-26 12:00:00+00:00,71920.132
2024-11-26 13:00:00+00:00,72242.71799999
2024-11-26 14:00:00+00:00,71893.173
2024-11-26 15:00:00+00:00,71600.278
2024-11-26 16:00:00+00:00,70950.497
2024-11-26 17:00:00+00:00,70180.977
2024-11-26 18:00:00+00:00,70312.3
2024-11-26 19:00:00+00:00,70047.867
2024-11-26 20:00:00+00:00,70127.445
2024-11-26 21:00:00+00:00,69831.442
2024-11-26 22:00:00+00:00,70515.97199999
2024-11-26 23:00:00+00:00,70217.464
2024-11-27 00:00:00+00:00,70125.528
2024-11-27 01:00:00+00:00,70323.447
2024-11-27 02:00:00+00:00,70527.988
2024-11-27 03:00:00+00:00,70384.759
2024-11-27 04:00:00+00:00,69752.36199999
2024-11-27 05:00:00+00:00,69496.479
2024-11-27 06:00:00+00:00,69203.447
2024-11-27 07:00:00+00:00,69291.663
2024-11-27 08:00:00+00:00,69152.085
2024-11-27 09:00:00+00:00,69427.235
2024-11-27 10:00:00+00:00,69244.85799999
2024-11-27 11:00:00+00:00,69244.06
2024-11-27 12:00:00+00:00,69304.878
2024-11-27 13:00:00+00:00,69183.664
2024-11-27 14:00:00+00:00,68902.113
2024-11-27 15:00:00+00:00,67771.139
2024-11-27 16:00:00+00:00,69025.781
2024-11-27 17:00:00+00:00,69981.878
2024-11-27 18:00:00+00:00,69784.22
2024-11-27 19:00:00+00:00,69462.172
2024-11-27 20:00:00+00:00,69547.52099999
2024-11-27 21:00:00+00:00,68394.36
2024-11-27 22:00:00+00:00,67659.115
2024-11-27 23:00:00+00:00,67559.702
2024-11-28 00:00:00+00:00,67573.03
2024-11-28 01:00:00+00:00,67701.757
2024-11-28 02:00:00+00:00,67459.065
2024-11-28 03:00:00+00:00,67347.304
2024-11-28 04:00:00+00:00,66777.461
2024-11-28 05:00:00+00:00,66687.784
2024-11-28 06:00:00+00:00,66786.943
2024-11-28 07:00:00+00:00,66306.111
2024-11-28 08:00:00+00:00,66818.221
2024-11-28 09:00:00+00:00,67024.345
2024-11-28 10:00:00+00:00,66769.015
2024-11-28 11:00:00+00:00,66742.39999999
2024-11-28 12:00:00+00:00,67672.638
2024-11-28 13:00:00+00:00,67034.869
2024-11-28 14:00:00+00:00,66938.012
2024-11-28 15:00:00+00:00,66937.871
2024-11-28 16:00:00+00:00,67335.278
2024-11-28 17:00:00+00:00,67836.231
2024-11-28 18:00:00+00:00,67807.591
2024-11-28 19:00:00+00:00,67601.22
2024-11-28 20:00:00+00:00,67681.882
2024-11-28 21:00:00+00:00,67605.15399999
2024-11-28 22:00:00+00:00,68092.965
2024-11-28 23:00:00+00:00,67012.186
2024-11-29 00:00:00+00:00,66585.43799999
2024-11-29 01:00:00+00:00,66600.178
2024-11-29 02:00:00+00:00,66754.25199999
2024-11-29 03:00:00+00:00,66681.66899999
2024-11-29 04:00:00+00:00,66678.317
2024-11-29 05:00:00+00:00,66602.87699999
2024-11-29 06:00:00+00:00,66470.751
2024-11-29 07:00:00+00:00,66937.63099999
2024-11-29 08:00:00+00:00,66404.25999999
2024-11-29 09:00:00+00:00,66504.528
2024-11-29 10:00:00+00:00,66391.704
2024-11-29 11:00:00+00:00,66635.77499999
2024-11-29 12:00:00+00:00,66916.432
2024-11-29 13:00:00+00:00,66950.781
2024-11-29 14:00:00+00:00,67135.49
2024-11-29 15:00:00+00:00,67240.977
2024-11-29 16:00:00+00:00,69262.325
2024-11-29 17:00:00+00:00,69774.576
2024-11-29 18:00:00+00:00,68866.287
2024-11-29 19:00:00+00:00,68555.81299999
2024-11-29 20:00:00+00:00,67959.36599999
2024-11-29 21:00:00+00:00,67334.03999999
2024-11-29 22:00:00+00:00,67325.39
2024-11-29 23:00:00+00:00,67089.433
2024-11-30 00:00:00+00:00,66929.778
2024-11-30 01:00:00+00:00,67517.148
2024-11-30 02:00:00+00:00,68053.158
2024-11-30 03:00:00+00:00,67744.03
2024-11-30 04:00:00+00:00,67807.567
2024-11-30 05:00:00+00:00,67397.947
2024-11-30 06:00:00+00:00,67050.989
2024-11-30 07:00:00+00:00,67204.73299999
2024-11-30 08:00:00+00:00,67135.018
2024-11-30 09:00:00+00:00,67217.091
2024-11-30 10:00:00+00:00,67273.175
2024-11-30 11:00:00+00:00,66503.801
2024-11-30 12:00:00+00:00,66271.441
2024-11-30 13:00:00+00:00,66367.339
2024-11-30 14:00:00+00:00,66355.912
2024-11-30 15:00:00+00:00,66213.537
2024-11-30 16:00:00+00:00,66204.242
2024-11-30 17:00:00+00:00,66065.70299999
2024-11-30 18:00:00+00:00,66182.214
2024-11-30 19:00:00+00:00,66050.423
2024-11-30 20:00:00+00:00,66191.017
2024-11-30 21:00:00+00:00,66031.149
2024-11-30 22:00:00+00:00,65850.802
2024-11-30 23:00:00+00:00,66015.41
2024-12-01 00:00:00+00:00,66088.389
2024-12-01 01:00:00+00:00,66224.931
2024-12-01 02:00:00+00:00,66078.778
2024-12-01 03:00:00+00:00,65924.12
2024-12-01 04:00:00+00:00,66040.55499999
2024-12-01 05:00:00+00:00,66178.831
2024-12-01 06:00:00+00:00,65561.41899999
2024-12-01 07:00:00+00:00,65608.23299999
2024-12-01 08:00:00+00:00,65584.629
2024-12-01 09:00:00+00:00,65216.221
2024-12-01 10:00:00+00:00,65168.001
2024-12-01 11:00:00+00:00,65218.286
2024-12-01 12:00:00+00:00,65386.181
2024-12-01 13:00:00+00:00,66017.907
2024-12-01 14:00:00+00:00,66252.55499999
2024-12-01 15:00:00+00:00,66173.519
2024-12-01 16:00:00+00:00,66951.748
2024-12-01 17:00:00+00:00,66713.55499999
2024-12-01 18:00:00+00:00,66526.628
2024-12-01 19:00:00+00:00,66112.589
2024-12-01 20:00:00+00:00,65745.13499999
2024-12-01 21:00:00+00:00,65127.029
2024-12-01 22:00:00+00:00,64811.708
2024-12-01 23:00:00+00:00,64421.823
2024-12-02 00:00:00+00:00,64759.933
2024-12-02 01:00:00+00:00,64808.258
2024-12-02 02:00:00+00:00,64768.055
2024-12-02 03:00:00+00:00,64461.142
2024-12-02 04:00:00+00:00,64250.75
2024-12-02 05:00:00+00:00,64386.445
2024-12-02 06:00:00+00:00,64367.939
2024-12-02 07:00:00+00:00,63634.188
2024-12-02 08:00:00+00:00,63875.673
2024-12-02 09:00:00+00:00,63975.697
2024-12-02 10:00:00+00:00,64032.99
2024-12-02 11:00:00+00:00,64872.698
2024-12-02 12:00:00+00:00,64800.212
2024-12-02 13:00:00+00:00,65118.904
2024-12-02 14:00:00+00:00,64951.454
2024-12-02 15:00:00+00:00,64091.446
2024-12-02 16:00:00+00:00,64300.615
2024-12-02 17:00:00+00:00,65350.035
2024-12-02 18:00:00+00:00,65613.196
2024-12-02 19:00:00+00:00,64882.107
2024-12-02 20:00:00+00:00,64405.741
2024-12-02 21:00:00+00:00,63996.087
2024-12-02 22:00:00+00:00,64047.821
2024-12-02 23:00:00+00:00,64028.289
2024-12-03 00:00:00+00:00,63643.326
2024-12-03 01:00:00+00:00,63722.569
2024-12-03 02:00:00+00:00,63632.704
2024-12-03 03:00:00+00:00,63089.409
2024-12-03 04:00:00+00:00,63177.114
2024-12-03 05:00:00+00:00,63485.132
2024-12-03 06:00:00+00:00,63323.852
2024-12-03 07:00:00+00:00,63323.775
2024-12-03 08:00:00+00:00,63228.282
2024-12-03 09:00:00+00:00,63333.099
2024-12-03 10:00:00+00:00,63294.749
2024-12-03 11:00:00+00:00,63639.724
2024-12-03 12:00:00+00:00,63574.37
2024-12-03 13:00:00+00:00,63722.805
2024-12-03 14:00:00+00:00,64448.85
2024-12-03 15:00:00+00:00,63655.868
2024-12-03 16:00:00+00:00,63952.547
2024-12-03 17:00:00+00:00,64365.799
2024-12-03 18:00:00+00:00,63831.202
2024-12-03 19:00:00+00:00,63526.983
2024-12-03 20:00:00+00:00,64077.366
2024-12-03 21:00:00+00:00,63371.981
2024-12-03 22:00:00+00:00,62669.662
2024-12-03 23:00:00+00:00,62873.982
2024-12-04 00:00:00+00:00,62748.48
2024-12-04 01:00:00+00:00,62645.841
2024-12-04 02:00:00+00:00,62687.482
2024-12-04 03:00:00+00:00,62743.39
2024-12-04 04:00:00+00:00,62530.551
2024-12-04 05:00:00+00:00,62477.561
2024-12-04 06:00:00+00:00,62300.505
2024-12-04 07:00:00+00:00,62261.206
2024-12-04 08:00:00+00:00,62922.03
2024-12-04 09:00:00+00:00,63020.828
2024-12-04 10:00:00+00:00,62992.988
2024-12-04 11:00:00+00:00,63058.465
2024-12-04 12:00:00+00:00,62897.152
2024-12-04 13:00:00+00:00,62712.25
2024-12-04 14:00:00+00:00,62834.447
2024-12-04 15:00:00+00:00,64487.102
2024-12-04 16:00:00+00:00,63717.466
2024-12-04 17:00:00+00:00,64539.717
2024-12-04 18:00:00+00:00,64115.913
2024-12-04 19:00:00+00:00,63710.953
2024-12-04 20:00:00+00:00,63342.359
2024-12-04 21:00:00+00:00,65592.649
2024-12-04 22:00:00+00:00,64360.206
2024-12-04 23:00:00+00:00,64841.998
2024-12-05 00:00:00+00:00,65533.487
2024-12-05 01:00:00+00:00,65974.87
2024-12-05 02:00:00+00:00,66241.772
2024-12-05 03:00:00+00:00,67477.325
2024-12-05 04:00:00+00:00,68645.164
2024-12-05 05:00:00+00:00,67869.25
2024-12-05 06:00:00+00:00,68412.447
2024-12-05 07:00:00+00:00,67803.5
2024-12-05 08:00:00+00:00,68125.58
2024-12-05 09:00:00+00:00,68141.125
2024-12-05 10:00:00+00:00,68088.126
2024-12-05 11:00:00+00:00,67691.38
2024-12-05 12:00:00+00:00,67661.383
2024-12-05 13:00:00+00:00,67708.83
2024-12-05 14:00:00+00:00,68271.591
2024-12-05 15:00:00+00:00,68588.772
2024-12-05 16:00:00+00:00,68659.705
2024-12-05 17:00:00+00:00,68446.789
2024-12-05 18:00:00+00:00,69336.299
2024-12-05 19:00:00+00:00,68767.717
2024-12-05 20:00:00+00:00,69629.886
2024-12-05 21:00:00+00:00,69308.974
2024-12-05 22:00:00+00:00,69919.248
2024-12-05 23:00:00+00:00,66521.012
2024-12-06 00:00:00+00:00,64475.975
2024-12-06 01:00:00+00:00,65259.863
2024-12-06 02:00:00+00:00,65290.797
2024-12-06 03:00:00+00:00,65099.284
2024-12-06 04:00:00+00:00,65140.073
2024-12-06 05:00:00+00:00,65090.366
2024-12-06 06:00:00+00:00,64863.289
2024-12-06 07:00:00+00:00,65364.459
2024-12-06 08:00:00+00:00,65669.211
2024-12-06 09:00:00+00:00,65579.913
2024-12-06 10:00:00+00:00,65441.341
2024-12-06 11:00:00+00:00,65454.834
2024-12-06 12:00:00+00:00,65960.72199999
2024-12-06 13:00:00+00:00,65848.629
2024-12-06 14:00:00+00:00,65617.368
2024-12-06 15:00:00+00:00,65265.709
2024-12-06 16:00:00+00:00,64707.437
2024-12-06 17:00:00+00:00,64775.626
2024-12-06 18:00:00+00:00,66185.19899999
2024-12-06 19:00:00+00:00,66654.163
2024-12-06 20:00:00+00:00,66299.303
2024-12-06 21:00:00+00:00,62947.425
2024-12-06 22:00:00+00:00,62185.29
2024-12-06 23:00:00+00:00,62278.019
2024-12-07 00:00:00+00:00,61606.575
2024-12-07 01:00:00+00:00,61741.551
2024-12-07 02:00:00+00:00,61680.974
2024-12-07 03:00:00+00:00,61674.782
2024-12-07 04:00:00+00:00,61776.27
2024-12-07 05:00:00+00:00,61761.344
2024-12-07 06:00:00+00:00,61633.036
2024-12-07 07:00:00+00:00,61736.009
2024-12-07 08:00:00+00:00,61763.96
2024-12-07 09:00:00+00:00,61937.645
2024-12-07 10:00:00+00:00,62387.344
2024-12-07 11:00:00+00:00,62506.371
2024-12-07 12:00:00+00:00,62486.981
2024-12-07 13:00:00+00:00,62673.028
2024-12-07 14:00:00+00:00,62667.242
2024-12-07 15:00:00+00:00,62824.783
2024-12-07 16:00:00+00:00,62222.914
2024-12-07 17:00:00+00:00,62095.421
2024-12-07 18:00:00+00:00,62356.661
2024-12-07 19:00:00+00:00,62136.686
2024-12-07 20:00:00+00:00,62300.686
2024-12-07 21:00:00+00:00,62535.502
2024-12-07 22:00:00+00:00,62315.909
2024-12-07 23:00:00+00:00,62590.485
2024-12-08 00:00:00+00:00,63141.978
2024-12-08 01:00:00+00:00,63153.264
2024-12-08 02:00:00+00:00,63272.273
2024-12-08 03:00:00+00:00,63047.784
2024-12-08 04:00:00+00:00,62851.206
2024-12-08 05:00:00+00:00,62720.281
2024-12-08 06:00:00+00:00,62789.5
2024-12-08 07:00:00+00:00,62801.146
2024-12-08 08:00:00+00:00,62827.123
2024-12-08 09:00:00+00:00,63330.023
2024-12-08 10:00:00+00:00,63772.551
2024-12-08 11:00:00+00:00,64537.422
2024-12-08 12:00:00+00:00,65035.39
2024-12-08 13:00:00+00:00,65022.688
2024-12-08 14:00:00+00:00,65148.852
2024-12-08 15:00:00+00:00,65038.354
2024-12-08 16:00:00+00:00,65427.463
2024-12-08 17:00:00+00:00,64964.591
2024-12-08 18:00:00+00:00,64473.045
2024-12-08 19:00:00+00:00,63958.87
2024-12-08 20:00:00+00:00,63684.595
2024-12-08 21:00:00+00:00,62942.797
2024-12-08 22:00:00+00:00,62641.133
2024-12-08 23:00:00+00:00,62647.22
2024-12-09 00:00:00+00:00,62389.384
2024-12-09 01:00:00+00:00,62314.511
2024-12-09 02:00:00+00:00,62542.297
2024-12-09 03:00:00+00:00,62928.676
2024-12-09 04:00:00+00:00,62872.605
2024-12-09 05:00:00+00:00,63271.417
2024-12-09 06:00:00+00:00,63203.664
2024-12-09 07:00:00+00:00,63183.163
2024-12-09 08:00:00+00:00,63566.184
2024-12-09 09:00:00+00:00,64895.158
2024-12-09 10:00:00+00:00,64794.961
2024-12-09 11:00:00+00:00,64818.173
2024-12-09 12:00:00+00:00,65197.854
2024-12-09 13:00:00+00:00,65595.634
2024-12-09 14:00:00+00:00,66107.283
2024-12-09 15:00:00+00:00,65967.698
2024-12-09 16:00:00+00:00,66134.27499999
2024-12-09 17:00:00+00:00,66127.516
2024-12-09 18:00:00+00:00,66247.886
2024-12-09 19:00:00+00:00,65640.228
2024-12-09 20:00:00+00:00,65771.422
2024-12-09 21:00:00+00:00,66648.181
2024-12-09 22:00:00+00:00,65481.056
2024-12-09 23:00:00+00:00,64889.806
2024-12-10 00:00:00+00:00,64863.657
2024-12-10 01:00:00+00:00,64647.965
2024-12-10 02:00:00+00:00,64111.863
2024-12-10 03:00:00+00:00,63527.958
2024-12-10 04:00:00+00:00,63624.747
2024-12-10 05:00:00+00:00,63444.206
2024-12-10 06:00:00+00:00,63058.239
2024-12-10 07:00:00+00:00,63097.756
2024-12-10 08:00:00+00:00,63129.619
2024-12-10 09:00:00+00:00,62799.679
2024-12-10 10:00:00+00:00,62662.414
2024-12-10 11:00:00+00:00,62702.726
2024-12-10 12:00:00+00:00,62742.142
2024-12-10 13:00:00+00:00,62694.586
2024-12-10 14:00:00+00:00,62692.779
2024-12-10 15:00:00+00:00,62063.495
2024-12-10 16:00:00+00:00,61284.05
2024-12-10 17:00:00+00:00,61485.583
2024-12-10 18:00:00+00:00,65147.549
2024-12-10 19:00:00+00:00,65252.142
2024-12-10 20:00:00+00:00,64935.683
2024-12-10 21:00:00+00:00,64508.687
2024-12-10 22:00:00+00:00,64177.949
2024-12-10 23:00:00+00:00,63993.772
2024-12-11 00:00:00+00:00,64075.358
2024-12-11 01:00:00+00:00,64071.495
2024-12-11 02:00:00+00:00,64284.394
2024-12-11 03:00:00+00:00,64129.852
2024-12-11 04:00:00+00:00,64188.451
2024-12-11 05:00:00+00:00,64189.389
2024-12-11 06:00:00+00:00,63920.276
2024-12-11 07:00:00+00:00,63881.885
2024-12-11 08:00:00+00:00,63767.616
2024-12-11 09:00:00+00:00,62173.17
2024-12-11 10:00:00+00:00,61812.049
2024-12-11 11:00:00+00:00,61885.403
2024-12-11 12:00:00+00:00,61406.982
2024-12-11 13:00:00+00:00,61368.276
2024-12-11 14:00:00+00:00,61066.038
2024-12-11 15:00:00+00:00,61230.805
2024-12-11 16:00:00+00:00,63643.674
2024-12-11 17:00:00+00:00,64182.948
2024-12-11 18:00:00+00:00,63421.415
2024-12-11 19:00:00+00:00,63564.696
2024-12-11 20:00:00+00:00,64264.12
2024-12-11 21:00:00+00:00,64395.47
2024-12-11 22:00:00+00:00,64158.812
2024-12-11 23:00:00+00:00,64304.047
2024-12-12 00:00:00+00:00,64666.971
2024-12-12 01:00:00+00:00,65018.248
2024-12-12 02:00:00+00:00,65285.553
2024-12-12 03:00:00+00:00,65008.05
2024-12-12 04:00:00+00:00,65456.807
2024-12-12 05:00:00+00:00,65201.097
2024-12-12 06:00:00+00:00,65285.167
2024-12-12 07:00:00+00:00,65627.64
2024-12-12 08:00:00+00:00,65614.007
2024-12-12 09:00:00+00:00,65574.739
2024-12-12 10:00:00+00:00,65720.891
2024-12-12 11:00:00+00:00,65813.888
2024-12-12 12:00:00+00:00,65952.49
2024-12-12 13:00:00+00:00,65959.759
2024-12-12 14:00:00+00:00,66224.25999999
2024-12-12 15:00:00+00:00,66373.157
2024-12-12 16:00:00+00:00,66498.73299999
2024-12-12 17:00:00+00:00,66775.579
2024-12-12 18:00:00+00:00,66551.014
2024-12-12 19:00:00+00:00,66845.629
2024-12-12 20:00:00+00:00,63182.203
2024-12-12 21:00:00+00:00,64274.289
2024-12-12 22:00:00+00:00,65675.966
2024-12-12 23:00:00+00:00,65436.776
2024-12-13 00:00:00+00:00,65526.072
2024-12-13 01:00:00+00:00,65669.106
2024-12-13 02:00:00+00:00,65450.104
2024-12-13 03:00:00+00:00,65002.183
2024-12-13 04:00:00+00:00,64906.697
2024-12-13 05:00:00+00:00,64819.88
2024-12-13 06:00:00+00:00,64889.812
2024-12-13 07:00:00+00:00,65010.135
2024-12-13 08:00:00+00:00,65311.553
2024-12-13 09:00:00+00:00,65250.949
2024-12-13 10:00:00+00:00,64819.578
2024-12-13 11:00:00+00:00,64231.728
2024-12-13 12:00:00+00:00,63512.298
2024-12-13 13:00:00+00:00,63153.331
2024-12-13 14:00:00+00:00,62610.366
2024-12-13 15:00:00+00:00,62908.851
2024-12-13 16:00:00+00:00,64910.01
2024-12-13 17:00:00+00:00,64452.165
2024-12-13 18:00:00+00:00,63801.496
2024-12-13 19:00:00+00:00,64154.888
2024-12-13 20:00:00+00:00,64118.545
2024-12-13 21:00:00+00:00,63150.229
2024-12-13 22:00:00+00:00,63652.117
2024-12-13 23:00:00+00:00,63356.837
2024-12-14 00:00:00+00:00,63707.225
2024-12-14 01:00:00+00:00,63589.753
2024-12-14 02:00:00+00:00,64142.271
2024-12-14 03:00:00+00:00,63745.459
2024-12-14 04:00:00+00:00,63964.445
2024-12-14 05:00:00+00:00,63633.385
2024-12-14 06:00:00+00:00,63773.373
2024-12-14 07:00:00+00:00,63925.877
2024-12-14 08:00:00+00:00,64118.728
2024-12-14 09:00:00+00:00,63925.584
2024-12-14 10:00:00+00:00,63764.032
2024-12-14 11:00:00+00:00,63718.396
2024-12-14 12:00:00+00:00,63747.941
2024-12-14 13:00:00+00:00,63926.007
2024-12-14 14:00:00+00:00,63349.581
2024-12-14 15:00:00+00:00,63530.126
2024-12-14 16:00:00+00:00,63645.961
2024-12-14 17:00:00+00:00,63726.531
2024-12-14 18:00:00+00:00,63548.699
2024-12-14 19:00:00+00:00,63430.637
2024-12-14 20:00:00+00:00,63619.741
2024-12-14 21:00:00+00:00,63451.756
2024-12-14 22:00:00+00:00,63643.33
2024-12-14 23:00:00+00:00,63604.244
2024-12-15 00:00:00+00:00,63730.821
2024-12-15 01:00:00+00:00,63657.412
2024-12-15 02:00:00+00:00,64178.599
2024-12-15 03:00:00+00:00,64558.662
2024-12-15 04:00:00+00:00,64540.265
2024-12-15 05:00:00+00:00,64187.453
2024-12-15 06:00:00+00:00,63900.301
2024-12-15 07:00:00+00:00,63960.956
2024-12-15 08:00:00+00:00,63965.639
2024-12-15 09:00:00+00:00,64020.368
2024-12-15 10:00:00+00:00,64091.101
2024-12-15 11:00:00+00:00,64192.065
2024-12-15 12:00:00+00:00,64557.735
2024-12-15 13:00:00+00:00,65299.278
2024-12-15 14:00:00+00:00,65098.984
2024-12-15 15:00:00+00:00,65569.3
2024-12-15 16:00:00+00:00,65932.168
2024-12-15 17:00:00+00:00,65579.346
2024-12-15 18:00:00+00:00,65960.52
2024-12-15 19:00:00+00:00,65913.121
2024-12-15 20:00:00+00:00,66385.263
2024-12-15 21:00:00+00:00,66388.09299999
2024-12-15 22:00:00+00:00,66480.05899999
2024-12-15 23:00:00+00:00,66121.514
2024-12-16 00:00:00+00:00,67530.265
2024-12-16 01:00:00+00:00,67808.872
2024-12-16 02:00:00+00:00,67576.064
2024-12-16 03:00:00+00:00,66637.719
2024-12-16 04:00:00+00:00,66600.155
2024-12-16 05:00:00+00:00,66481.933
2024-12-16 06:00:00+00:00,66734.45699999
2024-12-16 07:00:00+00:00,66924.076
2024-12-16 08:00:00+00:00,67060.243
2024-12-16 09:00:00+00:00,67466.229
2024-12-16 10:00:00+00:00,67916.39599999
2024-12-16 11:00:00+00:00,67902.28
2024-12-16 12:00:00+00:00,68334.371
2024-12-16 13:00:00+00:00,67935.63499999
2024-12-16 14:00:00+00:00,67652.015
2024-12-16 15:00:00+00:00,68455.859
2024-12-16 16:00:00+00:00,70158.432
2024-12-16 17:00:00+00:00,70340.749
2024-12-16 18:00:00+00:00,70467.874
2024-12-16 19:00:00+00:00,69922.364
2024-12-16 20:00:00+00:00,69382.058
2024-12-16 21:00:00+00:00,68792.475
2024-12-16 22:00:00+00:00,68656.474
2024-12-16 23:00:00+00:00,68594.45299999
2024-12-17 00:00:00+00:00,68148.895
2024-12-17 01:00:00+00:00,67644.387
2024-12-17 02:00:00+00:00,67503.932
2024-12-17 03:00:00+00:00,67622.603
2024-12-17 04:00:00+00:00,67786.652
2024-12-17 05:00:00+00:00,67549.228
2024-12-17 06:00:00+00:00,67519.614
2024-12-17 07:00:00+00:00,67446.374
2024-12-17 08:00:00+00:00,67530.262
2024-12-17 09:00:00+00:00,67775.73699999
2024-12-17 10:00:00+00:00,68065.674
2024-12-17 11:00:00+00:00,68048.711
2024-12-17 12:00:00+00:00,67843.758
2024-12-17 13:00:00+00:00,67969.77099999
2024-12-17 14:00:00+00:00,67953.903
2024-12-17 15:00:00+00:00,68410.769
2024-12-17 16:00:00+00:00,66828.401
2024-12-17 17:00:00+00:00,66505.603
2024-12-17 18:00:00+00:00,66628.014
2024-12-17 19:00:00+00:00,66430.852
2024-12-17 20:00:00+00:00,66537.867
2024-12-17 21:00:00+00:00,66149.41899999
2024-12-17 22:00:00+00:00,65818.192
2024-12-17 23:00:00+00:00,66023.244
2024-12-18 00:00:00+00:00,65260.054
2024-12-18 01:00:00+00:00,65417.016
2024-12-18 02:00:00+00:00,65788.657
2024-12-18 03:00:00+00:00,66280.178
2024-12-18 04:00:00+00:00,66299.14599999
2024-12-18 05:00:00+00:00,65991.416
2024-12-18 06:00:00+00:00,66192.298
2024-12-18 07:00:00+00:00,66340.767
2024-12-18 08:00:00+00:00,65630.296
2024-12-18 09:00:00+00:00,64934.766
2024-12-18 10:00:00+00:00,64945.611
2024-12-18 11:00:00+00:00,65332.184
2024-12-18 12:00:00+00:00,66381.14999999
2024-12-18 13:00:00+00:00,66772.451
2024-12-18 14:00:00+00:00,67275.397
2024-12-18 15:00:00+00:00,67243.62699999
2024-12-18 16:00:00+00:00,66964.943
2024-12-18 17:00:00+00:00,66933.78
2024-12-18 18:00:00+00:00,66666.159
2024-12-18 19:00:00+00:00,66311.689
2024-12-18 20:00:00+00:00,66957.303
2024-12-18 21:00:00+00:00,65940.25
2024-12-18 22:00:00+00:00,65979.732
2024-12-18 23:00:00+00:00,65913.017
2024-12-19 00:00:00+00:00,66300.591
2024-12-19 01:00:00+00:00,66308.00999999
2024-12-19 02:00:00+00:00,67189.572
2024-12-19 03:00:00+00:00,66854.66
2024-12-19 04:00:00+00:00,67643.262
2024-12-19 05:00:00+00:00,67600.08
2024-12-19 06:00:00+00:00,67698.028
2024-12-19 07:00:00+00:00,68129.902
2024-12-19 08:00:00+00:00,68708.552
2024-12-19 09:00:00+00:00,68752.64999999
2024-12-19 10:00:00+00:00,68774.50999999
2024-12-19 11:00:00+00:00,68343.933
2024-12-19 12:00:00+00:00,68537.959
2024-12-19 13:00:00+00:00,67998.24099999
2024-12-19 14:00:00+00:00,67788.012
2024-12-19 15:00:00+00:00,67360.724
2024-12-19 16:00:00+00:00,68406.431
2024-12-19 17:00:00+00:00,68452.781
2024-12-19 18:00:00+00:00,65781.441
2024-12-19 19:00:00+00:00,65976.595
2024-12-19 20:00:00+00:00,65771.47
2024-12-19 21:00:00+00:00,65292.762
2024-12-19 22:00:00+00:00,65031.776
2024-12-19 23:00:00+00:00,65164.175
2024-12-20 00:00:00+00:00,64931.768
2024-12-20 01:00:00+00:00,64975.377
2024-12-20 02:00:00+00:00,65011.726
2024-12-20 03:00:00+00:00,65048.366
2024-12-20 04:00:00+00:00,64787.25
2024-12-20 05:00:00+00:00,65091.219
2024-12-20 06:00:00+00:00,65062.545
2024-12-20 07:00:00+00:00,65068.592
2024-12-20 08:00:00+00:00,64965.682
2024-12-20 09:00:00+00:00,65383.844
2024-12-20 10:00:00+00:00,64916.236
2024-12-20 11:00:00+00:00,64588.958
2024-12-20 12:00:00+00:00,65351.459
2024-12-20 13:00:00+00:00,64082.625
2024-12-20 14:00:00+00:00,63720.962
2024-12-20 15:00:00+00:00,63747.58
2024-12-20 16:00:00+00:00,63380.049
2024-12-20 17:00:00+00:00,63273.164
2024-12-20 18:00:00+00:00,63191.786
2024-12-20 19:00:00+00:00,63238.085
2024-12-20 20:00:00+00:00,63111.525
2024-12-20 21:00:00+00:00,62643.819
2024-12-20 22:00:00+00:00,61969.629
2024-12-20 23:00:00+00:00,62015.047
2024-12-21 00:00:00+00:00,62176.974
2024-12-21 01:00:00+00:00,62210.316
2024-12-21 02:00:00+00:00,61816.187
2024-12-21 03:00:00+00:00,61851.587
2024-12-21 04:00:00+00:00,61892.815
2024-12-21 05:00:00+00:00,61964.095
2024-12-21 06:00:00+00:00,61747.421
2024-12-21 07:00:00+00:00,61724.764
2024-12-21 08:00:00+00:00,62328.288
2024-12-21 09:00:00+00:00,63038.956
2024-12-21 10:00:00+00:00,62994.788
2024-12-21 11:00:00+00:00,63146.232
2024-12-21 12:00:00+00:00,63327.415
2024-12-21 13:00:00+00:00,63303.751
2024-12-21 14:00:00+00:00,63670.187
2024-12-21 15:00:00+00:00,63640.598
2024-12-21 16:00:00+00:00,63615.061
2024-12-21 17:00:00+00:00,63600.133
2024-12-21 18:00:00+00:00,63508.526
2024-12-21 19:00:00+00:00,63584.868
2024-12-21 20:00:00+00:00,63487.584
2024-12-21 21:00:00+00:00,63351.768
2024-12-21 22:00:00+00:00,63026.691
2024-12-21 23:00:00+00:00,63091.726
2024-12-22 00:00:00+00:00,63071.165
2024-12-22 01:00:00+00:00,63016.624
2024-12-22 02:00:00+00:00,63000.451
2024-12-22 03:00:00+00:00,63023.338
2024-12-22 04:00:00+00:00,62880.455
2024-12-22 05:00:00+00:00,62933.728
2024-12-22 06:00:00+00:00,63382.002
2024-12-22 07:00:00+00:00,63177.673
2024-12-22 08:00:00+00:00,63329.861
2024-12-22 09:00:00+00:00,63185.92
2024-12-22 10:00:00+00:00,63148.537
2024-12-22 11:00:00+00:00,63049.834
2024-12-22 12:00:00+00:00,63076.587
2024-12-22 13:00:00+00:00,63171.139
2024-12-22 14:00:00+00:00,62846.401
2024-12-22 15:00:00+00:00,62929.406
2024-12-22 16:00:00+00:00,63013.028
2024-12-22 17:00:00+00:00,63353.692
2024-12-22 18:00:00+00:00,63565.929
2024-12-22 19:00:00+00:00,63511.928
2024-12-22 20:00:00+00:00,62720.593
2024-12-22 21:00:00+00:00,63094.793
2024-12-22 22:00:00+00:00,62674.476
2024-12-22 23:00:00+00:00,62887.344
2024-12-23 00:00:00+00:00,63157.881
2024-12-23 01:00:00+00:00,63327.717
2024-12-23 02:00:00+00:00,63228.546
2024-12-23 03:00:00+00:00,63335.211
2024-12-23 04:00:00+00:00,63025.614
2024-12-23 05:00:00+00:00,62748.082
2024-12-23 06:00:00+00:00,63010.127
2024-12-23 07:00:00+00:00,63454.137
2024-12-23 08:00:00+00:00,63523.829
2024-12-23 09:00:00+00:00,63360.999
2024-12-23 10:00:00+00:00,63807.84
2024-12-23 11:00:00+00:00,63927.362
2024-12-23 12:00:00+00:00,63707.38
2024-12-23 13:00:00+00:00,63862.847
2024-12-23 14:00:00+00:00,63655.262
2024-12-23 15:00:00+00:00,64227.609
2024-12-23 16:00:00+00:00,64639.209
2024-12-23 17:00:00+00:00,64605.621
2024-12-23 18:00:00+00:00,64534.453
2024-12-23 19:00:00+00:00,64560.99
2024-12-23 20:00:00+00:00,64553.04
2024-12-23 21:00:00+00:00,64785.32
2024-12-23 22:00:00+00:00,64883.239
2024-12-23 23:00:00+00:00,64256.506
2024-12-24 00:00:00+00:00,64348.6
2024-12-24 01:00:00+00:00,64210.458
2024-12-24 02:00:00+00:00,64479.768
2024-12-24 03:00:00+00:00,64355.161
2024-12-24 04:00:00+00:00,64289.785
2024-12-24 05:00:00+00:00,64183.408
2024-12-24 06:00:00+00:00,64045.619
2024-12-24 07:00:00+00:00,64118.679
2024-12-24 08:00:00+00:00,63966.141
2024-12-24 09:00:00+00:00,63996.904
2024-12-24 10:00:00+00:00,63863.899
2024-12-24 11:00:00+00:00,63987.53
2024-12-24 12:00:00+00:00,64127.078
2024-12-24 13:00:00+00:00,64193.84
2024-12-24 14:00:00+00:00,64149.529
2024-12-24 15:00:00+00:00,63304.531
2024-12-24 16:00:00+00:00,62519.17
2024-12-24 17:00:00+00:00,63490.616
2024-12-24 18:00:00+00:00,63330.812
2024-12-24 19:00:00+00:00,62846.893
2024-12-24 20:00:00+00:00,62316.38
2024-12-24 21:00:00+00:00,60737.611
2024-12-24 22:00:00+00:00,59763.69
2024-12-24 23:00:00+00:00,59785.869
2024-12-25 00:00:00+00:00,59847.275
2024-12-25 01:00:00+00:00,59871.091
2024-12-25 02:00:00+00:00,59867.058
2024-12-25 03:00:00+00:00,59796.803
2024-12-25 04:00:00+00:00,59718.34
2024-12-25 05:00:00+00:00,59573.317
2024-12-25 06:00:00+00:00,59564.511
2024-12-25 07:00:00+00:00,59509.795
2024-12-25 08:00:00+00:00,59608.498
2024-12-25 09:00:00+00:00,59595.739
2024-12-25 10:00:00+00:00,59545.08
2024-12-25 11:00:00+00:00,58990.874
2024-12-25 12:00:00+00:00,58541.502
2024-12-25 13:00:00+00:00,58511.112
2024-12-25 14:00:00+00:00,58628.01
2024-12-25 15:00:00+00:00,58694.356
2024-12-25 16:00:00+00:00,58757.154
2024-12-25 17:00:00+00:00,58911.08
2024-12-25 18:00:00+00:00,59017.238
2024-12-25 19:00:00+00:00,59262.777
2024-12-25 20:00:00+00:00,59963.685
2024-12-25 21:00:00+00:00,60488.206
2024-12-25 22:00:00+00:00,60205.293
2024-12-25 23:00:00+00:00,59999.079
2024-12-26 00:00:00+00:00,60280.896
2024-12-26 01:00:00+00:00,60017.746
2024-12-26 02:00:00+00:00,60036.52
2024-12-26 03:00:00+00:00,60230.662
2024-12-26 04:00:00+00:00,60310.451
2024-12-26 05:00:00+00:00,60090.298
2024-12-26 06:00:00+00:00,60057.448
2024-12-26 07:00:00+00:00,59944.568
2024-12-26 08:00:00+00:00,59945.845
2024-12-26 09:00:00+00:00,62498.486
2024-12-26 10:00:00+00:00,63075.141
2024-12-26 11:00:00+00:00,63390.263
2024-12-26 12:00:00+00:00,63727.536
2024-12-26 13:00:00+00:00,63469.465
2024-12-26 14:00:00+00:00,63298.394
2024-12-26 15:00:00+00:00,63159.745
2024-12-26 16:00:00+00:00,63107.826
2024-12-26 17:00:00+00:00,63032.283
2024-12-26 18:00:00+00:00,62760.501
2024-12-26 19:00:00+00:00,62644.16
2024-12-26 20:00:00+00:00,62586.763
2024-12-26 21:00:00+00:00,62982.018
2024-12-26 22:00:00+00:00,63151.908
2024-12-26 23:00:00+00:00,63175.27
2024-12-27 00:00:00+00:00,63047.963
2024-12-27 01:00:00+00:00,63162.121
2024-12-27 02:00:00+00:00,63212.619
2024-12-27 03:00:00+00:00,63272.144
2024-12-27 04:00:00+00:00,63314.51
2024-12-27 05:00:00+00:00,63340.351
2024-12-27 06:00:00+00:00,63356.838
2024-12-27 07:00:00+00:00,63453.342
2024-12-27 08:00:00+00:00,63938.7
2024-12-27 09:00:00+00:00,63823.067
2024-12-27 10:00:00+00:00,63101.918
2024-12-27 11:00:00+00:00,63196.677
2024-12-27 12:00:00+00:00,62767.136
2024-12-27 13:00:00+00:00,62976.875
2024-12-27 14:00:00+00:00,63180.439
2024-12-27 15:00:00+00:00,63662.239
2024-12-27 16:00:00+00:00,64329.142
2024-12-27 17:00:00+00:00,64765.589
2024-12-27 18:00:00+00:00,64551.85
2024-12-27 19:00:00+00:00,64662.314
2024-12-27 20:00:00+00:00,64691.888
2024-12-27 21:00:00+00:00,64638.814
2024-12-27 22:00:00+00:00,64443.324
2024-12-27 23:00:00+00:00,64211.909
2024-12-28 00:00:00+00:00,64129.958
2024-12-28 01:00:00+00:00,64132.946
2024-12-28 02:00:00+00:00,64215.995
2024-12-28 03:00:00+00:00,64281.779
2024-12-28 04:00:00+00:00,64259.407
2024-12-28 05:00:00+00:00,64258.016
2024-12-28 06:00:00+00:00,64566.203
2024-12-28 07:00:00+00:00,64558.44
2024-12-28 08:00:00+00:00,64546.237
2024-12-28 09:00:00+00:00,64621.123
2024-12-28 10:00:00+00:00,64572.686
2024-12-28 11:00:00+00:00,64635.024
2024-12-28 12:00:00+00:00,64519.985
2024-12-28 13:00:00+00:00,64671.926
2024-12-28 14:00:00+00:00,64698.66
2024-12-28 15:00:00+00:00,64447.279
2024-12-28 16:00:00+00:00,64429.028
2024-12-28 17:00:00+00:00,64453.402
2024-12-28 18:00:00+00:00,64669.421
2024-12-28 19:00:00+00:00,64467.155
2024-12-28 20:00:00+00:00,64484.005
2024-12-28 21:00:00+00:00,64449.921
2024-12-28 22:00:00+00:00,64484.026
2024-12-28 23:00:00+00:00,64374.123
2024-12-29 00:00:00+00:00,64362.29
2024-12-29 01:00:00+00:00,64500.179
2024-12-29 02:00:00+00:00,64423.513
2024-12-29 03:00:00+00:00,64624.552
2024-12-29 04:00:00+00:00,64578.561
2024-12-29 05:00:00+00:00,64671.021
2024-12-29 06:00:00+00:00,64601.366
2024-12-29 07:00:00+00:00,64490.848
2024-12-29 08:00:00+00:00,64435.855
2024-12-29 09:00:00+00:00,64430.872
2024-12-29 10:00:00+00:00,64200.112
2024-12-29 11:00:00+00:00,64031.286
2024-12-29 12:00:00+00:00,64226.81
2024-12-29 13:00:00+00:00,64451.424
2024-12-29 14:00:00+00:00,64252.667
2024-12-29 15:00:00+00:00,64606.01
2024-12-29 16:00:00+00:00,64559.008
2024-12-29 17:00:00+00:00,64440.192
2024-12-29 18:00:00+00:00,64092.252
2024-12-29 19:00:00+00:00,63760.685
2024-12-29 20:00:00+00:00,63784.622
2024-12-29 21:00:00+00:00,64042.259
2024-12-29 22:00:00+00:00,64025.625
2024-12-29 23:00:00+00:00,63998.99
2024-12-30 00:00:00+00:00,64177.003
2024-12-30 01:00:00+00:00,63808.397
2024-12-30 02:00:00+00:00,63598.25
2024-12-30 03:00:00+00:00,63946.789
2024-12-30 04:00:00+00:00,64125.072
2024-12-30 05:00:00+00:00,64310.944
2024-12-30 06:00:00+00:00,64404.409
2024-12-30 07:00:00+00:00,64380.581
2024-12-30 08:00:00+00:00,64426.928
2024-12-30 09:00:00+00:00,64522.094
2024-12-30 10:00:00+00:00,64495.407
2024-12-30 11:00:00+00:00,64674.49
2024-12-30 12:00:00+00:00,64473.783
2024-12-30 13:00:00+00:00,64736.047
2024-12-30 14:00:00+00:00,65190.067
2024-12-30 15:00:00+00:00,66172.125
2024-12-30 16:00:00+00:00,65496.486
2024-12-30 17:00:00+00:00,66002.064
2024-12-30 18:00:00+00:00,64968.139
2024-12-30 19:00:00+00:00,64166.538
2024-12-30 20:00:00+00:00,64364.353
2024-12-30 21:00:00+00:00,64457.686
2024-12-30 22:00:00+00:00,63129.068
2024-12-30 23:00:00+00:00,62937.697
2024-12-31 00:00:00+00:00,63260.29
2024-12-31 01:00:00+00:00,63209.201
2024-12-31 02:00:00+00:00,63100.232
2024-12-31 03:00:00+00:00,63038.362
2024-12-31 04:00:00+00:00,62917.568
2024-12-31 05:00:00+00:00,63034.306
2024-12-31 06:00:00+00:00,63057.441
2024-12-31 07:00:00+00:00,63144.757
2024-12-31 08:00:00+00:00,63037.744
2024-12-31 09:00:00+00:00,63397.236
2024-12-31 10:00:00+00:00,63355.442
2024-12-31 11:00:00+00:00,63040.313
2024-12-31 12:00:00+00:00,62786.064
2024-12-31 13:00:00+00:00,61803.593
2024-12-31 14:00:00+00:00,60767.288
2024-12-31 15:00:00+00:00,60936.281
2024-12-31 16:00:00+00:00,61007.055
2024-12-31 17:00:00+00:00,61341.475
2024-12-31 18:00:00+00:00,60225.498
2024-12-31 19:00:00+00:00,60414.948
2024-12-31 20:00:00+00:00,60279.958
2024-12-31 21:00:00+00:00,60286.575
2024-12-31 22:00:00+00:00,60023.774
2024-12-31 23:00:00+00:00,59950.282
2025-01-01 00:00:00+00:00,60006.946
2025-01-01 01:00:00+00:00,60325.002
2025-01-01 02:00:00+00:00,60354.534
2025-01-01 03:00:00+00:00,60515.386
2025-01-01 04:00:00+00:00,60499.875
2025-01-01 05:00:00+00:00,60635.991
2025-01-01 06:00:00+00:00,60512.515
2025-01-01 07:00:00+00:00,60491.142
2025-01-01 08:00:00+00:00,60212.457
2025-01-01 09:00:00+00:00,59989.532
2025-01-01 10:00:00+00:00,60105.396
2025-01-01 11:00:00+00:00,60394.421
2025-01-01 12:00:00+00:00,60555.092
2025-01-01 13:00:00+00:00,60556.404
2025-01-01 14:00:00+00:00,60753.742
2025-01-01 15:00:00+00:00,60628.836
2025-01-01 16:00:00+00:00,60522.496
2025-01-01 17:00:00+00:00,60541.78
2025-01-01 18:00:00+00:00,60786.531
2025-01-01 19:00:00+00:00,60711.776
2025-01-01 20:00:00+00:00,60629.144
2025-01-01 21:00:00+00:00,60768.396
2025-01-01 22:00:00+00:00,60675.077
2025-01-01 23:00:00+00:00,60567.739
2025-01-02 00:00:00+00:00,60441.107
2025-01-02 01:00:00+00:00,60189.647
2025-01-02 02:00:00+00:00,59973.472
2025-01-02 03:00:00+00:00,60361.319
2025-01-02 04:00:00+00:00,60400.239
2025-01-02 05:00:00+00:00,60378.121
2025-01-02 06:00:00+00:00,60634.569
2025-01-02 07:00:00+00:00,60719.277
2025-01-02 08:00:00+00:00,60925.086
2025-01-02 09:00:00+00:00,60967.024
2025-01-02 10:00:00+00:00,60828.489
2025-01-02 11:00:00+00:00,61062.007
2025-01-02 12:00:00+00:00,61423.913
2025-01-02 13:00:00+00:00,61614.39
2025-01-02 14:00:00+00:00,61826.784
2025-01-02 15:00:00+00:00,61653.898
2025-01-02 16:00:00+00:00,61549.007
2025-01-02 17:00:00+00:00,61501.556
2025-01-02 18:00:00+00:00,61361.719
2025-01-02 19:00:00+00:00,60973.008
2025-01-02 20:00:00+00:00,61465.017
2025-01-02 21:00:00+00:00,61795.505
2025-01-02 22:00:00+00:00,61483.635
2025-01-02 23:00:00+00:00,61732.858
2025-01-03 00:00:00+00:00,61679.728
2025-01-03 01:00:00+00:00,61443.596
2025-01-03 02:00:00+00:00,61398.693
2025-01-03 03:00:00+00:00,61407.034
2025-01-03 04:00:00+00:00,61322.865
2025-01-03 05:00:00+00:00,61273.275
2025-01-03 06:00:00+00:00,61224.923
2025-01-03 07:00:00+00:00,61106.942
2025-01-03 08:00:00+00:00,61365.623
2025-01-03 09:00:00+00:00,61362.768
2025-01-03 10:00:00+00:00,61203.077
2025-01-03 11:00:00+00:00,61256.529
2025-01-03 12:00:00+00:00,61068.092
2025-01-03 13:00:00+00:00,61374.216
2025-01-03 14:00:00+00:00,61514.844
2025-01-03 15:00:00+00:00,61640.884
2025-01-03 16:00:00+00:00,61537.818
2025-01-03 17:00:00+00:00,61924.273
2025-01-03 18:00:00+00:00,62072.869
2025-01-03 19:00:00+00:00,62525.909
2025-01-03 20:00:00+00:00,62690.236
2025-01-03 21:00:00+00:00,62414.371
2025-01-03 22:00:00+00:00,62523.495
2025-01-03 23:00:00+00:00,62688.726
2025-01-04 00:00:00+00:00,62410.81
2025-01-04 01:00:00+00:00,62271.794
2025-01-04 02:00:00+00:00,61967.531
2025-01-04 03:00:00+00:00,61826.74
2025-01-04 04:00:00+00:00,61794.707
2025-01-04 05:00:00+00:00,61782.589
2025-01-04 06:00:00+00:00,61702.005
2025-01-04 07:00:00+00:00,61602.933
2025-01-04 08:00:00+00:00,61810.005
2025-01-04 09:00:00+00:00,61738.508
2025-01-04 10:00:00+00:00,61858.721
2025-01-04 11:00:00+00:00,61802.035
2025-01-04 12:00:00+00:00,61795.786
2025-01-04 13:00:00+00:00,61954.771
2025-01-04 14:00:00+00:00,62260.936
2025-01-04 15:00:00+00:00,62470.501
2025-01-04 16:00:00+00:00,62696.125
2025-01-04 17:00:00+00:00,62962.426
2025-01-04 18:00:00+00:00,62877.088
2025-01-04 19:00:00+00:00,62864.366
2025-01-04 20:00:00+00:00,62354.279
2025-01-04 21:00:00+00:00,62224.554
2025-01-04 22:00:00+00:00,62089.654
2025-01-04 23:00:00+00:00,62019.837
2025-01-05 00:00:00+00:00,62008.617
2025-01-05 01:00:00+00:00,62122.703
2025-01-05 02:00:00+00:00,62152.636
2025-01-05 03:00:00+00:00,62183.066
2025-01-05 04:00:00+00:00,62196.178
2025-01-05 05:00:00+00:00,61946.001
2025-01-05 06:00:00+00:00,61964.516
2025-01-05 07:00:00+00:00,62003.357
2025-01-05 08:00:00+00:00,62037.053
2025-01-05 09:00:00+00:00,62418.762
2025-01-05 10:00:00+00:00,62645.459
2025-01-05 11:00:00+00:00,62676.462
2025-01-05 12:00:00+00:00,62799.824
2025-01-05 13:00:00+00:00,62697.942
2025-01-05 14:00:00+00:00,62687.174
2025-01-05 15:00:00+00:00,62723.465
2025-01-05 16:00:00+00:00,62378.06
2025-01-05 17:00:00+00:00,62315.069
2025-01-05 18:00:00+00:00,62401.73
2025-01-05 19:00:00+00:00,62284.076
2025-01-05 20:00:00+00:00,62162.988
2025-01-05 21:00:00+00:00,62199.302
2025-01-05 22:00:00+00:00,62271.377
2025-01-05 23:00:00+00:00,62246.377
2025-01-06 00:00:00+00:00,62356.479
2025-01-06 01:00:00+00:00,62541.14
2025-01-06 02:00:00+00:00,62671.642
2025-01-06 03:00:00+00:00,62893.603
2025-01-06 04:00:00+00:00,62998.999
2025-01-06 05:00:00+00:00,63019.518
2025-01-06 06:00:00+00:00,63880.064
2025-01-06 07:00:00+00:00,64149.361
2025-01-06 08:00:00+00:00,64366.07
2025-01-06 09:00:00+00:00,64354.065
2025-01-06 10:00:00+00:00,64285.936
2025-01-06 11:00:00+00:00,64039.441
2025-01-06 12:00:00+00:00,63739.691
2025-01-06 13:00:00+00:00,64269.016
2025-01-06 14:00:00+00:00,64071.382
2025-01-06 15:00:00+00:00,64944.537
2025-01-06 16:00:00+00:00,65218.488
2025-01-06 17:00:00+00:00,65380.008
2025-01-06 18:00:00+00:00,64752.029
2025-01-06 19:00:00+00:00,64937.18
2025-01-06 20:00:00+00:00,65121.594
2025-01-06 21:00:00+00:00,64999.254
2025-01-06 22:00:00+00:00,64772.754
2025-01-06 23:00:00+00:00,64592.065
2025-01-07 00:00:00+00:00,64559.23
2025-01-07 01:00:00+00:00,63918.3
2025-01-07 02:00:00+00:00,64076.777
2025-01-07 03:00:00+00:00,63987.014
2025-01-07 04:00:00+00:00,63903.392
2025-01-07 05:00:00+00:00,63658.727
2025-01-07 06:00:00+00:00,63625.328
2025-01-07 07:00:00+00:00,63734.923
2025-01-07 08:00:00+00:00,63630.345
2025-01-07 09:00:00+00:00,63485.071
2025-01-07 10:00:00+00:00,63345.587
2025-01-07 11:00:00+00:00,63274.232
2025-01-07 12:00:00+00:00,63315.51
2025-01-07 13:00:00+00:00,63453.592
2025-01-07 14:00:00+00:00,63079.073
2025-01-07 15:00:00+00:00,64660.7
2025-01-07 16:00:00+00:00,65518.682
2025-01-07 17:00:00+00:00,66619.557
2025-01-07 18:00:00+00:00,66562.073
2025-01-07 19:00:00+00:00,67149.742
2025-01-07 20:00:00+00:00,67231.87
2025-01-07 21:00:00+00:00,67235.667
2025-01-07 22:00:00+00:00,67148.026
2025-01-07 23:00:00+00:00,67168.026
2025-01-08 00:00:00+00:00,66991.18399999
2025-01-08 01:00:00+00:00,66795.479
2025-01-08 02:00:00+00:00,66811.7
2025-01-08 03:00:00+00:00,66631.743
2025-01-08 04:00:00+00:00,66488.338
2025-01-08 05:00:00+00:00,65781.814
2025-01-08 06:00:00+00:00,65534.105
2025-01-08 07:00:00+00:00,65305.211
2025-01-08 08:00:00+00:00,65062.139
2025-01-08 09:00:00+00:00,64859.303
2025-01-08 10:00:00+00:00,65140.18
2025-01-08 11:00:00+00:00,65275.773
2025-01-08 12:00:00+00:00,65379.083
2025-01-08 13:00:00+00:00,65639.114
2025-01-08 14:00:00+00:00,65512.888
2025-01-08 15:00:00+00:00,66098.807
2025-01-08 16:00:00+00:00,66429.265
2025-01-08 17:00:00+00:00,66425.443
2025-01-08 18:00:00+00:00,64719.524
2025-01-08 19:00:00+00:00,64082.659
2025-01-08 20:00:00+00:00,64303.502
2025-01-08 21:00:00+00:00,64719.005
2025-01-08 22:00:00+00:00,64716.037
2025-01-08 23:00:00+00:00,65189.93
2025-01-09 00:00:00+00:00,65410.49
2025-01-09 01:00:00+00:00,65226.926
2025-01-09 02:00:00+00:00,65475.824
2025-01-09 03:00:00+00:00,64793.902
2025-01-09 04:00:00+00:00,65042.055
2025-01-09 05:00:00+00:00,65109.316
2025-01-09 06:00:00+00:00,65515.865
2025-01-09 07:00:00+00:00,65435.254
2025-01-09 08:00:00+00:00,65992.848
2025-01-09 09:00:00+00:00,66201.965
2025-01-09 10:00:00+00:00,65949.505
2025-01-09 11:00:00+00:00,66224.638
2025-01-09 12:00:00+00:00,66153.982
2025-01-09 13:00:00+00:00,66072.069
2025-01-09 14:00:00+00:00,65983.621
2025-01-09 15:00:00+00:00,66208.158
2025-01-09 16:00:00+00:00,65279.877
2025-01-09 17:00:00+00:00,65345.203
2025-01-09 18:00:00+00:00,65020.541
2025-01-09 19:00:00+00:00,65217.178
2025-01-09 20:00:00+00:00,65447.484
2025-01-09 21:00:00+00:00,65436.178
2025-01-09 22:00:00+00:00,65183.576
2025-01-09 23:00:00+00:00,64864.579
2025-01-10 00:00:00+00:00,64730.659
2025-01-10 01:00:00+00:00,64806.184
2025-01-10 02:00:00+00:00,64935.515
2025-01-10 03:00:00+00:00,64566.232
2025-01-10 04:00:00+00:00,64621.454
2025-01-10 05:00:00+00:00,64869.217
2025-01-10 06:00:00+00:00,64377.034
2025-01-10 07:00:00+00:00,64604.015
2025-01-10 08:00:00+00:00,64651.968
2025-01-10 09:00:00+00:00,65161.026
2025-01-10 10:00:00+00:00,65442.205
2025-01-10 11:00:00+00:00,65392.782
2025-01-10 12:00:00+00:00,65281.237
2025-01-10 13:00:00+00:00,65605.406
2025-01-10 14:00:00+00:00,65245.21
2025-01-10 15:00:00+00:00,65828.655
2025-01-10 16:00:00+00:00,66850.924
2025-01-10 17:00:00+00:00,66806.137
2025-01-10 18:00:00+00:00,65978.336
2025-01-10 19:00:00+00:00,65526.965
2025-01-10 20:00:00+00:00,65495.426
2025-01-10 21:00:00+00:00,65591.45699999
2025-01-10 22:00:00+00:00,65689.532
2025-01-10 23:00:00+00:00,65472.185
2025-01-11 00:00:00+00:00,65394.452
2025-01-11 01:00:00+00:00,65166.63
2025-01-11 02:00:00+00:00,65114.709
2025-01-11 03:00:00+00:00,65315.297
2025-01-11 04:00:00+00:00,65166.542
2025-01-11 05:00:00+00:00,65493.941
2025-01-11 06:00:00+00:00,65483.246
2025-01-11 07:00:00+00:00,65590.727
2025-01-11 08:00:00+00:00,65561.177
2025-01-11 09:00:00+00:00,65528.145
2025-01-11 10:00:00+00:00,65518.929
2025-01-11 11:00:00+00:00,65592.276
2025-01-11 12:00:00+00:00,65674.48299999
2025-01-11 13:00:00+00:00,65255.939
2025-01-11 14:00:00+00:00,65350.391
2025-01-11 15:00:00+00:00,65389.982
2025-01-11 16:00:00+00:00,65408.737
2025-01-11 17:00:00+00:00,65723.298
2025-01-11 18:00:00+00:00,65705.959
2025-01-11 19:00:00+00:00,65614.583
2025-01-11 20:00:00+00:00,65603.553
2025-01-11 21:00:00+00:00,65541.849
2025-01-11 22:00:00+00:00,65331.074
2025-01-11 23:00:00+00:00,65434.94
2025-01-12 00:00:00+00:00,65220.104
2025-01-12 01:00:00+00:00,65176.633
2025-01-12 02:00:00+00:00,65020.263
2025-01-12 03:00:00+00:00,65027.557
2025-01-12 04:00:00+00:00,65032.943
2025-01-12 05:00:00+00:00,65049.755
2025-01-12 06:00:00+00:00,65061.071
2025-01-12 07:00:00+00:00,65172.316
2025-01-12 08:00:00+00:00,65170.44
2025-01-12 09:00:00+00:00,65161.448
2025-01-12 10:00:00+00:00,65528.858
2025-01-12 11:00:00+00:00,65698.91899999
2025-01-12 12:00:00+00:00,65416.352
2025-01-12 13:00:00+00:00,65523.094
2025-01-12 14:00:00+00:00,65449.356
2025-01-12 15:00:00+00:00,65529.926
2025-01-12 16:00:00+00:00,65377.848
2025-01-12 17:00:00+00:00,65236.782
2025-01-12 18:00:00+00:00,65282.193
2025-01-12 19:00:00+00:00,65287.919
2025-01-12 20:00:00+00:00,64954.286
2025-01-12 21:00:00+00:00,64931.629
2025-01-12 22:00:00+00:00,65068.804
2025-01-12 23:00:00+00:00,65436.903
2025-01-13 00:00:00+00:00,65288.838
2025-01-13 01:00:00+00:00,64213.404
2025-01-13 02:00:00+00:00,64748.267
2025-01-13 03:00:00+00:00,64942.072
2025-01-13 04:00:00+00:00,65282.869
2025-01-13 05:00:00+00:00,64812.634
2025-01-13 06:00:00+00:00,64822.654
2025-01-13 07:00:00+00:00,65040.756
2025-01-13 08:00:00+00:00,65041.311
2025-01-13 09:00:00+00:00,65031.387
2025-01-13 10:00:00+00:00,65664.085
2025-01-13 11:00:00+00:00,67289.517
2025-01-13 12:00:00+00:00,67664.67
2025-01-13 13:00:00+00:00,68111.194
2025-01-13 14:00:00+00:00,68792.499
2025-01-13 15:00:00+00:00,67795.128
2025-01-13 16:00:00+00:00,67149.20699999
2025-01-13 17:00:00+00:00,66203.996
2025-01-13 18:00:00+00:00,66238.62
2025-01-13 19:00:00+00:00,66516.924
2025-01-13 20:00:00+00:00,66134.94899999
2025-01-13 21:00:00+00:00,65683.005
2025-01-13 22:00:00+00:00,64918.552
2025-01-13 23:00:00+00:00,64922.507
2025-01-14 00:00:00+00:00,64526.871
2025-01-14 01:00:00+00:00,64337.804
2025-01-14 02:00:00+00:00,64165.207
2025-01-14 03:00:00+00:00,64331.784
2025-01-14 04:00:00+00:00,64519.965
2025-01-14 05:00:00+00:00,64216.544
2025-01-14 06:00:00+00:00,64643.723
2025-01-14 07:00:00+00:00,64898.658
2025-01-14 08:00:00+00:00,65091.893
2025-01-14 09:00:00+00:00,65161.997
2025-01-14 10:00:00+00:00,65139.386
2025-01-14 11:00:00+00:00,65097.352
2025-01-14 12:00:00+00:00,65282.034
2025-01-14 13:00:00+00:00,65319.187
2025-01-14 14:00:00+00:00,65653.696
2025-01-14 15:00:00+00:00,65432.379
2025-01-14 16:00:00+00:00,65402.855
2025-01-14 17:00:00+00:00,64804.524
2025-01-14 18:00:00+00:00,64456.275
2025-01-14 19:00:00+00:00,64729.012
2025-01-14 20:00:00+00:00,64966.389
2025-01-14 21:00:00+00:00,64428.921
2025-01-14 22:00:00+00:00,64079.035
2025-01-14 23:00:00+00:00,64095.879
2025-01-15 00:00:00+00:00,64230.821
2025-01-15 01:00:00+00:00,64138.604
2025-01-15 02:00:00+00:00,63994.088
2025-01-15 03:00:00+00:00,64208.174
2025-01-15 04:00:00+00:00,64210.632
2025-01-15 05:00:00+00:00,64193.185
2025-01-15 06:00:00+00:00,64228.6
2025-01-15 07:00:00+00:00,64005.795
2025-01-15 08:00:00+00:00,64108.296
2025-01-15 09:00:00+00:00,64054.332
2025-01-15 10:00:00+00:00,64429.712
2025-01-15 11:00:00+00:00,64655.672
2025-01-15 12:00:00+00:00,64675.793
2025-01-15 13:00:00+00:00,64712.912
2025-01-15 14:00:00+00:00,64898.344
2025-01-15 15:00:00+00:00,66004.685
2025-01-15 16:00:00+00:00,66078.109
2025-01-15 17:00:00+00:00,66515.545
2025-01-15 18:00:00+00:00,66803.598
2025-01-15 19:00:00+00:00,66647.894
2025-01-15 20:00:00+00:00,65908.248
2025-01-15 21:00:00+00:00,64501.383
2025-01-15 22:00:00+00:00,64449.909
2025-01-15 23:00:00+00:00,64272.549
2025-01-16 00:00:00+00:00,64202.193
2025-01-16 01:00:00+00:00,64949.236
2025-01-16 02:00:00+00:00,64794.558
2025-01-16 03:00:00+00:00,64702.737
2025-01-16 04:00:00+00:00,64769.836
2025-01-16 05:00:00+00:00,64765.718
2025-01-16 06:00:00+00:00,65024.377
2025-01-16 07:00:00+00:00,64933.485
2025-01-16 08:00:00+00:00,64963.957
2025-01-16 09:00:00+00:00,65184.882
2025-01-16 10:00:00+00:00,64989.261
2025-01-16 11:00:00+00:00,64983.204
2025-01-16 12:00:00+00:00,64986.799
2025-01-16 13:00:00+00:00,65219.01
2025-01-16 14:00:00+00:00,65061.581
2025-01-16 15:00:00+00:00,65062.876
2025-01-16 16:00:00+00:00,64265.362
2025-01-16 17:00:00+00:00,63896.329
2025-01-16 18:00:00+00:00,63959.013
2025-01-16 19:00:00+00:00,63607.992
2025-01-16 20:00:00+00:00,63629.341
2025-01-16 21:00:00+00:00,63486.461
2025-01-16 22:00:00+00:00,63486.648
2025-01-16 23:00:00+00:00,63522.942
2025-01-17 00:00:00+00:00,63526.922
2025-01-17 01:00:00+00:00,63365.858
2025-01-17 02:00:00+00:00,62924.53
2025-01-17 03:00:00+00:00,62933.91
2025-01-17 04:00:00+00:00,63098.633
2025-01-17 05:00:00+00:00,63187.077
2025-01-17 06:00:00+00:00,63279.656
2025-01-17 07:00:00+00:00,63263.109
2025-01-17 08:00:00+00:00,63282.356
2025-01-17 09:00:00+00:00,63354.165
2025-01-17 10:00:00+00:00,63749.516
2025-01-17 11:00:00+00:00,63856.113
2025-01-17 12:00:00+00:00,63923.002
2025-01-17 13:00:00+00:00,64222.087
2025-01-17 14:00:00+00:00,64622.065
2025-01-17 15:00:00+00:00,65138.307
2025-01-17 16:00:00+00:00,66354.894
2025-01-17 17:00:00+00:00,66890.82
2025-01-17 18:00:00+00:00,66395.959
2025-01-17 19:00:00+00:00,66298.74
2025-01-17 20:00:00+00:00,66390.678
2025-01-17 21:00:00+00:00,65035.267
2025-01-17 22:00:00+00:00,65023.094
2025-01-17 23:00:00+00:00,64722.832
2025-01-18 00:00:00+00:00,64250.669
2025-01-18 01:00:00+00:00,63872.731
2025-01-18 02:00:00+00:00,63754.869
2025-01-18 03:00:00+00:00,63704.081
2025-01-18 04:00:00+00:00,62927.981
2025-01-18 05:00:00+00:00,62584.867
2025-01-18 06:00:00+00:00,62518.581
2025-01-18 07:00:00+00:00,62466.232
2025-01-18 08:00:00+00:00,62401.355
2025-01-18 09:00:00+00:00,62168.975
2025-01-18 10:00:00+00:00,62031.026
2025-01-18 11:00:00+00:00,61838.233
2025-01-18 12:00:00+00:00,61530.283
2025-01-18 13:00:00+00:00,61597.192
2025-01-18 14:00:00+00:00,61750.68
2025-01-18 15:00:00+00:00,61666.954
2025-01-18 16:00:00+00:00,61712.512
2025-01-18 17:00:00+00:00,60968.274
2025-01-18 18:00:00+00:00,61206.931
2025-01-18 19:00:00+00:00,61334.607
2025-01-18 20:00:00+00:00,61065.34
2025-01-18 21:00:00+00:00,61236.782
2025-01-18 22:00:00+00:00,61209.212
2025-01-18 23:00:00+00:00,61017.882
2025-01-19 00:00:00+00:00,61104.847
2025-01-19 01:00:00+00:00,61114.598
2025-01-19 02:00:00+00:00,60892.677
2025-01-19 03:00:00+00:00,60904.653
2025-01-19 04:00:00+00:00,60808.291
2025-01-19 05:00:00+00:00,61066.001
2025-01-19 06:00:00+00:00,60913.048
2025-01-19 07:00:00+00:00,60967.164
2025-01-19 08:00:00+00:00,61166.853
2025-01-19 09:00:00+00:00,61242.647
2025-01-19 10:00:00+00:00,61492.733
2025-01-19 11:00:00+00:00,61347.216
2025-01-19 12:00:00+00:00,61247.331
2025-01-19 13:00:00+00:00,61502.561
2025-01-19 14:00:00+00:00,61462.119
2025-01-19 15:00:00+00:00,61638.302
2025-01-19 16:00:00+00:00,61714.985
2025-01-19 17:00:00+00:00,62220.362
2025-01-19 18:00:00+00:00,63676.642
2025-01-19 19:00:00+00:00,63038.703
2025-01-19 20:00:00+00:00,62984.584
2025-01-19 21:00:00+00:00,62554.236
2025-01-19 22:00:00+00:00,62492.208
2025-01-19 23:00:00+00:00,61512.166
2025-01-20 00:00:00+00:00,61501.602
2025-01-20 01:00:00+00:00,62654.83
2025-01-20 02:00:00+00:00,62611.186
2025-01-20 03:00:00+00:00,62491.646
2025-01-20 04:00:00+00:00,62356.751
2025-01-20 05:00:00+00:00,62071.865
2025-01-20 06:00:00+00:00,62108.52
2025-01-20 07:00:00+00:00,61970.465
2025-01-20 08:00:00+00:00,64162.652
2025-01-20 09:00:00+00:00,63633.257
2025-01-20 10:00:00+00:00,63371.967
2025-01-20 11:00:00+00:00,63407.144
2025-01-20 12:00:00+00:00,63472.94
2025-01-20 13:00:00+00:00,63232.982
2025-01-20 14:00:00+00:00,63144.002
2025-01-20 15:00:00+00:00,63774.856
2025-01-20 16:00:00+00:00,64774.085
2025-01-20 17:00:00+00:00,64571.136
2025-01-20 18:00:00+00:00,64806.025
2025-01-20 19:00:00+00:00,64972.717
2025-01-20 20:00:00+00:00,64699.146
2025-01-20 21:00:00+00:00,65457.591
2025-01-20 22:00:00+00:00,65723.839
2025-01-20 23:00:00+00:00,66149.751
2025-01-21 00:00:00+00:00,65468.059
2025-01-21 01:00:00+00:00,65161.366
2025-01-21 02:00:00+00:00,64355.215
2025-01-21 03:00:00+00:00,64888.418
2025-01-21 04:00:00+00:00,64910.66
2025-01-21 05:00:00+00:00,64749.073
2025-01-21 06:00:00+00:00,65202.537
2025-01-21 07:00:00+00:00,65037.26
2025-01-21 08:00:00+00:00,64588.944
2025-01-21 09:00:00+00:00,64832.132
2025-01-21 10:00:00+00:00,65027.644
2025-01-21 11:00:00+00:00,66301.129
2025-01-21 12:00:00+00:00,66399.43399999
2025-01-21 13:00:00+00:00,66217.701
2025-01-21 14:00:00+00:00,66545.657
2025-01-21 15:00:00+00:00,66937.225
2025-01-21 16:00:00+00:00,66676.118
2025-01-21 17:00:00+00:00,65956.545
2025-01-21 18:00:00+00:00,66086.926
2025-01-21 19:00:00+00:00,65751.374
2025-01-21 20:00:00+00:00,65002.512
2025-01-21 21:00:00+00:00,64429.641
2025-01-21 22:00:00+00:00,64304.72
2025-01-21 23:00:00+00:00,64228.775
2025-01-22 00:00:00+00:00,64484.914
2025-01-22 01:00:00+00:00,64001.778
2025-01-22 02:00:00+00:00,63880.13
2025-01-22 03:00:00+00:00,63757.921
2025-01-22 04:00:00+00:00,63896.353
2025-01-22 05:00:00+00:00,63953.96
2025-01-22 06:00:00+00:00,63775.672
2025-01-22 07:00:00+00:00,63018.803
2025-01-22 08:00:00+00:00,62983.032
2025-01-22 09:00:00+00:00,62944.959
2025-01-22 10:00:00+00:00,63021.253
2025-01-22 11:00:00+00:00,63033.939
2025-01-22 12:00:00+00:00,62784.692
2025-01-22 13:00:00+00:00,62909.432
2025-01-22 14:00:00+00:00,63766.161
2025-01-22 15:00:00+00:00,63775.33
2025-01-22 16:00:00+00:00,63605.376
2025-01-22 17:00:00+00:00,64129.867
2025-01-22 18:00:00+00:00,64097.864
2025-01-22 19:00:00+00:00,64232.338
2025-01-22 20:00:00+00:00,64042.759
2025-01-22 21:00:00+00:00,63576.339
2025-01-22 22:00:00+00:00,63226.158
2025-01-22 23:00:00+00:00,63388.064
2025-01-23 00:00:00+00:00,63690.35
2025-01-23 01:00:00+00:00,63505.707
2025-01-23 02:00:00+00:00,63093.81
2025-01-23 03:00:00+00:00,63144.414
2025-01-23 04:00:00+00:00,63298.677
2025-01-23 05:00:00+00:00,63119.706
2025-01-23 06:00:00+00:00,63165.267
2025-01-23 07:00:00+00:00,63145.39
2025-01-23 08:00:00+00:00,63255.456
2025-01-23 09:00:00+00:00,63395.046
2025-01-23 10:00:00+00:00,63590.159
2025-01-23 11:00:00+00:00,63133.882
2025-01-23 12:00:00+00:00,63716.009
2025-01-23 13:00:00+00:00,63818.638
2025-01-23 14:00:00+00:00,64229.591
2025-01-23 15:00:00+00:00,65777.341
2025-01-23 16:00:00+00:00,64830.222
2025-01-23 17:00:00+00:00,64309.174
2025-01-23 18:00:00+00:00,63562.991
2025-01-23 19:00:00+00:00,63566.254
2025-01-23 20:00:00+00:00,63108.202
2025-01-23 21:00:00+00:00,64069.329
2025-01-23 22:00:00+00:00,63029.794
2025-01-23 23:00:00+00:00,62039.553
2025-01-24 00:00:00+00:00,61859.744
2025-01-24 01:00:00+00:00,61540.097
2025-01-24 02:00:00+00:00,61120.177
2025-01-24 03:00:00+00:00,61327.266
2025-01-24 04:00:00+00:00,61105.253
2025-01-24 05:00:00+00:00,60691.637
2025-01-24 06:00:00+00:00,60796.475
2025-01-24 07:00:00+00:00,60823.618
2025-01-24 08:00:00+00:00,60747.897
2025-01-24 09:00:00+00:00,60896.122
2025-01-24 10:00:00+00:00,60799.941
2025-01-24 11:00:00+00:00,60572.622
2025-01-24 12:00:00+00:00,60484.729
2025-01-24 13:00:00+00:00,60670.163
2025-01-24 14:00:00+00:00,60725.686
2025-01-24 15:00:00+00:00,60598.409
2025-01-24 16:00:00+00:00,60850.703
2025-01-24 17:00:00+00:00,61686.146
2025-01-24 18:00:00+00:00,61695.798
2025-01-24 19:00:00+00:00,62273.585
2025-01-24 20:00:00+00:00,61867.213
2025-01-24 21:00:00+00:00,61783.818
2025-01-24 22:00:00+00:00,61440.124
2025-01-24 23:00:00+00:00,61106.813
2025-01-25 00:00:00+00:00,60717.008
2025-01-25 01:00:00+00:00,60560.557
2025-01-25 02:00:00+00:00,60376.74
2025-01-25 03:00:00+00:00,60282.86
2025-01-25 04:00:00+00:00,59899.872
2025-01-25 05:00:00+00:00,59823.891
2025-01-25 06:00:00+00:00,59775.176
2025-01-25 07:00:00+00:00,59726.995
2025-01-25 08:00:00+00:00,59716.178
2025-01-25 09:00:00+00:00,59623.006
2025-01-25 10:00:00+00:00,59637.44
2025-01-25 11:00:00+00:00,59498.12
2025-01-25 12:00:00+00:00,59466.376
2025-01-25 13:00:00+00:00,59506.861
2025-01-25 14:00:00+00:00,59488.612
2025-01-25 15:00:00+00:00,59472.916
2025-01-25 16:00:00+00:00,59391.788
2025-01-25 17:00:00+00:00,59453.924
2025-01-25 18:00:00+00:00,59736.165
2025-01-25 19:00:00+00:00,59848.42
2025-01-25 20:00:00+00:00,59793.144
2025-01-25 21:00:00+00:00,59756.586
2025-01-25 22:00:00+00:00,59682.054
2025-01-25 23:00:00+00:00,59717.257
2025-01-26 00:00:00+00:00,59567.911
2025-01-26 01:00:00+00:00,59709.793
2025-01-26 02:00:00+00:00,59707.673
2025-01-26 03:00:00+00:00,59757.84
2025-01-26 04:00:00+00:00,59502.985
2025-01-26 05:00:00+00:00,59704.202
2025-01-26 06:00:00+00:00,59785.822
2025-01-26 07:00:00+00:00,59863.955
2025-01-26 08:00:00+00:00,59762.084
2025-01-26 09:00:00+00:00,59716.811
2025-01-26 10:00:00+00:00,60212.976
2025-01-26 11:00:00+00:00,60230.295
2025-01-26 12:00:00+00:00,60180.233
2025-01-26 13:00:00+00:00,60326.382
2025-01-26 14:00:00+00:00,60234.711
2025-01-26 15:00:00+00:00,60302.357
2025-01-26 16:00:00+00:00,60172.176
2025-01-26 17:00:00+00:00,60167.754
2025-01-26 18:00:00+00:00,60188.699
2025-01-26 19:00:00+00:00,60291.11
2025-01-26 20:00:00+00:00,60340.44
2025-01-26 21:00:00+00:00,60445.58
2025-01-26 22:00:00+00:00,60138.03
2025-01-26 23:00:00+00:00,60201.398
2025-01-27 00:00:00+00:00,61012.458
2025-01-27 01:00:00+00:00,61700.828
2025-01-27 02:00:00+00:00,61980.02
2025-01-27 03:00:00+00:00,62398.115
2025-01-27 04:00:00+00:00,62360.524
2025-01-27 05:00:00+00:00,62783.136
2025-01-27 06:00:00+00:00,63123.786
2025-01-27 07:00:00+00:00,62793.586
2025-01-27 08:00:00+00:00,62744.295
2025-01-27 09:00:00+00:00,63294.613
2025-01-27 10:00:00+00:00,63489.032
2025-01-27 11:00:00+00:00,63264.299
2025-01-27 12:00:00+00:00,63048.916
2025-01-27 13:00:00+00:00,63288.189
2025-01-27 14:00:00+00:00,62325.434
2025-01-27 15:00:00+00:00,62293.651
2025-01-27 16:00:00+00:00,62496.365
2025-01-27 17:00:00+00:00,62997.728
2025-01-27 18:00:00+00:00,62589.927
2025-01-27 19:00:00+00:00,63046.445
2025-01-27 20:00:00+00:00,63080.531
2025-01-27 21:00:00+00:00,62170.502
2025-01-27 22:00:00+00:00,61082.334
2025-01-27 23:00:00+00:00,60927.967
2025-01-28 00:00:00+00:00,60745.018
2025-01-28 01:00:00+00:00,60351.193
2025-01-28 02:00:00+00:00,60355.036
2025-01-28 03:00:00+00:00,60203.38
2025-01-28 04:00:00+00:00,59896.929
2025-01-28 05:00:00+00:00,59887.792
2025-01-28 06:00:00+00:00,60088.213
2025-01-28 07:00:00+00:00,60297.94
2025-01-28 08:00:00+00:00,60250.221
2025-01-28 09:00:00+00:00,60662.116
2025-01-28 10:00:00+00:00,61058.268
2025-01-28 11:00:00+00:00,61412.883
2025-01-28 12:00:00+00:00,61618.982
2025-01-28 13:00:00+00:00,61986.337
2025-01-28 14:00:00+00:00,62143.032
2025-01-28 15:00:00+00:00,61719.898
2025-01-28 16:00:00+00:00,61759.316
2025-01-28 17:00:00+00:00,62566.903
2025-01-28 18:00:00+00:00,62087.415
2025-01-28 19:00:00+00:00,62201.48
2025-01-28 20:00:00+00:00,61671.241
2025-01-28 21:00:00+00:00,61498.339
2025-01-28 22:00:00+00:00,62155.287
2025-01-28 23:00:00+00:00,62091.072
2025-01-29 00:00:00+00:00,62087.024
2025-01-29 01:00:00+00:00,62119.188
2025-01-29 02:00:00+00:00,62180.308
2025-01-29 03:00:00+00:00,61742.344
2025-01-29 04:00:00+00:00,61672.196
2025-01-29 05:00:00+00:00,61816.835
2025-01-29 06:00:00+00:00,61595.334
2025-01-29 07:00:00+00:00,61492.154
2025-01-29 08:00:00+00:00,61572.167
2025-01-29 09:00:00+00:00,61910.083
2025-01-29 10:00:00+00:00,61752.217
2025-01-29 11:00:00+00:00,61898.365
2025-01-29 12:00:00+00:00,61872.829
2025-01-29 13:00:00+00:00,61930.61
2025-01-29 14:00:00+00:00,62240.832
2025-01-29 15:00:00+00:00,61656.493
2025-01-29 16:00:00+00:00,61542.834
2025-01-29 17:00:00+00:00,61378.945
2025-01-29 18:00:00+00:00,61232.04
2025-01-29 19:00:00+00:00,60801.268
2025-01-29 20:00:00+00:00,60054.463
2025-01-29 21:00:00+00:00,60373.948
2025-01-29 22:00:00+00:00,60681.882
2025-01-29 23:00:00+00:00,60338.883
2025-01-30 00:00:00+00:00,60632.637
2025-01-30 01:00:00+00:00,60462.863
2025-01-30 02:00:00+00:00,60674.795
2025-01-30 03:00:00+00:00,60595.091
2025-01-30 04:00:00+00:00,60457.503
2025-01-30 05:00:00+00:00,60439.907
2025-01-30 06:00:00+00:00,60539.675
2025-01-30 07:00:00+00:00,60696.803
2025-01-30 08:00:00+00:00,60764.613
2025-01-30 09:00:00+00:00,61070.335
2025-01-30 10:00:00+00:00,61401.214
2025-01-30 11:00:00+00:00,61589.015
2025-01-30 12:00:00+00:00,61635.452
2025-01-30 13:00:00+00:00,61826.099
2025-01-30 14:00:00+00:00,61838.604
2025-01-30 15:00:00+00:00,61867.407
2025-01-30 16:00:00+00:00,61788.393
2025-01-30 17:00:00+00:00,61870.808
2025-01-30 18:00:00+00:00,61741.324
2025-01-30 19:00:00+00:00,61660.5
2025-01-30 20:00:00+00:00,61586.829
2025-01-30 21:00:00+00:00,61442.314
2025-01-30 22:00:00+00:00,61358.593
2025-01-30 23:00:00+00:00,61241.325
2025-01-31 00:00:00+00:00,61391.881
2025-01-31 01:00:00+00:00,61110.913
2025-01-31 02:00:00+00:00,61098.949
2025-01-31 03:00:00+00:00,61325.993
2025-01-31 04:00:00+00:00,61619.488
2025-01-31 05:00:00+00:00,61602.052
2025-01-31 06:00:00+00:00,61766.95
2025-01-31 07:00:00+00:00,61725.231
2025-01-31 08:00:00+00:00,61600.637
2025-01-31 09:00:00+00:00,61846.818
2025-01-31 10:00:00+00:00,61902.093
2025-01-31 11:00:00+00:00,61824.486
2025-01-31 12:00:00+00:00,61699.12
2025-01-31 13:00:00+00:00,61784.168
2025-01-31 14:00:00+00:00,62010.751
2025-01-31 15:00:00+00:00,62364.666
2025-01-31 16:00:00+00:00,61374.105
2025-01-31 17:00:00+00:00,61499.211
2025-01-31 18:00:00+00:00,61503.913
2025-01-31 19:00:00+00:00,61388.128
2025-01-31 20:00:00+00:00,62322.858
2025-01-31 21:00:00+00:00,63582.832
2025-01-31 22:00:00+00:00,65077.867
2025-01-31 23:00:00+00:00,65003.519
2025-02-01 00:00:00+00:00,64885.806
2025-02-01 01:00:00+00:00,64738.424
2025-02-01 02:00:00+00:00,64709.895
2025-02-01 03:00:00+00:00,64652.396
2025-02-01 04:00:00+00:00,64277.413
2025-02-01 05:00:00+00:00,63504.503
2025-02-01 06:00:00+00:00,63504.457
2025-02-01 07:00:00+00:00,63481.77
2025-02-01 08:00:00+00:00,63479.817
2025-02-01 09:00:00+00:00,63779.881
2025-02-01 10:00:00+00:00,63863.567
2025-02-01 11:00:00+00:00,63778.791
2025-02-01 12:00:00+00:00,63527.2
2025-02-01 13:00:00+00:00,63440.504
2025-02-01 14:00:00+00:00,63130.249
2025-02-01 15:00:00+00:00,63324.174
2025-02-01 16:00:00+00:00,63092.22
2025-02-01 17:00:00+00:00,62898.274
2025-02-01 18:00:00+00:00,62666.053
2025-02-01 19:00:00+00:00,62560.933
2025-02-01 20:00:00+00:00,63315.149
2025-02-01 21:00:00+00:00,62949.219
2025-02-01 22:00:00+00:00,63031.694
2025-02-01 23:00:00+00:00,62779.39
2025-02-02 00:00:00+00:00,62907.27
2025-02-02 01:00:00+00:00,62789.069
2025-02-02 02:00:00+00:00,62750.65
2025-02-02 03:00:00+00:00,63075.308
2025-02-02 04:00:00+00:00,63839.478
2025-02-02 05:00:00+00:00,64099.665
2025-02-02 06:00:00+00:00,64319.885
2025-02-02 07:00:00+00:00,63608.022
2025-02-02 08:00:00+00:00,63400.901
2025-02-02 09:00:00+00:00,63996.779
2025-02-02 10:00:00+00:00,64155.737
2025-02-02 11:00:00+00:00,64415.171
2025-02-02 12:00:00+00:00,64685.875
2025-02-02 13:00:00+00:00,64670.738
2025-02-02 14:00:00+00:00,64812.498
2025-02-02 15:00:00+00:00,64688.606
2025-02-02 16:00:00+00:00,64618.747
2025-02-02 17:00:00+00:00,65005.953
2025-02-02 18:00:00+00:00,64838.811
2025-02-02 19:00:00+00:00,64436.54
2025-02-02 20:00:00+00:00,63436.791
2025-02-02 21:00:00+00:00,63354.108
2025-02-02 22:00:00+00:00,63603.765
2025-02-02 23:00:00+00:00,63274.397
2025-02-03 00:00:00+00:00,63311.822
2025-02-03 01:00:00+00:00,63942.211
2025-02-03 02:00:00+00:00,61989.304
2025-02-03 03:00:00+00:00,63159.438
2025-02-03 04:00:00+00:00,63641.03
2025-02-03 05:00:00+00:00,63648.919
2025-02-03 06:00:00+00:00,65031.566
2025-02-03 07:00:00+00:00,64634.323
2025-02-03 08:00:00+00:00,64452.12
2025-02-03 09:00:00+00:00,64589.999
2025-02-03 10:00:00+00:00,64214.168
2025-02-03 11:00:00+00:00,63736.13
2025-02-03 12:00:00+00:00,63809.595
2025-02-03 13:00:00+00:00,63791.42
2025-02-03 14:00:00+00:00,64176.225
2025-02-03 15:00:00+00:00,63717.149
2025-02-03 16:00:00+00:00,62145.346
2025-02-03 17:00:00+00:00,61417.035
2025-02-03 18:00:00+00:00,61200.224
2025-02-03 19:00:00+00:00,60894.945
2025-02-03 20:00:00+00:00,60251.299
2025-02-03 21:00:00+00:00,59952.82
2025-02-03 22:00:00+00:00,59943.835
2025-02-03 23:00:00+00:00,59044.602
2025-02-04 00:00:00+00:00,59359.195
2025-02-04 01:00:00+00:00,59256.018
2025-02-04 02:00:00+00:00,58817.557
2025-02-04 03:00:00+00:00,59018.696
2025-02-04 04:00:00+00:00,58842.748
2025-02-04 05:00:00+00:00,58796.777
2025-02-04 06:00:00+00:00,57622.124
2025-02-04 07:00:00+00:00,56977.966
2025-02-04 08:00:00+00:00,57743.52
2025-02-04 09:00:00+00:00,57704.712
2025-02-04 10:00:00+00:00,57548.672
2025-02-04 11:00:00+00:00,57548.006
2025-02-04 12:00:00+00:00,57295.545
2025-02-04 13:00:00+00:00,57139.594
2025-02-04 14:00:00+00:00,56922.944
2025-02-04 15:00:00+00:00,57526.359
2025-02-04 16:00:00+00:00,57509.285
2025-02-04 17:00:00+00:00,57416.096
2025-02-04 18:00:00+00:00,57301.417
2025-02-04 19:00:00+00:00,57671.034
2025-02-04 20:00:00+00:00,57298.552
2025-02-04 21:00:00+00:00,57711.637
2025-02-04 22:00:00+00:00,57511.922
2025-02-04 23:00:00+00:00,57114.53
2025-02-05 00:00:00+00:00,56653.666
2025-02-05 01:00:00+00:00,56763.96
2025-02-05 02:00:00+00:00,56750.768
2025-02-05 03:00:00+00:00,56564.614
2025-02-05 04:00:00+00:00,56120.797
2025-02-05 05:00:00+00:00,56113.223
2025-02-05 06:00:00+00:00,56181.719
2025-02-05 07:00:00+00:00,56426.423
2025-02-05 08:00:00+00:00,56642.496
2025-02-05 09:00:00+00:00,56840.699
2025-02-05 10:00:00+00:00,56931.673
2025-02-05 11:00:00+00:00,57703.934
2025-02-05 12:00:00+00:00,58209.791
2025-02-05 13:00:00+00:00,58709.059
2025-02-05 14:00:00+00:00,59272.788
2025-02-05 15:00:00+00:00,59084.085
2025-02-05 16:00:00+00:00,59054.689
2025-02-05 17:00:00+00:00,58986.348
2025-02-05 18:00:00+00:00,58693.333
2025-02-05 19:00:00+00:00,58221.922
2025-02-05 20:00:00+00:00,58090.035
2025-02-05 21:00:00+00:00,57797.148
2025-02-05 22:00:00+00:00,57816.453
2025-02-05 23:00:00+00:00,57873.883
2025-02-06 00:00:00+00:00,57551.928
2025-02-06 01:00:00+00:00,57638.66
2025-02-06 02:00:00+00:00,57948.28
2025-02-06 03:00:00+00:00,57870.395
2025-02-06 04:00:00+00:00,57887.73
2025-02-06 05:00:00+00:00,57975.109
2025-02-06 06:00:00+00:00,58183.372
2025-02-06 07:00:00+00:00,58670.413
2025-02-06 08:00:00+00:00,58405.434
2025-02-06 09:00:00+00:00,58595.745
2025-02-06 10:00:00+00:00,58529.868
2025-02-06 11:00:00+00:00,58415.847
2025-02-06 12:00:00+00:00,58525.28
2025-02-06 13:00:00+00:00,58816.615
2025-02-06 14:00:00+00:00,58768.04
2025-02-06 15:00:00+00:00,58771.599
2025-02-06 16:00:00+00:00,58800.246
2025-02-06 17:00:00+00:00,58233.22
2025-02-06 18:00:00+00:00,58552.098
2025-02-06 19:00:00+00:00,58897.372
2025-02-06 20:00:00+00:00,58926.012
2025-02-06 21:00:00+00:00,58523.793
2025-02-06 22:00:00+00:00,58567.289
2025-02-06 23:00:00+00:00,58571.041
2025-02-07 00:00:00+00:00,59006.688
2025-02-07 01:00:00+00:00,58996.908
2025-02-07 02:00:00+00:00,58436.772
2025-02-07 03:00:00+00:00,59227.584
2025-02-07 04:00:00+00:00,59313.395
2025-02-07 05:00:00+00:00,59622.223
2025-02-07 06:00:00+00:00,59589.496
2025-02-07 07:00:00+00:00,59492.895
2025-02-07 08:00:00+00:00,59186.73
2025-02-07 09:00:00+00:00,59078.371
2025-02-07 10:00:00+00:00,59191.967
2025-02-07 11:00:00+00:00,59225.504
2025-02-07 12:00:00+00:00,59266.458
2025-02-07 13:00:00+00:00,59326.416
2025-02-07 14:00:00+00:00,59592.36
2025-02-07 15:00:00+00:00,61138.011
2025-02-07 16:00:00+00:00,60241.194
2025-02-07 17:00:00+00:00,59674.997
2025-02-07 18:00:00+00:00,59263.787
2025-02-07 19:00:00+00:00,59035.469
2025-02-07 20:00:00+00:00,58780.582
2025-02-07 21:00:00+00:00,58914.44
2025-02-07 22:00:00+00:00,59327.718
2025-02-07 23:00:00+00:00,59558.754
2025-02-08 00:00:00+00:00,59627.427
2025-02-08 01:00:00+00:00,59420.276
2025-02-08 02:00:00+00:00,59238.383
2025-02-08 03:00:00+00:00,59298.189
2025-02-08 04:00:00+00:00,59302.229
2025-02-08 05:00:00+00:00,59285.011
2025-02-08 06:00:00+00:00,59248.636
2025-02-08 07:00:00+00:00,59468.553
2025-02-08 08:00:00+00:00,59255.096
2025-02-08 09:00:00+00:00,59234.003
2025-02-08 10:00:00+00:00,59168.504
2025-02-08 11:00:00+00:00,59240.502
2025-02-08 12:00:00+00:00,59301.997
2025-02-08 13:00:00+00:00,59257.522
2025-02-08 14:00:00+00:00,59421.182
2025-02-08 15:00:00+00:00,59317.255
2025-02-08 16:00:00+00:00,59748.836
2025-02-08 17:00:00+00:00,59416.521
2025-02-08 18:00:00+00:00,59209.007
2025-02-08 19:00:00+00:00,59234.435
2025-02-08 20:00:00+00:00,59174.236
2025-02-08 21:00:00+00:00,59336.319
2025-02-08 22:00:00+00:00,59267.214
2025-02-08 23:00:00+00:00,59134.234
2025-02-09 00:00:00+00:00,59380.404
2025-02-09 01:00:00+00:00,59344.432
2025-02-09 02:00:00+00:00,59240.028
2025-02-09 03:00:00+00:00,59294.052
2025-02-09 04:00:00+00:00,59221.883
2025-02-09 05:00:00+00:00,59300.747
2025-02-09 06:00:00+00:00,59630.465
2025-02-09 07:00:00+00:00,59535.119
2025-02-09 08:00:00+00:00,59644.372
2025-02-09 09:00:00+00:00,59638.772
2025-02-09 10:00:00+00:00,59579.135
2025-02-09 11:00:00+00:00,59590.06
2025-02-09 12:00:00+00:00,59654.752
2025-02-09 13:00:00+00:00,59781.882
2025-02-09 14:00:00+00:00,59796.14
2025-02-09 15:00:00+00:00,60010.087
2025-02-09 16:00:00+00:00,60210.933
2025-02-09 17:00:00+00:00,60190.702
2025-02-09 18:00:00+00:00,60322.578
2025-02-09 19:00:00+00:00,60152.076
2025-02-09 20:00:00+00:00,59963.123
2025-02-09 21:00:00+00:00,59669.455
2025-02-09 22:00:00+00:00,59320.666
2025-02-09 23:00:00+00:00,58997.96
2025-02-10 00:00:00+00:00,59225.691
2025-02-10 01:00:00+00:00,59492.288
2025-02-10 02:00:00+00:00,59213.209
2025-02-10 03:00:00+00:00,59514.721
2025-02-10 04:00:00+00:00,59850.381
2025-02-10 05:00:00+00:00,60274.378
2025-02-10 06:00:00+00:00,60149.517
2025-02-10 07:00:00+00:00,60270.858
2025-02-10 08:00:00+00:00,59802.324
2025-02-10 09:00:00+00:00,59873.302
2025-02-10 10:00:00+00:00,60528.756
2025-02-10 11:00:00+00:00,60844.523
2025-02-10 12:00:00+00:00,60909.171
2025-02-10 13:00:00+00:00,60983.184
2025-02-10 14:00:00+00:00,61457.751
2025-02-10 15:00:00+00:00,61406.263
2025-02-10 16:00:00+00:00,61386.212
2025-02-10 17:00:00+00:00,61185.086
2025-02-10 18:00:00+00:00,60878.553
2025-02-10 19:00:00+00:00,60878.516
2025-02-10 20:00:00+00:00,60618.943
2025-02-10 21:00:00+00:00,60650.336
2025-02-10 22:00:00+00:00,60637.945
2025-02-10 23:00:00+00:00,60655.693
2025-02-11 00:00:00+00:00,60715.641
2025-02-11 01:00:00+00:00,60935.356
2025-02-11 02:00:00+00:00,61025.227
2025-02-11 03:00:00+00:00,61062.102
2025-02-11 04:00:00+00:00,61105.902
2025-02-11 05:00:00+00:00,61662.232
2025-02-11 06:00:00+00:00,61828.784
2025-02-11 07:00:00+00:00,61961.173
2025-02-11 08:00:00+00:00,62126.482
2025-02-11 09:00:00+00:00,62206.333
2025-02-11 10:00:00+00:00,62226.506
2025-02-11 11:00:00+00:00,62061.316
2025-02-11 12:00:00+00:00,62216.995
2025-02-11 13:00:00+00:00,62149.412
2025-02-11 14:00:00+00:00,61073.703
2025-02-11 15:00:00+00:00,61535.266
2025-02-11 16:00:00+00:00,61770.184
2025-02-11 17:00:00+00:00,62359.993
2025-02-11 18:00:00+00:00,63002.109
2025-02-11 19:00:00+00:00,63957.858
2025-02-11 20:00:00+00:00,64108.008
2025-02-11 21:00:00+00:00,65520.295
2025-02-11 22:00:00+00:00,65000.083
2025-02-11 23:00:00+00:00,64312.787
2025-02-12 00:00:00+00:00,64290.879
2025-02-12 01:00:00+00:00,64264.052
2025-02-12 02:00:00+00:00,64315.333
2025-02-12 03:00:00+00:00,63986.099
2025-02-12 04:00:00+00:00,64140.317
2025-02-12 05:00:00+00:00,64595.301
2025-02-12 06:00:00+00:00,64751.293
2025-02-12 07:00:00+00:00,64726.66
2025-02-12 08:00:00+00:00,64621.591
2025-02-12 09:00:00+00:00,64356.964
2025-02-12 10:00:00+00:00,64431.675
2025-02-12 11:00:00+00:00,64297.04
2025-02-12 12:00:00+00:00,64209.24
2025-02-12 13:00:00+00:00,64052.093
2025-02-12 14:00:00+00:00,63787.838
2025-02-12 15:00:00+00:00,63808.429
2025-02-12 16:00:00+00:00,63779.029
2025-02-12 17:00:00+00:00,62650.371
2025-02-12 18:00:00+00:00,61489.678
2025-02-12 19:00:00+00:00,61507.566
2025-02-12 20:00:00+00:00,61636.938
2025-02-12 21:00:00+00:00,61559.343
2025-02-12 22:00:00+00:00,61557.273
2025-02-12 23:00:00+00:00,61717.101
2025-02-13 00:00:00+00:00,62103.225
2025-02-13 01:00:00+00:00,62047.373
2025-02-13 02:00:00+00:00,62279.389
2025-02-13 03:00:00+00:00,62356.055
2025-02-13 04:00:00+00:00,62374.432
2025-02-13 05:00:00+00:00,62086.048
2025-02-13 06:00:00+00:00,62113.514
2025-02-13 07:00:00+00:00,61877.324
2025-02-13 08:00:00+00:00,62012.169
2025-02-13 09:00:00+00:00,61945.04
2025-02-13 10:00:00+00:00,62684.162
2025-02-13 11:00:00+00:00,62365.735
2025-02-13 12:00:00+00:00,61322.73
2025-02-13 13:00:00+00:00,61618.42
2025-02-13 14:00:00+00:00,62067.617
2025-02-13 15:00:00+00:00,61810.01
2025-02-13 16:00:00+00:00,61811.427
2025-02-13 17:00:00+00:00,61800.395
2025-02-13 18:00:00+00:00,61859.354
2025-02-13 19:00:00+00:00,61763.393
2025-02-13 20:00:00+00:00,61939.178
2025-02-13 21:00:00+00:00,61806.476
2025-02-13 22:00:00+00:00,60967.806
2025-02-13 23:00:00+00:00,60888.113
2025-02-14 00:00:00+00:00,60953.675
2025-02-14 01:00:00+00:00,60792.48
2025-02-14 02:00:00+00:00,60954.67
2025-02-14 03:00:00+00:00,60765.456
2025-02-14 04:00:00+00:00,60963.201
2025-02-14 05:00:00+00:00,60858.858
2025-02-14 06:00:00+00:00,60789.162
2025-02-14 07:00:00+00:00,61111.188
2025-02-14 08:00:00+00:00,61171.074
2025-02-14 09:00:00+00:00,61187.587
2025-02-14 10:00:00+00:00,61333.553
2025-02-14 11:00:00+00:00,61407.503
2025-02-14 12:00:00+00:00,61551.614
2025-02-14 13:00:00+00:00,61757.205
2025-02-14 14:00:00+00:00,61682.867
2025-02-14 15:00:00+00:00,61969.741
2025-02-14 16:00:00+00:00,61771.244
2025-02-14 17:00:00+00:00,61837.864
2025-02-14 18:00:00+00:00,62206.205
2025-02-14 19:00:00+00:00,62703.515
2025-02-14 20:00:00+00:00,62705.946
2025-02-14 21:00:00+00:00,61928.734
2025-02-14 22:00:00+00:00,62192.304
2025-02-14 23:00:00+00:00,62026.687
2025-02-15 00:00:00+00:00,61877.06
2025-02-15 01:00:00+00:00,61988.244
2025-02-15 02:00:00+00:00,61787.503
2025-02-15 03:00:00+00:00,62046.799
2025-02-15 04:00:00+00:00,61713.259
2025-02-15 05:00:00+00:00,61720.699
2025-02-15 06:00:00+00:00,61749.834
2025-02-15 07:00:00+00:00,61837.079
2025-02-15 08:00:00+00:00,61972.426
2025-02-15 09:00:00+00:00,62156.005
2025-02-15 10:00:00+00:00,62169.843
2025-02-15 11:00:00+00:00,62143.101
2025-02-15 12:00:00+00:00,62244.308
2025-02-15 13:00:00+00:00,62064.646
2025-02-15 14:00:00+00:00,62039.166
2025-02-15 15:00:00+00:00,62084.483
2025-02-15 16:00:00+00:00,61985.531
2025-02-15 17:00:00+00:00,61974.369
2025-02-15 18:00:00+00:00,61782.105
2025-02-15 19:00:00+00:00,61559.666
2025-02-15 20:00:00+00:00,61490.017
2025-02-15 21:00:00+00:00,61308.725
2025-02-15 22:00:00+00:00,61356.091
2025-02-15 23:00:00+00:00,61249.812
2025-02-16 00:00:00+00:00,61296.126
2025-02-16 01:00:00+00:00,61238.018
2025-02-16 02:00:00+00:00,61319.089
2025-02-16 03:00:00+00:00,61274.954
2025-02-16 04:00:00+00:00,61377.881
2025-02-16 05:00:00+00:00,61336.731
2025-02-16 06:00:00+00:00,61297.469
2025-02-16 07:00:00+00:00,61337.237
2025-02-16 08:00:00+00:00,61372.365
2025-02-16 09:00:00+00:00,61467.112
2025-02-16 10:00:00+00:00,61406.512
2025-02-16 11:00:00+00:00,61557.628
2025-02-16 12:00:00+00:00,61615.861
2025-02-16 13:00:00+00:00,61651.275
2025-02-16 14:00:00+00:00,61771.676
2025-02-16 15:00:00+00:00,61960.459
2025-02-16 16:00:00+00:00,61868.042
2025-02-16 17:00:00+00:00,62129.455
2025-02-16 18:00:00+00:00,62167.082
2025-02-16 19:00:00+00:00,61838.589
2025-02-16 20:00:00+00:00,62042.91
2025-02-16 21:00:00+00:00,61982.674
2025-02-16 22:00:00+00:00,61837.596
2025-02-16 23:00:00+00:00,61675.749
2025-02-17 00:00:00+00:00,61881.875
2025-02-17 01:00:00+00:00,61687.377
2025-02-17 02:00:00+00:00,61690.01
2025-02-17 03:00:00+00:00,61629.385
2025-02-17 04:00:00+00:00,61915.095
2025-02-17 05:00:00+00:00,62056.901
2025-02-17 06:00:00+00:00,61848.253
2025-02-17 07:00:00+00:00,61797.271
2025-02-17 08:00:00+00:00,61840.977
2025-02-17 09:00:00+00:00,62119.881
2025-02-17 10:00:00+00:00,62200.191
2025-02-17 11:00:00+00:00,62429.942
2025-02-17 12:00:00+00:00,62530.35
2025-02-17 13:00:00+00:00,62792.149
2025-02-17 14:00:00+00:00,62623.377
2025-02-17 15:00:00+00:00,62460.124
2025-02-17 16:00:00+00:00,62665.973
2025-02-17 17:00:00+00:00,63182.399
2025-02-17 18:00:00+00:00,63519.936
2025-02-17 19:00:00+00:00,63803.084
2025-02-17 20:00:00+00:00,63942.055
2025-02-17 21:00:00+00:00,63194.399
2025-02-17 22:00:00+00:00,62624.338
2025-02-17 23:00:00+00:00,62651.828
2025-02-18 00:00:00+00:00,62684.233
2025-02-18 01:00:00+00:00,62682.387
2025-02-18 02:00:00+00:00,62786.447
2025-02-18 03:00:00+00:00,62812.026
2025-02-18 04:00:00+00:00,63142.088
2025-02-18 05:00:00+00:00,63026.876
2025-02-18 06:00:00+00:00,62901.201
2025-02-18 07:00:00+00:00,63201.964
2025-02-18 08:00:00+00:00,62918.236
2025-02-18 09:00:00+00:00,63275.449
2025-02-18 10:00:00+00:00,63270.738
2025-02-18 11:00:00+00:00,63334.624
2025-02-18 12:00:00+00:00,63345.654
2025-02-18 13:00:00+00:00,62767.198
2025-02-18 14:00:00+00:00,63435.695
2025-02-18 15:00:00+00:00,63701.932
2025-02-18 16:00:00+00:00,64325.73
2025-02-18 17:00:00+00:00,64195.746
2025-02-18 18:00:00+00:00,64776.173
2025-02-18 19:00:00+00:00,65257.231
2025-02-18 20:00:00+00:00,66125.78599999
2025-02-18 21:00:00+00:00,66039.61199999
2025-02-18 22:00:00+00:00,65882.215
2025-02-18 23:00:00+00:00,65365.535
2025-02-19 00:00:00+00:00,65312.683
2025-02-19 01:00:00+00:00,65249.772
2025-02-19 02:00:00+00:00,65328.34
2025-02-19 03:00:00+00:00,65281.423
2025-02-19 04:00:00+00:00,65320.658
2025-02-19 05:00:00+00:00,65330.309
2025-02-19 06:00:00+00:00,65073.78
2025-02-19 07:00:00+00:00,65292.585
2025-02-19 08:00:00+00:00,65379.355
2025-02-19 09:00:00+00:00,65337.127
2025-02-19 10:00:00+00:00,65159.509
2025-02-19 11:00:00+00:00,64805.463
2025-02-19 12:00:00+00:00,65320.492
2025-02-19 13:00:00+00:00,65229.112
2025-02-19 14:00:00+00:00,65218.689
2025-02-19 15:00:00+00:00,65445.909
2025-02-19 16:00:00+00:00,65781.337
2025-02-19 17:00:00+00:00,65370.903
2025-02-19 18:00:00+00:00,65816.195
2025-02-19 19:00:00+00:00,65237.332
2025-02-19 20:00:00+00:00,65217.121
2025-02-19 21:00:00+00:00,65340.457
2025-02-19 22:00:00+00:00,65897.619
2025-02-19 23:00:00+00:00,66033.123
2025-02-20 00:00:00+00:00,65664.916
2025-02-20 01:00:00+00:00,65815.091
2025-02-20 02:00:00+00:00,65737.278
2025-02-20 03:00:00+00:00,65656.363
2025-02-20 04:00:00+00:00,66260.042
2025-02-20 05:00:00+00:00,66428.802
2025-02-20 06:00:00+00:00,66876.551
2025-02-20 07:00:00+00:00,67075.682
2025-02-20 08:00:00+00:00,67448.151
2025-02-20 09:00:00+00:00,67768.07399999
2025-02-20 10:00:00+00:00,67994.678
2025-02-20 11:00:00+00:00,67964.23
2025-02-20 12:00:00+00:00,68136.22599999
2025-02-20 13:00:00+00:00,68191.82799999
2025-02-20 14:00:00+00:00,68712.08199999
2025-02-20 15:00:00+00:00,69010.913
2025-02-20 16:00:00+00:00,68360.18799999
2025-02-20 17:00:00+00:00,68324.378
2025-02-20 18:00:00+00:00,69218.602
2025-02-20 19:00:00+00:00,69725.984
2025-02-20 20:00:00+00:00,69567.00599999
2025-02-20 21:00:00+00:00,69253.253
2025-02-20 22:00:00+00:00,69446.477
2025-02-20 23:00:00+00:00,69303.162
2025-02-21 00:00:00+00:00,69377.473
2025-02-21 01:00:00+00:00,69412.03999999
2025-02-21 02:00:00+00:00,69302.024
2025-02-21 03:00:00+00:00,69362.05499999
2025-02-21 04:00:00+00:00,69227.73
2025-02-21 05:00:00+00:00,69309.653
2025-02-21 06:00:00+00:00,69115.539
2025-02-21 07:00:00+00:00,69005.085
2025-02-21 08:00:00+00:00,68493.757
2025-02-21 09:00:00+00:00,68485.379
2025-02-21 10:00:00+00:00,68497.872
2025-02-21 11:00:00+00:00,68622.988
2025-02-21 12:00:00+00:00,68812.225
2025-02-21 13:00:00+00:00,68455.534
2025-02-21 14:00:00+00:00,68740.69899999
2025-02-21 15:00:00+00:00,68469.91099999
2025-02-21 16:00:00+00:00,64585.559
2025-02-21 17:00:00+00:00,62895.44
2025-02-21 18:00:00+00:00,60287.62
2025-02-21 19:00:00+00:00,57561.521
2025-02-21 20:00:00+00:00,55793.994
2025-02-21 21:00:00+00:00,54904.301
2025-02-21 22:00:00+00:00,55373.779
2025-02-21 23:00:00+00:00,55507.05
2025-02-22 00:00:00+00:00,55342.85
2025-02-22 01:00:00+00:00,55216.095
2025-02-22 02:00:00+00:00,54934.75
2025-02-22 03:00:00+00:00,54911.685
2025-02-22 04:00:00+00:00,54736.498
2025-02-22 05:00:00+00:00,54486.74
2025-02-22 06:00:00+00:00,54396.848
2025-02-22 07:00:00+00:00,54039.398
2025-02-22 08:00:00+00:00,53824.567
2025-02-22 09:00:00+00:00,53317.892
2025-02-22 10:00:00+00:00,53142.182
2025-02-22 11:00:00+00:00,52935.042
2025-02-22 12:00:00+00:00,52787.324
2025-02-22 13:00:00+00:00,52707.601
2025-02-22 14:00:00+00:00,52603.818
2025-02-22 15:00:00+00:00,52554.792
2025-02-22 16:00:00+00:00,52571.522
2025-02-22 17:00:00+00:00,51904.657
2025-02-22 18:00:00+00:00,51933.076
2025-02-22 19:00:00+00:00,51934.091
2025-02-22 20:00:00+00:00,51801.517
2025-02-22 21:00:00+00:00,51733.757
2025-02-22 22:00:00+00:00,51743.926
2025-02-22 23:00:00+00:00,51763.392
2025-02-23 00:00:00+00:00,51742.389
2025-02-23 01:00:00+00:00,51664.339
2025-02-23 02:00:00+00:00,51640.738
2025-02-23 03:00:00+00:00,51610.389
2025-02-23 04:00:00+00:00,51504.486
2025-02-23 05:00:00+00:00,51583.292
2025-02-23 06:00:00+00:00,51600.24
2025-02-23 07:00:00+00:00,51523.905
2025-02-23 08:00:00+00:00,51565.031
2025-02-23 09:00:00+00:00,51665.048
2025-02-23 10:00:00+00:00,51741.679
2025-02-23 11:00:00+00:00,51740.494
2025-02-23 12:00:00+00:00,51740.352
2025-02-23 13:00:00+00:00,52251.462
2025-02-23 14:00:00+00:00,52961.933
2025-02-23 15:00:00+00:00,53170.683
2025-02-23 16:00:00+00:00,53445.903
2025-02-23 17:00:00+00:00,53551.526
2025-02-23 18:00:00+00:00,53302.328
2025-02-23 19:00:00+00:00,53336.42
2025-02-23 20:00:00+00:00,53547.193
2025-02-23 21:00:00+00:00,53633.502
2025-02-23 22:00:00+00:00,53542.126
2025-02-23 23:00:00+00:00,53545.022
2025-02-24 00:00:00+00:00,53477.72
2025-02-24 01:00:00+00:00,53446.115
2025-02-24 02:00:00+00:00,53344.819
2025-02-24 03:00:00+00:00,53570.59
2025-02-24 04:00:00+00:00,52947.767
2025-02-24 05:00:00+00:00,52916.429
2025-02-24 06:00:00+00:00,52956.615
2025-02-24 07:00:00+00:00,52964.561
2025-02-24 08:00:00+00:00,53165.29
2025-02-24 09:00:00+00:00,52937.346
2025-02-24 10:00:00+00:00,52756.085
2025-02-24 11:00:00+00:00,52838.598
2025-02-24 12:00:00+00:00,52909.307
2025-02-24 13:00:00+00:00,53074.054
2025-02-24 14:00:00+00:00,53516.155
2025-02-24 15:00:00+00:00,54407.166
2025-02-24 16:00:00+00:00,56087.801
2025-02-24 17:00:00+00:00,56164.313
2025-02-24 18:00:00+00:00,55845.901
2025-02-24 19:00:00+00:00,56021.849
2025-02-24 20:00:00+00:00,55934.085
2025-02-24 21:00:00+00:00,55963.525
2025-02-24 22:00:00+00:00,55916.595
2025-02-24 23:00:00+00:00,53867.501
2025-02-25 00:00:00+00:00,55508.468
2025-02-25 01:00:00+00:00,55568.432
2025-02-25 02:00:00+00:00,55738.873
2025-02-25 03:00:00+00:00,56087.022
2025-02-25 04:00:00+00:00,55823.462
2025-02-25 05:00:00+00:00,55616.647
2025-02-25 06:00:00+00:00,55658.841
2025-02-25 07:00:00+00:00,56199.945
2025-02-25 08:00:00+00:00,53973.996
2025-02-25 09:00:00+00:00,53950.891
2025-02-25 10:00:00+00:00,54077.598
2025-02-25 11:00:00+00:00,53578.422
2025-02-25 12:00:00+00:00,54382.248
2025-02-25 13:00:00+00:00,54200.717
2025-02-25 14:00:00+00:00,54334.561
2025-02-25 15:00:00+00:00,54717.146
2025-02-25 16:00:00+00:00,55133.757
2025-02-25 17:00:00+00:00,55948.289
2025-02-25 18:00:00+00:00,56126.899
2025-02-25 19:00:00+00:00,55983.088
2025-02-25 20:00:00+00:00,56121.174
2025-02-25 21:00:00+00:00,55429.768
2025-02-25 22:00:00+00:00,56213.084
2025-02-25 23:00:00+00:00,55743.469
2025-02-26 00:00:00+00:00,55608.254
2025-02-26 01:00:00+00:00,55237.05
2025-02-26 02:00:00+00:00,55233.472
2025-02-26 03:00:00+00:00,55483.976
2025-02-26 04:00:00+00:00,55350.328
2025-02-26 05:00:00+00:00,55616.743
2025-02-26 06:00:00+00:00,55595.736
2025-02-26 07:00:00+00:00,55740.962
2025-02-26 08:00:00+00:00,55255.163
2025-02-26 09:00:00+00:00,55299.22
2025-02-26 10:00:00+00:00,55988.524
2025-02-26 11:00:00+00:00,56054.893
2025-02-26 12:00:00+00:00,56460.213
2025-02-26 13:00:00+00:00,56683.584
2025-02-26 14:00:00+00:00,56577.384
2025-02-26 15:00:00+00:00,56507.681
2025-02-26 16:00:00+00:00,56056.132
2025-02-26 17:00:00+00:00,55623.899
2025-02-26 18:00:00+00:00,55351.84
2025-02-26 19:00:00+00:00,53417.261
2025-02-26 20:00:00+00:00,52577.291
2025-02-26 21:00:00+00:00,53688.282
2025-02-26 22:00:00+00:00,53462.463
2025-02-26 23:00:00+00:00,53160.495
2025-02-27 00:00:00+00:00,52858.004
2025-02-27 01:00:00+00:00,52915.01
2025-02-27 02:00:00+00:00,52954.558
2025-02-27 03:00:00+00:00,53046.618
2025-02-27 04:00:00+00:00,52885.143
2025-02-27 05:00:00+00:00,52599.271
2025-02-27 06:00:00+00:00,52047.069
2025-02-27 07:00:00+00:00,52037.259
2025-02-27 08:00:00+00:00,52659.8
2025-02-27 09:00:00+00:00,52784.296
2025-02-27 10:00:00+00:00,53049.658
2025-02-27 11:00:00+00:00,52966.553
2025-02-27 12:00:00+00:00,53087.956
2025-02-27 13:00:00+00:00,52939.251
2025-02-27 14:00:00+00:00,52790.539
2025-02-27 15:00:00+00:00,52579.474
2025-02-27 16:00:00+00:00,52347.188
2025-02-27 17:00:00+00:00,52816.008
2025-02-27 18:00:00+00:00,51604.758
2025-02-27 19:00:00+00:00,51323.882
2025-02-27 20:00:00+00:00,51420.436
2025-02-27 21:00:00+00:00,51305.607
2025-02-27 22:00:00+00:00,51109.284
2025-02-27 23:00:00+00:00,50887.353
2025-02-28 00:00:00+00:00,50774.045
2025-02-28 01:00:00+00:00,50984.869
2025-02-28 02:00:00+00:00,49479.807
2025-02-28 03:00:00+00:00,48051.827
2025-02-28 04:00:00+00:00,48254.36
2025-02-28 05:00:00+00:00,48340.588
2025-02-28 06:00:00+00:00,47987.223
2025-02-28 07:00:00+00:00,48106.247
2025-02-28 08:00:00+00:00,48153.737
2025-02-28 09:00:00+00:00,47450.956
2025-02-28 10:00:00+00:00,47741.055
2025-02-28 11:00:00+00:00,47725.921
2025-02-28 12:00:00+00:00,47929.879
2025-02-28 13:00:00+00:00,48686.283
2025-02-28 14:00:00+00:00,48515.28
2025-02-28 15:00:00+00:00,51125.602
2025-02-28 16:00:00+00:00,50957.629
2025-02-28 17:00:00+00:00,49693.702
2025-02-28 18:00:00+00:00,49337.357
2025-02-28 19:00:00+00:00,48709.535
2025-02-28 20:00:00+00:00,48619.153
2025-02-28 21:00:00+00:00,48405.67
2025-02-28 22:00:00+00:00,48329.708
2025-02-28 23:00:00+00:00,48276.53
