position_id,symbol,direction,entry_time,entry_price,exit_time,exit_price,exit_reason,is_gap_fill,initial_sl,trailing_sl,trailing_active,stake,leverage,notional,margin,quantity,gross_pnl,total_costs,funding_pnl,net_pnl,train1_entry,atr_pct,atr_percentile,calm,forward_signed_return_pct,forward_agreement,bars_held,quick_reverse,mfe_pct,mae_pct,excursion_lower_bound,symbol_interval
p3,BTCUSDT,-1,2024-04-16 12:00:00+00:00,63071.3,2024-04-19 04:00:00+00:00,64963.439000000006,initial_sl,False,64963.439000000006,,False,100.0,1.0,100.0,100.0,0.0015855071958244,-3.0000000000000044,0.3245,0.0,-3.3245000000000045,True,2.758737220528875,0.86,False,0.8127309885796019,True,16.0,False,5.627916342298328,3.0000000000000044,True,BTCUSDT_240
p4,BTCUSDT,1,2024-05-17 16:00:00+00:00,67160.0,2024-06-14 16:00:00+00:00,65145.2,initial_sl,False,65145.2,,False,100.0,1.0,100.0,100.0,0.0014889815366289,-3.0000000000000044,0.3155,0.0,-3.315500000000005,True,1.6662554241470258,0.67,False,-0.5792138177486583,False,168.0,False,7.458308516974389,3.0000000000000044,True,BTCUSDT_240
p5,BTCUSDT,-1,2024-06-16 04:00:00+00:00,66105.6,2024-07-18 04:00:00+00:00,64643.8,signal_reverse,False,68088.76800000001,,False,100.0,1.0,100.0,100.0,0.001512731145319,2.211310388227325,0.316683034417659,0.0,1.8946273538096663,True,0.8440931738655373,0.18,True,-0.1260105044050607,False,192.0,False,19.349797899118983,1.7915274954012796,False,BTCUSDT_240
p6,BTCUSDT,1,2024-07-18 08:00:00+00:00,64643.8,2024-08-01 12:00:00+00:00,62704.486,initial_sl,False,62704.486,,False,100.0,1.0,100.0,100.0,0.0015469387628821,-2.999999999999998,0.3155,0.0,-3.315499999999998,True,1.7712890817504083,0.54,False,-1.4927959061812546,False,85.0,False,8.497489318387828,2.9999999999999973,True,BTCUSDT_240
p7,BTCUSDT,-1,2024-08-04 16:00:00+00:00,59060.1,2024-08-08 20:00:00+00:00,60831.903,initial_sl,False,60831.903,,False,100.0,1.0,100.0,100.0,0.0016931904957831,-3.0,0.3245,0.0,-3.3245,True,2.1856670456994536,0.9,False,8.088878955504642,True,25.0,False,17.179110770215424,3.0,True,BTCUSDT_240
p8,BTCUSDT,1,2024-08-25 04:00:00+00:00,64075.2,2024-08-27 12:00:00+00:00,62152.944,initial_sl,False,62152.944,,False,100.0,1.0,100.0,100.0,0.0015606662171947,-3.000000000000002,0.3155,0.0,-3.3155000000000023,True,1.4012999011875342,0.16,True,0.0152945289285222,True,14.0,False,1.4317551876545085,3.000000000000002,True,BTCUSDT_240
p9,BTCUSDT,-1,2024-08-29 12:00:00+00:00,60033.0,2024-09-18 20:00:00+00:00,61743.7,signal_reverse,False,61833.99,,False,100.0,1.0,100.0,100.0,0.0016657505038895,-2.84959938700381,0.3242743990805057,0.0,-3.173873786084316,True,2.163322077619213,0.82,False,1.1128879116485857,True,122.0,False,12.547765395699036,2.9049023037329493,False,BTCUSDT_240
p10,BTCUSDT,1,2024-09-19 00:00:00+00:00,61743.7,2024-10-03 12:00:00+00:00,59891.389,initial_sl,False,59891.389,,False,100.0,1.0,100.0,100.0,0.0016195984367635,-3.0000000000000027,0.3155,0.0,-3.315500000000003,True,1.9285599756967708,0.9,False,1.9096685167879544,True,87.0,False,7.7356880135139345,3.0000000000000027,True,BTCUSDT_240
p11,BTCUSDT,-1,2024-12-30 04:00:00+00:00,93667.3,2025-01-02 08:00:00+00:00,96477.319,initial_sl,False,96477.319,,False,100.0,1.0,100.0,100.0,0.0010676084396582,-3.0,0.3245,0.0,-3.3245,True,0.8333522706735135,0.0,True,1.2813436492778107,True,19.0,False,2.352581957630897,3.0,True,BTCUSDT_240
p12,BTCUSDT,1,2025-01-04 12:00:00+00:00,97848.4,2025-01-08 08:00:00+00:00,94912.948,initial_sl,False,94912.948,,False,100.0,1.0,100.0,100.0,0.0010219891178598,-3.0000000000000053,0.3155,0.0,-3.315500000000005,True,1.044363379618734,0.05,True,-0.2460949795806466,False,23.0,False,4.960428581356478,3.000000000000005,True,BTCUSDT_240
p13,BTCUSDT,-1,2025-01-10 08:00:00+00:00,94457.1,2025-01-14 08:00:00+00:00,97290.813,initial_sl,False,97290.813,,False,100.0,1.0,100.0,100.0,0.0010586816660685,-3.000000000000004,0.3245,0.0,-3.324500000000004,True,1.8862833724818695,0.9,False,0.2676347251821198,True,24.0,False,5.671463553295629,3.000000000000004,True,BTCUSDT_240
p14,BTCUSDT,1,2025-01-16 08:00:00+00:00,99783.6,2025-02-02 16:00:00+00:00,96790.092,initial_sl,False,96790.092,,False,100.0,1.0,100.0,100.0,0.0010021686930517,-3.0000000000000013,0.3155,0.0,-3.315500000000001,True,1.415305578414546,0.49,True,1.630328029856587,True,104.0,False,10.190151487819632,3.0000000000000013,True,BTCUSDT_240
p15,BTCUSDT,-1,2025-02-05 20:00:00+00:00,97331.8,2025-02-28 20:00:00+00:00,84307.6,end_of_data,False,100251.754,,False,100.0,1.0,100.0,100.0,0.0010274134455542,13.381238197588042,0.299928142703618,0.0,13.081310054884424,True,2.2628267431610216,0.72,False,1.416083952007463,True,138.0,False,19.64548071647704,2.8646341688944386,False,BTCUSDT_240
p2,BTCUSDT,-1,2024-03-16 14:00:00+00:00,67738.9,2024-03-25 13:00:00+00:00,68037.0,signal_reverse,False,69771.067,,False,100.0,1.0,100.0,100.0,0.0014762566265469,-0.4400721003736492,0.3206601081505605,0.0,-0.7607322085242096,True,0.8172978472171406,0.21,True,1.2443367105164027,True,215.0,False,10.300875863056527,1.9207574968002223,False,BTCUSDT_60
p3,BTCUSDT,1,2024-03-25 14:00:00+00:00,68037.0,2024-04-02 02:00:00+00:00,65995.89,initial_sl,False,65995.89,,False,100.0,1.0,100.0,100.0,0.0014697884974352,-3.0000000000000004,0.3155,0.0,-3.315500000000001,True,0.8427662259400857,0.15,True,4.392609903434908,True,180.0,False,5.674853388597381,3.000000000000001,True,BTCUSDT_60
p4,BTCUSDT,-1,2024-04-02 08:00:00+00:00,66520.0,2024-04-04 17:00:00+00:00,68515.6,initial_sl,False,68515.6,,False,100.0,1.0,100.0,100.0,0.0015033072760072,-3.000000000000009,0.3245,0.0,-3.324500000000009,True,1.156204363886261,0.95,False,1.9200240529164136,True,57.0,False,3.1779915814792545,3.000000000000009,True,BTCUSDT_60
p5,BTCUSDT,1,2024-04-07 02:00:00+00:00,69508.1,2024-04-12 17:00:00+00:00,67422.857,initial_sl,False,67422.857,,False,100.0,1.0,100.0,100.0,0.0014386812472215,-3.0000000000000027,0.3155,0.0,-3.315500000000003,True,0.5729856355898474,0.18,True,-0.2339295707982303,False,135.0,False,4.814402925702176,3.000000000000003,True,BTCUSDT_60
p6,BTCUSDT,-1,2024-04-13 01:00:00+00:00,66936.1,2024-04-22 04:00:00+00:00,65716.8,signal_reverse,False,68944.183,,False,100.0,1.0,100.0,100.0,0.0014939621519628,1.8215880518882976,0.3172676179221675,0.0,1.50432043396613,True,1.3945816553826278,1.0,False,-0.8050962036927567,False,219.0,False,11.07683297951331,1.4962030951907863,False,BTCUSDT_60
p7,BTCUSDT,1,2024-04-22 05:00:00+00:00,65716.8,2024-04-24 19:00:00+00:00,63745.296,initial_sl,False,63745.296,,False,100.0,1.0,100.0,100.0,0.0015216809095999,-3.0000000000000013,0.3155,0.0,-3.315500000000001,True,0.8145231834608077,0.43,True,0.4575694495167148,True,62.0,False,2.2552832761181176,3.000000000000001,True,BTCUSDT_60
p8,BTCUSDT,-1,2024-04-25 09:00:00+00:00,63907.4,2024-05-04 14:00:00+00:00,63778.8,signal_reverse,False,65824.622,,False,100.0,1.0,100.0,100.0,0.0015647640179384,0.201228652706883,0.3196981570209397,0.0,-0.1184695043140566,True,0.7639177935575531,0.74,False,0.8660968839289351,True,221.0,False,11.58300916638762,2.135746408084199,False,BTCUSDT_60
p9,BTCUSDT,1,2024-05-04 15:00:00+00:00,63778.8,2024-05-08 13:00:00+00:00,61865.436,initial_sl,False,61865.436,,False,100.0,1.0,100.0,100.0,0.00156791912046,-3.000000000000002,0.3155,0.0,-3.3155000000000023,True,0.8507641141839356,0.21,True,0.1117926332887986,True,94.0,False,2.7614191549543063,3.000000000000002,True,BTCUSDT_60
p10,BTCUSDT,-1,2024-05-09 01:00:00+00:00,61376.5,2024-05-09 22:00:00+00:00,63217.795,initial_sl,False,63217.795,,False,100.0,1.0,100.0,100.0,0.0016292880825723,-2.9999999999999973,0.3245,0.0,-3.3244999999999973,True,0.823849518952696,0.7,False,-0.346060788738356,False,21.0,False,1.3555676847001703,2.9999999999999973,True,BTCUSDT_60
p11,BTCUSDT,1,2024-05-10 14:00:00+00:00,62966.6,2024-05-10 14:00:00+00:00,61077.602,initial_sl,False,61077.602,,False,100.0,1.0,100.0,100.0,0.0015881435554722,-3.0,0.3155,0.0,-3.3155,True,0.55442091521537,0.0,True,-3.621443749543407,False,0.0,False,0.0,3.0,True,BTCUSDT_60
p12,BTCUSDT,-1,2024-05-10 15:00:00+00:00,61039.3,2024-05-13 08:00:00+00:00,62870.47900000001,initial_sl,False,62870.47900000001,,False,100.0,1.0,100.0,100.0,0.0016382887746091,-3.0000000000000058,0.3245,0.0,-3.324500000000006,True,0.8176114170940474,0.56,False,0.8727164302342993,True,65.0,False,1.5208234694696745,3.0000000000000058,True,BTCUSDT_60
p13,BTCUSDT,1,2024-05-13 22:00:00+00:00,62863.8,2024-05-14 17:00:00+00:00,61285.3,signal_reverse,False,60977.886000000006,,False,100.0,1.0,100.0,100.0,0.0015907406170164,-2.510984063960499,0.3162335239040593,0.0,-2.827217587864558,True,0.7436257887232874,0.64,False,-0.6448862461384763,False,19.0,False,0.3692108972095205,2.964663287933603,False,BTCUSDT_60
p14,BTCUSDT,-1,2024-05-14 18:00:00+00:00,61285.3,2024-05-15 11:00:00+00:00,62444.8,signal_reverse,False,63123.859,,False,100.0,1.0,100.0,100.0,0.001631712661927,-1.8919708315044552,0.3228379562472567,0.0,-2.214808787751712,True,0.8738287508237238,0.87,False,-0.4253874909643906,False,17.0,False,0.1700244593728094,2.760368310182045,False,BTCUSDT_60
p15,BTCUSDT,1,2024-05-15 12:00:00+00:00,62444.8,2024-05-29 17:00:00+00:00,67645.9,signal_reverse,False,60571.456000000006,,False,100.0,1.0,100.0,100.0,0.0016014143691708,8.329116275494503,0.3324936744132417,0.0,7.996622601081261,True,0.5739583485848992,0.52,False,4.104104745311044,True,341.0,False,15.400641846879154,0.1020100953161902,False,BTCUSDT_60
p16,BTCUSDT,-1,2024-05-29 18:00:00+00:00,67645.9,2024-05-31 02:00:00+00:00,68541.3,signal_reverse,False,69675.27699999999,,False,100.0,1.0,100.0,100.0,0.0014782861932504,-1.3236574574364577,0.3219854861861547,0.0,-1.6456429436226123,True,0.627110121551031,0.65,False,-0.0444964144168391,False,32.0,False,0.7522998437451408,2.829587602500678,False,BTCUSDT_60
p17,BTCUSDT,1,2024-05-31 03:00:00+00:00,68541.3,2024-05-31 09:00:00+00:00,67950.8,signal_reverse,False,66485.061,,False,100.0,1.0,100.0,100.0,0.0014589743701972,-0.8615243656014695,0.3187077134515979,0.0,-1.1802320790530674,True,0.674244162695652,0.52,False,-0.5926353891741121,False,6.0,False,0.1585905140404356,0.9706556484922272,False,BTCUSDT_60
p18,BTCUSDT,-1,2024-05-31 10:00:00+00:00,67950.8,2024-05-31 10:00:00+00:00,68358.9,signal_reverse,False,69989.32400000001,,False,100.0,1.0,100.0,100.0,0.0014716530195376,-0.6005815972733084,0.32090087239591,0.0,-0.9214824696692184,True,0.4118631211321795,0.0,True,1.0656239514472363,True,0.0,True,0.0257539278419091,0.6098530112964,False,BTCUSDT_60
p19,BTCUSDT,1,2024-05-31 11:00:00+00:00,68358.9,2024-05-31 14:00:00+00:00,67527.1,signal_reverse,False,66308.133,,False,100.0,1.0,100.0,100.0,0.0014628673076951,-1.2168130265407846,0.3181747804601888,0.0,-1.5349878070009737,True,0.3851625130639266,0.0,True,-1.6659132900031848,False,3.0,True,1.050485013655875,1.5762395240414928,False,BTCUSDT_60
p20,BTCUSDT,-1,2024-05-31 15:00:00+00:00,67527.1,2024-06-03 09:00:00+00:00,69028.2,signal_reverse,False,69552.913,,False,100.0,1.0,100.0,100.0,0.0014808869328017,-2.2229593748287595,0.3233344390622431,0.0,-2.5462938138910025,True,0.5629909007960168,0.22,True,-0.3152808279935026,False,66.0,False,1.2840770594324438,2.7369752292042704,False,BTCUSDT_60
p21,BTCUSDT,1,2024-06-03 10:00:00+00:00,69028.2,2024-06-10 06:00:00+00:00,69436.1,signal_reverse,False,66957.35399999999,,False,100.0,1.0,100.0,100.0,0.0014486832917561,0.5909179147073351,0.320886376872061,0.0,0.2700315378352741,True,0.5235541416406618,0.5,True,0.9128153421355424,True,164.0,False,4.550024482747635,1.001764496249359,False,BTCUSDT_60
p22,BTCUSDT,-1,2024-06-10 07:00:00+00:00,69436.1,2024-06-10 18:00:00+00:00,69860.4,signal_reverse,False,71519.183,,False,100.0,1.0,100.0,100.0,0.0014401730511938,-0.6110654256215259,0.3209165981384323,0.0,-0.9319820237599582,True,0.2779019641285796,0.36,True,0.0809377254771148,True,11.0,False,0.3855343258046054,1.0722088366138074,False,BTCUSDT_60
p23,BTCUSDT,1,2024-06-10 19:00:00+00:00,69860.4,2024-06-10 19:00:00+00:00,69498.1,signal_reverse,False,67764.58799999999,,False,100.0,1.0,100.0,100.0,0.001431426101196,-0.5186056764633303,0.319222091485305,0.0,-0.8378277679486353,True,0.4230170863199034,0.64,False,-0.659887432651407,False,0.0,True,0.0001431426101279,0.6804999685086175,False,BTCUSDT_60
p24,BTCUSDT,-1,2024-06-10 20:00:00+00:00,69498.1,2024-07-01 14:00:00+00:00,62794.5,signal_reverse,False,71583.043,,False,100.0,1.0,100.0,100.0,0.0014388882573768,9.645731322151262,0.3055314030167732,0.0,9.340199919134488,True,0.4579672990032434,0.67,False,1.1404628327968735,True,498.0,False,16.08403682978384,0.7221780163774177,False,BTCUSDT_60
p25,BTCUSDT,1,2024-07-01 15:00:00+00:00,62794.5,2024-07-03 03:00:00+00:00,60910.665,initial_sl,False,60910.665,,False,100.0,1.0,100.0,100.0,0.001592496158103,-2.9999999999999987,0.3155,0.0,-3.315499999999999,True,0.5549394112086695,0.6,False,0.7274522450214649,True,36.0,False,1.672917214087221,2.9999999999999987,True,BTCUSDT_60
p26,BTCUSDT,-1,2024-07-03 05:00:00+00:00,60856.0,2024-07-13 18:00:00+00:00,58613.4,signal_reverse,False,62681.68,,False,100.0,1.0,100.0,100.0,0.0016432233469173,3.685092677796764,0.3144723609833049,0.0,3.370620316813459,True,0.5724990140659926,0.73,False,0.8405087419482093,True,253.0,False,12.392697515446295,0.5156434862626577,False,BTCUSDT_60
p27,BTCUSDT,1,2024-07-13 19:00:00+00:00,58613.4,2024-07-25 19:00:00+00:00,64654.7,signal_reverse,False,56854.998,,False,100.0,1.0,100.0,100.0,0.0017060945108115,10.307028768165631,0.3354605431522485,0.0,9.971568225013383,True,0.5801939975695465,0.13,True,1.9152616978370007,True,288.0,False,16.812708356792122,0.6566757772113568,False,BTCUSDT_60
p28,BTCUSDT,-1,2024-07-25 20:00:00+00:00,64654.7,2024-07-25 21:00:00+00:00,65810.6,signal_reverse,False,66594.341,,False,100.0,1.0,100.0,100.0,0.001546677967727,-1.7878050628956732,0.3226817075943435,0.0,-2.1104867704900165,True,0.8435581635983151,0.62,False,-2.699417057073972,False,1.0,True,0.4258004445152412,2.08059120218638,False,BTCUSDT_60
p29,BTCUSDT,1,2024-07-25 22:00:00+00:00,65810.6,2024-07-31 05:00:00+00:00,66148.5,signal_reverse,False,63836.28200000001,,False,100.0,1.0,100.0,100.0,0.0015195120542891,0.513443123144287,0.3207701646847164,0.0,0.1926729584595705,True,0.9405345469748458,0.86,False,1.8232625139415148,True,127.0,False,6.573865000471031,0.8290457768201562,False,BTCUSDT_60
p30,BTCUSDT,-1,2024-07-31 06:00:00+00:00,66148.5,2024-08-09 23:00:00+00:00,60814.9,signal_reverse,False,68132.955,,False,100.0,1.0,100.0,100.0,0.0015117500774771,8.063070213232345,0.3079053946801515,0.0,7.755164818552194,True,0.6955238160027367,0.45,True,0.1185212060742069,True,233.0,False,26.054105535272917,1.0332811779556603,False,BTCUSDT_60
p31,BTCUSDT,1,2024-08-10 00:00:00+00:00,60814.9,2024-08-11 20:00:00+00:00,58990.453,initial_sl,False,58990.453,,False,100.0,1.0,100.0,100.0,0.0016443338721267,-3.0000000000000004,0.3155,0.0,-3.315500000000001,True,1.2245589250566649,0.32,True,-0.778756521839219,False,44.0,False,1.75138000720218,3.0,True,BTCUSDT_60
p32,BTCUSDT,-1,2024-08-12 08:00:00+00:00,58657.6,2024-08-12 14:00:00+00:00,60417.328,initial_sl,False,60417.328,,False,100.0,1.0,100.0,100.0,0.0017048089250156,-3.000000000000005,0.3245,0.0,-3.324500000000005,True,1.1329185939125663,0.6,False,0.9028668066883072,True,6.0,False,1.2399075311638998,3.000000000000005,True,BTCUSDT_60
p33,BTCUSDT,1,2024-08-13 23:00:00+00:00,60556.0,2024-08-14 16:00:00+00:00,58739.32,initial_sl,False,58739.32,,False,100.0,1.0,100.0,100.0,0.001651364026686,-3.0000000000000004,0.3155,0.0,-3.315500000000001,True,1.0551626357657138,0.66,False,0.583096637822833,True,17.0,False,2.302496862408354,3.0000000000000004,True,BTCUSDT_60
p34,BTCUSDT,-1,2024-08-15 02:00:00+00:00,58165.3,2024-08-18 02:00:00+00:00,59910.259000000005,initial_sl,False,59910.259000000005,,False,100.0,1.0,100.0,100.0,0.0017192381024425,-3.0000000000000044,0.3245,0.0,-3.3245000000000045,True,1.2208186962722751,0.85,False,0.2296902104863329,True,72.0,False,3.633093958081544,3.0000000000000044,True,BTCUSDT_60
p35,BTCUSDT,1,2024-08-18 13:00:00+00:00,59949.8,2024-08-19 00:00:00+00:00,58151.306,initial_sl,False,58151.306,,False,100.0,1.0,100.0,100.0,0.0016680622787732,-2.999999999999998,0.3155,0.0,-3.315499999999998,True,0.6504370561464995,0.33,True,-0.6353649219847268,False,11.0,False,0.4173491821490598,2.999999999999998,True,BTCUSDT_60
p36,BTCUSDT,-1,2024-08-19 02:00:00+00:00,58525.0,2024-08-20 00:00:00+00:00,60280.75,initial_sl,False,60280.75,,False,100.0,1.0,100.0,100.0,0.0017086715079026,-3.0,0.3245,0.0,-3.3245,True,0.6655031427350961,0.4,True,0.0955147372917575,True,22.0,False,1.3189235369500238,3.0,True,BTCUSDT_60
p37,BTCUSDT,1,2024-08-20 06:00:00+00:00,61087.9,2024-08-20 15:00:00+00:00,59255.263,initial_sl,False,59255.263,,False,100.0,1.0,100.0,100.0,0.0016369853931793,-3.000000000000004,0.3155,0.0,-3.315500000000004,True,0.8152187258033097,0.72,False,-0.9815364417503304,False,9.0,False,0.0427253187619783,3.000000000000004,True,BTCUSDT_60
p38,BTCUSDT,-1,2024-08-28 06:00:00+00:00,59257.1,2024-08-29 15:00:00+00:00,61034.813,initial_sl,False,61034.813,,False,100.0,1.0,100.0,100.0,0.0016875614905218,-3.0000000000000058,0.3245,0.0,-3.324500000000006,True,1.1634531076083212,0.9,False,-1.0953961634976972,False,33.0,False,2.4589458478393285,3.0000000000000058,True,BTCUSDT_60
p39,BTCUSDT,1,2024-09-10 23:00:00+00:00,57585.7,2024-09-11 13:00:00+00:00,55858.129,initial_sl,False,55858.129,,False,100.0,1.0,100.0,100.0,0.0017365422318388,-2.999999999999994,0.3155,0.0,-3.315499999999994,True,0.8369761441270511,0.69,False,-1.888663331347884,False,14.0,False,0.4832797031207451,2.999999999999994,True,BTCUSDT_60
p40,BTCUSDT,-1,2024-10-01 14:00:00+00:00,62834.8,2024-10-07 06:00:00+00:00,63672.5,signal_reverse,False,64719.844000000005,,False,100.0,1.0,100.0,100.0,0.0015914747878564,-1.3331784297873106,0.3219997676446809,0.0,-1.6551781974319917,True,0.574476927707938,0.61,False,1.741073417914918,True,136.0,False,4.765830399714817,1.7732212086296082,False,BTCUSDT_60
p41,BTCUSDT,1,2024-10-07 07:00:00+00:00,63672.5,2024-10-09 01:00:00+00:00,62381.1,signal_reverse,False,61762.325,,False,100.0,1.0,100.0,100.0,0.0015705367309277,-2.0281911343201564,0.3169577132985198,0.0,-2.345148847618676,True,0.5748164435195728,0.5,True,-1.278259845302132,False,42.0,False,1.2430798225293491,2.9354902037771384,False,BTCUSDT_60
p42,BTCUSDT,-1,2024-10-09 02:00:00+00:00,62381.1,2024-10-12 12:00:00+00:00,63023.6,signal_reverse,False,64252.533,,False,100.0,1.0,100.0,100.0,0.0016030496416382,-1.0299593947525774,0.3215449390921289,0.0,-1.3515043338447064,True,0.8105247995214666,0.85,False,0.2181750562269657,True,82.0,False,5.580376107506919,1.691057066964195,False,BTCUSDT_60
p43,BTCUSDT,1,2024-10-12 13:00:00+00:00,63023.6,2024-10-23 23:00:00+00:00,66659.1,signal_reverse,False,61132.892,,False,100.0,1.0,100.0,100.0,0.0015867072017466,5.768474031949948,0.328652711047925,0.0,5.439821320902023,True,0.3885505928391445,0.01,True,-0.1702536827474121,False,274.0,False,10.363419417488052,1.604954334566734,False,BTCUSDT_60
p44,BTCUSDT,-1,2024-10-24 00:00:00+00:00,66659.1,2024-10-24 00:00:00+00:00,67446.8,signal_reverse,False,68658.873,,False,100.0,1.0,100.0,100.0,0.0015001702693255,-1.1816841211477458,0.3217725261817216,0.0,-1.5034566473294673,True,0.6679508124172078,0.91,False,-1.054619699335868,False,0.0,True,0.2247255063449745,1.246491476782606,False,BTCUSDT_60
p45,BTCUSDT,1,2024-10-24 01:00:00+00:00,67446.8,2024-11-03 04:00:00+00:00,68580.1,signal_reverse,False,65423.396,,False,100.0,1.0,100.0,100.0,0.0014826500293564,1.6802872782696925,0.3225204309174045,0.0,1.3577668473522877,True,0.7365064020828253,0.98,False,-0.479489019493895,False,243.0,False,9.244322933037594,2.8500981514319474,False,BTCUSDT_60
p46,BTCUSDT,-1,2024-11-03 05:00:00+00:00,68580.1,2024-11-06 00:00:00+00:00,70637.50300000001,initial_sl,False,70637.50300000001,,False,100.0,1.0,100.0,100.0,0.0014581489382488,-3.000000000000008,0.3245,0.0,-3.324500000000008,True,0.4823348380735989,0.22,True,0.2175558215867457,True,67.0,False,2.5839857334707963,3.000000000000008,True,BTCUSDT_60
p47,BTCUSDT,1,2024-11-06 04:00:00+00:00,74394.9,2024-11-26 20:00:00+00:00,91124.2,signal_reverse,False,72163.053,,False,100.0,1.0,100.0,100.0,0.0013441781627504,22.48715973810033,0.3537307396071505,0.0,22.133428998493184,True,1.5989383296819706,1.0,False,-0.7899735062484092,False,496.0,False,34.00112104458774,2.238459894428232,False,BTCUSDT_60
p48,BTCUSDT,-1,2024-11-26 21:00:00+00:00,91124.2,2024-11-27 10:00:00+00:00,93857.926,initial_sl,False,93857.926,,False,100.0,1.0,100.0,100.0,0.0010974033242541,-2.9999999999999947,0.3245,0.0,-3.3244999999999947,True,1.3812623712628336,1.0,False,-2.079908520458895,False,13.0,False,0.2256261234666436,2.9999999999999947,True,BTCUSDT_60
p49,BTCUSDT,1,2024-11-28 01:00:00+00:00,96625.0,2024-12-03 13:00:00+00:00,93726.25,initial_sl,False,93726.25,,False,100.0,1.0,100.0,100.0,0.0010349288486416,-3.0,0.3155,0.0,-3.3155,True,0.8293919793014245,0.61,False,-1.127037516170759,False,132.0,False,2.184010349288489,3.0,True,BTCUSDT_60
p50,BTCUSDT,-1,2024-12-03 17:00:00+00:00,95169.5,2024-12-03 17:00:00+00:00,95914.7,signal_reverse,False,98024.585,,False,100.0,1.0,100.0,100.0,0.0010507568075906,-0.7830239730165621,0.3211745359595248,0.0,-1.1041985089760868,True,0.7679005803930304,0.82,False,-1.0863774633679937,False,0.0,True,0.2358949033041047,0.8714976962156933,False,BTCUSDT_60
p51,BTCUSDT,1,2024-12-03 18:00:00+00:00,95914.7,2024-12-03 18:00:00+00:00,95545.3,signal_reverse,False,93037.259,,False,100.0,1.0,100.0,100.0,0.0010425930540365,-0.3851338741610975,0.3194222991887583,0.0,-0.7045561733498559,True,0.8170950706349369,0.85,False,0.0051087059647958,True,0.0,True,0.0001042593054097,0.6074147132816881,False,BTCUSDT_60
p52,BTCUSDT,-1,2024-12-03 19:00:00+00:00,95545.3,2024-12-04 01:00:00+00:00,96303.8,signal_reverse,False,98411.659,,False,100.0,1.0,100.0,100.0,0.0010466239574317,-0.7938642717119523,0.321190796407568,0.0,-1.1150550681195202,True,0.8379794715177005,0.85,False,-0.2880309130852021,False,6.0,False,0.5602578044131976,1.247052445279883,False,BTCUSDT_60
p53,BTCUSDT,1,2024-12-04 02:00:00+00:00,96303.8,2024-12-05 22:00:00+00:00,93414.686,initial_sl,False,93414.686,,False,100.0,1.0,100.0,100.0,0.0010383806246482,-3.0000000000000013,0.3155,0.0,-3.315500000000001,True,0.8653789955773885,0.86,False,0.3928193903044441,True,44.0,False,8.717205343922046,3.0000000000000013,True,BTCUSDT_60
p54,BTCUSDT,-1,2024-12-10 12:00:00+00:00,97759.5,2024-12-11 15:00:00+00:00,100692.285,initial_sl,False,100692.285,,False,100.0,1.0,100.0,100.0,0.0010229184887402,-3.000000000000004,0.3245,0.0,-3.324500000000004,True,0.965145513808306,0.68,False,3.394145837488949,True,27.0,False,3.650489210767237,3.000000000000004,True,BTCUSDT_60
p55,BTCUSDT,1,2024-12-11 20:00:00+00:00,101130.6,2024-12-19 17:00:00+00:00,98096.682,initial_sl,False,98096.682,,False,100.0,1.0,100.0,100.0,0.000988820396596,-3.000000000000005,0.3155,0.0,-3.315500000000005,True,0.7971304997131008,0.49,True,-0.6024882676459953,False,189.0,False,7.209489511582053,3.000000000000005,True,BTCUSDT_60
p56,BTCUSDT,-1,2024-12-19 20:00:00+00:00,97154.9,2025-01-02 17:00:00+00:00,96729.2,signal_reverse,False,100069.547,,False,100.0,1.0,100.0,100.0,0.0010292841637426,0.4381662685052396,0.3193427505972421,0.0,0.1188235179079975,True,1.311734442333104,1.0,False,0.9089608450011166,True,333.0,False,5.857862032692122,2.8769521660770647,False,BTCUSDT_60
p57,BTCUSDT,1,2025-01-02 18:00:00+00:00,96729.2,2025-01-08 16:00:00+00:00,94754.7,signal_reverse,False,93827.324,,False,100.0,1.0,100.0,100.0,0.0010338139879167,-2.0412657191416863,0.3169381014212875,0.0,-2.3582038205629736,True,0.8035023845658064,0.73,False,0.2391211754051436,True,142.0,False,6.174867568428158,2.3479983293565927,False,BTCUSDT_60
p58,BTCUSDT,-1,2025-01-08 17:00:00+00:00,94754.7,2025-01-15 00:00:00+00:00,96851.8,signal_reverse,False,97597.341,,False,100.0,1.0,100.0,100.0,0.0010553566208325,-2.213188369547902,0.3233197825543219,0.0,-2.536508152102224,True,0.9220876944061108,0.93,False,-0.5200797427462822,False,151.0,False,5.967725083821698,2.7869857642945446,False,BTCUSDT_60
p59,BTCUSDT,1,2025-01-15 01:00:00+00:00,96851.8,2025-01-27 08:00:00+00:00,98979.9,signal_reverse,False,93946.246,,False,100.0,1.0,100.0,100.0,0.00103250533289,2.1972745989232942,0.3232959118983849,0.0,1.873978687024909,True,0.7988641261332103,0.63,False,0.2208528907051699,True,295.0,False,13.525716610326286,0.3946235382305719,False,BTCUSDT_60
p60,BTCUSDT,-1,2025-01-27 09:00:00+00:00,98979.9,2025-01-27 14:00:00+00:00,101949.297,initial_sl,False,101949.297,,False,100.0,1.0,100.0,100.0,0.0010103061328613,-2.9999999999999973,0.3245,0.0,-3.3244999999999973,True,1.0205318742203513,0.8,False,-2.907054866695158,False,5.0,False,0.7798553039556457,2.9999999999999973,True,BTCUSDT_60
p61,BTCUSDT,1,2025-01-30 06:00:00+00:00,105357.4,2025-01-31 19:00:00+00:00,102196.678,initial_sl,False,102196.678,,False,100.0,1.0,100.0,100.0,0.0009491502258028,-2.9999999999999947,0.3155,0.0,-3.315499999999995,True,0.9209808030299056,0.72,False,-0.0720405021384262,False,37.0,False,1.0096110951864907,2.9999999999999947,True,BTCUSDT_60
p62,BTCUSDT,-1,2025-02-01 11:00:00+00:00,101588.5,2025-02-15 15:00:00+00:00,97599.3,signal_reverse,False,104636.155,,False,100.0,1.0,100.0,100.0,0.0009843633875881,3.9268224257666935,0.3141097663613499,0.0,3.612712659405344,True,0.4212794052195149,0.0,True,-0.2537688813202265,False,340.0,False,10.25893678910506,0.8557070928303921,False,BTCUSDT_60
p63,BTCUSDT,1,2025-02-15 16:00:00+00:00,97599.3,2025-02-16 18:00:00+00:00,96818.2,signal_reverse,False,94671.321,,False,100.0,1.0,100.0,100.0,0.0010245975124821,-0.8003131169998204,0.3187995303245002,0.0,-1.1191126473243207,True,0.264360795327717,0.0,True,0.0494880598528979,True,26.0,False,0.1031769695069504,1.1263400454716406,False,BTCUSDT_60
p64,BTCUSDT,-1,2025-02-16 19:00:00+00:00,96818.2,2025-02-20 18:00:00+00:00,98241.3,signal_reverse,False,99722.746,,False,100.0,1.0,100.0,100.0,0.0010328636558002,-1.4698682685693452,0.322204802402854,0.0,-1.792073070972199,True,0.2769845220954626,0.28,True,0.5795397972695127,True,95.0,False,3.615126081666455,1.6337837307448424,False,BTCUSDT_60
p65,BTCUSDT,1,2025-02-20 19:00:00+00:00,98241.3,2025-02-21 19:00:00+00:00,95294.061,initial_sl,False,95294.061,,False,100.0,1.0,100.0,100.0,0.0010179018396539,-3.0000000000000018,0.3155,0.0,-3.315500000000002,True,0.4587101933126467,0.4,True,-0.0563917619168408,False,24.0,False,1.2346131413163244,3.0000000000000013,True,BTCUSDT_60
p66,BTCUSDT,-1,2025-02-23 00:00:00+00:00,96554.4,2025-02-28 23:00:00+00:00,84307.6,end_of_data,False,99451.032,,False,100.0,1.0,100.0,100.0,0.0010356855824281,12.683834190880985,0.3009742487136785,0.0,12.382859942167306,True,0.2605858902930823,0.0,True,0.3496474526277326,True,143.0,False,18.99851275550363,0.0855476291085707,False,BTCUSDT_60
p3,DOGEUSDT,-1,2024-04-16 12:00:00+00:00,0.15579,2024-04-20 16:00:00+00:00,0.1604637,initial_sl,False,0.1604637,,False,100.0,1.0,100.0,100.0,641.8897233455292,-3.0000000000000018,0.3245,0.0,-3.324500000000002,True,6.486754147066105,0.84,False,1.752358944733301,True,25.0,False,10.969895371975108,3.0000000000000018,True,DOGEUSDT_240
p4,DOGEUSDT,1,2024-05-21 12:00:00+00:00,0.16475,2024-05-23 12:00:00+00:00,0.1598075,initial_sl,False,0.1598075,,False,100.0,1.0,100.0,100.0,606.9802731411229,-2.999999999999993,0.3155,0.0,-3.315499999999993,True,2.468675482332538,0.35,True,0.3338391502276217,True,12.0,False,6.0576631259484,2.999999999999993,True,DOGEUSDT_240
p5,DOGEUSDT,-1,2024-06-08 16:00:00+00:00,0.14632,2024-07-21 12:00:00+00:00,0.13146,signal_reverse,False,0.1507096,,False,100.0,1.0,100.0,100.0,683.433570256971,10.1558228540186,0.3047662657189721,0.0,9.851056588299626,True,2.78450363196126,0.77,False,-0.3417167851284874,False,257.0,False,37.582012028430846,2.8840896664844187,False,DOGEUSDT_240
p6,DOGEUSDT,1,2024-07-21 16:00:00+00:00,0.13146,2024-07-21 16:00:00+00:00,0.1275162,initial_sl,False,0.1275162,,False,100.0,1.0,100.0,100.0,760.6876616461282,-2.9999999999999982,0.3155,0.0,-3.3154999999999983,True,2.409206494099236,0.43,True,6.283280085197029,True,0.0,False,0.0,2.9999999999999982,True,DOGEUSDT_240
p7,DOGEUSDT,-1,2024-08-02 12:00:00+00:00,0.11715,2024-09-21 00:00:00+00:00,0.1048,signal_reverse,False,0.1206645,,False,100.0,1.0,100.0,100.0,853.6064874093042,10.542040119504907,0.3041869398207426,0.0,10.237853179684166,True,2.9059203707091035,0.79,False,3.6875800256081943,True,297.0,False,31.370038412291937,2.023047375160049,False,DOGEUSDT_240
p8,DOGEUSDT,1,2024-09-21 04:00:00+00:00,0.1048,2024-10-03 08:00:00+00:00,0.101656,initial_sl,False,0.101656,,False,100.0,1.0,100.0,100.0,954.1984732824428,-2.9999999999999942,0.3155,0.0,-3.3154999999999943,True,1.7700381679389317,0.19,True,3.0725190839694605,True,73.0,False,26.04961832061068,2.9999999999999942,True,DOGEUSDT_240
p9,DOGEUSDT,-1,2024-12-20 16:00:00+00:00,0.30445,2024-12-20 16:00:00+00:00,0.3135835,initial_sl,False,0.3135835,,False,100.0,1.0,100.0,100.0,328.4611594678929,-3.0000000000000053,0.3245,0.0,-3.3245000000000053,True,7.898317809633296,0.99,False,-7.350960748891455,False,0.0,False,0.0,3.0000000000000053,True,DOGEUSDT_240
p10,DOGEUSDT,1,2025-01-05 20:00:00+00:00,0.3821,2025-01-07 12:00:00+00:00,0.370637,initial_sl,False,0.370637,,False,100.0,1.0,100.0,100.0,261.7115938236064,-3.0000000000000004,0.3155,0.0,-3.315500000000001,True,3.2635435749803707,0.65,False,1.784873069877002,True,10.0,False,4.320858414027748,3.0000000000000004,True,DOGEUSDT_240
p11,DOGEUSDT,-1,2025-01-10 00:00:00+00:00,0.32076,2025-01-10 04:00:00+00:00,0.3303828,initial_sl,False,0.3303828,,False,100.0,1.0,100.0,100.0,311.7595710188303,-2.999999999999996,0.3245,0.0,-3.324499999999996,True,4.128810147328665,0.97,False,-4.034168848983666,False,1.0,False,0.0311759571018795,2.999999999999996,True,DOGEUSDT_240
p12,DOGEUSDT,1,2025-01-16 12:00:00+00:00,0.37757,2025-01-19 08:00:00+00:00,0.3662429,initial_sl,False,0.3662429,,False,100.0,1.0,100.0,100.0,264.85155070582937,-2.9999999999999942,0.3155,0.0,-3.3154999999999943,True,3.131680407417357,0.66,False,8.941388351828783,True,17.0,False,14.945573006329946,2.9999999999999942,True,DOGEUSDT_240
p13,DOGEUSDT,-1,2025-01-27 04:00:00+00:00,0.32973,2025-01-31 12:00:00+00:00,0.3396219,initial_sl,False,0.3396219,,False,100.0,1.0,100.0,100.0,303.27843993570497,-3.0000000000000027,0.3245,0.0,-3.3245000000000027,True,2.3917837538072284,0.13,True,-1.4769660024868791,False,26.0,False,7.62441997998362,3.0000000000000027,True,DOGEUSDT_240
p8,DOGEUSDT,-1,2024-03-16 06:00:00+00:00,0.16028,2024-03-22 08:00:00+00:00,0.1650884,initial_sl,False,0.1650884,,False,100.0,1.0,100.0,100.0,623.9081607187421,-2.999999999999994,0.3245,0.0,-3.324499999999994,True,2.103461798994616,0.33,True,1.3414025455453005,True,146.0,False,23.63364112802596,2.999999999999994,True,DOGEUSDT_60
p9,DOGEUSDT,1,2024-03-22 10:00:00+00:00,0.16077,2024-03-22 11:00:00+00:00,0.1559469,initial_sl,False,0.1559469,,False,100.0,1.0,100.0,100.0,622.0065932698886,-2.999999999999998,0.3155,0.0,-3.315499999999998,True,2.651080958601019,0.37,True,-6.835852460036074,False,1.0,False,0.2488026373079626,2.9999999999999982,True,DOGEUSDT_60
p10,DOGEUSDT,-1,2024-04-02 22:00:00+00:00,0.18379,2024-04-07 00:00:00+00:00,0.1893037,initial_sl,False,0.1893037,,False,100.0,1.0,100.0,100.0,544.0992437020512,-3.0000000000000053,0.3245,0.0,-3.3245000000000053,True,2.77607206983125,0.77,False,-1.2677512378257871,False,98.0,False,9.026606453017042,3.0000000000000053,True,DOGEUSDT_60
p11,DOGEUSDT,1,2024-04-07 13:00:00+00:00,0.19694,2024-04-09 13:00:00+00:00,0.1910318,initial_sl,False,0.1910318,,False,100.0,1.0,100.0,100.0,507.7688636132832,-3.000000000000001,0.3155,0.0,-3.315500000000001,True,1.6836164749234717,0.3,True,0.5382349954300869,True,48.0,False,6.36742154971057,3.0000000000000013,True,DOGEUSDT_60
p12,DOGEUSDT,-1,2024-04-12 21:00:00+00:00,0.17276,2024-04-24 03:00:00+00:00,0.16265,signal_reverse,False,0.1779427999999999,,False,100.0,1.0,100.0,100.0,578.8376939106274,5.852049085436448,0.3112219263718453,0.0,5.5408271590646025,True,4.064680977739557,0.99,False,1.991201667052556,True,270.0,False,27.326927529520724,1.9969900439916697,False,DOGEUSDT_60
p13,DOGEUSDT,1,2024-04-24 04:00:00+00:00,0.16265,2024-04-24 14:00:00+00:00,0.1577704999999999,initial_sl,False,0.1577704999999999,,False,100.0,1.0,100.0,100.0,614.8170919151553,-3.0000000000000058,0.3155,0.0,-3.315500000000006,True,1.2489570067190734,0.34,True,-0.9898555179833955,False,10.0,False,1.1743006455579603,3.0000000000000058,True,DOGEUSDT_60
p14,DOGEUSDT,-1,2024-04-24 17:00:00+00:00,0.1533,2024-05-04 10:00:00+00:00,0.15704,signal_reverse,False,0.1578989999999999,,False,100.0,1.0,100.0,100.0,652.3157208088716,-2.439660795825193,0.3236594911937378,0.0,-2.763320287018931,True,1.717454104929646,0.97,False,1.669928245270702,True,233.0,False,21.715590345727325,2.596216568819316,False,DOGEUSDT_60
p15,DOGEUSDT,1,2024-05-04 11:00:00+00:00,0.15704,2024-05-07 18:00:00+00:00,0.1523288,initial_sl,False,0.1523288,,False,100.0,1.0,100.0,100.0,636.7804381049414,-2.999999999999999,0.3155,0.0,-3.3154999999999992,True,1.7465977730878417,0.56,False,3.451349974528761,True,79.0,False,8.303616912888433,2.999999999999999,True,DOGEUSDT_60
p16,DOGEUSDT,-1,2024-05-09 04:00:00+00:00,0.14769,2024-05-09 22:00:00+00:00,0.1521207,initial_sl,False,0.1521207,,False,100.0,1.0,100.0,100.0,677.0939129257229,-3.0000000000000067,0.3245,0.0,-3.3245000000000067,True,1.4610719363918654,0.45,True,1.4760647301780727,True,18.0,False,3.0266097907779823,3.0000000000000067,True,DOGEUSDT_60
p17,DOGEUSDT,1,2024-05-10 11:00:00+00:00,0.15169,2024-05-10 14:00:00+00:00,0.1471393,initial_sl,False,0.1471393,,False,100.0,1.0,100.0,100.0,659.239237919441,-2.9999999999999942,0.3155,0.0,-3.3154999999999943,True,1.1701496473070083,0.05,True,-4.746522513019968,False,3.0,False,0.0593315314127541,2.9999999999999942,True,DOGEUSDT_60
p18,DOGEUSDT,-1,2024-05-10 15:00:00+00:00,0.14469,2024-05-13 14:00:00+00:00,0.1490307,initial_sl,False,0.1490307,,False,100.0,1.0,100.0,100.0,691.1327666044647,-3.0000000000000018,0.3245,0.0,-3.324500000000002,True,1.2988359349545346,0.15,True,0.9814085285783424,True,71.0,False,6.234017554772271,3.0000000000000018,True,DOGEUSDT_60
p19,DOGEUSDT,1,2024-05-14 12:00:00+00:00,0.15213,2024-05-14 14:00:00+00:00,0.1475660999999999,initial_sl,False,0.1475660999999999,,False,100.0,1.0,100.0,100.0,657.3325445342799,-3.0000000000000067,0.3155,0.0,-3.3155000000000068,True,1.63863612887474,0.82,False,-3.937421941760333,False,2.0,False,2.0048642608295704,3.0000000000000067,True,DOGEUSDT_60
p20,DOGEUSDT,-1,2024-05-14 23:00:00+00:00,0.14538,2024-05-15 08:00:00+00:00,0.1497414,initial_sl,False,0.1497414,,False,100.0,1.0,100.0,100.0,687.8525244187646,-2.999999999999991,0.3245,0.0,-3.324499999999991,True,2.036534795511272,0.82,False,-0.2682624845233183,False,9.0,False,0.8460586050350866,2.999999999999991,True,DOGEUSDT_60
p21,DOGEUSDT,1,2024-05-15 10:00:00+00:00,0.15027,2024-05-30 11:00:00+00:00,0.15906,signal_reverse,False,0.1457619,,False,100.0,1.0,100.0,100.0,665.4688227856526,5.8494709522859,0.3287742064284289,0.0,5.520696745857471,True,1.2044985692420325,0.5,True,0.5989219405071022,True,361.0,False,16.49697211685633,2.0230252212683757,False,DOGEUSDT_60
p22,DOGEUSDT,-1,2024-05-30 12:00:00+00:00,0.15906,2024-05-30 15:00:00+00:00,0.1638318,initial_sl,False,0.1638318,,False,100.0,1.0,100.0,100.0,628.693574751666,-2.999999999999995,0.3245,0.0,-3.324499999999995,True,1.234484740708809,0.41,True,-2.395322519803833,False,3.0,False,0.182321136677991,2.999999999999995,True,DOGEUSDT_60
p23,DOGEUSDT,1,2024-06-05 15:00:00+00:00,0.16264,2024-06-07 15:00:00+00:00,0.1601,signal_reverse,False,0.1577608,,False,100.0,1.0,100.0,100.0,614.8548942449581,-1.5617314313822026,0.3176574028529267,0.0,-1.8793888342351293,True,0.8493781181926753,0.69,False,0.768568617806209,True,48.0,False,2.0474667978357104,2.693064436792913,False,DOGEUSDT_60
p24,DOGEUSDT,-1,2024-06-07 16:00:00+00:00,0.1601,2024-07-14 02:00:00+00:00,0.11232,signal_reverse,False,0.164903,,False,100.0,1.0,100.0,100.0,624.6096189881324,29.84384759525296,0.2752342286071206,0.0,29.56861336664584,True,0.7655929329883125,0.5,True,6.945658963148027,True,874.0,False,42.95440349781386,0.3310430980637119,False,DOGEUSDT_60
p25,DOGEUSDT,1,2024-07-14 03:00:00+00:00,0.11232,2024-07-25 18:00:00+00:00,0.12191,signal_reverse,False,0.1089504,,False,100.0,1.0,100.0,100.0,890.3133903133903,8.538105413105415,0.3328071581196581,0.0,8.205298254985756,True,1.2807794057794086,0.92,False,1.2286324786324745,True,279.0,False,28.214031339031333,1.157407407407416,False,DOGEUSDT_60
p26,DOGEUSDT,-1,2024-07-25 19:00:00+00:00,0.12191,2024-07-26 00:00:00+00:00,0.1255673,initial_sl,False,0.1255673,,False,100.0,1.0,100.0,100.0,820.2772537117545,-2.9999999999999902,0.3245,0.0,-3.3244999999999902,True,1.5362621137373007,0.39,True,-4.183413993929963,False,5.0,False,1.697973915183334,2.9999999999999902,True,DOGEUSDT_60
p27,DOGEUSDT,1,2024-07-26 14:00:00+00:00,0.13048,2024-07-30 15:00:00+00:00,0.1265656,initial_sl,False,0.1265656,,False,100.0,1.0,100.0,100.0,766.4009809932556,-3.0000000000000093,0.3155,0.0,-3.315500000000009,True,0.9645703775072272,0.03,True,2.352851011649282,True,97.0,False,6.299816063764544,3.0000000000000093,True,DOGEUSDT_60
p28,DOGEUSDT,-1,2024-07-30 17:00:00+00:00,0.12661,2024-08-11 10:00:00+00:00,0.10889,signal_reverse,False,0.1304083,,False,100.0,1.0,100.0,100.0,789.8270278808941,13.995734934049445,0.2990063975989259,0.0,13.696728536450516,True,0.9748722172701284,0.31,True,0.5054892978437753,True,281.0,False,36.49790695837612,0.5686754600742425,False,DOGEUSDT_60
p29,DOGEUSDT,1,2024-08-11 11:00:00+00:00,0.10889,2024-08-11 13:00:00+00:00,0.1056233,initial_sl,False,0.1056233,,False,100.0,1.0,100.0,100.0,918.357975939021,-2.9999999999999973,0.3155,0.0,-3.315499999999997,True,1.117116880731539,0.29,True,-3.2877215538617,False,2.0,False,0.1836715951878094,2.999999999999998,True,DOGEUSDT_60
p30,DOGEUSDT,-1,2024-08-11 21:00:00+00:00,0.10138,2024-08-12 10:00:00+00:00,0.1044214,initial_sl,False,0.1044214,,False,100.0,1.0,100.0,100.0,986.3878477017164,-3.0,0.3245,0.0,-3.3245,True,1.52960572668602,0.65,False,-0.7397908857762925,False,13.0,False,1.3809429867824017,3.0,True,DOGEUSDT_60
p31,DOGEUSDT,1,2024-08-13 22:00:00+00:00,0.10639,2024-08-14 13:00:00+00:00,0.1031982999999999,initial_sl,False,0.1031982999999999,,False,100.0,1.0,100.0,100.0,939.9379640943698,-3.0000000000000053,0.3155,0.0,-3.315500000000005,True,1.1292683254333775,0.32,True,-0.6297584359432284,False,15.0,False,0.4511702227653052,3.0000000000000053,True,DOGEUSDT_60
p32,DOGEUSDT,-1,2024-08-14 16:00:00+00:00,0.10315,2024-08-20 20:00:00+00:00,0.10374,signal_reverse,False,0.1062445,,False,100.0,1.0,100.0,100.0,969.4619486185168,-0.5719825496849184,0.3208579738245274,0.0,-0.8928405235094458,True,1.15573713731736,0.47,True,0.998545807077078,True,148.0,False,5.690741638390692,2.452738730004838,False,DOGEUSDT_60
p33,DOGEUSDT,1,2024-08-20 21:00:00+00:00,0.10374,2024-08-27 13:00:00+00:00,0.10396,signal_reverse,False,0.1006278,,False,100.0,1.0,100.0,100.0,963.948332369385,0.2120686331212627,0.3203181029496819,0.0,-0.1082494698284192,True,1.109229116747911,0.69,False,0.1156737998843304,True,160.0,False,11.229998072103342,1.715828031617509,False,DOGEUSDT_60
p34,DOGEUSDT,-1,2024-08-27 14:00:00+00:00,0.10396,2024-09-09 19:00:00+00:00,0.10377,signal_reverse,False,0.1070788,,False,100.0,1.0,100.0,100.0,961.9084263178146,0.1827626010003806,0.3197258560984994,0.0,-0.1369632550981188,True,0.8691529709228792,0.19,True,-0.2404771065794619,False,317.0,False,14.534436321662175,0.836860330896508,False,DOGEUSDT_60
p35,DOGEUSDT,1,2024-09-09 20:00:00+00:00,0.10377,2024-09-11 04:00:00+00:00,0.1006569,initial_sl,False,0.1006569,,False,100.0,1.0,100.0,100.0,963.6696540425942,-2.999999999999994,0.3155,0.0,-3.315499999999994,True,1.3746059279450422,0.87,False,-1.0214898332851496,False,32.0,False,1.0889467090681235,2.999999999999994,True,DOGEUSDT_60
p36,DOGEUSDT,-1,2024-09-17 00:00:00+00:00,0.09959,2024-09-18 18:00:00+00:00,0.1025777,initial_sl,False,0.1025777,,False,100.0,1.0,100.0,100.0,1004.1168792047396,-2.999999999999996,0.3245,0.0,-3.324499999999996,True,0.9847517679629342,0.61,False,-1.4559694748468743,False,42.0,False,0.9539110352444948,2.999999999999996,True,DOGEUSDT_60
p37,DOGEUSDT,1,2024-09-19 07:00:00+00:00,0.10392,2024-10-01 20:00:00+00:00,0.10648,signal_reverse,False,0.1008024,,False,100.0,1.0,100.0,100.0,962.278675904542,2.4634334103156337,0.3236951501154734,0.0,2.1397382602001604,True,1.216595183107883,0.9,False,0.7024634334103164,True,301.0,False,27.11701308698999,1.809083910700532,False,DOGEUSDT_60
p38,DOGEUSDT,-1,2024-10-01 21:00:00+00:00,0.10648,2024-10-04 12:00:00+00:00,0.1096744,initial_sl,False,0.1096744,,False,100.0,1.0,100.0,100.0,939.1435011269722,-3.0,0.3245,0.0,-3.3245,True,2.4967800794247057,1.0,False,-1.6435011269722022,False,63.0,False,5.184072126220897,3.0,True,DOGEUSDT_60
p39,DOGEUSDT,1,2024-10-07 17:00:00+00:00,0.11257,2024-10-07 18:00:00+00:00,0.1091929,initial_sl,False,0.1091929,,False,100.0,1.0,100.0,100.0,888.3361463977969,-2.9999999999999947,0.3155,0.0,-3.315499999999995,True,1.2094062107387156,0.67,False,-2.2474904503864246,False,1.0,False,0.1687838678155776,2.9999999999999947,True,DOGEUSDT_60
p40,DOGEUSDT,-1,2024-10-07 23:00:00+00:00,0.11004,2024-10-12 11:00:00+00:00,0.11131,signal_reverse,False,0.1133412,,False,100.0,1.0,100.0,100.0,908.7604507451836,-1.1541257724463898,0.3217311886586696,0.0,-1.4758569611050594,True,1.506595004413979,0.9,False,0.6361323155216203,True,108.0,False,6.379498364231187,1.9083969465648896,False,DOGEUSDT_60
p41,DOGEUSDT,1,2024-10-12 12:00:00+00:00,0.11131,2024-11-03 15:00:00+00:00,0.14574,signal_reverse,False,0.1079707,,False,100.0,1.0,100.0,100.0,898.3918785374179,30.9316323780433,0.3663974485670649,0.0,30.56523492947624,True,0.7212803367686137,0.19,True,0.1257748629952315,True,531.0,False,61.60273111131075,2.4346419908364063,False,DOGEUSDT_60
p42,DOGEUSDT,-1,2024-11-03 16:00:00+00:00,0.14574,2024-11-03 20:00:00+00:00,0.1501122,initial_sl,False,0.1501122,,False,100.0,1.0,100.0,100.0,686.1534239055852,-2.9999999999999947,0.3245,0.0,-3.3244999999999947,True,2.1060009018016417,0.75,False,-4.055166735282012,False,4.0,False,1.3311376423768335,2.9999999999999947,True,DOGEUSDT_60
p43,DOGEUSDT,1,2024-11-05 02:00:00+00:00,0.1624,2024-11-27 03:00:00+00:00,0.38752,signal_reverse,False,0.157528,,False,100.0,1.0,100.0,100.0,615.7635467980296,138.6206896551724,0.5279310344827586,0.0,138.09275862068966,True,2.842188599577764,1.0,False,3.245073891625627,True,529.0,False,196.1330049261084,0.9298029556650146,False,DOGEUSDT_60
p44,DOGEUSDT,-1,2024-11-27 04:00:00+00:00,0.38752,2024-11-27 07:00:00+00:00,0.3991456,initial_sl,False,0.3991456,,False,100.0,1.0,100.0,100.0,258.05119735755574,-3.000000000000004,0.3245,0.0,-3.324500000000004,True,2.5344314026188526,0.31,True,-1.3238026424442717,False,3.0,False,0.258051197357556,3.000000000000004,True,DOGEUSDT_60
p45,DOGEUSDT,1,2024-11-27 22:00:00+00:00,0.40191,2024-12-03 14:00:00+00:00,0.3898527,initial_sl,False,0.3898527,,False,100.0,1.0,100.0,100.0,248.8119230673534,-2.9999999999999987,0.3155,0.0,-3.315499999999999,True,1.5867091779609523,0.0,True,1.8760418999278492,True,136.0,False,15.533328357094868,2.9999999999999982,True,DOGEUSDT_60
p46,DOGEUSDT,-1,2024-12-10 07:00:00+00:00,0.41093,2024-12-12 05:00:00+00:00,0.4232579,initial_sl,False,0.4232579,,False,100.0,1.0,100.0,100.0,243.35044898157835,-3.0000000000000004,0.3245,0.0,-3.3245000000000005,True,4.1694622998008,0.96,False,4.010415399216405,True,46.0,False,11.169785608254449,3.0000000000000004,True,DOGEUSDT_60
p47,DOGEUSDT,1,2025-01-02 09:00:00+00:00,0.33675,2025-01-08 17:00:00+00:00,0.3266475,initial_sl,False,0.3266475,,False,100.0,1.0,100.0,100.0,296.9561989606533,-3.000000000000004,0.3155,0.0,-3.315500000000004,True,1.2202778661575997,0.54,False,1.181885671863392,True,152.0,False,18.411284335560502,3.0000000000000044,True,DOGEUSDT_60
p48,DOGEUSDT,-1,2025-01-08 19:00:00+00:00,0.33592,2025-01-09 01:00:00+00:00,0.3459976,initial_sl,False,0.3459976,,False,100.0,1.0,100.0,100.0,297.6899261728983,-3.0000000000000058,0.3245,0.0,-3.324500000000006,True,2.4187306501548003,0.92,False,-2.366634913074539,False,6.0,False,0.910931174089071,3.0000000000000058,True,DOGEUSDT_60
p49,DOGEUSDT,1,2025-01-14 22:00:00+00:00,0.35684,2025-01-20 00:00:00+00:00,0.3461347999999999,initial_sl,False,0.3461347999999999,,False,100.0,1.0,100.0,100.0,280.237641520009,-3.0000000000000075,0.3155,0.0,-3.315500000000008,True,1.5807404679167931,0.71,False,1.7318686245936687,True,122.0,False,21.62313641968389,3.000000000000007,True,DOGEUSDT_60
p50,DOGEUSDT,-1,2025-01-21 02:00:00+00:00,0.34458,2025-01-21 11:00:00+00:00,0.3549174,initial_sl,False,0.3549174,,False,100.0,1.0,100.0,100.0,290.2083696093796,-2.999999999999999,0.3245,0.0,-3.324499999999999,True,3.69455983681998,0.99,False,0.6558709153171915,True,9.0,False,2.6089732427883217,2.999999999999999,True,DOGEUSDT_60
p51,DOGEUSDT,1,2025-02-14 15:00:00+00:00,0.27346,2025-02-16 14:00:00+00:00,0.2652562,initial_sl,False,0.2652562,,False,100.0,1.0,100.0,100.0,365.68419512908656,-2.9999999999999942,0.3155,0.0,-3.3154999999999943,True,1.4172874591217306,0.6,False,-0.1316463102464582,False,47.0,False,4.823374533752665,2.9999999999999942,True,DOGEUSDT_60
p52,DOGEUSDT,-1,2025-02-17 19:00:00+00:00,0.25483,2025-02-28 23:00:00+00:00,0.20171,end_of_data,False,0.2624749,,False,100.0,1.0,100.0,100.0,392.4184750618059,20.84526939528313,0.2887320959070753,0.0,20.556537299376053,True,1.5223033843290492,0.81,False,-0.5336891260840471,False,268.0,False,28.827061178040264,2.5232507946474088,False,DOGEUSDT_60
p3,ETHUSDT,-1,2024-04-04 04:00:00+00:00,3275.39,2024-04-04 12:00:00+00:00,3373.6517,initial_sl,False,3373.6517,,False,100.0,1.0,100.0,100.0,0.0305307154262545,-3.0000000000000004,0.3245,0.0,-3.3245000000000005,True,2.491001071628114,0.6,False,-1.0200312023911806,False,2.0,False,0.8563865677064327,3.000000000000001,True,ETHUSDT_240
p4,ETHUSDT,1,2024-04-09 00:00:00+00:00,3697.73,2024-04-09 08:00:00+00:00,3586.7981,initial_sl,False,3586.7981,,False,100.0,1.0,100.0,100.0,0.0270436186525246,-3.0000000000000013,0.3155,0.0,-3.315500000000001,True,1.6682628840628473,0.24,True,-5.136935363047057,False,2.0,False,0.8726975739169702,3.000000000000001,True,ETHUSDT_240
p5,ETHUSDT,-1,2024-04-13 16:00:00+00:00,3272.2,2024-05-20 16:00:00+00:00,3370.366,initial_sl,False,3370.366,,False,100.0,1.0,100.0,100.0,0.0305604791883136,-3.0000000000000053,0.3245,0.0,-3.3245000000000053,True,2.634662568651935,0.92,False,6.650265876168926,True,222.0,False,14.698979279995111,3.0000000000000053,True,ETHUSDT_240
p6,ETHUSDT,1,2024-05-21 04:00:00+00:00,3698.78,2024-05-23 20:00:00+00:00,3587.8166,initial_sl,False,3587.8166,,False,100.0,1.0,100.0,100.0,0.0270359415807374,-3.000000000000002,0.3155,0.0,-3.3155000000000023,True,2.205630736930245,1.0,False,2.6184309420944185,True,16.0,False,6.863344129685995,3.000000000000002,True,ETHUSDT_240
p7,ETHUSDT,-1,2024-06-18 12:00:00+00:00,3412.04,2024-06-19 00:00:00+00:00,3514.4012,initial_sl,False,3514.4012,,False,100.0,1.0,100.0,100.0,0.029307979976788,-2.9999999999999947,0.3245,0.0,-3.3244999999999947,True,1.9045790787915728,0.91,False,-3.616018569536106,False,3.0,False,1.3376162061406045,2.999999999999995,True,ETHUSDT_240
p8,ETHUSDT,1,2024-07-19 04:00:00+00:00,3428.73,2024-07-24 20:00:00+00:00,3325.8681,initial_sl,False,3325.8681,,False,100.0,1.0,100.0,100.0,0.0291653177707197,-2.9999999999999964,0.3155,0.0,-3.315499999999997,True,1.6419032286423405,0.3,True,1.9024536781840464,True,34.0,False,3.9241935060503503,2.9999999999999964,True,ETHUSDT_240
p9,ETHUSDT,-1,2024-07-27 04:00:00+00:00,3243.41,2024-07-29 00:00:00+00:00,3340.7123,initial_sl,False,3340.7123,,False,100.0,1.0,100.0,100.0,0.0308317480676201,-2.9999999999999947,0.3245,0.0,-3.3244999999999947,True,2.1785933411352327,0.86,False,0.2161305539540081,True,11.0,False,1.7083871604268304,2.999999999999995,True,ETHUSDT_240
p10,ETHUSDT,1,2024-09-23 20:00:00+00:00,2671.68,2024-09-24 12:00:00+00:00,2591.5296,initial_sl,False,2591.5296,,False,100.0,1.0,100.0,100.0,0.0374296322912923,-3.0,0.3155,0.0,-3.3155,True,1.849959575997124,0.65,False,-0.8410438375853313,False,4.0,False,0.3701790633608938,3.0,True,ETHUSDT_240
p11,ETHUSDT,-1,2024-10-03 16:00:00+00:00,2339.61,2024-10-04 12:00:00+00:00,2409.7983,initial_sl,False,2409.7983,,False,100.0,1.0,100.0,100.0,0.0427421664294476,-2.999999999999992,0.3245,0.0,-3.324499999999992,True,2.715989905521493,1.0,False,-3.271912840174207,False,5.0,False,1.2463615730827065,2.999999999999991,True,ETHUSDT_240
p12,ETHUSDT,1,2024-10-16 00:00:00+00:00,2606.32,2024-10-23 16:00:00+00:00,2528.1304,initial_sl,False,2528.1304,,False,100.0,1.0,100.0,100.0,0.0383682740415605,-3.0000000000000058,0.3155,0.0,-3.315500000000006,True,2.0279825303767094,0.86,False,0.14579944135793,True,46.0,False,6.305825838730468,3.0000000000000058,True,ETHUSDT_240
p13,ETHUSDT,-1,2024-10-27 20:00:00+00:00,2493.86,2024-10-28 20:00:00+00:00,2568.6758,initial_sl,False,2568.6758,,False,100.0,1.0,100.0,100.0,0.0400984818714763,-2.999999999999994,0.3245,0.0,-3.324499999999994,True,1.53757628736176,0.55,False,-0.4779739039080022,False,6.0,False,0.9563487926347072,2.999999999999994,True,ETHUSDT_240
p14,ETHUSDT,1,2024-10-29 12:00:00+00:00,2631.3,2024-10-31 12:00:00+00:00,2552.3610000000003,initial_sl,False,2552.3610000000003,,False,100.0,1.0,100.0,100.0,0.0380040284270132,-2.9999999999999942,0.3155,0.0,-3.3154999999999943,True,1.5024078266581995,0.56,False,1.1161783149013838,True,12.0,False,3.546155892524605,2.9999999999999942,True,ETHUSDT_240
p15,ETHUSDT,-1,2024-11-03 04:00:00+00:00,2448.45,2024-11-06 00:00:00+00:00,2521.9035,initial_sl,False,2521.9035,,False,100.0,1.0,100.0,100.0,0.0408421654516122,-3.000000000000003,0.3245,0.0,-3.324500000000003,True,1.61615365989562,0.57,False,-1.0022667401825558,False,17.0,False,3.782801364128322,3.000000000000004,True,ETHUSDT_240
p16,ETHUSDT,1,2024-11-07 08:00:00+00:00,2822.31,2024-12-23 04:00:00+00:00,3303.53,signal_reverse,False,2737.6407,,False,100.0,1.0,100.0,100.0,0.0354319688482129,17.050572049137063,0.3455758580737056,0.0,16.70499619106336,True,2.7399794595814853,1.0,False,3.2512374615120354,True,275.0,False,45.67003624690414,1.7212850466461844,False,ETHUSDT_240
p17,ETHUSDT,-1,2024-12-23 08:00:00+00:00,3303.53,2024-12-23 20:00:00+00:00,3402.6359,initial_sl,False,3402.6359,,False,100.0,1.0,100.0,100.0,0.0302706498805822,-3.0000000000000004,0.3245,0.0,-3.3245000000000005,True,2.7574832289788715,0.68,False,-2.9065878015335,False,3.0,False,1.105786840137677,3.0000000000000004,True,ETHUSDT_240
p18,ETHUSDT,1,2025-01-06 00:00:00+00:00,3634.63,2025-01-07 12:00:00+00:00,3525.5911,initial_sl,False,3525.5911,,False,100.0,1.0,100.0,100.0,0.0275131168784718,-3.0,0.3155,0.0,-3.3155,True,1.1183688966571947,0.0,True,1.400692780282986,True,9.0,False,3.029194168319744,3.0000000000000004,True,ETHUSDT_240
p19,ETHUSDT,-1,2025-01-08 20:00:00+00:00,3279.29,2025-01-15 16:00:00+00:00,3377.6687,initial_sl,False,3377.6687,,False,100.0,1.0,100.0,100.0,0.0304944058012557,-3.000000000000006,0.3245,0.0,-3.3245000000000062,True,2.546827427365593,0.88,False,2.6118458568775598,True,41.0,False,11.308850391395696,3.000000000000006,True,ETHUSDT_240
p4,ETHUSDT,-1,2024-03-15 11:00:00+00:00,3662.33,2024-03-15 18:00:00+00:00,3772.1999,initial_sl,False,3772.1999,,False,100.0,1.0,100.0,100.0,0.0273050216665346,-3.000000000000004,0.3245,0.0,-3.324500000000004,True,2.1674921234764284,0.95,False,-0.6864482446966802,False,7.0,False,1.051789434594916,3.000000000000004,True,ETHUSDT_60
p5,ETHUSDT,1,2024-03-25 23:00:00+00:00,3615.28,2024-03-27 14:00:00+00:00,3506.8216,initial_sl,False,3506.8216,,False,100.0,1.0,100.0,100.0,0.0276603748534,-3.0,0.3155,0.0,-3.3155,True,1.1249869601089968,0.57,False,0.7429576685623163,True,39.0,False,1.867905113850096,3.0,True,ETHUSDT_60
p6,ETHUSDT,-1,2024-04-02 03:00:00+00:00,3367.85,2024-04-08 07:00:00+00:00,3468.8855,initial_sl,False,3468.8855,,False,100.0,1.0,100.0,100.0,0.0296925338123728,-2.999999999999999,0.3245,0.0,-3.324499999999999,True,1.3900347614735136,1.0,False,0.8797897768606067,True,148.0,False,4.91827130068144,2.9999999999999987,True,ETHUSDT_60
p7,ETHUSDT,1,2024-04-08 09:00:00+00:00,3598.63,2024-04-09 14:00:00+00:00,3490.6711,initial_sl,False,3490.6711,,False,100.0,1.0,100.0,100.0,0.0277883527898116,-3.000000000000002,0.3155,0.0,-3.3155000000000023,True,0.9269400537744332,0.67,False,1.3927522418253568,True,29.0,False,3.7536506948477593,3.000000000000002,True,ETHUSDT_60
p8,ETHUSDT,-1,2024-04-12 21:00:00+00:00,3226.61,2024-04-22 07:00:00+00:00,3202.01,signal_reverse,False,3323.4083,,False,100.0,1.0,100.0,100.0,0.030992279823096,0.7624100836481603,0.3188563848745278,0.0,0.4435536987736325,True,1.903590101420021,1.0,False,0.4280033843569564,True,226.0,False,13.493728712177806,2.378037630826161,False,ETHUSDT_60
p9,ETHUSDT,1,2024-04-22 08:00:00+00:00,3202.01,2024-04-24 19:00:00+00:00,3105.9497,initial_sl,False,3105.9497,,False,100.0,1.0,100.0,100.0,0.0312303834154171,-3.000000000000003,0.3155,0.0,-3.3155000000000032,True,0.8860505923288369,0.38,True,-0.3541525479308305,False,59.0,False,2.839466460129719,3.0000000000000027,True,ETHUSDT_60
p10,ETHUSDT,-1,2024-04-26 01:00:00+00:00,3145.4,2024-04-27 17:00:00+00:00,3239.762,initial_sl,False,3239.762,,False,100.0,1.0,100.0,100.0,0.0317924588287658,-3.000000000000002,0.3245,0.0,-3.3245000000000022,True,1.0106595572673034,0.78,False,0.2184141921536153,True,40.0,False,2.617791059960582,3.0000000000000027,True,ETHUSDT_60
p11,ETHUSDT,1,2024-04-27 23:00:00+00:00,3244.35,2024-04-29 11:00:00+00:00,3147.0195,initial_sl,False,3147.0195,,False,100.0,1.0,100.0,100.0,0.0308228150476983,-3.000000000000001,0.3155,0.0,-3.315500000000001,True,0.9088547342743108,0.65,False,1.7041934439872453,True,36.0,False,3.6713055003313495,3.000000000000001,True,ETHUSDT_60
p12,ETHUSDT,-1,2024-04-30 11:00:00+00:00,3043.94,2024-05-04 10:00:00+00:00,3135.2582,initial_sl,False,3135.2582,,False,100.0,1.0,100.0,100.0,0.0328521587153491,-3.000000000000005,0.3245,0.0,-3.324500000000005,True,1.28977575116461,0.99,False,1.93006432452677,True,95.0,False,7.534971122952494,3.0000000000000053,True,ETHUSDT_60
p13,ETHUSDT,1,2024-05-05 00:00:00+00:00,3115.54,2024-05-07 03:00:00+00:00,3022.0738,initial_sl,False,3022.0738,,False,100.0,1.0,100.0,100.0,0.0320971645364848,-2.999999999999995,0.3155,0.0,-3.3154999999999952,True,0.861327410336571,0.29,True,-1.012665541126101,False,51.0,False,3.3971638945415608,2.999999999999995,True,ETHUSDT_60
p14,ETHUSDT,-1,2024-05-07 18:00:00+00:00,3058.36,2024-05-16 12:00:00+00:00,2978.41,signal_reverse,False,3150.1108,,False,100.0,1.0,100.0,100.0,0.0326972625851763,2.61414614368486,0.3160787807844727,0.0,2.298067362900387,True,0.9737011245989908,0.77,False,1.7542081376947127,True,210.0,False,6.525392694123653,0.0925332531160467,False,ETHUSDT_60
p15,ETHUSDT,1,2024-05-16 13:00:00+00:00,2978.41,2024-05-16 14:00:00+00:00,2940.2,signal_reverse,False,2889.0577,,False,100.0,1.0,100.0,100.0,0.0335749611369824,-1.282899265044102,0.3180756511024338,0.0,-1.600974916146536,True,0.6362215314307212,0.32,True,-1.0176570720619391,False,1.0,True,0.2827011727733949,1.4413730816106527,False,ETHUSDT_60
p16,ETHUSDT,-1,2024-05-16 15:00:00+00:00,2940.2,2024-05-17 07:00:00+00:00,3028.406,initial_sl,False,3028.406,,False,100.0,1.0,100.0,100.0,0.0340112917488606,-3.000000000000005,0.3245,0.0,-3.324500000000005,True,0.6939761143556823,0.45,True,0.1057751173389465,True,16.0,False,0.6448540915583987,3.0000000000000044,True,ETHUSDT_60
p17,ETHUSDT,1,2024-05-17 11:00:00+00:00,3036.37,2024-06-07 23:00:00+00:00,3680.4,signal_reverse,False,2945.2789,,False,100.0,1.0,100.0,100.0,0.0329340627130422,21.210524409080588,0.3518157866136209,0.0,20.858708622466967,True,0.7324300304075516,0.43,True,1.9477204688493237,True,516.0,False,31.12894673574037,0.5391306066124976,False,ETHUSDT_60
p18,ETHUSDT,-1,2024-06-08 00:00:00+00:00,3680.4,2024-07-01 07:00:00+00:00,3488.74,signal_reverse,False,3790.812,,False,100.0,1.0,100.0,100.0,0.0271709596782958,5.207586131942189,0.3121886208020867,0.0,4.895397511140102,True,1.1250524011365208,1.0,False,-0.0372242147592682,False,559.0,False,12.726877513313772,1.2169872839908695,False,ETHUSDT_60
p19,ETHUSDT,1,2024-07-01 08:00:00+00:00,3488.74,2024-07-03 01:00:00+00:00,3384.0778,initial_sl,False,3384.0778,,False,100.0,1.0,100.0,100.0,0.0286636436077208,-2.9999999999999933,0.3155,0.0,-3.315499999999993,True,0.6479826118148277,0.76,False,-0.8682217648778634,False,41.0,False,0.2745977057619766,2.9999999999999933,True,ETHUSDT_60
p20,ETHUSDT,-1,2024-07-03 05:00:00+00:00,3359.71,2024-07-13 09:00:00+00:00,3165.11,signal_reverse,False,3460.5013,,False,100.0,1.0,100.0,100.0,0.0297644737194579,5.792166585806511,0.3113117501212902,0.0,5.4808548356852205,True,0.5347187703700621,0.72,False,1.4164913043090088,True,244.0,False,16.57404954594296,0.3658053820121368,False,ETHUSDT_60
p21,ETHUSDT,1,2024-07-13 10:00:00+00:00,3165.11,2024-07-25 01:00:00+00:00,3213.49,signal_reverse,False,3070.1567,,False,100.0,1.0,100.0,100.0,0.0315944785489287,1.5285408721971638,0.3222928113082958,0.0,1.2062480608888682,True,0.517201613845965,0.01,True,-0.3585973315303414,False,279.0,False,12.579973523826975,0.8688481600955417,False,ETHUSDT_60
p22,ETHUSDT,-1,2024-07-25 02:00:00+00:00,3213.49,2024-07-27 13:00:00+00:00,3309.8947,initial_sl,False,3309.8947,,False,100.0,1.0,100.0,100.0,0.0311188147465839,-3.0000000000000018,0.3245,0.0,-3.324500000000002,True,1.3155256656870171,0.92,False,1.3449551733473508,True,59.0,False,4.008725715654934,3.0000000000000018,True,ETHUSDT_60
p23,ETHUSDT,1,2024-08-14 00:00:00+00:00,2701.25,2024-08-15 06:00:00+00:00,2620.2125,initial_sl,False,2620.2125,,False,100.0,1.0,100.0,100.0,0.0370198981952799,-2.9999999999999964,0.3155,0.0,-3.315499999999997,True,1.2334501222978766,0.53,False,0.7988894030541482,True,30.0,False,3.0574733919481774,2.9999999999999964,True,ETHUSDT_60
p24,ETHUSDT,-1,2024-08-15 10:00:00+00:00,2622.01,2024-08-23 07:00:00+00:00,2668.4,signal_reverse,False,2700.6703,,False,100.0,1.0,100.0,100.0,0.038138679867735,-1.7692533590642243,0.3226538800385964,0.0,-2.0919072391028206,True,0.8303880283773576,0.07,True,-1.7250124904176325,False,189.0,False,4.184194568289215,2.7837422435459733,False,ETHUSDT_60
p25,ETHUSDT,1,2024-08-23 08:00:00+00:00,2668.4,2024-08-27 14:00:00+00:00,2588.348,initial_sl,False,2588.348,,False,100.0,1.0,100.0,100.0,0.0374756408334582,-3.000000000000005,0.3155,0.0,-3.315500000000005,True,0.6075872111698838,0.08,True,-0.360890421226212,False,102.0,False,5.628841253185422,3.000000000000005,True,ETHUSDT_60
p26,ETHUSDT,-1,2024-08-27 18:00:00+00:00,2584.99,2024-09-13 19:00:00+00:00,2420.09,signal_reverse,False,2662.5397,,False,100.0,1.0,100.0,100.0,0.0386848691871148,6.379134928955224,0.3104312976065672,0.0,6.068703631348657,True,0.9348474959560475,0.87,False,4.989961276445931,True,409.0,False,16.888653341018717,0.3729221389637998,False,ETHUSDT_60
p27,ETHUSDT,1,2024-09-13 20:00:00+00:00,2420.09,2024-09-15 21:00:00+00:00,2347.4873,initial_sl,False,2347.4873,,False,100.0,1.0,100.0,100.0,0.041320777326463,-2.999999999999996,0.3155,0.0,-3.315499999999996,True,0.8599444058455903,0.54,False,0.1107396832349172,True,49.0,False,1.85571610973145,2.9999999999999964,True,ETHUSDT_60
p28,ETHUSDT,-1,2024-09-16 05:00:00+00:00,2280.19,2024-09-17 14:00:00+00:00,2348.5957,initial_sl,False,2348.5957,,False,100.0,1.0,100.0,100.0,0.0438559944566023,-2.999999999999991,0.3245,0.0,-3.324499999999991,True,1.0810502633552448,0.95,False,-0.9687789175463424,False,33.0,False,0.8354566943982817,2.999999999999991,True,ETHUSDT_60
p29,ETHUSDT,1,2024-09-19 10:00:00+00:00,2429.87,2024-10-01 17:00:00+00:00,2505.2,signal_reverse,False,2356.9739,,False,100.0,1.0,100.0,100.0,0.041154465053686,3.1001658524941638,0.3246502487787412,0.0,2.775515603715422,True,0.9258872755685364,0.48,True,0.3559861227143912,True,295.0,False,12.267734487853266,0.4440566779292704,False,ETHUSDT_60
p30,ETHUSDT,-1,2024-10-01 18:00:00+00:00,2505.2,2024-10-12 19:00:00+00:00,2471.55,signal_reverse,False,2580.356,,False,100.0,1.0,100.0,100.0,0.0399169726967906,1.3432061312469916,0.3179851908031295,0.0,1.025220940443862,True,1.2623172372892943,1.0,False,2.3379370908510166,True,265.0,False,7.849273511096913,0.6215072648890374,False,ETHUSDT_60
p31,ETHUSDT,1,2024-10-12 20:00:00+00:00,2471.55,2024-10-23 16:00:00+00:00,2491.25,signal_reverse,False,2397.4035000000003,,False,100.0,1.0,100.0,100.0,0.0404604398049806,0.797070664158112,0.3211956059962372,0.0,0.4758750581618748,True,0.4676937838314313,0.12,True,-0.1970423418502731,False,260.0,False,12.102526754465815,1.4776152616778937,False,ETHUSDT_60
p32,ETHUSDT,-1,2024-10-23 17:00:00+00:00,2491.25,2024-10-25 14:00:00+00:00,2565.9875,initial_sl,False,2565.9875,,False,100.0,1.0,100.0,100.0,0.0401404917210235,-3.000000000000007,0.3245,0.0,-3.324500000000007,True,0.8814565264138754,1.0,False,-0.7490215755142859,False,45.0,False,1.8966382338183645,3.000000000000007,True,ETHUSDT_60
p33,ETHUSDT,1,2024-10-29 10:00:00+00:00,2624.41,2024-10-31 14:00:00+00:00,2545.6777,initial_sl,False,2545.6777,,False,100.0,1.0,100.0,100.0,0.0381038023784393,-3.000000000000005,0.3155,0.0,-3.315500000000005,True,0.8234503863997712,0.58,False,0.9297327780339204,True,52.0,False,3.818000998319633,3.000000000000005,True,ETHUSDT_60
p34,ETHUSDT,-1,2024-11-01 09:00:00+00:00,2501.27,2024-11-01 13:00:00+00:00,2576.3081,initial_sl,False,2576.3081,,False,100.0,1.0,100.0,100.0,0.0399796903173188,-3.0000000000000084,0.3245,0.0,-3.3245000000000084,True,0.853080920606619,0.37,True,-2.4219696394231605,False,4.0,False,0.099549428890115,3.0000000000000084,True,ETHUSDT_60
p35,ETHUSDT,1,2024-11-06 15:00:00+00:00,2614.83,2024-11-21 02:00:00+00:00,3057.54,signal_reverse,False,2536.3851,,False,100.0,1.0,100.0,100.0,0.0382434039689004,16.930737371071924,0.3453961060566079,0.0,16.585341265015316,True,1.5865002969327144,0.89,False,2.911852778192081,True,347.0,False,31.929035539595304,0.100197718398515,False,ETHUSDT_60
p36,ETHUSDT,-1,2024-11-21 03:00:00+00:00,3057.54,2024-11-21 06:00:00+00:00,3129.28,signal_reverse,False,3149.2662,,False,100.0,1.0,100.0,100.0,0.0327060316463562,-2.346330710309603,0.3235194960654644,0.0,-2.6698502063750675,True,1.2002412770677464,0.78,False,-2.833650581840308,False,3.0,True,0.0968098536732156,2.9262086513995,False,ETHUSDT_60
p37,ETHUSDT,1,2024-11-21 07:00:00+00:00,3129.28,2024-12-10 14:00:00+00:00,3671.8,signal_reverse,False,3035.4016,,False,100.0,1.0,100.0,100.0,0.0319562327436343,17.33689538807649,0.3460053430821147,0.0,16.990890044994373,True,1.1489178706557797,0.63,False,5.101173432866335,True,463.0,False,30.764265262296757,0.2959147152060607,False,ETHUSDT_60
p38,ETHUSDT,-1,2024-12-10 15:00:00+00:00,3671.8,2024-12-11 15:00:00+00:00,3781.954,initial_sl,False,3781.954,,False,100.0,1.0,100.0,100.0,0.0272345988343591,-3.0,0.3245,0.0,-3.3245,True,1.4045660750274285,0.8,False,0.6841331227191105,True,24.0,False,4.25894656571709,3.0,True,ETHUSDT_60
p39,ETHUSDT,1,2024-12-12 10:00:00+00:00,3923.82,2024-12-18 06:00:00+00:00,3806.1054,initial_sl,False,3806.1054,,False,100.0,1.0,100.0,100.0,0.0254853688497433,-2.9999999999999942,0.3155,0.0,-3.3154999999999943,True,1.0340142295736587,0.49,True,0.9233349134261992,True,140.0,False,4.776977537195897,2.9999999999999947,True,ETHUSDT_60
p40,ETHUSDT,-1,2024-12-18 22:00:00+00:00,3691.11,2025-01-02 16:00:00+00:00,3468.67,signal_reverse,False,3801.8433,,False,100.0,1.0,100.0,100.0,0.027092121340193,6.0263714709125455,0.3109604427936312,0.0,5.715411028118915,True,1.3994241763124282,1.0,False,0.6401868272687627,True,354.0,False,16.014423845401524,0.7558701853913887,False,ETHUSDT_60
p41,ETHUSDT,1,2025-01-02 17:00:00+00:00,3468.67,2025-01-07 19:00:00+00:00,3364.6099,initial_sl,False,3364.6099,,False,100.0,1.0,100.0,100.0,0.0288294937252606,-3.000000000000004,0.3155,0.0,-3.315500000000004,True,0.832431038821382,0.54,False,-0.8400914471540899,False,122.0,False,7.958670037795464,3.000000000000004,True,ETHUSDT_60
p42,ETHUSDT,-1,2025-01-08 07:00:00+00:00,3307.07,2025-01-15 19:00:00+00:00,3406.2821000000004,initial_sl,False,3406.2821000000004,,False,100.0,1.0,100.0,100.0,0.0302382471492892,-3.0000000000000053,0.3245,0.0,-3.3245000000000053,True,1.2979767588832416,0.9,False,-0.9301284823121314,False,180.0,False,12.053872461121175,3.0000000000000058,True,ETHUSDT_60
p43,ETHUSDT,1,2025-01-16 07:00:00+00:00,3379.13,2025-01-16 14:00:00+00:00,3277.7561,initial_sl,False,3277.7561,,False,100.0,1.0,100.0,100.0,0.0295934160567956,-3.0000000000000013,0.3155,0.0,-3.315500000000001,True,1.0286671421342175,0.53,False,-0.6815363717880052,False,7.0,False,0.3361812064051893,3.0000000000000013,True,ETHUSDT_60
p44,ETHUSDT,-1,2025-01-19 11:00:00+00:00,3174.01,2025-01-19 13:00:00+00:00,3269.2303,initial_sl,False,3269.2303,,False,100.0,1.0,100.0,100.0,0.0315058868749625,-2.9999999999999982,0.3245,0.0,-3.3244999999999982,True,1.3181612984386135,0.82,False,-7.47225119013486,False,2.0,False,1.413669144079582,2.9999999999999982,True,ETHUSDT_60
p45,ETHUSDT,1,2025-01-19 19:00:00+00:00,3433.13,2025-01-19 21:00:00+00:00,3330.1361,initial_sl,False,3330.1361,,False,100.0,1.0,100.0,100.0,0.02912793864491,-2.9999999999999982,0.3155,0.0,-3.3154999999999983,True,1.812236314134,0.99,False,-7.673172877228662,False,2.0,False,0.0008738381593398,2.9999999999999982,True,ETHUSDT_60
p46,ETHUSDT,-1,2025-01-20 00:00:00+00:00,3213.88,2025-01-20 05:00:00+00:00,3310.2964,initial_sl,False,3310.2964,,False,100.0,1.0,100.0,100.0,0.0311150385204176,-3.0000000000000018,0.3245,0.0,-3.324500000000002,True,2.603061897590631,1.0,False,-2.398658319538982,False,5.0,False,2.2676640073680443,3.0000000000000018,True,ETHUSDT_60
p47,ETHUSDT,1,2025-01-20 12:00:00+00:00,3376.19,2025-01-20 12:00:00+00:00,3274.9043,initial_sl,False,3274.9043,,False,100.0,1.0,100.0,100.0,0.0296191861240036,-2.9999999999999973,0.3155,0.0,-3.315499999999997,True,2.3599932806760626,0.88,False,-2.456911488986113,False,0.0,False,0.0,2.9999999999999973,True,ETHUSDT_60
p48,ETHUSDT,-1,2025-01-21 01:00:00+00:00,3226.39,2025-01-21 12:00:00+00:00,3323.1817,initial_sl,False,3323.1817,,False,100.0,1.0,100.0,100.0,0.0309943931142856,-3.000000000000007,0.3245,0.0,-3.324500000000007,True,2.317384356598465,0.81,False,-0.4518982516062753,False,11.0,False,0.7757896596505613,3.000000000000007,True,ETHUSDT_60
p49,ETHUSDT,1,2025-01-24 12:00:00+00:00,3399.2,2025-01-25 00:00:00+00:00,3297.224,initial_sl,False,3297.224,,False,100.0,1.0,100.0,100.0,0.0294186867498234,-3.000000000000004,0.3155,0.0,-3.315500000000004,True,1.2922158154859973,0.56,False,-0.0561896916921544,False,12.0,False,0.9340433043068956,3.000000000000004,True,ETHUSDT_60
p50,ETHUSDT,-1,2025-01-27 02:00:00+00:00,3193.68,2025-01-31 11:00:00+00:00,3289.4904,initial_sl,False,3289.4904,,False,100.0,1.0,100.0,100.0,0.0313118408857493,-2.999999999999995,0.3245,0.0,-3.324499999999995,True,0.7701147265850042,0.4,True,3.9092833345858,True,105.0,False,5.507126574985586,2.999999999999995,True,ETHUSDT_60
p51,ETHUSDT,1,2025-01-31 14:00:00+00:00,3353.97,2025-02-01 08:00:00+00:00,3253.3509,initial_sl,False,3253.3509,,False,100.0,1.0,100.0,100.0,0.0298154127794822,-2.999999999999997,0.3155,0.0,-3.315499999999997,True,0.9366511924674332,0.39,True,-0.4824133787720175,False,18.0,False,2.478853418486162,2.999999999999997,True,ETHUSDT_60
p52,ETHUSDT,-1,2025-02-02 02:00:00+00:00,3150.89,2025-02-17 14:00:00+00:00,2825.27,signal_reverse,False,3245.4167,,False,100.0,1.0,100.0,100.0,0.031737064765828,10.334223029048932,0.3044986654564267,0.0,10.029724363592504,True,1.102114912657329,0.63,False,1.624302974715075,True,372.0,False,34.01864235184345,0.0215812040407723,False,ETHUSDT_60
p53,ETHUSDT,1,2025-02-17 15:00:00+00:00,2825.27,2025-02-17 16:00:00+00:00,2740.5119,initial_sl,False,2740.5119,,False,100.0,1.0,100.0,100.0,0.0353948472181419,-3.0000000000000004,0.3155,0.0,-3.315500000000001,True,0.9866566482394356,0.71,False,-3.3398577835038856,False,1.0,False,0.8399197244865099,3.0000000000000004,True,ETHUSDT_60
p54,ETHUSDT,-1,2025-02-18 15:00:00+00:00,2687.12,2025-02-20 02:00:00+00:00,2740.75,signal_reverse,False,2767.7336,,False,100.0,1.0,100.0,100.0,0.0372145642918812,-1.9958170829735968,0.3229937256244604,0.0,-2.318810808598057,True,1.0455431837804054,0.71,False,2.1368602816398297,True,35.0,False,3.185938849027944,2.3724284736074317,False,ETHUSDT_60
p55,ETHUSDT,1,2025-02-20 03:00:00+00:00,2740.75,2025-02-21 17:00:00+00:00,2658.5275,initial_sl,False,2658.5275,,False,100.0,1.0,100.0,100.0,0.0364863632217458,-2.9999999999999947,0.3155,0.0,-3.315499999999995,True,0.9252420479274454,0.57,False,-0.3258232235701874,False,38.0,False,3.8018790477059135,2.9999999999999947,True,ETHUSDT_60
p56,ETHUSDT,-1,2025-02-24 21:00:00+00:00,2641.01,2025-02-28 23:00:00+00:00,2236.39,end_of_data,False,2720.2403000000004,,False,100.0,1.0,100.0,100.0,0.0378643019147977,15.320653840765477,0.2970190192388518,0.0,15.023634821526626,True,1.168357127440961,0.76,False,4.868213297185553,True,98.0,False,21.550088791788,0.6205959083835302,False,ETHUSDT_60
p3,SOLUSDT,-1,2024-04-13 20:00:00+00:00,133.57,2024-04-13 20:00:00+00:00,137.5771,initial_sl,False,137.5771,,False,100.0,1.0,100.0,100.0,0.7486711087819121,-3.000000000000006,0.3245,0.0,-3.3245000000000062,True,5.792575321661198,1.0,False,-6.056749270045669,False,0.0,False,0.0,3.000000000000006,True,SOLUSDT_240
p4,SOLUSDT,1,2024-05-16 20:00:00+00:00,159.06,2024-06-07 16:00:00+00:00,154.2882,initial_sl,False,154.2882,,False,100.0,1.0,100.0,100.0,0.628693574751666,-3.000000000000008,0.3155,0.0,-3.315500000000008,True,2.6643135564297395,0.45,True,6.148623161071298,True,131.0,False,18.9802590217528,3.0000000000000084,True,SOLUSDT_240
p5,SOLUSDT,-1,2024-06-11 16:00:00+00:00,147.58,2024-06-12 08:00:00+00:00,152.00740000000002,initial_sl,False,152.00740000000002,,False,100.0,1.0,100.0,100.0,0.6775985905949315,-3.000000000000004,0.3245,0.0,-3.324500000000004,True,2.271407275472863,0.78,False,-7.589104214663234,False,4.0,False,1.6601165469575938,3.000000000000004,True,SOLUSDT_240
p6,SOLUSDT,1,2024-07-16 04:00:00+00:00,157.79,2024-07-16 08:00:00+00:00,153.0563,initial_sl,False,153.0563,,False,100.0,1.0,100.0,100.0,0.6337537233031244,-2.999999999999999,0.3155,0.0,-3.3154999999999992,True,2.153404615537829,0.32,True,1.93928639330756,True,1.0,False,0.58939096267191,3.0,True,SOLUSDT_240
p7,SOLUSDT,-1,2024-08-05 04:00:00+00:00,126.0,2024-08-05 04:00:00+00:00,129.78,initial_sl,False,129.78,,False,100.0,1.0,100.0,100.0,0.7936507936507936,-3.000000000000001,0.3245,0.0,-3.324500000000001,True,5.654761904761903,1.0,False,-9.888888888888903,False,0.0,False,0.0,3.000000000000001,True,SOLUSDT_240
p8,SOLUSDT,1,2024-08-27 00:00:00+00:00,157.03,2024-08-27 20:00:00+00:00,152.3191,initial_sl,False,152.3191,,False,100.0,1.0,100.0,100.0,0.6368209896198178,-3.0000000000000058,0.3155,0.0,-3.315500000000006,True,2.12652723319475,0.35,True,-6.565624402980319,False,5.0,False,1.674839202700118,3.0000000000000058,True,SOLUSDT_240
p9,SOLUSDT,-1,2024-08-28 12:00:00+00:00,147.09,2024-09-20 04:00:00+00:00,151.5027,initial_sl,False,151.5027,,False,100.0,1.0,100.0,100.0,0.6798558705554423,-3.000000000000001,0.3245,0.0,-3.324500000000001,True,2.803434243368978,0.73,False,1.0265823645387084,True,136.0,False,18.471684002991367,3.0000000000000004,True,SOLUSDT_240
p10,SOLUSDT,1,2024-09-22 00:00:00+00:00,149.38,2024-09-22 08:00:00+00:00,144.8986,initial_sl,False,144.8986,,False,100.0,1.0,100.0,100.0,0.6694336591243808,-3.0000000000000053,0.3155,0.0,-3.315500000000005,True,2.061855670103093,0.42,True,-3.2065872272057816,False,2.0,False,0.3347168295621904,3.0000000000000053,True,SOLUSDT_240
p11,SOLUSDT,-1,2024-10-10 08:00:00+00:00,139.6,2024-10-11 12:00:00+00:00,143.78799999999998,initial_sl,False,143.78799999999998,,False,100.0,1.0,100.0,100.0,0.7163323782234957,-2.999999999999992,0.3245,0.0,-3.324499999999992,True,1.7238027015963966,0.2,True,-1.103151862464169,False,7.0,False,3.0157593123209225,2.999999999999992,True,SOLUSDT_240
p12,SOLUSDT,1,2024-10-13 16:00:00+00:00,145.24,2024-12-17 08:00:00+00:00,221.66,signal_reverse,False,140.8828,,False,100.0,1.0,100.0,100.0,0.6885155604516662,52.61635912971632,0.3989245386945745,0.0,52.21743459102175,True,1.3194908919227266,0.03,True,7.876618011567049,True,388.0,False,82.37400165243733,0.4406499586890765,False,SOLUSDT_240
p13,SOLUSDT,-1,2024-12-17 12:00:00+00:00,221.66,2024-12-17 16:00:00+00:00,228.3098,initial_sl,False,228.3098,,False,100.0,1.0,100.0,100.0,0.4511413877109086,-3.0,0.3245,0.0,-3.3245,True,2.466776659233574,0.51,False,1.723360101055671,True,1.0,False,2.0932960389786097,3.0,True,SOLUSDT_240
p14,SOLUSDT,1,2024-12-17 20:00:00+00:00,227.54,2024-12-18 00:00:00+00:00,220.7138,initial_sl,False,220.7138,,False,100.0,1.0,100.0,100.0,0.4394831677946735,-3.0000000000000004,0.3155,0.0,-3.315500000000001,True,2.705646730873064,0.57,False,-7.044915179748612,False,1.0,False,0.4746418212182529,3.0,True,SOLUSDT_240
p15,SOLUSDT,-1,2024-12-18 04:00:00+00:00,217.49,2025-01-06 12:00:00+00:00,221.59,signal_reverse,False,224.0147,,False,100.0,1.0,100.0,100.0,0.4597912547703342,-1.885144144558368,0.3228277162168376,0.0,-2.207971860775205,True,3.143986915654577,0.67,False,4.00478182904962,True,116.0,False,19.513540852452987,2.1242355970389464,False,SOLUSDT_240
p16,SOLUSDT,1,2025-01-06 16:00:00+00:00,221.59,2025-01-07 08:00:00+00:00,214.9423,initial_sl,False,214.9423,,False,100.0,1.0,100.0,100.0,0.4512839027031906,-2.999999999999994,0.3155,0.0,-3.315499999999994,True,1.5253395911367866,0.05,True,-6.299923281736541,False,4.0,False,0.713028566271034,2.999999999999994,True,SOLUSDT_240
p17,SOLUSDT,-1,2025-01-08 16:00:00+00:00,197.7,2025-01-15 20:00:00+00:00,203.631,initial_sl,False,203.631,,False,100.0,1.0,100.0,100.0,0.5058168942842691,-3.000000000000006,0.3245,0.0,-3.3245000000000062,True,2.4217790302767552,0.63,False,2.83763277693474,True,43.0,False,14.891249367728882,3.000000000000006,True,SOLUSDT_240
p18,SOLUSDT,1,2025-01-18 12:00:00+00:00,238.83,2025-01-20 00:00:00+00:00,231.6651,initial_sl,False,231.6651,,False,100.0,1.0,100.0,100.0,0.4187078675208306,-2.999999999999995,0.3155,0.0,-3.3154999999999952,True,3.4878365364485204,1.0,False,19.8132562910857,True,9.0,False,23.77004563915756,2.999999999999995,True,SOLUSDT_240
p19,SOLUSDT,-1,2025-02-04 08:00:00+00:00,204.08,2025-02-04 08:00:00+00:00,210.2024,initial_sl,False,210.2024,,False,100.0,1.0,100.0,100.0,0.4900039200313602,-3.0,0.3245,0.0,-3.3245,True,6.122598980791842,0.85,False,-0.4263034104272645,False,0.0,False,0.0,2.999999999999999,True,SOLUSDT_240
p7,SOLUSDT,-1,2024-03-22 22:00:00+00:00,170.361,2024-03-23 01:00:00+00:00,175.47182999999998,initial_sl,False,175.47182999999998,,False,100.0,1.0,100.0,100.0,0.5869888061234673,-2.999999999999996,0.3245,0.0,-3.324499999999996,True,1.8612157209019164,0.1,True,-0.9650095972669748,False,3.0,False,1.2684828100328136,2.999999999999996,True,SOLUSDT_60
p8,SOLUSDT,1,2024-03-25 03:00:00+00:00,184.368,2024-04-02 11:00:00+00:00,178.83696,initial_sl,False,178.83696,,False,100.0,1.0,100.0,100.0,0.5423934739217218,-2.9999999999999947,0.3155,0.0,-3.315499999999995,True,1.4410232330370336,0.3,True,1.607654256703972,True,200.0,False,11.17710231710492,2.9999999999999947,True,SOLUSDT_60
p9,SOLUSDT,-1,2024-04-02 16:00:00+00:00,177.532,2024-04-02 17:00:00+00:00,182.85796,initial_sl,False,182.85796,,False,100.0,1.0,100.0,100.0,0.5632787328481625,-3.000000000000005,0.3245,0.0,-3.324500000000005,True,2.1840730524235488,1.0,False,-3.650046188856093,False,1.0,False,0.4568190523398638,3.000000000000005,True,SOLUSDT_60
p10,SOLUSDT,1,2024-04-21 12:00:00+00:00,151.4,2024-04-21 16:00:00+00:00,146.858,initial_sl,False,146.858,,False,100.0,1.0,100.0,100.0,0.6605019815059445,-3.000000000000001,0.3155,0.0,-3.315500000000001,True,1.365351953198718,0.03,True,-1.6380449141347508,False,4.0,False,0.2113606340818977,3.000000000000001,True,SOLUSDT_60
p11,SOLUSDT,-1,2024-04-25 17:00:00+00:00,148.56,2024-05-03 22:00:00+00:00,143.26,signal_reverse,False,153.0168,,False,100.0,1.0,100.0,100.0,0.6731287022078621,3.567582121701677,0.3146486268174475,0.0,3.252933494884229,True,1.6520501577044393,0.8,False,2.180936995153482,True,197.0,False,21.24394184168013,0.5586968228325149,False,SOLUSDT_60
p12,SOLUSDT,1,2024-05-03 23:00:00+00:00,143.26,2024-05-12 11:00:00+00:00,144.97,signal_reverse,False,138.9622,,False,100.0,1.0,100.0,100.0,0.6980315510261065,1.1936339522546475,0.321790450928382,0.0,0.8718435013262655,True,1.5416525398376586,0.11,True,1.4519056261343088,True,204.0,False,11.217367024989546,2.3384056959374524,False,SOLUSDT_60
p13,SOLUSDT,-1,2024-05-12 12:00:00+00:00,144.97,2024-05-13 16:00:00+00:00,149.3191,initial_sl,False,149.3191,,False,100.0,1.0,100.0,100.0,0.689797889218459,-2.999999999999995,0.3245,0.0,-3.324499999999995,True,0.8425388504025488,0.1,True,-0.1724494723046143,False,28.0,False,4.959646823480719,2.999999999999995,True,SOLUSDT_60
p14,SOLUSDT,1,2024-05-14 06:00:00+00:00,148.57,2024-05-14 06:00:00+00:00,144.1129,initial_sl,False,144.1129,,False,100.0,1.0,100.0,100.0,0.6730833950326446,-2.9999999999999982,0.3155,0.0,-3.3154999999999983,True,1.259627496418237,0.51,False,-1.406744295618234,False,0.0,False,0.0,2.9999999999999982,True,SOLUSDT_60
p15,SOLUSDT,-1,2024-05-14 14:00:00+00:00,144.31,2024-05-15 12:00:00+00:00,148.6393,initial_sl,False,148.6393,,False,100.0,1.0,100.0,100.0,0.692952671332548,-2.9999999999999925,0.3245,0.0,-3.3244999999999925,True,1.348287911935614,0.68,False,0.3880534959462278,True,22.0,False,2.2105190215508266,2.9999999999999925,True,SOLUSDT_60
p16,SOLUSDT,1,2024-05-15 17:00:00+00:00,153.0,2024-05-25 11:00:00+00:00,168.55,signal_reverse,False,148.41,,False,100.0,1.0,100.0,100.0,0.6535947712418301,10.163398692810466,0.3352450980392157,0.0,9.82815359477125,True,1.4831932773109275,0.86,False,1.856209150326804,True,234.0,False,23.69281045751634,0.4444444444444489,False,SOLUSDT_60
p17,SOLUSDT,-1,2024-05-25 12:00:00+00:00,168.55,2024-05-29 06:00:00+00:00,173.6065,initial_sl,False,173.6065,,False,100.0,1.0,100.0,100.0,0.5932957579353307,-3.0,0.3245,0.0,-3.3245,True,0.9416451243802152,0.04,True,1.0442005339661886,True,90.0,False,4.5921091664194655,3.0,True,SOLUSDT_60
p18,SOLUSDT,1,2024-05-29 07:00:00+00:00,173.27,2024-05-29 09:00:00+00:00,168.0719,initial_sl,False,168.0719,,False,100.0,1.0,100.0,100.0,0.5771339527904427,-3.000000000000006,0.3155,0.0,-3.3155000000000063,True,0.9613402699337942,0.27,True,-2.498990015582625,False,2.0,False,0.098112771974368,3.000000000000006,True,SOLUSDT_60
p19,SOLUSDT,-1,2024-05-30 09:00:00+00:00,165.49,2024-05-30 17:00:00+00:00,170.4547,initial_sl,False,170.4547,,False,100.0,1.0,100.0,100.0,0.6042661187987189,-2.999999999999996,0.3245,0.0,-3.324499999999996,True,1.1062386160579416,0.41,True,-1.5348359417487467,False,8.0,False,0.5136262009789249,2.999999999999996,True,SOLUSDT_60
p20,SOLUSDT,1,2024-06-05 01:00:00+00:00,172.16,2024-06-07 17:00:00+00:00,166.9952,initial_sl,False,166.9952,,False,100.0,1.0,100.0,100.0,0.5808550185873607,-2.999999999999992,0.3155,0.0,-3.315499999999992,True,0.8322822623473171,0.66,False,1.092007434944242,True,64.0,False,2.091078066914495,2.999999999999992,True,SOLUSDT_60
p21,SOLUSDT,-1,2024-06-08 02:00:00+00:00,163.07,2024-06-27 10:00:00+00:00,138.36,signal_reverse,False,167.9621,,False,100.0,1.0,100.0,100.0,0.6132335806708775,15.153001778377371,0.297270497332434,0.0,14.855731281044935,True,1.6106141972334411,0.96,False,-0.349543140982389,False,464.0,False,25.485987612681665,0.472189857116582,False,SOLUSDT_60
p22,SOLUSDT,1,2024-06-27 11:00:00+00:00,138.36,2024-07-04 01:00:00+00:00,134.2092,initial_sl,False,134.2092,,False,100.0,1.0,100.0,100.0,0.7227522405319455,-3.000000000000002,0.3155,0.0,-3.3155000000000023,True,0.9338991450873484,0.16,True,6.808326105810925,True,158.0,False,11.976004625614332,3.0000000000000027,True,SOLUSDT_60
p23,SOLUSDT,-1,2024-07-04 08:00:00+00:00,134.32,2024-07-06 09:00:00+00:00,138.34959999999998,initial_sl,False,138.34959999999998,,False,100.0,1.0,100.0,100.0,0.7444907683144729,-2.999999999999991,0.3245,0.0,-3.324499999999991,True,1.8638858163873064,0.95,False,0.871054198927923,True,49.0,False,10.33353186420488,2.999999999999991,True,SOLUSDT_60
p24,SOLUSDT,1,2024-07-09 13:00:00+00:00,140.91,2024-07-11 19:00:00+00:00,136.6827,initial_sl,False,136.6827,,False,100.0,1.0,100.0,100.0,0.7096728408203818,-2.99999999999999,0.3155,0.0,-3.31549999999999,True,1.529344971967922,0.46,True,1.1638634589454355,True,54.0,False,3.839330068838264,2.99999999999999,True,SOLUSDT_60
p25,SOLUSDT,-1,2024-07-12 05:00:00+00:00,135.97,2024-07-12 18:00:00+00:00,140.0491,initial_sl,False,140.0491,,False,100.0,1.0,100.0,100.0,0.735456350665588,-3.000000000000008,0.3245,0.0,-3.324500000000008,True,1.3611195746961031,0.35,True,0.3236007942928554,True,13.0,False,1.6327130984776046,3.000000000000008,True,SOLUSDT_60
p26,SOLUSDT,1,2024-07-14 00:00:00+00:00,141.8,2024-08-01 03:00:00+00:00,168.5,signal_reverse,False,137.54600000000002,,False,100.0,1.0,100.0,100.0,0.7052186177715091,18.829337094499284,0.3482440056417489,0.0,18.48109308885753,True,0.853818255087645,0.16,True,2.581100141043713,True,435.0,False,36.70662905500704,0.0,False,SOLUSDT_60
p27,SOLUSDT,-1,2024-08-01 04:00:00+00:00,168.5,2024-08-09 00:00:00+00:00,161.14,signal_reverse,False,173.555,,False,100.0,1.0,100.0,100.0,0.5934718100890207,4.367952522255201,0.3134480712166172,0.0,4.054504451038584,True,1.727002967359052,0.98,False,0.1958456973293887,True,188.0,False,35.01483679525222,1.7210682492581637,False,SOLUSDT_60
p28,SOLUSDT,1,2024-08-09 01:00:00+00:00,161.14,2024-08-09 04:00:00+00:00,156.30579999999998,initial_sl,False,156.30579999999998,,False,100.0,1.0,100.0,100.0,0.6205783790492739,-3.000000000000006,0.3155,0.0,-3.3155000000000063,True,2.1950743807514272,0.27,True,-2.451284597244629,False,3.0,False,0.4778453518679473,3.000000000000006,True,SOLUSDT_60
p29,SOLUSDT,-1,2024-08-11 20:00:00+00:00,145.73,2024-08-12 11:00:00+00:00,150.1019,initial_sl,False,150.1019,,False,100.0,1.0,100.0,100.0,0.6862005077883758,-3.0000000000000075,0.3245,0.0,-3.324500000000008,True,1.335150130868236,0.31,True,1.612571193302681,True,15.0,False,3.197694366293829,3.0000000000000075,True,SOLUSDT_60
p30,SOLUSDT,1,2024-08-23 19:00:00+00:00,148.25,2024-08-28 07:00:00+00:00,143.8025,initial_sl,False,143.8025,,False,100.0,1.0,100.0,100.0,0.6745362563237775,-2.9999999999999942,0.3155,0.0,-3.3154999999999943,True,1.0623946037099472,0.7,False,3.19730185497471,True,108.0,False,9.470489038785828,2.999999999999994,True,SOLUSDT_60
p31,SOLUSDT,-1,2024-08-28 16:00:00+00:00,143.99,2024-09-10 12:00:00+00:00,134.39,signal_reverse,False,148.30970000000002,,False,100.0,1.0,100.0,100.0,0.6944926731022987,6.667129661782083,0.3099993055073269,0.0,6.357130356274757,True,1.4222217812744966,0.82,False,0.8125564275296981,True,308.0,False,16.716438641572335,2.2779359677755404,False,SOLUSDT_60
p32,SOLUSDT,1,2024-09-10 13:00:00+00:00,134.39,2024-09-11 10:00:00+00:00,130.3583,initial_sl,False,130.3583,,False,100.0,1.0,100.0,100.0,0.7441029838529654,-3.000000000000001,0.3155,0.0,-3.315500000000001,True,0.8737895038959136,0.18,True,1.711436862861837,True,21.0,False,2.678770741870692,3.000000000000001,True,SOLUSDT_60
p33,SOLUSDT,-1,2024-09-16 09:00:00+00:00,131.65,2024-09-19 00:00:00+00:00,135.5995,initial_sl,False,135.5995,,False,100.0,1.0,100.0,100.0,0.7595898214963919,-3.0,0.3245,0.0,-3.3245,True,0.8268677771146458,0.6,False,1.01025446259021,True,63.0,False,3.5244967717432587,3.0,True,SOLUSDT_60
p34,SOLUSDT,1,2024-09-19 10:00:00+00:00,138.6,2024-10-02 01:00:00+00:00,146.1,signal_reverse,False,134.442,,False,100.0,1.0,100.0,100.0,0.7215007215007215,5.411255411255412,0.3281168831168831,0.0,5.083138528138528,True,1.115749330035049,0.67,False,3.073593073593095,True,303.0,False,16.890331890331886,0.1226551226551136,False,SOLUSDT_60
p35,SOLUSDT,-1,2024-10-02 02:00:00+00:00,146.1,2024-10-07 02:00:00+00:00,150.483,initial_sl,False,150.483,,False,100.0,1.0,100.0,100.0,0.6844626967830254,-3.000000000000007,0.3245,0.0,-3.324500000000007,True,2.1560574948665265,1.0,False,-1.0951403148528271,False,120.0,False,9.028062970568104,3.0000000000000067,True,SOLUSDT_60
p36,SOLUSDT,1,2024-10-07 16:00:00+00:00,148.65,2024-10-07 22:00:00+00:00,144.1905,initial_sl,False,144.1905,,False,100.0,1.0,100.0,100.0,0.6727211570803902,-2.9999999999999942,0.3155,0.0,-3.3154999999999943,True,1.1244053625486552,0.62,False,-1.2445341405987187,False,6.0,False,0.4776320215270823,2.9999999999999942,True,SOLUSDT_60
p37,SOLUSDT,-1,2024-10-08 03:00:00+00:00,145.25,2024-10-12 12:00:00+00:00,146.93,signal_reverse,False,149.6075,,False,100.0,1.0,100.0,100.0,0.6884681583476764,-1.156626506024101,0.3217349397590361,0.0,-1.478361445783137,True,1.4561101549053377,0.94,False,1.1910499139414776,True,105.0,False,6.788296041308099,1.308089500860589,False,SOLUSDT_60
p38,SOLUSDT,1,2024-10-12 13:00:00+00:00,146.93,2024-11-01 06:00:00+00:00,165.46,signal_reverse,False,142.5221,,False,100.0,1.0,100.0,100.0,0.6805962022731913,12.611447628122235,0.3389171714421833,0.0,12.272530456680052,True,0.5498245034078397,0.04,True,-0.3539100251820692,False,473.0,False,24.855373307016933,1.715102429728449,False,SOLUSDT_60
p39,SOLUSDT,-1,2024-11-01 07:00:00+00:00,165.46,2024-11-01 13:00:00+00:00,170.4238,initial_sl,False,170.4238,,False,100.0,1.0,100.0,100.0,0.6043756799226399,-2.9999999999999947,0.3245,0.0,-3.3244999999999947,True,0.9855640551881352,0.39,True,-2.508159071678961,False,6.0,False,0.2598815423667392,2.999999999999995,True,SOLUSDT_60
p40,SOLUSDT,1,2024-11-06 07:00:00+00:00,185.25,2024-11-26 12:00:00+00:00,227.82,signal_reverse,False,179.6925,,False,100.0,1.0,100.0,100.0,0.5398110661268556,22.97975708502024,0.3544696356275304,0.0,22.625287449392708,True,2.0454983612878377,0.99,False,0.6369770580296974,True,485.0,False,42.98515519568152,2.688259109311735,False,SOLUSDT_60
p41,SOLUSDT,-1,2024-11-26 13:00:00+00:00,227.82,2024-11-27 07:00:00+00:00,234.6546,initial_sl,False,234.6546,,False,100.0,1.0,100.0,100.0,0.4389430251953297,-2.999999999999998,0.3245,0.0,-3.324499999999998,True,1.7325708265924231,0.88,False,0.8339917478711323,True,18.0,False,2.1113159511895367,2.999999999999998,True,SOLUSDT_60
p42,SOLUSDT,1,2024-11-30 00:00:00+00:00,243.52,2024-12-01 02:00:00+00:00,236.2144,initial_sl,False,236.2144,,False,100.0,1.0,100.0,100.0,0.4106438896189224,-2.999999999999999,0.3155,0.0,-3.3154999999999992,True,1.0336493335836334,0.17,True,0.1560446780551894,True,26.0,False,0.833607095926413,2.999999999999999,True,SOLUSDT_60
p43,SOLUSDT,-1,2024-12-01 03:00:00+00:00,234.69,2024-12-05 11:00:00+00:00,241.7307,initial_sl,False,241.7307,,False,100.0,1.0,100.0,100.0,0.4260939963355916,-2.9999999999999947,0.3245,0.0,-3.3244999999999947,True,0.8850581009599284,0.1,True,-1.7043759853423657,False,104.0,False,8.389790787847799,2.9999999999999942,True,SOLUSDT_60
p44,SOLUSDT,1,2024-12-06 02:00:00+00:00,244.23,2024-12-06 09:00:00+00:00,236.9031,initial_sl,False,236.9031,,False,100.0,1.0,100.0,100.0,0.4094501085042787,-2.999999999999998,0.3155,0.0,-3.315499999999998,True,2.154292499458939,0.95,False,-1.9121320067149727,False,7.0,False,0.1351185358064171,2.9999999999999982,True,SOLUSDT_60
p45,SOLUSDT,-1,2024-12-09 07:00:00+00:00,230.62,2025-01-02 03:00:00+00:00,198.42,signal_reverse,False,237.5386,,False,100.0,1.0,100.0,100.0,0.4336137368831844,13.962362327638546,0.2990564565085422,0.0,13.663305871130005,True,0.9452779464053434,0.27,True,1.2011100511664208,True,572.0,False,24.09591535859856,1.838522244384706,False,SOLUSDT_60
p46,SOLUSDT,1,2025-01-02 04:00:00+00:00,198.42,2025-01-08 09:00:00+00:00,195.83,signal_reverse,False,192.4674,,False,100.0,1.0,100.0,100.0,0.5039814534825119,-1.3053119645196931,0.3180420320532205,0.0,-1.6233539965729136,True,1.0414416749463593,0.49,True,4.46023586332025,True,149.0,False,12.473540973692169,2.711420219735912,False,SOLUSDT_60
p47,SOLUSDT,-1,2025-01-08 10:00:00+00:00,195.83,2025-01-15 18:00:00+00:00,201.7049,initial_sl,False,201.7049,,False,100.0,1.0,100.0,100.0,0.5106469897359954,-2.999999999999998,0.3245,0.0,-3.324499999999998,True,1.2580153339996074,0.9,False,-0.9549098708063086,False,176.0,False,14.078537507021409,2.9999999999999982,True,SOLUSDT_60
p48,SOLUSDT,1,2025-01-16 00:00:00+00:00,205.77,2025-01-16 08:00:00+00:00,199.5969,initial_sl,False,199.5969,,False,100.0,1.0,100.0,100.0,0.4859794916654517,-3.000000000000002,0.3155,0.0,-3.3155000000000023,True,1.3892070897465254,0.78,False,-1.375321961413234,False,8.0,False,0.2089711814161337,3.000000000000002,True,SOLUSDT_60
p49,SOLUSDT,-1,2025-01-27 11:00:00+00:00,221.96,2025-01-27 12:00:00+00:00,228.6188,initial_sl,False,228.6188,,False,100.0,1.0,100.0,100.0,0.4505316273202379,-3.000000000000006,0.3245,0.0,-3.3245000000000062,True,2.3041474654377896,0.92,False,-3.095152279690039,False,1.0,False,0.0495584790052323,3.000000000000006,True,SOLUSDT_60
p5,XRPUSDT,-1,2024-04-03 16:00:00+00:00,0.5804,2024-04-04 12:00:00+00:00,0.597812,initial_sl,False,0.597812,,False,100.0,1.0,100.0,100.0,172.2949689869056,-2.9999999999999973,0.3245,0.0,-3.3244999999999973,True,2.541350792556855,0.61,False,-2.3949000689179822,False,5.0,False,3.066850447966926,2.999999999999997,True,XRPUSDT_240
p6,XRPUSDT,1,2024-05-25 20:00:00+00:00,0.5397,2024-05-28 04:00:00+00:00,0.523509,initial_sl,False,0.523509,,False,100.0,1.0,100.0,100.0,185.2881230313137,-2.999999999999992,0.3155,0.0,-3.315499999999992,True,2.3055136451467733,0.91,False,-1.5564202334630295,False,14.0,False,0.6114508060033502,2.999999999999992,True,XRPUSDT_240
p7,XRPUSDT,-1,2024-05-30 20:00:00+00:00,0.5222,2024-07-13 12:00:00+00:00,0.537866,initial_sl,False,0.537866,,False,100.0,1.0,100.0,100.0,191.4975105323631,-2.999999999999992,0.3245,0.0,-3.324499999999992,True,1.3746785577501768,0.41,True,0.7276905400229849,True,262.0,False,27.17349674454232,2.999999999999992,True,XRPUSDT_240
p8,XRPUSDT,1,2024-07-14 20:00:00+00:00,0.5315,2024-08-04 16:00:00+00:00,0.515555,initial_sl,False,0.515555,,False,100.0,1.0,100.0,100.0,188.14675446848543,-2.999999999999998,0.3155,0.0,-3.315499999999998,True,3.5398467947856465,0.92,False,0.658513640639713,True,125.0,False,23.8758231420508,2.999999999999998,True,XRPUSDT_240
p9,XRPUSDT,-1,2024-08-06 16:00:00+00:00,0.5106,2024-08-07 16:00:00+00:00,0.5259180000000001,initial_sl,False,0.5259180000000001,,False,100.0,1.0,100.0,100.0,195.84802193497845,-3.00000000000001,0.3245,0.0,-3.3245000000000102,True,5.983157070113593,0.99,False,2.1739130434782705,True,6.0,False,3.6231884057971153,3.00000000000001,True,XRPUSDT_240
p10,XRPUSDT,1,2024-08-08 12:00:00+00:00,0.615,2024-08-09 04:00:00+00:00,0.59655,initial_sl,False,0.59655,,False,100.0,1.0,100.0,100.0,162.60162601626016,-2.9999999999999942,0.3155,0.0,-3.3154999999999943,True,4.634146341463413,0.85,False,-4.65040650406503,False,4.0,False,4.439024390243901,2.9999999999999947,True,XRPUSDT_240
p11,XRPUSDT,-1,2024-09-01 20:00:00+00:00,0.5592,2024-09-12 12:00:00+00:00,0.575976,initial_sl,False,0.575976,,False,100.0,1.0,100.0,100.0,178.82689556509297,-3.0000000000000018,0.3245,0.0,-3.324500000000002,True,1.4536071939505388,0.24,True,-1.5021459227467782,False,64.0,False,10.228898426323322,3.000000000000002,True,XRPUSDT_240
p12,XRPUSDT,1,2024-09-16 00:00:00+00:00,0.5705,2024-10-02 20:00:00+00:00,0.553385,initial_sl,False,0.553385,,False,100.0,1.0,100.0,100.0,175.28483786152498,-2.9999999999999987,0.3155,0.0,-3.315499999999999,True,1.5525228496306511,0.47,True,2.769500438212092,True,101.0,False,16.77475898334794,2.9999999999999982,True,XRPUSDT_240
p13,XRPUSDT,-1,2024-10-04 12:00:00+00:00,0.5248,2024-10-07 00:00:00+00:00,0.540544,initial_sl,False,0.540544,,False,100.0,1.0,100.0,100.0,190.5487804878049,-2.999999999999996,0.3245,0.0,-3.324499999999996,True,3.55101263066202,0.9,False,-1.2195121951219523,False,15.0,False,1.8483231707317151,2.999999999999996,True,XRPUSDT_240
p14,XRPUSDT,1,2024-11-10 00:00:00+00:00,0.5595,2025-02-05 16:00:00+00:00,2.4359,signal_reverse,False,0.542715,,False,100.0,1.0,100.0,100.0,178.73100983020555,335.37086684539776,0.8230563002680967,0.0,334.54781054512966,True,1.6392186901570265,0.61,False,5.218945487042004,True,526.0,False,508.2752457551386,0.661304736371767,False,XRPUSDT_240
p15,XRPUSDT,-1,2025-02-05 20:00:00+00:00,2.4359,2025-02-07 12:00:00+00:00,2.508977,initial_sl,False,2.508977,,False,100.0,1.0,100.0,100.0,41.05258836569645,-3.0000000000000018,0.3245,0.0,-3.324500000000002,True,6.318286582254722,0.85,False,5.837678065602048,True,10.0,False,7.056939940063237,3.000000000000002,True,XRPUSDT_240
p6,XRPUSDT,-1,2024-03-11 05:00:00+00:00,0.6082,2024-03-11 08:00:00+00:00,0.626446,initial_sl,False,0.626446,,False,100.0,1.0,100.0,100.0,164.4195988161789,-2.999999999999998,0.3245,0.0,-3.324499999999998,True,1.2378446939446592,0.63,False,-2.828017099638269,False,3.0,False,0.7398881946727965,2.999999999999998,True,XRPUSDT_60
p7,XRPUSDT,1,2024-03-11 10:00:00+00:00,0.6309,2024-03-15 03:00:00+00:00,0.611973,initial_sl,False,0.611973,,False,100.0,1.0,100.0,100.0,158.50372483753367,-3.000000000000004,0.3155,0.0,-3.315500000000004,True,1.4503090822634344,0.88,False,10.017435409732125,True,89.0,False,18.18037723886512,3.0000000000000044,True,XRPUSDT_60
p8,XRPUSDT,-1,2024-03-15 22:00:00+00:00,0.63,2024-03-18 23:00:00+00:00,0.6489,initial_sl,False,0.6489,,False,100.0,1.0,100.0,100.0,158.7301587301587,-3.0000000000000044,0.3245,0.0,-3.3245000000000045,True,2.16326530612245,0.48,True,-1.8412698412698212,False,73.0,False,6.9047619047619015,3.0000000000000044,True,XRPUSDT_60
p9,XRPUSDT,1,2024-03-24 09:00:00+00:00,0.6311,2024-03-27 09:00:00+00:00,0.612167,initial_sl,False,0.612167,,False,100.0,1.0,100.0,100.0,158.4534938995405,-2.9999999999999964,0.3155,0.0,-3.315499999999997,True,0.8737578377888915,0.22,True,0.2218348914593493,True,72.0,False,5.118047852955157,2.9999999999999964,True,XRPUSDT_60
p10,XRPUSDT,-1,2024-03-27 22:00:00+00:00,0.6134,2024-03-28 16:00:00+00:00,0.631802,initial_sl,False,0.631802,,False,100.0,1.0,100.0,100.0,163.02575806977504,-3.000000000000005,0.3245,0.0,-3.324500000000005,True,1.1621407610974002,0.84,False,0.5542875774372291,True,18.0,False,1.5813498532768069,3.000000000000005,True,XRPUSDT_60
p11,XRPUSDT,1,2024-03-30 15:00:00+00:00,0.6344,2024-03-31 03:00:00+00:00,0.6231,signal_reverse,False,0.6153679999999999,,False,100.0,1.0,100.0,100.0,157.62925598991174,-1.781210592685999,0.317328184110971,0.0,-2.09853877679697,True,0.6383984867591435,0.04,True,-1.4029003783102123,False,12.0,False,0.2364438839848765,2.5693568726355585,False,XRPUSDT_60
p12,XRPUSDT,-1,2024-03-31 04:00:00+00:00,0.6231,2024-03-31 09:00:00+00:00,0.6273,signal_reverse,False,0.641793,,False,100.0,1.0,100.0,100.0,160.48788316482106,-0.6740491092922455,0.3210110736639384,0.0,-0.9950601829561838,True,0.7611711030102931,0.28,True,-0.6740491092922518,False,5.0,False,0.1604878831648212,1.0752688172043074,False,XRPUSDT_60
p13,XRPUSDT,1,2024-03-31 10:00:00+00:00,0.6273,2024-04-01 05:00:00+00:00,0.6084809999999999,initial_sl,False,0.6084809999999999,,False,100.0,1.0,100.0,100.0,159.41335883947076,-3.000000000000005,0.3155,0.0,-3.315500000000005,True,0.5021520803443319,0.0,True,0.0,False,19.0,False,1.16371751952815,3.000000000000005,True,XRPUSDT_60
p14,XRPUSDT,-1,2024-04-01 07:00:00+00:00,0.6136,2024-04-08 16:00:00+00:00,0.618,signal_reverse,False,0.632008,,False,100.0,1.0,100.0,100.0,162.97262059973923,-0.717079530638846,0.3210756192959582,0.0,-1.0381551499348045,True,0.9254516669770908,0.73,False,0.0977835723598552,True,177.0,False,8.31160365058671,2.086049543676649,False,XRPUSDT_60
p15,XRPUSDT,1,2024-04-08 17:00:00+00:00,0.618,2024-04-10 12:00:00+00:00,0.59946,initial_sl,False,0.59946,,False,100.0,1.0,100.0,100.0,161.81229773462783,-3.0,0.3155,0.0,-3.3155,True,1.057558945908461,0.71,False,0.19417475728154,True,43.0,False,4.190938511326866,3.0,True,XRPUSDT_60
p16,XRPUSDT,-1,2024-04-12 19:00:00+00:00,0.5282,2024-04-12 20:00:00+00:00,0.544046,initial_sl,False,0.544046,,False,100.0,1.0,100.0,100.0,189.3222264293828,-3.000000000000005,0.3245,0.0,-3.324500000000005,True,2.634283550603125,1.0,False,-3.502461188943573,False,1.0,False,0.8898144642181063,3.000000000000005,True,XRPUSDT_60
p17,XRPUSDT,1,2024-04-21 14:00:00+00:00,0.5244,2024-04-26 08:00:00+00:00,0.525,signal_reverse,False,0.508668,,False,100.0,1.0,100.0,100.0,190.69412662090008,0.1144164759725486,0.3201716247139588,0.0,-0.2057551487414102,True,0.9166939086847558,0.13,True,-0.3623188405797117,False,114.0,False,8.9816933638444,2.1739130434782545,False,XRPUSDT_60
p18,XRPUSDT,-1,2024-04-26 09:00:00+00:00,0.525,2024-05-03 13:00:00+00:00,0.5246,signal_reverse,False,0.5407500000000001,,False,100.0,1.0,100.0,100.0,190.47619047619048,0.0761904761904889,0.3198857142857143,0.0,-0.2436952380952253,True,0.9374149659863924,0.39,True,0.9714285714285676,True,172.0,False,8.990476190476194,0.8952380952380812,False,XRPUSDT_60
p19,XRPUSDT,1,2024-05-03 14:00:00+00:00,0.5246,2024-05-09 04:00:00+00:00,0.5206,signal_reverse,False,0.5088619999999999,,False,100.0,1.0,100.0,100.0,190.62142584826535,-0.7624857033930622,0.3188562714449104,0.0,-1.081341974837973,True,0.8060563150155257,0.09,True,1.0865421273351217,True,134.0,False,8.635150590926424,1.8299656881433364,False,XRPUSDT_60
p20,XRPUSDT,-1,2024-05-09 05:00:00+00:00,0.5206,2024-05-16 10:00:00+00:00,0.5177,signal_reverse,False,0.536218,,False,100.0,1.0,100.0,100.0,192.08605455243952,0.5570495582020559,0.3191644256626969,0.0,0.237885132539359,True,0.7601119587289409,0.34,True,1.959277756434885,True,173.0,False,6.607760276603906,0.5378409527468354,False,XRPUSDT_60
p21,XRPUSDT,1,2024-05-16 11:00:00+00:00,0.5177,2024-05-20 12:00:00+00:00,0.5115,signal_reverse,False,0.5021690000000001,,False,100.0,1.0,100.0,100.0,193.1620629708325,-1.1976047904191798,0.3182035928143712,0.0,-1.515808383233551,True,0.6153591434642247,0.33,True,0.3863241259416616,True,97.0,False,2.1634151052733217,2.5690554375120898,False,XRPUSDT_60
p22,XRPUSDT,-1,2024-05-20 13:00:00+00:00,0.5115,2024-05-20 16:00:00+00:00,0.5191,signal_reverse,False,0.526845,,False,100.0,1.0,100.0,100.0,195.50342130987292,-1.4858260019550444,0.3222287390029326,0.0,-1.808054740957977,True,0.6856584275939119,0.87,False,-2.2678396871945283,False,3.0,True,0.1564027370478811,1.7399804496578728,False,XRPUSDT_60
p23,XRPUSDT,1,2024-05-20 17:00:00+00:00,0.5191,2024-05-23 20:00:00+00:00,0.5035270000000001,initial_sl,False,0.5035270000000001,,False,100.0,1.0,100.0,100.0,192.64110961279133,-2.99999999999999,0.3155,0.0,-3.31549999999999,True,0.7196521451963535,0.91,False,2.966673088036975,True,75.0,False,7.339626276247356,2.99999999999999,True,XRPUSDT_60
p24,XRPUSDT,-1,2024-05-29 18:00:00+00:00,0.5275,2024-06-05 01:00:00+00:00,0.5265,signal_reverse,False,0.543325,,False,100.0,1.0,100.0,100.0,189.5734597156398,0.18957345971564,0.3197156398104265,0.0,-0.1301421800947865,True,0.7379823967501662,0.76,False,0.6445497630331642,True,151.0,False,3.639810426540284,0.6066350710900438,False,XRPUSDT_60
p25,XRPUSDT,1,2024-06-05 02:00:00+00:00,0.5265,2024-06-07 18:00:00+00:00,0.510705,initial_sl,False,0.510705,,False,100.0,1.0,100.0,100.0,189.9335232668566,-3.000000000000001,0.3155,0.0,-3.315500000000001,True,0.5114638447971745,0.45,True,0.1519468186134798,True,64.0,False,1.215574548907896,3.000000000000001,True,XRPUSDT_60
p26,XRPUSDT,-1,2024-06-07 19:00:00+00:00,0.4905,2024-06-10 15:00:00+00:00,0.505215,initial_sl,False,0.505215,,False,100.0,1.0,100.0,100.0,203.8735983690112,-2.999999999999996,0.3245,0.0,-3.324499999999996,True,1.5931265472549827,1.0,False,-1.6921508664627938,False,68.0,False,0.8358817533129445,2.999999999999996,True,XRPUSDT_60
p27,XRPUSDT,1,2024-06-17 15:00:00+00:00,0.5139,2024-06-17 16:00:00+00:00,0.498483,initial_sl,False,0.498483,,False,100.0,1.0,100.0,100.0,194.59038723487055,-3.000000000000002,0.3155,0.0,-3.3155000000000023,True,1.5178050204319884,1.0,False,-0.9145748200038994,False,1.0,False,1.1870013621327096,3.0000000000000027,True,XRPUSDT_60
p28,XRPUSDT,-1,2024-06-21 05:00:00+00:00,0.4904,2024-07-02 08:00:00+00:00,0.4817,signal_reverse,False,0.505112,,False,100.0,1.0,100.0,100.0,203.9151712887439,1.774061990212069,0.3173389070146819,0.0,1.456723083197387,True,0.5665928687951534,0.02,True,-0.1427406199021152,False,267.0,False,5.954323001631322,1.0603588907014645,False,XRPUSDT_60
p29,XRPUSDT,1,2024-07-02 09:00:00+00:00,0.4817,2024-07-03 16:00:00+00:00,0.467249,initial_sl,False,0.467249,,False,100.0,1.0,100.0,100.0,207.5980900975711,-2.9999999999999982,0.3155,0.0,-3.3154999999999983,True,0.4077819626916571,0.48,True,0.4982354162341718,True,31.0,False,1.453186630682999,2.9999999999999982,True,XRPUSDT_60
p30,XRPUSDT,-1,2024-07-03 21:00:00+00:00,0.4625,2024-07-12 02:00:00+00:00,0.4515,signal_reverse,False,0.476375,,False,100.0,1.0,100.0,100.0,216.2162162162162,2.3783783783783803,0.3164324324324324,0.0,2.061945945945948,True,0.9976833976833984,1.0,False,0.8216216216216266,True,197.0,False,17.77297297297297,1.5135135135135027,False,XRPUSDT_60
p31,XRPUSDT,1,2024-07-12 03:00:00+00:00,0.4515,2024-08-02 03:00:00+00:00,0.5872,signal_reverse,False,0.437955,,False,100.0,1.0,100.0,100.0,221.48394241417495,30.055370985603552,0.3650830564784054,0.0,29.690287929125148,True,1.0378104730264197,0.62,False,3.2336655592469565,True,504.0,False,45.8250276854928,0.8194905869324555,False,XRPUSDT_60
p32,XRPUSDT,-1,2024-08-02 04:00:00+00:00,0.5872,2024-08-07 20:00:00+00:00,0.604816,initial_sl,False,0.604816,,False,100.0,1.0,100.0,100.0,170.29972752043597,-2.9999999999999942,0.3245,0.0,-3.3244999999999942,True,1.728542234332425,0.86,False,1.924386920980936,True,136.0,False,26.53269754768393,2.999999999999994,True,XRPUSDT_60
p33,XRPUSDT,1,2024-08-08 10:00:00+00:00,0.6136,2024-08-09 09:00:00+00:00,0.595192,initial_sl,False,0.595192,,False,100.0,1.0,100.0,100.0,162.97262059973923,-2.9999999999999964,0.3155,0.0,-3.315499999999997,True,4.894999068727883,0.95,False,-0.1466753585397717,False,23.0,False,4.677314211212508,2.9999999999999964,True,XRPUSDT_60
p34,XRPUSDT,-1,2024-08-15 11:00:00+00:00,0.5668,2024-08-18 12:00:00+00:00,0.583804,initial_sl,False,0.583804,,False,100.0,1.0,100.0,100.0,176.42907551164433,-3.000000000000004,0.3245,0.0,-3.324500000000004,True,0.7410021171489086,0.02,True,-0.7586450247000887,False,73.0,False,3.1933662667607634,3.000000000000004,True,XRPUSDT_60
p35,XRPUSDT,1,2024-08-19 10:00:00+00:00,0.58,2024-08-27 07:00:00+00:00,0.5906,signal_reverse,False,0.5626,,False,100.0,1.0,100.0,100.0,172.41379310344828,1.8275862068965607,0.3227413793103448,0.0,1.5048448275862163,True,0.8756157635467974,0.7,False,-0.172413793103443,False,189.0,False,8.758620689655185,0.9655172413792996,False,XRPUSDT_60
p36,XRPUSDT,-1,2024-08-27 08:00:00+00:00,0.5906,2024-09-12 16:00:00+00:00,0.5571,signal_reverse,False,0.608318,,False,100.0,1.0,100.0,100.0,169.31933626820182,5.672197764984757,0.3114917033525229,0.0,5.360706061632234,True,0.7220260268008292,0.36,True,-0.3386386725364065,False,392.0,False,15.001693193362684,1.6931933626820197,False,XRPUSDT_60
p37,XRPUSDT,1,2024-09-12 17:00:00+00:00,0.5571,2024-10-02 16:00:00+00:00,0.5835,signal_reverse,False,0.5403870000000001,,False,100.0,1.0,100.0,100.0,179.5009872554299,4.738826063543345,0.327108239095315,0.0,4.41171782444803,True,1.525758391671154,1.0,False,1.0949560222581312,True,479.0,False,19.583557709567398,0.3231017770597781,False,XRPUSDT_60
p38,XRPUSDT,-1,2024-10-02 17:00:00+00:00,0.5835,2024-10-14 23:00:00+00:00,0.5482,signal_reverse,False,0.601005,,False,100.0,1.0,100.0,100.0,171.37960582690658,6.049700085689802,0.3109254498714653,0.0,5.738774635818337,True,1.4273472885298055,0.59,False,6.649528706083984,True,294.0,False,13.436161096829482,0.2742073693230393,False,XRPUSDT_60
p39,XRPUSDT,1,2024-10-15 00:00:00+00:00,0.5482,2024-10-15 15:00:00+00:00,0.5317540000000001,initial_sl,False,0.5317540000000001,,False,100.0,1.0,100.0,100.0,182.4151769427216,-2.9999999999999925,0.3155,0.0,-3.315499999999993,True,0.669724292489708,0.83,False,-0.8026267785479879,False,15.0,False,1.3133892739875928,2.999999999999993,True,XRPUSDT_60
p40,XRPUSDT,-1,2024-10-20 13:00:00+00:00,0.5385,2024-10-20 22:00:00+00:00,0.548,signal_reverse,False,0.554655,,False,100.0,1.0,100.0,100.0,185.70102135561743,-1.7641597028783778,0.3226462395543175,0.0,-2.0868059424326955,True,0.4536410664544356,0.29,True,-1.1327762302692612,False,9.0,False,0.2971216341689758,1.894150417827296,False,XRPUSDT_60
p41,XRPUSDT,1,2024-10-20 23:00:00+00:00,0.548,2024-10-22 09:00:00+00:00,0.53156,initial_sl,False,0.53156,,False,100.0,1.0,100.0,100.0,182.4817518248175,-3.0000000000000018,0.3155,0.0,-3.315500000000002,True,0.5474452554744516,0.4,True,0.1094890510948687,True,34.0,False,2.3722627737226296,3.0000000000000018,True,XRPUSDT_60
p42,XRPUSDT,-1,2024-10-22 13:00:00+00:00,0.5327,2024-11-06 06:00:00+00:00,0.5355,signal_reverse,False,0.548681,,False,100.0,1.0,100.0,100.0,187.7229209686503,-0.5256241787122254,0.3207884362680683,0.0,-0.8464126149802937,True,0.7790501220198992,0.86,False,-0.0187722920968802,False,353.0,False,8.916838746010875,1.896001501783368,False,XRPUSDT_60
p43,XRPUSDT,1,2024-11-06 07:00:00+00:00,0.5355,2024-12-10 16:00:00+00:00,2.0836,signal_reverse,False,0.519435,,False,100.0,1.0,100.0,100.0,186.74136321195147,289.09430438842213,0.7536414565826332,0.0,288.3406629318395,True,1.197812458316657,1.0,False,-0.5228758169934733,False,825.0,False,444.1269841269842,1.6806722689075646,False,XRPUSDT_60
p44,XRPUSDT,-1,2024-12-10 17:00:00+00:00,2.0836,2024-12-10 19:00:00+00:00,2.146108,initial_sl,False,2.146108,,False,100.0,1.0,100.0,100.0,47.99385678633135,-2.99999999999999,0.3245,0.0,-3.32449999999999,True,3.7184954611524055,0.86,False,-11.998464196582836,False,2.0,False,8.811672105970445,2.9999999999999893,True,XRPUSDT_60
p45,XRPUSDT,1,2024-12-11 15:00:00+00:00,2.4214,2024-12-12 19:00:00+00:00,2.348758,initial_sl,False,2.348758,,False,100.0,1.0,100.0,100.0,41.29842240026431,-3.000000000000004,0.3155,0.0,-3.315500000000004,True,2.2935373868718223,0.52,False,-0.3634261171223452,False,28.0,False,2.67200792929709,3.000000000000004,True,XRPUSDT_60
p46,XRPUSDT,-1,2024-12-19 17:00:00+00:00,2.3448,2025-01-02 00:00:00+00:00,2.415144,initial_sl,False,2.415144,,False,100.0,1.0,100.0,100.0,42.64756055953599,-2.9999999999999982,0.3245,0.0,-3.3244999999999982,True,1.9215772286396624,0.49,True,2.614295462299565,True,319.0,False,16.43636983964518,2.9999999999999982,True,XRPUSDT_60
p47,XRPUSDT,1,2025-01-02 01:00:00+00:00,2.3884,2025-01-07 15:00:00+00:00,2.316748,initial_sl,False,2.316748,,False,100.0,1.0,100.0,100.0,41.86903366270307,-2.999999999999993,0.3155,0.0,-3.315499999999993,True,2.2531521401057484,1.0,False,-1.436107854630719,False,134.0,False,5.09127449338469,2.999999999999993,True,XRPUSDT_60
p48,XRPUSDT,-1,2025-01-08 20:00:00+00:00,2.3145,2025-01-08 22:00:00+00:00,2.383935,initial_sl,False,2.383935,,False,100.0,1.0,100.0,100.0,43.20587599913589,-2.9999999999999964,0.3245,0.0,-3.3244999999999965,True,2.0825232231583524,0.96,False,-2.501620220349965,False,2.0,False,0.7993087059840123,2.9999999999999964,True,XRPUSDT_60
p49,XRPUSDT,1,2025-01-08 23:00:00+00:00,2.3874,2025-01-09 07:00:00+00:00,2.315778,initial_sl,False,2.315778,,False,100.0,1.0,100.0,100.0,41.88657116528441,-3.000000000000003,0.3155,0.0,-3.3155000000000032,True,2.0482533299824106,0.93,False,-1.0764848789478143,False,8.0,False,0.3476585406718688,3.000000000000003,True,XRPUSDT_60
p50,XRPUSDT,-1,2025-01-09 12:00:00+00:00,2.3026,2025-01-11 10:00:00+00:00,2.371678,initial_sl,False,2.371678,,False,100.0,1.0,100.0,100.0,43.4291670285764,-3.0000000000000084,0.3245,0.0,-3.3245000000000084,True,1.3304835527540295,0.56,False,0.5645791713714932,True,46.0,False,3.013984191783197,3.0000000000000084,True,XRPUSDT_60
p51,XRPUSDT,1,2025-01-11 13:00:00+00:00,2.4051,2025-01-13 12:00:00+00:00,2.332947,initial_sl,False,2.332947,,False,100.0,1.0,100.0,100.0,41.57831275206852,-3.0000000000000053,0.3155,0.0,-3.315500000000005,True,0.9925337229815228,0.12,True,3.488420439898543,True,47.0,False,8.228348093634368,3.0000000000000053,True,XRPUSDT_60
p52,XRPUSDT,-1,2025-01-27 06:00:00+00:00,2.9345,2025-01-27 16:00:00+00:00,3.022535,initial_sl,False,3.022535,,False,100.0,1.0,100.0,100.0,34.07735559720566,-3.000000000000003,0.3245,0.0,-3.324500000000003,True,1.3066231774699988,0.72,False,5.033225421707277,True,10.0,False,9.695007667405008,3.000000000000003,True,XRPUSDT_60
p53,XRPUSDT,1,2025-01-29 07:00:00+00:00,3.1162,2025-01-29 13:00:00+00:00,3.022714,initial_sl,False,3.022714,,False,100.0,1.0,100.0,100.0,32.09036647198511,-2.9999999999999982,0.3155,0.0,-3.3154999999999983,True,1.3583393693784576,0.54,False,-1.7296707528399955,False,6.0,False,0.3786663243694253,2.9999999999999987,True,XRPUSDT_60
p54,XRPUSDT,-1,2025-01-29 19:00:00+00:00,3.0638,2025-01-29 20:00:00+00:00,3.0954,signal_reverse,False,3.155714,,False,100.0,1.0,100.0,100.0,32.63920621450486,-1.031398916378356,0.3215470983745676,0.0,-1.3529460147529235,True,1.0535469491667702,0.45,True,-0.4732684901103123,False,1.0,True,3.195378288400029,2.369606371173053,False,XRPUSDT_60
p55,XRPUSDT,1,2025-01-29 21:00:00+00:00,3.0954,2025-01-31 20:00:00+00:00,3.0025380000000004,initial_sl,False,3.0025380000000004,,False,100.0,1.0,100.0,100.0,32.306002455256184,-2.9999999999999925,0.3155,0.0,-3.315499999999993,True,1.5356889024266438,0.66,False,0.3941332299541189,True,47.0,False,1.9060541448601056,2.999999999999993,True,XRPUSDT_60
p56,XRPUSDT,-1,2025-02-01 02:00:00+00:00,3.0518,2025-02-14 08:00:00+00:00,2.6939,signal_reverse,False,3.143354,,False,100.0,1.0,100.0,100.0,32.767547021429976,11.727505078969784,0.3024087423815453,0.0,11.42509633658824,True,0.901809704811212,0.33,True,0.7438233173864606,True,318.0,False,42.30945671407039,0.6422439216200295,False,XRPUSDT_60
p57,XRPUSDT,1,2025-02-14 09:00:00+00:00,2.6939,2025-02-17 16:00:00+00:00,2.613083,initial_sl,False,2.613083,,False,100.0,1.0,100.0,100.0,37.120902780355614,-3.000000000000005,0.3155,0.0,-3.315500000000005,True,1.852333048739744,0.93,False,1.2621106945320817,True,79.0,False,5.26745610453245,3.000000000000005,True,XRPUSDT_60
p58,XRPUSDT,-1,2025-02-19 00:00:00+00:00,2.5614,2025-02-19 16:00:00+00:00,2.638242,initial_sl,False,2.638242,,False,100.0,1.0,100.0,100.0,39.0411493714375,-3.000000000000003,0.3245,0.0,-3.324500000000003,True,1.5839552030697512,0.78,False,1.2493167798860003,True,16.0,False,2.006715077691892,3.000000000000003,True,XRPUSDT_60
p59,XRPUSDT,1,2025-02-20 00:00:00+00:00,2.7355,2025-02-21 01:00:00+00:00,2.653435,initial_sl,False,2.653435,,False,100.0,1.0,100.0,100.0,36.55638822884299,-3.000000000000002,0.3155,0.0,-3.3155000000000023,True,1.6238869885369602,0.9,False,-0.6507037104734104,False,25.0,False,0.4167428258088129,3.0000000000000018,True,XRPUSDT_60
p60,XRPUSDT,-1,2025-02-22 04:00:00+00:00,2.5732,2025-02-28 23:00:00+00:00,2.145,end_of_data,False,2.650396,,False,100.0,1.0,100.0,100.0,38.8621172081455,16.6407585885279,0.2950388621172081,0.0,16.34571972641069,True,1.815693633274854,0.9,False,-0.470231618218575,False,163.0,False,24.191667962070568,1.4923053007927956,False,XRPUSDT_60
