timestamp,open,high,low,close,volume
2020-03-25 08:00:00+00:00,6500.0,6628.5,6457.5,6511.5,438.877
2020-03-25 12:00:00+00:00,6511.5,6745.5,6502.0,6615.0,1258.004
2020-03-25 16:00:00+00:00,6615.0,6695.5,6592.5,6622.0,67.83
2020-03-25 20:00:00+00:00,6622.0,6698.5,6556.0,6698.5,44.809
2020-03-26 00:00:00+00:00,6698.5,6767.0,6655.0,6726.5,370.109
2020-03-26 04:00:00+00:00,6726.5,6751.0,6555.0,6582.0,744.421
2020-03-26 08:00:00+00:00,6582.0,6665.0,6566.0,6598.5,639.745
2020-03-26 12:00:00+00:00,6598.5,6675.5,6512.0,6611.0,691.091
2020-03-26 16:00:00+00:00,6611.0,6675.0,6594.0,6656.0,786.552
2020-03-26 20:00:00+00:00,6656.0,6760.0,6655.0,6733.5,673.046
2020-03-27 00:00:00+00:00,6733.5,6838.0,6733.5,6789.5,665.043
2020-03-27 04:00:00+00:00,6789.5,6821.5,6616.5,6702.0,1029.653
2020-03-27 08:00:00+00:00,6702.0,6702.0,6595.0,6617.5,671.37
2020-03-27 12:00:00+00:00,6617.5,6659.0,6573.0,6621.0,787.742
2020-03-27 16:00:00+00:00,6621.0,6680.0,6591.5,6655.5,711.521
2020-03-27 20:00:00+00:00,6655.5,6676.0,6235.0,6354.0,740.018
2020-03-28 00:00:00+00:00,6354.0,6354.0,6084.5,6118.0,911.708
2020-03-28 04:00:00+00:00,6118.0,6193.0,6090.5,6177.5,771.552
2020-03-28 08:00:00+00:00,6177.5,6300.0,6162.0,6231.0,943.495
2020-03-28 12:00:00+00:00,6231.0,6268.0,6149.0,6208.5,645.824
2020-03-28 16:00:00+00:00,6208.5,6235.5,6010.0,6212.5,1630.919
2020-03-28 20:00:00+00:00,6212.5,6288.5,6172.5,6230.5,847.461
2020-03-29 00:00:00+00:00,6230.5,6247.0,6184.0,6197.0,541.993
2020-03-29 04:00:00+00:00,6197.0,6202.5,6107.5,6146.5,731.886
2020-03-29 08:00:00+00:00,6146.5,6204.5,6075.0,6134.5,826.964
2020-03-29 12:00:00+00:00,6134.5,6144.0,6059.5,6123.0,860.684
2020-03-29 16:00:00+00:00,6123.0,6153.5,5873.0,5897.0,1413.673
2020-03-29 20:00:00+00:00,5897.0,5950.0,5858.0,5873.0,972.038
2020-03-30 00:00:00+00:00,5873.0,6015.5,5841.5,5996.5,1529.844
2020-03-30 04:00:00+00:00,5996.5,6321.5,5983.0,6238.5,3344.938
2020-03-30 08:00:00+00:00,6238.5,6386.0,6238.5,6358.5,2390.749
2020-03-30 12:00:00+00:00,6358.5,6430.5,6274.0,6336.0,2775.888
2020-03-30 16:00:00+00:00,6336.0,6399.5,6306.0,6364.5,2277.881
2020-03-30 20:00:00+00:00,6364.5,6577.5,6363.0,6389.5,2784.317
2020-03-31 00:00:00+00:00,6389.5,6509.5,6381.5,6435.0,2473.019
2020-03-31 04:00:00+00:00,6435.0,6470.5,6373.0,6437.0,2412.171
2020-03-31 08:00:00+00:00,6437.0,6497.5,6339.5,6386.5,2457.707
2020-03-31 12:00:00+00:00,6386.5,6494.5,6323.5,6445.0,3233.361
2020-03-31 16:00:00+00:00,6445.0,6479.5,6397.5,6454.5,2554.208
2020-03-31 20:00:00+00:00,6454.5,6490.0,6388.5,6405.0,2586.874
2020-04-01 00:00:00+00:00,6405.0,6417.0,6243.5,6360.5,2448.688
2020-04-01 04:00:00+00:00,6360.5,6365.0,6262.0,6323.0,2067.434
2020-04-01 08:00:00+00:00,6323.0,6323.0,6257.0,6286.0,1832.468
2020-04-01 12:00:00+00:00,6286.0,6333.0,6156.5,6223.5,3338.933
2020-04-01 16:00:00+00:00,6223.5,6223.5,6145.0,6201.0,2502.156
2020-04-01 20:00:00+00:00,6201.0,6687.0,6189.0,6642.0,5363.191
2020-04-02 00:00:00+00:00,6642.0,6739.5,6543.5,6601.0,2648.688
2020-04-02 04:00:00+00:00,6601.0,6673.0,6560.5,6639.5,2407.001
2020-04-02 08:00:00+00:00,6639.5,6706.5,6601.0,6676.0,2309.93
2020-04-02 12:00:00+00:00,6676.0,6828.0,6620.5,6796.5,4814.504
2020-04-02 16:00:00+00:00,6796.5,7230.5,6723.0,6796.5,16357.16
2020-04-02 20:00:00+00:00,6796.5,6859.5,6644.0,6796.5,4032.407
2020-04-03 00:00:00+00:00,6796.5,6825.0,6723.5,6781.0,2257.252
2020-04-03 04:00:00+00:00,6781.0,6947.5,6745.0,6934.5,2078.901
2020-04-03 08:00:00+00:00,6934.5,7044.0,6866.5,7004.0,1962.91
2020-04-03 12:00:00+00:00,7004.0,7007.0,6671.5,6710.0,3571.68
2020-04-03 16:00:00+00:00,6710.0,6794.0,6604.5,6766.0,1590.407
2020-04-03 20:00:00+00:00,6766.0,6810.0,6666.0,6727.5,1207.232
2020-04-04 00:00:00+00:00,6727.5,6801.5,6665.0,6695.0,880.558
2020-04-04 04:00:00+00:00,6695.0,6764.5,6685.0,6728.0,462.786
2020-04-04 08:00:00+00:00,6728.0,6899.0,6646.0,6698.0,4294.979
2020-04-04 12:00:00+00:00,6698.0,6764.5,6665.5,6724.0,556.66
2020-04-04 16:00:00+00:00,6724.0,6801.5,6720.5,6737.5,690.422
2020-04-04 20:00:00+00:00,6737.5,7012.0,6737.5,6863.5,3154.501
2020-04-05 00:00:00+00:00,6863.5,6889.0,6789.0,6795.5,547.543
2020-04-05 04:00:00+00:00,6795.5,6833.0,6743.0,6774.0,606.166
2020-04-05 08:00:00+00:00,6774.0,6820.0,6740.0,6776.0,994.821
2020-04-05 12:00:00+00:00,6776.0,6818.5,6762.0,6785.5,946.218
2020-04-05 16:00:00+00:00,6785.5,6848.0,6680.0,6789.5,2782.473
2020-04-05 20:00:00+00:00,6789.5,6807.0,6720.0,6771.0,4600.974
2020-04-06 00:00:00+00:00,6771.0,6884.5,6762.0,6838.0,1555.367
2020-04-06 04:00:00+00:00,6838.0,7098.5,6838.0,7026.0,4175.804
2020-04-06 08:00:00+00:00,7026.0,7140.0,7014.5,7092.0,2585.279
2020-04-06 12:00:00+00:00,7092.0,7158.0,7039.5,7135.5,2422.523
2020-04-06 16:00:00+00:00,7135.5,7298.0,7077.0,7264.5,4261.886
2020-04-06 20:00:00+00:00,7264.5,7363.0,7190.0,7322.5,2586.597
2020-04-07 00:00:00+00:00,7322.5,7448.0,7257.0,7319.5,3785.001
2020-04-07 04:00:00+00:00,7319.5,7379.5,7224.0,7377.0,3059.533
2020-04-07 08:00:00+00:00,7377.0,7436.5,7313.5,7384.0,3010.382
2020-04-07 12:00:00+00:00,7384.0,7458.5,7254.0,7314.0,3500.959
2020-04-07 16:00:00+00:00,7314.0,7379.0,7281.0,7281.0,1956.438
2020-04-07 20:00:00+00:00,7281.0,7288.5,7072.5,7198.5,3226.71
2020-04-08 00:00:00+00:00,7198.5,7382.5,7150.5,7345.0,4070.503
2020-04-08 04:00:00+00:00,7345.0,7417.0,7282.5,7313.5,2754.871
2020-04-08 08:00:00+00:00,7313.5,7336.0,7215.0,7287.0,2605.33
2020-04-08 12:00:00+00:00,7287.0,7338.5,7196.0,7272.0,2498.338
2020-04-08 16:00:00+00:00,7272.0,7346.5,7250.5,7308.5,1969.553
2020-04-08 20:00:00+00:00,7308.5,7388.0,7285.0,7356.5,1592.475
2020-04-09 00:00:00+00:00,7356.5,7364.0,7257.0,7283.0,1512.419
2020-04-09 04:00:00+00:00,7283.0,7331.0,7236.5,7322.0,1256.367
2020-04-09 08:00:00+00:00,7322.0,7344.0,7143.0,7186.5,8800.704
2020-04-09 12:00:00+00:00,7186.5,7342.5,7123.0,7273.5,3901.145
2020-04-09 16:00:00+00:00,7273.5,7310.5,7229.5,7259.5,540.479
2020-04-09 20:00:00+00:00,7259.5,7310.0,7238.5,7282.0,522.241
2020-04-10 00:00:00+00:00,7282.0,7287.0,7158.0,7175.5,954.609
2020-04-10 04:00:00+00:00,7175.5,7175.5,6866.5,6918.0,7588.604
2020-04-10 08:00:00+00:00,6918.0,6966.0,6854.0,6897.5,2644.851
2020-04-10 12:00:00+00:00,6897.5,6923.0,6741.5,6769.5,4365.162
2020-04-10 16:00:00+00:00,6769.5,6943.0,6745.0,6897.0,4129.066
2020-04-10 20:00:00+00:00,6897.0,6925.0,6816.0,6857.0,1843.315
2020-04-11 00:00:00+00:00,6857.0,6915.5,6835.0,6904.0,1790.871
2020-04-11 04:00:00+00:00,6904.0,6938.0,6855.5,6873.5,1406.437
2020-04-11 08:00:00+00:00,6873.5,6890.0,6830.5,6874.5,1121.264
2020-04-11 12:00:00+00:00,6874.5,6883.5,6803.0,6829.5,1253.345
2020-04-11 16:00:00+00:00,6829.5,6852.0,6766.0,6800.5,1495.614
2020-04-11 20:00:00+00:00,6800.5,6883.5,6760.0,6874.5,1539.703
2020-04-12 00:00:00+00:00,6874.5,6906.0,6785.0,6808.0,1930.364
2020-04-12 04:00:00+00:00,6808.0,6838.0,6780.0,6826.0,1080.473
2020-04-12 08:00:00+00:00,6826.0,6868.5,6824.5,6848.0,898.861
2020-04-12 12:00:00+00:00,6848.0,7025.5,6847.5,7008.5,3615.724
2020-04-12 16:00:00+00:00,7008.5,7170.0,7007.0,7105.5,3370.172
2020-04-12 20:00:00+00:00,7105.5,7143.5,6883.0,6901.0,2437.68
2020-04-13 00:00:00+00:00,6901.0,6901.0,6557.0,6669.5,6861.343
2020-04-13 04:00:00+00:00,6669.5,6728.0,6634.0,6693.0,1915.743
2020-04-13 08:00:00+00:00,6693.0,6825.5,6651.0,6774.5,3247.595
2020-04-13 12:00:00+00:00,6774.5,6796.5,6605.5,6761.5,6258.052
2020-04-13 16:00:00+00:00,6761.5,6795.0,6727.0,6771.5,2043.984
2020-04-13 20:00:00+00:00,6771.5,6885.5,6770.0,6834.5,2789.53
2020-04-14 00:00:00+00:00,6834.5,6893.0,6801.5,6874.5,2243.435
2020-04-14 04:00:00+00:00,6874.5,6912.0,6810.0,6817.5,2411.822
2020-04-14 08:00:00+00:00,6817.5,6869.5,6752.5,6823.0,2413.189
2020-04-14 12:00:00+00:00,6823.0,6939.0,6793.0,6902.0,3150.259
2020-04-14 16:00:00+00:00,6902.0,6967.0,6855.0,6911.5,2104.196
2020-04-14 20:00:00+00:00,6911.5,6922.0,6828.5,6864.5,1986.682
2020-04-15 00:00:00+00:00,6864.5,6910.5,6804.0,6899.5,1360.956
2020-04-15 04:00:00+00:00,6899.5,6924.5,6857.0,6858.5,1385.823
2020-04-15 08:00:00+00:00,6858.5,6875.0,6743.0,6774.0,2992.973
2020-04-15 12:00:00+00:00,6774.0,6774.0,6677.0,6695.0,5261.229
2020-04-15 16:00:00+00:00,6695.0,6763.5,6683.0,6725.0,1743.13
2020-04-15 20:00:00+00:00,6725.0,6754.5,6603.0,6617.5,1854.678
2020-04-16 00:00:00+00:00,6617.5,6660.5,6465.5,6641.0,4356.791
2020-04-16 04:00:00+00:00,6641.0,6969.0,6614.5,6885.0,5502.557
2020-04-16 08:00:00+00:00,6885.0,7155.0,6864.5,7017.0,14454.042
2020-04-16 12:00:00+00:00,7017.0,7079.5,6929.0,7044.0,3498.211
2020-04-16 16:00:00+00:00,7044.0,7091.5,6955.0,7066.5,2586.004
2020-04-16 20:00:00+00:00,7066.5,7188.0,6960.0,7099.5,3468.847
2020-04-17 00:00:00+00:00,7099.5,7133.0,7017.5,7078.0,2000.156
2020-04-17 04:00:00+00:00,7078.0,7078.0,7017.5,7041.0,1376.833
2020-04-17 08:00:00+00:00,7041.0,7119.5,7026.5,7072.0,1612.871
2020-04-17 12:00:00+00:00,7072.0,7093.0,6982.0,7029.0,2247.555
2020-04-17 16:00:00+00:00,7029.0,7083.0,7020.0,7064.0,950.098
2020-04-17 20:00:00+00:00,7064.0,7138.5,7013.5,7022.0,1851.045
2020-04-18 00:00:00+00:00,7022.0,7099.5,7013.5,7080.5,1106.397
2020-04-18 04:00:00+00:00,7080.5,7112.5,7078.0,7085.5,558.536
2020-04-18 08:00:00+00:00,7085.5,7109.0,7051.5,7097.5,700.909
2020-04-18 12:00:00+00:00,7097.5,7260.0,7073.5,7234.0,3716.416
2020-04-18 16:00:00+00:00,7234.0,7248.5,7157.5,7208.0,1861.443
2020-04-18 20:00:00+00:00,7208.0,7289.0,7192.5,7240.0,1750.134
2020-04-19 00:00:00+00:00,7240.0,7255.0,7179.5,7225.0,1131.489
2020-04-19 04:00:00+00:00,7225.0,7234.0,7101.0,7142.0,1628.394
2020-04-19 08:00:00+00:00,7142.0,7176.0,7124.5,7154.5,885.027
2020-04-19 12:00:00+00:00,7154.5,7164.0,7047.0,7096.5,2526.248
2020-04-19 16:00:00+00:00,7096.5,7161.0,7087.0,7133.5,1427.677
2020-04-19 20:00:00+00:00,7133.5,7195.0,7105.5,7118.5,1178.607
2020-04-20 00:00:00+00:00,7118.5,7183.5,7085.5,7156.0,1271.344
2020-04-20 04:00:00+00:00,7156.0,7211.0,7152.0,7178.5,1281.313
2020-04-20 08:00:00+00:00,7178.5,7178.5,6948.5,6965.5,4010.578
2020-04-20 12:00:00+00:00,6965.5,7093.5,6909.0,7065.0,3740.27
2020-04-20 16:00:00+00:00,7065.0,7076.0,6764.5,6770.5,7098.891
2020-04-20 20:00:00+00:00,6770.5,6886.0,6750.0,6827.5,2219.239
2020-04-21 00:00:00+00:00,6827.5,6909.0,6812.0,6854.5,1440.847
2020-04-21 04:00:00+00:00,6854.5,6894.0,6827.5,6873.5,1125.286
2020-04-21 08:00:00+00:00,6873.5,6885.0,6759.5,6790.5,2238.505
2020-04-21 12:00:00+00:00,6790.5,6872.5,6780.5,6826.5,2612.783
2020-04-21 16:00:00+00:00,6826.5,6937.0,6812.5,6867.5,2859.992
2020-04-21 20:00:00+00:00,6867.5,6906.5,6828.0,6837.5,1029.819
2020-04-22 00:00:00+00:00,6837.5,6879.0,6815.5,6860.5,815.648
2020-04-22 04:00:00+00:00,6860.5,6954.0,6844.0,6932.0,958.471
2020-04-22 08:00:00+00:00,6932.0,6968.0,6914.5,6943.0,1449.597
2020-04-22 12:00:00+00:00,6943.0,7129.0,6925.0,7105.0,3955.671
2020-04-22 16:00:00+00:00,7105.0,7159.5,7064.5,7081.0,2456.642
2020-04-22 20:00:00+00:00,7081.0,7123.0,7077.5,7123.0,1283.721
2020-04-23 00:00:00+00:00,7123.0,7180.0,7097.5,7109.5,2126.958
2020-04-23 04:00:00+00:00,7109.5,7123.0,7015.0,7054.5,1858.279
2020-04-23 08:00:00+00:00,7054.5,7139.0,7044.0,7128.0,1501.817
2020-04-23 12:00:00+00:00,7128.0,7743.5,7105.0,7528.5,24548.652
2020-04-23 16:00:00+00:00,7528.5,7607.5,7487.5,7523.5,2427.053
2020-04-23 20:00:00+00:00,7523.5,7611.0,7433.0,7483.5,1872.596
2020-04-24 00:00:00+00:00,7483.5,7548.0,7465.0,7522.0,1516.787
2020-04-24 04:00:00+00:00,7522.0,7583.5,7497.5,7568.0,1138.657
2020-04-24 08:00:00+00:00,7568.0,7608.5,7473.5,7497.0,2157.727
2020-04-24 12:00:00+00:00,7497.0,7527.0,7400.0,7504.5,2629.227
2020-04-24 16:00:00+00:00,7504.5,7544.5,7479.5,7517.0,678.208
2020-04-24 20:00:00+00:00,7517.0,7542.0,7470.5,7499.0,602.432
2020-04-25 00:00:00+00:00,7499.0,7523.0,7437.0,7515.0,861.079
2020-04-25 04:00:00+00:00,7515.0,7586.0,7500.0,7553.5,1027.296
2020-04-25 08:00:00+00:00,7553.5,7598.0,7512.5,7537.0,1329.66
2020-04-25 12:00:00+00:00,7537.0,7702.5,7512.0,7528.5,9865.521
2020-04-25 16:00:00+00:00,7528.5,7561.5,7468.0,7543.5,1980.343
2020-04-25 20:00:00+00:00,7543.5,7550.0,7497.0,7535.0,982.79
2020-04-26 00:00:00+00:00,7535.0,7574.5,7524.5,7560.0,433.932
2020-04-26 04:00:00+00:00,7560.0,7560.0,7524.5,7545.0,483.517
2020-04-26 08:00:00+00:00,7545.0,7672.0,7531.0,7654.5,2083.698
2020-04-26 12:00:00+00:00,7654.5,7698.5,7496.0,7549.5,4759.368
2020-04-26 16:00:00+00:00,7549.5,7651.5,7534.0,7649.5,958.971
2020-04-26 20:00:00+00:00,7649.5,7693.0,7581.5,7691.5,1124.679
2020-04-27 00:00:00+00:00,7691.5,7791.5,7653.0,7730.0,4599.287
2020-04-27 04:00:00+00:00,7730.0,7744.0,7635.0,7697.5,1001.949
2020-04-27 08:00:00+00:00,7697.5,7736.0,7666.0,7713.5,832.093
2020-04-27 12:00:00+00:00,7713.5,7722.5,7624.0,7669.5,1068.971
2020-04-27 16:00:00+00:00,7669.5,7718.5,7642.0,7700.5,588.447
2020-04-27 20:00:00+00:00,7700.5,7777.5,7686.0,7772.5,838.893
2020-04-28 00:00:00+00:00,7772.5,7778.0,7667.5,7699.5,1015.055
2020-04-28 04:00:00+00:00,7699.5,7720.0,7663.0,7703.5,587.898
2020-04-28 08:00:00+00:00,7703.5,7751.0,7684.0,7730.0,1243.138
2020-04-28 12:00:00+00:00,7730.0,7760.0,7667.0,7715.5,1369.524
2020-04-28 16:00:00+00:00,7715.5,7739.0,7707.5,7716.0,436.423
2020-04-28 20:00:00+00:00,7716.0,7765.5,7705.0,7743.0,430.827
2020-04-29 00:00:00+00:00,7743.0,7849.5,7709.5,7811.0,4544.61
2020-04-29 04:00:00+00:00,7811.0,7964.0,7806.0,7940.0,2136.847
2020-04-29 08:00:00+00:00,7940.0,8170.0,7929.0,8127.0,4148.164
2020-04-29 12:00:00+00:00,8127.0,8388.0,8127.0,8354.5,5330.267
2020-04-29 16:00:00+00:00,8354.5,8951.5,8329.5,8720.0,22270.468
2020-04-29 20:00:00+00:00,8720.0,8931.0,8691.0,8778.0,7187.037
2020-04-30 00:00:00+00:00,8778.0,9301.5,8710.0,9291.5,7073.331
2020-04-30 04:00:00+00:00,9291.5,9458.0,9031.0,9181.0,13478.125
2020-04-30 08:00:00+00:00,9181.0,9220.0,8553.0,8840.5,13100.018
2020-04-30 12:00:00+00:00,8840.5,8914.5,8701.0,8781.5,4277.732
2020-04-30 16:00:00+00:00,8781.5,8852.0,8402.5,8843.0,8992.387
2020-04-30 20:00:00+00:00,8843.0,8881.0,8585.5,8625.0,5353.223
2020-05-01 00:00:00+00:00,8625.0,8759.5,8619.0,8675.0,1695.924
2020-05-01 04:00:00+00:00,8675.0,8834.0,8675.0,8760.5,1198.441
2020-05-01 08:00:00+00:00,8760.5,9060.5,8750.0,8994.0,3265.339
2020-05-01 12:00:00+00:00,8994.0,9020.0,8721.5,8730.0,4801.744
2020-05-01 16:00:00+00:00,8730.0,8780.5,8659.0,8730.5,2176.965
2020-05-01 20:00:00+00:00,8730.5,8890.0,8669.5,8820.5,1729.554
2020-05-02 00:00:00+00:00,8820.5,8858.0,8757.0,8833.5,928.214
2020-05-02 04:00:00+00:00,8833.5,8855.0,8786.5,8800.0,1009.577
2020-05-02 08:00:00+00:00,8800.0,8886.0,8770.0,8841.0,1885.267
2020-05-02 12:00:00+00:00,8841.0,8965.0,8840.5,8940.0,3190.578
2020-05-02 16:00:00+00:00,8940.0,9010.0,8816.5,8878.5,3495.366
2020-05-02 20:00:00+00:00,8878.5,8983.5,8862.5,8972.5,1169.999
2020-05-03 00:00:00+00:00,8972.5,9191.0,8942.5,9139.5,3143.009
2020-05-03 04:00:00+00:00,9139.5,9150.0,8936.5,8991.0,2937.568
2020-05-03 08:00:00+00:00,8991.0,9138.5,8975.0,9047.5,2692.588
2020-05-03 12:00:00+00:00,9047.5,9068.0,8725.0,8811.0,7950.585
2020-05-03 16:00:00+00:00,8811.0,8904.5,8783.5,8872.0,2056.673
2020-05-03 20:00:00+00:00,8872.0,8956.5,8795.5,8895.0,2071.307
2020-05-04 00:00:00+00:00,8895.0,8937.5,8634.5,8729.5,4083.394
2020-05-04 04:00:00+00:00,8729.5,8740.0,8525.0,8650.0,3091.866
2020-05-04 08:00:00+00:00,8650.0,8715.0,8601.0,8677.0,1986.934
2020-05-04 12:00:00+00:00,8677.0,8859.0,8653.0,8848.0,2334.865
2020-05-04 16:00:00+00:00,8848.0,8883.5,8744.5,8831.0,2179.871
2020-05-04 20:00:00+00:00,8831.0,8953.0,8825.5,8873.0,2509.087
2020-05-05 00:00:00+00:00,8873.0,8925.5,8820.0,8855.0,1172.273
2020-05-05 04:00:00+00:00,8855.0,9105.5,8855.0,9014.0,4058.574
2020-05-05 08:00:00+00:00,9014.0,9065.0,8771.0,8848.0,4349.092
2020-05-05 12:00:00+00:00,8848.0,8951.0,8816.5,8842.5,2229.529
2020-05-05 16:00:00+00:00,8842.5,8930.0,8820.5,8907.5,1516.767
2020-05-05 20:00:00+00:00,8907.5,9041.5,8903.0,9023.5,2332.954
2020-05-06 00:00:00+00:00,9023.5,9069.0,8920.0,8976.0,1950.42
2020-05-06 04:00:00+00:00,8976.0,9046.0,8965.5,9024.0,1393.807
2020-05-06 08:00:00+00:00,9024.0,9348.0,9000.5,9319.5,8174.263
2020-05-06 12:00:00+00:00,9319.5,9380.0,9131.0,9274.5,5117.148
2020-05-06 16:00:00+00:00,9274.5,9316.5,9208.0,9244.0,1879.596
2020-05-06 20:00:00+00:00,9244.0,9393.5,9083.5,9149.5,5130.144
2020-05-07 00:00:00+00:00,9149.5,9371.0,9038.0,9292.5,4310.401
2020-05-07 04:00:00+00:00,9292.5,9316.0,9237.0,9310.0,986.828
2020-05-07 08:00:00+00:00,9310.0,9338.0,9257.0,9283.5,1532.435
2020-05-07 12:00:00+00:00,9283.5,9595.5,9266.5,9513.0,9272.88
2020-05-07 16:00:00+00:00,9513.0,9952.5,9510.0,9870.0,12584.241
2020-05-07 20:00:00+00:00,9870.0,10059.5,9732.0,9986.5,6515.396
2020-05-08 00:00:00+00:00,9986.5,10035.0,9830.0,9927.5,4653.129
2020-05-08 04:00:00+00:00,9927.5,9931.5,9716.5,9810.0,4075.033
2020-05-08 08:00:00+00:00,9810.0,9957.0,9808.0,9896.5,2295.971
2020-05-08 12:00:00+00:00,9896.5,10005.0,9790.5,9939.0,3742.862
2020-05-08 16:00:00+00:00,9939.0,9993.0,9866.0,9947.0,2497.769
2020-05-08 20:00:00+00:00,9947.0,9999.5,9781.0,9805.0,3606.312
2020-05-09 00:00:00+00:00,9805.0,9912.0,9734.0,9865.5,1926.263
2020-05-09 04:00:00+00:00,9865.5,9878.0,9573.0,9603.0,3887.266
2020-05-09 08:00:00+00:00,9603.0,9716.0,9525.5,9637.0,3344.239
2020-05-09 12:00:00+00:00,9637.0,9722.0,9615.0,9694.5,2076.169
2020-05-09 16:00:00+00:00,9694.5,9795.0,9675.5,9746.0,1736.145
2020-05-09 20:00:00+00:00,9746.0,9771.0,9527.5,9546.0,3054.307
2020-05-10 00:00:00+00:00,9546.0,9569.0,8153.0,8624.0,61791.929
2020-05-10 04:00:00+00:00,8624.0,8829.5,8473.0,8811.0,5773.414
2020-05-10 08:00:00+00:00,8811.0,8898.5,8667.0,8732.5,6510.472
2020-05-10 12:00:00+00:00,8732.5,8810.0,8577.5,8648.0,5855.058
2020-05-10 16:00:00+00:00,8648.0,8684.0,8260.5,8506.0,11686.188
2020-05-10 20:00:00+00:00,8506.0,8834.0,8502.5,8725.0,10210.945
2020-05-11 00:00:00+00:00,8725.0,8801.0,8660.0,8696.0,1940.701
2020-05-11 04:00:00+00:00,8696.0,8725.5,8618.5,8660.5,1792.138
2020-05-11 08:00:00+00:00,8660.5,8985.5,8480.0,8920.5,9481.997
2020-05-11 12:00:00+00:00,8920.5,9158.5,8765.0,8880.0,15110.048
2020-05-11 16:00:00+00:00,8880.0,8924.5,8182.0,8739.5,20505.962
2020-05-11 20:00:00+00:00,8739.5,8802.0,8457.5,8559.0,3861.991
2020-05-12 00:00:00+00:00,8559.0,8737.0,8531.5,8718.5,1286.867
2020-05-12 04:00:00+00:00,8718.5,8777.0,8617.0,8656.0,1247.901
2020-05-12 08:00:00+00:00,8656.0,8830.5,8637.0,8800.0,1860.944
2020-05-12 12:00:00+00:00,8800.0,8937.0,8660.5,8870.0,2885.317
2020-05-12 16:00:00+00:00,8870.0,8973.0,8773.0,8784.5,2419.978
2020-05-12 20:00:00+00:00,8784.5,8849.0,8729.5,8813.0,2780.235
2020-05-13 00:00:00+00:00,8813.0,8970.0,8794.5,8908.0,1238.131
2020-05-13 04:00:00+00:00,8908.0,8937.0,8860.5,8872.0,476.497
2020-05-13 08:00:00+00:00,8872.0,9046.0,8832.0,9033.0,1579.748
2020-05-13 12:00:00+00:00,9033.0,9180.0,8993.5,9137.0,2576.226
2020-05-13 16:00:00+00:00,9137.0,9165.5,9051.0,9150.5,1657.567
2020-05-13 20:00:00+00:00,9150.5,9400.5,9138.0,9301.5,3751.379
2020-05-14 00:00:00+00:00,9301.5,9383.0,9258.5,9348.0,924.468
2020-05-14 04:00:00+00:00,9348.0,9547.5,9262.0,9504.5,3336.724
2020-05-14 08:00:00+00:00,9504.5,9940.0,9479.0,9679.0,11440.146
2020-05-14 12:00:00+00:00,9679.0,9754.5,9536.5,9747.0,3876.108
2020-05-14 16:00:00+00:00,9747.0,9781.0,9580.0,9657.0,2028.988
2020-05-14 20:00:00+00:00,9657.0,9873.5,9600.0,9788.0,6082.451
2020-05-15 00:00:00+00:00,9788.0,9840.5,9258.5,9474.0,7823.911
2020-05-15 04:00:00+00:00,9474.0,9715.0,9371.5,9665.5,2058.021
2020-05-15 08:00:00+00:00,9665.5,9697.5,9478.5,9593.5,1866.274
2020-05-15 12:00:00+00:00,9593.5,9612.0,9417.5,9472.5,2548.102
2020-05-15 16:00:00+00:00,9472.5,9530.0,9332.0,9340.5,1714.121
2020-05-15 20:00:00+00:00,9340.5,9484.5,9140.5,9315.0,5984.852
2020-05-16 00:00:00+00:00,9315.0,9453.5,9220.0,9407.5,2149.412
2020-05-16 04:00:00+00:00,9407.5,9583.0,9369.5,9386.5,1609.793
2020-05-16 08:00:00+00:00,9386.5,9453.0,9331.0,9412.5,1449.638
2020-05-16 12:00:00+00:00,9412.5,9520.0,9335.0,9385.5,1787.243
2020-05-16 16:00:00+00:00,9385.5,9413.0,9263.5,9331.5,1931.01
2020-05-16 20:00:00+00:00,9331.5,9434.5,9297.0,9382.5,1003.874
2020-05-17 00:00:00+00:00,9382.5,9574.0,9323.0,9540.0,2114.796
2020-05-17 04:00:00+00:00,9540.0,9567.5,9472.5,9541.0,1188.927
2020-05-17 08:00:00+00:00,9541.0,9549.5,9456.0,9520.5,1011.177
2020-05-17 12:00:00+00:00,9520.5,9886.0,9520.5,9817.5,4407.235
2020-05-17 16:00:00+00:00,9817.5,9833.0,9704.0,9769.0,1296.187
2020-05-17 20:00:00+00:00,9769.0,9790.0,9600.5,9675.0,2065.783
2020-05-18 00:00:00+00:00,9675.0,9957.5,9675.0,9857.5,3649.67
2020-05-18 04:00:00+00:00,9857.5,9908.0,9732.0,9778.0,2424.581
2020-05-18 08:00:00+00:00,9778.0,9788.5,9479.0,9629.0,4202.85
2020-05-18 12:00:00+00:00,9629.0,9729.0,9567.5,9667.5,1543.455
2020-05-18 16:00:00+00:00,9667.5,9717.0,9550.5,9698.0,2450.947
2020-05-18 20:00:00+00:00,9698.0,9754.0,9651.5,9728.5,1000.528
2020-05-19 00:00:00+00:00,9728.5,9738.5,9487.5,9529.5,3502.838
2020-05-19 04:00:00+00:00,9529.5,9618.0,9470.0,9569.0,1623.393
2020-05-19 08:00:00+00:00,9569.0,9896.0,9569.0,9748.0,4543.782
2020-05-19 12:00:00+00:00,9748.0,9756.5,9552.0,9684.5,3393.438
2020-05-19 16:00:00+00:00,9684.5,9724.5,9617.5,9641.5,1126.15
2020-05-19 20:00:00+00:00,9641.5,9786.5,9621.5,9770.0,1005.517
2020-05-20 00:00:00+00:00,9770.0,9800.0,9707.5,9721.5,778.961
2020-05-20 04:00:00+00:00,9721.5,9848.5,9650.0,9761.0,1959.574
2020-05-20 08:00:00+00:00,9761.0,9805.0,9710.0,9727.0,1271.516
2020-05-20 12:00:00+00:00,9727.0,9797.0,9323.5,9414.0,6737.386
2020-05-20 16:00:00+00:00,9414.0,9543.5,9360.0,9532.0,2927.506
2020-05-20 20:00:00+00:00,9532.0,9600.0,9444.5,9511.0,1820.081
2020-05-21 00:00:00+00:00,9511.0,9573.0,9449.5,9480.0,969.317
2020-05-21 04:00:00+00:00,9480.0,9529.5,9422.0,9453.5,1187.83
2020-05-21 08:00:00+00:00,9453.5,9500.0,9235.5,9382.0,4305.149
2020-05-21 12:00:00+00:00,9382.0,9391.0,8952.5,9081.0,8766.248
2020-05-21 16:00:00+00:00,9081.0,9129.0,8813.0,9065.5,4915.765
2020-05-21 20:00:00+00:00,9065.5,9161.0,9013.0,9067.0,1681.502
2020-05-22 00:00:00+00:00,9067.0,9131.5,8959.5,8992.5,2126.462
2020-05-22 04:00:00+00:00,8992.5,9112.0,8933.5,9082.0,2015.103
2020-05-22 08:00:00+00:00,9082.0,9194.5,9049.0,9170.5,1787.634
2020-05-22 12:00:00+00:00,9170.5,9216.0,9087.0,9216.0,1556.269
2020-05-22 16:00:00+00:00,9216.0,9264.5,9143.0,9174.0,1159.874
2020-05-22 20:00:00+00:00,9174.0,9213.0,9129.0,9168.0,847.87
2020-05-23 00:00:00+00:00,9168.0,9308.5,9168.0,9281.0,1301.895
2020-05-23 04:00:00+00:00,9281.0,9300.0,9212.0,9251.5,910.371
2020-05-23 08:00:00+00:00,9251.5,9251.5,9100.0,9170.0,1511.775
2020-05-23 12:00:00+00:00,9170.0,9214.5,9082.0,9196.0,1838.997
2020-05-23 16:00:00+00:00,9196.0,9204.5,9121.0,9180.0,1163.022
2020-05-23 20:00:00+00:00,9180.0,9243.0,9152.0,9172.5,997.853
2020-05-24 00:00:00+00:00,9172.5,9227.0,9113.0,9196.0,823.01
2020-05-24 04:00:00+00:00,9196.0,9291.5,9182.5,9253.0,1374.009
2020-05-24 08:00:00+00:00,9253.0,9295.0,9091.5,9119.0,2331.118
2020-05-24 12:00:00+00:00,9119.0,9179.5,9008.0,9055.5,3144.804
2020-05-24 16:00:00+00:00,9055.5,9055.5,8851.0,9020.0,4130.166
2020-05-24 20:00:00+00:00,9020.0,9077.0,8690.0,8710.0,5246.951
2020-05-25 00:00:00+00:00,8710.0,8826.5,8640.5,8785.0,2912.618
2020-05-25 04:00:00+00:00,8785.0,8868.5,8759.0,8861.5,961.748
2020-05-25 08:00:00+00:00,8861.5,8876.5,8669.5,8748.0,2338.912
2020-05-25 12:00:00+00:00,8748.0,8856.0,8731.5,8779.5,1785.332
2020-05-25 16:00:00+00:00,8779.5,8974.0,8762.5,8926.0,1833.174
2020-05-25 20:00:00+00:00,8926.0,8942.0,8865.0,8893.5,766.952
2020-05-26 00:00:00+00:00,8893.5,8926.5,8828.0,8900.0,1336.744
2020-05-26 04:00:00+00:00,8900.0,8959.0,8859.0,8949.0,1594.792
2020-05-26 08:00:00+00:00,8949.0,9011.0,8833.5,8865.0,2527.079
2020-05-26 12:00:00+00:00,8865.0,8906.0,8700.0,8723.0,2582.947
2020-05-26 16:00:00+00:00,8723.0,8815.0,8683.5,8793.0,1085.204
2020-05-26 20:00:00+00:00,8793.0,8881.5,8793.0,8842.0,817.497
2020-05-27 00:00:00+00:00,8842.0,8893.5,8815.0,8826.5,679.886
2020-05-27 04:00:00+00:00,8826.5,8880.0,8822.5,8839.5,817.553
2020-05-27 08:00:00+00:00,8839.5,9170.0,8839.5,9145.5,4467.783
2020-05-27 12:00:00+00:00,9145.5,9222.0,9117.0,9143.0,2497.602
2020-05-27 16:00:00+00:00,9143.0,9217.5,9130.5,9151.0,857.185
2020-05-27 20:00:00+00:00,9151.0,9196.0,9051.5,9194.5,1269.401
2020-05-28 00:00:00+00:00,9194.5,9278.0,9156.0,9167.5,1262.862
2020-05-28 04:00:00+00:00,9167.5,9194.0,9123.5,9146.0,947.533
2020-05-28 08:00:00+00:00,9146.0,9273.5,9112.5,9260.5,1476.242
2020-05-28 12:00:00+00:00,9260.5,9509.0,9250.5,9491.0,5054.211
2020-05-28 16:00:00+00:00,9491.0,9533.0,9395.5,9446.5,1652.703
2020-05-28 20:00:00+00:00,9446.5,9614.5,9410.0,9572.0,2325.989
2020-05-29 00:00:00+00:00,9572.0,9600.0,9462.0,9516.5,2052.442
2020-05-29 04:00:00+00:00,9516.5,9547.5,9470.5,9514.0,734.502
2020-05-29 08:00:00+00:00,9514.0,9586.5,9345.0,9399.5,2897.027
2020-05-29 12:00:00+00:00,9399.5,9478.0,9329.5,9407.0,2293.964
2020-05-29 16:00:00+00:00,9407.0,9452.5,9393.5,9406.0,943.102
2020-05-29 20:00:00+00:00,9406.0,9447.5,9372.0,9425.0,671.044
2020-05-30 00:00:00+00:00,9425.0,9429.0,9327.5,9393.0,1400.083
2020-05-30 04:00:00+00:00,9393.0,9599.0,9393.0,9526.5,2416.212
2020-05-30 08:00:00+00:00,9526.5,9579.0,9465.5,9555.5,1519.753
2020-05-30 12:00:00+00:00,9555.5,9569.0,9493.5,9536.0,978.304
2020-05-30 16:00:00+00:00,9536.0,9547.0,9514.5,9533.0,643.12
2020-05-30 20:00:00+00:00,9533.0,9735.0,9397.0,9693.0,6387.373
2020-05-31 00:00:00+00:00,9693.0,9695.0,9553.5,9579.5,2371.487
2020-05-31 04:00:00+00:00,9579.5,9607.0,9523.0,9560.5,2017.047
2020-05-31 08:00:00+00:00,9560.5,9601.5,9503.0,9587.5,828.939
2020-05-31 12:00:00+00:00,9587.5,9633.5,9435.0,9479.5,2624.782
2020-05-31 16:00:00+00:00,9479.5,9530.5,9462.0,9510.0,869.874
2020-05-31 20:00:00+00:00,9510.0,9520.0,9390.5,9449.5,1405.004
2020-06-01 00:00:00+00:00,9449.5,9560.5,9422.0,9546.0,960.501
2020-06-01 04:00:00+00:00,9546.0,9610.0,9525.5,9566.0,967.874
2020-06-01 08:00:00+00:00,9566.0,9573.5,9503.0,9510.0,668.319
2020-06-01 12:00:00+00:00,9510.0,9587.5,9490.5,9538.0,1148.597
2020-06-01 16:00:00+00:00,9538.0,9605.5,9533.0,9569.0,967.263
2020-06-01 20:00:00+00:00,9569.0,10352.0,9558.0,10203.5,12004.294
2020-06-02 00:00:00+00:00,10203.5,10226.0,10050.0,10099.5,2065.839
2020-06-02 04:00:00+00:00,10099.5,10140.0,10077.5,10122.5,673.247
2020-06-02 08:00:00+00:00,10122.5,10159.0,10098.0,10117.0,848.941
2020-06-02 12:00:00+00:00,10117.0,10188.5,9288.0,9469.0,12967.031
2020-06-02 16:00:00+00:00,9469.0,9536.0,9426.0,9505.0,2070.006
2020-06-02 20:00:00+00:00,9505.0,9549.5,9427.5,9523.5,1394.935
2020-06-03 00:00:00+00:00,9523.5,9536.0,9472.0,9488.5,383.642
2020-06-03 04:00:00+00:00,9488.5,9538.5,9395.0,9509.0,1286.353
2020-06-03 08:00:00+00:00,9509.0,9625.0,9494.0,9618.5,1192.992
2020-06-03 12:00:00+00:00,9618.5,9642.0,9503.5,9556.5,1455.116
2020-06-03 16:00:00+00:00,9556.5,9622.0,9524.0,9576.5,760.933
2020-06-03 20:00:00+00:00,9576.5,9693.5,9560.0,9660.0,648.778
2020-06-04 00:00:00+00:00,9660.0,9685.0,9603.0,9670.0,604.687
2020-06-04 04:00:00+00:00,9670.0,9672.0,9624.5,9647.0,536.313
2020-06-04 08:00:00+00:00,9647.0,9652.0,9460.0,9625.5,2605.683
2020-06-04 12:00:00+00:00,9625.5,9837.0,9605.0,9828.5,3021.741
2020-06-04 16:00:00+00:00,9828.5,9876.0,9726.0,9813.5,1696.452
2020-06-04 20:00:00+00:00,9813.5,9860.0,9731.5,9789.0,868.508
2020-06-05 00:00:00+00:00,9789.0,9844.5,9750.0,9795.0,666.173
2020-06-05 04:00:00+00:00,9795.0,9819.0,9735.0,9773.5,753.555
2020-06-05 08:00:00+00:00,9773.5,9851.5,9601.0,9695.5,3071.034
2020-06-05 12:00:00+00:00,9695.5,9725.5,9621.5,9711.0,999.842
2020-06-05 16:00:00+00:00,9711.0,9753.5,9694.0,9718.0,335.641
2020-06-05 20:00:00+00:00,9718.0,9728.5,9622.5,9622.5,655.179
2020-06-06 00:00:00+00:00,9622.5,9644.0,9538.0,9633.5,1119.86
2020-06-06 04:00:00+00:00,9633.5,9636.5,9585.5,9607.0,400.753
2020-06-06 08:00:00+00:00,9607.0,9692.0,9582.5,9687.0,578.17
2020-06-06 12:00:00+00:00,9687.0,9730.0,9628.0,9653.5,744.615
2020-06-06 16:00:00+00:00,9653.5,9669.5,9584.5,9652.0,706.182
2020-06-06 20:00:00+00:00,9652.0,9715.5,9633.0,9664.0,528.167
2020-06-07 00:00:00+00:00,9664.0,9698.5,9621.5,9682.5,458.43
2020-06-07 04:00:00+00:00,9682.5,9710.0,9635.0,9654.5,392.089
2020-06-07 08:00:00+00:00,9654.5,9678.0,9558.5,9574.0,1677.711
2020-06-07 12:00:00+00:00,9574.0,9601.5,9380.5,9494.5,2874.482
2020-06-07 16:00:00+00:00,9494.5,9807.5,9451.0,9764.5,2317.128
2020-06-07 20:00:00+00:00,9764.5,9803.0,9677.0,9741.0,991.54
2020-06-08 00:00:00+00:00,9741.0,9772.0,9704.5,9725.0,582.684
2020-06-08 04:00:00+00:00,9725.0,9751.0,9716.0,9721.5,418.139
2020-06-08 08:00:00+00:00,9721.5,9799.0,9640.5,9739.5,1629.579
2020-06-08 12:00:00+00:00,9739.5,9746.0,9654.5,9704.5,1153.677
2020-06-08 16:00:00+00:00,9704.5,9739.5,9661.0,9692.0,684.214
2020-06-08 20:00:00+00:00,9692.0,9799.0,9677.0,9776.5,745.163
2020-06-09 00:00:00+00:00,9776.5,9873.5,9569.5,9676.5,3486.112
2020-06-09 04:00:00+00:00,9676.5,9700.0,9661.0,9679.5,499.152
2020-06-09 08:00:00+00:00,9679.5,9720.5,9626.0,9718.5,839.482
2020-06-09 12:00:00+00:00,9718.5,9748.0,9673.0,9714.5,993.483
2020-06-09 16:00:00+00:00,9714.5,9738.0,9677.5,9727.0,578.458
2020-06-09 20:00:00+00:00,9727.0,9832.0,9704.0,9769.5,1500.846
2020-06-10 00:00:00+00:00,9769.5,9810.0,9743.0,9751.0,543.406
2020-06-10 04:00:00+00:00,9751.0,9780.0,9720.5,9746.0,473.581
2020-06-10 08:00:00+00:00,9746.0,9766.0,9705.0,9726.5,390.968
2020-06-10 12:00:00+00:00,9726.5,9770.0,9720.5,9757.5,567.564
2020-06-10 16:00:00+00:00,9757.5,9995.0,9688.0,9855.5,4845.371
2020-06-10 20:00:00+00:00,9855.5,9908.0,9830.0,9884.0,868.883
2020-06-11 00:00:00+00:00,9884.0,9968.0,9860.0,9890.5,1483.775
2020-06-11 04:00:00+00:00,9890.5,9903.0,9762.0,9799.0,2128.629
2020-06-11 08:00:00+00:00,9799.0,9819.0,9754.5,9785.5,742.752
2020-06-11 12:00:00+00:00,9785.5,9794.0,9511.5,9527.0,3853.71
2020-06-11 16:00:00+00:00,9527.0,9572.5,9100.5,9283.5,5318.715
2020-06-11 20:00:00+00:00,9283.5,9372.0,9231.5,9275.5,1128.452
2020-06-12 00:00:00+00:00,9275.5,9396.0,9236.5,9360.5,1169.515
2020-06-12 04:00:00+00:00,9360.5,9460.5,9346.0,9432.0,801.798
2020-06-12 08:00:00+00:00,9432.0,9517.5,9432.0,9492.5,1423.439
2020-06-12 12:00:00+00:00,9492.5,9550.0,9375.5,9416.5,2111.846
2020-06-12 16:00:00+00:00,9416.5,9450.0,9305.5,9429.5,1137.897
2020-06-12 20:00:00+00:00,9429.5,9480.0,9413.0,9462.5,281.793
2020-06-13 00:00:00+00:00,9462.5,9474.5,9401.0,9404.5,239.508
2020-06-13 04:00:00+00:00,9404.5,9445.0,9365.5,9437.5,375.416
2020-06-13 08:00:00+00:00,9437.5,9464.0,9390.0,9403.0,835.411
2020-06-13 12:00:00+00:00,9403.0,9461.5,9390.5,9432.5,592.285
2020-06-13 16:00:00+00:00,9432.5,9494.0,9383.0,9406.0,684.532
2020-06-13 20:00:00+00:00,9406.0,9475.5,9350.5,9470.0,515.691
2020-06-14 00:00:00+00:00,9470.0,9477.5,9424.5,9429.0,236.528
2020-06-14 04:00:00+00:00,9429.0,9439.5,9379.0,9411.5,531.105
2020-06-14 08:00:00+00:00,9411.5,9440.5,9395.0,9430.0,274.845
2020-06-14 12:00:00+00:00,9430.0,9437.5,9313.0,9415.0,1220.243
2020-06-14 16:00:00+00:00,9415.0,9431.5,9364.5,9397.5,335.469
2020-06-14 20:00:00+00:00,9397.5,9411.0,9243.0,9340.0,1484.047
2020-06-15 00:00:00+00:00,9340.0,9365.0,9139.5,9162.5,1616.145
2020-06-15 04:00:00+00:00,9162.5,9220.0,8906.5,9118.5,4474.909
2020-06-15 08:00:00+00:00,9118.5,9167.5,9073.0,9114.5,1845.003
2020-06-15 12:00:00+00:00,9114.5,9302.5,9044.5,9290.0,2474.45
2020-06-15 16:00:00+00:00,9290.0,9444.0,9278.0,9411.5,1770.79
2020-06-15 20:00:00+00:00,9411.5,9487.0,9393.0,9418.0,774.619
2020-06-16 00:00:00+00:00,9418.0,9580.0,9372.5,9562.5,1130.694
2020-06-16 04:00:00+00:00,9562.5,9569.0,9455.0,9501.0,628.112
2020-06-16 08:00:00+00:00,9501.0,9543.0,9466.5,9509.0,622.765
2020-06-16 12:00:00+00:00,9509.0,9584.5,9397.0,9449.5,2425.411
2020-06-16 16:00:00+00:00,9449.5,9509.5,9430.0,9501.0,745.676
2020-06-16 20:00:00+00:00,9501.0,9531.0,9482.0,9521.0,497.007
2020-06-17 00:00:00+00:00,9521.0,9529.5,9423.0,9458.5,449.011
2020-06-17 04:00:00+00:00,9458.5,9529.5,9437.0,9513.0,705.672
2020-06-17 08:00:00+00:00,9513.0,9520.0,9470.0,9481.5,600.967
2020-06-17 12:00:00+00:00,9481.5,9564.0,9375.0,9391.0,2145.234
2020-06-17 16:00:00+00:00,9391.0,9425.5,9298.5,9298.5,1082.37
2020-06-17 20:00:00+00:00,9298.5,9469.5,9243.0,9462.0,1590.217
2020-06-18 00:00:00+00:00,9462.0,9468.5,9402.5,9428.5,413.756
2020-06-18 04:00:00+00:00,9428.5,9447.5,9410.0,9435.0,254.081
2020-06-18 08:00:00+00:00,9435.0,9485.5,9379.5,9431.0,682.224
2020-06-18 12:00:00+00:00,9431.0,9438.0,9379.5,9382.5,835.064
2020-06-18 16:00:00+00:00,9382.5,9410.0,9336.0,9396.5,909.935
2020-06-18 20:00:00+00:00,9396.5,9412.0,9277.0,9383.0,1297.113
2020-06-19 00:00:00+00:00,9383.0,9383.0,9241.0,9277.0,1644.788
2020-06-19 04:00:00+00:00,9277.0,9328.5,9261.0,9297.0,1147.453
2020-06-19 08:00:00+00:00,9297.0,9439.5,9274.5,9379.0,1350.427
2020-06-19 12:00:00+00:00,9379.0,9419.0,9351.0,9375.5,1045.259
2020-06-19 16:00:00+00:00,9375.5,9378.5,9267.0,9305.0,1301.944
2020-06-19 20:00:00+00:00,9305.0,9355.0,9263.0,9306.5,1282.503
2020-06-20 00:00:00+00:00,9306.5,9346.5,9290.0,9327.0,743.823
2020-06-20 04:00:00+00:00,9327.0,9327.0,9294.0,9301.0,341.797
2020-06-20 08:00:00+00:00,9301.0,9380.0,9176.5,9327.5,1672.717
2020-06-20 12:00:00+00:00,9327.5,9332.5,9228.5,9260.0,1564.342
2020-06-20 16:00:00+00:00,9260.0,9316.0,9241.0,9287.0,552.37
2020-06-20 20:00:00+00:00,9287.0,9392.0,9286.0,9351.0,1451.801
2020-06-21 00:00:00+00:00,9351.0,9402.5,9345.5,9368.0,941.739
2020-06-21 04:00:00+00:00,9368.0,9415.5,9360.0,9365.0,638.154
2020-06-21 08:00:00+00:00,9365.0,9376.5,9331.0,9354.5,463.606
2020-06-21 12:00:00+00:00,9354.5,9388.5,9328.5,9370.0,558.644
2020-06-21 16:00:00+00:00,9370.0,9375.0,9306.0,9349.5,786.143
2020-06-21 20:00:00+00:00,9349.5,9350.0,9286.0,9295.0,813.156
2020-06-22 00:00:00+00:00,9295.0,9396.0,9279.0,9382.5,767.069
2020-06-22 04:00:00+00:00,9382.5,9449.5,9379.0,9417.5,766.892
2020-06-22 08:00:00+00:00,9417.5,9469.0,9407.5,9454.5,780.027
2020-06-22 12:00:00+00:00,9454.5,9501.5,9447.5,9489.5,1172.33
2020-06-22 16:00:00+00:00,9489.5,9625.0,9474.5,9561.0,2150.94399999
2020-06-22 20:00:00+00:00,9561.0,9782.0,9560.5,9683.5,1819.312
2020-06-23 00:00:00+00:00,9683.5,9718.0,9611.0,9652.5,949.185
2020-06-23 04:00:00+00:00,9652.5,9669.0,9619.5,9662.5,634.247
2020-06-23 08:00:00+00:00,9662.5,9662.5,9582.0,9632.5,1104.19
2020-06-23 12:00:00+00:00,9632.5,9688.5,9615.0,9685.5,727.707
2020-06-23 16:00:00+00:00,9685.5,9687.5,9644.0,9645.5,705.701
2020-06-23 20:00:00+00:00,9645.5,9650.0,9591.5,9620.0,1061.204
2020-06-24 00:00:00+00:00,9620.0,9666.0,9618.5,9652.5,544.081
2020-06-24 04:00:00+00:00,9652.5,9670.0,9508.5,9515.0,1329.025
2020-06-24 08:00:00+00:00,9515.0,9549.0,9312.5,9330.0,3708.313
2020-06-24 12:00:00+00:00,9330.0,9423.0,9210.0,9248.0,3566.235
2020-06-24 16:00:00+00:00,9248.0,9330.0,9240.5,9303.5,1397.933
2020-06-24 20:00:00+00:00,9303.5,9322.0,9240.0,9301.0,873.053
2020-06-25 00:00:00+00:00,9301.0,9309.0,9008.0,9095.5,2516.66
2020-06-25 04:00:00+00:00,9095.5,9192.0,9093.0,9167.5,1291.677
2020-06-25 08:00:00+00:00,9167.5,9331.0,9167.5,9257.5,1752.417
2020-06-25 12:00:00+00:00,9257.5,9267.5,9163.0,9236.0,1796.834
2020-06-25 16:00:00+00:00,9236.0,9293.0,9214.0,9279.0,1086.754
2020-06-25 20:00:00+00:00,9279.0,9337.0,9212.5,9245.0,1376.982
2020-06-26 00:00:00+00:00,9245.0,9290.0,9187.5,9245.5,976.63499999
2020-06-26 04:00:00+00:00,9245.5,9263.0,9100.0,9140.5,1565.452
2020-06-26 08:00:00+00:00,9140.5,9252.0,9100.0,9191.0,2339.457
2020-06-26 12:00:00+00:00,9191.0,9233.5,9050.0,9147.5,4232.55299999
2020-06-26 16:00:00+00:00,9147.5,9178.5,9092.0,9165.5,1017.978
2020-06-26 20:00:00+00:00,9165.5,9211.5,9152.0,9163.5,863.858
2020-06-27 00:00:00+00:00,9163.5,9185.0,9111.0,9162.0,750.59
2020-06-27 04:00:00+00:00,9162.0,9194.0,9140.5,9176.5,725.183
2020-06-27 08:00:00+00:00,9176.5,9194.0,9135.5,9157.5,691.009
2020-06-27 12:00:00+00:00,9157.5,9176.0,9109.5,9135.5,658.14199999
2020-06-27 16:00:00+00:00,9135.5,9150.5,8840.0,8946.0,3210.77899998
2020-06-27 20:00:00+00:00,8946.0,9090.0,8903.0,9012.5,1957.83599997
2020-06-28 00:00:00+00:00,9012.5,9013.0,8938.0,8978.0,824.58299996
2020-06-28 04:00:00+00:00,8978.0,9033.5,8960.0,9027.0,742.82199999
2020-06-28 08:00:00+00:00,9027.0,9083.0,9006.0,9050.0,1089.07299999
2020-06-28 12:00:00+00:00,9050.0,9170.0,9023.0,9156.0,1493.352
2020-06-28 16:00:00+00:00,9156.0,9190.0,9107.5,9115.0,1021.962
2020-06-28 20:00:00+00:00,9115.0,9142.0,9080.0,9120.0,694.50199996
2020-06-29 00:00:00+00:00,9120.0,9146.5,9093.0,9102.5,484.113
2020-06-29 04:00:00+00:00,9102.5,9129.5,9067.5,9095.0,807.432
2020-06-29 08:00:00+00:00,9095.0,9135.0,9063.0,9095.0,1311.68399999
2020-06-29 12:00:00+00:00,9095.0,9133.0,9027.0,9128.0,1494.45599999
2020-06-29 16:00:00+00:00,9128.0,9179.0,9106.0,9157.0,774.11399998
2020-06-29 20:00:00+00:00,9157.0,9234.0,9150.0,9188.0,1238.76399998
2020-06-30 00:00:00+00:00,9188.0,9205.0,9160.0,9165.5,560.81499999
2020-06-30 04:00:00+00:00,9165.5,9177.0,9116.5,9141.5,954.97599999
2020-06-30 08:00:00+00:00,9141.5,9171.5,9121.5,9152.0,593.60299999
2020-06-30 12:00:00+00:00,9152.0,9185.0,9071.0,9168.5,1882.04899998
2020-06-30 16:00:00+00:00,9168.5,9177.0,9096.0,9136.5,801.123
2020-06-30 20:00:00+00:00,9136.5,9168.0,9128.5,9135.5,382.18399998
2020-07-01 00:00:00+00:00,9135.5,9146.0,9100.0,9138.0,746.66999997
2020-07-01 04:00:00+00:00,9138.0,9159.5,9133.0,9135.5,512.81099999
2020-07-01 08:00:00+00:00,9135.5,9191.0,9135.5,9159.0,789.09099996
2020-07-01 12:00:00+00:00,9159.0,9268.0,9140.5,9266.5,2172.43799998
2020-07-01 16:00:00+00:00,9266.5,9289.0,9236.5,9242.0,997.447
2020-07-01 20:00:00+00:00,9242.0,9259.0,9215.0,9230.5,1349.253
2020-07-02 00:00:00+00:00,9230.5,9260.0,9221.5,9237.0,618.352
2020-07-02 04:00:00+00:00,9237.0,9251.5,9172.0,9213.0,1280.95999999
2020-07-02 08:00:00+00:00,9213.0,9219.0,9175.0,9195.0,1002.65
2020-07-02 12:00:00+00:00,9195.0,9255.0,9033.0,9046.5,3335.717
2020-07-02 16:00:00+00:00,9046.5,9081.5,8939.5,9052.5,3336.96399999
2020-07-02 20:00:00+00:00,9052.5,9150.0,9040.0,9086.0,1583.31299999
2020-07-03 00:00:00+00:00,9086.0,9118.0,9067.0,9093.5,725.169
2020-07-03 04:00:00+00:00,9093.5,9112.0,9081.0,9101.5,497.48799999
2020-07-03 08:00:00+00:00,9101.5,9124.5,9045.5,9093.0,953.76699999
2020-07-03 12:00:00+00:00,9093.0,9119.5,9079.5,9099.5,725.26499996
2020-07-03 16:00:00+00:00,9099.5,9110.0,9071.5,9086.5,492.38999999
2020-07-03 20:00:00+00:00,9086.5,9100.0,9037.0,9062.0,601.382
2020-07-04 00:00:00+00:00,9062.0,9093.0,9048.0,9085.0,564.14699999
2020-07-04 04:00:00+00:00,9085.0,9090.0,9071.5,9073.0,296.035
2020-07-04 08:00:00+00:00,9073.0,9081.0,9055.0,9059.5,463.023
2020-07-04 12:00:00+00:00,9059.5,9080.0,9044.0,9064.5,533.57999999
2020-07-04 16:00:00+00:00,9064.5,9185.5,9064.0,9126.0,1600.34599997
2020-07-04 20:00:00+00:00,9126.0,9143.5,9112.0,9136.0,529.86
2020-07-05 00:00:00+00:00,9136.0,9143.5,9114.5,9125.5,418.835
2020-07-05 04:00:00+00:00,9125.5,9129.0,9036.5,9064.0,1012.966
2020-07-05 08:00:00+00:00,9064.0,9074.0,8991.5,9035.5,1143.02399999
2020-07-05 12:00:00+00:00,9035.5,9065.0,9003.0,9026.5,1115.18599995
2020-07-05 16:00:00+00:00,9026.5,9049.0,9024.0,9030.0,348.146
2020-07-05 20:00:00+00:00,9030.0,9095.0,8910.0,9074.0,1838.506
2020-07-06 00:00:00+00:00,9074.0,9117.0,9063.0,9088.0,659.211
2020-07-06 04:00:00+00:00,9088.0,9242.0,9082.0,9193.5,2502.33299999
2020-07-06 08:00:00+00:00,9193.5,9227.0,9173.0,9224.0,665.26999998
2020-07-06 12:00:00+00:00,9224.0,9322.5,9197.5,9296.0,1748.875
2020-07-06 16:00:00+00:00,9296.0,9349.0,9264.5,9288.0,1351.88
2020-07-06 20:00:00+00:00,9288.0,9367.0,9256.5,9339.0,682.863
2020-07-07 00:00:00+00:00,9339.0,9370.0,9256.0,9290.0,1026.41799998
2020-07-07 04:00:00+00:00,9290.0,9299.0,9239.0,9256.5,715.17099999
2020-07-07 08:00:00+00:00,9256.5,9269.0,9221.0,9265.5,817.87799999
2020-07-07 12:00:00+00:00,9265.5,9286.5,9236.5,9268.0,1112.252
2020-07-07 16:00:00+00:00,9268.0,9278.0,9226.5,9231.0,397.48399999
2020-07-07 20:00:00+00:00,9231.0,9264.0,9205.0,9249.0,647.497
2020-07-08 00:00:00+00:00,9249.0,9319.5,9232.5,9306.0,1109.24699999
2020-07-08 04:00:00+00:00,9306.0,9318.0,9252.0,9280.0,811.27099998
2020-07-08 08:00:00+00:00,9280.0,9306.5,9265.5,9306.0,719.10599999
2020-07-08 12:00:00+00:00,9306.0,9466.5,9281.0,9411.5,2622.88299999
2020-07-08 16:00:00+00:00,9411.5,9436.0,9380.5,9430.5,853.095
2020-07-08 20:00:00+00:00,9430.5,9462.5,9415.5,9429.0,786.565
2020-07-09 00:00:00+00:00,9429.0,9439.0,9357.5,9387.5,1052.235
2020-07-09 04:00:00+00:00,9387.5,9413.5,9377.0,9399.0,541.417
2020-07-09 08:00:00+00:00,9399.0,9399.5,9340.5,9396.0,746.63
2020-07-09 12:00:00+00:00,9396.0,9425.5,9161.0,9210.0,4327.182
2020-07-09 16:00:00+00:00,9210.0,9238.5,9189.0,9217.0,1103.604
2020-07-09 20:00:00+00:00,9217.0,9249.0,9210.5,9233.5,633.719
2020-07-10 00:00:00+00:00,9233.5,9237.0,9193.0,9215.5,866.603
2020-07-10 04:00:00+00:00,9215.5,9223.0,9125.0,9151.5,2009.942
2020-07-10 08:00:00+00:00,9151.5,9197.0,9151.0,9161.5,765.085
2020-07-10 12:00:00+00:00,9161.5,9243.0,9161.5,9243.0,1874.825
2020-07-10 16:00:00+00:00,9243.0,9245.0,9204.0,9231.0,558.505
2020-07-10 20:00:00+00:00,9231.0,9300.0,9210.5,9278.0,1352.646
2020-07-11 00:00:00+00:00,9278.0,9284.0,9256.5,9264.0,763.865
2020-07-11 04:00:00+00:00,9264.0,9273.5,9250.5,9263.0,564.392
2020-07-11 08:00:00+00:00,9263.0,9263.0,9180.0,9199.5,1267.814
2020-07-11 12:00:00+00:00,9199.5,9228.5,9196.5,9221.5,516.785
2020-07-11 16:00:00+00:00,9221.5,9253.5,9205.5,9206.0,465.954
2020-07-11 20:00:00+00:00,9206.0,9247.5,9201.0,9231.0,609.486
2020-07-12 00:00:00+00:00,9231.0,9289.5,9230.5,9267.0,1147.184
2020-07-12 04:00:00+00:00,9267.0,9279.0,9241.0,9249.5,405.644
2020-07-12 08:00:00+00:00,9249.5,9267.0,9240.0,9240.0,744.609
2020-07-12 12:00:00+00:00,9240.0,9335.0,9186.0,9213.0,2836.214
2020-07-12 16:00:00+00:00,9213.0,9230.0,9157.0,9213.0,929.36
2020-07-12 20:00:00+00:00,9213.0,9317.5,9212.5,9295.0,1370.57
2020-07-13 00:00:00+00:00,9295.0,9312.5,9266.5,9270.5,1007.908
2020-07-13 04:00:00+00:00,9270.5,9285.0,9240.0,9266.0,651.112
2020-07-13 08:00:00+00:00,9266.0,9311.0,9265.5,9304.0,647.351
2020-07-13 12:00:00+00:00,9304.0,9335.5,9278.0,9291.0,1603.966
2020-07-13 16:00:00+00:00,9291.0,9316.0,9199.5,9231.0,1668.647
2020-07-13 20:00:00+00:00,9231.0,9265.0,9216.5,9237.0,1685.733
2020-07-14 00:00:00+00:00,9237.0,9240.0,9212.0,9218.0,967.473
2020-07-14 04:00:00+00:00,9218.0,9218.0,9147.0,9181.5,1733.082
2020-07-14 08:00:00+00:00,9181.5,9235.0,9116.0,9234.5,1318.345
2020-07-14 12:00:00+00:00,9234.5,9248.0,9185.5,9220.0,1319.346
2020-07-14 16:00:00+00:00,9220.0,9267.0,9210.5,9264.5,709.922
2020-07-14 20:00:00+00:00,9264.5,9271.5,9236.0,9249.5,622.368
2020-07-15 00:00:00+00:00,9249.5,9265.0,9230.0,9232.0,436.725
2020-07-15 04:00:00+00:00,9232.0,9240.5,9220.0,9226.5,467.23
2020-07-15 08:00:00+00:00,9226.5,9243.0,9188.5,9215.0,844.101
2020-07-15 12:00:00+00:00,9215.0,9239.0,9194.0,9200.5,1079.501
2020-07-15 16:00:00+00:00,9200.5,9217.0,9161.5,9183.5,1455.072
2020-07-15 20:00:00+00:00,9183.5,9234.0,9181.5,9196.5,1020.029
2020-07-16 00:00:00+00:00,9196.5,9219.5,9183.0,9201.0,470.622
2020-07-16 04:00:00+00:00,9201.0,9212.5,9085.0,9125.5,2143.304
2020-07-16 08:00:00+00:00,9125.5,9136.0,9045.5,9084.0,3068.428
2020-07-16 12:00:00+00:00,9084.0,9124.5,9070.0,9119.0,1045.409
2020-07-16 16:00:00+00:00,9119.0,9148.0,9114.5,9121.5,551.536
2020-07-16 20:00:00+00:00,9121.5,9141.0,9093.0,9131.5,616.95
2020-07-17 00:00:00+00:00,9131.5,9134.0,9104.5,9107.0,577.215
2020-07-17 04:00:00+00:00,9107.0,9125.0,9087.5,9110.5,485.703
2020-07-17 08:00:00+00:00,9110.5,9132.0,9097.0,9129.5,453.869
2020-07-17 12:00:00+00:00,9129.5,9180.0,9129.5,9144.0,1572.582
2020-07-17 16:00:00+00:00,9144.0,9159.0,9129.0,9156.5,518.9
2020-07-17 20:00:00+00:00,9156.5,9168.0,9145.0,9156.0,497.212
2020-07-18 00:00:00+00:00,9156.0,9160.0,9125.5,9135.0,453.166
2020-07-18 04:00:00+00:00,9135.0,9141.5,9129.0,9138.5,503.028
2020-07-18 08:00:00+00:00,9138.5,9214.0,9128.5,9163.5,1287.634
2020-07-18 12:00:00+00:00,9163.5,9170.5,9153.5,9167.5,733.553
2020-07-18 16:00:00+00:00,9167.5,9195.0,9155.0,9163.0,547.147
2020-07-18 20:00:00+00:00,9163.0,9173.0,9160.0,9168.5,281.852
2020-07-19 00:00:00+00:00,9168.5,9176.0,9141.5,9156.5,591.733
2020-07-19 04:00:00+00:00,9156.5,9156.5,9142.0,9151.5,371.259
2020-07-19 08:00:00+00:00,9151.5,9152.5,9108.0,9126.0,875.627
2020-07-19 12:00:00+00:00,9126.0,9134.0,9113.5,9123.5,619.284
2020-07-19 16:00:00+00:00,9123.5,9168.0,9122.0,9164.0,905.559
2020-07-19 20:00:00+00:00,9164.0,9224.5,9159.5,9203.0,1670.338
2020-07-20 00:00:00+00:00,9203.0,9210.0,9177.5,9186.0,547.96
2020-07-20 04:00:00+00:00,9186.0,9187.0,9172.0,9177.5,510.193
2020-07-20 08:00:00+00:00,9177.5,9189.0,9134.0,9148.5,1123.958
2020-07-20 12:00:00+00:00,9148.5,9173.5,9143.0,9172.0,852.227
2020-07-20 16:00:00+00:00,9172.0,9197.0,9146.0,9161.0,1289.959
2020-07-20 20:00:00+00:00,9161.0,9179.0,9148.0,9154.0,596.223
2020-07-21 00:00:00+00:00,9154.0,9183.0,9153.0,9172.5,322.603
2020-07-21 04:00:00+00:00,9172.5,9365.5,9172.5,9314.0,3110.413
2020-07-21 08:00:00+00:00,9314.0,9347.0,9299.5,9335.5,1826.765
2020-07-21 12:00:00+00:00,9335.5,9437.0,9321.0,9330.0,3477.507
2020-07-21 16:00:00+00:00,9330.0,9379.0,9318.0,9345.0,1265.849
2020-07-21 20:00:00+00:00,9345.0,9380.0,9344.5,9380.0,636.366
2020-07-22 00:00:00+00:00,9380.0,9380.0,9349.0,9353.0,380.772
2020-07-22 04:00:00+00:00,9353.0,9357.0,9276.5,9302.5,793.125
2020-07-22 08:00:00+00:00,9302.5,9351.0,9297.0,9344.5,1400.133
2020-07-22 12:00:00+00:00,9344.5,9350.5,9312.5,9333.0,681.459
2020-07-22 16:00:00+00:00,9333.0,9375.0,9330.0,9363.0,573.796
2020-07-22 20:00:00+00:00,9363.0,9537.0,9354.0,9515.5,4130.433
2020-07-23 00:00:00+00:00,9515.5,9527.0,9467.5,9485.5,920.71
2020-07-23 04:00:00+00:00,9485.5,9497.0,9462.0,9485.5,636.203
2020-07-23 08:00:00+00:00,9485.5,9529.0,9478.5,9494.0,1016.26
2020-07-23 12:00:00+00:00,9494.0,9583.0,9440.0,9516.5,2958.094
2020-07-23 16:00:00+00:00,9516.5,9662.0,9506.0,9587.5,3098.383
2020-07-23 20:00:00+00:00,9587.5,9604.0,9568.0,9595.0,433.678
2020-07-24 00:00:00+00:00,9595.0,9596.0,9531.5,9556.5,487.182
2020-07-24 04:00:00+00:00,9556.5,9562.0,9472.0,9504.0,1127.065
2020-07-24 08:00:00+00:00,9504.0,9555.0,9480.5,9528.0,568.749
2020-07-24 12:00:00+00:00,9528.0,9560.5,9500.0,9547.0,1004.207
2020-07-24 16:00:00+00:00,9547.0,9582.5,9520.0,9571.0,1183.624
2020-07-24 20:00:00+00:00,9571.0,9630.0,9512.0,9535.0,1218.918
2020-07-25 00:00:00+00:00,9535.0,9611.0,9525.0,9580.0,890.022
2020-07-25 04:00:00+00:00,9580.0,9615.5,9562.0,9568.5,1028.979
2020-07-25 08:00:00+00:00,9568.5,9596.5,9565.0,9572.5,809.823
2020-07-25 12:00:00+00:00,9572.5,9600.0,9555.0,9585.0,708.779
2020-07-25 16:00:00+00:00,9585.0,9707.0,9572.0,9665.5,2268.959
2020-07-25 20:00:00+00:00,9665.5,9730.0,9660.0,9692.0,2143.778
2020-07-26 00:00:00+00:00,9692.0,9692.0,9641.5,9674.5,898.244
2020-07-26 04:00:00+00:00,9674.5,9718.0,9660.0,9708.0,691.772
2020-07-26 08:00:00+00:00,9708.0,10138.0,9695.5,9968.0,9766.024
2020-07-26 12:00:00+00:00,9968.0,9980.5,9811.5,9960.0,3154.467
2020-07-26 16:00:00+00:00,9960.0,9981.0,9846.5,9862.0,1502.651
2020-07-26 20:00:00+00:00,9862.0,9935.5,9844.5,9922.5,996.559
2020-07-27 00:00:00+00:00,9922.5,10323.0,9922.5,10252.5,5756.506
2020-07-27 04:00:00+00:00,10252.5,10315.0,10143.0,10153.0,2928.3
2020-07-27 08:00:00+00:00,10153.0,10330.0,10124.5,10256.0,3270.19
2020-07-27 12:00:00+00:00,10256.0,10442.0,10224.0,10292.5,6423.834
2020-07-27 16:00:00+00:00,10292.5,10944.5,10292.5,10790.5,11170.157
2020-07-27 20:00:00+00:00,10790.5,11393.0,10790.0,11033.0,13226.563
2020-07-28 00:00:00+00:00,11033.0,11241.5,10841.5,10970.0,5032.573
2020-07-28 04:00:00+00:00,10970.0,11046.0,10840.5,10888.0,3954.582
2020-07-28 08:00:00+00:00,10888.0,11028.5,10571.0,10984.5,5538.881
2020-07-28 12:00:00+00:00,10984.5,11185.0,10914.0,11154.0,5088.311
2020-07-28 16:00:00+00:00,11154.0,11172.5,10844.0,10992.0,5816.643
2020-07-28 20:00:00+00:00,10992.0,11049.0,10864.5,10909.5,3401.138
2020-07-29 00:00:00+00:00,10909.5,11001.0,10840.0,10969.5,1892.25
2020-07-29 04:00:00+00:00,10969.5,11082.0,10935.0,11023.0,1832.988
2020-07-29 08:00:00+00:00,11023.0,11147.0,10944.5,11102.5,2800.462
2020-07-29 12:00:00+00:00,11102.5,11294.0,10994.0,11162.0,5027.913
2020-07-29 16:00:00+00:00,11162.0,11284.5,11120.0,11207.0,3612.476
2020-07-29 20:00:00+00:00,11207.0,11345.0,11053.0,11106.5,3286.736
2020-07-30 00:00:00+00:00,11106.5,11119.5,10956.5,10995.0,2158.037
2020-07-30 04:00:00+00:00,10995.0,11046.0,10902.0,10942.5,2020.389
2020-07-30 08:00:00+00:00,10942.5,11013.0,10901.5,10931.0,1223.291
2020-07-30 12:00:00+00:00,10931.0,11035.0,10835.0,11014.5,2664.66
2020-07-30 16:00:00+00:00,11014.5,11136.5,10978.5,11120.5,1468.633
2020-07-30 20:00:00+00:00,11120.5,11170.0,11072.5,11102.0,1567.039
2020-07-31 00:00:00+00:00,11102.0,11131.0,10963.5,10976.5,1069.029
2020-07-31 04:00:00+00:00,10976.5,11151.0,10976.5,11133.5,1045.803
2020-07-31 08:00:00+00:00,11133.5,11224.5,11093.5,11214.0,1583.849
2020-07-31 12:00:00+00:00,11214.0,11370.0,11121.0,11349.0,3959.657
2020-07-31 16:00:00+00:00,11349.0,11443.5,11230.0,11319.0,4671.903
2020-07-31 20:00:00+00:00,11319.0,11422.5,11289.0,11339.0,1884.844
2020-08-01 00:00:00+00:00,11339.0,11398.0,11230.0,11364.5,1933.963
2020-08-01 04:00:00+00:00,11364.5,11748.0,11339.0,11661.5,6239.382
2020-08-01 08:00:00+00:00,11661.5,11732.0,11563.0,11660.5,4088.407
2020-08-01 12:00:00+00:00,11660.5,11698.5,11505.0,11635.0,2834.676
2020-08-01 16:00:00+00:00,11635.0,11858.0,11563.0,11777.0,4229.647
2020-08-01 20:00:00+00:00,11777.0,11865.5,11690.0,11812.5,2593.553
2020-08-02 00:00:00+00:00,11812.5,12011.0,11751.5,12011.0,2892.04
2020-08-02 04:00:00+00:00,12011.0,12113.5,10529.5,11333.0,21332.731
2020-08-02 08:00:00+00:00,11333.0,11343.5,10946.5,11111.0,5532.702
2020-08-02 12:00:00+00:00,11111.0,11182.0,10971.5,11093.0,2908.263
2020-08-02 16:00:00+00:00,11093.0,11282.0,11070.5,11202.5,2490.299
2020-08-02 20:00:00+00:00,11202.5,11218.0,11008.0,11073.0,2509.378
2020-08-03 00:00:00+00:00,11073.0,11207.0,10943.5,11137.5,2204.207
2020-08-03 04:00:00+00:00,11137.5,11242.0,11136.5,11203.5,831.543
2020-08-03 08:00:00+00:00,11203.5,11247.0,11130.0,11237.5,1170.537
2020-08-03 12:00:00+00:00,11237.5,11380.0,11203.5,11379.0,1897.499
2020-08-03 16:00:00+00:00,11379.0,11471.5,11334.0,11405.0,1681.708
2020-08-03 20:00:00+00:00,11405.0,11416.0,11150.0,11226.0,2897.393
2020-08-04 00:00:00+00:00,11226.0,11418.0,11225.5,11264.0,1382.871
2020-08-04 04:00:00+00:00,11264.0,11326.0,11195.0,11291.0,861.108
2020-08-04 08:00:00+00:00,11291.0,11312.0,11073.0,11125.5,1735.692
2020-08-04 12:00:00+00:00,11125.5,11236.5,11018.5,11209.5,1832.734
2020-08-04 16:00:00+00:00,11209.5,11266.0,11140.0,11224.5,684.926
2020-08-04 20:00:00+00:00,11224.5,11265.5,11171.0,11196.0,643.586
2020-08-05 00:00:00+00:00,11196.0,11233.5,11099.5,11233.5,742.576
2020-08-05 04:00:00+00:00,11233.5,11321.0,11233.0,11281.0,735.863
2020-08-05 08:00:00+00:00,11281.0,11445.0,11281.0,11439.0,1042.279
2020-08-05 12:00:00+00:00,11439.0,11694.5,11403.0,11662.5,4882.02
2020-08-05 16:00:00+00:00,11662.5,11720.0,11628.0,11650.0,1315.552
2020-08-05 20:00:00+00:00,11650.0,11780.0,11530.0,11744.5,3207.226
2020-08-06 00:00:00+00:00,11744.5,11798.0,11611.5,11654.5,1401.977
2020-08-06 04:00:00+00:00,11654.5,11682.0,11571.0,11640.5,846.882
2020-08-06 08:00:00+00:00,11640.5,11755.0,11638.0,11701.5,1263.147
2020-08-06 12:00:00+00:00,11701.5,11883.0,11701.0,11837.5,2821.788
2020-08-06 16:00:00+00:00,11837.5,11901.0,11788.5,11868.0,1717.347
2020-08-06 20:00:00+00:00,11868.0,11885.0,11629.5,11764.0,2877.978
2020-08-07 00:00:00+00:00,11764.0,11916.5,11744.0,11831.0,1463.877
2020-08-07 04:00:00+00:00,11831.0,11846.5,11732.5,11785.5,1317.34
2020-08-07 08:00:00+00:00,11785.5,11847.0,11700.0,11759.5,1777.04
2020-08-07 12:00:00+00:00,11759.5,11774.0,11505.0,11638.5,3603.98
2020-08-07 16:00:00+00:00,11638.5,11663.0,11333.5,11496.5,3775.585
2020-08-07 20:00:00+00:00,11496.5,11635.0,11481.0,11595.5,1079.17
2020-08-08 00:00:00+00:00,11595.5,11658.0,11538.0,11549.0,1201.835
2020-08-08 04:00:00+00:00,11549.0,11618.5,11523.0,11588.5,922.332
2020-08-08 08:00:00+00:00,11588.5,11791.5,11569.0,11774.5,1868.702
2020-08-08 12:00:00+00:00,11774.5,11810.0,11714.0,11735.5,1190.038
2020-08-08 16:00:00+00:00,11735.5,11756.5,11603.0,11716.0,2354.88
2020-08-08 20:00:00+00:00,11716.0,11783.5,11674.0,11766.5,1235.765
2020-08-09 00:00:00+00:00,11766.5,11799.5,11684.5,11738.5,1295.575
2020-08-09 04:00:00+00:00,11738.5,11741.0,11640.0,11700.0,801.32
2020-08-09 08:00:00+00:00,11700.0,11720.0,11616.0,11684.5,789.065
2020-08-09 12:00:00+00:00,11684.5,11685.0,11548.0,11577.0,2081.002
2020-08-09 16:00:00+00:00,11577.0,11656.0,11532.0,11628.0,1335.93
2020-08-09 20:00:00+00:00,11628.0,11693.0,11628.0,11686.5,765.847
2020-08-10 00:00:00+00:00,11686.5,12063.0,11686.0,12020.0,3590.495
2020-08-10 04:00:00+00:00,12020.0,12062.5,11941.0,11965.0,1335.133
2020-08-10 08:00:00+00:00,11965.0,12005.0,11498.5,11735.0,7006.896
2020-08-10 12:00:00+00:00,11735.0,11965.0,11717.5,11919.5,4872.477
2020-08-10 16:00:00+00:00,11919.5,11950.0,11824.0,11869.5,3089.971
2020-08-10 20:00:00+00:00,11869.5,11891.5,11777.0,11891.0,1898.7
2020-08-11 00:00:00+00:00,11891.0,11934.5,11827.5,11840.0,1860.525
2020-08-11 04:00:00+00:00,11840.0,11859.0,11711.0,11754.5,1931.565
2020-08-11 08:00:00+00:00,11754.5,11769.0,11655.0,11737.5,2177.504
2020-08-11 12:00:00+00:00,11737.5,11738.0,11387.5,11491.5,6710.119
2020-08-11 16:00:00+00:00,11491.5,11549.5,11304.0,11402.5,4998.172
2020-08-11 20:00:00+00:00,11402.5,11426.5,11144.0,11394.0,7542.895
2020-08-12 00:00:00+00:00,11394.0,11420.5,11237.0,11377.0,1906.316
2020-08-12 04:00:00+00:00,11377.0,11479.0,11162.0,11446.5,2719.072
2020-08-12 08:00:00+00:00,11446.5,11542.0,11428.0,11464.5,2261.856
2020-08-12 12:00:00+00:00,11464.5,11613.5,11440.0,11585.0,1935.409
2020-08-12 16:00:00+00:00,11585.0,11610.0,11484.5,11577.0,1552.021
2020-08-12 20:00:00+00:00,11577.0,11595.0,11497.5,11567.0,919.234
2020-08-13 00:00:00+00:00,11567.0,11650.0,11546.0,11576.5,1996.556
2020-08-13 04:00:00+00:00,11576.5,11585.5,11507.5,11522.5,981.872
2020-08-13 08:00:00+00:00,11522.5,11617.0,11293.0,11556.0,4509.887
2020-08-13 12:00:00+00:00,11556.0,11585.5,11404.5,11504.0,3655.701
2020-08-13 16:00:00+00:00,11504.0,11540.0,11457.5,11518.0,977.852
2020-08-13 20:00:00+00:00,11518.0,11790.0,11518.0,11789.0,5031.819
2020-08-14 00:00:00+00:00,11789.0,11835.0,11686.5,11740.0,1877.751
2020-08-14 04:00:00+00:00,11740.0,11764.5,11659.0,11705.5,1485.078
2020-08-14 08:00:00+00:00,11705.5,11782.5,11676.0,11773.5,1570.227
2020-08-14 12:00:00+00:00,11773.5,11774.0,11660.0,11750.0,1220.102
2020-08-14 16:00:00+00:00,11750.0,11861.0,11725.0,11815.0,2803.329
2020-08-14 20:00:00+00:00,11815.0,11828.5,11715.0,11769.0,752.652
2020-08-15 00:00:00+00:00,11769.0,11981.0,11768.5,11894.5,2481.812
2020-08-15 04:00:00+00:00,11894.5,11925.0,11838.5,11899.0,1020.627
2020-08-15 08:00:00+00:00,11899.0,11937.5,11839.0,11857.5,1384.182
2020-08-15 12:00:00+00:00,11857.5,11899.0,11700.0,11861.0,2940.073
2020-08-15 16:00:00+00:00,11861.0,11911.0,11835.0,11847.0,813.761
2020-08-15 20:00:00+00:00,11847.0,11981.5,11750.0,11864.0,4171.445
2020-08-16 00:00:00+00:00,11864.0,11933.0,11796.5,11933.0,1244.276
2020-08-16 04:00:00+00:00,11933.0,11936.0,11868.5,11881.5,526.592
2020-08-16 08:00:00+00:00,11881.5,11893.0,11752.5,11771.5,1980.898
2020-08-16 12:00:00+00:00,11771.5,11877.5,11706.5,11869.5,2095.8
2020-08-16 16:00:00+00:00,11869.5,11900.0,11823.5,11827.5,1073.085
2020-08-16 20:00:00+00:00,11827.5,11921.0,11810.0,11914.5,729.443
2020-08-17 00:00:00+00:00,11914.5,11935.5,11790.0,11861.5,1310.863
2020-08-17 04:00:00+00:00,11861.5,11867.0,11805.0,11823.0,590.645
2020-08-17 08:00:00+00:00,11823.0,11925.0,11822.5,11921.0,961.172
2020-08-17 12:00:00+00:00,11921.0,12478.0,11867.0,12439.5,17871.789
2020-08-17 16:00:00+00:00,12439.5,12499.5,12300.0,12352.5,2758.136
2020-08-17 20:00:00+00:00,12352.5,12424.5,12230.0,12297.0,1921.733
2020-08-18 00:00:00+00:00,12297.0,12395.0,12295.0,12315.0,918.465
2020-08-18 04:00:00+00:00,12315.0,12323.5,12212.0,12264.5,1021.458
2020-08-18 08:00:00+00:00,12264.5,12310.0,12171.0,12185.5,1075.827
2020-08-18 12:00:00+00:00,12185.5,12278.5,11801.0,11946.0,6604.682
2020-08-18 16:00:00+00:00,11946.0,12056.5,11864.5,11990.0,1579.925
2020-08-18 20:00:00+00:00,11990.0,12090.0,11950.0,11950.0,996.569
2020-08-19 00:00:00+00:00,11950.0,12023.0,11835.0,11856.0,1222.873
2020-08-19 04:00:00+00:00,11856.0,11890.0,11627.0,11825.5,2601.42
2020-08-19 08:00:00+00:00,11825.5,11867.0,11746.0,11849.5,843.886
2020-08-19 12:00:00+00:00,11849.5,11922.5,11701.0,11733.5,1170.548
2020-08-19 16:00:00+00:00,11733.5,11782.5,11650.0,11662.0,1060.236
2020-08-19 20:00:00+00:00,11662.0,11769.0,11566.0,11759.0,1126.004
2020-08-20 00:00:00+00:00,11759.0,11820.0,11707.0,11707.5,731.239
2020-08-20 04:00:00+00:00,11707.5,11790.0,11680.5,11708.0,548.185
2020-08-20 08:00:00+00:00,11708.0,11815.5,11692.5,11815.0,672.812
2020-08-20 12:00:00+00:00,11815.0,11874.5,11752.0,11863.5,760.859
2020-08-20 16:00:00+00:00,11863.5,11892.5,11826.0,11852.0,590.682
2020-08-20 20:00:00+00:00,11852.0,11883.0,11814.0,11857.0,297.85
2020-08-21 00:00:00+00:00,11857.0,11881.0,11790.0,11869.0,586.373
2020-08-21 04:00:00+00:00,11869.0,11872.0,11821.5,11840.0,494.859
2020-08-21 08:00:00+00:00,11840.0,11840.0,11708.0,11727.5,1247.53
2020-08-21 12:00:00+00:00,11727.5,11771.0,11650.0,11731.0,1488.453
2020-08-21 16:00:00+00:00,11731.0,11767.5,11610.0,11682.5,1433.584
2020-08-21 20:00:00+00:00,11682.5,11713.0,11499.0,11533.5,3293.694
2020-08-22 00:00:00+00:00,11533.5,11549.0,11391.0,11485.5,1645.435
2020-08-22 04:00:00+00:00,11485.5,11586.0,11419.0,11580.0,1366.637
2020-08-22 08:00:00+00:00,11580.0,11623.0,11553.0,11562.0,532.949
2020-08-22 12:00:00+00:00,11562.0,11637.0,11561.5,11587.0,778.285
2020-08-22 16:00:00+00:00,11587.0,11615.0,11562.0,11592.0,572.203
2020-08-22 20:00:00+00:00,11592.0,11684.0,11581.0,11668.5,761.816
2020-08-23 00:00:00+00:00,11668.5,11686.0,11598.0,11605.5,594.217
2020-08-23 04:00:00+00:00,11605.5,11617.0,11573.0,11616.5,304.735
2020-08-23 08:00:00+00:00,11616.5,11616.5,11525.0,11531.5,782.21
2020-08-23 12:00:00+00:00,11531.5,11674.0,11531.5,11655.0,1054.588
2020-08-23 16:00:00+00:00,11655.0,11696.5,11629.5,11681.0,265.015
2020-08-23 20:00:00+00:00,11681.0,11722.5,11649.0,11660.0,498.981
2020-08-24 00:00:00+00:00,11660.0,11682.0,11605.0,11676.5,412.064
2020-08-24 04:00:00+00:00,11676.5,11784.5,11648.5,11763.0,852.811
2020-08-24 08:00:00+00:00,11763.0,11826.0,11762.5,11797.0,773.905
2020-08-24 12:00:00+00:00,11797.0,11818.5,11738.5,11768.0,584.773
2020-08-24 16:00:00+00:00,11768.0,11785.0,11713.0,11752.5,392.569
2020-08-24 20:00:00+00:00,11752.5,11789.0,11720.5,11766.0,216.484
2020-08-25 00:00:00+00:00,11766.0,11766.0,11667.0,11672.5,502.35
2020-08-25 04:00:00+00:00,11672.5,11696.5,11565.0,11598.0,674.69
2020-08-25 08:00:00+00:00,11598.0,11661.0,11535.0,11628.0,1107.973
2020-08-25 12:00:00+00:00,11628.0,11628.0,11350.0,11438.5,3831.648
2020-08-25 16:00:00+00:00,11438.5,11452.0,11125.0,11305.5,3788.401
2020-08-25 20:00:00+00:00,11305.5,11389.0,11237.0,11325.0,967.353
2020-08-26 00:00:00+00:00,11325.0,11398.5,11262.0,11361.5,506.009
2020-08-26 04:00:00+00:00,11361.5,11390.5,11305.5,11353.0,533.847
2020-08-26 08:00:00+00:00,11353.0,11445.0,11338.5,11385.0,635.09
2020-08-26 12:00:00+00:00,11385.0,11507.0,11257.0,11480.5,2129.106
2020-08-26 16:00:00+00:00,11480.5,11541.5,11443.5,11467.0,745.002
2020-08-26 20:00:00+00:00,11467.0,11505.0,11441.5,11461.0,522.396
2020-08-27 00:00:00+00:00,11461.0,11478.0,11372.0,11392.0,621.936
2020-08-27 04:00:00+00:00,11392.0,11416.0,11340.5,11406.0,679.717
2020-08-27 08:00:00+00:00,11406.0,11453.5,11309.0,11326.0,900.457
2020-08-27 12:00:00+00:00,11326.0,11585.0,11270.0,11329.5,3461.479
2020-08-27 16:00:00+00:00,11329.5,11366.5,11144.0,11250.0,2263.732
2020-08-27 20:00:00+00:00,11250.0,11334.0,11232.0,11329.5,479.098
2020-08-28 00:00:00+00:00,11329.5,11393.0,11292.0,11380.5,850.484
2020-08-28 04:00:00+00:00,11380.5,11440.0,11367.0,11376.0,448.011
2020-08-28 08:00:00+00:00,11376.0,11472.0,11364.0,11472.0,540.316
2020-08-28 12:00:00+00:00,11472.0,11522.0,11409.5,11522.0,1004.728
2020-08-28 16:00:00+00:00,11522.0,11533.5,11468.5,11503.0,519.253
2020-08-28 20:00:00+00:00,11503.0,11532.0,11469.0,11522.0,395.679
2020-08-29 00:00:00+00:00,11522.0,11542.0,11469.0,11500.0,236.035
2020-08-29 04:00:00+00:00,11500.0,11575.0,11487.0,11559.0,565.427
2020-08-29 08:00:00+00:00,11559.0,11564.5,11426.0,11456.0,852.042
2020-08-29 12:00:00+00:00,11456.0,11516.5,11440.0,11493.5,515.756
2020-08-29 16:00:00+00:00,11493.5,11543.0,11484.0,11520.5,200.033
2020-08-29 20:00:00+00:00,11520.5,11527.0,11463.5,11472.0,356.138
2020-08-30 00:00:00+00:00,11472.0,11630.0,11467.0,11612.5,954.234
2020-08-30 04:00:00+00:00,11612.5,11623.5,11576.0,11596.0,609.076
2020-08-30 08:00:00+00:00,11596.0,11611.0,11561.0,11602.5,585.108
2020-08-30 12:00:00+00:00,11602.5,11657.0,11572.5,11616.5,828.129
2020-08-30 16:00:00+00:00,11616.5,11680.0,11591.0,11643.0,447.169
2020-08-30 20:00:00+00:00,11643.0,11719.0,11600.0,11710.0,582.114
2020-08-31 00:00:00+00:00,11710.0,11726.0,11675.5,11680.0,271.965
2020-08-31 04:00:00+00:00,11680.0,11698.5,11609.0,11628.0,408.911
2020-08-31 08:00:00+00:00,11628.0,11716.5,11577.0,11679.0,939.593
2020-08-31 12:00:00+00:00,11679.0,11775.0,11671.0,11746.0,1395.909
2020-08-31 16:00:00+00:00,11746.0,11752.0,11706.0,11731.0,251.266
2020-08-31 20:00:00+00:00,11731.0,11732.5,11630.0,11661.0,611.421
2020-09-01 00:00:00+00:00,11661.0,11700.0,11537.5,11690.0,1079.079
2020-09-01 04:00:00+00:00,11690.0,11946.0,11688.0,11930.0,1679.752
2020-09-01 08:00:00+00:00,11930.0,11958.0,11856.5,11884.0,1040.866
2020-09-01 12:00:00+00:00,11884.0,12061.5,11819.0,12054.5,1749.583
2020-09-01 16:00:00+00:00,12054.5,12066.0,11970.0,11972.5,577.546
2020-09-01 20:00:00+00:00,11972.5,12057.0,11873.0,11927.5,656.164
2020-09-02 00:00:00+00:00,11927.5,11955.5,11836.0,11844.5,1536.458
2020-09-02 04:00:00+00:00,11844.5,11904.5,11728.0,11732.0,1727.416
2020-09-02 08:00:00+00:00,11732.0,11760.0,11171.0,11415.5,4800.558
2020-09-02 12:00:00+00:00,11415.5,11491.0,11214.0,11346.0,1716.181
2020-09-02 16:00:00+00:00,11346.0,11409.0,11262.0,11394.0,723.507
2020-09-02 20:00:00+00:00,11394.0,11436.0,11311.5,11388.5,536.778
2020-09-03 00:00:00+00:00,11388.5,11442.0,11335.0,11356.0,565.885
2020-09-03 04:00:00+00:00,11356.0,11423.0,11250.0,11406.5,860.866
2020-09-03 08:00:00+00:00,11406.5,11465.0,11202.0,11228.0,1515.671
2020-09-03 12:00:00+00:00,11228.0,11260.5,10466.5,10682.0,9558.082
2020-09-03 16:00:00+00:00,10682.0,10772.5,10572.5,10686.0,2232.552
2020-09-03 20:00:00+00:00,10686.0,10791.0,9915.0,10145.5,5805.136
2020-09-04 00:00:00+00:00,10145.5,10342.0,10060.5,10266.0,1451.168
2020-09-04 04:00:00+00:00,10266.0,10327.0,10100.0,10293.5,1012.145
2020-09-04 08:00:00+00:00,10293.5,10518.0,10291.5,10423.5,2143.173
2020-09-04 12:00:00+00:00,10423.5,10496.0,9883.0,10426.0,5010.899
2020-09-04 16:00:00+00:00,10426.0,10594.5,10315.0,10567.0,1342.483
2020-09-04 20:00:00+00:00,10567.0,10624.5,10440.0,10448.5,718.878
2020-09-05 00:00:00+00:00,10448.5,10566.5,10384.5,10405.0,687.643
2020-09-05 04:00:00+00:00,10405.0,10491.0,10364.5,10408.0,794.163
2020-09-05 08:00:00+00:00,10408.0,10408.0,10136.0,10232.0,1496.451
2020-09-05 12:00:00+00:00,10232.0,10342.5,9980.0,10269.5,3446.655
2020-09-05 16:00:00+00:00,10269.5,10297.5,9834.0,9961.0,5390.985
2020-09-05 20:00:00+00:00,9961.0,10184.0,9896.5,10161.0,2017.609
2020-09-06 00:00:00+00:00,10161.0,10240.0,10057.0,10170.5,778.538
2020-09-06 04:00:00+00:00,10170.5,10257.5,10005.5,10233.0,1291.913
2020-09-06 08:00:00+00:00,10233.0,10279.0,10177.0,10263.5,709.863
2020-09-06 12:00:00+00:00,10263.5,10298.5,10133.0,10178.5,915.641
2020-09-06 16:00:00+00:00,10178.5,10274.5,10147.0,10260.5,347.187
2020-09-06 20:00:00+00:00,10260.5,10348.5,10189.5,10255.5,830.339
2020-09-07 00:00:00+00:00,10255.5,10307.5,10191.0,10206.0,330.059
2020-09-07 04:00:00+00:00,10206.0,10230.0,10057.0,10120.0,799.009
2020-09-07 08:00:00+00:00,10120.0,10183.0,10003.0,10032.5,1386.747
2020-09-07 12:00:00+00:00,10032.5,10166.0,9881.0,10149.0,3055.31
2020-09-07 16:00:00+00:00,10149.0,10237.0,10133.0,10149.5,773.392
2020-09-07 20:00:00+00:00,10149.5,10414.5,10091.0,10378.0,1292.821
2020-09-08 00:00:00+00:00,10378.0,10440.5,10308.5,10308.5,934.058
2020-09-08 04:00:00+00:00,10308.5,10321.5,10231.0,10276.5,674.416
2020-09-08 08:00:00+00:00,10276.5,10340.0,9940.0,9990.5,2271.213
2020-09-08 12:00:00+00:00,9990.5,10150.0,9925.5,10098.0,3058.949
2020-09-08 16:00:00+00:00,10098.0,10167.5,9940.0,9996.0,838.587
2020-09-08 20:00:00+00:00,9996.0,10220.0,9838.0,10122.0,2417.922
2020-09-09 00:00:00+00:00,10122.0,10146.0,9986.0,10029.0,667.921
2020-09-09 04:00:00+00:00,10029.0,10199.0,10009.5,10189.5,829.881
2020-09-09 08:00:00+00:00,10189.5,10278.5,10143.5,10222.5,767.279
2020-09-09 12:00:00+00:00,10222.5,10274.0,10173.0,10247.5,702.502
2020-09-09 16:00:00+00:00,10247.5,10337.5,10206.0,10281.0,689.051
2020-09-09 20:00:00+00:00,10281.0,10296.5,10178.0,10219.5,334.511
2020-09-10 00:00:00+00:00,10219.5,10400.0,10217.5,10371.0,871.645
2020-09-10 04:00:00+00:00,10371.0,10417.0,10255.5,10273.5,592.582
2020-09-10 08:00:00+00:00,10273.5,10326.5,10237.5,10291.0,643.427
2020-09-10 12:00:00+00:00,10291.0,10485.5,10291.0,10413.5,1480.794
2020-09-10 16:00:00+00:00,10413.5,10438.5,10255.0,10275.0,911.388
2020-09-10 20:00:00+00:00,10275.0,10353.0,10270.0,10339.0,344.562
2020-09-11 00:00:00+00:00,10339.0,10371.5,10215.5,10222.0,565.013
2020-09-11 04:00:00+00:00,10222.0,10289.0,10208.5,10262.5,372.418
2020-09-11 08:00:00+00:00,10262.5,10335.0,10256.0,10263.5,476.354
2020-09-11 12:00:00+00:00,10263.5,10330.0,10254.5,10316.0,437.984
2020-09-11 16:00:00+00:00,10316.0,10340.0,10272.5,10325.0,354.843
2020-09-11 20:00:00+00:00,10325.0,10393.0,10309.0,10387.0,495.839
2020-09-12 00:00:00+00:00,10387.0,10390.5,10325.5,10350.5,646.009
2020-09-12 04:00:00+00:00,10350.5,10370.5,10312.5,10338.5,342.594
2020-09-12 08:00:00+00:00,10338.5,10353.0,10326.0,10342.0,244.843
2020-09-12 12:00:00+00:00,10342.0,10369.0,10276.0,10356.0,664.59
2020-09-12 16:00:00+00:00,10356.0,10481.0,10348.5,10453.5,697.326
2020-09-12 20:00:00+00:00,10453.5,10466.0,10405.0,10431.5,332.682
2020-09-13 00:00:00+00:00,10431.5,10557.0,10406.0,10546.5,521.426
2020-09-13 04:00:00+00:00,10546.5,10572.5,10521.0,10539.0,265.979
2020-09-13 08:00:00+00:00,10539.0,10553.5,10313.0,10327.5,1130.9
2020-09-13 12:00:00+00:00,10327.5,10353.0,10264.5,10287.0,933.328
2020-09-13 16:00:00+00:00,10287.0,10314.5,10220.0,10305.0,734.648
2020-09-13 20:00:00+00:00,10305.0,10321.0,10287.0,10320.0,311.13
2020-09-14 00:00:00+00:00,10320.0,10370.0,10250.0,10341.0,566.732
2020-09-14 04:00:00+00:00,10341.0,10391.5,10314.5,10391.5,369.158
2020-09-14 08:00:00+00:00,10391.5,10482.5,10326.0,10464.0,1253.486
2020-09-14 12:00:00+00:00,10464.0,10690.0,10450.0,10688.0,2156.314
2020-09-14 16:00:00+00:00,10688.0,10740.0,10643.0,10659.5,1049.702
2020-09-14 20:00:00+00:00,10659.5,10730.0,10616.0,10662.0,722.982
2020-09-15 00:00:00+00:00,10662.0,10828.0,10642.0,10740.5,709.899
2020-09-15 04:00:00+00:00,10740.5,10765.0,10701.0,10733.0,502.44
2020-09-15 08:00:00+00:00,10733.0,10872.0,10610.0,10820.0,1931.774
2020-09-15 12:00:00+00:00,10820.0,10919.5,10733.0,10783.5,1711.099
2020-09-15 16:00:00+00:00,10783.5,10818.5,10692.0,10772.0,626.531
2020-09-15 20:00:00+00:00,10772.0,10872.5,10741.5,10778.5,742.298
2020-09-16 00:00:00+00:00,10778.5,10781.0,10665.0,10772.0,557.904
2020-09-16 04:00:00+00:00,10772.0,10943.0,10757.5,10909.0,839.032
2020-09-16 08:00:00+00:00,10909.0,10923.0,10821.5,10887.5,868.023
2020-09-16 12:00:00+00:00,10887.5,11011.5,10856.0,10992.0,1933.7
2020-09-16 16:00:00+00:00,10992.0,11090.5,10952.5,10969.0,1783.241
2020-09-16 20:00:00+00:00,10969.0,11041.0,10939.5,10947.0,511.421
2020-09-17 00:00:00+00:00,10947.0,11035.0,10871.0,10871.0,637.47
2020-09-17 04:00:00+00:00,10871.0,10923.0,10841.0,10878.0,630.079
2020-09-17 08:00:00+00:00,10878.0,10899.0,10777.0,10874.0,783.962
2020-09-17 12:00:00+00:00,10874.0,10874.0,10743.0,10832.5,1108.498
2020-09-17 16:00:00+00:00,10832.5,10911.5,10792.0,10911.5,435.815
2020-09-17 20:00:00+00:00,10911.5,10962.5,10905.0,10928.0,378.746
2020-09-18 00:00:00+00:00,10928.0,10949.0,10890.0,10920.5,279.953
2020-09-18 04:00:00+00:00,10920.5,10978.5,10875.0,10942.5,374.416
2020-09-18 08:00:00+00:00,10942.5,11031.5,10924.5,10969.5,539.25
2020-09-18 12:00:00+00:00,10969.5,10990.0,10868.0,10892.5,496.481
2020-09-18 16:00:00+00:00,10892.5,10893.0,10811.5,10865.0,587.608
2020-09-18 20:00:00+00:00,10865.0,10942.0,10849.0,10917.0,416.781
2020-09-19 00:00:00+00:00,10917.0,10965.0,10917.0,10964.5,301.993
2020-09-19 04:00:00+00:00,10964.5,10964.5,10893.0,10898.0,135.986
2020-09-19 08:00:00+00:00,10898.0,11150.0,10884.0,11128.0,1013.562
2020-09-19 12:00:00+00:00,11128.0,11168.0,11043.5,11085.5,740.059
2020-09-19 16:00:00+00:00,11085.5,11100.5,11011.0,11054.5,277.255
2020-09-19 20:00:00+00:00,11054.5,11075.0,11025.5,11071.0,270.124
2020-09-20 00:00:00+00:00,11071.0,11071.0,10900.0,10939.5,1124.372
2020-09-20 04:00:00+00:00,10939.5,10984.0,10929.0,10960.0,281.621
2020-09-20 08:00:00+00:00,10960.0,10976.0,10928.0,10948.0,292.849
2020-09-20 12:00:00+00:00,10948.0,10948.5,10783.0,10827.0,1063.719
2020-09-20 16:00:00+00:00,10827.0,10888.0,10756.0,10860.0,673.066
2020-09-20 20:00:00+00:00,10860.0,10928.5,10820.0,10912.0,600.528
2020-09-21 00:00:00+00:00,10912.0,10962.0,10891.0,10952.0,351.659
2020-09-21 04:00:00+00:00,10952.0,10977.0,10887.0,10893.0,282.003
2020-09-21 08:00:00+00:00,10893.0,10905.5,10580.0,10630.0,2731.768
2020-09-21 12:00:00+00:00,10630.0,10633.0,10283.5,10420.5,3168.426
2020-09-21 16:00:00+00:00,10420.5,10498.0,10360.0,10486.0,997.077
2020-09-21 20:00:00+00:00,10486.0,10530.0,10405.5,10408.0,1188.923
2020-09-22 00:00:00+00:00,10408.0,10482.5,10361.0,10443.5,1658.493
2020-09-22 04:00:00+00:00,10443.5,10495.0,10364.5,10385.5,642.03
2020-09-22 08:00:00+00:00,10385.5,10500.0,10385.0,10450.5,1250.358
2020-09-22 12:00:00+00:00,10450.5,10516.5,10422.5,10449.5,935.254
2020-09-22 16:00:00+00:00,10449.5,10498.0,10449.5,10490.0,668.9
2020-09-22 20:00:00+00:00,10490.0,10572.0,10453.0,10521.0,680.376
2020-09-23 00:00:00+00:00,10521.0,10524.5,10474.0,10474.0,354.957
2020-09-23 04:00:00+00:00,10474.0,10482.5,10388.0,10424.5,891.655
2020-09-23 08:00:00+00:00,10424.5,10487.0,10407.5,10475.5,668.176
2020-09-23 12:00:00+00:00,10475.5,10523.5,10448.0,10448.0,717.692
2020-09-23 16:00:00+00:00,10448.0,10487.0,10257.0,10287.5,1470.065
2020-09-23 20:00:00+00:00,10287.5,10316.0,10140.0,10234.0,1298.289
2020-09-24 00:00:00+00:00,10234.0,10336.0,10196.5,10295.0,583.878
2020-09-24 04:00:00+00:00,10295.0,10348.0,10270.0,10334.5,279.523
2020-09-24 08:00:00+00:00,10334.5,10432.5,10283.5,10401.0,1267.179
2020-09-24 12:00:00+00:00,10401.0,10537.0,10333.0,10530.5,1747.962
2020-09-24 16:00:00+00:00,10530.5,10727.5,10530.0,10643.5,1755.167
2020-09-24 20:00:00+00:00,10643.5,10787.5,10615.0,10722.5,885.2
2020-09-25 00:00:00+00:00,10722.5,10749.5,10662.0,10662.0,458.306
2020-09-25 04:00:00+00:00,10662.0,10695.5,10612.0,10683.0,410.478
2020-09-25 08:00:00+00:00,10683.0,10683.0,10560.0,10627.0,940.153
2020-09-25 12:00:00+00:00,10627.0,10680.5,10562.0,10647.0,1036.131
2020-09-25 16:00:00+00:00,10647.0,10738.5,10629.0,10716.0,501.618
2020-09-25 20:00:00+00:00,10716.0,10750.0,10655.0,10684.0,801.621
2020-09-26 00:00:00+00:00,10684.0,10740.0,10650.0,10702.5,687.267
2020-09-26 04:00:00+00:00,10702.5,10830.0,10689.0,10698.0,891.246
2020-09-26 08:00:00+00:00,10698.0,10726.5,10666.0,10703.0,371.789
2020-09-26 12:00:00+00:00,10703.0,10734.0,10666.5,10719.5,431.828
2020-09-26 16:00:00+00:00,10719.5,10773.0,10687.0,10719.5,308.759
2020-09-26 20:00:00+00:00,10719.5,10750.0,10699.0,10726.5,240.874
2020-09-27 00:00:00+00:00,10726.5,10795.5,10721.0,10773.0,427.837
2020-09-27 04:00:00+00:00,10773.0,10785.0,10619.5,10669.0,739.085
2020-09-27 08:00:00+00:00,10669.0,10674.5,10611.0,10628.0,465.469
2020-09-27 12:00:00+00:00,10628.0,10762.0,10600.0,10745.5,740.123
2020-09-27 16:00:00+00:00,10745.5,10769.5,10703.0,10732.5,319.715
2020-09-27 20:00:00+00:00,10732.5,10778.0,10705.0,10770.0,220.286
2020-09-28 00:00:00+00:00,10770.0,10951.5,10770.0,10885.5,1567.425
2020-09-28 04:00:00+00:00,10885.5,10911.0,10839.0,10858.5,633.071
2020-09-28 08:00:00+00:00,10858.5,10901.0,10831.0,10872.0,567.798
2020-09-28 12:00:00+00:00,10872.0,10935.0,10832.0,10896.5,808.548
2020-09-28 16:00:00+00:00,10896.5,10910.5,10842.5,10864.5,242.07
2020-09-28 20:00:00+00:00,10864.5,10883.5,10635.0,10688.0,1329.039
2020-09-29 00:00:00+00:00,10688.0,10732.0,10662.5,10689.5,639.115
2020-09-29 04:00:00+00:00,10689.5,10736.5,10666.0,10722.0,529.043
2020-09-29 08:00:00+00:00,10722.0,10787.0,10702.5,10755.5,923.956
2020-09-29 12:00:00+00:00,10755.5,10784.5,10718.0,10726.5,635.568
2020-09-29 16:00:00+00:00,10726.5,10760.0,10638.0,10741.0,788.653
2020-09-29 20:00:00+00:00,10741.0,10855.0,10741.0,10834.0,665.094
2020-09-30 00:00:00+00:00,10834.0,10841.0,10735.0,10739.5,449.427
2020-09-30 04:00:00+00:00,10739.5,10757.0,10684.0,10702.0,599.853
2020-09-30 08:00:00+00:00,10702.0,10726.0,10670.5,10688.0,496.144
2020-09-30 12:00:00+00:00,10688.0,10785.5,10676.5,10772.5,638.742
2020-09-30 16:00:00+00:00,10772.5,10788.0,10681.5,10710.0,542.583
2020-09-30 20:00:00+00:00,10710.0,10766.5,10691.5,10759.0,534.833
2020-10-01 00:00:00+00:00,10759.0,10841.5,10759.0,10794.5,664.826
2020-10-01 04:00:00+00:00,10794.5,10827.0,10792.0,10809.5,354.118
2020-10-01 08:00:00+00:00,10809.5,10909.5,10801.5,10875.0,1311.39
2020-10-01 12:00:00+00:00,10875.0,10887.0,10716.0,10725.0,1005.816
2020-10-01 16:00:00+00:00,10725.0,10725.0,10464.5,10607.0,3530.346
2020-10-01 20:00:00+00:00,10607.0,10627.5,10559.5,10611.0,1054.85
2020-10-02 00:00:00+00:00,10611.0,10638.5,10584.0,10634.5,823.939
2020-10-02 04:00:00+00:00,10634.5,10648.0,10392.5,10499.0,1671.497
2020-10-02 08:00:00+00:00,10499.0,10499.5,10392.0,10453.0,1030.035
2020-10-02 12:00:00+00:00,10453.0,10595.0,10449.5,10520.5,2028.185
2020-10-02 16:00:00+00:00,10520.5,10559.5,10503.0,10519.0,395.046
2020-10-02 20:00:00+00:00,10519.0,10582.0,10473.0,10566.5,798.36
2020-10-03 00:00:00+00:00,10566.5,10570.5,10527.5,10553.5,298.931
2020-10-03 04:00:00+00:00,10553.5,10555.5,10502.0,10525.5,244.159
2020-10-03 08:00:00+00:00,10525.5,10556.5,10509.0,10537.5,281.976
2020-10-03 12:00:00+00:00,10537.5,10548.0,10528.0,10541.5,208.82
2020-10-03 16:00:00+00:00,10541.5,10601.0,10541.0,10575.0,448.338
2020-10-03 20:00:00+00:00,10575.0,10580.5,10534.5,10541.0,305.399
2020-10-04 00:00:00+00:00,10541.0,10551.5,10521.0,10544.0,244.591
2020-10-04 04:00:00+00:00,10544.0,10627.5,10544.0,10605.5,684.382
2020-10-04 08:00:00+00:00,10605.5,10610.5,10573.5,10595.0,217.123
2020-10-04 12:00:00+00:00,10595.0,10610.0,10578.0,10594.5,223.36
2020-10-04 16:00:00+00:00,10594.5,10681.0,10583.5,10665.5,836.952
2020-10-04 20:00:00+00:00,10665.5,10677.0,10632.5,10666.0,328.513
2020-10-05 00:00:00+00:00,10666.0,10729.0,10659.5,10661.0,460.253
2020-10-05 04:00:00+00:00,10661.0,10673.0,10618.0,10672.5,518.241
2020-10-05 08:00:00+00:00,10672.5,10679.5,10652.5,10660.0,336.359
2020-10-05 12:00:00+00:00,10660.0,10756.0,10650.0,10705.5,893.654
2020-10-05 16:00:00+00:00,10705.5,10726.0,10671.5,10720.0,420.504
2020-10-05 20:00:00+00:00,10720.0,10782.0,10720.0,10779.0,531.77
2020-10-06 00:00:00+00:00,10779.0,10782.0,10738.0,10757.5,529.712
2020-10-06 04:00:00+00:00,10757.5,10763.5,10708.0,10712.5,310.895
2020-10-06 08:00:00+00:00,10712.5,10739.0,10648.5,10690.0,904.79
2020-10-06 12:00:00+00:00,10690.0,10749.0,10630.0,10730.0,1958.905
2020-10-06 16:00:00+00:00,10730.0,10736.0,10541.0,10572.5,1455.949
2020-10-06 20:00:00+00:00,10572.5,10617.5,10531.0,10600.0,819.046
2020-10-07 00:00:00+00:00,10600.0,10600.5,10554.0,10575.5,360.959
2020-10-07 04:00:00+00:00,10575.5,10623.0,10572.0,10614.0,400.436
2020-10-07 08:00:00+00:00,10614.0,10618.0,10577.5,10600.5,372.773
2020-10-07 12:00:00+00:00,10600.5,10636.0,10600.0,10626.0,811.355
2020-10-07 16:00:00+00:00,10626.0,10668.0,10606.5,10650.5,417.283
2020-10-07 20:00:00+00:00,10650.5,10657.0,10641.0,10656.5,223.871
2020-10-08 00:00:00+00:00,10656.5,10659.0,10613.5,10637.5,531.787
2020-10-08 04:00:00+00:00,10637.5,10638.0,10566.5,10585.0,701.66
2020-10-08 08:00:00+00:00,10585.0,10622.0,10532.0,10603.0,902.77
2020-10-08 12:00:00+00:00,10603.0,10945.0,10593.0,10885.5,3183.494
2020-10-08 16:00:00+00:00,10885.5,10937.5,10845.0,10869.5,776.496
2020-10-08 20:00:00+00:00,10869.5,10923.5,10858.5,10906.0,419.36
2020-10-09 00:00:00+00:00,10906.0,10924.5,10858.0,10879.5,478.634
2020-10-09 04:00:00+00:00,10879.5,10894.0,10826.0,10883.5,448.318
2020-10-09 08:00:00+00:00,10883.5,11092.0,10862.5,11043.0,2764.0
2020-10-09 12:00:00+00:00,11043.0,11089.0,11031.5,11074.5,764.221
2020-10-09 16:00:00+00:00,11074.5,11085.0,11009.5,11033.0,548.019
2020-10-09 20:00:00+00:00,11033.0,11080.5,11014.0,11051.0,555.009
2020-10-10 00:00:00+00:00,11051.0,11490.0,11049.5,11408.0,4968.3
2020-10-10 04:00:00+00:00,11408.0,11415.0,11355.5,11380.0,1382.507
2020-10-10 08:00:00+00:00,11380.0,11395.0,11248.0,11324.0,1110.178
2020-10-10 12:00:00+00:00,11324.0,11414.0,11295.0,11349.0,936.755
2020-10-10 16:00:00+00:00,11349.0,11370.5,11317.5,11362.5,298.438
2020-10-10 20:00:00+00:00,11362.5,11374.0,11274.0,11303.5,1029.724
2020-10-11 00:00:00+00:00,11303.5,11405.0,11286.0,11336.0,552.511
2020-10-11 04:00:00+00:00,11336.0,11369.0,11312.0,11360.5,389.667
2020-10-11 08:00:00+00:00,11360.5,11409.0,11337.5,11374.5,642.028
2020-10-11 12:00:00+00:00,11374.5,11447.0,11341.5,11408.0,1034.057
2020-10-11 16:00:00+00:00,11408.0,11432.0,11329.0,11345.0,1050.094
2020-10-11 20:00:00+00:00,11345.0,11393.5,11290.0,11374.0,652.411
2020-10-12 00:00:00+00:00,11374.0,11410.0,11355.0,11394.0,413.992
2020-10-12 04:00:00+00:00,11394.0,11410.0,11340.0,11382.5,505.253
2020-10-12 08:00:00+00:00,11382.5,11395.0,11200.0,11260.5,1458.307
2020-10-12 12:00:00+00:00,11260.5,11601.5,11251.5,11550.5,2859.662
2020-10-12 16:00:00+00:00,11550.5,11578.5,11536.0,11555.0,771.839
2020-10-12 20:00:00+00:00,11555.0,11729.0,11491.0,11545.0,2323.904
2020-10-13 00:00:00+00:00,11545.0,11551.5,11427.5,11469.0,1041.88
2020-10-13 04:00:00+00:00,11469.0,11526.0,11440.0,11464.5,785.311
2020-10-13 08:00:00+00:00,11464.5,11560.0,11390.5,11494.5,1528.593
2020-10-13 12:00:00+00:00,11494.5,11513.0,11323.0,11396.5,2242.441
2020-10-13 16:00:00+00:00,11396.5,11433.0,11352.0,11401.5,534.521
2020-10-13 20:00:00+00:00,11401.5,11462.0,11398.5,11425.5,419.52
2020-10-14 00:00:00+00:00,11425.5,11487.0,11401.0,11401.0,428.43
2020-10-14 04:00:00+00:00,11401.0,11438.0,11373.0,11412.5,548.307
2020-10-14 08:00:00+00:00,11412.5,11443.0,11364.0,11371.5,629.447
2020-10-14 12:00:00+00:00,11371.5,11549.5,11295.0,11322.5,2242.493
2020-10-14 16:00:00+00:00,11322.5,11376.0,11296.5,11350.5,659.602
2020-10-14 20:00:00+00:00,11350.5,11428.0,11348.5,11418.5,653.075
2020-10-15 00:00:00+00:00,11418.5,11420.5,11366.5,11380.5,313.554
2020-10-15 04:00:00+00:00,11380.5,11419.0,11377.0,11399.5,365.284
2020-10-15 08:00:00+00:00,11399.5,11400.0,11260.0,11319.5,1242.893
2020-10-15 12:00:00+00:00,11319.5,11407.0,11286.0,11397.0,1125.313
2020-10-15 16:00:00+00:00,11397.0,11534.0,11369.5,11515.5,1156.455
2020-10-15 20:00:00+00:00,11515.5,11612.0,11448.0,11491.5,1138.777
2020-10-16 00:00:00+00:00,11491.5,11533.5,11467.5,11496.5,526.837
2020-10-16 04:00:00+00:00,11496.5,11498.5,11203.5,11321.0,2841.241
2020-10-16 08:00:00+00:00,11321.0,11407.0,11231.0,11375.0,1138.071
2020-10-16 12:00:00+00:00,11375.0,11391.5,11295.0,11331.0,757.067
2020-10-16 16:00:00+00:00,11331.0,11366.5,11319.0,11319.0,325.846
2020-10-16 20:00:00+00:00,11319.0,11347.0,11286.0,11318.5,313.832
2020-10-17 00:00:00+00:00,11318.5,11362.0,11276.0,11362.0,457.184
2020-10-17 04:00:00+00:00,11362.0,11376.0,11342.5,11348.5,267.378
2020-10-17 08:00:00+00:00,11348.5,11353.0,11317.5,11343.0,348.903
2020-10-17 12:00:00+00:00,11343.0,11411.0,11260.5,11342.0,1139.504
2020-10-17 16:00:00+00:00,11342.0,11353.0,11308.5,11347.5,261.29
2020-10-17 20:00:00+00:00,11347.5,11362.0,11332.5,11360.0,128.003
2020-10-18 00:00:00+00:00,11360.0,11388.0,11352.0,11366.0,400.6
2020-10-18 04:00:00+00:00,11366.0,11460.0,11366.0,11441.0,446.666
2020-10-18 08:00:00+00:00,11441.0,11470.0,11400.0,11413.5,380.732
2020-10-18 12:00:00+00:00,11413.5,11483.0,11413.5,11444.5,672.283
2020-10-18 16:00:00+00:00,11444.5,11463.5,11429.5,11429.5,218.069
2020-10-18 20:00:00+00:00,11429.5,11500.0,11408.5,11492.0,529.836
2020-10-19 00:00:00+00:00,11492.0,11520.5,11411.0,11411.0,583.247
2020-10-19 04:00:00+00:00,11411.0,11456.0,11406.5,11455.0,193.02
2020-10-19 08:00:00+00:00,11455.0,11518.0,11445.0,11474.5,482.826
2020-10-19 12:00:00+00:00,11474.5,11815.5,11468.5,11788.0,2891.892
2020-10-19 16:00:00+00:00,11788.0,11813.0,11665.0,11678.0,839.879
2020-10-19 20:00:00+00:00,11678.0,11758.5,11661.0,11735.0,482.934
2020-10-20 00:00:00+00:00,11735.0,11750.0,11679.0,11732.5,625.06
2020-10-20 04:00:00+00:00,11732.5,11834.5,11706.5,11728.5,1066.571
2020-10-20 08:00:00+00:00,11728.5,11919.0,11698.0,11761.0,2201.342
2020-10-20 12:00:00+00:00,11761.0,11976.0,11760.0,11920.0,2741.654
2020-10-20 16:00:00+00:00,11920.0,12058.5,11890.5,11905.5,2057.51
2020-10-20 20:00:00+00:00,11905.5,11947.0,11856.0,11902.0,1308.634
2020-10-21 00:00:00+00:00,11902.0,12220.0,11888.5,12175.5,3021.338
2020-10-21 04:00:00+00:00,12175.5,12284.0,12134.0,12186.0,1917.04
2020-10-21 08:00:00+00:00,12186.0,12368.0,12127.0,12324.5,1790.835
2020-10-21 12:00:00+00:00,12324.5,12882.0,12279.5,12723.0,6249.444
2020-10-21 16:00:00+00:00,12723.0,12910.5,12679.5,12700.0,3886.848
2020-10-21 20:00:00+00:00,12700.0,13239.5,12696.5,12820.0,7299.397
2020-10-22 00:00:00+00:00,12820.0,12946.0,12702.5,12741.5,2094.604
2020-10-22 04:00:00+00:00,12741.5,12832.0,12701.5,12762.5,864.177
2020-10-22 08:00:00+00:00,12762.5,13030.0,12715.0,12975.0,2870.974
2020-10-22 12:00:00+00:00,12975.0,12977.5,12819.0,12934.0,2101.438
2020-10-22 16:00:00+00:00,12934.0,13158.5,12926.0,13083.0,2443.366
2020-10-22 20:00:00+00:00,13083.0,13195.5,12943.0,12986.5,2992.684
2020-10-23 00:00:00+00:00,12986.5,13002.0,12856.5,12967.5,1242.508
2020-10-23 04:00:00+00:00,12967.5,12996.0,12886.5,12899.5,997.516
2020-10-23 08:00:00+00:00,12899.5,13032.0,12877.5,12979.5,1605.042
2020-10-23 12:00:00+00:00,12979.5,13016.0,12913.0,12935.5,972.386
2020-10-23 16:00:00+00:00,12935.5,12960.0,12743.0,12918.0,1955.621
2020-10-23 20:00:00+00:00,12918.0,12969.0,12878.5,12931.5,1044.038
2020-10-24 00:00:00+00:00,12931.5,13008.0,12881.0,12971.0,907.867
2020-10-24 04:00:00+00:00,12971.0,12999.0,12920.5,12927.5,420.525
2020-10-24 08:00:00+00:00,12927.5,13001.0,12918.5,12994.0,584.213
2020-10-24 12:00:00+00:00,12994.0,13162.0,12941.0,13105.5,2822.478
2020-10-24 16:00:00+00:00,13105.5,13140.5,13041.5,13116.0,1520.633
2020-10-24 20:00:00+00:00,13116.0,13125.0,13039.5,13110.5,1121.5
2020-10-25 00:00:00+00:00,13110.5,13360.0,13079.5,13306.0,1935.275
2020-10-25 04:00:00+00:00,13306.0,13344.5,12845.0,13024.0,3706.007
2020-10-25 08:00:00+00:00,13024.0,13025.5,12905.0,12959.0,833.13
2020-10-25 12:00:00+00:00,12959.0,13018.0,12947.5,12958.0,976.199
2020-10-25 16:00:00+00:00,12958.0,13038.0,12932.0,13035.0,1085.025
2020-10-25 20:00:00+00:00,13035.0,13040.0,12989.0,13024.5,480.974
2020-10-26 00:00:00+00:00,13024.5,13123.5,12984.0,13090.5,693.255
2020-10-26 04:00:00+00:00,13090.5,13144.0,13041.5,13049.0,1424.446
2020-10-26 08:00:00+00:00,13049.0,13181.5,12840.0,13145.5,1935.357
2020-10-26 12:00:00+00:00,13145.5,13243.0,12933.0,12990.5,3734.607
2020-10-26 16:00:00+00:00,12990.5,13039.5,12769.0,12990.5,2973.479
2020-10-26 20:00:00+00:00,12990.5,13062.0,12980.0,13050.0,1180.841
2020-10-27 00:00:00+00:00,13050.0,13120.5,13044.5,13073.0,862.102
2020-10-27 04:00:00+00:00,13073.0,13142.0,13065.5,13136.5,1214.561
2020-10-27 08:00:00+00:00,13136.5,13495.5,13082.0,13436.5,3622.148
2020-10-27 12:00:00+00:00,13436.5,13634.0,13324.5,13605.5,3526.5
2020-10-27 16:00:00+00:00,13605.5,13742.0,13526.5,13652.5,2880.456
2020-10-27 20:00:00+00:00,13652.5,13777.0,13563.5,13637.0,2211.827
2020-10-28 00:00:00+00:00,13637.0,13858.0,13605.0,13790.5,2566.047
2020-10-28 04:00:00+00:00,13790.5,13817.0,13564.0,13666.0,1888.127
2020-10-28 08:00:00+00:00,13666.0,13696.0,13321.0,13333.5,3034.037
2020-10-28 12:00:00+00:00,13333.5,13375.0,12892.0,13217.5,6735.717
2020-10-28 16:00:00+00:00,13217.5,13242.0,13007.5,13160.5,2352.104
2020-10-28 20:00:00+00:00,13160.5,13288.5,13098.0,13259.5,1230.576
2020-10-29 00:00:00+00:00,13259.5,13290.0,13150.0,13259.5,1071.934
2020-10-29 04:00:00+00:00,13259.5,13315.0,13120.5,13134.0,969.899
2020-10-29 08:00:00+00:00,13134.0,13196.0,13046.0,13048.0,1599.358
2020-10-29 12:00:00+00:00,13048.0,13473.5,12975.0,13424.5,3584.248
2020-10-29 16:00:00+00:00,13424.5,13622.0,13393.5,13485.0,3504.672
2020-10-29 20:00:00+00:00,13485.0,13533.5,13387.0,13437.5,1863.831
2020-10-30 00:00:00+00:00,13437.5,13651.5,13330.0,13428.0,3329.313
2020-10-30 04:00:00+00:00,13428.0,13488.0,13114.0,13203.5,2882.207
2020-10-30 08:00:00+00:00,13203.5,13362.0,13149.0,13343.5,1775.833
2020-10-30 12:00:00+00:00,13343.5,13536.5,13219.5,13532.5,2292.419
2020-10-30 16:00:00+00:00,13532.5,13560.0,13448.0,13526.5,2121.5
2020-10-30 20:00:00+00:00,13526.5,13655.0,13465.5,13544.5,2751.64
2020-10-31 00:00:00+00:00,13544.5,13723.0,13413.5,13484.5,2982.117
2020-10-31 04:00:00+00:00,13484.5,13595.0,13452.0,13565.5,1542.804
2020-10-31 08:00:00+00:00,13565.5,14120.0,13564.5,13930.5,6587.74
2020-10-31 12:00:00+00:00,13930.5,13932.5,13739.5,13848.5,2460.939
2020-10-31 16:00:00+00:00,13848.5,13866.5,13683.5,13770.5,2043.243
2020-10-31 20:00:00+00:00,13770.5,13868.0,13739.5,13782.0,1375.539
2020-11-01 00:00:00+00:00,13782.0,13875.0,13638.5,13683.0,2546.309
2020-11-01 04:00:00+00:00,13683.0,13785.0,13611.0,13775.5,1145.095
2020-11-01 08:00:00+00:00,13775.5,13793.5,13648.5,13679.5,1749.957
2020-11-01 12:00:00+00:00,13679.5,13841.5,13657.5,13789.5,1922.08
2020-11-01 16:00:00+00:00,13789.5,13818.0,13760.0,13781.5,646.765
2020-11-01 20:00:00+00:00,13781.5,13844.5,13645.0,13750.0,1516.629
2020-11-02 00:00:00+00:00,13750.0,13818.5,13650.0,13689.5,1276.0
2020-11-02 04:00:00+00:00,13689.5,13741.0,13640.5,13724.5,28.475
2020-11-02 08:00:00+00:00,13724.5,13725.5,13361.0,13414.0,3852.12
2020-11-02 12:00:00+00:00,13414.0,13524.5,13207.0,13498.0,4017.139
2020-11-02 16:00:00+00:00,13498.0,13539.0,13441.0,13536.5,1396.344
2020-11-02 20:00:00+00:00,13536.5,13691.5,13532.0,13545.5,3061.964
2020-11-03 00:00:00+00:00,13545.5,13625.5,13330.0,13383.0,3881.041
2020-11-03 04:00:00+00:00,13383.0,13447.0,13280.5,13432.0,2361.53
2020-11-03 08:00:00+00:00,13432.0,13585.5,13405.0,13517.0,1558.614
2020-11-03 12:00:00+00:00,13517.0,13777.0,13473.5,13705.5,3122.904
2020-11-03 16:00:00+00:00,13705.5,13756.0,13673.0,13709.0,1093.994
2020-11-03 20:00:00+00:00,13709.0,14058.5,13650.0,14012.0,3402.324
2020-11-04 00:00:00+00:00,14012.0,14030.0,13700.5,13888.5,3907.917
2020-11-04 04:00:00+00:00,13888.5,13907.5,13531.0,13591.0,2339.591
2020-11-04 08:00:00+00:00,13591.0,13737.0,13572.0,13702.5,1862.894
2020-11-04 12:00:00+00:00,13702.5,13899.5,13690.0,13888.0,2163.912
2020-11-04 16:00:00+00:00,13888.0,14249.0,13873.5,14099.5,4343.034
2020-11-04 20:00:00+00:00,14099.5,14234.0,13939.0,14130.0,2769.136
2020-11-05 00:00:00+00:00,14130.0,14365.0,14100.5,14307.0,2775.433
2020-11-05 04:00:00+00:00,14307.0,14502.5,14250.0,14474.0,2424.515
2020-11-05 08:00:00+00:00,14474.0,14738.0,14346.0,14713.0,4425.252
2020-11-05 12:00:00+00:00,14713.0,15170.0,14621.0,15090.0,8567.308
2020-11-05 16:00:00+00:00,15090.0,15308.5,14776.5,15109.5,9332.128
2020-11-05 20:00:00+00:00,15109.5,15758.0,15032.0,15594.0,6492.762
2020-11-06 00:00:00+00:00,15594.0,15976.0,15407.0,15449.5,7396.771
2020-11-06 04:00:00+00:00,15449.5,15781.0,15438.5,15738.5,2208.441
2020-11-06 08:00:00+00:00,15738.5,15743.0,15319.0,15599.5,4235.441
2020-11-06 12:00:00+00:00,15599.5,15720.0,15363.5,15416.0,5925.187
2020-11-06 16:00:00+00:00,15416.0,15566.5,15415.0,15446.5,2148.117
2020-11-06 20:00:00+00:00,15446.5,15674.5,15201.5,15573.0,3752.82
2020-11-07 00:00:00+00:00,15573.0,15757.5,15517.5,15562.5,3855.354
2020-11-07 04:00:00+00:00,15562.5,15631.0,15426.5,15444.5,2708.684
2020-11-07 08:00:00+00:00,15444.5,15582.0,15401.5,15525.5,1600.711
2020-11-07 12:00:00+00:00,15525.5,15546.0,15200.0,15344.5,4281.286
2020-11-07 16:00:00+00:00,15344.5,15414.5,14562.5,14649.5,9938.115
2020-11-07 20:00:00+00:00,14649.5,14913.0,14359.5,14815.5,4872.203
2020-11-08 00:00:00+00:00,14815.5,15120.5,14724.0,14985.5,2458.348
2020-11-08 04:00:00+00:00,14985.5,15077.0,14924.0,14941.5,1214.878
2020-11-08 08:00:00+00:00,14941.5,15188.5,14909.5,15173.5,1699.565
2020-11-08 12:00:00+00:00,15173.5,15430.0,15115.5,15349.5,3912.768
2020-11-08 16:00:00+00:00,15349.5,15650.0,15274.0,15348.5,4042.855
2020-11-08 20:00:00+00:00,15348.5,15531.5,15253.5,15481.5,2671.802
2020-11-09 00:00:00+00:00,15481.5,15594.0,15395.0,15444.5,1889.602
2020-11-09 04:00:00+00:00,15444.5,15487.0,15302.0,15312.0,1865.476
2020-11-09 08:00:00+00:00,15312.0,15848.0,15155.0,15804.0,4945.206
2020-11-09 12:00:00+00:00,15804.0,15805.5,14958.0,15011.0,9222.804
2020-11-09 16:00:00+00:00,15011.0,15441.0,14825.0,15354.5,5273.52
2020-11-09 20:00:00+00:00,15354.5,15477.5,15223.5,15325.5,3239.433
2020-11-10 00:00:00+00:00,15325.5,15428.0,15198.5,15343.0,2622.278
2020-11-10 04:00:00+00:00,15343.0,15446.5,15263.5,15291.5,1747.031
2020-11-10 08:00:00+00:00,15291.5,15476.0,15181.0,15281.0,3093.569
2020-11-10 12:00:00+00:00,15281.0,15397.0,15091.5,15173.0,3994.617
2020-11-10 16:00:00+00:00,15173.0,15339.0,15127.0,15309.5,1931.551
2020-11-10 20:00:00+00:00,15309.5,15392.0,15276.0,15296.5,2046.37
2020-11-11 00:00:00+00:00,15296.5,15506.0,15276.5,15406.0,3562.072
2020-11-11 04:00:00+00:00,15406.0,15435.0,15333.5,15395.5,1907.916
2020-11-11 08:00:00+00:00,15395.5,15680.0,15377.0,15588.0,3641.323
2020-11-11 12:00:00+00:00,15588.0,15707.5,15550.0,15679.0,3125.259
2020-11-11 16:00:00+00:00,15679.0,15989.0,15648.0,15814.0,6560.532
2020-11-11 20:00:00+00:00,15814.0,15878.5,15588.0,15687.5,3089.401
2020-11-12 00:00:00+00:00,15687.5,15711.5,15453.5,15634.0,2265.753
2020-11-12 04:00:00+00:00,15634.0,15916.0,15605.5,15864.5,2400.067
2020-11-12 08:00:00+00:00,15864.5,16166.0,15630.0,15757.5,8088.329
2020-11-12 12:00:00+00:00,15757.5,16144.0,15745.0,16128.0,6324.416
2020-11-12 16:00:00+00:00,16128.0,16197.5,15888.0,16060.0,5991.882
2020-11-12 20:00:00+00:00,16060.0,16340.0,16027.0,16285.0,4294.529
2020-11-13 00:00:00+00:00,16285.0,16464.5,16264.0,16416.5,3731.314
2020-11-13 04:00:00+00:00,16416.5,16443.5,16186.0,16257.0,3515.048
2020-11-13 08:00:00+00:00,16257.0,16355.5,16076.5,16222.0,3553.415
2020-11-13 12:00:00+00:00,16222.0,16298.0,16082.5,16100.0,3167.518
2020-11-13 16:00:00+00:00,16100.0,16291.0,15961.0,16281.0,2828.228
2020-11-13 20:00:00+00:00,16281.0,16348.0,16178.5,16318.5,1378.516
2020-11-14 00:00:00+00:00,16318.5,16319.5,16148.0,16181.5,1382.132
2020-11-14 04:00:00+00:00,16181.5,16197.0,16031.0,16088.5,1634.653
2020-11-14 08:00:00+00:00,16088.5,16122.0,15747.5,15916.5,4669.737
2020-11-14 12:00:00+00:00,15916.5,16038.0,15824.0,15942.0,2317.989
2020-11-14 16:00:00+00:00,15942.0,16005.0,15711.5,15886.0,2619.876
2020-11-14 20:00:00+00:00,15886.0,16125.0,15861.0,16060.0,1762.749
2020-11-15 00:00:00+00:00,16060.0,16087.0,15872.5,15912.0,1354.683
2020-11-15 04:00:00+00:00,15912.0,16079.5,15877.5,16021.0,850.111
2020-11-15 08:00:00+00:00,16021.0,16149.5,15934.5,15951.5,2216.797
2020-11-15 12:00:00+00:00,15951.5,16094.0,15920.0,16006.0,1847.276
2020-11-15 16:00:00+00:00,16006.0,16042.5,15840.0,15853.0,1668.588
2020-11-15 20:00:00+00:00,15853.0,15988.0,15769.0,15939.5,1603.946
2020-11-16 00:00:00+00:00,15939.5,16030.0,15866.0,15999.0,1922.803
2020-11-16 04:00:00+00:00,15999.0,16280.0,15978.0,16229.5,2508.459
2020-11-16 08:00:00+00:00,16229.5,16379.5,16172.0,16233.0,2681.761
2020-11-16 12:00:00+00:00,16233.0,16464.0,16232.5,16428.0,3432.96
2020-11-16 16:00:00+00:00,16428.0,16835.0,16420.5,16775.0,7933.136
2020-11-16 20:00:00+00:00,16775.0,16872.0,16604.0,16702.5,3978.856
2020-11-17 00:00:00+00:00,16702.5,16820.0,16581.0,16584.0,4003.011
2020-11-17 04:00:00+00:00,16584.0,16778.0,16565.5,16746.5,1884.784
2020-11-17 08:00:00+00:00,16746.5,17020.0,16639.0,17002.0,4143.547
2020-11-17 12:00:00+00:00,17002.0,17366.0,16942.0,17325.0,9564.933
2020-11-17 16:00:00+00:00,17325.0,17893.0,17277.0,17696.0,12316.092
2020-11-17 20:00:00+00:00,17696.0,17724.0,17470.0,17663.5,4082.221
2020-11-18 00:00:00+00:00,17663.5,18110.0,17620.5,18063.5,4184.045
2020-11-18 04:00:00+00:00,18063.5,18504.5,17247.0,18063.5,14557.473
2020-11-18 08:00:00+00:00,18063.5,18266.5,17892.5,18251.0,10547.136
2020-11-18 12:00:00+00:00,18251.0,18255.0,17310.5,17880.0,11207.091
2020-11-18 16:00:00+00:00,17880.0,18011.5,17595.0,17675.0,6305.952
2020-11-18 20:00:00+00:00,17675.0,17857.0,17517.5,17792.0,3645.316
2020-11-19 00:00:00+00:00,17792.0,18075.5,17600.0,17933.0,4606.868
2020-11-19 04:00:00+00:00,17933.0,17935.5,17613.0,17662.0,3523.205
2020-11-19 08:00:00+00:00,17662.0,17791.5,17355.0,17783.0,8220.326
2020-11-19 12:00:00+00:00,17783.0,18195.0,17672.0,18061.0,10845.212
2020-11-19 16:00:00+00:00,18061.0,18142.0,17905.5,17986.5,5019.883
2020-11-19 20:00:00+00:00,17986.5,18127.0,17716.5,17802.5,4503.769
2020-11-20 00:00:00+00:00,17802.5,18039.5,17763.0,17960.5,2689.294
2020-11-20 04:00:00+00:00,17960.5,18439.0,17960.0,18209.5,6843.007
2020-11-20 08:00:00+00:00,18209.5,18395.5,18133.0,18298.5,3726.95
2020-11-20 12:00:00+00:00,18298.5,18766.0,18179.0,18675.0,6059.865
2020-11-20 16:00:00+00:00,18675.0,18825.0,18456.0,18640.5,3369.434
2020-11-20 20:00:00+00:00,18640.5,18716.0,18514.0,18663.0,2731.714
2020-11-21 00:00:00+00:00,18663.0,18981.5,18650.5,18686.0,4371.256
2020-11-21 04:00:00+00:00,18686.0,18745.0,18461.0,18672.0,3087.614
2020-11-21 08:00:00+00:00,18672.0,18806.0,18518.0,18568.0,2354.993
2020-11-21 12:00:00+00:00,18568.0,18866.5,18329.5,18807.0,4725.129
2020-11-21 16:00:00+00:00,18807.0,18950.0,18605.0,18729.5,3517.675
2020-11-21 20:00:00+00:00,18729.5,18755.0,18560.0,18713.0,2876.366
2020-11-22 00:00:00+00:00,18713.0,18775.0,18411.0,18586.0,3979.472
2020-11-22 04:00:00+00:00,18586.0,18632.5,18324.5,18524.0,2918.755
2020-11-22 08:00:00+00:00,18524.0,18540.0,17667.0,17928.0,9877.707
2020-11-22 12:00:00+00:00,17928.0,18325.0,17857.5,18281.5,5587.85
2020-11-22 16:00:00+00:00,18281.5,18653.0,18281.5,18608.5,4191.864
2020-11-22 20:00:00+00:00,18608.5,18710.0,18411.0,18421.5,3035.779
2020-11-23 00:00:00+00:00,18421.5,18535.5,18045.0,18409.0,5882.545
2020-11-23 04:00:00+00:00,18409.0,18588.0,18347.5,18473.0,2520.821
2020-11-23 08:00:00+00:00,18473.0,18804.0,18470.0,18619.0,4560.775
2020-11-23 12:00:00+00:00,18619.0,18714.0,18257.0,18275.0,7604.108
2020-11-23 16:00:00+00:00,18275.0,18472.0,18173.5,18467.0,3777.45
2020-11-23 20:00:00+00:00,18467.0,18494.0,18292.0,18359.5,2769.347
2020-11-24 00:00:00+00:00,18359.5,18540.0,18235.0,18369.0,3130.142
2020-11-24 04:00:00+00:00,18369.0,18458.0,18050.0,18335.5,8080.599
2020-11-24 08:00:00+00:00,18335.5,19130.5,18335.5,19026.5,12412.807
2020-11-24 12:00:00+00:00,19026.5,19391.5,18965.0,19319.5,5267.503
2020-11-24 16:00:00+00:00,19319.5,19400.5,19111.0,19166.0,3631.521
2020-11-24 20:00:00+00:00,19166.0,19239.5,18866.0,19160.0,5158.017
2020-11-25 00:00:00+00:00,19160.0,19224.0,18771.0,18840.5,3963.533
2020-11-25 04:00:00+00:00,18840.5,19055.0,18650.0,18998.5,6326.63
2020-11-25 08:00:00+00:00,18998.5,19372.5,18994.0,19300.5,2685.126
2020-11-25 12:00:00+00:00,19300.5,19531.0,19112.5,19126.5,5852.806
2020-11-25 16:00:00+00:00,19126.5,19194.5,18821.0,18999.0,5663.949
2020-11-25 20:00:00+00:00,18999.0,19102.0,18515.5,18737.5,5435.363
2020-11-26 00:00:00+00:00,18737.5,18923.0,17135.0,17934.0,11800.085
2020-11-26 04:00:00+00:00,17934.0,18093.0,17518.0,17657.5,8367.049
2020-11-26 08:00:00+00:00,17657.5,17657.5,16350.0,17121.0,19303.563
2020-11-26 12:00:00+00:00,17121.0,17400.0,16738.5,16892.5,8105.841
2020-11-26 16:00:00+00:00,16892.5,17041.5,16202.0,16542.0,8650.006
2020-11-26 20:00:00+00:00,16542.0,17283.0,16533.5,17154.0,3976.269
2020-11-27 00:00:00+00:00,17154.0,17455.0,17037.5,17088.0,3342.676
2020-11-27 04:00:00+00:00,17088.0,17337.5,17045.5,17095.0,2301.562
2020-11-27 08:00:00+00:00,17095.0,17218.0,16616.0,16777.5,7095.163
2020-11-27 12:00:00+00:00,16777.5,17068.0,16452.0,16510.0,3572.955
2020-11-27 16:00:00+00:00,16510.0,16851.5,16479.5,16796.5,1858.123
2020-11-27 20:00:00+00:00,16796.5,17150.0,16750.5,17132.0,2864.99
2020-11-28 00:00:00+00:00,17132.0,17189.5,16944.5,16990.5,2189.531
2020-11-28 04:00:00+00:00,16990.5,17056.5,16881.5,17010.0,1248.098
2020-11-28 08:00:00+00:00,17010.0,17245.5,16867.0,17165.5,1747.973
2020-11-28 12:00:00+00:00,17165.5,17514.0,17080.0,17500.0,2717.209
2020-11-28 16:00:00+00:00,17500.0,17824.0,17500.0,17806.5,3231.026
2020-11-28 20:00:00+00:00,17806.5,17860.0,17632.0,17716.0,1841.484
2020-11-29 00:00:00+00:00,17716.0,17880.0,17519.5,17872.0,1792.11
2020-11-29 04:00:00+00:00,17872.0,17872.0,17679.5,17819.5,1064.264
2020-11-29 08:00:00+00:00,17819.5,18223.0,17804.0,18085.5,3617.557
2020-11-29 12:00:00+00:00,18085.5,18178.5,17915.5,18099.5,2402.328
2020-11-29 16:00:00+00:00,18099.5,18124.5,17921.5,18016.0,1740.227
2020-11-29 20:00:00+00:00,18016.0,18324.5,18015.5,18179.0,2988.287
2020-11-30 00:00:00+00:00,18179.0,18565.5,18179.0,18565.0,3083.328
2020-11-30 04:00:00+00:00,18565.0,18660.5,18448.5,18617.0,1745.174
2020-11-30 08:00:00+00:00,18617.0,18657.5,18342.5,18600.5,3002.633
2020-11-30 12:00:00+00:00,18600.5,19930.5,18600.0,19353.0,12647.821
2020-11-30 16:00:00+00:00,19353.0,19622.0,19057.0,19260.0,5930.173
2020-11-30 20:00:00+00:00,19260.0,19770.0,19189.0,19712.0,3172.487
2020-12-01 00:00:00+00:00,19712.0,19732.0,19345.0,19451.5,4515.211
2020-12-01 04:00:00+00:00,19451.5,19550.0,19320.5,19536.0,3289.242
2020-12-01 08:00:00+00:00,19536.0,19948.0,18914.5,19447.0,9752.574
2020-12-01 12:00:00+00:00,19447.0,19500.5,18090.5,19272.5,21602.311
2020-12-01 16:00:00+00:00,19272.5,19322.0,18628.0,19073.0,8090.208
2020-12-01 20:00:00+00:00,19073.0,19218.0,18738.5,18770.5,4166.534
2020-12-02 00:00:00+00:00,18770.5,18962.5,18424.5,18604.0,5242.988
2020-12-02 04:00:00+00:00,18604.0,19143.5,18332.0,19138.0,5511.75
2020-12-02 08:00:00+00:00,19138.0,19344.0,19009.0,19133.0,5794.806
2020-12-02 12:00:00+00:00,19133.0,19256.5,18743.0,18886.0,5458.827
2020-12-02 16:00:00+00:00,18886.0,19134.0,18788.0,19109.0,2767.972
2020-12-02 20:00:00+00:00,19109.0,19268.5,19065.0,19217.5,2564.685
2020-12-03 00:00:00+00:00,19217.5,19299.0,18956.5,19093.0,2698.917
2020-12-03 04:00:00+00:00,19093.0,19255.0,18876.0,19208.5,2609.787
2020-12-03 08:00:00+00:00,19208.5,19473.5,19123.5,19418.5,4071.24
2020-12-03 12:00:00+00:00,19418.5,19562.0,19259.0,19551.5,2280.836
2020-12-03 16:00:00+00:00,19551.5,19620.0,19208.0,19420.0,2547.207
2020-12-03 20:00:00+00:00,19420.0,19542.5,19322.0,19435.0,1130.704
2020-12-04 00:00:00+00:00,19435.0,19527.0,19137.0,19169.5,1485.596
2020-12-04 04:00:00+00:00,19169.5,19363.0,19140.0,19308.0,1397.059
2020-12-04 08:00:00+00:00,19308.0,19446.5,18782.0,18835.0,4261.649
2020-12-04 12:00:00+00:00,18835.0,19139.0,18694.0,18960.0,3561.472
2020-12-04 16:00:00+00:00,18960.0,19073.5,18830.0,19037.5,1739.037
2020-12-04 20:00:00+00:00,19037.5,19038.0,18576.5,18667.5,2533.331
2020-12-05 00:00:00+00:00,18667.5,18880.0,18512.0,18825.5,1649.065
2020-12-05 04:00:00+00:00,18825.5,18989.5,18811.0,18917.0,1233.67
2020-12-05 08:00:00+00:00,18917.0,19183.0,18912.0,19022.5,1766.259
2020-12-05 12:00:00+00:00,19022.5,19148.0,18963.0,19117.0,1088.521
2020-12-05 16:00:00+00:00,19117.0,19174.5,19034.5,19108.0,866.272
2020-12-05 20:00:00+00:00,19108.0,19153.0,18986.5,19143.5,792.396
2020-12-06 00:00:00+00:00,19143.5,19342.0,19134.0,19189.0,1673.424
2020-12-06 04:00:00+00:00,19189.0,19259.5,19122.0,19233.5,877.363
2020-12-06 08:00:00+00:00,19233.5,19249.5,18948.0,19076.0,2016.02
2020-12-06 12:00:00+00:00,19076.0,19145.0,18866.0,19115.5,1413.399
2020-12-06 16:00:00+00:00,19115.5,19204.0,19017.0,19130.5,1084.19
2020-12-06 20:00:00+00:00,19130.5,19428.5,19060.5,19366.0,2107.575
2020-12-07 00:00:00+00:00,19366.0,19431.0,19168.5,19284.5,1715.379
2020-12-07 04:00:00+00:00,19284.5,19399.0,19239.0,19375.5,1068.543
2020-12-07 08:00:00+00:00,19375.5,19379.0,19091.5,19109.0,1543.121
2020-12-07 12:00:00+00:00,19109.0,19262.0,19100.0,19222.0,1657.608
2020-12-07 16:00:00+00:00,19222.0,19250.5,18921.0,18970.0,1845.59
2020-12-07 20:00:00+00:00,18970.0,19216.5,18948.0,19176.5,1097.595
2020-12-08 00:00:00+00:00,19176.5,19235.0,19145.0,19167.0,527.818
2020-12-08 04:00:00+00:00,19167.0,19306.0,19087.5,19162.5,1012.751
2020-12-08 08:00:00+00:00,19162.5,19171.0,18687.0,18774.0,3374.512
2020-12-08 12:00:00+00:00,18774.0,18967.0,18625.0,18812.5,2472.95
2020-12-08 16:00:00+00:00,18812.5,18931.0,18753.0,18790.5,1452.169
2020-12-08 20:00:00+00:00,18790.5,18840.0,18179.0,18322.0,7160.283
2020-12-09 00:00:00+00:00,18322.0,18367.0,18020.0,18282.0,4648.577
2020-12-09 04:00:00+00:00,18282.0,18282.0,17854.0,17913.5,4165.028
2020-12-09 08:00:00+00:00,17913.5,18374.0,17649.5,18245.0,7675.413
2020-12-09 12:00:00+00:00,18245.0,18504.0,18171.0,18341.0,2413.648
2020-12-09 16:00:00+00:00,18341.0,18422.5,18161.5,18242.0,1822.82
2020-12-09 20:00:00+00:00,18242.0,18632.0,18206.0,18540.0,2296.003
2020-12-10 00:00:00+00:00,18540.0,18542.0,18320.0,18395.5,2686.878
2020-12-10 04:00:00+00:00,18395.5,18482.0,18282.0,18328.0,1175.942
2020-12-10 08:00:00+00:00,18328.0,18468.0,18112.0,18186.0,2380.757
2020-12-10 12:00:00+00:00,18186.0,18273.5,17917.0,18133.5,5032.3
2020-12-10 16:00:00+00:00,18133.5,18396.5,18081.5,18385.5,3728.527
2020-12-10 20:00:00+00:00,18385.5,18425.5,18219.0,18240.0,3333.456
2020-12-11 00:00:00+00:00,18240.0,18280.0,17713.0,17982.0,5508.128
2020-12-11 04:00:00+00:00,17982.0,18034.0,17696.5,17810.5,2928.226
2020-12-11 08:00:00+00:00,17810.5,17983.0,17567.0,17647.5,4836.275
2020-12-11 12:00:00+00:00,17647.5,18116.0,17614.0,18081.0,4545.247
2020-12-11 16:00:00+00:00,18081.0,18089.5,17863.0,17959.0,2441.863
2020-12-11 20:00:00+00:00,17959.0,18160.5,17909.0,18026.0,2239.298
2020-12-12 00:00:00+00:00,18026.0,18355.0,18024.0,18264.5,2169.737
2020-12-12 04:00:00+00:00,18264.5,18390.0,18252.0,18380.0,754.92
2020-12-12 08:00:00+00:00,18380.0,18491.0,18331.5,18490.5,1758.878
2020-12-12 12:00:00+00:00,18490.5,18499.0,18308.5,18390.0,1502.789
2020-12-12 16:00:00+00:00,18390.0,18830.0,18361.0,18788.0,2593.479
2020-12-12 20:00:00+00:00,18788.0,18940.0,18720.0,18779.5,2233.121
2020-12-13 00:00:00+00:00,18779.5,18849.0,18700.5,18769.0,688.862
2020-12-13 04:00:00+00:00,18769.0,19278.0,18760.5,19231.0,2936.733
2020-12-13 08:00:00+00:00,19231.0,19374.0,19162.0,19322.0,3125.807
2020-12-13 12:00:00+00:00,19322.0,19422.5,19102.5,19219.0,3356.571
2020-12-13 16:00:00+00:00,19219.0,19395.5,19184.0,19206.0,1840.558
2020-12-13 20:00:00+00:00,19206.0,19232.5,18976.5,19177.0,1901.696
2020-12-14 00:00:00+00:00,19177.0,19339.5,19017.5,19256.0,1641.595
2020-12-14 04:00:00+00:00,19256.0,19274.0,19044.5,19157.5,1391.883
2020-12-14 08:00:00+00:00,19157.5,19258.5,19055.0,19108.0,1135.13
2020-12-14 12:00:00+00:00,19108.0,19306.5,19032.5,19192.5,1861.827
2020-12-14 16:00:00+00:00,19192.5,19231.5,19123.0,19175.0,1144.014
2020-12-14 20:00:00+00:00,19175.0,19348.0,19127.5,19276.0,1921.6
2020-12-15 00:00:00+00:00,19276.0,19585.5,19262.0,19494.5,3970.39
2020-12-15 04:00:00+00:00,19494.5,19503.0,19057.5,19198.5,3878.782
2020-12-15 08:00:00+00:00,19198.5,19348.0,19078.5,19287.0,3010.951
2020-12-15 12:00:00+00:00,19287.0,19420.0,19254.0,19407.5,2813.468
2020-12-15 16:00:00+00:00,19407.5,19528.0,19338.5,19525.5,2006.905
2020-12-15 20:00:00+00:00,19525.5,19533.0,19345.0,19414.0,2667.564
2020-12-16 00:00:00+00:00,19414.0,19472.0,19277.5,19348.0,1370.939
2020-12-16 04:00:00+00:00,19348.0,19435.0,19303.5,19415.5,1412.049
2020-12-16 08:00:00+00:00,19415.5,19887.5,19373.0,19749.5,5300.286
2020-12-16 12:00:00+00:00,19749.5,20859.0,19691.0,20670.5,11133.195
2020-12-16 16:00:00+00:00,20670.5,20887.5,20563.0,20730.5,3871.873
2020-12-16 20:00:00+00:00,20730.5,21599.5,20730.5,21364.0,10296.05
2020-12-17 00:00:00+00:00,21364.0,22210.0,21256.0,21785.5,6695.291
2020-12-17 04:00:00+00:00,21785.5,22521.5,21773.5,22515.5,5123.329
2020-12-17 08:00:00+00:00,22515.5,23893.0,22327.0,22781.0,17576.737
2020-12-17 12:00:00+00:00,22781.0,23375.0,22622.0,23333.5,9405.072
2020-12-17 16:00:00+00:00,23333.5,23729.0,22511.0,22922.0,11420.913
2020-12-17 20:00:00+00:00,22922.0,23116.0,22348.5,22799.5,6514.635
2020-12-18 00:00:00+00:00,22799.5,23266.5,22473.5,22834.5,3835.148
2020-12-18 04:00:00+00:00,22834.5,23166.5,22793.0,23071.0,2533.059
2020-12-18 08:00:00+00:00,23071.0,23309.0,22754.5,22898.0,3765.773
2020-12-18 12:00:00+00:00,22898.0,23096.5,22367.5,22563.0,5042.668
2020-12-18 16:00:00+00:00,22563.0,22824.0,22480.5,22757.0,1937.148
2020-12-18 20:00:00+00:00,22757.0,23148.0,22669.0,23117.0,3189.931
2020-12-19 00:00:00+00:00,23117.0,23240.5,22922.5,23125.5,2738.875
2020-12-19 04:00:00+00:00,23125.5,23150.5,22850.0,22885.0,2302.461
2020-12-19 08:00:00+00:00,22885.0,23098.0,22765.5,22911.0,2400.296
2020-12-19 12:00:00+00:00,22911.0,23683.0,22910.0,23581.0,6913.617
2020-12-19 16:00:00+00:00,23581.0,24278.0,23526.0,23826.0,9134.064
2020-12-19 20:00:00+00:00,23826.0,24093.0,23744.5,23848.5,2828.048
2020-12-20 00:00:00+00:00,23848.5,23858.0,23201.5,23351.0,4846.338
2020-12-20 04:00:00+00:00,23351.0,23648.0,23084.5,23625.0,2064.427
2020-12-20 08:00:00+00:00,23625.0,23795.5,23388.5,23565.0,2393.911
2020-12-20 12:00:00+00:00,23565.0,23931.0,23288.0,23890.0,3410.15
2020-12-20 16:00:00+00:00,23890.0,24025.0,23659.5,23968.0,3290.022
2020-12-20 20:00:00+00:00,23968.0,24344.0,23130.0,23468.5,9624.841
2020-12-21 00:00:00+00:00,23468.5,24023.0,23306.5,23956.5,3871.191
2020-12-21 04:00:00+00:00,23956.5,24124.5,23707.0,23973.0,3927.895
2020-12-21 08:00:00+00:00,23973.0,24082.5,22380.0,22667.0,14416.124
2020-12-21 12:00:00+00:00,22667.0,23178.5,21959.0,23072.5,8458.488
2020-12-21 16:00:00+00:00,23072.5,23300.0,22644.0,22810.0,5520.128
2020-12-21 20:00:00+00:00,22810.0,23238.5,22717.5,22730.5,3277.887
2020-12-22 00:00:00+00:00,22730.5,22971.0,22485.5,22853.0,3604.183
2020-12-22 04:00:00+00:00,22853.0,23070.0,22514.5,22665.0,3164.82
2020-12-22 08:00:00+00:00,22665.0,23152.5,22379.0,23116.0,4413.955
2020-12-22 12:00:00+00:00,23116.0,23641.5,23062.0,23368.0,5816.95
2020-12-22 16:00:00+00:00,23368.0,23530.0,23243.5,23407.0,2831.567
2020-12-22 20:00:00+00:00,23407.0,23849.0,23290.0,23837.0,2715.256
2020-12-23 00:00:00+00:00,23837.0,24064.0,23566.5,23713.0,3199.024
2020-12-23 04:00:00+00:00,23713.0,23713.0,23343.5,23581.0,2662.122
2020-12-23 08:00:00+00:00,23581.0,23735.0,22822.5,23087.0,8946.068
2020-12-23 12:00:00+00:00,23087.0,24192.0,22953.5,23484.5,10741.195
2020-12-23 16:00:00+00:00,23484.5,23677.5,23373.5,23550.0,2337.352
2020-12-23 20:00:00+00:00,23550.0,23617.0,22606.0,23230.5,7068.16
2020-12-24 00:00:00+00:00,23230.5,23241.0,22702.5,22875.5,5502.496
2020-12-24 04:00:00+00:00,22875.5,23200.0,22788.5,23165.0,2059.182
2020-12-24 08:00:00+00:00,23165.0,23487.0,23067.0,23221.0,3307.289
2020-12-24 12:00:00+00:00,23221.0,23423.0,23026.5,23246.0,2196.581
2020-12-24 16:00:00+00:00,23246.0,23464.5,23128.5,23294.0,1503.382
2020-12-24 20:00:00+00:00,23294.0,23778.0,23272.0,23724.5,2561.63
2020-12-25 00:00:00+00:00,23724.5,23812.5,23460.0,23490.0,1852.199
2020-12-25 04:00:00+00:00,23490.0,23682.0,23470.5,23652.5,1494.258
2020-12-25 08:00:00+00:00,23652.5,24698.5,23602.0,24594.5,6448.604
2020-12-25 12:00:00+00:00,24594.5,24654.5,23835.5,24064.5,5892.568
2020-12-25 16:00:00+00:00,24064.5,24527.0,24009.0,24451.0,2839.849
2020-12-25 20:00:00+00:00,24451.0,24809.0,24232.5,24713.5,3742.381
2020-12-26 00:00:00+00:00,24713.5,25064.5,24521.0,24932.0,3726.187
2020-12-26 04:00:00+00:00,24932.0,24938.0,24676.0,24798.0,2018.073
2020-12-26 08:00:00+00:00,24798.0,25009.0,24587.0,24866.5,1997.842
2020-12-26 12:00:00+00:00,24866.5,25691.0,24759.0,25618.5,4447.028
2020-12-26 16:00:00+00:00,25618.5,26044.0,25585.5,25962.0,4955.568
2020-12-26 20:00:00+00:00,25962.0,26919.0,25852.0,26522.0,7623.188
2020-12-27 00:00:00+00:00,26522.0,27023.5,26500.0,26621.5,5125.33
2020-12-27 04:00:00+00:00,26621.5,27827.5,26621.5,27680.5,4209.606
2020-12-27 08:00:00+00:00,27680.5,28468.0,27085.0,27696.5,8796.484
2020-12-27 12:00:00+00:00,27696.5,27820.5,26666.0,27410.0,9264.26
2020-12-27 16:00:00+00:00,27410.0,27524.0,26590.5,27106.5,6010.003
2020-12-27 20:00:00+00:00,27106.5,27106.5,25865.0,26266.5,6746.473
2020-12-28 00:00:00+00:00,26266.5,27373.0,26101.0,27291.0,4000.669
2020-12-28 04:00:00+00:00,27291.0,27325.0,26862.5,27031.0,1845.766
2020-12-28 08:00:00+00:00,27031.0,27121.0,26596.5,26877.5,2659.073
2020-12-28 12:00:00+00:00,26877.5,27514.0,26726.0,26945.5,3833.961
2020-12-28 16:00:00+00:00,26945.5,27273.0,26755.0,27046.0,2354.332
2020-12-28 20:00:00+00:00,27046.0,27154.0,26438.5,27087.5,3703.8
2020-12-29 00:00:00+00:00,27087.5,27113.5,26473.5,26479.5,2369.966
2020-12-29 04:00:00+00:00,26479.5,26610.5,25930.0,26414.0,4433.094
2020-12-29 08:00:00+00:00,26414.0,26914.0,26414.0,26886.0,3971.588
2020-12-29 12:00:00+00:00,26886.0,27108.0,26480.0,26633.5,3619.643
2020-12-29 16:00:00+00:00,26633.5,26956.0,26272.5,26937.0,2724.253
2020-12-29 20:00:00+00:00,26937.0,27427.5,26808.5,27401.0,3477.645
2020-12-30 00:00:00+00:00,27401.0,28280.0,27401.0,28094.0,3941.271
2020-12-30 04:00:00+00:00,28094.0,28633.0,27764.0,28431.0,4760.974
2020-12-30 08:00:00+00:00,28431.0,28615.5,27397.0,27877.0,6425.955
2020-12-30 12:00:00+00:00,27877.0,28336.0,27621.0,28171.5,3354.71
2020-12-30 16:00:00+00:00,28171.5,28945.0,27946.0,28799.5,4684.531
2020-12-30 20:00:00+00:00,28799.5,29034.0,28575.5,28907.0,4019.743
2020-12-31 00:00:00+00:00,28907.0,29357.0,28198.5,29047.5,6531.701
2020-12-31 04:00:00+00:00,29047.5,29339.0,28780.0,29185.5,2414.605
2020-12-31 08:00:00+00:00,29185.5,29229.5,28618.0,28951.0,2845.633
2020-12-31 12:00:00+00:00,28951.0,29021.5,27841.5,28736.0,9062.247
2020-12-31 16:00:00+00:00,28736.0,29004.5,28327.5,28881.0,3579.321
2020-12-31 20:00:00+00:00,28881.0,29152.0,28782.5,28921.5,2536.844
2021-01-01 00:00:00+00:00,28921.5,29505.5,28703.5,29303.0,4217.396
2021-01-01 04:00:00+00:00,29303.0,29397.5,28847.0,29097.5,1915.312
2021-01-01 08:00:00+00:00,29097.5,29453.5,28903.0,29343.5,1977.363
2021-01-01 12:00:00+00:00,29343.5,29673.5,29070.0,29226.0,3224.743
2021-01-01 16:00:00+00:00,29226.0,29374.0,28654.0,29038.5,4756.076
2021-01-01 20:00:00+00:00,29038.5,29330.5,28888.5,29325.0,3143.522
2021-01-02 00:00:00+00:00,29325.0,29468.0,28967.5,29357.5,2593.103
2021-01-02 04:00:00+00:00,29357.5,29849.0,29244.0,29777.0,3880.461
2021-01-02 08:00:00+00:00,29777.0,29930.0,29510.0,29782.5,3012.005
2021-01-02 12:00:00+00:00,29782.5,31850.0,29771.0,31729.0,12795.305
2021-01-02 16:00:00+00:00,31729.0,33450.0,31728.5,33105.0,10690.881
2021-01-02 20:00:00+00:00,33105.0,33141.5,30610.0,32230.0,14506.948
2021-01-03 00:00:00+00:00,32230.0,32935.0,32016.5,32638.5,3894.116
2021-01-03 04:00:00+00:00,32638.5,34820.0,32501.0,34494.5,7944.905
2021-01-03 08:00:00+00:00,34494.5,34720.5,33545.5,34478.5,6487.044
2021-01-03 12:00:00+00:00,34478.5,34650.0,32806.0,33523.0,10455.052
2021-01-03 16:00:00+00:00,33523.0,33810.0,32391.0,32828.5,9892.697
2021-01-03 20:00:00+00:00,32828.5,33915.0,32650.0,32963.0,7359.363
2021-01-04 00:00:00+00:00,32963.0,33558.0,32408.0,33537.0,3641.273
2021-01-04 04:00:00+00:00,33537.0,33616.5,31772.5,32226.5,6753.083
2021-01-04 08:00:00+00:00,32226.5,32655.5,27923.0,30675.0,22688.276
2021-01-04 12:00:00+00:00,30675.0,32139.5,30409.5,31720.0,7688.604
2021-01-04 16:00:00+00:00,31720.0,31887.0,30634.0,31679.5,10873.944
2021-01-04 20:00:00+00:00,31679.5,32043.5,30906.0,32024.0,4290.603
2021-01-05 00:00:00+00:00,32024.0,32847.5,31185.0,31240.0,7408.193
2021-01-05 04:00:00+00:00,31240.0,31590.5,29905.5,30830.5,8600.516
2021-01-05 08:00:00+00:00,30830.5,31822.0,30830.0,31733.5,4312.304
2021-01-05 12:00:00+00:00,31733.5,32360.0,31114.5,32069.0,4393.849
2021-01-05 16:00:00+00:00,32069.0,34222.0,31762.0,33717.5,7698.338
2021-01-05 20:00:00+00:00,33717.5,34496.5,33364.5,34019.5,6969.393
2021-01-06 00:00:00+00:00,34019.5,34180.0,33364.5,34160.0,3784.78
2021-01-06 04:00:00+00:00,34160.0,35867.0,34140.0,34744.5,7984.675
2021-01-06 08:00:00+00:00,34744.5,35338.0,33623.5,35017.0,7452.189
2021-01-06 12:00:00+00:00,35017.0,35193.0,34184.0,34646.5,4144.391
2021-01-06 16:00:00+00:00,34646.5,35763.0,34410.0,34908.5,4273.863
2021-01-06 20:00:00+00:00,34908.5,37027.5,34375.5,36775.5,7802.61
2021-01-07 00:00:00+00:00,36775.5,37739.5,36490.0,37537.0,4718.314
2021-01-07 04:00:00+00:00,37537.0,37724.5,36702.0,36842.0,3556.512
2021-01-07 08:00:00+00:00,36842.0,38049.0,36301.0,37936.0,4608.302
2021-01-07 12:00:00+00:00,37936.0,39040.0,37609.0,39040.0,5194.863
2021-01-07 16:00:00+00:00,39040.0,40560.5,36801.0,39200.5,17935.488
2021-01-07 20:00:00+00:00,39200.5,40100.0,38482.5,39513.0,6626.583
2021-01-08 00:00:00+00:00,39513.0,39786.0,36524.5,38280.5,7972.431
2021-01-08 04:00:00+00:00,38280.5,39068.5,37525.5,38841.0,2878.834
2021-01-08 08:00:00+00:00,38841.0,41555.0,38217.0,41387.5,6997.76
2021-01-08 12:00:00+00:00,41387.5,42100.0,39814.0,40908.5,9659.752
2021-01-08 16:00:00+00:00,40908.5,41650.5,39824.0,40432.0,5859.81
2021-01-08 20:00:00+00:00,40432.0,41014.0,38738.0,40641.5,9112.72
2021-01-09 00:00:00+00:00,40641.5,41040.5,39584.0,40287.0,2812.456
2021-01-09 04:00:00+00:00,40287.0,40542.0,38726.5,39629.5,4085.665
2021-01-09 08:00:00+00:00,39629.5,41355.0,39300.0,40649.5,3976.65
2021-01-09 12:00:00+00:00,40649.5,41475.5,40271.5,40582.0,4701.893
2021-01-09 16:00:00+00:00,40582.0,40917.0,39928.0,40708.5,4604.35
2021-01-09 20:00:00+00:00,40708.5,40822.0,39873.5,40074.5,4056.896
2021-01-10 00:00:00+00:00,40074.5,41363.5,40074.5,40425.0,3429.715
2021-01-10 04:00:00+00:00,40425.0,41102.5,40139.5,41009.0,2146.909
2021-01-10 08:00:00+00:00,41009.0,41150.5,38924.0,39233.0,6324.743
2021-01-10 12:00:00+00:00,39233.0,40074.5,38558.0,39696.0,5876.242
2021-01-10 16:00:00+00:00,39696.0,39773.5,37200.0,37490.5,10743.922
2021-01-10 20:00:00+00:00,37490.5,39002.0,35333.5,38169.5,10400.386
2021-01-11 00:00:00+00:00,38169.5,38278.0,33639.5,35407.5,14788.82
2021-01-11 04:00:00+00:00,35407.5,35945.0,32631.5,34376.0,19094.694
2021-01-11 08:00:00+00:00,34376.0,36350.0,34088.5,34228.0,7817.205
2021-01-11 12:00:00+00:00,34228.0,35141.0,31170.0,31558.0,27562.272
2021-01-11 16:00:00+00:00,31558.0,33550.0,30427.0,32312.0,19555.583
2021-01-11 20:00:00+00:00,32312.0,35562.0,31463.5,35377.5,13661.551
2021-01-12 00:00:00+00:00,35377.5,35467.5,33749.0,34981.5,6552.127
2021-01-12 04:00:00+00:00,34981.5,36672.0,34538.0,36479.5,5391.39
2021-01-12 08:00:00+00:00,36479.5,36544.5,34830.0,35388.0,5321.655
2021-01-12 12:00:00+00:00,35388.0,35650.0,32620.0,33860.0,10419.403
2021-01-12 16:00:00+00:00,33860.0,35527.5,33858.0,34679.5,7011.412
2021-01-12 20:00:00+00:00,34679.5,35049.0,33333.0,34079.0,6984.594
2021-01-13 00:00:00+00:00,34079.0,34395.0,32453.5,33814.0,7438.357
2021-01-13 04:00:00+00:00,33814.0,35203.0,32812.0,35007.0,5063.861
2021-01-13 08:00:00+00:00,35007.0,35278.0,34230.0,34401.5,3907.39
2021-01-13 12:00:00+00:00,34401.5,35140.0,34050.0,34695.5,3429.024
2021-01-13 16:00:00+00:00,34695.5,36224.5,34428.5,36036.0,3484.523
2021-01-13 20:00:00+00:00,36036.0,37854.0,35783.0,37417.5,5200.712
2021-01-14 00:00:00+00:00,37417.5,38226.5,37034.0,37075.5,3203.085
2021-01-14 04:00:00+00:00,37075.5,38598.0,36739.0,38210.0,3280.464
2021-01-14 08:00:00+00:00,38210.0,38777.5,37953.5,38438.5,3590.04
2021-01-14 12:00:00+00:00,38438.5,40076.0,37778.5,39517.0,7620.714
2021-01-14 16:00:00+00:00,39517.0,39990.0,39248.5,39939.5,3545.881
2021-01-14 20:00:00+00:00,39939.5,40007.5,38415.0,39167.5,4814.201
2021-01-15 00:00:00+00:00,39167.5,39763.0,38531.0,38773.0,2966.356
2021-01-15 04:00:00+00:00,38773.0,38885.0,37650.0,38432.0,3109.569
2021-01-15 08:00:00+00:00,38432.0,38794.0,37987.0,38156.0,2608.101
2021-01-15 12:00:00+00:00,38156.0,38241.0,35360.0,35678.5,8995.384
2021-01-15 16:00:00+00:00,35678.5,36421.0,34512.5,35217.0,8352.143
2021-01-15 20:00:00+00:00,35217.0,36881.0,34791.5,36716.5,3486.333
2021-01-16 00:00:00+00:00,36716.5,37626.5,36012.0,36526.5,3549.423
2021-01-16 04:00:00+00:00,36526.5,36919.0,35533.0,36588.5,3330.925
2021-01-16 08:00:00+00:00,36588.5,37992.5,36400.0,37722.0,4148.046
2021-01-16 12:00:00+00:00,37722.0,37921.0,36745.0,37508.0,4825.46
2021-01-16 16:00:00+00:00,37508.0,37755.0,36225.0,36391.0,3609.815
2021-01-16 20:00:00+00:00,36391.0,36814.5,35380.0,35995.5,3147.492
2021-01-17 00:00:00+00:00,35995.5,36733.5,35538.0,36222.5,3027.694
2021-01-17 04:00:00+00:00,36222.5,36413.0,34543.0,34791.0,6623.635
2021-01-17 08:00:00+00:00,34791.0,35350.0,33847.5,35247.5,6773.25
2021-01-17 12:00:00+00:00,35247.5,35939.0,34684.0,35716.5,3905.865
2021-01-17 16:00:00+00:00,35716.5,36139.0,35546.0,35647.0,2368.709
2021-01-17 20:00:00+00:00,35647.0,36841.5,35576.0,35871.5,2497.53
2021-01-18 00:00:00+00:00,35871.5,36209.0,34885.0,35120.0,2865.152
2021-01-18 04:00:00+00:00,35120.0,36218.0,34802.0,36088.0,2549.825
2021-01-18 08:00:00+00:00,36088.0,36649.5,35830.0,36430.0,2395.858
2021-01-18 12:00:00+00:00,36430.0,37489.0,36123.0,36458.5,4310.807
2021-01-18 16:00:00+00:00,36458.5,36600.0,35484.0,35989.0,3060.794
2021-01-18 20:00:00+00:00,35989.0,36795.5,35856.5,36662.0,2441.784
2021-01-19 00:00:00+00:00,36662.0,37368.0,36436.5,36544.5,2036.626
2021-01-19 04:00:00+00:00,36544.5,37295.0,36242.5,37226.5,1798.597
2021-01-19 08:00:00+00:00,37226.5,37630.5,36842.0,37370.5,2518.545
2021-01-19 12:00:00+00:00,37370.5,37555.0,36707.5,37358.5,1885.677
2021-01-19 16:00:00+00:00,37358.5,37920.0,36120.5,36329.5,3727.089
2021-01-19 20:00:00+00:00,36329.5,36789.5,35857.0,35891.5,2461.87
2021-01-20 00:00:00+00:00,35891.5,36418.0,34992.0,35086.5,3067.684
2021-01-20 04:00:00+00:00,35086.5,35773.5,34780.0,35631.5,2913.402
2021-01-20 08:00:00+00:00,35631.5,35919.0,34020.0,34425.5,5139.79
2021-01-20 12:00:00+00:00,34425.5,35118.5,34039.0,34203.0,4655.597
2021-01-20 16:00:00+00:00,34203.0,35287.5,33370.0,35159.0,5051.243
2021-01-20 20:00:00+00:00,35159.0,35648.0,34516.0,35474.0,2136.331
2021-01-21 00:00:00+00:00,35474.0,35576.5,34290.0,34608.0,2777.04
2021-01-21 04:00:00+00:00,34608.0,34980.0,34001.0,34630.0,3526.291
2021-01-21 08:00:00+00:00,34630.0,34683.0,32065.5,32190.0,10837.665
2021-01-21 12:00:00+00:00,32190.0,32750.0,31027.5,31400.5,15194.839
2021-01-21 16:00:00+00:00,31400.5,32729.5,31063.5,32488.0,7101.298
2021-01-21 20:00:00+00:00,32488.0,32532.5,30130.0,30911.5,6841.508
2021-01-22 00:00:00+00:00,30911.5,31006.0,28913.5,30931.0,11005.487
2021-01-22 04:00:00+00:00,30931.0,32030.0,30609.0,30838.5,4883.181
2021-01-22 08:00:00+00:00,30838.5,31999.0,30490.0,31706.0,4927.109
2021-01-22 12:00:00+00:00,31706.0,32660.0,31330.5,32413.5,3867.243
2021-01-22 16:00:00+00:00,32413.5,33647.5,31950.0,33564.5,4284.569
2021-01-22 20:00:00+00:00,33564.5,33777.0,32620.0,32969.5,3223.771
2021-01-23 00:00:00+00:00,32969.5,32969.5,32081.0,32390.0,3310.291
2021-01-23 04:00:00+00:00,32390.0,33445.0,32293.0,32927.5,3241.3
2021-01-23 08:00:00+00:00,32927.5,33088.5,31513.5,31638.0,3974.305
2021-01-23 12:00:00+00:00,31638.0,32232.0,31395.0,31852.5,3414.161
2021-01-23 16:00:00+00:00,31852.5,32495.5,31753.5,32331.5,1743.17
2021-01-23 20:00:00+00:00,32331.5,32530.0,31855.0,32099.5,2911.402
2021-01-24 00:00:00+00:00,32099.5,32450.0,31636.5,32448.0,2715.751
2021-01-24 04:00:00+00:00,32448.0,33065.0,32347.5,32806.0,2640.479
2021-01-24 08:00:00+00:00,32806.0,33027.0,32511.5,32831.5,1868.209
2021-01-24 12:00:00+00:00,32831.5,32925.0,31887.0,31971.5,3593.191
2021-01-24 16:00:00+00:00,31971.5,32143.0,30939.5,31305.0,4787.737
2021-01-24 20:00:00+00:00,31305.0,32319.5,31254.0,32224.5,2818.896
2021-01-25 00:00:00+00:00,32224.5,33674.0,32155.5,33549.5,3531.534
2021-01-25 04:00:00+00:00,33549.5,33785.0,33084.0,33391.0,3232.949
2021-01-25 08:00:00+00:00,33391.0,33555.0,32782.0,33191.0,2453.966
2021-01-25 12:00:00+00:00,33191.0,34820.0,33062.0,34450.0,4743.401
2021-01-25 16:00:00+00:00,34450.0,34599.0,33387.5,33428.5,5243.495
2021-01-25 20:00:00+00:00,33428.5,33480.0,31949.0,32284.5,6196.157
2021-01-26 00:00:00+00:00,32284.5,32837.5,31515.0,31556.5,3756.087
2021-01-26 04:00:00+00:00,31556.5,32316.0,31112.5,31605.0,4758.492
2021-01-26 08:00:00+00:00,31605.0,32444.0,31371.0,31834.0,4578.162
2021-01-26 12:00:00+00:00,31834.0,31983.5,30841.0,31716.5,6628.124
2021-01-26 16:00:00+00:00,31716.5,32386.5,31312.0,32193.5,6387.191
2021-01-26 20:00:00+00:00,32193.5,32895.0,31860.0,32471.0,3016.09
2021-01-27 00:00:00+00:00,32471.0,32529.0,31611.0,31796.5,3382.455
2021-01-27 04:00:00+00:00,31796.5,32011.5,31361.0,31760.5,4145.535
2021-01-27 08:00:00+00:00,31760.5,31760.5,30587.0,30643.0,6561.93
2021-01-27 12:00:00+00:00,30643.0,31053.5,29273.0,30341.0,12753.589
2021-01-27 16:00:00+00:00,30341.0,30948.5,29555.0,30754.5,10441.387
2021-01-27 20:00:00+00:00,30754.5,31683.5,30100.0,30375.0,6271.765
2021-01-28 00:00:00+00:00,30375.0,31493.0,29846.5,31385.5,4880.129
2021-01-28 04:00:00+00:00,31385.5,31841.5,31053.5,31200.0,3826.6
2021-01-28 08:00:00+00:00,31200.0,31603.5,30845.0,31456.0,5255.285
2021-01-28 12:00:00+00:00,31456.0,32222.0,31198.5,31916.0,9120.821
2021-01-28 16:00:00+00:00,31916.0,32731.0,31654.5,32565.0,5466.621
2021-01-28 20:00:00+00:00,32565.0,33733.0,32406.0,33359.0,5257.725
2021-01-29 00:00:00+00:00,33359.0,34344.5,33336.5,33728.0,6931.392
2021-01-29 04:00:00+00:00,33728.0,33915.0,32012.0,32328.0,7976.205
2021-01-29 08:00:00+00:00,32328.0,38276.0,32077.5,37067.5,36441.983
2021-01-29 12:00:00+00:00,37067.5,38632.0,36575.0,37168.5,11873.119
2021-01-29 16:00:00+00:00,37168.5,37588.0,33547.0,34329.0,13309.774
2021-01-29 20:00:00+00:00,34329.0,35300.0,33706.0,34222.0,7730.375
2021-01-30 00:00:00+00:00,34222.0,34911.5,32826.5,33260.5,6001.178
2021-01-30 04:00:00+00:00,33260.5,34219.5,33130.5,34063.0,5098.241
2021-01-30 08:00:00+00:00,34063.0,34430.0,33559.0,33691.5,4966.262
2021-01-30 12:00:00+00:00,33691.5,34490.0,33520.0,34229.0,4541.509
2021-01-30 16:00:00+00:00,34229.0,34388.0,33570.0,34277.0,4012.234
2021-01-30 20:00:00+00:00,34277.0,34780.0,34003.0,34307.5,2455.768
2021-01-31 00:00:00+00:00,34307.5,34379.5,33718.0,33935.0,2479.417
2021-01-31 04:00:00+00:00,33935.0,34126.5,33491.0,33641.0,3266.361
2021-01-31 08:00:00+00:00,33641.0,33866.0,33270.0,33576.0,4120.16
2021-01-31 12:00:00+00:00,33576.0,34208.0,32647.0,32929.5,7367.346
2021-01-31 16:00:00+00:00,32929.5,33114.0,32232.5,32803.5,4901.083
2021-01-31 20:00:00+00:00,32803.5,33238.0,32505.0,33128.0,2601.58
2021-02-01 00:00:00+00:00,33128.0,33848.0,32344.5,33583.0,4940.94
2021-02-01 04:00:00+00:00,33583.0,34421.0,33334.0,33820.0,4389.612
2021-02-01 08:00:00+00:00,33820.0,34680.5,33654.0,34232.0,4455.542
2021-02-01 12:00:00+00:00,34232.0,34487.0,33180.0,33191.5,4272.068
2021-02-01 16:00:00+00:00,33191.5,34073.0,33176.5,33839.0,2970.705
2021-02-01 20:00:00+00:00,33839.0,34030.5,33477.5,33556.0,1595.474
2021-02-02 00:00:00+00:00,33556.0,34184.0,33461.5,33600.5,2062.154
2021-02-02 04:00:00+00:00,33600.5,34419.5,33561.5,34259.5,3013.427
2021-02-02 08:00:00+00:00,34259.5,35683.0,34147.0,34780.0,5539.028
2021-02-02 12:00:00+00:00,34780.0,35272.0,34423.5,34758.5,4358.437
2021-02-02 16:00:00+00:00,34758.5,35850.0,34625.5,35784.5,3300.959
2021-02-02 20:00:00+00:00,35784.5,36023.5,35503.5,35506.5,2514.246
2021-02-03 00:00:00+00:00,35506.5,36493.0,35420.0,36405.0,3588.267
2021-02-03 04:00:00+00:00,36405.0,36848.0,36260.0,36322.5,3283.348
2021-02-03 08:00:00+00:00,36322.5,36327.0,35632.0,36009.5,4035.343
2021-02-03 12:00:00+00:00,36009.5,36942.0,35873.0,36861.0,3939.183
2021-02-03 16:00:00+00:00,36861.0,37212.5,36664.0,36805.0,4174.742
2021-02-03 20:00:00+00:00,36805.0,37641.0,36675.0,37602.5,2442.972
2021-02-04 00:00:00+00:00,37602.5,38320.0,37430.0,37542.0,4805.718
2021-02-04 04:00:00+00:00,37542.0,38180.0,37373.0,37849.5,2904.683
2021-02-04 08:00:00+00:00,37849.5,38779.5,36861.5,37369.0,8067.179
2021-02-04 12:00:00+00:00,37369.0,37757.0,36233.0,36594.5,5571.579
2021-02-04 16:00:00+00:00,36594.5,37535.0,36462.0,37488.5,2884.107
2021-02-04 20:00:00+00:00,37488.5,37810.0,36875.0,36986.0,2705.987
2021-02-05 00:00:00+00:00,36986.0,37385.0,36615.0,37360.0,2831.234
2021-02-05 04:00:00+00:00,37360.0,37733.5,37024.5,37700.5,3157.375
2021-02-05 08:00:00+00:00,37700.5,37818.5,37245.5,37714.0,2340.895
2021-02-05 12:00:00+00:00,37714.0,38356.0,37571.5,38014.5,4799.495
2021-02-05 16:00:00+00:00,38014.5,38163.0,37251.0,37630.0,3930.775
2021-02-05 20:00:00+00:00,37630.0,38306.5,37515.5,38288.0,1624.104
2021-02-06 00:00:00+00:00,38288.0,39697.5,38224.5,39381.5,8871.79
2021-02-06 04:00:00+00:00,39381.5,39462.5,38780.0,39373.0,2420.925
2021-02-06 08:00:00+00:00,39373.0,40473.5,39373.0,40210.0,4703.556
2021-02-06 12:00:00+00:00,40210.0,40849.0,39950.0,40845.0,4785.882
2021-02-06 16:00:00+00:00,40845.0,40950.0,40075.0,40251.5,3685.357
2021-02-06 20:00:00+00:00,40251.5,40569.0,39180.0,39319.0,3523.576
2021-02-07 00:00:00+00:00,39319.0,39654.0,38408.5,38842.0,5525.916
2021-02-07 04:00:00+00:00,38842.0,39089.5,37976.5,39044.0,4389.867
2021-02-07 08:00:00+00:00,39044.0,39727.0,38838.5,39110.5,4509.061
2021-02-07 12:00:00+00:00,39110.5,39324.5,37631.0,37951.0,8064.103
2021-02-07 16:00:00+00:00,37951.0,38470.0,37439.5,38092.5,6335.306
2021-02-07 20:00:00+00:00,38092.5,39091.0,37740.0,38825.5,4085.724
2021-02-08 00:00:00+00:00,38825.5,39124.0,38070.5,38119.0,2947.495
2021-02-08 04:00:00+00:00,38119.0,39383.0,38061.0,39290.0,3376.826
2021-02-08 08:00:00+00:00,39290.0,39532.0,38925.0,39446.5,3200.831
2021-02-08 12:00:00+00:00,39446.5,44924.0,39182.0,43749.5,30539.468
2021-02-08 16:00:00+00:00,43749.5,44331.0,42664.0,43136.0,7690.723
2021-02-08 20:00:00+00:00,43136.0,46990.0,43000.5,46400.0,10894.123
2021-02-09 00:00:00+00:00,46400.0,47630.0,45678.0,46663.0,8085.762
2021-02-09 04:00:00+00:00,46663.0,48223.0,46314.0,47600.0,7496.145
2021-02-09 08:00:00+00:00,47600.0,48046.0,45710.5,46434.5,7079.962
2021-02-09 12:00:00+00:00,46434.5,47098.5,45056.5,46786.0,7712.157
2021-02-09 16:00:00+00:00,46786.0,47462.0,46101.5,47119.0,5355.136
2021-02-09 20:00:00+00:00,47121.0,47537.0,46267.0,46448.0,4433.943
2021-02-10 00:00:00+00:00,46448.0,46922.5,46093.5,46324.5,4342.697
2021-02-10 04:00:00+00:00,46324.5,47021.0,45709.5,46619.0,4338.815
2021-02-10 08:00:00+00:00,46619.0,47444.0,46436.5,46714.0,4062.152
2021-02-10 12:00:00+00:00,46714.0,46714.0,43800.0,44368.5,12021.381
2021-02-10 16:00:00+00:00,44368.5,45256.0,43903.5,45234.5,5495.558
2021-02-10 20:00:00+00:00,45234.5,45335.0,44431.0,44826.5,2758.05
2021-02-11 00:00:00+00:00,44826.5,45674.0,44042.5,45441.0,4701.727
2021-02-11 04:00:00+00:00,45441.0,45700.0,44467.5,44720.0,2860.533
2021-02-11 08:00:00+00:00,44720.0,46568.0,44581.0,46060.5,4534.629
2021-02-11 12:00:00+00:00,46060.5,48625.5,46060.5,48044.5,7825.992
2021-02-11 16:00:00+00:00,48044.5,48400.0,47033.5,47847.5,4144.615
2021-02-11 20:00:00+00:00,47847.0,48758.0,46600.0,48018.0,5105.394
2021-02-12 00:00:00+00:00,48018.0,49179.5,47505.0,47667.5,4373.734
2021-02-12 04:00:00+00:00,47667.5,47667.5,46850.5,47400.5,4467.517
2021-02-12 08:00:00+00:00,47400.5,48066.5,47152.0,47698.0,2359.366
2021-02-12 12:00:00+00:00,47698.0,48222.0,46174.5,47034.0,5308.917
2021-02-12 16:00:00+00:00,47034.0,48010.0,47016.0,47261.5,4302.621
2021-02-12 20:00:00+00:00,47261.5,48169.0,47187.0,47320.0,1853.947
2021-02-13 00:00:00+00:00,47320.0,48206.5,47288.5,47891.0,1785.441
2021-02-13 04:00:00+00:00,47891.0,47968.0,47036.0,47036.0,2594.365
2021-02-13 08:00:00+00:00,47036.0,47616.5,46335.5,46649.5,4292.738
2021-02-13 12:00:00+00:00,46649.5,47329.5,46300.0,47127.0,3404.357
2021-02-13 16:00:00+00:00,47127.0,47389.0,46763.5,46904.0,2064.706
2021-02-13 20:00:00+00:00,46904.0,47430.5,46708.0,47191.5,1715.683
2021-02-14 00:00:00+00:00,47191.5,47734.0,47100.0,47359.0,1904.76
2021-02-14 04:00:00+00:00,47359.0,49474.0,47332.0,48820.0,5453.26
2021-02-14 08:00:00+00:00,48820.0,49415.0,48521.0,49137.0,2618.589
2021-02-14 12:00:00+00:00,49137.0,49834.0,48222.0,48614.5,5222.016
2021-02-14 16:00:00+00:00,48614.5,49132.0,48520.0,48829.0,2365.293
2021-02-14 20:00:00+00:00,48829.0,49394.0,48631.0,48689.5,1488.975
2021-02-15 00:00:00+00:00,48689.5,49103.0,45712.5,47175.5,7565.257
2021-02-15 04:00:00+00:00,47175.5,47437.0,46386.0,47273.5,2848.471
2021-02-15 08:00:00+00:00,47260.0,47999.5,47150.0,47783.0,2496.834
2021-02-15 12:00:00+00:00,47783.5,48200.0,47456.5,47911.0,2576.6
2021-02-15 16:00:00+00:00,47911.0,48784.0,47906.5,48687.5,2683.025
2021-02-15 20:00:00+00:00,48687.5,48795.0,47719.5,47962.5,2560.875
2021-02-16 00:00:00+00:00,47962.5,49744.0,47140.5,49701.0,4703.833
2021-02-16 04:00:00+00:00,49701.0,50223.0,48659.0,49268.0,4824.91
2021-02-16 08:00:00+00:00,49268.0,49441.0,48784.0,49013.5,2130.746
2021-02-16 12:00:00+00:00,49013.5,50844.5,48428.5,49018.0,8949.689
2021-02-16 16:00:00+00:00,49018.0,49352.5,47844.0,48655.0,4026.793
2021-02-16 20:00:00+00:00,48655.0,49339.0,48306.0,49176.5,1923.744
2021-02-17 00:00:00+00:00,49174.0,50300.0,49014.5,49693.5,3942.172
2021-02-17 04:00:00+00:00,49693.5,51300.5,49192.0,51098.5,5330.702
2021-02-17 08:00:00+00:00,51098.5,51748.0,50647.5,51320.5,5057.421
2021-02-17 12:00:00+00:00,51320.5,51675.0,50635.5,51189.5,4223.84
2021-02-17 16:00:00+00:00,51189.5,52400.0,50854.0,52172.0,3058.754
2021-02-17 20:00:00+00:00,52172.0,52690.0,52032.5,52180.5,2158.127
2021-02-18 00:00:00+00:00,52180.5,52589.5,52083.0,52130.0,1692.047
2021-02-18 04:00:00+00:00,52130.0,52378.5,51442.0,52049.5,2350.565
2021-02-18 08:00:00+00:00,52049.5,52300.0,51272.5,51533.5,2183.607
2021-02-18 12:00:00+00:00,51533.5,52313.5,51043.5,51622.5,3558.012
2021-02-18 16:00:00+00:00,51622.5,52241.0,51521.5,51825.0,2013.532
2021-02-18 20:00:00+00:00,51825.0,52216.5,51555.5,51570.0,1611.635
2021-02-19 00:00:00+00:00,51570.0,51950.0,50832.5,51275.0,3420.212
2021-02-19 04:00:00+00:00,51275.0,51896.5,50983.0,51746.0,1810.782
2021-02-19 08:00:00+00:00,51746.0,53011.0,51741.5,52738.0,3302.889
2021-02-19 12:00:00+00:00,52738.0,53878.0,52428.0,53856.5,4871.332
2021-02-19 16:00:00+00:00,53856.5,55876.0,53615.0,55138.0,8869.386
2021-02-19 20:00:00+00:00,55138.0,56550.0,54918.0,55933.0,4601.759
2021-02-20 00:00:00+00:00,55933.0,56690.0,55403.0,55791.5,4394.928
2021-02-20 04:00:00+00:00,55791.5,56123.0,55219.0,55224.5,2118.774
2021-02-20 08:00:00+00:00,55225.0,56413.0,55143.0,56413.0,2689.137
2021-02-20 12:00:00+00:00,56413.0,57667.0,55926.0,56260.0,5614.649
2021-02-20 16:00:00+00:00,56260.0,57540.5,56260.0,57056.5,2810.899
2021-02-20 20:00:00+00:00,57056.5,57115.5,54077.0,55890.5,5534.79
2021-02-21 00:00:00+00:00,55890.5,56911.0,55539.5,56525.0,2230.002
2021-02-21 04:00:00+00:00,56525.0,56937.0,55970.0,56064.5,2156.851
2021-02-21 08:00:00+00:00,56064.5,57899.5,55862.5,57363.0,4233.871
2021-02-21 12:00:00+00:00,57363.0,57645.0,56720.0,57332.0,2974.903
2021-02-21 16:00:00+00:00,57343.5,58399.0,57087.0,58139.5,3433.126
2021-02-21 20:00:00+00:00,58139.5,58321.5,57056.5,57459.0,2406.047
2021-02-22 00:00:00+00:00,57459.0,57556.0,55894.0,55996.0,4130.101
2021-02-22 04:00:00+00:00,55996.0,56614.5,55280.0,56519.0,3635.69
2021-02-22 08:00:00+00:00,56519.0,56676.0,53596.0,54638.0,5441.636
2021-02-22 12:00:00+00:00,54638.0,54756.5,48000.0,53222.5,23649.843
2021-02-22 16:00:00+00:00,53211.0,53835.0,51622.0,53560.0,5692.078
2021-02-22 20:00:00+00:00,53560.0,54938.0,53266.0,54041.0,3354.42
2021-02-23 00:00:00+00:00,54041.0,54125.0,50950.0,51938.5,6038.748
2021-02-23 04:00:00+00:00,51938.5,52335.0,48635.0,49709.5,10946.63
2021-02-23 08:00:00+00:00,49689.5,50027.0,44949.0,46413.5,22244.602
2021-02-23 12:00:00+00:00,46413.5,49581.0,45814.0,48601.0,16515.423
2021-02-23 16:00:00+00:00,48601.0,49234.5,45535.0,45537.5,6511.136
2021-02-23 20:00:00+00:00,45537.5,48883.0,45300.0,48882.5,5010.324
2021-02-24 00:00:00+00:00,48882.5,50892.0,47010.0,50836.5,4662.926
2021-02-24 04:00:00+00:00,50836.5,51302.0,49516.0,50101.0,4803.96
2021-02-24 08:00:00+00:00,50101.0,51382.0,49837.0,50400.5,3953.95
2021-02-24 12:00:00+00:00,50400.5,51300.0,48500.0,49817.0,8319.529
2021-02-24 16:00:00+00:00,49817.0,50120.0,48870.0,49031.0,3431.15
2021-02-24 20:00:00+00:00,49031.0,49775.5,48100.0,49729.5,3303.422
2021-02-25 00:00:00+00:00,49729.5,50920.0,49570.0,50263.0,3805.856
2021-02-25 04:00:00+00:00,50263.0,50580.0,49584.0,50406.5,2817.968
2021-02-25 08:00:00+00:00,50406.5,50505.0,48664.0,50290.5,4523.146
2021-02-25 12:00:00+00:00,50290.5,52037.0,50123.5,50879.5,7825.43
2021-02-25 16:00:00+00:00,50879.5,51382.0,49312.5,49530.0,5219.054
2021-02-25 20:00:00+00:00,49530.0,49584.0,46750.0,47133.0,6719.386
2021-02-26 00:00:00+00:00,47133.0,47792.5,46025.0,47323.0,7913.46
2021-02-26 04:00:00+00:00,47323.0,47770.0,44150.0,44990.0,8302.243
2021-02-26 08:00:00+00:00,44990.0,46880.5,44963.5,46403.0,6624.655
2021-02-26 12:00:00+00:00,46403.0,47874.5,45890.5,47604.0,6631.036
2021-02-26 16:00:00+00:00,47604.0,48423.0,46700.0,46983.5,3617.398
2021-02-26 20:00:00+00:00,46983.5,47157.0,45113.0,46323.5,4209.509
2021-02-27 00:00:00+00:00,46323.5,48043.5,46210.0,47422.5,3765.926
2021-02-27 04:00:00+00:00,47422.5,48373.5,46931.0,47196.0,3143.512
2021-02-27 08:00:00+00:00,47196.0,47620.0,46281.5,47301.0,3395.797
2021-02-27 12:00:00+00:00,47301.0,47862.0,46400.0,46573.0,3810.185
2021-02-27 16:00:00+00:00,46573.0,47469.0,46329.0,47440.0,1885.889
2021-02-27 20:00:00+00:00,47440.0,47592.5,45000.0,46137.0,3895.218
2021-02-28 00:00:00+00:00,46137.0,46666.0,44501.0,44698.5,5739.505
2021-02-28 04:00:00+00:00,44698.5,45550.0,43801.0,44439.5,7144.555
2021-02-28 08:00:00+00:00,44439.5,45500.0,44428.0,45299.5,3932.867
2021-02-28 12:00:00+00:00,45299.5,45479.0,43261.5,43480.0,7169.11
2021-02-28 16:00:00+00:00,43480.0,44545.5,43080.0,44428.5,4330.038
2021-02-28 20:00:00+00:00,44428.5,45872.0,44126.0,45156.0,3797.011
2021-03-01 00:00:00+00:00,45156.0,46781.5,44983.0,46328.5,4391.605
2021-03-01 04:00:00+00:00,46328.5,46647.5,45714.0,46286.5,3210.23
2021-03-01 08:00:00+00:00,46286.5,47880.0,46286.5,47722.5,4696.839
2021-03-01 12:00:00+00:00,47722.5,49210.0,47471.0,49100.0,6501.955
2021-03-01 16:00:00+00:00,49100.0,49419.0,48057.5,48269.5,4439.778
2021-03-01 20:00:00+00:00,48269.5,49775.0,47969.0,49603.0,3621.744
2021-03-02 00:00:00+00:00,49603.0,50206.0,48781.0,49000.5,4737.272
2021-03-02 04:00:00+00:00,49000.5,49377.0,48352.0,48361.0,3723.631
2021-03-02 08:00:00+00:00,48361.0,49286.0,48296.5,48850.0,3397.104
2021-03-02 12:00:00+00:00,48850.0,49660.0,48444.0,48692.5,4972.793
2021-03-02 16:00:00+00:00,48692.5,48751.5,47187.5,47464.5,5194.492
2021-03-02 20:00:00+00:00,47464.5,48486.5,47095.0,48466.5,3081.108
2021-03-03 00:00:00+00:00,48466.5,48942.0,48150.5,48716.5,2115.449
2021-03-03 04:00:00+00:00,48716.5,49930.0,48680.0,49739.5,4166.9
2021-03-03 08:00:00+00:00,49739.5,51768.5,49739.5,51649.5,6464.472
2021-03-03 12:00:00+00:00,51649.5,52622.0,50553.0,50798.0,7491.908
2021-03-03 16:00:00+00:00,50812.0,51636.5,50320.5,50900.0,3602.271
2021-03-03 20:00:00+00:00,50900.0,51340.0,50372.5,50408.5,2705.9
2021-03-04 00:00:00+00:00,50384.0,51800.0,49480.0,49623.5,5009.543
2021-03-04 04:00:00+00:00,49626.5,49902.5,49130.0,49719.5,3829.31
2021-03-04 08:00:00+00:00,49719.5,50756.5,48614.5,49356.5,6240.532
2021-03-04 12:00:00+00:00,49356.5,50598.0,48783.0,49460.0,6483.074
2021-03-04 16:00:00+00:00,49460.0,50046.0,47653.0,48016.5,6190.032
2021-03-04 20:00:00+00:00,48016.5,48710.0,47544.5,48396.0,2888.829
2021-03-05 00:00:00+00:00,48396.0,48396.0,46411.0,47317.5,4491.729
2021-03-05 04:00:00+00:00,47317.5,47500.0,46650.0,47414.0,3335.355
2021-03-05 08:00:00+00:00,47414.0,47500.0,46471.0,47489.5,3568.965
2021-03-05 12:00:00+00:00,47489.5,48718.0,47024.5,47906.0,7159.368
2021-03-05 16:00:00+00:00,47906.0,49414.0,46927.0,49328.0,6152.856
2021-03-05 20:00:00+00:00,49328.0,49463.0,48624.0,48774.5,2800.475
2021-03-06 00:00:00+00:00,48774.5,49149.5,48238.0,48650.0,2392.191
2021-03-06 04:00:00+00:00,48650.0,49117.5,48162.0,48835.0,2399.821
2021-03-06 08:00:00+00:00,48835.0,49100.0,48022.0,48224.0,2076.695
2021-03-06 12:00:00+00:00,48224.0,48245.0,47170.0,47320.0,3792.124
2021-03-06 16:00:00+00:00,47320.0,48670.0,47201.0,48359.0,3916.158
2021-03-06 20:00:00+00:00,48359.0,49177.0,48282.0,48874.0,2856.691
2021-03-07 00:00:00+00:00,48874.0,49890.0,48874.0,49579.5,3294.657
2021-03-07 04:00:00+00:00,49579.5,50210.0,49142.0,50100.5,3056.32
2021-03-07 08:00:00+00:00,50100.5,51182.0,50094.5,50749.0,4945.631
2021-03-07 12:00:00+00:00,50749.0,51298.0,50196.5,50587.5,4523.995
2021-03-07 16:00:00+00:00,50587.5,51374.5,50350.0,50441.0,2795.898
2021-03-07 20:00:00+00:00,50441.0,51465.5,49870.0,50979.5,3118.763
2021-03-08 00:00:00+00:00,50979.5,51866.5,50322.0,50648.5,4382.879
2021-03-08 04:00:00+00:00,50648.5,50958.5,49607.5,49833.5,3269.605
2021-03-08 08:00:00+00:00,49833.5,50598.5,49385.0,50510.0,3506.227
2021-03-08 12:00:00+00:00,50510.0,51283.0,50161.5,51050.5,6108.409
2021-03-08 16:00:00+00:00,51050.5,51485.5,50601.5,51339.0,2955.288
2021-03-08 20:00:00+00:00,51339.0,52370.0,51279.5,52340.0,3499.672
2021-03-09 00:00:00+00:00,52340.0,54118.0,51856.5,53851.5,6190.823
2021-03-09 04:00:00+00:00,53851.5,54421.5,53471.5,53571.0,3927.786
2021-03-09 08:00:00+00:00,53571.0,54392.5,53338.5,54280.0,2941.426
2021-03-09 12:00:00+00:00,54280.0,54800.0,53664.0,54195.0,4522.413
2021-03-09 16:00:00+00:00,54195.0,54411.5,53712.0,54170.0,2753.632
2021-03-09 20:00:00+00:00,54170.0,54933.0,53976.5,54924.5,2850.876
2021-03-10 00:00:00+00:00,54924.5,55852.5,53273.5,53574.5,7748.317
2021-03-10 04:00:00+00:00,53574.5,54434.0,53160.0,54226.0,3034.904
2021-03-10 08:00:00+00:00,54226.0,55500.0,54123.0,54900.0,6225.898
2021-03-10 12:00:00+00:00,54900.0,56498.0,54886.0,56349.0,7250.745
2021-03-10 16:00:00+00:00,56349.0,57425.0,56147.0,56779.0,6986.895
2021-03-10 20:00:00+00:00,56779.0,57249.5,55584.0,55931.0,6290.011
2021-03-11 00:00:00+00:00,55931.0,56550.0,55284.0,56026.5,4186.456
2021-03-11 04:00:00+00:00,56026.5,56200.0,55086.0,55124.0,3533.603
2021-03-11 08:00:00+00:00,55124.0,56286.0,54455.0,56274.5,5057.666
2021-03-11 12:00:00+00:00,56274.5,57280.0,55812.0,56329.0,7325.5
2021-03-11 16:00:00+00:00,56329.0,57744.0,56329.0,56899.0,6353.889
2021-03-11 20:00:00+00:00,56899.0,58188.0,56640.0,57810.0,4631.615
2021-03-12 00:00:00+00:00,57810.0,58100.0,56729.5,57161.0,3905.96
2021-03-12 04:00:00+00:00,57161.0,57451.0,56444.0,56798.5,3266.333
2021-03-12 08:00:00+00:00,56798.5,57179.0,55982.5,56540.0,4613.144
2021-03-12 12:00:00+00:00,56540.0,57048.0,55157.0,56927.0,7174.916
2021-03-12 16:00:00+00:00,56927.0,57737.0,56725.0,56926.5,3959.296
2021-03-12 20:00:00+00:00,56926.5,57484.0,56286.5,57238.0,2972.355
2021-03-13 00:00:00+00:00,57238.0,57277.0,56157.5,56720.0,3330.449
2021-03-13 04:00:00+00:00,56720.0,57349.0,56310.5,57301.5,2537.695
2021-03-13 08:00:00+00:00,57301.5,60333.0,57158.5,59919.5,8950.562
2021-03-13 12:00:00+00:00,59919.5,60548.5,59280.5,59816.5,4689.0
2021-03-13 16:00:00+00:00,59816.5,60950.0,59628.0,60879.0,2632.571
2021-03-13 20:00:00+00:00,60879.0,61939.5,60750.0,61310.5,4047.464
2021-03-14 00:00:00+00:00,61310.5,61775.5,60892.5,61429.0,2335.063
2021-03-14 04:00:00+00:00,61429.0,61600.0,60624.0,60651.0,2259.714
2021-03-14 08:00:00+00:00,60651.0,61175.0,59539.0,60435.5,4569.605
2021-03-14 12:00:00+00:00,60435.5,60630.0,59552.0,59718.5,3552.093
2021-03-14 16:00:00+00:00,59718.5,60381.0,59349.5,59977.5,3758.258
2021-03-14 20:00:00+00:00,59977.5,60743.0,59055.0,59068.0,3485.103
2021-03-15 00:00:00+00:00,59068.0,60564.0,58854.0,60463.0,3465.239
2021-03-15 04:00:00+00:00,60463.0,60704.0,57372.0,57926.0,6510.878
2021-03-15 08:00:00+00:00,57926.0,58495.0,54707.5,56147.0,9431.866
2021-03-15 12:00:00+00:00,56147.0,57280.0,55098.5,56155.0,7886.557
2021-03-15 16:00:00+00:00,56155.0,56666.0,55523.0,56635.0,4862.879
2021-03-15 20:00:00+00:00,56635.0,56953.5,55534.0,55620.0,3140.569
2021-03-16 00:00:00+00:00,55620.0,56050.0,53376.0,54342.0,7105.133
2021-03-16 04:00:00+00:00,54342.0,55415.5,53670.0,55166.5,5600.252
2021-03-16 08:00:00+00:00,55166.5,56378.0,55115.5,55482.0,4435.836
2021-03-16 12:00:00+00:00,55482.0,55919.5,54720.0,55839.0,4453.189
2021-03-16 16:00:00+00:00,55839.0,56076.0,55028.0,55719.0,2737.832
2021-03-16 20:00:00+00:00,55719.0,56938.0,55700.0,56937.5,3091.555
2021-03-17 00:00:00+00:00,56938.0,57199.0,55512.5,55592.0,2866.592
2021-03-17 04:00:00+00:00,55592.0,56300.0,55269.5,55805.0,3181.662
2021-03-17 08:00:00+00:00,55805.0,56051.0,54450.0,54855.5,4768.722
2021-03-17 12:00:00+00:00,54855.5,55411.5,54209.0,54951.0,7057.072
2021-03-17 16:00:00+00:00,54951.0,58224.5,54800.0,57900.0,7301.93
2021-03-17 20:00:00+00:00,57900.0,58940.0,57620.0,58883.0,5300.692
2021-03-18 00:00:00+00:00,58883.0,59555.0,58677.0,58798.5,3253.416
2021-03-18 04:00:00+00:00,58798.5,59200.0,58250.0,58442.0,2953.394
2021-03-18 08:00:00+00:00,58442.0,58679.5,57954.5,58243.0,2824.845
2021-03-18 12:00:00+00:00,58243.0,59650.0,57628.5,59538.0,6244.484
2021-03-18 16:00:00+00:00,59538.0,60206.0,57295.0,57398.0,7883.481
2021-03-18 20:00:00+00:00,57398.0,58128.0,57112.0,57686.0,4100.663
2021-03-19 00:00:00+00:00,57686.0,57935.0,56366.0,57823.0,4163.813
2021-03-19 04:00:00+00:00,57823.0,58474.5,57635.0,57803.5,3374.843
2021-03-19 08:00:00+00:00,57803.5,58858.0,57522.0,58811.5,4291.269
2021-03-19 12:00:00+00:00,58811.5,59240.0,58049.5,58981.0,5176.585
2021-03-19 16:00:00+00:00,58981.0,59183.0,58390.0,58890.0,2437.318
2021-03-19 20:00:00+00:00,58890.0,59477.0,58076.0,58120.5,3142.108
2021-03-20 00:00:00+00:00,58120.5,58925.0,57882.5,58446.5,2983.124
2021-03-20 04:00:00+00:00,58436.0,58623.0,58050.0,58460.5,1818.869
2021-03-20 08:00:00+00:00,58460.5,59315.5,58460.0,59264.0,2625.184
2021-03-20 12:00:00+00:00,59264.0,59900.0,58715.5,59279.0,6085.726
2021-03-20 16:00:00+00:00,59279.0,59533.0,59000.0,59355.5,1660.671
2021-03-20 20:00:00+00:00,59355.5,59440.0,58102.0,58184.0,3714.402
2021-03-21 00:00:00+00:00,58184.0,58629.5,57545.5,57890.0,3114.012
2021-03-21 04:00:00+00:00,57890.0,57890.0,56773.5,57107.0,3677.682
2021-03-21 08:00:00+00:00,57107.0,57440.0,55511.5,56286.5,4316.99
2021-03-21 12:00:00+00:00,56286.5,57509.0,55931.5,57129.0,4309.052
2021-03-21 16:00:00+00:00,57129.0,57669.0,56758.5,57542.5,2556.006
2021-03-21 20:00:00+00:00,57542.5,58086.5,57197.0,57351.0,2570.932
2021-03-22 00:00:00+00:00,57351.0,57625.0,56378.5,57582.5,4008.028
2021-03-22 04:00:00+00:00,57582.5,57896.5,57340.0,57642.0,2432.775
2021-03-22 08:00:00+00:00,57642.0,58402.5,57157.0,57766.0,3486.91
2021-03-22 12:00:00+00:00,57766.0,57785.5,56638.0,57165.0,4158.167
2021-03-22 16:00:00+00:00,57165.0,57277.5,55601.0,55616.5,4024.851
2021-03-22 20:00:00+00:00,55616.5,56082.5,53675.5,54111.0,5889.679
2021-03-23 00:00:00+00:00,54111.0,55341.5,53850.0,54643.0,3080.467
2021-03-23 04:00:00+00:00,54643.0,54754.5,53029.5,54159.5,5980.344
2021-03-23 08:00:00+00:00,54159.5,54800.0,53862.0,54209.5,2875.113
2021-03-23 12:00:00+00:00,54209.5,55429.5,54209.5,55205.0,3869.476
2021-03-23 16:00:00+00:00,55205.0,55833.0,54860.0,55017.0,3143.09
2021-03-23 20:00:00+00:00,55017.0,55066.0,54260.0,54416.0,2127.747
2021-03-24 00:00:00+00:00,54416.0,54798.0,53650.0,54451.5,3339.505
2021-03-24 04:00:00+00:00,54451.5,55600.0,53821.5,55471.0,3990.525
2021-03-24 08:00:00+00:00,55471.0,56632.5,55456.0,56580.5,3983.268
2021-03-24 12:00:00+00:00,56580.5,57150.0,56018.0,56274.0,3963.708
2021-03-24 16:00:00+00:00,56274.5,56399.5,54721.5,54794.5,4084.487
2021-03-24 20:00:00+00:00,54794.5,54794.5,51707.0,52333.5,9252.17
2021-03-25 00:00:00+00:00,52333.0,52842.0,51533.0,52186.5,4789.416
2021-03-25 04:00:00+00:00,52186.5,53261.0,51986.0,52275.0,3048.927
2021-03-25 08:00:00+00:00,52277.0,53123.5,52145.0,52208.0,3704.76
2021-03-25 12:00:00+00:00,52208.0,52373.5,50504.0,50977.0,9716.347
2021-03-25 16:00:00+00:00,50977.0,52537.5,50571.5,52190.5,6291.301
2021-03-25 20:00:00+00:00,52190.5,52673.5,51264.0,51370.0,3503.353
2021-03-26 00:00:00+00:00,51370.0,52704.5,51294.5,52412.5,4120.455
2021-03-26 04:00:00+00:00,52412.5,53495.0,52190.5,53491.5,3214.511
2021-03-26 08:00:00+00:00,53491.5,53760.0,52656.5,52773.0,3491.956
2021-03-26 12:00:00+00:00,52773.0,53516.0,52586.0,53310.0,2614.106
2021-03-26 16:00:00+00:00,53310.0,54000.0,52927.0,53749.0,3243.517
2021-03-26 20:00:00+00:00,53749.0,55042.5,53733.5,55000.0,3060.186
2021-03-27 00:00:00+00:00,55000.0,55500.0,54538.0,54734.5,3122.607
2021-03-27 04:00:00+00:00,54734.5,55300.0,54662.5,54930.5,2433.644
2021-03-27 08:00:00+00:00,54930.0,55110.0,54313.0,54435.5,2973.981
2021-03-27 12:00:00+00:00,54435.5,55002.5,54018.5,54930.5,3918.919
2021-03-27 16:00:00+00:00,54930.5,56244.5,54930.0,55827.5,4702.027
2021-03-27 20:00:00+00:00,55827.5,56665.5,55745.5,55859.5,2553.792
2021-03-28 00:00:00+00:00,55859.5,56180.5,55613.5,56062.5,1886.863
2021-03-28 04:00:00+00:00,56062.5,56440.0,55862.5,56182.0,2437.302
2021-03-28 08:00:00+00:00,56182.0,56511.0,55751.0,55844.5,2493.4
2021-03-28 12:00:00+00:00,55844.5,56395.0,55361.0,56371.5,3744.954
2021-03-28 16:00:00+00:00,56371.5,56494.5,54741.5,55239.0,3756.318
2021-03-28 20:00:00+00:00,55239.0,55842.5,54840.0,55760.0,2397.98
2021-03-29 00:00:00+00:00,55760.0,55882.0,55051.0,55409.5,2190.906
2021-03-29 04:00:00+00:00,55409.5,56130.0,55006.0,55939.5,2839.53
2021-03-29 08:00:00+00:00,55939.5,58294.0,55939.0,57829.5,6733.84
2021-03-29 12:00:00+00:00,57829.5,58450.0,57268.0,57700.0,4944.567
2021-03-29 16:00:00+00:00,57700.0,58360.5,57220.0,57744.5,3466.584
2021-03-29 20:00:00+00:00,57744.5,57958.5,57200.0,57709.5,1628.325
2021-03-30 00:00:00+00:00,57709.5,57807.0,57260.0,57290.0,1629.731
2021-03-30 04:00:00+00:00,57290.0,58350.0,57201.0,58180.0,2600.592
2021-03-30 08:00:00+00:00,58180.0,59442.0,57851.0,59294.5,4575.804
2021-03-30 12:00:00+00:00,59294.5,59422.0,58569.0,58582.5,3795.703
2021-03-30 16:00:00+00:00,58582.0,59183.5,58563.5,59109.0,1832.423
2021-03-30 20:00:00+00:00,59109.0,59126.5,58452.0,58742.0,1645.548
2021-03-31 00:00:00+00:00,58742.0,59050.0,58470.0,58650.5,2222.873
2021-03-31 04:00:00+00:00,58650.5,59855.0,57591.5,58236.5,5791.205
2021-03-31 08:00:00+00:00,58263.0,58381.0,57000.0,58045.0,5349.728
2021-03-31 12:00:00+00:00,58045.0,59450.0,57730.0,59274.0,5237.781
2021-03-31 16:00:00+00:00,59274.0,59667.0,58557.0,58669.5,3534.797
2021-03-31 20:00:00+00:00,58656.0,59393.5,58426.0,58859.5,1691.546
2021-04-01 00:00:00+00:00,58859.5,59356.0,58849.5,59173.0,1402.835
2021-04-01 04:00:00+00:00,59173.0,59276.5,58611.0,58880.5,1635.854
2021-04-01 08:00:00+00:00,58880.0,59496.0,58200.0,58648.0,4375.195
2021-04-01 12:00:00+00:00,58649.5,59229.0,58465.0,58964.5,2566.408
2021-04-01 16:00:00+00:00,58964.5,59123.0,58044.0,58983.5,2954.152
2021-04-01 20:00:00+00:00,58983.5,59075.0,58600.0,58753.0,1380.601
2021-04-02 00:00:00+00:00,58753.0,60300.0,58570.0,59945.5,4351.465
2021-04-02 04:00:00+00:00,59945.5,60075.5,59464.5,59582.0,1687.299
2021-04-02 08:00:00+00:00,59582.0,59767.0,59340.0,59649.5,1170.558
2021-04-02 12:00:00+00:00,59649.5,59700.0,59136.0,59541.0,2232.002
2021-04-02 16:00:00+00:00,59541.0,59666.0,58650.0,58950.5,2300.596
2021-04-02 20:00:00+00:00,58950.5,59244.5,58565.0,59020.0,1533.759
2021-04-03 00:00:00+00:00,59020.0,59461.5,59020.0,59255.5,1704.323
2021-04-03 04:00:00+00:00,59255.5,59548.0,59255.0,59284.5,1398.898
2021-04-03 08:00:00+00:00,59284.5,59863.0,58825.5,59367.0,3243.516
2021-04-03 12:00:00+00:00,59367.0,59522.5,58900.0,58900.0,1835.053
2021-04-03 16:00:00+00:00,58900.0,59195.0,57874.5,58625.5,4095.264
2021-04-03 20:00:00+00:00,58625.5,58626.0,56950.0,57135.0,3610.533
2021-04-04 00:00:00+00:00,57135.0,57622.5,56580.5,57574.0,3203.883
2021-04-04 04:00:00+00:00,57574.0,57728.0,57235.0,57585.0,2001.452
2021-04-04 08:00:00+00:00,57585.0,57772.5,57211.5,57300.0,1739.909
2021-04-04 12:00:00+00:00,57300.0,58428.0,57060.0,57877.5,3606.731
2021-04-04 16:00:00+00:00,57877.5,58275.0,57670.5,57985.5,1482.397
2021-04-04 20:00:00+00:00,57985.5,58288.5,57894.5,58208.0,1296.706
2021-04-05 00:00:00+00:00,58208.0,58398.0,57460.0,57588.0,1745.862
2021-04-05 04:00:00+00:00,57588.0,57694.5,56937.0,57350.5,2131.112
2021-04-05 08:00:00+00:00,57350.5,57769.0,56902.0,57769.0,1772.372
2021-04-05 12:00:00+00:00,57769.0,59252.5,57769.0,58965.5,3786.885
2021-04-05 16:00:00+00:00,58965.5,59200.0,58677.0,59059.0,2264.926
2021-04-05 20:00:00+00:00,59059.0,59179.5,58527.0,59179.5,1616.161
2021-04-06 00:00:00+00:00,59179.5,59552.0,58709.0,58713.0,1957.319
2021-04-06 04:00:00+00:00,58713.0,59047.5,58463.0,58671.0,1236.104
2021-04-06 08:00:00+00:00,58671.0,59000.0,58414.0,58660.5,1698.821
2021-04-06 12:00:00+00:00,58660.5,59136.0,57580.0,57919.5,3742.747
2021-04-06 16:00:00+00:00,57919.5,58287.0,57850.0,58258.5,986.709
2021-04-06 20:00:00+00:00,58258.5,58321.5,57687.0,58026.5,1251.023
2021-04-07 00:00:00+00:00,58026.5,58221.0,57259.5,57929.5,2013.574
2021-04-07 04:00:00+00:00,57929.5,58620.0,57375.0,57834.5,2976.637
2021-04-07 08:00:00+00:00,57834.5,57931.5,55904.5,56399.5,5048.746
2021-04-07 12:00:00+00:00,56399.5,56899.0,55750.0,56450.0,3391.312
2021-04-07 16:00:00+00:00,56450.0,56809.0,55535.0,56149.0,3327.745
2021-04-07 20:00:00+00:00,56150.0,56525.0,55769.5,55957.0,1200.194
2021-04-08 00:00:00+00:00,55957.0,56666.5,55750.5,56550.0,1866.229
2021-04-08 04:00:00+00:00,56550.0,57291.0,56533.0,57026.0,1833.219
2021-04-08 08:00:00+00:00,57026.0,57197.0,56435.0,56513.5,2127.543
2021-04-08 12:00:00+00:00,56513.5,57870.0,56438.0,57703.5,2977.895
2021-04-08 16:00:00+00:00,57703.5,58108.5,57562.0,57720.5,1530.485
2021-04-08 20:00:00+00:00,57720.5,58050.0,57474.5,58048.5,1116.492
2021-04-09 00:00:00+00:00,58048.5,58352.0,57845.5,57990.5,1548.85
2021-04-09 04:00:00+00:00,57990.5,58259.0,57686.5,58045.0,1269.105
2021-04-09 08:00:00+00:00,58045.0,58861.0,57708.0,58484.5,2063.02
2021-04-09 12:00:00+00:00,58484.5,58725.0,58050.0,58260.0,2160.417
2021-04-09 16:00:00+00:00,58260.0,58485.0,57902.5,58350.0,1299.543
2021-04-09 20:00:00+00:00,58350.0,58590.5,57928.0,58128.0,1234.785
2021-04-10 00:00:00+00:00,58128.0,59198.0,57940.0,59198.0,1881.194
2021-04-10 04:00:00+00:00,59198.0,61671.5,59198.0,60609.5,4985.71
2021-04-10 08:00:00+00:00,60620.5,61076.5,60590.0,60664.0,1084.673
2021-04-10 12:00:00+00:00,60664.0,60867.0,60050.0,60368.5,1607.886
2021-04-10 16:00:00+00:00,60368.5,60661.0,59642.0,59670.0,1875.017
2021-04-10 20:00:00+00:00,59670.0,59859.5,58452.0,59790.0,3683.586
2021-04-11 00:00:00+00:00,59790.0,60719.5,59668.0,60301.0,1894.023
2021-04-11 04:00:00+00:00,60301.0,60358.0,59450.0,59693.0,1874.437
2021-04-11 08:00:00+00:00,59693.0,60200.0,59567.0,59815.0,1426.732
2021-04-11 12:00:00+00:00,59815.0,59899.0,59333.0,59748.0,1419.722
2021-04-11 16:00:00+00:00,59748.0,60272.5,59534.0,59780.5,1532.997
2021-04-11 20:00:00+00:00,59780.5,60159.0,59573.0,60033.5,1097.391
2021-04-12 00:00:00+00:00,60033.5,60448.0,59655.0,60321.0,1610.113
2021-04-12 04:00:00+00:00,60321.0,61324.0,60094.5,60772.0,2462.248
2021-04-12 08:00:00+00:00,60772.0,60900.0,59528.5,60348.0,3575.956
2021-04-12 12:00:00+00:00,60348.0,60610.0,59748.5,60077.0,1926.802
2021-04-12 16:00:00+00:00,60077.0,60274.5,59771.0,60135.0,882.687
2021-04-12 20:00:00+00:00,60135.0,60271.5,59860.0,59930.0,715.776
2021-04-13 00:00:00+00:00,59930.0,61090.0,59912.0,60556.0,2237.537
2021-04-13 04:00:00+00:00,60556.0,61427.5,60418.5,61033.0,2644.061
2021-04-13 08:00:00+00:00,61033.0,63378.0,61032.5,63017.0,5834.507
2021-04-13 12:00:00+00:00,63017.0,63739.5,62605.0,63388.0,2960.763
2021-04-13 16:00:00+00:00,63388.0,63761.5,62647.0,63080.0,1953.34
2021-04-13 20:00:00+00:00,63080.0,63691.0,62947.5,63587.5,1173.078
2021-04-14 00:00:00+00:00,63587.5,63934.5,63175.0,63785.5,1815.142
2021-04-14 04:00:00+00:00,63785.5,64943.5,63695.5,64423.5,3219.693
2021-04-14 08:00:00+00:00,64423.5,64900.0,63228.0,64659.5,2781.022
2021-04-14 12:00:00+00:00,64659.5,64750.0,62556.0,63179.5,4667.665
2021-04-14 16:00:00+00:00,63179.5,63860.5,61509.0,62275.5,4806.306
2021-04-14 20:00:00+00:00,62275.5,62999.0,62020.0,62921.0,1796.996
2021-04-15 00:00:00+00:00,62921.0,63379.0,62400.0,63071.5,2255.911
2021-04-15 04:00:00+00:00,63071.5,63437.0,62750.0,62847.0,1495.021
2021-04-15 08:00:00+00:00,62847.0,63155.0,62180.0,62479.5,2846.583
2021-04-15 12:00:00+00:00,62479.5,63104.5,62449.5,62793.5,1915.431
2021-04-15 16:00:00+00:00,62793.5,63600.0,62437.0,63440.5,1873.845
2021-04-15 20:00:00+00:00,63440.5,63846.0,63105.0,63258.5,1353.357
2021-04-16 00:00:00+00:00,63258.5,63565.0,62850.0,63034.5,1865.94
2021-04-16 04:00:00+00:00,63034.5,63057.0,61244.0,61547.0,3519.054
2021-04-16 08:00:00+00:00,61547.0,61793.5,60242.5,60989.5,2949.529
2021-04-16 12:00:00+00:00,60989.5,61602.5,60410.5,61551.0,2399.05
2021-04-16 16:00:00+00:00,61551.0,61870.0,61161.0,61699.5,1338.097
2021-04-16 20:00:00+00:00,61699.5,62000.0,61312.5,61313.0,923.435
2021-04-17 00:00:00+00:00,61313.0,62492.0,61167.0,62362.5,1759.68
2021-04-17 04:00:00+00:00,62362.5,62412.0,61972.5,62127.5,1322.907
2021-04-17 08:00:00+00:00,62127.5,62490.0,60869.0,61046.0,2000.189
2021-04-17 12:00:00+00:00,61046.0,61330.0,60275.0,60431.0,2522.16
2021-04-17 16:00:00+00:00,60431.0,60875.0,59750.0,60799.5,2103.959
2021-04-17 20:00:00+00:00,60799.5,61022.5,60060.0,60065.5,1027.612
2021-04-18 00:00:00+00:00,60065.5,60415.5,50500.0,54771.0,41148.879
2021-04-18 04:00:00+00:00,54771.0,56428.5,53863.5,56097.5,12070.401
2021-04-18 08:00:00+00:00,56097.5,56442.0,53116.5,53320.0,7864.146
2021-04-18 12:00:00+00:00,53320.0,55660.0,53285.5,55402.5,4061.953
2021-04-18 16:00:00+00:00,55402.5,55947.0,54911.0,55704.5,2412.098
2021-04-18 20:00:00+00:00,55704.5,56659.0,55557.5,56100.0,1903.583
2021-04-19 00:00:00+00:00,56100.0,57221.0,55674.5,57013.5,2313.456
2021-04-19 04:00:00+00:00,57013.5,57419.5,56422.0,57255.5,1856.329
2021-04-19 08:00:00+00:00,57255.5,57436.0,56245.5,57081.0,2937.0
2021-04-19 12:00:00+00:00,57081.0,57122.0,54279.0,54618.5,4801.347
2021-04-19 16:00:00+00:00,54618.5,56000.0,54423.5,55870.0,3631.244
2021-04-19 20:00:00+00:00,55870.0,56539.0,55562.5,55626.0,2457.987
2021-04-20 00:00:00+00:00,55626.0,55770.5,53656.0,54521.0,4090.41
2021-04-20 04:00:00+00:00,54521.0,55412.0,53382.5,54398.0,3790.674
2021-04-20 08:00:00+00:00,54398.0,56377.5,54273.0,56247.5,3782.382
2021-04-20 12:00:00+00:00,56247.5,56428.5,54701.0,55361.5,3038.297
2021-04-20 16:00:00+00:00,55361.5,56724.0,55144.0,56578.5,2220.5
2021-04-20 20:00:00+00:00,56578.5,57005.5,56123.0,56411.5,2135.533
2021-04-21 00:00:00+00:00,56411.5,56712.0,55227.0,55245.0,2745.907
2021-04-21 04:00:00+00:00,55245.0,55837.0,55033.0,55313.0,2179.863
2021-04-21 08:00:00+00:00,55313.0,55746.5,54363.0,54642.5,3120.594
2021-04-21 12:00:00+00:00,54642.5,56316.0,54401.0,56098.0,3357.995
2021-04-21 16:00:00+00:00,56098.0,56286.0,55206.0,55462.5,1952.619
2021-04-21 20:00:00+00:00,55462.5,55462.5,53673.5,53821.5,3645.109
2021-04-22 00:00:00+00:00,53821.5,54632.0,52618.5,53546.5,5640.275
2021-04-22 04:00:00+00:00,53546.5,54823.0,53518.0,54136.0,2620.867
2021-04-22 08:00:00+00:00,54136.0,55221.0,53183.5,54845.5,3941.495
2021-04-22 12:00:00+00:00,54845.5,55444.0,54340.5,54649.5,3046.349
2021-04-22 16:00:00+00:00,54649.5,55147.5,52311.5,53004.5,4888.49
2021-04-22 20:00:00+00:00,53004.5,53005.0,50580.0,51785.0,6789.903
2021-04-23 00:00:00+00:00,51785.0,52159.0,48666.5,50307.5,10260.609
2021-04-23 04:00:00+00:00,50307.5,50581.0,47749.0,48041.0,8768.502
2021-04-23 08:00:00+00:00,48041.0,50202.0,47581.0,50010.0,6670.362
2021-04-23 12:00:00+00:00,50010.0,50240.5,48539.0,49800.0,5524.152
2021-04-23 16:00:00+00:00,49800.0,50880.0,49480.0,50858.5,3347.761
2021-04-23 20:00:00+00:00,50858.5,51225.5,50195.0,51100.5,2882.361
2021-04-24 00:00:00+00:00,51100.5,51138.0,49373.5,50133.5,4592.062
2021-04-24 04:00:00+00:00,50133.5,50597.0,49711.0,49861.5,3099.995
2021-04-24 08:00:00+00:00,49861.5,50204.0,48742.5,49119.0,4234.329
2021-04-24 12:00:00+00:00,49119.0,50320.5,48960.0,50173.5,3907.24
2021-04-24 16:00:00+00:00,50173.5,50850.0,49674.0,50643.5,3014.321
2021-04-24 20:00:00+00:00,50643.5,50970.0,49937.0,50055.5,1863.454
2021-04-25 00:00:00+00:00,50055.5,50457.5,49645.0,49699.0,2498.493
2021-04-25 04:00:00+00:00,49699.0,49875.5,49156.5,49685.5,2300.188
2021-04-25 08:00:00+00:00,49685.5,50269.0,49270.0,49593.5,3812.367
2021-04-25 12:00:00+00:00,49593.5,50505.0,49500.0,50239.0,2917.786
2021-04-25 16:00:00+00:00,50239.0,50406.5,49350.0,49395.0,1948.776
2021-04-25 20:00:00+00:00,49395.0,49617.5,47019.0,49022.5,7737.704
2021-04-26 00:00:00+00:00,49022.5,52468.0,48723.0,52338.0,7387.121
2021-04-26 04:00:00+00:00,52338.0,52999.0,52045.0,52786.5,3363.716
2021-04-26 08:00:00+00:00,52786.5,53629.0,52257.0,53560.5,3252.359
2021-04-26 12:00:00+00:00,53560.5,53849.0,53236.0,53561.5,3632.447
2021-04-26 16:00:00+00:00,53561.5,54327.5,52885.5,53999.0,3720.165
2021-04-26 20:00:00+00:00,53999.0,54246.0,52632.0,54017.0,3607.982
2021-04-27 00:00:00+00:00,54017.0,54150.0,53326.0,53489.5,2146.836
2021-04-27 04:00:00+00:00,53489.5,54824.5,53275.0,54511.5,3038.794
2021-04-27 08:00:00+00:00,54511.5,55184.0,54370.5,55060.0,2902.401
2021-04-27 12:00:00+00:00,55060.0,55279.0,54370.0,54959.0,3102.571
2021-04-27 16:00:00+00:00,54959.0,55025.0,54278.5,54736.0,1524.077
2021-04-27 20:00:00+00:00,54736.0,55400.0,54725.0,54993.5,1329.208
2021-04-28 00:00:00+00:00,54993.5,55677.0,54834.0,54836.5,2873.569
2021-04-28 04:00:00+00:00,54836.5,55010.0,53888.0,54293.0,3373.295
2021-04-28 08:00:00+00:00,54293.0,55030.5,53972.0,54812.0,2839.582
2021-04-28 12:00:00+00:00,54812.0,55255.0,54132.0,54328.0,2194.243
2021-04-28 16:00:00+00:00,54328.0,55421.0,54264.0,55381.5,2087.874
2021-04-28 20:00:00+00:00,55381.5,56457.0,54000.0,54827.0,4247.12
2021-04-29 00:00:00+00:00,54827.0,55178.0,54129.0,54289.0,2345.069
2021-04-29 04:00:00+00:00,54289.0,54487.5,53551.0,54455.0,2304.788
2021-04-29 08:00:00+00:00,54455.0,54727.5,53825.0,54354.5,2485.489
2021-04-29 12:00:00+00:00,54354.5,54540.0,53400.0,53816.5,2988.218
2021-04-29 16:00:00+00:00,53816.5,53873.0,52567.5,52907.5,3197.6
2021-04-29 20:00:00+00:00,52907.5,53622.0,52387.0,53508.0,2080.565
2021-04-30 00:00:00+00:00,53508.0,53790.0,53050.0,53676.0,1637.514
2021-04-30 04:00:00+00:00,53676.0,54491.5,53676.0,54279.5,1839.725
2021-04-30 08:00:00+00:00,54279.5,54783.5,54099.0,54235.0,1964.394
2021-04-30 12:00:00+00:00,54235.0,57181.5,54232.5,57088.5,6676.34
2021-04-30 16:00:00+00:00,57088.5,57303.0,56330.0,57033.0,2336.682
2021-04-30 20:00:00+00:00,57033.0,57880.0,56450.0,57678.0,2089.958
2021-05-01 00:00:00+00:00,57678.0,58427.0,57411.0,58222.5,2942.537
2021-05-01 04:00:00+00:00,58222.5,58438.5,57650.0,57777.0,1906.076
2021-05-01 08:00:00+00:00,57777.0,57992.5,57250.0,57836.5,1999.846
2021-05-01 12:00:00+00:00,57836.5,58077.5,57093.5,57413.0,2618.276
2021-05-01 16:00:00+00:00,57413.0,58034.5,57300.5,57813.5,1398.739
2021-05-01 20:00:00+00:00,57813.5,57968.0,57352.0,57829.5,1007.467
2021-05-02 00:00:00+00:00,57829.5,57933.5,56421.0,56560.0,2632.469
2021-05-02 04:00:00+00:00,56560.0,57157.0,56281.0,56663.0,2363.5
2021-05-02 08:00:00+00:00,56663.0,57119.5,56110.0,57119.0,2832.386
2021-05-02 12:00:00+00:00,57119.0,57300.0,56523.0,56634.0,2310.249
2021-05-02 16:00:00+00:00,56634.0,56966.5,56377.0,56868.5,1022.851
2021-05-02 20:00:00+00:00,56868.5,57160.0,56277.0,56599.5,1462.564
2021-05-03 00:00:00+00:00,56599.5,58359.5,56570.0,57965.0,3244.819
2021-05-03 04:00:00+00:00,57965.0,58846.0,57766.0,58800.5,1966.529
2021-05-03 08:00:00+00:00,58800.5,58996.0,58336.0,58683.0,2172.0
2021-05-03 12:00:00+00:00,58683.0,58778.5,57400.0,57678.5,3511.66
2021-05-03 16:00:00+00:00,57678.5,58190.0,57257.5,57629.0,1708.01
2021-05-03 20:00:00+00:00,57629.0,57629.0,56541.0,57199.5,2535.954
2021-05-04 00:00:00+00:00,57199.5,57222.0,54600.0,55496.5,6800.785
2021-05-04 04:00:00+00:00,55496.5,56342.0,55275.0,55951.5,2112.912
2021-05-04 08:00:00+00:00,55951.5,56635.5,55607.0,56212.0,2556.777
2021-05-04 12:00:00+00:00,56212.0,56366.0,53640.0,53876.5,7030.782
2021-05-04 16:00:00+00:00,53876.5,54750.0,53262.0,54574.5,4484.359
2021-05-04 20:00:00+00:00,54574.5,54850.5,53087.0,53252.0,2813.767
2021-05-05 00:00:00+00:00,53252.0,55434.0,52930.0,54871.5,3056.118
2021-05-05 04:00:00+00:00,54871.5,55332.0,54028.5,54843.5,2309.409
2021-05-05 08:00:00+00:00,54843.5,55853.0,54737.0,55164.5,2838.258
2021-05-05 12:00:00+00:00,55164.5,57633.5,55121.0,57514.0,5080.844
2021-05-05 16:00:00+00:00,57514.0,57865.0,57111.0,57175.5,2047.046
2021-05-05 20:00:00+00:00,57175.5,57650.0,56668.5,57481.0,1624.519
2021-05-06 00:00:00+00:00,57481.0,57627.0,56642.0,56909.0,2076.38
2021-05-06 04:00:00+00:00,56909.0,57627.5,56458.0,56891.5,1909.29
2021-05-06 08:00:00+00:00,56891.5,58396.0,56868.0,58050.0,2803.383
2021-05-06 12:00:00+00:00,58050.0,58134.0,56875.0,57183.5,2388.047
2021-05-06 16:00:00+00:00,57183.5,57524.5,55323.5,56162.5,3967.778
2021-05-06 20:00:00+00:00,56162.5,56769.0,55720.5,56363.0,1611.126
2021-05-07 00:00:00+00:00,56363.0,57083.5,55515.0,55738.5,2276.981
2021-05-07 04:00:00+00:00,55738.5,56283.0,55311.0,55818.5,1804.546
2021-05-07 08:00:00+00:00,55818.5,56760.5,55631.0,56463.0,1686.634
2021-05-07 12:00:00+00:00,56463.0,57653.0,56250.0,57507.0,3168.208
2021-05-07 16:00:00+00:00,57507.0,58735.0,57166.5,57691.0,3741.91
2021-05-07 20:00:00+00:00,57691.0,58107.0,56852.5,57381.0,1694.766
2021-05-08 00:00:00+00:00,57381.0,58439.0,57000.0,58125.0,1523.608
2021-05-08 04:00:00+00:00,58125.0,58619.0,57535.5,58480.0,2220.041
2021-05-08 08:00:00+00:00,58480.0,59396.0,58390.0,58601.0,3668.001
2021-05-08 12:00:00+00:00,58601.0,59455.0,57553.0,57650.5,3860.159
2021-05-08 16:00:00+00:00,57650.5,59308.5,57650.5,59044.0,2696.395
2021-05-08 20:00:00+00:00,59044.0,59526.0,58531.5,58893.0,1436.306
2021-05-09 00:00:00+00:00,58893.0,59274.0,58414.5,58618.0,2677.016
2021-05-09 04:00:00+00:00,58618.0,58861.0,57800.0,58005.5,2616.326
2021-05-09 08:00:00+00:00,58005.5,58400.0,57631.0,57973.5,1982.054
2021-05-09 12:00:00+00:00,57973.5,58045.5,56375.0,57435.0,4150.057
2021-05-09 16:00:00+00:00,57435.0,57909.5,57095.5,57312.0,1254.859
2021-05-09 20:00:00+00:00,57312.0,58397.0,57224.0,58240.5,1463.181
2021-05-10 00:00:00+00:00,58240.5,59463.5,58078.5,59390.5,2173.861
2021-05-10 04:00:00+00:00,59390.5,59586.0,58445.0,58445.5,1987.322
2021-05-10 08:00:00+00:00,58445.5,58677.5,57477.0,58188.5,3400.165
2021-05-10 12:00:00+00:00,58188.5,58434.5,56801.5,58386.0,4055.725
2021-05-10 16:00:00+00:00,58386.0,58680.0,55657.5,55851.5,4760.071
2021-05-10 20:00:00+00:00,55851.5,56195.5,53421.5,55801.0,9232.686
2021-05-11 00:00:00+00:00,55801.0,56400.0,54512.0,55151.5,3077.954
2021-05-11 04:00:00+00:00,55151.5,55796.5,54614.0,55720.5,1882.808
2021-05-11 08:00:00+00:00,55720.5,56201.0,55236.5,55283.5,2155.901
2021-05-11 12:00:00+00:00,55283.5,56181.0,54841.0,56079.0,2889.933
2021-05-11 16:00:00+00:00,56079.0,56820.0,55786.5,56599.5,1757.155
2021-05-11 20:00:00+00:00,56599.5,56843.0,56232.5,56684.0,1206.126
2021-05-12 00:00:00+00:00,56684.0,57826.5,56589.0,57732.5,2109.916
2021-05-12 04:00:00+00:00,57732.5,57929.5,56963.0,57172.5,1792.983
2021-05-12 08:00:00+00:00,57172.5,57229.5,56080.0,56481.5,2487.56
2021-05-12 12:00:00+00:00,56481.5,56906.0,55348.5,55536.0,3704.667
2021-05-12 16:00:00+00:00,55536.0,55714.5,53604.0,54524.0,4584.711
2021-05-12 20:00:00+00:00,54524.0,54746.0,48600.0,49617.0,13017.712
2021-05-13 00:00:00+00:00,49617.0,50819.5,45719.0,50460.0,22434.502
2021-05-13 04:00:00+00:00,50460.0,51318.5,50301.5,50870.0,3029.741
2021-05-13 08:00:00+00:00,50870.0,50920.0,48523.0,49786.5,6772.312
2021-05-13 12:00:00+00:00,49786.5,50866.0,49548.5,49715.0,3919.36
2021-05-13 16:00:00+00:00,49715.0,50428.0,47015.0,48584.5,9860.502
2021-05-13 20:00:00+00:00,48584.5,49900.0,48436.0,49715.5,3169.418
2021-05-14 00:00:00+00:00,49715.5,50380.0,49100.0,49214.5,2254.921
2021-05-14 04:00:00+00:00,49214.5,50284.0,48901.0,50020.5,2911.32
2021-05-14 08:00:00+00:00,50020.5,50959.0,49934.0,50546.0,2525.441
2021-05-14 12:00:00+00:00,50546.0,51471.0,50105.0,51237.0,3326.102
2021-05-14 16:00:00+00:00,51237.0,51311.5,50162.0,50193.0,2615.929
2021-05-14 20:00:00+00:00,50193.0,50331.0,49081.5,49850.5,3081.857
2021-05-15 00:00:00+00:00,49850.5,50688.0,49329.0,49667.0,3463.948
2021-05-15 04:00:00+00:00,49667.0,49908.0,48450.0,48518.5,3651.581
2021-05-15 08:00:00+00:00,48518.5,49277.0,47834.0,48936.5,4227.36
2021-05-15 12:00:00+00:00,48936.5,49575.0,48687.0,49000.0,3351.134
2021-05-15 16:00:00+00:00,49000.0,49009.0,46916.5,48118.5,5774.179
2021-05-15 20:00:00+00:00,48118.5,48758.0,46609.0,46800.0,3966.351
2021-05-16 00:00:00+00:00,46800.0,48400.0,46521.0,48399.5,4458.138
2021-05-16 04:00:00+00:00,48399.5,49493.5,48088.0,49383.5,3325.372
2021-05-16 08:00:00+00:00,49383.5,49798.0,48690.0,49053.0,2624.078
2021-05-16 12:00:00+00:00,49053.0,49301.0,47712.0,47810.0,4425.497
2021-05-16 16:00:00+00:00,47810.0,48165.0,44431.0,45618.5,12843.266
2021-05-16 20:00:00+00:00,45618.5,46480.0,43890.0,46414.0,11861.101
2021-05-17 00:00:00+00:00,46414.0,46629.0,42773.5,42950.5,10025.249
2021-05-17 04:00:00+00:00,42950.5,45284.0,42180.0,45169.0,14617.371
2021-05-17 08:00:00+00:00,45169.0,45786.0,44421.0,45750.0,5296.498
2021-05-17 12:00:00+00:00,45750.0,45788.0,43210.0,43375.0,7955.078
2021-05-17 16:00:00+00:00,43375.0,44412.0,42143.5,44200.5,11285.429
2021-05-17 20:00:00+00:00,44200.5,44939.0,42522.0,43543.0,8090.042
2021-05-18 00:00:00+00:00,43543.0,45290.0,43184.0,44795.0,5366.235
2021-05-18 04:00:00+00:00,44795.0,45815.0,44768.5,45163.0,5137.536
2021-05-18 08:00:00+00:00,45163.0,45662.5,44665.5,45340.0,3346.694
2021-05-18 12:00:00+00:00,45340.0,45363.0,42713.0,43028.5,9026.514
2021-05-18 16:00:00+00:00,43028.5,43840.0,42432.0,43286.5,6593.536
2021-05-18 20:00:00+00:00,43286.5,43560.0,42317.5,42903.5,4487.033
2021-05-19 00:00:00+00:00,42903.5,43598.5,40154.0,40616.0,14722.422
2021-05-19 04:00:00+00:00,40616.0,40870.0,38487.5,40325.0,19533.495
2021-05-19 08:00:00+00:00,40325.0,40790.0,36257.5,38670.5,20600.203
2021-05-19 12:00:00+00:00,38670.5,39189.0,28801.0,37361.0,105879.316
2021-05-19 16:00:00+00:00,37361.0,40555.0,36163.5,39331.5,22011.703
2021-05-19 20:00:00+00:00,39331.5,40192.0,36700.0,36727.0,11770.446
2021-05-20 00:00:00+00:00,36727.0,38552.5,34950.0,38339.0,20270.492
2021-05-20 04:00:00+00:00,38339.0,40765.5,38213.5,39949.5,8738.888
2021-05-20 08:00:00+00:00,39949.5,40638.0,38743.5,40417.0,6632.952
2021-05-20 12:00:00+00:00,40417.0,42400.0,40050.5,41410.0,11648.662
2021-05-20 16:00:00+00:00,41410.0,41437.0,38093.5,40075.5,15913.735
2021-05-20 20:00:00+00:00,40075.5,41810.5,39504.5,40500.5,5857.046
2021-05-21 00:00:00+00:00,40500.5,42215.0,40412.5,40680.5,4928.633
2021-05-21 04:00:00+00:00,40680.5,40763.5,39211.0,39816.5,6679.736
2021-05-21 08:00:00+00:00,39816.5,41193.5,39263.5,41108.0,6703.618
2021-05-21 12:00:00+00:00,41108.0,41686.5,36386.0,36802.0,29840.092
2021-05-21 16:00:00+00:00,36802.0,37798.5,35505.0,36048.0,16492.902
2021-05-21 20:00:00+00:00,36048.0,37409.0,33404.0,37227.5,16353.888
2021-05-22 00:00:00+00:00,37227.5,38086.0,36535.5,36927.5,5940.128
2021-05-22 04:00:00+00:00,36927.5,37206.5,35220.0,36285.5,8839.555
2021-05-22 08:00:00+00:00,36285.5,38799.5,36265.5,38152.0,9612.643
2021-05-22 12:00:00+00:00,38152.0,38799.0,37082.0,38125.5,9074.599
2021-05-22 16:00:00+00:00,38125.5,38550.0,37182.5,37280.5,6110.976
2021-05-22 20:00:00+00:00,37280.5,38328.5,37262.0,37437.0,3499.921
2021-05-23 00:00:00+00:00,37437.0,38230.0,36676.0,37421.0,4792.57
2021-05-23 04:00:00+00:00,37421.0,37421.5,35546.5,35914.5,5826.547
2021-05-23 08:00:00+00:00,35914.5,35915.0,33800.5,35383.5,19513.522
2021-05-23 12:00:00+00:00,35383.5,35773.5,32600.0,33300.0,26224.391
2021-05-23 16:00:00+00:00,33300.0,33832.5,31068.5,33047.5,23684.042
2021-05-23 20:00:00+00:00,33047.5,34950.0,33033.5,34658.0,7626.352
2021-05-24 00:00:00+00:00,34658.0,35889.0,34650.5,35246.5,6514.777
2021-05-24 04:00:00+00:00,35246.5,36875.5,34390.5,36624.0,7943.429
2021-05-24 08:00:00+00:00,36624.0,37876.0,35910.0,37596.0,9925.544
2021-05-24 12:00:00+00:00,37596.0,38601.0,37304.5,37557.0,13506.059
2021-05-24 16:00:00+00:00,37557.0,39763.5,36866.0,39557.0,10009.41
2021-05-24 20:00:00+00:00,39557.0,39882.5,37987.0,38817.0,6886.622
2021-05-25 00:00:00+00:00,38817.0,39800.0,37850.0,38344.0,4932.119
2021-05-25 04:00:00+00:00,38344.0,39184.0,37666.5,38967.0,4848.034
2021-05-25 08:00:00+00:00,38967.0,39097.0,36533.0,36570.5,8832.04
2021-05-25 12:00:00+00:00,36570.5,38480.0,36466.5,38248.5,12880.371
2021-05-25 16:00:00+00:00,38248.5,38283.5,37155.0,37296.0,4944.298
2021-05-25 20:00:00+00:00,37296.0,38728.5,37277.5,38348.0,3458.648
2021-05-26 00:00:00+00:00,38348.0,39700.0,37823.0,39519.0,5180.662
2021-05-26 04:00:00+00:00,39519.0,40769.0,39024.0,40479.5,5988.975
2021-05-26 08:00:00+00:00,40479.5,40871.0,39412.5,39870.0,6014.338
2021-05-26 12:00:00+00:00,39870.0,40299.5,38512.5,38764.5,9757.158
2021-05-26 16:00:00+00:00,38764.5,39338.0,37905.0,38476.5,8542.835
2021-05-26 20:00:00+00:00,38476.5,39428.0,38306.5,39237.0,3076.282
2021-05-27 00:00:00+00:00,39237.0,39237.0,37176.0,37625.0,6807.042
2021-05-27 04:00:00+00:00,37625.0,38402.0,37228.0,38273.5,4954.237
2021-05-27 08:00:00+00:00,38273.5,39810.5,37837.0,39653.5,7556.051
2021-05-27 12:00:00+00:00,39653.5,40376.5,39249.5,39649.5,7520.335
2021-05-27 16:00:00+00:00,39649.5,39681.0,38525.0,38768.5,5023.692
2021-05-27 20:00:00+00:00,38768.5,39150.0,38201.5,38511.0,4162.968
2021-05-28 00:00:00+00:00,38511.0,38870.5,37736.0,38265.5,6108.006
2021-05-28 04:00:00+00:00,38265.5,38265.5,36460.5,36986.0,9376.046
2021-05-28 08:00:00+00:00,36986.0,37266.5,35124.5,35370.0,13232.846
2021-05-28 12:00:00+00:00,35370.0,37238.5,35199.5,36738.5,12015.036
2021-05-28 16:00:00+00:00,36738.5,36839.0,35555.0,35796.5,11981.517
2021-05-28 20:00:00+00:00,35796.5,36220.0,34702.0,35650.0,8467.168
2021-05-29 00:00:00+00:00,35650.0,36753.0,35613.5,36454.5,6149.566
2021-05-29 04:00:00+00:00,36454.5,37312.0,35611.0,36184.0,7525.427
2021-05-29 08:00:00+00:00,36184.0,36360.0,34577.0,35400.0,11417.647
2021-05-29 12:00:00+00:00,35400.0,35403.0,33850.0,34425.0,16700.654
2021-05-29 16:00:00+00:00,34425.0,35041.0,33662.0,34051.5,9747.389
2021-05-29 20:00:00+00:00,34051.5,35081.0,33786.0,34613.0,8566.505
2021-05-30 00:00:00+00:00,34613.0,34949.5,33360.0,34750.5,8397.814
2021-05-30 04:00:00+00:00,34750.5,36182.0,34622.5,35961.5,7905.426
2021-05-30 08:00:00+00:00,35961.5,36399.0,35543.5,36314.5,5846.384
2021-05-30 12:00:00+00:00,36314.5,36446.5,35123.5,35467.0,8857.437
2021-05-30 16:00:00+00:00,35467.0,36238.5,35300.0,36079.0,4338.435
2021-05-30 20:00:00+00:00,36079.0,36310.0,35518.5,35661.5,3637.438
2021-05-31 00:00:00+00:00,35661.5,35999.0,34276.0,34506.0,8474.655
2021-05-31 04:00:00+00:00,34506.0,35930.0,34176.5,35821.0,8803.704
2021-05-31 08:00:00+00:00,35821.0,37135.0,35560.5,36782.0,9722.739
2021-05-31 12:00:00+00:00,36782.0,37200.0,36315.5,36940.0,9483.59
2021-05-31 16:00:00+00:00,36940.0,37396.0,36501.0,36817.5,6337.537
2021-05-31 20:00:00+00:00,36817.5,37462.5,36543.0,37241.0,3371.182
2021-06-01 00:00:00+00:00,37241.0,37864.0,36520.0,36718.5,6749.114
2021-06-01 04:00:00+00:00,36718.5,37433.0,36600.0,36852.5,5625.55
2021-06-01 08:00:00+00:00,36852.5,36930.5,35917.5,36575.0,8345.155
2021-06-01 12:00:00+00:00,36575.0,37387.0,35600.0,36223.0,13178.174
2021-06-01 16:00:00+00:00,36223.0,36469.0,35729.0,35958.5,5515.139
2021-06-01 20:00:00+00:00,35958.5,36750.0,35878.0,36648.0,3465.68
2021-06-02 00:00:00+00:00,36648.0,36858.0,35900.0,36484.5,5353.789
2021-06-02 04:00:00+00:00,36484.5,37374.0,36484.5,37190.0,6384.218
2021-06-02 08:00:00+00:00,37190.0,37499.0,36864.0,37204.0,6210.006
2021-06-02 12:00:00+00:00,37204.0,38198.0,37080.5,37995.0,9397.678
2021-06-02 16:00:00+00:00,37995.0,38160.0,37735.0,37861.5,3964.809
2021-06-02 20:00:00+00:00,37861.5,37898.0,37350.0,37555.0,4046.362
2021-06-03 00:00:00+00:00,37555.0,37860.0,37215.5,37624.5,4637.77
2021-06-03 04:00:00+00:00,37624.5,39007.0,37600.0,38622.0,9621.184
2021-06-03 08:00:00+00:00,38622.0,39440.0,38529.0,38773.0,9039.364
2021-06-03 12:00:00+00:00,38773.0,39249.0,38360.0,38576.5,10266.958
2021-06-03 16:00:00+00:00,38576.5,38968.5,38456.5,38603.5,4479.013
2021-06-03 20:00:00+00:00,38603.5,39237.0,38573.0,39224.5,3737.792
2021-06-04 00:00:00+00:00,39224.5,39265.5,37400.0,37959.0,10608.535
2021-06-04 04:00:00+00:00,37959.0,37959.0,36359.0,36638.0,11707.836
2021-06-04 08:00:00+00:00,36638.0,37044.5,36250.0,36600.0,7687.441
2021-06-04 12:00:00+00:00,36600.0,37100.0,35601.0,36932.0,19066.003
2021-06-04 16:00:00+00:00,36932.0,37220.5,36745.0,36807.5,4836.446
2021-06-04 20:00:00+00:00,36807.5,37232.5,36490.5,36843.5,4329.407
2021-06-05 00:00:00+00:00,36843.5,37800.0,36634.0,37370.0,7500.197
2021-06-05 04:00:00+00:00,37370.0,37867.0,37370.0,37583.5,5474.56
2021-06-05 08:00:00+00:00,37583.5,37814.0,35666.5,35866.5,15835.955
2021-06-05 12:00:00+00:00,35866.5,36420.0,35211.0,36308.5,13642.305
2021-06-05 16:00:00+00:00,36308.5,36323.0,35708.5,35752.5,5078.349
2021-06-05 20:00:00+00:00,35752.5,35985.0,34824.0,35507.5,9605.306
2021-06-06 00:00:00+00:00,35507.5,36243.0,35417.5,35975.0,6552.151
2021-06-06 04:00:00+00:00,35975.0,36447.0,35688.5,36107.5,5732.092
2021-06-06 08:00:00+00:00,36107.5,36370.0,35820.0,35878.0,5382.514
2021-06-06 12:00:00+00:00,35878.0,36435.0,35477.0,36151.0,9422.119
2021-06-06 16:00:00+00:00,36151.0,36296.5,35723.0,35732.0,3882.394
2021-06-06 20:00:00+00:00,35732.0,35990.0,35235.5,35801.0,5118.987
2021-06-07 00:00:00+00:00,35801.0,36763.0,35522.0,36374.0,8913.731
2021-06-07 04:00:00+00:00,36374.0,36504.5,35870.0,36127.0,6105.041
2021-06-07 08:00:00+00:00,36127.0,36529.0,35911.0,36350.5,6196.0
2021-06-07 12:00:00+00:00,36350.5,36784.0,35902.0,36023.0,11116.074
2021-06-07 16:00:00+00:00,36023.0,36075.0,35379.0,35682.0,7801.314
2021-06-07 20:00:00+00:00,35682.0,35766.5,33240.0,33570.5,19225.98
2021-06-08 00:00:00+00:00,33570.5,34050.0,32304.0,32756.5,21290.564
2021-06-08 04:00:00+00:00,32756.5,33215.0,32035.0,32930.0,15546.371
2021-06-08 08:00:00+00:00,32930.0,33324.5,32660.0,33048.5,12181.392
2021-06-08 12:00:00+00:00,33048.5,33110.0,30980.0,31677.0,23953.517
2021-06-08 16:00:00+00:00,31677.0,32963.0,31558.5,32835.5,13996.024
2021-06-08 20:00:00+00:00,32835.5,33831.5,32645.0,33352.5,9895.419
2021-06-09 00:00:00+00:00,33352.5,33507.0,32379.0,32839.0,11699.405
2021-06-09 04:00:00+00:00,32839.0,34458.5,32531.0,34130.5,14735.085
2021-06-09 08:00:00+00:00,34130.5,34936.0,33803.0,34879.5,14277.931
2021-06-09 12:00:00+00:00,34879.5,36717.0,34555.0,36321.0,29300.234
2021-06-09 16:00:00+00:00,36321.0,37018.5,35688.0,36288.0,17903.728
2021-06-09 20:00:00+00:00,36288.0,37556.0,36162.5,37414.5,8847.983
2021-06-10 00:00:00+00:00,37414.5,37699.0,36766.0,36959.5,10525.549
2021-06-10 04:00:00+00:00,36959.5,37212.0,36536.5,36946.5,9802.562
2021-06-10 08:00:00+00:00,36946.5,38440.5,36241.5,37825.5,20394.342
2021-06-10 12:00:00+00:00,37825.5,38175.0,36636.0,36904.5,19911.131
2021-06-10 16:00:00+00:00,36904.5,37150.0,36153.5,36673.0,12733.418
2021-06-10 20:00:00+00:00,36673.0,37085.5,35819.0,36689.5,9609.919
2021-06-11 00:00:00+00:00,36689.5,37240.0,35944.5,36738.0,12071.128
2021-06-11 04:00:00+00:00,36738.0,37350.0,36410.0,37129.0,11415.338
2021-06-11 08:00:00+00:00,37129.0,37656.5,36920.0,37366.0,11140.631
2021-06-11 12:00:00+00:00,37366.0,37579.5,36767.0,36843.0,11027.529
2021-06-11 16:00:00+00:00,36843.0,37387.0,36530.0,37236.5,10018.926
2021-06-11 20:00:00+00:00,37236.5,37459.0,36776.0,37294.0,7225.875
2021-06-12 00:00:00+00:00,37294.0,37412.0,35300.0,35599.5,17346.048
2021-06-12 04:00:00+00:00,35599.5,35735.5,35022.0,35293.5,12727.907
2021-06-12 08:00:00+00:00,35293.5,35869.5,34630.0,35578.5,17543.913
2021-06-12 12:00:00+00:00,35578.5,36180.0,35337.5,35387.0,11878.337
2021-06-12 16:00:00+00:00,35387.0,35949.0,35305.0,35703.5,5877.864
2021-06-12 20:00:00+00:00,35703.5,36072.0,35418.0,35525.0,5670.04
2021-06-13 00:00:00+00:00,35525.0,35875.0,34810.5,34886.5,9555.03
2021-06-13 04:00:00+00:00,34886.5,35456.5,34761.5,35254.5,9720.292
2021-06-13 08:00:00+00:00,35254.5,36050.0,35177.0,35855.0,9029.777
2021-06-13 12:00:00+00:00,35855.0,36100.5,35656.0,36002.0,9080.057
2021-06-13 16:00:00+00:00,36002.0,37755.5,35945.0,37649.0,17835.253
2021-06-13 20:00:00+00:00,37649.0,39372.0,37641.0,39026.0,16353.095
2021-06-14 00:00:00+00:00,39026.0,39815.0,38772.0,38995.0,11345.684
2021-06-14 04:00:00+00:00,38995.0,39732.0,38819.0,39535.0,8592.114
2021-06-14 08:00:00+00:00,39535.0,39610.0,38888.0,39189.0,8845.783
2021-06-14 12:00:00+00:00,39189.0,40995.0,39076.0,40692.5,22668.633
2021-06-14 16:00:00+00:00,40692.5,40727.5,39336.0,39695.5,14764.242
2021-06-14 20:00:00+00:00,39695.5,40584.0,39612.0,40494.5,7660.308
2021-06-15 00:00:00+00:00,40494.5,40832.0,39863.0,40389.5,10591.321
2021-06-15 04:00:00+00:00,40389.5,40541.0,40117.0,40338.5,7455.678
2021-06-15 08:00:00+00:00,40338.5,40381.0,39560.0,39848.5,12000.938
2021-06-15 12:00:00+00:00,39848.5,40434.0,39730.0,40069.5,12355.783
2021-06-15 16:00:00+00:00,40069.5,41300.0,39798.0,39989.0,16682.238
2021-06-15 20:00:00+00:00,39989.0,40341.0,39540.0,40140.5,6859.332
2021-06-16 00:00:00+00:00,40140.5,40140.5,39640.0,40010.0,7044.38
2021-06-16 04:00:00+00:00,40010.0,40471.5,39844.0,40120.0,7858.015
2021-06-16 08:00:00+00:00,40120.0,40239.0,38912.5,39086.5,12363.424
2021-06-16 12:00:00+00:00,39086.5,39485.0,38566.5,38784.5,15270.544
2021-06-16 16:00:00+00:00,38784.5,39691.0,38300.5,38706.5,24100.854
2021-06-16 20:00:00+00:00,38706.5,38944.0,38173.5,38393.0,6547.315
2021-06-17 00:00:00+00:00,38393.0,38949.0,38266.0,38850.0,6483.333
2021-06-17 04:00:00+00:00,38850.0,39350.0,38653.0,39191.0,9491.708
2021-06-17 08:00:00+00:00,39191.0,39532.5,39074.5,39181.0,8303.958
2021-06-17 12:00:00+00:00,39181.0,39198.5,38470.0,39013.5,13896.948
2021-06-17 16:00:00+00:00,39013.5,39099.0,37532.0,37724.0,16451.946
2021-06-17 20:00:00+00:00,37724.0,38210.0,37400.0,38097.0,8753.656
2021-06-18 00:00:00+00:00,38097.0,38223.0,37259.5,37895.5,10110.338
2021-06-18 04:00:00+00:00,37895.5,38100.0,37425.0,37686.5,8425.823
2021-06-18 08:00:00+00:00,37686.5,38006.0,37113.5,37784.0,13230.66
2021-06-18 12:00:00+00:00,37784.0,37910.0,36373.0,36395.5,15983.906
2021-06-18 16:00:00+00:00,36395.5,36718.0,35159.0,35334.5,17322.302
2021-06-18 20:00:00+00:00,35334.5,35933.0,35256.5,35822.0,8626.52
2021-06-19 00:00:00+00:00,35822.0,36270.0,34800.0,35104.0,14499.694
2021-06-19 04:00:00+00:00,35104.0,35827.5,34959.0,35740.5,11883.036
2021-06-19 08:00:00+00:00,35740.5,35961.0,35556.0,35899.0,8426.192
2021-06-19 12:00:00+00:00,35899.0,36425.0,35545.0,36097.5,16472.152
2021-06-19 16:00:00+00:00,36097.5,36181.5,35364.5,35914.0,10794.168
2021-06-19 20:00:00+00:00,35914.0,36155.5,35431.0,35528.0,7123.126
2021-06-20 00:00:00+00:00,35528.0,35785.0,35160.0,35523.0,8663.79
2021-06-20 04:00:00+00:00,35523.0,35889.0,35400.0,35634.5,7267.306
2021-06-20 08:00:00+00:00,35634.5,35670.0,33728.0,33857.0,24002.476
2021-06-20 12:00:00+00:00,33857.0,34618.0,33338.0,34391.0,22705.652
2021-06-20 16:00:00+00:00,34391.0,35637.0,34261.5,35470.5,13399.033
2021-06-20 20:00:00+00:00,35470.5,36149.0,35364.0,35608.5,10297.522
2021-06-21 00:00:00+00:00,35608.5,35737.5,34622.5,34666.5,12277.669
2021-06-21 04:00:00+00:00,34666.5,34722.0,32228.5,32970.5,40875.774
2021-06-21 08:00:00+00:00,32970.5,33529.0,31710.0,32510.0,44975.025
2021-06-21 12:00:00+00:00,32510.0,33189.0,31934.0,32675.5,22143.23
2021-06-21 16:00:00+00:00,32675.5,32952.5,32050.0,32565.5,15370.134
2021-06-21 20:00:00+00:00,32565.5,32784.5,31265.5,31613.5,20299.986
2021-06-22 00:00:00+00:00,31613.5,33232.0,31180.0,32999.5,20877.231
2021-06-22 04:00:00+00:00,32999.5,33080.0,32468.0,32633.0,10066.753
2021-06-22 08:00:00+00:00,32633.0,32647.0,31100.5,31232.0,28507.142
2021-06-22 12:00:00+00:00,31232.0,31904.5,28774.0,31654.5,80416.076
2021-06-22 16:00:00+00:00,31654.5,33246.0,31584.5,32389.0,35039.183
2021-06-22 20:00:00+00:00,32389.0,32936.0,32132.0,32480.0,8771.079
2021-06-23 00:00:00+00:00,32480.0,34372.0,31704.0,33957.5,24357.01
2021-06-23 04:00:00+00:00,33957.5,34355.5,33588.0,33975.0,14507.438
2021-06-23 08:00:00+00:00,33975.0,34482.5,33650.0,33920.0,14771.529
2021-06-23 12:00:00+00:00,33920.0,34794.5,33412.0,33485.5,22657.256
2021-06-23 16:00:00+00:00,33485.5,33939.0,32879.5,32887.5,15832.172
2021-06-23 20:00:00+00:00,32887.5,33737.0,32750.0,33642.0,9412.063
2021-06-24 00:00:00+00:00,33642.0,33836.5,32351.5,32594.5,14899.754
2021-06-24 04:00:00+00:00,32594.5,33228.5,32330.5,32822.0,12509.127
2021-06-24 08:00:00+00:00,32822.0,33871.0,32795.0,33812.0,13187.925
2021-06-24 12:00:00+00:00,33812.0,34544.5,33727.0,33861.0,20075.366
2021-06-24 16:00:00+00:00,33861.0,35300.0,33744.5,34830.0,21084.101
2021-06-24 20:00:00+00:00,34830.0,34970.0,34530.0,34656.5,6516.326
2021-06-25 00:00:00+00:00,34656.5,35466.0,34252.0,35058.5,15605.277
2021-06-25 04:00:00+00:00,35058.5,35089.0,33968.0,34287.0,12958.205
2021-06-25 08:00:00+00:00,34287.0,34458.0,33256.0,33291.5,17548.141
2021-06-25 12:00:00+00:00,33291.5,33558.5,32375.0,32593.5,28000.168
2021-06-25 16:00:00+00:00,32593.5,32897.5,31505.0,32221.0,27630.384
2021-06-25 20:00:00+00:00,32221.0,32347.5,31300.0,31580.0,13757.244
2021-06-26 00:00:00+00:00,31580.0,32243.0,31305.5,31969.5,14276.838
2021-06-26 04:00:00+00:00,31969.5,32700.0,30613.0,30680.0,22762.202
2021-06-26 08:00:00+00:00,30680.0,31874.0,30101.0,31761.5,31310.092
2021-06-26 12:00:00+00:00,31761.5,31975.0,30487.0,31520.5,29763.783
2021-06-26 16:00:00+00:00,31520.5,31888.0,30775.5,31585.0,17028.546
2021-06-26 20:00:00+00:00,31585.0,32265.5,30914.5,32249.5,10728.435
2021-06-27 00:00:00+00:00,32249.5,33178.0,31972.0,33104.0,19341.28
2021-06-27 04:00:00+00:00,33104.0,33400.0,32779.0,33224.5,12471.785
2021-06-27 08:00:00+00:00,33224.5,33388.0,32339.0,33207.5,19832.796
2021-06-27 12:00:00+00:00,33207.5,33549.0,32700.0,33198.5,19953.656
2021-06-27 16:00:00+00:00,33198.5,33372.0,32573.0,32800.5,12121.376
2021-06-27 20:00:00+00:00,32800.5,34755.0,32438.0,34690.5,21509.829
2021-06-28 00:00:00+00:00,34690.5,34976.0,34257.0,34384.5,12005.126
2021-06-28 04:00:00+00:00,34384.5,35223.0,34293.5,34969.0,12207.986
2021-06-28 08:00:00+00:00,34969.0,35100.0,33960.0,34119.5,17504.389
2021-06-28 12:00:00+00:00,34119.5,34934.0,33905.0,34931.5,19147.04
2021-06-28 16:00:00+00:00,34931.5,34981.0,33969.0,34441.0,13530.242
2021-06-28 20:00:00+00:00,34441.0,34794.0,34132.5,34493.5,7802.638
2021-06-29 00:00:00+00:00,34493.5,35142.5,34240.0,34576.5,13546.191
2021-06-29 04:00:00+00:00,34576.5,35400.0,34541.5,34866.0,15955.33
2021-06-29 08:00:00+00:00,34866.0,35725.5,34744.0,35554.0,17018.368
2021-06-29 12:00:00+00:00,35554.0,36397.0,35344.0,36225.5,22632.381
2021-06-29 16:00:00+00:00,36225.5,36573.0,36062.5,36370.0,10728.43
2021-06-29 20:00:00+00:00,36370.0,36450.0,35789.0,35918.5,8578.894
2021-06-30 00:00:00+00:00,35918.5,36073.5,34987.5,35133.0,13215.154
2021-06-30 04:00:00+00:00,35133.0,35274.0,34666.0,35232.5,14962.506
2021-06-30 08:00:00+00:00,35232.5,35320.0,34425.0,34835.5,16940.391
2021-06-30 12:00:00+00:00,34835.5,34986.5,34100.0,34188.0,15855.388
2021-06-30 16:00:00+00:00,34188.0,34882.5,34050.0,34751.5,11005.37
2021-06-30 20:00:00+00:00,34751.5,35173.5,34391.0,35018.0,9694.274
2021-07-01 00:00:00+00:00,35018.0,35021.5,34152.0,34152.0,10407.415
2021-07-01 04:00:00+00:00,34152.0,34450.0,33312.0,33314.0,23597.133
2021-07-01 08:00:00+00:00,33314.0,33718.0,33000.0,33698.0,15409.775
2021-07-01 12:00:00+00:00,33698.0,33800.5,33051.0,33431.0,16067.468
2021-07-01 16:00:00+00:00,33431.0,33623.0,32710.0,33086.5,14331.347
2021-07-01 20:00:00+00:00,33086.5,33612.0,33086.0,33490.0,7975.88
2021-07-02 00:00:00+00:00,33490.0,33924.0,32766.0,32890.0,12645.305
2021-07-02 04:00:00+00:00,32890.0,33466.5,32695.0,33319.0,13405.63
2021-07-02 08:00:00+00:00,33319.0,33570.0,32774.5,33033.0,16907.82
2021-07-02 12:00:00+00:00,33033.0,33696.5,32887.0,33673.5,17681.765
2021-07-02 16:00:00+00:00,33673.5,33751.5,33121.0,33316.0,8103.386
2021-07-02 20:00:00+00:00,33316.0,33848.0,33050.0,33753.5,7834.589
2021-07-03 00:00:00+00:00,33753.5,33863.5,33339.0,33516.0,8045.653
2021-07-03 04:00:00+00:00,33516.0,34626.5,33450.0,34449.0,15434.223
2021-07-03 08:00:00+00:00,34449.0,34746.0,34360.0,34569.5,12083.064
2021-07-03 12:00:00+00:00,34569.5,34780.0,34477.0,34597.0,8857.885
2021-07-03 16:00:00+00:00,34597.0,34900.0,34462.0,34713.5,7486.374
2021-07-03 20:00:00+00:00,34713.5,34865.5,34266.5,34649.5,8824.874
2021-07-04 00:00:00+00:00,34649.5,34746.5,34370.0,34613.5,6177.155
2021-07-04 04:00:00+00:00,34613.5,35662.5,34600.0,35553.5,15577.429
2021-07-04 08:00:00+00:00,35553.5,35639.0,35372.5,35504.5,8602.946
2021-07-04 12:00:00+00:00,35504.5,35530.0,35250.0,35487.0,8641.892
2021-07-04 16:00:00+00:00,35487.0,35650.0,35373.5,35561.0,5720.42
2021-07-04 20:00:00+00:00,35561.0,35940.0,35231.5,35293.0,11203.239
2021-07-05 00:00:00+00:00,35293.0,35293.0,34240.0,34367.5,19209.804
2021-07-05 04:00:00+00:00,34367.5,34422.5,34060.0,34258.0,11972.773
2021-07-05 08:00:00+00:00,34258.0,34539.0,33335.5,33386.0,20284.131
2021-07-05 12:00:00+00:00,33386.0,33722.0,33327.0,33557.5,13532.788
2021-07-05 16:00:00+00:00,33557.5,34240.0,33119.0,34095.0,14168.788
2021-07-05 20:00:00+00:00,34095.0,34185.5,33662.0,33679.0,9136.688
2021-07-06 00:00:00+00:00,33679.0,34131.5,33633.5,33894.5,8150.574
2021-07-06 04:00:00+00:00,33894.5,34920.0,33894.0,34860.0,14551.826
2021-07-06 08:00:00+00:00,34860.0,35061.5,33732.0,34039.5,24069.885
2021-07-06 12:00:00+00:00,34039.5,34466.0,33780.5,34033.5,17122.383
2021-07-06 16:00:00+00:00,34033.5,34155.0,33512.0,33981.5,14502.951
2021-07-06 20:00:00+00:00,33981.5,34319.5,33636.0,34200.0,6961.981
2021-07-07 00:00:00+00:00,34200.0,34521.0,33935.0,34416.0,9666.58
2021-07-07 04:00:00+00:00,34416.0,34869.5,34360.0,34694.5,11183.183
2021-07-07 08:00:00+00:00,34694.5,34950.0,34460.0,34800.5,10298.664
2021-07-07 12:00:00+00:00,34800.5,35036.0,34489.5,34540.0,9785.543
2021-07-07 16:00:00+00:00,34540.0,34767.0,34431.5,34626.5,5361.184
2021-07-07 20:00:00+00:00,34626.5,34627.0,33806.0,33878.5,10100.481
2021-07-08 00:00:00+00:00,33878.5,33937.5,33077.5,33300.0,15506.129
2021-07-08 04:00:00+00:00,33300.0,33478.0,32270.5,32496.0,21950.714
2021-07-08 08:00:00+00:00,32496.0,32699.0,32089.0,32661.5,16558.402
2021-07-08 12:00:00+00:00,32661.5,32945.0,32343.5,32866.5,16322.74
2021-07-08 16:00:00+00:00,32866.5,33163.0,32633.0,32970.5,9816.922
2021-07-08 20:00:00+00:00,32970.5,33034.5,32532.0,32854.0,6682.809
2021-07-09 00:00:00+00:00,32854.0,33051.0,32280.5,32913.0,13308.698
2021-07-09 04:00:00+00:00,32913.0,33267.5,32751.0,32891.0,8770.99
2021-07-09 08:00:00+00:00,32891.0,33038.0,32613.0,32750.5,9374.589
2021-07-09 12:00:00+00:00,32750.5,33648.5,32644.0,33530.0,16043.215
2021-07-09 16:00:00+00:00,33530.0,33658.0,33288.0,33434.0,5784.146
2021-07-09 20:00:00+00:00,33434.0,34084.0,33393.0,33820.0,8875.333
2021-07-10 00:00:00+00:00,33820.0,34230.5,33655.0,33791.0,8941.389
2021-07-10 04:00:00+00:00,33791.0,33891.5,33478.0,33749.5,7321.695
2021-07-10 08:00:00+00:00,33749.5,33910.5,33573.5,33776.5,8067.66
2021-07-10 12:00:00+00:00,33776.5,33917.5,33642.5,33848.5,7273.411
2021-07-10 16:00:00+00:00,33848.5,34150.5,33246.0,33378.5,14675.051
2021-07-10 20:00:00+00:00,33378.5,33662.0,33010.0,33500.5,6622.454
2021-07-11 00:00:00+00:00,33500.5,33785.0,33413.5,33443.0,6720.876
2021-07-11 04:00:00+00:00,33443.0,33619.0,33339.0,33492.5,7002.973
2021-07-11 08:00:00+00:00,33492.5,33832.0,33433.0,33777.0,9168.216
2021-07-11 12:00:00+00:00,33777.0,33961.0,33664.5,33896.5,8283.895
2021-07-11 16:00:00+00:00,33896.5,34059.5,33746.5,33855.0,6023.339
2021-07-11 20:00:00+00:00,33855.0,34540.0,33711.5,34234.0,9968.62
2021-07-12 00:00:00+00:00,34234.0,34491.5,34050.0,34412.5,6424.683
2021-07-12 04:00:00+00:00,34412.5,34620.0,34165.0,34273.5,7892.907
2021-07-12 08:00:00+00:00,34273.5,34440.0,33555.0,33556.0,14697.306
2021-07-12 12:00:00+00:00,33556.0,33636.0,33354.5,33392.0,10722.787
2021-07-12 16:00:00+00:00,33392.0,33461.0,32780.5,32846.5,14131.502
2021-07-12 20:00:00+00:00,32846.5,33283.0,32700.0,33112.5,6854.365
2021-07-13 00:00:00+00:00,33112.5,33203.0,32857.5,33086.0,6173.775
2021-07-13 04:00:00+00:00,33086.0,33306.0,32772.0,33157.5,9389.445
2021-07-13 08:00:00+00:00,33157.5,33312.0,32925.0,33039.0,7440.371
2021-07-13 12:00:00+00:00,33039.0,33039.0,32310.0,32772.5,18411.386
2021-07-13 16:00:00+00:00,32772.5,32925.5,32250.0,32316.0,9645.065
2021-07-13 20:00:00+00:00,32316.0,32746.0,32213.5,32720.0,6039.882
2021-07-14 00:00:00+00:00,32720.0,32797.0,31675.0,31859.5,14478.959
2021-07-14 04:00:00+00:00,31859.5,32004.0,31654.0,31898.0,10605.191
2021-07-14 08:00:00+00:00,31898.0,32676.0,31594.0,32428.5,16813.927
2021-07-14 12:00:00+00:00,32428.5,32925.0,32293.0,32780.5,11304.817
2021-07-14 16:00:00+00:00,32780.5,33082.5,32583.0,32713.5,8147.113
2021-07-14 20:00:00+00:00,32713.5,33013.0,32680.0,32800.0,4590.991
2021-07-15 00:00:00+00:00,32800.0,33145.5,32650.0,32650.0,9123.763
2021-07-15 04:00:00+00:00,32650.0,32687.5,32399.0,32488.0,10249.969
2021-07-15 08:00:00+00:00,32488.0,32605.0,31823.0,31920.0,14560.942
2021-07-15 12:00:00+00:00,31920.0,32163.0,31480.0,31703.0,17601.818
2021-07-15 16:00:00+00:00,31703.0,31777.0,31160.0,31544.0,13581.271
2021-07-15 20:00:00+00:00,31544.0,31876.5,31515.5,31855.5,6286.284
2021-07-16 00:00:00+00:00,31855.5,32028.0,31571.0,31904.0,7307.682
2021-07-16 04:00:00+00:00,31904.0,31979.0,31555.0,31783.5,7681.092
2021-07-16 08:00:00+00:00,31783.5,31783.5,31056.0,31113.5,12372.864
2021-07-16 12:00:00+00:00,31113.5,32150.0,31102.0,32085.0,17665.489
2021-07-16 16:00:00+00:00,32085.0,32200.0,31796.0,31899.5,8378.629
2021-07-16 20:00:00+00:00,31899.5,31955.0,31335.0,31384.0,5634.907
2021-07-17 00:00:00+00:00,31384.0,31613.0,31171.5,31309.0,10785.751
2021-07-17 04:00:00+00:00,31309.0,31546.0,31217.5,31473.5,5657.319
2021-07-17 08:00:00+00:00,31473.5,31914.0,31260.0,31399.5,13635.423
2021-07-17 12:00:00+00:00,31399.5,31756.0,31357.0,31725.0,8909.63
2021-07-17 16:00:00+00:00,31725.0,31888.5,31533.5,31816.5,6048.999
2021-07-17 20:00:00+00:00,31816.5,31859.0,31503.0,31509.0,4470.253
2021-07-18 00:00:00+00:00,31509.0,32380.0,31478.0,32140.0,11553.274
2021-07-18 04:00:00+00:00,32140.0,32167.5,31704.0,31715.5,6565.495
2021-07-18 08:00:00+00:00,31715.5,31873.5,31600.0,31798.0,6503.304
2021-07-18 12:00:00+00:00,31798.0,31844.5,31122.0,31377.0,11626.794
2021-07-18 16:00:00+00:00,31377.0,31754.5,31302.0,31621.0,6118.53
2021-07-18 20:00:00+00:00,31621.0,31888.5,31423.5,31748.0,7406.966
2021-07-19 00:00:00+00:00,31748.0,31811.0,31440.0,31539.5,6615.396
2021-07-19 04:00:00+00:00,31539.5,31849.0,31525.0,31611.5,6694.923
2021-07-19 08:00:00+00:00,31611.5,31650.0,31207.0,31289.5,10814.595
2021-07-19 12:00:00+00:00,31289.5,31369.5,30412.0,30661.5,26225.724
2021-07-19 16:00:00+00:00,30661.5,30834.0,30553.5,30740.5,5348.617
2021-07-19 20:00:00+00:00,30740.5,30950.0,30715.5,30815.5,4129.892
2021-07-20 00:00:00+00:00,30815.5,31032.0,29483.0,29599.5,24507.881
2021-07-20 04:00:00+00:00,29599.5,29891.0,29488.0,29793.0,9921.547
2021-07-20 08:00:00+00:00,29793.0,29842.0,29272.5,29664.0,13193.003
2021-07-20 12:00:00+00:00,29664.0,29947.0,29278.5,29855.0,16315.244
2021-07-20 16:00:00+00:00,29855.0,29941.0,29612.5,29756.0,5596.484
2021-07-20 20:00:00+00:00,29756.0,29940.5,29513.0,29765.0,6064.946
2021-07-21 00:00:00+00:00,29765.0,29859.5,29509.0,29808.0,7761.11
2021-07-21 04:00:00+00:00,29808.0,30930.0,29807.5,30791.0,19965.573
2021-07-21 08:00:00+00:00,30791.0,31634.0,30723.5,31533.5,19918.574
2021-07-21 12:00:00+00:00,31533.5,31961.5,31429.5,31922.5,16548.457
2021-07-21 16:00:00+00:00,31922.5,32840.0,31568.0,31605.5,35639.739
2021-07-21 20:00:00+00:00,31605.5,32199.0,31512.0,32089.0,8983.506
2021-07-22 00:00:00+00:00,32089.0,32344.0,31761.5,31906.0,9292.687
2021-07-22 04:00:00+00:00,31906.0,32261.0,31855.5,32108.5,7997.143
2021-07-22 08:00:00+00:00,32108.5,32224.0,31725.5,31882.5,10112.033
2021-07-22 12:00:00+00:00,31882.5,32540.0,31744.5,32455.5,13436.904
2021-07-22 16:00:00+00:00,32455.5,32530.0,32228.5,32363.5,5701.157
2021-07-22 20:00:00+00:00,32363.5,32450.0,32057.5,32283.5,4726.254
2021-07-23 00:00:00+00:00,32283.5,32735.0,32192.0,32559.5,9797.435
2021-07-23 04:00:00+00:00,32559.5,32874.0,32345.5,32438.5,8801.016
2021-07-23 08:00:00+00:00,32438.5,32486.0,32226.0,32300.5,8480.261
2021-07-23 12:00:00+00:00,32300.5,32569.0,32248.0,32315.5,8376.573
2021-07-23 16:00:00+00:00,32315.5,32328.0,32028.0,32227.0,8719.983
2021-07-23 20:00:00+00:00,32227.0,33600.0,32196.5,33600.0,16565.637
2021-07-24 00:00:00+00:00,33600.0,33775.5,33411.5,33634.5,11783.971
2021-07-24 04:00:00+00:00,33634.5,33870.0,33550.0,33779.0,7436.712
2021-07-24 08:00:00+00:00,33779.0,34010.0,33527.0,33825.0,8464.153
2021-07-24 12:00:00+00:00,33825.0,33982.0,33702.5,33833.0,5874.564
2021-07-24 16:00:00+00:00,33833.0,34437.5,33706.5,33833.0,12916.059
2021-07-24 20:00:00+00:00,33833.0,34234.0,33652.0,34224.0,6149.417
2021-07-25 00:00:00+00:00,34224.0,34360.5,33829.0,34131.5,9861.892
2021-07-25 04:00:00+00:00,34131.5,34735.0,34050.0,34660.5,10209.74
2021-07-25 08:00:00+00:00,34660.5,34760.0,34276.0,34378.5,9049.373
2021-07-25 12:00:00+00:00,34378.5,34390.0,33870.5,34182.5,13896.734
2021-07-25 16:00:00+00:00,34182.5,34562.0,34092.0,34319.5,8069.773
2021-07-25 20:00:00+00:00,34319.5,35366.0,34276.5,35348.5,11958.755
2021-07-26 00:00:00+00:00,35348.5,39952.5,35174.5,38316.5,69444.087
2021-07-26 04:00:00+00:00,38316.5,39299.0,37863.0,38192.5,20697.335
2021-07-26 08:00:00+00:00,38192.5,38740.0,37717.0,38490.5,13478.687
2021-07-26 12:00:00+00:00,38490.5,38877.0,37953.0,38559.0,13929.089
2021-07-26 16:00:00+00:00,38559.0,40555.0,38488.5,39371.0,29632.325
2021-07-26 20:00:00+00:00,39371.0,39497.0,36748.0,37235.0,34665.7
2021-07-27 00:00:00+00:00,37235.0,37497.5,36396.5,36785.0,17130.511
2021-07-27 04:00:00+00:00,36785.0,37300.0,36668.0,37118.5,12143.22
2021-07-27 08:00:00+00:00,37118.5,38028.5,36980.0,38027.5,12382.937
2021-07-27 12:00:00+00:00,38027.5,38745.0,37705.0,38217.0,29846.616
2021-07-27 16:00:00+00:00,38217.0,38289.0,37349.0,37774.0,14711.999
2021-07-27 20:00:00+00:00,37774.0,39486.5,37774.0,39440.5,15180.0
2021-07-28 00:00:00+00:00,39440.5,40333.0,38894.0,39833.5,22853.233
2021-07-28 04:00:00+00:00,39833.5,40162.5,39268.0,39877.0,14757.16
2021-07-28 08:00:00+00:00,39877.0,40874.0,39359.5,40730.0,17085.166
2021-07-28 12:00:00+00:00,40730.0,40830.0,39310.0,39653.5,18039.386
2021-07-28 16:00:00+00:00,39653.5,40653.0,38719.0,40341.0,25126.565
2021-07-28 20:00:00+00:00,40341.0,40345.0,39560.0,39995.0,10269.314
2021-07-29 00:00:00+00:00,39995.0,40278.0,39250.0,39606.0,10038.97
2021-07-29 04:00:00+00:00,39606.0,40240.0,39457.0,39911.0,10041.789
2021-07-29 08:00:00+00:00,39911.0,40602.0,39507.0,39765.0,14043.951
2021-07-29 12:00:00+00:00,39765.0,40179.0,39451.0,39928.0,14224.558
2021-07-29 16:00:00+00:00,39928.0,40157.0,39390.0,39651.5,9057.067
2021-07-29 20:00:00+00:00,39651.5,40378.5,39494.0,39990.5,10069.153
2021-07-30 00:00:00+00:00,39990.5,40220.0,39752.0,39966.5,6181.089
2021-07-30 04:00:00+00:00,39966.5,39994.5,39600.0,39735.5,7119.609
2021-07-30 08:00:00+00:00,39735.5,39765.0,38305.0,38645.5,18621.723
2021-07-30 12:00:00+00:00,38645.5,39155.5,38582.5,39039.5,8078.888
2021-07-30 16:00:00+00:00,39039.5,39861.0,38849.0,39861.0,8216.868
2021-07-30 20:00:00+00:00,39861.0,42300.0,39712.5,42209.5,29853.137
2021-07-31 00:00:00+00:00,42209.5,42421.5,41584.0,41812.5,11152.382
2021-07-31 04:00:00+00:00,41812.5,41846.0,41165.5,41539.5,8495.009
2021-07-31 08:00:00+00:00,41539.5,41985.0,41328.0,41588.5,7611.766
2021-07-31 12:00:00+00:00,41588.5,41733.0,41078.5,41530.0,9048.41
2021-07-31 16:00:00+00:00,41530.0,41570.0,41016.0,41295.0,6295.803
2021-07-31 20:00:00+00:00,41295.0,42091.0,41150.0,41445.5,10141.392
2021-08-01 00:00:00+00:00,41445.5,42600.0,41111.0,42423.0,12747.016
2021-08-01 04:00:00+00:00,42423.0,42423.5,41601.0,41697.0,10287.958
2021-08-01 08:00:00+00:00,41697.0,41946.0,41300.0,41596.5,7916.534
2021-08-01 12:00:00+00:00,41596.5,41825.0,41157.0,41312.0,8095.99
2021-08-01 16:00:00+00:00,41312.0,41500.0,40570.0,41273.0,14088.969
2021-08-01 20:00:00+00:00,41273.0,41498.0,39389.0,39836.5,17198.717
2021-08-02 00:00:00+00:00,39836.5,40074.5,39225.0,39788.5,10994.661
2021-08-02 04:00:00+00:00,39788.5,40450.0,39595.0,40083.0,8805.873
2021-08-02 08:00:00+00:00,40083.0,40133.5,39305.0,39535.0,10759.077
2021-08-02 12:00:00+00:00,39535.0,39841.0,38845.0,39703.0,14643.09
2021-08-02 16:00:00+00:00,39703.0,40000.0,39008.0,39190.0,9005.053
2021-08-02 20:00:00+00:00,39190.0,39568.0,38662.0,39165.0,9583.833
2021-08-03 00:00:00+00:00,39165.0,39780.0,38500.0,38669.5,12960.734
2021-08-03 04:00:00+00:00,38669.5,38824.5,37920.5,38589.5,11572.197
2021-08-03 08:00:00+00:00,38589.5,38800.0,38320.0,38494.0,7685.591
2021-08-03 12:00:00+00:00,38494.0,38688.5,37650.0,38185.5,17635.548
2021-08-03 16:00:00+00:00,38185.5,38520.0,37593.0,38018.5,9769.527
2021-08-03 20:00:00+00:00,38018.5,38700.0,37899.0,38208.5,7282.601
2021-08-04 00:00:00+00:00,38208.5,38550.0,37912.0,37997.0,8262.065
2021-08-04 04:00:00+00:00,37997.0,38220.0,37701.0,37844.0,8439.03
2021-08-04 08:00:00+00:00,37844.0,38235.5,37375.5,38145.0,10085.637
2021-08-04 12:00:00+00:00,38145.0,39599.0,38145.0,39269.0,20537.864
2021-08-04 16:00:00+00:00,39269.0,39830.0,39150.0,39719.5,9645.985
2021-08-04 20:00:00+00:00,39719.5,39952.0,39435.0,39715.5,6609.654
2021-08-05 00:00:00+00:00,39715.5,39814.0,39164.0,39442.5,7843.364
2021-08-05 04:00:00+00:00,39442.5,39519.5,38750.0,38875.0,8633.819
2021-08-05 08:00:00+00:00,38875.0,38967.0,37817.5,38028.0,16474.509
2021-08-05 12:00:00+00:00,38028.0,39363.0,37281.0,38749.5,28601.636
2021-08-05 16:00:00+00:00,38749.5,41346.5,38734.0,40677.5,25685.283
2021-08-05 20:00:00+00:00,40677.5,41275.0,40664.5,40848.5,7425.313
2021-08-06 00:00:00+00:00,40848.5,40999.0,39908.0,40223.0,15022.675
2021-08-06 04:00:00+00:00,40223.0,41240.0,39870.0,40732.0,14599.748
2021-08-06 08:00:00+00:00,40732.0,41100.0,40396.5,40505.0,11393.862
2021-08-06 12:00:00+00:00,40505.0,42620.0,40250.5,42210.0,21850.413
2021-08-06 16:00:00+00:00,42210.0,43481.5,42210.0,42892.0,23197.204
2021-08-06 20:00:00+00:00,42892.0,42945.5,42402.0,42799.5,6147.151
2021-08-07 00:00:00+00:00,42799.5,43725.0,42554.0,43646.5,12851.732
2021-08-07 04:00:00+00:00,43646.5,43929.0,43042.0,43216.0,10099.407
2021-08-07 08:00:00+00:00,43216.0,43986.5,43125.0,43811.5,9852.958
2021-08-07 12:00:00+00:00,43811.5,44577.0,43116.0,43364.5,20907.538
2021-08-07 16:00:00+00:00,43364.5,44310.5,42360.0,43982.0,16470.08
2021-08-07 20:00:00+00:00,43982.0,44784.0,43430.5,44578.5,10199.906
2021-08-08 00:00:00+00:00,44578.5,44839.0,43800.0,44316.0,9586.557
2021-08-08 04:00:00+00:00,44316.0,45319.5,44161.0,44777.0,13091.144
2021-08-08 08:00:00+00:00,44777.0,44970.0,44050.0,44455.0,10366.581
2021-08-08 12:00:00+00:00,44455.0,45189.5,43728.5,43976.5,15164.396
2021-08-08 16:00:00+00:00,43976.5,44400.0,43288.0,43722.0,11787.834
2021-08-08 20:00:00+00:00,43722.0,44651.0,43567.5,43806.0,11086.321
2021-08-09 00:00:00+00:00,43806.0,44001.5,42800.0,43503.5,11548.585
2021-08-09 04:00:00+00:00,43503.5,43816.0,43256.0,43794.5,7122.77
2021-08-09 08:00:00+00:00,43794.5,46048.0,43603.5,45915.5,20494.51
2021-08-09 12:00:00+00:00,45915.5,46386.0,45259.0,45870.0,16216.016
2021-08-09 16:00:00+00:00,45870.0,46465.0,45667.5,45944.0,8399.727
2021-08-09 20:00:00+00:00,45944.0,46449.0,44905.5,46258.0,14105.454
2021-08-10 00:00:00+00:00,46258.0,46737.5,45642.0,45705.0,9216.599
2021-08-10 04:00:00+00:00,45705.0,46034.5,45331.5,45973.0,7490.468
2021-08-10 08:00:00+00:00,45973.0,46264.0,45165.0,45388.0,10934.705
2021-08-10 12:00:00+00:00,45388.0,46120.0,44900.0,45184.0,14139.124
2021-08-10 16:00:00+00:00,45184.0,45588.0,44667.0,45500.0,8826.507
2021-08-10 20:00:00+00:00,45500.0,45981.5,45255.0,45580.5,8023.617
2021-08-11 00:00:00+00:00,45580.5,45988.0,45348.0,45590.0,7611.163
2021-08-11 04:00:00+00:00,45590.0,46431.0,45490.0,46320.0,10259.712
2021-08-11 08:00:00+00:00,46320.0,46586.0,45848.5,45924.0,9126.394
2021-08-11 12:00:00+00:00,45924.0,46728.5,45822.0,46418.5,11195.02
2021-08-11 16:00:00+00:00,46418.5,46591.0,46205.0,46445.5,4696.073
2021-08-11 20:00:00+00:00,46445.5,46645.0,45500.0,45520.0,9219.463
2021-08-12 00:00:00+00:00,45520.0,46220.0,45400.0,45939.0,6636.677
2021-08-12 04:00:00+00:00,45939.0,46007.5,44856.0,45305.0,13604.496
2021-08-12 08:00:00+00:00,45305.0,45633.0,44636.0,44776.0,13676.315
2021-08-12 12:00:00+00:00,44776.0,44978.5,43946.0,44218.5,13535.679
2021-08-12 16:00:00+00:00,44218.5,44541.0,43810.0,44411.5,6662.622
2021-08-12 20:00:00+00:00,44411.5,44560.0,43915.0,44410.0,5335.361
2021-08-13 00:00:00+00:00,44410.0,45354.0,44220.0,45163.5,9628.685
2021-08-13 04:00:00+00:00,45163.5,46303.0,44917.5,46052.5,12827.306
2021-08-13 08:00:00+00:00,46052.5,46570.0,45960.0,46124.0,9050.799
2021-08-13 12:00:00+00:00,46124.0,46635.0,46124.0,46350.0,9572.631
2021-08-13 16:00:00+00:00,46350.0,46606.0,46198.0,46434.5,4641.913
2021-08-13 20:00:00+00:00,46434.5,47956.0,46380.0,47790.0,12822.006
2021-08-14 00:00:00+00:00,47790.0,47800.0,47428.0,47555.0,5082.181
2021-08-14 04:00:00+00:00,47555.0,47749.0,47476.5,47657.5,4054.734
2021-08-14 08:00:00+00:00,47657.5,48280.5,46022.0,46600.0,19770.799
2021-08-14 12:00:00+00:00,46600.0,46970.0,46150.0,46922.0,8328.254
2021-08-14 16:00:00+00:00,46922.0,47450.0,46611.0,47051.5,5730.9
2021-08-14 20:00:00+00:00,47051.5,47283.0,46328.5,47080.0,5233.364
2021-08-15 00:00:00+00:00,47080.0,47382.0,46837.0,46879.5,5160.184
2021-08-15 04:00:00+00:00,46879.5,46889.5,45700.5,45819.5,9479.984
2021-08-15 08:00:00+00:00,45819.5,46175.5,45630.0,45973.5,7871.718
2021-08-15 12:00:00+00:00,45973.5,46540.5,45510.0,46191.5,9118.408
2021-08-15 16:00:00+00:00,46191.5,46480.0,45666.0,46340.0,6441.077
2021-08-15 20:00:00+00:00,46340.0,47298.0,46304.5,46998.0,6950.052
2021-08-16 00:00:00+00:00,46998.0,48341.0,46771.0,47379.5,11954.262
2021-08-16 04:00:00+00:00,47379.5,47744.0,47156.5,47305.0,5323.854
2021-08-16 08:00:00+00:00,47305.0,47689.5,47010.0,47523.0,7379.227
2021-08-16 12:00:00+00:00,47523.0,47720.0,45950.0,46368.0,15664.04
2021-08-16 16:00:00+00:00,46368.0,46691.0,46126.0,46139.5,6350.793
2021-08-16 20:00:00+00:00,46139.5,46350.0,45713.0,45955.5,7943.229
2021-08-17 00:00:00+00:00,45955.5,46630.0,45250.0,46431.5,9337.42
2021-08-17 04:00:00+00:00,46431.5,46585.0,45667.5,45966.0,7894.674
2021-08-17 08:00:00+00:00,45966.0,47300.0,45922.0,46857.5,12164.401
2021-08-17 12:00:00+00:00,46857.5,47035.0,45695.5,45739.5,12044.214
2021-08-17 16:00:00+00:00,45739.5,46223.0,45313.5,45509.5,8585.456
2021-08-17 20:00:00+00:00,45509.5,45559.5,44420.0,44726.0,11485.016
2021-08-18 00:00:00+00:00,44726.0,45190.0,44300.0,45090.0,9757.849
2021-08-18 04:00:00+00:00,45090.0,45490.0,44904.5,44972.5,7306.601
2021-08-18 08:00:00+00:00,44972.5,45585.0,44688.0,44765.5,8634.87
2021-08-18 12:00:00+00:00,44765.5,45823.5,44681.0,45799.5,9838.595
2021-08-18 16:00:00+00:00,45799.5,46000.0,44802.5,44910.5,9157.134
2021-08-18 20:00:00+00:00,44910.5,45176.0,44433.0,44730.0,6733.687
2021-08-19 00:00:00+00:00,44730.0,45200.0,44100.0,44100.0,9980.956
2021-08-19 04:00:00+00:00,44100.0,44688.5,44000.0,44688.5,7577.336
2021-08-19 08:00:00+00:00,44688.5,45000.0,44214.5,44250.5,10229.683
2021-08-19 12:00:00+00:00,44250.5,45780.5,44175.0,45773.0,16089.959
2021-08-19 16:00:00+00:00,45773.0,46797.5,45414.0,46678.0,13792.245
2021-08-19 20:00:00+00:00,46678.0,47075.0,46344.5,46738.0,8089.742
2021-08-20 00:00:00+00:00,46738.0,47420.0,46638.5,47045.5,9183.967
2021-08-20 04:00:00+00:00,47045.5,47200.0,46730.0,46820.5,5658.749
2021-08-20 08:00:00+00:00,46820.5,47355.0,46771.5,46944.5,7780.958
2021-08-20 12:00:00+00:00,46944.5,48776.0,46891.0,48699.5,19940.581
2021-08-20 16:00:00+00:00,48699.5,49137.0,48307.0,48672.5,10977.903
2021-08-20 20:00:00+00:00,48672.5,49479.5,48613.0,49298.5,7501.274
2021-08-21 00:00:00+00:00,49298.5,49341.0,48648.0,48829.5,6323.205
2021-08-21 04:00:00+00:00,48829.5,48995.5,48548.0,48970.0,6177.213
2021-08-21 08:00:00+00:00,48970.0,49407.0,48250.0,48510.5,12566.043
2021-08-21 12:00:00+00:00,48510.5,49449.0,48460.0,49190.0,11623.307
2021-08-21 16:00:00+00:00,49190.0,49800.0,48750.0,48929.0,12107.813
2021-08-21 20:00:00+00:00,48929.0,49369.5,48800.0,48800.5,4081.048
2021-08-22 00:00:00+00:00,48800.5,49125.0,48613.5,48807.5,6009.721
2021-08-22 04:00:00+00:00,48807.5,49250.0,48807.5,49180.0,4776.309
2021-08-22 08:00:00+00:00,49180.0,49443.5,48877.5,49131.0,5648.649
2021-08-22 12:00:00+00:00,49131.0,49213.0,47974.5,48550.0,14507.534
2021-08-22 16:00:00+00:00,48550.0,48840.0,48152.0,48655.0,7453.757
2021-08-22 20:00:00+00:00,48655.0,49520.0,48262.5,49248.5,8040.968
2021-08-23 00:00:00+00:00,49248.5,50428.5,49060.5,50190.0,14038.416
2021-08-23 04:00:00+00:00,50190.0,50381.0,49907.0,50078.5,6713.335
2021-08-23 08:00:00+00:00,50078.5,50490.0,49950.0,50342.5,7828.523
2021-08-23 12:00:00+00:00,50342.5,50398.5,49305.5,49547.5,13321.795
2021-08-23 16:00:00+00:00,49547.5,49846.0,49100.0,49300.5,8804.603
2021-08-23 20:00:00+00:00,49300.5,49747.5,49084.5,49535.0,5309.528
2021-08-24 00:00:00+00:00,49535.0,49699.0,48815.5,49337.0,9015.583
2021-08-24 04:00:00+00:00,49337.0,49840.0,49191.0,49771.0,7074.467
2021-08-24 08:00:00+00:00,49771.0,49820.0,49122.0,49459.0,9069.724
2021-08-24 12:00:00+00:00,49459.0,49472.5,48295.5,48383.5,17924.065
2021-08-24 16:00:00+00:00,48383.5,48479.5,47810.0,48294.5,14102.401
2021-08-24 20:00:00+00:00,48294.5,48445.0,47627.0,47747.0,7060.67
2021-08-25 00:00:00+00:00,47747.0,48322.0,47732.5,48050.0,8225.274
2021-08-25 04:00:00+00:00,48050.0,48608.0,47926.0,48150.5,8056.405
2021-08-25 08:00:00+00:00,48150.5,48169.5,47200.0,47605.5,14203.659
2021-08-25 12:00:00+00:00,47605.5,48800.0,47345.0,48754.0,17681.039
2021-08-25 16:00:00+00:00,48754.0,49157.0,48488.5,48637.5,9677.299
2021-08-25 20:00:00+00:00,48637.5,49230.0,48589.5,48965.5,6080.043
2021-08-26 00:00:00+00:00,48965.5,49338.5,47855.0,47943.0,11908.708
2021-08-26 04:00:00+00:00,47943.0,48083.0,46612.0,46915.5,20601.209
2021-08-26 08:00:00+00:00,46915.5,47230.0,46760.0,46901.0,8404.611
2021-08-26 12:00:00+00:00,46901.0,47443.0,46300.0,46818.0,19990.732
2021-08-26 16:00:00+00:00,46818.0,47176.5,46566.5,46982.0,6793.155
2021-08-26 20:00:00+00:00,46982.0,47464.0,46858.0,46868.0,5552.023
2021-08-27 00:00:00+00:00,46868.0,47655.0,46400.0,46837.0,14094.724
2021-08-27 04:00:00+00:00,46837.0,47500.0,46627.5,47452.5,10022.396
2021-08-27 08:00:00+00:00,47452.5,47775.0,47000.0,47450.5,9418.03
2021-08-27 12:00:00+00:00,47450.5,48411.0,47074.0,48181.0,18877.496
2021-08-27 16:00:00+00:00,48181.0,48565.0,47950.0,48294.0,6518.945
2021-08-27 20:00:00+00:00,48294.0,49144.0,48155.0,49047.0,8730.744
2021-08-28 00:00:00+00:00,49047.0,49275.5,48823.0,48900.0,6831.858
2021-08-28 04:00:00+00:00,48900.0,49110.0,48652.0,48945.0,6053.525
2021-08-28 08:00:00+00:00,48945.0,49067.0,48682.0,48716.5,5468.84
2021-08-28 12:00:00+00:00,48716.5,48963.0,48411.0,48800.0,10234.654
2021-08-28 16:00:00+00:00,48800.0,49180.0,48510.0,48685.5,8312.066
2021-08-28 20:00:00+00:00,48685.5,48989.0,48617.0,48890.5,2869.399
2021-08-29 00:00:00+00:00,48890.5,49710.5,48110.0,48262.5,15561.649
2021-08-29 04:00:00+00:00,48262.5,48591.5,47789.5,48495.5,8265.811
2021-08-29 08:00:00+00:00,48495.5,48670.0,48202.5,48203.0,6984.718
2021-08-29 12:00:00+00:00,48203.0,48542.0,48144.0,48480.0,6534.252
2021-08-29 16:00:00+00:00,48480.0,48865.5,48380.0,48786.0,4711.381
2021-08-29 20:00:00+00:00,48786.0,49365.0,48350.0,48747.5,8194.557
2021-08-30 00:00:00+00:00,48747.5,48862.0,47854.5,48016.0,10278.938
2021-08-30 04:00:00+00:00,48016.0,48176.0,47668.5,47979.5,8404.101
2021-08-30 08:00:00+00:00,47979.5,48239.5,47700.0,47949.5,6802.591
2021-08-30 12:00:00+00:00,47949.5,48142.0,47460.0,48100.0,11016.925
2021-08-30 16:00:00+00:00,48100.0,48625.0,48041.0,48622.5,5921.297
2021-08-30 20:00:00+00:00,48622.5,48690.0,46908.0,47027.0,13259.652
2021-08-31 00:00:00+00:00,47027.0,47260.0,46680.0,47204.0,7794.288
2021-08-31 04:00:00+00:00,47204.0,47881.0,46900.0,47743.5,8983.969
2021-08-31 08:00:00+00:00,47743.5,48091.0,47187.5,47948.5,13143.063
2021-08-31 12:00:00+00:00,47948.5,48233.0,47223.5,47449.5,13658.633
2021-08-31 16:00:00+00:00,47449.5,47598.0,47033.0,47365.0,4340.839
2021-08-31 20:00:00+00:00,47365.0,47403.0,46830.0,47180.0,4555.928
2021-09-01 00:00:00+00:00,47180.0,47400.0,46585.0,47079.5,8729.034
2021-09-01 04:00:00+00:00,47079.5,47476.5,47021.0,47201.5,6129.798
2021-09-01 08:00:00+00:00,47201.5,47756.0,47154.0,47680.5,7328.744
2021-09-01 12:00:00+00:00,47680.5,47817.5,47307.0,47505.0,8282.573
2021-09-01 16:00:00+00:00,47505.0,49096.0,47425.0,48167.0,16279.27
2021-09-01 20:00:00+00:00,48167.0,48890.0,48116.5,48827.0,6406.963
2021-09-02 00:00:00+00:00,48827.0,49871.0,48561.0,49557.5,12552.779
2021-09-02 04:00:00+00:00,49557.5,50300.0,49322.0,49838.0,12255.135
2021-09-02 08:00:00+00:00,49838.0,50170.0,49700.0,50070.0,9256.259
2021-09-02 12:00:00+00:00,50070.0,50400.0,49257.5,49590.5,14915.909
2021-09-02 16:00:00+00:00,49590.5,49755.5,49251.0,49370.0,5580.911
2021-09-02 20:00:00+00:00,49370.0,49885.0,49300.0,49322.0,4839.741
2021-09-03 00:00:00+00:00,49322.0,49500.0,48400.0,49477.5,12573.366
2021-09-03 04:00:00+00:00,49477.5,49749.0,49250.0,49311.5,8478.105
2021-09-03 08:00:00+00:00,49311.5,50787.0,49302.5,50195.5,17969.516
2021-09-03 12:00:00+00:00,50195.5,51037.5,49908.5,50540.0,18997.167
2021-09-03 16:00:00+00:00,50540.0,50700.0,50211.0,50524.5,4864.577
2021-09-03 20:00:00+00:00,50524.5,50524.5,49582.0,50035.5,7550.455
2021-09-04 00:00:00+00:00,50035.5,50412.0,49650.0,50290.5,6890.586
2021-09-04 04:00:00+00:00,50290.5,50450.0,50100.5,50227.5,4484.937
2021-09-04 08:00:00+00:00,50227.5,50552.0,49751.0,49959.0,8929.946
2021-09-04 12:00:00+00:00,49959.0,50319.0,49805.5,49909.0,6983.209
2021-09-04 16:00:00+00:00,49909.0,50065.0,49430.0,50009.5,6862.883
2021-09-04 20:00:00+00:00,50009.5,50279.0,49790.0,49940.5,4486.494
2021-09-05 00:00:00+00:00,49940.5,50281.0,49716.0,49742.0,5502.124
2021-09-05 04:00:00+00:00,49742.0,50056.0,49550.0,49864.0,5702.58
2021-09-05 08:00:00+00:00,49864.0,50394.5,49852.0,50177.5,9042.651
2021-09-05 12:00:00+00:00,50177.5,50418.0,50026.5,50165.5,6812.98
2021-09-05 16:00:00+00:00,50165.5,50837.5,50100.0,50653.5,4632.876
2021-09-05 20:00:00+00:00,50653.5,51859.5,50612.5,51641.5,9945.649
2021-09-06 00:00:00+00:00,51641.5,51780.0,51377.0,51550.0,4973.888
2021-09-06 04:00:00+00:00,51550.0,52001.0,51517.0,51755.5,3809.603
2021-09-06 08:00:00+00:00,51755.5,52286.0,51313.0,51439.5,8926.796
2021-09-06 12:00:00+00:00,51439.5,51730.0,51083.5,51640.0,8792.634
2021-09-06 16:00:00+00:00,51640.0,52046.5,51520.0,51755.0,4721.032
2021-09-06 20:00:00+00:00,51755.0,52753.5,51685.0,52588.5,8177.134
2021-09-07 00:00:00+00:00,52588.5,52858.0,52350.0,52609.5,5714.96
2021-09-07 04:00:00+00:00,52609.5,52691.0,52100.0,52374.5,6405.887
2021-09-07 08:00:00+00:00,52374.5,52375.0,50604.0,51001.0,18442.632
2021-09-07 12:00:00+00:00,51001.0,51145.0,42330.0,46678.5,66775.643
2021-09-07 16:00:00+00:00,46678.5,47538.5,45956.0,46700.0,21103.852
2021-09-07 20:00:00+00:00,46700.0,47155.0,46135.0,46839.5,10729.805
2021-09-08 00:00:00+00:00,46839.5,47330.0,46278.0,46483.0,9178.81
2021-09-08 04:00:00+00:00,46483.0,46822.0,45005.0,45096.0,15916.463
2021-09-08 08:00:00+00:00,45096.0,46796.5,44444.0,46386.0,17846.61
2021-09-08 12:00:00+00:00,46386.0,46891.0,45648.5,46076.5,14665.959
2021-09-08 16:00:00+00:00,46076.5,46541.0,45875.5,46443.5,5734.984
2021-09-08 20:00:00+00:00,46443.5,46751.0,45850.0,46090.0,5726.554
2021-09-09 00:00:00+00:00,46090.0,46400.0,45500.0,46007.0,7517.748
2021-09-09 04:00:00+00:00,46007.0,46333.5,45923.0,46289.0,5135.546
2021-09-09 08:00:00+00:00,46289.0,46520.5,45906.5,46287.5,6932.014
2021-09-09 12:00:00+00:00,46287.5,47208.5,45657.5,46985.0,16345.496
2021-09-09 16:00:00+00:00,46985.0,47428.0,46476.0,46613.5,7334.443
2021-09-09 20:00:00+00:00,46613.5,46644.5,45933.0,46384.5,4742.619
2021-09-10 00:00:00+00:00,46384.5,47043.0,46280.0,46712.0,4659.008
2021-09-10 04:00:00+00:00,46712.0,46793.5,45950.0,46175.0,7189.16
2021-09-10 08:00:00+00:00,46175.0,46406.0,45687.0,46324.5,9787.275
2021-09-10 12:00:00+00:00,46324.5,46478.0,44711.5,45445.0,21238.681
2021-09-10 16:00:00+00:00,45445.0,45850.0,45355.0,45634.5,4345.988
2021-09-10 20:00:00+00:00,45634.5,45800.0,44151.0,44871.0,9253.241
2021-09-11 00:00:00+00:00,44871.0,45499.0,44756.0,45193.5,6099.745
2021-09-11 04:00:00+00:00,45193.5,45466.5,44816.0,45066.0,6203.376
2021-09-11 08:00:00+00:00,45066.0,45708.5,44880.0,45566.0,7376.226
2021-09-11 12:00:00+00:00,45566.0,45780.5,45377.0,45551.5,5285.325
2021-09-11 16:00:00+00:00,45551.5,45971.5,45226.0,45388.5,5460.258
2021-09-11 20:00:00+00:00,45388.5,45454.0,45000.0,45189.0,3993.687
2021-09-12 00:00:00+00:00,45189.0,45364.0,44772.0,45327.5,5515.309
2021-09-12 04:00:00+00:00,45327.5,45491.5,45078.0,45372.5,4420.768
2021-09-12 08:00:00+00:00,45372.5,46178.5,45318.0,46048.5,8295.533
2021-09-12 12:00:00+00:00,46048.5,46248.5,45715.0,45893.5,5983.618
2021-09-12 16:00:00+00:00,45893.5,46096.0,45770.0,45883.5,2336.528
2021-09-12 20:00:00+00:00,45883.5,46460.0,44900.0,46027.5,11646.056
2021-09-13 00:00:00+00:00,46027.5,46250.0,44470.0,44659.0,12008.908
2021-09-13 04:00:00+00:00,44659.0,45016.5,44230.0,44554.0,9188.768
2021-09-13 08:00:00+00:00,44554.0,44940.5,44193.0,44875.0,7509.203
2021-09-13 12:00:00+00:00,44875.0,46900.0,43199.5,44353.0,32160.332
2021-09-13 16:00:00+00:00,44353.0,44797.0,44171.0,44754.5,4239.838
2021-09-13 20:00:00+00:00,44754.5,45518.0,44754.5,44955.0,4887.545
2021-09-14 00:00:00+00:00,44955.0,45365.0,44622.0,45183.5,5386.233
2021-09-14 04:00:00+00:00,45183.5,45877.0,45070.0,45700.0,6617.254
2021-09-14 08:00:00+00:00,45700.0,46190.0,45676.0,45945.0,6316.54
2021-09-14 12:00:00+00:00,45945.0,46871.5,45675.0,46672.0,15305.696
2021-09-14 16:00:00+00:00,46672.0,46800.0,46307.0,46431.0,4307.927
2021-09-14 20:00:00+00:00,46431.0,47218.0,46364.5,47089.0,5994.007
2021-09-15 00:00:00+00:00,47089.0,47400.0,46912.5,47054.0,5107.908
2021-09-15 04:00:00+00:00,47054.0,47202.5,46699.0,47159.5,4840.938
2021-09-15 08:00:00+00:00,47159.5,47666.5,47010.0,47477.5,7938.619
2021-09-15 12:00:00+00:00,47477.5,48227.0,47280.0,48226.5,10594.351
2021-09-15 16:00:00+00:00,48226.5,48369.5,47816.5,48029.5,5417.476
2021-09-15 20:00:00+00:00,48029.5,48447.0,47876.0,48100.0,4189.508
2021-09-16 00:00:00+00:00,48100.0,48137.0,47351.0,47616.5,5994.763
2021-09-16 04:00:00+00:00,47616.5,48435.0,47576.5,48314.5,5742.114
2021-09-16 08:00:00+00:00,48314.5,48315.0,47632.5,47908.5,6653.095
2021-09-16 12:00:00+00:00,47908.5,48222.0,47250.0,48028.0,10927.709
2021-09-16 16:00:00+00:00,48028.0,48150.0,47282.0,47434.0,4769.226
2021-09-16 20:00:00+00:00,47434.0,47950.0,47055.0,47766.0,4855.668
2021-09-17 00:00:00+00:00,47766.0,48064.0,47466.0,47884.5,4673.064
2021-09-17 04:00:00+00:00,47884.5,48108.0,47645.0,47717.5,5049.133
2021-09-17 08:00:00+00:00,47717.5,47940.0,47300.0,47426.0,6309.218
2021-09-17 12:00:00+00:00,47426.0,47656.0,47150.0,47530.5,6440.871
2021-09-17 16:00:00+00:00,47530.5,47720.0,46788.0,47489.0,6142.298
2021-09-17 20:00:00+00:00,47489.0,47570.0,46821.5,47276.0,5539.218
2021-09-18 00:00:00+00:00,47276.0,47929.5,47061.0,47895.0,5398.369
2021-09-18 04:00:00+00:00,47895.0,48800.0,47895.0,48588.0,8080.921
2021-09-18 08:00:00+00:00,48588.0,48730.0,48305.0,48321.0,4219.344
2021-09-18 12:00:00+00:00,48321.0,48648.5,48220.0,48409.5,5475.053
2021-09-18 16:00:00+00:00,48409.5,48475.0,48051.0,48246.5,3783.999
2021-09-18 20:00:00+00:00,48246.5,48350.5,47810.5,48300.0,4349.812
2021-09-19 00:00:00+00:00,48300.0,48340.5,47610.0,47835.5,5409.788
2021-09-19 04:00:00+00:00,47835.5,48189.0,47766.5,48134.0,4041.932
2021-09-19 08:00:00+00:00,48134.0,48300.5,47170.0,47370.0,7695.274
2021-09-19 12:00:00+00:00,47370.0,47744.0,47100.0,47678.0,7604.804
2021-09-19 16:00:00+00:00,47678.0,47787.0,47329.5,47400.5,3712.728
2021-09-19 20:00:00+00:00,47400.5,47654.0,46880.0,47274.5,5981.273
2021-09-20 00:00:00+00:00,47274.5,47342.0,45078.5,45599.5,14865.866
2021-09-20 04:00:00+00:00,45599.5,45841.5,44333.0,44850.0,10221.315
2021-09-20 08:00:00+00:00,44850.0,45277.0,43200.0,43750.0,20454.483
2021-09-20 12:00:00+00:00,43750.0,44160.5,42500.0,43852.0,24252.584
2021-09-20 16:00:00+00:00,43852.0,44254.5,42886.0,43866.0,11773.589
2021-09-20 20:00:00+00:00,43866.0,43956.5,42577.0,43057.0,10088.59
2021-09-21 00:00:00+00:00,43057.0,43060.0,40033.5,42653.0,25742.895
2021-09-21 04:00:00+00:00,42653.0,43318.0,42143.5,43250.5,9038.709
2021-09-21 08:00:00+00:00,43250.5,43600.0,43040.0,43253.5,7393.335
2021-09-21 12:00:00+00:00,43253.5,43494.5,42169.0,43075.0,14659.587
2021-09-21 16:00:00+00:00,43075.0,43247.5,41500.0,42000.0,19402.832
2021-09-21 20:00:00+00:00,42000.0,42290.0,39520.0,40724.5,26454.663
2021-09-22 00:00:00+00:00,40724.5,42370.0,40564.5,42038.0,14611.735
2021-09-22 04:00:00+00:00,42038.0,42700.0,41801.0,42516.5,8584.288
2021-09-22 08:00:00+00:00,42516.5,42583.0,41833.5,41924.0,7380.192
2021-09-22 12:00:00+00:00,41924.0,43294.0,41880.0,43200.0,14895.453
2021-09-22 16:00:00+00:00,43200.0,43970.0,42822.0,43360.0,15554.433
2021-09-22 20:00:00+00:00,43360.0,43899.0,43004.0,43529.0,5148.475
2021-09-23 00:00:00+00:00,43529.0,44250.0,43058.0,44056.0,8670.911
2021-09-23 04:00:00+00:00,44056.0,44400.0,43646.5,44225.0,7737.0
2021-09-23 08:00:00+00:00,44225.0,44251.0,43334.0,43580.0,9468.948
2021-09-23 12:00:00+00:00,43580.0,44188.0,43365.0,43717.0,9445.757
2021-09-23 16:00:00+00:00,43717.0,44908.0,43560.0,44731.5,10864.397
2021-09-23 20:00:00+00:00,44731.5,45006.0,44270.5,44825.0,4992.718
2021-09-24 00:00:00+00:00,44825.0,44936.0,44225.0,44281.0,5322.653
2021-09-24 04:00:00+00:00,44281.0,45080.0,43875.0,44773.0,10903.603
2021-09-24 08:00:00+00:00,44773.0,45000.0,40647.5,41533.0,36522.519
2021-09-24 12:00:00+00:00,41533.0,42703.0,40874.0,41958.5,23757.447
2021-09-24 16:00:00+00:00,41958.5,42533.0,41697.0,42372.0,9227.6
2021-09-24 20:00:00+00:00,42372.0,43185.0,42299.0,42802.5,7294.998
2021-09-25 00:00:00+00:00,42802.5,42918.0,42026.0,42605.5,7884.442
2021-09-25 04:00:00+00:00,42605.5,42883.5,42219.5,42355.0,7464.564
2021-09-25 08:00:00+00:00,42355.0,42950.0,41667.0,42480.5,13958.242
2021-09-25 12:00:00+00:00,42480.5,42743.0,42150.0,42639.5,8756.745
2021-09-25 16:00:00+00:00,42639.5,42800.0,42355.5,42642.0,5313.303
2021-09-25 20:00:00+00:00,42642.0,42792.5,42353.0,42639.5,3510.457
2021-09-26 00:00:00+00:00,42639.5,42720.5,41930.0,42214.5,7868.779
2021-09-26 04:00:00+00:00,42214.5,42268.0,40750.5,41242.0,13541.562
2021-09-26 08:00:00+00:00,41242.0,43913.0,41052.5,43047.0,23619.176
2021-09-26 12:00:00+00:00,43047.0,43439.0,43046.5,43293.0,7074.435
2021-09-26 16:00:00+00:00,43293.0,43500.0,43080.0,43230.0,3084.059
2021-09-26 20:00:00+00:00,43230.0,43984.0,42650.0,43168.5,9433.016
2021-09-27 00:00:00+00:00,43168.5,44343.5,42944.5,43987.0,10080.899
2021-09-27 04:00:00+00:00,43987.0,44179.0,43626.5,43677.5,5289.852
2021-09-27 08:00:00+00:00,43677.5,44100.0,43310.5,43747.0,8394.766
2021-09-27 12:00:00+00:00,43747.0,44085.0,43053.0,43299.0,13585.535
2021-09-27 16:00:00+00:00,43299.0,43397.5,42850.0,43018.5,5596.575
2021-09-27 20:00:00+00:00,43018.5,43395.0,42110.0,42170.0,10221.624
2021-09-28 00:00:00+00:00,42170.0,42587.5,41830.0,42529.5,6961.302
2021-09-28 04:00:00+00:00,42529.5,42730.0,41666.0,41779.0,10053.427
2021-09-28 08:00:00+00:00,41779.0,42150.0,41555.0,42090.5,11124.805
2021-09-28 12:00:00+00:00,42090.5,42590.5,41285.5,41470.5,18420.247
2021-09-28 16:00:00+00:00,41470.5,41849.0,41110.0,41597.5,7587.555
2021-09-28 20:00:00+00:00,41597.5,41988.0,40854.0,41006.5,8222.096
2021-09-29 00:00:00+00:00,41006.5,42250.0,40728.5,42160.5,12538.332
2021-09-29 04:00:00+00:00,42160.5,42490.0,41991.0,42396.5,6793.733
2021-09-29 08:00:00+00:00,42396.5,42455.5,42103.0,42365.0,6040.581
2021-09-29 12:00:00+00:00,42365.0,42550.0,41611.5,41682.5,12305.807
2021-09-29 16:00:00+00:00,41682.5,41808.0,41056.0,41189.5,8387.883
2021-09-29 20:00:00+00:00,41189.5,41562.0,40905.5,41520.0,6363.833
2021-09-30 00:00:00+00:00,41520.0,43683.5,41406.0,43559.5,15616.088
2021-09-30 04:00:00+00:00,43559.5,43794.0,43195.0,43257.5,6851.613
2021-09-30 08:00:00+00:00,43257.5,43380.0,42701.5,43050.0,11748.693
2021-09-30 12:00:00+00:00,43050.0,43773.0,42847.0,43140.0,15099.401
2021-09-30 16:00:00+00:00,43140.0,44100.0,42850.0,43503.0,10781.364
2021-09-30 20:00:00+00:00,43503.0,43880.0,43076.0,43757.5,5934.486
2021-10-01 00:00:00+00:00,43757.5,43990.0,43273.0,43589.5,7557.734
2021-10-01 04:00:00+00:00,43589.5,44770.0,43442.5,44729.0,11123.238
2021-10-01 08:00:00+00:00,44729.0,47949.5,44674.5,47486.5,28814.421
2021-10-01 12:00:00+00:00,47486.5,47890.0,46788.0,47330.0,15720.447
2021-10-01 16:00:00+00:00,47330.0,48225.0,47236.0,47998.5,8603.047
2021-10-01 20:00:00+00:00,47998.5,48440.0,47723.0,48092.5,6958.734
2021-10-02 00:00:00+00:00,48092.5,48170.0,47460.0,47530.0,5909.695
2021-10-02 04:00:00+00:00,47530.0,47889.0,47439.0,47730.0,3728.803
2021-10-02 08:00:00+00:00,47730.0,47866.0,47488.0,47670.0,4050.936
2021-10-02 12:00:00+00:00,47670.0,48315.0,47623.5,47823.0,7531.121
2021-10-02 16:00:00+00:00,47823.0,48216.0,47674.0,48198.0,3869.883
2021-10-02 20:00:00+00:00,48198.0,48261.0,47536.5,47650.0,4092.374
2021-10-03 00:00:00+00:00,47650.0,47950.0,47098.0,47874.0,6859.03
2021-10-03 04:00:00+00:00,47874.0,48055.0,47787.5,47859.5,2913.004
2021-10-03 08:00:00+00:00,47859.5,48000.0,47633.0,47959.5,3810.074
2021-10-03 12:00:00+00:00,47959.5,48133.5,47783.5,47839.5,4167.987
2021-10-03 16:00:00+00:00,47839.5,49357.0,47808.5,48802.0,10230.277
2021-10-03 20:00:00+00:00,48802.0,48815.0,47635.5,48175.5,8283.731
2021-10-04 00:00:00+00:00,48175.5,48336.0,47325.0,47480.0,7233.455
2021-10-04 04:00:00+00:00,47480.0,47830.0,47250.0,47829.5,5415.833
2021-10-04 08:00:00+00:00,47829.5,47960.5,47374.5,47571.5,5082.191
2021-10-04 12:00:00+00:00,47571.5,48500.0,46902.5,47761.0,16357.31
2021-10-04 16:00:00+00:00,47761.0,49500.0,47702.5,49338.0,16185.061
2021-10-04 20:00:00+00:00,49338.0,49405.0,48550.0,49176.5,6209.254
2021-10-05 00:00:00+00:00,49176.5,49790.0,48988.5,49250.0,6308.822
2021-10-05 04:00:00+00:00,49250.0,49600.0,49070.0,49430.5,3491.182
2021-10-05 08:00:00+00:00,49430.5,50350.0,49326.5,49847.0,11221.911
2021-10-05 12:00:00+00:00,49847.0,50320.0,49607.0,49785.5,9059.742
2021-10-05 16:00:00+00:00,49785.5,51476.0,49620.0,51146.0,10169.98
2021-10-05 20:00:00+00:00,51146.0,51908.0,51057.0,51470.5,9368.702
2021-10-06 00:00:00+00:00,51470.5,51557.5,50901.0,51502.5,5393.424
2021-10-06 04:00:00+00:00,51502.5,51800.0,51200.5,51418.0,5922.595
2021-10-06 08:00:00+00:00,51418.0,51456.0,50339.5,51300.0,14097.465
2021-10-06 12:00:00+00:00,51300.0,56413.0,51261.0,55038.0,33251.822
2021-10-06 16:00:00+00:00,55038.0,55134.0,54520.0,55070.0,7029.745
2021-10-06 20:00:00+00:00,55070.0,55800.0,54834.5,55337.5,6751.568
2021-10-07 00:00:00+00:00,55337.5,55338.0,54150.0,54862.5,8087.091
2021-10-07 04:00:00+00:00,54862.5,55260.5,54355.0,54827.5,5463.549
2021-10-07 08:00:00+00:00,54827.5,54830.0,53900.0,54353.5,7282.317
2021-10-07 12:00:00+00:00,54353.5,54747.0,53357.0,53948.5,12359.659
2021-10-07 16:00:00+00:00,53948.5,54399.0,53500.0,54013.5,4688.732
2021-10-07 20:00:00+00:00,54013.5,54648.0,53621.0,53818.0,4504.631
2021-10-08 00:00:00+00:00,53818.0,54436.5,53770.0,53870.0,3989.674
2021-10-08 04:00:00+00:00,53870.0,55000.0,53630.0,54810.0,6165.901
2021-10-08 08:00:00+00:00,54810.0,56250.0,54783.5,55302.5,12005.037
2021-10-08 12:00:00+00:00,55302.5,55354.0,54050.5,54359.5,11214.475
2021-10-08 16:00:00+00:00,54359.5,54717.5,54110.0,54699.5,3656.852
2021-10-08 20:00:00+00:00,54699.5,54778.0,53803.0,53964.0,4376.606
2021-10-09 00:00:00+00:00,53964.0,54750.0,53717.0,54609.0,4589.016
2021-10-09 04:00:00+00:00,54609.0,55239.0,54407.5,54934.0,5231.639
2021-10-09 08:00:00+00:00,54934.0,55390.0,54503.5,54831.0,6345.231
2021-10-09 12:00:00+00:00,54831.0,55550.0,54831.0,54994.5,5664.003
2021-10-09 16:00:00+00:00,54994.5,55167.5,54605.0,54689.0,4059.398
2021-10-09 20:00:00+00:00,54689.0,55218.5,54361.0,54968.0,2852.379
2021-10-10 00:00:00+00:00,54968.0,55242.5,54135.0,55100.5,5825.609
2021-10-10 04:00:00+00:00,55100.5,56145.0,54895.0,55677.5,8132.829
2021-10-10 08:00:00+00:00,55677.5,55950.0,54745.0,55200.0,6788.593
2021-10-10 12:00:00+00:00,55200.0,55582.0,54638.0,55380.5,5775.814
2021-10-10 16:00:00+00:00,55380.5,55530.0,55050.5,55474.0,3246.789
2021-10-10 20:00:00+00:00,55474.0,56666.0,54350.0,54724.5,11247.669
2021-10-11 00:00:00+00:00,54724.5,56799.5,54496.0,56536.5,9595.182
2021-10-11 04:00:00+00:00,56536.5,57100.0,56146.0,56810.5,7593.25
2021-10-11 08:00:00+00:00,56810.5,56880.0,55901.0,56433.5,6993.29
2021-10-11 12:00:00+00:00,56433.5,57671.0,56190.0,57467.5,11303.116
2021-10-11 16:00:00+00:00,57467.5,57881.0,57207.0,57462.5,5098.242
2021-10-11 20:00:00+00:00,57462.5,57540.0,56743.0,57487.5,5572.777
2021-10-12 00:00:00+00:00,57487.5,57488.0,56460.5,56694.0,7178.324
2021-10-12 04:00:00+00:00,56694.0,57833.5,56603.5,57353.0,7212.668
2021-10-12 08:00:00+00:00,57353.0,57630.0,56700.0,57244.0,7126.082
2021-10-12 12:00:00+00:00,57244.0,57470.0,56100.0,56368.5,12385.93
2021-10-12 16:00:00+00:00,56368.5,56430.0,55173.5,55380.5,8141.724
2021-10-12 20:00:00+00:00,55380.5,56555.0,53700.0,56006.0,12414.203
2021-10-13 00:00:00+00:00,56006.0,56696.0,55819.5,56265.0,3837.784
2021-10-13 04:00:00+00:00,56265.0,56360.0,54610.0,54653.5,9661.03
2021-10-13 08:00:00+00:00,54653.5,55330.0,54265.5,55213.0,9331.171
2021-10-13 12:00:00+00:00,55213.0,56439.5,54550.5,56160.5,11915.609
2021-10-13 16:00:00+00:00,56160.5,57463.0,56095.0,57273.5,8108.063
2021-10-13 20:00:00+00:00,57273.5,57799.5,56604.0,57369.5,7840.912
2021-10-14 00:00:00+00:00,57369.5,58653.0,57150.0,58089.5,8119.196
2021-10-14 04:00:00+00:00,58089.5,58171.0,57366.5,57399.0,5460.687
2021-10-14 08:00:00+00:00,57399.0,58200.0,57260.0,57653.0,6049.5
2021-10-14 12:00:00+00:00,57653.0,57947.5,56915.5,57374.5,8461.561
2021-10-14 16:00:00+00:00,57374.5,58135.0,56747.0,57863.0,7805.308
2021-10-14 20:00:00+00:00,57863.0,57865.0,57224.5,57355.5,2683.023
2021-10-15 00:00:00+00:00,57355.5,59490.0,56900.0,59425.0,13423.645
2021-10-15 04:00:00+00:00,59425.0,60371.5,59151.0,59300.5,9552.909
2021-10-15 08:00:00+00:00,59300.5,59582.0,58788.0,59560.5,7129.218
2021-10-15 12:00:00+00:00,59560.5,60500.0,59235.5,60039.5,12095.108
2021-10-15 16:00:00+00:00,60039.5,61900.0,60017.0,61511.0,13916.341
2021-10-15 20:00:00+00:00,61511.0,63801.0,60850.0,61743.5,15005.369
2021-10-16 00:00:00+00:00,61743.5,61824.5,61200.0,61699.5,4407.74
2021-10-16 04:00:00+00:00,61699.5,62419.5,61600.0,61795.5,5161.293
2021-10-16 08:00:00+00:00,61795.5,62140.0,61460.0,61724.0,4199.094
2021-10-16 12:00:00+00:00,61724.0,61724.0,60500.0,60986.0,9681.89
2021-10-16 16:00:00+00:00,60986.0,61300.0,60217.0,60894.5,5572.673
2021-10-16 20:00:00+00:00,60894.5,61410.0,60550.0,60912.0,3970.039
2021-10-17 00:00:00+00:00,60912.0,61500.0,60550.0,61177.0,4357.069
2021-10-17 04:00:00+00:00,61177.0,61299.5,60369.0,60389.0,3687.684
2021-10-17 08:00:00+00:00,60389.0,61492.5,60389.0,61034.5,5432.078
2021-10-17 12:00:00+00:00,61034.5,61297.5,60543.0,60800.0,5702.158
2021-10-17 16:00:00+00:00,60800.0,61104.5,60451.0,60585.0,2917.333
2021-10-17 20:00:00+00:00,60585.0,61722.0,58803.5,61544.0,14989.248
2021-10-18 00:00:00+00:00,61544.0,62620.0,61436.5,62117.0,7258.202
2021-10-18 04:00:00+00:00,62117.0,62769.0,61775.5,61900.0,5289.81
2021-10-18 08:00:00+00:00,61900.0,62450.0,60620.0,60989.5,12307.439
2021-10-18 12:00:00+00:00,60989.5,62240.0,59917.0,62003.5,13458.444
2021-10-18 16:00:00+00:00,62003.5,62400.0,61031.0,61466.0,5921.585
2021-10-18 20:00:00+00:00,61466.0,62107.0,61143.0,62033.5,4070.1
2021-10-19 00:00:00+00:00,62033.5,63050.0,61700.0,62614.0,7187.124
2021-10-19 04:00:00+00:00,62614.0,62857.0,62045.0,62365.5,4585.534
2021-10-19 08:00:00+00:00,62365.5,62610.0,61800.0,62200.0,5664.831
2021-10-19 12:00:00+00:00,62200.0,63319.5,61367.5,62446.5,18184.415
2021-10-19 16:00:00+00:00,62446.5,64363.5,62350.5,64229.0,11646.892
2021-10-19 20:00:00+00:00,64229.0,64480.0,63712.5,64264.5,6843.01
2021-10-20 00:00:00+00:00,64264.5,64366.0,63780.0,63900.0,3568.733
2021-10-20 04:00:00+00:00,63900.0,64190.0,63501.0,64040.0,3646.247
2021-10-20 08:00:00+00:00,64040.0,64288.0,63821.0,63877.5,3319.349
2021-10-20 12:00:00+00:00,63877.5,67210.0,63865.0,66934.5,22482.492
2021-10-20 16:00:00+00:00,66934.5,67020.0,66241.0,66456.0,4552.273
2021-10-20 20:00:00+00:00,66456.0,66489.0,65603.0,66055.0,5159.728
2021-10-21 00:00:00+00:00,66055.0,66086.0,64175.0,65154.0,12402.896
2021-10-21 04:00:00+00:00,65154.0,65270.0,64224.0,65100.5,6733.361
2021-10-21 08:00:00+00:00,65100.5,66726.0,64200.0,64923.5,14460.697
2021-10-21 12:00:00+00:00,64923.5,65660.0,61880.0,63029.5,23093.112
2021-10-21 16:00:00+00:00,63029.5,63676.0,62410.0,62879.5,10379.602
2021-10-21 20:00:00+00:00,62879.5,63133.0,62043.0,62246.0,7948.715
2021-10-22 00:00:00+00:00,62246.0,63396.5,62217.5,63271.0,5748.895
2021-10-22 04:00:00+00:00,63271.0,63384.0,62509.5,63361.0,4944.758
2021-10-22 08:00:00+00:00,63361.0,63774.0,62851.0,63349.0,6429.133
2021-10-22 12:00:00+00:00,63349.0,63700.0,60511.0,60735.0,19888.771
2021-10-22 16:00:00+00:00,60735.0,61434.5,60100.0,61080.0,13069.442
2021-10-22 20:00:00+00:00,61080.0,61271.0,60201.5,60760.0,3906.38
2021-10-23 00:00:00+00:00,60760.0,61279.5,60440.0,61261.5,3580.335
2021-10-23 04:00:00+00:00,61261.5,61555.0,60744.5,60921.5,4752.072
2021-10-23 08:00:00+00:00,60921.5,61809.0,59625.0,61572.0,11237.821
2021-10-23 12:00:00+00:00,61572.0,61753.5,60738.5,61465.0,7553.215
2021-10-23 16:00:00+00:00,61465.0,61670.0,60975.0,61080.5,3505.704
2021-10-23 20:00:00+00:00,61080.5,61496.5,60851.0,61357.0,2725.053
2021-10-24 00:00:00+00:00,61357.0,61521.0,60834.5,61260.0,2592.44
2021-10-24 04:00:00+00:00,61260.0,61268.0,60600.0,60780.5,2853.18
2021-10-24 08:00:00+00:00,60780.5,61333.0,60202.0,60363.0,6437.79
2021-10-24 12:00:00+00:00,60363.0,60900.0,59654.0,59951.5,10874.239
2021-10-24 16:00:00+00:00,59951.5,60748.5,59456.0,60692.5,6818.157
2021-10-24 20:00:00+00:00,60692.5,61343.0,60587.0,60901.5,4098.387
2021-10-25 00:00:00+00:00,60901.5,62300.0,60708.5,62136.0,5713.969
2021-10-25 04:00:00+00:00,62136.0,62891.5,61850.0,62673.5,4168.04
2021-10-25 08:00:00+00:00,62673.5,63194.0,62534.5,62800.0,5219.616
2021-10-25 12:00:00+00:00,62800.0,63641.5,62635.0,63610.0,7332.663
2021-10-25 16:00:00+00:00,63610.0,63750.5,62653.0,62700.5,5741.787
2021-10-25 20:00:00+00:00,62700.5,63539.0,62590.5,63108.0,3672.26
2021-10-26 00:00:00+00:00,63108.0,63301.5,62695.5,62818.0,2732.832
2021-10-26 04:00:00+00:00,62818.0,62840.0,62272.0,62502.5,3903.037
2021-10-26 08:00:00+00:00,62502.5,63161.0,62502.5,62816.0,4409.429
2021-10-26 12:00:00+00:00,62816.0,62917.0,61892.5,62580.0,8268.057
2021-10-26 16:00:00+00:00,62580.0,62800.0,61936.0,62069.5,4172.502
2021-10-26 20:00:00+00:00,62069.5,62344.5,59888.0,60310.5,12188.56
2021-10-27 00:00:00+00:00,60310.5,60850.0,60202.5,60773.0,4540.808
2021-10-27 04:00:00+00:00,60773.0,61520.0,59990.0,59990.0,9010.846
2021-10-27 08:00:00+00:00,59990.0,59990.5,57919.5,58681.5,18844.491
2021-10-27 12:00:00+00:00,58681.5,59479.0,58312.0,58876.0,6841.164
2021-10-27 16:00:00+00:00,58876.0,59209.5,58255.0,59098.0,5474.514
2021-10-27 20:00:00+00:00,59098.0,59684.0,58448.5,58481.5,4969.148
2021-10-28 00:00:00+00:00,58481.5,59184.0,58144.0,58889.5,5160.006
2021-10-28 04:00:00+00:00,58889.5,59237.0,58700.0,59044.5,4609.301
2021-10-28 08:00:00+00:00,59044.5,61310.0,59040.5,60968.5,10840.976
2021-10-28 12:00:00+00:00,60968.5,61900.0,60909.0,61175.0,7355.239
2021-10-28 16:00:00+00:00,61175.0,61540.0,57476.0,61387.5,18950.589
2021-10-28 20:00:00+00:00,61387.5,62664.5,60407.5,60678.5,10936.605
2021-10-29 00:00:00+00:00,60678.5,62149.0,60111.0,61704.5,7463.397
2021-10-29 04:00:00+00:00,61704.5,61718.0,60420.0,60605.0,6147.935
2021-10-29 08:00:00+00:00,60605.0,61380.0,60472.5,60954.0,5205.207
2021-10-29 12:00:00+00:00,60954.0,62586.0,60740.0,62325.0,9137.479
2021-10-29 16:00:00+00:00,62325.0,62988.5,61865.0,62547.0,6520.009
2021-10-29 20:00:00+00:00,62547.0,62715.5,62122.0,62300.0,2457.973
2021-10-30 00:00:00+00:00,62300.0,62386.5,61690.5,61749.0,3374.29
2021-10-30 04:00:00+00:00,61749.0,61946.0,61050.0,61613.0,3873.568
2021-10-30 08:00:00+00:00,61613.0,62085.5,61118.5,61650.5,4863.967
2021-10-30 12:00:00+00:00,61650.5,62277.5,60700.0,61384.5,8254.028
2021-10-30 16:00:00+00:00,61384.5,61799.0,61152.5,61735.5,2779.452
2021-10-30 20:00:00+00:00,61735.5,61958.0,61256.0,61894.5,3538.553
2021-10-31 00:00:00+00:00,61894.5,62400.0,61570.0,61731.5,4792.583
2021-10-31 04:00:00+00:00,61731.5,61771.0,61125.0,61419.5,3281.504
2021-10-31 08:00:00+00:00,61419.5,61444.0,60350.0,60508.5,7431.671
2021-10-31 12:00:00+00:00,60508.5,60865.5,60000.0,60550.0,6667.469
2021-10-31 16:00:00+00:00,60550.0,60991.0,60283.0,60718.5,3342.245
2021-10-31 20:00:00+00:00,60718.5,61645.5,60587.5,61338.0,4267.208
2021-11-01 00:00:00+00:00,61338.0,61771.0,59601.5,59921.5,9052.588
2021-11-01 04:00:00+00:00,59921.5,62450.0,59444.0,62176.5,10338.713
2021-11-01 08:00:00+00:00,62176.5,62536.5,61700.0,61862.5,6563.849
2021-11-01 12:00:00+00:00,61862.5,62200.0,61360.0,61607.5,5061.482
2021-11-01 16:00:00+00:00,61607.5,61608.0,60325.0,61470.0,7033.77
2021-11-01 20:00:00+00:00,61470.0,61470.0,60455.0,60949.5,3485.814
2021-11-02 00:00:00+00:00,60949.5,61616.5,60667.0,61132.5,5059.381
2021-11-02 04:00:00+00:00,61132.5,61850.0,61128.5,61542.5,4101.989
2021-11-02 08:00:00+00:00,61542.5,63652.0,61383.0,62990.5,11068.598
2021-11-02 12:00:00+00:00,62990.5,64258.5,62990.5,63969.5,9498.46
2021-11-02 16:00:00+00:00,63969.5,64200.0,63311.0,63645.5,5658.462
2021-11-02 20:00:00+00:00,63645.5,63645.5,62700.0,63258.0,4921.305
2021-11-03 00:00:00+00:00,63258.0,63600.0,62810.0,63249.5,4624.345
2021-11-03 04:00:00+00:00,63249.5,63546.0,62802.0,63419.5,4224.65
2021-11-03 08:00:00+00:00,63419.5,63425.0,62900.0,63167.0,4703.494
2021-11-03 12:00:00+00:00,63167.0,63167.5,61600.0,62194.5,11435.195
2021-11-03 16:00:00+00:00,62194.5,63448.5,60077.0,62842.0,13674.372
2021-11-03 20:00:00+00:00,62842.0,63256.5,62781.5,62961.5,3424.38
2021-11-04 00:00:00+00:00,62961.5,63120.0,62286.5,62507.0,3563.271
2021-11-04 04:00:00+00:00,62507.0,62899.0,61850.5,61865.5,5084.946
2021-11-04 08:00:00+00:00,61865.5,62345.0,61300.0,61514.0,7421.08
2021-11-04 12:00:00+00:00,61514.0,62392.5,60859.0,61111.0,7804.195
2021-11-04 16:00:00+00:00,61111.0,61413.5,60628.0,61267.0,5561.596
2021-11-04 20:00:00+00:00,61267.0,61580.0,61050.0,61440.5,3158.039
2021-11-05 00:00:00+00:00,61440.5,62321.0,60898.0,62228.5,5570.788
2021-11-05 04:00:00+00:00,62228.5,62643.5,61912.5,62135.5,4328.608
2021-11-05 08:00:00+00:00,62135.5,62243.0,61205.5,61320.0,5274.423
2021-11-05 12:00:00+00:00,61320.0,61961.0,60800.0,60844.5,5832.924
2021-11-05 16:00:00+00:00,60844.5,61468.5,60764.0,61157.0,2718.157
2021-11-05 20:00:00+00:00,61157.0,61400.0,60813.0,61045.0,1719.068
2021-11-06 00:00:00+00:00,61045.0,61344.5,60900.0,61175.0,1809.56
2021-11-06 04:00:00+00:00,61175.0,61600.0,60415.0,60811.0,4248.806
2021-11-06 08:00:00+00:00,60811.0,61375.0,60188.0,60412.0,5437.893
2021-11-06 12:00:00+00:00,60412.0,60761.5,60150.0,60669.0,3543.47
2021-11-06 16:00:00+00:00,60669.0,61200.0,60448.5,61198.0,2375.246
2021-11-06 20:00:00+00:00,61198.0,61475.0,61150.0,61440.0,1903.563
2021-11-07 00:00:00+00:00,61440.0,62343.5,61378.0,62145.5,4766.221
2021-11-07 04:00:00+00:00,62145.5,62299.5,61721.0,61764.0,2544.174
2021-11-07 08:00:00+00:00,61764.0,62370.5,61502.0,61958.0,4006.153
2021-11-07 12:00:00+00:00,61958.0,62200.0,61792.5,61986.0,2514.537
2021-11-07 16:00:00+00:00,61986.0,62611.5,61985.5,62312.5,3429.763
2021-11-07 20:00:00+00:00,62312.5,63300.0,62225.0,63264.0,4143.218
2021-11-08 00:00:00+00:00,63264.0,65690.5,63263.5,65195.5,11774.652
2021-11-08 04:00:00+00:00,65195.5,66434.5,65050.0,65958.5,7032.551
2021-11-08 08:00:00+00:00,65958.5,66400.0,65658.0,66037.0,4301.479
2021-11-08 12:00:00+00:00,66037.0,66700.0,65238.5,66428.5,7626.297
2021-11-08 16:00:00+00:00,66428.5,66568.5,65750.0,65841.0,3363.519
2021-11-08 20:00:00+00:00,65841.0,68000.0,65439.0,67603.5,7175.241
2021-11-09 00:00:00+00:00,67603.5,68600.0,67150.0,68532.0,6720.825
2021-11-09 04:00:00+00:00,68532.0,68532.0,67655.0,67891.0,4520.318
2021-11-09 08:00:00+00:00,67891.0,68250.0,67400.0,67646.5,4047.899
2021-11-09 12:00:00+00:00,67646.5,68165.5,66500.0,66830.5,8853.912
2021-11-09 16:00:00+00:00,66830.5,67300.0,66250.0,66856.0,4979.053
2021-11-09 20:00:00+00:00,66856.0,67822.0,66715.5,66976.5,4124.126
2021-11-10 00:00:00+00:00,66976.5,67390.0,66449.5,66590.0,3498.009
2021-11-10 04:00:00+00:00,66590.0,66813.0,66337.0,66509.5,3203.346
2021-11-10 08:00:00+00:00,66509.5,67180.5,66437.0,66623.0,3289.383
2021-11-10 12:00:00+00:00,66623.0,69138.5,65600.0,68362.0,14741.507
2021-11-10 16:00:00+00:00,68362.0,68780.0,66622.0,66676.0,7352.672
2021-11-10 20:00:00+00:00,66676.0,67032.0,62512.5,64893.5,22838.76
2021-11-11 00:00:00+00:00,64893.5,65085.0,64127.0,64776.5,6598.529
2021-11-11 04:00:00+00:00,64776.5,65387.5,64451.0,65228.0,3173.299
2021-11-11 08:00:00+00:00,65228.0,65594.0,64638.0,65268.0,4691.376
2021-11-11 12:00:00+00:00,65268.0,65495.0,64454.5,64832.0,6128.51
2021-11-11 16:00:00+00:00,64832.0,65255.0,64602.0,65141.5,2169.072
2021-11-11 20:00:00+00:00,65141.5,65330.5,64771.0,64831.0,2107.763
2021-11-12 00:00:00+00:00,64831.0,65465.0,64075.0,64894.5,5222.401
2021-11-12 04:00:00+00:00,64894.5,65112.0,64200.0,64509.5,2892.659
2021-11-12 08:00:00+00:00,64509.5,64956.5,63538.5,63809.0,8557.528
2021-11-12 12:00:00+00:00,63809.0,64244.0,62950.0,63242.0,10082.16
2021-11-12 16:00:00+00:00,63242.0,64115.0,62350.0,63901.0,8850.968
2021-11-12 20:00:00+00:00,63901.0,64595.5,63754.0,64141.0,3961.013
2021-11-13 00:00:00+00:00,64141.0,64444.5,63628.0,63807.0,2788.545
2021-11-13 04:00:00+00:00,63807.0,64200.0,63550.0,64063.0,1940.209
2021-11-13 08:00:00+00:00,64063.0,64103.5,63409.5,63609.5,2431.393
2021-11-13 12:00:00+00:00,63609.5,64812.5,63512.5,64667.0,5402.416
2021-11-13 16:00:00+00:00,64667.0,65142.5,63838.0,63950.5,4180.41
2021-11-13 20:00:00+00:00,63950.5,64581.5,63930.0,64423.0,1636.008
2021-11-14 00:00:00+00:00,64423.0,65375.0,64423.0,64669.0,3967.086
2021-11-14 04:00:00+00:00,64669.0,65200.0,64500.0,64667.0,3347.686
2021-11-14 08:00:00+00:00,64667.0,64785.5,64120.0,64479.5,3040.108
2021-11-14 12:00:00+00:00,64479.5,64800.0,64050.0,64103.5,3761.894
2021-11-14 16:00:00+00:00,64103.5,64450.0,63650.0,64194.5,4387.612
2021-11-14 20:00:00+00:00,64194.5,65530.0,64118.0,65529.5,4036.018
2021-11-15 00:00:00+00:00,65529.5,66200.0,65529.5,65758.0,5141.345
2021-11-15 04:00:00+00:00,65758.0,65915.0,65551.0,65612.5,1788.236
2021-11-15 08:00:00+00:00,65612.5,66383.0,65342.0,65755.0,4808.992
2021-11-15 12:00:00+00:00,65755.0,65951.5,64200.0,64330.5,7681.329
2021-11-15 16:00:00+00:00,64330.5,64495.0,63680.5,64319.0,6071.218
2021-11-15 20:00:00+00:00,64319.0,64319.5,63333.0,63691.5,4326.859
2021-11-16 00:00:00+00:00,63691.5,63691.5,60445.0,60962.0,18688.935
2021-11-16 04:00:00+00:00,60962.0,61573.5,60300.0,60881.0,8750.19
2021-11-16 08:00:00+00:00,60881.0,61370.0,58500.0,60600.0,16119.731
2021-11-16 12:00:00+00:00,60600.0,61428.0,60055.5,60702.0,7586.456
2021-11-16 16:00:00+00:00,60702.0,60900.0,59807.0,60255.0,4207.877
2021-11-16 20:00:00+00:00,60255.0,61159.5,59139.0,60111.0,6245.682
2021-11-17 00:00:00+00:00,60111.0,60447.0,58551.5,59063.5,8482.316
2021-11-17 04:00:00+00:00,59063.5,60155.0,58600.0,59746.5,6541.191
2021-11-17 08:00:00+00:00,59746.5,60930.5,58350.0,60780.0,9658.532
2021-11-17 12:00:00+00:00,60780.0,60800.0,59377.0,59640.5,5558.213
2021-11-17 16:00:00+00:00,59640.5,60650.0,59446.5,60228.5,4587.804
2021-11-17 20:00:00+00:00,60228.5,60606.5,59681.0,60370.5,2843.433
2021-11-18 00:00:00+00:00,60370.5,61097.0,59899.0,59899.0,4844.514
2021-11-18 04:00:00+00:00,59899.0,60100.0,59560.0,59784.5,3803.686
2021-11-18 08:00:00+00:00,59784.5,59975.0,59028.0,59243.5,5454.129
2021-11-18 12:00:00+00:00,59243.5,59960.0,57556.5,58145.5,16252.162
2021-11-18 16:00:00+00:00,58145.5,58566.5,56550.0,57980.5,14928.488
2021-11-18 20:00:00+00:00,57980.5,58470.0,56483.0,56932.5,7592.231
2021-11-19 00:00:00+00:00,56932.5,57563.0,55665.5,55910.5,9133.739
2021-11-19 04:00:00+00:00,55910.5,56470.0,55860.5,56010.0,4358.011
2021-11-19 08:00:00+00:00,56010.0,57509.0,56009.5,57036.0,7066.009
2021-11-19 12:00:00+00:00,57036.0,58179.5,56753.0,57874.5,6721.838
2021-11-19 16:00:00+00:00,57874.5,58307.5,57680.0,58074.0,4093.284
2021-11-19 20:00:00+00:00,58074.0,58150.5,57564.0,58095.5,2206.66
2021-11-20 00:00:00+00:00,58095.5,58968.0,58003.5,58561.0,4613.479
2021-11-20 04:00:00+00:00,58561.0,58844.0,58300.0,58423.5,2303.037
2021-11-20 08:00:00+00:00,58423.5,58770.0,58362.5,58645.0,1701.836
2021-11-20 12:00:00+00:00,58645.0,58839.0,57550.0,57645.5,4444.513
2021-11-20 16:00:00+00:00,57645.5,59686.0,57291.5,59474.0,6997.621
2021-11-20 20:00:00+00:00,59474.0,59863.5,59368.0,59731.0,2451.203
2021-11-21 00:00:00+00:00,59731.0,59778.0,58602.0,58729.0,3664.816
2021-11-21 04:00:00+00:00,58729.0,59272.5,58599.0,59019.0,2391.221
2021-11-21 08:00:00+00:00,59019.0,59363.5,58532.0,58741.0,4010.583
2021-11-21 12:00:00+00:00,58741.0,59349.5,58711.0,59240.0,4005.975
2021-11-21 16:00:00+00:00,59240.0,60047.5,59156.0,59322.5,4820.95
2021-11-21 20:00:00+00:00,59322.5,59693.5,58560.0,58627.0,2636.733
2021-11-22 00:00:00+00:00,58627.0,58773.0,57027.5,57423.0,8442.247
2021-11-22 04:00:00+00:00,57423.0,57788.0,56735.0,57332.0,5289.67
2021-11-22 08:00:00+00:00,57332.0,57865.0,57020.0,57228.5,3420.02
2021-11-22 12:00:00+00:00,57228.5,59692.0,56601.0,58217.5,12433.643
2021-11-22 16:00:00+00:00,58217.5,58263.0,55828.0,56001.5,8929.109
2021-11-22 20:00:00+00:00,56001.5,56712.5,55614.0,56278.0,6690.068
2021-11-23 00:00:00+00:00,56278.0,57293.0,56015.0,56965.0,4913.194
2021-11-23 04:00:00+00:00,56965.0,57029.5,55888.0,56076.0,3852.512
2021-11-23 08:00:00+00:00,56076.0,57748.5,55300.0,56139.0,14581.745
2021-11-23 12:00:00+00:00,56139.0,57740.0,56139.0,56892.5,7186.232
2021-11-23 16:00:00+00:00,56892.5,57902.0,56892.0,57810.5,3538.592
2021-11-23 20:00:00+00:00,57810.5,57885.0,57441.0,57586.5,2499.752
2021-11-24 00:00:00+00:00,57586.5,57732.0,56125.0,56431.5,4628.339
2021-11-24 04:00:00+00:00,56431.5,56796.0,56274.5,56555.5,2830.435
2021-11-24 08:00:00+00:00,56555.5,57472.0,56386.0,56683.5,4288.584
2021-11-24 12:00:00+00:00,56683.5,57193.0,55935.0,56780.0,6252.057
2021-11-24 16:00:00+00:00,56780.0,57133.5,56552.5,56885.0,2132.652
2021-11-24 20:00:00+00:00,56885.0,57495.0,56796.5,57185.5,2857.416
2021-11-25 00:00:00+00:00,57185.5,58330.0,57164.0,57766.0,4764.296
2021-11-25 04:00:00+00:00,57766.0,57835.0,57041.5,57659.5,3056.463
2021-11-25 08:00:00+00:00,57659.5,58499.5,57391.5,58035.0,4536.846
2021-11-25 12:00:00+00:00,58035.0,59200.0,57968.0,59078.5,6135.266
2021-11-25 16:00:00+00:00,59078.5,59440.5,58710.0,58899.5,4046.831
2021-11-25 20:00:00+00:00,58899.5,59337.0,58555.0,58937.0,2425.392
2021-11-26 00:00:00+00:00,58937.0,59150.0,57859.0,57980.0,3822.339
2021-11-26 04:00:00+00:00,57980.0,58057.5,56719.5,57024.5,5990.829
2021-11-26 08:00:00+00:00,57024.5,57025.0,53700.0,53767.5,25052.939
2021-11-26 12:00:00+00:00,53767.5,54881.5,53563.0,54365.5,8833.268
2021-11-26 16:00:00+00:00,54365.5,54671.5,53963.0,54390.0,4400.216
2021-11-26 20:00:00+00:00,54390.0,54595.0,53570.5,53800.5,3857.805
2021-11-27 00:00:00+00:00,53800.5,54650.0,53684.5,54375.5,4204.638
2021-11-27 04:00:00+00:00,54375.5,54599.5,54250.0,54400.0,1968.268
2021-11-27 08:00:00+00:00,54400.0,55298.5,54329.0,54635.5,5988.504
2021-11-27 12:00:00+00:00,54635.5,55218.5,54536.0,54899.0,3574.531
2021-11-27 16:00:00+00:00,54899.0,55200.0,54676.0,54957.0,2154.686
2021-11-27 20:00:00+00:00,54957.0,55075.0,54048.0,54778.5,4214.217
2021-11-28 00:00:00+00:00,54778.5,54828.0,53755.0,54177.0,4731.171
2021-11-28 04:00:00+00:00,54177.0,54673.5,54011.0,54547.5,2296.839
2021-11-28 08:00:00+00:00,54547.5,54975.0,54177.5,54524.5,2772.806
2021-11-28 12:00:00+00:00,54524.5,54653.0,54080.0,54321.0,2581.688
2021-11-28 16:00:00+00:00,54321.0,54915.5,53122.0,54630.0,6691.756
2021-11-28 20:00:00+00:00,54630.0,57435.5,54630.0,57299.0,10551.841
2021-11-29 00:00:00+00:00,57299.0,58250.0,57173.0,57355.0,7820.467
2021-11-29 04:00:00+00:00,57355.0,57674.5,57235.0,57506.0,2601.504
2021-11-29 08:00:00+00:00,57506.0,57607.5,56686.5,56901.0,5178.111
2021-11-29 12:00:00+00:00,56901.0,57522.5,56874.0,57136.5,4487.712
2021-11-29 16:00:00+00:00,57136.5,58871.5,57035.0,57876.5,7481.754
2021-11-29 20:00:00+00:00,57876.5,58444.0,57686.5,57785.0,3207.001
2021-11-30 00:00:00+00:00,57785.0,57980.0,56810.0,57115.0,5091.589
2021-11-30 04:00:00+00:00,57115.0,57280.0,55900.0,56506.5,7431.313
2021-11-30 08:00:00+00:00,56506.5,57736.0,56270.0,57624.5,7992.082
2021-11-30 12:00:00+00:00,57624.5,59200.0,57188.0,57189.5,14537.95
2021-11-30 16:00:00+00:00,57189.5,58414.0,56506.5,57647.5,13177.923
2021-11-30 20:00:00+00:00,57647.5,57782.5,56777.0,56962.0,4523.68
2021-12-01 00:00:00+00:00,56962.0,57697.5,56700.0,57424.0,5871.899
2021-12-01 04:00:00+00:00,57424.0,57454.0,56743.5,57200.0,3430.588
2021-12-01 08:00:00+00:00,57200.0,57842.0,56791.0,57175.5,5332.762
2021-12-01 12:00:00+00:00,57175.5,58840.0,57023.0,58638.5,10037.329
2021-12-01 16:00:00+00:00,58638.5,59073.0,57050.0,57462.0,9381.358
2021-12-01 20:00:00+00:00,57462.0,57462.0,56447.0,57225.0,6358.058
2021-12-02 00:00:00+00:00,57225.0,57390.5,55800.0,56369.0,8274.47
2021-12-02 04:00:00+00:00,56369.0,56988.5,56279.5,56829.5,5211.765
2021-12-02 08:00:00+00:00,56829.5,57200.0,56123.0,56384.5,4910.194
2021-12-02 12:00:00+00:00,56384.5,57375.0,56082.0,56550.0,7044.449
2021-12-02 16:00:00+00:00,56550.0,56943.0,56072.0,56640.0,4426.661
2021-12-02 20:00:00+00:00,56640.0,57200.0,56365.5,56501.5,3418.127
2021-12-03 00:00:00+00:00,56501.5,56769.0,56125.0,56369.0,3472.752
2021-12-03 04:00:00+00:00,56369.0,57066.5,56320.5,56769.5,3977.631
2021-12-03 08:00:00+00:00,56769.5,57371.0,56500.0,57024.5,5343.108
2021-12-03 12:00:00+00:00,57024.5,57690.0,55814.5,56058.0,9094.046
2021-12-03 16:00:00+00:00,56058.0,56058.0,53800.0,53904.5,15154.424
2021-12-03 20:00:00+00:00,53904.5,54082.0,51111.0,53626.5,19277.043
2021-12-04 00:00:00+00:00,53626.5,53850.0,52024.5,52024.5,7470.143
2021-12-04 04:00:00+00:00,52024.5,52604.0,40829.0,47236.5,52671.56
2021-12-04 08:00:00+00:00,47236.5,47877.5,46109.0,46480.0,10074.445
2021-12-04 12:00:00+00:00,46480.0,48522.0,46479.5,48182.5,10832.747
2021-12-04 16:00:00+00:00,48182.5,49416.0,47749.0,49249.5,7784.947
2021-12-04 20:00:00+00:00,49249.5,49451.0,48486.0,49125.5,5569.972
2021-12-05 00:00:00+00:00,49125.5,49716.0,48315.0,49175.0,6781.606
2021-12-05 04:00:00+00:00,49175.0,49631.5,48802.5,49256.5,3765.157
2021-12-05 08:00:00+00:00,49256.5,49500.0,48699.0,49234.0,4660.362
2021-12-05 12:00:00+00:00,49234.0,49622.0,47736.0,47930.0,8302.908
2021-12-05 16:00:00+00:00,47930.0,49351.0,47900.5,48879.0,8114.2
2021-12-05 20:00:00+00:00,48879.0,49481.5,48484.0,49358.0,4685.074
2021-12-06 00:00:00+00:00,49358.0,49400.0,48294.0,48973.0,5558.922
2021-12-06 04:00:00+00:00,48973.0,49230.0,47708.5,48383.5,5454.455
2021-12-06 08:00:00+00:00,48383.5,49445.5,47020.0,48550.0,15599.514
2021-12-06 12:00:00+00:00,48550.0,48942.0,47800.0,48941.5,8710.209
2021-12-06 16:00:00+00:00,48941.5,49334.5,48660.0,49060.5,4109.63
2021-12-06 20:00:00+00:00,49060.5,50900.0,48723.0,50422.0,7905.728
2021-12-07 00:00:00+00:00,50422.0,51515.5,50321.0,50888.0,5520.782
2021-12-07 04:00:00+00:00,50888.0,51300.0,50753.5,50870.0,3455.832
2021-12-07 08:00:00+00:00,50870.0,51487.0,50784.0,51426.5,4070.819
2021-12-07 12:00:00+00:00,51426.5,51923.5,50529.5,51701.5,8899.312
2021-12-07 16:00:00+00:00,51701.5,51843.0,50642.0,50850.0,4946.707
2021-12-07 20:00:00+00:00,50850.0,50976.0,50011.0,50580.5,5872.463
2021-12-08 00:00:00+00:00,50580.5,50788.5,50100.0,50132.0,3314.799
2021-12-08 04:00:00+00:00,50132.0,50662.0,50090.0,50470.0,3770.753
2021-12-08 08:00:00+00:00,50470.0,50596.5,48714.0,49182.0,9954.324
2021-12-08 12:00:00+00:00,49182.0,51232.5,48514.0,50622.0,13501.61
2021-12-08 16:00:00+00:00,50622.0,50833.0,50034.0,50428.5,4694.796
2021-12-08 20:00:00+00:00,50428.5,50817.5,50070.0,50451.5,3497.585
2021-12-09 00:00:00+00:00,50451.5,50758.0,49412.5,49507.0,4824.451
2021-12-09 04:00:00+00:00,49507.0,50388.5,49111.0,49980.5,5320.128
2021-12-09 08:00:00+00:00,49980.5,49981.0,48778.5,49152.0,5775.064
2021-12-09 12:00:00+00:00,49152.0,49669.0,48050.0,48439.5,10620.552
2021-12-09 16:00:00+00:00,48439.5,48822.0,47480.0,47609.0,7475.444
2021-12-09 20:00:00+00:00,47609.0,48458.0,47315.5,47541.5,5691.668
2021-12-10 00:00:00+00:00,47541.5,48800.0,47434.5,48338.5,6357.278
2021-12-10 04:00:00+00:00,48338.5,48543.5,47568.5,47677.0,4878.965
2021-12-10 08:00:00+00:00,47677.0,48693.0,47647.0,48684.5,5015.158
2021-12-10 12:00:00+00:00,48684.5,50149.5,47738.5,47975.0,16604.748
2021-12-10 16:00:00+00:00,47975.0,48357.5,47218.0,48094.5,9559.233
2021-12-10 20:00:00+00:00,48094.5,48550.0,46750.0,47181.0,6141.516
2021-12-11 00:00:00+00:00,47181.0,48684.0,46750.0,48301.0,8630.02
2021-12-11 04:00:00+00:00,48301.0,48970.0,47750.5,48052.0,6004.39
2021-12-11 08:00:00+00:00,48052.0,48900.0,47755.0,48217.5,5530.683
2021-12-11 12:00:00+00:00,48217.5,48901.0,48156.5,48754.0,5214.595
2021-12-11 16:00:00+00:00,48754.0,49249.0,48357.0,48385.0,5438.457
2021-12-11 20:00:00+00:00,48385.0,49489.0,48385.0,49353.0,4496.914
2021-12-12 00:00:00+00:00,49353.0,49684.0,49026.0,49286.5,3762.859
2021-12-12 04:00:00+00:00,49286.5,49341.5,48801.0,49274.5,2959.43
2021-12-12 08:00:00+00:00,49274.5,49341.5,48606.0,49114.0,4956.741
2021-12-12 12:00:00+00:00,49114.0,49900.0,49100.0,49558.5,6786.693
2021-12-12 16:00:00+00:00,49558.5,50790.0,49480.0,50198.0,7324.612
2021-12-12 20:00:00+00:00,50198.0,50528.5,49872.0,50079.5,3046.347
2021-12-13 00:00:00+00:00,50079.5,50167.0,48347.5,48854.0,9825.151
2021-12-13 04:00:00+00:00,48854.0,49295.0,48560.0,48717.0,4719.923
2021-12-13 08:00:00+00:00,48717.0,49160.5,48000.0,48810.5,7136.565
2021-12-13 12:00:00+00:00,48810.5,48976.5,47029.5,47250.5,12844.094
2021-12-13 16:00:00+00:00,47250.5,47921.0,45502.0,46694.5,20819.035
2021-12-13 20:00:00+00:00,46694.5,47297.5,46203.5,46652.5,7076.128
2021-12-14 00:00:00+00:00,46652.5,47208.0,46251.5,46901.5,6076.125
2021-12-14 04:00:00+00:00,46901.5,47150.0,46320.0,46972.5,5676.925
2021-12-14 08:00:00+00:00,46972.5,47781.5,46762.5,47595.5,7681.322
2021-12-14 12:00:00+00:00,47595.5,47920.0,46600.0,46825.0,9779.491
2021-12-14 16:00:00+00:00,46825.0,47179.5,46450.0,46827.5,6530.06
2021-12-14 20:00:00+00:00,46827.5,48826.5,46827.5,48356.0,8671.91
2021-12-15 00:00:00+00:00,48356.0,48747.0,47851.5,48251.5,4663.992
2021-12-15 04:00:00+00:00,48251.5,48417.5,47948.5,48188.5,4341.49
2021-12-15 08:00:00+00:00,48188.5,48773.0,48085.5,48134.5,5456.943
2021-12-15 12:00:00+00:00,48134.5,48297.5,46584.0,46608.5,13266.788
2021-12-15 16:00:00+00:00,46608.5,49293.0,46543.5,48688.5,22225.487
2021-12-15 20:00:00+00:00,48688.5,49504.5,48566.5,48867.5,8650.106
2021-12-16 00:00:00+00:00,48867.5,49286.5,48736.0,48835.5,3441.337
2021-12-16 04:00:00+00:00,48835.5,49083.5,48527.0,48727.5,4290.241
2021-12-16 08:00:00+00:00,48727.5,49450.0,48635.0,49179.0,5563.445
2021-12-16 12:00:00+00:00,49179.0,49367.5,48249.0,48581.0,10812.084
2021-12-16 16:00:00+00:00,48581.0,48716.0,47700.0,47894.5,8111.754
2021-12-16 20:00:00+00:00,47894.5,48426.5,47525.0,47661.0,5814.856
2021-12-17 00:00:00+00:00,47661.0,47982.5,47250.0,47810.0,3933.534
2021-12-17 04:00:00+00:00,47810.0,47952.5,46750.0,47030.5,6940.436
2021-12-17 08:00:00+00:00,47030.5,47296.5,46700.0,47100.0,6180.286
2021-12-17 12:00:00+00:00,47100.0,47342.5,45280.0,46483.5,17969.937
2021-12-17 16:00:00+00:00,46483.5,47450.0,46387.5,46748.0,12191.422
2021-12-17 20:00:00+00:00,46748.0,47185.0,45510.0,46150.0,10589.253
2021-12-18 00:00:00+00:00,46150.0,46520.0,45500.0,46295.0,7250.994
2021-12-18 04:00:00+00:00,46295.0,46907.0,46063.5,46357.5,5684.415
2021-12-18 08:00:00+00:00,46357.5,47321.5,46193.0,47050.0,6466.798
2021-12-18 12:00:00+00:00,47050.0,47202.5,46555.0,46854.5,4838.388
2021-12-18 16:00:00+00:00,46854.5,46981.0,46340.0,46631.5,3583.747
2021-12-18 20:00:00+00:00,46631.5,47098.5,46541.0,46836.0,2823.816
2021-12-19 00:00:00+00:00,46836.0,47949.0,46421.0,47701.0,6637.571
2021-12-19 04:00:00+00:00,47701.0,48136.5,47439.0,47528.0,5666.241
2021-12-19 08:00:00+00:00,47528.0,47632.0,46828.0,47170.5,6140.908
2021-12-19 12:00:00+00:00,47170.5,48390.0,46878.0,47231.5,12142.322
2021-12-19 16:00:00+00:00,47231.5,47466.0,46425.5,46650.0,4996.996
2021-12-19 20:00:00+00:00,46650.0,47650.0,46459.5,46699.5,5039.997
2021-12-20 00:00:00+00:00,46699.5,47182.0,46119.5,46692.0,6616.307
2021-12-20 04:00:00+00:00,46692.0,47046.0,46141.0,46440.0,5693.998
2021-12-20 08:00:00+00:00,46440.0,46550.0,45733.5,46100.5,6076.719
2021-12-20 12:00:00+00:00,46100.5,46349.0,45479.5,45950.0,9723.366
2021-12-20 16:00:00+00:00,45950.0,46687.0,45877.5,46584.0,5619.339
2021-12-20 20:00:00+00:00,46584.0,47499.0,46584.0,46882.0,6501.554
2021-12-21 00:00:00+00:00,46882.0,48106.0,46658.5,47939.5,7852.01
2021-12-21 04:00:00+00:00,47939.5,48828.5,47939.5,48561.5,10046.596
2021-12-21 08:00:00+00:00,48561.5,49318.0,48440.0,48851.5,7701.096
2021-12-21 12:00:00+00:00,48851.5,49299.0,48280.0,48420.0,9776.151
2021-12-21 16:00:00+00:00,48420.0,48863.5,48350.0,48630.0,3844.52
2021-12-21 20:00:00+00:00,48630.0,49300.0,48488.5,48886.5,4937.953
2021-12-22 00:00:00+00:00,48886.5,49586.0,48613.5,49217.0,6291.503
2021-12-22 04:00:00+00:00,49217.0,49329.0,48918.5,49220.0,3476.87
2021-12-22 08:00:00+00:00,49220.0,49500.0,48840.0,48981.5,5115.814
2021-12-22 12:00:00+00:00,48981.5,49118.0,48418.0,48898.0,7812.28
2021-12-22 16:00:00+00:00,48898.0,49251.5,48526.5,48899.0,4930.477
2021-12-22 20:00:00+00:00,48899.0,49100.0,48577.0,48610.5,3381.786
2021-12-23 00:00:00+00:00,48610.5,48750.5,48031.0,48548.0,7770.896
2021-12-23 04:00:00+00:00,48548.0,48556.0,48030.0,48134.0,4594.397
2021-12-23 08:00:00+00:00,48134.0,48580.0,48076.0,48371.0,4465.569
2021-12-23 12:00:00+00:00,48371.0,48850.0,48346.0,48780.0,6034.915
2021-12-23 16:00:00+00:00,48780.0,51431.5,48654.0,51077.5,17316.866
2021-12-23 20:00:00+00:00,51077.5,51141.5,50444.5,50794.0,6033.138
2021-12-24 00:00:00+00:00,50794.0,51555.0,50647.0,50999.5,7447.131
2021-12-24 04:00:00+00:00,50999.5,51064.0,50760.0,50989.0,3126.815
2021-12-24 08:00:00+00:00,50989.0,51450.0,50820.0,50980.0,4967.993
2021-12-24 12:00:00+00:00,50980.0,51220.0,50402.0,50924.5,7684.008
2021-12-24 16:00:00+00:00,50924.5,51980.0,50700.0,51100.0,7869.465
2021-12-24 20:00:00+00:00,51100.0,51220.0,50519.5,50785.0,5081.878
2021-12-25 00:00:00+00:00,50785.0,51069.0,50628.0,50834.0,2760.57
2021-12-25 04:00:00+00:00,50834.0,51040.5,50674.5,50908.0,2144.151
2021-12-25 08:00:00+00:00,50908.0,50975.0,50576.5,50659.5,2814.617
2021-12-25 12:00:00+00:00,50659.5,50888.0,50659.5,50685.0,2960.069
2021-12-25 16:00:00+00:00,50685.0,51149.0,50100.0,50899.5,7786.288
2021-12-25 20:00:00+00:00,50899.5,51081.5,50300.0,50406.0,4132.452
2021-12-26 00:00:00+00:00,50406.0,50677.5,49599.5,49675.5,9067.344
2021-12-26 04:00:00+00:00,49675.5,49963.0,49648.5,49937.0,3005.628
2021-12-26 08:00:00+00:00,49937.0,50173.5,49283.0,49735.0,5786.265
2021-12-26 12:00:00+00:00,49735.0,50260.5,49663.0,50039.5,5376.575
2021-12-26 16:00:00+00:00,50039.5,50428.0,50013.0,50333.0,3697.03
2021-12-26 20:00:00+00:00,50333.0,51294.0,49861.5,50763.0,6333.325
2021-12-27 00:00:00+00:00,50763.0,51090.0,50464.5,50977.5,4127.085
2021-12-27 04:00:00+00:00,50977.5,51050.0,50620.0,50714.5,3006.145
2021-12-27 08:00:00+00:00,50714.5,50899.5,50533.5,50739.0,3201.636
2021-12-27 12:00:00+00:00,50739.0,51812.0,50601.5,51432.5,10069.981
2021-12-27 16:00:00+00:00,51432.5,52119.0,51212.5,51221.0,7666.671
2021-12-27 20:00:00+00:00,51221.0,51338.5,50667.5,50706.5,6709.612
2021-12-28 00:00:00+00:00,50706.5,50707.0,49463.0,49841.5,11573.943
2021-12-28 04:00:00+00:00,49841.5,49841.5,48400.0,49202.0,10686.07
2021-12-28 08:00:00+00:00,49202.0,49409.5,48638.0,49203.5,6654.679
2021-12-28 12:00:00+00:00,49203.5,49345.5,48143.0,48947.0,8697.338
2021-12-28 16:00:00+00:00,48947.0,48964.5,47315.0,47693.0,13937.599
2021-12-28 20:00:00+00:00,47693.0,48024.0,47312.0,47539.0,5173.852
2021-12-29 00:00:00+00:00,47539.0,48137.0,47467.0,47996.0,3995.268
2021-12-29 04:00:00+00:00,47996.0,48042.0,47540.0,47563.5,4478.575
2021-12-29 08:00:00+00:00,47563.5,48118.0,47420.0,47751.0,6127.66
2021-12-29 12:00:00+00:00,47751.0,48040.0,46511.0,47953.0,15324.752
2021-12-29 16:00:00+00:00,47953.0,48034.5,47030.0,47136.0,5767.396
2021-12-29 20:00:00+00:00,47136.0,47735.0,45807.5,46450.0,11782.148
2021-12-30 00:00:00+00:00,46450.0,46841.0,45887.0,46490.0,8691.584
2021-12-30 04:00:00+00:00,46490.0,47150.0,46489.5,46961.0,4919.539
2021-12-30 08:00:00+00:00,46961.0,47540.0,46681.0,47475.5,6150.851
2021-12-30 12:00:00+00:00,47475.5,47685.0,47101.5,47130.5,6609.406
2021-12-30 16:00:00+00:00,47130.5,47920.5,47057.5,47548.5,5355.004
2021-12-30 20:00:00+00:00,47548.5,47645.0,46688.0,47110.5,6322.155
2021-12-31 00:00:00+00:00,47110.5,47400.0,46800.0,47170.0,6197.256
2021-12-31 04:00:00+00:00,47170.0,47542.0,46845.5,47182.0,5639.521
2021-12-31 08:00:00+00:00,47182.0,48554.0,47020.0,47971.5,14023.3
2021-12-31 12:00:00+00:00,47971.5,48136.5,47816.0,47973.0,5806.272
2021-12-31 16:00:00+00:00,47973.0,48114.0,45634.0,45692.0,15216.826
2021-12-31 20:00:00+00:00,45692.0,46548.5,45660.0,46200.5,8247.759
2022-01-01 00:00:00+00:00,46200.5,46929.5,46200.5,46811.5,4523.524
2022-01-01 04:00:00+00:00,46811.5,47552.0,46500.0,47209.5,7303.629
2022-01-01 08:00:00+00:00,47209.5,47351.5,46718.5,46768.5,6017.122
2022-01-01 12:00:00+00:00,46768.5,47480.0,46768.0,47176.5,6138.677
2022-01-01 16:00:00+00:00,47176.5,47915.5,47176.0,47334.0,6991.581
2022-01-01 20:00:00+00:00,47334.0,47845.0,47188.5,47719.5,3602.997
2022-01-02 00:00:00+00:00,47719.5,47719.5,47280.0,47331.0,3514.138
2022-01-02 04:00:00+00:00,47331.0,47393.0,46791.5,47171.0,5890.418
2022-01-02 08:00:00+00:00,47171.0,47552.0,46990.0,47218.5,4603.279
2022-01-02 12:00:00+00:00,47218.5,47436.5,46990.0,47312.5,7095.163
2022-01-02 16:00:00+00:00,47312.5,48000.0,46600.0,46906.5,12152.816
2022-01-02 20:00:00+00:00,46906.5,47477.5,46845.0,47305.0,3517.841
2022-01-03 00:00:00+00:00,47305.0,47305.5,46710.0,46821.5,4750.638
2022-01-03 04:00:00+00:00,46821.5,47199.0,46780.0,47050.0,3796.141
2022-01-03 08:00:00+00:00,47050.0,47422.0,46810.0,47367.0,6231.872
2022-01-03 12:00:00+00:00,47367.0,47576.5,46535.0,46697.0,10498.205
2022-01-03 16:00:00+00:00,46697.0,46883.5,46286.0,46400.5,9031.446
2022-01-03 20:00:00+00:00,46400.5,46581.0,45700.0,46462.0,10512.894
2022-01-04 00:00:00+00:00,46462.0,46608.0,45950.0,46332.5,6498.118
2022-01-04 04:00:00+00:00,46332.5,46537.0,46065.5,46512.0,5142.624
2022-01-04 08:00:00+00:00,46512.0,46747.0,46301.0,46706.0,6353.557
2022-01-04 12:00:00+00:00,46706.0,47475.0,46423.0,46911.0,13168.083
2022-01-04 16:00:00+00:00,46911.0,46982.0,45500.0,46052.0,17334.19
2022-01-04 20:00:00+00:00,46052.0,46420.5,45772.5,45870.0,6032.322
2022-01-05 00:00:00+00:00,45870.0,46566.5,45755.0,46408.5,4970.835
2022-01-05 04:00:00+00:00,46408.5,46507.5,46255.0,46398.0,3164.111
2022-01-05 08:00:00+00:00,46398.0,47060.0,46127.0,46287.0,9725.938
2022-01-05 12:00:00+00:00,46287.0,46826.5,45910.5,46600.0,16478.367
2022-01-05 16:00:00+00:00,46600.0,46691.0,44179.5,44665.5,24001.295
2022-01-05 20:00:00+00:00,44665.5,44843.5,42444.0,43437.0,29996.17
2022-01-06 00:00:00+00:00,43437.0,43795.0,42807.0,42830.5,10686.417
2022-01-06 04:00:00+00:00,42830.5,43287.5,42610.0,43230.0,10529.178
2022-01-06 08:00:00+00:00,43230.0,43238.0,42179.0,42858.5,11615.258
2022-01-06 12:00:00+00:00,42858.5,43220.0,42652.0,42950.0,10711.804
2022-01-06 16:00:00+00:00,42950.0,43494.5,42770.0,43406.5,6498.408
2022-01-06 20:00:00+00:00,43406.5,43549.0,43017.0,43110.5,4373.887
2022-01-07 00:00:00+00:00,43110.5,43137.0,41500.0,41791.5,15660.42
2022-01-07 04:00:00+00:00,41791.5,41928.0,40952.5,41707.5,18996.917
2022-01-07 08:00:00+00:00,41707.5,43260.0,41620.0,42259.0,13006.027
2022-01-07 12:00:00+00:00,42259.0,42774.0,40517.5,41339.5,26532.807
2022-01-07 16:00:00+00:00,41339.5,42404.5,40911.0,41763.5,14117.498
2022-01-07 20:00:00+00:00,41763.5,42043.0,41327.0,41554.5,5019.09
2022-01-08 00:00:00+00:00,41554.5,42242.0,41554.5,41800.5,6088.392
2022-01-08 04:00:00+00:00,41800.5,41973.5,41753.5,41915.5,3368.961
2022-01-08 08:00:00+00:00,41915.5,42150.0,41741.0,41943.5,6195.746
2022-01-08 12:00:00+00:00,41943.5,42100.0,41358.0,41609.5,8609.122
2022-01-08 16:00:00+00:00,41609.5,41715.0,40550.0,40871.5,19682.967
2022-01-08 20:00:00+00:00,40871.5,42302.0,40770.5,41691.0,12152.051
2022-01-09 00:00:00+00:00,41691.0,42136.0,41420.0,41845.0,7290.54
2022-01-09 04:00:00+00:00,41845.0,42077.0,41700.0,41810.5,4053.614
2022-01-09 08:00:00+00:00,41810.5,42000.0,41434.5,41844.0,7213.244
2022-01-09 12:00:00+00:00,41844.0,41908.5,41076.0,41632.0,8315.687
2022-01-09 16:00:00+00:00,41632.0,42744.0,41576.0,42683.0,10763.543
2022-01-09 20:00:00+00:00,42683.0,42771.0,41777.0,41856.0,6400.61
2022-01-10 00:00:00+00:00,41856.0,42030.0,41604.0,41940.0,6312.989
2022-01-10 04:00:00+00:00,41940.0,42200.0,41831.0,42019.5,5526.503
2022-01-10 08:00:00+00:00,42019.5,42070.0,41483.5,41567.5,7770.335
2022-01-10 12:00:00+00:00,41567.5,41614.5,39655.0,40986.0,40246.919
2022-01-10 16:00:00+00:00,40986.0,42121.5,40559.5,41272.0,26777.868
2022-01-10 20:00:00+00:00,41272.0,41972.0,41161.5,41809.0,6276.984
2022-01-11 00:00:00+00:00,41809.0,42341.0,41554.0,42234.0,7210.97
2022-01-11 04:00:00+00:00,42234.0,42380.0,41975.0,42178.0,6143.501
2022-01-11 08:00:00+00:00,42178.0,42700.0,41589.0,41821.5,10784.347
2022-01-11 12:00:00+00:00,41821.5,42170.0,41279.0,41732.5,14122.078
2022-01-11 16:00:00+00:00,41732.5,43163.0,41687.5,42939.5,21383.43
2022-01-11 20:00:00+00:00,42939.5,43055.0,42600.5,42701.5,4450.174
2022-01-12 00:00:00+00:00,42701.5,42938.5,42360.0,42591.5,5125.959
2022-01-12 04:00:00+00:00,42591.5,42830.0,42463.0,42554.0,4124.162
2022-01-12 08:00:00+00:00,42554.0,43407.0,42490.0,42897.5,11319.57
2022-01-12 12:00:00+00:00,42897.5,44209.0,42850.0,43547.5,20131.904
2022-01-12 16:00:00+00:00,43547.5,43857.5,43299.0,43730.0,6731.652
2022-01-12 20:00:00+00:00,43730.0,44450.0,43602.0,43889.5,6771.253
2022-01-13 00:00:00+00:00,43889.5,44014.0,43428.0,43495.0,4980.293
2022-01-13 04:00:00+00:00,43495.0,43750.0,43495.0,43675.5,4022.907
2022-01-13 08:00:00+00:00,43675.5,43995.0,43500.0,43619.0,6648.933
2022-01-13 12:00:00+00:00,43619.0,44366.5,42847.5,43197.5,19323.46
2022-01-13 16:00:00+00:00,43197.5,43477.5,42560.0,42720.5,15600.63
2022-01-13 20:00:00+00:00,42720.5,42853.0,42303.0,42564.0,8027.175
2022-01-14 00:00:00+00:00,42564.0,42745.0,42362.5,42626.0,5159.029
2022-01-14 04:00:00+00:00,42626.0,42936.0,42591.0,42620.5,5195.021
2022-01-14 08:00:00+00:00,42620.5,42680.0,41845.0,42031.5,12613.77
2022-01-14 12:00:00+00:00,42031.5,43300.0,41743.0,43050.0,19538.456
2022-01-14 16:00:00+00:00,43050.0,43704.5,42781.0,43075.5,8356.708
2022-01-14 20:00:00+00:00,43075.5,43440.0,42979.0,43056.5,5109.795
2022-01-15 00:00:00+00:00,43056.5,43158.0,42876.0,42928.0,3808.603
2022-01-15 04:00:00+00:00,42928.0,43081.0,42734.0,43077.5,4596.244
2022-01-15 08:00:00+00:00,43077.5,43289.0,42888.5,42993.0,4470.722
2022-01-15 12:00:00+00:00,42993.0,43394.5,42563.0,43363.5,11309.065
2022-01-15 16:00:00+00:00,43363.5,43600.0,43205.0,43475.0,6975.517
2022-01-15 20:00:00+00:00,43475.0,43779.5,43077.0,43083.0,6866.9
2022-01-16 00:00:00+00:00,43083.0,43124.5,42790.0,43010.0,5016.18
2022-01-16 04:00:00+00:00,43010.0,43230.0,42884.0,43184.0,3565.656
2022-01-16 08:00:00+00:00,43184.0,43295.0,42777.0,42987.5,5107.702
2022-01-16 12:00:00+00:00,42987.5,43380.0,42601.0,43210.0,11382.21
2022-01-16 16:00:00+00:00,43210.0,43455.0,42810.5,42819.0,5143.464
2022-01-16 20:00:00+00:00,42819.0,43227.5,42750.0,43051.0,3661.758
2022-01-17 00:00:00+00:00,43051.0,43143.0,42652.0,42652.5,5152.344
2022-01-17 04:00:00+00:00,42652.5,42929.0,42295.0,42655.5,8981.539
2022-01-17 08:00:00+00:00,42655.5,42879.0,42576.5,42658.0,5016.417
2022-01-17 12:00:00+00:00,42658.0,42786.0,42384.5,42483.5,7646.758
2022-01-17 16:00:00+00:00,42483.5,42521.5,41861.5,42265.0,12153.862
2022-01-17 20:00:00+00:00,42265.0,42382.5,41550.0,42200.0,9768.022
2022-01-18 00:00:00+00:00,42200.0,42395.5,41965.5,42034.0,4412.943
2022-01-18 04:00:00+00:00,42034.0,42304.0,41839.0,42045.0,6062.707
2022-01-18 08:00:00+00:00,42045.0,42046.0,41400.0,41864.0,10486.217
2022-01-18 12:00:00+00:00,41864.0,41927.0,41300.0,41592.5,14906.468
2022-01-18 16:00:00+00:00,41592.5,41762.0,41402.5,41693.5,7494.312
2022-01-18 20:00:00+00:00,41693.5,42650.0,41520.0,42332.5,8912.113
2022-01-19 00:00:00+00:00,42332.5,42484.5,41566.5,41701.0,9097.318
2022-01-19 04:00:00+00:00,41701.0,41822.0,41140.0,41287.5,9823.017
2022-01-19 08:00:00+00:00,41287.5,42150.0,41155.0,42020.0,12460.362
2022-01-19 12:00:00+00:00,42020.0,42546.0,41855.0,41989.5,15473.545
2022-01-19 16:00:00+00:00,41989.5,42362.0,41700.0,41880.0,10348.656
2022-01-19 20:00:00+00:00,41880.0,41988.0,41581.5,41683.5,5413.092
2022-01-20 00:00:00+00:00,41683.5,42048.5,41628.5,41944.5,4934.752
2022-01-20 04:00:00+00:00,41944.5,42125.0,41790.0,42049.5,3947.676
2022-01-20 08:00:00+00:00,42049.5,42199.0,41830.5,42128.0,5795.114
2022-01-20 12:00:00+00:00,42128.0,43394.5,41946.5,43253.5,23585.312
2022-01-20 16:00:00+00:00,43253.5,43482.0,42812.0,42915.0,11944.643
2022-01-20 20:00:00+00:00,42915.0,42963.5,40600.0,40702.0,31327.944
2022-01-21 00:00:00+00:00,40702.0,41111.0,38220.0,38469.5,42674.254
2022-01-21 04:00:00+00:00,38469.5,39150.0,38434.5,39099.0,12967.489
2022-01-21 08:00:00+00:00,39099.0,39273.0,38680.0,38870.5,9450.65
2022-01-21 12:00:00+00:00,38870.5,38998.0,37605.5,38805.0,33674.456
2022-01-21 16:00:00+00:00,38805.0,39034.0,37813.5,37969.5,15683.024
2022-01-21 20:00:00+00:00,37969.5,38459.5,35378.0,36442.5,47717.755
2022-01-22 00:00:00+00:00,36442.5,36790.0,35882.0,36311.5,13966.502
2022-01-22 04:00:00+00:00,36311.5,36389.0,35098.5,35381.0,17125.96
2022-01-22 08:00:00+00:00,35381.0,35901.0,33960.0,35379.5,35477.434
2022-01-22 12:00:00+00:00,35379.5,36189.0,34804.0,34825.5,22003.714
2022-01-22 16:00:00+00:00,34825.5,35500.0,34227.0,34512.0,25159.593
2022-01-22 20:00:00+00:00,34512.0,35738.0,34444.0,35062.0,17650.588
2022-01-23 00:00:00+00:00,35062.0,35498.0,34827.0,35050.5,10026.906
2022-01-23 04:00:00+00:00,35050.5,35725.5,34936.0,35559.5,10996.842
2022-01-23 08:00:00+00:00,35559.5,36143.0,35328.0,35677.0,14964.546
2022-01-23 12:00:00+00:00,35677.0,36028.5,35031.0,35283.0,14993.907
2022-01-23 16:00:00+00:00,35283.0,35440.0,34601.0,34779.5,11115.691
2022-01-23 20:00:00+00:00,34779.5,36613.0,34708.0,36234.5,15785.489
2022-01-24 00:00:00+00:00,36234.5,36235.0,35161.5,35331.0,10347.025
2022-01-24 04:00:00+00:00,35331.0,35443.0,34821.0,34874.0,10873.551
2022-01-24 08:00:00+00:00,34874.0,35572.5,33022.0,33703.5,44857.619
2022-01-24 12:00:00+00:00,33703.5,34360.0,32906.0,34196.0,46609.193
2022-01-24 16:00:00+00:00,34196.0,36420.0,33755.0,36070.0,37147.969
2022-01-24 20:00:00+00:00,36070.0,37550.0,35926.0,36651.5,18969.077
2022-01-25 00:00:00+00:00,36651.5,36651.5,35945.0,36410.0,7763.661
2022-01-25 04:00:00+00:00,36410.0,36473.0,35701.0,36050.0,8706.963
2022-01-25 08:00:00+00:00,36050.0,36767.0,36014.5,36382.5,13682.571
2022-01-25 12:00:00+00:00,36382.5,37150.0,35944.0,36515.0,22677.819
2022-01-25 16:00:00+00:00,36515.0,37500.0,36470.0,37036.0,14587.699
2022-01-25 20:00:00+00:00,37036.0,37062.0,36406.0,36937.5,8498.144
2022-01-26 00:00:00+00:00,36937.5,37479.0,36550.0,37354.5,9542.946
2022-01-26 04:00:00+00:00,37354.5,37967.0,37129.5,37332.0,13865.462
2022-01-26 08:00:00+00:00,37332.0,38200.0,37332.0,38041.5,15606.447
2022-01-26 12:00:00+00:00,38041.5,38469.0,37599.0,37981.0,17957.156
2022-01-26 16:00:00+00:00,37981.0,38888.0,37389.0,37549.5,30117.246
2022-01-26 20:00:00+00:00,37549.5,37550.0,36250.0,36770.0,19207.3
2022-01-27 00:00:00+00:00,36770.0,37049.0,35490.5,35723.5,16695.561
2022-01-27 04:00:00+00:00,35723.5,36250.0,35684.0,36132.5,8534.805
2022-01-27 08:00:00+00:00,36132.5,36764.0,35795.0,36662.0,12489.058
2022-01-27 12:00:00+00:00,36662.0,37223.0,36471.0,36621.5,15355.378
2022-01-27 16:00:00+00:00,36621.5,36794.5,35870.0,36216.5,12926.959
2022-01-27 20:00:00+00:00,36216.5,37199.0,35549.0,37140.5,18803.624
2022-01-28 00:00:00+00:00,37140.5,37432.5,36607.0,37310.0,12589.378
2022-01-28 04:00:00+00:00,37310.0,37497.5,36771.0,36780.5,11736.269
2022-01-28 08:00:00+00:00,36780.5,36866.5,36320.0,36424.5,13146.01
2022-01-28 12:00:00+00:00,36424.5,37284.5,36172.5,37173.0,19908.937
2022-01-28 16:00:00+00:00,37173.0,37342.5,36752.5,37195.0,8813.178
2022-01-28 20:00:00+00:00,37195.0,37964.0,37116.0,37693.5,9462.002
2022-01-29 00:00:00+00:00,37693.5,37962.5,37437.5,37697.5,6414.519
2022-01-29 04:00:00+00:00,37697.5,37900.0,37588.5,37828.0,5726.527
2022-01-29 08:00:00+00:00,37828.0,37894.5,37566.0,37727.5,5008.768
2022-01-29 12:00:00+00:00,37727.5,38150.0,37256.0,37542.0,13261.642
2022-01-29 16:00:00+00:00,37542.0,37928.0,37303.5,37824.0,6620.558
2022-01-29 20:00:00+00:00,37824.0,38769.0,37810.0,38150.5,13605.799
2022-01-30 00:00:00+00:00,38150.5,38259.5,37730.0,37901.5,5076.995
2022-01-30 04:00:00+00:00,37901.5,38358.0,37900.0,38194.0,4878.918
2022-01-30 08:00:00+00:00,38194.0,38341.0,37789.5,38088.5,7209.362
2022-01-30 12:00:00+00:00,38088.5,38120.0,37724.0,37937.5,7312.349
2022-01-30 16:00:00+00:00,37937.5,38058.0,37425.0,37517.5,6831.034
2022-01-30 20:00:00+00:00,37517.5,38200.0,37320.0,37875.5,7720.974
2022-01-31 00:00:00+00:00,37875.5,37925.0,36632.0,36995.0,13103.359
2022-01-31 04:00:00+00:00,36995.0,37155.0,36793.5,37076.0,4726.592
2022-01-31 08:00:00+00:00,37076.0,37315.0,36880.0,37244.5,6882.418
2022-01-31 12:00:00+00:00,37244.5,37870.0,36781.0,37660.0,17666.61
2022-01-31 16:00:00+00:00,37660.0,38771.0,37637.5,38385.0,17476.55
2022-01-31 20:00:00+00:00,38385.0,38700.0,38178.5,38440.0,5936.516
2022-02-01 00:00:00+00:00,38440.0,38631.0,38111.0,38548.0,5937.505
2022-02-01 04:00:00+00:00,38548.0,38628.0,38253.0,38421.5,5019.906
2022-02-01 08:00:00+00:00,38421.5,39097.0,37969.5,38421.0,17522.894
2022-02-01 12:00:00+00:00,38421.0,39000.0,38155.5,38607.0,18591.766
2022-02-01 16:00:00+00:00,38607.0,39250.0,38325.0,38356.0,14113.62
2022-02-01 20:00:00+00:00,38356.0,38857.5,38352.5,38680.5,5194.432
2022-02-02 00:00:00+00:00,38680.5,38814.0,38349.0,38550.5,5956.97
2022-02-02 04:00:00+00:00,38550.5,38550.5,38205.5,38261.5,6762.875
2022-02-02 08:00:00+00:00,38261.5,38575.0,38230.0,38481.5,5279.717
2022-02-02 12:00:00+00:00,38481.5,38707.5,37368.0,37432.0,22756.502
2022-02-02 16:00:00+00:00,37432.0,37641.0,37080.0,37564.5,12908.762
2022-02-02 20:00:00+00:00,37564.5,37627.5,36500.0,36887.0,13727.867
2022-02-03 00:00:00+00:00,36887.0,37026.0,36634.5,36810.0,5928.321
2022-02-03 04:00:00+00:00,36810.0,37040.0,36784.0,36978.5,5003.546
2022-02-03 08:00:00+00:00,36978.5,37066.0,36200.5,36750.0,14792.869
2022-02-03 12:00:00+00:00,36750.0,36950.0,36220.0,36867.0,17411.103
2022-02-03 16:00:00+00:00,36867.0,37190.0,36435.0,36539.5,8981.915
2022-02-03 20:00:00+00:00,36539.5,37425.0,36276.0,37291.5,10271.524
2022-02-04 00:00:00+00:00,37291.5,37400.0,37015.0,37267.5,5734.308
2022-02-04 04:00:00+00:00,37267.5,38160.0,37223.5,37819.5,13749.684
2022-02-04 08:00:00+00:00,37819.5,38338.0,37769.0,37820.5,9444.849
2022-02-04 12:00:00+00:00,37820.5,39888.0,37310.0,39479.5,39802.641
2022-02-04 16:00:00+00:00,39479.5,41010.5,39451.5,40709.0,23144.651
2022-02-04 20:00:00+00:00,40709.0,41769.0,40361.0,41548.5,11328.284
2022-02-05 00:00:00+00:00,41548.5,41918.0,41200.0,41431.5,9561.729
2022-02-05 04:00:00+00:00,41431.5,41696.0,41350.0,41367.0,6603.254
2022-02-05 08:00:00+00:00,41367.0,41636.0,41206.5,41435.5,7725.83
2022-02-05 12:00:00+00:00,41435.5,41847.0,41308.0,41730.0,9327.23
2022-02-05 16:00:00+00:00,41730.0,41792.5,40919.0,41518.0,11346.456
2022-02-05 20:00:00+00:00,41518.0,41730.0,41320.0,41380.0,3568.234
2022-02-06 00:00:00+00:00,41380.0,41606.0,41350.0,41442.5,2585.113
2022-02-06 04:00:00+00:00,41442.5,41682.0,41320.5,41586.0,3999.585
2022-02-06 08:00:00+00:00,41586.0,41640.0,41455.5,41503.5,3187.101
2022-02-06 12:00:00+00:00,41503.5,42240.0,41110.0,41485.0,16494.384
2022-02-06 16:00:00+00:00,41485.0,41699.5,41410.5,41676.0,4392.798
2022-02-06 20:00:00+00:00,41676.0,42638.5,41470.0,42350.0,9567.414
2022-02-07 00:00:00+00:00,42350.0,42900.0,41595.0,42783.0,14819.863
2022-02-07 04:00:00+00:00,42783.0,42990.0,42541.5,42727.5,7185.073
2022-02-07 08:00:00+00:00,42727.5,42750.0,42213.0,42684.5,8313.25
2022-02-07 12:00:00+00:00,42684.5,43900.0,42465.0,43809.5,21070.291
2022-02-07 16:00:00+00:00,43809.5,44500.0,43474.5,44237.0,20951.329
2022-02-07 20:00:00+00:00,44237.0,44414.5,43735.0,43825.5,8457.325
2022-02-08 00:00:00+00:00,43825.5,44170.5,43544.5,44167.5,6102.532
2022-02-08 04:00:00+00:00,44167.5,45500.0,44070.0,44857.5,18798.052
2022-02-08 08:00:00+00:00,44857.5,44896.0,43501.0,43975.5,21101.193
2022-02-08 12:00:00+00:00,43975.5,43976.0,42770.5,43410.0,22161.725
2022-02-08 16:00:00+00:00,43410.0,43681.0,42650.0,42994.0,14961.769
2022-02-08 20:00:00+00:00,42994.0,44360.0,42935.5,44015.0,11934.635
2022-02-09 00:00:00+00:00,44015.0,44280.0,43100.5,43296.0,9993.436
2022-02-09 04:00:00+00:00,43296.0,44000.0,43122.0,43794.5,8708.171
2022-02-09 08:00:00+00:00,43794.5,43928.5,43191.0,43710.5,10831.003
2022-02-09 12:00:00+00:00,43710.5,44448.0,43624.5,43855.0,16188.273
2022-02-09 16:00:00+00:00,43855.0,44697.0,43490.0,44444.0,12085.756
2022-02-09 20:00:00+00:00,44444.0,44808.0,44163.5,44333.0,7444.735
2022-02-10 00:00:00+00:00,44333.0,44349.0,43526.0,43763.0,8795.043
2022-02-10 04:00:00+00:00,43763.0,44091.0,43554.5,44064.0,6213.882
2022-02-10 08:00:00+00:00,44064.0,45153.0,44050.0,44809.0,14441.605
2022-02-10 12:00:00+00:00,44809.0,45774.0,43150.0,44913.5,45755.732
2022-02-10 16:00:00+00:00,44913.5,45924.5,44320.0,44336.0,23528.009
2022-02-10 20:00:00+00:00,44336.0,44583.0,43311.0,43477.0,17464.678
2022-02-11 00:00:00+00:00,43477.0,43781.0,42570.0,43329.0,19217.966
2022-02-11 04:00:00+00:00,43329.0,43395.5,42810.0,43331.0,7489.769
2022-02-11 08:00:00+00:00,43331.0,43582.0,42856.0,43330.0,10037.719
2022-02-11 12:00:00+00:00,43330.0,43876.0,43252.0,43621.0,13681.345
2022-02-11 16:00:00+00:00,43621.0,43712.5,42050.0,42724.5,19257.478
2022-02-11 20:00:00+00:00,42724.5,42842.0,41900.0,42354.0,13340.923
2022-02-12 00:00:00+00:00,42354.0,42483.5,42169.0,42291.5,4451.894
2022-02-12 04:00:00+00:00,42291.5,42423.5,41748.0,42110.0,7913.317
2022-02-12 08:00:00+00:00,42110.0,42437.0,41825.0,42390.0,9150.181
2022-02-12 12:00:00+00:00,42390.0,42425.5,41800.0,42097.0,10027.929
2022-02-12 16:00:00+00:00,42097.0,42975.0,42000.0,42643.0,11648.519
2022-02-12 20:00:00+00:00,42643.0,42735.0,41630.0,42199.5,10048.765
2022-02-13 00:00:00+00:00,42199.5,42467.5,42061.0,42215.5,4823.79
2022-02-13 04:00:00+00:00,42215.5,42435.0,42124.0,42380.0,4264.758
2022-02-13 08:00:00+00:00,42380.0,42600.0,42230.0,42436.5,6829.755
2022-02-13 12:00:00+00:00,42436.5,42750.0,42125.0,42550.5,10519.794
2022-02-13 16:00:00+00:00,42550.5,42550.5,41823.0,42035.5,10186.068
2022-02-13 20:00:00+00:00,42035.5,42508.0,41959.0,42059.5,6285.555
2022-02-14 00:00:00+00:00,42059.5,42166.5,41566.5,41910.5,9158.901
2022-02-14 04:00:00+00:00,41910.5,42360.0,41727.5,42298.5,7078.738
2022-02-14 08:00:00+00:00,42298.5,42399.0,41941.5,42120.5,8390.736
2022-02-14 12:00:00+00:00,42120.5,42790.0,41958.0,42543.0,16828.686
2022-02-14 16:00:00+00:00,42543.0,42845.0,41791.5,42123.5,12497.598
2022-02-14 20:00:00+00:00,42123.5,42770.0,42010.0,42536.5,7183.69
2022-02-15 00:00:00+00:00,42536.5,43649.0,42370.5,43547.5,11716.382
2022-02-15 04:00:00+00:00,43547.5,43790.5,43367.0,43670.0,5290.125
2022-02-15 08:00:00+00:00,43670.0,44400.0,43570.0,44230.0,15042.745
2022-02-15 12:00:00+00:00,44230.0,44480.0,44024.5,44210.5,11103.269
2022-02-15 16:00:00+00:00,44210.5,44235.0,43848.0,43974.0,7569.757
2022-02-15 20:00:00+00:00,43974.0,44800.0,43925.5,44524.5,8011.539
2022-02-16 00:00:00+00:00,44524.5,44535.5,43831.0,43983.5,7583.183
2022-02-16 04:00:00+00:00,43983.5,44189.0,43658.0,44189.0,6887.97
2022-02-16 08:00:00+00:00,44189.0,44314.0,43868.0,44164.0,6834.167
2022-02-16 12:00:00+00:00,44164.0,44184.5,43265.0,43577.5,15745.737
2022-02-16 16:00:00+00:00,43577.5,44350.0,43330.0,44202.0,11417.446
2022-02-16 20:00:00+00:00,44202.0,44396.0,43803.0,43879.5,5408.779
2022-02-17 00:00:00+00:00,43879.5,44147.0,43591.0,43591.0,6491.528
2022-02-17 04:00:00+00:00,43591.0,43921.0,43350.0,43900.0,8705.945
2022-02-17 08:00:00+00:00,43900.0,43990.0,42843.5,43196.0,17048.798
2022-02-17 12:00:00+00:00,43196.0,43348.0,41700.0,41925.0,26864.348
2022-02-17 16:00:00+00:00,41925.0,42113.5,40720.0,41203.0,23078.502
2022-02-17 20:00:00+00:00,41203.0,41203.0,40009.5,40515.0,17038.65
2022-02-18 00:00:00+00:00,40515.0,40921.5,40220.0,40670.5,9280.636
2022-02-18 04:00:00+00:00,40670.5,40745.0,40487.0,40629.0,4541.93
2022-02-18 08:00:00+00:00,40629.0,40924.0,40076.0,40150.5,11023.64
2022-02-18 12:00:00+00:00,40150.5,40782.0,39618.0,39840.0,29416.904
2022-02-18 16:00:00+00:00,39840.0,40438.5,39438.5,40200.0,20158.359
2022-02-18 20:00:00+00:00,40200.0,40268.5,39736.0,39999.5,5680.265
2022-02-19 00:00:00+00:00,39999.5,40330.0,39930.5,40126.0,3675.985
2022-02-19 04:00:00+00:00,40126.0,40450.0,40075.0,40242.0,4734.985
2022-02-19 08:00:00+00:00,40242.0,40251.0,39557.0,39837.0,10375.796
2022-02-19 12:00:00+00:00,39837.0,40054.5,39650.0,39957.0,8475.114
2022-02-19 16:00:00+00:00,39957.0,40347.5,39789.5,39960.0,8574.035
2022-02-19 20:00:00+00:00,39960.0,40096.0,39798.0,40064.0,3456.352
2022-02-20 00:00:00+00:00,40064.0,40095.0,39709.0,39789.0,4920.796
2022-02-20 04:00:00+00:00,39789.0,39826.0,38562.0,38764.5,24480.795
2022-02-20 08:00:00+00:00,38764.5,38800.0,37917.0,38325.5,24113.733
2022-02-20 12:00:00+00:00,38325.5,38599.0,38007.5,38327.5,12236.241
2022-02-20 16:00:00+00:00,38327.5,38476.0,38182.5,38379.5,5721.55
2022-02-20 20:00:00+00:00,38379.5,38991.0,38040.0,38355.0,13057.91
2022-02-21 00:00:00+00:00,38355.0,39390.0,38180.0,38915.5,18593.32
2022-02-21 04:00:00+00:00,38915.5,39480.0,38907.5,39279.0,9130.469
2022-02-21 08:00:00+00:00,39279.0,39336.5,37257.0,37549.5,26235.745
2022-02-21 12:00:00+00:00,37549.5,39368.0,37162.0,38780.0,45664.215
2022-02-21 16:00:00+00:00,38780.0,39192.5,37534.5,38118.0,26801.743
2022-02-21 20:00:00+00:00,38118.0,38480.0,36751.0,37001.5,26361.362
2022-02-22 00:00:00+00:00,37001.5,37466.5,36312.5,36570.0,22730.681
2022-02-22 04:00:00+00:00,36570.0,37250.0,36501.0,36741.0,15548.926
2022-02-22 08:00:00+00:00,36741.0,37824.0,36728.0,37476.0,16060.194
2022-02-22 12:00:00+00:00,37476.0,38375.5,37240.0,37732.0,23139.481
2022-02-22 16:00:00+00:00,37732.0,38159.0,37341.0,38039.0,16412.941
2022-02-22 20:00:00+00:00,38039.0,38455.0,37727.5,38214.5,10694.01
2022-02-23 00:00:00+00:00,38214.5,38337.0,37527.0,37719.0,10993.322
2022-02-23 04:00:00+00:00,37719.0,38189.0,37700.0,38133.0,8527.003
2022-02-23 08:00:00+00:00,38133.0,39110.0,38070.0,38759.0,18243.825
2022-02-23 12:00:00+00:00,38759.0,39240.0,38422.0,38479.5,15933.522
2022-02-23 16:00:00+00:00,38479.5,38767.5,37542.5,37612.5,17999.312
2022-02-23 20:00:00+00:00,37612.5,37777.5,37050.0,37245.5,14132.753
2022-02-24 00:00:00+00:00,37245.5,37390.5,34641.5,34902.0,39953.879
2022-02-24 04:00:00+00:00,34902.0,35575.0,34242.5,35264.0,35237.327
2022-02-24 08:00:00+00:00,35264.0,35851.5,34760.0,35428.0,26886.451
2022-02-24 12:00:00+00:00,35428.0,36234.0,35054.5,35895.5,28581.665
2022-02-24 16:00:00+00:00,35895.5,37333.0,35718.0,37275.0,27636.477
2022-02-24 20:00:00+00:00,37275.0,40000.0,37267.0,38318.0,33323.87
2022-02-25 00:00:00+00:00,38318.0,39000.0,38137.5,38900.5,13014.827
2022-02-25 04:00:00+00:00,38900.5,38900.5,38261.5,38464.0,9702.821
2022-02-25 08:00:00+00:00,38464.0,38898.5,37959.5,38719.0,15088.23
2022-02-25 12:00:00+00:00,38719.0,39676.5,38655.0,39394.5,30077.998
2022-02-25 16:00:00+00:00,39394.5,39550.0,38488.0,38661.5,13045.758
2022-02-25 20:00:00+00:00,38661.5,39600.0,38593.0,39174.5,7895.827
2022-02-26 00:00:00+00:00,39174.5,40300.0,39057.5,39389.5,12289.382
2022-02-26 04:00:00+00:00,39389.5,39443.5,38950.0,39190.0,6736.789
2022-02-26 08:00:00+00:00,39190.0,39550.0,38556.0,38925.0,12858.963
2022-02-26 12:00:00+00:00,38925.0,39404.0,38773.0,39183.5,9296.073
2022-02-26 16:00:00+00:00,39183.5,39400.0,38780.0,39239.0,8358.433
2022-02-26 20:00:00+00:00,39239.0,39647.0,38900.0,39094.5,6665.641
2022-02-27 00:00:00+00:00,39094.5,39240.0,38169.5,38595.0,12469.574
2022-02-27 04:00:00+00:00,38595.0,38883.5,38440.0,38756.0,5933.949
2022-02-27 08:00:00+00:00,38756.0,39586.0,38601.0,39459.5,14297.639
2022-02-27 12:00:00+00:00,39459.5,39892.5,38431.5,39322.5,32034.204
2022-02-27 16:00:00+00:00,39322.5,39485.5,37404.0,37567.0,22096.273
2022-02-27 20:00:00+00:00,37567.0,38290.0,36922.0,37665.0,26851.107
2022-02-28 00:00:00+00:00,37665.0,38482.5,37435.0,37766.5,14435.236
2022-02-28 04:00:00+00:00,37766.5,38440.0,37445.0,38325.0,12654.385
2022-02-28 08:00:00+00:00,38325.0,38700.0,38060.5,38310.0,11086.586
2022-02-28 12:00:00+00:00,38310.0,40927.0,37845.0,40798.5,41815.342
2022-02-28 16:00:00+00:00,40798.5,41475.0,40690.0,41292.0,23806.142
2022-02-28 20:00:00+00:00,41292.0,44347.5,41232.5,43150.5,32677.982
2022-03-01 00:00:00+00:00,43150.5,43740.0,42850.0,43140.0,11852.994
2022-03-01 04:00:00+00:00,43140.0,43547.0,43055.0,43475.0,8280.479
2022-03-01 08:00:00+00:00,43475.0,43926.0,42811.0,43579.5,15913.942
2022-03-01 12:00:00+00:00,43579.5,44900.0,43332.5,43626.0,36970.149
2022-03-01 16:00:00+00:00,43626.0,44065.5,43202.0,43680.0,15437.919
2022-03-01 20:00:00+00:00,43680.0,44474.0,43664.0,44389.5,8043.098
2022-03-02 00:00:00+00:00,44389.5,44747.0,43800.0,44310.5,12717.411
2022-03-02 04:00:00+00:00,44310.5,44499.0,43651.5,43960.0,10074.953
2022-03-02 08:00:00+00:00,43960.0,44308.5,43740.0,44087.0,10585.989
2022-03-02 12:00:00+00:00,44087.0,45372.0,43334.0,44107.0,40945.44
2022-03-02 16:00:00+00:00,44107.0,44527.5,43407.5,43672.0,12897.36
2022-03-02 20:00:00+00:00,43672.0,44391.5,43666.0,43893.5,5957.351
2022-03-03 00:00:00+00:00,43893.5,44021.5,43156.0,43300.5,9295.686
2022-03-03 04:00:00+00:00,43300.5,43680.0,42899.5,43446.5,11135.949
2022-03-03 08:00:00+00:00,43446.5,43594.5,43057.5,43370.5,8993.978
2022-03-03 12:00:00+00:00,43370.5,44065.0,42320.0,42519.5,27297.935
2022-03-03 16:00:00+00:00,42519.5,42739.0,42050.0,42196.0,18553.739
2022-03-03 20:00:00+00:00,42196.0,42696.0,41811.5,42450.5,13084.893
2022-03-04 00:00:00+00:00,42450.5,42505.5,41055.0,41465.5,17080.877
2022-03-04 04:00:00+00:00,41465.5,41475.0,41100.0,41429.5,8182.694
2022-03-04 08:00:00+00:00,41429.5,41900.0,40802.0,41634.5,17784.068
2022-03-04 12:00:00+00:00,41634.5,41800.0,40500.0,40698.5,28088.468
2022-03-04 16:00:00+00:00,40698.5,40935.0,39650.0,39756.5,18138.211
2022-03-04 20:00:00+00:00,39756.5,39841.0,38506.0,39114.5,20837.221
2022-03-05 00:00:00+00:00,39114.5,39157.5,38552.0,39027.0,9010.093
2022-03-05 04:00:00+00:00,39027.0,39085.0,38694.0,38994.0,6580.701
2022-03-05 08:00:00+00:00,38994.0,39280.0,38772.0,39120.5,8120.201
2022-03-05 12:00:00+00:00,39120.5,39449.0,38880.0,39145.0,7954.312
2022-03-05 16:00:00+00:00,39145.0,39575.0,39108.0,39402.0,7673.016
2022-03-05 20:00:00+00:00,39402.0,39550.0,39261.5,39360.0,3495.142
2022-03-06 00:00:00+00:00,39360.0,39748.0,39279.5,39287.5,5857.367
2022-03-06 04:00:00+00:00,39287.5,39621.0,38780.0,39374.5,13339.774
2022-03-06 08:00:00+00:00,39374.5,39375.0,38088.0,38315.5,20335.183
2022-03-06 12:00:00+00:00,38315.5,39030.5,38278.5,38831.0,18250.273
2022-03-06 16:00:00+00:00,38831.0,39351.0,38454.0,38658.0,13091.448
2022-03-06 20:00:00+00:00,38658.0,39266.0,38142.0,38394.0,12278.113
2022-03-07 00:00:00+00:00,38394.0,38531.0,37561.0,37876.0,18906.785
2022-03-07 04:00:00+00:00,37876.0,38225.0,37760.0,37892.5,8316.807
2022-03-07 08:00:00+00:00,37892.5,38374.5,37654.5,38326.0,14584.768
2022-03-07 12:00:00+00:00,38326.0,39278.0,38326.0,39055.5,24381.121
2022-03-07 16:00:00+00:00,39055.5,39536.0,37180.0,37284.5,31295.906
2022-03-07 20:00:00+00:00,37284.5,38517.5,37139.0,37976.0,21230.031
2022-03-08 00:00:00+00:00,37976.0,38930.0,37865.0,38665.5,13498.378
2022-03-08 04:00:00+00:00,38665.5,38799.0,38000.5,38514.5,13626.317
2022-03-08 08:00:00+00:00,38514.5,39145.0,38451.5,38957.0,14845.264
2022-03-08 12:00:00+00:00,38957.0,39186.0,38309.0,38624.5,27746.155
2022-03-08 16:00:00+00:00,38624.5,39330.0,38070.0,38764.5,27939.677
2022-03-08 20:00:00+00:00,38764.5,38880.0,38388.5,38726.5,6204.02
2022-03-09 00:00:00+00:00,38726.5,41446.5,38658.0,41194.5,30198.047
2022-03-09 04:00:00+00:00,41194.5,41878.0,41194.0,41781.5,19090.86
2022-03-09 08:00:00+00:00,41781.5,42435.0,41634.5,42152.0,18881.953
2022-03-09 12:00:00+00:00,42152.0,42698.0,41655.0,42519.5,25078.436
2022-03-09 16:00:00+00:00,42519.5,42555.5,41782.0,42221.0,11345.375
2022-03-09 20:00:00+00:00,42221.0,42325.0,41661.0,41941.5,7774.044
2022-03-10 00:00:00+00:00,41941.5,42027.0,40550.0,40771.0,18784.811
2022-03-10 04:00:00+00:00,40771.0,40815.5,38722.0,39204.0,30894.709
2022-03-10 08:00:00+00:00,39204.0,39277.0,38772.0,39057.5,14509.395
2022-03-10 12:00:00+00:00,39057.5,40371.0,38486.0,39144.5,48893.226
2022-03-10 16:00:00+00:00,39144.5,39544.0,38857.5,39413.0,13961.168
2022-03-10 20:00:00+00:00,39413.0,39650.0,39051.5,39408.0,7266.432
2022-03-11 00:00:00+00:00,39408.0,39410.0,38202.0,38715.5,17840.475
2022-03-11 04:00:00+00:00,38715.5,39300.0,38300.0,39099.5,16866.83
2022-03-11 08:00:00+00:00,39099.5,40221.5,38759.0,39909.0,27607.47
2022-03-11 12:00:00+00:00,39909.0,40250.0,38901.0,39059.5,38919.483
2022-03-11 16:00:00+00:00,39059.5,39069.0,38485.5,38797.0,14561.888
2022-03-11 20:00:00+00:00,38797.0,39184.0,38323.0,38726.0,10053.308
2022-03-12 00:00:00+00:00,38726.0,39283.0,38631.5,39076.0,6436.179
2022-03-12 04:00:00+00:00,39076.0,39241.5,38943.0,39093.5,5404.218
2022-03-12 08:00:00+00:00,39093.5,39260.0,38967.0,39057.5,6925.447
2022-03-12 12:00:00+00:00,39057.5,39221.0,38659.0,39025.0,11920.464
2022-03-12 16:00:00+00:00,39025.0,39447.0,38912.0,39019.5,8219.385
2022-03-12 20:00:00+00:00,39019.5,39195.0,38720.5,38793.0,3728.172
2022-03-13 00:00:00+00:00,38793.0,39250.0,38702.5,39150.0,5640.126
2022-03-13 04:00:00+00:00,39150.0,39305.5,39065.0,39065.5,3423.494
2022-03-13 08:00:00+00:00,39065.5,39120.5,38510.0,38740.0,8454.407
2022-03-13 12:00:00+00:00,38740.0,39047.0,38365.0,38924.5,15475.646
2022-03-13 16:00:00+00:00,38924.5,39045.0,38855.0,38860.0,3377.783
2022-03-13 20:00:00+00:00,38860.0,38860.5,37551.0,37756.0,14841.437
2022-03-14 00:00:00+00:00,37756.0,38380.0,37527.0,38139.0,10067.891
2022-03-14 04:00:00+00:00,38139.0,39172.5,38121.5,39059.0,18091.608
2022-03-14 08:00:00+00:00,39059.0,39272.0,38835.0,38916.0,12137.188
2022-03-14 12:00:00+00:00,38916.0,39155.0,38566.0,38944.0,18287.571
2022-03-14 16:00:00+00:00,38944.0,39028.5,38413.5,38799.5,10668.529
2022-03-14 20:00:00+00:00,38799.5,39922.0,38583.5,39645.5,15646.559
2022-03-15 00:00:00+00:00,39645.5,39799.5,38500.0,38753.5,14659.748
2022-03-15 04:00:00+00:00,38753.5,38964.0,38100.0,38423.0,11261.346
2022-03-15 08:00:00+00:00,38423.0,38760.0,38233.5,38631.0,8877.414
2022-03-15 12:00:00+00:00,38631.0,39252.5,38456.0,38987.0,17915.296
2022-03-15 16:00:00+00:00,38987.0,39783.0,38911.0,39712.0,16333.66
2022-03-15 20:00:00+00:00,39712.0,39950.0,39241.0,39280.0,12512.612
2022-03-16 00:00:00+00:00,39280.0,41737.0,38750.0,39143.5,41536.048
2022-03-16 04:00:00+00:00,39143.5,39643.0,38910.0,39540.0,11694.904
2022-03-16 08:00:00+00:00,39540.0,40685.5,39525.0,40495.5,22466.795
2022-03-16 12:00:00+00:00,40495.5,41293.0,40240.0,40618.5,20879.474
2022-03-16 16:00:00+00:00,40618.5,40938.5,39231.0,40857.5,40026.83
2022-03-16 20:00:00+00:00,40857.5,41462.0,40760.0,41124.5,12845.986
2022-03-17 00:00:00+00:00,41124.5,41351.5,40815.5,40999.5,7716.607
2022-03-17 04:00:00+00:00,40999.5,41446.5,40527.0,40724.0,12247.348
2022-03-17 08:00:00+00:00,40724.0,40912.0,40400.0,40735.5,7932.837
2022-03-17 12:00:00+00:00,40735.5,41180.5,40718.5,40793.5,16086.977
2022-03-17 16:00:00+00:00,40793.5,40870.0,40555.0,40843.0,7216.939
2022-03-17 20:00:00+00:00,40843.0,41046.0,40638.0,40890.0,4283.993
2022-03-18 00:00:00+00:00,40890.0,40897.0,40214.0,40500.0,10135.919
2022-03-18 04:00:00+00:00,40500.0,40870.5,40430.0,40550.0,7053.597
2022-03-18 08:00:00+00:00,40550.0,40748.5,40105.0,40366.0,12455.09
2022-03-18 12:00:00+00:00,40366.0,41030.5,40263.0,40897.0,18838.289
2022-03-18 16:00:00+00:00,40897.0,42077.0,40873.5,42008.0,22684.979
2022-03-18 20:00:00+00:00,42008.0,42335.0,41615.5,41751.5,11370.493
2022-03-19 00:00:00+00:00,41751.5,41994.5,41460.0,41780.5,6678.289
2022-03-19 04:00:00+00:00,41780.5,41935.0,41520.0,41598.5,5638.52
2022-03-19 08:00:00+00:00,41598.5,41773.5,41548.5,41711.0,4077.404
2022-03-19 12:00:00+00:00,41711.0,42050.0,41650.0,41910.0,8544.971
2022-03-19 16:00:00+00:00,41910.0,42133.0,41770.0,42010.0,7429.715
2022-03-19 20:00:00+00:00,42010.0,42397.0,41710.0,42180.5,13290.32
2022-03-20 00:00:00+00:00,42180.5,42250.0,41761.0,41914.5,8162.853
2022-03-20 04:00:00+00:00,41914.5,41980.0,41750.0,41853.0,4033.862
2022-03-20 08:00:00+00:00,41853.0,41917.0,41536.0,41589.5,6817.777
2022-03-20 12:00:00+00:00,41589.5,41681.0,41150.0,41340.5,15059.567
2022-03-20 16:00:00+00:00,41340.5,41479.0,40920.0,41376.0,11411.867
2022-03-20 20:00:00+00:00,41376.0,41664.0,41085.0,41272.0,9671.983
2022-03-21 00:00:00+00:00,41272.0,41433.0,40473.5,40811.0,14957.828
2022-03-21 04:00:00+00:00,40811.0,41123.0,40688.0,41070.0,8147.412
2022-03-21 08:00:00+00:00,41070.0,41468.0,41059.0,41221.0,10359.982
2022-03-21 12:00:00+00:00,41221.0,41537.0,40750.0,41197.0,20774.78
2022-03-21 16:00:00+00:00,41197.0,41197.0,40725.0,41151.0,12185.747
2022-03-21 20:00:00+00:00,41151.0,41340.0,40927.0,40985.0,5452.846
2022-03-22 00:00:00+00:00,40985.0,42573.0,40860.0,42215.0,23206.865
2022-03-22 04:00:00+00:00,42215.0,43453.0,41991.0,42210.5,27225.549
2022-03-22 08:00:00+00:00,42210.5,43000.0,42059.5,42945.0,13190.915
2022-03-22 12:00:00+00:00,42945.0,43204.5,42530.0,42552.0,16727.634
2022-03-22 16:00:00+00:00,42552.0,42730.0,42210.0,42268.0,8879.319
2022-03-22 20:00:00+00:00,42268.0,42869.0,42250.0,42359.5,9709.485
2022-03-23 00:00:00+00:00,42359.5,42498.5,41855.0,42054.5,12875.787
2022-03-23 04:00:00+00:00,42054.5,42230.0,41697.5,42098.0,11243.978
2022-03-23 08:00:00+00:00,42098.0,42343.0,41850.0,42036.0,9275.551
2022-03-23 12:00:00+00:00,42036.0,42700.0,41880.0,42575.0,18235.605
2022-03-23 16:00:00+00:00,42575.0,42733.0,42025.0,42197.0,11432.674
2022-03-23 20:00:00+00:00,42197.0,42987.0,42159.5,42851.5,7757.678
2022-03-24 00:00:00+00:00,42851.5,43250.0,42621.0,42690.5,13932.259
2022-03-24 04:00:00+00:00,42690.5,43500.0,42690.0,43058.5,12856.696
2022-03-24 08:00:00+00:00,43058.5,43200.0,42800.0,42931.5,9000.234
2022-03-24 12:00:00+00:00,42931.5,44000.0,42556.0,43951.5,26806.875
2022-03-24 16:00:00+00:00,43951.5,44199.0,43750.0,43879.5,14714.351
2022-03-24 20:00:00+00:00,43879.5,44077.5,43779.0,43970.5,4566.734
2022-03-25 00:00:00+00:00,43970.5,44388.0,43840.0,43952.5,9970.844
2022-03-25 04:00:00+00:00,43952.5,44184.0,43893.0,43902.5,7372.44
2022-03-25 08:00:00+00:00,43902.5,44640.0,43556.0,44530.5,19490.347
2022-03-25 12:00:00+00:00,44530.5,45055.5,44184.5,44318.0,28475.672
2022-03-25 16:00:00+00:00,44318.0,44585.0,44010.0,44426.5,15468.596
2022-03-25 20:00:00+00:00,44426.5,44592.0,44220.5,44293.5,5389.908
2022-03-26 00:00:00+00:00,44293.5,44429.5,44050.0,44369.0,5897.425
2022-03-26 04:00:00+00:00,44369.0,44505.0,44309.5,44469.0,4297.967
2022-03-26 08:00:00+00:00,44469.0,44529.0,44302.0,44316.5,4242.555
2022-03-26 12:00:00+00:00,44316.5,44385.0,44150.0,44193.0,6483.712
2022-03-26 16:00:00+00:00,44193.0,44440.0,44128.5,44327.0,4298.675
2022-03-26 20:00:00+00:00,44327.0,44750.0,44211.0,44470.0,9236.06
2022-03-27 00:00:00+00:00,44470.0,44917.0,44449.0,44689.0,7974.144
2022-03-27 04:00:00+00:00,44689.0,44736.0,44512.0,44711.0,3751.445
2022-03-27 08:00:00+00:00,44711.0,44711.0,44480.0,44549.5,3843.779
2022-03-27 12:00:00+00:00,44549.5,44900.0,44418.0,44819.5,10034.364
2022-03-27 16:00:00+00:00,44819.5,44999.5,44706.0,44792.0,8551.399
2022-03-27 20:00:00+00:00,44792.0,46989.0,44655.0,46793.0,40689.138
2022-03-28 00:00:00+00:00,46793.0,47800.0,46625.5,47016.5,18032.906
2022-03-28 04:00:00+00:00,47016.5,47438.5,46721.5,46987.5,11765.27
2022-03-28 08:00:00+00:00,46987.5,47373.0,46840.0,47220.0,9724.795
2022-03-28 12:00:00+00:00,47220.0,47914.5,47100.0,47400.5,20059.261
2022-03-28 16:00:00+00:00,47400.5,48185.0,47273.5,47915.0,16359.278
2022-03-28 20:00:00+00:00,47915.0,48069.0,46802.5,47122.5,13876.382
2022-03-29 00:00:00+00:00,47122.5,47599.5,47042.5,47325.0,7620.576
2022-03-29 04:00:00+00:00,47325.0,47720.0,47286.0,47339.0,6225.92
2022-03-29 08:00:00+00:00,47339.0,47948.5,47318.0,47860.0,9236.593
2022-03-29 12:00:00+00:00,47860.0,48068.5,47319.5,47420.0,16024.868
2022-03-29 16:00:00+00:00,47420.0,47857.0,47100.0,47706.5,15519.743
2022-03-29 20:00:00+00:00,47706.5,47714.0,46917.0,47418.0,9193.645
2022-03-30 00:00:00+00:00,47418.0,47447.0,46501.0,47415.0,15029.949
2022-03-30 04:00:00+00:00,47415.0,47570.0,47125.0,47362.5,6912.863
2022-03-30 08:00:00+00:00,47362.5,47484.5,47046.5,47307.5,7820.539
2022-03-30 12:00:00+00:00,47307.5,47330.0,46873.0,47143.0,12949.169
2022-03-30 16:00:00+00:00,47143.0,47676.0,46801.0,47038.0,14749.699
2022-03-30 20:00:00+00:00,47038.0,47270.5,46818.0,47024.0,6980.823
2022-03-31 00:00:00+00:00,47024.0,47395.0,46953.5,47078.5,5539.028
2022-03-31 04:00:00+00:00,47078.5,47157.0,46907.5,47149.5,5022.619
2022-03-31 08:00:00+00:00,47149.5,47350.5,47059.5,47144.5,6605.326
2022-03-31 12:00:00+00:00,47144.5,47589.5,46200.0,46468.5,33519.084
2022-03-31 16:00:00+00:00,46468.5,46506.5,45439.0,45590.5,27115.945
2022-03-31 20:00:00+00:00,45590.5,45854.0,45110.0,45511.0,9912.465
2022-04-01 00:00:00+00:00,45511.0,45639.0,44202.0,44580.0,29709.921
2022-04-01 04:00:00+00:00,44580.0,45085.0,44535.5,44998.0,10953.692
2022-04-01 08:00:00+00:00,44998.0,45300.0,44955.0,45050.0,9896.384
2022-04-01 12:00:00+00:00,45050.0,46697.0,44650.0,46500.0,33075.924
2022-04-01 16:00:00+00:00,46500.0,46574.0,45876.0,46349.0,13684.029
2022-04-01 20:00:00+00:00,46349.0,46426.0,46050.0,46274.0,4969.789
2022-04-02 00:00:00+00:00,46274.0,47230.0,46077.0,46590.5,15205.132
2022-04-02 04:00:00+00:00,46590.5,46668.5,46387.5,46595.5,4460.029
2022-04-02 08:00:00+00:00,46595.5,46758.0,46487.0,46551.0,4845.873
2022-04-02 12:00:00+00:00,46551.0,46947.5,46118.0,46301.0,16751.513
2022-04-02 16:00:00+00:00,46301.0,46486.5,45608.0,46112.0,14031.794
2022-04-02 20:00:00+00:00,46112.0,46343.5,45750.0,45807.0,7101.05
2022-04-03 00:00:00+00:00,45807.0,46077.5,45501.0,45928.5,9368.088
2022-04-03 04:00:00+00:00,45928.5,46580.0,45918.5,46369.5,9654.751
2022-04-03 08:00:00+00:00,46369.5,46448.5,46080.0,46252.5,5844.011
2022-04-03 12:00:00+00:00,46252.5,46730.0,46195.0,46404.5,9559.443
2022-04-03 16:00:00+00:00,46404.5,46798.5,46197.0,46403.5,8436.326
2022-04-03 20:00:00+00:00,46403.5,47493.0,46243.5,46411.5,21230.56
2022-04-04 00:00:00+00:00,46411.5,46455.0,45731.0,45985.0,12975.92
2022-04-04 04:00:00+00:00,45985.0,46300.0,45813.5,46178.5,7020.284
2022-04-04 08:00:00+00:00,46178.5,46279.0,45782.5,46154.5,8570.572
2022-04-04 12:00:00+00:00,46154.5,46380.0,45558.0,45641.0,15969.14
2022-04-04 16:00:00+00:00,45641.0,45950.5,45050.0,45917.0,14842.137
2022-04-04 20:00:00+00:00,45917.0,46880.0,45715.5,46580.5,15527.182
2022-04-05 00:00:00+00:00,46580.5,46780.0,46413.0,46643.0,5307.032
2022-04-05 04:00:00+00:00,46643.0,46866.5,46561.5,46693.0,4934.384
2022-04-05 08:00:00+00:00,46693.0,46750.0,46510.0,46691.5,6026.573
2022-04-05 12:00:00+00:00,46691.5,47190.0,45660.0,45762.0,32396.237
2022-04-05 16:00:00+00:00,45762.0,46188.5,45406.0,46037.5,15067.617
2022-04-05 20:00:00+00:00,46037.5,46105.0,45319.5,45485.5,10470.257
2022-04-06 00:00:00+00:00,45485.5,45492.5,44304.0,45202.0,18596.817
2022-04-06 04:00:00+00:00,45202.0,45495.0,45110.0,45258.5,5135.537
2022-04-06 08:00:00+00:00,45258.5,45434.0,44637.5,44796.5,13560.085
2022-04-06 12:00:00+00:00,44796.5,44986.0,43697.0,44158.5,32728.326
2022-04-06 16:00:00+00:00,44158.5,44284.0,43127.0,43752.5,33770.18
2022-04-06 20:00:00+00:00,43752.5,44041.0,43100.0,43158.5,9001.11
2022-04-07 00:00:00+00:00,43158.5,43550.0,42703.5,43289.0,15624.311
2022-04-07 04:00:00+00:00,43289.0,43524.0,43210.0,43427.0,6107.601
2022-04-07 08:00:00+00:00,43427.0,43810.0,43228.5,43739.5,10177.475
2022-04-07 12:00:00+00:00,43739.5,43883.0,42990.0,43309.5,16575.515
2022-04-07 16:00:00+00:00,43309.5,43830.5,43249.0,43361.5,10615.103
2022-04-07 20:00:00+00:00,43361.5,43731.5,43178.0,43427.0,7237.66
2022-04-08 00:00:00+00:00,43427.0,43673.5,43300.0,43581.0,5471.727
2022-04-08 04:00:00+00:00,43581.0,43795.0,43394.0,43754.5,6973.747
2022-04-08 08:00:00+00:00,43754.5,43982.0,43248.0,43296.0,14175.625
2022-04-08 12:00:00+00:00,43296.0,43942.5,42750.0,43636.0,28290.17
2022-04-08 16:00:00+00:00,43636.0,43706.0,42346.0,42717.0,27425.117
2022-04-08 20:00:00+00:00,42717.0,42864.5,42090.0,42256.0,15138.492
2022-04-09 00:00:00+00:00,42256.0,42450.0,42120.0,42362.0,8401.349
2022-04-09 04:00:00+00:00,42362.0,42614.0,42327.0,42468.5,4716.982
2022-04-09 08:00:00+00:00,42468.5,42518.0,42303.0,42427.0,3848.919
2022-04-09 12:00:00+00:00,42427.0,42500.0,42163.5,42225.0,5669.12
2022-04-09 16:00:00+00:00,42225.0,42601.0,42170.0,42503.0,6526.019
2022-04-09 20:00:00+00:00,42503.0,42778.0,42359.0,42726.5,5684.007
2022-04-10 00:00:00+00:00,42726.5,42878.0,42570.0,42752.5,4543.91
2022-04-10 04:00:00+00:00,42752.5,42772.5,42572.0,42625.5,3553.264
2022-04-10 08:00:00+00:00,42625.5,42706.0,42430.0,42664.5,5144.159
2022-04-10 12:00:00+00:00,42664.5,42823.0,42520.0,42727.5,7460.924
2022-04-10 16:00:00+00:00,42727.5,43312.0,42654.0,43200.5,11936.895
2022-04-10 20:00:00+00:00,43200.5,43403.0,41745.0,42137.0,25464.137
2022-04-11 00:00:00+00:00,42137.0,42400.0,41580.0,42120.5,18465.12
2022-04-11 04:00:00+00:00,42120.5,42330.0,42078.0,42285.0,6053.132
2022-04-11 08:00:00+00:00,42285.0,42330.0,40949.0,41060.0,32294.173
2022-04-11 12:00:00+00:00,41060.0,41240.0,40550.0,40575.0,26385.034
2022-04-11 16:00:00+00:00,40575.0,40909.5,39746.0,39975.5,31987.016
2022-04-11 20:00:00+00:00,39975.5,40237.5,39171.5,39500.0,27680.412
2022-04-12 00:00:00+00:00,39500.0,39820.0,39216.0,39700.0,12467.323
2022-04-12 04:00:00+00:00,39700.0,40162.0,39606.0,40127.5,13272.133
2022-04-12 08:00:00+00:00,40127.5,40449.0,39986.0,40349.0,12812.242
2022-04-12 12:00:00+00:00,40349.0,40713.0,39773.0,40154.0,32397.324
2022-04-12 16:00:00+00:00,40154.0,40368.5,39251.0,39285.5,18495.276
2022-04-12 20:00:00+00:00,39285.5,40278.0,39241.0,40055.0,16009.818
2022-04-13 00:00:00+00:00,40055.0,40239.5,39580.0,40044.0,9982.446
2022-04-13 04:00:00+00:00,40044.0,40200.0,39820.0,40098.0,8340.113
2022-04-13 08:00:00+00:00,40098.0,40194.0,39665.0,39706.5,10864.794
2022-04-13 12:00:00+00:00,39706.5,41400.0,39600.0,41140.0,42798.887
2022-04-13 16:00:00+00:00,41140.0,41553.0,40815.0,41039.5,19047.113
2022-04-13 20:00:00+00:00,41039.5,41391.5,40967.5,41137.0,8470.546
2022-04-14 00:00:00+00:00,41137.0,41463.0,41056.0,41307.0,7661.664
2022-04-14 04:00:00+00:00,41307.0,41382.0,41134.0,41265.5,6307.631
2022-04-14 08:00:00+00:00,41265.5,41302.0,40816.5,40912.5,9930.197
2022-04-14 12:00:00+00:00,40912.5,41290.5,39900.0,39942.0,31090.13
2022-04-14 16:00:00+00:00,39942.0,40049.5,39521.0,39760.0,18253.942
2022-04-14 20:00:00+00:00,39760.0,39995.0,39646.0,39930.0,5950.424
2022-04-15 00:00:00+00:00,39930.0,40187.0,39746.0,40181.0,8089.124
2022-04-15 04:00:00+00:00,40181.0,40445.5,39923.0,40225.5,9694.803
2022-04-15 08:00:00+00:00,40225.5,40387.0,40027.5,40200.0,8919.173
2022-04-15 12:00:00+00:00,40200.0,40849.0,39854.0,40402.0,17839.917
2022-04-15 16:00:00+00:00,40402.0,40634.0,40190.0,40300.0,8689.045
2022-04-15 20:00:00+00:00,40300.0,40588.0,40246.0,40528.5,3851.307
2022-04-16 00:00:00+00:00,40528.5,40695.0,40385.0,40411.0,5245.828
2022-04-16 04:00:00+00:00,40411.0,40552.5,40355.0,40372.5,3347.357
2022-04-16 08:00:00+00:00,40372.5,40475.0,40264.0,40386.5,5675.264
2022-04-16 12:00:00+00:00,40386.5,40551.5,39972.5,40058.5,10704.792
2022-04-16 16:00:00+00:00,40058.5,40262.5,40002.5,40199.0,4900.242
2022-04-16 20:00:00+00:00,40199.0,40675.0,40177.5,40357.5,8865.733
2022-04-17 00:00:00+00:00,40357.5,40399.0,40120.0,40207.0,4801.342
2022-04-17 04:00:00+00:00,40207.0,40400.0,40206.0,40271.0,3163.118
2022-04-17 08:00:00+00:00,40271.0,40499.0,40271.0,40443.0,4495.984
2022-04-17 12:00:00+00:00,40443.0,40562.0,40193.5,40424.0,8532.312
2022-04-17 16:00:00+00:00,40424.0,40451.0,39772.5,40343.5,11998.968
2022-04-17 20:00:00+00:00,40343.5,40428.5,39520.5,39662.0,13257.364
2022-04-18 00:00:00+00:00,39662.0,39854.0,39556.5,39785.5,5352.781
2022-04-18 04:00:00+00:00,39785.5,39808.0,38466.5,38903.0,26480.749
2022-04-18 08:00:00+00:00,38903.0,39106.0,38765.0,38970.5,9933.166
2022-04-18 12:00:00+00:00,38970.5,39670.0,38970.0,39244.5,20683.886
2022-04-18 16:00:00+00:00,39244.5,41255.0,38990.0,40664.5,36148.827
2022-04-18 20:00:00+00:00,40664.5,41092.0,40599.5,40773.5,10835.507
2022-04-19 00:00:00+00:00,40773.5,41300.0,40580.0,40684.5,11414.444
2022-04-19 04:00:00+00:00,40684.5,40864.5,40533.0,40656.5,6591.624
2022-04-19 08:00:00+00:00,40656.5,41019.5,40550.5,40669.0,8018.551
2022-04-19 12:00:00+00:00,40669.0,41769.5,40645.0,41444.0,25227.715
2022-04-19 16:00:00+00:00,41444.0,41533.0,41139.0,41394.0,8588.934
2022-04-19 20:00:00+00:00,41394.0,41510.0,41200.5,41465.5,5111.417
2022-04-20 00:00:00+00:00,41465.5,41517.5,41209.0,41366.0,4228.619
2022-04-20 04:00:00+00:00,41366.0,41600.0,41255.0,41323.0,7187.121
2022-04-20 08:00:00+00:00,41323.0,42169.0,41292.5,42051.5,18513.188
2022-04-20 12:00:00+00:00,42051.5,42149.0,41054.0,41245.5,24023.524
2022-04-20 16:00:00+00:00,41245.5,41443.5,40867.0,41174.5,13153.174
2022-04-20 20:00:00+00:00,41174.5,41649.0,41125.0,41333.5,6875.405
2022-04-21 00:00:00+00:00,41333.5,41748.0,41301.0,41663.0,6197.317
2022-04-21 04:00:00+00:00,41663.0,41900.0,41405.0,41810.5,8251.667
2022-04-21 08:00:00+00:00,41810.5,42679.0,41712.5,42422.0,24524.192
2022-04-21 12:00:00+00:00,42422.0,42950.0,42125.0,42140.0,23987.499
2022-04-21 16:00:00+00:00,42140.0,42175.0,41205.0,41230.0,25241.565
2022-04-21 20:00:00+00:00,41230.0,41319.0,39588.0,40454.5,29247.908
2022-04-22 00:00:00+00:00,40454.5,40630.0,40185.0,40464.0,10133.956
2022-04-22 04:00:00+00:00,40464.0,40767.0,40257.0,40669.0,10907.06
2022-04-22 08:00:00+00:00,40669.0,40750.0,40118.5,40558.0,12471.716
2022-04-22 12:00:00+00:00,40558.0,40627.5,39284.0,39416.5,32743.296
2022-04-22 16:00:00+00:00,39416.5,39756.5,39007.0,39478.5,19564.632
2022-04-22 20:00:00+00:00,39478.5,39818.0,39377.5,39676.5,7627.316
2022-04-23 00:00:00+00:00,39676.5,39834.5,39376.5,39455.5,6201.122
2022-04-23 04:00:00+00:00,39455.5,39630.0,39261.0,39564.5,5030.6
2022-04-23 08:00:00+00:00,39564.5,39649.5,39476.5,39578.5,3915.699
2022-04-23 12:00:00+00:00,39578.5,39798.0,39521.0,39770.0,6685.828
2022-04-23 16:00:00+00:00,39770.0,40048.0,39647.5,39738.0,7045.551
2022-04-23 20:00:00+00:00,39738.0,39931.0,39305.0,39421.5,6668.213
2022-04-24 00:00:00+00:00,39421.5,39794.0,39400.0,39740.0,6710.876
2022-04-24 04:00:00+00:00,39740.0,39780.5,39605.0,39724.5,3633.019
2022-04-24 08:00:00+00:00,39724.5,39763.0,39545.0,39603.5,3980.775
2022-04-24 12:00:00+00:00,39603.5,39914.5,39351.0,39633.5,13837.043
2022-04-24 16:00:00+00:00,39633.5,39779.5,38831.0,39673.5,19048.991
2022-04-24 20:00:00+00:00,39673.5,39757.5,39400.0,39439.5,5351.325
2022-04-25 00:00:00+00:00,39439.5,39486.0,38634.0,39235.5,20509.038
2022-04-25 04:00:00+00:00,39235.5,39236.0,38072.0,38448.0,20811.65
2022-04-25 08:00:00+00:00,38448.0,38901.5,38185.0,38793.0,17694.929
2022-04-25 12:00:00+00:00,38793.0,39422.0,38604.0,38984.5,37005.324
2022-04-25 16:00:00+00:00,38984.5,40400.0,38914.5,40211.0,33583.897
2022-04-25 20:00:00+00:00,40211.0,40673.0,40036.0,40400.0,11326.69
2022-04-26 00:00:00+00:00,40400.0,40803.0,40366.5,40520.0,9494.796
2022-04-26 04:00:00+00:00,40520.0,40679.0,40381.5,40565.0,6844.316
2022-04-26 08:00:00+00:00,40565.0,40787.0,40224.0,40456.5,11003.949
2022-04-26 12:00:00+00:00,40456.5,40611.5,38521.0,38545.0,46029.028
2022-04-26 16:00:00+00:00,38545.0,38871.5,37777.5,38251.0,44432.383
2022-04-26 20:00:00+00:00,38251.0,38442.0,37668.5,38103.5,22196.991
2022-04-27 00:00:00+00:00,38103.5,38449.5,37855.0,38309.0,9800.385
2022-04-27 04:00:00+00:00,38309.0,39175.0,38278.0,39103.5,12657.655
2022-04-27 08:00:00+00:00,39103.5,39195.5,38592.0,38989.0,22823.979
2022-04-27 12:00:00+00:00,38989.0,39479.0,38377.5,38984.0,41064.782
2022-04-27 16:00:00+00:00,38984.0,39290.0,38655.0,38841.0,16295.866
2022-04-27 20:00:00+00:00,38841.0,39390.0,38817.0,39206.0,9160.137
2022-04-28 00:00:00+00:00,39206.0,39685.0,39128.0,39327.0,12913.313
2022-04-28 04:00:00+00:00,39327.0,39638.0,39196.0,39354.0,9015.808
2022-04-28 08:00:00+00:00,39354.0,39896.5,39343.0,39668.5,13276.86
2022-04-28 12:00:00+00:00,39668.5,40326.0,38863.5,39430.0,56119.073
2022-04-28 16:00:00+00:00,39430.0,40350.0,39308.0,39972.0,24989.958
2022-04-28 20:00:00+00:00,39972.0,40237.5,39575.0,39734.5,12590.18
2022-04-29 00:00:00+00:00,39734.5,39909.0,39180.0,39519.5,11878.108
2022-04-29 04:00:00+00:00,39519.5,39614.5,39318.0,39579.5,7524.1
2022-04-29 08:00:00+00:00,39579.5,39592.0,38596.5,38734.0,20689.053
2022-04-29 12:00:00+00:00,38734.0,39374.0,38623.0,38986.5,24364.784
2022-04-29 16:00:00+00:00,38986.5,39048.0,38162.0,38316.5,23684.485
2022-04-29 20:00:00+00:00,38316.5,38645.5,38290.0,38572.0,7070.53
2022-04-30 00:00:00+00:00,38572.0,38770.0,38528.0,38625.0,5718.892
2022-04-30 04:00:00+00:00,38625.0,38766.5,38470.0,38633.5,5219.266
2022-04-30 08:00:00+00:00,38633.5,38671.5,38530.0,38572.5,3736.393
2022-04-30 12:00:00+00:00,38572.5,38623.5,38129.0,38448.5,12817.709
2022-04-30 16:00:00+00:00,38448.5,38580.0,38200.0,38450.5,8344.289
2022-04-30 20:00:00+00:00,38450.5,38450.5,37558.5,37611.5,15462.563
2022-05-01 00:00:00+00:00,37611.5,38059.0,37351.0,38022.0,15488.452
2022-05-01 04:00:00+00:00,38022.0,38153.0,37858.0,37932.5,6866.489
2022-05-01 08:00:00+00:00,37932.5,38073.0,37836.0,37926.5,5103.453
2022-05-01 12:00:00+00:00,37926.5,38650.0,37820.0,38467.0,11579.28
2022-05-01 16:00:00+00:00,38467.0,38663.0,37701.5,37798.0,15770.825
2022-05-01 20:00:00+00:00,37798.0,38600.0,37634.0,38446.5,16569.004
2022-05-02 00:00:00+00:00,38446.5,38799.0,38348.5,38649.5,10400.379
2022-05-02 04:00:00+00:00,38649.5,39140.0,38560.5,38856.0,13274.542
2022-05-02 08:00:00+00:00,38856.0,39059.5,38460.0,38524.5,13439.363
2022-05-02 12:00:00+00:00,38524.5,39255.5,38230.0,38696.0,35224.049
2022-05-02 16:00:00+00:00,38696.0,38861.5,38005.0,38555.0,18986.918
2022-05-02 20:00:00+00:00,38555.0,38922.0,38290.0,38528.0,9094.536
2022-05-03 00:00:00+00:00,38528.0,38616.0,38320.0,38504.5,6776.833
2022-05-03 04:00:00+00:00,38504.5,38568.5,38392.0,38531.0,5847.137
2022-05-03 08:00:00+00:00,38531.0,38630.0,38255.0,38549.0,7768.246
2022-05-03 12:00:00+00:00,38549.0,38585.0,38153.0,38329.5,15662.866
2022-05-03 16:00:00+00:00,38329.5,38391.0,37500.0,37713.0,23095.379
2022-05-03 20:00:00+00:00,37713.0,38042.0,37540.5,37733.5,10149.869
2022-05-04 00:00:00+00:00,37733.5,38100.0,37660.5,37993.5,5411.695
2022-05-04 04:00:00+00:00,37993.5,38737.5,37930.5,38659.0,17075.028
2022-05-04 08:00:00+00:00,38659.0,39084.0,38645.5,38992.5,21030.318
2022-05-04 12:00:00+00:00,38992.5,39183.0,38648.0,38968.0,20845.321
2022-05-04 16:00:00+00:00,38968.0,40058.5,38575.5,39840.0,56982.402
2022-05-04 20:00:00+00:00,39840.0,39920.0,39600.0,39696.5,7535.38
2022-05-05 00:00:00+00:00,39696.5,39801.0,39546.0,39721.0,5342.956
2022-05-05 04:00:00+00:00,39721.0,39840.0,39510.0,39583.5,5248.545
2022-05-05 08:00:00+00:00,39583.5,39636.0,39411.0,39499.5,5804.934
2022-05-05 12:00:00+00:00,39499.5,39549.0,36190.0,36884.5,84025.616
2022-05-05 16:00:00+00:00,36884.5,37336.5,35511.0,36287.0,59193.682
2022-05-05 20:00:00+00:00,36287.0,36590.0,36098.0,36526.0,13697.765
2022-05-06 00:00:00+00:00,36526.0,36666.0,36121.5,36449.5,10303.271
2022-05-06 04:00:00+00:00,36449.5,36526.0,35800.0,36354.5,15225.043
2022-05-06 08:00:00+00:00,36354.5,36500.0,35553.5,35770.5,22679.808
2022-05-06 12:00:00+00:00,35770.5,36423.0,35200.0,35980.0,59639.98
2022-05-06 16:00:00+00:00,35980.0,36219.0,35810.0,35985.0,16322.473
2022-05-06 20:00:00+00:00,35985.0,36100.0,35858.5,35990.5,6829.422
2022-05-07 00:00:00+00:00,35990.5,36040.5,35711.5,35798.0,5872.397
2022-05-07 04:00:00+00:00,35798.0,35938.0,35719.5,35893.0,5307.367
2022-05-07 08:00:00+00:00,35893.0,36135.0,35865.0,36044.5,5367.555
2022-05-07 12:00:00+00:00,36044.5,36070.0,35846.0,35944.0,5604.189
2022-05-07 16:00:00+00:00,35944.0,35983.5,35846.5,35872.0,3745.386
2022-05-07 20:00:00+00:00,35872.0,35872.0,34744.0,35462.0,33101.529
2022-05-08 00:00:00+00:00,35462.0,35498.5,34155.0,34473.5,37545.924
2022-05-08 04:00:00+00:00,34473.5,34958.5,34331.0,34588.0,16662.413
2022-05-08 08:00:00+00:00,34588.0,34863.0,34484.0,34776.5,9285.772
2022-05-08 12:00:00+00:00,34776.5,34839.5,34275.0,34366.5,15764.842
2022-05-08 16:00:00+00:00,34366.5,34773.0,33666.0,34581.0,36125.921
2022-05-08 20:00:00+00:00,34581.0,34631.5,33899.5,34032.5,14091.142
2022-05-09 00:00:00+00:00,34032.5,34258.0,33255.0,33559.5,26632.489
2022-05-09 04:00:00+00:00,33559.5,33836.0,33340.0,33517.0,15723.623
2022-05-09 08:00:00+00:00,33517.0,33780.5,32600.5,33102.5,47982.918
2022-05-09 12:00:00+00:00,33102.5,33450.0,32029.5,32343.5,68143.045
2022-05-09 16:00:00+00:00,32343.5,32597.5,30300.5,30932.0,127821.122
2022-05-09 20:00:00+00:00,30932.0,31900.0,30018.0,30063.5,62317.128
2022-05-10 00:00:00+00:00,30063.5,31499.0,29711.0,30650.5,66787.704
2022-05-10 04:00:00+00:00,30650.5,32665.5,30603.0,31607.0,43752.345
2022-05-10 08:00:00+00:00,31607.0,32020.5,31219.5,31619.5,29706.199
2022-05-10 12:00:00+00:00,31619.5,32385.5,30837.5,31310.0,64030.918
2022-05-10 16:00:00+00:00,31310.0,31795.0,30951.0,31321.0,24251.782
2022-05-10 20:00:00+00:00,31321.0,31348.0,30136.5,31015.0,35744.322
2022-05-11 00:00:00+00:00,31015.0,31692.0,30618.5,31190.5,22335.108
2022-05-11 04:00:00+00:00,31190.5,31947.0,30200.0,30616.5,42189.022
2022-05-11 08:00:00+00:00,30616.5,32230.0,30366.0,31515.5,46883.42
2022-05-11 12:00:00+00:00,31515.5,32060.0,29000.0,30967.5,137024.756
2022-05-11 16:00:00+00:00,30967.5,31130.0,29169.5,29364.0,65736.35
2022-05-11 20:00:00+00:00,29364.0,29648.0,27600.0,29067.5,75112.264
2022-05-12 00:00:00+00:00,29067.5,30233.0,28334.0,28384.0,40053.772
2022-05-12 04:00:00+00:00,28384.0,28561.0,26536.0,28079.5,107072.82
2022-05-12 08:00:00+00:00,28079.5,29266.0,27429.5,28469.0,46712.139
2022-05-12 12:00:00+00:00,28469.0,29811.5,27888.5,29029.5,56751.244
2022-05-12 16:00:00+00:00,29029.5,29955.0,28158.5,28617.0,39911.758
2022-05-12 20:00:00+00:00,28617.0,29276.0,28000.0,29003.0,19506.974
2022-05-13 00:00:00+00:00,29003.0,30813.0,28736.0,30547.0,30983.711
2022-05-13 04:00:00+00:00,30547.0,31049.0,30155.5,30162.5,18195.863
2022-05-13 08:00:00+00:00,30162.5,30749.0,30140.5,30639.5,18169.807
2022-05-13 12:00:00+00:00,30639.5,31000.0,30185.5,30327.0,24535.807
2022-05-13 16:00:00+00:00,30327.0,30512.0,29351.0,30060.5,31368.482
2022-05-13 20:00:00+00:00,30060.5,30126.5,29181.0,29268.5,14207.15
2022-05-14 00:00:00+00:00,29268.5,29788.5,29200.0,29566.5,12932.418
2022-05-14 04:00:00+00:00,29566.5,29600.0,29200.0,29410.0,10027.421
2022-05-14 08:00:00+00:00,29410.0,29580.0,28809.0,29059.5,16459.126
2022-05-14 12:00:00+00:00,29059.5,29245.5,28630.5,28812.0,17207.809
2022-05-14 16:00:00+00:00,28812.0,29915.0,28597.5,29321.5,28576.729
2022-05-14 20:00:00+00:00,29321.5,30321.0,29257.5,30071.0,17086.335
2022-05-15 00:00:00+00:00,30071.0,30250.0,29530.0,29716.5,11457.48
2022-05-15 04:00:00+00:00,29716.5,30029.0,29409.0,29809.5,11035.057
2022-05-15 08:00:00+00:00,29809.5,30308.0,29500.0,30230.5,15129.173
2022-05-15 12:00:00+00:00,30230.5,30550.0,29761.0,30003.0,22320.949
2022-05-15 16:00:00+00:00,30003.0,30510.0,29900.0,30446.5,14131.346
2022-05-15 20:00:00+00:00,30446.5,31518.0,30340.0,31315.5,29597.676
2022-05-16 00:00:00+00:00,31315.5,31315.5,30210.0,30313.0,18300.357
2022-05-16 04:00:00+00:00,30313.0,30454.0,29216.0,29569.0,30644.921
2022-05-16 08:00:00+00:00,29569.0,30185.0,29380.0,29931.0,21779.402
2022-05-16 12:00:00+00:00,29931.0,30310.5,29286.0,29649.5,41219.342
2022-05-16 16:00:00+00:00,29649.5,29998.5,29050.0,29572.0,25730.91
2022-05-16 20:00:00+00:00,29572.0,30250.0,29536.0,29854.0,13494.309
2022-05-17 00:00:00+00:00,29854.0,30530.0,29759.5,30333.5,16470.979
2022-05-17 04:00:00+00:00,30333.5,30555.0,30219.5,30377.5,11633.694
2022-05-17 08:00:00+00:00,30377.5,30785.0,30252.5,30308.5,15811.111
2022-05-17 12:00:00+00:00,30308.5,30741.0,29898.0,30140.0,29071.955
2022-05-17 16:00:00+00:00,30140.0,30326.5,29400.0,30071.0,33252.645
2022-05-17 20:00:00+00:00,30071.0,30650.0,30025.0,30424.5,13688.389
2022-05-18 00:00:00+00:00,30424.5,30692.5,29717.0,29821.0,18467.42
2022-05-18 04:00:00+00:00,29821.0,30070.0,29658.0,29895.5,15323.849
2022-05-18 08:00:00+00:00,29895.5,30020.0,29712.5,29811.5,11496.924
2022-05-18 12:00:00+00:00,29811.5,29880.0,28833.0,28964.5,34899.305
2022-05-18 16:00:00+00:00,28964.5,29536.5,28715.0,29257.5,32515.468
2022-05-18 20:00:00+00:00,29257.5,29403.0,28633.0,28694.0,16021.157
2022-05-19 00:00:00+00:00,28694.0,29322.0,28676.0,29167.0,19070.233
2022-05-19 04:00:00+00:00,29167.0,29424.0,29011.5,29185.0,13753.703
2022-05-19 08:00:00+00:00,29185.0,29506.0,28835.0,29471.0,20226.836
2022-05-19 12:00:00+00:00,29471.0,30551.0,29320.0,30378.0,47114.388
2022-05-19 16:00:00+00:00,30378.0,30432.5,29947.0,29963.5,21413.13
2022-05-19 20:00:00+00:00,29963.5,30475.0,29935.0,30310.0,10127.307
2022-05-20 00:00:00+00:00,30310.0,30767.0,30113.0,30170.0,18474.058
2022-05-20 04:00:00+00:00,30170.0,30341.0,29840.5,30248.0,16986.31
2022-05-20 08:00:00+00:00,30248.0,30524.5,30095.0,30401.5,16242.294
2022-05-20 12:00:00+00:00,30401.5,30444.0,29043.0,29130.0,46383.192
2022-05-20 16:00:00+00:00,29130.0,29353.0,28708.0,29273.5,34386.096
2022-05-20 20:00:00+00:00,29273.5,29366.0,29104.0,29185.0,9811.183
2022-05-21 00:00:00+00:00,29185.0,29325.0,28920.5,29231.5,9986.098
2022-05-21 04:00:00+00:00,29231.5,29540.0,29187.0,29407.5,8257.926
2022-05-21 08:00:00+00:00,29407.5,29461.0,29151.0,29272.5,10905.671
2022-05-21 12:00:00+00:00,29272.5,29635.0,29180.0,29529.5,14001.545
2022-05-21 16:00:00+00:00,29529.5,29653.5,29382.0,29449.5,9533.569
2022-05-21 20:00:00+00:00,29449.5,29510.5,29294.5,29420.5,6117.57
2022-05-22 00:00:00+00:00,29420.5,29540.0,29314.0,29354.5,5708.473
2022-05-22 04:00:00+00:00,29354.5,29439.5,29220.5,29418.5,5661.469
2022-05-22 08:00:00+00:00,29418.5,30314.0,29405.5,29887.0,32066.397
2022-05-22 12:00:00+00:00,29887.0,30241.0,29661.5,29833.0,22975.365
2022-05-22 16:00:00+00:00,29833.0,30169.0,29721.0,29924.0,12543.469
2022-05-22 20:00:00+00:00,29924.0,30499.0,29892.0,30269.5,14660.42
2022-05-23 00:00:00+00:00,30269.5,30445.0,30035.5,30163.5,9988.473
2022-05-23 04:00:00+00:00,30163.5,30654.5,30100.0,30440.0,17890.026
2022-05-23 08:00:00+00:00,30440.0,30598.5,30275.0,30379.5,14976.973
2022-05-23 12:00:00+00:00,30379.5,30600.0,29941.5,30357.5,36380.587
2022-05-23 16:00:00+00:00,30357.5,30531.5,29046.0,29059.5,40451.093
2022-05-23 20:00:00+00:00,29059.5,29473.5,28839.0,29091.5,25305.402
2022-05-24 00:00:00+00:00,29091.5,29315.0,29044.5,29282.0,9141.164
2022-05-24 04:00:00+00:00,29282.0,29422.0,29237.0,29392.0,10180.429
2022-05-24 08:00:00+00:00,29392.0,29431.0,29098.5,29287.5,14466.874
2022-05-24 12:00:00+00:00,29287.5,29657.5,28659.0,29373.0,46009.946
2022-05-24 16:00:00+00:00,29373.0,29582.0,29090.0,29370.0,22483.755
2022-05-24 20:00:00+00:00,29370.0,29847.0,29225.0,29642.5,14263.247
2022-05-25 00:00:00+00:00,29642.5,30213.0,29531.5,30175.5,18759.562
2022-05-25 04:00:00+00:00,30175.5,30197.0,29665.0,29695.5,16592.303
2022-05-25 08:00:00+00:00,29695.5,29937.5,29345.0,29403.5,21440.767
2022-05-25 12:00:00+00:00,29403.5,29908.0,29324.0,29620.5,28403.493
2022-05-25 16:00:00+00:00,29620.5,30053.5,29405.0,29577.5,30349.439
2022-05-25 20:00:00+00:00,29577.5,29869.0,29527.0,29542.0,8623.965
2022-05-26 00:00:00+00:00,29542.0,29878.0,29480.0,29834.5,13150.653
2022-05-26 04:00:00+00:00,29834.5,29861.0,29500.0,29702.5,13524.496
2022-05-26 08:00:00+00:00,29702.5,29720.0,28861.5,28998.5,39567.417
2022-05-26 12:00:00+00:00,28998.5,29527.5,27950.0,29368.5,94367.374
2022-05-26 16:00:00+00:00,29368.5,29800.0,29350.0,29370.5,33257.03
2022-05-26 20:00:00+00:00,29370.5,29686.0,29164.0,29201.0,15570.806
2022-05-27 00:00:00+00:00,29201.0,29381.0,28824.5,29013.5,30805.825
2022-05-27 04:00:00+00:00,29013.5,29250.0,28611.5,28980.5,40663.879
2022-05-27 08:00:00+00:00,28980.5,29129.0,28745.0,28902.5,27089.005
2022-05-27 12:00:00+00:00,28902.5,29362.0,28647.0,28831.5,71659.168
2022-05-27 16:00:00+00:00,28831.5,29053.0,28256.5,28863.0,51061.552
2022-05-27 20:00:00+00:00,28863.0,29011.0,28507.0,28619.0,14737.93
2022-05-28 00:00:00+00:00,28619.0,28832.0,28522.0,28802.0,12481.388
2022-05-28 04:00:00+00:00,28802.0,28930.0,28732.5,28865.0,7559.072
2022-05-28 08:00:00+00:00,28865.0,28909.0,28752.0,28816.5,5939.177
2022-05-28 12:00:00+00:00,28816.5,29260.0,28786.0,28969.0,17506.153
2022-05-28 16:00:00+00:00,28969.0,29069.0,28777.5,29004.5,9027.389
2022-05-28 20:00:00+00:00,29004.5,29154.5,28943.0,29018.0,4824.83
2022-05-29 00:00:00+00:00,29018.0,29036.5,28838.5,28976.5,6245.03
2022-05-29 04:00:00+00:00,28976.5,29055.0,28907.0,28998.0,4174.742
2022-05-29 08:00:00+00:00,28998.0,29229.0,28946.5,29201.5,15330.829
2022-05-29 12:00:00+00:00,29201.5,29500.0,29152.0,29209.5,20667.815
2022-05-29 16:00:00+00:00,29209.5,29360.0,29075.0,29119.5,7828.223
2022-05-29 20:00:00+00:00,29119.5,29592.0,29090.0,29452.0,10807.267
2022-05-30 00:00:00+00:00,29452.0,30400.5,29289.0,30335.5,30263.076
2022-05-30 04:00:00+00:00,30335.5,31046.0,30215.0,30614.0,27407.186
2022-05-30 08:00:00+00:00,30614.0,30763.0,30555.0,30657.0,12828.98
2022-05-30 12:00:00+00:00,30657.0,30981.5,30230.5,30619.0,34565.83
2022-05-30 16:00:00+00:00,30619.0,30867.0,30541.5,30625.5,11963.143
2022-05-30 20:00:00+00:00,30625.5,32333.0,30536.0,31731.5,44314.94
2022-05-31 00:00:00+00:00,31731.5,31850.0,31420.5,31765.0,12606.605
2022-05-31 04:00:00+00:00,31765.0,31786.0,31427.5,31571.5,9504.139
2022-05-31 08:00:00+00:00,31571.5,31820.0,31482.5,31741.5,12517.618
2022-05-31 12:00:00+00:00,31741.5,32175.0,31216.0,32032.5,36028.799
2022-05-31 16:00:00+00:00,32032.5,32450.0,31547.5,31618.0,31965.965
2022-05-31 20:00:00+00:00,31618.0,31922.0,31591.0,31781.0,6964.35
2022-06-01 00:00:00+00:00,31781.0,31982.5,31606.5,31624.0,10785.215
2022-06-01 04:00:00+00:00,31624.0,31660.5,31370.0,31477.0,12614.561
2022-06-01 08:00:00+00:00,31477.0,31694.0,31423.5,31590.5,11260.32
2022-06-01 12:00:00+00:00,31590.5,31894.5,30706.5,30747.5,46238.613
2022-06-01 16:00:00+00:00,30747.5,30748.0,29859.0,30114.0,56023.945
2022-06-01 20:00:00+00:00,30114.0,30145.0,29291.0,29789.0,30411.104
2022-06-02 00:00:00+00:00,29789.0,29887.0,29558.0,29710.0,12312.594
2022-06-02 04:00:00+00:00,29710.0,30100.0,29637.5,29943.5,11104.907
2022-06-02 08:00:00+00:00,29943.5,30188.0,29836.0,30151.5,12130.143
2022-06-02 12:00:00+00:00,30151.5,30388.0,29584.5,30190.5,39302.059
2022-06-02 16:00:00+00:00,30190.5,30405.0,29955.5,30275.5,15650.331
2022-06-02 20:00:00+00:00,30275.5,30711.0,30212.0,30450.0,15603.076
2022-06-03 00:00:00+00:00,30450.0,30698.0,30321.0,30512.5,10966.452
2022-06-03 04:00:00+00:00,30512.5,30541.0,30260.0,30424.5,8299.061
2022-06-03 08:00:00+00:00,30424.5,30500.0,29666.0,29750.0,27684.281
2022-06-03 12:00:00+00:00,29750.0,29890.5,29250.0,29493.5,39442.989
2022-06-03 16:00:00+00:00,29493.5,29687.0,29385.0,29556.5,11324.511
2022-06-03 20:00:00+00:00,29556.5,29865.0,29552.0,29688.0,9290.735
2022-06-04 00:00:00+00:00,29688.0,29745.0,29466.0,29546.0,8012.445
2022-06-04 04:00:00+00:00,29546.0,29728.5,29534.0,29688.0,6091.05
2022-06-04 08:00:00+00:00,29688.0,29782.0,29571.0,29668.5,6897.051
2022-06-04 12:00:00+00:00,29668.5,30000.0,29468.0,29839.0,18013.441
2022-06-04 16:00:00+00:00,29839.0,29839.0,29600.0,29644.5,7021.633
2022-06-04 20:00:00+00:00,29644.5,29952.0,29623.0,29857.0,7330.753
2022-06-05 00:00:00+00:00,29857.0,29880.5,29660.5,29744.5,6012.853
2022-06-05 04:00:00+00:00,29744.5,29816.5,29634.5,29642.5,5497.741
2022-06-05 08:00:00+00:00,29642.5,29730.0,29509.5,29708.5,9338.747
2022-06-05 12:00:00+00:00,29708.5,29959.5,29615.0,29951.5,12148.936
2022-06-05 16:00:00+00:00,29951.5,30196.5,29750.0,30035.5,21545.508
2022-06-05 20:00:00+00:00,30035.5,30110.0,29800.0,29901.5,9105.336
2022-06-06 00:00:00+00:00,29901.5,31267.5,29871.0,31237.0,43436.207
2022-06-06 04:00:00+00:00,31237.0,31445.0,31120.5,31272.5,19813.424
2022-06-06 08:00:00+00:00,31272.5,31600.0,31257.5,31383.5,19989.924
2022-06-06 12:00:00+00:00,31383.5,31750.0,31140.0,31536.0,41846.509
2022-06-06 16:00:00+00:00,31536.0,31545.0,31033.0,31463.0,23960.126
2022-06-06 20:00:00+00:00,31463.0,31598.0,31263.5,31370.5,11543.084
2022-06-07 00:00:00+00:00,31370.5,31370.5,29119.5,29550.5,76427.847
2022-06-07 04:00:00+00:00,29550.5,29615.0,29380.5,29561.5,13779.447
2022-06-07 08:00:00+00:00,29561.5,29725.5,29325.0,29503.0,16812.673
2022-06-07 12:00:00+00:00,29503.0,30030.0,29388.0,29877.5,35034.984
2022-06-07 16:00:00+00:00,29877.5,31419.0,29733.0,31049.5,39823.027
2022-06-07 20:00:00+00:00,31049.5,31598.0,30302.5,31111.0,62778.376
2022-06-08 00:00:00+00:00,31111.0,31319.5,29818.0,30014.5,44273.711
2022-06-08 04:00:00+00:00,30014.5,30696.0,29868.0,30543.5,26812.854
2022-06-08 08:00:00+00:00,30543.5,30600.0,30312.5,30410.5,10964.335
2022-06-08 12:00:00+00:00,30410.5,30900.0,30038.0,30467.0,41107.723
2022-06-08 16:00:00+00:00,30467.0,30536.5,29898.5,30131.5,23192.147
2022-06-08 20:00:00+00:00,30131.5,30545.0,30080.0,30192.0,9296.296
2022-06-09 00:00:00+00:00,30192.0,30312.5,30043.5,30280.0,10862.435
2022-06-09 04:00:00+00:00,30280.0,30485.5,30203.5,30466.5,10110.364
2022-06-09 08:00:00+00:00,30466.5,30694.5,30255.0,30288.0,19058.749
2022-06-09 12:00:00+00:00,30288.0,30378.5,29896.0,30291.0,39260.256
2022-06-09 16:00:00+00:00,30291.0,30446.5,29960.0,30007.0,17445.696
2022-06-09 20:00:00+00:00,30007.0,30249.5,29958.5,30100.0,10625.657
2022-06-10 00:00:00+00:00,30100.0,30376.0,29495.5,30103.0,30573.25
2022-06-10 04:00:00+00:00,30103.0,30230.0,30036.0,30040.0,8754.432
2022-06-10 08:00:00+00:00,30040.0,30111.0,29841.0,30008.0,14407.073
2022-06-10 12:00:00+00:00,30008.0,30175.0,29207.5,29440.0,65303.091
2022-06-10 16:00:00+00:00,29440.0,29469.5,28816.0,28973.5,37087.793
2022-06-10 20:00:00+00:00,28973.5,29420.0,28970.0,29080.5,12187.654
2022-06-11 00:00:00+00:00,29080.5,29316.0,29035.0,29260.5,6330.639
2022-06-11 04:00:00+00:00,29260.5,29427.0,29230.0,29306.0,7428.204
2022-06-11 08:00:00+00:00,29306.0,29322.0,28555.0,28734.0,35182.478
2022-06-11 12:00:00+00:00,28734.0,28890.0,28159.0,28395.5,50118.716
2022-06-11 16:00:00+00:00,28395.5,28786.0,28035.0,28585.5,28156.809
2022-06-11 20:00:00+00:00,28585.5,28678.0,28243.0,28420.0,14074.385
2022-06-12 00:00:00+00:00,28420.0,28532.0,27250.0,27545.0,45654.614
2022-06-12 04:00:00+00:00,27545.0,27674.0,27161.0,27638.5,25251.721
2022-06-12 08:00:00+00:00,27638.5,27697.0,27325.5,27446.0,14444.96
2022-06-12 12:00:00+00:00,27446.0,28321.0,26847.0,28071.5,57299.974
2022-06-12 16:00:00+00:00,28071.5,28238.5,27411.0,27415.0,25900.693
2022-06-12 20:00:00+00:00,27415.0,27540.0,26550.0,26567.5,40365.106
2022-06-13 00:00:00+00:00,26567.5,26885.0,24867.0,25493.5,104855.416
2022-06-13 04:00:00+00:00,25493.5,26248.5,24550.0,24783.0,80994.578
2022-06-13 08:00:00+00:00,24783.0,24938.5,23450.0,23709.0,110697.5
2022-06-13 12:00:00+00:00,23709.0,24368.0,22560.5,23254.0,135609.549
2022-06-13 16:00:00+00:00,23254.0,24206.0,23100.0,23191.0,68979.969
2022-06-13 20:00:00+00:00,23191.0,23783.0,21909.5,22476.5,63445.364
2022-06-14 00:00:00+00:00,22476.5,22786.0,20818.5,22100.5,127024.699
2022-06-14 04:00:00+00:00,22100.5,23450.0,21750.0,22866.0,91977.633
2022-06-14 08:00:00+00:00,22866.0,22984.5,21703.0,21978.0,45800.647
2022-06-14 12:00:00+00:00,21978.0,22799.0,21794.0,22675.5,78650.213
2022-06-14 16:00:00+00:00,22675.5,22768.0,22111.0,22178.0,34399.283
2022-06-14 20:00:00+00:00,22178.0,22327.5,21316.5,22127.5,45432.744
2022-06-15 00:00:00+00:00,22127.5,22282.0,21380.0,21443.0,39647.027
2022-06-15 04:00:00+00:00,21443.0,21483.0,20573.5,20700.0,83923.671
2022-06-15 08:00:00+00:00,20700.0,21278.0,20071.0,21161.5,107556.217
2022-06-15 12:00:00+00:00,21161.5,21796.0,21034.0,21406.5,74931.857
2022-06-15 16:00:00+00:00,21406.5,22481.0,20190.0,21623.0,181817.684
2022-06-15 20:00:00+00:00,21623.0,22794.5,21433.0,22574.0,41739.084
2022-06-16 00:00:00+00:00,22574.0,22976.5,22145.0,22199.5,31670.137
2022-06-16 04:00:00+00:00,22199.5,22349.0,21632.5,21745.5,25482.495
2022-06-16 08:00:00+00:00,21745.5,21881.0,20849.0,21033.0,55194.74
2022-06-16 12:00:00+00:00,21033.0,21504.5,20744.0,21072.0,58811.658
2022-06-16 16:00:00+00:00,21072.0,21463.5,20800.0,20872.5,34403.736
2022-06-16 20:00:00+00:00,20872.5,21036.0,20228.0,20385.0,37167.788
2022-06-17 00:00:00+00:00,20385.0,21040.0,20230.0,20368.5,48121.02
2022-06-17 04:00:00+00:00,20368.5,21321.0,20312.0,21084.5,40690.689
2022-06-17 08:00:00+00:00,21084.5,21355.0,20842.0,20969.5,31760.765
2022-06-17 12:00:00+00:00,20969.5,21037.5,20386.0,20666.0,52015.217
2022-06-17 16:00:00+00:00,20666.0,20798.0,20423.0,20512.0,22602.408
2022-06-17 20:00:00+00:00,20512.0,20719.5,20350.0,20454.5,14635.253
2022-06-18 00:00:00+00:00,20454.5,20769.5,20300.0,20453.0,22990.486
2022-06-18 04:00:00+00:00,20453.0,20532.5,18988.0,19241.5,75653.21
2022-06-18 08:00:00+00:00,19241.5,19548.0,18675.0,19232.0,69659.404
2022-06-18 12:00:00+00:00,19232.0,19281.5,18920.0,18943.0,28472.154
2022-06-18 16:00:00+00:00,18943.0,19089.5,18027.0,18059.5,76263.341
2022-06-18 20:00:00+00:00,18059.5,19490.0,17600.0,18964.5,118639.147
2022-06-19 00:00:00+00:00,18964.5,19199.5,18203.5,18294.5,50404.62
2022-06-19 04:00:00+00:00,18294.5,18620.0,17953.0,18282.5,48645.432
2022-06-19 08:00:00+00:00,18282.5,20088.5,18253.0,19682.0,95329.599
2022-06-19 12:00:00+00:00,19682.0,19950.0,19133.0,19820.0,69267.412
2022-06-19 16:00:00+00:00,19820.0,20360.0,19364.5,20113.5,52640.768
2022-06-19 20:00:00+00:00,20113.5,20820.0,20047.0,20567.5,55448.119
2022-06-20 00:00:00+00:00,20567.5,20658.5,19624.0,19963.5,46094.363
2022-06-20 04:00:00+00:00,19963.5,20267.5,19755.0,20069.5,35353.717
2022-06-20 08:00:00+00:00,20069.5,21051.5,20006.5,20790.5,68645.772
2022-06-20 12:00:00+00:00,20790.5,21125.0,20355.0,20815.0,57468.337
2022-06-20 16:00:00+00:00,20815.0,20821.5,19813.0,20070.0,59234.469
2022-06-20 20:00:00+00:00,20070.0,20784.0,20000.0,20568.0,35620.939
2022-06-21 00:00:00+00:00,20568.0,20779.5,20336.0,20602.5,31541.936
2022-06-21 04:00:00+00:00,20602.5,21336.0,20471.0,21110.5,46724.279
2022-06-21 08:00:00+00:00,21110.5,21495.5,20906.0,20952.0,41455.197
2022-06-21 12:00:00+00:00,20952.0,21722.0,20841.0,21376.0,62567.105
2022-06-21 16:00:00+00:00,21376.0,21546.0,20868.0,20885.0,32435.122
2022-06-21 20:00:00+00:00,20885.0,21066.5,20550.0,20715.5,32171.761
2022-06-22 00:00:00+00:00,20715.5,20727.0,20251.5,20312.0,31383.326
2022-06-22 04:00:00+00:00,20312.0,20587.5,19928.0,20084.0,39581.306
2022-06-22 08:00:00+00:00,20084.0,20672.0,20032.0,20492.0,31807.291
2022-06-22 12:00:00+00:00,20492.0,20885.5,20012.0,20078.0,79375.498
2022-06-22 16:00:00+00:00,20078.0,20369.5,19824.0,20100.5,56798.594
2022-06-22 20:00:00+00:00,20100.5,20230.5,19703.0,19980.0,31388.759
2022-06-23 00:00:00+00:00,19980.0,20599.0,19861.5,20199.0,35032.527
2022-06-23 04:00:00+00:00,20199.0,20646.5,20146.5,20451.0,26348.754
2022-06-23 08:00:00+00:00,20451.0,20800.0,20441.5,20630.5,32986.946
2022-06-23 12:00:00+00:00,20630.5,20816.5,20260.5,20341.0,44797.146
2022-06-23 16:00:00+00:00,20341.0,20960.0,20160.0,20898.0,36798.279
2022-06-23 20:00:00+00:00,20898.0,21240.0,20660.0,21095.0,43819.004
2022-06-24 00:00:00+00:00,21095.0,21372.0,20952.5,21066.5,30449.277
2022-06-24 04:00:00+00:00,21066.5,21160.0,20728.5,20896.0,30022.027
2022-06-24 08:00:00+00:00,20896.0,21319.5,20745.0,21159.0,41538.434
2022-06-24 12:00:00+00:00,21159.0,21472.0,20808.5,20882.0,52410.879
2022-06-24 16:00:00+00:00,20882.0,21255.0,20782.5,21239.5,35543.802
2022-06-24 20:00:00+00:00,21239.5,21556.5,21130.0,21232.0,29809.845
2022-06-25 00:00:00+00:00,21232.0,21372.0,21107.5,21287.0,24829.784
2022-06-25 04:00:00+00:00,21287.0,21630.0,21173.5,21494.5,26264.373
2022-06-25 08:00:00+00:00,21494.5,21540.5,21310.0,21328.5,18428.592
2022-06-25 12:00:00+00:00,21328.5,21368.0,20900.0,20959.5,34993.064
2022-06-25 16:00:00+00:00,20959.5,21277.0,20903.0,21195.0,18638.697
2022-06-25 20:00:00+00:00,21195.0,21580.0,21130.0,21476.0,19666.011
2022-06-26 00:00:00+00:00,21476.0,21539.0,21241.0,21419.0,16221.386
2022-06-26 04:00:00+00:00,21419.0,21510.0,21320.5,21389.5,15248.196
2022-06-26 08:00:00+00:00,21389.5,21800.0,21360.0,21696.0,22029.004
2022-06-26 12:00:00+00:00,21696.0,21880.0,21177.5,21310.5,46922.85
2022-06-26 16:00:00+00:00,21310.5,21432.5,21124.0,21275.0,20392.675
2022-06-26 20:00:00+00:00,21275.0,21419.5,20958.5,21032.0,24852.313
2022-06-27 00:00:00+00:00,21032.0,21180.0,20919.0,21162.0,16461.835
2022-06-27 04:00:00+00:00,21162.0,21377.0,21123.0,21358.0,17819.317
2022-06-27 08:00:00+00:00,21358.0,21580.0,21279.0,21298.5,27531.419
2022-06-27 12:00:00+00:00,21298.5,21334.0,20581.5,20745.0,70580.484
2022-06-27 16:00:00+00:00,20745.0,20932.5,20500.0,20847.0,33151.0
2022-06-27 20:00:00+00:00,20847.0,20958.0,20675.0,20730.5,19159.315
2022-06-28 00:00:00+00:00,20730.5,20859.5,20467.5,20720.0,24194.924
2022-06-28 04:00:00+00:00,20720.0,20919.0,20684.5,20866.0,19335.224
2022-06-28 08:00:00+00:00,20866.0,21197.5,20855.0,20989.5,39438.525
2022-06-28 12:00:00+00:00,20989.5,21120.0,20578.0,20601.5,50453.136
2022-06-28 16:00:00+00:00,20601.5,20755.5,20190.0,20253.5,47490.372
2022-06-28 20:00:00+00:00,20253.5,20454.0,20191.5,20273.5,21556.255
2022-06-29 00:00:00+00:00,20273.5,20383.5,20143.5,20277.0,20742.742
2022-06-29 04:00:00+00:00,20277.0,20356.0,19900.5,20080.0,44691.721
2022-06-29 08:00:00+00:00,20080.0,20233.0,19820.0,20092.5,41416.582
2022-06-29 12:00:00+00:00,20092.5,20178.0,19885.5,20075.0,44241.298
2022-06-29 16:00:00+00:00,20075.0,20287.0,19927.0,20219.0,25504.352
2022-06-29 20:00:00+00:00,20219.0,20433.0,20038.0,20104.5,27705.498
2022-06-30 00:00:00+00:00,20104.5,20156.5,19942.0,20064.5,17210.578
2022-06-30 04:00:00+00:00,20064.5,20080.0,19292.0,19425.5,48124.36
2022-06-30 08:00:00+00:00,19425.5,19429.5,18914.0,19088.5,66036.138
2022-06-30 12:00:00+00:00,19088.5,19312.0,18701.5,19126.5,74506.832
2022-06-30 16:00:00+00:00,19126.5,19283.0,18842.5,18924.5,38632.852
2022-06-30 20:00:00+00:00,18924.5,19999.0,18601.0,19925.5,67491.112
2022-07-01 00:00:00+00:00,19925.5,21017.5,19639.5,19717.0,89086.982
2022-07-01 04:00:00+00:00,19717.0,19757.0,19308.0,19571.0,55854.087
2022-07-01 08:00:00+00:00,19571.0,19886.5,18938.0,19180.0,56548.913
2022-07-01 12:00:00+00:00,19180.0,19670.0,19113.5,19282.5,60735.446
2022-07-01 16:00:00+00:00,19282.5,19544.5,19240.0,19378.5,26845.996
2022-07-01 20:00:00+00:00,19378.5,19693.5,19210.0,19271.0,24559.882
2022-07-02 00:00:00+00:00,19271.0,19380.0,19056.0,19125.0,24375.889
2022-07-02 04:00:00+00:00,19125.0,19291.0,19103.0,19123.0,15413.259
2022-07-02 08:00:00+00:00,19123.0,19282.5,18960.0,19185.5,26012.233
2022-07-02 12:00:00+00:00,19185.5,19450.0,19139.0,19218.0,29785.551
2022-07-02 16:00:00+00:00,19218.0,19400.0,19183.0,19259.5,20429.629
2022-07-02 20:00:00+00:00,19259.5,19370.0,19191.5,19246.0,10795.732
2022-07-03 00:00:00+00:00,19246.0,19295.5,19164.0,19257.0,10341.84
2022-07-03 04:00:00+00:00,19257.0,19389.5,18777.0,19126.0,48560.044
2022-07-03 08:00:00+00:00,19126.0,19145.0,18926.0,19077.5,19845.642
2022-07-03 12:00:00+00:00,19077.5,19105.0,18952.0,19035.5,19052.803
2022-07-03 16:00:00+00:00,19035.5,19571.5,19007.5,19480.0,29907.838
2022-07-03 20:00:00+00:00,19480.0,19638.5,19204.5,19306.0,23807.205
2022-07-04 00:00:00+00:00,19306.0,19331.5,19039.0,19087.5,19253.016
2022-07-04 04:00:00+00:00,19087.5,19183.0,19065.5,19114.5,10860.553
2022-07-04 08:00:00+00:00,19114.5,19854.0,19103.0,19791.5,49911.096
2022-07-04 12:00:00+00:00,19791.5,20187.0,19500.0,19785.5,61556.11
2022-07-04 16:00:00+00:00,19785.5,20057.0,19664.0,19824.5,34373.577
2022-07-04 20:00:00+00:00,19824.5,20370.0,19723.0,20220.5,42681.64
2022-07-05 00:00:00+00:00,20220.5,20480.0,20150.0,20302.0,33988.28
2022-07-05 04:00:00+00:00,20302.0,20439.0,20166.5,20206.0,28720.993
2022-07-05 08:00:00+00:00,20206.0,20206.0,19440.0,19515.0,58527.868
2022-07-05 12:00:00+00:00,19515.0,19583.5,19262.5,19510.5,65586.259
2022-07-05 16:00:00+00:00,19510.5,20541.0,19475.5,20390.5,79125.895
2022-07-05 20:00:00+00:00,20390.5,20750.0,20093.5,20170.0,55186.948
2022-07-06 00:00:00+00:00,20170.0,20382.0,19737.0,19939.0,35926.649
2022-07-06 04:00:00+00:00,19939.0,20317.5,19851.0,20150.0,42312.08
2022-07-06 08:00:00+00:00,20150.0,20303.0,20015.5,20096.0,30843.202
2022-07-06 12:00:00+00:00,20096.0,20373.5,19951.0,20143.5,44719.139
2022-07-06 16:00:00+00:00,20143.5,20474.0,20128.5,20318.0,34002.535
2022-07-06 20:00:00+00:00,20318.0,20666.0,20262.0,20556.5,25664.972
2022-07-07 00:00:00+00:00,20556.5,20588.0,20365.5,20475.0,18844.39
2022-07-07 04:00:00+00:00,20475.0,20486.0,20248.0,20432.0,19567.491
2022-07-07 08:00:00+00:00,20432.0,20606.0,20385.0,20505.0,24332.868
2022-07-07 12:00:00+00:00,20505.0,21039.5,20368.5,20875.0,59872.325
2022-07-07 16:00:00+00:00,20875.0,21815.0,20833.0,21788.0,81449.03
2022-07-07 20:00:00+00:00,21788.0,21818.0,21510.0,21596.0,30998.406
2022-07-08 00:00:00+00:00,21596.0,22600.0,21563.0,22119.5,52195.162
2022-07-08 04:00:00+00:00,22119.5,22250.0,21707.5,21795.5,33909.457
2022-07-08 08:00:00+00:00,21795.5,21818.0,21317.0,21571.0,47058.893
2022-07-08 12:00:00+00:00,21571.0,22120.0,21184.0,21947.5,89658.643
2022-07-08 16:00:00+00:00,21947.5,21957.5,21536.0,21813.0,42119.644
2022-07-08 20:00:00+00:00,21813.0,22050.0,21576.0,21590.0,24433.729
2022-07-09 00:00:00+00:00,21590.0,21688.5,21400.0,21609.0,24033.63
2022-07-09 04:00:00+00:00,21609.0,21723.5,21482.0,21643.0,14678.817
2022-07-09 08:00:00+00:00,21643.0,21774.0,21310.0,21435.0,21452.897
2022-07-09 12:00:00+00:00,21435.0,21720.0,21375.0,21538.5,22656.667
2022-07-09 16:00:00+00:00,21538.5,21980.0,21515.0,21616.5,28078.119
2022-07-09 20:00:00+00:00,21616.5,21745.0,21542.0,21588.0,10482.273
2022-07-10 00:00:00+00:00,21588.0,21597.5,21125.0,21290.0,29839.293
2022-07-10 04:00:00+00:00,21290.0,21373.0,21161.0,21336.0,16035.531
2022-07-10 08:00:00+00:00,21336.0,21414.0,21166.0,21298.5,17280.767
2022-07-10 12:00:00+00:00,21298.5,21334.0,20801.5,20892.5,38946.43
2022-07-10 16:00:00+00:00,20892.5,21027.0,20652.0,20916.5,31971.865
2022-07-10 20:00:00+00:00,20916.5,21162.0,20680.0,20849.0,26408.897
2022-07-11 00:00:00+00:00,20849.0,20851.0,20444.0,20539.0,32635.147
2022-07-11 04:00:00+00:00,20539.0,20598.0,20350.0,20423.5,24402.334
2022-07-11 08:00:00+00:00,20423.5,20623.0,20402.5,20466.5,20044.721
2022-07-11 12:00:00+00:00,20466.5,20748.5,20263.0,20427.0,44416.119
2022-07-11 16:00:00+00:00,20427.0,20698.0,20380.0,20499.5,26657.759
2022-07-11 20:00:00+00:00,20499.5,20558.5,19855.0,19959.5,35882.852
2022-07-12 00:00:00+00:00,19959.5,19993.5,19785.5,19934.0,24067.006
2022-07-12 04:00:00+00:00,19934.0,20046.5,19620.0,19720.0,34995.089
2022-07-12 08:00:00+00:00,19720.0,19838.0,19555.5,19762.5,34987.334
2022-07-12 12:00:00+00:00,19762.5,20005.0,19680.5,19881.5,46603.915
2022-07-12 16:00:00+00:00,19881.5,19994.0,19219.5,19387.5,44507.647
2022-07-12 20:00:00+00:00,19387.5,19539.5,19235.5,19323.5,24627.641
2022-07-13 00:00:00+00:00,19323.5,19575.0,19263.0,19458.0,19114.391
2022-07-13 04:00:00+00:00,19458.0,19873.5,19410.0,19699.0,26880.447
2022-07-13 08:00:00+00:00,19699.0,19920.0,19662.0,19831.0,28028.272
2022-07-13 12:00:00+00:00,19831.0,20193.0,18867.5,19444.5,141091.649
2022-07-13 16:00:00+00:00,19444.5,20073.0,19232.0,19643.0,52128.62
2022-07-13 20:00:00+00:00,19643.0,20346.0,19575.0,20215.5,38009.588
2022-07-14 00:00:00+00:00,20215.5,20422.0,20152.5,20211.0,30894.989
2022-07-14 04:00:00+00:00,20211.0,20273.0,19860.0,19978.0,30168.211
2022-07-14 08:00:00+00:00,19978.0,20049.5,19620.5,19730.5,36351.945
2022-07-14 12:00:00+00:00,19730.5,20475.0,19575.0,20378.0,73491.346
2022-07-14 16:00:00+00:00,20378.0,20899.0,20141.0,20592.5,59508.518
2022-07-14 20:00:00+00:00,20592.5,20709.0,20430.0,20583.0,19287.241
2022-07-15 00:00:00+00:00,20583.0,20827.0,20365.0,20603.5,33511.219
2022-07-15 04:00:00+00:00,20603.5,20942.0,20485.0,20819.0,32213.85
2022-07-15 08:00:00+00:00,20819.0,21033.0,20713.0,20766.0,33570.227
2022-07-15 12:00:00+00:00,20766.0,21094.5,20754.0,20785.0,42750.805
2022-07-15 16:00:00+00:00,20785.0,21175.0,20625.0,21158.0,36726.972
2022-07-15 20:00:00+00:00,21158.0,21195.5,20760.0,20822.5,21074.785
2022-07-16 00:00:00+00:00,20822.5,20851.5,20599.5,20726.5,14739.274
2022-07-16 04:00:00+00:00,20726.5,20750.0,20469.5,20542.5,18232.842
2022-07-16 08:00:00+00:00,20542.5,20674.0,20536.0,20608.5,10801.22
2022-07-16 12:00:00+00:00,20608.5,20945.5,20581.0,20930.0,25291.652
2022-07-16 16:00:00+00:00,20930.0,21576.0,20915.0,21184.5,61808.993
2022-07-16 20:00:00+00:00,21184.5,21343.0,20910.0,21190.5,22953.332
2022-07-17 00:00:00+00:00,21190.5,21444.0,21077.0,21314.5,17544.61
2022-07-17 04:00:00+00:00,21314.5,21669.0,21232.5,21454.0,22717.03
2022-07-17 08:00:00+00:00,21454.0,21540.0,21207.0,21444.5,25885.971
2022-07-17 12:00:00+00:00,21444.5,21490.0,21078.0,21160.0,28757.357
2022-07-17 16:00:00+00:00,21160.0,21350.0,20795.5,21018.5,30174.356
2022-07-17 20:00:00+00:00,21018.5,21065.5,20745.0,20799.0,14307.089
2022-07-18 00:00:00+00:00,20799.0,21400.0,20763.0,21279.0,27563.928
2022-07-18 04:00:00+00:00,21279.0,22397.5,21155.0,22236.0,67705.394
2022-07-18 08:00:00+00:00,22236.0,22522.0,21980.0,22132.5,45532.9
2022-07-18 12:00:00+00:00,22132.5,22779.5,21900.0,22675.5,56880.644
2022-07-18 16:00:00+00:00,22675.5,22704.0,21378.0,21615.0,63284.821
2022-07-18 20:00:00+00:00,21615.0,22650.0,21414.0,22423.0,40418.427
2022-07-19 00:00:00+00:00,22423.0,22954.5,21808.5,21895.5,63051.838
2022-07-19 04:00:00+00:00,21895.5,22127.0,21582.0,21762.5,37319.015
2022-07-19 08:00:00+00:00,21762.5,22236.0,21696.0,21974.0,29713.046
2022-07-19 12:00:00+00:00,21974.0,23200.0,21972.5,23113.5,97088.197
2022-07-19 16:00:00+00:00,23113.5,23728.5,22933.0,23384.5,79433.526
2022-07-19 20:00:00+00:00,23384.5,23807.5,23158.0,23385.5,42746.092
2022-07-20 00:00:00+00:00,23385.5,23518.0,22940.0,23437.5,43335.628
2022-07-20 04:00:00+00:00,23437.5,23848.0,23301.5,23376.5,36935.342
2022-07-20 08:00:00+00:00,23376.5,23892.0,23310.0,23726.0,40563.405
2022-07-20 12:00:00+00:00,23726.0,24277.0,23566.5,24151.5,70801.582
2022-07-20 16:00:00+00:00,24151.5,24183.5,23415.0,23657.0,56921.571
2022-07-20 20:00:00+00:00,23657.0,23800.0,22872.0,23220.0,61105.36
2022-07-21 00:00:00+00:00,23220.0,23428.0,22666.0,22776.0,32233.759
2022-07-21 04:00:00+00:00,22776.0,23081.0,22615.0,22927.5,29293.95
2022-07-21 08:00:00+00:00,22927.5,23060.0,22456.0,22610.5,33468.949
2022-07-21 12:00:00+00:00,22610.5,22841.5,22345.5,22646.5,51498.564
2022-07-21 16:00:00+00:00,22646.5,23200.0,22634.5,23190.0,48435.728
2022-07-21 20:00:00+00:00,23190.0,23295.0,22925.0,23143.5,24521.912
2022-07-22 00:00:00+00:00,23143.5,23345.0,22844.5,22903.0,17939.905
2022-07-22 04:00:00+00:00,22903.0,23308.5,22801.0,23095.5,26031.043
2022-07-22 08:00:00+00:00,23095.5,23629.5,23060.5,23600.0,33327.074
2022-07-22 12:00:00+00:00,23600.0,23765.0,23220.0,23282.0,50962.53
2022-07-22 16:00:00+00:00,23282.0,23334.5,22531.5,22575.5,49610.542
2022-07-22 20:00:00+00:00,22575.5,22786.0,22487.0,22676.5,18662.108
2022-07-23 00:00:00+00:00,22676.5,22883.5,22506.0,22797.0,14652.404
2022-07-23 04:00:00+00:00,22797.0,22987.5,22640.0,22765.0,19739.099
2022-07-23 08:00:00+00:00,22765.0,22861.0,22202.0,22225.0,33441.979
2022-07-23 12:00:00+00:00,22225.0,22384.5,22015.0,22215.5,29253.783
2022-07-23 16:00:00+00:00,22215.5,22318.0,21937.0,22270.5,29975.19
2022-07-23 20:00:00+00:00,22270.5,22554.0,22211.0,22434.5,17296.526
2022-07-24 00:00:00+00:00,22434.5,22671.0,22284.0,22324.5,17693.595
2022-07-24 04:00:00+00:00,22324.5,22828.0,22254.5,22690.5,22896.721
2022-07-24 08:00:00+00:00,22690.5,22800.0,22480.0,22653.0,21374.034
2022-07-24 12:00:00+00:00,22653.0,22900.0,22432.5,22832.0,28824.612
2022-07-24 16:00:00+00:00,22832.0,22879.0,22620.0,22696.5,19910.638
2022-07-24 20:00:00+00:00,22696.5,22990.0,22500.0,22573.5,24014.085
2022-07-25 00:00:00+00:00,22573.5,22658.5,21775.5,21864.0,38473.719
2022-07-25 04:00:00+00:00,21864.0,21984.0,21735.0,21951.5,20269.175
2022-07-25 08:00:00+00:00,21951.5,22099.0,21864.0,21927.5,18638.964
2022-07-25 12:00:00+00:00,21927.5,21992.0,21680.0,21886.0,37487.632
2022-07-25 16:00:00+00:00,21886.0,21993.5,21558.0,21878.0,30305.403
2022-07-25 20:00:00+00:00,21878.0,22248.0,21233.0,21301.0,55031.664
2022-07-26 00:00:00+00:00,21301.0,21336.0,20836.0,21126.5,38541.954
2022-07-26 04:00:00+00:00,21126.5,21247.0,21010.0,21058.0,13434.783
2022-07-26 08:00:00+00:00,21058.0,21149.0,20915.0,21082.0,14417.752
2022-07-26 12:00:00+00:00,21082.0,21189.0,20691.0,20733.5,44011.192
2022-07-26 16:00:00+00:00,20733.5,21066.0,20732.5,20903.0,23912.092
2022-07-26 20:00:00+00:00,20903.0,21290.0,20800.5,21232.0,27419.601
2022-07-27 00:00:00+00:00,21232.0,21275.0,21040.0,21074.0,14120.099
2022-07-27 04:00:00+00:00,21074.0,21448.0,21060.0,21336.5,20540.996
2022-07-27 08:00:00+00:00,21336.5,21418.0,21121.5,21190.0,17301.738
2022-07-27 12:00:00+00:00,21190.0,21522.0,21152.0,21508.0,25427.602
2022-07-27 16:00:00+00:00,21508.0,23105.0,21447.0,22762.5,117357.363
2022-07-27 20:00:00+00:00,22762.5,22985.0,22564.5,22938.0,29613.336
2022-07-28 00:00:00+00:00,22938.0,23452.0,22698.0,23126.5,30736.449
2022-07-28 04:00:00+00:00,23126.5,23272.0,22881.5,22918.0,19704.42
2022-07-28 08:00:00+00:00,22918.0,23144.5,22805.5,23104.0,23172.908
2022-07-28 12:00:00+00:00,23104.0,23986.0,22582.0,23731.5,91065.597
2022-07-28 16:00:00+00:00,23731.5,24097.0,23662.0,23786.5,37329.742
2022-07-28 20:00:00+00:00,23786.5,24198.0,23736.0,23839.0,31810.129
2022-07-29 00:00:00+00:00,23839.0,23950.0,23702.0,23905.5,13606.187
2022-07-29 04:00:00+00:00,23905.5,24475.0,23803.0,23943.5,32868.482
2022-07-29 08:00:00+00:00,23943.5,24120.0,23536.0,23719.5,27950.605
2022-07-29 12:00:00+00:00,23719.5,24221.0,23418.0,24007.0,56364.557
2022-07-29 16:00:00+00:00,24007.0,24052.0,23604.0,23891.5,38850.398
2022-07-29 20:00:00+00:00,23891.5,24122.0,23686.0,23764.5,18177.702
2022-07-30 00:00:00+00:00,23764.5,23959.5,23675.5,23794.0,16284.123
2022-07-30 04:00:00+00:00,23794.0,23896.0,23634.0,23864.0,8593.921
2022-07-30 08:00:00+00:00,23864.0,24042.0,23720.5,23942.0,14975.64
2022-07-30 12:00:00+00:00,23942.0,24695.0,23909.0,24509.5,49965.479
2022-07-30 16:00:00+00:00,24509.5,24585.0,23846.0,23914.0,21818.342
2022-07-30 20:00:00+00:00,23914.0,24069.0,23506.0,23629.5,26498.887
2022-07-31 00:00:00+00:00,23629.5,23878.5,23511.5,23734.0,12887.589
2022-07-31 04:00:00+00:00,23734.0,23827.0,23642.0,23710.5,8098.169
2022-07-31 08:00:00+00:00,23710.5,23852.0,23554.0,23787.0,12463.685
2022-07-31 12:00:00+00:00,23787.0,23840.5,23589.0,23758.5,11220.286
2022-07-31 16:00:00+00:00,23758.5,24182.5,23365.0,23827.0,40569.343
2022-07-31 20:00:00+00:00,23827.0,23881.0,23224.0,23290.5,24516.321
2022-08-01 00:00:00+00:00,23290.5,23453.5,23250.0,23369.5,10297.792
2022-08-01 04:00:00+00:00,23369.5,23400.0,23108.0,23308.5,14692.802
2022-08-01 08:00:00+00:00,23308.5,23377.5,22930.0,23213.0,26045.923
2022-08-01 12:00:00+00:00,23213.0,23490.0,22939.0,23320.0,39973.969
2022-08-01 16:00:00+00:00,23320.0,23341.0,22825.0,22948.0,32059.827
2022-08-01 20:00:00+00:00,22948.0,23399.0,22900.0,23250.0,21237.397
2022-08-02 00:00:00+00:00,23250.0,23429.5,22780.0,22845.5,24143.915
2022-08-02 04:00:00+00:00,22845.5,22930.5,22710.0,22877.0,16471.134
2022-08-02 08:00:00+00:00,22877.0,22962.0,22640.5,22865.5,21628.127
2022-08-02 12:00:00+00:00,22865.5,23150.0,22650.0,22962.0,50196.156
2022-08-02 16:00:00+00:00,22962.0,23467.5,22833.0,22930.5,43611.005
2022-08-02 20:00:00+00:00,22930.5,23146.5,22893.5,22972.0,14688.425
2022-08-03 00:00:00+00:00,22972.0,23056.0,22679.5,22845.0,17187.58
2022-08-03 04:00:00+00:00,22845.0,23052.0,22789.0,22969.5,12130.82
2022-08-03 08:00:00+00:00,22969.5,23479.5,22969.5,23387.0,28725.457
2022-08-03 12:00:00+00:00,23387.0,23655.0,23177.0,23343.5,40398.855
2022-08-03 16:00:00+00:00,23343.5,23572.0,23255.0,23445.5,25190.403
2022-08-03 20:00:00+00:00,23445.5,23469.0,22711.0,22813.0,30555.62
2022-08-04 00:00:00+00:00,22813.0,23201.0,22785.5,23079.5,21434.335
2022-08-04 04:00:00+00:00,23079.5,23172.0,22811.5,22930.0,19788.489
2022-08-04 08:00:00+00:00,22930.0,22949.5,22761.0,22868.5,22914.337
2022-08-04 12:00:00+00:00,22868.5,23124.5,22730.0,22915.5,41153.285
2022-08-04 16:00:00+00:00,22915.5,22974.0,22350.0,22440.0,42904.484
2022-08-04 20:00:00+00:00,22440.0,22653.5,22435.0,22602.5,12686.996
2022-08-05 00:00:00+00:00,22602.5,23198.5,22575.5,23158.5,29647.208
2022-08-05 04:00:00+00:00,23158.5,23427.0,23055.0,23180.0,25410.449
2022-08-05 08:00:00+00:00,23180.0,23420.0,23090.0,23386.5,20137.123
2022-08-05 12:00:00+00:00,23386.5,23494.0,22866.0,22981.5,54682.114
2022-08-05 16:00:00+00:00,22981.5,23090.0,22743.5,22925.5,22826.523
2022-08-05 20:00:00+00:00,22925.5,23300.5,22829.5,23298.0,19657.421
2022-08-06 00:00:00+00:00,23298.0,23333.0,23137.0,23163.0,12058.539
2022-08-06 04:00:00+00:00,23163.0,23224.0,23120.5,23189.5,7733.981
2022-08-06 08:00:00+00:00,23189.5,23243.5,23083.5,23147.0,8122.472
2022-08-06 12:00:00+00:00,23147.0,23227.0,23147.0,23197.0,5689.94
2022-08-06 16:00:00+00:00,23197.0,23257.5,22943.5,23177.5,14659.111
2022-08-06 20:00:00+00:00,23177.5,23205.0,22894.0,22950.0,11105.935
2022-08-07 00:00:00+00:00,22950.0,23042.0,22846.0,22979.0,11853.799
2022-08-07 04:00:00+00:00,22979.0,23015.5,22927.0,23001.5,5663.205
2022-08-07 08:00:00+00:00,23001.5,23049.0,22882.5,23024.5,10146.051
2022-08-07 12:00:00+00:00,23024.5,23187.0,23001.0,23013.0,16814.35
2022-08-07 16:00:00+00:00,23013.0,23288.5,22988.0,23146.5,14337.631
2022-08-07 20:00:00+00:00,23146.5,23388.5,23048.0,23167.0,14327.238
2022-08-08 00:00:00+00:00,23167.0,23330.5,23145.5,23287.0,11497.502
2022-08-08 04:00:00+00:00,23287.0,23850.0,23262.5,23792.0,33099.061
2022-08-08 08:00:00+00:00,23792.0,24178.0,23754.0,24154.0,34597.484
2022-08-08 12:00:00+00:00,24154.0,24236.5,23891.0,23988.0,33261.775
2022-08-08 16:00:00+00:00,23988.0,23996.5,23787.5,23921.0,17188.695
2022-08-08 20:00:00+00:00,23921.0,24087.5,23675.5,23809.5,22912.008
2022-08-09 00:00:00+00:00,23809.5,23862.0,23624.0,23821.0,11008.28
2022-08-09 04:00:00+00:00,23821.0,23910.0,23744.5,23860.5,10341.522
2022-08-09 08:00:00+00:00,23860.5,23880.0,23178.5,23266.0,42620.379
2022-08-09 12:00:00+00:00,23266.0,23319.0,22847.5,23065.0,41956.826
2022-08-09 16:00:00+00:00,23065.0,23131.0,22962.0,23055.5,14703.688
2022-08-09 20:00:00+00:00,23055.5,23249.0,23045.5,23139.0,11483.391
2022-08-10 00:00:00+00:00,23139.0,23139.0,22521.0,22847.0,28235.454
2022-08-10 04:00:00+00:00,22847.0,22990.0,22835.0,22950.0,11676.724
2022-08-10 08:00:00+00:00,22950.0,23194.0,22949.5,23107.0,18209.993
2022-08-10 12:00:00+00:00,23107.0,24170.0,22989.0,23984.5,91574.292
2022-08-10 16:00:00+00:00,23984.5,24075.0,23463.5,23630.0,31282.162
2022-08-10 20:00:00+00:00,23630.0,24223.0,23620.0,23940.0,29010.52
2022-08-11 00:00:00+00:00,23940.0,24480.0,23901.5,24309.5,36262.501
2022-08-11 04:00:00+00:00,24309.5,24738.5,24275.0,24413.5,36506.72
2022-08-11 08:00:00+00:00,24413.5,24677.0,24337.5,24547.0,20916.868
2022-08-11 12:00:00+00:00,24547.0,24950.0,24271.5,24337.0,65514.106
2022-08-11 16:00:00+00:00,24337.0,24411.0,24070.0,24215.5,26962.492
2022-08-11 20:00:00+00:00,24215.5,24325.5,23850.0,23927.0,23566.152
2022-08-12 00:00:00+00:00,23927.0,24084.5,23754.5,23999.5,21394.543
2022-08-12 04:00:00+00:00,23999.5,24038.5,23865.0,23939.5,10347.377
2022-08-12 08:00:00+00:00,23939.5,24129.5,23557.0,23663.0,31331.287
2022-08-12 12:00:00+00:00,23663.0,23989.0,23640.5,23961.0,28239.027
2022-08-12 16:00:00+00:00,23961.0,24250.0,23934.0,24168.0,22520.076
2022-08-12 20:00:00+00:00,24168.0,24430.0,24035.5,24378.5,19589.831
2022-08-13 00:00:00+00:00,24378.5,24795.0,24321.5,24789.0,24845.364
2022-08-13 04:00:00+00:00,24789.0,24867.0,24542.5,24560.5,22250.617
2022-08-13 08:00:00+00:00,24560.5,24639.0,24283.0,24425.5,27488.996
2022-08-13 12:00:00+00:00,24425.5,24585.0,24283.5,24499.0,15897.724
2022-08-13 16:00:00+00:00,24499.0,24575.0,24315.0,24382.0,11647.819
2022-08-13 20:00:00+00:00,24382.0,24534.0,24310.0,24420.0,9508.929
2022-08-14 00:00:00+00:00,24420.0,24625.0,24334.5,24550.5,13704.65
2022-08-14 04:00:00+00:00,24550.5,25031.0,24466.0,24859.5,28395.774
2022-08-14 08:00:00+00:00,24859.5,24860.0,24510.0,24548.0,26848.114
2022-08-14 12:00:00+00:00,24548.0,24574.0,24382.0,24513.0,15937.622
2022-08-14 16:00:00+00:00,24513.0,24539.0,24109.0,24269.5,26007.34
2022-08-14 20:00:00+00:00,24269.5,24422.5,24160.0,24290.5,12658.458
2022-08-15 00:00:00+00:00,24290.5,25199.0,24154.5,24853.0,53083.162
2022-08-15 04:00:00+00:00,24853.0,24974.0,23934.0,24018.0,58887.04
2022-08-15 08:00:00+00:00,24018.0,24295.0,23862.0,24034.5,31622.184
2022-08-15 12:00:00+00:00,24034.5,24245.5,23884.5,24220.5,30149.878
2022-08-15 16:00:00+00:00,24220.5,24267.5,23950.0,23964.0,18561.887
2022-08-15 20:00:00+00:00,23964.0,24175.5,23760.0,24080.5,23182.687
2022-08-16 00:00:00+00:00,24080.5,24227.0,23850.0,24065.0,22784.287
2022-08-16 04:00:00+00:00,24065.0,24126.5,23776.0,24048.0,16077.669
2022-08-16 08:00:00+00:00,24048.0,24134.5,23960.0,24011.5,12846.855
2022-08-16 12:00:00+00:00,24011.5,24072.0,23665.0,23883.0,39763.726
2022-08-16 16:00:00+00:00,23883.0,24045.0,23680.0,23916.0,27204.683
2022-08-16 20:00:00+00:00,23916.0,23975.5,23794.0,23839.0,8643.146
2022-08-17 00:00:00+00:00,23839.0,24072.5,23815.0,23989.5,15721.816
2022-08-17 04:00:00+00:00,23989.5,24436.5,23650.0,23778.5,49639.301
2022-08-17 08:00:00+00:00,23778.5,23910.0,23671.0,23725.0,23031.502
2022-08-17 12:00:00+00:00,23725.0,23742.0,23310.0,23383.5,47694.108
2022-08-17 16:00:00+00:00,23383.5,23618.5,23222.0,23265.0,34740.933
2022-08-17 20:00:00+00:00,23265.0,23395.0,23166.0,23327.0,15723.757
2022-08-18 00:00:00+00:00,23327.0,23501.0,23285.0,23423.5,10338.589
2022-08-18 04:00:00+00:00,23423.5,23449.0,23322.5,23396.0,10838.086
2022-08-18 08:00:00+00:00,23396.0,23565.5,23333.5,23517.5,16578.044
2022-08-18 12:00:00+00:00,23517.5,23581.0,23344.0,23442.0,21520.995
2022-08-18 16:00:00+00:00,23442.0,23455.5,23229.0,23340.5,21592.448
2022-08-18 20:00:00+00:00,23340.5,23440.0,23100.0,23188.0,15106.717
2022-08-19 00:00:00+00:00,23188.0,23198.0,22700.0,22762.0,37851.359
2022-08-19 04:00:00+00:00,22762.0,22824.0,21101.0,21891.0,79392.483
2022-08-19 08:00:00+00:00,21891.0,21900.0,21250.0,21458.0,63902.699
2022-08-19 12:00:00+00:00,21458.0,21579.5,21250.0,21434.0,41477.725
2022-08-19 16:00:00+00:00,21434.0,21645.0,21129.0,21318.0,35171.764
2022-08-19 20:00:00+00:00,21318.0,21367.5,20754.5,20819.0,54512.041
2022-08-20 00:00:00+00:00,20819.0,21190.0,20785.0,21127.0,26181.787
2022-08-20 04:00:00+00:00,21127.0,21365.0,21071.0,21295.0,26506.662
2022-08-20 08:00:00+00:00,21295.0,21295.0,21108.0,21225.0,17715.032
2022-08-20 12:00:00+00:00,21225.0,21328.0,21191.0,21288.0,16082.682
2022-08-20 16:00:00+00:00,21288.0,21343.0,20924.0,20980.5,32451.464
2022-08-20 20:00:00+00:00,20980.5,21250.0,20730.0,21124.0,34472.916
2022-08-21 00:00:00+00:00,21124.0,21307.0,21111.5,21195.5,13509.641
2022-08-21 04:00:00+00:00,21195.5,21267.5,21060.5,21234.5,12804.883
2022-08-21 08:00:00+00:00,21234.5,21558.0,21214.5,21509.0,32795.476
2022-08-21 12:00:00+00:00,21509.0,21565.0,21294.0,21409.5,17986.464
2022-08-21 16:00:00+00:00,21409.5,21538.0,21319.5,21494.5,16117.311
2022-08-21 20:00:00+00:00,21494.5,21780.0,21262.0,21505.5,41244.265
2022-08-22 00:00:00+00:00,21505.5,21523.0,21355.0,21407.5,12677.264
2022-08-22 04:00:00+00:00,21407.5,21479.0,21042.0,21094.5,29763.484
2022-08-22 08:00:00+00:00,21094.5,21330.0,20858.0,21234.5,43783.519
2022-08-22 12:00:00+00:00,21234.5,21428.0,21062.5,21387.5,43222.309
2022-08-22 16:00:00+00:00,21387.5,21538.0,20955.5,21043.5,32728.66
2022-08-22 20:00:00+00:00,21043.5,21414.0,21030.0,21382.5,20535.927
2022-08-23 00:00:00+00:00,21382.5,21455.0,21200.0,21232.0,15957.017
2022-08-23 04:00:00+00:00,21232.0,21304.0,20885.0,21290.0,33216.441
2022-08-23 08:00:00+00:00,21290.0,21565.0,21274.0,21440.5,42157.102
2022-08-23 12:00:00+00:00,21440.5,21678.5,21323.0,21464.0,46078.706
2022-08-23 16:00:00+00:00,21464.0,21586.0,21339.0,21508.0,18457.221
2022-08-23 20:00:00+00:00,21508.0,21650.0,21415.0,21516.5,13212.62
2022-08-24 00:00:00+00:00,21516.5,21537.5,21138.5,21256.0,27240.517
2022-08-24 04:00:00+00:00,21256.0,21487.0,21220.5,21304.5,21231.579
2022-08-24 08:00:00+00:00,21304.5,21457.0,21257.5,21431.0,16774.188
2022-08-24 12:00:00+00:00,21431.0,21625.0,21362.5,21602.5,29425.737
2022-08-24 16:00:00+00:00,21602.5,21880.0,21600.0,21689.0,35338.645
2022-08-24 20:00:00+00:00,21689.0,21743.0,21351.0,21353.0,23757.231
2022-08-25 00:00:00+00:00,21353.0,21636.5,21303.5,21460.0,21113.681
2022-08-25 04:00:00+00:00,21460.0,21750.0,21454.0,21732.5,19773.522
2022-08-25 08:00:00+00:00,21732.5,21810.0,21604.0,21717.0,18153.393
2022-08-25 12:00:00+00:00,21717.0,21768.5,21480.0,21562.0,30558.77
2022-08-25 16:00:00+00:00,21562.0,21632.0,21421.5,21592.0,19217.441
2022-08-25 20:00:00+00:00,21592.0,21667.5,21506.0,21549.5,9678.156
2022-08-26 00:00:00+00:00,21549.5,21598.0,21424.5,21541.0,12854.342
2022-08-26 04:00:00+00:00,21541.0,21548.5,21320.0,21440.0,20398.243
2022-08-26 08:00:00+00:00,21440.0,21464.5,21096.5,21182.5,29009.118
2022-08-26 12:00:00+00:00,21182.5,21869.0,20607.5,20769.0,145575.201
2022-08-26 16:00:00+00:00,20769.0,20829.5,20510.0,20631.5,39596.375
2022-08-26 20:00:00+00:00,20631.5,20739.0,20085.0,20230.5,36164.414
2022-08-27 00:00:00+00:00,20230.5,20366.0,20120.5,20193.5,20938.84
2022-08-27 04:00:00+00:00,20193.5,20262.5,19910.0,20259.5,33148.02
2022-08-27 08:00:00+00:00,20259.5,20261.5,20132.0,20198.0,13143.067
2022-08-27 12:00:00+00:00,20198.0,20229.5,19761.0,19975.5,33413.108
2022-08-27 16:00:00+00:00,19975.5,20083.0,19832.0,20009.0,20492.299
2022-08-27 20:00:00+00:00,20009.0,20093.5,19840.5,20027.5,13031.53
2022-08-28 00:00:00+00:00,20027.5,20174.0,19920.5,19986.0,14942.835
2022-08-28 04:00:00+00:00,19986.0,20072.0,19931.5,20040.0,8661.909
2022-08-28 08:00:00+00:00,20040.0,20096.5,19935.0,20020.5,11389.061
2022-08-28 12:00:00+00:00,20020.5,20039.0,19797.0,20007.5,25001.875
2022-08-28 16:00:00+00:00,20007.5,20135.5,19939.0,19965.5,17172.949
2022-08-28 20:00:00+00:00,19965.5,20039.0,19511.0,19548.0,31402.722
2022-08-29 00:00:00+00:00,19548.0,19942.0,19547.5,19847.5,29035.537
2022-08-29 04:00:00+00:00,19847.5,19920.0,19735.0,19877.5,17372.57
2022-08-29 08:00:00+00:00,19877.5,19900.0,19759.0,19813.5,13138.717
2022-08-29 12:00:00+00:00,19813.5,20362.5,19800.0,20249.0,62969.594
2022-08-29 16:00:00+00:00,20249.0,20430.0,20076.5,20089.5,27593.885
2022-08-29 20:00:00+00:00,20089.5,20334.5,20071.0,20277.5,14826.496
2022-08-30 00:00:00+00:00,20277.5,20277.5,20093.5,20259.5,12215.57
2022-08-30 04:00:00+00:00,20259.5,20569.0,20247.0,20426.5,34042.373
2022-08-30 08:00:00+00:00,20426.5,20497.0,20314.0,20395.5,18801.194
2022-08-30 12:00:00+00:00,20395.5,20441.0,19610.0,19752.0,69231.781
2022-08-30 16:00:00+00:00,19752.0,20079.0,19530.0,19939.0,55853.124
2022-08-30 20:00:00+00:00,19939.0,20048.0,19731.0,19803.5,23865.118
2022-08-31 00:00:00+00:00,19803.5,20452.0,19791.5,20391.5,34609.403
2022-08-31 04:00:00+00:00,20391.5,20499.5,20177.5,20245.0,21733.134
2022-08-31 08:00:00+00:00,20245.0,20393.5,20120.0,20305.0,25013.12
2022-08-31 12:00:00+00:00,20305.0,20425.0,19852.0,20134.5,55887.182
2022-08-31 16:00:00+00:00,20134.5,20318.0,19871.0,20214.0,36269.534
2022-08-31 20:00:00+00:00,20214.0,20290.0,19966.0,20050.5,15644.258
2022-09-01 00:00:00+00:00,20050.5,20197.5,19908.0,20015.0,19704.37
2022-09-01 04:00:00+00:00,20015.0,20123.0,19771.0,19891.5,23432.305
2022-09-01 08:00:00+00:00,19891.5,20120.0,19807.0,20064.0,23968.904
2022-09-01 12:00:00+00:00,20064.0,20085.0,19649.5,19774.0,47415.59
2022-09-01 16:00:00+00:00,19774.0,19929.5,19560.0,19862.5,41617.934
2022-09-01 20:00:00+00:00,19862.5,20175.5,19835.0,20124.5,26703.564
2022-09-02 00:00:00+00:00,20124.5,20244.5,19953.0,20150.0,20294.308
2022-09-02 04:00:00+00:00,20150.0,20290.0,20032.5,20105.0,15908.488
2022-09-02 08:00:00+00:00,20105.0,20164.0,19980.0,20080.0,16525.49
2022-09-02 12:00:00+00:00,20080.0,20428.0,20017.0,20346.5,63059.678
2022-09-02 16:00:00+00:00,20346.5,20364.5,19745.5,19907.0,57596.281
2022-09-02 20:00:00+00:00,19907.0,20020.0,19854.5,19940.5,13171.149
2022-09-03 00:00:00+00:00,19940.5,20043.0,19850.5,19888.5,10427.006
2022-09-03 04:00:00+00:00,19888.5,19950.0,19753.0,19812.5,12236.06
2022-09-03 08:00:00+00:00,19812.5,19871.5,19711.0,19797.5,16141.297
2022-09-03 12:00:00+00:00,19797.5,19898.5,19750.0,19763.5,12217.917
2022-09-03 16:00:00+00:00,19763.5,19826.0,19642.0,19708.5,17646.133
2022-09-03 20:00:00+00:00,19708.5,19838.0,19678.0,19821.5,9531.667
2022-09-04 00:00:00+00:00,19821.5,19849.0,19732.5,19770.5,6429.284
2022-09-04 04:00:00+00:00,19770.5,19799.0,19600.0,19631.0,12684.718
2022-09-04 08:00:00+00:00,19631.0,19847.0,19585.0,19841.5,22273.692
2022-09-04 12:00:00+00:00,19841.5,19931.5,19650.0,19782.5,28769.869
2022-09-04 16:00:00+00:00,19782.5,19943.5,19717.0,19870.5,21284.501
2022-09-04 20:00:00+00:00,19870.5,20018.0,19810.0,19986.5,14233.325
2022-09-05 00:00:00+00:00,19986.5,20044.5,19799.5,19877.5,16462.458
2022-09-05 04:00:00+00:00,19877.5,19898.5,19676.0,19744.5,19336.46
2022-09-05 08:00:00+00:00,19744.5,19794.5,19623.0,19695.0,19235.397
2022-09-05 12:00:00+00:00,19695.0,19938.5,19662.0,19844.0,28314.364
2022-09-05 16:00:00+00:00,19844.0,19895.5,19662.0,19705.5,21877.183
2022-09-05 20:00:00+00:00,19705.5,19858.0,19692.0,19780.0,12453.829
2022-09-06 00:00:00+00:00,19780.0,20164.5,19650.0,19776.5,53628.563
2022-09-06 04:00:00+00:00,19776.5,19933.5,19730.0,19894.5,21882.818
2022-09-06 08:00:00+00:00,19894.5,20020.0,19839.0,19910.0,24574.196
2022-09-06 12:00:00+00:00,19910.0,19980.0,19664.0,19812.5,41957.023
2022-09-06 16:00:00+00:00,19812.5,19843.5,18701.0,18816.5,99407.276
2022-09-06 20:00:00+00:00,18816.5,19070.0,18617.0,18782.5,34146.546
2022-09-07 00:00:00+00:00,18782.5,18860.0,18451.0,18741.0,37682.481
2022-09-07 04:00:00+00:00,18741.0,18833.0,18665.5,18789.5,16269.77
2022-09-07 08:00:00+00:00,18789.5,18846.5,18673.0,18730.0,13773.814
2022-09-07 12:00:00+00:00,18730.0,18950.0,18669.5,18860.5,32476.811
2022-09-07 16:00:00+00:00,18860.5,19190.5,18845.0,18983.0,34041.605
2022-09-07 20:00:00+00:00,18983.0,19447.5,18982.5,19287.0,38667.363
2022-09-08 00:00:00+00:00,19287.0,19369.5,19150.5,19212.0,15506.556
2022-09-08 04:00:00+00:00,19212.0,19372.0,19054.0,19162.5,24519.707
2022-09-08 08:00:00+00:00,19162.5,19398.0,19129.0,19297.5,22075.807
2022-09-08 12:00:00+00:00,19297.5,19372.5,19010.5,19238.0,60451.846
2022-09-08 16:00:00+00:00,19238.0,19339.5,19084.5,19339.0,24020.271
2022-09-08 20:00:00+00:00,19339.0,19440.0,19245.5,19304.5,17943.515
2022-09-09 00:00:00+00:00,19304.5,19950.0,19284.5,19930.0,41880.95
2022-09-09 04:00:00+00:00,19930.0,20825.0,19915.0,20611.0,93378.376
2022-09-09 08:00:00+00:00,20611.0,21178.0,20606.5,20928.0,64686.686
2022-09-09 12:00:00+00:00,20928.0,21322.0,20910.0,21255.0,56695.185
2022-09-09 16:00:00+00:00,21255.0,21421.5,21119.5,21274.5,37645.657
2022-09-09 20:00:00+00:00,21274.5,21666.0,21176.0,21350.5,25755.759
2022-09-10 00:00:00+00:00,21350.5,21381.0,21157.0,21288.5,13154.94
2022-09-10 04:00:00+00:00,21288.5,21656.5,21230.0,21266.0,26492.23
2022-09-10 08:00:00+00:00,21266.0,21378.0,21247.5,21280.5,11710.632
2022-09-10 12:00:00+00:00,21280.5,21356.0,21113.0,21210.0,20527.711
2022-09-10 16:00:00+00:00,21210.0,21625.0,21162.5,21566.5,27090.088
2022-09-10 20:00:00+00:00,21566.5,21798.0,21332.0,21632.5,33049.298
2022-09-11 00:00:00+00:00,21632.5,21666.0,21432.5,21532.0,13216.814
2022-09-11 04:00:00+00:00,21532.0,21627.0,21333.0,21596.5,16366.395
2022-09-11 08:00:00+00:00,21596.5,21727.5,21543.5,21598.5,14720.553
2022-09-11 12:00:00+00:00,21598.5,21748.0,21427.5,21625.5,19539.819
2022-09-11 16:00:00+00:00,21625.5,21879.5,21505.0,21607.5,21494.236
2022-09-11 20:00:00+00:00,21607.5,21841.0,21434.5,21810.0,27603.441
2022-09-12 00:00:00+00:00,21810.0,22391.0,21530.5,21653.5,65428.993
2022-09-12 04:00:00+00:00,21653.5,22230.0,21611.5,22177.5,28181.02
2022-09-12 08:00:00+00:00,22177.5,22469.5,21966.0,22294.0,46100.215
2022-09-12 12:00:00+00:00,22294.0,22483.0,22004.0,22107.5,44478.485
2022-09-12 16:00:00+00:00,22107.5,22436.0,22012.5,22409.0,26303.463
2022-09-12 20:00:00+00:00,22409.0,22488.0,22250.0,22388.5,15618.529
2022-09-13 00:00:00+00:00,22388.5,22436.5,22058.0,22219.5,21688.703
2022-09-13 04:00:00+00:00,22219.5,22659.0,22168.0,22268.5,33432.474
2022-09-13 08:00:00+00:00,22268.5,22711.0,22181.5,22522.5,35903.245
2022-09-13 12:00:00+00:00,22522.5,22794.0,20758.0,20823.0,145307.848
2022-09-13 16:00:00+00:00,20823.0,20927.0,20040.0,20274.0,85253.948
2022-09-13 20:00:00+00:00,20274.0,20398.0,19835.0,20164.0,37306.262
2022-09-14 00:00:00+00:00,20164.0,20518.0,20031.0,20309.5,26150.07
2022-09-14 04:00:00+00:00,20309.5,20396.0,20130.0,20238.0,19218.525
2022-09-14 08:00:00+00:00,20238.0,20408.5,20070.5,20216.0,22779.674
2022-09-14 12:00:00+00:00,20216.0,20375.0,20063.0,20166.5,41419.522
2022-09-14 16:00:00+00:00,20166.5,20224.0,19590.5,19940.5,57977.583
2022-09-14 20:00:00+00:00,19940.5,20377.5,19840.5,20220.0,25491.725
2022-09-15 00:00:00+00:00,20220.0,20255.0,19912.5,20018.5,24001.951
2022-09-15 04:00:00+00:00,20018.5,20319.0,19945.5,20191.5,34719.67
2022-09-15 08:00:00+00:00,20191.5,20211.5,20023.0,20135.5,15818.946
2022-09-15 12:00:00+00:00,20135.5,20180.0,19472.0,19731.0,63722.224
2022-09-15 16:00:00+00:00,19731.0,19940.5,19645.5,19774.5,27254.921
2022-09-15 20:00:00+00:00,19774.5,19895.5,19568.5,19692.5,18541.433
2022-09-16 00:00:00+00:00,19692.5,19799.5,19578.0,19741.0,14466.568
2022-09-16 04:00:00+00:00,19741.0,19849.0,19718.0,19733.0,10203.746
2022-09-16 08:00:00+00:00,19733.0,19878.5,19604.5,19856.0,21113.176
2022-09-16 12:00:00+00:00,19856.0,19865.0,19435.0,19652.5,49355.485
2022-09-16 16:00:00+00:00,19652.5,19652.5,19315.0,19608.0,38154.308
2022-09-16 20:00:00+00:00,19608.0,19815.5,19605.5,19790.5,13998.659
2022-09-17 00:00:00+00:00,19790.5,20079.5,19759.5,19872.0,21696.528
2022-09-17 04:00:00+00:00,19872.0,19976.0,19770.5,19836.0,11976.855
2022-09-17 08:00:00+00:00,19836.0,19907.0,19797.0,19803.5,8250.903
2022-09-17 12:00:00+00:00,19803.5,20025.0,19734.0,19947.5,16367.699
2022-09-17 16:00:00+00:00,19947.5,20176.5,19922.0,20001.0,22306.703
2022-09-17 20:00:00+00:00,20001.0,20135.0,19917.5,20106.0,10465.675
2022-09-18 00:00:00+00:00,20106.0,20106.0,19938.0,19991.0,10528.035
2022-09-18 04:00:00+00:00,19991.0,20081.5,19948.0,20040.5,7188.942
2022-09-18 08:00:00+00:00,20040.5,20092.0,19749.0,19918.5,25163.338
2022-09-18 12:00:00+00:00,19918.5,20015.0,19716.5,19803.0,22934.653
2022-09-18 16:00:00+00:00,19803.0,19869.5,19550.0,19716.0,32492.308
2022-09-18 20:00:00+00:00,19716.0,19745.0,19333.0,19408.5,30710.844
2022-09-19 00:00:00+00:00,19408.5,19509.5,18630.0,18768.0,53921.161
2022-09-19 04:00:00+00:00,18768.0,18859.5,18110.0,18453.5,53520.057
2022-09-19 08:00:00+00:00,18453.5,18793.5,18358.0,18673.5,34250.528
2022-09-19 12:00:00+00:00,18673.5,19424.5,18666.0,19070.5,74228.525
2022-09-19 16:00:00+00:00,19070.5,19546.0,18871.5,19506.0,49912.806
2022-09-19 20:00:00+00:00,19506.0,19675.0,19408.0,19527.5,29604.752
2022-09-20 00:00:00+00:00,19527.5,19626.0,19161.5,19351.5,28607.474
2022-09-20 04:00:00+00:00,19351.5,19582.5,19231.0,19352.0,28466.359
2022-09-20 08:00:00+00:00,19352.0,19426.0,19135.5,19210.5,24763.445
2022-09-20 12:00:00+00:00,19210.5,19257.0,18770.0,19228.0,72660.42
2022-09-20 16:00:00+00:00,19228.0,19313.5,18716.0,18984.0,57945.173
2022-09-20 20:00:00+00:00,18984.0,19087.0,18769.5,18870.0,21539.786
2022-09-21 00:00:00+00:00,18870.0,19050.0,18821.5,19014.0,13820.475
2022-09-21 04:00:00+00:00,19014.0,19128.0,18788.0,18936.0,23175.076
2022-09-21 08:00:00+00:00,18936.0,19194.0,18822.0,19152.0,25923.926
2022-09-21 12:00:00+00:00,19152.0,19481.5,19080.0,19184.0,64208.182
2022-09-21 16:00:00+00:00,19184.0,20045.0,18474.0,18993.0,229581.426
2022-09-21 20:00:00+00:00,18993.0,19063.5,18100.0,18446.5,74103.373
2022-09-22 00:00:00+00:00,18446.5,18776.5,18345.0,18677.5,33082.664
2022-09-22 04:00:00+00:00,18677.5,18955.0,18613.0,18921.5,30134.242
2022-09-22 08:00:00+00:00,18921.5,19285.0,18894.0,19222.5,45828.786
2022-09-22 12:00:00+00:00,19222.5,19314.5,18787.5,18983.5,53354.873
2022-09-22 16:00:00+00:00,18983.5,19479.0,18764.5,19295.0,41385.021
2022-09-22 20:00:00+00:00,19295.0,19518.5,19132.0,19394.5,25499.901
2022-09-23 00:00:00+00:00,19394.5,19458.0,19210.5,19378.0,17911.642
2022-09-23 04:00:00+00:00,19378.0,19486.5,19178.0,19212.0,19995.581
2022-09-23 08:00:00+00:00,19212.0,19260.5,18831.0,18850.0,37616.615
2022-09-23 12:00:00+00:00,18850.0,19065.5,18524.5,18707.5,69698.776
2022-09-23 16:00:00+00:00,18707.5,18838.5,18555.0,18801.5,41514.874
2022-09-23 20:00:00+00:00,18801.5,19394.5,18789.0,19282.0,40278.213
2022-09-24 00:00:00+00:00,19282.0,19299.0,19021.5,19114.5,20505.953
2022-09-24 04:00:00+00:00,19114.5,19176.0,18897.0,18985.5,16620.96
2022-09-24 08:00:00+00:00,18985.5,19108.5,18931.0,19045.0,16068.059
2022-09-24 12:00:00+00:00,19045.0,19213.0,19004.5,19114.5,20624.547
2022-09-24 16:00:00+00:00,19114.5,19186.0,19047.0,19099.5,9863.209
2022-09-24 20:00:00+00:00,19099.5,19140.0,18801.5,18911.0,21317.322
2022-09-25 00:00:00+00:00,18911.0,19049.5,18902.5,19041.5,11110.345
2022-09-25 04:00:00+00:00,19041.5,19119.5,18933.0,19089.5,11738.828
2022-09-25 08:00:00+00:00,19089.5,19185.0,18972.0,19108.5,12259.224
2022-09-25 12:00:00+00:00,19108.5,19130.0,18821.5,18978.0,23658.165
2022-09-25 16:00:00+00:00,18978.0,19110.0,18855.0,18911.0,25482.526
2022-09-25 20:00:00+00:00,18911.0,18942.0,18620.5,18800.0,28053.799
2022-09-26 00:00:00+00:00,18800.0,18946.0,18706.0,18860.0,23958.514
2022-09-26 04:00:00+00:00,18860.0,18920.0,18670.0,18899.5,24259.415
2022-09-26 08:00:00+00:00,18899.5,19318.5,18793.0,18866.0,61448.684
2022-09-26 12:00:00+00:00,18866.0,19268.0,18808.0,19107.0,57702.9
2022-09-26 16:00:00+00:00,19107.0,19255.0,18959.0,19188.5,32579.081
2022-09-26 20:00:00+00:00,19188.5,19232.0,19051.5,19213.5,16980.811
2022-09-27 00:00:00+00:00,19213.5,20298.0,19180.0,20092.5,85687.446
2022-09-27 04:00:00+00:00,20092.5,20360.5,19943.5,20172.5,39071.532
2022-09-27 08:00:00+00:00,20172.5,20336.0,20081.5,20217.0,30901.954
2022-09-27 12:00:00+00:00,20217.0,20383.5,19863.0,19879.0,62002.263
2022-09-27 16:00:00+00:00,19879.0,19940.0,18798.5,19071.5,127649.28
2022-09-27 20:00:00+00:00,19071.5,19151.5,18908.5,19071.0,23614.963
2022-09-28 00:00:00+00:00,19071.0,19222.0,18453.0,18736.0,59432.855
2022-09-28 04:00:00+00:00,18736.0,18870.0,18615.0,18772.0,26375.137
2022-09-28 08:00:00+00:00,18772.0,19141.0,18559.5,18948.0,64428.302
2022-09-28 12:00:00+00:00,18948.0,19489.0,18937.5,19478.5,73968.219
2022-09-28 16:00:00+00:00,19478.5,19652.0,19247.0,19528.5,63547.98
2022-09-28 20:00:00+00:00,19528.5,19791.0,19382.5,19407.0,35363.169
2022-09-29 00:00:00+00:00,19407.0,19592.0,19256.0,19495.0,34485.383
2022-09-29 04:00:00+00:00,19495.0,19627.5,19258.0,19353.0,34784.508
2022-09-29 08:00:00+00:00,19353.0,19534.0,19300.0,19454.5,30559.423
2022-09-29 12:00:00+00:00,19454.5,19465.5,18831.0,19282.0,111871.623
2022-09-29 16:00:00+00:00,19282.0,19638.5,19106.5,19393.5,80346.704
2022-09-29 20:00:00+00:00,19393.5,19615.5,19372.0,19579.5,19595.849
2022-09-30 00:00:00+00:00,19579.5,19695.0,19290.0,19388.5,30344.477
2022-09-30 04:00:00+00:00,19388.5,19626.0,19384.0,19557.5,20183.501
2022-09-30 08:00:00+00:00,19557.5,19620.0,19366.5,19429.5,22214.412
2022-09-30 12:00:00+00:00,19429.5,20165.0,19135.5,19739.0,130826.131
2022-09-30 16:00:00+00:00,19739.0,19864.5,19450.0,19464.5,64048.73
2022-09-30 20:00:00+00:00,19464.5,19531.0,19236.5,19409.5,35481.644
2022-10-01 00:00:00+00:00,19409.5,19473.5,19341.0,19407.5,10467.283
2022-10-01 04:00:00+00:00,19407.5,19411.5,19246.0,19304.5,14136.187
2022-10-01 08:00:00+00:00,19304.5,19366.0,19150.5,19306.5,17802.443
2022-10-01 12:00:00+00:00,19306.5,19395.5,19228.0,19321.0,15477.36
2022-10-01 16:00:00+00:00,19321.0,19339.5,19200.0,19257.5,14840.216
2022-10-01 20:00:00+00:00,19257.5,19336.0,19192.0,19302.5,8177.192
2022-10-02 00:00:00+00:00,19302.5,19339.0,19226.5,19297.5,6698.785
2022-10-02 04:00:00+00:00,19297.5,19385.5,19227.0,19277.5,12791.204
2022-10-02 08:00:00+00:00,19277.5,19287.0,19028.0,19185.0,26806.586
2022-10-02 12:00:00+00:00,19185.0,19235.0,19061.0,19137.0,14733.16
2022-10-02 16:00:00+00:00,19137.0,19332.0,19128.0,19248.0,17580.849
2022-10-02 20:00:00+00:00,19248.0,19290.0,18890.5,19054.0,36704.711
2022-10-03 00:00:00+00:00,19054.0,19247.0,18947.0,19162.0,20188.511
2022-10-03 04:00:00+00:00,19162.0,19300.0,19050.0,19188.0,20880.466
2022-10-03 08:00:00+00:00,19188.0,19257.5,19115.5,19242.0,14392.679
2022-10-03 12:00:00+00:00,19242.0,19484.5,19123.5,19326.0,57802.429
2022-10-03 16:00:00+00:00,19326.0,19649.5,19293.5,19534.5,48669.749
2022-10-03 20:00:00+00:00,19534.5,19720.0,19500.0,19617.5,20168.642
2022-10-04 00:00:00+00:00,19617.5,19715.0,19482.5,19585.5,17676.42
2022-10-04 04:00:00+00:00,19585.5,19982.5,19544.0,19955.5,45016.456
2022-10-04 08:00:00+00:00,19955.5,20150.0,19802.0,19925.0,47726.557
2022-10-04 12:00:00+00:00,19925.0,20300.0,19892.5,20086.5,52867.613
2022-10-04 16:00:00+00:00,20086.5,20266.5,19865.0,20205.5,38446.257
2022-10-04 20:00:00+00:00,20205.5,20451.0,20138.0,20326.5,32464.237
2022-10-05 00:00:00+00:00,20326.5,20354.5,20134.0,20181.0,15785.505
2022-10-05 04:00:00+00:00,20181.0,20286.5,20067.5,20209.5,20972.788
2022-10-05 08:00:00+00:00,20209.5,20228.5,19936.0,20018.0,32350.358
2022-10-05 12:00:00+00:00,20018.0,20058.0,19734.5,19990.5,63722.924
2022-10-05 16:00:00+00:00,19990.5,20338.5,19947.5,20107.5,56529.552
2022-10-05 20:00:00+00:00,20107.5,20212.0,19950.0,20149.0,25798.494
2022-10-06 00:00:00+00:00,20149.0,20425.0,20132.5,20342.5,36406.289
2022-10-06 04:00:00+00:00,20342.5,20435.0,20139.0,20217.0,27934.55
2022-10-06 08:00:00+00:00,20217.0,20250.0,20071.0,20236.0,25278.952
2022-10-06 12:00:00+00:00,20236.0,20316.0,19871.5,20002.5,77616.411
2022-10-06 16:00:00+00:00,20002.5,20270.0,19932.5,20004.5,35298.336
2022-10-06 20:00:00+00:00,20004.5,20064.5,19836.5,19954.5,19799.36
2022-10-07 00:00:00+00:00,19954.5,20042.0,19937.5,19974.0,11351.428
2022-10-07 04:00:00+00:00,19974.0,20002.0,19788.5,19913.5,19050.963
2022-10-07 08:00:00+00:00,19913.5,20025.0,19907.0,19989.5,16454.397
2022-10-07 12:00:00+00:00,19989.5,20078.0,19463.0,19574.0,102622.857
2022-10-07 16:00:00+00:00,19574.0,19601.0,19318.0,19456.0,43049.638
2022-10-07 20:00:00+00:00,19456.0,19636.5,19438.0,19517.5,16608.753
2022-10-08 00:00:00+00:00,19517.5,19614.0,19483.0,19495.0,10025.111
2022-10-08 04:00:00+00:00,19495.0,19533.5,19406.5,19490.5,11419.466
2022-10-08 08:00:00+00:00,19490.5,19539.5,19445.5,19528.0,8387.09
2022-10-08 12:00:00+00:00,19528.0,19530.0,19412.0,19483.0,10608.945
2022-10-08 16:00:00+00:00,19483.0,19521.5,19431.5,19458.0,8236.63
2022-10-08 20:00:00+00:00,19458.0,19470.0,19175.0,19405.0,26410.922
2022-10-09 00:00:00+00:00,19405.0,19444.5,19321.0,19362.0,9224.752
2022-10-09 04:00:00+00:00,19362.0,19429.0,19314.0,19400.0,9025.275
2022-10-09 08:00:00+00:00,19400.0,19552.0,19365.0,19462.0,17032.156
2022-10-09 12:00:00+00:00,19462.0,19534.5,19451.5,19524.0,11771.759
2022-10-09 16:00:00+00:00,19524.0,19547.0,19300.0,19460.5,17986.766
2022-10-09 20:00:00+00:00,19460.5,19485.5,19350.0,19436.5,11538.829
2022-10-10 00:00:00+00:00,19436.5,19522.5,19400.0,19441.5,9425.139
2022-10-10 04:00:00+00:00,19441.5,19466.0,19366.0,19403.5,11024.095
2022-10-10 08:00:00+00:00,19403.5,19406.0,19122.0,19323.5,40582.261
2022-10-10 12:00:00+00:00,19323.5,19434.5,19212.0,19266.0,35463.814
2022-10-10 16:00:00+00:00,19266.0,19358.0,19062.5,19209.5,39139.875
2022-10-10 20:00:00+00:00,19209.5,19277.5,18973.5,19122.5,23876.213
2022-10-11 00:00:00+00:00,19122.5,19123.0,18939.0,19042.0,28385.495
2022-10-11 04:00:00+00:00,19042.0,19110.5,19010.5,19077.5,15060.226
2022-10-11 08:00:00+00:00,19077.5,19159.5,19030.0,19150.0,15254.03
2022-10-11 12:00:00+00:00,19150.0,19258.0,18850.0,19132.5,66468.284
2022-10-11 16:00:00+00:00,19132.5,19177.0,18915.5,18989.5,29807.945
2022-10-11 20:00:00+00:00,18989.5,19054.5,18980.0,19052.5,9572.655
2022-10-12 00:00:00+00:00,19052.5,19123.0,19022.0,19043.5,12953.15
2022-10-12 04:00:00+00:00,19043.5,19189.5,19041.0,19108.0,16261.687
2022-10-12 08:00:00+00:00,19108.0,19186.0,19086.0,19108.0,12971.142
2022-10-12 12:00:00+00:00,19108.0,19185.0,18949.5,19134.0,40019.845
2022-10-12 16:00:00+00:00,19134.0,19170.0,19030.0,19129.5,15721.003
2022-10-12 20:00:00+00:00,19129.5,19227.5,19125.5,19148.0,10099.557
2022-10-13 00:00:00+00:00,19148.0,19163.0,19002.0,19083.0,14478.754
2022-10-13 04:00:00+00:00,19083.0,19100.0,18952.0,19005.5,15716.081
2022-10-13 08:00:00+00:00,19005.5,19032.0,18547.0,18743.5,61297.108
2022-10-13 12:00:00+00:00,18743.5,19195.0,18071.0,18946.0,165848.527
2022-10-13 16:00:00+00:00,18946.0,19522.0,18894.0,19357.5,75942.092
2022-10-13 20:00:00+00:00,19357.5,19484.5,19316.0,19366.0,17784.119
2022-10-14 00:00:00+00:00,19366.0,19944.0,19329.5,19801.5,46542.502
2022-10-14 04:00:00+00:00,19801.5,19836.5,19560.5,19632.5,26170.702
2022-10-14 08:00:00+00:00,19632.5,19733.5,19513.0,19586.5,25842.83
2022-10-14 12:00:00+00:00,19586.5,19835.0,19303.5,19351.0,66673.554
2022-10-14 16:00:00+00:00,19351.0,19390.0,19100.0,19164.0,39550.808
2022-10-14 20:00:00+00:00,19164.0,19211.0,19061.0,19171.5,13451.856
2022-10-15 00:00:00+00:00,19171.5,19216.5,19122.0,19195.5,7841.548
2022-10-15 04:00:00+00:00,19195.5,19196.5,19127.5,19157.0,5390.153
2022-10-15 08:00:00+00:00,19157.0,19167.0,19032.5,19156.5,16152.322
2022-10-15 12:00:00+00:00,19156.5,19190.0,19084.0,19125.0,10769.366
2022-10-15 16:00:00+00:00,19125.0,19150.0,19052.5,19090.0,6779.399
2022-10-15 20:00:00+00:00,19090.0,19127.0,18962.0,19063.0,16449.976
2022-10-16 00:00:00+00:00,19063.0,19155.0,19062.5,19113.0,6271.038
2022-10-16 04:00:00+00:00,19113.0,19145.0,19103.5,19123.5,4200.183
2022-10-16 08:00:00+00:00,19123.5,19184.0,19077.5,19135.0,9888.624
2022-10-16 12:00:00+00:00,19135.0,19165.5,19100.0,19151.0,7021.801
2022-10-16 16:00:00+00:00,19151.0,19374.0,19116.0,19366.5,16383.095
2022-10-16 20:00:00+00:00,19366.5,19411.0,19091.0,19252.5,30000.824
2022-10-17 00:00:00+00:00,19252.5,19297.0,19144.5,19183.0,10710.63
2022-10-17 04:00:00+00:00,19183.0,19312.0,19155.0,19288.0,13504.504
2022-10-17 08:00:00+00:00,19288.0,19532.5,19240.0,19448.0,32902.333
2022-10-17 12:00:00+00:00,19448.0,19668.0,19407.0,19522.0,55197.887
2022-10-17 16:00:00+00:00,19522.0,19576.5,19430.5,19514.5,18673.967
2022-10-17 20:00:00+00:00,19514.5,19616.5,19465.0,19540.0,14951.129
2022-10-18 00:00:00+00:00,19540.0,19614.0,19473.0,19541.0,14580.669
2022-10-18 04:00:00+00:00,19541.0,19694.0,19519.5,19652.0,24097.876
2022-10-18 08:00:00+00:00,19652.0,19652.0,19470.0,19553.5,22880.843
2022-10-18 12:00:00+00:00,19553.5,19661.0,19280.0,19369.5,55119.485
2022-10-18 16:00:00+00:00,19369.5,19430.0,19080.0,19212.5,39450.98
2022-10-18 20:00:00+00:00,19212.5,19426.0,19191.0,19320.5,25783.548
2022-10-19 00:00:00+00:00,19320.5,19345.0,19212.5,19280.5,11101.069
2022-10-19 04:00:00+00:00,19280.5,19297.5,19137.0,19214.0,18448.298
2022-10-19 08:00:00+00:00,19214.0,19275.0,19131.0,19197.0,23166.878
2022-10-19 12:00:00+00:00,19197.0,19296.5,19061.0,19262.0,38232.675
2022-10-19 16:00:00+00:00,19262.0,19271.0,19090.0,19227.5,18452.987
2022-10-19 20:00:00+00:00,19227.5,19243.0,19075.5,19121.5,12589.875
2022-10-20 00:00:00+00:00,19121.5,19160.0,18865.0,19034.5,28351.985
2022-10-20 04:00:00+00:00,19034.5,19198.0,19032.5,19138.5,18588.389
2022-10-20 08:00:00+00:00,19138.5,19240.0,19099.5,19201.0,18452.613
2022-10-20 12:00:00+00:00,19201.0,19345.0,19122.0,19249.5,37020.399
2022-10-20 16:00:00+00:00,19249.5,19249.5,18955.0,19060.0,38099.816
2022-10-20 20:00:00+00:00,19060.0,19091.0,18910.5,19041.5,18781.919
2022-10-21 00:00:00+00:00,19041.5,19125.0,18992.0,19041.0,11275.445
2022-10-21 04:00:00+00:00,19041.0,19077.0,18984.5,19026.0,10200.792
2022-10-21 08:00:00+00:00,19026.0,19033.0,18877.0,18936.5,22814.352
2022-10-21 12:00:00+00:00,18936.5,19159.5,18621.5,19154.5,81132.3
2022-10-21 16:00:00+00:00,19154.5,19247.0,19074.0,19176.0,29474.289
2022-10-21 20:00:00+00:00,19176.0,19235.5,19131.5,19153.0,9492.003
2022-10-22 00:00:00+00:00,19153.0,19176.0,19102.0,19142.0,6907.181
2022-10-22 04:00:00+00:00,19142.0,19162.5,19123.0,19154.0,3683.897
2022-10-22 08:00:00+00:00,19154.0,19175.0,19130.5,19164.5,5193.82
2022-10-22 12:00:00+00:00,19164.5,19239.5,19147.5,19225.0,13185.705
2022-10-22 16:00:00+00:00,19225.0,19232.5,19127.5,19172.5,8262.451
2022-10-22 20:00:00+00:00,19172.5,19215.0,19169.0,19189.5,4342.253
2022-10-23 00:00:00+00:00,19189.5,19205.0,19158.0,19188.0,3844.014
2022-10-23 04:00:00+00:00,19188.0,19212.0,19142.0,19155.0,5070.79
2022-10-23 08:00:00+00:00,19155.0,19175.0,19116.0,19145.0,6080.736
2022-10-23 12:00:00+00:00,19145.0,19199.5,19050.0,19181.5,12539.125
2022-10-23 16:00:00+00:00,19181.5,19522.5,19162.5,19485.5,37725.925
2022-10-23 20:00:00+00:00,19485.5,19683.5,19436.0,19559.0,30277.749
2022-10-24 00:00:00+00:00,19559.0,19590.0,19290.0,19379.5,25258.189
2022-10-24 04:00:00+00:00,19379.5,19380.0,19251.5,19315.0,17795.821
2022-10-24 08:00:00+00:00,19315.0,19439.0,19286.0,19411.0,17109.693
2022-10-24 12:00:00+00:00,19411.0,19435.5,19155.0,19295.0,39173.707
2022-10-24 16:00:00+00:00,19295.0,19412.0,19209.0,19331.0,19246.822
2022-10-24 20:00:00+00:00,19331.0,19407.0,19299.5,19317.0,8837.701
2022-10-25 00:00:00+00:00,19317.0,19352.0,19223.5,19329.5,10591.139
2022-10-25 04:00:00+00:00,19329.5,19365.0,19265.0,19297.5,7985.592
2022-10-25 08:00:00+00:00,19297.5,19315.0,19230.0,19288.0,10360.081
2022-10-25 12:00:00+00:00,19288.0,19796.5,19253.0,19730.0,63984.08
2022-10-25 16:00:00+00:00,19730.0,20400.0,19701.0,20254.5,95649.42
2022-10-25 20:00:00+00:00,20254.5,20276.5,19967.0,20067.0,37054.72
2022-10-26 00:00:00+00:00,20067.0,20299.5,20041.0,20238.0,18268.833
2022-10-26 04:00:00+00:00,20238.0,20368.0,20125.0,20336.5,21076.367
2022-10-26 08:00:00+00:00,20336.5,20800.0,20275.0,20600.0,51892.285
2022-10-26 12:00:00+00:00,20600.0,21009.0,20335.0,20830.0,84019.459
2022-10-26 16:00:00+00:00,20830.0,20977.5,20633.0,20753.5,36470.586
2022-10-26 20:00:00+00:00,20753.5,20901.0,20687.0,20756.0,19702.442
2022-10-27 00:00:00+00:00,20756.0,20830.0,20566.5,20739.5,16827.791
2022-10-27 04:00:00+00:00,20739.5,20861.5,20667.5,20700.0,14539.729
2022-10-27 08:00:00+00:00,20700.0,20739.0,20450.5,20609.5,26612.429
2022-10-27 12:00:00+00:00,20609.5,20822.5,20416.0,20551.5,54821.239
2022-10-27 16:00:00+00:00,20551.5,20665.0,20490.0,20613.5,13483.161
2022-10-27 20:00:00+00:00,20613.5,20622.0,20182.5,20283.0,48360.66
2022-10-28 00:00:00+00:00,20283.0,20326.0,20142.0,20282.0,19051.436
2022-10-28 04:00:00+00:00,20282.0,20295.0,20054.0,20072.5,20294.993
2022-10-28 08:00:00+00:00,20072.5,20235.0,20023.0,20167.0,24038.704
2022-10-28 12:00:00+00:00,20167.0,20577.0,19963.0,20469.0,64278.765
2022-10-28 16:00:00+00:00,20469.0,20738.0,20440.5,20599.5,28617.186
2022-10-28 20:00:00+00:00,20599.5,20723.5,20557.5,20585.0,10967.809
2022-10-29 00:00:00+00:00,20585.0,20820.0,20551.0,20742.5,14810.673
2022-10-29 04:00:00+00:00,20742.5,20765.5,20610.0,20763.0,11910.695
2022-10-29 08:00:00+00:00,20763.0,21100.0,20640.5,20690.0,44977.006
2022-10-29 12:00:00+00:00,20690.0,20937.0,20672.5,20914.5,26915.636
2022-10-29 16:00:00+00:00,20914.5,20968.0,20745.0,20826.0,18284.651
2022-10-29 20:00:00+00:00,20826.0,20895.0,20691.5,20795.0,10936.539
2022-10-30 00:00:00+00:00,20795.0,20819.5,20692.5,20762.5,6592.009
2022-10-30 04:00:00+00:00,20762.5,20920.0,20730.0,20840.0,10286.099
2022-10-30 08:00:00+00:00,20840.0,20873.5,20621.0,20762.5,17340.716
2022-10-30 12:00:00+00:00,20762.5,20766.0,20606.5,20670.0,14005.855
2022-10-30 16:00:00+00:00,20670.0,20688.0,20539.0,20631.0,12649.255
2022-10-30 20:00:00+00:00,20631.0,20724.5,20500.0,20613.5,12918.577
2022-10-31 00:00:00+00:00,20613.5,20659.5,20417.5,20508.0,15793.931
2022-10-31 04:00:00+00:00,20508.0,20578.5,20450.0,20534.5,9394.709
2022-10-31 08:00:00+00:00,20534.5,20832.0,20440.0,20718.5,27321.817
2022-10-31 12:00:00+00:00,20718.5,20745.0,20222.0,20392.5,52516.49
2022-10-31 16:00:00+00:00,20392.5,20523.5,20320.0,20356.5,19473.949
2022-10-31 20:00:00+00:00,20356.5,20513.0,20342.5,20480.0,9252.198
2022-11-01 00:00:00+00:00,20480.0,20579.0,20426.5,20475.5,10585.947
2022-11-01 04:00:00+00:00,20475.5,20648.5,20456.0,20589.5,12784.206
2022-11-01 08:00:00+00:00,20589.5,20689.0,20475.5,20518.0,16588.697
2022-11-01 12:00:00+00:00,20518.0,20559.5,20318.0,20438.0,26770.612
2022-11-01 16:00:00+00:00,20438.0,20505.5,20367.0,20441.0,11594.845
2022-11-01 20:00:00+00:00,20441.0,20490.0,20419.5,20472.5,6625.652
2022-11-02 00:00:00+00:00,20472.5,20548.0,20389.5,20510.0,9318.913
2022-11-02 04:00:00+00:00,20510.0,20550.0,20349.0,20419.5,10498.496
2022-11-02 08:00:00+00:00,20419.5,20525.0,20333.5,20424.5,14376.733
2022-11-02 12:00:00+00:00,20424.5,20449.0,20357.0,20399.0,11179.768
2022-11-02 16:00:00+00:00,20399.0,20789.0,20080.0,20240.0,112119.542
2022-11-02 20:00:00+00:00,20240.0,20271.0,20051.5,20143.5,24138.22
2022-11-03 00:00:00+00:00,20143.5,20330.0,20114.0,20296.0,14987.558
2022-11-03 04:00:00+00:00,20296.0,20382.0,20272.5,20291.0,10639.104
2022-11-03 08:00:00+00:00,20291.0,20326.0,20035.0,20119.5,19014.654
2022-11-03 12:00:00+00:00,20119.5,20334.5,20013.5,20244.0,34729.316
2022-11-03 16:00:00+00:00,20244.0,20307.5,20172.0,20249.5,9453.004
2022-11-03 20:00:00+00:00,20249.5,20256.0,20145.0,20199.5,7565.045
2022-11-04 00:00:00+00:00,20199.5,20312.0,20175.0,20310.5,9416.62
2022-11-04 04:00:00+00:00,20310.5,20679.0,20296.5,20596.5,31116.315
2022-11-04 08:00:00+00:00,20596.5,20665.0,20540.0,20545.0,13739.599
2022-11-04 12:00:00+00:00,20545.0,21293.5,20350.0,20823.5,98816.713
2022-11-04 16:00:00+00:00,20823.5,21095.0,20654.0,21093.0,49516.404
2022-11-04 20:00:00+00:00,21093.0,21196.0,21035.5,21132.0,17859.294
2022-11-05 00:00:00+00:00,21132.0,21470.0,21068.0,21427.0,28675.554
2022-11-05 04:00:00+00:00,21427.0,21445.0,21351.0,21376.0,7391.247
2022-11-05 08:00:00+00:00,21376.0,21414.0,21230.0,21390.0,15974.98
2022-11-05 12:00:00+00:00,21390.0,21400.0,21208.5,21291.5,16220.457
2022-11-05 16:00:00+00:00,21291.5,21332.5,21250.0,21315.5,6881.232
2022-11-05 20:00:00+00:00,21315.5,21372.5,21230.0,21290.5,7697.481
2022-11-06 00:00:00+00:00,21290.5,21345.0,21168.5,21223.0,11696.221
2022-11-06 04:00:00+00:00,21223.0,21237.5,21135.5,21183.5,8139.988
2022-11-06 08:00:00+00:00,21183.5,21300.5,21167.0,21241.5,12758.429
2022-11-06 12:00:00+00:00,21241.5,21278.0,21182.5,21234.5,8223.072
2022-11-06 16:00:00+00:00,21234.5,21269.0,21138.5,21186.5,10516.413
2022-11-06 20:00:00+00:00,21186.5,21200.0,20874.5,20904.0,24981.003
2022-11-07 00:00:00+00:00,20904.0,21062.5,20814.0,20908.5,24393.762
2022-11-07 04:00:00+00:00,20908.5,20916.5,20605.0,20623.0,28183.244
2022-11-07 08:00:00+00:00,20623.0,20799.0,20570.0,20721.5,23664.749
2022-11-07 12:00:00+00:00,20721.5,20794.0,20612.0,20760.0,22183.97
2022-11-07 16:00:00+00:00,20760.0,20879.0,20645.0,20835.5,19654.286
2022-11-07 20:00:00+00:00,20835.5,20878.0,20365.0,20582.5,32214.222
2022-11-08 00:00:00+00:00,20582.5,20669.0,20103.0,20144.0,36157.568
2022-11-08 04:00:00+00:00,20144.0,20237.0,19336.0,19788.5,95064.997
2022-11-08 08:00:00+00:00,19788.5,19788.5,19575.0,19692.5,23704.124
2022-11-08 12:00:00+00:00,19692.5,19740.0,19200.5,19518.0,59527.247
2022-11-08 16:00:00+00:00,19518.0,20672.0,16800.0,18250.5,405624.985
2022-11-08 20:00:00+00:00,18250.5,18728.0,17752.0,18537.0,79433.517
2022-11-09 00:00:00+00:00,18537.0,18578.0,17986.0,18303.0,42676.993
2022-11-09 04:00:00+00:00,18303.0,18499.5,18163.0,18227.5,25737.707
2022-11-09 08:00:00+00:00,18227.5,18242.0,17235.0,17805.5,119792.881
2022-11-09 12:00:00+00:00,17805.5,18048.5,16871.5,17103.5,133127.407
2022-11-09 16:00:00+00:00,17103.5,17313.5,16400.0,16767.5,100680.281
2022-11-09 20:00:00+00:00,16767.5,16892.0,15460.5,15891.5,136705.825
2022-11-10 00:00:00+00:00,15891.5,16580.0,15697.5,16353.0,55250.957
2022-11-10 04:00:00+00:00,16353.0,16911.5,16186.0,16740.0,41795.332
2022-11-10 08:00:00+00:00,16740.0,16943.0,16241.5,16381.0,51026.751
2022-11-10 12:00:00+00:00,16381.0,17946.0,16370.5,17541.0,131180.55
2022-11-10 16:00:00+00:00,17541.0,17950.0,17087.5,17437.5,63953.035
2022-11-10 20:00:00+00:00,17437.5,18191.0,17353.0,17594.0,56317.501
2022-11-11 00:00:00+00:00,17594.0,17673.5,16877.5,17043.5,40609.96
2022-11-11 04:00:00+00:00,17043.5,17476.0,16986.0,17399.0,33699.695
2022-11-11 08:00:00+00:00,17399.0,17532.0,17201.0,17340.0,27057.517
2022-11-11 12:00:00+00:00,17340.0,17529.0,16310.0,16860.5,102821.009
2022-11-11 16:00:00+00:00,16860.5,17036.5,16530.5,16840.5,39644.352
2022-11-11 20:00:00+00:00,16840.5,17133.5,16550.0,17052.0,28816.818
2022-11-12 00:00:00+00:00,17052.0,17103.5,16759.5,16891.5,17595.319
2022-11-12 04:00:00+00:00,16891.5,16936.0,16624.5,16807.5,20291.795
2022-11-12 08:00:00+00:00,16807.5,16960.0,16715.0,16857.0,16016.248
2022-11-12 12:00:00+00:00,16857.0,16989.5,16736.0,16920.5,14888.732
2022-11-12 16:00:00+00:00,16920.5,16948.0,16814.5,16878.5,7074.143
2022-11-12 20:00:00+00:00,16878.5,16880.5,16750.5,16804.0,7685.222
2022-11-13 00:00:00+00:00,16804.0,16943.5,16770.5,16898.5,9126.919
2022-11-13 04:00:00+00:00,16898.5,16902.5,16556.5,16762.5,15906.989
2022-11-13 08:00:00+00:00,16762.5,16784.0,16420.0,16649.5,22209.351
2022-11-13 12:00:00+00:00,16649.5,16714.0,16472.0,16573.0,14662.187
2022-11-13 16:00:00+00:00,16573.0,16623.0,16462.0,16554.0,10271.71
2022-11-13 20:00:00+00:00,16554.0,16581.0,16222.0,16330.5,23333.279
2022-11-14 00:00:00+00:00,16330.5,16405.0,15885.0,16135.0,35714.963
2022-11-14 04:00:00+00:00,16135.0,16888.0,15802.5,16813.0,72447.014
2022-11-14 08:00:00+00:00,16813.0,16936.0,16632.0,16741.0,27854.161
2022-11-14 12:00:00+00:00,16741.0,17213.0,16357.5,16580.0,76085.194
2022-11-14 16:00:00+00:00,16580.0,16666.0,16169.0,16252.0,34136.98
2022-11-14 20:00:00+00:00,16252.0,16780.0,16175.0,16607.5,30037.423
2022-11-15 00:00:00+00:00,16607.5,16870.0,16515.5,16798.0,20183.511
2022-11-15 04:00:00+00:00,16798.0,16927.5,16624.0,16832.0,19167.673
2022-11-15 08:00:00+00:00,16832.0,16997.5,16542.0,16764.5,38881.469
2022-11-15 12:00:00+00:00,16764.5,17160.0,16705.0,16967.5,48550.352
2022-11-15 16:00:00+00:00,16967.5,17051.5,16591.0,16840.0,38662.74
2022-11-15 20:00:00+00:00,16840.0,16920.0,16728.0,16878.0,15709.857
2022-11-16 00:00:00+00:00,16878.0,17011.0,16748.0,16954.5,15018.438
2022-11-16 04:00:00+00:00,16954.5,16961.0,16789.0,16817.5,13725.582
2022-11-16 08:00:00+00:00,16817.5,16837.5,16617.0,16699.5,22096.256
2022-11-16 12:00:00+00:00,16699.5,16708.5,16367.0,16433.0,51548.402
2022-11-16 16:00:00+00:00,16433.0,16634.5,16403.0,16547.5,22434.856
2022-11-16 20:00:00+00:00,16547.5,16758.0,16476.0,16643.0,16159.829
2022-11-17 00:00:00+00:00,16643.0,16734.5,16500.0,16517.5,12745.403
2022-11-17 04:00:00+00:00,16517.5,16618.5,16400.0,16597.5,16600.545
2022-11-17 08:00:00+00:00,16597.5,16631.5,16450.0,16581.0,12938.6
2022-11-17 12:00:00+00:00,16581.0,16698.0,16415.0,16519.0,30978.816
2022-11-17 16:00:00+00:00,16519.0,16739.5,16500.0,16606.5,18887.137
2022-11-17 20:00:00+00:00,16606.5,16728.0,16592.0,16688.5,10721.729
2022-11-18 00:00:00+00:00,16688.5,16997.0,16676.0,16844.5,28973.051
2022-11-18 04:00:00+00:00,16844.5,16850.0,16715.0,16745.5,13121.547
2022-11-18 08:00:00+00:00,16745.5,16848.0,16667.0,16750.5,16352.279
2022-11-18 12:00:00+00:00,16750.5,16812.5,16604.0,16686.0,17530.251
2022-11-18 16:00:00+00:00,16686.0,16726.5,16541.5,16653.0,17445.672
2022-11-18 20:00:00+00:00,16653.0,16718.0,16605.0,16700.0,10623.798
2022-11-19 00:00:00+00:00,16700.0,16702.5,16562.0,16623.0,6824.701
2022-11-19 04:00:00+00:00,16623.0,16644.0,16551.0,16596.0,5580.646
2022-11-19 08:00:00+00:00,16596.0,16680.0,16583.0,16666.0,5874.6
2022-11-19 12:00:00+00:00,16666.0,16675.5,16627.0,16644.0,4869.917
2022-11-19 16:00:00+00:00,16644.0,16650.0,16601.5,16619.0,5029.46
2022-11-19 20:00:00+00:00,16619.0,16799.0,16619.0,16688.0,15185.776
2022-11-20 00:00:00+00:00,16688.0,16739.5,16655.0,16670.5,6072.824
2022-11-20 04:00:00+00:00,16670.5,16730.5,16660.5,16709.0,4050.203
2022-11-20 08:00:00+00:00,16709.0,16719.5,16450.0,16524.0,26076.699
2022-11-20 12:00:00+00:00,16524.0,16619.0,16470.0,16568.0,14622.913
2022-11-20 16:00:00+00:00,16568.0,16604.5,16517.5,16582.0,5478.88
2022-11-20 20:00:00+00:00,16582.0,16588.0,16180.0,16273.5,37638.249
2022-11-21 00:00:00+00:00,16273.5,16282.5,15888.0,16073.5,38694.801
2022-11-21 04:00:00+00:00,16073.5,16789.0,15952.5,16040.5,39488.509
2022-11-21 08:00:00+00:00,16040.5,16231.0,15971.0,16079.0,23326.003
2022-11-21 12:00:00+00:00,16079.0,16286.0,16023.0,16123.0,24764.294
2022-11-21 16:00:00+00:00,16123.0,16132.5,15559.5,15715.0,53437.85
2022-11-21 20:00:00+00:00,15715.0,15888.0,15440.0,15765.5,48107.267
2022-11-22 00:00:00+00:00,15765.5,16300.0,15736.0,15839.5,28699.349
2022-11-22 04:00:00+00:00,15839.5,15878.5,15620.0,15754.5,17701.124
2022-11-22 08:00:00+00:00,15754.5,15822.0,15655.5,15744.0,16576.804
2022-11-22 12:00:00+00:00,15744.0,16296.0,15682.0,16219.5,58208.538
2022-11-22 16:00:00+00:00,16219.5,16272.0,16044.0,16160.0,22638.265
2022-11-22 20:00:00+00:00,16160.0,16270.0,16088.0,16218.5,17694.132
2022-11-23 00:00:00+00:00,16218.5,16578.0,16154.5,16562.0,35385.446
2022-11-23 04:00:00+00:00,16562.0,16640.5,16436.0,16562.5,16997.442
2022-11-23 08:00:00+00:00,16562.5,16674.5,16481.0,16574.5,20070.335
2022-11-23 12:00:00+00:00,16574.5,16587.0,16332.0,16419.5,30517.88
2022-11-23 16:00:00+00:00,16419.5,16710.5,16301.5,16469.0,35031.406
2022-11-23 20:00:00+00:00,16469.0,16661.0,16415.5,16589.0,17909.965
2022-11-24 00:00:00+00:00,16589.0,16810.0,16528.0,16695.0,22711.214
2022-11-24 04:00:00+00:00,16695.0,16718.0,16605.5,16610.5,12610.618
2022-11-24 08:00:00+00:00,16610.5,16629.0,16471.5,16567.5,19529.162
2022-11-24 12:00:00+00:00,16567.5,16598.5,16450.0,16548.5,16162.512
2022-11-24 16:00:00+00:00,16548.5,16664.0,16510.0,16562.5,16865.768
2022-11-24 20:00:00+00:00,16562.5,16636.5,16526.0,16594.5,7852.855
2022-11-25 00:00:00+00:00,16594.5,16607.5,16459.0,16481.5,9717.686
2022-11-25 04:00:00+00:00,16481.5,16493.0,16339.0,16457.0,17770.63
2022-11-25 08:00:00+00:00,16457.0,16594.5,16394.0,16511.0,15240.941
2022-11-25 12:00:00+00:00,16511.0,16567.0,16434.0,16502.5,16225.889
2022-11-25 16:00:00+00:00,16502.5,16537.0,16452.0,16513.5,8669.47
2022-11-25 20:00:00+00:00,16513.5,16646.0,16460.5,16510.5,11959.916
2022-11-26 00:00:00+00:00,16510.5,16685.0,16504.0,16608.5,13706.407
2022-11-26 04:00:00+00:00,16608.5,16640.0,16525.0,16575.5,9413.69
2022-11-26 08:00:00+00:00,16575.5,16620.0,16543.0,16564.5,7383.87
2022-11-26 12:00:00+00:00,16564.5,16675.5,16477.0,16506.5,14981.833
2022-11-26 16:00:00+00:00,16506.5,16526.5,16405.0,16482.5,8868.582
2022-11-26 20:00:00+00:00,16482.5,16535.5,16376.5,16449.0,9086.518
2022-11-27 00:00:00+00:00,16449.0,16558.5,16444.0,16520.5,7144.422
2022-11-27 04:00:00+00:00,16520.5,16588.5,16519.0,16551.5,6344.039
2022-11-27 08:00:00+00:00,16551.5,16583.0,16505.0,16541.5,7086.77
2022-11-27 12:00:00+00:00,16541.5,16574.0,16510.0,16561.5,6555.89
2022-11-27 16:00:00+00:00,16561.5,16571.5,16518.5,16544.0,4845.546
2022-11-27 20:00:00+00:00,16544.0,16580.0,16401.0,16426.0,13348.006
2022-11-28 00:00:00+00:00,16426.0,16477.0,16052.0,16173.0,46834.204
2022-11-28 04:00:00+00:00,16173.0,16237.0,16132.5,16228.0,13387.441
2022-11-28 08:00:00+00:00,16228.0,16262.0,16171.0,16201.5,12568.603
2022-11-28 12:00:00+00:00,16201.5,16297.0,16109.0,16136.0,27382.917
2022-11-28 16:00:00+00:00,16136.0,16380.0,15985.0,16216.5,47875.818
2022-11-28 20:00:00+00:00,16216.5,16265.0,16178.5,16206.0,7542.784
2022-11-29 00:00:00+00:00,16206.0,16300.0,16096.5,16276.5,15822.289
2022-11-29 04:00:00+00:00,16276.5,16525.0,16274.0,16455.0,30063.462
2022-11-29 08:00:00+00:00,16455.0,16547.0,16425.5,16482.5,16991.422
2022-11-29 12:00:00+00:00,16482.5,16494.0,16320.0,16386.5,30148.234
2022-11-29 16:00:00+00:00,16386.5,16477.0,16334.5,16418.0,13830.409
2022-11-29 20:00:00+00:00,16418.0,16516.0,16415.0,16427.0,11428.163
2022-11-30 00:00:00+00:00,16427.0,17125.0,16418.0,16836.5,59944.637
2022-11-30 04:00:00+00:00,16836.5,16923.0,16816.5,16882.0,11867.472
2022-11-30 08:00:00+00:00,16882.0,16924.5,16830.0,16873.0,9865.959
2022-11-30 12:00:00+00:00,16873.0,16888.0,16759.0,16856.5,24162.23
2022-11-30 16:00:00+00:00,16856.5,17142.0,16708.0,17043.5,48587.907
2022-11-30 20:00:00+00:00,17043.5,17270.0,17016.0,17146.5,24790.069
2022-12-01 00:00:00+00:00,17146.5,17215.0,17070.5,17133.0,13430.852
2022-12-01 04:00:00+00:00,17133.0,17153.0,17054.5,17056.5,9267.438
2022-12-01 08:00:00+00:00,17056.5,17124.0,17034.0,17095.5,9888.619
2022-12-01 12:00:00+00:00,17095.5,17390.0,16888.5,16969.5,56350.766
2022-12-01 16:00:00+00:00,16969.5,16992.0,16892.0,16945.0,14983.775
2022-12-01 20:00:00+00:00,16945.0,16978.0,16850.0,16972.5,11570.088
2022-12-02 00:00:00+00:00,16972.5,17041.5,16856.5,16898.0,15052.616
2022-12-02 04:00:00+00:00,16898.0,16969.0,16880.5,16951.0,6743.031
2022-12-02 08:00:00+00:00,16951.0,17035.0,16932.5,16984.5,10213.015
2022-12-02 12:00:00+00:00,16984.5,17100.0,16769.0,16930.5,45645.312
2022-12-02 16:00:00+00:00,16930.5,16988.5,16893.0,16977.0,9625.758
2022-12-02 20:00:00+00:00,16977.0,17084.0,16970.0,17083.5,12161.858
2022-12-03 00:00:00+00:00,17083.5,17150.0,16996.5,17008.0,13266.127
2022-12-03 04:00:00+00:00,17008.0,17029.5,16918.5,16951.5,10253.857
2022-12-03 08:00:00+00:00,16951.5,16977.0,16875.0,16940.5,10805.476
2022-12-03 12:00:00+00:00,16940.5,16976.0,16913.5,16959.0,7652.009
2022-12-03 16:00:00+00:00,16959.0,16980.0,16932.5,16950.5,3993.668
2022-12-03 20:00:00+00:00,16950.5,16950.5,16855.0,16881.0,9606.198
2022-12-04 00:00:00+00:00,16881.0,17044.5,16880.5,16954.5,8434.617
2022-12-04 04:00:00+00:00,16954.5,17067.0,16954.0,16986.5,8349.629
2022-12-04 08:00:00+00:00,16986.5,17039.0,16901.0,16938.5,9687.035
2022-12-04 12:00:00+00:00,16938.5,17055.0,16913.0,17017.5,12761.138
2022-12-04 16:00:00+00:00,17017.5,17146.5,16964.5,17076.5,24105.903
2022-12-04 20:00:00+00:00,17076.5,17195.0,17063.0,17096.0,13223.436
2022-12-05 00:00:00+00:00,17096.0,17335.0,17065.0,17186.5,25384.973
2022-12-05 04:00:00+00:00,17186.5,17425.5,17186.0,17295.0,26157.038
2022-12-05 08:00:00+00:00,17295.0,17369.5,17267.5,17295.0,14797.862
2022-12-05 12:00:00+00:00,17295.0,17295.5,17012.0,17080.0,34556.481
2022-12-05 16:00:00+00:00,17080.0,17137.5,16867.0,16925.5,28738.442
2022-12-05 20:00:00+00:00,16925.5,16986.0,16902.0,16966.0,9971.824
2022-12-06 00:00:00+00:00,16966.0,17093.0,16965.5,16993.0,13688.848
2022-12-06 04:00:00+00:00,16993.0,17018.5,16954.0,16998.5,7707.794
2022-12-06 08:00:00+00:00,16998.5,17038.5,16903.5,16976.0,14210.469
2022-12-06 12:00:00+00:00,16976.0,17027.0,16920.0,16971.0,16155.646
2022-12-06 16:00:00+00:00,16971.0,17010.0,16905.0,16959.5,13983.524
2022-12-06 20:00:00+00:00,16959.5,17116.5,16946.0,17081.5,14319.552
2022-12-07 00:00:00+00:00,17081.5,17135.0,17010.5,17018.0,9677.32
2022-12-07 04:00:00+00:00,17018.0,17036.5,16718.0,16765.0,27449.955
2022-12-07 08:00:00+00:00,16765.0,16828.5,16666.5,16788.0,17016.43
2022-12-07 12:00:00+00:00,16788.0,16885.0,16755.5,16829.0,17484.74
2022-12-07 16:00:00+00:00,16829.0,16838.0,16771.5,16807.5,8054.943
2022-12-07 20:00:00+00:00,16807.5,16860.5,16784.5,16823.0,6386.154
2022-12-08 00:00:00+00:00,16823.0,16878.5,16773.5,16824.0,10291.737
2022-12-08 04:00:00+00:00,16824.0,16837.0,16776.0,16813.5,6490.525
2022-12-08 08:00:00+00:00,16813.5,16850.5,16702.5,16840.5,11757.552
2022-12-08 12:00:00+00:00,16840.5,16948.0,16792.0,16907.0,23821.263
2022-12-08 16:00:00+00:00,16907.0,17280.5,16902.0,17238.5,42308.558
2022-12-08 20:00:00+00:00,17238.5,17286.0,17142.0,17209.5,17353.848
2022-12-09 00:00:00+00:00,17209.5,17280.0,17169.0,17189.5,11249.076
2022-12-09 04:00:00+00:00,17189.5,17225.5,17183.0,17205.0,4156.238
2022-12-09 08:00:00+00:00,17205.0,17257.5,17192.0,17232.0,7532.057
2022-12-09 12:00:00+00:00,17232.0,17348.0,17055.0,17168.5,38900.152
2022-12-09 16:00:00+00:00,17168.5,17177.5,17109.0,17135.0,7062.53
2022-12-09 20:00:00+00:00,17135.0,17147.0,17045.0,17116.0,8224.665
2022-12-10 00:00:00+00:00,17116.0,17157.5,17111.0,17136.0,3947.124
2022-12-10 04:00:00+00:00,17136.0,17172.0,17122.5,17145.5,4298.339
2022-12-10 08:00:00+00:00,17145.5,17163.0,17104.5,17158.5,4837.954
2022-12-10 12:00:00+00:00,17158.5,17210.0,17128.0,17200.0,7981.163
2022-12-10 16:00:00+00:00,17200.0,17219.5,17146.5,17158.0,4781.49
2022-12-10 20:00:00+00:00,17158.0,17162.0,17086.0,17121.0,6244.681
2022-12-11 00:00:00+00:00,17121.0,17159.0,17114.5,17145.0,3204.254
2022-12-11 04:00:00+00:00,17145.0,17185.0,17143.0,17169.0,4744.468
2022-12-11 08:00:00+00:00,17169.0,17170.5,17134.5,17157.0,2827.59
2022-12-11 12:00:00+00:00,17157.0,17157.5,17124.0,17145.5,3703.008
2022-12-11 16:00:00+00:00,17145.5,17261.5,17124.5,17163.5,11803.565
2022-12-11 20:00:00+00:00,17163.5,17163.5,17060.0,17078.0,11716.843
2022-12-12 00:00:00+00:00,17078.0,17078.0,16870.0,16910.0,27965.208
2022-12-12 04:00:00+00:00,16910.0,16940.0,16901.0,16920.0,6019.353
2022-12-12 08:00:00+00:00,16920.0,16998.0,16900.0,16977.5,9545.599
2022-12-12 12:00:00+00:00,16977.5,17049.0,16911.5,16998.0,18893.316
2022-12-12 16:00:00+00:00,16998.0,17035.5,16973.5,17035.0,6612.733
2022-12-12 20:00:00+00:00,17035.0,17234.5,17035.0,17194.0,29657.061
2022-12-13 00:00:00+00:00,17194.0,17225.0,17112.5,17141.0,9550.996
2022-12-13 04:00:00+00:00,17141.0,17193.5,17060.0,17146.5,15697.95
2022-12-13 08:00:00+00:00,17146.5,17514.0,17135.5,17429.5,39184.081
2022-12-13 12:00:00+00:00,17429.5,18000.0,17386.5,17744.0,92997.75
2022-12-13 16:00:00+00:00,17744.0,17827.5,17606.0,17728.0,23963.565
2022-12-13 20:00:00+00:00,17728.0,17797.0,17693.0,17764.5,8556.796
2022-12-14 00:00:00+00:00,17764.5,17828.5,17735.0,17775.5,8227.113
2022-12-14 04:00:00+00:00,17775.5,17808.0,17727.5,17801.5,5378.903
2022-12-14 08:00:00+00:00,17801.5,17878.0,17776.5,17816.5,10678.187
2022-12-14 12:00:00+00:00,17816.5,18098.0,17811.5,18038.0,41669.621
2022-12-14 16:00:00+00:00,18038.0,18379.0,17514.0,17768.5,118769.461
2022-12-14 20:00:00+00:00,17768.5,17934.0,17582.5,17790.0,29469.397
2022-12-15 00:00:00+00:00,17790.0,17830.5,17556.5,17715.5,18810.652
2022-12-15 04:00:00+00:00,17715.5,17735.0,17677.0,17685.0,7415.392
2022-12-15 08:00:00+00:00,17685.0,17716.0,17604.5,17712.5,13526.04
2022-12-15 12:00:00+00:00,17712.5,17714.5,17355.0,17419.5,45555.801
2022-12-15 16:00:00+00:00,17419.5,17467.5,17300.0,17438.0,22868.825
2022-12-15 20:00:00+00:00,17438.0,17449.5,17262.0,17353.5,18052.128
2022-12-16 00:00:00+00:00,17353.5,17418.0,17343.0,17410.0,8808.488
2022-12-16 04:00:00+00:00,17410.0,17530.0,17359.5,17496.5,13276.292
2022-12-16 08:00:00+00:00,17496.5,17508.5,16912.0,17019.0,66858.75
2022-12-16 12:00:00+00:00,17019.0,17078.0,16870.0,16959.5,31541.58
2022-12-16 16:00:00+00:00,16959.5,16962.5,16719.0,16864.5,36837.595
2022-12-16 20:00:00+00:00,16864.5,16954.0,16532.5,16634.0,41077.093
2022-12-17 00:00:00+00:00,16634.0,16722.5,16574.5,16669.0,16124.921
2022-12-17 04:00:00+00:00,16669.0,16763.0,16646.5,16740.0,10758.066
2022-12-17 08:00:00+00:00,16740.0,16745.0,16652.5,16700.0,9664.256
2022-12-17 12:00:00+00:00,16700.0,16717.5,16638.0,16695.5,12606.496
2022-12-17 16:00:00+00:00,16695.5,16708.0,16645.0,16683.5,4546.163
2022-12-17 20:00:00+00:00,16683.5,16792.5,16680.5,16770.5,7979.466
2022-12-18 00:00:00+00:00,16770.5,16770.5,16697.0,16733.5,4950.084
2022-12-18 04:00:00+00:00,16733.5,16788.0,16711.0,16737.5,6701.453
2022-12-18 08:00:00+00:00,16737.5,16755.0,16656.0,16699.0,10000.09
2022-12-18 12:00:00+00:00,16699.0,16728.0,16667.0,16674.5,5406.593
2022-12-18 16:00:00+00:00,16674.5,16786.0,16674.5,16741.0,10698.991
2022-12-18 20:00:00+00:00,16741.0,16900.0,16711.5,16729.5,14807.835
2022-12-19 00:00:00+00:00,16729.5,16805.0,16613.0,16673.0,13852.574
2022-12-19 04:00:00+00:00,16673.0,16742.0,16664.5,16716.0,8434.98
2022-12-19 08:00:00+00:00,16716.0,16775.0,16707.0,16720.5,8006.767
2022-12-19 12:00:00+00:00,16720.5,16760.0,16657.0,16662.5,15607.452
2022-12-19 16:00:00+00:00,16662.5,16694.5,16513.0,16553.0,29142.986
2022-12-19 20:00:00+00:00,16553.0,16644.5,16203.0,16432.5,31785.82
2022-12-20 00:00:00+00:00,16432.5,16990.0,16388.0,16720.0,40600.38
2022-12-20 04:00:00+00:00,16720.0,16868.0,16685.5,16794.0,16870.698
2022-12-20 08:00:00+00:00,16794.0,16856.0,16752.5,16801.5,12869.861
2022-12-20 12:00:00+00:00,16801.5,17054.0,16692.0,16906.0,38349.271
2022-12-20 16:00:00+00:00,16906.0,16923.5,16755.0,16895.0,22247.265
2022-12-20 20:00:00+00:00,16895.0,16922.5,16822.5,16890.0,11878.901
2022-12-21 00:00:00+00:00,16890.0,16917.5,16780.0,16827.5,8769.924
2022-12-21 04:00:00+00:00,16827.5,16848.0,16760.0,16807.0,8000.539
2022-12-21 08:00:00+00:00,16807.0,16894.0,16791.5,16880.0,9373.475
2022-12-21 12:00:00+00:00,16880.0,16918.5,16710.0,16856.5,21445.098
2022-12-21 16:00:00+00:00,16856.5,16856.5,16717.5,16746.0,10321.19
2022-12-21 20:00:00+00:00,16746.0,16831.0,16725.0,16822.0,8571.229
2022-12-22 00:00:00+00:00,16822.0,16855.0,16805.0,16841.5,5020.999
2022-12-22 04:00:00+00:00,16841.5,16850.0,16778.0,16821.0,4551.972
2022-12-22 08:00:00+00:00,16821.0,16862.5,16797.5,16826.5,6776.176
2022-12-22 12:00:00+00:00,16826.5,16836.0,16609.0,16635.5,28226.647
2022-12-22 16:00:00+00:00,16635.5,16671.0,16560.5,16664.5,19228.04
2022-12-22 20:00:00+00:00,16664.5,16890.0,16651.0,16832.5,25943.508
2022-12-23 00:00:00+00:00,16832.5,16903.5,16780.5,16835.0,10454.815
2022-12-23 04:00:00+00:00,16835.0,16853.5,16809.5,16845.0,5475.309
2022-12-23 08:00:00+00:00,16845.0,16888.5,16810.0,16841.5,6156.703
2022-12-23 12:00:00+00:00,16841.5,16990.0,16705.0,16833.5,38432.266
2022-12-23 16:00:00+00:00,16833.5,16862.0,16816.0,16847.0,4587.7
2022-12-23 20:00:00+00:00,16847.0,16851.0,16764.0,16785.0,6646.181
2022-12-24 00:00:00+00:00,16785.0,16839.0,16785.0,16839.0,3008.685
2022-12-24 04:00:00+00:00,16839.0,16852.0,16802.0,16839.0,4798.273
2022-12-24 08:00:00+00:00,16839.0,16840.5,16818.0,16823.5,2669.23
2022-12-24 12:00:00+00:00,16823.5,16834.0,16813.0,16834.0,2683.805
2022-12-24 16:00:00+00:00,16834.0,16859.0,16819.0,16834.5,2642.329
2022-12-24 20:00:00+00:00,16834.5,16845.0,16803.5,16828.5,2961.528
2022-12-25 00:00:00+00:00,16828.5,16843.0,16822.5,16830.5,1804.017
2022-12-25 04:00:00+00:00,16830.5,16834.5,16804.5,16821.5,2632.644
2022-12-25 08:00:00+00:00,16821.5,16835.0,16818.0,16820.5,1741.597
2022-12-25 12:00:00+00:00,16820.5,16853.5,16713.5,16788.5,15972.905
2022-12-25 16:00:00+00:00,16788.5,16819.5,16730.0,16789.5,7623.49
2022-12-25 20:00:00+00:00,16789.5,16844.5,16756.0,16825.0,7111.927
2022-12-26 00:00:00+00:00,16825.0,16897.0,16815.0,16884.5,8304.519
2022-12-26 04:00:00+00:00,16884.5,16912.0,16830.0,16837.5,7471.741
2022-12-26 08:00:00+00:00,16837.5,16860.0,16814.5,16852.0,4722.862
2022-12-26 12:00:00+00:00,16852.0,16856.5,16783.0,16806.0,6266.04
2022-12-26 16:00:00+00:00,16806.0,16854.5,16795.5,16834.5,4718.701
2022-12-26 20:00:00+00:00,16834.5,16937.5,16814.0,16911.0,7205.062
2022-12-27 00:00:00+00:00,16911.0,16961.0,16834.5,16870.0,12612.956
2022-12-27 04:00:00+00:00,16870.0,16888.5,16847.5,16861.5,3339.055
2022-12-27 08:00:00+00:00,16861.5,16871.5,16801.0,16824.0,7469.83
2022-12-27 12:00:00+00:00,16824.0,16839.5,16728.0,16792.0,17885.496
2022-12-27 16:00:00+00:00,16792.0,16795.0,16587.0,16689.5,24815.462
2022-12-27 20:00:00+00:00,16689.5,16724.5,16652.5,16709.0,8887.639
2022-12-28 00:00:00+00:00,16709.0,16749.5,16555.0,16647.5,16823.323
2022-12-28 04:00:00+00:00,16647.5,16670.0,16583.0,16647.0,9955.463
2022-12-28 08:00:00+00:00,16647.0,16680.5,16627.0,16674.0,7304.433
2022-12-28 12:00:00+00:00,16674.0,16778.0,16570.0,16577.0,30740.201
2022-12-28 16:00:00+00:00,16577.0,16663.0,16566.0,16592.5,13521.799
2022-12-28 20:00:00+00:00,16592.5,16613.0,16469.5,16546.5,21988.074
2022-12-29 00:00:00+00:00,16546.5,16591.5,16490.0,16562.5,11148.947
2022-12-29 04:00:00+00:00,16562.5,16584.0,16539.5,16558.0,5352.396
2022-12-29 08:00:00+00:00,16558.0,16636.0,16525.5,16600.5,10750.443
2022-12-29 12:00:00+00:00,16600.5,16665.0,16593.5,16615.0,14814.42
2022-12-29 16:00:00+00:00,16615.0,16654.5,16584.0,16607.0,9713.509
2022-12-29 20:00:00+00:00,16607.0,16653.5,16551.5,16642.0,8690.035
2022-12-30 00:00:00+00:00,16642.0,16649.0,16584.5,16605.0,4657.435
2022-12-30 04:00:00+00:00,16605.0,16619.5,16428.0,16486.0,21411.167
2022-12-30 08:00:00+00:00,16486.0,16538.0,16470.0,16503.0,10439.662
2022-12-30 12:00:00+00:00,16503.0,16585.0,16353.0,16563.5,28794.068
2022-12-30 16:00:00+00:00,16563.5,16584.0,16524.5,16531.0,8756.919
2022-12-30 20:00:00+00:00,16531.0,16725.0,16530.5,16620.5,13955.349
2022-12-31 00:00:00+00:00,16620.5,16627.0,16572.5,16573.0,5160.943
2022-12-31 04:00:00+00:00,16573.0,16580.0,16553.5,16573.0,3765.202
2022-12-31 08:00:00+00:00,16573.0,16595.0,16558.5,16588.0,4970.853
2022-12-31 12:00:00+00:00,16588.0,16650.5,16563.5,16595.5,11894.523
2022-12-31 16:00:00+00:00,16595.5,16618.0,16583.5,16583.5,3741.147
2022-12-31 20:00:00+00:00,16583.5,16585.5,16480.5,16549.5,9751.247
2023-01-01 00:00:00+00:00,16549.5,16577.5,16524.0,16553.0,3395.495
2023-01-01 04:00:00+00:00,16553.0,16560.0,16511.0,16537.5,3838.745
2023-01-01 08:00:00+00:00,16537.5,16569.0,16519.0,16568.5,3559.729
2023-01-01 12:00:00+00:00,16568.5,16582.0,16550.5,16574.0,3960.76
2023-01-01 16:00:00+00:00,16574.0,16631.0,16569.5,16608.0,6533.613
2023-01-01 20:00:00+00:00,16608.0,16630.5,16587.0,16622.5,3654.674
2023-01-02 00:00:00+00:00,16622.5,16709.5,16552.0,16664.5,11394.485
2023-01-02 04:00:00+00:00,16664.5,16774.0,16623.0,16717.5,14688.795
2023-01-02 08:00:00+00:00,16717.5,16768.5,16702.0,16731.0,10569.497
2023-01-02 12:00:00+00:00,16731.0,16749.5,16666.0,16731.5,10661.942
2023-01-02 16:00:00+00:00,16731.5,16736.5,16700.5,16734.5,4891.669
2023-01-02 20:00:00+00:00,16734.5,16799.0,16651.0,16668.0,12638.519
2023-01-03 00:00:00+00:00,16668.0,16703.5,16644.5,16691.0,8022.639
2023-01-03 04:00:00+00:00,16691.0,16774.0,16684.0,16726.0,11144.22
2023-01-03 08:00:00+00:00,16726.0,16750.0,16693.0,16715.5,6898.938
2023-01-03 12:00:00+00:00,16715.5,16770.0,16616.0,16679.5,21845.285
2023-01-03 16:00:00+00:00,16679.5,16686.0,16605.0,16645.0,11299.306
2023-01-03 20:00:00+00:00,16645.0,16693.5,16642.0,16670.0,6104.55
2023-01-04 00:00:00+00:00,16670.0,16869.5,16652.0,16853.5,22299.042
2023-01-04 04:00:00+00:00,16853.5,16898.5,16832.5,16864.5,12985.067
2023-01-04 08:00:00+00:00,16864.5,16903.0,16826.5,16832.0,10546.052
2023-01-04 12:00:00+00:00,16832.0,16850.0,16760.5,16850.0,18329.372
2023-01-04 16:00:00+00:00,16850.0,16988.0,16776.5,16835.0,33778.57
2023-01-04 20:00:00+00:00,16835.0,16861.5,16767.5,16847.5,9118.481
2023-01-05 00:00:00+00:00,16847.5,16873.5,16801.5,16815.0,4922.097
2023-01-05 04:00:00+00:00,16815.0,16841.5,16785.0,16814.0,4257.934
2023-01-05 08:00:00+00:00,16814.0,16832.5,16778.0,16828.5,6329.508
2023-01-05 12:00:00+00:00,16828.5,16870.0,16747.0,16839.5,20988.707
2023-01-05 16:00:00+00:00,16839.5,16864.0,16793.0,16854.5,8130.148
2023-01-05 20:00:00+00:00,16854.5,16859.0,16812.0,16826.0,4746.18
2023-01-06 00:00:00+00:00,16826.0,16860.0,16797.0,16824.0,5436.714
2023-01-06 04:00:00+00:00,16824.0,16825.0,16773.0,16781.5,6479.363
2023-01-06 08:00:00+00:00,16781.5,16802.5,16704.0,16738.0,13713.494
2023-01-06 12:00:00+00:00,16738.0,16842.5,16675.0,16839.0,31198.982
2023-01-06 16:00:00+00:00,16839.0,16958.0,16805.0,16930.5,17225.598
2023-01-06 20:00:00+00:00,16930.5,17031.5,16876.5,16940.0,21085.237
2023-01-07 00:00:00+00:00,16940.0,16974.0,16923.0,16945.0,4241.071
2023-01-07 04:00:00+00:00,16945.0,16945.0,16916.0,16935.5,2595.28
2023-01-07 08:00:00+00:00,16935.5,16941.5,16905.5,16914.0,3229.073
2023-01-07 12:00:00+00:00,16914.0,16937.5,16904.0,16928.0,3388.292
2023-01-07 16:00:00+00:00,16928.0,16939.5,16909.0,16939.5,2281.132
2023-01-07 20:00:00+00:00,16939.5,16949.0,16920.5,16938.0,3155.882
2023-01-08 00:00:00+00:00,16938.0,16946.0,16907.0,16936.5,3326.767
2023-01-08 04:00:00+00:00,16936.5,16943.5,16932.5,16943.0,1749.366
2023-01-08 08:00:00+00:00,16943.0,16962.0,16920.5,16921.0,4354.471
2023-01-08 12:00:00+00:00,16921.0,17010.5,16915.0,16990.0,8121.541
2023-01-08 16:00:00+00:00,16990.0,17010.0,16915.0,16925.0,8119.357
2023-01-08 20:00:00+00:00,16925.0,17190.0,16922.0,17119.5,23219.12
2023-01-09 00:00:00+00:00,17119.5,17236.5,17094.0,17187.0,24713.256
2023-01-09 04:00:00+00:00,17187.0,17249.0,17171.0,17190.5,8816.672
2023-01-09 08:00:00+00:00,17190.5,17271.0,17180.5,17224.0,13069.769
2023-01-09 12:00:00+00:00,17224.0,17320.0,17183.0,17259.5,21437.02
2023-01-09 16:00:00+00:00,17259.5,17385.0,17254.5,17279.0,21503.201
2023-01-09 20:00:00+00:00,17279.0,17293.0,17120.0,17173.5,18558.81
2023-01-10 00:00:00+00:00,17173.5,17230.0,17138.5,17196.5,6738.366
2023-01-10 04:00:00+00:00,17196.5,17228.0,17179.5,17192.0,5063.199
2023-01-10 08:00:00+00:00,17192.0,17274.0,17184.0,17241.5,9171.273
2023-01-10 12:00:00+00:00,17241.5,17362.5,17195.0,17308.5,25563.6
2023-01-10 16:00:00+00:00,17308.5,17444.0,17265.0,17410.5,23276.692
2023-01-10 20:00:00+00:00,17410.5,17480.5,17384.0,17430.5,15836.681
2023-01-11 00:00:00+00:00,17430.5,17495.0,17361.0,17409.0,11315.775
2023-01-11 04:00:00+00:00,17409.0,17450.0,17381.5,17439.0,6388.074
2023-01-11 08:00:00+00:00,17439.0,17461.5,17398.5,17427.0,5686.147
2023-01-11 12:00:00+00:00,17427.0,17431.0,17309.5,17328.5,17169.239
2023-01-11 16:00:00+00:00,17328.5,17548.0,17316.5,17536.0,25201.05
2023-01-11 20:00:00+00:00,17536.0,18031.0,17495.0,17929.0,45818.945
2023-01-12 00:00:00+00:00,17929.0,18377.0,17896.0,18206.5,49298.976
2023-01-12 04:00:00+00:00,18206.5,18224.5,18060.0,18128.0,13359.167
2023-01-12 08:00:00+00:00,18128.0,18212.0,18060.0,18193.5,12061.949
2023-01-12 12:00:00+00:00,18193.5,18350.0,17910.5,18078.0,88009.913
2023-01-12 16:00:00+00:00,18078.0,19099.0,18046.0,18874.5,92111.648
2023-01-12 20:00:00+00:00,18874.5,19133.5,18668.0,18820.0,41343.207
2023-01-13 00:00:00+00:00,18820.0,18865.5,18692.0,18861.0,12437.16
2023-01-13 04:00:00+00:00,18861.0,18861.0,18766.0,18815.0,8646.156
2023-01-13 08:00:00+00:00,18815.0,19036.0,18796.5,18909.5,23341.317
2023-01-13 12:00:00+00:00,18909.5,19288.0,18787.0,19237.0,57645.476
2023-01-13 16:00:00+00:00,19237.0,19398.0,19030.5,19345.0,48007.524
2023-01-13 20:00:00+00:00,19345.0,20013.5,19293.5,19909.0,85447.531
2023-01-14 00:00:00+00:00,19909.0,21550.0,19869.5,20979.0,144432.012
2023-01-14 04:00:00+00:00,20979.0,21047.5,20792.0,20909.0,20952.911
2023-01-14 08:00:00+00:00,20909.0,21039.0,20240.5,20729.0,68172.871
2023-01-14 12:00:00+00:00,20729.0,21243.5,20502.0,20785.5,57062.311
2023-01-14 16:00:00+00:00,20785.5,20934.5,20654.0,20789.5,20097.206
2023-01-14 20:00:00+00:00,20789.5,21093.0,20766.5,20952.5,16149.673
2023-01-15 00:00:00+00:00,20952.5,21002.5,20555.0,20726.5,27083.22
2023-01-15 04:00:00+00:00,20726.5,20795.5,20668.5,20748.5,9121.189
2023-01-15 08:00:00+00:00,20748.5,20773.0,20573.0,20735.5,16100.189
2023-01-15 12:00:00+00:00,20735.5,21000.0,20658.5,20920.5,22642.925
2023-01-15 16:00:00+00:00,20920.5,21066.0,20642.5,20866.5,30665.496
2023-01-15 20:00:00+00:00,20866.5,20959.0,20730.0,20878.0,12928.165
2023-01-16 00:00:00+00:00,20878.0,21450.0,20774.0,21086.0,50869.981
2023-01-16 04:00:00+00:00,21086.0,21300.0,21050.0,21112.0,17913.631
2023-01-16 08:00:00+00:00,21112.0,21112.0,20630.5,20814.0,32995.556
2023-01-16 12:00:00+00:00,20814.0,21063.0,20600.0,20991.0,35537.883
2023-01-16 16:00:00+00:00,20991.0,21429.5,20912.0,21306.5,42114.021
2023-01-16 20:00:00+00:00,21306.5,21488.0,21024.0,21179.0,27609.462
2023-01-17 00:00:00+00:00,21179.0,21297.0,20824.5,21121.5,26006.857
2023-01-17 04:00:00+00:00,21121.5,21230.0,21051.0,21129.5,11021.832
2023-01-17 08:00:00+00:00,21129.5,21244.0,21076.5,21217.5,12612.853
2023-01-17 12:00:00+00:00,21217.5,21626.5,20985.0,21170.5,70861.865
2023-01-17 16:00:00+00:00,21170.5,21413.0,21068.5,21319.0,23646.886
2023-01-17 20:00:00+00:00,21319.0,21394.0,21110.5,21118.0,16852.072
2023-01-18 00:00:00+00:00,21118.0,21369.5,21086.0,21255.5,18815.375
2023-01-18 04:00:00+00:00,21255.5,21315.0,21220.5,21293.0,7370.766
2023-01-18 08:00:00+00:00,21293.0,21300.0,21036.0,21192.0,17787.87
2023-01-18 12:00:00+00:00,21192.0,21673.0,20800.0,21025.0,91991.153
2023-01-18 16:00:00+00:00,21025.0,21150.0,20385.0,20890.0,111177.228
2023-01-18 20:00:00+00:00,20890.0,20929.5,20594.5,20674.0,26933.959
2023-01-19 00:00:00+00:00,20674.0,20814.0,20650.0,20739.0,11672.895
2023-01-19 04:00:00+00:00,20739.0,20871.0,20739.0,20809.5,8847.058
2023-01-19 08:00:00+00:00,20809.5,20837.0,20682.0,20725.5,12824.82
2023-01-19 12:00:00+00:00,20725.5,20945.0,20645.0,20855.0,32258.721
2023-01-19 16:00:00+00:00,20855.0,21123.5,20777.5,21075.0,29806.385
2023-01-19 20:00:00+00:00,21075.0,21173.5,20895.5,21058.5,24797.873
2023-01-20 00:00:00+00:00,21058.5,21213.0,21002.0,21077.5,17924.837
2023-01-20 04:00:00+00:00,21077.5,21117.0,20853.0,20949.0,17430.677
2023-01-20 08:00:00+00:00,20949.0,20984.0,20889.0,20954.0,9256.882
2023-01-20 12:00:00+00:00,20954.0,21242.0,20947.0,21126.0,29221.186
2023-01-20 16:00:00+00:00,21126.0,21526.0,21126.0,21486.0,48589.191
2023-01-20 20:00:00+00:00,21486.0,22780.0,21486.0,22656.5,101881.657
2023-01-21 00:00:00+00:00,22656.5,22794.0,22413.0,22535.5,25736.136
2023-01-21 04:00:00+00:00,22535.5,22667.0,22508.0,22626.0,8219.424
2023-01-21 08:00:00+00:00,22626.0,23347.0,22567.0,22903.0,84975.051
2023-01-21 12:00:00+00:00,22903.0,23283.0,22837.0,22992.0,44445.938
2023-01-21 16:00:00+00:00,22992.0,23381.0,22971.0,23278.5,33623.24
2023-01-21 20:00:00+00:00,23278.5,23303.5,22679.5,22781.5,31138.417
2023-01-22 00:00:00+00:00,22781.5,22971.5,22602.0,22762.5,19782.838
2023-01-22 04:00:00+00:00,22762.5,22978.5,22717.5,22893.0,11326.812
2023-01-22 08:00:00+00:00,22893.0,22936.5,22721.0,22790.5,12790.339
2023-01-22 12:00:00+00:00,22790.5,23083.0,22622.0,22789.5,31846.944
2023-01-22 16:00:00+00:00,22789.5,22959.5,22660.0,22717.5,20654.389
2023-01-22 20:00:00+00:00,22717.5,22773.5,22277.0,22703.5,42358.579
2023-01-23 00:00:00+00:00,22703.5,22829.5,22642.5,22657.0,12326.502
2023-01-23 04:00:00+00:00,22657.0,22791.5,22602.0,22690.0,9602.532
2023-01-23 08:00:00+00:00,22690.0,22959.0,22660.0,22907.5,19226.661
2023-01-23 12:00:00+00:00,22907.5,23160.0,22459.5,22849.5,69647.221
2023-01-23 16:00:00+00:00,22849.5,23187.0,22650.0,22792.0,41040.388
2023-01-23 20:00:00+00:00,22792.0,23047.0,22753.5,22908.5,15165.123
2023-01-24 00:00:00+00:00,22908.5,23145.5,22861.5,23074.5,15071.977
2023-01-24 04:00:00+00:00,23074.5,23165.5,23006.0,23050.0,10638.626
2023-01-24 08:00:00+00:00,23050.0,23087.0,22770.0,22917.5,23570.771
2023-01-24 12:00:00+00:00,22917.5,23030.0,22687.0,22931.5,37791.865
2023-01-24 16:00:00+00:00,22931.5,23086.5,22786.0,23017.0,16981.696
2023-01-24 20:00:00+00:00,23017.0,23082.0,22451.0,22631.0,45003.647
2023-01-25 00:00:00+00:00,22631.0,22705.5,22319.0,22647.0,29242.0
2023-01-25 04:00:00+00:00,22647.0,22769.0,22604.5,22709.5,9830.803
2023-01-25 08:00:00+00:00,22709.5,22733.5,22467.0,22603.0,17666.732
2023-01-25 12:00:00+00:00,22603.0,22752.0,22333.5,22586.0,38110.347
2023-01-25 16:00:00+00:00,22586.0,22765.0,22517.0,22752.5,16106.906
2023-01-25 20:00:00+00:00,22752.5,23875.0,22752.0,23056.5,106747.682
2023-01-26 00:00:00+00:00,23056.5,23289.5,23047.0,23135.0,15970.954
2023-01-26 04:00:00+00:00,23135.0,23196.0,22884.5,22967.5,17264.486
2023-01-26 08:00:00+00:00,22967.5,23050.0,22850.5,22992.5,15629.274
2023-01-26 12:00:00+00:00,22992.5,23241.5,22851.5,22955.0,42580.302
2023-01-26 16:00:00+00:00,22955.0,23109.5,22851.0,23080.5,16903.693
2023-01-26 20:00:00+00:00,23080.5,23179.0,22957.5,23005.5,10108.111
2023-01-27 00:00:00+00:00,23005.5,23074.0,22523.0,22762.0,29764.396
2023-01-27 04:00:00+00:00,22762.0,23099.5,22753.5,23077.5,16554.657
2023-01-27 08:00:00+00:00,23077.5,23083.0,22903.0,22970.0,9725.015
2023-01-27 12:00:00+00:00,22970.0,23148.0,22838.0,22931.5,34135.846
2023-01-27 16:00:00+00:00,22931.5,23299.5,22919.5,23261.5,23270.51
2023-01-27 20:00:00+00:00,23261.5,23515.5,22941.5,23066.0,42560.245
2023-01-28 00:00:00+00:00,23066.0,23193.0,23039.5,23112.0,8290.05
2023-01-28 04:00:00+00:00,23112.0,23125.5,22942.0,22982.5,6541.289
2023-01-28 08:00:00+00:00,22982.5,23019.0,22901.0,22979.5,7580.499
2023-01-28 12:00:00+00:00,22979.5,23045.0,22874.0,23012.0,11711.749
2023-01-28 16:00:00+00:00,23012.0,23058.5,22968.0,23036.5,5547.89
2023-01-28 20:00:00+00:00,23036.5,23043.5,22933.0,23022.0,4796.761
2023-01-29 00:00:00+00:00,23022.0,23514.0,22962.0,23191.5,31547.467
2023-01-29 04:00:00+00:00,23191.5,23267.5,23151.0,23202.0,5890.941
2023-01-29 08:00:00+00:00,23202.0,23646.5,23152.5,23428.5,31812.955
2023-01-29 12:00:00+00:00,23428.5,23664.5,23342.5,23523.5,25363.027
2023-01-29 16:00:00+00:00,23523.5,23966.0,23475.0,23895.5,38211.473
2023-01-29 20:00:00+00:00,23895.5,23908.0,23611.5,23737.5,20868.23
2023-01-30 00:00:00+00:00,23737.5,23799.5,23564.5,23694.5,10542.607
2023-01-30 04:00:00+00:00,23694.5,23764.0,23597.5,23646.5,8533.338
2023-01-30 08:00:00+00:00,23646.5,23672.5,23011.0,23076.5,53079.706
2023-01-30 12:00:00+00:00,23076.5,23300.5,22953.0,23179.5,34220.761
2023-01-30 16:00:00+00:00,23179.5,23250.5,22590.0,22787.5,42099.564
2023-01-30 20:00:00+00:00,22787.5,22841.0,22480.5,22830.5,28852.769
2023-01-31 00:00:00+00:00,22830.5,22914.0,22723.0,22830.5,12660.522
2023-01-31 04:00:00+00:00,22830.5,22986.5,22734.5,22970.5,12183.563
2023-01-31 08:00:00+00:00,22970.5,22994.0,22801.0,22855.5,11930.556
2023-01-31 12:00:00+00:00,22855.5,23214.0,22848.0,23115.0,32948.553
2023-01-31 16:00:00+00:00,23115.0,23224.5,23076.0,23160.0,12801.345
2023-01-31 20:00:00+00:00,23160.0,23375.0,22801.5,23130.0,35444.941
2023-02-01 00:00:00+00:00,23130.0,23179.5,22973.0,23130.0,9921.892
2023-02-01 04:00:00+00:00,23130.0,23164.5,23009.0,23072.5,7934.115
2023-02-01 08:00:00+00:00,23072.5,23102.5,22910.0,23079.5,13604.206
2023-02-01 12:00:00+00:00,23079.5,23142.0,22940.5,22979.5,15207.548
2023-02-01 16:00:00+00:00,22979.5,23497.5,22755.0,23381.0,69084.951
2023-02-01 20:00:00+00:00,23381.0,23866.0,23315.0,23729.5,51689.911
2023-02-02 00:00:00+00:00,23729.5,24280.0,23692.0,23855.5,43593.126
2023-02-02 04:00:00+00:00,23855.5,23927.0,23655.0,23779.5,16910.145
2023-02-02 08:00:00+00:00,23779.5,23863.5,23751.5,23824.5,8771.902
2023-02-02 12:00:00+00:00,23824.5,23949.5,23510.0,23849.0,43306.997
2023-02-02 16:00:00+00:00,23849.0,24159.5,23728.5,23810.5,35270.025
2023-02-02 20:00:00+00:00,23810.5,23950.0,23360.0,23495.5,35757.211
2023-02-03 00:00:00+00:00,23495.5,23599.5,23410.5,23538.0,11369.096
2023-02-03 04:00:00+00:00,23538.0,23571.0,23444.5,23449.0,6595.531
2023-02-03 08:00:00+00:00,23449.0,23543.0,23314.0,23543.0,15674.909
2023-02-03 12:00:00+00:00,23543.0,23700.0,23218.0,23603.5,51995.647
2023-02-03 16:00:00+00:00,23603.5,23723.0,23306.0,23315.0,20971.083
2023-02-03 20:00:00+00:00,23315.0,23475.0,23203.0,23433.5,12022.987
2023-02-04 00:00:00+00:00,23433.5,23460.0,23335.5,23348.0,5765.246
2023-02-04 04:00:00+00:00,23348.0,23371.5,23260.5,23337.0,6808.483
2023-02-04 08:00:00+00:00,23337.0,23378.0,23300.0,23364.5,4895.816
2023-02-04 12:00:00+00:00,23364.5,23587.5,23347.0,23415.0,16942.101
2023-02-04 16:00:00+00:00,23415.0,23471.5,23358.0,23424.5,5838.474
2023-02-04 20:00:00+00:00,23424.5,23450.0,23260.5,23323.5,7404.997
2023-02-05 00:00:00+00:00,23323.5,23368.0,23224.5,23348.0,7487.92
2023-02-05 04:00:00+00:00,23348.0,23434.5,23332.5,23382.0,6106.65
2023-02-05 08:00:00+00:00,23382.0,23422.0,23345.0,23363.0,4217.922
2023-02-05 12:00:00+00:00,23363.0,23375.0,22983.5,23104.0,30335.705
2023-02-05 16:00:00+00:00,23104.0,23160.0,22760.0,22901.0,35930.976
2023-02-05 20:00:00+00:00,22901.0,23040.0,22800.0,22934.0,12850.676
2023-02-06 00:00:00+00:00,22934.0,23098.0,22815.5,22893.0,10348.128
2023-02-06 04:00:00+00:00,22893.0,22922.5,22612.5,22879.5,16244.862
2023-02-06 08:00:00+00:00,22879.5,22934.0,22731.0,22881.5,10868.476
2023-02-06 12:00:00+00:00,22881.5,23064.5,22737.0,23049.5,21778.577
2023-02-06 16:00:00+00:00,23049.5,23165.0,22917.5,23029.5,24917.825
2023-02-06 20:00:00+00:00,23029.5,23030.0,22628.5,22763.5,18473.764
2023-02-07 00:00:00+00:00,22763.5,22897.5,22749.5,22875.0,7997.979
2023-02-07 04:00:00+00:00,22875.0,22984.0,22859.0,22903.5,8262.404
2023-02-07 08:00:00+00:00,22903.5,23062.0,22862.0,22977.5,13261.021
2023-02-07 12:00:00+00:00,22977.5,23039.0,22872.0,22902.0,13596.539
2023-02-07 16:00:00+00:00,22902.0,23363.0,22760.0,23088.5,60433.013
2023-02-07 20:00:00+00:00,23088.5,23312.5,23025.0,23244.5,20086.76
2023-02-08 00:00:00+00:00,23244.5,23462.5,23225.0,23260.5,14028.47
2023-02-08 04:00:00+00:00,23260.5,23290.0,23181.0,23238.0,6062.233
2023-02-08 08:00:00+00:00,23238.0,23241.5,23128.0,23157.0,8842.315
2023-02-08 12:00:00+00:00,23157.0,23198.5,22858.5,22879.5,27541.5
2023-02-08 16:00:00+00:00,22879.5,23041.0,22669.0,22876.0,34520.847
2023-02-08 20:00:00+00:00,22876.0,22985.0,22759.0,22959.0,12277.401
2023-02-09 00:00:00+00:00,22959.0,23011.0,22430.0,22518.5,32010.048
2023-02-09 04:00:00+00:00,22518.5,22733.0,22355.0,22671.0,20372.197
2023-02-09 08:00:00+00:00,22671.0,22760.0,22654.0,22674.5,10138.992
2023-02-09 12:00:00+00:00,22674.5,22847.5,22532.5,22599.5,30117.776
2023-02-09 16:00:00+00:00,22599.5,22616.5,21866.0,22034.5,63658.388
2023-02-09 20:00:00+00:00,22034.5,22082.0,21698.0,21802.0,48767.507
2023-02-10 00:00:00+00:00,21802.0,21939.5,21767.5,21817.0,11690.747
2023-02-10 04:00:00+00:00,21817.0,21931.3,21620.0,21910.0,20355.026
2023-02-10 08:00:00+00:00,21910.0,21928.5,21705.6,21729.5,14713.662
2023-02-10 12:00:00+00:00,21729.5,21900.0,21500.7,21650.4,32466.454
2023-02-10 16:00:00+00:00,21650.4,21794.0,21548.5,21770.1,23202.869
2023-02-10 20:00:00+00:00,21770.1,21789.5,21431.1,21624.2,23847.596
2023-02-11 00:00:00+00:00,21624.2,21715.0,21602.5,21669.7,9590.668
2023-02-11 04:00:00+00:00,21669.7,21706.0,21632.6,21685.0,5791.09
2023-02-11 08:00:00+00:00,21685.0,21702.9,21648.4,21689.0,5002.253
2023-02-11 12:00:00+00:00,21689.0,21776.0,21658.9,21728.7,10213.558
2023-02-11 16:00:00+00:00,21728.7,21728.7,21604.5,21653.7,7741.796
2023-02-11 20:00:00+00:00,21653.7,21890.0,21637.0,21847.1,13759.771
2023-02-12 00:00:00+00:00,21847.1,21869.5,21753.3,21772.9,6494.723
2023-02-12 04:00:00+00:00,21772.9,21807.3,21760.0,21793.2,3660.023
2023-02-12 08:00:00+00:00,21793.2,21946.2,21791.1,21875.2,9857.851
2023-02-12 12:00:00+00:00,21875.2,21990.0,21755.0,21933.6,15800.148
2023-02-12 16:00:00+00:00,21933.6,22079.0,21900.0,21983.2,17654.146
2023-02-12 20:00:00+00:00,21983.2,22015.5,21625.3,21776.9,24643.544
2023-02-13 00:00:00+00:00,21776.9,21867.1,21617.0,21801.4,17471.437
2023-02-13 04:00:00+00:00,21801.4,21887.0,21774.0,21860.8,9648.157
2023-02-13 08:00:00+00:00,21860.8,21867.0,21413.0,21596.6,35158.894
2023-02-13 12:00:00+00:00,21596.6,21694.0,21553.8,21559.1,17646.34
2023-02-13 16:00:00+00:00,21559.1,21673.0,21327.5,21607.2,33904.852
2023-02-13 20:00:00+00:00,21607.2,21843.0,21559.7,21768.0,15697.314
2023-02-14 00:00:00+00:00,21768.0,21810.8,21678.1,21693.4,9992.246
2023-02-14 04:00:00+00:00,21693.4,21785.0,21680.5,21761.9,4997.953
2023-02-14 08:00:00+00:00,21761.9,21878.9,21666.0,21802.9,13474.839
2023-02-14 12:00:00+00:00,21802.9,22310.7,21514.2,22030.4,107862.267
2023-02-14 16:00:00+00:00,22030.4,22245.0,21910.4,22199.0,28608.727
2023-02-14 20:00:00+00:00,22199.0,22286.5,22107.2,22184.1,13732.103
2023-02-15 00:00:00+00:00,22184.1,22186.2,22032.0,22090.5,9722.006
2023-02-15 04:00:00+00:00,22090.5,22159.9,22067.0,22100.5,6340.174
2023-02-15 08:00:00+00:00,22100.5,22490.7,22080.2,22427.3,27549.641
2023-02-15 12:00:00+00:00,22427.3,22914.1,22427.3,22802.2,63688.235
2023-02-15 16:00:00+00:00,22802.2,23360.0,22723.4,23308.2,52366.967
2023-02-15 20:00:00+00:00,23308.2,24428.9,23284.0,24330.3,91193.055
2023-02-16 00:00:00+00:00,24330.3,24939.9,24286.4,24740.9,46984.128
2023-02-16 04:00:00+00:00,24740.9,24760.1,24450.0,24626.2,23307.098
2023-02-16 08:00:00+00:00,24626.2,24673.3,24519.6,24585.0,12897.458
2023-02-16 12:00:00+00:00,24585.0,25121.9,24301.0,25100.5,63275.628
2023-02-16 16:00:00+00:00,25100.5,25296.1,24547.9,24874.2,63226.043
2023-02-16 20:00:00+00:00,24874.2,24879.1,23505.0,23515.5,77080.561
2023-02-17 00:00:00+00:00,23515.5,23915.5,23340.0,23841.1,35833.763
2023-02-17 04:00:00+00:00,23841.1,23882.2,23612.0,23640.0,17620.207
2023-02-17 08:00:00+00:00,23640.0,23869.3,23529.9,23789.4,22857.121
2023-02-17 12:00:00+00:00,23789.4,24290.0,23685.2,24128.4,75770.976
2023-02-17 16:00:00+00:00,24128.4,24567.7,23908.2,24526.8,61003.32
2023-02-17 20:00:00+00:00,24526.8,25043.9,24049.6,24578.0,72092.899
2023-02-18 00:00:00+00:00,24578.0,24794.9,24511.5,24612.0,16397.921
2023-02-18 04:00:00+00:00,24612.0,24678.8,24427.4,24515.5,10878.603
2023-02-18 08:00:00+00:00,24515.5,24610.3,24442.2,24526.1,10701.924
2023-02-18 12:00:00+00:00,24526.1,24741.0,24495.1,24675.0,16830.904
2023-02-18 16:00:00+00:00,24675.0,24886.6,24562.3,24607.0,18931.011
2023-02-18 20:00:00+00:00,24607.0,24672.0,24502.2,24637.9,6806.761
2023-02-19 00:00:00+00:00,24637.9,24774.1,24627.8,24678.0,8145.107
2023-02-19 04:00:00+00:00,24678.0,24855.5,24560.5,24576.4,16214.59
2023-02-19 08:00:00+00:00,24576.4,24722.5,24564.0,24676.2,8728.644
2023-02-19 12:00:00+00:00,24676.2,25071.5,24663.7,24924.9,28151.328
2023-02-19 16:00:00+00:00,24924.9,25197.5,24270.9,24519.2,66874.723
2023-02-19 20:00:00+00:00,24519.2,24583.9,24168.8,24266.9,29605.11
2023-02-20 00:00:00+00:00,24266.9,24471.8,23816.7,24416.9,40374.401
2023-02-20 04:00:00+00:00,24416.9,24550.9,24406.5,24501.1,11502.174
2023-02-20 08:00:00+00:00,24501.1,24988.0,24371.0,24895.2,47008.741
2023-02-20 12:00:00+00:00,24895.2,25149.6,24723.9,24951.0,45340.086
2023-02-20 16:00:00+00:00,24951.0,24960.9,24638.0,24884.2,25891.832
2023-02-20 20:00:00+00:00,24884.2,24904.3,24652.5,24853.5,11905.231
2023-02-21 00:00:00+00:00,24853.5,25113.3,24791.3,24933.2,19015.005
2023-02-21 04:00:00+00:00,24933.2,25050.0,24860.0,25001.1,11328.728
2023-02-21 08:00:00+00:00,25001.1,25295.0,24534.3,24575.7,62389.365
2023-02-21 12:00:00+00:00,24575.7,24789.0,24360.0,24559.0,40178.586
2023-02-21 16:00:00+00:00,24559.0,24759.0,24280.0,24609.7,38947.282
2023-02-21 20:00:00+00:00,24609.7,24640.1,24152.0,24455.5,35683.425
2023-02-22 00:00:00+00:00,24455.5,24476.0,23855.0,24198.9,41335.586
2023-02-22 04:00:00+00:00,24198.9,24220.0,23931.9,24055.8,23981.353
2023-02-22 08:00:00+00:00,24055.8,24219.4,23860.5,24160.0,24645.167
2023-02-22 12:00:00+00:00,24160.0,24234.3,23632.3,23720.1,49577.684
2023-02-22 16:00:00+00:00,23720.1,23981.7,23570.3,23790.1,41261.997
2023-02-22 20:00:00+00:00,23790.1,24220.7,23737.1,24180.2,24533.594
2023-02-23 00:00:00+00:00,24180.2,24602.9,24121.7,24460.0,29226.193
2023-02-23 04:00:00+00:00,24460.0,24532.0,24317.5,24381.4,15706.282
2023-02-23 08:00:00+00:00,24381.4,24500.0,23634.0,23780.2,50394.643
2023-02-23 12:00:00+00:00,23780.2,24229.3,23590.5,23947.3,64971.828
2023-02-23 16:00:00+00:00,23947.3,24062.4,23726.0,23970.8,29857.002
2023-02-23 20:00:00+00:00,23970.8,24079.6,23750.5,23936.4,15060.621
2023-02-24 00:00:00+00:00,23936.4,24130.0,23895.2,23949.9,14813.097
2023-02-24 04:00:00+00:00,23949.9,23978.8,23770.0,23836.5,13863.385
2023-02-24 08:00:00+00:00,23836.5,23970.0,23762.0,23887.2,13746.539
2023-02-24 12:00:00+00:00,23887.2,24030.0,23321.1,23345.0,63226.249
2023-02-24 16:00:00+00:00,23345.0,23346.3,22800.0,23177.9,69084.335
2023-02-24 20:00:00+00:00,23177.9,23326.7,22964.4,23185.1,22384.302
2023-02-25 00:00:00+00:00,23185.1,23212.8,23045.1,23074.3,7934.276
2023-02-25 04:00:00+00:00,23074.3,23122.8,23014.4,23115.0,6634.716
2023-02-25 08:00:00+00:00,23115.0,23150.0,22906.0,22983.0,15130.834
2023-02-25 12:00:00+00:00,22983.0,23085.8,22860.0,23004.0,14700.78
2023-02-25 16:00:00+00:00,23004.0,23078.0,22910.1,22985.5,10356.069
2023-02-25 20:00:00+00:00,22985.5,23188.0,22712.3,23154.8,26346.861
2023-02-26 00:00:00+00:00,23154.8,23248.7,23060.1,23212.1,9789.142
2023-02-26 04:00:00+00:00,23212.1,23223.3,23089.1,23141.0,7328.149
2023-02-26 08:00:00+00:00,23141.0,23288.0,23110.0,23243.4,10205.919
2023-02-26 12:00:00+00:00,23243.4,23320.0,23117.0,23244.7,16734.283
2023-02-26 16:00:00+00:00,23244.7,23544.0,23135.3,23492.5,29972.298
2023-02-26 20:00:00+00:00,23492.5,23685.7,23313.7,23548.3,30163.81
2023-02-27 00:00:00+00:00,23548.3,23637.2,23423.2,23538.9,11945.528
2023-02-27 04:00:00+00:00,23538.9,23540.4,23342.0,23415.0,13016.173
2023-02-27 08:00:00+00:00,23415.0,23443.7,23330.0,23422.9,10066.7
2023-02-27 12:00:00+00:00,23422.9,23889.0,23379.6,23550.0,54899.011
2023-02-27 16:00:00+00:00,23550.0,23600.0,23137.0,23270.0,47904.145
2023-02-27 20:00:00+00:00,23270.0,23575.0,23083.8,23484.1,20651.37
2023-02-28 00:00:00+00:00,23484.1,23544.1,23341.0,23451.9,11031.387
2023-02-28 04:00:00+00:00,23451.9,23453.0,23210.0,23223.0,12134.632
2023-02-28 08:00:00+00:00,23223.0,23418.1,23197.5,23385.4,12895.067
2023-02-28 12:00:00+00:00,23385.4,23570.8,23303.9,23512.7,31478.974
2023-02-28 16:00:00+00:00,23512.7,23592.9,23202.0,23252.5,23919.927
2023-02-28 20:00:00+00:00,23252.5,23345.8,23010.0,23129.9,29404.724
2023-03-01 00:00:00+00:00,23129.9,23485.0,23015.0,23429.7,22748.467
2023-03-01 04:00:00+00:00,23429.7,23838.0,23413.7,23707.9,35260.205
2023-03-01 08:00:00+00:00,23707.9,24028.4,23659.4,23733.8,29677.149
2023-03-01 12:00:00+00:00,23733.8,23886.0,23554.7,23698.5,40310.905
2023-03-01 16:00:00+00:00,23698.5,23737.9,23317.2,23350.1,25933.332
2023-03-01 20:00:00+00:00,23350.1,23674.4,23286.2,23630.0,20399.273
2023-03-02 00:00:00+00:00,23630.0,23788.2,23422.0,23495.1,16942.583
2023-03-02 04:00:00+00:00,23495.1,23539.5,23333.3,23388.4,10289.275
2023-03-02 08:00:00+00:00,23388.4,23476.8,23337.2,23412.4,12200.634
2023-03-02 12:00:00+00:00,23412.4,23428.1,23186.4,23355.0,30763.622
2023-03-02 16:00:00+00:00,23355.0,23502.4,23223.1,23464.6,22404.164
2023-03-02 20:00:00+00:00,23464.6,23567.0,23380.5,23462.5,15567.296
2023-03-03 00:00:00+00:00,23462.5,23469.9,21905.0,22320.0,95414.816
2023-03-03 04:00:00+00:00,22320.0,22403.1,22253.1,22352.7,18205.348
2023-03-03 08:00:00+00:00,22352.7,22468.0,22270.7,22335.1,14799.158
2023-03-03 12:00:00+00:00,22335.1,22495.0,22140.0,22330.0,28272.982
2023-03-03 16:00:00+00:00,22330.0,22438.1,22184.0,22351.5,15917.757
2023-03-03 20:00:00+00:00,22351.5,22370.3,22141.0,22345.8,18379.982
2023-03-04 00:00:00+00:00,22345.8,22377.8,22313.1,22341.2,4494.124
2023-03-04 04:00:00+00:00,22341.2,22394.8,22262.5,22349.2,7486.012
2023-03-04 08:00:00+00:00,22349.2,22364.5,22315.6,22336.8,3944.696
2023-03-04 12:00:00+00:00,22336.8,22385.0,22296.2,22304.5,5687.208
2023-03-04 16:00:00+00:00,22304.5,22333.7,22206.2,22233.9,8590.825
2023-03-04 20:00:00+00:00,22233.9,22369.0,22152.0,22336.6,15256.274
2023-03-05 00:00:00+00:00,22336.6,22672.9,22173.0,22371.0,33953.83
2023-03-05 04:00:00+00:00,22371.0,22462.3,22355.5,22364.9,6643.852
2023-03-05 08:00:00+00:00,22364.9,22440.4,22309.1,22381.7,6290.031
2023-03-05 12:00:00+00:00,22381.7,22488.6,22381.6,22422.8,7902.448
2023-03-05 16:00:00+00:00,22422.8,22442.6,22354.9,22393.8,4476.044
2023-03-05 20:00:00+00:00,22393.8,22569.2,22306.7,22419.0,13570.727
2023-03-06 00:00:00+00:00,22419.0,22498.9,22234.4,22372.9,14369.165
2023-03-06 04:00:00+00:00,22372.9,22420.0,22302.7,22379.0,6937.929
2023-03-06 08:00:00+00:00,22379.0,22435.0,22343.4,22372.1,6296.15
2023-03-06 12:00:00+00:00,22372.1,22594.7,22352.7,22538.9,21070.235
2023-03-06 16:00:00+00:00,22538.9,22570.0,22333.7,22386.6,18330.909
2023-03-06 20:00:00+00:00,22386.6,22435.0,22310.0,22398.5,8485.486
2023-03-07 00:00:00+00:00,22398.5,22541.2,22371.7,22445.9,9671.175
2023-03-07 04:00:00+00:00,22445.9,22468.6,22400.0,22403.9,4267.082
2023-03-07 08:00:00+00:00,22403.9,22422.3,22316.0,22340.4,10062.894
2023-03-07 12:00:00+00:00,22340.4,22485.7,21919.0,22314.1,72844.114
2023-03-07 16:00:00+00:00,22314.1,22383.0,22032.3,22120.1,29587.738
2023-03-07 20:00:00+00:00,22120.1,22218.9,21933.8,22188.9,27043.574
2023-03-08 00:00:00+00:00,22188.9,22280.0,22071.2,22139.5,12545.786
2023-03-08 04:00:00+00:00,22139.5,22152.3,21821.7,21961.4,24325.247
2023-03-08 08:00:00+00:00,21961.4,22139.0,21935.5,22062.1,14958.615
2023-03-08 12:00:00+00:00,22062.1,22227.0,21865.0,22128.1,43686.368
2023-03-08 16:00:00+00:00,22128.1,22214.0,21935.2,21994.0,20445.195
2023-03-08 20:00:00+00:00,21994.0,22130.0,21559.0,21702.0,44035.774
2023-03-09 00:00:00+00:00,21702.0,21805.7,21626.6,21764.6,12715.408
2023-03-09 04:00:00+00:00,21764.6,21764.6,21664.6,21682.9,7091.561
2023-03-09 08:00:00+00:00,21682.9,21704.7,21528.8,21674.9,23788.62
2023-03-09 12:00:00+00:00,21674.9,21837.5,21555.0,21637.7,35010.006
2023-03-09 16:00:00+00:00,21637.7,21669.9,20753.5,20849.9,100529.42
2023-03-09 20:00:00+00:00,20849.9,20863.3,20016.0,20355.6,113823.436
2023-03-10 00:00:00+00:00,20355.6,20358.1,19755.0,20040.1,67500.476
2023-03-10 04:00:00+00:00,20040.1,20050.0,19764.5,19939.0,42731.949
2023-03-10 08:00:00+00:00,19939.0,19969.7,19535.0,19751.3,55474.817
2023-03-10 12:00:00+00:00,19751.3,20294.0,19638.3,19995.0,113312.282
2023-03-10 16:00:00+00:00,19995.0,20297.2,19805.2,20013.0,50999.379
2023-03-10 20:00:00+00:00,20013.0,20233.9,19833.0,20141.4,29562.76
2023-03-11 00:00:00+00:00,20141.4,20671.2,20125.3,20382.8,54449.488
2023-03-11 04:00:00+00:00,20382.8,20420.0,19815.2,19850.1,34450.439
2023-03-11 08:00:00+00:00,19850.1,20200.0,19760.0,20080.0,36183.9
2023-03-11 12:00:00+00:00,20080.0,20198.4,20022.3,20051.9,16585.249
2023-03-11 16:00:00+00:00,20051.9,20332.2,19973.8,20218.7,23636.78
2023-03-11 20:00:00+00:00,20218.7,20526.8,20210.9,20450.1,24399.304
2023-03-12 00:00:00+00:00,20450.1,20492.7,20300.1,20364.9,17335.645
2023-03-12 04:00:00+00:00,20364.9,20431.6,20260.9,20333.5,9310.519
2023-03-12 08:00:00+00:00,20333.5,20486.6,20325.2,20436.4,11488.946
2023-03-12 12:00:00+00:00,20436.4,20448.0,20275.8,20351.1,15659.265
2023-03-12 16:00:00+00:00,20351.1,21348.6,20330.7,20766.9,91591.488
2023-03-12 20:00:00+00:00,20766.9,22139.0,20747.6,21978.9,99314.593
2023-03-13 00:00:00+00:00,21978.9,22588.0,21851.4,22218.8,60062.207
2023-03-13 04:00:00+00:00,22218.8,22511.0,22210.5,22454.6,24637.17
2023-03-13 08:00:00+00:00,22454.6,22535.0,21804.0,22097.1,51665.043
2023-03-13 12:00:00+00:00,22097.1,24560.0,21946.4,23999.9,188600.615
2023-03-13 16:00:00+00:00,23999.9,24450.0,23755.0,24316.5,63351.917
2023-03-13 20:00:00+00:00,24316.5,24347.0,23922.0,24112.2,26044.536
2023-03-14 00:00:00+00:00,24112.2,24510.8,23982.5,24368.5,28768.321
2023-03-14 04:00:00+00:00,24368.5,24850.9,24139.1,24241.4,46853.925
2023-03-14 08:00:00+00:00,24241.4,24840.0,24120.0,24743.2,46438.885
2023-03-14 12:00:00+00:00,24743.2,26500.0,24401.4,25921.8,190659.417
2023-03-14 16:00:00+00:00,25921.8,26025.0,24241.4,25057.4,96133.466
2023-03-14 20:00:00+00:00,25057.4,25188.8,23966.0,24684.7,67471.121
2023-03-15 00:00:00+00:00,24684.7,25099.1,24316.1,24737.4,34533.849
2023-03-15 04:00:00+00:00,24737.4,24941.6,24622.0,24892.4,18107.32
2023-03-15 08:00:00+00:00,24892.4,24941.4,24262.5,24778.1,48315.585
2023-03-15 12:00:00+00:00,24778.1,25211.0,24373.0,24471.2,109127.747
2023-03-15 16:00:00+00:00,24471.2,24526.0,23868.1,24384.0,74208.927
2023-03-15 20:00:00+00:00,24384.0,24647.0,24220.3,24284.9,22642.008
2023-03-16 00:00:00+00:00,24284.9,24443.3,24123.2,24273.7,18167.862
2023-03-16 04:00:00+00:00,24273.7,24688.0,24183.0,24614.7,24112.547
2023-03-16 08:00:00+00:00,24614.7,25068.7,24375.0,24821.2,47906.346
2023-03-16 12:00:00+00:00,24821.2,25031.0,24489.9,24880.5,50611.004
2023-03-16 16:00:00+00:00,24880.5,25175.0,24593.3,24949.1,35884.972
2023-03-16 20:00:00+00:00,24949.1,25106.8,24615.0,24989.2,25288.865
2023-03-17 00:00:00+00:00,24989.2,25888.0,24878.6,25770.4,60400.006
2023-03-17 04:00:00+00:00,25770.4,26219.2,25643.9,26050.4,50407.906
2023-03-17 08:00:00+00:00,26050.4,26976.5,25907.9,26914.4,88545.687
2023-03-17 12:00:00+00:00,26914.4,26933.0,26100.0,26409.0,80356.565
2023-03-17 16:00:00+00:00,26409.0,26859.7,26237.0,26828.3,47609.307
2023-03-17 20:00:00+00:00,26828.3,27766.0,26568.3,27382.2,80260.401
2023-03-18 00:00:00+00:00,27382.2,27720.0,27039.3,27289.4,35710.187
2023-03-18 04:00:00+00:00,27289.4,27602.4,27207.1,27350.0,19113.152
2023-03-18 08:00:00+00:00,27350.0,27517.5,27046.0,27443.2,25082.738
2023-03-18 12:00:00+00:00,27443.2,27640.0,27042.0,27220.0,35845.722
2023-03-18 16:00:00+00:00,27220.0,27497.0,26555.0,27324.4,57536.875
2023-03-18 20:00:00+00:00,27324.4,27448.9,26793.0,26898.2,24979.38
2023-03-19 00:00:00+00:00,26898.2,27237.8,26898.2,27190.2,14835.716
2023-03-19 04:00:00+00:00,27190.2,27276.9,26816.2,26964.9,16415.142
2023-03-19 08:00:00+00:00,26964.9,27197.5,26868.0,27154.9,19088.678
2023-03-19 12:00:00+00:00,27154.9,27766.0,27087.6,27546.0,45756.103
2023-03-19 16:00:00+00:00,27546.0,28375.0,27466.7,28244.9,74327.686
2023-03-19 20:00:00+00:00,28244.9,28417.1,27715.5,27962.1,44986.358
2023-03-20 00:00:00+00:00,27962.1,28044.0,27123.0,27270.1,42500.148
2023-03-20 04:00:00+00:00,27270.1,28254.4,27140.4,28171.1,36542.907
2023-03-20 08:00:00+00:00,28171.1,28480.0,27900.7,28177.4,51164.713
2023-03-20 12:00:00+00:00,28177.4,28245.0,27569.0,27684.0,51038.473
2023-03-20 16:00:00+00:00,27684.0,28042.0,27441.4,27769.9,43801.02
2023-03-20 20:00:00+00:00,27769.9,28189.5,27564.2,27703.6,26238.582
2023-03-21 00:00:00+00:00,27703.6,27935.4,27657.1,27769.7,15015.991
2023-03-21 04:00:00+00:00,27769.7,27949.7,27292.2,27488.9,32852.169
2023-03-21 08:00:00+00:00,27488.9,28172.5,27368.9,28030.7,38724.094
2023-03-21 12:00:00+00:00,28030.7,28238.7,27707.9,28026.0,40876.878
2023-03-21 16:00:00+00:00,28026.0,28471.0,27913.0,28108.5,47967.524
2023-03-21 20:00:00+00:00,28108.5,28197.0,27886.0,28090.0,14287.434
2023-03-22 00:00:00+00:00,28090.0,28276.4,27927.5,28145.0,14750.085
2023-03-22 04:00:00+00:00,28145.0,28289.3,28011.0,28087.6,14052.211
2023-03-22 08:00:00+00:00,28087.6,28199.0,27964.4,28114.7,14957.068
2023-03-22 12:00:00+00:00,28114.7,28736.0,28091.0,28579.9,60458.59
2023-03-22 16:00:00+00:00,28579.9,28897.0,26617.9,26642.6,167436.28
2023-03-22 20:00:00+00:00,26642.6,27418.2,26583.4,27233.8,48230.78
2023-03-23 00:00:00+00:00,27233.8,27411.1,27103.5,27344.0,17796.877
2023-03-23 04:00:00+00:00,27344.0,27681.0,27235.6,27622.1,22571.005
2023-03-23 08:00:00+00:00,27622.1,27737.0,27426.0,27574.1,18148.736
2023-03-23 12:00:00+00:00,27574.1,28780.0,27264.0,28567.9,90893.389
2023-03-23 16:00:00+00:00,28567.9,28629.1,27733.0,28359.0,65317.768
2023-03-23 20:00:00+00:00,28359.0,28443.0,27937.3,28278.0,24067.569
2023-03-24 00:00:00+00:00,28278.0,28353.2,28110.7,28208.0,11577.348
2023-03-24 04:00:00+00:00,28208.0,28335.4,28075.2,28263.9,13412.483
2023-03-24 08:00:00+00:00,28263.9,28290.3,27280.3,27562.3,44107.906
2023-03-24 12:00:00+00:00,27562.3,28249.1,27531.8,27994.1,58480.211
2023-03-24 16:00:00+00:00,27994.1,28041.7,27470.5,27813.7,33045.479
2023-03-24 20:00:00+00:00,27813.7,27852.2,26956.0,27437.2,37859.007
2023-03-25 00:00:00+00:00,27437.2,27656.6,27406.5,27567.4,12717.803
2023-03-25 04:00:00+00:00,27567.4,27599.7,27357.2,27472.9,10817.28
2023-03-25 08:00:00+00:00,27472.9,27518.0,27287.6,27443.8,14581.129
2023-03-25 12:00:00+00:00,27443.8,27787.5,27350.0,27636.7,22548.845
2023-03-25 16:00:00+00:00,27636.7,27724.4,27132.0,27175.6,25886.893
2023-03-25 20:00:00+00:00,27175.6,27516.2,27141.0,27444.9,12051.018
2023-03-26 00:00:00+00:00,27444.9,27642.0,27402.4,27515.0,9926.536
2023-03-26 04:00:00+00:00,27515.0,27555.3,27446.7,27491.5,5932.053
2023-03-26 08:00:00+00:00,27491.5,27940.0,27465.0,27848.0,18207.06
2023-03-26 12:00:00+00:00,27848.0,28196.7,27680.4,27792.5,40600.93
2023-03-26 16:00:00+00:00,27792.5,27939.9,27602.8,27813.4,14824.72
2023-03-26 20:00:00+00:00,27813.4,28130.0,27657.8,27951.6,17723.7
2023-03-27 00:00:00+00:00,27951.6,28010.0,27755.0,27875.6,10913.541
2023-03-27 04:00:00+00:00,27875.6,27917.6,27642.4,27785.1,12766.999
2023-03-27 08:00:00+00:00,27785.1,27986.9,27753.0,27875.7,14678.54
2023-03-27 12:00:00+00:00,27875.7,27905.1,26474.3,26889.9,89447.596
2023-03-27 16:00:00+00:00,26889.9,27294.0,26836.3,26957.9,39765.842
2023-03-27 20:00:00+00:00,26957.9,27235.7,26862.0,27108.3,16433.499
2023-03-28 00:00:00+00:00,27108.3,27174.1,26785.0,26959.1,18264.429
2023-03-28 04:00:00+00:00,26959.1,27135.0,26865.5,26955.0,14844.963
2023-03-28 08:00:00+00:00,26955.0,27144.7,26611.0,27044.1,35650.402
2023-03-28 12:00:00+00:00,27044.1,27196.0,26820.3,26985.8,36453.246
2023-03-28 16:00:00+00:00,26985.8,27497.0,26733.5,27399.9,42811.215
2023-03-28 20:00:00+00:00,27399.9,27475.8,27074.3,27243.5,17722.527
2023-03-29 00:00:00+00:00,27243.5,27465.6,27220.0,27354.0,12004.024
2023-03-29 04:00:00+00:00,27354.0,28176.4,27335.7,28076.1,48774.77
2023-03-29 08:00:00+00:00,28076.1,28644.5,28029.8,28349.9,50968.588
2023-03-29 12:00:00+00:00,28349.9,28594.5,28222.3,28428.4,35498.731
2023-03-29 16:00:00+00:00,28428.4,28446.8,28125.0,28409.9,26932.637
2023-03-29 20:00:00+00:00,28409.9,28530.0,28183.2,28330.0,19934.63
2023-03-30 00:00:00+00:00,28330.0,29197.2,28054.2,28473.8,73786.28
2023-03-30 04:00:00+00:00,28473.8,28777.8,28431.1,28713.9,22319.19
2023-03-30 08:00:00+00:00,28713.9,28740.0,28479.0,28631.5,16360.684
2023-03-30 12:00:00+00:00,28631.5,28682.3,28126.5,28290.4,41892.315
2023-03-30 16:00:00+00:00,28290.4,28290.4,27650.0,27968.6,55248.54
2023-03-30 20:00:00+00:00,27968.6,28199.4,27770.0,28008.1,25892.784
2023-03-31 00:00:00+00:00,28008.1,28370.0,27892.0,28152.2,24891.384
2023-03-31 04:00:00+00:00,28152.2,28202.4,27486.6,27729.8,30340.607
2023-03-31 08:00:00+00:00,27729.8,27989.0,27664.9,27916.4,20756.183
2023-03-31 12:00:00+00:00,27916.4,28675.1,27855.7,28481.9,62690.398
2023-03-31 16:00:00+00:00,28481.9,28529.4,28230.4,28454.7,22346.708
2023-03-31 20:00:00+00:00,28454.7,28633.4,28323.0,28452.1,17227.158
2023-04-01 00:00:00+00:00,28452.1,28838.6,28385.2,28522.6,22565.313
2023-04-01 04:00:00+00:00,28522.6,28600.0,28322.0,28412.3,12052.309
2023-04-01 08:00:00+00:00,28412.3,28473.0,28329.1,28354.6,7962.62
2023-04-01 12:00:00+00:00,28354.6,28429.8,28182.5,28388.1,13240.599
2023-04-01 16:00:00+00:00,28388.1,28420.3,28257.1,28357.8,7453.743
2023-04-01 20:00:00+00:00,28357.8,28576.0,28357.8,28435.1,12615.519
2023-04-02 00:00:00+00:00,28435.1,28525.0,28325.2,28459.9,7676.71
2023-04-02 04:00:00+00:00,28459.9,28484.2,28363.6,28404.9,5700.74
2023-04-02 08:00:00+00:00,28404.9,28446.6,28281.0,28339.2,10972.804
2023-04-02 12:00:00+00:00,28339.2,28353.9,28016.0,28117.9,30518.882
2023-04-02 16:00:00+00:00,28117.9,28229.9,27822.8,27927.7,23800.74
2023-04-02 20:00:00+00:00,27927.7,28188.1,27840.1,28155.9,16991.782
2023-04-03 00:00:00+00:00,28155.9,28166.4,27553.6,27740.1,25523.725
2023-04-03 04:00:00+00:00,27740.1,27958.0,27564.0,27954.1,16052.184
2023-04-03 08:00:00+00:00,27954.1,28550.0,27948.1,28240.8,44062.281
2023-04-03 12:00:00+00:00,28240.8,28366.5,27923.0,28026.6,34791.722
2023-04-03 16:00:00+00:00,28026.6,28235.2,27865.3,28064.1,25354.975
2023-04-03 20:00:00+00:00,28064.1,28081.2,27175.0,27788.7,57841.309
2023-04-04 00:00:00+00:00,27788.7,27955.8,27648.2,27834.8,14302.802
2023-04-04 04:00:00+00:00,27834.8,28138.0,27756.7,28009.9,18888.32
2023-04-04 08:00:00+00:00,28009.9,28438.4,27912.0,28269.2,28304.606
2023-04-04 12:00:00+00:00,28269.2,28388.6,27920.7,28004.7,32653.035
2023-04-04 16:00:00+00:00,28004.7,28239.7,27953.3,28173.7,16369.703
2023-04-04 20:00:00+00:00,28173.7,28296.8,28056.6,28149.7,14938.474
2023-04-05 00:00:00+00:00,28149.7,28797.1,28079.9,28534.8,38971.174
2023-04-05 04:00:00+00:00,28534.8,28617.2,28439.0,28519.0,11094.996
2023-04-05 08:00:00+00:00,28519.0,28600.0,28430.6,28545.3,9115.136
2023-04-05 12:00:00+00:00,28545.3,28750.0,27832.4,28012.4,65264.994
2023-04-05 16:00:00+00:00,28012.4,28298.0,27777.2,28219.2,29691.468
2023-04-05 20:00:00+00:00,28219.2,28288.8,28104.0,28154.7,10638.016
2023-04-06 00:00:00+00:00,28154.7,28165.7,27848.4,28120.0,16769.629
2023-04-06 04:00:00+00:00,28120.0,28120.1,27890.0,27893.0,9735.124
2023-04-06 08:00:00+00:00,27893.0,28020.0,27670.0,27929.1,22345.361
2023-04-06 12:00:00+00:00,27929.1,28173.5,27726.3,28082.2,29689.232
2023-04-06 16:00:00+00:00,28082.2,28155.6,27925.0,28000.1,13629.694
2023-04-06 20:00:00+00:00,28000.1,28123.8,27867.9,28022.1,12002.142
2023-04-07 00:00:00+00:00,28022.1,28094.1,27912.1,28023.0,7959.086
2023-04-07 04:00:00+00:00,28023.0,28057.9,27755.0,27823.7,14141.337
2023-04-07 08:00:00+00:00,27823.7,27948.8,27770.0,27826.0,13968.738
2023-04-07 12:00:00+00:00,27826.0,28000.0,27775.2,27932.7,16098.316
2023-04-07 16:00:00+00:00,27932.7,27941.7,27842.7,27882.9,4984.293
2023-04-07 20:00:00+00:00,27882.9,27970.0,27830.0,27884.2,7322.221
2023-04-08 00:00:00+00:00,27884.2,28065.9,27846.0,28011.7,8954.332
2023-04-08 04:00:00+00:00,28011.7,28164.2,27964.4,28076.8,9355.625
2023-04-08 08:00:00+00:00,28076.8,28111.4,27982.3,28005.1,6259.157
2023-04-08 12:00:00+00:00,28005.1,28036.4,27931.0,28007.1,6840.651
2023-04-08 16:00:00+00:00,28007.1,28008.2,27850.8,27904.0,8970.898
2023-04-08 20:00:00+00:00,27904.0,27978.5,27870.0,27929.7,5601.45
2023-04-09 00:00:00+00:00,27929.7,28074.7,27921.0,28009.8,7973.988
2023-04-09 04:00:00+00:00,28009.8,28059.0,27822.0,27896.1,12093.643
2023-04-09 08:00:00+00:00,27896.1,27922.9,27764.0,27920.4,8578.033
2023-04-09 12:00:00+00:00,27920.4,27958.9,27777.8,27877.3,10348.585
2023-04-09 16:00:00+00:00,27877.3,28273.9,27865.0,28127.0,17802.908
2023-04-09 20:00:00+00:00,28127.0,28524.4,28071.5,28309.7,24913.016
2023-04-10 00:00:00+00:00,28309.7,28406.6,28228.0,28264.1,9716.348
2023-04-10 04:00:00+00:00,28264.1,28307.1,28177.2,28272.7,10097.841
2023-04-10 08:00:00+00:00,28272.7,28360.0,28260.1,28293.5,10031.281
2023-04-10 12:00:00+00:00,28293.5,28580.0,28136.6,28419.2,29248.224
2023-04-10 16:00:00+00:00,28419.2,29289.0,28361.0,29151.3,73815.359
2023-04-10 20:00:00+00:00,29151.3,29864.0,29055.0,29628.1,47498.519
2023-04-11 00:00:00+00:00,29628.1,30467.8,29579.5,30103.3,62875.329
2023-04-11 04:00:00+00:00,30103.3,30157.1,29768.2,30092.1,22479.626
2023-04-11 08:00:00+00:00,30092.1,30138.7,29959.2,30047.1,12349.691
2023-04-11 12:00:00+00:00,30047.1,30272.1,29960.0,30180.0,31117.19
2023-04-11 16:00:00+00:00,30180.0,30560.5,30000.6,30113.0,36773.665
2023-04-11 20:00:00+00:00,30113.0,30267.8,29892.3,30179.0,19799.215
2023-04-12 00:00:00+00:00,30179.0,30344.0,29810.0,29916.5,27123.248
2023-04-12 04:00:00+00:00,29916.5,30067.0,29835.0,29984.7,11720.508
2023-04-12 08:00:00+00:00,29984.7,30045.7,29884.1,30006.5,8908.425
2023-04-12 12:00:00+00:00,30006.5,30480.0,29630.0,29949.8,84387.814
2023-04-12 16:00:00+00:00,29949.8,30079.1,29732.0,29780.8,19995.826
2023-04-12 20:00:00+00:00,29780.8,29974.4,29751.7,29871.0,12357.835
2023-04-13 00:00:00+00:00,29871.0,30220.0,29845.0,30061.5,14966.072
2023-04-13 04:00:00+00:00,30061.5,30111.0,29976.7,30062.1,7317.84
2023-04-13 08:00:00+00:00,30062.1,30370.8,30021.8,30153.1,23638.759
2023-04-13 12:00:00+00:00,30153.1,30600.0,30128.8,30432.0,43115.396
2023-04-13 16:00:00+00:00,30432.0,30552.0,30250.7,30316.0,21278.599
2023-04-13 20:00:00+00:00,30316.0,30385.5,30180.8,30366.2,12873.256
2023-04-14 00:00:00+00:00,30366.2,30949.8,30300.5,30694.7,43147.637
2023-04-14 04:00:00+00:00,30694.7,31061.7,30663.4,30740.1,28364.843
2023-04-14 08:00:00+00:00,30740.1,30822.7,30652.3,30791.3,15414.594
2023-04-14 12:00:00+00:00,30791.3,30860.0,30070.0,30231.3,52463.374
2023-04-14 16:00:00+00:00,30231.3,30344.5,29936.0,30310.3,30964.939
2023-04-14 20:00:00+00:00,30310.3,30509.4,30261.0,30438.2,15007.544
2023-04-15 00:00:00+00:00,30438.2,30583.0,30240.2,30364.8,11837.837
2023-04-15 04:00:00+00:00,30364.8,30460.0,30335.9,30420.1,4699.279
2023-04-15 08:00:00+00:00,30420.1,30451.9,30348.1,30377.0,5857.64
2023-04-15 12:00:00+00:00,30377.0,30434.7,30280.0,30320.1,9437.496
2023-04-15 16:00:00+00:00,30320.1,30349.3,30180.0,30329.0,11403.81
2023-04-15 20:00:00+00:00,30329.0,30365.4,30235.3,30293.7,5251.849
2023-04-16 00:00:00+00:00,30293.7,30315.8,30114.0,30249.9,7362.958
2023-04-16 04:00:00+00:00,30249.9,30390.0,30245.5,30336.1,4919.283
2023-04-16 08:00:00+00:00,30336.1,30350.0,30207.6,30218.6,7433.241
2023-04-16 12:00:00+00:00,30218.6,30360.0,30154.9,30330.1,10115.278
2023-04-16 16:00:00+00:00,30330.1,30565.4,30265.0,30306.8,18245.831
2023-04-16 20:00:00+00:00,30306.8,30414.2,30170.0,30295.9,14758.299
2023-04-17 00:00:00+00:00,30295.9,30308.3,29719.0,29965.9,31673.697
2023-04-17 04:00:00+00:00,29965.9,29998.9,29828.7,29834.9,9449.392
2023-04-17 08:00:00+00:00,29834.9,29926.0,29266.0,29564.1,30821.022
2023-04-17 12:00:00+00:00,29564.1,29590.2,29219.0,29360.1,34727.432
2023-04-17 16:00:00+00:00,29360.1,29580.0,29316.6,29463.5,16518.69
2023-04-17 20:00:00+00:00,29463.5,29535.3,29369.7,29421.8,8607.051
2023-04-18 00:00:00+00:00,29421.8,29509.3,29060.0,29435.7,22811.897
2023-04-18 04:00:00+00:00,29435.7,29800.0,29430.9,29774.4,18178.186
2023-04-18 08:00:00+00:00,29774.4,30387.8,29691.6,30386.9,37360.407
2023-04-18 12:00:00+00:00,30386.9,30500.0,30092.9,30174.9,43445.911
2023-04-18 16:00:00+00:00,30174.9,30278.3,29931.9,30223.2,27827.867
2023-04-18 20:00:00+00:00,30223.2,30475.8,30153.8,30382.5,19211.844
2023-04-19 00:00:00+00:00,30382.5,30416.2,30106.0,30203.0,13751.353
2023-04-19 04:00:00+00:00,30203.0,30335.0,29957.8,30063.9,16899.606
2023-04-19 08:00:00+00:00,30063.9,30063.9,28896.4,29308.9,89027.157
2023-04-19 12:00:00+00:00,29308.9,29494.6,28824.2,29248.2,38491.146
2023-04-19 16:00:00+00:00,29248.2,29366.6,29030.0,29214.9,22083.547
2023-04-19 20:00:00+00:00,29214.9,29303.3,28555.0,28797.1,52776.27
2023-04-20 00:00:00+00:00,28797.1,28988.0,28524.5,28844.7,24416.668
2023-04-20 04:00:00+00:00,28844.7,29082.8,28806.0,28853.8,17444.085
2023-04-20 08:00:00+00:00,28853.8,28943.3,28580.0,28603.1,20788.047
2023-04-20 12:00:00+00:00,28603.1,28959.1,28307.0,28489.9,50927.237
2023-04-20 16:00:00+00:00,28489.9,28650.0,27981.4,28100.0,66358.588
2023-04-20 20:00:00+00:00,28100.0,28364.1,28001.0,28235.6,24205.055
2023-04-21 00:00:00+00:00,28235.6,28368.0,28071.1,28315.0,16715.028
2023-04-21 04:00:00+00:00,28315.0,28347.2,27800.0,28155.5,36688.159
2023-04-21 08:00:00+00:00,28155.5,28240.9,27905.6,28054.5,22534.735
2023-04-21 12:00:00+00:00,28054.5,28299.9,27963.0,28038.0,32773.322
2023-04-21 16:00:00+00:00,28038.0,28089.0,27155.0,27273.2,67443.179
2023-04-21 20:00:00+00:00,27273.2,27407.2,27058.0,27253.2,27255.046
2023-04-22 00:00:00+00:00,27253.2,27364.7,27130.0,27312.7,13039.513
2023-04-22 04:00:00+00:00,27312.7,27395.8,27213.3,27267.8,8964.337
2023-04-22 08:00:00+00:00,27267.8,27312.7,27180.0,27278.8,10658.922
2023-04-22 12:00:00+00:00,27278.8,27563.1,27216.2,27479.9,21612.258
2023-04-22 16:00:00+00:00,27479.9,27774.6,27479.5,27606.9,24553.945
2023-04-22 20:00:00+00:00,27606.9,27880.4,27552.3,27799.2,15819.021
2023-04-23 00:00:00+00:00,27799.2,27800.0,27399.2,27556.3,19322.679
2023-04-23 04:00:00+00:00,27556.3,27744.6,27520.1,27706.0,10015.943
2023-04-23 08:00:00+00:00,27706.0,27756.7,27464.3,27630.0,15856.291
2023-04-23 12:00:00+00:00,27630.0,27726.7,27302.2,27459.5,21531.334
2023-04-23 16:00:00+00:00,27459.5,27678.3,27320.0,27446.8,19276.133
2023-04-23 20:00:00+00:00,27446.8,27648.0,27386.7,27572.8,9421.87
2023-04-24 00:00:00+00:00,27572.8,27989.0,27420.1,27778.5,28769.834
2023-04-24 04:00:00+00:00,27778.5,27784.5,27333.0,27445.9,19687.519
2023-04-24 08:00:00+00:00,27445.9,27540.0,27136.0,27536.1,33313.203
2023-04-24 12:00:00+00:00,27536.1,27700.0,27203.7,27248.2,38803.028
2023-04-24 16:00:00+00:00,27248.2,27569.9,26933.0,27370.3,45864.424
2023-04-24 20:00:00+00:00,27370.3,27550.0,27288.3,27493.1,11323.364
2023-04-25 00:00:00+00:00,27493.1,27584.4,27311.0,27336.9,12049.788
2023-04-25 04:00:00+00:00,27336.9,27447.0,27227.0,27255.3,13871.184
2023-04-25 08:00:00+00:00,27255.3,27430.8,27181.1,27376.3,19624.511
2023-04-25 12:00:00+00:00,27376.3,27464.0,27201.5,27330.0,22691.611
2023-04-25 16:00:00+00:00,27330.0,27768.0,27296.6,27596.2,36093.07
2023-04-25 20:00:00+00:00,27596.2,28388.0,27596.1,28277.3,55027.706
2023-04-26 00:00:00+00:00,28277.3,28485.0,28239.2,28293.9,23823.702
2023-04-26 04:00:00+00:00,28293.9,28596.7,28291.6,28357.6,18254.263
2023-04-26 08:00:00+00:00,28357.6,29131.3,28352.1,28936.2,63595.806
2023-04-26 12:00:00+00:00,28936.2,30062.0,28936.2,29802.5,96199.467
2023-04-26 16:00:00+00:00,29802.5,29893.7,27640.0,27871.8,96070.982
2023-04-26 20:00:00+00:00,27871.8,28735.0,27200.0,28401.9,111278.254
2023-04-27 00:00:00+00:00,28401.9,29480.0,28368.8,28875.0,70964.432
2023-04-27 04:00:00+00:00,28875.0,29277.3,28606.0,28877.4,37267.004
2023-04-27 08:00:00+00:00,28877.4,29135.6,28757.8,28922.9,25579.705
2023-04-27 12:00:00+00:00,28922.9,29594.6,28636.0,29134.0,64742.295
2023-04-27 16:00:00+00:00,29134.0,29883.5,28995.2,29661.0,61913.09
2023-04-27 20:00:00+00:00,29661.0,29795.9,29230.0,29458.2,30657.743
2023-04-28 00:00:00+00:00,29458.2,29593.8,29321.6,29414.7,16469.845
2023-04-28 04:00:00+00:00,29414.7,29558.0,29379.4,29464.6,13317.466
2023-04-28 08:00:00+00:00,29464.6,29472.5,29112.0,29226.1,26576.878
2023-04-28 12:00:00+00:00,29226.1,29471.9,28870.0,29138.9,53390.268
2023-04-28 16:00:00+00:00,29138.9,29432.2,29087.6,29313.0,22979.906
2023-04-28 20:00:00+00:00,29313.0,29422.2,29254.4,29296.1,8654.73
2023-04-29 00:00:00+00:00,29296.1,29374.5,29175.0,29328.0,10324.926
2023-04-29 04:00:00+00:00,29328.0,29427.9,29277.0,29333.1,8722.556
2023-04-29 08:00:00+00:00,29333.1,29337.6,29224.6,29320.0,8037.243
2023-04-29 12:00:00+00:00,29320.0,29381.7,29201.0,29261.0,9425.855
2023-04-29 16:00:00+00:00,29261.0,29298.0,29010.1,29219.6,13356.521
2023-04-29 20:00:00+00:00,29219.6,29254.3,29106.8,29211.9,5804.695
2023-04-30 00:00:00+00:00,29211.9,29214.9,29074.8,29165.2,6345.26
2023-04-30 04:00:00+00:00,29165.2,29284.0,29154.1,29245.0,5787.962
2023-04-30 08:00:00+00:00,29245.0,29334.0,29148.6,29183.9,9798.126
2023-04-30 12:00:00+00:00,29183.9,29955.0,29168.2,29645.0,47097.442
2023-04-30 16:00:00+00:00,29645.0,29863.9,29167.1,29349.9,38547.715
2023-04-30 20:00:00+00:00,29349.9,29483.5,29137.8,29217.0,21108.708
2023-05-01 00:00:00+00:00,29217.0,29328.4,28354.0,28542.9,45706.206
2023-05-01 04:00:00+00:00,28542.9,28699.1,28217.0,28619.0,26844.068
2023-05-01 08:00:00+00:00,28619.0,28653.9,28463.9,28507.7,12592.473
2023-05-01 12:00:00+00:00,28507.7,28608.8,28051.4,28162.8,45562.609
2023-05-01 16:00:00+00:00,28162.8,28407.2,27789.1,27833.4,54614.257
2023-05-01 20:00:00+00:00,27833.4,28167.2,27640.1,28051.2,30488.031
2023-05-02 00:00:00+00:00,28051.2,28126.4,27900.3,28029.9,14443.758
2023-05-02 04:00:00+00:00,28029.9,28150.0,27860.0,28046.4,13287.623
2023-05-02 08:00:00+00:00,28046.4,28120.4,27926.8,28072.9,10783.296
2023-05-02 12:00:00+00:00,28072.9,28768.6,27891.4,28520.0,78178.082
2023-05-02 16:00:00+00:00,28520.0,28869.0,28408.6,28666.0,35962.754
2023-05-02 20:00:00+00:00,28666.0,28796.5,28593.6,28655.1,15276.069
2023-05-03 00:00:00+00:00,28655.1,28672.8,28322.2,28507.1,17062.94
2023-05-03 04:00:00+00:00,28507.1,28670.0,28420.0,28635.7,14567.741
2023-05-03 08:00:00+00:00,28635.7,28757.6,28511.6,28537.9,14501.267
2023-05-03 12:00:00+00:00,28537.9,28561.0,28069.1,28297.6,42567.17
2023-05-03 16:00:00+00:00,28297.6,28856.6,28188.0,28308.9,72175.004
2023-05-03 20:00:00+00:00,28308.9,29262.8,28273.4,29014.0,43649.297
2023-05-04 00:00:00+00:00,29014.0,29176.0,28943.0,29076.1,13823.08
2023-05-04 04:00:00+00:00,29076.1,29229.1,29022.5,29042.8,14260.202
2023-05-04 08:00:00+00:00,29042.8,29384.2,28970.3,29144.0,24492.615
2023-05-04 12:00:00+00:00,29144.0,29226.9,28631.2,28856.3,38993.558
2023-05-04 16:00:00+00:00,28856.3,28964.8,28653.1,28880.2,21528.018
2023-05-04 20:00:00+00:00,28880.2,28911.8,28731.4,28818.9,8936.61
2023-05-05 00:00:00+00:00,28818.9,29534.7,28804.3,29185.0,34566.468
2023-05-05 04:00:00+00:00,29185.0,29255.0,29023.0,29054.9,13422.19
2023-05-05 08:00:00+00:00,29054.9,29186.0,29007.7,29138.2,12582.455
2023-05-05 12:00:00+00:00,29138.2,29436.5,28750.0,29346.1,55875.853
2023-05-05 16:00:00+00:00,29346.1,29674.0,29292.3,29552.1,34192.0
2023-05-05 20:00:00+00:00,29552.1,29642.4,29440.0,29495.2,9775.221
2023-05-06 00:00:00+00:00,29495.2,29833.0,29339.0,29358.6,20680.517
2023-05-06 04:00:00+00:00,29358.6,29424.2,29253.2,29356.4,9895.726
2023-05-06 08:00:00+00:00,29356.4,29358.9,29128.0,29268.1,14941.46
2023-05-06 12:00:00+00:00,29268.1,29268.1,28325.0,28567.4,50650.525
2023-05-06 16:00:00+00:00,28567.4,28953.0,28529.4,28824.4,18658.111
2023-05-06 20:00:00+00:00,28824.4,28869.0,28621.0,28833.3,11710.5
2023-05-07 00:00:00+00:00,28833.3,29129.3,28723.7,28784.4,17040.334
2023-05-07 04:00:00+00:00,28784.4,28932.0,28774.2,28888.5,7481.726
2023-05-07 08:00:00+00:00,28888.5,28939.6,28678.4,28825.1,12815.633
2023-05-07 12:00:00+00:00,28825.1,29081.7,28825.0,28930.0,16961.79
2023-05-07 16:00:00+00:00,28930.0,29023.7,28764.0,28896.8,13387.83
2023-05-07 20:00:00+00:00,28896.8,28944.7,28370.0,28413.9,21552.966
2023-05-08 00:00:00+00:00,28413.9,28615.0,27992.3,28185.1,38970.082
2023-05-08 04:00:00+00:00,28185.1,28250.0,27800.0,27959.3,21658.343
2023-05-08 08:00:00+00:00,27959.3,27977.8,27555.0,27917.9,29245.077
2023-05-08 12:00:00+00:00,27917.9,28076.0,27651.3,27872.2,34312.978
2023-05-08 16:00:00+00:00,27872.2,27918.8,27267.4,27329.5,43242.773
2023-05-08 20:00:00+00:00,27329.5,27691.7,27250.0,27653.4,18493.798
2023-05-09 00:00:00+00:00,27653.4,27739.1,27531.0,27610.1,10226.652
2023-05-09 04:00:00+00:00,27610.1,27658.0,27425.3,27654.1,11425.623
2023-05-09 08:00:00+00:00,27654.1,27714.0,27503.1,27660.0,9800.932
2023-05-09 12:00:00+00:00,27660.0,27810.6,27333.3,27381.9,32033.341
2023-05-09 16:00:00+00:00,27381.9,27750.0,27333.3,27701.8,21617.941
2023-05-09 20:00:00+00:00,27701.8,27768.3,27510.0,27618.3,8272.798
2023-05-10 00:00:00+00:00,27618.3,27844.0,27608.0,27671.1,10065.867
2023-05-10 04:00:00+00:00,27671.1,27707.2,27514.0,27528.3,8045.137
2023-05-10 08:00:00+00:00,27528.3,27663.2,27463.2,27657.2,10116.892
2023-05-10 12:00:00+00:00,27657.2,28293.0,27614.1,28138.6,67028.996
2023-05-10 16:00:00+00:00,28138.6,28286.9,26700.0,27677.5,88994.453
2023-05-10 20:00:00+00:00,27677.5,27970.4,26945.9,27577.3,34811.7
2023-05-11 00:00:00+00:00,27577.3,27605.7,27355.5,27433.5,11755.766
2023-05-11 04:00:00+00:00,27433.5,27544.9,27384.0,27434.9,8534.897
2023-05-11 08:00:00+00:00,27434.9,27478.2,27251.3,27390.7,14642.294
2023-05-11 12:00:00+00:00,27390.7,27618.0,26928.9,27166.1,55457.601
2023-05-11 16:00:00+00:00,27166.1,27199.3,26650.0,26829.6,40555.008
2023-05-11 20:00:00+00:00,26829.6,27057.0,26788.7,26955.1,16984.67
2023-05-12 00:00:00+00:00,26955.1,27078.9,26510.0,26576.2,24015.101
2023-05-12 04:00:00+00:00,26576.2,26691.7,26102.7,26299.2,40613.633
2023-05-12 08:00:00+00:00,26299.2,26440.5,26221.6,26340.0,15227.734
2023-05-12 12:00:00+00:00,26340.0,26597.9,26250.1,26306.7,25734.246
2023-05-12 16:00:00+00:00,26306.7,26494.5,25764.0,26447.0,40269.224
2023-05-12 20:00:00+00:00,26447.0,26884.5,26346.2,26779.3,31541.66
2023-05-13 00:00:00+00:00,26779.3,26975.8,26675.9,26796.0,13652.843
2023-05-13 04:00:00+00:00,26796.0,26857.7,26681.2,26763.0,10288.679
2023-05-13 08:00:00+00:00,26763.0,26863.4,26735.1,26811.0,6954.312
2023-05-13 12:00:00+00:00,26811.0,26896.5,26724.0,26809.2,8765.105
2023-05-13 16:00:00+00:00,26809.2,27036.5,26752.0,26824.2,14276.022
2023-05-13 20:00:00+00:00,26824.2,26930.5,26738.6,26767.1,8245.927
2023-05-14 00:00:00+00:00,26767.1,26862.3,26534.3,26849.1,13351.99
2023-05-14 04:00:00+00:00,26849.1,26885.0,26782.7,26844.5,5394.72
2023-05-14 08:00:00+00:00,26844.5,26877.0,26781.0,26795.7,4375.209
2023-05-14 12:00:00+00:00,26795.7,27198.6,26730.4,27064.4,23205.164
2023-05-14 16:00:00+00:00,27064.4,27116.7,26807.6,26870.1,13208.544
2023-05-14 20:00:00+00:00,26870.1,26949.0,26831.4,26903.0,4563.461
2023-05-15 00:00:00+00:00,26903.0,27279.0,26700.2,27210.9,26959.234
2023-05-15 04:00:00+00:00,27210.9,27534.9,27163.0,27393.5,28142.155
2023-05-15 08:00:00+00:00,27393.5,27474.0,27293.0,27325.2,12846.402
2023-05-15 12:00:00+00:00,27325.2,27526.7,27206.0,27380.0,20634.483
2023-05-15 16:00:00+00:00,27380.0,27648.0,27301.8,27404.5,26133.619
2023-05-15 20:00:00+00:00,27404.5,27404.6,27111.0,27148.4,13082.096
2023-05-16 00:00:00+00:00,27148.4,27288.0,26818.0,27121.1,27308.148
2023-05-16 04:00:00+00:00,27121.1,27246.0,26974.3,27246.0,12674.32
2023-05-16 08:00:00+00:00,27246.0,27273.0,26983.1,27044.1,16510.089
2023-05-16 12:00:00+00:00,27044.1,27126.0,26882.2,27028.3,23584.211
2023-05-16 16:00:00+00:00,27028.3,27147.5,26865.4,26918.7,12767.063
2023-05-16 20:00:00+00:00,26918.7,27040.5,26884.6,27020.4,7004.712
2023-05-17 00:00:00+00:00,27020.4,27226.5,26970.1,27050.0,11072.695
2023-05-17 04:00:00+00:00,27050.0,27086.8,26736.0,26836.5,15165.448
2023-05-17 08:00:00+00:00,26836.5,26897.0,26562.9,26625.9,22645.085
2023-05-17 12:00:00+00:00,26625.9,26826.6,26501.4,26783.9,32022.773
2023-05-17 16:00:00+00:00,26783.9,27453.2,26725.6,27375.9,38435.107
2023-05-17 20:00:00+00:00,27375.9,27565.2,27255.0,27388.8,20080.859
2023-05-18 00:00:00+00:00,27388.8,27474.6,27270.6,27347.3,8885.534
2023-05-18 04:00:00+00:00,27347.3,27443.6,27131.7,27376.2,18538.414
2023-05-18 08:00:00+00:00,27376.2,27425.1,27320.6,27391.5,10444.065
2023-05-18 12:00:00+00:00,27391.5,27468.6,27000.5,27070.6,40457.665
2023-05-18 16:00:00+00:00,27070.6,27096.1,26341.3,26724.9,51071.454
2023-05-18 20:00:00+00:00,26724.9,27049.0,26675.0,26803.6,13979.774
2023-05-19 00:00:00+00:00,26803.6,26915.0,26733.9,26827.5,8889.257
2023-05-19 04:00:00+00:00,26827.5,26952.8,26806.1,26845.3,7397.612
2023-05-19 08:00:00+00:00,26845.3,26923.9,26780.7,26846.0,9248.218
2023-05-19 12:00:00+00:00,26846.0,27172.9,26602.7,26870.0,42932.855
2023-05-19 16:00:00+00:00,26870.0,26969.5,26763.4,26828.9,12217.164
2023-05-19 20:00:00+00:00,26828.9,26907.6,26798.3,26868.8,3740.683
2023-05-20 00:00:00+00:00,26868.8,26892.0,26816.2,26855.0,2729.059
2023-05-20 04:00:00+00:00,26855.0,26864.6,26823.0,26847.2,2562.35
2023-05-20 08:00:00+00:00,26847.2,26900.9,26847.1,26866.1,2946.412
2023-05-20 12:00:00+00:00,26866.1,26963.0,26861.3,26929.7,17413.417
2023-05-20 16:00:00+00:00,26929.7,27134.0,26900.1,27047.8,15821.284
2023-05-20 20:00:00+00:00,27047.8,27119.8,26942.2,27089.1,5451.157
2023-05-21 00:00:00+00:00,27089.1,27282.1,27045.0,27168.0,14021.18
2023-05-21 04:00:00+00:00,27168.0,27168.0,27039.3,27042.7,5777.484
2023-05-21 08:00:00+00:00,27042.7,27076.6,26734.3,26822.3,19459.631
2023-05-21 12:00:00+00:00,26822.3,26967.7,26795.0,26886.8,13141.136
2023-05-21 16:00:00+00:00,26886.8,26924.8,26816.2,26894.3,9397.161
2023-05-21 20:00:00+00:00,26894.3,26916.6,26653.8,26734.3,10299.114
2023-05-22 00:00:00+00:00,26734.3,26770.3,26510.0,26633.5,14521.714
2023-05-22 04:00:00+00:00,26633.5,26900.0,26630.1,26831.8,13672.578
2023-05-22 08:00:00+00:00,26831.8,26893.1,26760.0,26823.6,7579.718
2023-05-22 12:00:00+00:00,26823.6,27099.3,26691.5,26860.4,36857.199
2023-05-22 16:00:00+00:00,26860.4,26920.4,26763.3,26852.3,10458.344
2023-05-22 20:00:00+00:00,26852.3,26959.4,26811.0,26834.7,5484.52
2023-05-23 00:00:00+00:00,26834.7,27416.7,26787.6,27356.1,32310.719
2023-05-23 04:00:00+00:00,27356.1,27495.6,27186.4,27281.5,20679.329
2023-05-23 08:00:00+00:00,27281.5,27344.8,27235.1,27330.6,8194.663
2023-05-23 12:00:00+00:00,27330.6,27376.5,27155.5,27306.2,18963.007
2023-05-23 16:00:00+00:00,27306.2,27315.0,27077.6,27171.3,14024.858
2023-05-23 20:00:00+00:00,27171.3,27243.0,27142.1,27209.9,5651.054
2023-05-24 00:00:00+00:00,27209.9,27210.0,26654.7,26772.5,27301.277
2023-05-24 04:00:00+00:00,26772.5,26812.0,26580.0,26667.2,20467.377
2023-05-24 08:00:00+00:00,26667.2,26840.4,26654.0,26734.0,11728.736
2023-05-24 12:00:00+00:00,26734.0,26734.1,26050.0,26307.5,59061.087
2023-05-24 16:00:00+00:00,26307.5,26399.0,26147.9,26244.7,17757.367
2023-05-24 20:00:00+00:00,26244.7,26492.8,26230.1,26311.0,16119.734
2023-05-25 00:00:00+00:00,26311.0,26389.3,25851.0,26172.1,27309.702
2023-05-25 04:00:00+00:00,26172.1,26286.6,26116.5,26120.3,10829.164
2023-05-25 08:00:00+00:00,26120.3,26333.3,26120.3,26284.8,10389.07
2023-05-25 12:00:00+00:00,26284.8,26510.0,26147.9,26216.5,31838.999
2023-05-25 16:00:00+00:00,26216.5,26627.4,26200.2,26450.0,22595.657
2023-05-25 20:00:00+00:00,26450.0,26538.9,26409.7,26456.6,6609.198
2023-05-26 00:00:00+00:00,26456.6,26525.1,26330.0,26422.2,11013.102
2023-05-26 04:00:00+00:00,26422.2,26525.0,26306.8,26489.0,10800.619
2023-05-26 08:00:00+00:00,26489.0,26537.3,26414.2,26455.2,8475.699
2023-05-26 12:00:00+00:00,26455.2,26929.9,26341.3,26737.7,41454.053
2023-05-26 16:00:00+00:00,26737.7,26822.9,26592.3,26748.0,16777.111
2023-05-26 20:00:00+00:00,26748.0,26788.9,26663.7,26695.0,4602.174
2023-05-27 00:00:00+00:00,26695.0,26772.3,26623.0,26737.3,5743.391
2023-05-27 04:00:00+00:00,26737.3,26770.6,26692.1,26713.0,3518.658
2023-05-27 08:00:00+00:00,26713.0,26724.6,26657.2,26686.8,4855.757
2023-05-27 12:00:00+00:00,26686.8,26764.5,26530.0,26677.6,12567.974
2023-05-27 16:00:00+00:00,26677.6,26843.0,26605.4,26715.5,8986.638
2023-05-27 20:00:00+00:00,26715.5,26897.6,26712.3,26838.5,5628.405
2023-05-28 00:00:00+00:00,26838.5,27234.0,26751.7,27167.7,25422.603
2023-05-28 04:00:00+00:00,27167.7,27274.5,27116.8,27206.2,10305.849
2023-05-28 08:00:00+00:00,27206.2,27347.0,27130.0,27140.8,13042.856
2023-05-28 12:00:00+00:00,27140.8,27262.0,27088.0,27257.8,9252.731
2023-05-28 16:00:00+00:00,27257.8,27782.0,27192.3,27513.8,34870.425
2023-05-28 20:00:00+00:00,27513.8,28280.0,27513.7,28049.9,37697.895
2023-05-29 00:00:00+00:00,28049.9,28449.0,27902.6,27945.0,31069.703
2023-05-29 04:00:00+00:00,27945.0,28032.3,27822.0,27899.0,16971.412
2023-05-29 08:00:00+00:00,27899.0,27964.9,27728.0,27903.2,13773.918
2023-05-29 12:00:00+00:00,27903.2,27937.1,27569.0,27622.0,22225.229
2023-05-29 16:00:00+00:00,27622.0,27760.0,27510.0,27630.5,17640.96
2023-05-29 20:00:00+00:00,27630.5,27822.0,27541.9,27722.0,11374.974
2023-05-30 00:00:00+00:00,27722.0,27930.0,27571.7,27817.1,12498.146
2023-05-30 04:00:00+00:00,27817.1,27834.8,27663.1,27720.3,8731.281
2023-05-30 08:00:00+00:00,27720.3,28036.7,27702.0,28014.5,17829.51
2023-05-30 12:00:00+00:00,28014.5,28025.0,27603.4,27663.2,29363.587
2023-05-30 16:00:00+00:00,27663.2,27860.0,27529.0,27836.6,18468.393
2023-05-30 20:00:00+00:00,27836.6,27852.9,27624.0,27681.2,10149.254
2023-05-31 00:00:00+00:00,27681.2,27824.0,27559.9,27650.4,8987.632
2023-05-31 04:00:00+00:00,27650.4,27666.0,26966.0,27150.2,46796.05
2023-05-31 08:00:00+00:00,27150.2,27192.0,26981.5,27086.6,13709.408
2023-05-31 12:00:00+00:00,27086.6,27212.5,26817.0,26899.7,32950.929
2023-05-31 16:00:00+00:00,26899.7,27114.0,26837.0,26996.0,13757.816
2023-05-31 20:00:00+00:00,26996.0,27296.8,26992.4,27199.0,9339.623
2023-06-01 00:00:00+00:00,27199.0,27343.4,26584.6,26765.8,35823.072
2023-06-01 04:00:00+00:00,26765.8,26872.9,26746.0,26791.1,11110.31
2023-06-01 08:00:00+00:00,26791.1,26943.1,26777.0,26885.0,10771.736
2023-06-01 12:00:00+00:00,26885.0,26974.8,26781.3,26888.3,15405.365
2023-06-01 16:00:00+00:00,26888.3,27173.9,26639.0,26850.8,32263.281
2023-06-01 20:00:00+00:00,26850.8,26946.3,26698.9,26809.5,10323.619
2023-06-02 00:00:00+00:00,26809.5,27013.4,26480.7,26992.6,21498.522
2023-06-02 04:00:00+00:00,26992.6,27216.0,26945.3,27031.8,16128.207
2023-06-02 08:00:00+00:00,27031.8,27173.7,27031.7,27118.7,7499.025
2023-06-02 12:00:00+00:00,27118.7,27265.0,26828.5,27088.0,33381.027
2023-06-02 16:00:00+00:00,27088.0,27293.4,26998.0,27236.0,14714.527
2023-06-02 20:00:00+00:00,27236.0,27291.9,27123.2,27238.1,7343.499
2023-06-03 00:00:00+00:00,27238.1,27238.3,27083.7,27130.4,5815.171
2023-06-03 04:00:00+00:00,27130.4,27209.3,27096.9,27159.9,4248.937
2023-06-03 08:00:00+00:00,27159.9,27172.8,27108.6,27126.0,4161.544
2023-06-03 12:00:00+00:00,27126.0,27324.9,27120.0,27286.9,6576.241
2023-06-03 16:00:00+00:00,27286.9,27310.0,26917.4,27084.9,11824.756
2023-06-03 20:00:00+00:00,27084.9,27110.8,26905.9,27059.1,7443.162
2023-06-04 00:00:00+00:00,27059.1,27095.2,26946.4,27052.0,4909.095
2023-06-04 04:00:00+00:00,27052.0,27154.8,27017.8,27139.8,6078.112
2023-06-04 08:00:00+00:00,27139.8,27241.8,27110.6,27189.9,6985.368
2023-06-04 12:00:00+00:00,27189.9,27285.0,27151.0,27165.1,7935.719
2023-06-04 16:00:00+00:00,27165.1,27215.7,27142.2,27203.9,4572.42
2023-06-04 20:00:00+00:00,27203.9,27450.0,27030.1,27105.5,22539.642
2023-06-05 00:00:00+00:00,27105.5,27116.5,26771.5,26834.0,20232.07
2023-06-05 04:00:00+00:00,26834.0,26860.9,26730.0,26820.0,13800.77
2023-06-05 08:00:00+00:00,26820.0,26834.8,26650.0,26766.0,15515.409
2023-06-05 12:00:00+00:00,26766.0,26812.2,25965.6,25985.0,61505.35
2023-06-05 16:00:00+00:00,25985.0,26071.8,25361.5,25626.5,84211.014
2023-06-05 20:00:00+00:00,25626.5,25854.9,25501.0,25717.2,14959.32
2023-06-06 00:00:00+00:00,25717.2,25777.0,25583.6,25719.1,8377.99
2023-06-06 04:00:00+00:00,25719.1,25799.9,25687.0,25708.9,7645.971
2023-06-06 08:00:00+00:00,25708.9,25780.0,25628.0,25674.8,7207.955
2023-06-06 12:00:00+00:00,25674.8,26140.0,25324.2,26055.0,75858.346
2023-06-06 16:00:00+00:00,26055.0,27213.9,26054.9,27070.2,82621.09
2023-06-06 20:00:00+00:00,27070.2,27356.7,26876.8,27216.9,32294.881
2023-06-07 00:00:00+00:00,27216.9,27397.0,26720.3,26900.5,24012.743
2023-06-07 04:00:00+00:00,26900.5,26969.6,26746.5,26785.9,11847.966
2023-06-07 08:00:00+00:00,26785.9,26979.0,26335.2,26884.5,41181.804
2023-06-07 12:00:00+00:00,26884.5,26896.7,26232.0,26337.1,54845.23
2023-06-07 16:00:00+00:00,26337.1,26548.2,26211.0,26465.1,18787.573
2023-06-07 20:00:00+00:00,26465.1,26479.6,26115.4,26323.4,17456.918
2023-06-08 00:00:00+00:00,26323.4,26457.3,26190.3,26327.8,10745.264
2023-06-08 04:00:00+00:00,26327.8,26507.8,26280.0,26433.9,11522.159
2023-06-08 08:00:00+00:00,26433.9,26489.8,26359.5,26422.4,7853.713
2023-06-08 12:00:00+00:00,26422.4,26810.5,26285.4,26703.1,35989.875
2023-06-08 16:00:00+00:00,26703.1,26718.0,26393.0,26529.9,16347.165
2023-06-08 20:00:00+00:00,26529.9,26638.7,26471.6,26485.1,6991.412
2023-06-09 00:00:00+00:00,26485.1,26585.7,26260.0,26466.4,15119.97
2023-06-09 04:00:00+00:00,26466.4,26563.6,26404.8,26476.4,7344.853
2023-06-09 08:00:00+00:00,26476.4,26678.0,26476.0,26597.9,14511.828
2023-06-09 12:00:00+00:00,26597.9,26770.0,26440.0,26469.2,21448.848
2023-06-09 16:00:00+00:00,26469.2,26518.2,26375.1,26396.9,12596.849
2023-06-09 20:00:00+00:00,26396.9,26492.1,26384.4,26466.9,3810.741
2023-06-10 00:00:00+00:00,26466.9,26527.7,26241.6,26311.0,14211.337
2023-06-10 04:00:00+00:00,26311.0,26339.1,25450.0,25639.8,63813.663
2023-06-10 08:00:00+00:00,25639.8,25748.0,25555.9,25717.0,11930.136
2023-06-10 12:00:00+00:00,25717.0,25717.1,25562.0,25615.5,10254.486
2023-06-10 16:00:00+00:00,25615.5,26145.7,25334.0,25731.9,59594.043
2023-06-10 20:00:00+00:00,25731.9,25917.0,25665.5,25826.1,12969.012
2023-06-11 00:00:00+00:00,25826.1,25849.6,25683.6,25713.8,6826.784
2023-06-11 04:00:00+00:00,25713.8,25819.5,25615.9,25729.5,8796.797
2023-06-11 08:00:00+00:00,25729.5,25835.9,25682.3,25782.0,7039.265
2023-06-11 12:00:00+00:00,25782.0,25800.0,25667.0,25740.4,6359.239
2023-06-11 16:00:00+00:00,25740.4,26098.0,25731.4,26015.4,20357.613
2023-06-11 20:00:00+00:00,26015.4,26196.8,25733.0,25915.1,18748.075
2023-06-12 00:00:00+00:00,25915.1,26015.0,25603.8,25779.1,17995.584
2023-06-12 04:00:00+00:00,25779.1,25893.5,25730.3,25791.3,7047.098
2023-06-12 08:00:00+00:00,25791.3,26095.0,25773.2,25975.1,16059.618
2023-06-12 12:00:00+00:00,25975.1,25980.0,25719.3,25816.2,14586.913
2023-06-12 16:00:00+00:00,25816.2,25964.7,25638.0,25810.9,19564.542
2023-06-12 20:00:00+00:00,25810.9,25961.7,25789.9,25895.3,7420.948
2023-06-13 00:00:00+00:00,25895.3,26150.0,25807.3,26049.9,20867.223
2023-06-13 04:00:00+00:00,26049.9,26123.1,25967.0,26057.0,8233.572
2023-06-13 08:00:00+00:00,26057.0,26266.0,26047.6,26175.1,19314.424
2023-06-13 12:00:00+00:00,26175.1,26420.0,25708.1,25748.1,57579.054
2023-06-13 16:00:00+00:00,25748.1,25963.0,25724.9,25889.4,10666.088
2023-06-13 20:00:00+00:00,25889.4,25946.1,25791.5,25920.5,6512.81
2023-06-14 00:00:00+00:00,25920.5,26048.4,25901.9,25975.3,7977.833
2023-06-14 04:00:00+00:00,25975.3,25990.9,25825.0,25884.6,7404.861
2023-06-14 08:00:00+00:00,25884.6,26022.6,25870.0,25965.1,7524.873
2023-06-14 12:00:00+00:00,25965.1,26073.0,25908.0,25975.4,12007.737
2023-06-14 16:00:00+00:00,25975.4,26098.4,25750.0,25858.2,28216.176
2023-06-14 20:00:00+00:00,25858.2,25865.0,24779.5,25113.9,77910.931
2023-06-15 00:00:00+00:00,25113.9,25197.4,25020.0,25056.1,11939.393
2023-06-15 04:00:00+00:00,25056.1,25056.9,24861.0,24972.8,16124.599
2023-06-15 08:00:00+00:00,24972.8,25042.3,24780.0,25004.5,17956.11
2023-06-15 12:00:00+00:00,25004.5,25103.0,24910.7,24947.0,17469.546
2023-06-15 16:00:00+00:00,24947.0,25522.3,24921.0,25442.9,28717.142
2023-06-15 20:00:00+00:00,25442.9,25750.0,25207.1,25585.9,33695.179
2023-06-16 00:00:00+00:00,25585.9,25598.0,25422.8,25552.8,10731.057
2023-06-16 04:00:00+00:00,25552.8,25623.2,25466.0,25521.8,9570.92
2023-06-16 08:00:00+00:00,25521.8,25616.8,25455.0,25462.7,10840.112
2023-06-16 12:00:00+00:00,25462.7,25885.0,25155.0,25834.0,52494.793
2023-06-16 16:00:00+00:00,25834.0,26500.0,25765.1,26363.0,69805.323
2023-06-16 20:00:00+00:00,26363.0,26449.9,26269.1,26325.2,11627.48
2023-06-17 00:00:00+00:00,26325.2,26362.2,26164.6,26244.5,9482.296
2023-06-17 04:00:00+00:00,26244.5,26886.8,26225.7,26588.1,37839.663
2023-06-17 08:00:00+00:00,26588.1,26647.7,26461.0,26489.9,12431.064
2023-06-17 12:00:00+00:00,26489.9,26570.5,26282.0,26397.2,18001.5
2023-06-17 16:00:00+00:00,26397.2,26533.3,26370.0,26463.8,7119.899
2023-06-17 20:00:00+00:00,26463.8,26589.0,26452.2,26505.0,5205.729
2023-06-18 00:00:00+00:00,26505.0,26539.0,26351.8,26532.0,6338.32
2023-06-18 04:00:00+00:00,26532.0,26666.5,26455.0,26571.1,10080.34
2023-06-18 08:00:00+00:00,26571.1,26585.8,26444.5,26485.0,6610.141
2023-06-18 12:00:00+00:00,26485.0,26560.0,26424.7,26547.1,8470.124
2023-06-18 16:00:00+00:00,26547.1,26647.8,26512.7,26641.2,7907.681
2023-06-18 20:00:00+00:00,26641.2,26698.0,26232.0,26333.5,24238.593
2023-06-19 00:00:00+00:00,26333.5,26469.7,26250.0,26393.8,8494.414
2023-06-19 04:00:00+00:00,26393.8,26469.9,26354.0,26420.1,6123.931
2023-06-19 08:00:00+00:00,26420.1,26450.0,26355.5,26431.6,6051.551
2023-06-19 12:00:00+00:00,26431.6,26577.1,26335.9,26429.9,18870.404
2023-06-19 16:00:00+00:00,26429.9,27063.8,26289.1,26667.9,67219.532
2023-06-19 20:00:00+00:00,26667.9,26848.5,26627.7,26827.4,17134.716
2023-06-20 00:00:00+00:00,26827.4,27166.0,26785.5,26873.1,24991.554
2023-06-20 04:00:00+00:00,26873.1,27023.7,26738.9,26823.1,14297.644
2023-06-20 08:00:00+00:00,26823.1,26901.0,26685.0,26895.2,11148.569
2023-06-20 12:00:00+00:00,26895.2,27123.6,26642.1,27054.6,34892.799
2023-06-20 16:00:00+00:00,27054.6,28127.4,26987.0,27960.0,108283.676
2023-06-20 20:00:00+00:00,27960.0,28390.8,27854.0,28286.0,43077.148
2023-06-21 00:00:00+00:00,28286.0,29117.6,28240.0,28700.0,55733.603
2023-06-21 04:00:00+00:00,28700.0,28996.6,28667.4,28859.4,19146.706
2023-06-21 08:00:00+00:00,28859.4,29217.0,28780.0,28916.1,33093.575
2023-06-21 12:00:00+00:00,28916.1,30000.0,28863.0,29837.4,105277.047
2023-06-21 16:00:00+00:00,29837.4,30800.0,29750.0,30101.7,110184.671
2023-06-21 20:00:00+00:00,30101.7,30189.4,29749.9,29985.7,22436.35
2023-06-22 00:00:00+00:00,29985.7,30497.6,29875.7,30286.1,24792.29
2023-06-22 04:00:00+00:00,30286.1,30337.0,30000.9,30087.6,16746.47
2023-06-22 08:00:00+00:00,30087.6,30236.8,29817.0,29917.0,25495.695
2023-06-22 12:00:00+00:00,29917.0,30350.0,29503.4,29838.9,56674.052
2023-06-22 16:00:00+00:00,29838.9,30229.0,29814.6,30200.7,26280.001
2023-06-22 20:00:00+00:00,30200.7,30262.0,29852.6,29876.4,13763.439
2023-06-23 00:00:00+00:00,29876.4,30050.0,29785.3,30001.7,10860.122
2023-06-23 04:00:00+00:00,30001.7,30079.7,29911.7,29923.9,8301.673
2023-06-23 08:00:00+00:00,29923.9,30187.5,29893.2,30128.4,17569.839
2023-06-23 12:00:00+00:00,30128.4,31444.0,29912.0,31228.8,96508.32
2023-06-23 16:00:00+00:00,31228.8,31426.0,30580.0,30872.0,81673.459
2023-06-23 20:00:00+00:00,30872.0,30938.6,30418.1,30674.1,22021.027
2023-06-24 00:00:00+00:00,30674.1,30775.0,30352.9,30720.0,17982.179
2023-06-24 04:00:00+00:00,30720.0,30750.0,30544.0,30560.6,7825.486
2023-06-24 08:00:00+00:00,30560.6,30730.0,30545.0,30681.5,8159.38
2023-06-24 12:00:00+00:00,30681.5,30797.9,30295.1,30397.5,23468.268
2023-06-24 16:00:00+00:00,30397.5,30687.5,30248.1,30615.0,16637.96
2023-06-24 20:00:00+00:00,30615.0,30615.0,30400.1,30528.0,8085.128
2023-06-25 00:00:00+00:00,30528.0,30776.0,30457.0,30742.7,9684.922
2023-06-25 04:00:00+00:00,30742.7,31042.1,30656.0,30722.3,24566.194
2023-06-25 08:00:00+00:00,30722.3,30757.4,30572.0,30710.6,10215.602
2023-06-25 12:00:00+00:00,30710.6,30733.0,30432.6,30573.0,18205.376
2023-06-25 16:00:00+00:00,30573.0,30649.7,30312.6,30426.1,13837.639
2023-06-25 20:00:00+00:00,30426.1,30564.7,30260.0,30460.1,11843.608
2023-06-26 00:00:00+00:00,30460.1,30542.3,29927.0,30280.5,27433.115
2023-06-26 04:00:00+00:00,30280.5,30565.0,30155.0,30389.6,16607.981
2023-06-26 08:00:00+00:00,30389.6,30417.6,30115.0,30315.9,13310.125
2023-06-26 12:00:00+00:00,30315.9,30649.6,30240.9,30406.5,26231.648
2023-06-26 16:00:00+00:00,30406.5,30422.8,29917.0,30235.9,32138.376
2023-06-26 20:00:00+00:00,30235.9,30285.8,30089.8,30262.2,8079.15
2023-06-27 00:00:00+00:00,30262.2,30490.0,30217.1,30360.1,10938.873
2023-06-27 04:00:00+00:00,30360.1,30459.1,30225.5,30395.7,9224.377
2023-06-27 08:00:00+00:00,30395.7,30782.8,30321.6,30720.4,25558.306
2023-06-27 12:00:00+00:00,30720.4,30997.0,30358.0,30492.7,51393.176
2023-06-27 16:00:00+00:00,30492.7,30770.0,30450.0,30632.9,17252.227
2023-06-27 20:00:00+00:00,30632.9,30730.7,30536.2,30680.7,13096.277
2023-06-28 00:00:00+00:00,30680.7,30694.7,30300.6,30438.9,14376.428
2023-06-28 04:00:00+00:00,30438.9,30470.1,30136.0,30179.9,16590.212
2023-06-28 08:00:00+00:00,30179.9,30369.0,30121.2,30287.2,11542.76
2023-06-28 12:00:00+00:00,30287.2,30490.0,29978.0,30403.4,46130.868
2023-06-28 16:00:00+00:00,30403.4,30455.3,29817.0,30082.3,30966.198
2023-06-28 20:00:00+00:00,30082.3,30206.4,29928.8,30057.9,12396.756
2023-06-29 00:00:00+00:00,30057.9,30237.4,30027.8,30160.3,9872.599
2023-06-29 04:00:00+00:00,30160.3,30410.4,30121.8,30325.0,10209.409
2023-06-29 08:00:00+00:00,30325.0,30737.4,30325.0,30660.0,25823.462
2023-06-29 12:00:00+00:00,30660.0,30830.0,30380.4,30464.1,31913.81
2023-06-29 16:00:00+00:00,30464.1,30655.9,30403.8,30566.8,17813.549
2023-06-29 20:00:00+00:00,30566.8,30627.0,30220.0,30433.7,14624.563
2023-06-30 00:00:00+00:00,30433.7,30875.7,30335.1,30733.0,23510.519
2023-06-30 04:00:00+00:00,30733.0,31291.9,30591.7,30742.8,53884.942
2023-06-30 08:00:00+00:00,30742.8,30918.9,30695.4,30879.6,15870.547
2023-06-30 12:00:00+00:00,30879.6,31115.7,29412.8,30051.6,141874.748
2023-06-30 16:00:00+00:00,30051.6,30714.1,29912.7,30360.2,44892.945
2023-06-30 20:00:00+00:00,30360.2,30529.8,30318.7,30465.5,11199.044
2023-07-01 00:00:00+00:00,30465.5,30521.0,30366.2,30388.7,7817.36
2023-07-01 04:00:00+00:00,30388.7,30457.0,30312.0,30440.6,5241.682
2023-07-01 08:00:00+00:00,30440.6,30599.9,30411.2,30515.8,6719.108
2023-07-01 12:00:00+00:00,30515.8,30650.0,30501.4,30563.1,10081.738
2023-07-01 16:00:00+00:00,30563.1,30620.0,30531.7,30602.7,4459.461
2023-07-01 20:00:00+00:00,30602.7,30602.7,30531.5,30577.0,2498.121
2023-07-02 00:00:00+00:00,30577.0,30644.9,30450.6,30502.0,6898.26
2023-07-02 04:00:00+00:00,30502.0,30547.9,30452.9,30501.1,3925.744
2023-07-02 08:00:00+00:00,30501.1,30549.0,30475.4,30533.1,3949.008
2023-07-02 12:00:00+00:00,30533.1,30626.0,30138.4,30488.2,21161.239
2023-07-02 16:00:00+00:00,30488.2,30699.8,30350.2,30549.4,14467.41
2023-07-02 20:00:00+00:00,30549.4,30790.0,30402.0,30601.9,19906.597
2023-07-03 00:00:00+00:00,30601.9,30782.4,30573.4,30735.1,11141.236
2023-07-03 04:00:00+00:00,30735.1,30779.0,30594.1,30655.0,8112.976
2023-07-03 08:00:00+00:00,30655.0,30684.9,30575.0,30609.6,6278.106
2023-07-03 12:00:00+00:00,30609.6,31173.1,30541.6,31055.7,31782.076
2023-07-03 16:00:00+00:00,31055.7,31399.4,30813.9,31254.1,38750.681
2023-07-03 20:00:00+00:00,31254.1,31308.1,30824.3,31149.1,16950.532
2023-07-04 00:00:00+00:00,31149.1,31319.2,31085.8,31184.5,13059.426
2023-07-04 04:00:00+00:00,31184.5,31200.0,30863.9,30904.1,15471.018
2023-07-04 08:00:00+00:00,30904.1,31073.4,30850.0,31059.5,12943.207
2023-07-04 12:00:00+00:00,31059.5,31072.0,30872.9,30958.1,8979.148
2023-07-04 16:00:00+00:00,30958.1,31120.8,30602.8,30689.9,30561.838
2023-07-04 20:00:00+00:00,30689.9,30836.0,30661.7,30754.1,6288.254
2023-07-05 00:00:00+00:00,30754.1,30869.1,30738.0,30856.0,4008.032
2023-07-05 04:00:00+00:00,30856.0,30864.0,30747.0,30762.0,5036.286
2023-07-05 08:00:00+00:00,30762.0,30793.2,30317.0,30390.2,34020.909
2023-07-05 12:00:00+00:00,30390.2,30431.1,30176.6,30347.7,30120.641
2023-07-05 16:00:00+00:00,30347.7,30588.2,30323.8,30418.9,15419.31
2023-07-05 20:00:00+00:00,30418.9,30522.2,30363.0,30485.3,8521.809
2023-07-06 00:00:00+00:00,30485.3,30550.0,30314.8,30482.0,8033.345
2023-07-06 04:00:00+00:00,30482.0,30840.0,30429.0,30788.5,17065.859
2023-07-06 08:00:00+00:00,30788.5,31543.1,30672.6,30832.9,72267.835
2023-07-06 12:00:00+00:00,30832.9,30871.0,29854.5,30395.0,83913.567
2023-07-06 16:00:00+00:00,30395.0,30457.5,30140.0,30299.6,17459.336
2023-07-06 20:00:00+00:00,30299.6,30338.6,29810.1,29875.1,21598.015
2023-07-07 00:00:00+00:00,29875.1,30156.0,29675.1,30125.1,22665.002
2023-07-07 04:00:00+00:00,30125.1,30288.0,29911.8,30000.3,14063.962
2023-07-07 08:00:00+00:00,30000.3,30184.6,29957.5,30103.8,9550.224
2023-07-07 12:00:00+00:00,30103.8,30426.9,30020.0,30379.4,31581.137
2023-07-07 16:00:00+00:00,30379.4,30445.6,30090.4,30224.4,13095.787
2023-07-07 20:00:00+00:00,30224.4,30334.4,30193.3,30331.5,5437.222
2023-07-08 00:00:00+00:00,30331.5,30377.1,30242.4,30262.6,5179.729
2023-07-08 04:00:00+00:00,30262.6,30269.6,30136.0,30178.0,5531.079
2023-07-08 08:00:00+00:00,30178.0,30296.5,30145.0,30189.0,5622.783
2023-07-08 12:00:00+00:00,30189.0,30229.8,30138.7,30194.9,3450.655
2023-07-08 16:00:00+00:00,30194.9,30307.2,30025.0,30096.3,8493.266
2023-07-08 20:00:00+00:00,30096.3,30275.0,30046.3,30271.3,4864.327
2023-07-09 00:00:00+00:00,30271.3,30389.0,30231.5,30275.2,6838.381
2023-07-09 04:00:00+00:00,30275.2,30296.4,30225.5,30253.8,2618.474
2023-07-09 08:00:00+00:00,30253.8,30298.0,30229.4,30260.0,2358.385
2023-07-09 12:00:00+00:00,30260.0,30451.0,30170.0,30335.1,14522.936
2023-07-09 16:00:00+00:00,30335.1,30335.1,30190.3,30232.6,4619.921
2023-07-09 20:00:00+00:00,30232.6,30239.0,30052.0,30150.0,10482.3
2023-07-10 00:00:00+00:00,30150.0,30240.2,29927.5,30142.6,18019.147
2023-07-10 04:00:00+00:00,30142.6,30152.0,30030.0,30100.8,6050.603
2023-07-10 08:00:00+00:00,30100.8,30241.5,29966.0,30228.1,11508.572
2023-07-10 12:00:00+00:00,30228.1,30360.0,30131.2,30300.1,17034.168
2023-07-10 16:00:00+00:00,30300.1,30820.0,30230.0,30818.3,25938.096
2023-07-10 20:00:00+00:00,30818.3,31035.5,30157.1,30399.1,48497.879
2023-07-11 00:00:00+00:00,30399.1,30587.8,30343.6,30461.2,11780.779
2023-07-11 04:00:00+00:00,30461.2,30647.6,30420.4,30525.1,11049.598
2023-07-11 08:00:00+00:00,30525.1,30552.3,30315.3,30392.7,11279.652
2023-07-11 12:00:00+00:00,30392.7,30811.2,30251.5,30583.0,33326.35
2023-07-11 16:00:00+00:00,30583.0,30678.7,30390.0,30573.8,15767.442
2023-07-11 20:00:00+00:00,30573.8,30635.0,30490.0,30602.9,6884.068
2023-07-12 00:00:00+00:00,30602.9,30666.6,30490.0,30576.9,5953.228
2023-07-12 04:00:00+00:00,30576.9,30835.0,30555.1,30722.3,13063.002
2023-07-12 08:00:00+00:00,30722.3,30794.9,30635.3,30762.4,8564.485
2023-07-12 12:00:00+00:00,30762.4,30962.2,30451.0,30510.0,68301.273
2023-07-12 16:00:00+00:00,30510.0,30523.9,30185.0,30273.8,23977.341
2023-07-12 20:00:00+00:00,30273.8,30410.5,30220.0,30367.8,7469.062
2023-07-13 00:00:00+00:00,30367.8,30424.9,30260.0,30285.3,6194.191
2023-07-13 04:00:00+00:00,30285.3,30413.2,30236.9,30342.4,6928.332
2023-07-13 08:00:00+00:00,30342.4,30633.5,30331.5,30525.0,16800.681
2023-07-13 12:00:00+00:00,30525.0,31184.1,30450.0,30905.8,55796.204
2023-07-13 16:00:00+00:00,30905.8,31843.9,30703.0,31600.0,86069.482
2023-07-13 20:00:00+00:00,31600.0,31680.0,31011.2,31437.3,30590.411
2023-07-14 00:00:00+00:00,31437.3,31635.1,31315.3,31443.9,14457.277
2023-07-14 04:00:00+00:00,31443.9,31459.5,31066.0,31088.0,11717.297
2023-07-14 08:00:00+00:00,31088.0,31282.1,31072.2,31201.9,12503.134
2023-07-14 12:00:00+00:00,31201.9,31361.5,31044.6,31240.1,18065.926
2023-07-14 16:00:00+00:00,31240.1,31264.2,29873.0,30104.1,81307.854
2023-07-14 20:00:00+00:00,30104.1,30306.3,29970.0,30294.8,15893.732
2023-07-15 00:00:00+00:00,30294.8,30384.0,30221.3,30273.6,4924.567
2023-07-15 04:00:00+00:00,30273.6,30343.9,30235.6,30310.1,3693.227
2023-07-15 08:00:00+00:00,30310.1,30360.9,30260.0,30292.0,4588.959
2023-07-15 12:00:00+00:00,30292.0,30345.8,30235.9,30288.9,3648.255
2023-07-15 16:00:00+00:00,30288.9,30338.0,30227.2,30308.8,3546.901
2023-07-15 20:00:00+00:00,30308.8,30308.9,30253.5,30268.6,2147.835
2023-07-16 00:00:00+00:00,30268.6,30322.0,30038.2,30178.7,12300.992
2023-07-16 04:00:00+00:00,30178.7,30296.0,30125.0,30252.2,4338.789
2023-07-16 08:00:00+00:00,30252.2,30339.0,30252.1,30293.6,4217.566
2023-07-16 12:00:00+00:00,30293.6,30445.4,30250.2,30364.8,7935.087
2023-07-16 16:00:00+00:00,30364.8,30390.9,30125.0,30240.0,8622.484
2023-07-16 20:00:00+00:00,30240.0,30345.5,30108.5,30221.4,6503.52
2023-07-17 00:00:00+00:00,30221.4,30317.0,30156.3,30294.5,5565.915
2023-07-17 04:00:00+00:00,30294.5,30311.5,30221.9,30269.6,2905.636
2023-07-17 08:00:00+00:00,30269.6,30318.8,29930.1,30146.2,19882.065
2023-07-17 12:00:00+00:00,30146.2,30299.1,30011.5,30160.2,16275.397
2023-07-17 16:00:00+00:00,30160.2,30229.5,29610.0,29870.0,37999.209
2023-07-17 20:00:00+00:00,29870.0,30290.4,29865.5,30120.0,15872.137
2023-07-18 00:00:00+00:00,30120.0,30224.6,30056.5,30056.5,5338.192
2023-07-18 04:00:00+00:00,30056.5,30107.0,29907.0,29947.9,11118.927
2023-07-18 08:00:00+00:00,29947.9,30100.0,29780.0,29866.5,18358.464
2023-07-18 12:00:00+00:00,29866.5,30018.0,29660.0,29900.6,27477.658
2023-07-18 16:00:00+00:00,29900.6,29950.0,29362.0,29699.9,30952.939
2023-07-18 20:00:00+00:00,29699.9,29851.2,29672.0,29851.0,6035.325
2023-07-19 00:00:00+00:00,29851.0,30069.5,29833.5,30042.3,11463.411
2023-07-19 04:00:00+00:00,30042.3,30189.9,29942.8,29983.0,11586.664
2023-07-19 08:00:00+00:00,29983.0,30033.0,29843.3,30004.0,10508.277
2023-07-19 12:00:00+00:00,30004.0,30124.7,29734.6,29941.7,25720.001
2023-07-19 16:00:00+00:00,29941.7,30100.0,29852.1,30024.9,12706.092
2023-07-19 20:00:00+00:00,30024.9,30038.0,29810.0,29888.8,9110.509
2023-07-20 00:00:00+00:00,29888.8,30035.0,29864.2,29934.6,5163.042
2023-07-20 04:00:00+00:00,29934.6,30242.7,29912.6,30190.0,15867.285
2023-07-20 08:00:00+00:00,30190.0,30407.0,30158.0,30262.9,22597.308
2023-07-20 12:00:00+00:00,30262.9,30315.3,29563.7,29789.0,45144.741
2023-07-20 16:00:00+00:00,29789.0,29857.3,29488.1,29743.0,22792.393
2023-07-20 20:00:00+00:00,29743.0,29888.8,29647.1,29792.9,11039.634
2023-07-21 00:00:00+00:00,29792.9,29943.0,29710.9,29887.3,9762.033
2023-07-21 04:00:00+00:00,29887.3,29892.7,29730.6,29749.2,5322.306
2023-07-21 08:00:00+00:00,29749.2,29834.4,29710.9,29767.0,6223.362
2023-07-21 12:00:00+00:00,29767.0,29895.0,29765.0,29847.0,10244.601
2023-07-21 16:00:00+00:00,29847.0,30050.0,29750.2,29861.1,15220.969
2023-07-21 20:00:00+00:00,29861.1,29947.5,29814.2,29888.4,4749.387
2023-07-22 00:00:00+00:00,29888.4,29992.3,29880.1,29890.2,3855.918
2023-07-22 04:00:00+00:00,29890.2,29974.9,29830.6,29926.1,5104.018
2023-07-22 08:00:00+00:00,29926.1,29961.1,29855.0,29875.1,4091.285
2023-07-22 12:00:00+00:00,29875.1,29894.6,29814.6,29888.7,4492.968
2023-07-22 16:00:00+00:00,29888.7,29898.9,29782.9,29825.2,4326.541
2023-07-22 20:00:00+00:00,29825.2,29829.9,29608.6,29774.0,8975.08
2023-07-23 00:00:00+00:00,29774.0,29880.0,29717.0,29830.3,5713.117
2023-07-23 04:00:00+00:00,29830.3,29963.6,29829.0,29896.1,6340.172
2023-07-23 08:00:00+00:00,29896.1,29943.8,29866.2,29872.3,3227.033
2023-07-23 12:00:00+00:00,29872.3,29913.8,29837.0,29884.7,4639.629
2023-07-23 16:00:00+00:00,29884.7,30330.0,29884.7,30079.9,26157.674
2023-07-23 20:00:00+00:00,30079.9,30130.8,29900.0,30071.1,10437.169
2023-07-24 00:00:00+00:00,30071.1,30084.0,29650.0,29699.9,16126.591
2023-07-24 04:00:00+00:00,29699.9,29862.3,29636.6,29817.3,10309.135
2023-07-24 08:00:00+00:00,29817.3,29820.0,28919.7,29257.0,46178.717
2023-07-24 12:00:00+00:00,29257.0,29257.1,28851.0,29088.7,33873.456
2023-07-24 16:00:00+00:00,29088.7,29149.1,28983.7,29100.9,11463.29
2023-07-24 20:00:00+00:00,29100.9,29197.6,29067.1,29158.9,4899.499
2023-07-25 00:00:00+00:00,29158.9,29171.4,29026.7,29092.2,6796.444
2023-07-25 04:00:00+00:00,29092.2,29147.6,29055.0,29125.4,4457.71
2023-07-25 08:00:00+00:00,29125.4,29270.0,29101.3,29111.0,8734.532
2023-07-25 12:00:00+00:00,29111.0,29324.0,29068.4,29165.6,16873.8
2023-07-25 16:00:00+00:00,29165.6,29367.0,29165.6,29185.9,9394.59
2023-07-25 20:00:00+00:00,29185.9,29245.3,29158.3,29217.2,3615.751
2023-07-26 00:00:00+00:00,29217.2,29416.5,29076.0,29230.7,11511.032
2023-07-26 04:00:00+00:00,29230.7,29314.9,29169.7,29199.9,6906.297
2023-07-26 08:00:00+00:00,29199.9,29225.4,29136.0,29157.5,5565.525
2023-07-26 12:00:00+00:00,29157.5,29341.6,29148.0,29306.1,11885.505
2023-07-26 16:00:00+00:00,29306.1,29487.7,29173.5,29385.0,27672.823
2023-07-26 20:00:00+00:00,29385.0,29665.1,29272.0,29336.7,30207.702
2023-07-27 00:00:00+00:00,29336.7,29434.6,29288.7,29394.1,5504.51
2023-07-27 04:00:00+00:00,29394.1,29480.0,29366.1,29397.4,6419.393
2023-07-27 08:00:00+00:00,29397.4,29552.6,29382.6,29493.3,8520.546
2023-07-27 12:00:00+00:00,29493.3,29493.4,29222.0,29276.4,16968.365
2023-07-27 16:00:00+00:00,29276.4,29317.7,29069.4,29145.5,17714.883
2023-07-27 20:00:00+00:00,29145.5,29227.0,29116.0,29209.6,6300.533
2023-07-28 00:00:00+00:00,29209.6,29293.9,29175.0,29239.8,6036.512
2023-07-28 04:00:00+00:00,29239.8,29249.7,29120.0,29125.1,6273.377
2023-07-28 08:00:00+00:00,29125.1,29232.4,29111.2,29192.0,8120.265
2023-07-28 12:00:00+00:00,29192.0,29545.8,29190.7,29373.6,29281.99
2023-07-28 16:00:00+00:00,29373.6,29391.3,29180.6,29301.9,14967.839
2023-07-28 20:00:00+00:00,29301.9,29359.9,29264.9,29299.8,4241.441
2023-07-29 00:00:00+00:00,29299.8,29379.7,29284.3,29358.8,3437.417
2023-07-29 04:00:00+00:00,29358.8,29396.9,29278.7,29279.9,3782.084
2023-07-29 08:00:00+00:00,29279.9,29317.7,29242.4,29256.2,4441.071
2023-07-29 12:00:00+00:00,29256.2,29319.6,29249.8,29282.8,3497.093
2023-07-29 16:00:00+00:00,29282.8,29334.7,29278.2,29324.1,2942.598
2023-07-29 20:00:00+00:00,29324.1,29366.2,29324.1,29340.3,2378.023
2023-07-30 00:00:00+00:00,29340.3,29340.4,29292.0,29297.8,2289.384
2023-07-30 04:00:00+00:00,29297.8,29316.7,29255.0,29283.4,2834.261
2023-07-30 08:00:00+00:00,29283.4,29313.1,29221.6,29298.7,5667.997
2023-07-30 12:00:00+00:00,29298.7,29444.9,29264.1,29331.4,13875.189
2023-07-30 16:00:00+00:00,29331.4,29395.9,29100.0,29192.2,11950.09
2023-07-30 20:00:00+00:00,29192.2,29279.1,29000.4,29273.1,15874.368
2023-07-31 00:00:00+00:00,29273.1,29520.0,29250.7,29407.6,17436.392
2023-07-31 04:00:00+00:00,29407.6,29429.2,29343.0,29364.6,6570.691
2023-07-31 08:00:00+00:00,29364.6,29406.4,29312.0,29394.3,5384.608
2023-07-31 12:00:00+00:00,29394.3,29460.7,29212.2,29231.7,18216.513
2023-07-31 16:00:00+00:00,29231.7,29262.9,29100.0,29149.8,16069.54
2023-07-31 20:00:00+00:00,29149.8,29287.0,29106.7,29224.4,8055.675
2023-08-01 00:00:00+00:00,29224.4,29334.9,28670.0,28825.7,32252.225
2023-08-01 04:00:00+00:00,28825.7,28959.1,28795.0,28922.4,9942.213
2023-08-01 08:00:00+00:00,28922.4,28987.8,28850.0,28850.1,7617.735
2023-08-01 12:00:00+00:00,28850.1,28976.4,28555.6,28943.4,35588.772
2023-08-01 16:00:00+00:00,28943.4,29346.0,28836.8,29263.9,38830.88
2023-08-01 20:00:00+00:00,29263.9,29727.6,29170.2,29700.1,29613.005
2023-08-02 00:00:00+00:00,29700.1,30040.0,29605.0,29619.5,39044.602
2023-08-02 04:00:00+00:00,29619.5,29712.0,29550.0,29570.7,11866.598
2023-08-02 08:00:00+00:00,29570.7,29570.8,29365.0,29555.5,17454.239
2023-08-02 12:00:00+00:00,29555.5,29600.0,29160.0,29320.1,34930.47
2023-08-02 16:00:00+00:00,29320.1,29356.8,28901.6,29147.9,41405.835
2023-08-02 20:00:00+00:00,29147.9,29225.8,29044.5,29169.8,7884.477
2023-08-03 00:00:00+00:00,29169.8,29279.2,29115.1,29170.0,6866.827
2023-08-03 04:00:00+00:00,29170.0,29180.0,29006.5,29034.4,8701.49
2023-08-03 08:00:00+00:00,29034.4,29190.3,28951.0,29135.1,13690.12
2023-08-03 12:00:00+00:00,29135.1,29433.0,29062.2,29246.1,27689.494
2023-08-03 16:00:00+00:00,29246.1,29363.2,29080.0,29270.0,16282.595
2023-08-03 20:00:00+00:00,29270.0,29357.0,29138.7,29177.6,10345.688
2023-08-04 00:00:00+00:00,29177.6,29243.3,29083.9,29153.1,7222.503
2023-08-04 04:00:00+00:00,29153.1,29241.0,29124.7,29203.5,5326.054
2023-08-04 08:00:00+00:00,29203.5,29249.0,29126.7,29156.0,5981.673
2023-08-04 12:00:00+00:00,29156.0,29320.0,29116.0,29255.1,16493.608
2023-08-04 16:00:00+00:00,29255.1,29272.9,28922.2,29021.4,17701.704
2023-08-04 20:00:00+00:00,29021.4,29115.7,28788.0,29102.5,18730.633
2023-08-05 00:00:00+00:00,29102.5,29140.7,29054.5,29079.8,3908.516
2023-08-05 04:00:00+00:00,29079.8,29084.9,29020.0,29041.1,2741.327
2023-08-05 08:00:00+00:00,29041.1,29078.0,29029.9,29037.1,2563.058
2023-08-05 12:00:00+00:00,29037.1,29076.9,28970.3,29027.0,7274.458
2023-08-05 16:00:00+00:00,29027.0,29090.0,28997.1,29054.9,2872.847
2023-08-05 20:00:00+00:00,29054.9,29082.1,29042.8,29055.9,1689.13
2023-08-06 00:00:00+00:00,29055.9,29065.0,29027.0,29050.0,1450.071
2023-08-06 04:00:00+00:00,29050.0,29103.1,29035.0,29083.9,2824.872
2023-08-06 08:00:00+00:00,29083.9,29128.8,29034.2,29072.1,4034.966
2023-08-06 12:00:00+00:00,29072.1,29072.1,28980.0,29004.9,5178.593
2023-08-06 16:00:00+00:00,29004.9,29095.1,28996.0,29079.3,3012.458
2023-08-06 20:00:00+00:00,29079.3,29195.0,29012.8,29075.7,8118.727
2023-08-07 00:00:00+00:00,29075.7,29212.7,29011.0,29146.6,5885.942
2023-08-07 04:00:00+00:00,29146.6,29182.0,29035.0,29081.9,4491.232
2023-08-07 08:00:00+00:00,29081.9,29138.4,29032.0,29079.6,6204.793
2023-08-07 12:00:00+00:00,29079.6,29140.9,28770.7,28852.2,26746.248
2023-08-07 16:00:00+00:00,28852.2,29184.8,28677.1,29146.4,35833.375
2023-08-07 20:00:00+00:00,29146.4,29290.0,29107.0,29200.0,9953.807
2023-08-08 00:00:00+00:00,29200.0,29248.9,29126.4,29181.8,4805.019
2023-08-08 04:00:00+00:00,29181.8,29330.0,29174.5,29174.6,8570.439
2023-08-08 08:00:00+00:00,29174.6,29432.8,29158.3,29425.6,16868.813
2023-08-08 12:00:00+00:00,29425.6,29673.4,29333.6,29521.1,49170.701
2023-08-08 16:00:00+00:00,29521.1,29947.7,29518.8,29863.7,42928.561
2023-08-08 20:00:00+00:00,29863.7,30265.8,29662.0,29755.1,38807.986
2023-08-09 00:00:00+00:00,29755.1,29869.2,29625.0,29704.9,12663.609
2023-08-09 04:00:00+00:00,29704.9,29810.6,29655.0,29805.0,9368.03
2023-08-09 08:00:00+00:00,29805.0,29930.6,29727.2,29880.9,14940.906
2023-08-09 12:00:00+00:00,29880.9,30129.0,29652.3,29750.5,42990.969
2023-08-09 16:00:00+00:00,29750.5,29765.0,29364.6,29405.3,33239.322
2023-08-09 20:00:00+00:00,29405.3,29619.5,29364.6,29565.8,12453.431
2023-08-10 00:00:00+00:00,29565.8,29649.2,29552.2,29570.0,7177.937
2023-08-10 04:00:00+00:00,29570.0,29608.9,29485.0,29504.4,7156.949
2023-08-10 08:00:00+00:00,29504.4,29553.6,29464.4,29496.9,7410.608
2023-08-10 12:00:00+00:00,29496.9,29732.3,29375.2,29455.0,33377.019
2023-08-10 16:00:00+00:00,29455.0,29469.0,29308.8,29436.6,15732.916
2023-08-10 20:00:00+00:00,29436.6,29478.0,29409.2,29441.4,4535.542
2023-08-11 00:00:00+00:00,29441.4,29485.6,29338.3,29401.3,5663.617
2023-08-11 04:00:00+00:00,29401.3,29474.3,29368.4,29403.5,5177.034
2023-08-11 08:00:00+00:00,29403.5,29436.0,29342.5,29432.2,6049.366
2023-08-11 12:00:00+00:00,29432.2,29573.0,29341.4,29379.9,24947.221
2023-08-11 16:00:00+00:00,29379.9,29416.0,29215.1,29386.4,14404.351
2023-08-11 20:00:00+00:00,29386.4,29446.5,29386.2,29413.9,3665.706
2023-08-12 00:00:00+00:00,29413.9,29442.5,29371.2,29394.2,3292.648
2023-08-12 04:00:00+00:00,29394.2,29413.8,29380.0,29412.1,2034.455
2023-08-12 08:00:00+00:00,29412.1,29422.9,29385.0,29419.9,2406.012
2023-08-12 12:00:00+00:00,29419.9,29441.7,29400.0,29422.1,2638.489
2023-08-12 16:00:00+00:00,29422.1,29469.0,29401.5,29401.6,2830.689
2023-08-12 20:00:00+00:00,29401.6,29424.2,29389.4,29417.8,1601.222
2023-08-13 00:00:00+00:00,29417.8,29448.8,29390.0,29407.9,2939.388
2023-08-13 04:00:00+00:00,29407.9,29408.0,29354.0,29390.5,3003.838
2023-08-13 08:00:00+00:00,29390.5,29406.1,29364.9,29377.1,1799.143
2023-08-13 12:00:00+00:00,29377.1,29390.1,29350.8,29365.9,3181.101
2023-08-13 16:00:00+00:00,29365.9,29463.8,29320.0,29426.4,5432.893
2023-08-13 20:00:00+00:00,29426.4,29432.4,29266.6,29301.3,8372.277
2023-08-14 00:00:00+00:00,29301.3,29419.1,29080.0,29388.0,20725.965
2023-08-14 04:00:00+00:00,29388.0,29458.0,29382.6,29414.8,6967.966
2023-08-14 08:00:00+00:00,29414.8,29485.5,29374.8,29399.3,6512.383
2023-08-14 12:00:00+00:00,29399.3,29656.6,29327.0,29587.4,25842.754
2023-08-14 16:00:00+00:00,29587.4,29680.0,29230.0,29349.9,26905.747
2023-08-14 20:00:00+00:00,29349.9,29460.0,29325.5,29422.6,4825.742
2023-08-15 00:00:00+00:00,29422.6,29446.6,29360.1,29387.0,3912.763
2023-08-15 04:00:00+00:00,29387.0,29423.1,29337.0,29393.5,4534.614
2023-08-15 08:00:00+00:00,29393.5,29448.0,29338.0,29359.7,5637.329
2023-08-15 12:00:00+00:00,29359.7,29496.1,29303.5,29320.3,13872.175
2023-08-15 16:00:00+00:00,29320.3,29360.0,29049.7,29178.5,22649.915
2023-08-15 20:00:00+00:00,29178.5,29242.5,29130.0,29194.4,7740.507
2023-08-16 00:00:00+00:00,29194.4,29258.7,29187.0,29220.0,3972.918
2023-08-16 04:00:00+00:00,29220.0,29225.0,29109.1,29196.7,7560.631
2023-08-16 08:00:00+00:00,29196.7,29217.0,29100.0,29155.3,8169.674
2023-08-16 12:00:00+00:00,29155.3,29207.6,29001.8,29099.2,18510.562
2023-08-16 16:00:00+00:00,29099.2,29236.7,28940.6,29105.5,26956.82
2023-08-16 20:00:00+00:00,29105.5,29136.6,28714.1,28727.8,33165.629
2023-08-17 00:00:00+00:00,28727.8,28780.0,28302.6,28660.5,37745.647
2023-08-17 04:00:00+00:00,28660.5,28716.5,28601.8,28632.0,8172.696
2023-08-17 08:00:00+00:00,28632.0,28644.0,28476.2,28545.9,21083.59
2023-08-17 12:00:00+00:00,28545.9,28570.0,27862.0,27928.5,72824.868
2023-08-17 16:00:00+00:00,27928.5,28080.0,27625.0,27894.0,46783.319
2023-08-17 20:00:00+00:00,27894.0,27917.0,24200.9,26610.1,171584.146
2023-08-18 00:00:00+00:00,26610.1,26820.0,26305.0,26385.1,22575.25
2023-08-18 04:00:00+00:00,26385.1,26606.5,26127.3,26413.3,24146.783
2023-08-18 08:00:00+00:00,26413.3,26604.5,26370.4,26479.0,14607.343
2023-08-18 12:00:00+00:00,26479.0,26486.5,25908.3,25994.5,50637.176
2023-08-18 16:00:00+00:00,25994.5,26320.8,25572.9,26053.9,60264.525
2023-08-18 20:00:00+00:00,26053.9,26229.7,25990.6,26040.5,11390.244
2023-08-19 00:00:00+00:00,26040.5,26147.5,25910.5,25951.7,8926.034
2023-08-19 04:00:00+00:00,25951.7,25992.6,25785.7,25901.6,11048.695
2023-08-19 08:00:00+00:00,25901.6,25985.4,25866.9,25889.1,8505.048
2023-08-19 12:00:00+00:00,25889.1,26214.5,25859.9,26203.6,17021.433
2023-08-19 16:00:00+00:00,26203.6,26263.3,26008.0,26111.3,14365.845
2023-08-19 20:00:00+00:00,26111.3,26144.1,26018.0,26088.8,4434.265
2023-08-20 00:00:00+00:00,26088.8,26192.0,26032.2,26092.0,5172.258
2023-08-20 04:00:00+00:00,26092.0,26150.0,26018.3,26069.9,4417.007
2023-08-20 08:00:00+00:00,26069.9,26186.8,26041.9,26164.9,7113.405
2023-08-20 12:00:00+00:00,26164.9,26211.2,25940.2,26091.0,16241.478
2023-08-20 16:00:00+00:00,26091.0,26153.8,25988.1,26121.9,6672.973
2023-08-20 20:00:00+00:00,26121.9,26307.0,26121.8,26176.5,11121.119
2023-08-21 00:00:00+00:00,26176.5,26182.1,26052.9,26074.5,6551.799
2023-08-21 04:00:00+00:00,26074.5,26174.6,25980.7,26009.0,9855.802
2023-08-21 08:00:00+00:00,26009.0,26079.5,25865.7,26019.0,17032.371
2023-08-21 12:00:00+00:00,26019.0,26192.3,25794.2,25928.1,29144.565
2023-08-21 16:00:00+00:00,25928.1,26153.4,25925.5,26085.5,11561.224
2023-08-21 20:00:00+00:00,26085.5,26279.7,26062.2,26112.9,8037.9
2023-08-22 00:00:00+00:00,26112.9,26127.4,26004.2,26040.6,5049.357
2023-08-22 04:00:00+00:00,26040.6,26100.2,25981.8,26092.0,5707.343
2023-08-22 08:00:00+00:00,26092.0,26096.5,26012.8,26039.3,5505.134
2023-08-22 12:00:00+00:00,26039.3,26086.3,25901.2,25926.0,15951.475
2023-08-22 16:00:00+00:00,25926.0,26044.0,25705.8,25768.0,39238.949
2023-08-22 20:00:00+00:00,25768.0,26063.8,25267.3,26044.0,46728.635
2023-08-23 00:00:00+00:00,26044.0,26184.2,25976.4,25994.6,13783.873
2023-08-23 04:00:00+00:00,25994.6,26171.3,25966.3,26043.3,12879.115
2023-08-23 08:00:00+00:00,26043.3,26081.3,25881.9,25925.1,10363.143
2023-08-23 12:00:00+00:00,25925.1,26180.0,25801.0,26134.9,30291.915
2023-08-23 16:00:00+00:00,26134.9,26823.8,26118.5,26614.0,56721.924
2023-08-23 20:00:00+00:00,26614.0,26715.8,26208.0,26422.9,28367.673
2023-08-24 00:00:00+00:00,26422.9,26542.8,26337.3,26425.1,8678.541
2023-08-24 04:00:00+00:00,26425.1,26499.9,26370.0,26461.5,7330.453
2023-08-24 08:00:00+00:00,26461.5,26573.6,26403.1,26433.0,14675.96
2023-08-24 12:00:00+00:00,26433.0,26433.0,25967.5,25985.5,40553.907
2023-08-24 16:00:00+00:00,25985.5,26155.5,25834.0,26021.7,26620.672
2023-08-24 20:00:00+00:00,26021.7,26195.7,25922.0,26161.6,11940.333
2023-08-25 00:00:00+00:00,26161.6,26173.8,26000.7,26090.8,7004.166
2023-08-25 04:00:00+00:00,26090.8,26097.8,25961.4,25965.9,9896.17
2023-08-25 08:00:00+00:00,25965.9,26122.6,25965.9,26090.5,9378.728
2023-08-25 12:00:00+00:00,26090.5,26301.3,25755.0,25921.6,57164.453
2023-08-25 16:00:00+00:00,25921.6,26061.9,25817.8,25959.5,16227.206
2023-08-25 20:00:00+00:00,25959.5,26079.0,25944.3,26045.9,5267.038
2023-08-26 00:00:00+00:00,26045.9,26115.0,26016.4,26077.0,7426.59
2023-08-26 04:00:00+00:00,26077.0,26077.1,26035.3,26035.9,3026.084
2023-08-26 08:00:00+00:00,26035.9,26045.0,25995.0,26030.5,4018.357
2023-08-26 12:00:00+00:00,26030.5,26060.0,25974.3,26038.2,4473.116
2023-08-26 16:00:00+00:00,26038.2,26043.0,25995.0,26023.3,2416.829
2023-08-26 20:00:00+00:00,26023.3,26038.2,25975.1,26008.5,2719.445
2023-08-27 00:00:00+00:00,26008.5,26016.9,25957.3,26009.7,3028.264
2023-08-27 04:00:00+00:00,26009.7,26035.0,26008.1,26026.5,2539.955
2023-08-27 08:00:00+00:00,26026.5,26085.0,26017.1,26051.0,29601.118
2023-08-27 12:00:00+00:00,26051.0,26170.0,26046.0,26109.1,7025.331
2023-08-27 16:00:00+00:00,26109.1,26169.5,26026.5,26115.2,6926.839
2023-08-27 20:00:00+00:00,26115.2,26122.1,26025.0,26085.4,4282.976
2023-08-28 00:00:00+00:00,26085.4,26090.0,25975.0,26004.5,7839.357
2023-08-28 04:00:00+00:00,26004.5,26029.3,25860.1,25920.7,12492.964
2023-08-28 08:00:00+00:00,25920.7,25988.0,25842.0,25987.9,10737.609
2023-08-28 12:00:00+00:00,25987.9,26243.5,25977.0,26089.1,24938.522
2023-08-28 16:00:00+00:00,26089.1,26187.0,25902.2,25984.7,15423.884
2023-08-28 20:00:00+00:00,25984.7,26166.5,25934.8,26102.4,8095.03
2023-08-29 00:00:00+00:00,26102.4,26203.2,26052.0,26068.1,5946.754
2023-08-29 04:00:00+00:00,26068.1,26078.3,25980.0,25993.8,5963.121
2023-08-29 08:00:00+00:00,25993.8,26035.8,25910.9,25966.6,9495.807
2023-08-29 12:00:00+00:00,25966.6,27696.0,25953.2,27408.9,156302.9
2023-08-29 16:00:00+00:00,27408.9,28140.8,27336.2,27808.4,77397.204
2023-08-29 20:00:00+00:00,27808.4,27871.8,27520.3,27702.6,21439.378
2023-08-30 00:00:00+00:00,27702.6,27756.2,27270.9,27376.6,23300.771
2023-08-30 04:00:00+00:00,27376.6,27464.2,27362.0,27430.6,7775.631
2023-08-30 08:00:00+00:00,27430.6,27494.0,27293.4,27329.3,13655.909
2023-08-30 12:00:00+00:00,27329.3,27463.1,26969.5,27190.2,56796.94
2023-08-30 16:00:00+00:00,27190.2,27274.9,27052.0,27165.0,13323.303
2023-08-30 20:00:00+00:00,27165.0,27346.1,27164.9,27282.7,7278.25
2023-08-31 00:00:00+00:00,27282.7,27285.2,27164.1,27201.7,3834.84
2023-08-31 04:00:00+00:00,27201.7,27282.1,27201.7,27244.6,4444.13
2023-08-31 08:00:00+00:00,27244.6,27627.5,27175.0,27291.1,22802.915
2023-08-31 12:00:00+00:00,27291.1,27304.5,26750.0,26911.4,42951.922
2023-08-31 16:00:00+00:00,26911.4,26911.5,25884.1,26151.4,107254.156
2023-08-31 20:00:00+00:00,26151.4,26185.5,25627.2,25924.1,49288.013
2023-09-01 00:00:00+00:00,25924.1,26087.0,25915.0,26068.3,8333.614
2023-09-01 04:00:00+00:00,26068.3,26080.1,25961.5,25975.0,4985.168
2023-09-01 08:00:00+00:00,25975.0,26060.6,25940.0,26031.2,6794.236
2023-09-01 12:00:00+00:00,26031.2,26145.0,25535.0,25796.3,51961.545
2023-09-01 16:00:00+00:00,25796.3,25960.0,25305.4,25635.6,61944.877
2023-09-01 20:00:00+00:00,25635.6,25923.5,25550.1,25793.7,14670.528
2023-09-02 00:00:00+00:00,25793.7,25829.0,25742.5,25788.4,3697.086
2023-09-02 04:00:00+00:00,25788.4,25838.0,25755.6,25780.4,4036.745
2023-09-02 08:00:00+00:00,25780.4,25846.5,25762.9,25802.3,5967.89
2023-09-02 12:00:00+00:00,25802.3,25975.0,25772.2,25880.1,9500.905
2023-09-02 16:00:00+00:00,25880.1,25924.9,25749.0,25822.4,7485.174
2023-09-02 20:00:00+00:00,25822.4,25895.1,25805.9,25857.7,3058.077
2023-09-03 00:00:00+00:00,25857.7,25895.1,25812.0,25849.5,1992.853
2023-09-03 04:00:00+00:00,25849.5,25940.8,25849.4,25940.8,3521.877
2023-09-03 08:00:00+00:00,25940.8,25941.6,25863.0,25930.0,3509.54
2023-09-03 12:00:00+00:00,25930.0,26080.0,25801.1,25859.6,16512.391
2023-09-03 16:00:00+00:00,25859.6,26026.3,25783.0,25999.1,11436.818
2023-09-03 20:00:00+00:00,25999.1,26133.0,25914.3,25959.9,10609.777
2023-09-04 00:00:00+00:00,25959.9,26089.0,25866.0,25972.8,6967.095
2023-09-04 04:00:00+00:00,25972.8,26005.7,25897.7,25952.4,5127.407
2023-09-04 08:00:00+00:00,25952.4,25998.9,25856.7,25881.0,7314.63
2023-09-04 12:00:00+00:00,25881.0,25953.1,25713.8,25803.9,22240.318
2023-09-04 16:00:00+00:00,25803.9,25936.6,25796.3,25878.0,7468.468
2023-09-04 20:00:00+00:00,25878.0,25908.0,25616.3,25811.9,16507.513
2023-09-05 00:00:00+00:00,25811.9,25829.3,25542.0,25677.9,10550.007
2023-09-05 04:00:00+00:00,25677.9,25740.0,25663.3,25722.8,6184.116
2023-09-05 08:00:00+00:00,25722.8,25794.1,25636.1,25768.2,8955.477
2023-09-05 12:00:00+00:00,25768.2,25900.0,25604.2,25746.6,23862.554
2023-09-05 16:00:00+00:00,25746.6,25837.7,25666.0,25666.0,7412.431
2023-09-05 20:00:00+00:00,25666.0,25793.2,25657.4,25781.9,3878.251
2023-09-06 00:00:00+00:00,25781.9,25856.9,25759.8,25768.9,4290.539
2023-09-06 04:00:00+00:00,25768.9,25779.5,25710.1,25710.7,3262.889
2023-09-06 08:00:00+00:00,25710.7,25763.4,25702.2,25722.9,5068.528
2023-09-06 12:00:00+00:00,25722.9,25777.2,25518.4,25574.0,20228.402
2023-09-06 16:00:00+00:00,25574.0,26052.4,25342.4,25675.0,53957.756
2023-09-06 20:00:00+00:00,25675.0,25777.7,25643.5,25749.5,6685.135
2023-09-07 00:00:00+00:00,25749.5,25827.2,25711.6,25822.1,4148.296
2023-09-07 04:00:00+00:00,25822.1,25833.5,25735.7,25751.1,4710.056
2023-09-07 08:00:00+00:00,25751.1,25751.2,25673.5,25697.1,5683.402
2023-09-07 12:00:00+00:00,25697.1,25821.5,25601.7,25768.7,16877.107
2023-09-07 16:00:00+00:00,25768.7,25971.8,25762.3,25870.5,19145.301
2023-09-07 20:00:00+00:00,25870.5,26450.0,25847.8,26245.2,48635.814
2023-09-08 00:00:00+00:00,26245.2,26436.3,26178.2,26240.0,12839.108
2023-09-08 04:00:00+00:00,26240.0,26371.2,26176.0,26242.3,11978.481
2023-09-08 08:00:00+00:00,26242.3,26254.2,25631.9,25825.2,39948.722
2023-09-08 12:00:00+00:00,25825.2,25947.9,25770.3,25831.1,11908.351
2023-09-08 16:00:00+00:00,25831.1,25886.3,25708.0,25886.3,11832.984
2023-09-08 20:00:00+00:00,25886.3,25928.9,25836.1,25896.9,4200.523
2023-09-09 00:00:00+00:00,25896.9,25897.0,25835.5,25863.6,2340.779
2023-09-09 04:00:00+00:00,25863.6,25880.0,25819.5,25870.7,2275.588
2023-09-09 08:00:00+00:00,25870.7,25892.3,25835.4,25849.7,2584.487
2023-09-09 12:00:00+00:00,25849.7,25912.0,25784.8,25880.3,5266.139
2023-09-09 16:00:00+00:00,25880.3,25939.8,25836.0,25857.9,2648.145
2023-09-09 20:00:00+00:00,25857.9,25906.0,25845.0,25889.7,2134.159
2023-09-10 00:00:00+00:00,25889.7,25892.6,25816.9,25849.5,3075.475
2023-09-10 04:00:00+00:00,25849.5,25861.0,25735.0,25842.3,6023.486
2023-09-10 08:00:00+00:00,25842.3,25855.0,25781.3,25784.0,3285.276
2023-09-10 12:00:00+00:00,25784.0,25822.1,25706.0,25765.5,7354.706
2023-09-10 16:00:00+00:00,25765.5,25858.0,25543.1,25786.2,18283.628
2023-09-10 20:00:00+00:00,25786.2,26020.0,25756.5,25826.4,17627.467
2023-09-11 00:00:00+00:00,25826.4,25863.1,25646.0,25725.4,10529.791
2023-09-11 04:00:00+00:00,25725.4,25890.0,25704.0,25803.8,7818.955
2023-09-11 08:00:00+00:00,25803.8,25822.2,25550.1,25586.0,22121.131
2023-09-11 12:00:00+00:00,25586.0,25746.4,24915.0,25103.4,88961.728
2023-09-11 16:00:00+00:00,25103.4,25236.0,24972.0,25007.8,25739.88
2023-09-11 20:00:00+00:00,25007.8,25210.0,24853.4,25154.7,16831.172
2023-09-12 00:00:00+00:00,25154.7,25947.1,25122.0,25785.6,41897.823
2023-09-12 04:00:00+00:00,25785.6,25987.8,25596.2,25812.3,31836.39
2023-09-12 08:00:00+00:00,25812.3,26346.0,25720.0,26088.4,46032.577
2023-09-12 12:00:00+00:00,26088.4,26420.5,26005.3,26191.8,35958.025
2023-09-12 16:00:00+00:00,26191.8,26584.0,25862.0,26046.1,47047.68
2023-09-12 20:00:00+00:00,26046.1,26147.7,25754.0,25825.0,16659.839
2023-09-13 00:00:00+00:00,25825.0,25972.1,25740.5,25865.9,11444.38
2023-09-13 04:00:00+00:00,25865.9,26100.0,25831.5,25865.4,16899.495
2023-09-13 08:00:00+00:00,25865.4,26244.9,25850.4,26186.1,23191.176
2023-09-13 12:00:00+00:00,26186.1,26384.8,25999.1,26226.3,42078.328
2023-09-13 16:00:00+00:00,26226.3,26397.0,26032.3,26123.8,26409.815
2023-09-13 20:00:00+00:00,26123.8,26298.0,26123.8,26207.8,6323.695
2023-09-14 00:00:00+00:00,26207.8,26543.9,26105.5,26251.4,25459.833
2023-09-14 04:00:00+00:00,26251.4,26388.4,26145.1,26328.5,8413.961
2023-09-14 08:00:00+00:00,26328.5,26479.0,26255.1,26430.6,10247.966
2023-09-14 12:00:00+00:00,26430.6,26797.0,26314.0,26679.5,53067.394
2023-09-14 16:00:00+00:00,26679.5,26863.2,26516.0,26662.3,21098.52
2023-09-14 20:00:00+00:00,26662.3,26713.2,26460.0,26510.0,10610.939
2023-09-15 00:00:00+00:00,26510.0,26611.0,26429.6,26601.5,9365.549
2023-09-15 04:00:00+00:00,26601.5,26646.5,26537.4,26559.1,5816.072
2023-09-15 08:00:00+00:00,26559.1,26683.5,26350.3,26415.5,16564.368
2023-09-15 12:00:00+00:00,26415.5,26514.9,26204.8,26309.7,25742.181
2023-09-15 16:00:00+00:00,26309.7,26429.0,26300.7,26381.1,10075.518
2023-09-15 20:00:00+00:00,26381.1,26890.9,26353.2,26588.9,26223.45
2023-09-16 00:00:00+00:00,26588.9,26765.4,26560.0,26603.4,9932.66
2023-09-16 04:00:00+00:00,26603.4,26606.0,26454.1,26481.4,10108.031
2023-09-16 08:00:00+00:00,26481.4,26569.0,26430.0,26510.5,8361.001
2023-09-16 12:00:00+00:00,26510.5,26564.9,26466.1,26496.1,4719.057
2023-09-16 16:00:00+00:00,26496.1,26617.2,26488.0,26522.9,5263.716
2023-09-16 20:00:00+00:00,26522.9,26569.7,26498.1,26550.0,3224.225
2023-09-17 00:00:00+00:00,26550.0,26550.1,26388.9,26514.9,7864.213
2023-09-17 04:00:00+00:00,26514.9,26560.0,26479.6,26486.0,2782.844
2023-09-17 08:00:00+00:00,26486.0,26609.3,26478.5,26555.0,6160.631
2023-09-17 12:00:00+00:00,26555.0,26586.4,26511.0,26534.1,4619.229
2023-09-17 16:00:00+00:00,26534.1,26539.2,26450.0,26490.0,4977.582
2023-09-17 20:00:00+00:00,26490.0,26527.0,26380.0,26514.6,6909.61
2023-09-18 00:00:00+00:00,26514.6,26743.0,26350.3,26647.1,19166.076
2023-09-18 04:00:00+00:00,26647.1,26790.0,26554.5,26697.9,12039.204
2023-09-18 08:00:00+00:00,26697.9,27229.0,26671.1,27185.0,53217.222
2023-09-18 12:00:00+00:00,27185.0,27400.0,27121.0,27256.4,37284.213
2023-09-18 16:00:00+00:00,27256.4,27296.0,26615.1,26803.9,53773.861
2023-09-18 20:00:00+00:00,26803.9,26869.9,26716.8,26749.3,9352.287
2023-09-19 00:00:00+00:00,26749.3,26824.2,26651.1,26808.0,8489.99
2023-09-19 04:00:00+00:00,26808.0,26859.7,26746.5,26832.1,7057.69
2023-09-19 08:00:00+00:00,26832.1,27484.9,26832.0,27229.1,43922.552
2023-09-19 12:00:00+00:00,27229.1,27470.7,26868.0,27410.0,55261.696
2023-09-19 16:00:00+00:00,27410.0,27470.3,27056.2,27171.9,26147.903
2023-09-19 20:00:00+00:00,27171.9,27214.3,26973.0,27193.0,11466.754
2023-09-20 00:00:00+00:00,27193.0,27383.1,27076.0,27110.6,14420.661
2023-09-20 04:00:00+00:00,27110.6,27148.1,26925.1,27090.0,14856.365
2023-09-20 08:00:00+00:00,27090.0,27186.2,26930.5,27080.4,17156.325
2023-09-20 12:00:00+00:00,27080.4,27232.0,26976.0,27169.9,19024.548
2023-09-20 16:00:00+00:00,27169.9,27294.1,26710.5,26911.9,44258.981
2023-09-20 20:00:00+00:00,26911.9,27244.1,26902.0,27110.6,20142.358
2023-09-21 00:00:00+00:00,27110.6,27149.9,26920.0,27024.7,12132.059
2023-09-21 04:00:00+00:00,27024.7,27086.9,26963.7,26976.8,8536.525
2023-09-21 08:00:00+00:00,26976.8,27010.8,26606.5,26717.3,48186.834
2023-09-21 12:00:00+00:00,26717.3,26767.9,26363.0,26570.1,44431.395
2023-09-21 16:00:00+00:00,26570.1,26690.7,26538.4,26582.9,12373.39
2023-09-21 20:00:00+00:00,26582.9,26609.4,26476.5,26554.5,7256.03
2023-09-22 00:00:00+00:00,26554.5,26654.0,26455.3,26614.0,10027.618
2023-09-22 04:00:00+00:00,26614.0,26692.7,26558.9,26656.2,8711.548
2023-09-22 08:00:00+00:00,26656.2,26732.9,26572.8,26629.8,10697.932
2023-09-22 12:00:00+00:00,26629.8,26687.1,26541.2,26618.8,11882.116
2023-09-22 16:00:00+00:00,26618.8,26631.7,26512.3,26524.0,8729.801
2023-09-22 20:00:00+00:00,26524.0,26582.0,26464.0,26565.7,5229.11
2023-09-23 00:00:00+00:00,26565.7,26603.5,26510.1,26517.4,3065.638
2023-09-23 04:00:00+00:00,26517.4,26571.1,26496.1,26567.7,2436.753
2023-09-23 08:00:00+00:00,26567.7,26576.2,26541.3,26566.6,2022.256
2023-09-23 12:00:00+00:00,26566.6,26578.0,26531.9,26566.4,2231.131
2023-09-23 16:00:00+00:00,26566.4,26620.0,26545.7,26598.5,3642.832
2023-09-23 20:00:00+00:00,26598.5,26600.0,26545.3,26565.6,1816.899
2023-09-24 00:00:00+00:00,26565.6,26579.4,26545.1,26556.1,1216.438
2023-09-24 04:00:00+00:00,26556.1,26560.3,26533.0,26551.1,1537.596
2023-09-24 08:00:00+00:00,26551.1,26601.0,26551.0,26583.7,2432.653
2023-09-24 12:00:00+00:00,26583.7,26615.0,26550.2,26564.5,2461.322
2023-09-24 16:00:00+00:00,26564.5,26724.9,26301.3,26438.5,23960.672
2023-09-24 20:00:00+00:00,26438.5,26512.2,26079.0,26232.9,20437.426
2023-09-25 00:00:00+00:00,26232.9,26320.0,25971.3,26142.7,28169.913
2023-09-25 04:00:00+00:00,26142.7,26181.7,26025.0,26174.9,12047.907
2023-09-25 08:00:00+00:00,26174.9,26214.5,26005.1,26064.2,10497.485
2023-09-25 12:00:00+00:00,26064.2,26294.3,25981.6,26227.5,21999.416
2023-09-25 16:00:00+00:00,26227.5,26419.0,26201.0,26314.9,21998.819
2023-09-25 20:00:00+00:00,26314.9,26437.0,26247.0,26287.5,9241.882
2023-09-26 00:00:00+00:00,26287.5,26382.5,26222.0,26339.1,5948.409
2023-09-26 04:00:00+00:00,26339.1,26351.7,26243.9,26262.0,5380.205
2023-09-26 08:00:00+00:00,26262.0,26320.3,26174.0,26262.3,10513.103
2023-09-26 12:00:00+00:00,26262.3,26299.0,26075.6,26113.8,20864.578
2023-09-26 16:00:00+00:00,26113.8,26285.0,26103.7,26234.5,11377.648
2023-09-26 20:00:00+00:00,26234.5,26274.5,26081.9,26207.4,10780.041
2023-09-27 00:00:00+00:00,26207.4,26274.5,26188.4,26267.2,4600.973
2023-09-27 04:00:00+00:00,26267.2,26279.9,26221.4,26234.4,3515.255
2023-09-27 08:00:00+00:00,26234.4,26829.0,26207.6,26745.8,42989.61
2023-09-27 12:00:00+00:00,26745.8,26838.7,26151.0,26291.7,57484.737
2023-09-27 16:00:00+00:00,26291.7,26302.4,26087.5,26256.1,19477.149
2023-09-27 20:00:00+00:00,26256.1,26374.5,26215.0,26359.5,9077.87
2023-09-28 00:00:00+00:00,26359.5,26545.0,26322.0,26366.5,17145.601
2023-09-28 04:00:00+00:00,26366.5,26498.3,26332.0,26446.0,9249.355
2023-09-28 08:00:00+00:00,26446.0,26618.4,26373.4,26461.8,15560.467
2023-09-28 12:00:00+00:00,26461.8,27069.5,26451.0,27006.1,52547.35
2023-09-28 16:00:00+00:00,27006.1,27312.7,26836.6,27089.6,55500.645
2023-09-28 20:00:00+00:00,27089.6,27161.0,26878.0,27010.7,16829.873
2023-09-29 00:00:00+00:00,27010.7,27125.0,26857.0,26942.2,12323.913
2023-09-29 04:00:00+00:00,26942.2,27238.9,26883.3,27165.0,14361.102
2023-09-29 08:00:00+00:00,27165.0,27165.0,26944.0,26957.0,15146.293
2023-09-29 12:00:00+00:00,26957.0,27106.6,26641.0,26875.3,47996.124
2023-09-29 16:00:00+00:00,26875.3,26949.8,26731.1,26916.4,11246.296
2023-09-29 20:00:00+00:00,26916.4,26978.0,26853.1,26894.7,4000.495
2023-09-30 00:00:00+00:00,26894.7,26930.2,26876.2,26899.9,2750.053
2023-09-30 04:00:00+00:00,26899.9,26945.0,26898.0,26917.9,2896.335
2023-09-30 08:00:00+00:00,26917.9,26985.0,26912.1,26925.3,4413.48
2023-09-30 12:00:00+00:00,26925.3,27082.0,26897.7,26985.4,8617.707
2023-09-30 16:00:00+00:00,26985.4,27031.1,26957.5,27011.5,3842.959
2023-09-30 20:00:00+00:00,27011.5,27070.9,26930.7,26953.5,4696.471
2023-10-01 00:00:00+00:00,26953.5,27039.0,26942.9,27038.0,2632.622
2023-10-01 04:00:00+00:00,27038.0,27149.0,27012.9,27093.4,6703.802
2023-10-01 08:00:00+00:00,27093.4,27279.6,27073.7,27179.2,12524.554
2023-10-01 12:00:00+00:00,27179.2,27215.8,27060.3,27137.5,10007.826
2023-10-01 16:00:00+00:00,27137.5,27139.7,27018.0,27090.7,5451.021
2023-10-01 20:00:00+00:00,27090.7,28350.0,27012.0,27979.0,54992.288
2023-10-02 00:00:00+00:00,27979.0,28241.2,27810.1,28111.9,24247.628
2023-10-02 04:00:00+00:00,28111.9,28438.6,27900.0,28294.6,34540.587
2023-10-02 08:00:00+00:00,28294.6,28477.0,28167.0,28185.1,29592.851
2023-10-02 12:00:00+00:00,28185.1,28591.7,27970.0,28021.7,53371.138
2023-10-02 16:00:00+00:00,28021.7,28110.6,27606.6,27955.1,55050.247
2023-10-02 20:00:00+00:00,27955.1,27955.1,27253.6,27484.1,33758.633
2023-10-03 00:00:00+00:00,27484.1,27626.7,27371.0,27593.2,13295.744
2023-10-03 04:00:00+00:00,27593.2,27662.0,27506.0,27530.2,10145.092
2023-10-03 08:00:00+00:00,27530.2,27629.1,27455.4,27545.8,11104.342
2023-10-03 12:00:00+00:00,27545.8,27571.0,27217.0,27330.4,33601.162
2023-10-03 16:00:00+00:00,27330.4,27484.8,27232.9,27258.5,19124.305
2023-10-03 20:00:00+00:00,27258.5,27460.8,27150.5,27413.2,18309.322
2023-10-04 00:00:00+00:00,27413.2,27516.1,27175.6,27418.5,19008.652
2023-10-04 04:00:00+00:00,27418.5,27442.9,27340.0,27442.9,5477.619
2023-10-04 08:00:00+00:00,27442.9,27635.0,27421.5,27561.4,15858.55
2023-10-04 12:00:00+00:00,27561.4,27620.6,27311.0,27391.5,21790.409
2023-10-04 16:00:00+00:00,27391.5,27825.0,27390.0,27603.4,33717.292
2023-10-04 20:00:00+00:00,27603.4,27820.0,27546.9,27764.7,13631.074
2023-10-05 00:00:00+00:00,27764.7,27899.3,27632.8,27640.0,12831.116
2023-10-05 04:00:00+00:00,27640.0,27688.3,27530.0,27594.8,9267.869
2023-10-05 08:00:00+00:00,27594.8,27760.0,27580.8,27715.0,8593.12
2023-10-05 12:00:00+00:00,27715.0,28115.0,27369.6,27537.3,69378.036
2023-10-05 16:00:00+00:00,27537.3,27600.0,27336.6,27454.9,29511.189
2023-10-05 20:00:00+00:00,27454.9,27505.2,27359.8,27397.3,8581.525
2023-10-06 00:00:00+00:00,27397.3,27575.0,27386.0,27547.0,9142.317
2023-10-06 04:00:00+00:00,27547.0,27640.0,27443.4,27625.4,9691.69
2023-10-06 08:00:00+00:00,27625.4,27788.0,27573.0,27748.0,19005.287
2023-10-06 12:00:00+00:00,27748.0,28043.1,27132.0,27931.0,80197.999
2023-10-06 16:00:00+00:00,27931.0,28029.8,27773.8,27936.9,26182.895
2023-10-06 20:00:00+00:00,27936.9,28285.0,27858.6,27912.5,25153.586
2023-10-07 00:00:00+00:00,27912.5,27943.0,27817.5,27887.7,9725.752
2023-10-07 04:00:00+00:00,27887.7,27931.0,27862.0,27875.7,3307.665
2023-10-07 08:00:00+00:00,27875.7,28020.8,27866.0,27926.1,8002.965
2023-10-07 12:00:00+00:00,27926.1,27968.6,27881.0,27925.2,5387.126
2023-10-07 16:00:00+00:00,27925.2,27944.8,27829.0,27848.3,7009.789
2023-10-07 20:00:00+00:00,27848.3,27950.8,27837.7,27942.3,3527.654
2023-10-08 00:00:00+00:00,27942.3,28077.7,27930.0,28045.8,7158.005
2023-10-08 04:00:00+00:00,28045.8,28057.3,27856.9,27890.1,7188.388
2023-10-08 08:00:00+00:00,27890.1,27924.0,27765.0,27797.8,10894.753
2023-10-08 12:00:00+00:00,27797.8,27999.0,27665.1,27882.9,19592.475
2023-10-08 16:00:00+00:00,27882.9,27933.2,27783.6,27881.9,7279.951
2023-10-08 20:00:00+00:00,27881.9,27979.8,27777.7,27899.0,8477.115
2023-10-09 00:00:00+00:00,27899.0,27971.5,27777.3,27907.4,7848.094
2023-10-09 04:00:00+00:00,27907.4,27932.1,27800.0,27802.1,5937.42
2023-10-09 08:00:00+00:00,27802.1,27828.3,27378.9,27452.1,42216.0
2023-10-09 12:00:00+00:00,27452.1,27570.1,27339.8,27429.8,26270.867
2023-10-09 16:00:00+00:00,27429.8,27738.2,27250.0,27604.9,39604.666
2023-10-09 20:00:00+00:00,27604.9,27643.7,27541.5,27579.2,5712.126
2023-10-10 00:00:00+00:00,27579.2,27695.0,27477.4,27620.4,8926.753
2023-10-10 04:00:00+00:00,27620.4,27705.0,27567.0,27637.3,6592.629
2023-10-10 08:00:00+00:00,27637.3,27721.7,27482.0,27494.7,11544.324
2023-10-10 12:00:00+00:00,27494.7,27619.0,27323.0,27391.0,37969.718
2023-10-10 16:00:00+00:00,27391.0,27499.2,27282.3,27390.6,22920.975
2023-10-10 20:00:00+00:00,27390.6,27460.0,27309.3,27378.0,9901.675
2023-10-11 00:00:00+00:00,27378.0,27465.4,26985.5,26995.5,28309.389
2023-10-11 04:00:00+00:00,26995.5,27129.6,26942.9,27008.8,14323.556
2023-10-11 08:00:00+00:00,27008.8,27337.0,27004.0,27182.5,25726.633
2023-10-11 12:00:00+00:00,27182.5,27250.0,26706.8,26770.9,44076.222
2023-10-11 16:00:00+00:00,26770.9,26790.0,26523.0,26758.9,42320.726
2023-10-11 20:00:00+00:00,26758.9,26877.4,26675.0,26865.5,9294.267
2023-10-12 00:00:00+00:00,26865.5,26932.0,26721.6,26835.5,9785.04
2023-10-12 04:00:00+00:00,26835.5,26910.0,26770.3,26800.3,8199.353
2023-10-12 08:00:00+00:00,26800.3,26858.2,26650.5,26826.3,14354.979
2023-10-12 12:00:00+00:00,26826.3,26854.3,26610.0,26664.6,21933.199
2023-10-12 16:00:00+00:00,26664.6,26799.9,26540.1,26698.8,22866.772
2023-10-12 20:00:00+00:00,26698.8,26766.0,26692.2,26746.4,6042.944
2023-10-13 00:00:00+00:00,26746.4,26868.8,26736.3,26770.0,7499.237
2023-10-13 04:00:00+00:00,26770.0,26944.4,26767.8,26861.0,8923.045
2023-10-13 08:00:00+00:00,26861.0,26895.1,26730.5,26810.1,8771.757
2023-10-13 12:00:00+00:00,26810.1,26968.0,26670.2,26697.5,21055.854
2023-10-13 16:00:00+00:00,26697.5,26810.5,26673.6,26769.2,10444.993
2023-10-13 20:00:00+00:00,26769.2,27120.1,26734.8,26846.7,37742.842
2023-10-14 00:00:00+00:00,26846.7,26978.8,26832.5,26917.3,6816.153
2023-10-14 04:00:00+00:00,26917.3,26930.9,26831.5,26859.9,4372.06
2023-10-14 08:00:00+00:00,26859.9,26891.0,26839.1,26864.0,2527.711
2023-10-14 12:00:00+00:00,26864.0,26930.4,26840.5,26929.8,3441.313
2023-10-14 16:00:00+00:00,26929.8,26944.6,26841.0,26852.7,3892.701
2023-10-14 20:00:00+00:00,26852.7,26868.6,26780.0,26841.6,3625.96
2023-10-15 00:00:00+00:00,26841.6,26895.3,26804.0,26867.4,3078.695
2023-10-15 04:00:00+00:00,26867.4,26877.6,26859.5,26868.9,1121.172
2023-10-15 08:00:00+00:00,26868.9,26913.0,26833.7,26844.3,3217.58
2023-10-15 12:00:00+00:00,26844.3,26962.3,26800.0,26879.4,10085.723
2023-10-15 16:00:00+00:00,26879.4,27075.3,26877.2,27032.9,12152.374
2023-10-15 20:00:00+00:00,27032.9,27283.1,27003.4,27139.3,28590.437
2023-10-16 00:00:00+00:00,27139.3,27272.0,27098.0,27221.2,10213.333
2023-10-16 04:00:00+00:00,27221.2,27972.9,27180.0,27827.9,62935.832
2023-10-16 08:00:00+00:00,27827.9,27886.0,27620.0,27736.0,18773.138
2023-10-16 12:00:00+00:00,27736.0,30625.8,27680.0,28049.0,214307.806
2023-10-16 16:00:00+00:00,28049.0,28799.9,28048.9,28454.9,41786.228
2023-10-16 20:00:00+00:00,28454.9,28633.3,28210.8,28480.9,19374.09
2023-10-17 00:00:00+00:00,28480.9,28531.6,28222.0,28258.4,13394.693
2023-10-17 04:00:00+00:00,28258.4,28453.0,28026.0,28403.9,21753.229
2023-10-17 08:00:00+00:00,28403.9,28600.0,28333.1,28409.7,18552.884
2023-10-17 12:00:00+00:00,28409.7,28569.2,28111.4,28443.9,35480.308
2023-10-17 16:00:00+00:00,28443.9,28596.8,28269.0,28501.5,18855.037
2023-10-17 20:00:00+00:00,28501.5,28546.3,28352.2,28380.7,9564.636
2023-10-18 00:00:00+00:00,28380.7,28507.7,28307.7,28498.9,8997.98
2023-10-18 04:00:00+00:00,28498.9,28993.7,28425.0,28479.0,39359.327
2023-10-18 08:00:00+00:00,28479.0,28584.2,28201.1,28332.7,20924.74
2023-10-18 12:00:00+00:00,28332.7,28392.0,28125.0,28230.0,22426.475
2023-10-18 16:00:00+00:00,28230.0,28429.1,28210.2,28234.0,15513.279
2023-10-18 20:00:00+00:00,28234.0,28365.0,28173.4,28309.1,8160.452
2023-10-19 00:00:00+00:00,28309.1,28405.0,28074.0,28244.5,15645.925
2023-10-19 04:00:00+00:00,28244.5,28333.0,28213.5,28315.0,6361.601
2023-10-19 08:00:00+00:00,28315.0,28507.7,28260.3,28440.9,15413.781
2023-10-19 12:00:00+00:00,28440.9,28799.0,28404.5,28662.7,38832.572
2023-10-19 16:00:00+00:00,28662.7,28922.1,28436.1,28734.1,31333.292
2023-10-19 20:00:00+00:00,28734.1,28877.2,28580.0,28696.9,16586.621
2023-10-20 00:00:00+00:00,28696.9,29410.0,28555.6,29222.9,44314.327
2023-10-20 04:00:00+00:00,29222.9,29409.7,29108.3,29227.9,25386.651
2023-10-20 08:00:00+00:00,29227.9,30260.0,29218.0,29825.7,78466.017
2023-10-20 12:00:00+00:00,29825.7,29902.7,29350.5,29542.0,40078.115
2023-10-20 16:00:00+00:00,29542.0,29582.2,29302.0,29549.7,15145.868
2023-10-20 20:00:00+00:00,29549.7,29781.0,29491.7,29652.7,9736.061
2023-10-21 00:00:00+00:00,29652.7,29680.6,29450.3,29590.0,7190.877
2023-10-21 04:00:00+00:00,29590.0,29720.0,29521.1,29682.0,6767.567
2023-10-21 08:00:00+00:00,29682.0,29866.6,29618.8,29791.4,13713.334
2023-10-21 12:00:00+00:00,29791.4,29979.4,29651.0,29918.3,19873.934
2023-10-21 16:00:00+00:00,29918.3,30382.0,29826.8,30130.1,39989.716
2023-10-21 20:00:00+00:00,30130.1,30143.5,29822.2,29891.6,12832.65
2023-10-22 00:00:00+00:00,29891.6,30071.5,29825.1,29893.8,8284.469
2023-10-22 04:00:00+00:00,29893.8,30321.0,29605.9,29800.2,28145.284
2023-10-22 08:00:00+00:00,29800.2,29982.7,29761.1,29900.7,12257.632
2023-10-22 12:00:00+00:00,29900.7,29956.4,29766.5,29809.1,9597.764
2023-10-22 16:00:00+00:00,29809.1,29939.6,29788.0,29830.9,5323.168
2023-10-22 20:00:00+00:00,29830.9,30048.1,29675.9,29978.7,14553.462
2023-10-23 00:00:00+00:00,29978.7,30809.0,29875.0,30724.7,51181.547
2023-10-23 04:00:00+00:00,30724.7,30980.0,30400.2,30501.7,41792.994
2023-10-23 08:00:00+00:00,30501.7,30774.9,30330.0,30643.8,24573.272
2023-10-23 12:00:00+00:00,30643.8,30969.4,30372.0,30864.5,33136.552
2023-10-23 16:00:00+00:00,30864.5,31428.0,30577.0,31343.5,84993.842
2023-10-23 20:00:00+00:00,31343.5,36743.5,31305.3,33092.9,161821.692
2023-10-24 00:00:00+00:00,33092.9,35299.9,32843.3,34072.0,92232.111
2023-10-24 04:00:00+00:00,34072.0,34604.7,33714.3,34027.5,40021.811
2023-10-24 08:00:00+00:00,34027.5,34911.8,33966.5,34560.4,35799.262
2023-10-24 12:00:00+00:00,34560.4,34869.7,33229.8,33676.1,75246.519
2023-10-24 16:00:00+00:00,33676.1,34425.0,33364.7,33798.0,40635.193
2023-10-24 20:00:00+00:00,33798.0,34351.5,33483.7,33935.8,34141.073
2023-10-25 00:00:00+00:00,33935.8,34409.7,33783.4,34024.0,18942.694
2023-10-25 04:00:00+00:00,34024.0,34234.9,33685.0,33867.3,21198.383
2023-10-25 08:00:00+00:00,33867.3,34467.6,33785.0,34211.9,28575.413
2023-10-25 12:00:00+00:00,34211.9,35089.5,34211.8,34859.9,55282.79
2023-10-25 16:00:00+00:00,34859.9,35184.8,34378.0,34750.2,34829.909
2023-10-25 20:00:00+00:00,34750.2,34870.1,34246.0,34505.0,23439.792
2023-10-26 00:00:00+00:00,34505.0,34845.1,34430.8,34804.6,10273.7
2023-10-26 04:00:00+00:00,34804.6,34825.8,34402.9,34660.9,16160.0
2023-10-26 08:00:00+00:00,34660.9,34769.4,33965.0,34111.6,30570.408
2023-10-26 12:00:00+00:00,34111.6,34397.9,33855.4,34053.7,35801.267
2023-10-26 16:00:00+00:00,34053.7,34167.0,33751.0,34055.7,18465.594
2023-10-26 20:00:00+00:00,34055.7,34299.5,34032.3,34166.1,9500.153
2023-10-27 00:00:00+00:00,34166.1,34190.1,33779.5,34131.8,15028.15
2023-10-27 04:00:00+00:00,34131.8,34276.3,33940.0,33962.7,12986.791
2023-10-27 08:00:00+00:00,33962.7,34197.5,33954.2,34067.0,11898.45
2023-10-27 12:00:00+00:00,34067.0,34240.8,33818.0,34008.4,28231.61
2023-10-27 16:00:00+00:00,34008.4,34047.6,33350.0,33717.5,30038.922
2023-10-27 20:00:00+00:00,33717.5,33974.2,33692.9,33911.0,8437.033
2023-10-28 00:00:00+00:00,33911.0,34252.1,33881.0,34084.2,8460.097
2023-10-28 04:00:00+00:00,34084.2,34210.0,34041.7,34070.4,6124.374
2023-10-28 08:00:00+00:00,34070.4,34592.7,34053.6,34196.9,16887.904
2023-10-28 12:00:00+00:00,34196.9,34258.0,33920.1,34206.5,15598.402
2023-10-28 16:00:00+00:00,34206.5,34240.0,34086.8,34129.6,4031.318
2023-10-28 20:00:00+00:00,34129.6,34217.1,34068.7,34097.4,3324.718
2023-10-29 00:00:00+00:00,34097.4,34116.0,33965.2,33990.0,4774.493
2023-10-29 04:00:00+00:00,33990.0,34154.8,33936.1,34100.5,4173.719
2023-10-29 08:00:00+00:00,34100.5,34352.6,34099.8,34270.0,9239.297
2023-10-29 12:00:00+00:00,34270.0,34578.0,34270.0,34463.7,17262.45
2023-10-29 16:00:00+00:00,34463.7,34795.0,34390.0,34580.0,18745.414
2023-10-29 20:00:00+00:00,34580.0,34747.4,34408.5,34535.8,10631.214
2023-10-30 00:00:00+00:00,34535.8,34593.2,34147.2,34288.4,12418.992
2023-10-30 04:00:00+00:00,34288.4,34369.7,34126.0,34210.1,10610.828
2023-10-30 08:00:00+00:00,34210.1,34715.0,34178.1,34637.3,18630.783
2023-10-30 12:00:00+00:00,34637.3,34913.2,34480.0,34675.8,26549.622
2023-10-30 16:00:00+00:00,34675.8,34675.8,34026.4,34457.2,24761.684
2023-10-30 20:00:00+00:00,34457.2,34608.6,34337.8,34501.6,7506.879
2023-10-31 00:00:00+00:00,34501.6,34638.6,34212.3,34223.6,10856.588
2023-10-31 04:00:00+00:00,34223.6,34374.1,34090.0,34164.5,13815.336
2023-10-31 08:00:00+00:00,34164.5,34569.5,34041.4,34514.1,16916.446
2023-10-31 12:00:00+00:00,34514.1,34543.0,34135.5,34290.7,20885.524
2023-10-31 16:00:00+00:00,34290.7,34660.0,34242.5,34556.7,15902.719
2023-10-31 20:00:00+00:00,34556.7,34761.0,34445.4,34667.1,15707.703
2023-11-01 00:00:00+00:00,34667.1,34699.7,34417.3,34444.8,9037.978
2023-11-01 04:00:00+00:00,34444.8,34532.2,34333.2,34474.7,7866.863
2023-11-01 08:00:00+00:00,34474.7,34524.7,34363.1,34449.1,7381.367
2023-11-01 12:00:00+00:00,34449.1,35258.4,34058.0,34304.8,76564.805
2023-11-01 16:00:00+00:00,34304.8,34787.1,34297.1,34576.5,35256.739
2023-11-01 20:00:00+00:00,34576.5,35749.8,34552.7,35442.4,59928.575
2023-11-02 00:00:00+00:00,35442.4,36084.2,35387.0,35601.8,36100.031
2023-11-02 04:00:00+00:00,35601.8,35639.3,35067.3,35305.4,27587.101
2023-11-02 08:00:00+00:00,35305.4,35513.1,35111.4,35401.9,17189.121
2023-11-02 12:00:00+00:00,35401.9,35494.5,34547.4,34654.3,55671.58
2023-11-02 16:00:00+00:00,34654.3,35039.7,34295.7,35018.5,32834.996
2023-11-02 20:00:00+00:00,35018.5,35116.0,34710.8,34958.5,18691.24
2023-11-03 00:00:00+00:00,34958.5,34959.7,34358.4,34690.8,30685.989
2023-11-03 04:00:00+00:00,34690.8,34705.9,34301.0,34468.9,21333.371
2023-11-03 08:00:00+00:00,34468.9,34623.1,34131.7,34268.6,32146.291
2023-11-03 12:00:00+00:00,34268.6,34864.8,34165.1,34770.1,37574.662
2023-11-03 16:00:00+00:00,34770.1,34838.3,34329.5,34533.9,26920.905
2023-11-03 20:00:00+00:00,34533.9,34764.3,34489.6,34720.1,10964.429
2023-11-04 00:00:00+00:00,34720.1,34799.8,34636.5,34717.6,8185.935
2023-11-04 04:00:00+00:00,34717.6,35080.0,34588.2,34783.9,17232.428
2023-11-04 08:00:00+00:00,34783.9,34902.0,34686.6,34723.5,9458.362
2023-11-04 12:00:00+00:00,34723.5,34819.3,34640.4,34718.7,7331.065
2023-11-04 16:00:00+00:00,34718.7,34804.1,34691.5,34741.0,3664.081
2023-11-04 20:00:00+00:00,34741.0,35279.0,34714.0,35075.0,21669.411
2023-11-05 00:00:00+00:00,35075.0,35338.3,34940.2,35297.1,14378.43
2023-11-05 04:00:00+00:00,35297.1,35328.2,35061.5,35180.1,13264.442
2023-11-05 08:00:00+00:00,35180.1,35213.8,35033.6,35114.1,8134.136
2023-11-05 12:00:00+00:00,35114.1,35197.9,34755.3,34902.7,20174.288
2023-11-05 16:00:00+00:00,34902.7,35324.6,34886.1,35010.1,19764.566
2023-11-05 20:00:00+00:00,35010.1,35449.0,34415.8,35035.8,39176.462
2023-11-06 00:00:00+00:00,35035.8,35148.8,34844.3,34998.0,15198.953
2023-11-06 04:00:00+00:00,34998.0,35048.9,34750.0,34925.8,9899.569
2023-11-06 08:00:00+00:00,34925.8,35310.9,34842.4,35276.9,17135.026
2023-11-06 12:00:00+00:00,35276.9,35299.9,34917.1,35098.4,23214.373
2023-11-06 16:00:00+00:00,35098.4,35131.5,34812.3,35087.0,14599.566
2023-11-06 20:00:00+00:00,35087.0,35171.0,34912.0,35072.9,9526.553
2023-11-07 00:00:00+00:00,35072.9,35081.1,34814.1,34939.0,10118.483
2023-11-07 04:00:00+00:00,34939.0,35001.9,34851.1,34962.3,5736.742
2023-11-07 08:00:00+00:00,34962.3,35007.9,34550.0,34650.0,24468.679
2023-11-07 12:00:00+00:00,34650.0,34867.0,34526.6,34742.3,19981.958
2023-11-07 16:00:00+00:00,34742.3,35619.4,34562.9,35480.0,46636.228
2023-11-07 20:00:00+00:00,35480.0,35927.9,35206.8,35424.5,40176.034
2023-11-08 00:00:00+00:00,35424.5,35452.7,35251.2,35298.8,8324.793
2023-11-08 04:00:00+00:00,35298.8,35394.0,35160.0,35250.3,10332.605
2023-11-08 08:00:00+00:00,35250.3,35464.8,35211.0,35356.2,9566.608
2023-11-08 12:00:00+00:00,35356.2,35503.9,35075.0,35238.9,21094.602
2023-11-08 16:00:00+00:00,35238.9,35821.4,35200.0,35650.9,29546.116
2023-11-08 20:00:00+00:00,35650.9,36187.7,35401.0,35641.7,63192.062
2023-11-09 00:00:00+00:00,35641.7,36725.0,35554.2,36461.5,50881.698
2023-11-09 04:00:00+00:00,36461.5,36916.7,36425.0,36566.2,34826.032
2023-11-09 08:00:00+00:00,36566.2,37049.0,36564.0,36844.7,30267.817
2023-11-09 12:00:00+00:00,36844.7,38149.0,36791.8,37143.2,105270.132
2023-11-09 16:00:00+00:00,37143.2,37270.4,35610.6,36410.2,92479.809
2023-11-09 20:00:00+00:00,36410.2,36814.8,36166.6,36726.5,29073.133
2023-11-10 00:00:00+00:00,36726.5,36955.0,36477.5,36772.6,14364.464
2023-11-10 04:00:00+00:00,36772.6,36847.4,36468.9,36481.9,12892.583
2023-11-10 08:00:00+00:00,36481.9,37168.9,36360.0,37107.2,27881.173
2023-11-10 12:00:00+00:00,37107.2,37295.5,36823.6,37109.0,36168.034
2023-11-10 16:00:00+00:00,37109.0,37500.0,37109.0,37267.1,23042.731
2023-11-10 20:00:00+00:00,37267.1,37604.2,37080.0,37335.2,14393.674
2023-11-11 00:00:00+00:00,37335.2,37429.3,36927.0,37064.4,14153.84
2023-11-11 04:00:00+00:00,37064.4,37162.7,36946.5,37040.1,7477.626
2023-11-11 08:00:00+00:00,37040.1,37095.0,36931.9,37020.0,7546.89
2023-11-11 12:00:00+00:00,37020.0,37300.0,36978.7,37069.6,12027.943
2023-11-11 16:00:00+00:00,37069.6,37218.1,37052.1,37182.8,5532.887
2023-11-11 20:00:00+00:00,37182.8,37193.8,36613.6,37163.0,16881.683
2023-11-12 00:00:00+00:00,37163.0,37215.1,36748.8,37013.9,9668.886
2023-11-12 04:00:00+00:00,37013.9,37202.8,36933.1,37159.5,5796.944
2023-11-12 08:00:00+00:00,37159.5,37178.8,37053.7,37088.1,5010.746
2023-11-12 12:00:00+00:00,37088.1,37260.3,36950.0,37177.6,10747.727
2023-11-12 16:00:00+00:00,37177.6,37258.5,37083.8,37134.3,5202.08
2023-11-12 20:00:00+00:00,37134.3,37249.1,36962.6,37089.5,7210.276
2023-11-13 00:00:00+00:00,37089.5,37473.0,36880.0,36947.3,18275.442
2023-11-13 04:00:00+00:00,36947.3,37090.0,36776.3,36991.3,11833.519
2023-11-13 08:00:00+00:00,36991.3,37077.1,36705.4,36849.6,9300.328
2023-11-13 12:00:00+00:00,36849.6,36988.8,36535.3,36879.1,27871.278
2023-11-13 16:00:00+00:00,36879.1,37074.8,36622.5,36878.1,15757.157
2023-11-13 20:00:00+00:00,36878.1,36912.0,36327.9,36485.2,27888.358
2023-11-14 00:00:00+00:00,36485.2,36515.0,36209.7,36477.0,13929.312
2023-11-14 04:00:00+00:00,36477.0,36747.0,36402.6,36711.1,8026.055
2023-11-14 08:00:00+00:00,36711.1,36786.2,36255.3,36287.6,20636.706
2023-11-14 12:00:00+00:00,36287.6,36719.6,35700.0,36173.6,50715.061
2023-11-14 16:00:00+00:00,36173.6,36467.6,34542.9,35311.0,71830.46
2023-11-14 20:00:00+00:00,35311.0,35689.0,35226.0,35560.5,20298.686
2023-11-15 00:00:00+00:00,35560.5,35678.8,35384.9,35403.9,10181.594
2023-11-15 04:00:00+00:00,35403.9,35682.6,35395.4,35599.9,7330.534
2023-11-15 08:00:00+00:00,35599.9,36310.9,35599.9,36261.9,28636.372
2023-11-15 12:00:00+00:00,36261.9,36460.0,36027.1,36428.4,27100.661
2023-11-15 16:00:00+00:00,36428.4,37835.9,36258.2,37532.9,88894.647
2023-11-15 20:00:00+00:00,37532.9,38016.9,37323.6,37893.9,37256.8
2023-11-16 00:00:00+00:00,37893.9,37968.1,37366.0,37487.3,18478.088
2023-11-16 04:00:00+00:00,37487.3,37644.0,37339.1,37463.4,11105.255
2023-11-16 08:00:00+00:00,37463.4,37583.1,37151.6,37275.1,23475.972
2023-11-16 12:00:00+00:00,37275.1,37347.7,36241.0,36421.0,57364.57
2023-11-16 16:00:00+00:00,36421.0,36662.0,35500.0,35942.5,50948.153
2023-11-16 20:00:00+00:00,35942.5,36288.0,35673.0,36178.5,27031.92
2023-11-17 00:00:00+00:00,36178.5,36710.0,36105.2,36509.4,17442.453
2023-11-17 04:00:00+00:00,36509.4,36563.5,36125.7,36263.1,16528.148
2023-11-17 08:00:00+00:00,36263.1,36493.9,36137.8,36396.9,18013.795
2023-11-17 12:00:00+00:00,36396.9,36640.0,35870.4,36062.0,34615.875
2023-11-17 16:00:00+00:00,36062.0,36939.1,35918.2,36348.4,41642.313
2023-11-17 20:00:00+00:00,36348.4,36760.0,36329.7,36638.2,11027.565
2023-11-18 00:00:00+00:00,36638.2,36640.0,36380.7,36398.0,5126.203
2023-11-18 04:00:00+00:00,36398.0,36454.5,36203.3,36435.0,8221.051
2023-11-18 08:00:00+00:00,36435.0,36564.3,36398.2,36424.0,7020.774
2023-11-18 12:00:00+00:00,36424.0,36699.0,36374.8,36675.6,8733.786
2023-11-18 16:00:00+00:00,36675.6,36898.2,36610.2,36700.8,11537.936
2023-11-18 20:00:00+00:00,36700.8,36730.5,36465.0,36597.4,6645.327
2023-11-19 00:00:00+00:00,36597.4,36600.6,36413.1,36541.0,5606.209
2023-11-19 04:00:00+00:00,36541.0,36698.2,36507.8,36641.9,6040.327
2023-11-19 08:00:00+00:00,36641.9,36734.7,36378.8,36466.1,9591.776
2023-11-19 12:00:00+00:00,36466.1,36588.0,36387.9,36582.1,7195.415
2023-11-19 16:00:00+00:00,36582.1,37010.1,36524.3,36964.8,13488.615
2023-11-19 20:00:00+00:00,36964.8,37534.7,36814.5,37386.9,26594.628
2023-11-20 00:00:00+00:00,37386.9,37406.7,37062.4,37144.4,14505.878
2023-11-20 04:00:00+00:00,37144.4,37285.5,37065.0,37269.9,8049.866
2023-11-20 08:00:00+00:00,37269.9,37450.0,37089.2,37177.2,17414.698
2023-11-20 12:00:00+00:00,37177.2,37570.0,36620.1,37481.0,38195.747
2023-11-20 16:00:00+00:00,37481.0,37846.7,36782.0,37590.3,57118.878
2023-11-20 20:00:00+00:00,37590.3,37639.7,37274.8,37469.3,17390.014
2023-11-21 00:00:00+00:00,37469.3,37693.2,37326.0,37482.5,13603.345
2023-11-21 04:00:00+00:00,37482.5,37502.0,37236.8,37298.0,8955.456
2023-11-21 08:00:00+00:00,37298.0,37441.5,37155.0,37191.6,9464.357
2023-11-21 12:00:00+00:00,37191.6,37249.2,36231.2,36994.2,81199.886
2023-11-21 16:00:00+00:00,36994.2,37549.7,36554.7,37000.3,58858.23
2023-11-21 20:00:00+00:00,37000.3,37199.4,35720.0,35741.1,46657.894
2023-11-22 00:00:00+00:00,35741.1,36405.8,35613.0,36392.3,22687.103
2023-11-22 04:00:00+00:00,36392.3,36574.9,36332.9,36448.3,11284.955
2023-11-22 08:00:00+00:00,36448.3,36802.9,36404.0,36482.4,17874.221
2023-11-22 12:00:00+00:00,36482.4,36674.9,36231.1,36487.4,25237.977
2023-11-22 16:00:00+00:00,36487.4,37456.6,36367.8,37299.9,38655.075
2023-11-22 20:00:00+00:00,37299.9,37888.0,37220.8,37424.0,36765.729
2023-11-23 00:00:00+00:00,37424.0,37563.1,37270.3,37314.1,10540.031
2023-11-23 04:00:00+00:00,37314.1,37436.8,37281.3,37387.2,6579.16
2023-11-23 08:00:00+00:00,37387.2,37677.0,37100.0,37385.7,20558.671
2023-11-23 12:00:00+00:00,37385.7,37550.0,36867.3,36951.1,23512.83
2023-11-23 16:00:00+00:00,36951.1,37372.8,36921.0,37283.3,12669.126
2023-11-23 20:00:00+00:00,37283.3,37417.9,37180.0,37297.7,8242.444
2023-11-24 00:00:00+00:00,37297.7,37485.0,37256.6,37315.2,8356.233
2023-11-24 04:00:00+00:00,37315.2,37584.9,37301.0,37532.1,7545.024
2023-11-24 08:00:00+00:00,37532.1,38388.0,37434.0,37760.5,49142.014
2023-11-24 12:00:00+00:00,37760.5,38435.7,37608.0,38235.5,48344.54
2023-11-24 16:00:00+00:00,38235.5,38369.4,37553.6,37770.1,34733.155
2023-11-24 20:00:00+00:00,37770.1,37978.0,37580.0,37725.0,11127.077
2023-11-25 00:00:00+00:00,37725.0,37856.9,37681.6,37810.7,5633.839
2023-11-25 04:00:00+00:00,37810.7,37838.9,37733.4,37811.5,3509.451
2023-11-25 08:00:00+00:00,37811.5,37846.0,37582.8,37660.3,8436.398
2023-11-25 12:00:00+00:00,37660.3,37746.4,37622.9,37710.0,4999.962
2023-11-25 16:00:00+00:00,37710.0,37854.5,37702.9,37823.1,4678.827
2023-11-25 20:00:00+00:00,37823.1,37900.0,37705.2,37791.0,4467.443
2023-11-26 00:00:00+00:00,37791.0,37799.0,37671.5,37738.3,2749.134
2023-11-26 04:00:00+00:00,37738.3,37808.0,37705.0,37791.4,2895.65
2023-11-26 08:00:00+00:00,37791.4,37827.0,37678.7,37694.1,4290.489
2023-11-26 12:00:00+00:00,37694.1,37697.7,37255.0,37454.8,29428.012
2023-11-26 16:00:00+00:00,37454.8,37530.5,37124.4,37394.0,17329.487
2023-11-26 20:00:00+00:00,37394.0,37769.6,37320.0,37455.4,20757.687
2023-11-27 00:00:00+00:00,37455.4,37569.3,37189.6,37313.8,10345.251
2023-11-27 04:00:00+00:00,37313.8,37434.1,37001.4,37288.5,11508.819
2023-11-27 08:00:00+00:00,37288.5,37478.3,36865.0,37035.3,22365.038
2023-11-27 12:00:00+00:00,37035.3,37106.0,36732.4,36760.8,29380.521
2023-11-27 16:00:00+00:00,36760.8,37153.0,36714.5,36888.1,20095.232
2023-11-27 20:00:00+00:00,36888.1,37298.2,36800.0,37256.0,14921.061
2023-11-28 00:00:00+00:00,37256.0,37371.8,37111.5,37144.9,9608.213
2023-11-28 04:00:00+00:00,37144.9,37160.0,36880.0,37105.3,13301.031
2023-11-28 08:00:00+00:00,37105.3,37269.5,36933.0,37261.4,12108.066
2023-11-28 12:00:00+00:00,37261.4,37588.0,37142.3,37522.0,22456.497
2023-11-28 16:00:00+00:00,37522.0,38430.0,37522.0,38135.1,64502.967
2023-11-28 20:00:00+00:00,38135.1,38299.0,37635.8,37820.0,22665.97
2023-11-29 00:00:00+00:00,37820.0,38115.4,37673.3,37951.0,16685.26
2023-11-29 04:00:00+00:00,37951.0,38251.0,37876.0,38111.2,10534.604
2023-11-29 08:00:00+00:00,38111.2,38600.1,37909.9,38114.7,32959.071
2023-11-29 12:00:00+00:00,38114.7,38297.7,37566.0,37837.3,34976.274
2023-11-29 16:00:00+00:00,37837.3,37945.3,37647.0,37884.2,16211.143
2023-11-29 20:00:00+00:00,37884.2,37898.2,37581.8,37858.6,10890.665
2023-11-30 00:00:00+00:00,37858.6,38059.7,37697.0,38053.6,9016.684
2023-11-30 04:00:00+00:00,38053.6,38145.0,37761.8,37802.3,10481.302
2023-11-30 08:00:00+00:00,37802.3,37911.8,37584.0,37882.4,14708.979
2023-11-30 12:00:00+00:00,37882.4,37978.3,37429.0,37625.0,31481.861
2023-11-30 16:00:00+00:00,37625.0,37817.0,37533.0,37755.9,8098.439
2023-11-30 20:00:00+00:00,37755.9,37812.0,37591.0,37727.4,6128.493
2023-12-01 00:00:00+00:00,37727.4,38093.5,37612.8,38048.1,15188.741
2023-12-01 04:00:00+00:00,38048.1,38364.4,38024.7,38256.4,20516.827
2023-12-01 08:00:00+00:00,38256.4,38873.2,38232.6,38596.7,38621.219
2023-12-01 12:00:00+00:00,38596.7,38641.0,38209.0,38419.1,23297.048
2023-12-01 16:00:00+00:00,38419.1,39031.6,38401.0,38765.0,36521.033
2023-12-01 20:00:00+00:00,38765.0,38933.0,38646.4,38684.8,9478.107
2023-12-02 00:00:00+00:00,38684.8,38797.3,38640.0,38786.9,4574.526
2023-12-02 04:00:00+00:00,38786.9,38849.6,38708.5,38711.2,5353.886
2023-12-02 08:00:00+00:00,38711.2,38806.4,38650.0,38750.1,4727.077
2023-12-02 12:00:00+00:00,38750.1,38887.0,38724.0,38810.7,7448.802
2023-12-02 16:00:00+00:00,38810.7,39894.0,38706.9,39434.7,45925.465
2023-12-02 20:00:00+00:00,39434.7,39779.8,39290.3,39455.0,22671.981
2023-12-03 00:00:00+00:00,39455.0,39568.6,39280.0,39392.0,8079.913
2023-12-03 04:00:00+00:00,39392.0,39503.8,39319.5,39487.0,5429.802
2023-12-03 08:00:00+00:00,39487.0,39552.0,39404.7,39496.0,5642.795
2023-12-03 12:00:00+00:00,39496.0,39836.3,39380.8,39786.1,25412.028
2023-12-03 16:00:00+00:00,39786.1,39872.3,39450.6,39588.7,13204.976
2023-12-03 20:00:00+00:00,39588.7,40439.9,39574.3,39999.9,35452.346
2023-12-04 00:00:00+00:00,39999.9,40972.7,39996.6,40747.8,44281.979
2023-12-04 04:00:00+00:00,40747.8,41808.3,40722.5,41494.0,52764.154
2023-12-04 08:00:00+00:00,41494.0,42197.3,41339.0,41610.0,68644.575
2023-12-04 12:00:00+00:00,41610.0,41929.9,41113.7,41286.6,43139.147
2023-12-04 16:00:00+00:00,41286.6,42167.1,41185.9,42021.3,29579.656
2023-12-04 20:00:00+00:00,42021.3,42479.3,41735.4,42006.9,32178.118
2023-12-05 00:00:00+00:00,42006.9,42009.9,41641.0,41849.9,15040.9
2023-12-05 04:00:00+00:00,41849.9,41941.0,41380.0,41542.1,17993.279
2023-12-05 08:00:00+00:00,41542.1,41780.0,41440.0,41744.2,15176.73
2023-12-05 12:00:00+00:00,41744.2,42573.1,41711.9,42284.8,39298.022
2023-12-05 16:00:00+00:00,42284.8,44218.9,42142.8,43844.8,106639.226
2023-12-05 20:00:00+00:00,43844.8,44555.0,43444.0,44103.4,44161.565
2023-12-06 00:00:00+00:00,44103.4,44171.1,43560.6,43765.8,20385.235
2023-12-06 04:00:00+00:00,43765.8,43877.6,43452.1,43701.6,16862.278
2023-12-06 08:00:00+00:00,43701.6,44331.6,43379.4,43871.4,38971.333
2023-12-06 12:00:00+00:00,43871.4,44320.0,43738.5,43801.2,36720.151
2023-12-06 16:00:00+00:00,43801.2,44185.6,43753.0,44024.8,18114.113
2023-12-06 20:00:00+00:00,44024.8,44107.4,43612.0,43785.2,16834.716
2023-12-07 00:00:00+00:00,43785.2,44033.7,43725.0,43958.9,7095.0
2023-12-07 04:00:00+00:00,43958.9,44087.7,43860.0,43917.1,6538.339
2023-12-07 08:00:00+00:00,43917.1,43930.7,42833.4,43221.7,59632.625
2023-12-07 12:00:00+00:00,43221.7,43972.6,42942.9,43706.6,39435.544
2023-12-07 16:00:00+00:00,43706.6,43792.5,43089.0,43241.8,25907.088
2023-12-07 20:00:00+00:00,43241.8,43488.0,43135.0,43308.0,12543.899
2023-12-08 00:00:00+00:00,43308.0,43568.0,43300.9,43417.6,7200.338
2023-12-08 04:00:00+00:00,43417.6,43615.0,43005.0,43195.0,15390.813
2023-12-08 08:00:00+00:00,43195.0,43810.5,43111.0,43708.0,18551.737
2023-12-08 12:00:00+00:00,43708.0,44082.2,43500.0,43785.2,31736.039
2023-12-08 16:00:00+00:00,43785.2,44033.6,43657.6,43977.3,15187.523
2023-12-08 20:00:00+00:00,43977.3,44777.0,43977.3,44209.7,31613.931
2023-12-09 00:00:00+00:00,44209.7,44329.2,44067.0,44190.4,9806.522
2023-12-09 04:00:00+00:00,44190.4,44416.1,44155.0,44230.7,8477.543
2023-12-09 08:00:00+00:00,44230.7,44248.0,43746.0,43858.3,18645.39
2023-12-09 12:00:00+00:00,43858.3,44179.4,43758.6,44075.0,18522.974
2023-12-09 16:00:00+00:00,44075.0,44132.4,43912.0,43966.3,9104.467
2023-12-09 20:00:00+00:00,43966.3,44140.0,43326.6,43740.0,15295.961
2023-12-10 00:00:00+00:00,43740.0,43899.0,43700.7,43886.6,6454.724
2023-12-10 04:00:00+00:00,43886.6,44048.5,43864.1,43999.1,5399.626
2023-12-10 08:00:00+00:00,43999.1,44075.0,43637.0,43772.7,12145.246
2023-12-10 12:00:00+00:00,43772.7,44028.7,43763.2,43949.9,9408.765
2023-12-10 16:00:00+00:00,43949.9,43983.3,43753.5,43828.5,7232.412
2023-12-10 20:00:00+00:00,43828.5,44114.6,43570.8,43823.8,13700.188
2023-12-11 00:00:00+00:00,43823.8,43854.8,40167.7,42350.0,93471.137
2023-12-11 04:00:00+00:00,42350.0,42370.0,41555.0,42136.5,37429.859
2023-12-11 08:00:00+00:00,42136.5,42520.0,42005.0,42362.7,19857.499
2023-12-11 12:00:00+00:00,42362.7,42413.0,41700.0,41841.6,27453.855
2023-12-11 16:00:00+00:00,41841.6,41899.2,40242.4,40803.2,89614.402
2023-12-11 20:00:00+00:00,40803.2,41378.1,40550.8,41272.1,24998.856
2023-12-12 00:00:00+00:00,41272.1,41975.0,41213.0,41768.0,22136.973
2023-12-12 04:00:00+00:00,41768.0,42095.1,41412.4,41932.9,18739.935
2023-12-12 08:00:00+00:00,41932.9,42168.1,41580.5,41620.1,18549.051
2023-12-12 12:00:00+00:00,41620.1,42104.8,41170.2,41372.8,41541.939
2023-12-12 16:00:00+00:00,41372.8,41479.2,40683.9,41176.9,40427.646
2023-12-12 20:00:00+00:00,41176.9,41588.8,41062.1,41526.0,14380.247
2023-12-13 00:00:00+00:00,41526.0,41531.4,40510.9,40860.0,26837.219
2023-12-13 04:00:00+00:00,40860.0,41270.0,40639.0,41145.9,16274.158
2023-12-13 08:00:00+00:00,41145.9,41315.5,40985.4,41037.9,12759.285
2023-12-13 12:00:00+00:00,41037.9,42000.0,41015.0,41974.9,33738.619
2023-12-13 16:00:00+00:00,41974.9,42949.9,41753.3,42765.0,46455.375
2023-12-13 20:00:00+00:00,42765.0,43600.0,42588.0,42896.9,36619.51
2023-12-14 00:00:00+00:00,42896.9,42969.5,42697.6,42746.5,10707.424
2023-12-14 04:00:00+00:00,42746.5,43149.7,42710.0,42937.0,13302.346
2023-12-14 08:00:00+00:00,42937.0,43350.0,42706.8,43298.0,19698.436
2023-12-14 12:00:00+00:00,43298.0,43398.6,41190.0,42458.3,80898.422
2023-12-14 16:00:00+00:00,42458.3,43475.0,42458.3,43125.2,36527.468
2023-12-14 20:00:00+00:00,43125.2,43211.8,42876.4,43050.0,9979.411
2023-12-15 00:00:00+00:00,43050.0,43112.5,42443.1,42827.5,14685.151
2023-12-15 04:00:00+00:00,42827.5,42896.1,42533.8,42744.7,10474.71
2023-12-15 08:00:00+00:00,42744.7,43070.2,42668.9,42812.7,13043.904
2023-12-15 12:00:00+00:00,42812.7,42818.6,41671.6,41921.7,37885.48
2023-12-15 16:00:00+00:00,41921.7,42219.0,41710.0,42126.6,19678.537
2023-12-15 20:00:00+00:00,42126.6,42288.9,41926.5,41979.7,12452.931
2023-12-16 00:00:00+00:00,41979.7,42436.5,41619.8,42360.0,14268.256
2023-12-16 04:00:00+00:00,42360.0,42386.0,42164.0,42253.3,5350.572
2023-12-16 08:00:00+00:00,42253.3,42374.3,42114.8,42361.0,5078.994
2023-12-16 12:00:00+00:00,42361.0,42664.1,42257.2,42653.5,16280.723
2023-12-16 16:00:00+00:00,42653.5,42783.3,42351.6,42378.0,11973.246
2023-12-16 20:00:00+00:00,42378.0,42440.0,42157.3,42296.3,6758.395
2023-12-17 00:00:00+00:00,42296.3,42328.6,41872.0,41951.1,11182.219
2023-12-17 04:00:00+00:00,41951.1,42088.3,41785.3,41911.7,9539.914
2023-12-17 08:00:00+00:00,41911.7,42052.2,41680.0,41985.2,9900.745
2023-12-17 12:00:00+00:00,41985.2,42044.5,41527.9,41838.5,13742.959
2023-12-17 16:00:00+00:00,41838.5,42479.2,41716.0,42135.1,26909.827
2023-12-17 20:00:00+00:00,42135.1,42222.7,41255.5,41395.2,18032.54
2023-12-18 00:00:00+00:00,41395.2,41482.0,40810.0,41107.5,23819.817
2023-12-18 04:00:00+00:00,41107.5,41348.3,41021.0,41160.3,13666.413
2023-12-18 08:00:00+00:00,41160.3,41284.5,40566.0,41149.2,37833.715
2023-12-18 12:00:00+00:00,41149.2,41776.9,40922.1,41278.9,33254.612
2023-12-18 16:00:00+00:00,41278.9,41768.4,41165.0,41725.7,17926.78
2023-12-18 20:00:00+00:00,41725.7,42810.6,41584.1,42683.6,37234.253
2023-12-19 00:00:00+00:00,42683.6,43548.0,42608.2,43106.1,30781.503
2023-12-19 04:00:00+00:00,43106.1,43166.6,42843.7,43061.8,12388.505
2023-12-19 08:00:00+00:00,43061.8,43313.4,42972.1,43013.2,17976.575
2023-12-19 12:00:00+00:00,43013.2,43080.4,42255.0,42512.3,34923.546
2023-12-19 16:00:00+00:00,42512.3,42690.9,41836.4,42373.4,32480.873
2023-12-19 20:00:00+00:00,42373.4,42559.5,42150.8,42298.0,13307.494
2023-12-20 00:00:00+00:00,42298.0,42515.0,42206.3,42446.2,8522.282
2023-12-20 04:00:00+00:00,42446.2,43065.9,42394.5,42961.8,22470.008
2023-12-20 08:00:00+00:00,42961.8,43050.0,42705.1,42900.0,14061.822
2023-12-20 12:00:00+00:00,42900.0,44355.0,42791.8,44071.7,64253.095
2023-12-20 16:00:00+00:00,44071.7,44297.9,43510.0,43752.0,32800.622
2023-12-20 20:00:00+00:00,43752.0,43856.7,43242.0,43710.0,27696.532
2023-12-21 00:00:00+00:00,43710.0,43773.6,43324.3,43678.3,12901.739
2023-12-21 04:00:00+00:00,43678.3,43918.0,43487.4,43804.2,10383.555
2023-12-21 08:00:00+00:00,43804.2,44174.1,43620.6,43969.3,19042.361
2023-12-21 12:00:00+00:00,43969.3,44290.0,43388.7,43848.9,38361.951
2023-12-21 16:00:00+00:00,43848.9,43945.9,43394.1,43629.6,19387.042
2023-12-21 20:00:00+00:00,43629.6,44183.7,43592.0,43902.1,15992.544
2023-12-22 00:00:00+00:00,43902.1,44322.0,43759.3,44042.8,15327.088
2023-12-22 04:00:00+00:00,44042.8,44473.9,43575.0,43628.9,28933.448
2023-12-22 08:00:00+00:00,43628.9,43875.2,43500.6,43793.3,15549.323
2023-12-22 12:00:00+00:00,43793.3,43847.4,43414.1,43700.0,19235.638
2023-12-22 16:00:00+00:00,43700.0,44047.4,43500.4,43673.9,15785.85
2023-12-22 20:00:00+00:00,43673.9,44107.7,43653.9,44010.0,8607.589
2023-12-23 00:00:00+00:00,44010.0,44029.2,43471.3,43546.2,12695.149
2023-12-23 04:00:00+00:00,43546.2,43666.6,43262.9,43577.0,10902.395
2023-12-23 08:00:00+00:00,43577.0,43703.5,43513.8,43575.1,6713.229
2023-12-23 12:00:00+00:00,43575.1,43899.8,43575.1,43776.9,8900.325
2023-12-23 16:00:00+00:00,43776.9,43877.5,43705.4,43723.7,4911.471
2023-12-23 20:00:00+00:00,43723.7,43866.0,43642.0,43735.7,4287.466
2023-12-24 00:00:00+00:00,43735.7,43950.0,43635.0,43869.3,6342.568
2023-12-24 04:00:00+00:00,43869.3,43987.0,43451.0,43676.0,11887.624
2023-12-24 08:00:00+00:00,43676.0,43733.4,43420.8,43663.9,6558.602
2023-12-24 12:00:00+00:00,43663.9,43909.9,43584.8,43708.1,8200.207
2023-12-24 16:00:00+00:00,43708.1,43749.2,43566.0,43638.3,5392.164
2023-12-24 20:00:00+00:00,43638.3,43646.8,42534.1,43022.3,31180.036
2023-12-25 00:00:00+00:00,43022.3,43184.2,42742.7,43179.5,12518.652
2023-12-25 04:00:00+00:00,43179.5,43358.9,43121.0,43232.0,6668.147
2023-12-25 08:00:00+00:00,43232.0,43321.7,43077.2,43200.0,6397.971
2023-12-25 12:00:00+00:00,43200.0,43874.5,43118.5,43666.9,25852.91
2023-12-25 16:00:00+00:00,43666.9,43760.7,43357.8,43505.1,13578.022
2023-12-25 20:00:00+00:00,43505.1,43770.2,43355.0,43611.8,8572.663
2023-12-26 00:00:00+00:00,43611.8,43634.1,43400.0,43486.1,5960.193
2023-12-26 04:00:00+00:00,43486.1,43512.5,42570.8,42806.0,30073.971
2023-12-26 08:00:00+00:00,42806.0,42835.2,42100.0,42721.8,20785.127
2023-12-26 12:00:00+00:00,42721.8,42869.7,42236.0,42422.5,15161.99
2023-12-26 16:00:00+00:00,42422.5,42472.1,41655.0,42153.9,36535.619
2023-12-26 20:00:00+00:00,42153.9,42644.5,42092.2,42552.0,8875.777
2023-12-27 00:00:00+00:00,42552.0,42595.9,42138.7,42273.4,8317.55
2023-12-27 04:00:00+00:00,42273.4,42590.9,42250.0,42506.0,7810.168
2023-12-27 08:00:00+00:00,42506.0,43285.0,42456.0,43072.7,24454.477
2023-12-27 12:00:00+00:00,43072.7,43194.9,42729.4,43012.6,22762.247
2023-12-27 16:00:00+00:00,43012.6,43267.6,42888.5,43192.5,14744.052
2023-12-27 20:00:00+00:00,43192.5,43710.0,43158.1,43454.0,20496.746
2023-12-28 00:00:00+00:00,43454.0,43849.5,43334.9,43450.1,14689.858
2023-12-28 04:00:00+00:00,43450.1,43666.6,42818.8,43091.8,19661.153
2023-12-28 08:00:00+00:00,43091.8,43244.2,42908.3,43117.0,9039.375
2023-12-28 12:00:00+00:00,43117.0,43182.7,42439.4,42487.1,30681.61
2023-12-28 16:00:00+00:00,42487.1,42805.1,42302.2,42660.1,15572.97
2023-12-28 20:00:00+00:00,42660.1,42791.4,42380.5,42607.0,11845.476
2023-12-29 00:00:00+00:00,42607.0,42863.3,42120.0,42735.5,20788.065
2023-12-29 04:00:00+00:00,42735.5,42809.7,42266.2,42309.8,12900.994
2023-12-29 08:00:00+00:00,42309.8,42997.1,42304.8,42911.6,14834.035
2023-12-29 12:00:00+00:00,42911.6,43170.0,42142.1,42293.9,24304.909
2023-12-29 16:00:00+00:00,42293.9,42384.8,41700.0,42164.6,37387.003
2023-12-29 20:00:00+00:00,42164.6,42317.0,41278.0,42095.3,25625.801
2023-12-30 00:00:00+00:00,42095.3,42250.0,41856.9,42010.1,8976.912
2023-12-30 04:00:00+00:00,42010.1,42200.0,41963.0,41987.4,5542.33
2023-12-30 08:00:00+00:00,41987.4,42029.2,41554.4,41929.1,15221.77
2023-12-30 12:00:00+00:00,41929.1,42480.0,41906.8,42407.1,15630.418
2023-12-30 16:00:00+00:00,42407.1,42654.0,42279.4,42398.1,16242.378
2023-12-30 20:00:00+00:00,42398.1,42435.1,42113.9,42177.2,7291.708
2023-12-31 00:00:00+00:00,42177.2,42479.9,42012.5,42220.5,9423.987
2023-12-31 04:00:00+00:00,42220.5,42713.0,42198.1,42566.0,9646.508
2023-12-31 08:00:00+00:00,42566.0,42945.9,42407.3,42572.0,12508.218
2023-12-31 12:00:00+00:00,42572.0,42696.7,42376.3,42494.1,9311.229
2023-12-31 16:00:00+00:00,42494.1,42776.3,42470.3,42660.5,6581.669
2023-12-31 20:00:00+00:00,42660.5,42724.7,42096.0,42324.8,11975.153
2024-01-01 00:00:00+00:00,42324.8,42842.9,42271.5,42384.1,11497.162
2024-01-01 04:00:00+00:00,42384.1,42533.0,42211.2,42531.7,6040.87
2024-01-01 08:00:00+00:00,42531.7,42809.6,42492.7,42735.1,7555.517
2024-01-01 12:00:00+00:00,42735.1,42890.0,42605.4,42825.1,7622.312
2024-01-01 16:00:00+00:00,42825.1,43604.0,42707.1,43570.1,17445.176
2024-01-01 20:00:00+00:00,43570.1,44284.9,43421.8,44235.5,28962.402
2024-01-02 00:00:00+00:00,44235.5,45578.9,44208.7,45434.1,51916.359
2024-01-02 04:00:00+00:00,45434.1,45792.8,45160.0,45500.0,18860.313
2024-01-02 08:00:00+00:00,45500.0,45946.5,45242.3,45495.9,28366.192
2024-01-02 12:00:00+00:00,45495.9,45864.3,44868.2,45230.3,35839.072
2024-01-02 16:00:00+00:00,45230.3,45455.0,44795.7,45088.6,23370.701
2024-01-02 20:00:00+00:00,45088.6,45369.9,44633.0,44989.0,22177.446
2024-01-03 00:00:00+00:00,44989.0,45476.0,44909.8,45309.2,10202.531
2024-01-03 04:00:00+00:00,45309.2,45426.3,44971.0,45044.0,9735.544
2024-01-03 08:00:00+00:00,45044.0,45567.8,43434.7,43736.2,55357.569
2024-01-03 12:00:00+00:00,43736.2,43749.9,40210.0,43011.3,157381.823
2024-01-03 16:00:00+00:00,43011.3,43615.5,41728.4,42616.6,60779.989
2024-01-03 20:00:00+00:00,42616.6,42995.0,42535.2,42871.9,14760.097
2024-01-04 00:00:00+00:00,42871.9,43270.0,42637.0,43141.4,13765.715
2024-01-04 04:00:00+00:00,43141.4,43317.1,42773.0,42795.3,16254.887
2024-01-04 08:00:00+00:00,42795.3,43268.9,42677.4,43205.0,16389.839
2024-01-04 12:00:00+00:00,43205.0,44390.0,43121.4,44089.9,43344.208
2024-01-04 16:00:00+00:00,44089.9,44477.9,43806.1,43962.8,32424.294
2024-01-04 20:00:00+00:00,43962.8,44875.5,43910.1,44156.3,42499.03
2024-01-05 00:00:00+00:00,44156.3,44293.0,42181.0,43472.0,51159.327
2024-01-05 04:00:00+00:00,43472.0,43950.0,43163.4,43793.8,17549.283
2024-01-05 08:00:00+00:00,43793.8,44391.2,43465.7,43786.0,28438.331
2024-01-05 12:00:00+00:00,43786.0,44300.0,42972.2,43516.1,43540.642
2024-01-05 16:00:00+00:00,43516.1,43836.3,43076.0,43612.3,22756.083
2024-01-05 20:00:00+00:00,43612.3,44436.4,43569.3,44156.8,30912.936
2024-01-06 00:00:00+00:00,44156.8,44229.4,43814.2,43934.0,8577.622
2024-01-06 04:00:00+00:00,43934.0,43977.5,43400.7,43671.1,12011.731
2024-01-06 08:00:00+00:00,43671.1,43789.9,43574.1,43683.6,6287.674
2024-01-06 12:00:00+00:00,43683.6,43935.5,43525.5,43872.1,9289.351
2024-01-06 16:00:00+00:00,43872.1,44168.6,43832.6,43914.0,9138.518
2024-01-06 20:00:00+00:00,43914.0,43992.5,43548.5,43972.4,9017.194
2024-01-07 00:00:00+00:00,43972.4,44285.0,43840.8,43944.7,10465.419
2024-01-07 04:00:00+00:00,43944.7,44112.8,43850.8,44092.0,5740.72
2024-01-07 08:00:00+00:00,44092.0,44182.5,43885.6,44076.9,6998.088
2024-01-07 12:00:00+00:00,44076.9,44509.6,43935.0,44061.0,19812.722
2024-01-07 16:00:00+00:00,44061.0,44272.9,43639.6,44249.9,14387.648
2024-01-07 20:00:00+00:00,44249.9,44280.0,43577.0,43936.2,16256.299
2024-01-08 00:00:00+00:00,43936.2,43997.7,43136.9,43527.7,21240.832
2024-01-08 04:00:00+00:00,43527.7,44444.0,43446.5,43979.0,25057.833
2024-01-08 08:00:00+00:00,43979.0,44749.3,43640.1,44653.9,24630.729
2024-01-08 12:00:00+00:00,44653.9,45413.0,44296.1,44975.3,61701.283
2024-01-08 16:00:00+00:00,44975.3,47318.3,44791.0,47005.9,75116.526
2024-01-08 20:00:00+00:00,47005.9,47238.3,46666.6,46972.8,20875.229
2024-01-09 00:00:00+00:00,46972.8,47164.0,46261.0,46949.2,27105.91
2024-01-09 04:00:00+00:00,46949.2,46966.8,46624.0,46855.0,10675.433
2024-01-09 08:00:00+00:00,46855.0,46900.0,46411.8,46643.9,13993.427
2024-01-09 12:00:00+00:00,46643.9,47080.0,45500.0,46875.0,64021.837
2024-01-09 16:00:00+00:00,46875.0,46985.0,46500.0,46882.1,16230.46
2024-01-09 20:00:00+00:00,46882.1,48083.4,44750.0,46128.0,105966.35
2024-01-10 00:00:00+00:00,46128.0,46259.9,45633.3,46129.1,17155.578
2024-01-10 04:00:00+00:00,46129.1,46197.5,45738.5,45773.6,9160.913
2024-01-10 08:00:00+00:00,45773.6,45877.9,44881.0,45544.0,26562.792
2024-01-10 12:00:00+00:00,45544.0,45689.4,44301.0,45578.4,74180.031
2024-01-10 16:00:00+00:00,45578.4,46777.0,45182.7,46506.2,60568.805
2024-01-10 20:00:00+00:00,46506.2,47732.0,44727.6,46659.9,134852.592
2024-01-11 00:00:00+00:00,46659.9,46764.7,46171.0,46508.8,22423.311
2024-01-11 04:00:00+00:00,46508.8,46520.0,45620.0,46113.2,21141.471
2024-01-11 08:00:00+00:00,46113.2,47183.4,46067.1,47067.1,23690.256
2024-01-11 12:00:00+00:00,47067.1,49054.4,46476.1,46822.3,121047.662
2024-01-11 16:00:00+00:00,46822.3,47059.4,45525.3,46714.8,60954.518
2024-01-11 20:00:00+00:00,46714.8,46982.5,46083.7,46347.7,22207.768
2024-01-12 00:00:00+00:00,46347.7,46550.0,45909.1,45995.2,17469.998
2024-01-12 04:00:00+00:00,45995.2,46397.8,45681.0,46017.3,16156.626
2024-01-12 08:00:00+00:00,46017.3,46290.0,45530.2,45968.8,24905.814
2024-01-12 12:00:00+00:00,45968.8,46139.0,44358.4,44501.5,55014.056
2024-01-12 16:00:00+00:00,44501.5,44722.0,43202.6,43512.1,84871.344
2024-01-12 20:00:00+00:00,43512.1,44000.0,41323.0,42797.9,67362.895
2024-01-13 00:00:00+00:00,42797.9,43025.2,42449.0,42629.6,16246.058
2024-01-13 04:00:00+00:00,42629.6,43267.6,42574.2,43113.4,13664.655
2024-01-13 08:00:00+00:00,43113.4,43260.8,42506.0,42638.9,16770.256
2024-01-13 12:00:00+00:00,42638.9,43259.0,42522.3,43169.3,16966.906
2024-01-13 16:00:00+00:00,43169.3,43202.0,42730.0,42795.0,14011.057
2024-01-13 20:00:00+00:00,42795.0,43074.4,42706.3,42855.0,5246.692
2024-01-14 00:00:00+00:00,42855.0,42902.6,42658.8,42704.4,6330.491
2024-01-14 04:00:00+00:00,42704.4,43078.8,42576.7,43034.1,7254.845
2024-01-14 08:00:00+00:00,43034.1,43110.3,42770.2,42840.0,7064.029
2024-01-14 12:00:00+00:00,42840.0,43022.0,42695.6,42909.1,9436.688
2024-01-14 16:00:00+00:00,42909.1,43028.7,42633.9,42658.1,8887.656
2024-01-14 20:00:00+00:00,42658.1,42765.8,41708.8,41731.0,42061.329
2024-01-15 00:00:00+00:00,41731.0,42686.4,41710.6,42576.4,16671.314
2024-01-15 04:00:00+00:00,42576.4,42881.2,42488.0,42731.1,12256.123
2024-01-15 08:00:00+00:00,42731.1,42801.4,42502.1,42709.9,9752.261
2024-01-15 12:00:00+00:00,42709.9,42985.3,42159.2,42281.4,29051.441
2024-01-15 16:00:00+00:00,42281.4,43394.6,42258.1,42993.8,28572.135
2024-01-15 20:00:00+00:00,42993.8,43121.3,42328.5,42508.1,15376.368
2024-01-16 00:00:00+00:00,42508.1,42937.6,42458.6,42918.3,7534.76
2024-01-16 04:00:00+00:00,42918.3,42955.0,42605.6,42788.5,7850.436
2024-01-16 08:00:00+00:00,42788.5,43185.0,42710.0,42893.7,14760.393
2024-01-16 12:00:00+00:00,42893.7,43354.7,42003.9,43255.9,57560.855
2024-01-16 16:00:00+00:00,43255.9,43456.2,42820.2,43164.7,22583.254
2024-01-16 20:00:00+00:00,43164.7,43579.9,43042.5,43128.1,17237.923
2024-01-17 00:00:00+00:00,43128.1,43197.0,42839.9,42840.8,7710.987
2024-01-17 04:00:00+00:00,42840.8,42920.0,42600.2,42642.0,8996.367
2024-01-17 08:00:00+00:00,42642.0,42849.9,42550.0,42683.9,10770.225
2024-01-17 12:00:00+00:00,42683.9,42952.5,42306.0,42478.1,35861.06
2024-01-17 16:00:00+00:00,42478.1,42760.0,42195.7,42621.1,16353.665
2024-01-17 20:00:00+00:00,42621.1,42884.7,42442.3,42782.1,12438.247
2024-01-18 00:00:00+00:00,42782.1,42800.0,42503.0,42594.3,5440.088
2024-01-18 04:00:00+00:00,42594.3,42931.3,42589.9,42920.2,7449.99
2024-01-18 08:00:00+00:00,42920.2,42931.3,42388.6,42555.1,12383.544
2024-01-18 12:00:00+00:00,42555.1,42829.0,42347.5,42629.3,18000.851
2024-01-18 16:00:00+00:00,42629.3,42629.3,40812.0,41028.8,72087.997
2024-01-18 20:00:00+00:00,41028.8,41380.4,40669.0,41330.5,38437.577
2024-01-19 00:00:00+00:00,41330.5,41376.2,40743.7,41055.7,16345.087
2024-01-19 04:00:00+00:00,41055.7,41570.0,41035.3,41289.3,14239.8
2024-01-19 08:00:00+00:00,41289.3,41521.1,41140.3,41474.0,12867.151
2024-01-19 12:00:00+00:00,41474.0,41500.0,40714.9,40900.6,32910.133
2024-01-19 16:00:00+00:00,40900.6,42000.0,40269.0,41830.1,70067.801
2024-01-19 20:00:00+00:00,41830.1,42199.0,41525.4,41663.0,17731.233
2024-01-20 00:00:00+00:00,41663.0,41705.0,41412.6,41639.9,8938.372
2024-01-20 04:00:00+00:00,41639.9,41789.1,41561.8,41647.4,5480.078
2024-01-20 08:00:00+00:00,41647.4,41670.4,41450.4,41580.0,8362.25
2024-01-20 12:00:00+00:00,41580.0,41695.7,41480.0,41567.1,6307.771
2024-01-20 16:00:00+00:00,41567.1,41688.1,41518.9,41632.8,3840.296
2024-01-20 20:00:00+00:00,41632.8,41874.9,41610.6,41691.9,6326.155
2024-01-21 00:00:00+00:00,41691.9,41738.9,41630.0,41680.1,2629.387
2024-01-21 04:00:00+00:00,41680.1,41701.6,41557.6,41638.5,2971.116
2024-01-21 08:00:00+00:00,41638.5,41830.0,41638.4,41720.3,6202.846
2024-01-21 12:00:00+00:00,41720.3,41867.8,41590.1,41647.1,7482.417
2024-01-21 16:00:00+00:00,41647.1,41757.9,41511.0,41724.1,5562.632
2024-01-21 20:00:00+00:00,41724.1,41816.1,41493.0,41585.6,6852.556
2024-01-22 00:00:00+00:00,41585.6,41695.0,41055.9,41206.8,19746.542
2024-01-22 04:00:00+00:00,41206.8,41321.2,40669.3,41047.7,28558.338
2024-01-22 08:00:00+00:00,41047.7,41060.3,40350.0,40819.9,35598.466
2024-01-22 12:00:00+00:00,40819.9,41250.0,40318.0,40774.0,40703.546
2024-01-22 16:00:00+00:00,40774.0,40896.7,39394.7,39811.1,66035.913
2024-01-22 20:00:00+00:00,39811.1,40345.5,39360.0,39559.3,42386.111
2024-01-23 00:00:00+00:00,39559.3,40110.9,39497.9,39997.3,13989.074
2024-01-23 04:00:00+00:00,39997.3,40180.0,39653.9,39776.9,11490.183
2024-01-23 08:00:00+00:00,39776.9,39864.1,38641.3,38840.9,59547.264
2024-01-23 12:00:00+00:00,38840.9,39480.0,38531.5,39194.1,47747.947
2024-01-23 16:00:00+00:00,39194.1,39661.8,38920.0,39133.0,34217.639
2024-01-23 20:00:00+00:00,39133.0,39911.0,39015.0,39900.1,22995.191
2024-01-24 00:00:00+00:00,39900.1,40246.9,39572.5,39614.0,21108.64
2024-01-24 04:00:00+00:00,39614.0,40181.7,39561.0,39986.8,13397.68
2024-01-24 08:00:00+00:00,39986.8,40565.3,39858.5,40207.2,22848.812
2024-01-24 12:00:00+00:00,40207.2,40298.4,39752.0,40046.0,28543.905
2024-01-24 16:00:00+00:00,40046.0,40212.7,39579.0,39795.7,19312.193
2024-01-24 20:00:00+00:00,39795.7,40185.9,39488.0,40078.1,17889.291
2024-01-25 00:00:00+00:00,40078.1,40183.1,39911.0,40008.0,9074.971
2024-01-25 04:00:00+00:00,40008.0,40129.5,39775.9,40125.0,8901.429
2024-01-25 08:00:00+00:00,40125.0,40324.3,39961.0,40173.0,13629.4
2024-01-25 12:00:00+00:00,40173.0,40282.8,39587.4,39791.0,29320.318
2024-01-25 16:00:00+00:00,39791.0,40045.0,39537.0,39982.8,24052.543
2024-01-25 20:00:00+00:00,39982.8,39987.6,39629.2,39954.0,9715.557
2024-01-26 00:00:00+00:00,39954.0,40221.3,39810.0,40054.0,9705.94
2024-01-26 04:00:00+00:00,40054.0,40217.8,39882.2,39949.5,9151.692
2024-01-26 08:00:00+00:00,39949.5,41348.3,39942.2,41263.3,47594.96
2024-01-26 12:00:00+00:00,41263.3,41568.9,40880.6,41391.2,39712.574
2024-01-26 16:00:00+00:00,41391.2,42193.0,41377.5,42045.4,41229.107
2024-01-26 20:00:00+00:00,42045.4,42238.1,41790.0,41805.5,14352.489
2024-01-27 00:00:00+00:00,41805.5,41921.3,41693.0,41809.0,6047.788
2024-01-27 04:00:00+00:00,41809.0,41877.0,41581.0,41701.1,6020.59
2024-01-27 08:00:00+00:00,41701.1,41784.5,41365.0,41741.4,14303.722
2024-01-27 12:00:00+00:00,41741.4,41878.4,41692.3,41797.2,5261.7
2024-01-27 16:00:00+00:00,41797.2,41975.0,41720.7,41883.5,5131.679
2024-01-27 20:00:00+00:00,41883.5,42193.3,41883.5,42095.8,8934.79
2024-01-28 00:00:00+00:00,42095.8,42222.0,41905.1,42204.1,9873.717
2024-01-28 04:00:00+00:00,42204.1,42839.9,42202.4,42366.3,30329.184
2024-01-28 08:00:00+00:00,42366.3,42682.9,42300.6,42454.6,13476.977
2024-01-28 12:00:00+00:00,42454.6,42541.2,42130.2,42242.1,14053.578
2024-01-28 16:00:00+00:00,42242.1,42343.2,41704.3,41770.0,15583.488
2024-01-28 20:00:00+00:00,41770.0,42059.4,41587.4,42016.1,12553.952
2024-01-29 00:00:00+00:00,42016.1,42484.9,41859.2,42303.1,13275.084
2024-01-29 04:00:00+00:00,42303.1,42324.2,41974.4,42039.7,8152.213
2024-01-29 08:00:00+00:00,42039.7,42368.9,41939.6,42232.4,11925.142
2024-01-29 12:00:00+00:00,42232.4,42642.7,41767.9,42637.6,27319.367
2024-01-29 16:00:00+00:00,42637.6,43300.0,42501.5,42981.9,42174.256
2024-01-29 20:00:00+00:00,42981.9,43436.9,42958.8,43286.2,11602.504
2024-01-30 00:00:00+00:00,43286.2,43790.0,43121.5,43503.9,22541.978
2024-01-30 04:00:00+00:00,43503.9,43554.0,43230.9,43354.1,9082.996
2024-01-30 08:00:00+00:00,43354.1,43550.0,43172.1,43519.7,12955.05
2024-01-30 12:00:00+00:00,43519.7,43890.8,43083.7,43353.0,41454.674
2024-01-30 16:00:00+00:00,43353.0,43591.2,43191.6,43522.3,14908.07
2024-01-30 20:00:00+00:00,43522.3,43742.2,42647.5,42919.0,23073.948
2024-01-31 00:00:00+00:00,42919.0,43087.0,42631.0,42912.4,15813.071
2024-01-31 04:00:00+00:00,42912.4,43069.9,42845.1,43031.0,7018.99
2024-01-31 08:00:00+00:00,43031.0,43069.8,42333.3,42625.4,22714.381
2024-01-31 12:00:00+00:00,42625.4,43458.5,42488.9,43330.0,36908.462
2024-01-31 16:00:00+00:00,43330.0,43735.9,43001.7,43308.0,34552.882
2024-01-31 20:00:00+00:00,43308.0,43339.8,42255.0,42552.7,33724.714
2024-02-01 00:00:00+00:00,42552.7,42668.0,41843.5,42003.0,25398.02
2024-02-01 04:00:00+00:00,42003.0,42293.7,41883.8,42181.6,11857.565
2024-02-01 08:00:00+00:00,42181.6,42329.9,42000.0,42064.2,11476.633
2024-02-01 12:00:00+00:00,42064.2,42928.0,41931.0,42477.9,36529.482
2024-02-01 16:00:00+00:00,42477.9,43307.3,42333.0,43201.1,34972.502
2024-02-01 20:00:00+00:00,43201.1,43272.0,42855.0,43064.6,12033.116
2024-02-02 00:00:00+00:00,43064.6,43430.5,43002.3,43017.3,10900.82
2024-02-02 04:00:00+00:00,43017.3,43243.7,42922.7,43078.3,9316.139
2024-02-02 08:00:00+00:00,43078.3,43196.0,42922.2,43132.0,9690.56
2024-02-02 12:00:00+00:00,43132.0,43247.0,42520.3,43222.7,31055.031
2024-02-02 16:00:00+00:00,43222.7,43476.7,42742.0,43041.0,21904.349
2024-02-02 20:00:00+00:00,43041.0,43210.0,42870.5,43178.1,5849.325
2024-02-03 00:00:00+00:00,43178.1,43377.8,43120.3,43151.0,5797.805
2024-02-03 04:00:00+00:00,43151.0,43200.0,43017.5,43037.4,3051.391
2024-02-03 08:00:00+00:00,43037.4,43109.9,42955.1,42985.9,4119.459
2024-02-03 12:00:00+00:00,42985.9,43167.6,42859.1,43092.4,7530.639
2024-02-03 16:00:00+00:00,43092.4,43249.8,42988.0,43040.6,7387.981
2024-02-03 20:00:00+00:00,43040.6,43082.2,42931.0,42991.8,2901.69
2024-02-04 00:00:00+00:00,42991.8,43049.0,42875.6,43006.9,3127.846
2024-02-04 04:00:00+00:00,43006.9,43010.0,42711.0,42823.0,5945.756
2024-02-04 08:00:00+00:00,42823.0,43114.7,42716.5,43039.3,6779.817
2024-02-04 12:00:00+00:00,43039.3,43096.1,42812.0,42919.0,6071.475
2024-02-04 16:00:00+00:00,42919.0,42962.9,42550.5,42617.8,8308.699
2024-02-04 20:00:00+00:00,42617.8,42978.1,42154.0,42559.6,15921.15
2024-02-05 00:00:00+00:00,42559.6,42718.8,42229.6,42700.1,11560.939
2024-02-05 04:00:00+00:00,42700.1,43150.0,42620.3,43047.2,12889.007
2024-02-05 08:00:00+00:00,43047.2,43266.6,42934.0,43184.1,13468.736
2024-02-05 12:00:00+00:00,43184.1,43567.9,42563.2,42617.6,36404.775
2024-02-05 16:00:00+00:00,42617.6,42859.1,42439.4,42754.2,17913.292
2024-02-05 20:00:00+00:00,42754.2,42788.7,42286.3,42692.6,16572.817
2024-02-06 00:00:00+00:00,42692.6,42950.0,42554.0,42836.1,9509.504
2024-02-06 04:00:00+00:00,42836.1,42913.9,42615.1,42872.2,7690.225
2024-02-06 08:00:00+00:00,42872.2,43099.1,42645.6,42807.5,17871.113
2024-02-06 12:00:00+00:00,42807.5,43250.0,42631.0,43224.9,20336.479
2024-02-06 16:00:00+00:00,43224.9,43370.4,42968.3,43260.0,14660.363
2024-02-06 20:00:00+00:00,43260.0,43305.1,43010.8,43083.9,6291.332
2024-02-07 00:00:00+00:00,43083.9,43179.9,42774.2,42790.6,8056.703
2024-02-07 04:00:00+00:00,42790.6,43037.9,42779.3,42898.5,7111.702
2024-02-07 08:00:00+00:00,42898.5,43191.8,42807.3,42919.7,11842.415
2024-02-07 12:00:00+00:00,42919.7,43312.8,42869.9,43047.2,17885.645
2024-02-07 16:00:00+00:00,43047.2,43717.5,42988.9,43595.2,27193.821
2024-02-07 20:00:00+00:00,43595.2,44379.1,43595.2,44318.0,32898.428
2024-02-08 00:00:00+00:00,44318.0,44793.2,44300.1,44513.7,26006.47
2024-02-08 04:00:00+00:00,44513.7,44608.9,44401.0,44496.8,6973.529
2024-02-08 08:00:00+00:00,44496.8,44889.0,44493.6,44678.0,17801.084
2024-02-08 12:00:00+00:00,44678.0,45458.3,44564.8,45409.4,43400.929
2024-02-08 16:00:00+00:00,45409.4,45479.0,44861.7,45249.1,23880.422
2024-02-08 20:00:00+00:00,45249.1,45628.2,45180.1,45260.5,15779.024
2024-02-09 00:00:00+00:00,45260.5,46382.0,45210.0,46046.1,31649.913
2024-02-09 04:00:00+00:00,46046.1,46438.0,45824.4,46195.5,18385.853
2024-02-09 08:00:00+00:00,46195.5,47299.8,46195.4,47163.8,35663.961
2024-02-09 12:00:00+00:00,47163.8,47749.0,46603.2,47133.7,69061.388
2024-02-09 16:00:00+00:00,47133.7,48230.0,47107.4,47486.4,46754.162
2024-02-09 20:00:00+00:00,47486.4,47672.6,47000.9,47122.4,14025.471
2024-02-10 00:00:00+00:00,47122.4,47489.6,47027.5,47370.0,9259.073
2024-02-10 04:00:00+00:00,47370.0,47427.2,47133.3,47142.5,5402.361
2024-02-10 08:00:00+00:00,47142.5,47271.0,46840.0,47176.4,13904.824
2024-02-10 12:00:00+00:00,47176.4,47388.3,47101.5,47339.5,9147.903
2024-02-10 16:00:00+00:00,47339.5,47672.8,47142.3,47519.9,10894.764
2024-02-10 20:00:00+00:00,47519.9,48197.9,47440.4,47728.1,22213.546
2024-02-11 00:00:00+00:00,47728.1,48586.9,47555.7,48525.1,19253.944
2024-02-11 04:00:00+00:00,48525.1,48603.5,48066.0,48191.9,14364.676
2024-02-11 08:00:00+00:00,48191.9,48466.6,47906.4,48422.7,12055.016
2024-02-11 12:00:00+00:00,48422.7,48485.0,47937.6,48148.2,15676.184
2024-02-11 16:00:00+00:00,48148.2,48431.7,47933.0,48293.4,13561.054
2024-02-11 20:00:00+00:00,48293.4,48396.2,47965.0,48328.5,11617.423
2024-02-12 00:00:00+00:00,48328.5,48893.7,48002.5,48152.8,23781.761
2024-02-12 04:00:00+00:00,48152.8,48395.5,47712.8,48219.3,16750.007
2024-02-12 08:00:00+00:00,48219.3,48346.3,47725.2,47919.3,17915.439
2024-02-12 12:00:00+00:00,47919.3,49999.0,47851.2,49960.4,60569.483
2024-02-12 16:00:00+00:00,49960.4,50439.2,49408.3,49556.9,54061.303
2024-02-12 20:00:00+00:00,49556.9,50299.0,49556.9,49960.9,19763.211
2024-02-13 00:00:00+00:00,49960.9,50430.5,49762.0,49819.0,16128.454
2024-02-13 04:00:00+00:00,49819.0,50168.6,49816.1,50031.2,8960.727
2024-02-13 08:00:00+00:00,50031.2,50296.0,49660.0,49998.7,19768.625
2024-02-13 12:00:00+00:00,49998.7,50004.7,48362.5,48749.0,73071.695
2024-02-13 16:00:00+00:00,48749.0,49286.6,48300.1,49050.0,29835.986
2024-02-13 20:00:00+00:00,49050.0,49798.0,49007.9,49710.4,21174.613
2024-02-14 00:00:00+00:00,49710.4,49733.0,49329.0,49539.2,8414.828
2024-02-14 04:00:00+00:00,49539.2,49912.0,49220.5,49859.9,13326.331
2024-02-14 08:00:00+00:00,49859.9,51831.0,49743.8,51600.0,67214.777
2024-02-14 12:00:00+00:00,51600.0,52098.4,51320.0,51621.9,48273.569
2024-02-14 16:00:00+00:00,51621.9,51784.9,51196.3,51702.0,22752.537
2024-02-14 20:00:00+00:00,51702.0,51919.9,51478.8,51821.8,12411.491
2024-02-15 00:00:00+00:00,51821.8,52575.5,51733.5,52394.9,30853.345
2024-02-15 04:00:00+00:00,52394.9,52415.1,51659.1,51817.3,15791.074
2024-02-15 08:00:00+00:00,51817.3,52571.0,51680.1,52362.4,19261.591
2024-02-15 12:00:00+00:00,52362.4,52879.5,51700.9,51962.1,49737.233
2024-02-15 16:00:00+00:00,51962.1,52447.8,51733.1,52022.1,29587.269
2024-02-15 20:00:00+00:00,52022.1,52030.4,51322.5,51904.2,22181.911
2024-02-16 00:00:00+00:00,51904.2,52367.5,51827.2,52306.7,12571.65
2024-02-16 04:00:00+00:00,52306.7,52384.8,51765.5,51791.0,11546.744
2024-02-16 08:00:00+00:00,51791.0,52476.8,51586.2,52241.7,23923.158
2024-02-16 12:00:00+00:00,52241.7,52625.0,51600.6,51914.4,35808.159
2024-02-16 16:00:00+00:00,51914.4,52286.0,51672.0,51783.1,17874.838
2024-02-16 20:00:00+00:00,51783.1,52272.0,51708.3,52151.8,8835.249
2024-02-17 00:00:00+00:00,52151.8,52200.0,51861.7,52004.0,5162.697
2024-02-17 04:00:00+00:00,52004.0,52092.4,51815.3,51935.9,4094.958
2024-02-17 08:00:00+00:00,51935.9,51936.0,51514.6,51726.3,12658.013
2024-02-17 12:00:00+00:00,51726.3,51780.2,50652.3,51015.6,43026.621
2024-02-17 16:00:00+00:00,51015.6,51476.0,50766.6,51424.9,16744.435
2024-02-17 20:00:00+00:00,51424.9,52113.0,51325.0,51693.1,18452.107
2024-02-18 00:00:00+00:00,51693.1,51856.6,51176.0,51515.5,14088.64
2024-02-18 04:00:00+00:00,51515.5,51777.0,51425.4,51699.9,9072.612
2024-02-18 08:00:00+00:00,51699.9,52111.6,51665.9,51869.1,11473.903
2024-02-18 12:00:00+00:00,51869.1,51999.0,51564.4,51821.0,12414.005
2024-02-18 16:00:00+00:00,51821.0,52027.6,51683.0,51792.9,9348.905
2024-02-18 20:00:00+00:00,51792.9,52456.7,51616.9,52174.9,19263.508
2024-02-19 00:00:00+00:00,52174.9,52499.2,51930.1,52103.1,11182.352
2024-02-19 04:00:00+00:00,52103.1,52559.2,52012.3,52438.1,13144.829
2024-02-19 08:00:00+00:00,52438.1,52496.1,52102.6,52386.1,11824.55
2024-02-19 12:00:00+00:00,52386.1,52517.5,52033.8,52157.9,15057.489
2024-02-19 16:00:00+00:00,52157.9,52275.9,51701.0,51850.1,19119.614
2024-02-19 20:00:00+00:00,51850.1,52150.7,51725.0,51814.9,10556.935
2024-02-20 00:00:00+00:00,51814.9,51865.3,51324.9,51610.1,15932.771
2024-02-20 04:00:00+00:00,51610.1,52105.1,51538.8,51880.9,11920.869
2024-02-20 08:00:00+00:00,51880.9,52433.0,51583.4,52323.0,23102.416
2024-02-20 12:00:00+00:00,52323.0,53120.0,51350.0,51706.3,66838.653
2024-02-20 16:00:00+00:00,51706.3,52188.1,50725.2,52136.6,38755.852
2024-02-20 20:00:00+00:00,52136.6,52555.0,51905.9,52287.1,16230.731
2024-02-21 00:00:00+00:00,52287.1,52404.5,51990.3,52016.2,8311.003
2024-02-21 04:00:00+00:00,52016.2,52128.5,51454.9,51572.2,15762.604
2024-02-21 08:00:00+00:00,51572.2,51817.6,50806.0,50965.7,32088.229
2024-02-21 12:00:00+00:00,50965.7,51459.3,50430.0,51166.0,44037.582
2024-02-21 16:00:00+00:00,51166.0,51437.4,50574.4,51076.9,24415.517
2024-02-21 20:00:00+00:00,51076.9,52022.4,50868.5,51875.2,26447.038
2024-02-22 00:00:00+00:00,51875.2,51906.3,51161.3,51592.5,14127.648
2024-02-22 04:00:00+00:00,51592.5,51950.0,51358.6,51860.0,11615.858
2024-02-22 08:00:00+00:00,51860.0,52074.9,51539.0,51646.7,14565.829
2024-02-22 12:00:00+00:00,51646.7,51758.8,50939.9,51610.1,32135.928
2024-02-22 16:00:00+00:00,51610.1,51773.6,51392.8,51535.1,12728.286
2024-02-22 20:00:00+00:00,51535.1,52119.7,51142.4,51304.7,24839.532
2024-02-23 00:00:00+00:00,51304.7,51571.7,50969.1,51124.1,15131.964
2024-02-23 04:00:00+00:00,51124.1,51366.5,50890.8,50954.7,12029.68
2024-02-23 08:00:00+00:00,50954.7,51300.0,50846.2,51262.5,15172.185
2024-02-23 12:00:00+00:00,51262.5,51375.3,50771.5,50934.4,28339.929
2024-02-23 16:00:00+00:00,50934.4,51227.7,50610.1,51125.9,16960.638
2024-02-23 20:00:00+00:00,51125.9,51179.1,50538.5,50774.1,10760.897
2024-02-24 00:00:00+00:00,50774.1,50936.6,50600.0,50869.9,7641.602
2024-02-24 04:00:00+00:00,50869.9,51135.9,50839.9,51103.8,6975.898
2024-02-24 08:00:00+00:00,51103.8,51208.0,50975.0,51170.1,5213.034
2024-02-24 12:00:00+00:00,51170.1,51222.4,51070.0,51140.7,3686.861
2024-02-24 16:00:00+00:00,51140.7,51742.7,51132.2,51584.6,15183.77
2024-02-24 20:00:00+00:00,51584.6,51700.0,51468.3,51588.9,5653.713
2024-02-25 00:00:00+00:00,51588.9,51936.0,51465.7,51657.3,9922.909
2024-02-25 04:00:00+00:00,51657.3,51841.5,51533.8,51749.9,5080.384
2024-02-25 08:00:00+00:00,51749.9,51806.3,51562.0,51672.0,4226.83
2024-02-25 12:00:00+00:00,51672.0,51809.7,51441.0,51538.5,8391.102
2024-02-25 16:00:00+00:00,51538.5,51766.0,51300.0,51690.9,10905.124
2024-02-25 20:00:00+00:00,51690.9,52000.0,51661.8,51747.5,11492.328
2024-02-26 00:00:00+00:00,51747.5,51825.2,51407.5,51572.4,7407.749
2024-02-26 04:00:00+00:00,51572.4,51621.9,51305.0,51314.0,6291.823
2024-02-26 08:00:00+00:00,51314.0,51407.8,50922.0,51116.0,18227.832
2024-02-26 12:00:00+00:00,51116.0,52924.4,50980.5,52899.2,46442.402
2024-02-26 16:00:00+00:00,52899.2,54599.8,52809.7,54537.7,66742.091
2024-02-26 20:00:00+00:00,54537.7,54992.2,54311.0,54515.0,27751.669
2024-02-27 00:00:00+00:00,54515.0,57600.0,54488.8,55772.0,61318.456
2024-02-27 04:00:00+00:00,55772.0,56498.6,55680.0,56100.0,23827.774
2024-02-27 08:00:00+00:00,56100.0,56898.9,56075.6,56590.1,21282.461
2024-02-27 12:00:00+00:00,56590.1,57497.8,56504.9,56780.0,57123.366
2024-02-27 16:00:00+00:00,56780.0,57699.0,56232.3,57400.0,36292.635
2024-02-27 20:00:00+00:00,57400.0,57429.0,56620.6,57077.9,21716.445
2024-02-28 00:00:00+00:00,57077.9,57148.0,56735.4,56966.9,7594.106
2024-02-28 04:00:00+00:00,56966.9,58485.4,56933.3,58330.0,25801.451
2024-02-28 08:00:00+00:00,58330.0,59614.5,58201.8,59017.7,74272.17
2024-02-28 12:00:00+00:00,59017.7,61453.0,58950.1,61006.6,97663.305
2024-02-28 16:00:00+00:00,61006.6,64496.7,58558.5,61027.9,199663.446
2024-02-28 20:00:00+00:00,61027.9,62713.0,59811.7,62484.1,47011.325
2024-02-29 00:00:00+00:00,62484.1,62500.0,61078.7,61636.5,27438.011
2024-02-29 04:00:00+00:00,61636.5,63796.6,61407.0,62783.0,42622.949
2024-02-29 08:00:00+00:00,62783.0,63475.5,62170.0,63035.1,32432.294
2024-02-29 12:00:00+00:00,63035.1,63649.1,62056.1,62811.1,42032.29
2024-02-29 16:00:00+00:00,62811.1,62964.0,60460.9,61687.1,62847.66
2024-02-29 20:00:00+00:00,61687.1,62380.0,60600.0,61184.1,39894.344
2024-03-01 00:00:00+00:00,61184.1,61816.2,60827.0,61162.2,17232.714
2024-03-01 04:00:00+00:00,61162.2,61848.0,61112.6,61494.0,13299.993
2024-03-01 08:00:00+00:00,61494.0,62324.0,61366.0,61923.7,19475.862
2024-03-01 12:00:00+00:00,61923.7,62763.3,61156.6,61331.4,33732.648
2024-03-01 16:00:00+00:00,61331.4,62542.0,61300.0,62265.0,21817.862
2024-03-01 20:00:00+00:00,62265.0,63181.9,62264.9,62417.6,22467.031
2024-03-02 00:00:00+00:00,62417.6,62499.0,61972.3,62367.9,12600.212
2024-03-02 04:00:00+00:00,62367.9,62367.9,61788.5,62079.9,11214.264
2024-03-02 08:00:00+00:00,62079.9,62210.8,61700.4,61905.2,10908.642
2024-03-02 12:00:00+00:00,61905.2,62250.0,61591.3,61838.1,11470.404
2024-03-02 16:00:00+00:00,61838.1,62193.8,61705.2,62193.8,6337.055
2024-03-02 20:00:00+00:00,62193.8,62277.0,61749.3,62055.9,6806.383
2024-03-03 00:00:00+00:00,62055.9,62073.0,61694.0,61996.6,5512.918
2024-03-03 04:00:00+00:00,61996.6,62171.0,61317.7,61641.2,12847.919
2024-03-03 08:00:00+00:00,61641.2,61968.0,61451.2,61904.7,10548.502
2024-03-03 12:00:00+00:00,61904.7,62729.5,61888.5,62220.1,22610.043
2024-03-03 16:00:00+00:00,62220.1,63087.2,62160.7,62788.7,16157.781
2024-03-03 20:00:00+00:00,62788.7,63333.0,62626.0,63179.1,12790.497
2024-03-04 00:00:00+00:00,63179.1,64440.0,62235.0,63530.6,52217.156
2024-03-04 04:00:00+00:00,63530.6,64400.0,63282.1,64141.8,15140.266
2024-03-04 08:00:00+00:00,64141.8,65713.0,64107.9,65328.1,46446.602
2024-03-04 12:00:00+00:00,65328.1,66709.2,64557.1,66526.3,53162.218
2024-03-04 16:00:00+00:00,66526.3,67666.0,66118.8,67499.9,57213.951
2024-03-04 20:00:00+00:00,67499.9,68686.8,66835.0,68360.0,48495.073
2024-03-05 00:00:00+00:00,68360.0,68850.0,67580.8,68223.2,35380.766
2024-03-05 04:00:00+00:00,68223.2,68521.0,64878.0,66241.8,62861.79
2024-03-05 08:00:00+00:00,66241.8,67300.0,65561.4,66753.4,33960.05
2024-03-05 12:00:00+00:00,66753.4,69387.2,66400.0,66843.9,80209.482
2024-03-05 16:00:00+00:00,66843.9,67090.4,59111.0,61482.4,139595.064
2024-03-05 20:00:00+00:00,61482.4,64400.0,61250.0,63750.1,68720.27
2024-03-06 00:00:00+00:00,63750.1,64186.0,62824.1,63323.7,23045.858
2024-03-06 04:00:00+00:00,63323.7,66873.1,63309.4,66774.4,49201.084
2024-03-06 08:00:00+00:00,66774.4,67764.5,66096.4,67385.2,46216.005
2024-03-06 12:00:00+00:00,67385.2,67700.0,64349.3,66538.2,77042.484
2024-03-06 16:00:00+00:00,66538.2,67579.6,66281.6,66818.2,24165.971
2024-03-06 20:00:00+00:00,66818.2,67437.7,65719.5,66118.5,16596.913
2024-03-07 00:00:00+00:00,66118.5,66550.0,65555.0,65911.8,16329.817
2024-03-07 04:00:00+00:00,65911.8,66534.9,65693.0,66443.3,14289.788
2024-03-07 08:00:00+00:00,66443.3,67356.9,66400.0,66981.8,21629.786
2024-03-07 12:00:00+00:00,66981.8,68008.5,66572.0,67304.2,37365.689
2024-03-07 16:00:00+00:00,67304.2,68160.3,67078.0,67559.3,20348.019
2024-03-07 20:00:00+00:00,67559.3,67983.8,66850.8,66858.7,13424.082
2024-03-08 00:00:00+00:00,66858.7,67337.4,66790.0,67206.0,8824.82
2024-03-08 04:00:00+00:00,67206.0,67729.7,66806.0,67318.5,10347.261
2024-03-08 08:00:00+00:00,67318.5,67849.0,67095.7,67826.7,12265.166
2024-03-08 12:00:00+00:00,67826.7,70320.0,67091.7,67666.0,75236.117
2024-03-08 16:00:00+00:00,67666.0,68940.9,66135.1,68940.8,54575.592
2024-03-08 20:00:00+00:00,68940.8,69476.4,67779.5,68165.0,21987.783
2024-03-09 00:00:00+00:00,68165.0,68346.3,67897.4,68290.1,6756.461
2024-03-09 04:00:00+00:00,68290.1,68606.0,68179.2,68331.3,5843.025
2024-03-09 08:00:00+00:00,68331.3,68520.0,67983.5,68360.0,6699.785
2024-03-09 12:00:00+00:00,68360.0,68580.0,68146.2,68338.9,5460.969
2024-03-09 16:00:00+00:00,68338.9,68388.2,68050.1,68249.9,3863.351
2024-03-09 20:00:00+00:00,68249.9,68495.2,68249.9,68374.4,2683.2
2024-03-10 00:00:00+00:00,68374.4,69347.0,68275.0,69195.4,20860.288
2024-03-10 04:00:00+00:00,69195.4,69776.9,69088.7,69440.8,12172.859
2024-03-10 08:00:00+00:00,69440.8,70029.1,69246.4,69650.3,19164.716
2024-03-10 12:00:00+00:00,69650.3,69934.6,68674.8,69253.1,19824.276
2024-03-10 16:00:00+00:00,69253.1,69849.8,69172.0,69469.1,11021.651
2024-03-10 20:00:00+00:00,69469.1,69529.6,68122.0,68999.6,14870.627
2024-03-11 00:00:00+00:00,68999.6,69005.4,66923.0,68643.1,27485.505
2024-03-11 04:00:00+00:00,68643.1,71512.0,68501.4,71202.1,42568.133
2024-03-11 08:00:00+00:00,71202.1,72372.4,71201.6,71557.3,37294.55
2024-03-11 12:00:00+00:00,71557.3,72769.4,71414.7,72051.0,40947.265
2024-03-11 16:00:00+00:00,72051.0,72919.6,71801.7,72038.9,22823.588
2024-03-11 20:00:00+00:00,72038.9,72850.0,71889.0,72152.4,10457.624
2024-03-12 00:00:00+00:00,72152.4,72578.6,71361.2,71679.8,15057.731
2024-03-12 04:00:00+00:00,71679.8,72433.0,71336.3,72188.5,17615.455
2024-03-12 08:00:00+00:00,72188.5,72460.0,71425.1,72108.0,17287.644
2024-03-12 12:00:00+00:00,72108.0,73391.0,70696.2,71792.4,63136.718
2024-03-12 16:00:00+00:00,71792.4,71939.4,68671.3,71403.1,73258.594
2024-03-12 20:00:00+00:00,71403.1,71629.6,70631.7,71512.0,15567.536
2024-03-13 00:00:00+00:00,71512.0,72299.3,71382.2,72142.5,11924.069
2024-03-13 04:00:00+00:00,72142.5,73350.0,72006.0,72955.1,18977.13
2024-03-13 08:00:00+00:00,72955.1,73749.9,72907.5,73146.2,20578.475
2024-03-13 12:00:00+00:00,73146.2,73272.2,71673.6,72671.2,50420.499
2024-03-13 16:00:00+00:00,72671.2,73436.0,72400.2,73400.0,15088.655
2024-03-13 20:00:00+00:00,73400.0,73490.9,72889.0,73133.0,10789.569
2024-03-14 00:00:00+00:00,73133.0,73387.7,72550.0,73348.8,9073.168
2024-03-14 04:00:00+00:00,73348.8,73949.0,72697.1,73290.0,24773.642
2024-03-14 08:00:00+00:00,73290.0,73613.3,72666.6,72954.5,14946.664
2024-03-14 12:00:00+00:00,72954.5,73129.3,70591.1,70894.1,60037.574
2024-03-14 16:00:00+00:00,70894.1,71548.0,68613.6,69528.9,71877.604
2024-03-14 20:00:00+00:00,69528.9,71796.0,69412.6,71473.1,28654.541
2024-03-15 00:00:00+00:00,71473.1,72525.0,66586.0,68254.1,72056.067
2024-03-15 04:00:00+00:00,68254.1,68892.6,66909.9,68460.3,44004.422
2024-03-15 08:00:00+00:00,68460.3,68641.3,65559.2,67782.6,65384.251
2024-03-15 12:00:00+00:00,67782.6,68790.0,67416.5,68198.7,32594.5
2024-03-15 16:00:00+00:00,68198.7,70700.0,67533.0,69009.5,48101.733
2024-03-15 20:00:00+00:00,69009.5,69777.0,67346.9,69523.8,28255.787
2024-03-16 00:00:00+00:00,69523.8,70081.3,68931.1,69240.1,18179.096
2024-03-16 04:00:00+00:00,69240.1,69511.0,68631.0,69474.8,10460.507
2024-03-16 08:00:00+00:00,69474.8,69474.8,67740.0,68292.2,17697.139
2024-03-16 12:00:00+00:00,68292.2,68571.2,67544.2,68423.6,19016.376
2024-03-16 16:00:00+00:00,68423.6,68463.9,66666.0,66896.0,39466.624
2024-03-16 20:00:00+00:00,66896.0,67578.9,64696.4,65331.2,43121.435
2024-03-17 00:00:00+00:00,65331.2,66619.1,65125.5,66556.4,21300.092
2024-03-17 04:00:00+00:00,66556.4,66584.3,64539.8,65673.0,26758.425
2024-03-17 08:00:00+00:00,65673.0,67580.0,65315.3,67005.5,25969.002
2024-03-17 12:00:00+00:00,67005.5,68188.2,66458.2,67992.8,22919.941
2024-03-17 16:00:00+00:00,67992.8,68765.5,67810.9,68564.0,16574.38
2024-03-17 20:00:00+00:00,68564.0,68970.0,68002.1,68432.2,13748.491
2024-03-18 00:00:00+00:00,68432.2,68468.8,66832.7,68036.1,23320.426
2024-03-18 04:00:00+00:00,68036.1,69040.0,67752.8,68262.8,15658.451
2024-03-18 08:00:00+00:00,68262.8,68529.4,67325.3,68294.3,17257.177
2024-03-18 12:00:00+00:00,68294.3,68686.3,66622.9,67504.8,42297.055
2024-03-18 16:00:00+00:00,67504.8,68140.0,66533.5,66931.5,27106.528
2024-03-18 20:00:00+00:00,66931.5,68033.6,66931.5,67643.9,13428.89
2024-03-19 00:00:00+00:00,67643.9,68174.9,64851.0,65898.3,51436.44
2024-03-19 04:00:00+00:00,65898.3,66012.4,63589.6,64734.1,42344.867
2024-03-19 08:00:00+00:00,64734.1,64738.0,62544.6,63127.0,57897.811
2024-03-19 12:00:00+00:00,63127.0,64213.0,62420.1,64090.0,46184.287
2024-03-19 16:00:00+00:00,64090.0,65782.8,64004.9,64424.1,35902.701
2024-03-19 20:00:00+00:00,64424.1,64537.6,61555.0,61971.5,37172.185
2024-03-20 00:00:00+00:00,61971.5,63505.9,61618.0,61858.1,36060.369
2024-03-20 04:00:00+00:00,61858.1,63248.9,60761.2,62994.1,41715.165
2024-03-20 08:00:00+00:00,62994.1,63999.0,62664.9,63416.4,26761.973
2024-03-20 12:00:00+00:00,63416.4,64428.0,63073.0,63615.6,36389.141
2024-03-20 16:00:00+00:00,63615.6,66065.5,62055.6,65808.3,59230.266
2024-03-20 20:00:00+00:00,65808.3,68133.2,65668.9,67850.5,39886.733
2024-03-21 00:00:00+00:00,67850.5,68287.7,66336.0,66641.6,22020.551
2024-03-21 04:00:00+00:00,66641.6,67339.5,66073.5,66993.1,19440.259
2024-03-21 08:00:00+00:00,66993.1,67697.0,66666.0,67058.0,18321.492
2024-03-21 12:00:00+00:00,67058.0,67745.0,66088.0,66588.7,29830.233
2024-03-21 16:00:00+00:00,66588.7,67067.3,64875.6,65255.7,31773.449
2024-03-21 20:00:00+00:00,65255.7,66010.5,64528.0,65536.0,20357.464
2024-03-22 00:00:00+00:00,65536.0,66198.4,65150.0,66011.0,18997.344
2024-03-22 04:00:00+00:00,66011.0,66666.6,65784.1,66204.8,11342.106
2024-03-22 08:00:00+00:00,66204.8,66397.2,64026.2,64229.5,33110.437
2024-03-22 12:00:00+00:00,64229.5,64689.7,62556.8,63901.8,66809.987
2024-03-22 16:00:00+00:00,63901.8,64150.0,62613.0,63875.8,34450.442
2024-03-22 20:00:00+00:00,63875.8,63984.8,62098.0,63815.8,27146.732
2024-03-23 00:00:00+00:00,63815.8,64400.0,63001.1,63587.8,19657.39
2024-03-23 04:00:00+00:00,63587.8,64888.0,63535.5,64585.3,14610.601
2024-03-23 08:00:00+00:00,64585.3,64856.0,64196.6,64674.7,11799.387
2024-03-23 12:00:00+00:00,64674.7,65478.9,64272.2,65128.4,20499.845
2024-03-23 16:00:00+00:00,65128.4,66064.7,64782.0,64890.0,22734.763
2024-03-23 20:00:00+00:00,64890.0,65213.0,63875.6,63996.3,12535.292
2024-03-24 00:00:00+00:00,63996.3,64742.0,63944.9,63984.0,9854.425
2024-03-24 04:00:00+00:00,63984.0,64610.3,63780.6,64604.3,9048.062
2024-03-24 08:00:00+00:00,64604.3,65397.9,64491.2,65350.0,13733.349
2024-03-24 12:00:00+00:00,65350.0,65956.8,65201.1,65685.9,17565.85
2024-03-24 16:00:00+00:00,65685.9,66146.4,64601.0,65868.1,24668.251
2024-03-24 20:00:00+00:00,65868.1,67698.8,65756.7,67248.1,24812.219
2024-03-25 00:00:00+00:00,67248.1,67393.8,66374.5,67382.1,16160.088
2024-03-25 04:00:00+00:00,67382.1,67777.2,66729.5,66839.9,15021.903
2024-03-25 08:00:00+00:00,66839.9,67403.4,66768.0,66841.3,13155.14
2024-03-25 12:00:00+00:00,66841.3,70122.1,66794.3,69847.2,63300.577
2024-03-25 16:00:00+00:00,69847.2,71074.2,69481.4,71025.6,32832.982
2024-03-25 20:00:00+00:00,71025.6,71278.3,69600.0,69903.4,25986.161
2024-03-26 00:00:00+00:00,69903.4,70666.0,69750.2,70480.0,13321.176
2024-03-26 04:00:00+00:00,70480.0,71650.0,70319.3,70545.6,20734.971
2024-03-26 08:00:00+00:00,70545.6,71367.5,70304.8,70738.4,18339.347
2024-03-26 12:00:00+00:00,70738.4,71213.0,69333.0,70320.0,46636.53
2024-03-26 16:00:00+00:00,70320.0,70605.5,69465.5,69520.0,22498.633
2024-03-26 20:00:00+00:00,69520.0,70390.0,69431.2,70046.0,14335.33
2024-03-27 00:00:00+00:00,70046.0,70829.5,69889.0,70444.3,17640.086
2024-03-27 04:00:00+00:00,70444.3,70647.8,69678.0,69772.8,13000.351
2024-03-27 08:00:00+00:00,69772.8,70458.7,69468.0,70307.8,17815.633
2024-03-27 12:00:00+00:00,70307.8,71898.0,68400.0,68908.0,96134.282
2024-03-27 16:00:00+00:00,68908.0,69482.5,68402.7,68701.4,28116.671
2024-03-27 20:00:00+00:00,68701.4,69721.2,68670.2,69548.6,12829.821
2024-03-28 00:00:00+00:00,69548.6,70104.1,68955.0,69356.3,13677.836
2024-03-28 04:00:00+00:00,69356.3,70549.9,69337.2,70467.0,17470.794
2024-03-28 08:00:00+00:00,70467.0,71084.0,70352.5,70733.0,17548.532
2024-03-28 12:00:00+00:00,70733.0,71615.8,70415.5,71349.9,32472.11
2024-03-28 16:00:00+00:00,71349.9,71393.8,70452.6,70859.7,14135.248
2024-03-28 20:00:00+00:00,70859.7,71165.0,70594.0,70858.8,6193.486
2024-03-29 00:00:00+00:00,70858.8,70990.0,70324.8,70489.2,8631.981
2024-03-29 04:00:00+00:00,70489.2,70603.3,69816.6,69863.7,15180.461
2024-03-29 08:00:00+00:00,69863.7,70387.9,69633.0,70193.6,14576.638
2024-03-29 12:00:00+00:00,70193.6,70740.0,69000.5,69236.4,28092.025
2024-03-29 16:00:00+00:00,69236.4,69746.3,69111.3,69733.3,12132.876
2024-03-29 20:00:00+00:00,69733.3,69984.6,69313.7,69899.2,5988.01
2024-03-30 00:00:00+00:00,69899.2,70249.7,69757.7,69848.0,6172.892
2024-03-30 04:00:00+00:00,69848.0,70400.0,69825.0,69901.5,5730.373
2024-03-30 08:00:00+00:00,69901.5,70254.5,69878.2,70250.0,3986.213
2024-03-30 12:00:00+00:00,70250.0,70331.1,69967.2,70052.9,3794.72
2024-03-30 16:00:00+00:00,70052.9,70350.0,69712.0,69950.2,6424.85
2024-03-30 20:00:00+00:00,69950.2,69956.8,69582.0,69638.7,4292.7
2024-03-31 00:00:00+00:00,69638.7,70236.7,69609.4,69985.9,5452.886
2024-03-31 04:00:00+00:00,69985.9,70544.5,69936.3,70361.7,6513.881
2024-03-31 08:00:00+00:00,70361.7,70588.0,70215.0,70453.7,5139.796
2024-03-31 12:00:00+00:00,70453.7,70812.8,70343.0,70437.7,8718.322
2024-03-31 16:00:00+00:00,70437.7,71363.3,70378.2,71122.1,12249.658
2024-03-31 20:00:00+00:00,71122.1,71514.2,70681.9,71378.0,10340.385
2024-04-01 00:00:00+00:00,71378.0,71394.6,70585.9,70660.0,9530.701
2024-04-01 04:00:00+00:00,70660.0,70734.9,68850.2,69634.2,33621.025
2024-04-01 08:00:00+00:00,69634.2,69872.4,69195.8,69515.0,10573.05
2024-04-01 12:00:00+00:00,69515.0,70161.0,68150.0,68277.7,38395.902
2024-04-01 16:00:00+00:00,68277.7,69876.0,68043.8,69684.3,21957.328
2024-04-01 20:00:00+00:00,69684.3,69985.3,69369.6,69706.8,11721.63
2024-04-02 00:00:00+00:00,69706.8,69743.9,65611.0,66731.3,47378.882
2024-04-02 04:00:00+00:00,66731.3,67157.5,66120.0,66520.0,22476.238
2024-04-02 08:00:00+00:00,66520.0,66757.7,65101.2,65686.5,45770.186
2024-04-02 12:00:00+00:00,65686.5,66308.3,64620.0,64893.3,56048.239
2024-04-02 16:00:00+00:00,64893.3,66219.2,64490.0,65925.0,28459.748
2024-04-02 20:00:00+00:00,65925.0,66132.2,65209.8,65484.0,13218.968
2024-04-03 00:00:00+00:00,65484.0,66345.0,64406.0,66255.3,27083.258
2024-04-03 04:00:00+00:00,66255.3,66530.9,65950.0,66168.2,11393.907
2024-04-03 08:00:00+00:00,66168.2,66687.8,65566.1,66095.8,18880.999
2024-04-03 12:00:00+00:00,66095.8,66950.0,65657.4,65860.1,29150.612
2024-04-03 16:00:00+00:00,65860.1,66648.7,65460.4,65792.0,20327.915
2024-04-03 20:00:00+00:00,65792.0,66318.3,65503.6,65971.5,9668.707
2024-04-04 00:00:00+00:00,65971.5,66384.0,65467.2,65645.0,11968.709
2024-04-04 04:00:00+00:00,65645.0,66298.6,65035.7,66094.7,15884.12
2024-04-04 08:00:00+00:00,66094.7,66522.0,66023.5,66363.0,11269.506
2024-04-04 12:00:00+00:00,66363.0,67909.4,66336.6,67619.8,30583.424
2024-04-04 16:00:00+00:00,67619.8,69315.8,67494.3,68481.0,40581.901
2024-04-04 20:00:00+00:00,68481.0,68576.4,67263.2,68480.4,28996.481
2024-04-05 00:00:00+00:00,68480.4,68775.9,67413.5,67875.6,16946.717
2024-04-05 04:00:00+00:00,67875.6,68036.9,66305.0,66933.0,25154.019
2024-04-05 08:00:00+00:00,66933.0,67696.2,66374.0,66490.0,26976.498
2024-04-05 12:00:00+00:00,66490.0,68591.0,65943.0,68214.1,47192.716
2024-04-05 16:00:00+00:00,68214.1,68411.6,67308.9,67389.5,19268.389
2024-04-05 20:00:00+00:00,67389.5,67955.8,67322.7,67814.0,7135.11
2024-04-06 00:00:00+00:00,67814.0,68050.0,67457.9,67791.7,6284.036
2024-04-06 04:00:00+00:00,67791.7,68220.2,67606.2,67994.3,6730.338
2024-04-06 08:00:00+00:00,67994.3,68135.0,67605.4,67664.0,5948.347
2024-04-06 12:00:00+00:00,67664.0,68311.9,67522.0,68100.9,8132.023
2024-04-06 16:00:00+00:00,68100.9,68499.8,67916.2,68264.2,6990.225
2024-04-06 20:00:00+00:00,68264.2,69699.9,68165.0,68894.6,14197.7
2024-04-07 00:00:00+00:00,68894.6,69779.8,68803.4,69390.1,11022.017
2024-04-07 04:00:00+00:00,69390.1,69475.9,69020.0,69345.5,6265.139
2024-04-07 08:00:00+00:00,69345.5,69560.8,69190.0,69347.1,5206.365
2024-04-07 12:00:00+00:00,69347.1,69894.0,69192.4,69551.3,12537.536
2024-04-07 16:00:00+00:00,69551.3,70366.0,68855.0,69070.0,23873.48
2024-04-07 20:00:00+00:00,69070.0,69489.9,68897.5,69355.0,8758.269
2024-04-08 00:00:00+00:00,69355.0,69859.5,69050.0,69447.2,11909.526
2024-04-08 04:00:00+00:00,69447.2,70865.0,69257.4,70697.1,18500.213
2024-04-08 08:00:00+00:00,70697.1,72730.9,70631.7,72446.3,47787.063
2024-04-08 12:00:00+00:00,72446.3,72854.5,71305.0,71822.4,31138.851
2024-04-08 16:00:00+00:00,71822.4,72184.1,71321.0,71806.4,14807.274
2024-04-08 20:00:00+00:00,71806.4,72073.0,71540.2,71674.4,6154.186
2024-04-09 00:00:00+00:00,71674.4,71814.0,70876.0,71349.2,14529.428
2024-04-09 04:00:00+00:00,71349.2,71400.0,70185.0,70434.8,23121.161
2024-04-09 08:00:00+00:00,70434.8,70959.7,69608.0,70855.1,27186.622
2024-04-09 12:00:00+00:00,70855.1,71033.3,68503.5,69324.0,53796.891
2024-04-09 16:00:00+00:00,69324.0,69404.7,68200.3,69058.8,25439.013
2024-04-09 20:00:00+00:00,69058.8,69464.6,68892.2,69187.0,9175.568
2024-04-10 00:00:00+00:00,69187.0,69648.2,68505.5,69187.9,16314.538
2024-04-10 04:00:00+00:00,69187.9,69559.9,69038.7,69372.3,6944.287
2024-04-10 08:00:00+00:00,69372.3,69372.3,68650.6,69084.7,16888.688
2024-04-10 12:00:00+00:00,69084.7,69267.2,67506.1,68691.9,58896.801
2024-04-10 16:00:00+00:00,68691.9,70121.5,68579.6,70113.4,29355.695
2024-04-10 20:00:00+00:00,70113.4,71269.0,69576.3,70655.8,19960.686
2024-04-11 00:00:00+00:00,70655.8,71094.0,70305.9,70875.6,10308.72
2024-04-11 04:00:00+00:00,70875.6,71341.7,70402.9,70749.0,13884.786
2024-04-11 08:00:00+00:00,70749.0,71284.0,69901.0,70002.6,19162.44
2024-04-11 12:00:00+00:00,70002.6,71101.0,69580.0,70038.6,47496.045
2024-04-11 16:00:00+00:00,70038.6,70560.1,69600.6,70493.6,16891.718
2024-04-11 20:00:00+00:00,70493.6,70800.0,69742.6,70038.5,9988.729
2024-04-12 00:00:00+00:00,70038.5,71049.1,70024.5,70999.4,12156.439
2024-04-12 04:00:00+00:00,70999.4,71281.1,70606.7,70800.4,10771.725
2024-04-12 08:00:00+00:00,70800.4,70998.9,70534.6,70914.1,8131.754
2024-04-12 12:00:00+00:00,70914.1,70989.9,69250.0,69375.9,35152.069
2024-04-12 16:00:00+00:00,69375.9,69628.6,64669.0,66818.6,109938.385
2024-04-12 20:00:00+00:00,66818.6,67458.5,66641.8,67120.5,17597.457
2024-04-13 00:00:00+00:00,67120.5,67159.3,65684.7,67135.4,22708.502
2024-04-13 04:00:00+00:00,67135.4,67937.6,66992.6,67432.1,18033.687
2024-04-13 08:00:00+00:00,67432.1,67831.8,67080.0,67341.6,8834.76
2024-04-13 12:00:00+00:00,67341.6,67937.0,67150.0,67660.0,11759.143
2024-04-13 16:00:00+00:00,67660.0,67751.8,63258.7,64708.0,45370.396
2024-04-13 20:00:00+00:00,64708.0,65597.3,59765.9,63905.1,114478.306
2024-04-14 00:00:00+00:00,63905.1,64273.7,62088.7,63406.3,37649.196
2024-04-14 04:00:00+00:00,63406.3,64870.5,63360.0,64439.9,21710.898
2024-04-14 08:00:00+00:00,64439.9,64870.0,63842.8,64156.2,17983.348
2024-04-14 12:00:00+00:00,64156.2,64842.1,63407.7,64166.8,27583.818
2024-04-14 16:00:00+00:00,64166.8,64747.0,62514.2,64144.4,37570.356
2024-04-14 20:00:00+00:00,64144.4,65824.0,63268.3,65618.9,29204.965
2024-04-15 00:00:00+00:00,65618.9,65845.0,64904.2,65104.7,15611.986
2024-04-15 04:00:00+00:00,65104.7,66531.6,64624.8,66205.4,24689.905
2024-04-15 08:00:00+00:00,66205.4,66834.9,65783.8,65837.7,21444.851
2024-04-15 12:00:00+00:00,65837.7,66350.0,63755.9,64530.2,47928.485
2024-04-15 16:00:00+00:00,64530.2,64861.8,62222.0,63268.6,50647.464
2024-04-15 20:00:00+00:00,63268.6,63600.0,62600.0,63413.7,18350.787
2024-04-16 00:00:00+00:00,63413.7,63899.4,62710.2,62936.0,19383.692
2024-04-16 04:00:00+00:00,62936.0,63786.7,61631.0,63482.3,31855.393
2024-04-16 08:00:00+00:00,63482.3,63634.0,61512.5,63071.3,35696.61
2024-04-16 12:00:00+00:00,63071.3,63433.7,61701.0,61738.7,43714.346
2024-04-16 16:00:00+00:00,61738.7,63277.7,61657.5,62682.4,30373.065
2024-04-16 20:00:00+00:00,62682.4,64357.6,62514.2,63772.3,17338.38
2024-04-17 00:00:00+00:00,63772.3,64285.0,63538.4,63815.1,10856.144
2024-04-17 04:00:00+00:00,63815.1,64479.9,62850.0,63249.3,16562.07
2024-04-17 08:00:00+00:00,63249.3,63552.0,62483.2,62558.7,18806.36
2024-04-17 12:00:00+00:00,62558.7,62961.0,59821.2,60270.6,75546.328
2024-04-17 16:00:00+00:00,60270.6,61946.4,59605.0,61000.1,52377.122
2024-04-17 20:00:00+00:00,61000.1,61746.8,60745.5,61245.0,16088.352
2024-04-18 00:00:00+00:00,61245.0,62224.0,60902.5,61966.3,17361.504
2024-04-18 04:00:00+00:00,61966.3,62067.2,60757.0,61143.3,20999.641
2024-04-18 08:00:00+00:00,61143.3,63039.9,60805.1,62551.8,26140.37
2024-04-18 12:00:00+00:00,62551.8,64166.1,61538.2,63465.5,50707.288
2024-04-18 16:00:00+00:00,63465.5,63825.9,62274.7,63445.8,26968.418
2024-04-18 20:00:00+00:00,63445.8,63800.0,63103.8,63445.1,11640.299
2024-04-19 00:00:00+00:00,63445.1,63445.5,59521.7,61768.2,67793.992
2024-04-19 04:00:00+00:00,61768.2,65200.0,61751.6,64523.4,55700.649
2024-04-19 08:00:00+00:00,64523.4,65431.6,64122.0,64841.9,33570.62
2024-04-19 12:00:00+00:00,64841.9,65421.0,63789.0,64413.9,32066.412
2024-04-19 16:00:00+00:00,64413.9,64857.0,63433.5,64307.5,29588.379
2024-04-19 20:00:00+00:00,64307.5,64489.2,62888.0,63774.8,19747.827
2024-04-20 00:00:00+00:00,63774.8,64238.5,63038.5,63927.4,14852.619
2024-04-20 04:00:00+00:00,63927.4,64257.3,63785.1,63935.9,8115.958
2024-04-20 08:00:00+00:00,63935.9,63957.6,63228.0,63676.2,16384.68
2024-04-20 12:00:00+00:00,63676.2,64949.3,63525.9,64774.9,14499.023
2024-04-20 16:00:00+00:00,64774.9,65407.0,64410.0,64839.0,21098.867
2024-04-20 20:00:00+00:00,64839.0,65006.6,64520.0,64900.0,7837.492
2024-04-21 00:00:00+00:00,64900.0,65694.2,64566.0,65147.2,11021.551
2024-04-21 04:00:00+00:00,65147.2,65218.0,64810.0,65108.0,7312.259
2024-04-21 08:00:00+00:00,65108.0,65436.2,64695.9,65201.8,11560.349
2024-04-21 12:00:00+00:00,65201.8,65350.0,64742.0,65021.8,10854.847
2024-04-21 16:00:00+00:00,65021.8,65069.4,64200.0,64507.9,15468.761
2024-04-21 20:00:00+00:00,64507.9,65149.9,64300.0,64910.9,11885.144
2024-04-22 00:00:00+00:00,64910.9,66089.1,64463.1,65691.3,23527.608
2024-04-22 04:00:00+00:00,65691.3,66455.0,65489.3,65936.0,15543.283
2024-04-22 08:00:00+00:00,65936.0,66180.0,65655.8,65847.9,9779.759
2024-04-22 12:00:00+00:00,65847.9,66443.8,65562.6,65961.8,22112.205
2024-04-22 16:00:00+00:00,65961.8,66798.9,65872.3,66481.5,18567.582
2024-04-22 20:00:00+00:00,66481.5,67198.9,66261.9,66770.3,14588.719
2024-04-23 00:00:00+00:00,66770.3,67145.7,66365.7,66398.4,9184.322
2024-04-23 04:00:00+00:00,66398.4,66620.0,65935.8,66065.3,12088.88
2024-04-23 08:00:00+00:00,66065.3,66300.0,65821.3,66022.4,9817.371
2024-04-23 12:00:00+00:00,66022.4,67110.0,65750.0,66398.1,28119.441
2024-04-23 16:00:00+00:00,66398.1,66897.4,66320.9,66457.7,10175.444
2024-04-23 20:00:00+00:00,66457.7,66466.6,65929.8,66397.8,8907.404
2024-04-24 00:00:00+00:00,66397.8,66887.0,66369.7,66597.1,8376.84
2024-04-24 04:00:00+00:00,66597.1,67084.5,66521.0,66590.1,9705.324
2024-04-24 08:00:00+00:00,66590.1,66722.5,66169.2,66559.4,11069.55
2024-04-24 12:00:00+00:00,66559.4,66714.5,64481.1,64596.4,46058.098
2024-04-24 16:00:00+00:00,64596.4,65116.4,63714.9,63966.0,31695.407
2024-04-24 20:00:00+00:00,63966.0,64450.0,63562.6,64259.1,17363.197
2024-04-25 00:00:00+00:00,64259.1,64710.0,63813.6,64256.4,12425.065
2024-04-25 04:00:00+00:00,64256.4,64367.2,63800.1,63996.3,10257.316
2024-04-25 08:00:00+00:00,63996.3,64166.5,63286.1,63815.0,22088.521
2024-04-25 12:00:00+00:00,63815.0,64298.8,62745.2,64103.2,42590.391
2024-04-25 16:00:00+00:00,64103.2,64950.0,63940.4,64738.8,24704.351
2024-04-25 20:00:00+00:00,64738.8,65272.3,64412.2,64464.6,13118.779
2024-04-26 00:00:00+00:00,64464.6,64638.0,63780.0,64362.2,14724.564
2024-04-26 04:00:00+00:00,64362.2,64593.9,63914.5,64244.5,11226.63
2024-04-26 08:00:00+00:00,64244.5,64545.0,64023.1,64216.4,9337.233
2024-04-26 12:00:00+00:00,64216.4,64798.0,63301.1,63479.1,35494.573
2024-04-26 16:00:00+00:00,63479.1,64140.0,63273.0,63723.8,15318.866
2024-04-26 20:00:00+00:00,63723.8,64100.0,63650.0,63746.0,5906.546
2024-04-27 00:00:00+00:00,63746.0,63900.0,62370.0,63069.0,26344.424
2024-04-27 04:00:00+00:00,63069.0,63176.4,62746.3,62951.1,6940.837
2024-04-27 08:00:00+00:00,62951.1,63041.1,62641.0,62837.8,6315.607
2024-04-27 12:00:00+00:00,62837.8,63389.6,62783.8,62935.3,10093.384
2024-04-27 16:00:00+00:00,62935.3,63623.0,62712.0,63329.6,18640.264
2024-04-27 20:00:00+00:00,63329.6,63535.7,63118.6,63412.9,4533.458
2024-04-28 00:00:00+00:00,63412.9,64336.8,63412.8,63991.4,11770.241
2024-04-28 04:00:00+00:00,63991.4,64050.5,63781.2,63890.4,5369.444
2024-04-28 08:00:00+00:00,63890.4,63961.9,63309.8,63463.0,8617.412
2024-04-28 12:00:00+00:00,63463.0,63862.4,63387.2,63507.5,7189.401
2024-04-28 16:00:00+00:00,63507.5,63968.3,63456.2,63694.3,5431.967
2024-04-28 20:00:00+00:00,63694.3,63736.0,62674.2,63092.8,16108.329
2024-04-29 00:00:00+00:00,63092.8,63343.2,61832.2,62250.0,19718.151
2024-04-29 04:00:00+00:00,62250.0,62598.0,61856.4,62363.7,19701.617
2024-04-29 08:00:00+00:00,62363.7,62669.9,62128.0,62240.1,11575.548
2024-04-29 12:00:00+00:00,62240.1,63119.0,61729.9,63017.3,33442.631
2024-04-29 16:00:00+00:00,63017.3,63199.9,62520.0,62959.1,12102.457
2024-04-29 20:00:00+00:00,62959.1,64193.0,62793.3,63827.9,16656.399
2024-04-30 00:00:00+00:00,63827.9,64705.3,63088.0,63628.3,24217.576
2024-04-30 04:00:00+00:00,63628.3,63697.9,63039.0,63114.8,11753.093
2024-04-30 08:00:00+00:00,63114.8,63209.0,61001.7,61194.5,48317.679
2024-04-30 12:00:00+00:00,61194.5,61554.6,60500.8,60760.0,43168.913
2024-04-30 16:00:00+00:00,60760.0,60879.1,59132.0,59276.4,47144.98
2024-04-30 20:00:00+00:00,59276.4,61049.0,59254.2,60655.9,26619.879
2024-05-01 00:00:00+00:00,60655.9,60820.0,59550.0,60222.9,20089.868
2024-05-01 04:00:00+00:00,60222.9,60333.0,57016.5,57474.0,52554.052
2024-05-01 08:00:00+00:00,57474.0,57892.0,56505.0,57870.1,48817.889
2024-05-01 12:00:00+00:00,57870.1,58265.7,56636.5,56860.6,38333.046
2024-05-01 16:00:00+00:00,56860.6,59455.2,56580.7,56936.4,68439.107
2024-05-01 20:00:00+00:00,56936.4,58540.0,56723.9,58298.5,26191.963
2024-05-02 00:00:00+00:00,58298.5,58560.0,56887.3,57412.9,22641.818
2024-05-02 04:00:00+00:00,57412.9,57927.2,57163.8,57651.3,12714.521
2024-05-02 08:00:00+00:00,57651.3,58650.0,57518.5,58524.3,23700.842
2024-05-02 12:00:00+00:00,58524.3,59428.7,58194.1,59225.4,40973.214
2024-05-02 16:00:00+00:00,59225.4,59549.0,58902.0,59317.4,15185.08
2024-05-02 20:00:00+00:00,59317.4,59581.0,58572.1,59030.4,16229.423
2024-05-03 00:00:00+00:00,59030.4,59980.0,58780.0,59682.8,16145.619
2024-05-03 04:00:00+00:00,59682.8,59818.4,58979.7,59150.0,11099.681
2024-05-03 08:00:00+00:00,59150.0,59557.9,58816.1,59275.8,14538.172
2024-05-03 12:00:00+00:00,59275.8,62100.0,58972.0,61653.3,59934.592
2024-05-03 16:00:00+00:00,61653.3,62190.0,61497.6,62030.2,17764.181
2024-05-03 20:00:00+00:00,62030.2,63343.7,61940.0,62843.7,31032.687
2024-05-04 00:00:00+00:00,62843.7,63650.0,62512.8,62686.6,15172.68
2024-05-04 04:00:00+00:00,62686.6,63444.0,62650.0,62926.5,12343.068
2024-05-04 08:00:00+00:00,62926.5,64499.9,62906.6,63847.6,23695.966
2024-05-04 12:00:00+00:00,63847.6,64142.3,63420.2,63584.5,14105.79
2024-05-04 16:00:00+00:00,63584.5,63990.0,63266.0,63883.1,9806.023
2024-05-04 20:00:00+00:00,63883.1,64183.7,63491.7,63860.0,8770.523
2024-05-05 00:00:00+00:00,63860.0,64178.9,62866.1,63203.9,16913.78
2024-05-05 04:00:00+00:00,63203.9,63936.0,63067.8,63705.9,8854.709
2024-05-05 08:00:00+00:00,63705.9,63916.9,63524.1,63838.8,9192.214
2024-05-05 12:00:00+00:00,63838.8,64630.0,63592.5,64400.0,18125.523
2024-05-05 16:00:00+00:00,64400.0,64520.0,63779.5,63850.0,9370.366
2024-05-05 20:00:00+00:00,63850.0,64223.5,63536.1,63997.8,8468.912
2024-05-06 00:00:00+00:00,63997.8,64468.8,63680.0,63842.1,8705.294
2024-05-06 04:00:00+00:00,63842.1,64584.2,63751.0,64516.5,10623.136
2024-05-06 08:00:00+00:00,64516.5,65540.0,63800.0,64198.0,40842.502
2024-05-06 12:00:00+00:00,64198.0,64330.0,62888.0,63594.1,46033.271
2024-05-06 16:00:00+00:00,63594.1,63705.1,62669.0,63205.6,25348.762
2024-05-06 20:00:00+00:00,63205.6,63625.1,63031.4,63149.3,9801.771
2024-05-07 00:00:00+00:00,63149.3,64000.0,62803.5,63219.0,17922.662
2024-05-07 04:00:00+00:00,63219.0,63840.0,63068.5,63652.0,10014.951
2024-05-07 08:00:00+00:00,63652.0,64398.7,63309.3,63473.8,21574.4
2024-05-07 12:00:00+00:00,63473.8,64305.3,63020.2,63720.2,24878.478
2024-05-07 16:00:00+00:00,63720.2,63883.4,62780.0,63041.4,15426.667
2024-05-07 20:00:00+00:00,63041.4,63199.5,62230.0,62314.5,16057.138
2024-05-08 00:00:00+00:00,62314.5,62987.2,62075.5,62891.0,13914.396
2024-05-08 04:00:00+00:00,62891.0,63024.5,62037.1,62187.8,15076.93
2024-05-08 08:00:00+00:00,62187.8,62499.4,62001.1,62219.2,12569.534
2024-05-08 12:00:00+00:00,62219.2,62820.7,61742.2,62268.0,27368.947
2024-05-08 16:00:00+00:00,62268.0,62767.4,61908.4,62154.4,12254.616
2024-05-08 20:00:00+00:00,62154.4,62222.4,60850.0,61164.0,24152.885
2024-05-09 00:00:00+00:00,61164.0,61788.0,61110.7,61644.0,9830.825
2024-05-09 04:00:00+00:00,61644.0,61759.5,61100.1,61233.8,8305.016
2024-05-09 08:00:00+00:00,61233.8,61422.0,60544.5,61033.6,20907.916
2024-05-09 12:00:00+00:00,61033.6,62259.4,60855.1,62123.7,28467.523
2024-05-09 16:00:00+00:00,62123.7,62653.3,61712.9,62426.2,20959.655
2024-05-09 20:00:00+00:00,62426.2,63405.5,62306.0,63035.5,19587.231
2024-05-10 00:00:00+00:00,63035.5,63061.7,62623.4,62876.8,7066.749
2024-05-10 04:00:00+00:00,62876.8,63363.1,62628.1,63041.8,11481.077
2024-05-10 08:00:00+00:00,63041.8,63309.4,62767.7,63276.3,8275.67
2024-05-10 12:00:00+00:00,63276.3,63447.8,60615.9,60899.3,55031.222
2024-05-10 16:00:00+00:00,60899.3,61279.1,60111.0,60686.3,36049.23
2024-05-10 20:00:00+00:00,60686.3,60985.9,60440.8,60789.1,9165.171
2024-05-11 00:00:00+00:00,60789.1,61094.7,60650.0,60720.0,7032.633
2024-05-11 04:00:00+00:00,60720.0,61068.4,60700.0,60993.2,4375.576
2024-05-11 08:00:00+00:00,60993.2,61044.1,60461.0,60657.9,7172.681
2024-05-11 12:00:00+00:00,60657.9,61500.0,60605.3,61161.9,13069.453
2024-05-11 16:00:00+00:00,61161.9,61399.9,61000.5,61127.2,6038.087
2024-05-11 20:00:00+00:00,61127.2,61135.3,60720.9,60810.2,4977.157
2024-05-12 00:00:00+00:00,60810.2,61081.1,60779.5,60906.1,3187.71
2024-05-12 04:00:00+00:00,60906.1,61094.8,60566.6,60789.3,4796.101
2024-05-12 08:00:00+00:00,60789.3,61356.0,60750.0,61118.4,8127.941
2024-05-12 12:00:00+00:00,61118.4,61554.3,61052.2,61397.1,6426.607
2024-05-12 16:00:00+00:00,61397.1,61854.2,61122.7,61379.9,12127.818
2024-05-12 20:00:00+00:00,61379.9,61527.3,60805.4,61449.7,7306.207
2024-05-13 00:00:00+00:00,61449.7,61779.0,60707.8,61129.2,15802.965
2024-05-13 04:00:00+00:00,61129.2,62423.0,60769.9,62311.2,17730.998
2024-05-13 08:00:00+00:00,62311.2,63266.8,62311.2,62695.8,30836.052
2024-05-13 12:00:00+00:00,62695.8,63197.4,62400.7,62977.3,17756.168
2024-05-13 16:00:00+00:00,62977.3,63437.3,62530.0,63142.3,17759.166
2024-05-13 20:00:00+00:00,63142.3,63176.9,62675.0,62909.4,5455.74
2024-05-14 00:00:00+00:00,62909.4,63095.9,62385.6,62458.4,12410.658
2024-05-14 04:00:00+00:00,62458.4,62752.9,61368.2,62002.5,21601.874
2024-05-14 08:00:00+00:00,62002.5,62014.3,61488.8,61780.0,10602.804
2024-05-14 12:00:00+00:00,61780.0,62288.5,61000.1,61749.4,41126.426
2024-05-14 16:00:00+00:00,61749.4,61786.9,61123.6,61563.8,13371.571
2024-05-14 20:00:00+00:00,61563.8,61774.4,61439.1,61546.0,5168.424
2024-05-15 00:00:00+00:00,61546.0,61999.9,61310.0,61927.5,6908.748
2024-05-15 04:00:00+00:00,61927.5,62245.0,61790.0,62157.5,7252.461
2024-05-15 08:00:00+00:00,62157.5,62977.0,61880.0,62444.8,20290.193
2024-05-15 12:00:00+00:00,62444.8,65048.4,62381.1,64674.2,61659.662
2024-05-15 16:00:00+00:00,64674.2,66387.1,64674.2,65950.9,33368.519
2024-05-15 20:00:00+00:00,65950.9,66430.0,65690.1,66185.4,14245.591
2024-05-16 00:00:00+00:00,66185.4,66673.9,65742.3,65938.0,10860.001
2024-05-16 04:00:00+00:00,65938.0,66243.3,65618.7,66106.9,8179.437
2024-05-16 08:00:00+00:00,66106.9,66567.8,65961.0,66476.1,10113.18
2024-05-16 12:00:00+00:00,66476.1,66770.0,65330.0,65808.9,32831.304
2024-05-16 16:00:00+00:00,65808.9,65810.0,64580.4,65157.0,27923.634
2024-05-16 20:00:00+00:00,65157.0,65487.5,65014.8,65226.0,6941.687
2024-05-17 00:00:00+00:00,65226.0,65868.0,65070.1,65558.7,8997.259
2024-05-17 04:00:00+00:00,65558.7,66492.0,65331.4,66362.1,14160.935
2024-05-17 08:00:00+00:00,66362.1,66554.9,66041.1,66194.7,10220.597
2024-05-17 12:00:00+00:00,66194.7,67443.8,65771.7,67160.0,32206.139
2024-05-17 16:00:00+00:00,67160.0,67297.1,66161.0,67017.9,17970.495
2024-05-17 20:00:00+00:00,67017.9,67017.9,66640.0,66973.0,5196.36
2024-05-18 00:00:00+00:00,66973.0,67044.0,66703.0,66914.0,5496.15
2024-05-18 04:00:00+00:00,66914.0,67221.7,66705.1,66850.4,7677.751
2024-05-18 08:00:00+00:00,66850.4,67346.5,66800.9,67165.2,8627.369
2024-05-18 12:00:00+00:00,67165.2,67200.0,66469.0,66771.0,13580.872
2024-05-18 16:00:00+00:00,66771.0,66963.8,66667.7,66878.1,4173.696
2024-05-18 20:00:00+00:00,66878.1,67006.2,66735.7,66875.8,3578.303
2024-05-19 00:00:00+00:00,66875.8,67272.5,66817.1,67134.0,4914.96
2024-05-19 04:00:00+00:00,67134.0,67320.0,66900.0,67297.5,5371.287
2024-05-19 08:00:00+00:00,67297.5,67737.7,66916.2,67299.9,17672.963
2024-05-19 12:00:00+00:00,67299.9,67300.0,66631.2,66867.6,12181.861
2024-05-19 16:00:00+00:00,66867.6,66970.5,65822.0,66006.3,16408.028
2024-05-19 20:00:00+00:00,66006.3,66431.7,65945.6,66235.6,6004.19
2024-05-20 00:00:00+00:00,66235.6,66765.4,66034.0,66641.6,8178.052
2024-05-20 04:00:00+00:00,66641.6,67279.5,66250.1,66793.1,16931.778
2024-05-20 08:00:00+00:00,66793.1,67350.0,66711.4,66970.8,13388.926
2024-05-20 12:00:00+00:00,66970.8,67474.4,66708.9,67390.0,16986.031
2024-05-20 16:00:00+00:00,67390.0,70094.4,67350.0,70002.8,56278.524
2024-05-20 20:00:00+00:00,70002.8,71638.3,68861.5,71436.9,44359.089
2024-05-21 00:00:00+00:00,71436.9,72061.7,70692.5,71250.0,23607.921
2024-05-21 04:00:00+00:00,71250.0,71393.2,70800.0,70892.1,12256.732
2024-05-21 08:00:00+00:00,70892.1,71490.8,70855.1,71136.0,12903.399
2024-05-21 12:00:00+00:00,71136.0,71479.1,69690.0,69865.7,34904.154
2024-05-21 16:00:00+00:00,69865.7,70288.9,69155.0,69316.0,22434.172
2024-05-21 20:00:00+00:00,69316.0,70403.9,69263.8,70167.8,11884.423
2024-05-22 00:00:00+00:00,70167.8,70398.9,69850.1,69993.6,7446.39
2024-05-22 04:00:00+00:00,69993.6,70123.8,69232.4,69750.3,11420.664
2024-05-22 08:00:00+00:00,69750.3,70336.5,69673.9,69767.7,10005.531
2024-05-22 12:00:00+00:00,69767.7,70658.0,69466.0,70481.6,21753.456
2024-05-22 16:00:00+00:00,70481.6,70713.0,69251.7,69670.0,18109.128
2024-05-22 20:00:00+00:00,69670.0,70013.8,68812.4,69210.1,15555.889
2024-05-23 00:00:00+00:00,69210.1,69690.4,69210.1,69496.1,6389.835
2024-05-23 04:00:00+00:00,69496.1,69899.0,69382.1,69773.4,6856.824
2024-05-23 08:00:00+00:00,69773.4,70098.3,69568.9,70013.6,10725.02
2024-05-23 12:00:00+00:00,70013.6,70159.4,67631.7,68129.5,50695.992
2024-05-23 16:00:00+00:00,68129.5,68238.4,66781.3,67249.5,25615.077
2024-05-23 20:00:00+00:00,67249.5,68436.0,66311.1,68000.3,36137.807
2024-05-24 00:00:00+00:00,68000.3,68062.2,67655.8,67900.0,6505.714
2024-05-24 04:00:00+00:00,67900.0,67944.7,66834.9,67176.7,14268.314
2024-05-24 08:00:00+00:00,67176.7,67549.8,66628.2,67362.8,11086.224
2024-05-24 12:00:00+00:00,67362.8,68464.0,66921.1,68339.8,21311.0
2024-05-24 16:00:00+00:00,68339.8,69279.9,67958.3,69123.9,18595.59
2024-05-24 20:00:00+00:00,69123.9,69231.9,68530.4,68580.0,6151.062
2024-05-25 00:00:00+00:00,68580.0,68921.5,68524.4,68779.3,3825.158
2024-05-25 04:00:00+00:00,68779.3,68847.0,68626.5,68764.0,2399.024
2024-05-25 08:00:00+00:00,68764.0,69636.3,68764.0,69097.3,11150.588
2024-05-25 12:00:00+00:00,69097.3,69307.0,68821.7,68950.0,8596.373
2024-05-25 16:00:00+00:00,68950.0,69277.7,68833.1,69158.6,3338.789
2024-05-25 20:00:00+00:00,69158.6,69387.3,69054.2,69306.2,2406.662
2024-05-26 00:00:00+00:00,69306.2,69326.0,68808.8,69086.5,3792.356
2024-05-26 04:00:00+00:00,69086.5,69460.0,68932.9,69348.8,3568.918
2024-05-26 08:00:00+00:00,69348.8,69598.7,69001.1,69160.0,7304.135
2024-05-26 12:00:00+00:00,69160.0,69424.5,68647.3,68851.2,9156.183
2024-05-26 16:00:00+00:00,68851.2,68985.7,68700.0,68917.5,4979.584
2024-05-26 20:00:00+00:00,68917.5,68928.1,68121.0,68528.6,8462.923
2024-05-27 00:00:00+00:00,68528.6,69349.0,68494.0,68899.1,6976.674
2024-05-27 04:00:00+00:00,68899.1,68930.5,68311.7,68680.1,7906.001
2024-05-27 08:00:00+00:00,68680.1,68940.0,68277.0,68471.9,8362.93
2024-05-27 12:00:00+00:00,68471.9,70629.6,68412.0,70439.2,21476.682
2024-05-27 16:00:00+00:00,70439.2,70737.9,69090.0,69305.9,16161.842
2024-05-27 20:00:00+00:00,69305.9,69934.3,69212.8,69450.0,6512.317
2024-05-28 00:00:00+00:00,69450.0,69613.7,67712.0,68042.8,26063.631
2024-05-28 04:00:00+00:00,68042.8,68122.1,67430.0,67683.5,14601.023
2024-05-28 08:00:00+00:00,67683.5,68925.0,67563.4,68403.9,17426.386
2024-05-28 12:00:00+00:00,68403.9,68587.0,67522.1,68400.0,24297.517
2024-05-28 16:00:00+00:00,68400.0,68659.2,67250.0,68457.6,21282.522
2024-05-28 20:00:00+00:00,68457.6,68706.3,68150.0,68443.6,7682.311
2024-05-29 00:00:00+00:00,68443.6,68971.7,68288.9,68872.1,7951.971
2024-05-29 04:00:00+00:00,68872.1,68989.0,67955.5,67980.0,9651.032
2024-05-29 08:00:00+00:00,67980.0,68068.8,67630.5,67800.0,12336.394
2024-05-29 12:00:00+00:00,67800.0,68325.4,67309.4,67404.9,24289.25
2024-05-29 16:00:00+00:00,67404.9,67778.5,67124.7,67297.6,12390.488
2024-05-29 20:00:00+00:00,67297.6,67885.3,67173.8,67676.0,5789.504
2024-05-30 00:00:00+00:00,67676.0,68239.3,67483.5,68150.0,7948.388
2024-05-30 04:00:00+00:00,68150.0,68455.7,67523.7,67606.6,13061.503
2024-05-30 08:00:00+00:00,67606.6,68153.0,67137.0,67819.9,15594.078
2024-05-30 12:00:00+00:00,67819.9,68855.0,67760.1,68558.9,21145.764
2024-05-30 16:00:00+00:00,68558.9,69560.0,68405.6,68677.5,20168.083
2024-05-30 20:00:00+00:00,68677.5,68687.7,68023.8,68371.8,9388.201
2024-05-31 00:00:00+00:00,68371.8,68740.1,68290.0,68534.7,5290.446
2024-05-31 04:00:00+00:00,68534.7,68650.0,68080.1,68187.2,6006.222
2024-05-31 08:00:00+00:00,68187.2,68486.4,67876.0,68370.3,9343.5
2024-05-31 12:00:00+00:00,68370.3,69077.0,67200.9,67226.7,33570.784
2024-05-31 16:00:00+00:00,67226.7,68072.5,66660.0,67705.9,23150.193
2024-05-31 20:00:00+00:00,67705.9,67827.2,67246.0,67555.8,6809.686
2024-06-01 00:00:00+00:00,67555.8,67780.2,67456.9,67742.7,3888.095
2024-06-01 04:00:00+00:00,67742.7,67845.0,67600.0,67656.0,3373.218
2024-06-01 08:00:00+00:00,67656.0,67797.7,67647.2,67697.7,2348.326
2024-06-01 12:00:00+00:00,67697.7,67913.5,67673.5,67708.9,3990.155
2024-06-01 16:00:00+00:00,67708.9,67851.0,67563.9,67777.7,2800.73
2024-06-01 20:00:00+00:00,67777.7,67942.0,67736.8,67792.8,1510.268
2024-06-02 00:00:00+00:00,67792.8,67940.5,67670.0,67816.1,2336.827
2024-06-02 04:00:00+00:00,67816.1,67900.1,67730.0,67730.0,1552.97
2024-06-02 08:00:00+00:00,67730.0,68342.4,67374.5,68260.0,8395.559
2024-06-02 12:00:00+00:00,68260.0,68498.6,67801.3,68138.0,12954.95
2024-06-02 16:00:00+00:00,68138.0,68198.0,67279.7,67740.1,10998.092
2024-06-02 20:00:00+00:00,67740.1,68009.5,67569.7,67776.3,3466.244
2024-06-03 00:00:00+00:00,67776.3,68824.9,67621.5,68399.7,12072.347
2024-06-03 04:00:00+00:00,68399.7,69259.6,68301.0,68921.8,13646.65
2024-06-03 08:00:00+00:00,68921.8,69375.3,68868.9,69111.9,10140.914
2024-06-03 12:00:00+00:00,69111.9,70344.1,68556.0,69658.3,38238.017
2024-06-03 16:00:00+00:00,69658.3,69759.2,68821.0,69253.5,12330.283
2024-06-03 20:00:00+00:00,69253.5,69547.8,68749.9,68837.0,7751.044
2024-06-04 00:00:00+00:00,68837.0,69418.4,68668.0,69201.0,5594.258
2024-06-04 04:00:00+00:00,69201.0,69336.7,68807.6,69061.1,6372.81
2024-06-04 08:00:00+00:00,69061.1,69252.3,68604.9,69004.0,9548.458
2024-06-04 12:00:00+00:00,69004.0,70544.9,68882.0,70485.9,30429.212
2024-06-04 16:00:00+00:00,70485.9,71110.0,70101.0,70448.1,24016.877
2024-06-04 20:00:00+00:00,70448.1,70755.2,70185.3,70559.3,6522.941
2024-06-05 00:00:00+00:00,70559.3,71381.9,70450.1,70986.1,12055.249
2024-06-05 04:00:00+00:00,70986.1,71420.0,70874.2,71250.1,10658.103
2024-06-05 08:00:00+00:00,71250.1,71299.6,70734.0,71005.4,8471.301
2024-06-05 12:00:00+00:00,71005.4,71810.0,70406.0,71617.4,23865.909
2024-06-05 16:00:00+00:00,71617.4,71819.6,70888.0,71300.5,17603.381
2024-06-05 20:00:00+00:00,71300.5,71377.5,70707.6,71140.6,6552.408
2024-06-06 00:00:00+00:00,71140.6,71274.0,70909.1,71078.7,3750.057
2024-06-06 04:00:00+00:00,71078.7,71137.9,70820.8,71065.5,5524.523
2024-06-06 08:00:00+00:00,71065.5,71244.9,70901.0,71221.2,6310.946
2024-06-06 12:00:00+00:00,71221.2,71699.9,71039.5,71336.0,20060.135
2024-06-06 16:00:00+00:00,71336.0,71420.8,70467.6,70508.0,17234.033
2024-06-06 20:00:00+00:00,70508.0,71030.0,70144.1,70835.8,13889.031
2024-06-07 00:00:00+00:00,70835.8,71049.9,70661.3,71021.3,5218.092
2024-06-07 04:00:00+00:00,71021.3,71478.6,71021.3,71152.8,9767.207
2024-06-07 08:00:00+00:00,71152.8,71774.9,71081.4,71769.6,8715.335
2024-06-07 12:00:00+00:00,71769.6,72169.0,70668.0,71146.9,40806.421
2024-06-07 16:00:00+00:00,71146.9,71244.2,68336.7,69316.0,58079.692
2024-06-07 20:00:00+00:00,69316.0,69598.9,69028.0,69389.9,7889.68
2024-06-08 00:00:00+00:00,69389.9,69580.0,69333.3,69480.8,3366.598
2024-06-08 04:00:00+00:00,69480.8,69609.6,69265.2,69609.0,4864.875
2024-06-08 08:00:00+00:00,69609.0,69610.5,69344.6,69392.4,3955.409
2024-06-08 12:00:00+00:00,69392.4,69529.6,69204.0,69452.7,5057.057
2024-06-08 16:00:00+00:00,69452.7,69526.6,69334.5,69482.2,2513.736
2024-06-08 20:00:00+00:00,69482.2,69504.1,69298.1,69326.0,1875.281
2024-06-09 00:00:00+00:00,69326.0,69365.0,69157.1,69290.0,2582.437
2024-06-09 04:00:00+00:00,69290.0,69459.3,69257.2,69320.3,2578.522
2024-06-09 08:00:00+00:00,69320.3,69420.0,69299.9,69385.2,1381.84
2024-06-09 12:00:00+00:00,69385.2,69792.5,69240.0,69515.3,11494.7
2024-06-09 16:00:00+00:00,69515.3,69864.7,69497.2,69704.0,4506.05
2024-06-09 20:00:00+00:00,69704.0,69829.5,69577.1,69642.3,2814.841
2024-06-10 00:00:00+00:00,69642.3,69808.4,69421.0,69622.0,3646.189
2024-06-10 04:00:00+00:00,69622.0,69686.3,69256.4,69302.4,5105.109
2024-06-10 08:00:00+00:00,69302.4,69569.4,69168.4,69489.0,5921.729
2024-06-10 12:00:00+00:00,69489.0,70180.6,69234.6,70044.9,14373.019
2024-06-10 16:00:00+00:00,70044.9,70126.1,69385.0,69498.1,12695.835
2024-06-10 20:00:00+00:00,69498.1,69688.9,69324.0,69516.0,6240.146
2024-06-11 00:00:00+00:00,69516.0,69570.0,67857.8,68444.0,29847.238
2024-06-11 04:00:00+00:00,68444.0,68444.2,67301.7,67539.4,24042.611
2024-06-11 08:00:00+00:00,67539.4,67648.6,66700.1,66882.1,26372.384
2024-06-11 12:00:00+00:00,66882.1,67272.2,65931.6,66218.9,33543.226
2024-06-11 16:00:00+00:00,66218.9,67547.8,66142.0,67383.6,18952.811
2024-06-11 20:00:00+00:00,67383.6,67539.3,67136.0,67276.3,6910.158
2024-06-12 00:00:00+00:00,67276.3,67571.8,66859.4,67386.5,9278.349
2024-06-12 04:00:00+00:00,67386.5,67592.2,67151.1,67410.0,7196.552
2024-06-12 08:00:00+00:00,67410.0,68030.0,67317.8,67747.1,10880.212
2024-06-12 12:00:00+00:00,67747.1,70000.0,67704.7,69712.8,49682.17
2024-06-12 16:00:00+00:00,69712.8,69855.0,67228.0,67522.2,56871.285
2024-06-12 20:00:00+00:00,67522.2,68660.1,67420.4,68240.9,15312.42
2024-06-13 00:00:00+00:00,68240.9,68376.3,66937.7,67442.0,16382.368
2024-06-13 04:00:00+00:00,67442.0,67714.0,67268.4,67707.7,9766.641
2024-06-13 08:00:00+00:00,67707.7,67942.8,67152.6,67707.0,12678.135
2024-06-13 12:00:00+00:00,67707.0,68500.0,66313.9,66433.1,43653.433
2024-06-13 16:00:00+00:00,66433.1,67038.9,66225.9,66579.9,17446.119
2024-06-13 20:00:00+00:00,66579.9,66953.4,66477.9,66742.5,6224.109
2024-06-14 00:00:00+00:00,66742.5,67000.0,66450.5,66723.9,6688.333
2024-06-14 04:00:00+00:00,66723.9,67191.7,66694.8,66886.8,7892.449
2024-06-14 08:00:00+00:00,66886.8,67232.0,66727.3,67000.4,8540.615
2024-06-14 12:00:00+00:00,67000.4,67341.0,66311.1,66362.6,22760.172
2024-06-14 16:00:00+00:00,66362.6,66505.8,65030.0,65490.1,40982.408
2024-06-14 20:00:00+00:00,65490.1,66600.0,65447.7,66021.2,14831.301
2024-06-15 00:00:00+00:00,66021.2,66261.1,65958.6,66235.0,4505.06
2024-06-15 04:00:00+00:00,66235.0,66381.3,66045.3,66051.9,5786.776
2024-06-15 08:00:00+00:00,66051.9,66322.2,66051.9,66289.9,3216.444
2024-06-15 12:00:00+00:00,66289.9,66446.1,66135.4,66284.6,4613.647
2024-06-15 16:00:00+00:00,66284.6,66326.9,66040.7,66118.4,3041.324
2024-06-15 20:00:00+00:00,66118.4,66250.0,65808.1,66184.0,4606.961
2024-06-16 00:00:00+00:00,66184.0,66228.7,66049.0,66105.6,1975.049
2024-06-16 04:00:00+00:00,66105.6,66320.0,66007.5,66232.0,2497.877
2024-06-16 08:00:00+00:00,66232.0,66745.7,66156.1,66450.2,7268.802
2024-06-16 12:00:00+00:00,66450.2,66780.2,66438.7,66670.2,6736.49
2024-06-16 16:00:00+00:00,66670.2,66716.9,66473.2,66522.0,2723.175
2024-06-16 20:00:00+00:00,66522.0,66949.6,66421.1,66638.2,7893.644
2024-06-17 00:00:00+00:00,66638.2,66887.4,66110.0,66188.9,9659.03
2024-06-17 04:00:00+00:00,66188.9,66535.0,65904.3,66134.0,10330.624
2024-06-17 08:00:00+00:00,66134.0,66281.9,65526.8,65778.6,15474.41
2024-06-17 12:00:00+00:00,65778.6,65793.2,65058.0,65324.9,22413.346
2024-06-17 16:00:00+00:00,65324.9,67289.9,65084.3,66656.0,34629.716
2024-06-17 20:00:00+00:00,66656.0,66740.7,66105.2,66454.8,14069.534
2024-06-18 00:00:00+00:00,66454.8,66552.8,64500.0,65474.2,42789.261
2024-06-18 04:00:00+00:00,65474.2,65828.0,65306.7,65641.3,10733.511
2024-06-18 08:00:00+00:00,65641.3,65720.9,65080.0,65339.6,10739.411
2024-06-18 12:00:00+00:00,65339.6,65404.0,64200.0,64660.2,44175.813
2024-06-18 16:00:00+00:00,64660.2,64878.0,64026.6,64398.8,22255.529
2024-06-18 20:00:00+00:00,64398.8,65307.5,64166.6,65146.5,16658.865
2024-06-19 00:00:00+00:00,65146.5,65587.0,64780.0,65380.9,19124.254
2024-06-19 04:00:00+00:00,65380.9,65700.0,65136.0,65289.4,10700.703
2024-06-19 08:00:00+00:00,65289.4,65512.6,64953.5,65179.2,12487.97
2024-06-19 12:00:00+00:00,65179.2,65280.1,64710.0,64900.9,10295.369
2024-06-19 16:00:00+00:00,64900.9,65246.5,64752.0,64848.0,7989.389
2024-06-19 20:00:00+00:00,64848.0,65089.5,64650.0,64940.2,6156.599
2024-06-20 00:00:00+00:00,64940.2,65397.9,64811.1,65170.1,8181.077
2024-06-20 04:00:00+00:00,65170.1,65978.0,65070.0,65843.1,13433.15
2024-06-20 08:00:00+00:00,65843.1,66458.0,65550.8,66156.3,16414.009
2024-06-20 12:00:00+00:00,66156.3,66288.2,64616.1,64789.9,36203.085
2024-06-20 16:00:00+00:00,64789.9,65198.8,64514.2,65042.2,17609.611
2024-06-20 20:00:00+00:00,65042.2,65175.8,64833.6,64853.9,5546.083
2024-06-21 00:00:00+00:00,64853.9,65070.7,64311.0,64461.5,11715.447
2024-06-21 04:00:00+00:00,64461.5,64720.1,64133.3,64147.7,13709.727
2024-06-21 08:00:00+00:00,64147.7,64345.9,63422.1,63731.1,30330.629
2024-06-21 12:00:00+00:00,63731.1,64339.8,63333.0,63701.7,31581.209
2024-06-21 16:00:00+00:00,63701.7,64250.0,63433.1,64209.5,13084.85
2024-06-21 20:00:00+00:00,64209.5,64440.0,63801.3,64108.3,8558.649
2024-06-22 00:00:00+00:00,64108.3,64296.8,63904.1,64286.6,4286.979
2024-06-22 04:00:00+00:00,64286.6,64498.9,64204.0,64470.0,4883.001
2024-06-22 08:00:00+00:00,64470.0,64491.5,64171.2,64238.3,4422.65
2024-06-22 12:00:00+00:00,64238.3,64371.5,64220.4,64273.7,2214.196
2024-06-22 16:00:00+00:00,64273.7,64347.1,64190.0,64260.0,1649.775
2024-06-22 20:00:00+00:00,64260.0,64301.5,64212.7,64223.1,1241.374
2024-06-23 00:00:00+00:00,64223.1,64484.1,64223.1,64376.0,3489.102
2024-06-23 04:00:00+00:00,64376.0,64418.5,64299.7,64388.3,1813.268
2024-06-23 08:00:00+00:00,64388.3,64409.4,64224.6,64310.0,2379.239
2024-06-23 12:00:00+00:00,64310.0,64406.3,64032.8,64064.1,4915.845
2024-06-23 16:00:00+00:00,64064.1,64160.0,63878.3,64124.0,3582.375
2024-06-23 20:00:00+00:00,64124.0,64133.3,63123.1,63179.9,14610.058
2024-06-24 00:00:00+00:00,63179.9,63329.9,62631.0,62815.1,20557.318
2024-06-24 04:00:00+00:00,62815.1,62923.0,62111.0,62429.9,22931.155
2024-06-24 08:00:00+00:00,62429.9,62951.7,60348.5,61234.6,57569.017
2024-06-24 12:00:00+00:00,61234.6,61673.3,60622.6,60812.6,25433.43
2024-06-24 16:00:00+00:00,60812.6,61027.1,59000.8,59290.1,60886.406
2024-06-24 20:00:00+00:00,59290.1,60409.5,58320.0,60257.1,33911.324
2024-06-25 00:00:00+00:00,60257.1,61555.0,60217.9,61271.8,18678.508
2024-06-25 04:00:00+00:00,61271.8,61388.1,60581.0,60640.3,16167.116
2024-06-25 08:00:00+00:00,60640.3,61588.8,60624.8,61162.7,22033.916
2024-06-25 12:00:00+00:00,61162.7,62102.8,60933.0,61779.6,34386.155
2024-06-25 16:00:00+00:00,61779.6,62401.3,61110.7,61931.0,27769.278
2024-06-25 20:00:00+00:00,61931.0,62141.4,61614.0,61764.4,8655.335
2024-06-26 00:00:00+00:00,61764.4,62467.9,61589.3,61891.5,11921.754
2024-06-26 04:00:00+00:00,61891.5,61947.8,61482.6,61694.7,10178.039
2024-06-26 08:00:00+00:00,61694.7,61725.4,61120.0,61403.8,13048.472
2024-06-26 12:00:00+00:00,61403.8,61940.0,61131.0,61432.9,20100.429
2024-06-26 16:00:00+00:00,61432.9,61506.6,60676.0,60962.5,23495.469
2024-06-26 20:00:00+00:00,60962.5,61116.0,60666.0,60838.5,9319.644
2024-06-27 00:00:00+00:00,60838.5,61275.0,60725.9,61009.3,8744.791
2024-06-27 04:00:00+00:00,61009.3,61166.9,60564.8,60760.2,9534.833
2024-06-27 08:00:00+00:00,60760.2,61441.9,60694.2,61166.6,11275.329
2024-06-27 12:00:00+00:00,61166.6,62380.0,61122.7,61561.1,32959.987
2024-06-27 16:00:00+00:00,61561.1,61987.7,61386.1,61432.8,11612.796
2024-06-27 20:00:00+00:00,61432.8,61678.7,61323.2,61659.5,4946.981
2024-06-28 00:00:00+00:00,61659.5,62218.0,61443.0,61788.4,13092.13
2024-06-28 04:00:00+00:00,61788.4,61796.0,61200.3,61315.0,7892.16
2024-06-28 08:00:00+00:00,61315.0,61780.0,61155.1,61666.3,8695.691
2024-06-28 12:00:00+00:00,61666.3,61859.6,60695.4,61020.0,30556.379
2024-06-28 16:00:00+00:00,61020.0,61074.9,60040.3,60100.9,18794.016
2024-06-28 20:00:00+00:00,60100.9,60439.6,60011.5,60406.1,6632.399
2024-06-29 00:00:00+00:00,60406.1,60959.8,60378.1,60713.8,10177.833
2024-06-29 04:00:00+00:00,60713.8,61115.2,60666.0,61033.0,5797.478
2024-06-29 08:00:00+00:00,61033.0,61198.9,60870.0,61070.0,5966.203
2024-06-29 12:00:00+00:00,61070.0,61156.0,60918.5,61086.1,4359.536
2024-06-29 16:00:00+00:00,61086.1,61111.0,60880.1,61018.5,2827.594
2024-06-29 20:00:00+00:00,61018.5,61074.0,60762.3,60939.9,3337.562
2024-06-30 00:00:00+00:00,60939.9,61040.8,60703.6,60857.7,4108.791
2024-06-30 04:00:00+00:00,60857.7,61776.5,60673.0,61509.9,15145.537
2024-06-30 08:00:00+00:00,61509.9,61696.6,61370.1,61513.6,7957.301
2024-06-30 12:00:00+00:00,61513.6,61835.0,61280.5,61679.3,10708.017
2024-06-30 16:00:00+00:00,61679.3,62077.7,61540.7,61987.3,8261.819
2024-06-30 20:00:00+00:00,61987.3,63041.3,61777.2,62749.5,23666.421
2024-07-01 00:00:00+00:00,62749.5,63790.0,62556.3,63398.2,23302.377
2024-07-01 04:00:00+00:00,63398.2,63470.0,63165.0,63233.7,7528.915
2024-07-01 08:00:00+00:00,63233.7,63277.1,62560.3,62637.7,11662.342
2024-07-01 12:00:00+00:00,62637.7,63133.0,62464.4,63108.3,18845.7
2024-07-01 16:00:00+00:00,63108.3,63845.0,62931.6,63186.4,19517.411
2024-07-01 20:00:00+00:00,63186.4,63390.0,62771.3,62860.1,8071.361
2024-07-02 00:00:00+00:00,62860.1,63259.0,62738.1,63093.7,5112.764
2024-07-02 04:00:00+00:00,63093.7,63209.8,62550.1,62590.9,7350.878
2024-07-02 08:00:00+00:00,62590.9,62838.0,62401.3,62803.0,10438.566
2024-07-02 12:00:00+00:00,62803.0,63139.2,61801.9,61911.7,27975.766
2024-07-02 16:00:00+00:00,61911.7,62354.8,61779.6,61923.6,12334.982
2024-07-02 20:00:00+00:00,61923.6,62158.6,61854.7,62092.6,6239.882
2024-07-03 00:00:00+00:00,62092.6,62250.0,60555.1,60967.7,24813.858
2024-07-03 04:00:00+00:00,60967.7,61169.8,60777.8,60842.3,10953.447
2024-07-03 08:00:00+00:00,60842.3,60956.1,59500.2,60352.4,36956.617
2024-07-03 12:00:00+00:00,60352.4,60732.1,59722.0,60140.6,28045.84
2024-07-03 16:00:00+00:00,60140.6,60637.4,59611.2,59624.6,16767.143
2024-07-03 20:00:00+00:00,59624.6,60360.3,59350.2,60184.8,15393.14
2024-07-04 00:00:00+00:00,60184.8,60464.6,57770.2,59072.9,41602.402
2024-07-04 04:00:00+00:00,59072.9,59117.1,58059.5,58198.1,19648.647
2024-07-04 08:00:00+00:00,58198.1,58458.0,56930.0,57744.3,45337.943
2024-07-04 12:00:00+00:00,57744.3,58332.6,56687.5,58110.0,48109.115
2024-07-04 16:00:00+00:00,58110.0,58691.8,57730.0,58250.0,19669.071
2024-07-04 20:00:00+00:00,58250.0,58820.7,56815.0,57034.6,22689.449
2024-07-05 00:00:00+00:00,57034.6,57523.4,54926.1,55214.1,69049.435
2024-07-05 04:00:00+00:00,55214.1,55350.0,53314.3,54386.6,59822.141
2024-07-05 08:00:00+00:00,54386.6,55653.7,53861.2,55458.4,32161.367
2024-07-05 12:00:00+00:00,55458.4,56656.4,54810.0,56630.0,42349.985
2024-07-05 16:00:00+00:00,56630.0,57035.1,55782.6,56430.3,29293.62
2024-07-05 20:00:00+00:00,56430.3,56843.6,56280.8,56602.8,7679.009
2024-07-06 00:00:00+00:00,56602.8,56977.8,56141.8,56386.0,11959.653
2024-07-06 04:00:00+00:00,56386.0,56660.5,56002.0,56574.9,9694.823
2024-07-06 08:00:00+00:00,56574.9,56875.5,56410.0,56711.6,5750.673
2024-07-06 12:00:00+00:00,56711.6,57432.3,56480.7,57294.8,16049.667
2024-07-06 16:00:00+00:00,57294.8,58079.9,57153.5,57829.9,17855.724
2024-07-06 20:00:00+00:00,57829.9,58489.6,57782.2,58204.1,13845.155
2024-07-07 00:00:00+00:00,58204.1,58420.0,57803.6,57935.4,11870.73
2024-07-07 04:00:00+00:00,57935.4,57992.2,57057.0,57362.4,17114.98
2024-07-07 08:00:00+00:00,57362.4,57897.0,57318.2,57428.0,12838.619
2024-07-07 12:00:00+00:00,57428.0,57595.2,56520.6,56795.9,21217.546
2024-07-07 16:00:00+00:00,56795.9,57376.5,56718.6,57128.2,11847.964
2024-07-07 20:00:00+00:00,57128.2,57303.0,55710.0,55840.0,23642.668
2024-07-08 00:00:00+00:00,55840.0,56002.2,54228.3,55130.8,43992.632
2024-07-08 04:00:00+00:00,55130.8,55893.3,54936.0,55833.8,16616.148
2024-07-08 08:00:00+00:00,55833.8,58195.4,55716.4,57135.3,53181.771
2024-07-08 12:00:00+00:00,57135.3,57635.9,54856.0,55723.9,58835.726
2024-07-08 16:00:00+00:00,55723.9,56555.9,55379.2,56456.0,20889.49
2024-07-08 20:00:00+00:00,56456.0,56954.4,56163.3,56696.5,13374.809
2024-07-09 00:00:00+00:00,56696.5,57340.0,56257.0,57143.4,19186.363
2024-07-09 04:00:00+00:00,57143.4,57744.2,56974.9,57100.0,15796.751
2024-07-09 08:00:00+00:00,57100.0,57888.8,57005.0,57409.2,17487.636
2024-07-09 12:00:00+00:00,57409.2,58153.3,56862.0,57450.1,38383.558
2024-07-09 16:00:00+00:00,57450.1,58315.7,57337.0,57841.7,19697.498
2024-07-09 20:00:00+00:00,57841.7,58235.7,57682.1,58029.9,8870.451
2024-07-10 00:00:00+00:00,58029.9,58188.0,57309.1,58167.6,11476.802
2024-07-10 04:00:00+00:00,58167.6,59471.4,58164.0,58936.6,30263.798
2024-07-10 08:00:00+00:00,58936.6,59003.6,58275.0,58477.1,18525.388
2024-07-10 12:00:00+00:00,58477.1,58552.9,57457.9,57675.1,31010.561
2024-07-10 16:00:00+00:00,57675.1,57998.5,57322.0,57376.5,12149.739
2024-07-10 20:00:00+00:00,57376.5,57859.8,57127.0,57713.8,10772.444
2024-07-11 00:00:00+00:00,57713.8,58382.7,57016.1,57536.9,18152.165
2024-07-11 04:00:00+00:00,57536.9,58288.0,57461.6,58169.0,10408.042
2024-07-11 08:00:00+00:00,58169.0,58880.1,58030.9,58735.8,15465.341
2024-07-11 12:00:00+00:00,58735.8,59661.5,57235.0,57382.1,61141.267
2024-07-11 16:00:00+00:00,57382.1,57974.1,57162.0,57361.2,16464.011
2024-07-11 20:00:00+00:00,57361.2,57610.0,57103.9,57312.1,9377.424
2024-07-12 00:00:00+00:00,57312.1,57557.0,56513.3,56884.6,21075.528
2024-07-12 04:00:00+00:00,56884.6,57390.0,56680.8,57065.2,12193.596
2024-07-12 08:00:00+00:00,57065.2,57303.3,56733.0,57180.0,12734.258
2024-07-12 12:00:00+00:00,57180.0,58250.0,57063.0,58189.4,27448.521
2024-07-12 16:00:00+00:00,58189.4,58514.2,57464.4,57541.9,21563.538
2024-07-12 20:00:00+00:00,57541.9,57883.9,57118.0,57860.9,12748.711
2024-07-13 00:00:00+00:00,57860.9,57949.6,57724.4,57785.8,3979.833
2024-07-13 04:00:00+00:00,57785.8,58198.8,57711.2,58146.7,5845.516
2024-07-13 08:00:00+00:00,58146.7,58852.2,57885.0,58515.2,13862.426
2024-07-13 12:00:00+00:00,58515.2,58888.0,58408.0,58812.6,10825.519
2024-07-13 16:00:00+00:00,58812.6,58950.0,58530.6,58585.1,6670.254
2024-07-13 20:00:00+00:00,58585.1,59869.9,58228.5,59181.8,23364.697
2024-07-14 00:00:00+00:00,59181.8,59822.5,59170.3,59445.8,13722.956
2024-07-14 04:00:00+00:00,59445.8,60298.8,59400.2,60027.9,19540.262
2024-07-14 08:00:00+00:00,60027.9,60380.0,59863.3,60070.0,10989.386
2024-07-14 12:00:00+00:00,60070.0,60217.2,59426.0,60061.9,16976.23
2024-07-14 16:00:00+00:00,60061.9,60174.1,59860.0,59886.1,4226.628
2024-07-14 20:00:00+00:00,59886.1,61387.9,59850.0,60755.8,30966.901
2024-07-15 00:00:00+00:00,60755.8,62788.8,60601.9,62612.9,35053.753
2024-07-15 04:00:00+00:00,62612.9,63088.4,62382.5,62814.2,18712.969
2024-07-15 08:00:00+00:00,62814.2,63333.0,62275.0,62438.2,19765.945
2024-07-15 12:00:00+00:00,62438.2,63295.9,62427.3,62983.6,24154.448
2024-07-15 16:00:00+00:00,62983.6,63777.0,62820.0,63300.1,32251.309
2024-07-15 20:00:00+00:00,63300.1,64900.0,63204.4,64696.1,31054.442
2024-07-16 00:00:00+00:00,64696.1,64948.7,64422.6,64727.8,12448.734
2024-07-16 04:00:00+00:00,64727.8,65019.7,62704.2,62902.2,41667.128
2024-07-16 08:00:00+00:00,62902.2,63845.8,62350.3,63729.6,27914.817
2024-07-16 12:00:00+00:00,63729.6,64955.2,63029.3,64850.7,42885.964
2024-07-16 16:00:00+00:00,64850.7,65213.7,64088.0,65134.2,27351.748
2024-07-16 20:00:00+00:00,65134.2,65365.0,64111.1,65027.0,19741.38
2024-07-17 00:00:00+00:00,65027.0,66119.2,64910.0,65669.5,20752.131
2024-07-17 04:00:00+00:00,65669.5,65977.0,65169.4,65230.1,12386.768
2024-07-17 08:00:00+00:00,65230.1,65499.0,64528.3,64694.3,24805.134
2024-07-17 12:00:00+00:00,64694.3,65384.9,64501.8,64680.5,28042.656
2024-07-17 16:00:00+00:00,64680.5,64732.2,63800.0,64547.9,24527.813
2024-07-17 20:00:00+00:00,64547.9,64644.9,64001.3,64048.6,10594.57
2024-07-18 00:00:00+00:00,64048.6,65132.9,63858.7,64833.1,16384.726
2024-07-18 04:00:00+00:00,64833.1,65033.4,64366.2,64643.8,9875.123
2024-07-18 08:00:00+00:00,64643.8,64924.4,64401.2,64719.6,9416.967
2024-07-18 12:00:00+00:00,64719.6,65086.9,63344.7,63506.8,34084.861
2024-07-18 16:00:00+00:00,63506.8,63925.0,63200.0,63532.5,17424.107
2024-07-18 20:00:00+00:00,63532.5,64097.5,63403.3,63966.8,8604.808
2024-07-19 00:00:00+00:00,63966.8,64357.2,63281.0,64303.7,13605.158
2024-07-19 04:00:00+00:00,64303.7,64476.4,63579.6,63678.8,12302.983
2024-07-19 08:00:00+00:00,63678.8,64180.3,63361.9,64101.9,18742.052
2024-07-19 12:00:00+00:00,64101.9,65881.7,64012.6,65813.8,42914.093
2024-07-19 16:00:00+00:00,65813.8,67368.4,65807.0,67118.0,41826.335
2024-07-19 20:00:00+00:00,67118.0,67332.8,66576.2,66631.9,12515.921
2024-07-20 00:00:00+00:00,66631.9,66797.4,66202.0,66566.5,8522.032
2024-07-20 04:00:00+00:00,66566.5,66743.7,66400.1,66524.6,5222.047
2024-07-20 08:00:00+00:00,66524.6,66725.3,66421.0,66445.0,5142.467
2024-07-20 12:00:00+00:00,66445.0,66824.2,66251.0,66800.0,7168.072
2024-07-20 16:00:00+00:00,66800.0,67599.9,66633.6,67199.3,21392.279
2024-07-20 20:00:00+00:00,67199.3,67410.5,66754.0,67103.2,9769.162
2024-07-21 00:00:00+00:00,67103.2,67398.0,66927.8,67147.9,5255.101
2024-07-21 04:00:00+00:00,67147.9,67210.3,66556.0,66672.0,8226.443
2024-07-21 08:00:00+00:00,66672.0,67036.4,66640.1,66851.1,5872.165
2024-07-21 12:00:00+00:00,66851.1,67498.9,66562.9,67137.3,13364.395
2024-07-21 16:00:00+00:00,67137.3,67772.0,65738.0,67395.8,46743.689
2024-07-21 20:00:00+00:00,67395.8,68371.7,67247.7,68150.0,22746.45
2024-07-22 00:00:00+00:00,68150.0,68467.9,67698.5,67849.9,12929.714
2024-07-22 04:00:00+00:00,67849.9,67972.8,67110.0,67212.4,11971.139
2024-07-22 08:00:00+00:00,67212.4,67592.8,66925.0,67498.5,9846.517
2024-07-22 12:00:00+00:00,67498.5,67940.0,66543.0,67043.0,27536.012
2024-07-22 16:00:00+00:00,67043.0,68249.8,66784.0,68186.3,16797.854
2024-07-22 20:00:00+00:00,68186.3,68222.6,67132.1,67493.6,14963.291
2024-07-23 00:00:00+00:00,67493.6,67719.8,67176.0,67437.1,8840.489
2024-07-23 04:00:00+00:00,67437.1,67494.0,66230.0,66559.3,22181.784
2024-07-23 08:00:00+00:00,66559.3,67141.7,66403.2,66640.8,14091.303
2024-07-23 12:00:00+00:00,66640.8,67347.2,65920.7,66552.2,40019.654
2024-07-23 16:00:00+00:00,66552.2,66740.6,65371.6,65504.7,32295.118
2024-07-23 20:00:00+00:00,65504.7,66042.9,65453.8,65922.1,12733.218
2024-07-24 00:00:00+00:00,65922.1,66163.3,65449.4,66031.7,10786.339
2024-07-24 04:00:00+00:00,66031.7,66065.0,65603.0,66063.3,7344.432
2024-07-24 08:00:00+00:00,66063.3,66611.8,65982.0,66361.0,11914.831
2024-07-24 12:00:00+00:00,66361.0,67105.2,66067.0,66156.4,28499.95
2024-07-24 16:00:00+00:00,66156.4,66693.1,65550.0,65640.6,21171.012
2024-07-24 20:00:00+00:00,65640.6,66068.9,64903.0,65364.6,19574.405
2024-07-25 00:00:00+00:00,65364.6,65618.0,63828.5,64067.9,34395.941
2024-07-25 04:00:00+00:00,64067.9,64376.0,63750.0,64108.3,13320.433
2024-07-25 08:00:00+00:00,64108.3,64463.7,63800.0,64075.8,15780.006
2024-07-25 12:00:00+00:00,64075.8,64997.0,63378.5,64764.0,43032.18
2024-07-25 16:00:00+00:00,64764.0,65150.0,64330.0,64654.7,18458.151
2024-07-25 20:00:00+00:00,64654.7,66205.8,64379.4,65767.6,23599.102
2024-07-26 00:00:00+00:00,65767.6,67467.0,65695.0,67010.5,27031.163
2024-07-26 04:00:00+00:00,67010.5,67153.9,66835.5,66875.9,10121.118
2024-07-26 08:00:00+00:00,66875.9,67500.0,66875.9,67295.0,11686.789
2024-07-26 12:00:00+00:00,67295.0,68012.8,66857.6,67529.0,34768.112
2024-07-26 16:00:00+00:00,67529.0,68136.3,67270.4,67958.2,13253.903
2024-07-26 20:00:00+00:00,67958.2,68212.6,67370.5,67881.2,14017.797
2024-07-27 00:00:00+00:00,67881.2,68058.9,67616.0,67770.0,6538.076
2024-07-27 04:00:00+00:00,67770.0,68288.1,67748.3,68024.1,7842.725
2024-07-27 08:00:00+00:00,68024.1,68250.0,67866.6,68203.6,6501.223
2024-07-27 12:00:00+00:00,68203.6,69400.0,68180.0,68834.6,31187.679
2024-07-27 16:00:00+00:00,68834.6,68973.6,67666.4,68231.2,31626.122
2024-07-27 20:00:00+00:00,68231.2,69222.0,66608.3,67902.0,81277.676
2024-07-28 00:00:00+00:00,67902.0,68315.5,67226.1,67956.8,12034.363
2024-07-28 04:00:00+00:00,67956.8,68042.6,67026.9,67524.6,13332.963
2024-07-28 08:00:00+00:00,67524.6,67990.0,67191.7,67825.1,8703.914
2024-07-28 12:00:00+00:00,67825.1,68118.0,67588.0,67650.0,10253.019
2024-07-28 16:00:00+00:00,67650.0,68337.9,67621.0,68127.9,6894.218
2024-07-28 20:00:00+00:00,68127.9,68277.8,67804.0,68240.9,5991.419
2024-07-29 00:00:00+00:00,68240.9,69850.0,68158.1,69360.6,27825.137
2024-07-29 04:00:00+00:00,69360.6,69900.0,69280.0,69549.3,12967.095
2024-07-29 08:00:00+00:00,69549.3,69850.0,69371.0,69576.1,11111.523
2024-07-29 12:00:00+00:00,69576.1,70136.9,67621.3,68073.0,56231.316
2024-07-29 16:00:00+00:00,68073.0,68107.6,66360.9,67285.8,47320.768
2024-07-29 20:00:00+00:00,67285.8,67530.9,66562.1,66757.7,15212.918
2024-07-30 00:00:00+00:00,66757.7,66850.8,65801.4,66577.6,27977.149
2024-07-30 04:00:00+00:00,66577.6,66958.9,66278.9,66909.9,11067.093
2024-07-30 08:00:00+00:00,66909.9,66950.7,66362.2,66533.9,9559.655
2024-07-30 12:00:00+00:00,66533.9,66924.6,65522.0,66209.5,30820.242
2024-07-30 16:00:00+00:00,66209.5,66547.9,65524.1,65902.8,20461.567
2024-07-30 20:00:00+00:00,65902.8,66339.4,65265.0,66170.0,16806.8
2024-07-31 00:00:00+00:00,66170.0,66416.9,65850.0,66019.3,7929.209
2024-07-31 04:00:00+00:00,66019.3,66533.0,65477.0,66196.2,18087.155
2024-07-31 08:00:00+00:00,66196.2,66346.8,65901.3,66070.1,8383.199
2024-07-31 12:00:00+00:00,66070.1,66821.0,65940.0,66355.4,21404.095
2024-07-31 16:00:00+00:00,66355.4,66832.0,64850.1,65220.1,33711.03
2024-07-31 20:00:00+00:00,65220.1,65400.0,64502.4,64615.9,24626.969
2024-08-01 00:00:00+00:00,64615.9,64822.5,63713.0,63910.2,23483.236
2024-08-01 04:00:00+00:00,63910.2,64462.1,63513.5,64292.3,19567.665
2024-08-01 08:00:00+00:00,64292.3,64666.0,64274.4,64637.9,10832.857
2024-08-01 12:00:00+00:00,64637.9,64938.0,62616.0,62868.2,45393.472
2024-08-01 16:00:00+00:00,62868.2,63472.7,62217.7,63395.7,38785.67
2024-08-01 20:00:00+00:00,63395.7,65634.3,63300.2,65341.1,38235.617
2024-08-02 00:00:00+00:00,65341.1,65576.4,63650.0,64579.4,24248.774
2024-08-02 04:00:00+00:00,64579.4,64625.0,63756.6,64135.2,14871.773
2024-08-02 08:00:00+00:00,64135.2,64980.0,64012.0,64639.4,14869.429
2024-08-02 12:00:00+00:00,64639.4,65490.0,62410.0,63374.6,74688.627
2024-08-02 16:00:00+00:00,63374.6,63579.5,62482.1,62611.6,24682.041
2024-08-02 20:00:00+00:00,62611.6,63154.6,61171.5,61459.0,42509.692
2024-08-03 00:00:00+00:00,61459.0,61943.3,60465.0,61850.6,30874.873
2024-08-03 04:00:00+00:00,61850.6,61937.2,61345.9,61630.0,8505.843
2024-08-03 08:00:00+00:00,61630.0,61977.1,61418.8,61880.0,7621.352
2024-08-03 12:00:00+00:00,61880.0,62154.0,60789.1,60851.7,18050.392
2024-08-03 16:00:00+00:00,60851.7,61255.0,59873.5,60216.3,45597.646
2024-08-03 20:00:00+00:00,60216.3,60843.3,59822.0,60682.0,20729.549
2024-08-04 00:00:00+00:00,60682.0,61088.0,60270.5,60706.0,8926.568
2024-08-04 04:00:00+00:00,60706.0,60922.2,60226.1,60340.4,8272.647
2024-08-04 08:00:00+00:00,60340.4,60974.0,60076.0,60870.0,9624.043
2024-08-04 12:00:00+00:00,60870.0,61056.8,58920.5,59060.1,38117.545
2024-08-04 16:00:00+00:00,59060.1,59466.0,57150.0,59221.9,67387.567
2024-08-04 20:00:00+00:00,59221.9,59559.4,57970.8,58131.6,27680.139
2024-08-05 00:00:00+00:00,58131.6,58278.3,52157.6,53855.1,131070.731
2024-08-05 04:00:00+00:00,53855.1,54541.1,48914.1,52644.6,136612.289
2024-08-05 08:00:00+00:00,52644.6,53212.3,50588.0,51302.1,62703.121
2024-08-05 12:00:00+00:00,51302.1,55039.8,49521.1,54282.8,139736.733
2024-08-05 16:00:00+00:00,54282.8,55555.0,52521.1,53444.0,60389.823
2024-08-05 20:00:00+00:00,53444.0,55188.0,53430.7,53988.2,32575.032
2024-08-06 00:00:00+00:00,53988.2,56288.0,53917.3,55639.8,32171.901
2024-08-06 04:00:00+00:00,55639.8,56160.1,55221.1,55980.9,22278.947
2024-08-06 08:00:00+00:00,55980.9,56094.0,54581.1,55186.1,33010.161
2024-08-06 12:00:00+00:00,55186.1,56600.0,54324.7,56396.1,62017.695
2024-08-06 16:00:00+00:00,56396.1,57056.1,56212.6,56739.7,32561.236
2024-08-06 20:00:00+00:00,56739.7,56926.8,55682.0,55989.8,26456.895
2024-08-07 00:00:00+00:00,55989.8,57285.6,55518.4,56837.9,30845.621
2024-08-07 04:00:00+00:00,56837.9,57237.6,56510.0,56904.0,17694.245
2024-08-07 08:00:00+00:00,56904.0,57762.5,56839.9,56941.4,26017.444
2024-08-07 12:00:00+00:00,56941.4,57467.8,55664.2,56079.9,42075.208
2024-08-07 16:00:00+00:00,56079.9,56285.0,54637.0,54735.3,34550.056
2024-08-07 20:00:00+00:00,54735.3,55587.1,54517.7,55109.5,23030.853
2024-08-08 00:00:00+00:00,55109.5,57674.8,54705.0,57031.2,39443.807
2024-08-08 04:00:00+00:00,57031.2,57405.9,56660.0,57176.0,16512.408
2024-08-08 08:00:00+00:00,57176.0,57665.0,56953.0,57295.1,16166.161
2024-08-08 12:00:00+00:00,57295.1,59494.7,56622.0,59394.1,76137.397
2024-08-08 16:00:00+00:00,59394.1,59885.0,59181.0,59378.1,28048.7
2024-08-08 20:00:00+00:00,59378.1,62743.1,59255.7,61670.2,47008.03
2024-08-09 00:00:00+00:00,61670.2,61733.0,60745.3,61329.1,19030.299
2024-08-09 04:00:00+00:00,61329.1,61362.2,60544.2,60844.0,15494.768
2024-08-09 08:00:00+00:00,60844.0,61187.5,60129.2,60632.1,18768.237
2024-08-09 12:00:00+00:00,60632.1,61111.1,59488.0,59775.6,42741.758
2024-08-09 16:00:00+00:00,59775.6,60728.2,59680.0,60655.4,20542.177
2024-08-09 20:00:00+00:00,60655.4,60974.1,59891.0,60814.9,22658.194
2024-08-10 00:00:00+00:00,60814.9,61459.9,60247.4,60424.7,15177.431
2024-08-10 04:00:00+00:00,60424.7,60834.7,60223.0,60817.9,5900.922
2024-08-10 08:00:00+00:00,60817.9,61089.5,60582.2,60898.2,8429.338
2024-08-10 12:00:00+00:00,60898.2,60921.6,60365.0,60490.0,7292.446
2024-08-10 16:00:00+00:00,60490.0,61237.1,60371.1,60997.9,9607.725
2024-08-10 20:00:00+00:00,60997.9,61148.6,60723.5,60893.7,4199.861
2024-08-11 00:00:00+00:00,60893.7,61370.4,60859.7,61062.3,6365.161
2024-08-11 04:00:00+00:00,61062.3,61240.3,60843.9,61225.6,5899.233
2024-08-11 08:00:00+00:00,61225.6,61880.0,60388.0,60637.1,21359.281
2024-08-11 12:00:00+00:00,60637.1,60744.4,59908.3,60099.8,17376.226
2024-08-11 16:00:00+00:00,60099.8,60328.7,59508.8,59596.0,11690.425
2024-08-11 20:00:00+00:00,59596.0,59653.6,58264.0,58703.4,37323.588
2024-08-12 00:00:00+00:00,58703.4,59073.6,58024.1,58489.1,19511.548
2024-08-12 04:00:00+00:00,58489.1,58998.9,57555.0,58657.6,23694.669
2024-08-12 08:00:00+00:00,58657.6,59938.0,58077.5,59812.4,32473.669
2024-08-12 12:00:00+00:00,59812.4,60691.5,57736.0,60179.8,74721.043
2024-08-12 16:00:00+00:00,60179.8,60396.1,58396.2,59015.6,29170.022
2024-08-12 20:00:00+00:00,59015.6,59749.3,58516.5,59316.1,18075.911
2024-08-13 00:00:00+00:00,59316.1,59902.3,58850.0,59026.1,17242.783
2024-08-13 04:00:00+00:00,59026.1,59465.5,58815.6,59218.7,10498.465
2024-08-13 08:00:00+00:00,59218.7,59302.0,58380.0,58797.4,15264.277
2024-08-13 12:00:00+00:00,58797.4,59740.0,58663.8,59449.4,31651.91
2024-08-13 16:00:00+00:00,59449.4,61576.7,59426.5,60785.6,50814.609
2024-08-13 20:00:00+00:00,60785.6,61125.0,60357.4,60558.8,11238.089
2024-08-14 00:00:00+00:00,60558.8,61282.0,60400.0,60920.7,9858.619
2024-08-14 04:00:00+00:00,60920.7,61132.7,60611.7,60884.4,8149.416
2024-08-14 08:00:00+00:00,60884.4,61454.8,60587.2,61255.6,13231.216
2024-08-14 12:00:00+00:00,61255.6,61950.3,58769.0,59398.7,79807.113
2024-08-14 16:00:00+00:00,59398.7,59446.0,58519.9,58868.2,24450.05
2024-08-14 20:00:00+00:00,58868.2,59180.7,58399.1,58647.7,11474.213
2024-08-15 00:00:00+00:00,58647.7,59057.3,57905.3,58412.8,17174.111
2024-08-15 04:00:00+00:00,58412.8,58612.0,57690.0,58031.7,16718.773
2024-08-15 08:00:00+00:00,58031.7,58881.6,57936.2,58726.5,15267.986
2024-08-15 12:00:00+00:00,58726.5,59749.9,58446.5,59655.8,43562.023
2024-08-15 16:00:00+00:00,59655.8,59833.7,56612.2,57026.0,59360.211
2024-08-15 20:00:00+00:00,57026.0,57859.5,56052.1,57515.9,32972.079
2024-08-16 00:00:00+00:00,57515.9,58544.6,57071.7,57871.1,19923.495
2024-08-16 04:00:00+00:00,57871.1,58620.0,57747.8,58432.8,12417.863
2024-08-16 08:00:00+00:00,58432.8,58669.5,58104.2,58375.2,13829.723
2024-08-16 12:00:00+00:00,58375.2,58894.0,57472.7,58034.5,43745.997
2024-08-16 16:00:00+00:00,58034.5,59800.1,57962.7,59653.9,32755.643
2024-08-16 20:00:00+00:00,59653.9,59688.4,58671.2,58850.0,13681.99
2024-08-17 00:00:00+00:00,58850.0,59370.3,58765.0,59127.3,8574.53
2024-08-17 04:00:00+00:00,59127.3,59240.0,59017.7,59223.7,4270.263
2024-08-17 08:00:00+00:00,59223.7,59458.0,59034.9,59106.3,7157.883
2024-08-17 12:00:00+00:00,59106.3,59666.0,59068.0,59369.4,9232.448
2024-08-17 16:00:00+00:00,59369.4,59698.8,59222.5,59447.5,5989.824
2024-08-17 20:00:00+00:00,59447.5,59476.3,59101.2,59475.1,3798.16
2024-08-18 00:00:00+00:00,59475.1,60288.5,59262.0,59306.7,17667.333
2024-08-18 04:00:00+00:00,59306.7,59666.0,59222.0,59549.7,6211.53
2024-08-18 08:00:00+00:00,59549.7,60174.9,59402.7,59987.8,12308.596
2024-08-18 12:00:00+00:00,59987.8,60249.8,59633.0,59830.0,9522.482
2024-08-18 16:00:00+00:00,59830.0,59921.3,59324.7,59684.9,8067.3
2024-08-18 20:00:00+00:00,59684.9,59844.0,58400.0,58406.4,17969.015
2024-08-19 00:00:00+00:00,58406.4,58740.0,58140.7,58703.2,17750.139
2024-08-19 04:00:00+00:00,58703.2,58724.0,58322.2,58469.1,8848.375
2024-08-19 08:00:00+00:00,58469.1,58636.8,57753.1,58358.1,21308.298
2024-08-19 12:00:00+00:00,58358.1,58946.6,58020.0,58511.7,25066.873
2024-08-19 16:00:00+00:00,58511.7,59272.0,58339.0,58927.9,20724.366
2024-08-19 20:00:00+00:00,58927.9,59600.0,58874.0,59403.9,13504.53
2024-08-20 00:00:00+00:00,59403.9,60897.0,59326.1,60595.4,30565.63
2024-08-20 04:00:00+00:00,60595.4,61455.8,60553.3,60907.1,22370.547
2024-08-20 08:00:00+00:00,60907.1,60950.0,60357.5,60488.3,12476.379
2024-08-20 12:00:00+00:00,60488.3,60930.0,58666.0,58804.4,55339.613
2024-08-20 16:00:00+00:00,58804.4,59575.5,58400.0,59483.1,24281.312
2024-08-20 20:00:00+00:00,59483.1,59743.0,58804.5,58978.0,16063.544
2024-08-21 00:00:00+00:00,58978.0,59484.8,58728.4,59290.0,8513.97
2024-08-21 04:00:00+00:00,59290.0,59710.0,59163.3,59674.0,7653.334
2024-08-21 08:00:00+00:00,59674.0,59989.7,59050.4,59324.0,17430.166
2024-08-21 12:00:00+00:00,59324.0,60201.1,58805.0,59484.1,44757.172
2024-08-21 16:00:00+00:00,59484.1,61621.4,59335.7,61539.2,41766.079
2024-08-21 20:00:00+00:00,61539.2,61835.0,60861.7,61120.6,24940.543
2024-08-22 00:00:00+00:00,61120.6,61198.3,59623.9,60523.6,20941.43
2024-08-22 04:00:00+00:00,60523.6,61200.0,60426.8,60953.8,11676.563
2024-08-22 08:00:00+00:00,60953.8,61386.2,60771.6,61300.6,12544.293
2024-08-22 12:00:00+00:00,61300.6,61373.4,60066.5,60375.0,35546.999
2024-08-22 16:00:00+00:00,60375.0,60571.5,60100.0,60284.0,14471.098
2024-08-22 20:00:00+00:00,60284.0,60703.4,60262.4,60355.3,8088.064
2024-08-23 00:00:00+00:00,60355.3,60928.8,60316.1,60568.3,8979.441
2024-08-23 04:00:00+00:00,60568.3,61333.0,60557.9,61043.8,11944.717
2024-08-23 08:00:00+00:00,61043.8,61311.4,60661.1,60712.1,11828.506
2024-08-23 12:00:00+00:00,60712.1,62319.7,60712.1,61504.0,57661.029
2024-08-23 16:00:00+00:00,61504.0,63799.8,61311.6,63580.3,54430.571
2024-08-23 20:00:00+00:00,63580.3,65041.9,63445.8,64005.0,36052.824
2024-08-24 00:00:00+00:00,64005.0,64161.8,63596.8,63800.2,8518.223
2024-08-24 04:00:00+00:00,63800.2,64333.0,63789.7,64288.1,8291.474
2024-08-24 08:00:00+00:00,64288.1,64485.0,63818.1,63888.1,9478.521
2024-08-24 12:00:00+00:00,63888.1,64224.9,63833.4,63946.3,7223.258
2024-08-24 16:00:00+00:00,63946.3,64422.5,63818.0,64186.3,11734.598
2024-08-24 20:00:00+00:00,64186.3,64313.2,63520.0,64130.3,10763.216
2024-08-25 00:00:00+00:00,64130.3,64800.0,63965.0,64075.2,11095.186
2024-08-25 04:00:00+00:00,64075.2,64176.0,63750.0,63839.5,5955.877
2024-08-25 08:00:00+00:00,63839.5,64008.0,63759.7,63871.7,6307.02
2024-08-25 12:00:00+00:00,63871.7,64274.2,63793.2,64110.3,6891.551
2024-08-25 16:00:00+00:00,64110.3,64224.7,63963.2,64156.8,4976.143
2024-08-25 20:00:00+00:00,64156.8,64992.6,64102.9,64180.9,16451.292
2024-08-26 00:00:00+00:00,64180.9,64447.6,63729.4,64085.0,10706.958
2024-08-26 04:00:00+00:00,64085.0,64188.2,63539.0,63595.5,10411.32
2024-08-26 08:00:00+00:00,63595.5,64029.9,63177.0,63821.2,15493.418
2024-08-26 12:00:00+00:00,63821.2,63935.0,63034.8,63504.2,29554.313
2024-08-26 16:00:00+00:00,63504.2,63870.7,63150.0,63312.2,17658.558
2024-08-26 20:00:00+00:00,63312.2,63539.9,62777.0,62812.0,13422.83
2024-08-27 00:00:00+00:00,62812.0,63203.2,62620.0,62941.0,13134.955
2024-08-27 04:00:00+00:00,62941.0,63187.2,62700.7,62878.3,9148.149
2024-08-27 08:00:00+00:00,62878.3,62977.0,62200.0,62393.8,20165.356
2024-08-27 12:00:00+00:00,62393.8,62472.3,61410.0,61695.3,41438.217
2024-08-27 16:00:00+00:00,61695.3,62200.0,61489.8,62082.5,17406.838
2024-08-27 20:00:00+00:00,62082.5,62082.6,57869.5,59366.7,81541.94
2024-08-28 00:00:00+00:00,59366.7,59637.6,58868.8,59601.6,17513.016
2024-08-28 04:00:00+00:00,59601.6,59637.6,58445.9,58561.9,15376.534
2024-08-28 08:00:00+00:00,58561.9,60244.9,58503.4,59906.2,29829.665
2024-08-28 12:00:00+00:00,59906.2,60133.6,58255.0,58962.0,41177.548
2024-08-28 16:00:00+00:00,58962.0,59799.0,57800.0,58872.3,45029.492
2024-08-28 20:00:00+00:00,58872.3,59597.4,58547.1,59013.1,20501.263
2024-08-29 00:00:00+00:00,59013.1,59310.6,58833.3,59119.2,7393.117
2024-08-29 04:00:00+00:00,59119.2,59745.3,59036.7,59550.0,10062.326
2024-08-29 08:00:00+00:00,59550.0,60450.0,59333.0,60033.0,18214.999
2024-08-29 12:00:00+00:00,60033.0,61148.7,59953.6,60747.0,34029.133
2024-08-29 16:00:00+00:00,60747.0,60926.4,58868.0,59231.5,41903.709
2024-08-29 20:00:00+00:00,59231.5,59614.4,58618.2,59315.8,14918.323
2024-08-30 00:00:00+00:00,59315.8,59446.7,58858.0,59003.3,10779.943
2024-08-30 04:00:00+00:00,59003.3,59566.0,58643.0,59246.3,15740.987
2024-08-30 08:00:00+00:00,59246.3,59649.9,59240.8,59364.9,11669.122
2024-08-30 12:00:00+00:00,59364.9,59922.0,57910.0,58055.9,52390.844
2024-08-30 16:00:00+00:00,58055.9,59390.8,57665.7,58666.6,35559.418
2024-08-30 20:00:00+00:00,58666.6,59293.9,58661.1,59100.9,7012.687
2024-08-31 00:00:00+00:00,59100.9,59437.7,59030.6,59205.4,4893.975
2024-08-31 04:00:00+00:00,59205.4,59327.9,59034.6,59064.0,4533.135
2024-08-31 08:00:00+00:00,59064.0,59150.0,58801.7,59094.5,7002.807
2024-08-31 12:00:00+00:00,59094.5,59230.0,58855.7,58992.1,7277.121
2024-08-31 16:00:00+00:00,58992.1,59119.0,58705.9,58838.0,6650.706
2024-08-31 20:00:00+00:00,58838.0,59144.0,58758.3,58944.4,3302.45
2024-09-01 00:00:00+00:00,58944.4,59053.1,58227.6,58504.3,10877.378
2024-09-01 04:00:00+00:00,58504.3,58571.7,57719.8,58457.7,18386.701
2024-09-01 08:00:00+00:00,58457.7,58489.8,57800.0,58204.0,12926.259
2024-09-01 12:00:00+00:00,58204.0,58354.2,56913.4,58190.0,30769.151
2024-09-01 16:00:00+00:00,58190.0,58790.8,57831.2,58481.5,16241.807
2024-09-01 20:00:00+00:00,58481.5,58643.3,57161.9,57266.1,22333.01
2024-09-02 00:00:00+00:00,57266.1,57749.9,57072.2,57721.3,19937.541
2024-09-02 04:00:00+00:00,57721.3,57970.2,57322.1,57517.3,11638.09
2024-09-02 08:00:00+00:00,57517.3,58646.9,57476.7,58394.4,22823.783
2024-09-02 12:00:00+00:00,58394.4,58800.0,58062.9,58516.0,20171.009
2024-09-02 16:00:00+00:00,58516.0,58646.3,58271.2,58417.9,7187.868
2024-09-02 20:00:00+00:00,58417.9,59423.1,58355.1,59116.7,19047.886
2024-09-03 00:00:00+00:00,59116.7,59805.0,59000.9,59089.4,13184.331
2024-09-03 04:00:00+00:00,59089.4,59234.6,58823.4,59074.7,10443.223
2024-09-03 08:00:00+00:00,59074.7,59169.5,58680.1,59042.8,10234.422
2024-09-03 12:00:00+00:00,59042.8,59331.9,57540.0,57700.4,43337.723
2024-09-03 16:00:00+00:00,57700.4,58224.0,57550.0,58014.4,18892.636
2024-09-03 20:00:00+00:00,58014.4,58221.5,57356.7,57450.2,10945.471
2024-09-04 00:00:00+00:00,57450.2,57923.7,55501.0,56636.6,48541.878
2024-09-04 04:00:00+00:00,56636.6,56863.0,56130.0,56714.9,15729.674
2024-09-04 08:00:00+00:00,56714.9,56879.7,56424.0,56540.0,9551.284
2024-09-04 12:00:00+00:00,56540.0,58130.0,56130.0,58098.7,46855.078
2024-09-04 16:00:00+00:00,58098.7,58499.8,57594.2,58020.9,29481.534
2024-09-04 20:00:00+00:00,58020.9,58378.0,57716.6,57937.8,9970.517
2024-09-05 00:00:00+00:00,57937.8,58300.0,56886.0,57094.1,19063.245
2024-09-05 04:00:00+00:00,57094.1,57269.8,56491.0,57125.1,16725.02
2024-09-05 08:00:00+00:00,57125.1,57202.4,56588.0,56665.9,14971.919
2024-09-05 12:00:00+00:00,56665.9,57319.3,55761.7,55950.1,59474.894
2024-09-05 16:00:00+00:00,55950.1,56684.2,55729.6,56018.6,25850.78
2024-09-05 20:00:00+00:00,56018.6,56244.0,55509.8,56150.5,13459.598
2024-09-06 00:00:00+00:00,56150.5,56844.7,55948.0,56558.0,13727.354
2024-09-06 04:00:00+00:00,56558.0,56722.9,55205.0,55763.9,27460.477
2024-09-06 08:00:00+00:00,55763.9,56247.0,55592.4,55977.3,18241.505
2024-09-06 12:00:00+00:00,55977.3,56997.6,53767.0,54020.0,107113.604
2024-09-06 16:00:00+00:00,54020.0,54420.1,53234.2,53511.5,53694.048
2024-09-06 20:00:00+00:00,53511.5,53943.4,52500.2,53934.0,37483.552
2024-09-07 00:00:00+00:00,53934.0,54069.0,53733.0,53797.0,6949.791
2024-09-07 04:00:00+00:00,53797.0,54384.2,53788.7,54260.0,10906.178
2024-09-07 08:00:00+00:00,54260.0,54478.7,54141.0,54308.1,8837.653
2024-09-07 12:00:00+00:00,54308.1,54812.0,54308.1,54750.5,12052.904
2024-09-07 16:00:00+00:00,54750.5,54827.5,53970.3,54380.0,13225.774
2024-09-07 20:00:00+00:00,54380.0,54417.8,53782.5,54139.5,11654.441
2024-09-08 00:00:00+00:00,54139.5,54488.0,53942.1,54366.1,7929.129
2024-09-08 04:00:00+00:00,54366.1,54565.5,54233.7,54414.5,7606.764
2024-09-08 08:00:00+00:00,54414.5,54699.8,54325.6,54534.3,7527.798
2024-09-08 12:00:00+00:00,54534.3,54549.5,53630.1,53670.0,18603.273
2024-09-08 16:00:00+00:00,53670.0,54519.9,53607.5,54315.8,13545.763
2024-09-08 20:00:00+00:00,54315.8,55300.0,54159.9,54850.0,25471.042
2024-09-09 00:00:00+00:00,54850.0,55375.8,54663.2,55093.7,17109.479
2024-09-09 04:00:00+00:00,55093.7,55129.5,54560.3,54946.0,10648.856
2024-09-09 08:00:00+00:00,54946.0,55532.5,54930.6,55239.9,16348.276
2024-09-09 12:00:00+00:00,55239.9,55810.0,54760.0,55364.9,38631.057
2024-09-09 16:00:00+00:00,55364.9,57164.5,55320.6,57069.0,43064.398
2024-09-09 20:00:00+00:00,57069.0,58150.2,56782.8,57014.5,26180.54
2024-09-10 00:00:00+00:00,57014.5,57044.4,56490.5,56495.5,13452.435
2024-09-10 04:00:00+00:00,56495.5,57278.0,56350.0,57191.4,14453.374
2024-09-10 08:00:00+00:00,57191.4,57346.0,56861.5,57196.0,12827.971
2024-09-10 12:00:00+00:00,57196.0,57497.1,56485.1,56548.9,36847.527
2024-09-10 16:00:00+00:00,56548.9,58039.7,56521.4,57929.8,29837.408
2024-09-10 20:00:00+00:00,57929.8,57955.3,57409.8,57620.3,11044.766
2024-09-11 00:00:00+00:00,57620.3,57732.3,56644.0,56783.5,25665.771
2024-09-11 04:00:00+00:00,56783.5,56783.5,56037.8,56687.0,24183.178
2024-09-11 08:00:00+00:00,56687.0,56866.1,56293.6,56778.6,17023.728
2024-09-11 12:00:00+00:00,56778.6,57148.9,55530.1,56673.2,69714.423
2024-09-11 16:00:00+00:00,56673.2,57977.4,56619.4,57551.3,43033.945
2024-09-11 20:00:00+00:00,57551.3,57649.9,57182.5,57310.4,6904.038
2024-09-12 00:00:00+00:00,57310.4,58466.0,57298.5,58210.0,23314.106
2024-09-12 04:00:00+00:00,58210.0,58404.7,57801.2,58105.1,11120.029
2024-09-12 08:00:00+00:00,58105.1,58326.3,57868.0,58035.0,9840.005
2024-09-12 12:00:00+00:00,58035.0,58580.9,57306.6,57474.9,47992.208
2024-09-12 16:00:00+00:00,57474.9,58446.0,57456.6,58384.3,23369.971
2024-09-12 20:00:00+00:00,58384.3,58392.1,57645.6,58104.8,14813.009
2024-09-13 00:00:00+00:00,58104.8,58232.1,57800.0,57821.9,7792.455
2024-09-13 04:00:00+00:00,57821.9,58118.2,57700.7,58085.0,7192.265
2024-09-13 08:00:00+00:00,58085.0,58335.7,57774.0,57842.0,11779.813
2024-09-13 12:00:00+00:00,57842.0,59697.7,57579.0,59636.5,49955.021
2024-09-13 16:00:00+00:00,59636.5,59971.2,59283.0,59699.8,29707.181
2024-09-13 20:00:00+00:00,59699.8,60624.2,59584.6,60466.3,24024.993
2024-09-14 00:00:00+00:00,60466.3,60584.2,60251.3,60291.8,6986.661
2024-09-14 04:00:00+00:00,60291.8,60322.4,59851.2,60109.2,8734.072
2024-09-14 08:00:00+00:00,60109.2,60126.7,59560.0,59670.1,9369.277
2024-09-14 12:00:00+00:00,59670.1,59991.8,59596.3,59845.5,8261.514
2024-09-14 16:00:00+00:00,59845.5,59963.7,59357.7,59783.0,11079.646
2024-09-14 20:00:00+00:00,59783.0,60135.9,59750.8,59968.0,6709.754
2024-09-15 00:00:00+00:00,59968.0,60250.3,59959.6,60131.8,4067.395
2024-09-15 04:00:00+00:00,60131.8,60197.3,60018.9,60161.6,3028.405
2024-09-15 08:00:00+00:00,60161.6,60175.6,59832.0,59975.3,5692.566
2024-09-15 12:00:00+00:00,59975.3,60392.8,59845.6,60312.9,11311.171
2024-09-15 16:00:00+00:00,60312.9,60330.0,59677.6,59853.1,14697.57
2024-09-15 20:00:00+00:00,59853.1,59919.1,58652.1,59101.2,23965.58
2024-09-16 00:00:00+00:00,59101.2,59182.0,58065.0,58547.0,26600.633
2024-09-16 04:00:00+00:00,58547.0,58942.2,58282.3,58881.9,12260.08
2024-09-16 08:00:00+00:00,58881.9,59159.0,58474.9,58633.6,14641.276
2024-09-16 12:00:00+00:00,58633.6,58760.0,57529.8,57867.2,37733.607
2024-09-16 16:00:00+00:00,57867.2,58250.0,57450.0,57922.2,21409.614
2024-09-16 20:00:00+00:00,57922.2,58399.0,57569.5,58185.0,11293.06
2024-09-17 00:00:00+00:00,58185.0,58314.9,57568.0,58037.8,13411.675
2024-09-17 04:00:00+00:00,58037.8,58772.3,57985.1,58665.9,11258.451
2024-09-17 08:00:00+00:00,58665.9,59280.0,58605.0,59059.0,17328.051
2024-09-17 12:00:00+00:00,59059.0,61330.0,58838.5,61107.0,71512.489
2024-09-17 16:00:00+00:00,61107.0,61237.5,59531.2,59945.5,36015.405
2024-09-17 20:00:00+00:00,59945.5,60431.3,59688.0,60275.1,13974.462
2024-09-18 00:00:00+00:00,60275.1,60747.0,59835.0,60490.1,12892.08
2024-09-18 04:00:00+00:00,60490.1,60660.0,60166.2,60406.0,8066.934
2024-09-18 08:00:00+00:00,60406.0,60406.1,59353.1,59825.9,18589.95
2024-09-18 12:00:00+00:00,59825.9,60146.0,59266.1,59405.7,25459.617
2024-09-18 16:00:00+00:00,59405.7,61349.0,59126.2,60039.8,79876.737
2024-09-18 20:00:00+00:00,60039.8,61776.9,59447.4,61743.7,26750.234
2024-09-19 00:00:00+00:00,61743.7,62578.2,61523.6,62085.8,31733.919
2024-09-19 04:00:00+00:00,62085.8,62150.0,61782.2,62067.7,10004.092
2024-09-19 08:00:00+00:00,62067.7,62723.9,61854.5,62608.0,18872.595
2024-09-19 12:00:00+00:00,62608.0,63499.3,62536.0,63121.4,44532.984
2024-09-19 16:00:00+00:00,63121.4,63856.0,62900.2,63217.9,30401.02
2024-09-19 20:00:00+00:00,63217.9,63218.0,62620.0,62922.8,14334.665
2024-09-20 00:00:00+00:00,62922.8,63732.3,62562.5,63730.0,15473.192
2024-09-20 04:00:00+00:00,63730.0,64131.7,63360.0,63488.2,23935.755
2024-09-20 08:00:00+00:00,63488.2,63686.0,63076.1,63426.6,15491.915
2024-09-20 12:00:00+00:00,63426.6,63537.7,62550.0,63127.0,36835.603
2024-09-20 16:00:00+00:00,63127.0,63260.0,62310.0,62765.3,17816.277
2024-09-20 20:00:00+00:00,62765.3,63289.3,62656.7,63173.8,9371.716
2024-09-21 00:00:00+00:00,63173.8,63280.0,62733.1,62860.9,7063.619
2024-09-21 04:00:00+00:00,62860.9,63098.0,62712.8,63043.9,5977.612
2024-09-21 08:00:00+00:00,63043.9,63117.8,62935.6,63055.6,3853.036
2024-09-21 12:00:00+00:00,63055.6,63287.9,62984.3,63141.2,5976.927
2024-09-21 16:00:00+00:00,63141.2,63391.2,63052.0,63175.3,6451.961
2024-09-21 20:00:00+00:00,63175.3,63544.0,63014.5,63311.5,5179.729
2024-09-22 00:00:00+00:00,63311.5,63421.1,62801.0,63081.6,7755.659
2024-09-22 04:00:00+00:00,63081.6,63186.5,62757.7,62903.2,5685.892
2024-09-22 08:00:00+00:00,62903.2,62998.8,62525.0,62747.1,10728.963
2024-09-22 12:00:00+00:00,62747.1,62910.1,62434.1,62628.1,8586.752
2024-09-22 16:00:00+00:00,62628.1,63298.4,62451.1,63140.1,10062.22
2024-09-22 20:00:00+00:00,63140.1,64000.0,62350.0,63549.9,29780.062
2024-09-23 00:00:00+00:00,63549.9,64774.2,62537.1,64330.9,36792.012
2024-09-23 04:00:00+00:00,64330.9,64440.0,63352.9,63515.1,16432.32
2024-09-23 08:00:00+00:00,63515.1,63699.7,63230.0,63396.4,13308.738
2024-09-23 12:00:00+00:00,63396.4,63793.3,63035.6,63592.4,31068.428
2024-09-23 16:00:00+00:00,63592.4,63849.7,63070.0,63272.1,17068.394
2024-09-23 20:00:00+00:00,63272.1,63510.4,63060.0,63305.9,9943.038
2024-09-24 00:00:00+00:00,63305.9,63383.5,62634.0,63100.0,18404.705
2024-09-24 04:00:00+00:00,63100.0,63548.1,62907.0,63528.0,8768.111
2024-09-24 08:00:00+00:00,63528.0,63935.0,63335.4,63448.1,17330.276
2024-09-24 12:00:00+00:00,63448.1,63749.6,62666.0,63123.4,31159.778
2024-09-24 16:00:00+00:00,63123.4,64349.0,63056.7,64266.6,23650.241
2024-09-24 20:00:00+00:00,64266.6,64749.9,63938.6,64248.6,22804.101
2024-09-25 00:00:00+00:00,64248.6,64876.5,63957.8,64445.9,16624.038
2024-09-25 04:00:00+00:00,64445.9,64451.9,63557.4,63803.5,12875.957
2024-09-25 08:00:00+00:00,63803.5,63906.6,63377.4,63813.2,12916.608
2024-09-25 12:00:00+00:00,63813.2,63992.4,63245.7,63466.7,20861.541
2024-09-25 16:00:00+00:00,63466.7,63650.0,62957.6,63172.4,16838.728
2024-09-25 20:00:00+00:00,63172.4,63550.0,62900.0,63130.1,10861.429
2024-09-26 00:00:00+00:00,63130.1,63535.5,62650.0,63486.1,14512.174
2024-09-26 04:00:00+00:00,63486.1,63848.0,63312.2,63828.3,10846.372
2024-09-26 08:00:00+00:00,63828.3,64497.2,63552.8,64375.0,20595.242
2024-09-26 12:00:00+00:00,64375.0,65600.0,64131.0,65197.8,60443.121
2024-09-26 16:00:00+00:00,65197.8,65850.0,64650.2,64668.6,26120.694
2024-09-26 20:00:00+00:00,64668.6,65239.1,64588.0,65145.8,17206.71
2024-09-27 00:00:00+00:00,65145.8,65421.1,64789.0,65327.5,12195.896
2024-09-27 04:00:00+00:00,65327.5,65535.0,65063.0,65450.0,14296.773
2024-09-27 08:00:00+00:00,65450.0,65980.0,65311.0,65417.5,21662.644
2024-09-27 12:00:00+00:00,65417.5,66520.0,65284.0,65953.6,41988.823
2024-09-27 16:00:00+00:00,65953.6,66343.3,65483.6,65608.9,22211.659
2024-09-27 20:00:00+00:00,65608.9,65945.9,65581.8,65746.5,6270.869
2024-09-28 00:00:00+00:00,65746.5,66319.9,65688.3,66049.8,7843.632
2024-09-28 04:00:00+00:00,66049.8,66070.4,65710.0,65788.8,4841.228
2024-09-28 08:00:00+00:00,65788.8,65788.9,65423.7,65766.9,8948.437
2024-09-28 12:00:00+00:00,65766.9,65785.0,65394.5,65596.3,7402.8
2024-09-28 16:00:00+00:00,65596.3,65798.7,65466.1,65698.4,3257.809
2024-09-28 20:00:00+00:00,65698.4,65968.4,65310.0,65823.0,6450.614
2024-09-29 00:00:00+00:00,65823.0,65970.0,65624.5,65790.0,4514.063
2024-09-29 04:00:00+00:00,65790.0,65790.1,65370.5,65439.6,5176.628
2024-09-29 08:00:00+00:00,65439.6,65733.0,65404.0,65682.0,5188.208
2024-09-29 12:00:00+00:00,65682.0,65843.8,65556.4,65731.0,7430.761
2024-09-29 16:00:00+00:00,65731.0,65952.7,65633.0,65935.9,4677.839
2024-09-29 20:00:00+00:00,65935.9,66174.5,65496.4,65571.7,10193.537
2024-09-30 00:00:00+00:00,65571.7,65604.8,64170.0,64535.8,33313.465
2024-09-30 04:00:00+00:00,64535.8,64689.0,64300.0,64543.8,11927.674
2024-09-30 08:00:00+00:00,64543.8,64556.9,63225.1,63793.8,40121.007
2024-09-30 12:00:00+00:00,63793.8,64174.9,63436.0,63535.7,27322.874
2024-09-30 16:00:00+00:00,63535.7,63730.5,63018.4,63462.7,24760.637
2024-09-30 20:00:00+00:00,63462.7,63872.9,62800.0,63276.8,19159.254
2024-10-01 00:00:00+00:00,63276.8,63721.1,62929.9,63686.3,19448.897
2024-10-01 04:00:00+00:00,63686.3,64096.6,63609.6,64018.0,12273.824
2024-10-01 08:00:00+00:00,64018.0,64086.9,63684.0,63704.7,10269.119
2024-10-01 12:00:00+00:00,63704.7,63780.0,61750.0,62602.6,85817.595
2024-10-01 16:00:00+00:00,62602.6,62776.6,61021.4,61740.8,77221.025
2024-10-01 20:00:00+00:00,61740.8,61754.9,60118.9,60790.0,47215.733
2024-10-02 00:00:00+00:00,60790.0,61859.8,60710.0,61726.7,16660.492
2024-10-02 04:00:00+00:00,61726.7,61921.7,61327.0,61704.0,15010.179
2024-10-02 08:00:00+00:00,61704.0,61885.5,60840.0,61137.1,22960.183
2024-10-02 12:00:00+00:00,61137.1,61896.9,60502.8,61843.3,43301.059
2024-10-02 16:00:00+00:00,61843.3,62416.3,59952.9,60169.5,53936.789
2024-10-02 20:00:00+00:00,60169.5,60978.3,60100.1,60617.5,22715.954
2024-10-03 00:00:00+00:00,60617.5,61450.1,60506.7,61441.6,16849.0
2024-10-03 04:00:00+00:00,61441.6,61460.0,60770.9,60895.4,13258.42
2024-10-03 08:00:00+00:00,60895.4,61048.5,60092.0,60740.6,29955.62
2024-10-03 12:00:00+00:00,60740.6,60875.9,59840.2,60614.2,57153.064
2024-10-03 16:00:00+00:00,60614.2,61056.1,59893.1,61009.1,30609.266
2024-10-03 20:00:00+00:00,61009.1,61095.0,60575.8,60725.9,9489.322
2024-10-04 00:00:00+00:00,60725.9,61249.9,60414.0,60920.9,15052.173
2024-10-04 04:00:00+00:00,60920.9,61493.8,60900.2,61412.0,11452.715
2024-10-04 08:00:00+00:00,61412.0,61649.7,61230.2,61428.8,13664.554
2024-10-04 12:00:00+00:00,61428.8,61988.0,60753.9,61851.4,54108.111
2024-10-04 16:00:00+00:00,61851.4,62452.9,61602.8,62331.1,27261.881
2024-10-04 20:00:00+00:00,62331.1,62469.0,61948.0,62063.9,9270.538
2024-10-05 00:00:00+00:00,62063.9,62175.9,61650.0,61845.9,7595.576
2024-10-05 04:00:00+00:00,61845.9,62249.8,61798.0,62042.2,5040.397
2024-10-05 08:00:00+00:00,62042.2,62300.0,62042.1,62153.5,4353.546
2024-10-05 12:00:00+00:00,62153.5,62365.9,62074.1,62135.8,5465.994
2024-10-05 16:00:00+00:00,62135.8,62159.8,61758.3,61834.8,7951.166
2024-10-05 20:00:00+00:00,61834.8,62086.7,61677.5,62035.0,5538.142
2024-10-06 00:00:00+00:00,62035.0,62125.7,61848.1,61856.0,3969.668
2024-10-06 04:00:00+00:00,61856.0,61992.0,61791.3,61925.6,2987.792
2024-10-06 08:00:00+00:00,61925.6,62144.3,61900.0,62074.1,4153.669
2024-10-06 12:00:00+00:00,62074.1,62756.4,62034.1,62683.7,15942.507
2024-10-06 16:00:00+00:00,62683.7,62973.3,62512.0,62597.2,12423.522
2024-10-06 20:00:00+00:00,62597.2,62890.0,62253.8,62792.9,10159.923
2024-10-07 00:00:00+00:00,62792.9,63949.0,62624.3,63499.4,27318.337
2024-10-07 04:00:00+00:00,63499.4,63695.6,63260.7,63502.0,9357.864
2024-10-07 08:00:00+00:00,63502.0,63680.0,62633.0,63115.4,22349.82
2024-10-07 12:00:00+00:00,63115.4,64464.0,62788.0,63622.5,44905.087
2024-10-07 16:00:00+00:00,63622.5,63897.6,62688.0,63344.0,26679.619
2024-10-07 20:00:00+00:00,63344.0,63375.7,62055.0,62191.2,24749.416
2024-10-08 00:00:00+00:00,62191.2,62790.6,62108.5,62603.6,12777.111
2024-10-08 04:00:00+00:00,62603.6,62750.0,61944.2,62284.4,16900.758
2024-10-08 08:00:00+00:00,62284.4,62649.6,62155.0,62600.0,9140.517
2024-10-08 12:00:00+00:00,62600.0,63189.7,61803.4,62255.0,44484.539
2024-10-08 16:00:00+00:00,62255.0,62595.1,61836.0,62219.5,23404.413
2024-10-08 20:00:00+00:00,62219.5,62543.6,61985.8,62120.7,8155.562
2024-10-09 00:00:00+00:00,62120.7,62481.0,61952.7,62365.2,9344.048
2024-10-09 04:00:00+00:00,62365.2,62525.0,62161.3,62245.0,6271.007
2024-10-09 08:00:00+00:00,62245.0,62263.7,62020.6,62173.8,6461.814
2024-10-09 12:00:00+00:00,62173.8,62390.0,61620.0,62289.9,34703.282
2024-10-09 16:00:00+00:00,62289.9,62321.3,60800.0,61007.9,35769.221
2024-10-09 20:00:00+00:00,61007.9,61101.0,60266.0,60607.7,23139.011
2024-10-10 00:00:00+00:00,60607.7,60942.5,60339.0,60849.0,12096.217
2024-10-10 04:00:00+00:00,60849.0,61144.4,60790.0,60866.0,9026.48
2024-10-10 08:00:00+00:00,60866.0,61286.4,60591.0,61232.2,15830.749
2024-10-10 12:00:00+00:00,61232.2,61288.0,60412.7,60766.5,39205.699
2024-10-10 16:00:00+00:00,60766.5,61021.6,58900.0,59698.9,51498.725
2024-10-10 20:00:00+00:00,59698.9,60297.3,59557.7,60295.6,13781.202
2024-10-11 00:00:00+00:00,60295.6,60754.0,60064.4,60580.8,11842.382
2024-10-11 04:00:00+00:00,60580.8,60897.0,60542.7,60644.3,8988.222
2024-10-11 08:00:00+00:00,60644.3,61263.3,60617.8,61146.8,16455.346
2024-10-11 12:00:00+00:00,61146.8,62449.5,61094.7,62238.3,47902.593
2024-10-11 16:00:00+00:00,62238.3,63436.0,62105.7,63065.4,38453.334
2024-10-11 20:00:00+00:00,63065.4,63160.0,62306.4,62499.6,19229.734
2024-10-12 00:00:00+00:00,62499.6,63078.1,62457.9,62541.1,14228.629
2024-10-12 04:00:00+00:00,62541.1,62777.0,62541.0,62740.0,4901.264
2024-10-12 08:00:00+00:00,62740.0,63245.2,62647.1,62918.9,9628.088
2024-10-12 12:00:00+00:00,62918.9,63467.4,62785.9,63132.3,15839.462
2024-10-12 16:00:00+00:00,63132.3,63377.5,62881.7,62965.9,7725.901
2024-10-12 20:00:00+00:00,62965.9,63355.6,62965.8,63177.5,5049.729
2024-10-13 00:00:00+00:00,63177.5,63269.5,62607.0,62677.3,12647.71
2024-10-13 04:00:00+00:00,62677.3,62967.0,62670.6,62819.9,5240.445
2024-10-13 08:00:00+00:00,62819.9,62939.8,62488.0,62536.4,8102.046
2024-10-13 12:00:00+00:00,62536.4,62804.7,62012.1,62193.6,18170.781
2024-10-13 16:00:00+00:00,62193.6,62864.0,62141.5,62700.4,17074.181
2024-10-13 20:00:00+00:00,62700.4,63100.0,62577.3,62838.7,10940.046
2024-10-14 00:00:00+00:00,62838.7,64384.0,62422.5,64288.0,26856.924
2024-10-14 04:00:00+00:00,64288.0,64694.8,63761.8,64597.7,31307.873
2024-10-14 08:00:00+00:00,64597.7,65151.8,64313.3,64903.5,28209.469
2024-10-14 12:00:00+00:00,64903.5,66283.8,64611.5,65862.0,52410.018
2024-10-14 16:00:00+00:00,65862.0,66060.8,65543.9,65905.6,21787.378
2024-10-14 20:00:00+00:00,65905.6,67300.0,65650.0,66080.1,23511.555
2024-10-15 00:00:00+00:00,66080.1,66337.0,65310.1,65401.5,14681.631
2024-10-15 04:00:00+00:00,65401.5,65844.1,65210.2,65651.5,14621.618
2024-10-15 08:00:00+00:00,65651.5,65854.3,65254.0,65380.0,14690.42
2024-10-15 12:00:00+00:00,65380.0,67999.0,64762.1,66009.9,117088.451
2024-10-15 16:00:00+00:00,66009.9,67396.0,65972.1,66957.1,45045.174
2024-10-15 20:00:00+00:00,66957.1,67150.2,66100.6,67057.4,22865.124
2024-10-16 00:00:00+00:00,67057.4,67570.1,66727.0,67088.9,15200.267
2024-10-16 04:00:00+00:00,67088.9,67344.1,66750.0,66962.9,12016.173
2024-10-16 08:00:00+00:00,66962.9,68525.0,66900.2,67883.9,43645.683
2024-10-16 12:00:00+00:00,67883.9,68327.0,67085.3,67735.4,48150.098
2024-10-16 16:00:00+00:00,67735.4,68083.3,67461.5,67700.1,15215.345
2024-10-16 20:00:00+00:00,67700.1,67942.8,67461.7,67595.1,11250.141
2024-10-17 00:00:00+00:00,67595.1,67921.0,67357.0,67573.1,10843.504
2024-10-17 04:00:00+00:00,67573.1,67573.1,67050.0,67272.7,11086.893
2024-10-17 08:00:00+00:00,67272.7,67515.0,66787.5,66861.3,17227.984
2024-10-17 12:00:00+00:00,66861.3,67666.6,66650.1,67566.8,37041.872
2024-10-17 16:00:00+00:00,67566.8,67574.0,66675.7,66810.3,23706.365
2024-10-17 20:00:00+00:00,66810.3,67457.9,66790.5,67390.4,8858.736
2024-10-18 00:00:00+00:00,67390.4,68300.0,67157.0,67524.5,21815.499
2024-10-18 04:00:00+00:00,67524.5,68400.0,67512.7,67950.1,18432.097
2024-10-18 08:00:00+00:00,67950.1,68035.0,67644.5,67678.6,10180.475
2024-10-18 12:00:00+00:00,67678.6,68950.0,67621.6,68723.1,45275.107
2024-10-18 16:00:00+00:00,68723.1,69049.7,68338.6,68572.8,24263.828
2024-10-18 20:00:00+00:00,68572.8,68662.0,68100.0,68402.4,10083.8
2024-10-19 00:00:00+00:00,68402.4,68685.0,68271.8,68433.0,5638.369
2024-10-19 04:00:00+00:00,68433.0,68547.4,68272.4,68329.9,4840.451
2024-10-19 08:00:00+00:00,68329.9,68472.8,68051.9,68064.6,7358.117
2024-10-19 12:00:00+00:00,68064.6,68339.3,68059.5,68213.9,6170.906
2024-10-19 16:00:00+00:00,68213.9,68233.2,67980.0,68173.3,4739.905
2024-10-19 20:00:00+00:00,68173.3,68407.0,68155.9,68369.5,3993.662
2024-10-20 00:00:00+00:00,68369.5,68442.1,68074.9,68166.7,4395.726
2024-10-20 04:00:00+00:00,68166.7,68440.5,68150.5,68353.9,3697.299
2024-10-20 08:00:00+00:00,68353.9,68502.2,68329.6,68396.9,3838.645
2024-10-20 12:00:00+00:00,68396.9,68786.9,68177.5,68614.9,11037.476
2024-10-20 16:00:00+00:00,68614.9,68651.3,68400.1,68498.1,3049.827
2024-10-20 20:00:00+00:00,68498.1,69428.0,68447.6,69034.0,22422.101
2024-10-21 00:00:00+00:00,69034.0,69555.0,68600.0,68948.3,16744.542
2024-10-21 04:00:00+00:00,68948.3,69205.3,68456.6,68518.5,10965.925
2024-10-21 08:00:00+00:00,68518.5,68673.3,68122.1,68249.5,14412.707
2024-10-21 12:00:00+00:00,68249.5,68342.4,66853.3,67350.0,49945.208
2024-10-21 16:00:00+00:00,67350.0,67943.9,66900.1,67766.5,23201.293
2024-10-21 20:00:00+00:00,67766.5,67937.4,67333.0,67368.1,10177.299
2024-10-22 00:00:00+00:00,67368.1,67700.0,66560.9,67397.0,22012.189
2024-10-22 04:00:00+00:00,67397.0,67796.2,67281.9,67385.4,8928.48
2024-10-22 08:00:00+00:00,67385.4,67523.4,66732.6,67293.8,21551.947
2024-10-22 12:00:00+00:00,67293.8,67678.2,66613.1,67264.9,37650.107
2024-10-22 16:00:00+00:00,67264.9,67629.6,66907.0,67469.4,14020.259
2024-10-22 20:00:00+00:00,67469.4,67847.0,67249.5,67409.5,9358.216
2024-10-23 00:00:00+00:00,67409.5,67477.7,66850.5,67065.6,9909.474
2024-10-23 04:00:00+00:00,67065.6,67294.0,66755.4,66832.5,12966.56
2024-10-23 08:00:00+00:00,66832.5,67027.2,66162.8,66398.0,24848.21
2024-10-23 12:00:00+00:00,66398.0,66905.9,65900.0,66203.3,37269.659
2024-10-23 16:00:00+00:00,66203.3,66568.0,65240.2,66478.2,48162.155
2024-10-23 20:00:00+00:00,66478.2,66815.4,66334.6,66659.1,13042.608
2024-10-24 00:00:00+00:00,66659.1,67637.1,66509.3,67208.2,19487.657
2024-10-24 04:00:00+00:00,67208.2,67480.2,67065.5,67122.0,10395.249
2024-10-24 08:00:00+00:00,67122.0,67330.0,66721.5,67287.4,16065.171
2024-10-24 12:00:00+00:00,67287.4,68000.0,67256.9,67671.5,33059.148
2024-10-24 16:00:00+00:00,67671.5,68288.0,67331.4,68276.9,23132.208
2024-10-24 20:00:00+00:00,68276.9,68847.2,67926.8,68171.2,25687.597
2024-10-25 00:00:00+00:00,68171.2,68258.0,67802.9,67970.0,10089.626
2024-10-25 04:00:00+00:00,67970.0,68010.0,67215.1,67506.1,16121.717
2024-10-25 08:00:00+00:00,67506.1,68174.1,67295.1,68084.6,17318.839
2024-10-25 12:00:00+00:00,68084.6,68755.0,67377.4,67653.2,37101.819
2024-10-25 16:00:00+00:00,67653.2,67837.4,65950.0,66825.4,65432.557
2024-10-25 20:00:00+00:00,66825.4,67367.0,65524.5,66666.8,37906.554
2024-10-26 00:00:00+00:00,66666.8,67023.8,66408.4,66883.9,14497.36
2024-10-26 04:00:00+00:00,66883.9,67212.0,66755.6,66988.4,6852.303
2024-10-26 08:00:00+00:00,66988.4,67240.0,66933.2,67104.6,4622.086
2024-10-26 12:00:00+00:00,67104.6,67151.3,66701.5,66858.0,8860.511
2024-10-26 16:00:00+00:00,66858.0,67162.0,66761.0,67149.9,4617.808
2024-10-26 20:00:00+00:00,67149.9,67442.7,67021.0,67069.1,5086.619
2024-10-27 00:00:00+00:00,67069.1,67307.3,66905.2,67267.5,4752.09
2024-10-27 04:00:00+00:00,67267.5,67297.9,67094.0,67176.8,2312.192
2024-10-27 08:00:00+00:00,67176.8,67246.9,67012.1,67099.1,4388.332
2024-10-27 12:00:00+00:00,67099.1,67837.4,67099.0,67760.0,13144.896
2024-10-27 16:00:00+00:00,67760.0,67999.3,67500.6,67814.9,9696.581
2024-10-27 20:00:00+00:00,67814.9,68311.6,67684.2,68001.1,12812.579
2024-10-28 00:00:00+00:00,68001.1,68103.2,67642.9,67694.1,8835.167
2024-10-28 04:00:00+00:00,67694.1,68675.0,67571.4,68399.4,15616.383
2024-10-28 08:00:00+00:00,68399.4,68826.1,68200.0,68757.0,18637.22
2024-10-28 12:00:00+00:00,68757.0,69280.0,68365.2,68454.6,41830.747
2024-10-28 16:00:00+00:00,68454.6,69941.5,68414.1,69599.2,39190.58
2024-10-28 20:00:00+00:00,69599.2,70449.9,69410.7,69947.6,23830.063
2024-10-29 00:00:00+00:00,69947.6,71645.0,69735.4,70934.5,37181.275
2024-10-29 04:00:00+00:00,70934.5,71393.4,70827.8,71019.0,12989.207
2024-10-29 08:00:00+00:00,71019.0,71594.0,70978.0,71463.5,13155.831
2024-10-29 12:00:00+00:00,71463.5,72443.6,70923.4,72392.3,57477.352
2024-10-29 16:00:00+00:00,72392.3,73681.8,72345.2,72537.0,60616.021
2024-10-29 20:00:00+00:00,72537.0,73030.1,71887.1,72757.5,23939.307
2024-10-30 00:00:00+00:00,72757.5,72813.6,72028.6,72274.2,13896.465
2024-10-30 04:00:00+00:00,72274.2,72649.0,72114.4,72262.7,8625.23
2024-10-30 08:00:00+00:00,72262.7,72636.3,71930.0,72000.0,13246.622
2024-10-30 12:00:00+00:00,72000.0,72491.0,71455.1,72065.0,32613.802
2024-10-30 16:00:00+00:00,72065.0,72220.4,71659.1,71833.0,12030.669
2024-10-30 20:00:00+00:00,71833.0,73044.2,71644.1,72386.3,32411.145
2024-10-31 00:00:00+00:00,72386.3,72638.3,72056.5,72377.8,10073.518
2024-10-31 04:00:00+00:00,72377.8,72506.7,72150.0,72436.0,7103.427
2024-10-31 08:00:00+00:00,72436.0,72736.4,72157.7,72223.1,13377.289
2024-10-31 12:00:00+00:00,72223.1,72280.6,70459.0,70654.5,56507.918
2024-10-31 16:00:00+00:00,70654.5,70945.1,70067.0,70144.8,30372.27
2024-10-31 20:00:00+00:00,70144.8,70688.0,69719.3,70332.3,20292.444
2024-11-01 00:00:00+00:00,70332.3,70506.8,68855.0,69396.9,31020.361
2024-11-01 04:00:00+00:00,69396.9,69720.0,69086.3,69287.0,10360.273
2024-11-01 08:00:00+00:00,69287.0,70265.1,69252.7,70034.6,15799.273
2024-11-01 12:00:00+00:00,70034.6,71650.0,69018.0,69392.1,63965.721
2024-11-01 16:00:00+00:00,69392.1,70537.7,68800.0,69275.8,43518.189
2024-11-01 20:00:00+00:00,69275.8,69631.4,68839.7,69495.5,12068.11
2024-11-02 00:00:00+00:00,69495.5,69919.0,69476.4,69597.4,5449.945
2024-11-02 04:00:00+00:00,69597.4,69818.1,69435.5,69809.1,5321.548
2024-11-02 08:00:00+00:00,69809.1,69844.0,69387.5,69597.5,6132.622
2024-11-02 12:00:00+00:00,69597.5,69687.0,68981.6,69381.7,15113.194
2024-11-02 16:00:00+00:00,69381.7,69604.4,69209.6,69497.4,5938.26
2024-11-02 20:00:00+00:00,69497.4,69568.7,69136.3,69363.6,5592.138
2024-11-03 00:00:00+00:00,69363.6,69382.9,67820.0,68360.9,28776.371
2024-11-03 04:00:00+00:00,68360.9,68766.0,68285.6,68395.0,9542.055
2024-11-03 08:00:00+00:00,68395.0,68600.0,68181.4,68344.8,9865.718
2024-11-03 12:00:00+00:00,68344.8,68565.5,67456.1,68073.3,32517.415
2024-11-03 16:00:00+00:00,68073.3,68699.9,67644.0,68673.3,24922.074
2024-11-03 20:00:00+00:00,68673.3,69339.7,68482.8,68743.6,19519.775
2024-11-04 00:00:00+00:00,68743.6,69497.0,68200.0,69037.0,15242.752
2024-11-04 04:00:00+00:00,69037.0,69385.0,68600.0,68600.3,11140.317
2024-11-04 08:00:00+00:00,68600.3,69036.2,68438.3,68779.4,12270.129
2024-11-04 12:00:00+00:00,68779.4,69246.3,68160.5,68627.2,25443.139
2024-11-04 16:00:00+00:00,68627.2,68826.3,67213.2,67849.6,40675.203
2024-11-04 20:00:00+00:00,67849.6,68107.3,66808.0,67838.7,36686.282
2024-11-05 00:00:00+00:00,67838.7,68279.8,67449.5,68236.3,12207.953
2024-11-05 04:00:00+00:00,68236.3,68990.0,68210.8,68900.0,12175.495
2024-11-05 08:00:00+00:00,68900.0,69112.0,68620.0,68810.2,11056.529
2024-11-05 12:00:00+00:00,68810.2,70329.6,68665.4,69610.2,43932.471
2024-11-05 16:00:00+00:00,69610.2,70540.0,68678.0,68978.9,37673.941
2024-11-05 20:00:00+00:00,68978.9,69889.4,68810.7,69345.7,26179.438
2024-11-06 00:00:00+00:00,69345.7,75389.0,69256.7,74394.9,117048.148
2024-11-06 04:00:00+00:00,74394.9,75499.8,73117.6,73440.8,81078.576
2024-11-06 08:00:00+00:00,73440.8,74573.6,72729.6,74315.7,40725.311
2024-11-06 12:00:00+00:00,74315.7,74816.4,73500.0,74308.1,51265.034
2024-11-06 16:00:00+00:00,74308.1,75964.0,74091.9,75830.8,37486.563
2024-11-06 20:00:00+00:00,75830.8,76433.6,75520.1,75599.9,28930.542
2024-11-07 00:00:00+00:00,75599.9,76119.0,75026.5,75072.1,22052.479
2024-11-07 04:00:00+00:00,75072.1,75087.8,74476.3,74801.6,16181.788
2024-11-07 08:00:00+00:00,74801.6,75228.9,74701.4,74787.0,11652.193
2024-11-07 12:00:00+00:00,74787.0,76119.9,74522.1,76113.9,24691.893
2024-11-07 16:00:00+00:00,76113.9,76770.8,75597.1,76564.9,40969.954
2024-11-07 20:00:00+00:00,76564.9,76890.0,75500.0,75874.8,20959.312
2024-11-08 00:00:00+00:00,75874.8,76397.3,75610.0,75935.0,11764.976
2024-11-08 04:00:00+00:00,75935.0,76288.0,75703.0,76213.2,8726.199
2024-11-08 08:00:00+00:00,76213.2,76374.0,75803.0,75974.4,9874.256
2024-11-08 12:00:00+00:00,75974.4,76659.8,75649.0,76464.7,27712.465
2024-11-08 16:00:00+00:00,76464.7,77220.3,75836.1,76938.3,31201.158
2024-11-08 20:00:00+00:00,76938.3,77114.2,76258.0,76514.2,14255.957
2024-11-09 00:00:00+00:00,76514.2,76656.0,76150.0,76350.1,6714.774
2024-11-09 04:00:00+00:00,76350.1,76831.0,76311.0,76544.9,7875.633
2024-11-09 08:00:00+00:00,76544.9,76745.3,76401.0,76508.1,5263.043
2024-11-09 12:00:00+00:00,76508.1,76558.6,76265.1,76321.3,6081.551
2024-11-09 16:00:00+00:00,76321.3,76752.4,75703.7,76223.5,15875.062
2024-11-09 20:00:00+00:00,76223.5,76950.0,76189.9,76701.7,8726.684
2024-11-10 00:00:00+00:00,76701.7,77542.2,76508.2,77242.0,19622.154
2024-11-10 04:00:00+00:00,77242.0,79899.7,77167.6,78855.9,52400.69
2024-11-10 08:00:00+00:00,78855.9,80196.0,78855.8,79933.5,22516.77
2024-11-10 12:00:00+00:00,79933.5,80221.8,79200.8,79730.8,24547.303
2024-11-10 16:00:00+00:00,79730.8,81163.5,79357.5,79800.0,40847.742
2024-11-10 20:00:00+00:00,79800.0,81700.0,78529.9,80428.5,43982.508
2024-11-11 00:00:00+00:00,80428.5,81943.8,80267.8,81680.0,22921.814
2024-11-11 04:00:00+00:00,81680.0,81800.0,80490.5,81158.8,18058.067
2024-11-11 08:00:00+00:00,81158.8,82440.9,81067.8,82184.7,24188.866
2024-11-11 12:00:00+00:00,82184.7,84381.4,81463.7,84099.8,76239.77
2024-11-11 16:00:00+00:00,84099.8,87128.3,83852.0,86163.7,73081.252
2024-11-11 20:00:00+00:00,86163.7,89828.0,86102.8,88765.4,87389.782
2024-11-12 00:00:00+00:00,88765.4,89594.2,86565.6,88157.0,55308.025
2024-11-12 04:00:00+00:00,88157.0,90077.0,87800.0,89095.3,37012.878
2024-11-12 08:00:00+00:00,89095.3,89594.2,85458.2,87255.9,75288.211
2024-11-12 12:00:00+00:00,87255.9,87976.4,85150.0,86658.6,65893.581
2024-11-12 16:00:00+00:00,86658.6,89866.4,85784.6,88781.1,48302.604
2024-11-12 20:00:00+00:00,88781.1,90000.0,87347.2,87968.0,32929.907
2024-11-13 00:00:00+00:00,87968.0,88616.3,87065.3,87185.6,21941.954
2024-11-13 04:00:00+00:00,87185.6,87749.8,86113.6,87383.4,31084.761
2024-11-13 08:00:00+00:00,87383.4,88174.0,87107.5,87710.2,18862.718
2024-11-13 12:00:00+00:00,87710.2,92818.5,87550.0,92625.8,87770.359
2024-11-13 16:00:00+00:00,92625.8,93400.0,89965.4,90219.0,69567.695
2024-11-13 20:00:00+00:00,90219.0,91243.4,87968.8,90411.2,52034.742
2024-11-14 00:00:00+00:00,90411.2,90646.0,89520.1,90001.4,18239.246
2024-11-14 04:00:00+00:00,90001.4,90954.5,89162.0,90858.6,17685.63
2024-11-14 08:00:00+00:00,90858.6,91755.8,90400.1,91549.9,27369.83
2024-11-14 12:00:00+00:00,91549.9,91889.7,87817.8,87956.3,59907.724
2024-11-14 16:00:00+00:00,87956.3,89708.5,87514.1,89499.9,29850.876
2024-11-14 20:00:00+00:00,89499.9,89499.9,86661.0,87367.3,42135.579
2024-11-15 00:00:00+00:00,87367.3,88550.1,87281.5,88242.3,16922.491
2024-11-15 04:00:00+00:00,88242.3,88421.0,87083.7,87672.0,13652.186
2024-11-15 08:00:00+00:00,87672.0,89806.0,87400.1,89775.3,19780.76
2024-11-15 12:00:00+00:00,89775.3,90787.8,87768.1,88450.5,52521.511
2024-11-15 16:00:00+00:00,88450.5,90899.9,88391.6,90416.4,30545.679
2024-11-15 20:00:00+00:00,90416.4,91948.0,90368.2,91125.2,24421.966
2024-11-16 00:00:00+00:00,91125.2,91796.9,90935.5,91321.3,10508.984
2024-11-16 04:00:00+00:00,91321.3,91856.3,91123.0,91220.5,6361.101
2024-11-16 08:00:00+00:00,91220.5,91683.6,91070.0,91246.5,7307.399
2024-11-16 12:00:00+00:00,91246.5,91390.0,90125.0,90582.2,16771.708
2024-11-16 16:00:00+00:00,90582.2,91491.9,90268.2,91207.8,10157.097
2024-11-16 20:00:00+00:00,91207.8,91266.0,90268.6,90625.4,9624.852
2024-11-17 00:00:00+00:00,90625.4,90955.0,89418.6,90314.1,16470.232
2024-11-17 04:00:00+00:00,90314.1,90968.7,90214.8,90629.9,9329.161
2024-11-17 08:00:00+00:00,90629.9,91601.8,90548.9,90771.5,13871.307
2024-11-17 12:00:00+00:00,90771.5,91275.2,90000.0,90328.2,13256.991
2024-11-17 16:00:00+00:00,90328.2,90799.0,89758.6,90130.6,10550.08
2024-11-17 20:00:00+00:00,90130.6,90311.0,88735.7,89900.0,19793.196
2024-11-18 00:00:00+00:00,89900.0,91091.4,89667.2,90755.5,12222.029
2024-11-18 04:00:00+00:00,90755.5,92444.0,90517.0,91800.0,16841.697
2024-11-18 08:00:00+00:00,91800.0,92333.0,90092.0,90339.9,24121.197
2024-11-18 12:00:00+00:00,90339.9,92757.6,89424.0,92444.7,52348.052
2024-11-18 16:00:00+00:00,92444.7,92746.2,89721.0,90672.3,41115.779
2024-11-18 20:00:00+00:00,90672.3,92044.1,90303.7,90535.0,25853.226
2024-11-19 00:00:00+00:00,90535.0,91649.4,90435.9,91514.9,10184.939
2024-11-19 04:00:00+00:00,91514.9,92117.1,91282.3,91690.5,10794.532
2024-11-19 08:00:00+00:00,91690.5,92050.0,91242.0,91719.0,12993.743
2024-11-19 12:00:00+00:00,91719.0,92877.0,91020.0,92453.3,47683.774
2024-11-19 16:00:00+00:00,92453.3,93980.0,92147.0,93280.5,43331.325
2024-11-19 20:00:00+00:00,93280.5,93643.0,91228.0,92341.4,34247.004
2024-11-20 00:00:00+00:00,92341.4,92460.7,91511.0,92092.2,12013.354
2024-11-20 04:00:00+00:00,92092.2,92916.5,91901.1,92903.5,9312.513
2024-11-20 08:00:00+00:00,92903.5,93733.6,92764.5,93527.6,19145.49
2024-11-20 12:00:00+00:00,93527.6,94898.9,93367.4,94776.2,42678.999
2024-11-20 16:00:00+00:00,94776.2,94881.5,93100.0,94031.1,33722.097
2024-11-20 20:00:00+00:00,94031.1,94650.0,93781.2,94315.3,14304.007
2024-11-21 00:00:00+00:00,94315.3,96100.0,94032.0,95859.7,31948.712
2024-11-21 04:00:00+00:00,95859.7,97969.1,95859.6,96980.0,44570.219
2024-11-21 08:00:00+00:00,96980.0,98450.0,96779.3,98034.8,24743.505
2024-11-21 12:00:00+00:00,98034.8,98330.1,95666.1,96739.1,47251.042
2024-11-21 16:00:00+00:00,96739.1,99111.0,96350.2,97922.2,34681.268
2024-11-21 20:00:00+00:00,97922.2,98814.4,97533.3,98382.9,22171.551
2024-11-22 00:00:00+00:00,98382.9,99428.6,97824.5,98916.2,18311.807
2024-11-22 04:00:00+00:00,98916.2,99572.0,98565.1,99261.5,14901.139
2024-11-22 08:00:00+00:00,99261.5,99407.0,98305.4,98955.0,15112.443
2024-11-22 12:00:00+00:00,98955.0,99037.6,97210.0,98715.2,40794.622
2024-11-22 16:00:00+00:00,98715.2,99690.0,98275.2,99144.5,29393.967
2024-11-22 20:00:00+00:00,99144.5,99535.6,98536.3,98947.0,14827.157
2024-11-23 00:00:00+00:00,98947.0,98970.9,98334.9,98729.4,7585.862
2024-11-23 04:00:00+00:00,98729.4,98874.6,98325.0,98631.2,6013.399
2024-11-23 08:00:00+00:00,98631.2,98735.4,98390.0,98479.3,4940.044
2024-11-23 12:00:00+00:00,98479.3,98935.0,98417.9,98440.1,8070.408
2024-11-23 16:00:00+00:00,98440.1,98527.0,97380.0,97581.2,20899.776
2024-11-23 20:00:00+00:00,97581.2,98128.9,97185.9,97740.2,10493.183
2024-11-24 00:00:00+00:00,97740.2,98653.3,97697.3,98275.0,7146.043
2024-11-24 04:00:00+00:00,98275.0,98499.9,97956.0,98475.0,5127.801
2024-11-24 08:00:00+00:00,98475.0,98500.0,97293.6,97340.1,10139.273
2024-11-24 12:00:00+00:00,97340.1,97710.0,95979.9,95981.2,31411.057
2024-11-24 16:00:00+00:00,95981.2,96873.4,95800.3,96408.9,18891.649
2024-11-24 20:00:00+00:00,96408.9,98473.7,96268.7,98027.7,17460.278
2024-11-25 00:00:00+00:00,98027.7,98199.5,96938.6,97964.6,14155.934
2024-11-25 04:00:00+00:00,97964.6,98467.9,97621.6,98129.0,10131.391
2024-11-25 08:00:00+00:00,98129.0,98979.9,97935.7,98264.1,14630.153
2024-11-25 12:00:00+00:00,98264.1,98406.8,94650.0,96053.8,58129.875
2024-11-25 16:00:00+00:00,96053.8,96578.4,94400.0,94721.9,33261.233
2024-11-25 20:00:00+00:00,94721.9,95379.4,92620.0,93004.1,47359.31
2024-11-26 00:00:00+00:00,93004.1,94975.0,92731.2,94538.2,18662.496
2024-11-26 04:00:00+00:00,94538.2,95063.1,93550.0,93828.0,12510.479
2024-11-26 08:00:00+00:00,93828.0,93828.0,91500.2,92400.1,42771.561
2024-11-26 12:00:00+00:00,92400.1,93624.0,91783.9,92853.7,33474.84
2024-11-26 16:00:00+00:00,92853.7,94749.9,91616.0,91737.9,37024.061
2024-11-26 20:00:00+00:00,91737.9,92442.3,90835.5,92025.6,29271.502
2024-11-27 00:00:00+00:00,92025.6,93149.9,91857.6,92658.1,17120.589
2024-11-27 04:00:00+00:00,92658.1,93718.2,92419.9,93655.7,11504.323
2024-11-27 08:00:00+00:00,93655.7,93967.9,93163.9,93431.3,10020.314
2024-11-27 12:00:00+00:00,93431.3,95950.0,92889.0,95653.5,35922.369
2024-11-27 16:00:00+00:00,95653.5,96714.0,95286.8,96708.3,24288.033
2024-11-27 20:00:00+00:00,96708.3,97276.0,95810.9,95908.7,19596.053
2024-11-28 00:00:00+00:00,95908.7,96648.0,94840.6,95544.9,18378.822
2024-11-28 04:00:00+00:00,95544.9,95978.8,95110.8,95373.3,13107.763
2024-11-28 08:00:00+00:00,95373.3,95875.0,94707.0,95524.0,16023.293
2024-11-28 12:00:00+00:00,95524.0,96300.0,94950.1,95070.5,17397.865
2024-11-28 16:00:00+00:00,95070.5,95529.0,94854.9,95205.0,8000.112
2024-11-28 20:00:00+00:00,95205.0,96097.6,94770.4,95702.8,9560.553
2024-11-29 00:00:00+00:00,95702.8,96951.9,95420.3,96658.2,11369.685
2024-11-29 04:00:00+00:00,96658.2,96699.9,95669.8,95702.4,10278.809
2024-11-29 08:00:00+00:00,95702.4,97478.6,95700.1,97327.3,14221.713
2024-11-29 12:00:00+00:00,97327.3,98735.3,96833.2,98084.0,28868.751
2024-11-29 16:00:00+00:00,98084.0,98550.0,96910.5,97407.1,22026.149
2024-11-29 20:00:00+00:00,97407.1,97712.8,97040.8,97526.7,5781.543
2024-11-30 00:00:00+00:00,97526.7,97539.8,96429.6,96725.7,10482.81
2024-11-30 04:00:00+00:00,96725.7,97324.1,96589.2,96866.0,8630.412
2024-11-30 08:00:00+00:00,96866.0,97051.4,96151.0,96334.8,8865.012
2024-11-30 12:00:00+00:00,96334.8,96800.0,96310.0,96704.6,5505.011
2024-11-30 16:00:00+00:00,96704.6,97129.9,96574.5,97061.1,4267.311
2024-11-30 20:00:00+00:00,97061.1,97108.7,96381.9,96484.0,4369.57
2024-12-01 00:00:00+00:00,96484.0,96749.5,95750.0,96402.5,15147.335
2024-12-01 04:00:00+00:00,96402.5,96620.6,96263.3,96539.8,4797.604
2024-12-01 08:00:00+00:00,96539.8,97290.0,96493.3,97177.1,10034.027
2024-12-01 12:00:00+00:00,97177.1,97473.0,96733.0,97094.6,9169.423
2024-12-01 16:00:00+00:00,97094.6,97600.0,97010.0,97224.2,7373.869
2024-12-01 20:00:00+00:00,97224.2,97929.4,96823.7,97265.4,10595.266
2024-12-02 00:00:00+00:00,97265.4,98270.7,96400.8,96537.2,15939.768
2024-12-02 04:00:00+00:00,96537.2,97007.8,95792.3,96040.0,18884.51
2024-12-02 08:00:00+00:00,96040.0,96176.5,94858.0,95177.1,22777.531
2024-12-02 12:00:00+00:00,95177.1,97304.4,94761.0,97127.8,32477.081
2024-12-02 16:00:00+00:00,97127.8,97450.0,94455.0,95869.8,34389.564
2024-12-02 20:00:00+00:00,95869.8,96397.7,95147.4,95886.6,10899.915
2024-12-03 00:00:00+00:00,95886.6,96389.0,95452.6,96144.1,8314.254
2024-12-03 04:00:00+00:00,96144.1,96343.6,95321.9,95599.1,8378.007
2024-12-03 08:00:00+00:00,95599.1,95725.0,94655.4,95055.0,11783.627
2024-12-03 12:00:00+00:00,95055.0,96333.0,93605.4,95746.0,46036.346
2024-12-03 16:00:00+00:00,95746.0,96260.3,94914.7,95512.3,22151.793
2024-12-03 20:00:00+00:00,95512.3,96221.0,95327.4,95919.6,9681.315
2024-12-04 00:00:00+00:00,95919.6,96736.8,95277.7,95870.2,11741.677
2024-12-04 04:00:00+00:00,95870.2,96827.1,95810.0,96682.1,8877.786
2024-12-04 08:00:00+00:00,96682.1,97066.6,96260.0,96283.1,8964.015
2024-12-04 12:00:00+00:00,96283.1,96663.9,95432.7,95819.1,27228.659
2024-12-04 16:00:00+00:00,95819.1,97306.0,94638.0,97285.2,32753.215
2024-12-04 20:00:00+00:00,97285.2,99117.6,97199.0,98671.8,41494.233
2024-12-05 00:00:00+00:00,98671.8,104698.8,97966.7,103140.8,68574.876
2024-12-05 04:00:00+00:00,103140.8,103748.6,101416.6,102339.7,30039.445
2024-12-05 08:00:00+00:00,102339.7,103288.0,102339.7,102698.1,12979.898
2024-12-05 12:00:00+00:00,102698.1,103697.4,101011.0,101382.3,37904.07
2024-12-05 16:00:00+00:00,101382.3,102138.0,98725.0,99129.3,41943.041
2024-12-05 20:00:00+00:00,99129.3,99578.7,90530.0,96977.9,91270.329
2024-12-06 00:00:00+00:00,96977.9,98878.8,96319.6,97801.9,24337.1
2024-12-06 04:00:00+00:00,97801.9,98367.2,97425.5,98193.1,10206.921
2024-12-06 08:00:00+00:00,98193.1,98750.0,97660.5,98101.4,14600.266
2024-12-06 12:00:00+00:00,98101.4,99545.0,97517.5,99336.3,31804.441
2024-12-06 16:00:00+00:00,99336.3,101879.9,98778.2,101516.2,31531.545
2024-12-06 20:00:00+00:00,101516.2,101998.7,99076.4,99789.9,22736.395
2024-12-07 00:00:00+00:00,99789.9,100496.8,99329.1,99359.9,8658.183
2024-12-07 04:00:00+00:00,99359.9,99740.0,98883.4,99454.4,9349.577
2024-12-07 08:00:00+00:00,99454.4,99876.3,99310.6,99655.0,7018.813
2024-12-07 12:00:00+00:00,99655.0,99897.9,99063.5,99807.9,8952.735
2024-12-07 16:00:00+00:00,99807.9,100344.9,99514.2,100144.9,6879.058
2024-12-07 20:00:00+00:00,100144.9,100540.2,99653.7,99913.0,6648.292
2024-12-08 00:00:00+00:00,99913.0,100418.4,99710.3,100000.2,4086.753
2024-12-08 04:00:00+00:00,100000.2,100109.9,99344.3,99755.8,5421.742
2024-12-08 08:00:00+00:00,99755.8,99953.0,98729.1,99784.9,12021.314
2024-12-08 12:00:00+00:00,99784.9,100596.4,99406.1,99986.1,13909.217
2024-12-08 16:00:00+00:00,99986.1,100287.3,99524.0,100171.2,7942.292
2024-12-08 20:00:00+00:00,100171.2,101464.8,99768.8,101186.8,10405.161
2024-12-09 00:00:00+00:00,101186.8,101296.1,98245.5,99155.0,22888.044
2024-12-09 04:00:00+00:00,99155.0,99816.0,98359.9,99649.2,15542.881
2024-12-09 08:00:00+00:00,99649.2,99779.9,98093.1,98137.5,18863.028
2024-12-09 12:00:00+00:00,98137.5,100500.0,97555.0,97847.9,38924.882
2024-12-09 16:00:00+00:00,97847.9,98429.9,97032.0,97117.9,22810.706
2024-12-09 20:00:00+00:00,97117.9,97658.3,93888.0,97329.0,56380.451
2024-12-10 00:00:00+00:00,97329.0,98187.0,95559.7,96946.4,23693.021
2024-12-10 04:00:00+00:00,96946.4,97511.8,95934.0,97213.9,12910.49
2024-12-10 08:00:00+00:00,97213.9,97981.4,96960.0,97759.5,10872.918
2024-12-10 12:00:00+00:00,97759.5,98299.0,95617.0,95651.0,36202.056
2024-12-10 16:00:00+00:00,95651.0,96509.4,94190.8,95817.9,56324.878
2024-12-10 20:00:00+00:00,95817.9,97185.7,95578.8,96552.8,13435.783
2024-12-11 00:00:00+00:00,96552.8,97599.9,95574.3,97363.2,17188.335
2024-12-11 04:00:00+00:00,97363.2,97767.1,97125.9,97300.1,6372.333
2024-12-11 08:00:00+00:00,97300.1,98467.0,97273.0,98297.9,15544.178
2024-12-11 12:00:00+00:00,98297.9,100800.0,98066.1,100372.5,36152.772
2024-12-11 16:00:00+00:00,100372.5,101179.2,99605.2,101130.6,28345.88
2024-12-11 20:00:00+00:00,101130.6,101961.0,100844.9,101128.3,18987.546
2024-12-12 00:00:00+00:00,101128.3,101867.5,100372.5,101073.3,16766.016
2024-12-12 04:00:00+00:00,101073.3,101258.7,100426.6,100517.9,8144.149
2024-12-12 08:00:00+00:00,100517.9,101149.3,100158.1,100389.6,9074.873
2024-12-12 12:00:00+00:00,100389.6,101908.3,100387.7,101832.3,29922.781
2024-12-12 16:00:00+00:00,101832.3,102636.2,99300.0,99466.8,35165.635
2024-12-12 20:00:00+00:00,99466.8,100464.1,99444.3,99982.5,18243.787
2024-12-13 00:00:00+00:00,99982.5,100346.1,99168.0,99720.1,8790.304
2024-12-13 04:00:00+00:00,99720.1,100220.0,99447.4,100113.4,7727.424
2024-12-13 08:00:00+00:00,100113.4,100797.0,99858.9,100357.4,10488.726
2024-12-13 12:00:00+00:00,100357.4,101350.0,99630.2,99820.0,21100.849
2024-12-13 16:00:00+00:00,99820.0,101935.7,99728.7,101445.2,24267.505
2024-12-13 20:00:00+00:00,101445.2,101865.3,101038.1,101415.8,8389.235
2024-12-14 00:00:00+00:00,101415.8,102748.0,101133.6,102091.0,15032.588
2024-12-14 04:00:00+00:00,102091.0,102172.6,101565.8,101842.6,4662.602
2024-12-14 08:00:00+00:00,101842.6,101897.7,101333.0,101597.5,4942.527
2024-12-14 12:00:00+00:00,101597.5,101770.9,100808.0,101633.9,10239.065
2024-12-14 16:00:00+00:00,101633.9,101738.6,100824.9,101339.5,9527.121
2024-12-14 20:00:00+00:00,101339.5,101492.5,100577.1,101419.9,6856.294
2024-12-15 00:00:00+00:00,101419.9,102221.7,101243.4,101738.4,7032.391
2024-12-15 04:00:00+00:00,101738.4,102888.1,101470.1,101721.4,11928.834
2024-12-15 08:00:00+00:00,101721.4,102684.9,101578.9,102660.1,6481.748
2024-12-15 12:00:00+00:00,102660.1,103371.7,102480.0,102701.1,14454.11
2024-12-15 16:00:00+00:00,102701.1,103555.0,102566.1,103263.1,9534.272
2024-12-15 20:00:00+00:00,103263.1,105338.2,102600.0,104515.6,27743.112
2024-12-16 00:00:00+00:00,104515.6,106727.8,104150.0,104579.9,30694.026
2024-12-16 04:00:00+00:00,104579.9,105438.9,104456.5,105007.0,8430.47
2024-12-16 08:00:00+00:00,105007.0,105054.0,103653.5,103776.1,12652.891
2024-12-16 12:00:00+00:00,103776.1,106545.9,103304.3,106352.6,36906.899
2024-12-16 16:00:00+00:00,106352.6,107850.0,105812.0,106614.6,34666.616
2024-12-16 20:00:00+00:00,106614.6,106680.5,105476.5,106094.2,13218.445
2024-12-17 00:00:00+00:00,106094.2,107074.6,105668.1,106878.3,10566.182
2024-12-17 04:00:00+00:00,106878.3,107153.7,106364.4,106833.4,7057.127
2024-12-17 08:00:00+00:00,106833.4,107550.0,106693.7,106816.0,9762.469
2024-12-17 12:00:00+00:00,106816.0,108421.6,105680.9,106454.6,35715.073
2024-12-17 16:00:00+00:00,106454.6,107669.9,106119.0,106494.8,19392.067
2024-12-17 20:00:00+00:00,106494.8,106907.9,105300.0,106084.6,18269.139
2024-12-18 00:00:00+00:00,106084.6,106470.3,104520.0,104723.5,21384.522
2024-12-18 04:00:00+00:00,104723.5,104723.5,103057.1,104218.0,27695.928
2024-12-18 08:00:00+00:00,104218.0,104978.2,103691.5,104971.5,12119.689
2024-12-18 12:00:00+00:00,104971.5,105309.2,103602.9,104386.1,24717.157
2024-12-18 16:00:00+00:00,104386.1,104968.2,102777.0,102777.0,32129.126
2024-12-18 20:00:00+00:00,102777.0,102965.8,99800.0,100148.6,65826.764
2024-12-19 00:00:00+00:00,100148.6,101265.2,98700.0,101141.4,35637.278
2024-12-19 04:00:00+00:00,101141.4,101666.0,100554.5,101595.0,10875.454
2024-12-19 08:00:00+00:00,101595.0,102554.7,101307.8,102417.8,11469.822
2024-12-19 12:00:00+00:00,102417.8,102742.4,99362.6,100611.4,38839.232
2024-12-19 16:00:00+00:00,100611.4,101167.0,96200.0,97154.9,66215.944
2024-12-19 20:00:00+00:00,97154.9,98342.0,95640.5,97399.4,39048.81
2024-12-20 00:00:00+00:00,97399.4,97755.0,95912.0,97056.0,22715.474
2024-12-20 04:00:00+00:00,97056.0,98221.5,96342.9,97783.8,17564.946
2024-12-20 08:00:00+00:00,97783.8,97825.8,92533.3,92681.1,58985.642
2024-12-20 12:00:00+00:00,92681.1,97524.6,92230.0,96941.9,53308.703
2024-12-20 16:00:00+00:00,96941.9,97698.0,96267.5,97063.8,23109.916
2024-12-20 20:00:00+00:00,97063.8,97775.6,95355.0,97757.3,15405.003
2024-12-21 00:00:00+00:00,97757.3,97757.3,97122.6,97440.1,4668.548
2024-12-21 04:00:00+00:00,97440.1,99482.8,97328.0,98983.7,14306.065
2024-12-21 08:00:00+00:00,98983.7,99122.3,97746.0,98207.7,13015.048
2024-12-21 12:00:00+00:00,98207.7,98246.2,96326.7,97464.8,18853.117
2024-12-21 16:00:00+00:00,97464.8,97688.4,96758.5,97228.0,9225.225
2024-12-21 20:00:00+00:00,97228.0,97999.0,96478.5,97249.7,9584.307
2024-12-22 00:00:00+00:00,97249.7,97431.6,96508.4,96939.3,5878.238
2024-12-22 04:00:00+00:00,96939.3,97031.4,95839.1,96171.9,9508.773
2024-12-22 08:00:00+00:00,96171.9,97317.0,96151.4,97047.3,8124.401
2024-12-22 12:00:00+00:00,97047.3,97265.6,95056.0,95320.9,17803.756
2024-12-22 16:00:00+00:00,95320.9,96437.1,94611.1,94771.1,17225.934
2024-12-22 20:00:00+00:00,94771.1,95790.5,94200.0,95144.7,17823.325
2024-12-23 00:00:00+00:00,95144.7,95999.5,93635.9,95969.8,22786.411
2024-12-23 04:00:00+00:00,95969.8,96470.0,94650.0,95353.8,16171.801
2024-12-23 08:00:00+00:00,95353.8,96500.0,94975.6,95891.3,10864.432
2024-12-23 12:00:00+00:00,95891.3,96391.9,93056.0,93202.7,31241.808
2024-12-23 16:00:00+00:00,93202.7,94232.0,92616.1,93000.2,24306.883
2024-12-23 20:00:00+00:00,93000.2,95472.6,92465.8,94837.0,20090.69
2024-12-24 00:00:00+00:00,94837.0,94837.0,93508.6,94309.2,12031.864
2024-12-24 04:00:00+00:00,94309.2,94639.8,93751.7,94189.9,7680.356
2024-12-24 08:00:00+00:00,94189.9,94599.5,93800.0,94356.3,8243.595
2024-12-24 12:00:00+00:00,94356.3,98276.8,94031.0,98255.2,29982.646
2024-12-24 16:00:00+00:00,98255.2,99435.7,97509.0,97540.0,28773.246
2024-12-24 20:00:00+00:00,97540.0,99065.0,97198.6,98628.3,19258.76
2024-12-25 00:00:00+00:00,98628.3,98852.0,97688.1,98000.1,9500.166
2024-12-25 04:00:00+00:00,98000.1,98550.0,97759.0,98053.5,6991.555
2024-12-25 08:00:00+00:00,98053.5,99338.9,97750.0,97890.0,14962.222
2024-12-25 12:00:00+00:00,97890.0,98817.9,97562.6,98494.6,13952.937
2024-12-25 16:00:00+00:00,98494.6,99298.0,98101.5,99001.3,8713.086
2024-12-25 20:00:00+00:00,99001.3,99590.0,98337.1,99405.2,13285.255
2024-12-26 00:00:00+00:00,99405.2,99950.0,98418.3,98950.9,15116.692
2024-12-26 04:00:00+00:00,98950.9,98950.9,97650.7,97675.3,10873.417
2024-12-26 08:00:00+00:00,97675.3,97725.2,95137.5,95659.0,32704.514
2024-12-26 12:00:00+00:00,95659.0,96240.6,95178.6,95983.3,18484.043
2024-12-26 16:00:00+00:00,95983.3,96575.1,95383.3,96050.1,13935.089
2024-12-26 20:00:00+00:00,96050.1,96069.7,95250.0,95743.2,9554.687
2024-12-27 00:00:00+00:00,95743.2,96421.4,95351.1,96380.0,9564.198
2024-12-27 04:00:00+00:00,96380.0,96572.7,94594.9,95059.6,15025.74
2024-12-27 08:00:00+00:00,95059.6,97500.0,95054.7,96900.0,24668.061
2024-12-27 12:00:00+00:00,96900.0,96995.7,93930.0,94529.2,25792.606
2024-12-27 16:00:00+00:00,94529.2,94979.9,93380.1,94699.9,21524.793
2024-12-27 20:00:00+00:00,94699.9,94794.0,94084.5,94251.0,7199.062
2024-12-28 00:00:00+00:00,94251.0,94676.0,94070.2,94537.0,4593.92
2024-12-28 04:00:00+00:00,94537.0,94759.8,94239.5,94325.0,4101.463
2024-12-28 08:00:00+00:00,94325.0,94858.3,94243.5,94712.9,4368.456
2024-12-28 12:00:00+00:00,94712.9,95302.8,94266.8,94389.8,10598.638
2024-12-28 16:00:00+00:00,94389.8,95221.7,94333.2,94984.8,7678.449
2024-12-28 20:00:00+00:00,94984.8,95699.9,94825.4,95255.8,5553.863
2024-12-29 00:00:00+00:00,95255.8,95300.0,94758.0,95124.6,4546.452
2024-12-29 04:00:00+00:00,95124.6,95238.1,94899.3,95217.6,3008.266
2024-12-29 08:00:00+00:00,95217.6,95274.8,94958.7,94975.1,3080.139
2024-12-29 12:00:00+00:00,94975.1,95188.8,93923.8,94465.8,12877.802
2024-12-29 16:00:00+00:00,94465.8,94544.9,93233.0,93550.7,13121.436
2024-12-29 20:00:00+00:00,93550.7,93900.0,92926.7,93699.0,13607.124
2024-12-30 00:00:00+00:00,93699.0,94244.9,93313.3,93667.3,11247.159
2024-12-30 04:00:00+00:00,93667.3,94000.0,93163.8,93680.0,8515.244
2024-12-30 08:00:00+00:00,93680.0,94029.5,93417.3,93876.2,8254.891
2024-12-30 12:00:00+00:00,93876.2,94232.3,91463.7,92077.1,41132.042
2024-12-30 16:00:00+00:00,92077.1,94656.0,91751.0,94387.1,31066.597
2024-12-30 20:00:00+00:00,94387.1,95000.0,91831.4,92739.3,28242.135
2024-12-31 00:00:00+00:00,92739.3,92850.0,91981.4,92467.1,10152.874
2024-12-31 04:00:00+00:00,92467.1,92989.7,92301.1,92811.7,7693.937
2024-12-31 08:00:00+00:00,92811.7,94700.0,92790.0,94201.5,19762.292
2024-12-31 12:00:00+00:00,94201.5,96322.1,94201.5,95385.1,31686.432
2024-12-31 16:00:00+00:00,95385.1,95585.2,93138.2,94140.8,20966.586
2024-12-31 20:00:00+00:00,94140.8,94212.6,93329.7,93530.0,8298.433
2025-01-01 00:00:00+00:00,93530.0,94457.9,93451.0,93802.0,7739.072
2025-01-01 04:00:00+00:00,93802.0,93909.3,93472.9,93642.7,4120.241
2025-01-01 08:00:00+00:00,93642.7,93737.7,92840.0,93393.3,9560.895
2025-01-01 12:00:00+00:00,93393.3,94481.4,93351.2,94411.6,11108.105
2025-01-01 16:00:00+00:00,94411.6,94786.8,93687.7,94583.4,7059.929
2025-01-01 20:00:00+00:00,94583.4,95158.4,94500.0,94564.6,7242.128
2025-01-02 00:00:00+00:00,94564.6,95515.7,94339.9,94985.8,10814.035
2025-01-02 04:00:00+00:00,94985.8,95987.5,94957.8,95799.9,9517.606
2025-01-02 08:00:00+00:00,95799.9,96869.8,95591.5,96717.7,13235.558
2025-01-02 12:00:00+00:00,96717.7,97400.0,95889.7,96427.0,29673.084
2025-01-02 16:00:00+00:00,96427.0,97764.0,96003.0,97294.1,22684.186
2025-01-02 20:00:00+00:00,97294.1,97844.8,96618.3,96960.5,10102.465
2025-01-03 00:00:00+00:00,96960.5,97329.6,96605.3,97024.2,5882.404
2025-01-03 04:00:00+00:00,97024.2,97042.8,96253.5,96283.3,6233.078
2025-01-03 08:00:00+00:00,96283.3,96810.7,96062.1,96715.4,7732.189
2025-01-03 12:00:00+00:00,96715.4,97631.5,96432.0,97491.8,15973.863
2025-01-03 16:00:00+00:00,97491.8,98950.0,97360.2,98555.2,17414.522
2025-01-03 20:00:00+00:00,98555.2,98709.0,98016.9,98140.0,7112.804
2025-01-04 00:00:00+00:00,98140.0,98275.2,97750.0,98144.1,4643.313
2025-01-04 04:00:00+00:00,98144.1,98298.6,97832.8,98235.0,3531.224
2025-01-04 08:00:00+00:00,98235.0,98268.2,97502.1,97848.4,5116.297
2025-01-04 12:00:00+00:00,97848.4,98122.7,97442.8,97617.4,6565.157
2025-01-04 16:00:00+00:00,97617.4,98380.7,97527.7,98129.3,5430.726
2025-01-04 20:00:00+00:00,98129.3,98759.6,98105.0,98177.2,5744.56
2025-01-05 00:00:00+00:00,98177.2,98370.0,98011.0,98161.7,2505.421
2025-01-05 04:00:00+00:00,98161.7,98516.0,98161.7,98227.4,3117.754
2025-01-05 08:00:00+00:00,98227.4,98227.4,97543.0,97607.6,8103.949
2025-01-05 12:00:00+00:00,97607.6,98245.7,97216.0,97990.1,12074.288
2025-01-05 16:00:00+00:00,97990.1,98308.6,97536.7,98049.2,5809.446
2025-01-05 20:00:00+00:00,98049.2,98828.5,97977.5,98340.5,7834.273
2025-01-06 00:00:00+00:00,98340.5,99282.2,97861.0,99001.7,14342.997
2025-01-06 04:00:00+00:00,99001.7,99877.7,99001.7,99275.0,13058.874
2025-01-06 08:00:00+00:00,99275.0,99608.1,98679.2,99238.8,10391.066
2025-01-06 12:00:00+00:00,99238.8,102471.7,98612.2,102117.4,42895.359
2025-01-06 16:00:00+00:00,102117.4,102459.4,101210.0,101761.6,18637.002
2025-01-06 20:00:00+00:00,101761.6,102291.7,101515.0,102185.9,7910.39
2025-01-07 00:00:00+00:00,102185.9,102702.1,101454.1,101650.9,9125.455
2025-01-07 04:00:00+00:00,101650.9,101975.0,101524.7,101646.2,4239.168
2025-01-07 08:00:00+00:00,101646.2,101966.0,100441.0,100796.4,12295.196
2025-01-07 12:00:00+00:00,100796.4,100955.5,97088.0,97905.1,60664.958
2025-01-07 16:00:00+00:00,97905.1,98329.8,96159.2,96415.7,36836.402
2025-01-07 20:00:00+00:00,96415.7,97188.8,96113.4,96908.1,17499.647
2025-01-08 00:00:00+00:00,96908.1,97224.3,96165.4,96487.5,12636.984
2025-01-08 04:00:00+00:00,96487.5,96623.5,95202.3,95608.9,21506.64
2025-01-08 08:00:00+00:00,95608.9,96095.9,94458.0,95101.8,21833.333
2025-01-08 12:00:00+00:00,95101.8,96037.9,94571.0,95455.3,34768.112
2025-01-08 16:00:00+00:00,95455.3,95457.8,92378.5,94211.6,51570.313
2025-01-08 20:00:00+00:00,94211.6,95254.5,93530.5,95022.2,14019.714
2025-01-09 00:00:00+00:00,95022.2,95356.6,93374.9,93966.1,21824.602
2025-01-09 04:00:00+00:00,93966.1,94588.6,93089.4,93175.6,11589.063
2025-01-09 08:00:00+00:00,93175.6,93827.2,92705.0,93410.1,16000.889
2025-01-09 12:00:00+00:00,93410.1,94555.0,91738.0,94210.8,36150.323
2025-01-09 16:00:00+00:00,94210.8,94666.0,91850.0,91859.5,26211.052
2025-01-09 20:00:00+00:00,91859.5,92699.2,91151.0,92507.7,24933.837
2025-01-10 00:00:00+00:00,92507.7,93687.8,92406.6,93655.9,9983.104
2025-01-10 04:00:00+00:00,93655.9,94948.4,93457.9,94457.1,13967.468
2025-01-10 08:00:00+00:00,94457.1,95233.0,94342.1,95019.8,12071.135
2025-01-10 12:00:00+00:00,95019.8,95079.9,92161.2,93695.9,64100.975
2025-01-10 16:00:00+00:00,93695.9,95873.6,93153.9,95275.4,31498.571
2025-01-10 20:00:00+00:00,95275.4,95416.6,94534.1,94684.2,8428.512
2025-01-11 00:00:00+00:00,94684.2,94709.7,94054.9,94163.1,6036.428
2025-01-11 04:00:00+00:00,94163.1,94409.5,93800.0,94204.3,5164.582
2025-01-11 08:00:00+00:00,94204.3,94750.0,93981.0,94574.6,5229.41
2025-01-11 12:00:00+00:00,94574.6,94611.2,94258.7,94371.5,4478.753
2025-01-11 16:00:00+00:00,94371.5,94696.5,93888.3,94201.1,5907.904
2025-01-11 20:00:00+00:00,94201.1,94991.9,94142.1,94569.4,5995.607
2025-01-12 00:00:00+00:00,94569.4,94663.9,94255.0,94587.3,2832.691
2025-01-12 04:00:00+00:00,94587.3,94610.2,94210.3,94295.1,2013.028
2025-01-12 08:00:00+00:00,94295.1,94358.6,93660.0,94211.2,6940.813
2025-01-12 12:00:00+00:00,94211.2,95439.9,94120.6,95043.8,11824.25
2025-01-12 16:00:00+00:00,95043.8,95283.7,94540.2,94632.4,6052.348
2025-01-12 20:00:00+00:00,94632.4,94782.7,93740.0,94510.0,8152.577
2025-01-13 00:00:00+00:00,94510.0,95954.8,93868.4,94217.1,20720.425
2025-01-13 04:00:00+00:00,94217.1,94888.2,93151.0,93557.9,17471.652
2025-01-13 08:00:00+00:00,93557.9,93621.2,90769.0,90811.9,32978.812
2025-01-13 12:00:00+00:00,90811.9,93050.9,89100.0,92081.1,66923.277
2025-01-13 16:00:00+00:00,92081.1,92500.0,91200.0,92260.7,30230.758
2025-01-13 20:00:00+00:00,92260.7,94700.0,91839.2,94508.2,23969.882
2025-01-14 00:00:00+00:00,94508.2,95285.1,94330.3,94849.3,12415.24
2025-01-14 04:00:00+00:00,94849.3,95484.3,94714.4,94838.4,8044.266
2025-01-14 08:00:00+00:00,94838.4,97395.5,94838.4,96526.2,28204.747
2025-01-14 12:00:00+00:00,96526.2,97247.9,95712.1,96415.4,30608.493
2025-01-14 16:00:00+00:00,96415.4,97064.0,95308.8,96518.1,20325.41
2025-01-14 20:00:00+00:00,96518.1,96899.5,96100.0,96523.3,7362.93
2025-01-15 00:00:00+00:00,96523.3,97548.7,96450.0,97281.3,10957.004
2025-01-15 04:00:00+00:00,97281.3,97691.7,96707.2,97255.8,8888.028
2025-01-15 08:00:00+00:00,97255.8,97499.0,96469.6,96722.3,8525.264
2025-01-15 12:00:00+00:00,96722.3,99765.0,96500.0,98955.1,44389.776
2025-01-15 16:00:00+00:00,98955.1,99942.5,98555.9,99807.5,14071.393
2025-01-15 20:00:00+00:00,99807.5,100700.0,99400.1,100465.0,18401.808
2025-01-16 00:00:00+00:00,100465.0,100866.1,99129.8,99437.5,13782.273
2025-01-16 04:00:00+00:00,99437.5,99891.8,99293.1,99783.6,4995.324
2025-01-16 08:00:00+00:00,99783.6,99799.0,98599.9,99125.7,13750.405
2025-01-16 12:00:00+00:00,99125.7,99498.2,97291.0,99255.6,32401.777
2025-01-16 16:00:00+00:00,99255.6,100400.0,99029.5,100373.3,21173.939
2025-01-16 20:00:00+00:00,100373.3,100620.0,99331.0,99945.8,12434.828
2025-01-17 00:00:00+00:00,99945.8,102150.0,99906.1,101016.1,19044.738
2025-01-17 04:00:00+00:00,101016.1,101911.9,100907.6,101410.4,7283.81
2025-01-17 08:00:00+00:00,101410.4,102579.3,101410.4,102205.4,11972.681
2025-01-17 12:00:00+00:00,102205.4,104219.8,102164.4,103988.4,33832.388
2025-01-17 16:00:00+00:00,103988.4,105815.8,103802.0,105788.5,31725.756
2025-01-17 20:00:00+00:00,105788.5,105806.4,104026.0,104048.8,14269.978
2025-01-18 00:00:00+00:00,104048.8,104617.0,103008.0,103530.0,10366.889
2025-01-18 04:00:00+00:00,103530.0,103750.2,102545.5,102773.7,15696.276
2025-01-18 08:00:00+00:00,102773.7,103851.9,102244.0,103538.9,12711.281
2025-01-18 12:00:00+00:00,103538.9,104963.0,103076.7,104521.4,13271.103
2025-01-18 16:00:00+00:00,104521.4,104692.3,103107.3,104366.0,13884.627
2025-01-18 20:00:00+00:00,104366.0,104738.6,103734.2,104520.0,7090.465
2025-01-19 00:00:00+00:00,104520.0,105431.1,103970.9,104955.1,8784.124
2025-01-19 04:00:00+00:00,104955.1,105618.8,104227.7,105158.7,9247.433
2025-01-19 08:00:00+00:00,105158.7,105442.4,103427.9,104344.9,17498.944
2025-01-19 12:00:00+00:00,104344.9,105700.0,104281.3,104904.0,14017.17
2025-01-19 16:00:00+00:00,104904.0,106250.0,104471.3,106231.4,12646.615
2025-01-19 20:00:00+00:00,106231.4,106476.5,99600.0,101310.7,61219.383
2025-01-20 00:00:00+00:00,101310.7,102305.5,99500.1,101880.0,35319.937
2025-01-20 04:00:00+00:00,101880.0,109951.7,101523.9,107172.9,65438.643
2025-01-20 08:00:00+00:00,107172.9,109237.2,107153.9,108271.9,22304.588
2025-01-20 12:00:00+00:00,108271.9,108767.6,104500.0,105000.0,48923.932
2025-01-20 16:00:00+00:00,105000.0,107089.2,100519.0,103693.3,111502.502
2025-01-20 20:00:00+00:00,103693.3,104343.2,101700.0,102258.7,24101.933
2025-01-21 00:00:00+00:00,102258.7,103250.0,100000.0,102915.8,32409.217
2025-01-21 04:00:00+00:00,102915.8,102949.9,101073.9,101962.7,16099.665
2025-01-21 08:00:00+00:00,101962.7,103978.9,101707.6,103745.9,14476.517
2025-01-21 12:00:00+00:00,103745.9,105340.4,102777.1,103931.7,33667.647
2025-01-21 16:00:00+00:00,103931.7,107265.6,103800.0,107008.2,36944.511
2025-01-21 20:00:00+00:00,107008.2,107211.0,105330.3,106133.3,19069.624
2025-01-22 00:00:00+00:00,106133.3,106387.4,105423.6,105588.9,9520.706
2025-01-22 04:00:00+00:00,105588.9,106020.0,105029.4,105063.5,8080.987
2025-01-22 08:00:00+00:00,105063.5,105463.2,104606.8,105112.6,11809.696
2025-01-22 12:00:00+00:00,105112.6,105568.0,103625.7,104152.5,26768.1
2025-01-22 16:00:00+00:00,104152.5,104742.0,103310.0,104613.8,16648.643
2025-01-22 20:00:00+00:00,104613.8,104830.0,103572.7,103670.4,9942.536
2025-01-23 00:00:00+00:00,103670.4,103780.0,102071.4,102411.6,17368.547
2025-01-23 04:00:00+00:00,102411.6,102933.4,101527.8,102659.0,12602.794
2025-01-23 08:00:00+00:00,102659.0,102669.6,101205.1,101921.5,12046.16
2025-01-23 12:00:00+00:00,101921.5,106053.4,101277.8,105235.5,76207.955
2025-01-23 16:00:00+00:00,105235.5,106875.0,103350.0,103736.6,50766.962
2025-01-23 20:00:00+00:00,103736.6,106400.0,102147.3,103862.4,74679.081
2025-01-24 00:00:00+00:00,103862.4,104240.0,102691.8,103831.5,10989.234
2025-01-24 04:00:00+00:00,103831.5,105316.0,103747.6,105008.8,10111.533
2025-01-24 08:00:00+00:00,105008.8,105733.4,104891.5,105384.1,9104.565
2025-01-24 12:00:00+00:00,105384.1,106319.3,104622.3,105827.8,18441.448
2025-01-24 16:00:00+00:00,105827.8,107118.6,105532.2,105734.3,21060.374
2025-01-24 20:00:00+00:00,105734.3,105755.3,104386.7,104800.1,13315.256
2025-01-25 00:00:00+00:00,104800.1,105227.3,104308.6,105146.5,5692.425
2025-01-25 04:00:00+00:00,105146.5,105165.5,104175.0,104349.9,4324.387
2025-01-25 08:00:00+00:00,104349.9,104640.0,104036.9,104619.1,4317.197
2025-01-25 12:00:00+00:00,104619.1,105072.0,104405.7,104846.5,5026.961
2025-01-25 16:00:00+00:00,104846.5,105276.1,104380.2,104997.8,5804.313
2025-01-25 20:00:00+00:00,104997.8,105237.4,104638.9,104709.4,3371.53
2025-01-26 00:00:00+00:00,104709.4,105217.5,104466.9,105024.5,3401.427
2025-01-26 04:00:00+00:00,105024.5,105591.5,104903.9,104966.0,2956.773
2025-01-26 08:00:00+00:00,104966.0,105200.0,104400.0,104773.6,5280.246
2025-01-26 12:00:00+00:00,104773.6,105053.7,104654.6,104934.4,3010.751
2025-01-26 16:00:00+00:00,104934.4,105243.6,104861.5,105056.7,2734.587
2025-01-26 20:00:00+00:00,105056.7,105188.4,102457.1,102553.7,16046.838
2025-01-27 00:00:00+00:00,102553.7,103217.8,100667.7,101345.0,24920.156
2025-01-27 04:00:00+00:00,101345.0,101347.1,97694.2,98986.3,34489.328
2025-01-27 08:00:00+00:00,98986.3,99478.6,98208.0,98700.0,17503.919
2025-01-27 12:00:00+00:00,98700.0,102270.4,98655.6,101055.2,39977.225
2025-01-27 16:00:00+00:00,101055.2,101195.5,98793.3,99649.9,25508.759
2025-01-27 20:00:00+00:00,99649.9,102376.8,99549.6,102024.2,17665.672
2025-01-28 00:00:00+00:00,102024.2,102910.4,101280.0,102594.9,11708.279
2025-01-28 04:00:00+00:00,102594.9,103329.9,102458.4,102745.3,10601.938
2025-01-28 08:00:00+00:00,102745.3,103178.1,102322.7,102703.8,8246.788
2025-01-28 12:00:00+00:00,102703.8,103800.0,101767.0,102718.8,26382.273
2025-01-28 16:00:00+00:00,102718.8,103077.6,101739.8,102375.4,18974.142
2025-01-28 20:00:00+00:00,102375.4,102490.0,100205.7,101278.0,16550.208
2025-01-29 00:00:00+00:00,101278.0,102266.0,101265.3,101970.4,7707.563
2025-01-29 04:00:00+00:00,101970.4,102847.4,101899.9,102700.1,6691.486
2025-01-29 08:00:00+00:00,102700.1,102974.0,102150.0,102591.5,7459.098
2025-01-29 12:00:00+00:00,102591.5,102781.2,101516.2,101919.3,15798.293
2025-01-29 16:00:00+00:00,101919.3,103985.2,101335.9,103536.1,31671.227
2025-01-29 20:00:00+00:00,103536.1,104777.0,102800.0,103700.0,21971.484
2025-01-30 00:00:00+00:00,103700.0,105293.9,103235.0,105166.3,14254.622
2025-01-30 04:00:00+00:00,105166.3,105582.2,104777.0,105100.0,8767.893
2025-01-30 08:00:00+00:00,105100.0,105534.0,104901.0,105281.5,6284.631
2025-01-30 12:00:00+00:00,105281.5,106421.1,104628.0,105516.5,22361.659
2025-01-30 16:00:00+00:00,105516.5,105970.0,104711.0,105676.0,12116.447
2025-01-30 20:00:00+00:00,105676.0,105789.0,104633.0,104684.6,7460.768
2025-01-31 00:00:00+00:00,104684.6,104976.2,103875.0,104273.2,9994.687
2025-01-31 04:00:00+00:00,104273.2,104761.1,103911.0,104146.1,7255.966
2025-01-31 08:00:00+00:00,104146.1,104796.0,103863.0,104675.0,7352.739
2025-01-31 12:00:00+00:00,104675.0,105998.0,104050.1,105404.7,16507.182
2025-01-31 16:00:00+00:00,105404.7,105535.7,102058.5,102232.0,28162.008
2025-01-31 20:00:00+00:00,102232.0,102419.9,101468.4,102377.6,18987.245
2025-02-01 00:00:00+00:00,102377.6,102735.0,102117.5,102173.1,5690.061
2025-02-01 04:00:00+00:00,102173.1,102517.3,102033.0,102112.1,4729.603
2025-02-01 08:00:00+00:00,102112.1,102222.9,101350.1,101966.9,8031.876
2025-02-01 12:00:00+00:00,101966.9,102233.0,101670.3,102023.4,7669.231
2025-02-01 16:00:00+00:00,102023.4,102220.0,101404.0,101622.6,5773.984
2025-02-01 20:00:00+00:00,101622.6,101622.6,100215.1,100576.5,15983.483
2025-02-02 00:00:00+00:00,100576.5,101410.0,99100.3,99157.1,14728.295
2025-02-02 04:00:00+00:00,99157.1,100434.1,98958.0,99569.9,12728.672
2025-02-02 08:00:00+00:00,99569.9,100057.8,98580.0,98824.4,14071.919
2025-02-02 12:00:00+00:00,98824.4,99364.6,98100.0,99292.7,17146.615
2025-02-02 16:00:00+00:00,99292.7,99308.6,96625.0,98223.3,36012.741
2025-02-02 20:00:00+00:00,98223.3,98575.0,95994.3,97645.7,26522.407
2025-02-03 00:00:00+00:00,97645.7,97737.5,91166.6,93998.2,104851.129
2025-02-03 04:00:00+00:00,93998.2,95336.0,92609.9,95247.1,22552.312
2025-02-03 08:00:00+00:00,95247.1,95885.5,94703.0,95052.3,18504.353
2025-02-03 12:00:00+00:00,95052.3,99468.8,94091.0,98804.0,53482.704
2025-02-03 16:00:00+00:00,98804.0,101840.0,97979.5,101831.8,33674.916
2025-02-03 20:00:00+00:00,101831.8,102457.8,100867.2,101294.8,22663.775
2025-02-04 00:00:00+00:00,101294.8,101684.7,100500.0,100580.5,8066.009
2025-02-04 04:00:00+00:00,100580.5,100727.0,98170.6,98409.6,26582.702
2025-02-04 08:00:00+00:00,98409.6,99445.5,97800.0,98923.4,14894.268
2025-02-04 12:00:00+00:00,98923.4,100381.1,98248.5,99310.1,32706.774
2025-02-04 16:00:00+00:00,99310.1,100765.5,98734.0,98828.6,23616.726
2025-02-04 20:00:00+00:00,98828.6,99464.7,96086.1,97706.0,38503.067
2025-02-05 00:00:00+00:00,97706.0,98900.0,97094.2,98000.3,14948.738
2025-02-05 04:00:00+00:00,98000.3,98309.6,97313.9,97814.3,8765.25
2025-02-05 08:00:00+00:00,97814.3,98198.4,97209.6,98186.2,10570.856
2025-02-05 12:00:00+00:00,98186.2,99170.0,97700.1,98064.2,18736.64
2025-02-05 16:00:00+00:00,98064.2,98265.9,96450.0,97331.8,19210.426
2025-02-05 20:00:00+00:00,97331.8,97671.8,96100.1,96568.5,9883.21
2025-02-06 00:00:00+00:00,96568.5,97480.4,96363.1,97308.9,6901.179
2025-02-06 04:00:00+00:00,97308.9,98400.0,97230.0,98164.9,7063.283
2025-02-06 08:00:00+00:00,98164.9,99099.0,97816.5,98829.0,11577.831
2025-02-06 12:00:00+00:00,98829.0,99000.0,96880.0,97292.6,23939.463
2025-02-06 16:00:00+00:00,97292.6,97499.0,95631.8,95953.5,21809.567
2025-02-06 20:00:00+00:00,95953.5,97050.0,95750.0,96500.0,10279.312
2025-02-07 00:00:00+00:00,96500.0,97791.7,96365.7,97407.6,9356.794
2025-02-07 04:00:00+00:00,97407.6,97833.3,96532.6,96694.9,8758.864
2025-02-07 08:00:00+00:00,96694.9,97718.4,96560.9,97706.0,6397.478
2025-02-07 12:00:00+00:00,97706.0,100120.0,97139.1,98245.5,51187.971
2025-02-07 16:00:00+00:00,98245.5,98550.0,96823.1,96852.7,28107.161
2025-02-07 20:00:00+00:00,96852.7,96890.9,95556.5,96440.6,17433.279
2025-02-08 00:00:00+00:00,96440.6,96840.0,96273.0,96646.8,4969.369
2025-02-08 04:00:00+00:00,96646.8,96646.8,95723.8,96160.0,6051.926
2025-02-08 08:00:00+00:00,96160.0,96250.0,95819.4,96080.0,3702.996
2025-02-08 12:00:00+00:00,96080.0,96444.0,95635.8,95802.9,6348.179
2025-02-08 16:00:00+00:00,95802.9,96700.0,95703.0,96541.4,4950.615
2025-02-08 20:00:00+00:00,96541.4,96664.8,96302.0,96406.8,2663.2
2025-02-09 00:00:00+00:00,96406.8,97266.8,96314.4,97266.8,5472.824
2025-02-09 04:00:00+00:00,97266.8,97275.0,96727.0,97013.9,4332.756
2025-02-09 08:00:00+00:00,97013.9,97250.0,96503.1,96513.4,5028.268
2025-02-09 12:00:00+00:00,96513.4,96657.1,95681.0,96447.5,11705.974
2025-02-09 16:00:00+00:00,96447.5,96546.1,95805.2,96016.6,4662.389
2025-02-09 20:00:00+00:00,96016.6,96740.9,94651.2,96428.6,19269.099
2025-02-10 00:00:00+00:00,96428.6,97100.0,95202.8,96764.3,17074.82
2025-02-10 04:00:00+00:00,96764.3,97631.8,96570.2,97405.1,12933.667
2025-02-10 08:00:00+00:00,97405.1,97937.3,97318.8,97629.9,9262.385
2025-02-10 12:00:00+00:00,97629.9,98343.4,96812.1,97188.9,18587.808
2025-02-10 16:00:00+00:00,97188.9,97611.0,96826.4,97338.5,8104.311
2025-02-10 20:00:00+00:00,97338.5,97476.7,97085.0,97384.2,3207.166
2025-02-11 00:00:00+00:00,97384.2,98150.0,97379.2,97571.8,7841.491
2025-02-11 04:00:00+00:00,97571.8,98459.0,97505.2,98230.0,7362.737
2025-02-11 08:00:00+00:00,98230.0,98298.7,97826.2,98092.4,4861.406
2025-02-11 12:00:00+00:00,98092.4,98102.8,96551.3,96982.0,20137.865
2025-02-11 16:00:00+00:00,96982.0,97009.3,94821.9,94985.9,24183.209
2025-02-11 20:00:00+00:00,94985.9,96450.0,94871.0,95748.6,16070.531
2025-02-12 00:00:00+00:00,95748.6,96234.5,95050.0,95256.0,8502.271
2025-02-12 04:00:00+00:00,95256.0,96130.0,95219.8,96025.7,6644.55
2025-02-12 08:00:00+00:00,96025.7,96429.9,95865.0,96045.3,6455.8
2025-02-12 12:00:00+00:00,96045.3,96600.0,94001.2,95767.2,49881.33
2025-02-12 16:00:00+00:00,95767.2,97675.0,95060.0,97170.3,27750.143
2025-02-12 20:00:00+00:00,97170.3,98089.1,96805.3,97828.1,12353.059
2025-02-13 00:00:00+00:00,97828.1,98047.0,97328.3,97462.7,4909.199
2025-02-13 04:00:00+00:00,97462.7,97524.3,95788.0,96023.0,13938.861
2025-02-13 08:00:00+00:00,96023.0,96307.4,95310.1,95890.0,12669.422
2025-02-13 12:00:00+00:00,95890.0,96439.5,95250.0,95941.2,22690.029
2025-02-13 16:00:00+00:00,95941.2,96347.9,95156.1,95594.3,16788.475
2025-02-13 20:00:00+00:00,95594.3,96808.5,95553.2,96570.7,9794.602
2025-02-14 00:00:00+00:00,96570.7,97173.8,96330.7,97109.0,7626.471
2025-02-14 04:00:00+00:00,97109.0,97216.8,96512.6,96907.8,5885.115
2025-02-14 08:00:00+00:00,96907.8,97171.7,96757.8,96843.9,5928.281
2025-02-14 12:00:00+00:00,96843.9,97569.9,96200.0,96886.3,19311.163
2025-02-14 16:00:00+00:00,96886.3,98821.0,96436.8,97911.2,24676.595
2025-02-14 20:00:00+00:00,97911.2,98262.8,96639.0,97450.1,13454.262
2025-02-15 00:00:00+00:00,97450.1,97933.0,97175.8,97625.6,6185.513
2025-02-15 04:00:00+00:00,97625.6,97746.8,97303.1,97303.5,3349.746
2025-02-15 08:00:00+00:00,97303.5,97695.2,97258.1,97581.6,2690.728
2025-02-15 12:00:00+00:00,97581.6,97898.8,97370.0,97599.3,4866.633
2025-02-15 16:00:00+00:00,97599.3,97677.8,97268.9,97486.8,3660.896
2025-02-15 20:00:00+00:00,97486.8,97700.0,97349.9,97533.9,5873.009
2025-02-16 00:00:00+00:00,97533.9,97678.7,97299.8,97490.7,3110.778
2025-02-16 04:00:00+00:00,97490.7,97620.2,97164.0,97200.9,2707.671
2025-02-16 08:00:00+00:00,97200.9,97341.9,97012.0,97288.2,3296.132
2025-02-16 12:00:00+00:00,97288.2,97288.3,96636.0,96850.1,7273.287
2025-02-16 16:00:00+00:00,96850.1,97119.4,96500.0,97021.5,5953.413
2025-02-16 20:00:00+00:00,97021.5,97247.2,96000.0,96060.1,10001.614
2025-02-17 00:00:00+00:00,96060.1,96580.0,95980.1,96165.4,6590.748
2025-02-17 04:00:00+00:00,96165.4,96429.0,95730.3,96023.0,7608.444
2025-02-17 08:00:00+00:00,96023.0,96357.6,95888.9,96019.8,6788.31
2025-02-17 12:00:00+00:00,96019.8,96988.3,95514.7,95613.5,15160.267
2025-02-17 16:00:00+00:00,95613.5,95895.0,95160.0,95500.1,13294.769
2025-02-17 20:00:00+00:00,95500.1,96370.0,95448.5,95735.0,8293.019
2025-02-18 00:00:00+00:00,95735.0,96274.0,95500.0,96150.7,6409.224
2025-02-18 04:00:00+00:00,96150.7,96251.5,95193.6,95410.1,9311.561
2025-02-18 08:00:00+00:00,95410.1,95835.0,94988.0,95594.4,8120.903
2025-02-18 12:00:00+00:00,95594.4,96730.9,95153.0,95518.1,18823.51
2025-02-18 16:00:00+00:00,95518.1,95613.1,93318.1,94066.0,33188.624
2025-02-18 20:00:00+00:00,94066.0,95650.0,93682.3,95618.8,17420.202
2025-02-19 00:00:00+00:00,95618.8,95923.4,95008.6,95678.0,7738.086
2025-02-19 04:00:00+00:00,95678.0,95817.5,95018.5,95660.0,8235.914
2025-02-19 08:00:00+00:00,95660.0,96457.7,95588.1,96407.9,10745.765
2025-02-19 12:00:00+00:00,96407.9,96676.5,95500.0,95904.4,17998.861
2025-02-19 16:00:00+00:00,95904.4,96461.0,95370.0,96168.6,11547.661
2025-02-19 20:00:00+00:00,96168.6,96897.1,96014.2,96616.4,8058.451
2025-02-20 00:00:00+00:00,96616.4,97419.9,96386.5,97027.3,9130.694
2025-02-20 04:00:00+00:00,97027.3,97333.3,96750.0,96838.5,6438.668
2025-02-20 08:00:00+00:00,96838.5,97348.3,96788.0,97163.9,4217.317
2025-02-20 12:00:00+00:00,97163.9,98000.0,96758.0,96861.0,21333.378
2025-02-20 16:00:00+00:00,96861.0,98489.6,96825.2,98368.7,15651.044
2025-02-20 20:00:00+00:00,98368.7,98680.8,97954.0,98246.7,8139.338
2025-02-21 00:00:00+00:00,98246.7,98457.0,98035.1,98113.5,3799.909
2025-02-21 04:00:00+00:00,98113.5,98568.0,98080.5,98134.9,4580.952
2025-02-21 08:00:00+00:00,98134.9,98907.8,98061.7,98586.3,9143.018
2025-02-21 12:00:00+00:00,98586.3,99454.2,97111.0,98074.8,42952.702
2025-02-21 16:00:00+00:00,98074.8,98699.9,95191.1,95260.0,36613.364
2025-02-21 20:00:00+00:00,95260.0,96244.3,94832.2,96198.4,15480.236
2025-02-22 00:00:00+00:00,96198.4,96494.0,95814.8,96310.0,4889.92
2025-02-22 04:00:00+00:00,96310.0,96639.9,96280.0,96331.1,3758.233
2025-02-22 08:00:00+00:00,96331.1,96623.4,96152.7,96594.7,4562.199
2025-02-22 12:00:00+00:00,96594.7,97056.0,96502.5,96613.2,5057.087
2025-02-22 16:00:00+00:00,96613.2,96837.6,96344.2,96620.0,3810.039
2025-02-22 20:00:00+00:00,96620.0,96703.1,96465.9,96554.4,1584.857
2025-02-23 00:00:00+00:00,96554.4,96637.0,96351.9,96420.7,1610.361
2025-02-23 04:00:00+00:00,96420.7,96541.6,96121.5,96500.0,2883.619
2025-02-23 08:00:00+00:00,96500.0,96500.1,96009.4,96120.5,2834.853
2025-02-23 12:00:00+00:00,96120.5,96165.0,95358.5,95446.1,8970.263
2025-02-23 16:00:00+00:00,95446.1,95887.2,95254.0,95770.8,4530.775
2025-02-23 20:00:00+00:00,95770.8,96340.4,95547.9,96262.6,4614.239
2025-02-24 00:00:00+00:00,96262.6,96536.3,95267.0,95446.6,7575.671
2025-02-24 04:00:00+00:00,95446.6,95964.4,95088.5,95860.1,6217.719
2025-02-24 08:00:00+00:00,95860.1,96189.3,95354.9,95837.1,7671.987
2025-02-24 12:00:00+00:00,95837.1,96111.6,93816.4,94376.8,23257.6
2025-02-24 16:00:00+00:00,94376.8,95262.0,93631.0,93984.9,14189.175
2025-02-24 20:00:00+00:00,93984.9,94607.7,91258.7,91478.2,30121.328
2025-02-25 00:00:00+00:00,91478.2,92520.9,90821.1,92128.0,19589.617
2025-02-25 04:00:00+00:00,92128.0,92300.0,88093.2,89227.5,36595.616
2025-02-25 08:00:00+00:00,89227.5,89937.3,86833.0,89220.0,41132.625
2025-02-25 12:00:00+00:00,89220.0,89519.7,86055.5,87250.1,45106.839
2025-02-25 16:00:00+00:00,87250.1,88092.0,86177.0,87959.5,28202.32
2025-02-25 20:00:00+00:00,87959.5,89482.5,87618.8,88665.3,18738.253
2025-02-26 00:00:00+00:00,88665.3,89389.9,88131.6,88882.4,8043.119
2025-02-26 04:00:00+00:00,88882.4,89242.1,88356.6,88682.1,8367.474
2025-02-26 08:00:00+00:00,88682.1,89287.0,88073.5,88589.3,10211.612
2025-02-26 12:00:00+00:00,88589.3,88665.2,85350.0,87499.9,54374.764
2025-02-26 16:00:00+00:00,87499.9,87752.2,83200.0,83768.7,65707.027
2025-02-26 20:00:00+00:00,83768.7,85360.7,82055.6,84208.6,49196.687
2025-02-27 00:00:00+00:00,84208.6,85391.8,83988.1,85181.0,13553.436
2025-02-27 04:00:00+00:00,85181.0,86668.0,84623.5,86220.0,15817.55
2025-02-27 08:00:00+00:00,86220.0,87043.6,85814.3,86650.7,15388.99
2025-02-27 12:00:00+00:00,86650.7,86757.1,84614.3,85480.0,35080.286
2025-02-27 16:00:00+00:00,85480.0,85656.0,83550.9,84070.2,24631.225
2025-02-27 20:00:00+00:00,84070.2,84909.2,82670.0,84686.0,22408.994
2025-02-28 00:00:00+00:00,84686.0,84875.6,79400.9,80399.9,63205.782
2025-02-28 04:00:00+00:00,80399.9,80921.9,78814.8,79176.1,49871.766
2025-02-28 08:00:00+00:00,79176.1,80808.4,78210.5,80461.9,34699.977
2025-02-28 12:00:00+00:00,80461.9,84360.0,80038.9,83952.8,44444.738
2025-02-28 16:00:00+00:00,83952.8,85124.4,83168.4,84394.0,36329.985
2025-02-28 20:00:00+00:00,84394.0,84750.0,83573.6,84307.6,10803.122
2025-03-01 00:00:00+00:00,84307.6,85664.0,83760.9,85317.8,14070.917
2025-03-01 04:00:00+00:00,85317.8,86533.3,84665.9,84683.4,20622.167
2025-03-01 08:00:00+00:00,84683.4,85474.4,84335.6,84589.2,10356.379
2025-03-01 12:00:00+00:00,84589.2,84908.2,84280.0,84747.7,7866.719
2025-03-01 16:00:00+00:00,84747.7,85582.6,84646.7,85440.1,6434.332
2025-03-01 20:00:00+00:00,85440.1,86240.5,85245.5,86024.4,6709.186
2025-03-02 00:00:00+00:00,86024.4,86459.0,85573.0,85830.9,7762.013
2025-03-02 04:00:00+00:00,85830.9,86602.0,85486.9,86213.7,7353.407
2025-03-02 08:00:00+00:00,86213.7,86247.3,85613.7,86055.0,6849.183
2025-03-02 12:00:00+00:00,86055.0,88703.4,85007.7,87416.7,37393.942
2025-03-02 16:00:00+00:00,87416.7,95058.7,87283.0,93517.4,84730.539
2025-03-02 20:00:00+00:00,93517.4,94851.9,93507.0,94259.7,18593.535
2025-03-03 00:00:00+00:00,94259.7,94414.2,92411.0,92700.0,16604.05
2025-03-03 04:00:00+00:00,92700.0,93327.5,91150.3,92347.3,18527.551
2025-03-03 08:00:00+00:00,92347.3,92888.0,91094.6,92718.3,15554.878
2025-03-03 12:00:00+00:00,92718.3,93697.0,89130.0,90048.6,54586.15
2025-03-03 16:00:00+00:00,90048.6,91037.5,85456.8,85532.1,64416.795
2025-03-03 20:00:00+00:00,85532.1,86983.4,85023.4,86165.3,32120.983
2025-03-04 00:00:00+00:00,86165.3,86761.1,82378.7,83939.9,44134.417
2025-03-04 04:00:00+00:00,83939.9,84569.1,83086.3,83138.6,16829.664
2025-03-04 08:00:00+00:00,83138.6,84350.0,82968.0,83900.0,11819.481
2025-03-04 12:00:00+00:00,83900.0,84975.9,81413.7,82950.0,60523.69
2025-03-04 16:00:00+00:00,82950.0,88515.6,81970.6,88183.9,48661.351
2025-03-04 20:00:00+00:00,88183.9,88946.0,86561.1,87260.1,27427.13
2025-03-05 00:00:00+00:00,87260.1,87886.0,86350.8,86829.0,13043.721
2025-03-05 04:00:00+00:00,86829.0,87709.8,86706.1,87579.7,6579.815
2025-03-05 08:00:00+00:00,87579.7,90622.8,87562.3,89776.5,20431.533
2025-03-05 12:00:00+00:00,89776.5,90930.0,87843.3,88306.1,41704.865
2025-03-05 16:00:00+00:00,88306.1,90444.0,87553.2,89716.5,27055.722
2025-03-05 20:00:00+00:00,89716.5,90975.0,89631.6,90567.8,10783.844
2025-03-06 00:00:00+00:00,90567.8,91999.9,89961.3,91573.8,17162.767
2025-03-06 04:00:00+00:00,91573.8,92781.6,91236.1,91324.6,14911.785
2025-03-06 08:00:00+00:00,91324.6,91642.0,90570.4,91298.6,13992.578
2025-03-06 12:00:00+00:00,91298.6,91427.2,89065.3,90779.9,33859.975
2025-03-06 16:00:00+00:00,90779.9,91020.0,87800.1,88495.2,27802.174
2025-03-06 20:00:00+00:00,88495.2,90756.2,88435.2,89899.6,21937.858
2025-03-07 00:00:00+00:00,89899.6,91279.5,84594.7,86952.3,66685.996
2025-03-07 04:00:00+00:00,86952.3,88595.9,86806.9,88324.2,12281.44
2025-03-07 08:00:00+00:00,88324.2,89678.3,87957.4,88946.6,12494.35
2025-03-07 12:00:00+00:00,88946.6,91119.0,87973.6,88439.9,56619.272
2025-03-07 16:00:00+00:00,88439.9,89043.7,86530.4,87792.8,43390.444
2025-03-07 20:00:00+00:00,87792.8,88500.0,85453.4,86758.5,40925.266
2025-03-08 00:00:00+00:00,86758.5,86886.3,85185.9,85869.9,11494.048
2025-03-08 04:00:00+00:00,85869.9,86620.0,85617.7,86165.6,6417.254
2025-03-08 08:00:00+00:00,86165.6,86427.2,85719.0,85923.9,5994.175
2025-03-08 12:00:00+00:00,85923.9,86602.7,85775.0,86363.9,6122.72
2025-03-08 16:00:00+00:00,86363.9,86491.0,85615.3,86189.9,7454.468
2025-03-08 20:00:00+00:00,86189.9,86475.0,85813.3,86187.2,4269.263
2025-03-09 00:00:00+00:00,86187.2,86485.0,85910.0,86080.0,3400.931
2025-03-09 04:00:00+00:00,86080.0,86142.5,85760.0,85971.6,3698.916
2025-03-09 08:00:00+00:00,85971.6,86066.8,84584.3,84954.3,15971.914
2025-03-09 12:00:00+00:00,84954.3,84997.7,82700.0,83037.3,27880.12
2025-03-09 16:00:00+00:00,83037.3,83723.7,82151.4,82545.7,28622.261
2025-03-09 20:00:00+00:00,82545.7,83461.2,79913.4,80692.3,31878.72
2025-03-10 00:00:00+00:00,80692.3,82675.0,79947.0,81994.3,26065.406
2025-03-10 04:00:00+00:00,81994.3,82739.3,81923.3,82272.0,8590.006
2025-03-10 08:00:00+00:00,82272.0,84050.0,81085.4,83541.9,38691.869
2025-03-10 12:00:00+00:00,83541.9,83743.8,79120.0,80011.0,60811.809
2025-03-10 16:00:00+00:00,80011.0,80212.0,77403.1,79019.5,48703.226
2025-03-10 20:00:00+00:00,79019.5,79860.6,78358.1,78563.2,18773.858
2025-03-11 00:00:00+00:00,78563.2,79936.7,76545.0,79486.6,33355.361
2025-03-11 04:00:00+00:00,79486.6,80579.4,79406.1,80391.6,14293.092
2025-03-11 08:00:00+00:00,80391.6,82081.9,80282.8,81685.3,21029.072
2025-03-11 12:00:00+00:00,81685.3,82257.4,79000.0,81180.4,66129.363
2025-03-11 16:00:00+00:00,81180.4,83622.9,80609.4,83082.7,36721.429
2025-03-11 20:00:00+00:00,83082.7,83273.8,82518.8,82889.2,9580.23
2025-03-12 00:00:00+00:00,82889.2,83738.0,82076.1,82098.2,14233.661
2025-03-12 04:00:00+00:00,82098.2,82538.2,81245.1,82423.7,16575.057
2025-03-12 08:00:00+00:00,82423.7,83082.1,82032.4,82989.9,18504.306
2025-03-12 12:00:00+00:00,82989.9,84489.8,80534.6,81646.6,63428.957
2025-03-12 16:00:00+00:00,81646.6,83120.0,81528.3,82868.8,24881.212
2025-03-12 20:00:00+00:00,82868.8,83862.1,82652.0,83649.9,9122.299
2025-03-13 00:00:00+00:00,83649.9,84343.2,83282.0,83550.0,11247.355
2025-03-13 04:00:00+00:00,83550.0,83677.9,82811.1,83128.2,9805.245
2025-03-13 08:00:00+00:00,83128.2,83485.5,82357.7,82924.3,13490.923
2025-03-13 12:00:00+00:00,82924.3,83838.0,80905.2,80999.9,37004.902
2025-03-13 16:00:00+00:00,80999.9,81200.0,79888.0,80170.8,28726.353
2025-03-13 20:00:00+00:00,80170.8,81428.2,80156.1,81072.3,10571.595
2025-03-14 00:00:00+00:00,81072.3,82218.4,80766.6,81854.0,12118.418
2025-03-14 04:00:00+00:00,81854.0,82422.0,81743.3,82141.6,7139.135
2025-03-14 08:00:00+00:00,82141.6,83317.4,82139.4,83220.1,12292.77
2025-03-14 12:00:00+00:00,83220.1,85299.9,82585.4,84714.7,41257.305
2025-03-14 16:00:00+00:00,84714.7,84943.1,83914.2,84520.0,20089.211
2025-03-14 20:00:00+00:00,84520.0,84527.4,83702.0,83948.3,9915.001
2025-03-15 00:00:00+00:00,83948.3,84661.8,83936.3,84459.8,6625.053
2025-03-15 04:00:00+00:00,84459.8,84545.0,83780.5,83811.9,5852.794
2025-03-15 08:00:00+00:00,83811.9,84144.2,83591.8,84055.1,6928.004
2025-03-15 12:00:00+00:00,84055.1,84429.8,83972.3,84299.5,5860.527
2025-03-15 16:00:00+00:00,84299.5,84457.2,84061.1,84260.0,3722.681
2025-03-15 20:00:00+00:00,84260.0,84442.0,84200.9,84308.4,2611.954
2025-03-16 00:00:00+00:00,84308.4,84352.5,83718.9,84293.9,5821.688
2025-03-16 04:00:00+00:00,84293.9,84380.0,83928.4,84235.8,3866.198
2025-03-16 08:00:00+00:00,84235.8,84295.5,82309.1,82346.6,17387.437
2025-03-16 12:00:00+00:00,82346.6,83466.4,82338.0,83273.5,15264.634
2025-03-16 16:00:00+00:00,83273.5,85136.0,82500.1,83066.1,29711.718
2025-03-16 20:00:00+00:00,83066.1,83408.2,81934.4,82528.5,13894.239
2025-03-17 00:00:00+00:00,82528.5,83696.8,82470.4,83630.2,9056.15
2025-03-17 04:00:00+00:00,83630.2,83836.2,82642.9,83519.1,10517.816
2025-03-17 08:00:00+00:00,83519.1,83749.3,83159.1,83473.9,8807.648
2025-03-17 12:00:00+00:00,83473.9,83999.9,82400.7,83497.5,32487.013
2025-03-17 16:00:00+00:00,83497.5,84728.5,83079.0,84433.4,17108.44
2025-03-17 20:00:00+00:00,84433.4,84462.7,83686.2,83955.1,7328.086
2025-03-18 00:00:00+00:00,83955.1,83975.1,82905.8,83100.5,9686.714
2025-03-18 04:00:00+00:00,83100.5,83278.3,82200.1,83117.7,14579.67
2025-03-18 08:00:00+00:00,83117.7,83421.3,82471.5,82546.1,8681.259
2025-03-18 12:00:00+00:00,82546.1,82786.1,81093.6,81556.0,27867.11
2025-03-18 16:00:00+00:00,81556.0,82427.2,81175.3,82263.2,14051.34
2025-03-18 20:00:00+00:00,82263.2,82782.7,81828.0,82675.7,7284.207
2025-03-19 00:00:00+00:00,82675.7,83211.9,82475.5,82997.8,10409.805
2025-03-19 04:00:00+00:00,82997.8,83335.9,82752.7,83161.3,6376.066
2025-03-19 08:00:00+00:00,83161.3,84050.0,83149.5,83836.8,12246.224
2025-03-19 12:00:00+00:00,83836.8,84850.0,83483.9,84694.6,20082.762
2025-03-19 16:00:00+00:00,84694.6,85927.6,83505.9,85406.0,43699.178
2025-03-19 20:00:00+00:00,85406.0,86970.0,85161.0,86792.3,19230.869
2025-03-20 00:00:00+00:00,86792.3,87400.0,85584.0,85854.6,16859.068
2025-03-20 04:00:00+00:00,85854.6,85963.6,85366.0,85780.7,7521.511
2025-03-20 08:00:00+00:00,85780.7,86291.7,84746.4,85450.2,16372.737
2025-03-20 12:00:00+00:00,85450.2,86488.0,84510.4,84658.5,33353.837
2025-03-20 16:00:00+00:00,84658.5,84883.1,83605.8,84129.2,26624.556
2025-03-20 20:00:00+00:00,84129.2,84550.0,83880.0,84168.9,8300.337
2025-03-21 00:00:00+00:00,84168.9,84800.0,84118.2,84402.9,8020.354
2025-03-21 04:00:00+00:00,84402.9,84758.5,83700.0,83897.9,9222.082
2025-03-21 08:00:00+00:00,83897.9,84313.5,83684.6,84001.3,9664.684
2025-03-21 12:00:00+00:00,84001.3,84323.5,83136.3,83524.7,24454.097
2025-03-21 16:00:00+00:00,83524.7,84431.5,83311.3,83921.0,13302.028
2025-03-21 20:00:00+00:00,83921.0,84567.3,83771.8,84054.6,5656.988
2025-03-22 00:00:00+00:00,84054.6,84287.4,83950.8,84214.1,3249.273
2025-03-22 04:00:00+00:00,84214.1,84388.7,84120.9,84238.2,2813.087
2025-03-22 08:00:00+00:00,84238.2,84500.0,84078.8,84193.9,3727.061
2025-03-22 12:00:00+00:00,84193.9,84259.0,83932.5,84067.1,3651.43
2025-03-22 16:00:00+00:00,84067.1,84279.5,84017.6,84130.9,2575.711
2025-03-22 20:00:00+00:00,84130.9,84170.0,83616.0,83805.9,4887.831
2025-03-23 00:00:00+00:00,83805.9,84257.5,83753.2,84198.6,3325.82
2025-03-23 04:00:00+00:00,84198.6,84290.6,84023.4,84230.1,2054.563
2025-03-23 08:00:00+00:00,84230.1,84990.0,84218.4,84632.8,8284.216
2025-03-23 12:00:00+00:00,84632.8,85230.5,84526.4,85141.5,9933.003
2025-03-23 16:00:00+00:00,85141.5,85400.0,84755.5,84971.5,8956.751
2025-03-23 20:00:00+00:00,84971.5,86088.0,84880.0,86037.8,10373.107
2025-03-24 00:00:00+00:00,86037.8,86611.2,85488.4,86501.1,17202.286
2025-03-24 04:00:00+00:00,86501.1,87269.0,86501.0,86843.6,15731.445
2025-03-24 08:00:00+00:00,86843.6,87888.0,86824.2,87646.6,15313.443
2025-03-24 12:00:00+00:00,87646.6,88740.0,87109.2,88283.9,32077.059
2025-03-24 16:00:00+00:00,88283.9,88496.1,87636.3,88165.2,16798.482
2025-03-24 20:00:00+00:00,88165.2,88441.1,86963.8,87459.9,12476.355
2025-03-25 00:00:00+00:00,87459.9,87646.3,86288.0,86468.5,13026.257
2025-03-25 04:00:00+00:00,86468.5,86832.3,86261.0,86408.9,9542.599
2025-03-25 08:00:00+00:00,86408.9,87479.5,86360.9,87333.4,11907.028
2025-03-25 12:00:00+00:00,87333.4,88200.0,86872.8,87731.2,24491.082
2025-03-25 16:00:00+00:00,87731.2,88296.5,87520.0,88053.8,11973.123
2025-03-25 20:00:00+00:00,88053.8,88500.0,87074.2,87362.4,16201.247
2025-03-26 00:00:00+00:00,87362.4,87869.3,86980.2,87122.2,7975.693
2025-03-26 04:00:00+00:00,87122.2,88284.0,86997.9,88103.4,11063.129
2025-03-26 08:00:00+00:00,88103.4,88234.0,87790.0,87919.5,8304.0
2025-03-26 12:00:00+00:00,87919.5,87980.0,86363.1,86686.5,27331.591
2025-03-26 16:00:00+00:00,86686.5,87038.8,85800.1,86518.6,17345.935
2025-03-26 20:00:00+00:00,86518.6,87358.8,86460.5,86860.8,15376.436
2025-03-27 00:00:00+00:00,86860.8,87727.9,86747.6,87626.7,10658.924
2025-03-27 04:00:00+00:00,87626.7,87650.0,87201.3,87349.9,6231.828
2025-03-27 08:00:00+00:00,87349.9,87570.0,86755.0,86900.1,10597.055
2025-03-27 12:00:00+00:00,86900.1,87529.1,85695.4,86914.3,36005.023
2025-03-27 16:00:00+00:00,86914.3,87387.1,86728.3,87019.9,11367.3
2025-03-27 20:00:00+00:00,87019.9,87699.9,86884.8,87181.7,7836.7
2025-03-28 00:00:00+00:00,87181.7,87479.4,86702.6,86744.5,8954.612
2025-03-28 04:00:00+00:00,86744.5,86788.0,85108.3,85158.0,24721.28
2025-03-28 08:00:00+00:00,85158.0,85398.5,84750.0,85200.9,17401.777
2025-03-28 12:00:00+00:00,85200.9,85598.4,83927.2,84006.8,33939.626
2025-03-28 16:00:00+00:00,84006.8,84184.9,83545.0,83764.0,16571.534
2025-03-28 20:00:00+00:00,83764.0,84488.0,83652.8,84375.0,8216.654
2025-03-29 00:00:00+00:00,84375.0,84573.8,83659.1,84120.0,7461.46
2025-03-29 04:00:00+00:00,84120.0,84221.9,83613.0,83689.5,4425.911
2025-03-29 08:00:00+00:00,83689.5,83908.5,81958.3,82245.0,23691.451
2025-03-29 12:00:00+00:00,82245.0,82839.9,82086.9,82370.7,11164.024
2025-03-29 16:00:00+00:00,82370.7,82739.9,81602.9,82728.2,16884.874
2025-03-29 20:00:00+00:00,82728.2,82799.1,82221.3,82603.9,5453.124
2025-03-30 00:00:00+00:00,82603.9,83450.0,82457.5,83042.1,9320.193
2025-03-30 04:00:00+00:00,83042.1,83280.9,82813.0,83032.9,5731.746
2025-03-30 08:00:00+00:00,83032.9,83496.8,82920.1,83073.1,7677.927
2025-03-30 12:00:00+00:00,83073.1,83225.4,82513.5,82692.9,9847.877
2025-03-30 16:00:00+00:00,82692.9,82870.0,81985.8,82512.0,11400.629
2025-03-30 20:00:00+00:00,82512.0,82724.1,81510.0,82347.9,12423.386
2025-03-31 00:00:00+00:00,82347.9,82405.4,81212.3,81486.7,16383.533
2025-03-31 04:00:00+00:00,81486.7,82279.6,81355.0,81899.3,10040.078
2025-03-31 08:00:00+00:00,81899.3,82237.0,81232.4,82169.3,14042.665
2025-03-31 12:00:00+00:00,82169.3,83895.7,81600.0,83377.8,41570.108
2025-03-31 16:00:00+00:00,83377.8,83640.5,82342.0,82409.3,18208.561
2025-03-31 20:00:00+00:00,82409.3,82828.8,82213.1,82504.4,10439.848
2025-04-01 00:00:00+00:00,82504.4,83200.0,82375.6,82928.3,8389.877
2025-04-01 04:00:00+00:00,82928.3,83572.8,82851.0,83420.1,8563.617
2025-04-01 08:00:00+00:00,83420.1,84471.2,83400.0,83895.0,19830.945
2025-04-01 12:00:00+00:00,83895.0,85468.3,82509.7,85250.0,41225.704
2025-04-01 16:00:00+00:00,85250.0,85455.0,84671.4,84908.8,16925.242
2025-04-01 20:00:00+00:00,84908.8,85555.0,84723.2,85130.5,9647.602
2025-04-02 00:00:00+00:00,85130.5,85235.0,84463.9,84504.0,9744.241
2025-04-02 04:00:00+00:00,84504.0,84678.1,83867.2,84382.4,10634.224
2025-04-02 08:00:00+00:00,84382.4,85429.6,84215.0,84520.0,15066.894
2025-04-02 12:00:00+00:00,84520.0,87297.1,84403.5,86699.3,46690.31
2025-04-02 16:00:00+00:00,86699.3,87278.0,86124.6,86853.9,19983.072
2025-04-02 20:00:00+00:00,86853.9,88560.1,82281.9,82468.1,80752.639
2025-04-03 00:00:00+00:00,82468.1,83888.0,82107.1,83442.4,20859.642
2025-04-03 04:00:00+00:00,83442.4,83697.0,82955.0,83422.0,9449.993
2025-04-03 08:00:00+00:00,83422.0,83774.8,83010.7,83061.8,10408.694
2025-04-03 12:00:00+00:00,83061.8,83116.1,81146.0,81990.1,43941.419
2025-04-03 16:00:00+00:00,81990.1,82409.6,81501.0,81971.7,16786.59
2025-04-03 20:00:00+00:00,81971.7,83288.3,81758.6,83175.2,11325.393
2025-04-04 00:00:00+00:00,83175.2,83389.9,82561.0,82786.5,9541.076
2025-04-04 04:00:00+00:00,82786.5,83999.2,82585.0,83973.7,12065.78
2025-04-04 08:00:00+00:00,83973.7,84736.0,81605.0,82617.9,46574.104
2025-04-04 12:00:00+00:00,82617.9,83682.0,81800.0,82813.1,60158.57
2025-04-04 16:00:00+00:00,82813.1,84600.0,82691.0,83989.0,37643.416
2025-04-04 20:00:00+00:00,83989.0,84418.9,83457.1,83862.1,11076.471
2025-04-05 00:00:00+00:00,83862.1,84244.0,83374.6,83600.0,7381.721
2025-04-05 04:00:00+00:00,83600.0,83838.0,83304.3,83483.3,4687.312
2025-04-05 08:00:00+00:00,83483.3,83872.8,83341.0,83428.0,5173.224
2025-04-05 12:00:00+00:00,83428.0,83526.6,82343.0,82579.5,15144.874
2025-04-05 16:00:00+00:00,82579.5,83125.5,82566.7,82827.7,6546.321
2025-04-05 20:00:00+00:00,82827.7,83659.9,82783.1,83496.7,6562.346
2025-04-06 00:00:00+00:00,83496.7,83774.3,83131.9,83313.8,5793.996
2025-04-06 04:00:00+00:00,83313.8,83500.0,82984.0,82988.9,5509.437
2025-04-06 08:00:00+00:00,82988.9,83139.3,82617.5,82812.5,7852.555
2025-04-06 12:00:00+00:00,82812.5,82940.0,82159.7,82507.1,14009.036
2025-04-06 16:00:00+00:00,82507.1,82529.0,78643.0,79579.5,52667.65
2025-04-06 20:00:00+00:00,79579.5,79844.0,77083.5,78376.1,50613.595
2025-04-07 00:00:00+00:00,78376.1,79315.8,77303.9,77650.0,30436.145
2025-04-07 04:00:00+00:00,77650.0,77947.3,74456.2,75077.5,51711.851
2025-04-07 08:00:00+00:00,75077.5,77550.0,75040.9,76650.0,36064.818
2025-04-07 12:00:00+00:00,76650.0,81216.8,75739.6,78427.5,118844.797
2025-04-07 16:00:00+00:00,78427.5,79342.0,77250.0,78091.6,38387.573
2025-04-07 20:00:00+00:00,78091.6,80189.3,78057.1,79144.1,17291.969
2025-04-08 00:00:00+00:00,79144.1,80833.6,78738.9,79867.0,18452.256
2025-04-08 04:00:00+00:00,79867.0,80368.5,79188.9,79464.7,12097.146
2025-04-08 08:00:00+00:00,79464.7,80044.0,78777.2,79955.8,16389.853
2025-04-08 12:00:00+00:00,79955.8,80350.0,78128.0,78456.0,37741.041
2025-04-08 16:00:00+00:00,78456.0,78486.3,76316.1,76827.6,45959.243
2025-04-08 20:00:00+00:00,76827.6,77251.4,76200.9,76286.9,14362.363
2025-04-09 00:00:00+00:00,76286.9,76823.1,74565.9,75012.1,36939.573
2025-04-09 04:00:00+00:00,75012.1,77910.1,74936.6,77653.9,37441.952
2025-04-09 08:00:00+00:00,77653.9,77847.7,75742.3,76200.1,34973.865
2025-04-09 12:00:00+00:00,76200.1,78300.0,75982.2,77234.7,44609.822
2025-04-09 16:00:00+00:00,77234.7,82975.2,77110.0,82294.6,92039.67
2025-04-09 20:00:00+00:00,82294.6,83560.0,81972.1,82593.9,24106.294
2025-04-10 00:00:00+00:00,82593.9,82719.2,81440.8,81755.8,13268.241
2025-04-10 04:00:00+00:00,81755.8,82312.4,81255.5,81557.4,13624.959
2025-04-10 08:00:00+00:00,81557.4,82086.9,81301.0,81836.0,13212.636
2025-04-10 12:00:00+00:00,81836.0,82491.1,78565.8,78734.1,53561.682
2025-04-10 16:00:00+00:00,78734.1,80027.5,78422.0,79600.7,36861.514
2025-04-10 20:00:00+00:00,79600.7,80000.0,79339.2,79557.5,8795.054
2025-04-11 00:00:00+00:00,79557.5,80886.1,78928.2,80806.2,17256.78
2025-04-11 04:00:00+00:00,80806.2,81404.0,80481.6,81222.0,13800.323
2025-04-11 08:00:00+00:00,81222.0,82950.0,80750.0,82114.7,30324.153
2025-04-11 12:00:00+00:00,82114.7,83333.0,81315.7,82494.8,37634.923
2025-04-11 16:00:00+00:00,82494.8,84191.9,81970.0,83826.1,24284.513
2025-04-11 20:00:00+00:00,83826.1,84288.0,83126.3,83382.8,10777.182
2025-04-12 00:00:00+00:00,83382.8,83544.8,82753.3,82933.0,6783.441
2025-04-12 04:00:00+00:00,82933.0,83784.4,82803.6,83684.8,9310.531
2025-04-12 08:00:00+00:00,83684.8,83998.8,83260.1,83481.1,7665.602
2025-04-12 12:00:00+00:00,83481.1,85386.4,83433.5,84977.5,25078.606
2025-04-12 16:00:00+00:00,84977.5,85221.0,84400.0,84882.2,11097.643
2025-04-12 20:00:00+00:00,84882.2,85888.0,84815.6,85238.4,11906.103
2025-04-13 00:00:00+00:00,85238.4,86099.0,84666.8,85389.3,14591.173
2025-04-13 04:00:00+00:00,85389.3,85396.8,84358.4,84372.0,11470.163
2025-04-13 08:00:00+00:00,84372.0,84908.4,84147.0,84478.5,9423.818
2025-04-13 12:00:00+00:00,84478.5,84644.4,83413.0,83801.8,15353.235
2025-04-13 16:00:00+00:00,83801.8,84982.7,82953.1,83943.6,21958.628
2025-04-13 20:00:00+00:00,83943.6,84393.4,82977.9,83716.8,17102.351
2025-04-14 00:00:00+00:00,83716.8,85535.8,83637.5,84530.1,24005.17
2025-04-14 04:00:00+00:00,84530.1,85073.2,84169.7,84552.8,9399.738
2025-04-14 08:00:00+00:00,84552.8,84931.0,84210.4,84890.0,9734.629
2025-04-14 12:00:00+00:00,84890.0,85771.1,83639.4,84064.9,33757.436
2025-04-14 16:00:00+00:00,84064.9,85174.0,83812.7,84870.4,16163.322
2025-04-14 20:00:00+00:00,84870.4,84937.3,84376.7,84547.4,6316.382
2025-04-15 00:00:00+00:00,84547.4,85397.3,84300.9,85367.3,12149.093
2025-04-15 04:00:00+00:00,85367.3,85873.3,85126.0,85710.5,13118.552
2025-04-15 08:00:00+00:00,85710.5,85998.9,85327.3,85549.9,12429.162
2025-04-15 12:00:00+00:00,85549.9,86444.0,84560.7,84863.3,35298.315
2025-04-15 16:00:00+00:00,84863.3,85104.4,83865.0,83943.7,15060.317
2025-04-15 20:00:00+00:00,83943.7,84181.7,83518.5,83603.7,10521.333
2025-04-16 00:00:00+00:00,83603.7,83910.5,83055.0,83634.6,10831.12
2025-04-16 04:00:00+00:00,83634.6,83760.0,83150.0,83312.8,9923.162
2025-04-16 08:00:00+00:00,83312.8,84093.0,83075.3,84004.8,13236.163
2025-04-16 12:00:00+00:00,84004.8,85225.4,83456.7,84799.9,25108.683
2025-04-16 16:00:00+00:00,84799.9,85522.7,83224.4,84294.1,33480.072
2025-04-16 20:00:00+00:00,84294.1,84636.3,83985.3,83986.0,6534.598
2025-04-17 00:00:00+00:00,83986.0,84450.9,83762.0,83949.2,7112.197
2025-04-17 04:00:00+00:00,83949.2,85018.5,83849.4,84638.3,8262.226
2025-04-17 08:00:00+00:00,84638.3,84736.4,84134.1,84527.3,7643.021
2025-04-17 12:00:00+00:00,84527.3,84831.3,83677.4,84499.4,18040.604
2025-04-17 16:00:00+00:00,84499.4,85455.8,84339.5,84799.4,21969.416
2025-04-17 20:00:00+00:00,84799.4,85112.3,84685.0,84906.5,5564.739
2025-04-18 00:00:00+00:00,84906.5,85104.7,84675.2,84796.7,3784.084
2025-04-18 04:00:00+00:00,84796.7,84810.1,84375.0,84615.1,5688.311
2025-04-18 08:00:00+00:00,84615.1,84738.9,84420.1,84627.3,3836.813
2025-04-18 12:00:00+00:00,84627.3,84725.3,84276.1,84329.4,6433.672
2025-04-18 16:00:00+00:00,84329.4,84618.0,84250.0,84533.9,3562.507
2025-04-18 20:00:00+00:00,84533.9,84647.0,84290.0,84419.6,2751.726
2025-04-19 00:00:00+00:00,84419.6,84944.7,84324.1,84838.4,3987.35
2025-04-19 04:00:00+00:00,84838.4,85235.1,84833.9,85186.9,6364.609
2025-04-19 08:00:00+00:00,85186.9,85426.1,85085.1,85194.0,5991.867
2025-04-19 12:00:00+00:00,85194.0,85644.6,85041.6,85150.0,8180.403
2025-04-19 16:00:00+00:00,85150.0,85295.1,84659.4,85054.7,8605.451
2025-04-19 20:00:00+00:00,85054.7,85371.3,84973.7,85048.5,3148.451
2025-04-20 00:00:00+00:00,85048.5,85290.0,85006.6,85119.1,2417.29
2025-04-20 04:00:00+00:00,85119.1,85212.0,84608.2,84730.1,5282.526
2025-04-20 08:00:00+00:00,84730.1,84757.4,83882.7,84080.1,11030.463
2025-04-20 12:00:00+00:00,84080.1,84627.6,84054.3,84296.0,7735.31
2025-04-20 16:00:00+00:00,84296.0,84623.6,84222.7,84600.6,3704.327
2025-04-20 20:00:00+00:00,84600.6,85281.8,84571.3,85145.5,10116.118
2025-04-21 00:00:00+00:00,85145.5,87626.4,85106.1,87174.8,31674.801
2025-04-21 04:00:00+00:00,87174.8,87737.7,87033.0,87418.7,12393.165
2025-04-21 08:00:00+00:00,87418.7,87771.9,86615.2,86940.4,13321.021
2025-04-21 12:00:00+00:00,86940.4,88442.9,86755.5,87992.1,35455.957
2025-04-21 16:00:00+00:00,87992.1,88219.9,86350.0,87359.9,28136.981
2025-04-21 20:00:00+00:00,87359.9,87592.6,86786.8,87471.1,8422.203
2025-04-22 00:00:00+00:00,87471.1,88842.1,87013.6,88117.4,23539.84
2025-04-22 04:00:00+00:00,88117.4,88449.8,87920.0,88439.4,8966.258
2025-04-22 08:00:00+00:00,88439.4,88681.9,88200.1,88581.0,8561.105
2025-04-22 12:00:00+00:00,88581.0,91366.9,88440.0,90876.0,55414.478
2025-04-22 16:00:00+00:00,90876.0,91671.2,90566.6,91355.9,20315.779
2025-04-22 20:00:00+00:00,91355.9,94000.0,90984.1,93400.0,36576.328
2025-04-23 00:00:00+00:00,93400.0,93873.4,92561.0,93128.3,14343.458
2025-04-23 04:00:00+00:00,93128.3,94242.6,92969.0,94100.4,12278.998
2025-04-23 08:00:00+00:00,94100.4,94507.0,93268.4,93426.3,15765.542
2025-04-23 12:00:00+00:00,93426.3,94722.9,91911.8,93133.0,44845.463
2025-04-23 16:00:00+00:00,93133.0,94189.1,92862.8,93427.9,18666.924
2025-04-23 20:00:00+00:00,93427.9,93876.8,93178.3,93635.2,8072.534
2025-04-24 00:00:00+00:00,93635.2,93724.8,92579.2,92621.7,10380.891
2025-04-24 04:00:00+00:00,92621.7,92862.0,92060.8,92156.4,10995.58
2025-04-24 08:00:00+00:00,92156.4,92620.0,91631.5,92577.5,14968.136
2025-04-24 12:00:00+00:00,92577.5,93420.3,92388.4,93160.0,18779.868
2025-04-24 16:00:00+00:00,93160.0,93624.1,92613.3,93519.4,13576.672
2025-04-24 20:00:00+00:00,93519.4,93985.8,92999.0,93945.5,9890.125
2025-04-25 00:00:00+00:00,93945.5,94400.0,92775.6,93259.9,15330.47
2025-04-25 04:00:00+00:00,93259.9,93835.0,92951.1,93747.9,8582.842
2025-04-25 08:00:00+00:00,93747.9,94619.6,93505.3,94593.2,9769.698
2025-04-25 12:00:00+00:00,94593.2,95724.5,93888.8,95012.8,40736.044
2025-04-25 16:00:00+00:00,95012.8,95515.3,94329.6,95230.6,16004.247
2025-04-25 20:00:00+00:00,95230.6,95286.5,94406.0,94596.2,6033.857
2025-04-26 00:00:00+00:00,94596.2,95150.0,94510.0,94689.7,5216.073
2025-04-26 04:00:00+00:00,94689.7,94776.5,94264.1,94507.6,4685.314
2025-04-26 08:00:00+00:00,94507.6,94680.0,93950.0,94101.0,6908.711
2025-04-26 12:00:00+00:00,94101.0,94363.4,93839.8,94333.6,6139.576
2025-04-26 16:00:00+00:00,94333.6,94333.6,94000.2,94251.1,2737.782
2025-04-26 20:00:00+00:00,94251.1,94870.0,94035.0,94578.3,5375.374
2025-04-27 00:00:00+00:00,94578.3,95279.4,93959.1,94120.0,10622.105
2025-04-27 04:00:00+00:00,94120.0,94250.0,93592.8,94022.1,6313.611
2025-04-27 08:00:00+00:00,94022.1,94279.1,93835.5,93866.0,4057.695
2025-04-27 12:00:00+00:00,93866.0,94130.0,93538.4,93851.6,7803.548
2025-04-27 16:00:00+00:00,93851.6,94405.3,93673.5,94396.1,4751.299
2025-04-27 20:00:00+00:00,94396.1,94516.8,93576.9,93700.0,6458.521
2025-04-28 00:00:00+00:00,93700.0,93943.5,92750.0,93812.3,16441.776
2025-04-28 04:00:00+00:00,93812.3,94762.7,93812.2,94650.0,9818.06
2025-04-28 08:00:00+00:00,94650.0,95480.2,94280.5,95274.2,17212.944
2025-04-28 12:00:00+00:00,95274.2,95564.8,93524.0,93782.2,31784.728
2025-04-28 16:00:00+00:00,93782.2,94874.3,93381.9,94733.5,14608.558
2025-04-28 20:00:00+00:00,94733.5,95126.8,94250.8,94969.7,8055.336
2025-04-29 00:00:00+00:00,94969.7,95440.0,94375.7,94612.8,11617.147
2025-04-29 04:00:00+00:00,94612.8,94930.4,94146.8,94879.9,7398.663
2025-04-29 08:00:00+00:00,94879.9,95250.0,94692.0,95084.4,9807.303
2025-04-29 12:00:00+00:00,95084.4,95266.0,94466.8,94792.7,16429.176
2025-04-29 16:00:00+00:00,94792.7,95444.3,94601.4,95264.1,18047.465
2025-04-29 20:00:00+00:00,95264.1,95362.7,93682.0,94200.0,18882.372
2025-04-30 00:00:00+00:00,94200.0,95076.8,94076.0,95000.0,10656.833
2025-04-30 04:00:00+00:00,95000.0,95146.5,94453.2,94584.3,7779.72
2025-04-30 08:00:00+00:00,94584.3,95187.5,94481.3,95131.3,6533.052
2025-04-30 12:00:00+00:00,95131.3,95174.3,92852.4,93951.1,35385.232
2025-04-30 16:00:00+00:00,93951.1,94499.9,93465.7,94100.0,11551.464
2025-04-30 20:00:00+00:00,94100.0,94750.0,93923.2,94118.0,9806.443
2025-05-01 00:00:00+00:00,94118.0,94964.5,94070.7,94738.5,8274.528
2025-05-01 04:00:00+00:00,94738.5,95150.0,94672.1,94978.6,7203.925
2025-05-01 08:00:00+00:00,94978.6,96366.0,94865.0,96138.2,21022.165
2025-05-01 12:00:00+00:00,96138.2,97383.1,95772.0,96804.4,36596.953
2025-05-01 16:00:00+00:00,96804.4,97300.0,96361.0,96466.0,15019.095
2025-05-01 20:00:00+00:00,96466.0,96852.6,96132.9,96430.9,9305.824
2025-05-02 00:00:00+00:00,96430.9,97199.9,96417.1,97062.0,9565.434
2025-05-02 04:00:00+00:00,97062.0,97276.6,96310.0,96310.0,9910.794
2025-05-02 08:00:00+00:00,96310.0,97050.0,96306.9,96866.5,7192.369
2025-05-02 12:00:00+00:00,96866.5,97868.0,96574.9,97263.1,26766.989
2025-05-02 16:00:00+00:00,97263.1,97746.3,96692.8,96843.6,14969.013
2025-05-02 20:00:00+00:00,96843.6,97070.0,96500.1,96833.5,5809.528
2025-05-03 00:00:00+00:00,96833.5,96865.0,96266.2,96292.9,4760.699
2025-05-03 04:00:00+00:00,96292.9,96548.6,96056.8,96283.7,5140.859
2025-05-03 08:00:00+00:00,96283.7,96370.3,95819.0,95894.6,7237.004
2025-05-03 12:00:00+00:00,95894.6,96455.0,95828.9,96362.4,6363.551
2025-05-03 16:00:00+00:00,96362.4,96369.5,95783.8,96307.6,5550.487
2025-05-03 20:00:00+00:00,96307.6,96408.7,95700.1,95815.5,5403.272
2025-05-04 00:00:00+00:00,95815.5,96257.0,95535.4,95674.0,8025.025
2025-05-04 04:00:00+00:00,95674.0,96108.8,95649.9,95840.6,3688.542
2025-05-04 08:00:00+00:00,95840.6,95890.7,95233.0,95379.9,7053.472
2025-05-04 12:00:00+00:00,95379.9,95644.2,95187.5,95424.0,6727.832
2025-05-04 16:00:00+00:00,95424.0,95583.0,95152.6,95525.2,5301.07
2025-05-04 20:00:00+00:00,95525.2,95706.0,94100.0,94224.1,14692.922
2025-05-05 00:00:00+00:00,94224.1,94745.0,93460.2,94012.4,19060.591
2025-05-05 04:00:00+00:00,94012.4,94792.6,93980.1,94719.1,7282.057
2025-05-05 08:00:00+00:00,94719.1,94748.3,93847.7,93997.9,10590.019
2025-05-05 12:00:00+00:00,93997.9,94510.0,93543.9,93723.1,22712.68
2025-05-05 16:00:00+00:00,93723.1,94880.8,93704.7,94306.2,11931.339
2025-05-05 20:00:00+00:00,94306.2,95149.0,93801.0,94698.7,11271.353
2025-05-06 00:00:00+00:00,94698.7,94876.6,93970.0,94417.0,8724.171
2025-05-06 04:00:00+00:00,94417.0,94593.5,94253.3,94351.2,3601.123
2025-05-06 08:00:00+00:00,94351.2,94352.7,93680.0,93777.5,8526.126
2025-05-06 12:00:00+00:00,93777.5,94701.1,93333.5,94512.9,22259.742
2025-05-06 16:00:00+00:00,94512.9,95110.0,94172.6,94912.9,12677.416
2025-05-06 20:00:00+00:00,94912.9,96880.6,94401.9,96799.0,27088.818
2025-05-07 00:00:00+00:00,96799.0,97700.0,96157.1,96471.1,22854.743
2025-05-07 04:00:00+00:00,96471.1,96964.9,96278.2,96942.3,7133.26
2025-05-07 08:00:00+00:00,96942.3,97069.6,96780.2,97000.0,6479.11
2025-05-07 12:00:00+00:00,97000.0,97444.2,96669.6,96888.7,15821.841
2025-05-07 16:00:00+00:00,96888.7,96932.1,95724.2,96122.1,28697.514
2025-05-07 20:00:00+00:00,96122.1,97369.6,96012.2,96988.1,12127.681
2025-05-08 00:00:00+00:00,96988.1,99187.9,96832.1,99105.8,27907.161
2025-05-08 04:00:00+00:00,99105.8,99393.1,98698.0,99218.0,15012.244
2025-05-08 08:00:00+00:00,99218.0,99876.2,99163.1,99376.0,13890.481
2025-05-08 12:00:00+00:00,99376.0,101500.0,99055.0,100716.5,40634.81
2025-05-08 16:00:00+00:00,100716.5,101687.9,100543.5,101244.1,20916.48
2025-05-08 20:00:00+00:00,101244.1,104253.8,101203.6,103240.0,34497.976
2025-05-09 00:00:00+00:00,103240.0,103241.3,102314.2,102410.3,10385.462
2025-05-09 04:00:00+00:00,102410.3,104330.1,102332.0,103598.9,13729.208
2025-05-09 08:00:00+00:00,103598.9,103911.0,102378.3,102909.9,22011.594
2025-05-09 12:00:00+00:00,102909.9,103735.1,102354.0,102855.7,23476.247
2025-05-09 16:00:00+00:00,102855.7,103338.3,102264.1,103135.8,12244.691
2025-05-09 20:00:00+00:00,103135.8,103364.0,102692.2,102931.2,5307.522
2025-05-10 00:00:00+00:00,102931.2,103239.4,102772.0,103182.8,3578.485
2025-05-10 04:00:00+00:00,103182.8,104079.9,103005.3,103727.5,9350.312
2025-05-10 08:00:00+00:00,103727.5,104050.0,103328.1,103399.2,8261.287
2025-05-10 12:00:00+00:00,103399.2,103792.8,103053.6,103100.6,6404.492
2025-05-10 16:00:00+00:00,103100.6,103585.7,102880.0,103141.2,6558.088
2025-05-10 20:00:00+00:00,103141.2,104986.7,103017.7,104782.3,13473.804
2025-05-11 00:00:00+00:00,104782.3,104936.7,103342.3,103961.9,15623.117
2025-05-11 04:00:00+00:00,103961.9,104368.0,103250.0,103354.3,8327.476
2025-05-11 08:00:00+00:00,103354.3,104731.0,103331.0,104600.9,8501.738
2025-05-11 12:00:00+00:00,104600.9,104855.0,103750.0,104097.0,13453.51
2025-05-11 16:00:00+00:00,104097.0,104812.0,103713.3,104402.0,9340.012
2025-05-11 20:00:00+00:00,104402.0,104564.6,103540.0,104080.0,8223.223
2025-05-12 00:00:00+00:00,104080.0,105133.7,103666.0,104072.7,13307.095
2025-05-12 04:00:00+00:00,104072.7,105842.1,103730.8,104434.5,25094.356
2025-05-12 08:00:00+00:00,104434.5,104721.2,103580.0,103712.3,13666.492
2025-05-12 12:00:00+00:00,103712.3,104614.0,102303.5,102470.1,34345.071
2025-05-12 16:00:00+00:00,102470.1,103050.0,100688.0,101803.0,28367.089
2025-05-12 20:00:00+00:00,101803.0,103098.2,101723.7,102746.0,9924.908
2025-05-13 00:00:00+00:00,102746.0,102746.1,101380.0,101666.7,12031.19
2025-05-13 04:00:00+00:00,101666.7,102908.8,101560.1,102627.9,9174.001
2025-05-13 08:00:00+00:00,102627.9,103788.0,102505.0,103683.5,10521.314
2025-05-13 12:00:00+00:00,103683.5,103933.3,102745.0,103628.2,25244.418
2025-05-13 16:00:00+00:00,103628.2,104949.9,103485.3,104751.3,18477.112
2025-05-13 20:00:00+00:00,104751.3,104907.2,103820.0,104070.6,8069.753
2025-05-14 00:00:00+00:00,104070.6,104073.6,103400.0,103534.4,6927.453
2025-05-14 04:00:00+00:00,103534.4,103953.0,103335.2,103664.3,6237.112
2025-05-14 08:00:00+00:00,103664.3,104138.6,102803.4,103908.2,14052.31
2025-05-14 12:00:00+00:00,103908.2,104325.6,102770.1,103455.9,23486.609
2025-05-14 16:00:00+00:00,103455.9,103668.8,102550.0,103279.4,12568.905
2025-05-14 20:00:00+00:00,103279.4,103620.3,103238.6,103445.0,3199.436
2025-05-15 00:00:00+00:00,103445.0,103824.0,102650.1,102690.1,7851.692
2025-05-15 04:00:00+00:00,102690.1,102915.7,101666.7,101729.2,13130.945
2025-05-15 08:00:00+00:00,101729.2,102377.9,101450.0,102322.9,12309.41
2025-05-15 12:00:00+00:00,102322.9,103200.0,101333.0,103191.8,28617.395
2025-05-15 16:00:00+00:00,103191.8,104203.9,102500.0,103100.0,24477.23
2025-05-15 20:00:00+00:00,103100.0,103920.3,102653.3,103710.0,13131.039
2025-05-16 00:00:00+00:00,103710.0,104433.3,103405.9,103971.6,12072.566
2025-05-16 04:00:00+00:00,103971.6,104152.8,103653.1,103665.0,6239.942
2025-05-16 08:00:00+00:00,103665.0,103866.0,103042.2,103622.0,10424.312
2025-05-16 12:00:00+00:00,103622.0,104246.1,103279.3,104137.0,14521.196
2025-05-16 16:00:00+00:00,104137.0,104555.0,103534.1,103962.0,11291.296
2025-05-16 20:00:00+00:00,103962.0,103972.6,103356.4,103410.2,4834.097
2025-05-17 00:00:00+00:00,103410.2,103536.0,102539.7,103459.9,11769.972
2025-05-17 04:00:00+00:00,103459.9,103669.4,103240.0,103388.4,4339.156
2025-05-17 08:00:00+00:00,103388.4,103526.1,102700.1,102932.4,7595.533
2025-05-17 12:00:00+00:00,102932.4,103141.1,102600.2,102900.0,4921.223
2025-05-17 16:00:00+00:00,102900.0,103325.0,102725.0,103109.4,4359.545
2025-05-17 20:00:00+00:00,103109.4,103451.1,102852.8,103081.2,3522.49
2025-05-18 00:00:00+00:00,103081.2,103377.0,103050.0,103233.7,3043.821
2025-05-18 04:00:00+00:00,103233.7,103956.4,103233.7,103883.4,5270.712
2025-05-18 08:00:00+00:00,103883.4,104050.0,103747.4,103758.7,5686.896
2025-05-18 12:00:00+00:00,103758.7,105687.0,103666.7,105484.4,22004.188
2025-05-18 16:00:00+00:00,105484.4,105950.0,103817.4,103842.3,28756.021
2025-05-18 20:00:00+00:00,103842.3,106650.0,103228.0,106428.1,30975.539
2025-05-19 00:00:00+00:00,106428.1,107134.3,103510.6,103566.8,24887.756
2025-05-19 04:00:00+00:00,103566.8,103737.0,102000.0,103169.4,30992.153
2025-05-19 08:00:00+00:00,103169.4,103392.0,102733.1,102910.8,8802.011
2025-05-19 12:00:00+00:00,102910.8,104952.3,102100.0,104749.7,28173.479
2025-05-19 16:00:00+00:00,104749.7,105500.0,104462.6,105461.7,28084.791
2025-05-19 20:00:00+00:00,105461.7,105798.4,104947.2,105538.0,10382.819
2025-05-20 00:00:00+00:00,105538.0,106844.4,105471.6,105718.4,26579.07
2025-05-20 04:00:00+00:00,105718.4,106379.9,104842.4,104958.2,14474.762
2025-05-20 08:00:00+00:00,104958.2,105375.0,104807.7,105163.1,8793.323
2025-05-20 12:00:00+00:00,105163.1,105353.7,104125.4,105287.3,20766.385
2025-05-20 16:00:00+00:00,105287.3,107237.1,105030.0,106986.0,29982.046
2025-05-20 20:00:00+00:00,106986.0,107292.4,105888.0,106808.2,22991.284
2025-05-21 00:00:00+00:00,106808.2,107225.3,106136.0,106788.0,13835.655
2025-05-21 04:00:00+00:00,106788.0,108033.3,106369.6,106426.7,30737.916
2025-05-21 08:00:00+00:00,106426.7,106732.4,106001.8,106490.0,14434.465
2025-05-21 12:00:00+00:00,106490.0,109472.8,106255.4,108941.9,53266.512
2025-05-21 16:00:00+00:00,108941.9,109833.0,106078.5,108554.7,72940.968
2025-05-21 20:00:00+00:00,108554.7,110800.0,107657.9,109608.7,36555.661
2025-05-22 00:00:00+00:00,109608.7,111885.0,109150.0,111742.9,34700.611
2025-05-22 04:00:00+00:00,111742.9,111771.9,110406.5,110990.0,20031.258
2025-05-22 08:00:00+00:00,110990.0,111285.0,110218.4,110923.1,16847.091
2025-05-22 12:00:00+00:00,110923.1,111590.0,110495.3,111256.6,27703.2
2025-05-22 16:00:00+00:00,111256.6,111968.0,110846.4,111148.7,19474.244
2025-05-22 20:00:00+00:00,111148.7,111670.0,110683.2,111646.5,10125.655
2025-05-23 00:00:00+00:00,111646.5,111758.4,110950.0,111051.8,8451.109
2025-05-23 04:00:00+00:00,111051.8,111137.1,110349.0,110673.4,9399.846
2025-05-23 08:00:00+00:00,110673.4,111340.3,108825.9,109026.5,21926.942
2025-05-23 12:00:00+00:00,109026.5,109968.0,107263.6,108885.2,59398.694
2025-05-23 16:00:00+00:00,108885.2,109790.2,107977.1,108655.5,30178.986
2025-05-23 20:00:00+00:00,108655.5,108671.9,106755.0,107275.9,18834.108
2025-05-24 00:00:00+00:00,107275.9,108318.6,106832.3,108295.6,11401.366
2025-05-24 04:00:00+00:00,108295.6,108531.6,107506.1,107545.3,8589.957
2025-05-24 08:00:00+00:00,107545.3,109454.5,107545.3,109142.9,13476.619
2025-05-24 12:00:00+00:00,109142.9,109222.0,108469.5,108896.7,10526.394
2025-05-24 16:00:00+00:00,108896.7,109172.0,108624.7,108904.9,5466.883
2025-05-24 20:00:00+00:00,108904.9,109090.7,107434.5,107716.0,13781.176
2025-05-25 00:00:00+00:00,107716.0,108222.0,107118.1,108059.5,12642.871
2025-05-25 04:00:00+00:00,108059.5,108249.7,107407.5,107631.0,6019.723
2025-05-25 08:00:00+00:00,107631.0,107648.6,106650.2,107200.0,12964.45
2025-05-25 12:00:00+00:00,107200.0,107708.9,106538.4,106931.9,14738.772
2025-05-25 16:00:00+00:00,106931.9,107919.8,106606.6,107679.0,7405.087
2025-05-25 20:00:00+00:00,107679.0,109300.0,107106.5,108976.2,19405.016
2025-05-26 00:00:00+00:00,108976.2,109838.0,108640.7,109599.9,15653.513
2025-05-26 04:00:00+00:00,109599.9,110209.3,109331.5,110083.3,10638.315
2025-05-26 08:00:00+00:00,110083.3,110171.8,109505.7,109734.6,8204.388
2025-05-26 12:00:00+00:00,109734.6,110379.0,109423.3,109970.4,14660.733
2025-05-26 16:00:00+00:00,109970.4,110452.2,108816.5,109077.8,18415.79
2025-05-26 20:00:00+00:00,109077.8,109887.8,108900.0,109382.3,11864.893
2025-05-27 00:00:00+00:00,109382.3,109656.9,107421.7,108820.1,29844.183
2025-05-27 04:00:00+00:00,108820.1,109594.8,108470.7,109494.0,13869.785
2025-05-27 08:00:00+00:00,109494.0,109879.4,109351.5,109538.4,9939.88
2025-05-27 12:00:00+00:00,109538.4,110700.0,108606.6,110087.8,41889.609
2025-05-27 16:00:00+00:00,110087.8,110459.6,109500.0,109815.4,14427.057
2025-05-27 20:00:00+00:00,109815.4,109844.7,108458.6,108864.0,14883.683
2025-05-28 00:00:00+00:00,108864.0,109217.8,108304.1,108793.8,10012.466
2025-05-28 04:00:00+00:00,108793.8,109032.1,108550.0,108750.0,5288.681
2025-05-28 08:00:00+00:00,108750.0,109070.8,108171.3,108800.1,9973.444
2025-05-28 12:00:00+00:00,108800.1,109000.0,106973.9,107071.4,25190.903
2025-05-28 16:00:00+00:00,107071.4,107800.0,106841.5,106883.4,13851.226
2025-05-28 20:00:00+00:00,106883.4,108017.2,106718.0,107738.9,10276.671
2025-05-29 00:00:00+00:00,107738.9,108437.9,107395.0,108002.4,11239.13
2025-05-29 04:00:00+00:00,108002.4,108065.4,106880.0,107824.9,10602.525
2025-05-29 08:00:00+00:00,107824.9,108850.0,107576.5,108741.4,13171.828
2025-05-29 12:00:00+00:00,108741.4,108773.3,106339.4,106965.1,35786.195
2025-05-29 16:00:00+00:00,106965.1,107120.0,105600.0,105692.9,26886.185
2025-05-29 20:00:00+00:00,105692.9,106434.5,105250.0,105550.0,12232.307
2025-05-30 00:00:00+00:00,105550.0,106175.1,104520.1,105982.0,25295.722
2025-05-30 04:00:00+00:00,105982.0,106278.3,104680.2,104996.9,14004.501
2025-05-30 08:00:00+00:00,104996.9,105986.3,104555.1,105860.0,20101.334
2025-05-30 12:00:00+00:00,105860.0,105996.6,104971.8,105500.0,19903.163
2025-05-30 16:00:00+00:00,105500.0,105525.0,103666.0,104609.3,27057.621
2025-05-30 20:00:00+00:00,104609.3,104870.0,103569.0,103976.6,11821.086
2025-05-31 00:00:00+00:00,103976.6,104288.8,103036.8,103643.0,16971.605
2025-05-31 04:00:00+00:00,103643.0,103882.5,103442.7,103713.4,5764.479
2025-05-31 08:00:00+00:00,103713.4,103787.8,103246.0,103459.4,4468.883
2025-05-31 12:00:00+00:00,103459.4,104800.0,103441.3,104512.9,11635.897
2025-05-31 16:00:00+00:00,104512.9,104769.9,104238.1,104686.0,6047.91
2025-05-31 20:00:00+00:00,104686.0,104898.5,104456.8,104566.1,6784.111
2025-06-01 00:00:00+00:00,104566.1,104611.4,103863.4,104333.1,8042.205
2025-06-01 04:00:00+00:00,104333.1,104699.0,104150.1,104230.0,3926.293
2025-06-01 08:00:00+00:00,104230.0,104410.0,103696.7,104040.0,6323.823
2025-06-01 12:00:00+00:00,104040.0,104773.5,103719.7,104676.9,6838.737
2025-06-01 16:00:00+00:00,104676.9,105266.0,104302.4,105084.1,10725.735
2025-06-01 20:00:00+00:00,105084.1,105843.6,104856.9,105614.4,8213.492
2025-06-02 00:00:00+00:00,105614.4,105719.0,104502.2,104786.8,8876.854
2025-06-02 04:00:00+00:00,104786.8,105394.7,104568.3,105333.8,6508.205
2025-06-02 08:00:00+00:00,105333.8,105894.0,103868.0,104004.4,18633.773
2025-06-02 12:00:00+00:00,104004.4,104631.4,103606.4,104382.0,24605.263
2025-06-02 16:00:00+00:00,104382.0,104683.0,103962.5,104376.4,8558.222
2025-06-02 20:00:00+00:00,104376.4,105919.7,104376.4,105827.2,12705.259
2025-06-03 00:00:00+00:00,105827.2,106478.8,105281.8,105426.8,13855.841
2025-06-03 04:00:00+00:00,105426.8,105462.3,105061.8,105121.9,5585.046
2025-06-03 08:00:00+00:00,105121.9,105324.8,104813.9,105255.7,7486.589
2025-06-03 12:00:00+00:00,105255.7,106773.7,104971.9,106550.6,26156.989
2025-06-03 16:00:00+00:00,106550.6,106626.0,105546.1,106168.3,16598.692
2025-06-03 20:00:00+00:00,106168.3,106195.1,105204.5,105324.7,11828.531
2025-06-04 00:00:00+00:00,105324.7,105777.4,105052.5,105463.1,9139.643
2025-06-04 04:00:00+00:00,105463.1,105551.7,105200.0,105253.7,4398.357
2025-06-04 08:00:00+00:00,105253.7,105952.9,105050.0,105056.6,9190.337
2025-06-04 12:00:00+00:00,105056.6,105492.5,104135.3,105238.2,29601.608
2025-06-04 16:00:00+00:00,105238.2,105425.0,104825.0,104863.1,9884.605
2025-06-04 20:00:00+00:00,104863.1,105013.3,104355.1,104630.0,6903.728
2025-06-05 00:00:00+00:00,104630.0,105213.5,104581.6,104980.8,6332.008
2025-06-05 04:00:00+00:00,104980.8,105200.0,104307.6,104461.2,7843.491
2025-06-05 08:00:00+00:00,104461.2,104876.4,104366.7,104771.7,6218.848
2025-06-05 12:00:00+00:00,104771.7,105866.7,103830.0,104483.0,39251.577
2025-06-05 16:00:00+00:00,104483.0,104547.0,101490.8,101870.0,45577.329
2025-06-05 20:00:00+00:00,101870.0,102139.1,100350.0,101455.2,39834.64
2025-06-06 00:00:00+00:00,101455.2,102470.0,101046.0,102449.9,11033.688
2025-06-06 04:00:00+00:00,102449.9,103419.2,102340.2,103099.9,12069.556
2025-06-06 08:00:00+00:00,103099.9,103949.6,103099.9,103873.4,12203.49
2025-06-06 12:00:00+00:00,103873.4,105320.4,103463.9,105035.2,35482.43
2025-06-06 16:00:00+00:00,105035.2,105249.5,104012.0,104167.4,14898.232
2025-06-06 20:00:00+00:00,104167.4,104584.9,104111.0,104227.5,4167.261
2025-06-07 00:00:00+00:00,104227.5,104900.4,103811.0,104842.7,9941.806
2025-06-07 04:00:00+00:00,104842.7,105292.6,104626.0,104817.0,7970.596
2025-06-07 08:00:00+00:00,104817.0,105215.2,104645.4,105093.7,5867.704
2025-06-07 12:00:00+00:00,105093.7,105766.7,105093.6,105505.1,11674.313
2025-06-07 16:00:00+00:00,105505.1,105848.0,105220.7,105678.1,7236.509
2025-06-07 20:00:00+00:00,105678.1,105865.9,105472.3,105499.9,3933.856
2025-06-08 00:00:00+00:00,105499.9,105732.0,105340.0,105415.8,2563.976
2025-06-08 04:00:00+00:00,105415.8,105587.2,105352.3,105370.4,2000.974
2025-06-08 08:00:00+00:00,105370.4,105664.4,104924.7,105634.2,7651.653
2025-06-08 12:00:00+00:00,105634.2,106097.0,105452.4,105921.5,8761.293
2025-06-08 16:00:00+00:00,105921.5,106312.2,105879.4,106239.8,7202.04
2025-06-08 20:00:00+00:00,106239.8,106441.8,105500.0,105670.8,7212.687
2025-06-09 00:00:00+00:00,105670.8,105932.1,105252.6,105610.7,6716.098
2025-06-09 04:00:00+00:00,105610.7,105672.9,105264.1,105511.4,3516.07
2025-06-09 08:00:00+00:00,105511.4,107775.9,105433.2,107723.1,28057.132
2025-06-09 12:00:00+00:00,107723.1,108033.4,106835.4,107592.8,24023.717
2025-06-09 16:00:00+00:00,107592.8,108733.4,107592.7,108512.9,16288.246
2025-06-09 20:00:00+00:00,108512.9,110660.8,108372.2,110219.9,25802.154
2025-06-10 00:00:00+00:00,110219.9,110273.5,109342.2,109517.7,7732.931
2025-06-10 04:00:00+00:00,109517.7,109683.0,109050.0,109170.9,6722.448
2025-06-10 08:00:00+00:00,109170.9,109812.0,109016.0,109507.1,9941.42
2025-06-10 12:00:00+00:00,109507.1,109863.0,108279.2,108972.4,23606.487
2025-06-10 16:00:00+00:00,108972.4,110351.0,108464.3,109476.1,15308.024
2025-06-10 20:00:00+00:00,109476.1,110251.4,109206.1,110227.5,9941.718
2025-06-11 00:00:00+00:00,110227.5,110234.0,109487.9,109670.6,5219.588
2025-06-11 04:00:00+00:00,109670.6,109686.7,109311.0,109381.5,3873.877
2025-06-11 08:00:00+00:00,109381.5,109625.3,109113.8,109200.9,4850.021
2025-06-11 12:00:00+00:00,109200.9,110375.5,108967.0,109697.6,29978.022
2025-06-11 16:00:00+00:00,109697.6,109770.5,108355.5,108697.7,17869.745
2025-06-11 20:00:00+00:00,108697.7,109180.1,108006.6,108611.1,12850.002
2025-06-12 00:00:00+00:00,108611.1,108782.5,107673.4,107831.1,10275.828
2025-06-12 04:00:00+00:00,107831.1,107950.0,107305.1,107567.2,7833.999
2025-06-12 08:00:00+00:00,107567.2,107805.0,106830.0,106856.0,10948.666
2025-06-12 12:00:00+00:00,106856.0,107775.1,106554.3,106967.4,23471.362
2025-06-12 16:00:00+00:00,106967.4,108400.0,106600.0,106735.2,20706.76
2025-06-12 20:00:00+00:00,106735.2,106911.7,105579.8,105600.9,22646.949
2025-06-13 00:00:00+00:00,105600.9,105640.0,102626.9,104251.0,57396.582
2025-06-13 04:00:00+00:00,104251.0,104923.5,103734.2,104839.7,14245.673
2025-06-13 08:00:00+00:00,104839.7,105425.5,104359.4,104996.4,14030.802
2025-06-13 12:00:00+00:00,104996.4,105729.8,104057.2,105387.9,23744.885
2025-06-13 16:00:00+00:00,105387.9,105921.8,104590.9,105047.6,17392.831
2025-06-13 20:00:00+00:00,105047.6,106140.0,104958.0,106023.1,5838.981
2025-06-14 00:00:00+00:00,106023.1,106168.8,105140.5,105185.3,6210.351
2025-06-14 04:00:00+00:00,105185.3,105361.4,104723.5,105016.0,5803.524
2025-06-14 08:00:00+00:00,105016.0,105072.8,104788.4,105034.0,3416.756
2025-06-14 12:00:00+00:00,105034.0,105070.8,104556.2,104780.6,5299.201
2025-06-14 16:00:00+00:00,104780.6,105015.6,104285.0,104610.5,10689.035
2025-06-14 20:00:00+00:00,104610.5,105454.3,104250.0,105356.7,9974.693
2025-06-15 00:00:00+00:00,105356.7,105630.9,105215.1,105430.5,3633.667
2025-06-15 04:00:00+00:00,105430.5,106080.0,105145.1,105391.8,7674.718
2025-06-15 08:00:00+00:00,105391.8,105440.0,104820.0,104933.2,6051.474
2025-06-15 12:00:00+00:00,104933.2,105798.1,104906.6,105533.2,8087.622
2025-06-15 16:00:00+00:00,105533.2,105746.1,105024.1,105246.3,4818.874
2025-06-15 20:00:00+00:00,105246.3,105576.0,104433.0,105547.8,9159.013
2025-06-16 00:00:00+00:00,105547.8,105946.2,104921.2,105875.4,9523.51
2025-06-16 04:00:00+00:00,105875.4,107237.5,105830.0,107014.0,13896.275
2025-06-16 08:00:00+00:00,107014.0,107206.7,106534.3,106866.2,8480.787
2025-06-16 12:00:00+00:00,106866.2,107739.5,106440.0,107378.2,22001.92
2025-06-16 16:00:00+00:00,107378.2,108873.8,107253.9,108585.7,17551.47
2025-06-16 20:00:00+00:00,108585.7,108955.5,106630.0,106749.3,21657.689
2025-06-17 00:00:00+00:00,106749.3,107724.9,106072.3,107558.8,21318.6
2025-06-17 04:00:00+00:00,107558.8,107671.9,106434.8,106732.0,10114.648
2025-06-17 08:00:00+00:00,106732.0,106783.0,105436.1,105590.1,14596.83
2025-06-17 12:00:00+00:00,105590.1,105809.2,104065.1,104192.3,30029.657
2025-06-17 16:00:00+00:00,104192.3,105286.7,103303.4,104625.9,33379.286
2025-06-17 20:00:00+00:00,104625.9,104834.9,104142.8,104512.7,9939.001
2025-06-18 00:00:00+00:00,104512.7,105186.2,104320.0,105124.6,6028.836
2025-06-18 04:00:00+00:00,105124.6,105500.0,104654.3,104921.2,8558.531
2025-06-18 08:00:00+00:00,104921.2,105260.2,104132.1,104788.9,11070.138
2025-06-18 12:00:00+00:00,104788.9,105290.9,103767.1,104743.6,24910.28
2025-06-18 16:00:00+00:00,104743.6,104786.7,103422.3,103761.2,24158.167
2025-06-18 20:00:00+00:00,103761.2,105100.7,103586.6,104847.3,10255.954
2025-06-19 00:00:00+00:00,104847.3,105191.9,104394.9,105041.2,6777.655
2025-06-19 04:00:00+00:00,105041.2,105189.5,104558.0,104582.4,4569.755
2025-06-19 08:00:00+00:00,104582.4,105027.3,104564.2,104712.9,4344.192
2025-06-19 12:00:00+00:00,104712.9,104854.6,104025.1,104045.8,11653.6
2025-06-19 16:00:00+00:00,104045.8,104798.3,103864.0,104210.1,12309.478
2025-06-19 20:00:00+00:00,104210.1,104870.0,104100.0,104604.2,5014.56
2025-06-20 00:00:00+00:00,104604.2,104782.9,104341.3,104555.1,4224.52
2025-06-20 04:00:00+00:00,104555.1,105780.9,104191.9,105769.9,12199.909
2025-06-20 08:00:00+00:00,105769.9,106499.9,105689.9,105923.7,17807.23
2025-06-20 12:00:00+00:00,105923.7,106103.4,103811.0,104166.3,26763.936
2025-06-20 16:00:00+00:00,104166.3,104220.8,102260.0,103264.6,30555.92
2025-06-20 20:00:00+00:00,103264.6,103797.0,102913.2,103243.9,8156.743
2025-06-21 00:00:00+00:00,103243.9,103644.1,103066.0,103436.0,2786.156
2025-06-21 04:00:00+00:00,103436.0,103545.5,103262.0,103414.1,2570.92
2025-06-21 08:00:00+00:00,103414.1,103949.9,103406.6,103819.8,5560.075
2025-06-21 12:00:00+00:00,103819.8,103893.3,103235.0,103517.2,8062.895
2025-06-21 16:00:00+00:00,103517.2,103610.9,102150.0,102200.8,11847.654
2025-06-21 20:00:00+00:00,102200.8,102848.4,100800.0,102083.9,33113.883
2025-06-22 00:00:00+00:00,102083.9,103347.0,101780.6,102340.3,24321.946
2025-06-22 04:00:00+00:00,102340.3,102913.6,102214.0,102381.8,8740.941
2025-06-22 08:00:00+00:00,102381.8,102769.4,102034.0,102687.9,7422.273
2025-06-22 12:00:00+00:00,102687.9,102789.0,98856.7,98871.2,64688.014
2025-06-22 16:00:00+00:00,98871.2,100348.2,98596.0,98821.1,24967.047
2025-06-22 20:00:00+00:00,98821.1,100996.9,98125.0,100904.3,32924.733
2025-06-23 00:00:00+00:00,100904.3,101553.7,100433.4,101115.4,12521.796
2025-06-23 04:00:00+00:00,101115.4,102151.4,100923.2,101891.6,12838.321
2025-06-23 08:00:00+00:00,101891.6,102044.6,101055.4,101239.9,11295.462
2025-06-23 12:00:00+00:00,101239.9,102590.0,100738.1,101382.3,30944.851
2025-06-23 16:00:00+00:00,101382.3,103283.7,99581.0,103109.2,51018.309
2025-06-23 20:00:00+00:00,103109.2,106024.8,102836.3,105283.5,41279.573
2025-06-24 00:00:00+00:00,105283.5,105469.0,104657.9,104875.7,9255.86
2025-06-24 04:00:00+00:00,104875.7,105784.7,104650.0,104907.9,14163.272
2025-06-24 08:00:00+00:00,104907.9,105542.0,104567.0,105129.9,13175.641
2025-06-24 12:00:00+00:00,105129.9,105709.9,104755.0,105180.3,14828.208
2025-06-24 16:00:00+00:00,105180.3,106269.9,105116.2,105580.0,14853.412
2025-06-24 20:00:00+00:00,105580.0,106089.3,105379.0,106048.5,6752.031
2025-06-25 00:00:00+00:00,106048.5,106782.3,105750.0,106177.1,14179.841
2025-06-25 04:00:00+00:00,106177.1,106666.0,105931.3,106560.1,5692.955
2025-06-25 08:00:00+00:00,106560.1,107169.4,106285.8,107126.1,14163.262
2025-06-25 12:00:00+00:00,107126.1,108090.0,106672.8,106980.3,29862.072
2025-06-25 16:00:00+00:00,106980.3,107849.9,106853.0,107700.2,10748.455
2025-06-25 20:00:00+00:00,107700.2,107942.0,107005.4,107264.0,6128.487
2025-06-26 00:00:00+00:00,107264.0,108239.6,107028.0,107806.7,12274.248
2025-06-26 04:00:00+00:00,107806.7,108050.1,107447.1,107771.7,7095.424
2025-06-26 08:00:00+00:00,107771.7,108132.4,107051.3,107266.8,7871.955
2025-06-26 12:00:00+00:00,107266.8,107721.1,106457.7,107251.2,17483.75
2025-06-26 16:00:00+00:00,107251.2,107623.1,106950.1,107477.4,7504.196
2025-06-26 20:00:00+00:00,107477.4,108000.0,106773.4,106905.3,8610.069
2025-06-27 00:00:00+00:00,106905.3,107472.1,106351.6,107419.9,9196.324
2025-06-27 04:00:00+00:00,107419.9,107688.9,106810.0,106820.7,6612.1
2025-06-27 08:00:00+00:00,106820.7,107108.0,106633.2,106933.0,8422.612
2025-06-27 12:00:00+00:00,106933.0,107374.8,106280.0,107268.3,19026.645
2025-06-27 16:00:00+00:00,107268.3,107738.1,106388.0,106741.4,14983.19
2025-06-27 20:00:00+00:00,106741.4,107218.0,106735.0,106999.6,3513.248
2025-06-28 00:00:00+00:00,106999.6,107296.5,106761.0,107241.2,2940.509
2025-06-28 04:00:00+00:00,107241.2,107444.3,107109.5,107420.9,3675.123
2025-06-28 08:00:00+00:00,107420.9,107443.0,107202.1,107320.0,2757.013
2025-06-28 12:00:00+00:00,107320.0,107499.9,107037.1,107401.4,2548.804
2025-06-28 16:00:00+00:00,107401.4,107495.3,107161.5,107161.6,2674.621
2025-06-28 20:00:00+00:00,107161.6,107335.8,107100.0,107241.0,1802.064
2025-06-29 00:00:00+00:00,107241.0,107444.9,107113.8,107157.1,2907.924
2025-06-29 04:00:00+00:00,107157.1,107350.0,107157.0,107350.0,1338.776
2025-06-29 08:00:00+00:00,107350.0,108507.0,107335.4,108420.1,11892.498
2025-06-29 12:00:00+00:00,108420.1,108484.2,107602.0,107693.5,8058.193
2025-06-29 16:00:00+00:00,107693.5,107738.7,107222.0,107337.0,7437.769
2025-06-29 20:00:00+00:00,107337.0,108396.7,107171.2,108314.8,11237.627
2025-06-30 00:00:00+00:00,108314.8,108766.4,108203.2,108466.6,9800.266
2025-06-30 04:00:00+00:00,108466.6,108500.0,107410.0,107552.3,10287.567
2025-06-30 08:00:00+00:00,107552.3,107904.7,107300.0,107590.9,8196.453
2025-06-30 12:00:00+00:00,107590.9,107821.6,106677.0,107517.2,20387.122
2025-06-30 16:00:00+00:00,107517.2,107769.3,107057.9,107686.3,9139.926
2025-06-30 20:00:00+00:00,107686.3,107724.5,106858.8,107081.2,4518.839
2025-07-01 00:00:00+00:00,107081.2,107484.8,106957.7,107150.5,4594.629
2025-07-01 04:00:00+00:00,107150.5,107158.3,106546.0,107119.9,9858.355
2025-07-01 08:00:00+00:00,107119.9,107119.9,106233.7,106553.8,9545.077
2025-07-01 12:00:00+00:00,106553.8,107139.9,105550.0,105909.6,24713.714
2025-07-01 16:00:00+00:00,105909.6,106250.0,105335.0,105342.3,13156.225
2025-07-01 20:00:00+00:00,105342.3,106065.0,105180.3,105634.8,7866.196
2025-07-02 00:00:00+00:00,105634.8,106178.6,105058.6,106148.6,8219.04
2025-07-02 04:00:00+00:00,106148.6,107145.0,106082.2,107040.9,12119.877
2025-07-02 08:00:00+00:00,107040.9,107795.0,107040.9,107436.2,13279.131
2025-07-02 12:00:00+00:00,107436.2,108740.0,107134.7,108712.4,24997.601
2025-07-02 16:00:00+00:00,108712.4,109740.9,108620.8,109631.3,26420.538
2025-07-02 20:00:00+00:00,109631.3,109631.3,108669.0,108803.0,8071.556
2025-07-03 00:00:00+00:00,108803.0,109081.5,108455.1,108592.6,6486.807
2025-07-03 04:00:00+00:00,108592.6,109512.0,108510.0,109242.1,8409.435
2025-07-03 08:00:00+00:00,109242.1,110256.4,109242.1,109551.1,13255.161
2025-07-03 12:00:00+00:00,109551.1,110485.7,108704.4,109063.1,33981.439
2025-07-03 16:00:00+00:00,109063.1,109868.5,108955.0,109744.1,9059.87
2025-07-03 20:00:00+00:00,109744.1,109978.3,109483.4,109540.0,5101.54
2025-07-04 00:00:00+00:00,109540.0,109725.3,109058.0,109186.9,5360.504
2025-07-04 04:00:00+00:00,109186.9,109285.6,108650.0,108650.0,7726.675
2025-07-04 08:00:00+00:00,108650.0,109042.0,108456.0,108826.0,7474.454
2025-07-04 12:00:00+00:00,108826.0,108914.5,107452.3,107552.9,24806.843
2025-07-04 16:00:00+00:00,107552.9,107898.5,107220.3,107453.9,11610.224
2025-07-04 20:00:00+00:00,107453.9,108223.9,107408.8,107947.4,6657.272
2025-07-05 00:00:00+00:00,107947.4,108229.9,107685.9,108107.1,4145.64
2025-07-05 04:00:00+00:00,108107.1,108429.2,107934.8,108008.7,4349.609
2025-07-05 08:00:00+00:00,108008.7,108172.9,107809.9,108055.9,2859.04
2025-07-05 12:00:00+00:00,108055.9,108191.6,107911.0,108017.2,1994.321
2025-07-05 16:00:00+00:00,108017.2,108120.0,107820.8,108096.4,2861.977
2025-07-05 20:00:00+00:00,108096.4,108179.0,107939.7,108144.4,1575.629
2025-07-06 00:00:00+00:00,108144.4,108200.0,107961.7,107999.7,1987.283
2025-07-06 04:00:00+00:00,107999.7,108168.0,107888.0,107988.8,2287.044
2025-07-06 08:00:00+00:00,107988.8,108080.0,107762.6,108028.8,3205.47
2025-07-06 12:00:00+00:00,108028.8,109088.6,108000.0,108860.0,13046.874
2025-07-06 16:00:00+00:00,108860.0,108920.0,108225.7,108498.1,6531.786
2025-07-06 20:00:00+00:00,108498.1,109685.0,108484.7,109160.5,12413.834
2025-07-07 00:00:00+00:00,109160.5,109681.4,108612.0,109355.1,8830.443
2025-07-07 04:00:00+00:00,109355.1,109423.6,108573.5,109015.1,5968.263
2025-07-07 08:00:00+00:00,109015.1,109048.4,108525.0,108593.9,5347.945
2025-07-07 12:00:00+00:00,108593.9,108625.5,107896.8,108244.4,17074.758
2025-07-07 16:00:00+00:00,108244.4,108455.9,107449.6,107990.0,12748.246
2025-07-07 20:00:00+00:00,107990.0,108249.4,107714.2,108200.0,5015.822
2025-07-08 00:00:00+00:00,108200.0,108482.3,107369.7,107850.1,10963.32
2025-07-08 04:00:00+00:00,107850.1,108443.8,107691.5,108427.9,5241.081
2025-07-08 08:00:00+00:00,108427.9,108977.6,108181.0,108718.1,8768.847
2025-07-08 12:00:00+00:00,108718.1,109188.0,108140.2,108202.7,18220.019
2025-07-08 16:00:00+00:00,108202.7,109126.2,108029.9,108728.6,11946.284
2025-07-08 20:00:00+00:00,108728.6,108931.5,108567.0,108881.9,3403.255
2025-07-09 00:00:00+00:00,108881.9,109093.0,108284.8,108312.6,4721.643
2025-07-09 04:00:00+00:00,108312.6,108900.0,108263.4,108671.7,5262.057
2025-07-09 08:00:00+00:00,108671.7,109090.0,108527.3,109018.9,4571.645
2025-07-09 12:00:00+00:00,109018.9,109746.0,108447.8,109009.9,21803.687
2025-07-09 16:00:00+00:00,109009.9,111999.0,108968.8,111702.6,28196.323
2025-07-09 20:00:00+00:00,111702.6,111914.2,110530.0,111209.7,18145.378
2025-07-10 00:00:00+00:00,111209.7,111524.7,110832.8,111025.8,6033.976
2025-07-10 04:00:00+00:00,111025.8,111421.2,110863.1,111190.8,6779.092
2025-07-10 08:00:00+00:00,111190.8,111366.0,110825.0,110979.5,4460.738
2025-07-10 12:00:00+00:00,110979.5,111379.2,110450.9,111359.2,12716.499
2025-07-10 16:00:00+00:00,111359.2,113789.3,111293.8,113247.4,36475.218
2025-07-10 20:00:00+00:00,113247.4,117896.7,113220.0,115990.1,43701.536
2025-07-11 00:00:00+00:00,115990.1,116941.4,115200.0,116853.2,11966.532
2025-07-11 04:00:00+00:00,116853.2,118387.0,116461.1,117554.6,25844.221
2025-07-11 08:00:00+00:00,117554.6,118849.9,117554.5,117801.6,15106.12
2025-07-11 12:00:00+00:00,117801.6,118224.9,116727.4,116908.7,19184.754
2025-07-11 16:00:00+00:00,116908.7,118117.7,116600.8,118079.2,13456.772
2025-07-11 20:00:00+00:00,118079.2,118079.3,117114.1,117508.8,7330.47
2025-07-12 00:00:00+00:00,117508.8,117820.0,117101.9,117752.5,4271.663
2025-07-12 04:00:00+00:00,117752.5,118035.2,117456.2,117683.9,3741.883
2025-07-12 08:00:00+00:00,117683.9,118195.1,117580.0,117772.2,7776.679
2025-07-12 12:00:00+00:00,117772.2,117825.8,116868.1,117066.3,12073.383
2025-07-12 16:00:00+00:00,117066.3,117601.4,117007.3,117511.2,4080.389
2025-07-12 20:00:00+00:00,117511.2,117518.9,116940.0,117369.9,3312.032
2025-07-13 00:00:00+00:00,117369.9,117787.9,117173.3,117706.6,3910.038
2025-07-13 04:00:00+00:00,117706.6,118023.0,117627.1,117950.8,3141.457
2025-07-13 08:00:00+00:00,117950.8,118054.5,117653.1,118029.9,3219.474
2025-07-13 12:00:00+00:00,118029.9,119390.4,117929.6,118623.0,21720.464
2025-07-13 16:00:00+00:00,118623.0,119474.9,118320.0,118918.6,8182.697
2025-07-13 20:00:00+00:00,118918.6,119347.8,118168.2,119050.2,7397.937
2025-07-14 00:00:00+00:00,119050.2,121600.0,118859.2,120725.0,24905.968
2025-07-14 04:00:00+00:00,120725.0,123250.0,120509.2,122741.2,30309.98
2025-07-14 08:00:00+00:00,122741.2,122758.0,121350.0,121480.1,14225.932
2025-07-14 12:00:00+00:00,121480.1,122100.0,119609.8,119889.3,26278.951
2025-07-14 16:00:00+00:00,119889.3,120535.9,119232.4,119950.0,16529.965
2025-07-14 20:00:00+00:00,119950.0,120458.8,119501.6,119841.6,6714.991
2025-07-15 00:00:00+00:00,119841.6,119946.6,116880.0,117210.2,31142.267
2025-07-15 04:00:00+00:00,117210.2,117800.0,116302.4,116822.5,22349.658
2025-07-15 08:00:00+00:00,116822.5,117246.2,116114.6,117150.4,14353.157
2025-07-15 12:00:00+00:00,117150.4,118510.5,115750.0,116430.6,43992.952
2025-07-15 16:00:00+00:00,116430.6,117758.1,116047.2,116430.2,20955.404
2025-07-15 20:00:00+00:00,116430.2,117999.8,116161.3,117745.7,11522.623
2025-07-16 00:00:00+00:00,117745.7,118250.0,117031.0,117500.0,7461.523
2025-07-16 04:00:00+00:00,117500.0,118307.7,117264.3,118200.0,6912.888
2025-07-16 08:00:00+00:00,118200.0,119327.4,118130.0,118776.1,11638.596
2025-07-16 12:00:00+00:00,118776.1,119778.5,118127.9,119067.4,30908.429
2025-07-16 16:00:00+00:00,119067.4,119928.6,118432.2,119230.0,17673.875
2025-07-16 20:00:00+00:00,119230.0,120114.6,118409.1,118626.3,11683.628
2025-07-17 00:00:00+00:00,118626.3,119173.2,117662.2,118089.6,11856.969
2025-07-17 04:00:00+00:00,118089.6,118781.7,117809.9,118319.9,9631.084
2025-07-17 08:00:00+00:00,118319.9,119246.4,117982.1,118001.0,12330.071
2025-07-17 12:00:00+00:00,118001.0,119145.3,117449.9,118911.2,19935.12
2025-07-17 16:00:00+00:00,118911.2,119944.5,118364.0,119000.0,12196.464
2025-07-17 20:00:00+00:00,119000.0,121044.0,118423.5,119218.7,28521.952
2025-07-18 00:00:00+00:00,119218.7,120844.7,119028.2,120257.9,13358.711
2025-07-18 04:00:00+00:00,120257.9,120896.9,119355.0,119420.0,11859.538
2025-07-18 08:00:00+00:00,119420.0,119534.5,118444.0,119222.7,13853.397
2025-07-18 12:00:00+00:00,119222.7,119574.4,117311.7,117866.2,29629.441
2025-07-18 16:00:00+00:00,117866.2,118078.0,117133.0,117380.8,11436.062
2025-07-18 20:00:00+00:00,117380.8,118017.3,116822.1,117930.1,10666.027
2025-07-19 00:00:00+00:00,117930.1,118398.5,117630.8,118349.6,4895.956
2025-07-19 04:00:00+00:00,118349.6,118379.0,118030.8,118175.8,3044.079
2025-07-19 08:00:00+00:00,118175.8,118523.7,117935.6,118330.4,4619.317
2025-07-19 12:00:00+00:00,118330.4,118345.7,117612.0,118058.2,7277.911
2025-07-19 16:00:00+00:00,118058.2,118186.3,117580.8,118005.8,4301.001
2025-07-19 20:00:00+00:00,118005.8,118176.4,117237.7,117842.1,6240.804
2025-07-20 00:00:00+00:00,117842.1,118186.8,117659.3,117975.4,4088.528
2025-07-20 04:00:00+00:00,117975.4,118254.4,117772.4,118052.4,2679.694
2025-07-20 08:00:00+00:00,118052.4,118328.1,117860.2,117925.4,4688.341
2025-07-20 12:00:00+00:00,117925.4,118916.0,117745.4,118722.6,10803.924
2025-07-20 16:00:00+00:00,118722.6,118931.0,118000.0,118197.0,7756.35
2025-07-20 20:00:00+00:00,118197.0,118301.9,116455.6,117290.4,16129.438
2025-07-21 00:00:00+00:00,117290.4,118649.8,116550.0,118429.2,12936.576
2025-07-21 04:00:00+00:00,118429.2,119750.0,118200.0,119420.0,10870.299
2025-07-21 08:00:00+00:00,119420.0,119548.0,118108.9,118118.7,9550.878
2025-07-21 12:00:00+00:00,118118.7,119300.0,117809.4,118377.8,17120.21
2025-07-21 16:00:00+00:00,118377.8,118459.4,116677.4,116796.9,22685.093
2025-07-21 20:00:00+00:00,116796.9,117669.6,116652.0,117393.0,7319.573
2025-07-22 00:00:00+00:00,117393.0,117988.0,116123.0,117235.1,16765.569
2025-07-22 04:00:00+00:00,117235.1,118620.1,116562.6,118027.4,14541.045
2025-07-22 08:00:00+00:00,118027.4,119250.0,117517.7,119199.1,12398.036
2025-07-22 12:00:00+00:00,119199.1,119649.9,117601.2,118962.1,22456.136
2025-07-22 16:00:00+00:00,118962.1,120297.1,118451.8,119333.3,16049.883
2025-07-22 20:00:00+00:00,119333.3,120321.0,119255.0,120043.6,7717.933
2025-07-23 00:00:00+00:00,120043.6,120194.7,118582.4,118675.1,9138.258
2025-07-23 04:00:00+00:00,118675.1,119055.7,118311.9,118398.9,7545.948
2025-07-23 08:00:00+00:00,118398.9,118661.6,117850.0,118558.0,12335.647
2025-07-23 12:00:00+00:00,118558.0,118748.6,117300.0,118589.2,21165.272
2025-07-23 16:00:00+00:00,118589.2,118589.2,117309.4,118397.8,12832.065
2025-07-23 20:00:00+00:00,118397.8,118771.5,117357.7,118743.4,11263.818
2025-07-24 00:00:00+00:00,118743.4,119279.7,118479.5,118513.1,8685.608
2025-07-24 04:00:00+00:00,118513.1,118571.3,117050.1,118398.0,17114.127
2025-07-24 08:00:00+00:00,118398.0,118821.0,117944.8,118613.5,12216.561
2025-07-24 12:00:00+00:00,118613.5,119492.9,117815.8,119121.2,16270.729
2025-07-24 16:00:00+00:00,119121.2,119427.2,118360.0,118953.7,9366.456
2025-07-24 20:00:00+00:00,118953.7,119004.3,118150.4,118328.0,5292.589
2025-07-25 00:00:00+00:00,118328.0,118440.3,115297.7,115400.1,30750.672
2025-07-25 04:00:00+00:00,115400.1,116107.2,114710.0,115329.5,27459.969
2025-07-25 08:00:00+00:00,115329.5,116793.1,115045.6,116544.9,18853.002
2025-07-25 12:00:00+00:00,116544.9,116675.8,114905.0,115734.4,22122.5
2025-07-25 16:00:00+00:00,115734.4,117014.7,115455.5,116679.5,12005.621
2025-07-25 20:00:00+00:00,116679.5,117642.8,116572.8,117616.3,10021.001
2025-07-26 00:00:00+00:00,117616.3,117750.0,117150.0,117469.2,4956.951
2025-07-26 04:00:00+00:00,117469.2,117542.7,117307.9,117322.8,2728.856
2025-07-26 08:00:00+00:00,117322.8,118252.1,117322.8,117755.6,6623.957
2025-07-26 12:00:00+00:00,117755.6,118226.2,117745.0,118141.5,5628.971
2025-07-26 16:00:00+00:00,118141.5,118333.4,117940.3,118235.2,3115.049
2025-07-26 20:00:00+00:00,118235.2,118281.5,117857.5,117898.8,3177.226
2025-07-27 00:00:00+00:00,117898.8,118425.6,117807.6,118174.7,4157.512
2025-07-27 04:00:00+00:00,118174.7,118443.7,118055.3,118117.0,2890.312
2025-07-27 08:00:00+00:00,118117.0,118297.7,117850.1,118070.3,3798.81
2025-07-27 12:00:00+00:00,118070.3,118640.3,117876.8,118586.8,5909.316
2025-07-27 16:00:00+00:00,118586.8,119600.0,118586.7,118978.8,11841.468
2025-07-27 20:00:00+00:00,118978.8,119784.0,118730.8,119429.9,6962.121
2025-07-28 00:00:00+00:00,119429.9,119844.9,118950.0,119287.6,6315.47
2025-07-28 04:00:00+00:00,119287.6,119699.1,118753.0,118885.8,6175.011
2025-07-28 08:00:00+00:00,118885.8,119104.4,118435.7,118810.6,6350.137
2025-07-28 12:00:00+00:00,118810.6,119092.0,117874.0,118160.0,17851.605
2025-07-28 16:00:00+00:00,118160.0,118376.8,117401.5,118070.0,12329.529
2025-07-28 20:00:00+00:00,118070.0,118346.7,117480.0,118068.9,6215.268
2025-07-29 00:00:00+00:00,118068.9,118820.7,117434.0,118761.9,9601.172
2025-07-29 04:00:00+00:00,118761.9,119300.0,118406.2,118889.8,6889.808
2025-07-29 08:00:00+00:00,118889.8,119083.9,118117.9,118602.1,6673.53
2025-07-29 12:00:00+00:00,118602.1,119127.5,117240.0,117372.2,16895.946
2025-07-29 16:00:00+00:00,117372.2,118045.8,116912.6,117523.6,12311.159
2025-07-29 20:00:00+00:00,117523.6,117982.7,117055.6,117923.3,9210.918
2025-07-30 00:00:00+00:00,117923.3,118234.0,117371.4,118130.0,4740.685
2025-07-30 04:00:00+00:00,118130.0,118389.2,117643.1,118103.2,4893.053
2025-07-30 08:00:00+00:00,118103.2,118465.8,117266.4,117542.3,9295.77
2025-07-30 12:00:00+00:00,117542.3,118769.0,117310.9,117991.7,14470.788
2025-07-30 16:00:00+00:00,117991.7,118033.4,115738.1,116873.2,26524.454
2025-07-30 20:00:00+00:00,116873.2,117921.1,116828.6,117781.6,8400.08
2025-07-31 00:00:00+00:00,117781.6,118580.0,117740.6,118444.4,8534.114
2025-07-31 04:00:00+00:00,118444.4,118900.0,118257.6,118646.6,5367.135
2025-07-31 08:00:00+00:00,118646.6,118739.2,118275.5,118346.9,4689.752
2025-07-31 12:00:00+00:00,118346.9,118663.3,117773.9,118273.2,13753.31
2025-07-31 16:00:00+00:00,118273.2,118860.0,116685.5,116709.3,19331.605
2025-07-31 20:00:00+00:00,116709.3,116940.0,115368.6,115680.1,19693.145
2025-08-01 00:00:00+00:00,115680.1,115999.9,114240.0,115590.1,22181.215
2025-08-01 04:00:00+00:00,115590.1,115857.2,114542.0,115012.4,11730.752
2025-08-01 08:00:00+00:00,115012.4,115316.1,114013.0,115239.2,14773.953
2025-08-01 12:00:00+00:00,115239.2,115950.0,113849.5,115288.0,29827.525
2025-08-01 16:00:00+00:00,115288.0,115659.3,113153.9,113283.6,26326.477
2025-08-01 20:00:00+00:00,113283.6,114055.5,112692.8,113248.9,18041.186
2025-08-02 00:00:00+00:00,113248.9,113921.5,113150.0,113863.1,5672.521
2025-08-02 04:00:00+00:00,113863.1,114011.4,113438.3,113934.6,6251.592
2025-08-02 08:00:00+00:00,113934.6,113998.0,113359.1,113755.2,5136.805
2025-08-02 12:00:00+00:00,113755.2,113756.2,112780.0,112816.3,7909.097
2025-08-02 16:00:00+00:00,112816.3,113395.3,111950.0,112194.0,18666.327
2025-08-02 20:00:00+00:00,112194.0,113025.4,112038.0,112518.0,9459.811
2025-08-03 00:00:00+00:00,112518.0,113706.0,111870.0,113562.3,9704.505
2025-08-03 04:00:00+00:00,113562.3,113680.6,113313.3,113662.8,3284.83
2025-08-03 08:00:00+00:00,113662.8,114217.0,113509.7,113812.6,6341.131
2025-08-03 12:00:00+00:00,113812.6,114059.9,113531.5,113892.7,5790.627
2025-08-03 16:00:00+00:00,113892.7,114792.7,113706.0,114253.1,6605.746
2025-08-03 20:00:00+00:00,114253.1,114564.3,114000.5,114147.1,4474.406
2025-08-04 00:00:00+00:00,114147.1,114975.3,114064.3,114522.0,6568.184
2025-08-04 04:00:00+00:00,114522.0,114746.7,114101.2,114615.1,4514.243
2025-08-04 08:00:00+00:00,114615.1,114728.2,114142.5,114445.0,5467.439
2025-08-04 12:00:00+00:00,114445.0,115443.5,114061.7,114746.0,21299.334
2025-08-04 16:00:00+00:00,114746.0,115682.8,114653.1,114716.0,10502.455
2025-08-04 20:00:00+00:00,114716.0,115326.7,114551.4,115006.0,6650.032
2025-08-05 00:00:00+00:00,115006.0,115084.2,114202.0,114212.3,6920.272
2025-08-05 04:00:00+00:00,114212.3,114480.0,113628.2,113925.4,9386.136
2025-08-05 08:00:00+00:00,113925.4,115046.8,113880.0,114782.3,8634.991
2025-08-05 12:00:00+00:00,114782.3,114860.0,112577.7,112882.1,25662.341
2025-08-05 16:00:00+00:00,112882.1,113742.4,112760.0,113582.1,9541.069
2025-08-05 20:00:00+00:00,113582.1,114222.6,113207.5,114079.6,6789.574
2025-08-06 00:00:00+00:00,114079.6,114104.7,113355.8,113469.3,4651.467
2025-08-06 04:00:00+00:00,113469.3,114398.6,113300.2,114180.6,6583.063
2025-08-06 08:00:00+00:00,114180.6,114389.9,113671.5,114185.6,6475.503
2025-08-06 12:00:00+00:00,114185.6,115502.6,113522.0,115360.7,21095.657
2025-08-06 16:00:00+00:00,115360.7,115666.3,114895.7,115198.5,8682.807
2025-08-06 20:00:00+00:00,115198.5,115213.8,114747.5,114943.0,4064.636
2025-08-07 00:00:00+00:00,114943.0,115154.4,114350.0,114498.4,6024.51
2025-08-07 04:00:00+00:00,114498.4,114837.8,114218.0,114747.6,5315.304
2025-08-07 08:00:00+00:00,114747.6,116763.6,114742.8,116446.2,20000.116
2025-08-07 12:00:00+00:00,116446.2,116747.8,115955.9,116629.3,13493.365
2025-08-07 16:00:00+00:00,116629.3,117450.0,115555.1,117380.6,16105.007
2025-08-07 20:00:00+00:00,117380.6,117560.0,116931.9,117399.9,8516.758
2025-08-08 00:00:00+00:00,117399.9,117569.1,116632.6,116686.8,7653.666
2025-08-08 04:00:00+00:00,116686.8,116929.8,116334.8,116776.2,5526.773
2025-08-08 08:00:00+00:00,116776.2,116887.4,116264.2,116859.9,5204.556
2025-08-08 12:00:00+00:00,116859.9,117239.4,115854.2,116157.0,12232.94
2025-08-08 16:00:00+00:00,116157.0,116850.0,115933.1,116367.0,9530.491
2025-08-08 20:00:00+00:00,116367.0,116933.6,116240.0,116625.1,4024.994
2025-08-09 00:00:00+00:00,116625.1,116700.0,116288.2,116322.3,2544.334
2025-08-09 04:00:00+00:00,116322.3,116939.0,116300.0,116703.4,6593.905
2025-08-09 08:00:00+00:00,116703.4,117900.0,116688.8,117058.2,14024.724
2025-08-09 12:00:00+00:00,117058.2,117181.9,116636.0,116827.6,7670.853
2025-08-09 16:00:00+00:00,116827.6,116883.7,116435.0,116496.9,4834.811
2025-08-09 20:00:00+00:00,116496.9,116957.2,116303.1,116406.2,5247.66
2025-08-10 00:00:00+00:00,116406.2,119433.6,116400.0,118488.9,21872.556
2025-08-10 04:00:00+00:00,118488.9,118728.5,117431.0,117784.9,12451.613
2025-08-10 08:00:00+00:00,117784.9,118491.0,117576.0,118324.0,7789.608
2025-08-10 12:00:00+00:00,118324.0,119111.9,118221.0,118776.2,10746.904
2025-08-10 16:00:00+00:00,118776.2,118922.4,118404.0,118634.5,3512.641
2025-08-10 20:00:00+00:00,118634.5,119288.0,118049.4,119271.8,12098.527
2025-08-11 00:00:00+00:00,119271.8,122421.0,118964.7,121709.4,31604.109
2025-08-11 04:00:00+00:00,121709.4,122350.2,121445.5,121530.2,14514.276
2025-08-11 08:00:00+00:00,121530.2,121819.1,120262.0,120540.3,16837.497
2025-08-11 12:00:00+00:00,120540.3,120650.0,119340.6,120274.6,24441.829
2025-08-11 16:00:00+00:00,120274.6,120768.0,118576.0,119052.9,22240.92
2025-08-11 20:00:00+00:00,119052.9,119175.3,117855.3,118679.2,12587.208
2025-08-12 00:00:00+00:00,118679.2,119277.0,118575.6,118844.7,5867.512
2025-08-12 04:00:00+00:00,118844.7,119144.4,118403.0,118948.0,6763.138
2025-08-12 08:00:00+00:00,118948.0,119017.9,118150.0,118457.9,9451.156
2025-08-12 12:00:00+00:00,118457.9,119912.1,118205.5,119888.2,32964.958
2025-08-12 16:00:00+00:00,119888.2,120143.0,119120.2,119610.6,12579.967
2025-08-12 20:00:00+00:00,119610.6,120280.0,119430.0,120090.5,11602.527
2025-08-13 00:00:00+00:00,120090.5,120165.8,118974.1,119460.7,13138.303
2025-08-13 04:00:00+00:00,119460.7,119822.3,118900.5,119555.9,9395.017
2025-08-13 08:00:00+00:00,119555.9,120747.0,119423.0,120572.2,12336.915
2025-08-13 12:00:00+00:00,120572.2,122239.3,120115.8,120920.7,40809.985
2025-08-13 16:00:00+00:00,120920.7,122856.0,120920.7,122748.9,18401.413
2025-08-13 20:00:00+00:00,122748.9,123742.2,122302.1,123348.0,19870.441
2025-08-14 00:00:00+00:00,123348.0,124571.2,123298.4,123400.2,16140.996
2025-08-14 04:00:00+00:00,123400.2,123500.0,121354.6,121772.0,20452.919
2025-08-14 08:00:00+00:00,121772.0,122067.4,120700.0,120974.4,14877.462
2025-08-14 12:00:00+00:00,120974.4,121173.0,117224.6,118199.4,64364.154
2025-08-14 16:00:00+00:00,118199.4,118496.4,117117.0,117915.4,17578.914
2025-08-14 20:00:00+00:00,117915.4,118486.1,117241.3,118250.1,9869.992
2025-08-15 00:00:00+00:00,118250.1,119050.0,117977.9,118933.2,5850.311
2025-08-15 04:00:00+00:00,118933.2,119208.0,118586.6,118942.3,7195.556
2025-08-15 08:00:00+00:00,118942.3,119150.0,118600.0,118973.8,5485.364
2025-08-15 12:00:00+00:00,118973.8,119100.0,116727.1,117224.6,27063.088
2025-08-15 16:00:00+00:00,117224.6,117827.0,116719.3,116875.5,12767.364
2025-08-15 20:00:00+00:00,116875.5,117725.8,116780.1,117280.8,7578.672
2025-08-16 00:00:00+00:00,117280.8,117857.2,117177.5,117390.2,4250.272
2025-08-16 04:00:00+00:00,117390.2,117841.3,117234.0,117547.6,3376.981
2025-08-16 08:00:00+00:00,117547.6,117658.4,117069.7,117340.0,4152.444
2025-08-16 12:00:00+00:00,117340.0,117779.4,117265.3,117627.7,3496.097
2025-08-16 16:00:00+00:00,117627.7,117770.5,117552.3,117603.0,1890.263
2025-08-16 20:00:00+00:00,117603.0,117662.8,117156.9,117327.7,2865.825
2025-08-17 00:00:00+00:00,117327.7,117708.0,117101.0,117628.3,2846.883
2025-08-17 04:00:00+00:00,117628.3,118212.1,117628.3,117944.9,4256.157
2025-08-17 08:00:00+00:00,117944.9,118431.5,117863.0,118258.1,3326.104
2025-08-17 12:00:00+00:00,118258.1,118585.7,117983.0,118199.6,5718.266
2025-08-17 16:00:00+00:00,118199.6,118274.8,117265.0,117545.1,6528.266
2025-08-17 20:00:00+00:00,117545.1,117957.0,117312.6,117355.6,3918.852
2025-08-18 00:00:00+00:00,117355.6,117509.6,114936.8,115268.6,23231.717
2025-08-18 04:00:00+00:00,115268.6,115672.0,114828.9,115155.6,10307.804
2025-08-18 08:00:00+00:00,115155.6,115362.8,114577.7,114893.0,8665.426
2025-08-18 12:00:00+00:00,114893.0,116120.0,114719.6,116082.5,14008.484
2025-08-18 16:00:00+00:00,116082.5,116761.4,115745.9,116263.9,12676.377
2025-08-18 20:00:00+00:00,116263.9,116945.3,115924.7,116168.0,6619.655
2025-08-19 00:00:00+00:00,116168.0,116681.9,114718.5,114750.6,12108.017
2025-08-19 04:00:00+00:00,114750.6,115432.4,114292.4,114921.2,11166.478
2025-08-19 08:00:00+00:00,114921.2,115599.0,114738.6,115462.4,5747.808
2025-08-19 12:00:00+00:00,115462.4,115838.9,113483.4,113728.0,26110.416
2025-08-19 16:00:00+00:00,113728.0,113830.0,112712.2,113078.1,16031.802
2025-08-19 20:00:00+00:00,113078.1,113543.6,112673.0,112825.7,7346.661
2025-08-20 00:00:00+00:00,112825.7,113609.8,112520.0,113483.2,7862.551
2025-08-20 04:00:00+00:00,113483.2,113817.5,113392.3,113453.9,4381.512
2025-08-20 08:00:00+00:00,113453.9,114019.7,113010.1,113641.9,9305.757
2025-08-20 12:00:00+00:00,113641.9,114287.0,112286.8,113314.5,23512.766
2025-08-20 16:00:00+00:00,113314.5,114416.0,113194.3,114231.5,15244.726
2025-08-20 20:00:00+00:00,114231.5,114567.0,113939.1,114217.4,5667.442
2025-08-21 00:00:00+00:00,114217.4,114783.7,113784.4,113917.6,6654.078
2025-08-21 04:00:00+00:00,113917.6,113991.1,113522.0,113854.5,5766.29
2025-08-21 08:00:00+00:00,113854.5,113957.1,112945.6,113104.6,6342.487
2025-08-21 12:00:00+00:00,113104.6,113945.7,112550.0,112745.8,14373.09
2025-08-21 16:00:00+00:00,112745.8,112938.6,111945.2,112146.2,14524.604
2025-08-21 20:00:00+00:00,112146.2,112835.1,112009.1,112462.7,8756.412
2025-08-22 00:00:00+00:00,112462.7,113499.9,112277.2,112903.7,9363.3
2025-08-22 04:00:00+00:00,112903.7,113364.4,112667.8,113050.8,5809.095
2025-08-22 08:00:00+00:00,113050.8,113280.0,112137.8,112280.0,7320.209
2025-08-22 12:00:00+00:00,112280.0,117276.2,111618.8,116313.7,62201.895
2025-08-22 16:00:00+00:00,116313.7,117374.5,116042.1,116604.4,19276.893
2025-08-22 20:00:00+00:00,116604.4,117144.6,116518.3,116899.8,6878.312
2025-08-23 00:00:00+00:00,116899.8,116998.0,115432.0,115530.1,10243.135
2025-08-23 04:00:00+00:00,115530.1,116000.0,115503.9,115788.4,4884.633
2025-08-23 08:00:00+00:00,115788.4,115861.5,115180.0,115270.0,4642.707
2025-08-23 12:00:00+00:00,115270.0,115457.9,114504.7,114792.4,13557.75
2025-08-23 16:00:00+00:00,114792.4,115206.5,114660.9,115136.8,5193.9
2025-08-23 20:00:00+00:00,115136.8,115413.0,114985.8,115404.8,2452.561
2025-08-24 00:00:00+00:00,115404.8,115656.7,114943.1,115042.5,5591.194
2025-08-24 04:00:00+00:00,115042.5,115284.5,114846.0,114880.7,3040.78
2025-08-24 08:00:00+00:00,114880.7,115078.1,114602.0,114745.2,4757.169
2025-08-24 12:00:00+00:00,114745.2,114887.8,114312.8,114420.1,8162.381
2025-08-24 16:00:00+00:00,114420.1,114950.0,110551.0,112595.1,39417.701
2025-08-24 20:00:00+00:00,112595.1,113677.4,111626.0,113474.8,16230.964
2025-08-25 00:00:00+00:00,113474.8,113649.9,112133.4,112890.0,11480.902
2025-08-25 04:00:00+00:00,112890.0,113040.0,111257.5,111466.7,18341.951
2025-08-25 08:00:00+00:00,111466.7,111828.8,110906.9,111199.9,16415.604
2025-08-25 12:00:00+00:00,111199.9,112576.5,110552.0,112172.3,20922.524
2025-08-25 16:00:00+00:00,112172.3,112945.4,110600.0,110664.1,16697.041
2025-08-25 20:00:00+00:00,110664.1,111083.0,109222.6,110069.7,31922.271
2025-08-26 00:00:00+00:00,110069.7,110069.7,108669.0,109846.0,17172.018
2025-08-26 04:00:00+00:00,109846.0,110499.9,109706.1,110259.1,8944.842
2025-08-26 08:00:00+00:00,110259.1,110415.4,109527.9,109853.0,8237.502
2025-08-26 12:00:00+00:00,109853.0,110793.1,109334.2,109623.0,21147.404
2025-08-26 16:00:00+00:00,109623.0,111120.5,109412.5,111086.2,11713.07
2025-08-26 20:00:00+00:00,111086.2,112342.4,110874.0,111723.1,10519.732
2025-08-27 00:00:00+00:00,111723.1,111801.0,110877.7,111387.5,7700.0
2025-08-27 04:00:00+00:00,111387.5,111699.6,110582.7,110686.0,6311.701
2025-08-27 08:00:00+00:00,110686.0,111330.6,110312.1,111265.0,6370.653
2025-08-27 12:00:00+00:00,111265.0,112589.9,110951.4,111961.2,16796.74
2025-08-27 16:00:00+00:00,111961.2,112588.0,111500.0,112037.4,9320.484
2025-08-27 20:00:00+00:00,112037.4,112444.2,110823.9,111184.3,16618.977
2025-08-28 00:00:00+00:00,111184.3,111990.2,110781.5,111945.9,5995.346
2025-08-28 04:00:00+00:00,111945.9,113345.4,111888.3,113077.0,11921.362
2025-08-28 08:00:00+00:00,113077.0,113310.0,112772.9,112880.2,5509.586
2025-08-28 12:00:00+00:00,112880.2,113433.0,112330.1,112620.5,13659.199
2025-08-28 16:00:00+00:00,112620.5,113150.0,111828.0,111842.6,10858.508
2025-08-28 20:00:00+00:00,111842.6,112538.3,111810.1,112511.4,6012.781
2025-08-29 00:00:00+00:00,112511.4,112616.4,111250.0,111642.0,9685.155
2025-08-29 04:00:00+00:00,111642.0,111800.0,109832.5,109946.7,14493.587
2025-08-29 08:00:00+00:00,109946.7,110220.0,109346.7,110039.5,12848.76
2025-08-29 12:00:00+00:00,110039.5,111490.7,108063.3,108336.7,35863.268
2025-08-29 16:00:00+00:00,108336.7,108788.0,107888.0,108180.8,11317.474
2025-08-29 20:00:00+00:00,108180.8,108530.4,107432.6,108355.3,11344.374
2025-08-30 00:00:00+00:00,108355.3,108398.0,107300.0,108393.9,7674.033
2025-08-30 04:00:00+00:00,108393.9,108637.8,108075.0,108466.8,5141.158
2025-08-30 08:00:00+00:00,108466.8,108739.5,108376.0,108652.3,3958.408
2025-08-30 12:00:00+00:00,108652.3,108902.3,108176.0,108834.7,6451.695
2025-08-30 16:00:00+00:00,108834.7,108900.0,108583.3,108814.5,3096.432
2025-08-30 20:00:00+00:00,108814.5,108821.0,108436.9,108780.7,2932.073
2025-08-31 00:00:00+00:00,108780.7,109444.0,108763.9,109179.3,6424.515
2025-08-31 04:00:00+00:00,109179.3,109191.1,108455.0,108640.4,4888.834
2025-08-31 08:00:00+00:00,108640.4,109065.4,108237.1,108335.0,7315.783
2025-08-31 12:00:00+00:00,108335.0,108814.7,108135.9,108750.0,5937.996
2025-08-31 16:00:00+00:00,108750.0,109197.5,108485.3,108887.9,4796.621
2025-08-31 20:00:00+00:00,108887.9,109199.1,108008.4,108200.0,7353.855
2025-09-01 00:00:00+00:00,108200.0,108447.3,107340.0,107607.5,13245.115
2025-09-01 04:00:00+00:00,107607.5,109394.5,107202.0,109390.0,14153.699
2025-09-01 08:00:00+00:00,109390.0,109872.8,108150.0,108741.7,17602.001
2025-09-01 12:00:00+00:00,108741.7,109491.4,108529.5,108749.1,11993.682
2025-09-01 16:00:00+00:00,108749.1,109300.0,108351.0,109188.4,6826.951
2025-09-01 20:00:00+00:00,109188.4,109423.4,107408.0,109191.8,16252.206
2025-09-02 00:00:00+00:00,109191.8,110595.0,108850.0,110302.8,12754.642
2025-09-02 04:00:00+00:00,110302.8,110590.0,109953.0,110200.0,6180.443
2025-09-02 08:00:00+00:00,110200.0,110767.0,109518.1,109700.0,9746.668
2025-09-02 12:00:00+00:00,109700.0,111730.0,108320.7,110793.9,40130.691
2025-09-02 16:00:00+00:00,110793.9,111102.5,110142.0,110746.8,10544.822
2025-09-02 20:00:00+00:00,110746.8,111534.0,110655.6,111217.7,8778.065
2025-09-03 00:00:00+00:00,111217.7,111771.6,110851.8,111001.4,7300.071
2025-09-03 04:00:00+00:00,111001.4,111138.6,110476.8,111050.2,4981.308
2025-09-03 08:00:00+00:00,111050.2,111680.0,110854.0,111400.9,7295.342
2025-09-03 12:00:00+00:00,111400.9,112500.0,110985.9,112189.0,24287.115
2025-09-03 16:00:00+00:00,112189.0,112557.0,111640.0,112146.0,9191.479
2025-09-03 20:00:00+00:00,112146.0,112219.9,111546.8,111661.8,3539.461
2025-09-04 00:00:00+00:00,111661.8,112138.3,111089.0,111110.0,8754.449
2025-09-04 04:00:00+00:00,111110.0,111285.9,110208.8,110413.7,13294.02
2025-09-04 08:00:00+00:00,110413.7,111107.6,110364.8,110760.6,6766.661
2025-09-04 12:00:00+00:00,110760.6,111081.4,109276.7,109450.1,19907.769
2025-09-04 16:00:00+00:00,109450.1,110161.6,109300.0,109747.1,10336.928
2025-09-04 20:00:00+00:00,109747.1,111753.6,109693.7,110685.5,10721.917
2025-09-05 00:00:00+00:00,110685.5,111450.0,110402.2,111276.1,8558.507
2025-09-05 04:00:00+00:00,111276.1,112985.7,111100.1,112913.0,14441.047
2025-09-05 08:00:00+00:00,112913.0,112959.0,112100.0,112300.1,9787.327
2025-09-05 12:00:00+00:00,112300.1,113369.4,110211.8,110659.7,55275.076
2025-09-05 16:00:00+00:00,110659.7,111569.2,110155.0,111550.2,12362.462
2025-09-05 20:00:00+00:00,111550.2,111660.7,110282.7,110623.1,12652.42
2025-09-06 00:00:00+00:00,110623.1,111258.0,110505.4,111048.0,3434.525
2025-09-06 04:00:00+00:00,111048.0,111048.1,110646.4,110771.0,2535.333
2025-09-06 08:00:00+00:00,110771.0,110903.0,110604.2,110725.5,2440.559
2025-09-06 12:00:00+00:00,110725.5,110932.6,110300.0,110339.4,3589.18
2025-09-06 16:00:00+00:00,110339.4,110363.0,109888.0,110000.0,8197.439
2025-09-06 20:00:00+00:00,110000.0,110234.4,109984.3,110131.5,2152.336
2025-09-07 00:00:00+00:00,110131.5,110723.9,110119.4,110595.6,4214.41
2025-09-07 04:00:00+00:00,110595.6,110873.7,110416.9,110715.8,3969.393
2025-09-07 08:00:00+00:00,110715.8,111317.7,110673.1,111248.3,6327.095
2025-09-07 12:00:00+00:00,111248.3,111365.0,110994.4,111290.0,3301.925
2025-09-07 16:00:00+00:00,111290.0,111336.8,110812.4,111220.1,4175.036
2025-09-07 20:00:00+00:00,111220.1,111558.0,110952.5,111086.7,4743.632
2025-09-08 00:00:00+00:00,111086.7,111346.4,110555.3,110999.6,10760.518
2025-09-08 04:00:00+00:00,110999.6,111555.0,110844.0,111229.9,5381.156
2025-09-08 08:00:00+00:00,111229.9,112147.7,111190.1,112020.1,12431.365
2025-09-08 12:00:00+00:00,112020.1,112871.4,111832.0,112587.3,14637.27
2025-09-08 16:00:00+00:00,112587.3,112630.0,111910.0,112036.8,8621.971
2025-09-08 20:00:00+00:00,112036.8,112470.1,111832.6,112011.3,4468.694
2025-09-09 00:00:00+00:00,112011.3,112056.9,111059.9,111641.8,13611.691
2025-09-09 04:00:00+00:00,111641.8,113238.1,111551.0,112958.4,15239.682
2025-09-09 08:00:00+00:00,112958.4,113137.7,112354.7,112388.7,6495.609
2025-09-09 12:00:00+00:00,112388.7,112900.0,110706.4,110821.8,25819.943
2025-09-09 16:00:00+00:00,110821.8,111346.1,110713.2,111232.9,7939.564
2025-09-09 20:00:00+00:00,111232.9,111698.0,111021.6,111500.0,6835.215
2025-09-10 00:00:00+00:00,111500.0,111550.0,110865.0,111506.3,7341.947
2025-09-10 04:00:00+00:00,111506.3,112542.7,111255.8,112486.6,10672.874
2025-09-10 08:00:00+00:00,112486.6,112812.3,112045.6,112267.2,10517.78
2025-09-10 12:00:00+00:00,112267.2,114250.0,112262.9,113811.9,32925.382
2025-09-10 16:00:00+00:00,113811.9,114035.0,113100.0,113514.1,11612.872
2025-09-10 20:00:00+00:00,113514.1,113969.0,113464.0,113890.0,7270.586
2025-09-11 00:00:00+00:00,113890.0,114394.7,113608.1,114340.9,6229.538
2025-09-11 04:00:00+00:00,114340.9,114414.6,113895.1,114039.0,7763.66
2025-09-11 08:00:00+00:00,114039.0,114152.1,113710.1,113965.1,7894.003
2025-09-11 12:00:00+00:00,113965.1,114709.0,113242.0,114117.6,34381.165
2025-09-11 16:00:00+00:00,114117.6,114572.5,114046.8,114369.0,6116.956
2025-09-11 20:00:00+00:00,114369.0,115446.1,114183.0,115440.1,11134.668
2025-09-12 00:00:00+00:00,115440.1,116249.9,115001.0,115138.7,17808.696
2025-09-12 04:00:00+00:00,115138.7,115620.2,115043.4,115056.6,7516.81
2025-09-12 08:00:00+00:00,115056.6,115240.0,114834.4,114885.7,7121.842
2025-09-12 12:00:00+00:00,114885.7,115441.9,114700.8,115061.8,10748.814
2025-09-12 16:00:00+00:00,115061.8,116600.0,114974.4,116560.0,14612.311
2025-09-12 20:00:00+00:00,116560.0,116560.1,115630.5,115972.0,9527.769
2025-09-13 00:00:00+00:00,115972.0,116222.0,115451.5,115907.8,7135.216
2025-09-13 04:00:00+00:00,115907.8,115907.9,115594.0,115713.7,3240.675
2025-09-13 08:00:00+00:00,115713.7,116147.1,115709.7,115923.7,4569.561
2025-09-13 12:00:00+00:00,115923.7,116012.1,115561.2,115729.5,5177.038
2025-09-13 16:00:00+00:00,115729.5,115775.6,114978.2,115733.2,10478.453
2025-09-13 20:00:00+00:00,115733.2,115972.2,115693.4,115849.6,4472.572
2025-09-14 00:00:00+00:00,115849.6,116057.7,115581.5,115617.2,5017.103
2025-09-14 04:00:00+00:00,115617.2,115889.8,115380.0,115737.0,5523.082
2025-09-14 08:00:00+00:00,115737.0,116117.8,115690.0,115750.0,4415.258
2025-09-14 12:00:00+00:00,115750.0,115820.7,115100.0,115167.0,8881.464
2025-09-14 16:00:00+00:00,115167.0,115617.6,115135.3,115593.0,3680.787
2025-09-14 20:00:00+00:00,115593.0,116049.9,115060.1,115214.4,7171.536
2025-09-15 00:00:00+00:00,115214.4,115530.0,114741.6,115381.9,8430.524
2025-09-15 04:00:00+00:00,115381.9,116761.3,115340.0,115770.0,18635.998
2025-09-15 08:00:00+00:00,115770.0,115775.6,114526.9,115006.0,16788.03
2025-09-15 12:00:00+00:00,115006.0,115049.2,114316.3,114801.3,14245.806
2025-09-15 16:00:00+00:00,114801.3,115551.2,114524.7,115259.9,10211.671
2025-09-15 20:00:00+00:00,115259.9,115570.2,115158.0,115315.6,3302.903
2025-09-16 00:00:00+00:00,115315.6,115481.7,114888.0,115268.4,4804.093
2025-09-16 04:00:00+00:00,115268.4,115982.1,114894.6,115796.4,8871.887
2025-09-16 08:00:00+00:00,115796.4,115949.0,115134.1,115225.1,6433.919
2025-09-16 12:00:00+00:00,115225.1,115870.0,114688.0,115869.9,15104.354
2025-09-16 16:00:00+00:00,115869.9,116883.6,115561.8,116753.3,17348.454
2025-09-16 20:00:00+00:00,116753.3,116947.3,116547.6,116748.9,6171.927
2025-09-17 00:00:00+00:00,116748.9,117050.0,116298.4,116300.3,6086.511
2025-09-17 04:00:00+00:00,116300.3,117239.5,116100.0,117118.2,11250.753
2025-09-17 08:00:00+00:00,117118.2,117146.8,116200.0,116203.2,8679.868
2025-09-17 12:00:00+00:00,116203.2,116489.0,115337.8,115822.7,16059.675
2025-09-17 16:00:00+00:00,115822.7,116266.0,114710.0,115610.1,37253.043
2025-09-17 20:00:00+00:00,115610.1,116950.0,115271.4,116400.2,11527.13
2025-09-18 00:00:00+00:00,116400.2,117864.0,115980.1,117560.1,16953.706
2025-09-18 04:00:00+00:00,117560.1,117735.8,116859.0,117031.2,8682.884
2025-09-18 08:00:00+00:00,117031.2,117400.0,116955.0,117026.5,5091.974
2025-09-18 12:00:00+00:00,117026.5,117800.0,116920.0,117536.4,13605.449
2025-09-18 16:00:00+00:00,117536.4,117884.0,117081.8,117404.7,9078.561
2025-09-18 20:00:00+00:00,117404.7,117620.1,116557.9,117023.5,9607.42
2025-09-19 00:00:00+00:00,117023.5,117417.6,116809.1,116923.8,5994.872
2025-09-19 04:00:00+00:00,116923.8,117061.6,116575.0,116856.1,6672.687
2025-09-19 08:00:00+00:00,116856.1,117058.9,116237.7,116332.2,7611.82
2025-09-19 12:00:00+00:00,116332.2,116493.4,115408.0,115816.0,15004.747
2025-09-19 16:00:00+00:00,115816.0,116100.0,115050.0,115069.5,8210.248
2025-09-19 20:00:00+00:00,115069.5,115614.6,115035.0,115572.9,3928.015
2025-09-20 00:00:00+00:00,115572.9,115692.8,115360.0,115406.2,2957.473
2025-09-20 04:00:00+00:00,115406.2,115942.0,115366.1,115928.6,3292.013
2025-09-20 08:00:00+00:00,115928.6,115931.2,115606.0,115843.7,3103.5
2025-09-20 12:00:00+00:00,115843.7,116093.6,115755.1,115958.3,2888.104
2025-09-20 16:00:00+00:00,115958.3,116050.0,115634.1,115634.1,2980.05
2025-09-20 20:00:00+00:00,115634.1,115896.2,115558.2,115628.9,1611.906
2025-09-21 00:00:00+00:00,115628.9,115680.6,115390.0,115625.0,2592.303
2025-09-21 04:00:00+00:00,115625.0,115775.0,115454.9,115775.0,2006.946
2025-09-21 08:00:00+00:00,115775.0,115779.6,115260.1,115564.4,3146.672
2025-09-21 12:00:00+00:00,115564.4,115717.8,115414.0,115466.4,2175.992
2025-09-21 16:00:00+00:00,115466.4,115623.8,115117.3,115430.0,6123.735
2025-09-21 20:00:00+00:00,115430.0,115507.4,115140.0,115173.4,3860.689
2025-09-22 00:00:00+00:00,115173.4,115340.2,114079.8,114609.7,18102.809
2025-09-22 04:00:00+00:00,114609.7,114618.1,111500.0,112458.5,37434.71
2025-09-22 08:00:00+00:00,112458.5,112914.6,112111.2,112810.9,11107.723
2025-09-22 12:00:00+00:00,112810.9,113380.1,112307.0,112764.2,14871.202
2025-09-22 16:00:00+00:00,112764.2,112833.4,111892.0,112058.8,8819.87
2025-09-22 20:00:00+00:00,112058.8,112936.6,111918.4,112600.7,5633.801
2025-09-23 00:00:00+00:00,112600.7,112782.6,111410.0,112283.5,10117.131
2025-09-23 04:00:00+00:00,112283.5,113076.8,111800.0,113025.0,9810.654
2025-09-23 08:00:00+00:00,113025.0,113200.0,112616.6,112924.9,7415.94
2025-09-23 12:00:00+00:00,112924.9,113247.1,112424.9,112819.7,11339.71
2025-09-23 16:00:00+00:00,112819.7,112900.0,111471.0,111590.0,13182.788
2025-09-23 20:00:00+00:00,111590.0,112179.6,111350.7,111937.5,6189.678
2025-09-24 00:00:00+00:00,111937.5,112444.0,111603.3,111627.3,9147.227
2025-09-24 04:00:00+00:00,111627.3,112739.5,110904.2,112537.6,14337.704
2025-09-24 08:00:00+00:00,112537.6,113122.4,112330.3,112977.4,7061.434
2025-09-24 12:00:00+00:00,112977.4,113850.0,112750.1,113300.0,16782.779
2025-09-24 16:00:00+00:00,113300.0,113900.0,113100.5,113370.0,7681.941
2025-09-24 20:00:00+00:00,113370.0,113595.0,113154.8,113255.5,3441.296
2025-09-25 00:00:00+00:00,113255.5,113457.3,112103.6,112476.1,13883.704
2025-09-25 04:00:00+00:00,112476.1,112566.7,111373.6,111719.9,13887.543
2025-09-25 08:00:00+00:00,111719.9,112199.0,111181.3,111289.1,9116.482
2025-09-25 12:00:00+00:00,111289.1,111683.8,110517.0,111537.1,27809.11
2025-09-25 16:00:00+00:00,111537.1,111625.5,108560.0,109332.3,31450.077
2025-09-25 20:00:00+00:00,109332.3,109637.0,108676.7,108931.3,10307.936
2025-09-26 00:00:00+00:00,108931.3,109764.0,108738.7,109524.6,8893.618
2025-09-26 04:00:00+00:00,109524.6,109593.5,108833.4,109254.9,9010.169
2025-09-26 08:00:00+00:00,109254.9,109651.7,108550.0,109080.7,10058.867
2025-09-26 12:00:00+00:00,109080.7,109758.0,108700.0,108972.0,15269.006
2025-09-26 16:00:00+00:00,108972.0,110255.6,108951.5,109111.5,13196.803
2025-09-26 20:00:00+00:00,109111.5,109640.0,109033.2,109592.1,4643.722
2025-09-27 00:00:00+00:00,109592.1,109710.9,109261.6,109501.3,4933.049
2025-09-27 04:00:00+00:00,109501.3,109689.2,109286.9,109359.2,2311.744
2025-09-27 08:00:00+00:00,109359.2,109442.5,108988.0,109276.1,4641.913
2025-09-27 12:00:00+00:00,109276.1,109434.0,109113.9,109342.4,3050.489
2025-09-27 16:00:00+00:00,109342.4,109400.6,109190.2,109380.0,2219.197
2025-09-27 20:00:00+00:00,109380.0,109665.5,109296.3,109585.6,2359.515
2025-09-28 00:00:00+00:00,109585.6,109747.0,109271.0,109395.1,4147.366
2025-09-28 04:00:00+00:00,109395.1,109509.4,109180.7,109469.8,1967.182
2025-09-28 08:00:00+00:00,109469.8,109549.0,109180.7,109325.7,5106.828
2025-09-28 12:00:00+00:00,109325.7,110000.0,109133.8,109990.9,6439.838
2025-09-28 16:00:00+00:00,109990.9,110355.0,109965.2,110302.9,5917.69
2025-09-28 20:00:00+00:00,110302.9,112345.9,110242.0,112133.5,15317.63
2025-09-29 00:00:00+00:00,112133.5,112282.3,111534.8,111825.9,8902.918
2025-09-29 04:00:00+00:00,111825.9,111855.6,111487.2,111820.2,5668.647
2025-09-29 08:00:00+00:00,111820.2,112415.9,111818.1,112065.9,7436.562
2025-09-29 12:00:00+00:00,112065.9,114199.5,111864.0,113762.5,25200.169
2025-09-29 16:00:00+00:00,113762.5,114350.0,113409.4,114208.6,9492.35
2025-09-29 20:00:00+00:00,114208.6,114377.1,113957.1,114251.4,4862.841
2025-09-30 00:00:00+00:00,114251.4,114825.7,113970.5,114311.2,9023.73
2025-09-30 04:00:00+00:00,114311.2,114311.3,113530.0,113661.6,8402.876
2025-09-30 08:00:00+00:00,113661.6,113699.4,112603.9,112992.0,13070.582
2025-09-30 12:00:00+00:00,112992.0,113630.0,112788.0,113063.4,12849.302
2025-09-30 16:00:00+00:00,113063.4,114522.0,112726.8,114314.7,11490.975
2025-09-30 20:00:00+00:00,114314.7,114751.4,113716.8,114013.8,10164.905
2025-10-01 00:00:00+00:00,114013.8,114523.9,113913.8,114134.1,8514.401
2025-10-01 04:00:00+00:00,114134.1,114700.0,114079.1,114493.4,7869.533
2025-10-01 08:00:00+00:00,114493.4,116759.9,114435.0,116730.0,30615.837
2025-10-01 12:00:00+00:00,116730.0,117605.4,116300.0,117367.5,16710.362
2025-10-01 16:00:00+00:00,117367.5,118150.0,116678.7,117369.3,15336.474
2025-10-01 20:00:00+00:00,117369.3,118644.0,117101.0,118555.4,11677.829
2025-10-02 00:00:00+00:00,118555.4,119416.0,118331.2,118688.5,16596.443
2025-10-02 04:00:00+00:00,118688.5,118902.8,118202.7,118443.6,8798.882
2025-10-02 08:00:00+00:00,118443.6,118920.8,118291.1,118703.9,5907.17
2025-10-02 12:00:00+00:00,118703.9,119872.3,118445.0,119865.8,28684.202
2025-10-02 16:00:00+00:00,119865.8,120994.2,119284.6,120776.6,24736.882
2025-10-02 20:00:00+00:00,120776.6,120861.9,120002.0,120484.0,8263.312
2025-10-03 00:00:00+00:00,120484.0,120506.0,119736.7,120168.9,7470.901
2025-10-03 04:00:00+00:00,120168.9,120276.8,119556.9,119584.8,7212.331
2025-10-03 08:00:00+00:00,119584.8,120468.7,119160.0,120287.0,9792.522
2025-10-03 12:00:00+00:00,120287.0,122333.0,119805.0,122222.9,23230.569
2025-10-03 16:00:00+00:00,122222.9,123858.6,121420.5,122590.0,48849.484
2025-10-03 20:00:00+00:00,122590.0,122669.0,121934.0,122180.2,5593.236
2025-10-04 00:00:00+00:00,122180.2,122330.7,121628.0,122182.8,6110.615
2025-10-04 04:00:00+00:00,122182.8,122767.7,122160.3,122258.6,6163.078
2025-10-04 08:00:00+00:00,122258.6,122495.6,121884.2,121914.5,4944.123
2025-10-04 12:00:00+00:00,121914.5,122490.4,121648.6,121754.7,7556.227
2025-10-04 16:00:00+00:00,121754.7,121922.0,121472.9,121921.9,5157.92
2025-10-04 20:00:00+00:00,121921.9,122380.0,121828.0,122359.3,3758.241
2025-10-05 00:00:00+00:00,122359.3,124384.4,122082.6,123730.2,19733.433
2025-10-05 04:00:00+00:00,123730.2,125849.7,123683.0,124682.8,29576.209
2025-10-05 08:00:00+00:00,124682.8,124815.7,122461.7,123414.4,26607.863
2025-10-05 12:00:00+00:00,123414.4,123414.5,122601.8,122753.1,8824.977
2025-10-05 16:00:00+00:00,122753.1,123483.0,122104.0,122543.9,12575.617
2025-10-05 20:00:00+00:00,122543.9,123577.6,122418.7,123447.9,5971.852
2025-10-06 00:00:00+00:00,123447.9,124331.0,122989.1,123783.1,19747.88
2025-10-06 04:00:00+00:00,123783.1,124140.7,123230.0,123344.1,9047.359
2025-10-06 08:00:00+00:00,123344.1,124535.7,123344.1,124165.7,9714.79
2025-10-06 12:00:00+00:00,124165.7,125396.8,124117.3,124944.7,19962.539
2025-10-06 16:00:00+00:00,124944.7,126150.0,124750.0,125329.4,21101.736
2025-10-06 20:00:00+00:00,125329.4,125482.5,124403.3,124606.1,9562.079
2025-10-07 00:00:00+00:00,124606.1,125029.2,124022.9,124246.9,9480.894
2025-10-07 04:00:00+00:00,124246.9,124625.0,123500.0,123614.0,11000.548
2025-10-07 08:00:00+00:00,123614.0,124460.6,123200.1,124389.6,10412.906
2025-10-07 12:00:00+00:00,124389.6,125114.2,121089.5,121817.0,43747.157
2025-10-07 16:00:00+00:00,121817.0,122120.0,120545.0,121609.6,27359.661
2025-10-07 20:00:00+00:00,121609.6,122270.0,121213.0,121299.4,9548.332
2025-10-08 00:00:00+00:00,121299.4,122200.0,121157.6,121335.4,9331.319
2025-10-08 04:00:00+00:00,121335.4,121869.2,121000.0,121564.1,7829.227
2025-10-08 08:00:00+00:00,121564.1,123184.3,121482.7,122842.1,12053.774
2025-10-08 12:00:00+00:00,122842.1,123349.0,121615.6,122129.3,25963.524
2025-10-08 16:00:00+00:00,122129.3,124162.5,122053.0,123385.8,19300.574
2025-10-08 20:00:00+00:00,123385.8,123667.0,122689.1,123245.3,6329.416
2025-10-09 00:00:00+00:00,123245.3,123291.3,121401.6,121992.2,13027.861
2025-10-09 04:00:00+00:00,121992.2,122222.8,121633.8,121847.6,5906.04
2025-10-09 08:00:00+00:00,121847.6,122787.0,121080.0,122677.0,12901.394
2025-10-09 12:00:00+00:00,122677.0,123733.9,120612.8,121083.4,37163.038
2025-10-09 16:00:00+00:00,121083.4,121428.3,119574.0,120901.1,26049.226
2025-10-09 20:00:00+00:00,120901.1,121747.3,120800.0,121603.0,6431.11
2025-10-10 00:00:00+00:00,121603.0,121849.7,120882.0,121001.7,7556.49
2025-10-10 04:00:00+00:00,121001.7,121740.0,120822.0,120903.7,7419.242
2025-10-10 08:00:00+00:00,120903.7,121744.9,120869.2,121496.2,5374.804
2025-10-10 12:00:00+00:00,121496.2,122490.0,118400.0,118962.9,42294.522
2025-10-10 16:00:00+00:00,118962.9,119400.3,115900.0,116606.5,43412.453
2025-10-10 20:00:00+00:00,116606.5,117336.0,101045.9,112732.5,163143.487
2025-10-11 00:00:00+00:00,112732.5,113279.8,110930.2,112266.0,29134.238
2025-10-11 04:00:00+00:00,112266.0,112930.8,110050.0,110359.6,17330.007
2025-10-11 08:00:00+00:00,110359.6,112331.7,110104.0,112238.0,13006.189
2025-10-11 12:00:00+00:00,112238.0,112496.7,111724.3,111740.0,7841.59
2025-10-11 16:00:00+00:00,111740.0,112156.4,110790.2,111125.5,9175.397
2025-10-11 20:00:00+00:00,111125.5,111300.8,109453.4,110599.9,11673.5
2025-10-12 00:00:00+00:00,110599.9,111352.3,109503.2,110637.8,14757.592
2025-10-12 04:00:00+00:00,110637.8,112122.4,110556.0,111466.7,9136.104
2025-10-12 08:00:00+00:00,111466.7,112086.3,111081.0,111786.1,5998.425
2025-10-12 12:00:00+00:00,111786.1,113749.2,111121.0,113166.2,28364.614
2025-10-12 16:00:00+00:00,113166.2,114700.0,113166.2,114298.3,22492.271
2025-10-12 20:00:00+00:00,114298.3,115749.0,114203.9,114908.5,17617.641
2025-10-13 00:00:00+00:00,114908.5,115950.6,114582.2,114792.2,10609.055
2025-10-13 04:00:00+00:00,114792.2,115539.8,114320.9,115349.9,9940.499
2025-10-13 08:00:00+00:00,115349.9,115404.4,113526.4,114139.1,12640.863
2025-10-13 12:00:00+00:00,114139.1,115517.9,113707.1,114267.5,26449.121
2025-10-13 16:00:00+00:00,114267.5,115855.3,114150.3,115750.0,14412.388
2025-10-13 20:00:00+00:00,115750.0,115838.8,114951.1,115116.7,6598.522
2025-10-14 00:00:00+00:00,115116.7,115370.5,113188.1,113430.4,13606.169
2025-10-14 04:00:00+00:00,113430.4,113641.2,111200.0,111659.1,31181.725
2025-10-14 08:00:00+00:00,111659.1,112091.8,109947.4,111245.8,24486.316
2025-10-14 12:00:00+00:00,111245.8,112885.0,109800.0,112862.2,33062.182
2025-10-14 16:00:00+00:00,112862.2,113499.9,111659.0,112544.7,28582.706
2025-10-14 20:00:00+00:00,112544.7,113550.0,112139.0,112972.1,9488.371
2025-10-15 00:00:00+00:00,112972.1,113590.0,111752.7,111967.7,10989.196
2025-10-15 04:00:00+00:00,111967.7,112635.0,111683.0,112524.2,8680.823
2025-10-15 08:00:00+00:00,112524.2,113470.0,111635.3,111839.9,13845.479
2025-10-15 12:00:00+00:00,111839.9,112200.0,110308.1,110748.0,23673.979
2025-10-15 16:00:00+00:00,110748.0,111525.3,110072.8,111210.1,11450.604
2025-10-15 20:00:00+00:00,111210.1,111512.8,110413.8,110705.3,9796.503
2025-10-16 00:00:00+00:00,110705.3,111832.0,110281.6,111288.3,7947.484
2025-10-16 04:00:00+00:00,111288.3,111733.1,110500.0,110516.3,9342.225
2025-10-16 08:00:00+00:00,110516.3,111686.4,109533.0,111359.7,18501.506
2025-10-16 12:00:00+00:00,111359.7,111962.3,108270.0,108463.5,34419.27
2025-10-16 16:00:00+00:00,108463.5,109255.8,107500.3,108151.5,30663.09
2025-10-16 20:00:00+00:00,108151.5,108468.8,107362.1,108137.8,10186.579
2025-10-17 00:00:00+00:00,108137.8,109199.3,107875.3,109127.4,8109.088
2025-10-17 04:00:00+00:00,109127.4,109186.3,105403.3,105561.6,25532.369
2025-10-17 08:00:00+00:00,105561.6,106573.9,103437.4,105628.3,42946.425
2025-10-17 12:00:00+00:00,105628.3,106790.9,104431.7,106729.6,28925.982
2025-10-17 16:00:00+00:00,106729.6,107584.5,106010.0,106403.5,18227.773
2025-10-17 20:00:00+00:00,106403.5,107400.6,106294.6,106364.6,7769.299
2025-10-18 00:00:00+00:00,106364.6,107252.0,106259.7,107017.9,6894.084
2025-10-18 04:00:00+00:00,107017.9,107476.5,106383.6,106653.5,8828.882
2025-10-18 08:00:00+00:00,106653.5,107194.2,106567.0,107162.5,4827.042
2025-10-18 12:00:00+00:00,107162.5,107273.0,106674.5,106894.6,4427.763
2025-10-18 16:00:00+00:00,106894.6,107070.5,106430.6,107025.8,3562.402
2025-10-18 20:00:00+00:00,107025.8,107314.4,106790.0,107122.2,2898.265
2025-10-19 00:00:00+00:00,107122.2,107335.8,106688.2,107224.7,3802.657
2025-10-19 04:00:00+00:00,107224.7,107246.8,106500.0,106737.6,3899.543
2025-10-19 08:00:00+00:00,106737.6,108200.0,106060.3,107749.3,21255.176
2025-10-19 12:00:00+00:00,107749.3,108593.3,107322.6,108448.1,9288.79
2025-10-19 16:00:00+00:00,108448.1,109434.5,108188.0,108852.3,9701.334
2025-10-19 20:00:00+00:00,108852.3,109360.0,108347.4,108597.3,6214.009
2025-10-20 00:00:00+00:00,108597.3,110423.0,107373.7,110098.3,18887.106
2025-10-20 04:00:00+00:00,110098.3,111380.9,109878.8,111148.6,15690.809
2025-10-20 08:00:00+00:00,111148.6,111644.2,110589.8,110986.2,11069.134
2025-10-20 12:00:00+00:00,110986.2,111692.3,110537.8,111105.5,13378.796
2025-10-20 16:00:00+00:00,111105.5,111303.8,109785.0,110755.0,19222.875
2025-10-20 20:00:00+00:00,110755.0,111238.6,110366.0,110490.0,4941.752
2025-10-21 00:00:00+00:00,110490.0,110508.0,109023.0,109023.1,11603.173
2025-10-21 04:00:00+00:00,109023.1,109023.1,107412.1,108022.4,22085.649
2025-10-21 08:00:00+00:00,108022.4,108780.0,107429.9,108522.0,11550.559
2025-10-21 12:00:00+00:00,108522.0,113546.0,107779.7,113400.0,49459.507
2025-10-21 16:00:00+00:00,113400.0,114000.0,111250.8,111736.4,27907.109
2025-10-21 20:00:00+00:00,111736.4,111759.6,107806.8,108240.1,29748.309
2025-10-22 00:00:00+00:00,108240.1,108646.6,107769.0,108163.1,11266.519
2025-10-22 04:00:00+00:00,108163.1,108600.0,107523.1,108280.0,10513.677
2025-10-22 08:00:00+00:00,108280.0,108328.7,106588.0,107484.7,18770.194
2025-10-22 12:00:00+00:00,107484.7,109273.7,107385.8,108364.9,39209.778
2025-10-22 16:00:00+00:00,108364.9,108780.1,107394.7,107824.1,15482.232
2025-10-22 20:00:00+00:00,107824.1,108035.8,106625.8,107522.8,15720.94
2025-10-23 00:00:00+00:00,107522.8,108685.4,107456.7,108341.3,9105.385
2025-10-23 04:00:00+00:00,108341.3,110281.7,108304.4,109232.8,16147.906
2025-10-23 08:00:00+00:00,109232.8,109871.0,108992.0,109208.6,8272.269
2025-10-23 12:00:00+00:00,109208.6,110079.6,108564.2,109866.2,19765.682
2025-10-23 16:00:00+00:00,109866.2,111272.4,109600.0,110139.0,19759.76
2025-10-23 20:00:00+00:00,110139.0,110150.0,109230.5,110015.0,10253.979
2025-10-24 00:00:00+00:00,110015.0,110813.0,109933.4,110411.4,6935.667
2025-10-24 04:00:00+00:00,110411.4,111512.8,110300.0,111034.4,11681.747
2025-10-24 08:00:00+00:00,111034.4,111476.5,110540.0,111035.2,9737.832
2025-10-24 12:00:00+00:00,111035.2,112162.2,109603.4,109994.8,32963.782
2025-10-24 16:00:00+00:00,109994.8,110914.5,109734.6,110565.4,7299.811
2025-10-24 20:00:00+00:00,110565.4,111088.9,110404.3,110964.7,4231.576
2025-10-25 00:00:00+00:00,110964.7,111217.1,110618.8,110973.5,2665.232
2025-10-25 04:00:00+00:00,110973.5,111796.4,110973.5,111463.9,6797.999
2025-10-25 08:00:00+00:00,111463.9,111848.8,111349.8,111542.1,4586.232
2025-10-25 12:00:00+00:00,111542.1,111935.8,111239.8,111348.1,4435.908
2025-10-25 16:00:00+00:00,111348.1,111704.0,111109.0,111586.9,3721.274
2025-10-25 20:00:00+00:00,111586.9,111655.5,111274.0,111587.5,2798.763
2025-10-26 00:00:00+00:00,111587.5,111891.8,111187.8,111214.5,3536.921
2025-10-26 04:00:00+00:00,111214.5,111687.1,111201.6,111681.7,2418.239
2025-10-26 08:00:00+00:00,111681.7,113446.0,111668.6,113255.5,13716.712
2025-10-26 12:00:00+00:00,113255.5,114050.0,113225.3,113654.4,12265.537
2025-10-26 16:00:00+00:00,113654.4,113758.8,113236.4,113559.8,4473.378
2025-10-26 20:00:00+00:00,113559.8,115583.0,112797.0,114498.3,15008.812
2025-10-27 00:00:00+00:00,114498.3,115421.4,114275.9,114942.5,9568.713
2025-10-27 04:00:00+00:00,114942.5,116373.3,114900.0,115517.8,13070.34
2025-10-27 08:00:00+00:00,115517.8,115578.9,114766.7,115302.1,9922.24
2025-10-27 12:00:00+00:00,115302.1,115393.4,114426.0,114915.5,12128.309
2025-10-27 16:00:00+00:00,114915.5,115756.6,114725.0,114895.8,8991.466
2025-10-27 20:00:00+00:00,114895.8,114895.8,113777.3,114061.3,11010.132
2025-10-28 00:00:00+00:00,114061.3,114501.8,113507.6,113859.3,8802.278
2025-10-28 04:00:00+00:00,113859.3,114343.2,113341.6,114135.7,7743.659
2025-10-28 08:00:00+00:00,114135.7,114650.6,114057.1,114296.8,5512.192
2025-10-28 12:00:00+00:00,114296.8,116060.5,114072.2,114592.3,27180.362
2025-10-28 16:00:00+00:00,114592.3,115571.8,113500.1,113620.0,16766.883
2025-10-28 20:00:00+00:00,113620.0,113650.8,112112.0,112836.0,24038.897
2025-10-29 00:00:00+00:00,112836.0,112925.4,112030.0,112451.6,8631.784
2025-10-29 04:00:00+00:00,112451.6,113543.0,112435.8,113514.9,7599.742
2025-10-29 08:00:00+00:00,113514.9,113582.2,112665.3,113086.9,7176.425
2025-10-29 12:00:00+00:00,113086.9,113598.0,111274.7,111453.8,20856.999
2025-10-29 16:00:00+00:00,111453.8,111976.8,109056.2,110600.4,48727.027
2025-10-29 20:00:00+00:00,110600.4,111773.0,109666.0,109948.8,15092.237
2025-10-30 00:00:00+00:00,109948.8,110966.7,109665.0,110693.4,9667.468
2025-10-30 04:00:00+00:00,110693.4,111571.9,107842.2,111324.8,36751.804
2025-10-30 08:00:00+00:00,111324.8,111399.0,109617.5,109658.1,13812.925
2025-10-30 12:00:00+00:00,109658.1,109742.5,107220.0,107661.1,30105.741
2025-10-30 16:00:00+00:00,107661.1,108172.4,106225.0,106481.5,25241.897
2025-10-30 20:00:00+00:00,106481.5,108312.0,106257.6,108261.7,12014.175
2025-10-31 00:00:00+00:00,108261.7,110014.6,108223.0,109187.5,16006.773
2025-10-31 04:00:00+00:00,109187.5,110301.6,109064.3,109398.3,11970.936
2025-10-31 08:00:00+00:00,109398.3,110537.3,109154.8,110374.8,11845.893
2025-10-31 12:00:00+00:00,110374.8,111147.0,109314.3,110132.6,17583.71
2025-10-31 16:00:00+00:00,110132.6,110258.2,108494.5,109797.9,18616.477
2025-10-31 20:00:00+00:00,109797.9,109797.9,109251.0,109546.7,3852.052
2025-11-01 00:00:00+00:00,109546.7,110240.0,109333.0,110183.3,4655.519
2025-11-01 04:00:00+00:00,110183.3,110537.2,109874.0,110026.3,5883.716
2025-11-01 08:00:00+00:00,110026.3,110232.0,109778.5,110105.2,2813.386
2025-11-01 12:00:00+00:00,110105.2,110327.3,109661.7,110254.1,4168.434
2025-11-01 16:00:00+00:00,110254.1,110495.1,110121.6,110240.8,2597.717
2025-11-01 20:00:00+00:00,110240.8,110465.0,109763.0,110046.0,3341.234
2025-11-02 00:00:00+00:00,110046.0,110215.7,109821.8,110000.0,1805.412
2025-11-02 04:00:00+00:00,110000.0,110989.5,109965.6,110847.1,4971.152
2025-11-02 08:00:00+00:00,110847.1,111180.0,110301.4,111146.2,5959.472
2025-11-02 12:00:00+00:00,111146.2,111200.0,110008.2,110046.1,7643.787
2025-11-02 16:00:00+00:00,110046.1,110283.5,109603.2,110120.1,4792.444
2025-11-02 20:00:00+00:00,110120.1,110699.8,109433.0,110493.5,4807.869
2025-11-03 00:00:00+00:00,110493.5,110721.3,107835.7,107876.6,13454.39
2025-11-03 04:00:00+00:00,107876.6,108039.3,106949.3,107413.1,15523.075
2025-11-03 08:00:00+00:00,107413.1,107877.7,106700.5,107743.9,13421.002
2025-11-03 12:00:00+00:00,107743.9,108292.0,105415.2,105701.0,27675.551
2025-11-03 16:00:00+00:00,105701.0,107734.6,105178.2,107040.2,20477.894
2025-11-03 20:00:00+00:00,107040.2,107133.8,105750.0,106536.4,9795.675
2025-11-04 00:00:00+00:00,106536.4,107266.7,105783.1,107093.0,10194.072
2025-11-04 04:00:00+00:00,107093.0,107254.7,104120.0,104431.3,19928.11
2025-11-04 08:00:00+00:00,104431.3,104657.2,103550.1,104531.4,13381.134
2025-11-04 12:00:00+00:00,104531.4,104813.5,102858.9,103152.6,23611.255
2025-11-04 16:00:00+00:00,103152.6,103465.1,99900.1,100490.3,43306.355
2025-11-04 20:00:00+00:00,100490.3,101867.0,98888.1,101441.9,32522.123
2025-11-05 00:00:00+00:00,101441.9,102234.7,98894.6,102093.6,24250.602
2025-11-05 04:00:00+00:00,102093.6,102312.3,101389.4,101944.7,8765.916
2025-11-05 08:00:00+00:00,101944.7,102178.1,101122.8,102024.4,9195.997
2025-11-05 12:00:00+00:00,102024.4,103750.0,101877.6,103676.1,20284.42
2025-11-05 16:00:00+00:00,103676.1,104495.4,102990.4,103949.6,12838.721
2025-11-05 20:00:00+00:00,103949.6,104500.0,103237.5,103835.2,8390.294
2025-11-06 00:00:00+00:00,103835.2,103923.6,102662.8,103603.3,10529.526
2025-11-06 04:00:00+00:00,103603.3,104167.0,102848.2,103127.2,8187.003
2025-11-06 08:00:00+00:00,103127.2,103400.0,102580.5,103200.0,6650.55
2025-11-06 12:00:00+00:00,103200.0,103616.4,101555.5,101964.3,24794.052
2025-11-06 16:00:00+00:00,101964.3,102353.0,100234.5,101326.1,23712.682
2025-11-06 20:00:00+00:00,101326.1,101607.0,100455.0,101296.2,9700.175
2025-11-07 00:00:00+00:00,101296.2,102331.7,100682.7,101858.5,10418.656
2025-11-07 04:00:00+00:00,101858.5,102494.8,101530.0,101971.4,7576.721
2025-11-07 08:00:00+00:00,101971.4,102019.1,99754.2,100339.5,16366.087
2025-11-07 12:00:00+00:00,100339.5,101223.7,99201.8,100755.8,23886.761
2025-11-07 16:00:00+00:00,100755.8,103368.9,100473.4,103367.0,20108.31
2025-11-07 20:00:00+00:00,103367.0,104047.6,102910.0,103300.5,9038.222
2025-11-08 00:00:00+00:00,103300.5,103378.7,102460.0,102520.4,7973.638
2025-11-08 04:00:00+00:00,102520.4,102797.0,101832.8,102292.2,6150.01
2025-11-08 08:00:00+00:00,102292.2,102633.4,101670.0,101803.3,5245.085
2025-11-08 12:00:00+00:00,101803.3,102138.9,101408.7,101670.0,6531.625
2025-11-08 16:00:00+00:00,101670.0,102174.1,101438.9,101940.0,4606.356
2025-11-08 20:00:00+00:00,101940.0,102440.0,101893.3,102268.6,2666.437
2025-11-09 00:00:00+00:00,102268.6,102300.0,101237.3,101608.3,5663.4
2025-11-09 04:00:00+00:00,101608.3,102111.4,101586.4,101915.4,5053.041
2025-11-09 08:00:00+00:00,101915.4,102310.5,101450.0,102208.5,6893.22
2025-11-09 12:00:00+00:00,102208.5,104158.1,102000.0,103714.7,14857.113
2025-11-09 16:00:00+00:00,103714.7,104788.0,103271.4,104776.3,11621.362
2025-11-09 20:00:00+00:00,104776.3,105442.9,104050.0,104665.0,12104.498
2025-11-10 00:00:00+00:00,104665.0,106634.8,104211.6,105982.0,15617.729
2025-11-10 04:00:00+00:00,105982.0,106500.0,105797.3,106431.9,7602.744
2025-11-10 08:00:00+00:00,106431.9,106573.9,105775.0,106132.5,7021.98
2025-11-10 12:00:00+00:00,106132.5,106585.7,104602.1,105025.8,18891.044
2025-11-10 16:00:00+00:00,105025.8,106033.8,104728.8,105765.8,9141.87
2025-11-10 20:00:00+00:00,105765.8,106299.9,105200.4,105969.5,7396.113
2025-11-11 00:00:00+00:00,105969.5,107481.0,105455.1,106411.8,14087.796
2025-11-11 04:00:00+00:00,106411.8,106500.0,104686.0,104730.1,10419.957
2025-11-11 08:00:00+00:00,104730.1,105458.7,104711.6,105258.1,6217.42
2025-11-11 12:00:00+00:00,105258.1,105491.6,103149.2,103420.1,21752.878
2025-11-11 16:00:00+00:00,103420.1,103709.8,102804.0,103082.4,12784.595
2025-11-11 20:00:00+00:00,103082.4,103200.0,102420.5,103009.7,8389.613
2025-11-12 00:00:00+00:00,103009.7,103417.2,102626.3,103272.7,6395.864
2025-11-12 04:00:00+00:00,103272.7,103627.1,102959.4,103074.1,4139.105
2025-11-12 08:00:00+00:00,103074.1,105189.2,103074.1,104998.5,14434.191
2025-11-12 12:00:00+00:00,104998.5,105316.9,101880.0,102110.2,25101.087
2025-11-12 16:00:00+00:00,102110.2,102233.4,100741.8,101240.3,24410.119
2025-11-12 20:00:00+00:00,101240.3,101961.8,101078.3,101595.6,7020.637
2025-11-13 00:00:00+00:00,101595.6,102584.7,100855.0,102080.0,12825.555
2025-11-13 04:00:00+00:00,102080.0,104031.9,101579.0,103428.0,17932.678
2025-11-13 08:00:00+00:00,103428.0,103767.1,102482.7,102888.6,10449.988
2025-11-13 12:00:00+00:00,102888.6,103442.0,101116.4,101314.0,24782.482
2025-11-13 16:00:00+00:00,101314.0,101484.0,98053.3,98619.8,39323.823
2025-11-13 20:00:00+00:00,98619.8,100453.0,97931.0,99629.0,17745.716
2025-11-14 00:00:00+00:00,99629.0,99901.5,98628.1,99096.3,13545.379
2025-11-14 04:00:00+00:00,99096.3,99126.9,95858.6,97096.5,33160.047
2025-11-14 08:00:00+00:00,97096.5,97514.7,95656.2,96123.2,14946.438
2025-11-14 12:00:00+00:00,96123.2,97272.3,94500.0,96754.8,36829.427
2025-11-14 16:00:00+00:00,96754.8,97383.4,94737.7,95740.3,20490.166
2025-11-14 20:00:00+00:00,95740.3,95930.3,93905.9,94533.3,18828.206
2025-11-15 00:00:00+00:00,94533.3,96777.0,94511.7,96381.1,11333.956
2025-11-15 04:00:00+00:00,96381.1,96542.6,95871.3,96287.3,6398.144
2025-11-15 08:00:00+00:00,96287.3,96311.8,95573.7,95660.9,6544.238
2025-11-15 12:00:00+00:00,95660.9,96439.6,95526.6,96219.7,5033.441
2025-11-15 16:00:00+00:00,96219.7,96362.9,95667.2,95961.9,5379.718
2025-11-15 20:00:00+00:00,95961.9,95983.0,95038.1,95559.1,7522.782
2025-11-16 00:00:00+00:00,95559.1,95949.8,94760.9,95774.7,6100.194
2025-11-16 04:00:00+00:00,95774.7,96170.1,95598.3,96060.8,3856.277
2025-11-16 08:00:00+00:00,96060.8,96594.9,95456.1,95582.5,7118.753
2025-11-16 12:00:00+00:00,95582.5,95860.0,94322.0,94535.7,10100.615
2025-11-16 16:00:00+00:00,94535.7,95533.8,93652.0,93990.0,19882.931
2025-11-16 20:00:00+00:00,93990.0,94706.2,92920.1,94215.9,18331.584
2025-11-17 00:00:00+00:00,94215.9,95522.5,93723.0,95464.7,12631.676
2025-11-17 04:00:00+00:00,95464.7,95847.5,94843.1,95608.9,7912.771
2025-11-17 08:00:00+00:00,95608.9,95989.0,95246.6,95530.9,7833.523
2025-11-17 12:00:00+00:00,95530.9,96046.2,93534.0,93912.4,30237.712
2025-11-17 16:00:00+00:00,93912.4,94394.3,91556.9,91650.0,29844.975
2025-11-17 20:00:00+00:00,91650.0,92370.0,91227.7,92171.4,18283.989
2025-11-18 00:00:00+00:00,92171.4,92332.8,89655.0,90800.8,28512.158
2025-11-18 04:00:00+00:00,90800.8,90830.8,89243.1,90455.1,22157.935
2025-11-18 08:00:00+00:00,90455.1,91576.2,90455.0,91483.2,14602.558
2025-11-18 12:00:00+00:00,91483.2,93000.0,90868.8,92864.8,30605.092
2025-11-18 16:00:00+00:00,92864.8,93800.0,92545.0,93139.0,19070.139
2025-11-18 20:00:00+00:00,93139.0,93400.0,92401.9,92925.0,10290.541
2025-11-19 00:00:00+00:00,92925.0,92950.0,91620.0,91838.3,11610.634
2025-11-19 04:00:00+00:00,91838.3,91975.2,89972.2,91812.2,21508.364
2025-11-19 08:00:00+00:00,91812.2,91918.9,91024.4,91362.8,11175.814
2025-11-19 12:00:00+00:00,91362.8,92346.4,89801.4,89887.9,25623.756
2025-11-19 16:00:00+00:00,89887.9,90176.4,88580.3,88850.1,28345.556
2025-11-19 20:00:00+00:00,88850.1,91549.6,88571.6,91509.0,19934.714
2025-11-20 00:00:00+00:00,91509.0,92783.0,91150.0,92421.6,13873.657
2025-11-20 04:00:00+00:00,92421.6,93150.0,91666.9,92295.5,13883.97
2025-11-20 08:00:00+00:00,92295.5,92380.0,91387.0,91879.1,9161.359
2025-11-20 12:00:00+00:00,91879.1,92500.0,89759.2,89809.3,29763.189
2025-11-20 16:00:00+00:00,89809.3,89878.0,86050.2,86877.7,56377.663
2025-11-20 20:00:00+00:00,86877.7,88211.0,86280.0,86583.0,19696.901
2025-11-21 00:00:00+00:00,86583.0,87460.0,85308.0,85780.0,22060.962
2025-11-21 04:00:00+00:00,85780.0,86300.0,81300.8,84000.1,46033.195
2025-11-21 08:00:00+00:00,84000.1,84669.7,81602.3,82284.7,39667.84
2025-11-21 12:00:00+00:00,82284.7,85469.2,80607.9,82896.8,62492.264
2025-11-21 16:00:00+00:00,82896.8,85535.7,82280.0,84164.6,35767.578
2025-11-21 20:00:00+00:00,84164.6,85373.0,83412.2,85097.1,16053.035
2025-11-22 00:00:00+00:00,85097.1,85592.2,84166.7,84400.6,8967.658
2025-11-22 04:00:00+00:00,84400.6,84767.1,83778.0,84544.0,7335.963
2025-11-22 08:00:00+00:00,84544.0,84544.0,83457.5,84061.2,9739.054
2025-11-22 12:00:00+00:00,84061.2,84725.6,83571.2,84253.0,10629.456
2025-11-22 16:00:00+00:00,84253.0,84888.0,84180.8,84572.0,4108.526
2025-11-22 20:00:00+00:00,84572.0,85242.0,84182.7,84701.5,5036.754
2025-11-23 00:00:00+00:00,84701.5,86300.0,84633.0,86267.2,10623.985
2025-11-23 04:00:00+00:00,86267.2,86850.0,85371.5,85732.4,11647.149
2025-11-23 08:00:00+00:00,85732.4,86440.5,85725.0,86297.3,7013.563
2025-11-23 12:00:00+00:00,86297.3,87203.9,86226.2,87029.6,11913.318
2025-11-23 16:00:00+00:00,87029.6,87635.9,86450.0,87279.9,13121.422
2025-11-23 20:00:00+00:00,87279.9,88082.9,86683.2,86802.8,14851.847
2025-11-24 00:00:00+00:00,86802.8,88026.3,85895.7,87406.4,20758.727
2025-11-24 04:00:00+00:00,87406.4,87798.1,86392.7,87010.8,13335.242
2025-11-24 08:00:00+00:00,87010.8,87010.8,85645.0,86228.9,14309.491
2025-11-24 12:00:00+00:00,86228.9,86739.9,85211.1,86576.3,28934.714
2025-11-24 16:00:00+00:00,86576.3,88767.1,86576.2,88278.8,25978.113
2025-11-24 20:00:00+00:00,88278.8,89172.2,88191.3,88240.1,10530.287
2025-11-25 00:00:00+00:00,88240.1,88247.1,87400.0,87759.7,10239.071
2025-11-25 04:00:00+00:00,87759.7,88496.0,87288.4,87359.7,9486.991
2025-11-25 08:00:00+00:00,87359.7,87577.0,86634.9,87306.8,11222.005
2025-11-25 12:00:00+00:00,87306.8,87737.3,86050.0,86949.0,24088.982
2025-11-25 16:00:00+00:00,86949.0,88126.5,86112.2,86837.3,19142.397
2025-11-25 20:00:00+00:00,86837.3,87856.4,86522.0,87315.5,11818.756
2025-11-26 00:00:00+00:00,87315.5,88200.0,87000.1,87069.2,10245.432
2025-11-26 04:00:00+00:00,87069.2,87943.5,86840.0,87900.0,8070.772
2025-11-26 08:00:00+00:00,87900.0,87911.4,86615.0,87047.2,9223.914
2025-11-26 12:00:00+00:00,87047.2,87668.9,86252.6,86937.3,16705.379
2025-11-26 16:00:00+00:00,86937.3,90385.6,86923.9,89926.7,26177.973
2025-11-26 20:00:00+00:00,89926.7,90649.9,89468.1,90427.0,9414.487
2025-11-27 00:00:00+00:00,90427.0,91848.8,90025.0,91037.0,15527.087
2025-11-27 04:00:00+00:00,91037.0,91499.0,90849.4,91362.0,6816.411
2025-11-27 08:00:00+00:00,91362.0,91902.7,91170.8,91334.7,8054.814
2025-11-27 12:00:00+00:00,91334.7,91416.0,90410.7,90908.0,12583.683
2025-11-27 16:00:00+00:00,90908.0,91800.0,90796.5,91484.4,9304.243
2025-11-27 20:00:00+00:00,91484.4,91566.5,91050.0,91284.2,4541.467
2025-11-28 00:00:00+00:00,91284.2,91378.8,90603.3,91161.7,6415.35
2025-11-28 04:00:00+00:00,91161.7,91683.6,90810.0,90851.9,7522.795
2025-11-28 08:00:00+00:00,90851.9,91977.6,90845.0,91371.6,11567.334
2025-11-28 12:00:00+00:00,91371.6,93081.0,91319.2,92315.7,23582.072
2025-11-28 16:00:00+00:00,92315.7,92345.0,90151.9,91100.8,20024.205
2025-11-28 20:00:00+00:00,91100.8,91179.0,90628.9,90845.7,5793.808
2025-11-29 00:00:00+00:00,90845.7,91071.3,90464.6,90626.4,3596.156
2025-11-29 04:00:00+00:00,90626.4,90895.5,90263.0,90516.6,4696.021
2025-11-29 08:00:00+00:00,90516.6,90691.0,90325.8,90630.0,3276.103
2025-11-29 12:00:00+00:00,90630.0,91089.0,90482.8,91033.6,4769.308
2025-11-29 16:00:00+00:00,91033.6,91128.9,90071.3,90603.3,8286.689
2025-11-29 20:00:00+00:00,90603.3,91033.8,90346.8,90766.9,4228.803
2025-11-30 00:00:00+00:00,90766.9,91031.8,90410.0,90881.6,3088.391
2025-11-30 04:00:00+00:00,90881.6,91000.0,90622.0,90922.3,2434.664
2025-11-30 08:00:00+00:00,90922.3,91590.0,90880.9,91002.7,7580.18
2025-11-30 12:00:00+00:00,91002.7,91963.7,90943.8,91398.4,7302.68
2025-11-30 16:00:00+00:00,91398.4,91818.8,91000.0,91412.7,4985.398
2025-11-30 20:00:00+00:00,91412.7,91609.1,90285.5,90308.6,8075.806
2025-12-01 00:00:00+00:00,90308.6,90374.4,86127.4,86322.2,37598.827
2025-12-01 04:00:00+00:00,86322.2,86517.8,85560.2,86491.9,14281.699
2025-12-01 08:00:00+00:00,86491.9,86888.0,86076.2,86087.8,9635.622
2025-12-01 12:00:00+00:00,86087.8,86639.6,83755.3,84641.3,40439.567
2025-12-01 16:00:00+00:00,84641.3,85540.5,83989.1,84975.9,22609.629
2025-12-01 20:00:00+00:00,84975.9,86834.2,84961.5,86244.1,17337.029
2025-12-02 00:00:00+00:00,86244.1,87325.1,86148.4,86938.9,13400.21
2025-12-02 04:00:00+00:00,86938.9,87237.6,86770.4,86963.1,5945.091
2025-12-02 08:00:00+00:00,86963.1,87662.4,86252.1,87325.4,14100.51
2025-12-02 12:00:00+00:00,87325.4,91176.5,87006.4,90780.8,36391.671
2025-12-02 16:00:00+00:00,90780.8,92298.9,90156.3,91855.2,24765.941
2025-12-02 20:00:00+00:00,91855.2,91960.0,90674.9,91241.7,13928.847
2025-12-03 00:00:00+00:00,91241.7,93040.2,90945.0,92582.8,14878.055
2025-12-03 04:00:00+00:00,92582.8,93931.1,92577.6,92979.9,19043.423
2025-12-03 08:00:00+00:00,92979.9,93348.7,92583.5,92960.6,9323.587
2025-12-03 12:00:00+00:00,92960.6,93685.3,91638.4,92337.8,30457.238
2025-12-03 16:00:00+00:00,92337.8,93512.0,91723.1,93000.6,17280.33
2025-12-03 20:00:00+00:00,93000.6,94189.4,92793.8,93390.1,12101.51
2025-12-04 00:00:00+00:00,93390.1,94058.1,92619.8,93500.1,11821.4
2025-12-04 04:00:00+00:00,93500.1,93550.0,92740.9,93356.1,6444.564
2025-12-04 08:00:00+00:00,93356.1,93595.9,92690.0,92893.5,6871.809
2025-12-04 12:00:00+00:00,92893.5,93240.2,91750.0,92920.5,17971.351
2025-12-04 16:00:00+00:00,92920.5,93149.9,90800.0,91934.3,20315.853
2025-12-04 20:00:00+00:00,91934.3,92681.2,91631.9,92031.8,11290.046
2025-12-05 00:00:00+00:00,92031.8,92658.3,91926.6,92106.0,5438.067
2025-12-05 04:00:00+00:00,92106.0,92457.6,91763.1,92224.4,6772.111
2025-12-05 08:00:00+00:00,92224.4,92225.4,90864.3,91304.7,11508.704
2025-12-05 12:00:00+00:00,91304.7,91470.4,89855.2,90405.6,26407.679
2025-12-05 16:00:00+00:00,90405.6,90462.2,88002.1,89596.4,34595.568
2025-12-05 20:00:00+00:00,89596.4,89706.2,88849.1,89273.7,8044.872
2025-12-06 00:00:00+00:00,89273.7,89749.0,88986.4,89633.0,4074.736
2025-12-06 04:00:00+00:00,89633.0,89717.7,89418.4,89549.0,3135.314
2025-12-06 08:00:00+00:00,89549.0,89688.8,89162.7,89583.2,4238.83
2025-12-06 12:00:00+00:00,89583.2,90234.6,89433.0,89717.6,7738.263
2025-12-06 16:00:00+00:00,89717.6,89937.5,89200.0,89363.7,5012.369
2025-12-06 20:00:00+00:00,89363.7,89572.8,88860.0,89185.4,4268.167
2025-12-07 00:00:00+00:00,89185.4,89717.7,89126.9,89679.4,2844.667
2025-12-07 04:00:00+00:00,89679.4,89750.0,89156.2,89331.6,3132.441
2025-12-07 08:00:00+00:00,89331.6,89496.2,89013.2,89099.9,4188.163
2025-12-07 12:00:00+00:00,89099.9,89675.0,87680.0,89510.2,20171.642
2025-12-07 16:00:00+00:00,89510.2,91726.2,89067.6,91392.9,19024.848
2025-12-07 20:00:00+00:00,91392.9,91477.0,88914.6,90335.4,17129.56
2025-12-08 00:00:00+00:00,90335.4,91666.2,89814.1,91035.6,10127.798
2025-12-08 04:00:00+00:00,91035.6,91845.6,90983.4,91526.0,5629.464
2025-12-08 08:00:00+00:00,91526.0,92261.9,91444.0,91930.0,6952.51
2025-12-08 12:00:00+00:00,91930.0,92090.0,89567.7,89907.4,24861.681
2025-12-08 16:00:00+00:00,89907.4,90473.0,89620.0,90075.8,12712.747
2025-12-08 20:00:00+00:00,90075.8,91333.0,90075.8,90598.0,8703.489
2025-12-09 00:00:00+00:00,90598.0,90807.6,89770.3,90369.8,6871.368
2025-12-09 04:00:00+00:00,90369.8,90499.6,89406.7,90459.5,9190.984
2025-12-09 08:00:00+00:00,90459.5,90581.5,89837.1,90340.8,6849.182
2025-12-09 12:00:00+00:00,90340.8,92859.3,89941.0,92670.4,21703.484
2025-12-09 16:00:00+00:00,92670.4,94550.0,92651.8,93761.7,29621.647
2025-12-09 20:00:00+00:00,93761.7,93815.1,92188.4,92636.1,13096.164
2025-12-10 00:00:00+00:00,92636.1,92745.7,91919.4,92363.0,7129.677
2025-12-10 04:00:00+00:00,92363.0,92771.3,92326.5,92747.5,4002.021
2025-12-10 08:00:00+00:00,92747.5,93292.1,91710.3,92084.0,10100.15
2025-12-10 12:00:00+00:00,92084.0,92209.6,91484.6,92020.3,9011.437
2025-12-10 16:00:00+00:00,92020.3,93233.2,91614.7,92921.2,25363.722
2025-12-10 20:00:00+00:00,92921.2,94457.8,91812.0,91971.7,21891.12
2025-12-11 00:00:00+00:00,91971.7,92057.2,89336.5,89829.1,18881.314
2025-12-11 04:00:00+00:00,89829.1,90440.0,89637.1,90232.8,7113.266
2025-12-11 08:00:00+00:00,90232.8,90519.0,89891.0,90197.8,5871.265
2025-12-11 12:00:00+00:00,90197.8,90638.0,89198.9,89827.5,19788.905
2025-12-11 16:00:00+00:00,89827.5,91510.2,89280.0,90791.1,18853.316
2025-12-11 20:00:00+00:00,90791.1,93544.9,90754.3,92483.7,21505.143
2025-12-12 00:00:00+00:00,92483.7,92730.0,91393.2,92236.4,9903.921
2025-12-12 04:00:00+00:00,92236.4,92688.0,92040.0,92386.3,5438.719
2025-12-12 08:00:00+00:00,92386.3,92600.0,92040.5,92374.3,4756.568
2025-12-12 12:00:00+00:00,92374.3,92630.4,89736.4,89879.9,24901.326
2025-12-12 16:00:00+00:00,89879.9,90631.8,89416.7,90153.5,20056.839
2025-12-12 20:00:00+00:00,90153.5,90381.8,89838.3,90230.9,4033.57
2025-12-13 00:00:00+00:00,90230.9,90428.5,90069.7,90300.0,2721.811
2025-12-13 04:00:00+00:00,90300.0,90372.9,90202.8,90289.6,1642.01
2025-12-13 08:00:00+00:00,90289.6,90589.8,90242.6,90305.5,3568.42
2025-12-13 12:00:00+00:00,90305.5,90460.9,89884.0,90050.9,5007.038
2025-12-13 16:00:00+00:00,90050.9,90239.5,89946.9,90150.0,2293.627
2025-12-13 20:00:00+00:00,90150.0,90236.2,89712.7,90186.4,3279.429
2025-12-14 00:00:00+00:00,90186.4,90440.7,90072.4,90218.0,2332.139
2025-12-14 04:00:00+00:00,90218.0,90296.3,90002.8,90204.2,2459.899
2025-12-14 08:00:00+00:00,90204.2,90246.5,88638.6,89305.1,12307.628
2025-12-14 12:00:00+00:00,89305.1,89618.4,88816.5,88977.0,8124.359
2025-12-14 16:00:00+00:00,88977.0,89359.6,88429.3,88597.5,7857.613
2025-12-14 20:00:00+00:00,88597.5,88777.0,87521.9,88116.0,11477.422
2025-12-15 00:00:00+00:00,88116.0,89986.0,88017.6,89241.4,11779.029
2025-12-15 04:00:00+00:00,89241.4,89888.9,89233.2,89709.8,6128.574
2025-12-15 08:00:00+00:00,89709.8,89950.0,89541.1,89619.9,5329.023
2025-12-15 12:00:00+00:00,89619.9,89845.0,86575.0,86989.4,34585.865
2025-12-15 16:00:00+00:00,86989.4,87186.9,85080.0,86108.4,30623.492
2025-12-15 20:00:00+00:00,86108.4,86428.5,85462.0,86391.7,11031.339
2025-12-16 00:00:00+00:00,86391.7,86480.0,85323.9,85835.9,8843.125
2025-12-16 04:00:00+00:00,85835.9,86585.7,85222.0,85959.1,9713.221
2025-12-16 08:00:00+00:00,85959.1,87300.0,85880.7,87220.9,9355.029
2025-12-16 12:00:00+00:00,87220.9,88149.6,86072.6,87933.5,32958.63
2025-12-16 16:00:00+00:00,87933.5,88025.2,87020.0,87535.5,14623.961
2025-12-16 20:00:00+00:00,87535.5,87896.2,87298.8,87821.3,4706.597
2025-12-17 00:00:00+00:00,87821.3,87930.5,87100.0,87173.9,6293.762
2025-12-17 04:00:00+00:00,87173.9,87348.3,86166.3,86999.9,12019.032
2025-12-17 08:00:00+00:00,86999.9,87100.0,86172.9,86946.9,8209.966
2025-12-17 12:00:00+00:00,86946.9,90341.0,86775.4,87185.2,47507.176
2025-12-17 16:00:00+00:00,87185.2,87739.4,85259.2,85976.9,31765.821
2025-12-17 20:00:00+00:00,85976.9,86425.5,85610.9,86197.3,8875.168
2025-12-18 00:00:00+00:00,86197.3,86846.5,85810.2,86594.5,9352.267
2025-12-18 04:00:00+00:00,86594.5,86880.9,86350.0,86794.0,5579.043
2025-12-18 08:00:00+00:00,86794.0,87424.1,86642.8,87255.8,6962.156
2025-12-18 12:00:00+00:00,87255.8,89483.5,87076.8,88484.3,38036.304
2025-12-18 16:00:00+00:00,88484.3,88519.4,84415.1,84433.1,41511.956
2025-12-18 20:00:00+00:00,84433.1,85816.1,84408.1,85470.1,17070.054
2025-12-19 00:00:00+00:00,85470.1,87536.5,85063.0,86853.2,15906.492
2025-12-19 04:00:00+00:00,86853.2,88362.4,86628.6,87913.9,13636.367
2025-12-19 08:00:00+00:00,87913.9,88355.3,87696.4,88168.4,8736.983
2025-12-19 12:00:00+00:00,88168.4,89381.0,87443.9,87906.4,27416.254
2025-12-19 16:00:00+00:00,87906.4,88855.6,86713.0,87800.5,20032.665
2025-12-19 20:00:00+00:00,87800.5,88441.2,87551.3,88101.1,7344.895
2025-12-20 00:00:00+00:00,88101.1,88299.6,87917.7,88167.2,2745.138
2025-12-20 04:00:00+00:00,88167.2,88539.9,88073.8,88238.1,3036.199
2025-12-20 08:00:00+00:00,88238.1,88396.2,88058.4,88232.5,2560.485
2025-12-20 12:00:00+00:00,88232.5,88307.3,87739.9,88133.9,4707.851
2025-12-20 16:00:00+00:00,88133.9,88391.2,88034.7,88180.1,1855.386
2025-12-20 20:00:00+00:00,88180.1,88417.3,88093.2,88314.8,2117.286
2025-12-21 00:00:00+00:00,88314.8,88394.0,87812.7,88039.5,3675.847
2025-12-21 04:00:00+00:00,88039.5,88160.0,87998.9,88130.6,1868.297
2025-12-21 08:00:00+00:00,88130.6,89046.3,88087.5,88567.2,7020.173
2025-12-21 12:00:00+00:00,88567.2,88888.3,87533.7,88024.9,13980.038
2025-12-21 16:00:00+00:00,88024.9,88598.9,87902.5,88450.7,5759.144
2025-12-21 20:00:00+00:00,88450.7,88783.1,88039.4,88629.0,3575.609
2025-12-22 00:00:00+00:00,88629.0,89606.8,87844.9,88739.2,14027.35
2025-12-22 04:00:00+00:00,88739.2,89170.0,88669.1,89132.5,4328.686
2025-12-22 08:00:00+00:00,89132.5,90110.9,89050.2,89900.9,13171.158
2025-12-22 12:00:00+00:00,89900.9,90588.8,89124.6,89687.7,20428.565
2025-12-22 16:00:00+00:00,89687.7,90091.3,87914.2,88002.1,14464.16
2025-12-22 20:00:00+00:00,88002.1,88784.3,87855.1,88578.3,8695.751
2025-12-23 00:00:00+00:00,88578.3,88896.0,87745.9,88127.2,8887.75
2025-12-23 04:00:00+00:00,88127.2,88401.1,86987.6,87522.7,11047.365
2025-12-23 08:00:00+00:00,87522.7,87847.2,87260.1,87810.1,5629.305
2025-12-23 12:00:00+00:00,87810.1,87930.0,86542.2,87410.2,18752.047
2025-12-23 16:00:00+00:00,87410.2,88250.0,87106.1,87708.6,18616.876
2025-12-23 20:00:00+00:00,87708.6,88345.8,87113.8,87444.0,9891.235
2025-12-24 00:00:00+00:00,87444.0,87800.0,86800.1,87299.8,7024.04
2025-12-24 04:00:00+00:00,87299.8,87428.2,86731.8,86864.0,5722.676
2025-12-24 08:00:00+00:00,86864.0,87328.8,86672.4,87159.1,4923.932
2025-12-24 12:00:00+00:00,87159.1,87444.0,86363.3,87011.9,14091.151
2025-12-24 16:00:00+00:00,87011.9,87662.5,86880.2,87530.0,8036.398
2025-12-24 20:00:00+00:00,87530.0,88032.9,87466.9,87636.3,4750.181
2025-12-25 00:00:00+00:00,87636.3,87943.6,87478.7,87806.8,2983.824
2025-12-25 04:00:00+00:00,87806.8,87832.0,87612.7,87799.9,1952.505
2025-12-25 08:00:00+00:00,87799.9,87864.0,87203.4,87484.8,5185.543
2025-12-25 12:00:00+00:00,87484.8,88565.5,87339.1,88339.1,8379.449
2025-12-25 16:00:00+00:00,88339.1,88458.6,87910.6,88114.1,5082.073
2025-12-25 20:00:00+00:00,88114.1,88137.8,86902.2,87178.1,9317.988
2025-12-26 00:00:00+00:00,87178.1,89404.9,86815.9,88796.4,18120.829
2025-12-26 04:00:00+00:00,88796.4,89539.0,88310.0,88440.0,9995.197
2025-12-26 08:00:00+00:00,88440.0,88890.0,88371.8,88500.9,5455.404
2025-12-26 12:00:00+00:00,88500.9,89069.0,86618.6,87101.2,23798.834
2025-12-26 16:00:00+00:00,87101.2,87546.0,86763.2,87453.0,8993.472
2025-12-26 20:00:00+00:00,87453.0,87749.0,87267.3,87328.8,3852.715
2025-12-27 00:00:00+00:00,87328.8,87491.2,87200.1,87471.0,1796.247
2025-12-27 04:00:00+00:00,87471.0,87670.0,87368.5,87492.1,1685.666
2025-12-27 08:00:00+00:00,87492.1,87635.2,87328.0,87434.0,2465.124
2025-12-27 12:00:00+00:00,87434.0,87558.0,87268.2,87518.4,1609.346
2025-12-27 16:00:00+00:00,87518.4,87550.6,87400.0,87526.6,1369.35
2025-12-27 20:00:00+00:00,87526.6,87958.0,87454.0,87835.6,3587.155
2025-12-28 00:00:00+00:00,87835.6,87935.0,87681.1,87700.0,2159.197
2025-12-28 04:00:00+00:00,87700.0,87807.6,87562.8,87711.1,2158.128
2025-12-28 08:00:00+00:00,87711.1,87982.6,87679.0,87850.0,2787.566
2025-12-28 12:00:00+00:00,87850.0,88064.0,87766.0,87798.9,2661.616
2025-12-28 16:00:00+00:00,87798.9,87901.0,87445.5,87487.9,3861.457
2025-12-28 20:00:00+00:00,87487.9,88041.1,87365.8,87909.9,3513.994
2025-12-29 00:00:00+00:00,87909.9,90150.0,87768.5,90100.1,17646.943
2025-12-29 04:00:00+00:00,90100.1,90422.0,89444.5,89582.8,11595.027
2025-12-29 08:00:00+00:00,89582.8,89788.0,87515.1,87525.5,17268.355
2025-12-29 12:00:00+00:00,87525.5,88148.8,86753.0,87641.3,22212.116
2025-12-29 16:00:00+00:00,87641.3,87962.2,87266.0,87323.5,6993.492
2025-12-29 20:00:00+00:00,87323.5,87567.3,87029.3,87184.6,4783.736
2025-12-30 00:00:00+00:00,87184.6,87379.4,86779.2,87328.7,6462.867
2025-12-30 04:00:00+00:00,87328.7,87564.5,87090.9,87441.5,3683.461
2025-12-30 08:00:00+00:00,87441.5,88200.0,87441.5,87867.1,10374.207
2025-12-30 12:00:00+00:00,87867.1,89127.0,87783.3,88969.2,19198.674
2025-12-30 16:00:00+00:00,88969.2,89373.0,87909.3,88190.1,15507.305
2025-12-30 20:00:00+00:00,88190.1,88553.2,87823.4,88458.0,5277.42
2025-12-31 00:00:00+00:00,88458.0,88849.3,88126.6,88425.0,5814.445
2025-12-31 04:00:00+00:00,88425.0,88613.4,88272.7,88575.4,2872.337
2025-12-31 08:00:00+00:00,88575.4,89059.8,88350.2,88976.2,5326.552
2025-12-31 12:00:00+00:00,88976.2,89194.3,87730.5,87911.8,14845.982
2025-12-31 16:00:00+00:00,87911.8,88012.8,87342.0,87500.0,11996.427
2025-12-31 20:00:00+00:00,87500.0,87842.0,87177.8,87594.9,4550.782
2026-01-01 00:00:00+00:00,87594.9,88054.0,87574.0,87822.0,3184.551
2026-01-01 04:00:00+00:00,87822.0,87829.4,87515.0,87586.5,2831.901
2026-01-01 08:00:00+00:00,87586.5,87991.4,87581.4,87980.5,3093.023
2026-01-01 12:00:00+00:00,87980.5,88098.6,87754.3,87992.1,3571.001
2026-01-01 16:00:00+00:00,87992.1,88499.0,87836.3,88356.3,5590.89
2026-01-01 20:00:00+00:00,88356.3,88891.9,88209.1,88810.1,5811.167
2026-01-02 00:00:00+00:00,88810.1,89100.0,88325.9,88919.8,7512.356
2026-01-02 04:00:00+00:00,88919.8,89061.8,88530.4,88838.9,4929.951
2026-01-02 08:00:00+00:00,88838.9,89946.0,88774.3,89468.5,12293.86
2026-01-02 12:00:00+00:00,89468.5,90100.0,88413.6,89361.0,24612.461
2026-01-02 16:00:00+00:00,89361.0,90958.5,89151.8,89857.0,25030.57
2026-01-02 20:00:00+00:00,89857.0,90370.6,89575.1,89953.8,5632.353
2026-01-03 00:00:00+00:00,89953.8,90360.0,89908.1,90284.2,2505.366
2026-01-03 04:00:00+00:00,90284.2,90447.8,89255.1,89525.0,6576.743
2026-01-03 08:00:00+00:00,89525.0,89946.1,89371.6,89706.6,4928.166
2026-01-03 12:00:00+00:00,89706.6,90200.0,89613.0,89934.3,4375.487
2026-01-03 16:00:00+00:00,89934.3,90187.8,89866.9,90093.0,2242.611
2026-01-03 20:00:00+00:00,90093.0,90706.4,89988.1,90599.9,4730.522
2026-01-04 00:00:00+00:00,90599.9,91586.4,90599.9,91184.2,9810.596
2026-01-04 04:00:00+00:00,91184.2,91775.6,91143.5,91493.7,6290.747
2026-01-04 08:00:00+00:00,91493.7,91583.6,91117.8,91258.7,4533.451
2026-01-04 12:00:00+00:00,91258.7,91379.5,90967.7,91283.8,4094.667
2026-01-04 16:00:00+00:00,91283.8,91403.4,90809.0,91086.5,5694.197
2026-01-04 20:00:00+00:00,91086.5,91550.6,91062.3,91490.7,3749.681
2026-01-05 00:00:00+00:00,91490.7,93396.0,91469.0,92841.5,20882.165
2026-01-05 04:00:00+00:00,92841.5,92926.3,92108.2,92487.0,7093.016
2026-01-05 08:00:00+00:00,92487.0,93129.9,92275.6,93103.6,7395.488
2026-01-05 12:00:00+00:00,93103.6,93996.4,92350.0,93905.0,20229.885
2026-01-05 16:00:00+00:00,93905.0,94482.4,93200.2,94246.2,17691.225
2026-01-05 20:00:00+00:00,94246.2,94749.9,93754.0,93825.5,10278.262
2026-01-06 00:00:00+00:00,93825.5,94116.4,93469.0,93715.8,7056.653
2026-01-06 04:00:00+00:00,93715.8,93961.0,93054.6,93207.7,6647.861
2026-01-06 08:00:00+00:00,93207.7,93862.9,93128.1,93814.7,5485.732
2026-01-06 12:00:00+00:00,93814.7,94405.0,93290.4,93597.9,16694.022
2026-01-06 16:00:00+00:00,93597.9,93727.0,91217.2,92077.3,28445.707
2026-01-06 20:00:00+00:00,92077.3,93841.0,92077.2,93714.6,17138.979
2026-01-07 00:00:00+00:00,93714.6,93714.6,92201.4,92779.9,10330.081
2026-01-07 04:00:00+00:00,92779.9,92889.0,92470.0,92845.2,4706.916
2026-01-07 08:00:00+00:00,92845.2,92935.4,91533.4,92051.0,12268.937
2026-01-07 12:00:00+00:00,92051.0,92259.1,90922.5,91309.4,22179.952
2026-01-07 16:00:00+00:00,91309.4,91772.0,90624.3,91156.6,17418.362
2026-01-07 20:00:00+00:00,91156.6,91450.0,90728.7,91332.0,7742.403
2026-01-08 00:00:00+00:00,91332.0,91641.4,90555.3,90760.1,8071.925
2026-01-08 04:00:00+00:00,90760.1,91147.9,89586.5,90489.9,15642.291
2026-01-08 08:00:00+00:00,90489.9,90720.1,89722.0,90189.0,10834.282
2026-01-08 12:00:00+00:00,90189.0,90794.7,89262.0,90737.8,20247.983
2026-01-08 16:00:00+00:00,90737.8,91433.0,90250.1,90895.5,14625.358
2026-01-08 20:00:00+00:00,90895.5,91471.4,90512.1,91061.9,6685.781
2026-01-09 00:00:00+00:00,91061.9,91597.3,90795.0,91197.0,6529.92
2026-01-09 04:00:00+00:00,91197.0,91212.2,90699.7,90708.8,4105.127
2026-01-09 08:00:00+00:00,90708.8,90821.9,89650.1,90413.9,13022.316
2026-01-09 12:00:00+00:00,90413.9,92001.6,89785.0,91146.1,25390.885
2026-01-09 16:00:00+00:00,91146.1,91747.8,90128.7,90280.0,14352.96
2026-01-09 20:00:00+00:00,90280.0,90695.0,90076.6,90608.4,5859.933
2026-01-10 00:00:00+00:00,90608.4,90758.0,90481.6,90592.1,2021.481
2026-01-10 04:00:00+00:00,90592.1,90650.0,90373.7,90643.7,1549.884
2026-01-10 08:00:00+00:00,90643.7,90812.1,90575.8,90691.5,2609.296
2026-01-10 12:00:00+00:00,90691.5,90754.9,90490.2,90623.0,2037.754
2026-01-10 16:00:00+00:00,90623.0,90734.7,90467.0,90590.6,1655.187
2026-01-10 20:00:00+00:00,90590.6,90618.5,90332.8,90479.6,1684.252
2026-01-11 00:00:00+00:00,90479.6,90709.6,90404.5,90701.3,1267.777
2026-01-11 04:00:00+00:00,90701.3,90838.5,90545.8,90677.7,1597.54
2026-01-11 08:00:00+00:00,90677.7,90780.9,90562.6,90715.6,1481.479
2026-01-11 12:00:00+00:00,90715.6,91174.1,90660.0,90835.4,4698.399
2026-01-11 16:00:00+00:00,90835.4,91254.5,90615.5,90642.8,3951.992
2026-01-11 20:00:00+00:00,90642.8,91000.0,90176.4,90962.6,7234.038
2026-01-12 00:00:00+00:00,90962.6,92500.0,90624.7,91773.0,15602.56
2026-01-12 04:00:00+00:00,91773.0,92250.0,91339.9,91363.1,6778.189
2026-01-12 08:00:00+00:00,91363.1,91592.7,90309.0,90572.2,12178.77
2026-01-12 12:00:00+00:00,90572.2,91650.0,90068.0,91634.2,17156.291
2026-01-12 16:00:00+00:00,91634.2,92300.0,90955.9,91820.9,19419.433
2026-01-12 20:00:00+00:00,91820.9,92018.3,90875.6,91248.7,6474.709
2026-01-13 00:00:00+00:00,91248.7,91517.8,91003.0,91380.8,5446.222
2026-01-13 04:00:00+00:00,91380.8,92248.0,91299.8,91920.0,9836.125
2026-01-13 08:00:00+00:00,91920.0,92660.0,91893.1,91964.5,9208.92
2026-01-13 12:00:00+00:00,91964.5,93415.0,91717.5,93414.9,24161.622
2026-01-13 16:00:00+00:00,93414.9,94210.0,93034.6,94180.0,18397.722
2026-01-13 20:00:00+00:00,94180.0,96654.0,94026.2,95389.5,29607.522
2026-01-14 00:00:00+00:00,95389.5,95680.0,95099.0,95675.6,7836.25
2026-01-14 04:00:00+00:00,95675.6,95774.6,94509.0,95189.0,10310.997
2026-01-14 08:00:00+00:00,95189.0,95317.5,94694.3,94760.3,5894.97
2026-01-14 12:00:00+00:00,94760.3,97090.1,94635.3,96708.6,24720.534
2026-01-14 16:00:00+00:00,96708.6,97750.2,96200.0,97216.4,25726.2
2026-01-14 20:00:00+00:00,97216.4,97963.2,96735.2,96900.0,11436.665
2026-01-15 00:00:00+00:00,96900.0,96948.3,95714.3,95933.0,9320.991
2026-01-15 04:00:00+00:00,95933.0,96714.2,95913.0,96597.1,6921.176
2026-01-15 08:00:00+00:00,96597.1,97174.5,96235.2,96530.9,7392.045
2026-01-15 12:00:00+00:00,96530.9,97113.1,95347.7,96694.8,20815.988
2026-01-15 16:00:00+00:00,96694.8,97034.9,95100.0,95458.6,16316.223
2026-01-15 20:00:00+00:00,95458.6,95835.0,95071.8,95559.9,6805.541
2026-01-16 00:00:00+00:00,95559.9,95818.2,95268.5,95296.6,4576.145
2026-01-16 04:00:00+00:00,95296.6,95800.0,95072.9,95621.6,5963.181
2026-01-16 08:00:00+00:00,95621.6,95819.0,95201.6,95377.5,4386.131
2026-01-16 12:00:00+00:00,95377.5,95767.4,94241.3,94544.4,17451.654
2026-01-16 16:00:00+00:00,94544.4,95206.5,94452.6,94967.4,8927.072
2026-01-16 20:00:00+00:00,94967.4,95557.6,94629.7,95504.9,5590.94
2026-01-17 00:00:00+00:00,95504.9,95553.6,95139.4,95319.1,2109.09
2026-01-17 04:00:00+00:00,95319.1,95341.3,94989.1,95053.4,1892.477
2026-01-17 08:00:00+00:00,95053.4,95269.0,94967.9,95269.0,1819.168
2026-01-17 12:00:00+00:00,95269.0,95653.3,95140.8,95530.0,3285.175
2026-01-17 16:00:00+00:00,95530.0,95530.0,95164.0,95247.2,2911.372
2026-01-17 20:00:00+00:00,95247.2,95378.9,94970.1,95103.0,2605.045
2026-01-18 00:00:00+00:00,95103.0,95198.6,94816.4,95154.6,3300.283
2026-01-18 04:00:00+00:00,95154.6,95220.0,94980.0,94988.0,1867.54
2026-01-18 08:00:00+00:00,94988.0,95269.0,94973.9,95137.8,2009.678
2026-01-18 12:00:00+00:00,95137.8,95339.9,94840.9,95060.0,3938.732
2026-01-18 16:00:00+00:00,95060.0,95480.0,95013.9,95328.2,2793.916
2026-01-18 20:00:00+00:00,95328.2,95490.5,93545.0,93624.6,12802.867
2026-01-19 00:00:00+00:00,93624.6,93624.6,91800.2,92636.7,25618.104
2026-01-19 04:00:00+00:00,92636.7,92814.5,92340.1,92780.1,4472.02
2026-01-19 08:00:00+00:00,92780.1,93314.0,92631.3,93144.7,7006.585
2026-01-19 12:00:00+00:00,93144.7,93190.1,92648.3,93010.1,6157.741
2026-01-19 16:00:00+00:00,93010.1,93377.0,92869.7,93050.7,5237.327
2026-01-19 20:00:00+00:00,93050.7,93299.9,92111.2,92584.3,7551.571
2026-01-20 00:00:00+00:00,92584.3,92847.1,92203.1,92396.4,5911.463
2026-01-20 04:00:00+00:00,92396.4,92435.6,90720.5,91124.9,20423.45
2026-01-20 08:00:00+00:00,91124.9,91415.9,90610.1,91177.3,8023.061
2026-01-20 12:00:00+00:00,91177.3,91339.0,89800.5,90635.2,23899.824
2026-01-20 16:00:00+00:00,90635.2,90920.0,89228.2,89680.8,17545.452
2026-01-20 20:00:00+00:00,89680.8,89826.0,87773.1,88379.9,18179.241
2026-01-21 00:00:00+00:00,88379.9,89560.0,88202.2,89382.6,7733.043
2026-01-21 04:00:00+00:00,89382.6,90099.6,89048.3,89175.0,7923.922
2026-01-21 08:00:00+00:00,89175.0,89452.7,88642.2,88750.9,6026.058
2026-01-21 12:00:00+00:00,88750.9,90542.2,88145.2,90235.2,26399.579
2026-01-21 16:00:00+00:00,90235.2,90440.3,87212.0,90329.5,38191.097
2026-01-21 20:00:00+00:00,90329.5,90361.5,89311.5,89410.1,12710.375
2026-01-22 00:00:00+00:00,89410.1,90337.9,89410.0,89849.5,7424.724
2026-01-22 04:00:00+00:00,89849.5,90174.1,89747.0,89772.6,4898.493
2026-01-22 08:00:00+00:00,89772.6,90100.0,89701.9,89895.0,3603.998
2026-01-22 12:00:00+00:00,89895.0,90296.8,88462.3,88945.4,21692.28
2026-01-22 16:00:00+00:00,88945.4,89883.9,88621.0,89730.9,12710.726
2026-01-22 20:00:00+00:00,89730.9,89909.2,89104.0,89511.7,5684.972
2026-01-23 00:00:00+00:00,89511.7,89946.0,89399.0,89896.0,3551.598
2026-01-23 04:00:00+00:00,89896.0,90062.7,89353.3,89483.2,4411.397
2026-01-23 08:00:00+00:00,89483.2,89582.2,88806.8,89168.3,6821.036
2026-01-23 12:00:00+00:00,89168.3,89822.8,88500.0,89707.1,13520.938
2026-01-23 16:00:00+00:00,89707.1,91180.0,89432.5,89936.6,22907.129
2026-01-23 20:00:00+00:00,89936.6,90113.7,89162.0,89551.7,5968.224
2026-01-24 00:00:00+00:00,89551.7,89883.4,89375.0,89724.4,1795.046
2026-01-24 04:00:00+00:00,89724.4,89810.1,89513.8,89570.1,1547.667
2026-01-24 08:00:00+00:00,89570.1,89650.0,89532.7,89545.3,1235.304
2026-01-24 12:00:00+00:00,89545.3,89550.0,89105.7,89236.1,3718.504
2026-01-24 16:00:00+00:00,89236.1,89432.9,89113.2,89281.7,2766.852
2026-01-24 20:00:00+00:00,89281.7,89455.7,89156.3,89177.1,1459.971
2026-01-25 00:00:00+00:00,89177.1,89271.8,88800.1,88915.5,2414.783
2026-01-25 04:00:00+00:00,88915.5,89074.5,88586.3,88620.0,3443.851
2026-01-25 08:00:00+00:00,88620.0,88726.9,88100.0,88522.8,5901.263
2026-01-25 12:00:00+00:00,88522.8,88937.4,88314.0,88407.9,5828.242
2026-01-25 16:00:00+00:00,88407.9,88417.3,86142.3,86453.1,26284.739
2026-01-25 20:00:00+00:00,86453.1,86997.7,86031.4,86625.6,14957.738
2026-01-26 00:00:00+00:00,86625.6,87929.7,86446.8,87241.2,10994.609
2026-01-26 04:00:00+00:00,87241.2,88043.4,87188.0,87964.3,5748.555
2026-01-26 08:00:00+00:00,87964.3,88355.0,87555.0,87816.0,6003.533
2026-01-26 12:00:00+00:00,87816.0,88843.9,87268.8,87598.9,17844.582
2026-01-26 16:00:00+00:00,87598.9,88524.2,86923.3,87969.1,13302.022
2026-01-26 20:00:00+00:00,87969.1,88631.2,87489.5,88305.1,6433.805
2026-01-27 00:00:00+00:00,88305.1,88893.3,88150.0,88740.0,5056.89
2026-01-27 04:00:00+00:00,88740.0,88977.7,88225.6,88282.8,4204.682
2026-01-27 08:00:00+00:00,88282.8,88364.6,87688.1,87937.0,6011.5
2026-01-27 12:00:00+00:00,87937.0,88400.0,87502.0,87990.6,10739.991
2026-01-27 16:00:00+00:00,87990.6,88786.4,87234.0,88373.1,18680.715
2026-01-27 20:00:00+00:00,88373.1,89499.8,88331.3,89202.3,14738.718
2026-01-28 00:00:00+00:00,89202.3,89460.4,88923.8,89080.0,4093.481
2026-01-28 04:00:00+00:00,89080.0,89366.3,88800.0,89105.0,4505.054
2026-01-28 08:00:00+00:00,89105.0,90132.0,88815.6,90039.7,10705.47
2026-01-28 12:00:00+00:00,90039.7,90455.7,88836.3,89439.8,18749.289
2026-01-28 16:00:00+00:00,89439.8,90597.0,88951.1,89350.5,20856.487
2026-01-28 20:00:00+00:00,89350.5,89864.1,88813.0,89261.7,8871.082
2026-01-29 00:00:00+00:00,89261.7,89312.7,87650.0,88012.2,12492.162
2026-01-29 04:00:00+00:00,88012.2,88389.8,87857.8,88314.5,4337.338
2026-01-29 08:00:00+00:00,88314.5,88458.8,87690.6,87786.0,8196.602
2026-01-29 12:00:00+00:00,87786.0,88142.7,84300.3,84891.6,34311.313
2026-01-29 16:00:00+00:00,84891.6,85595.7,83311.0,83967.6,36259.13
2026-01-29 20:00:00+00:00,83967.6,84703.2,83773.2,84599.8,7641.599
2026-01-30 00:00:00+00:00,84599.8,84692.3,81000.0,82628.9,34358.744
2026-01-30 04:00:00+00:00,82628.9,83297.9,82009.8,82755.3,13488.892
2026-01-30 08:00:00+00:00,82755.3,83263.5,82081.7,83103.7,10454.08
2026-01-30 12:00:00+00:00,83103.7,83771.2,82316.3,82838.7,19263.357
2026-01-30 16:00:00+00:00,82838.7,84635.7,81832.0,84210.7,27689.711
2026-01-30 20:00:00+00:00,84210.7,84481.5,83505.0,84222.5,11864.773
2026-01-31 00:00:00+00:00,84222.5,84254.3,83778.4,83990.6,3782.639
2026-01-31 04:00:00+00:00,83990.6,84116.4,83360.3,83506.1,4662.884
2026-01-31 08:00:00+00:00,83506.1,83599.1,82530.0,82978.6,7455.554
2026-01-31 12:00:00+00:00,82978.6,83113.3,80750.0,81255.2,22609.668
2026-01-31 16:00:00+00:00,81255.2,82264.5,75689.6,77719.1,79818.317
2026-01-31 20:00:00+00:00,77719.1,79239.7,77033.2,78704.4,22255.099
2026-02-01 00:00:00+00:00,78704.4,79388.5,78252.0,78829.7,8372.237
2026-02-01 04:00:00+00:00,78829.7,79074.3,77836.9,78315.5,8722.597
2026-02-01 08:00:00+00:00,78315.5,79187.0,78116.0,78715.1,7831.337
2026-02-01 12:00:00+00:00,78715.1,78734.5,76725.4,77564.3,20752.1
2026-02-01 16:00:00+00:00,77564.3,78409.1,76950.6,77143.8,13882.563
2026-02-01 20:00:00+00:00,77143.8,77770.7,75663.2,76938.5,26342.734
2026-02-02 00:00:00+00:00,76938.5,78177.9,74567.3,76268.9,30900.03
2026-02-02 04:00:00+00:00,76268.9,76932.9,74849.3,76606.1,22348.159
2026-02-02 08:00:00+00:00,76606.1,77939.0,76576.2,77727.2,13282.113
2026-02-02 12:00:00+00:00,77727.2,79388.0,77492.3,78794.9,26702.763
2026-02-02 16:00:00+00:00,78794.9,79245.4,78228.6,78290.1,12181.861
2026-02-02 20:00:00+00:00,78290.1,78951.1,77850.9,78693.9,7041.38
2026-02-03 00:00:00+00:00,78693.9,79177.7,77600.1,78709.6,9711.448
2026-02-03 04:00:00+00:00,78709.6,78967.5,77909.8,78755.2,6935.861
2026-02-03 08:00:00+00:00,78755.2,79040.0,77870.9,78034.7,9000.846
2026-02-03 12:00:00+00:00,78034.7,78417.2,77004.1,78097.1,20818.088
2026-02-03 16:00:00+00:00,78097.1,78106.3,72889.7,74889.3,64436.783
2026-02-03 20:00:00+00:00,74889.3,76913.8,74543.8,75723.2,25034.126
2026-02-04 00:00:00+00:00,75723.2,76991.2,75414.0,76673.0,12667.291
2026-02-04 04:00:00+00:00,76673.0,76812.2,76076.0,76484.2,5560.912
2026-02-04 08:00:00+00:00,76484.2,76578.8,75635.2,75998.9,10609.33
2026-02-04 12:00:00+00:00,75998.9,76244.9,73728.3,74094.8,31464.292
2026-02-04 16:00:00+00:00,74094.8,74213.5,72090.4,73894.6,46951.433
2026-02-04 20:00:00+00:00,73894.6,74136.0,71805.2,73130.3,21669.487
2026-02-05 00:00:00+00:00,73130.3,73312.1,71120.2,71189.1,25536.05
2026-02-05 04:00:00+00:00,71189.1,71600.0,70085.7,70716.4,27890.061
2026-02-05 08:00:00+00:00,70716.4,71936.3,69865.8,70287.8,24088.783
2026-02-05 12:00:00+00:00,70287.8,70866.3,66655.2,67450.8,69995.024
2026-02-05 16:00:00+00:00,67450.8,68668.8,65148.5,65232.2,57174.174
2026-02-05 20:00:00+00:00,65232.2,65675.0,62250.0,62872.7,81321.923
2026-02-06 00:00:00+00:00,62872.7,65972.8,59888.0,64138.7,79026.033
2026-02-06 04:00:00+00:00,64138.7,66799.9,63926.9,64813.6,32061.862
2026-02-06 08:00:00+00:00,64813.6,66730.0,64434.1,66588.8,19094.238
2026-02-06 12:00:00+00:00,66588.8,69151.4,66080.0,68578.9,37859.374
2026-02-06 16:00:00+00:00,68578.9,71479.8,68373.7,70689.8,45584.805
2026-02-06 20:00:00+00:00,70689.8,71719.9,69788.2,70532.3,17473.911
2026-02-07 00:00:00+00:00,70532.3,70880.0,69676.2,70879.1,10975.146
2026-02-07 04:00:00+00:00,70879.1,71653.2,67307.3,68066.4,33330.07
2026-02-07 08:00:00+00:00,68066.4,68783.7,67577.3,67946.2,14476.74
2026-02-07 12:00:00+00:00,67946.2,69972.1,67880.3,69116.4,25380.554
2026-02-07 16:00:00+00:00,69116.4,69950.0,68489.4,69338.2,22270.748
2026-02-07 20:00:00+00:00,69338.2,69691.0,68742.0,69248.2,5175.133
2026-02-08 00:00:00+00:00,69248.2,69675.1,68839.0,69062.5,4661.991
2026-02-08 04:00:00+00:00,69062.5,69691.3,68926.5,69663.7,4338.08
2026-02-08 08:00:00+00:00,69663.7,71184.0,69467.9,70953.3,17192.879
2026-02-08 12:00:00+00:00,70953.3,71524.7,70656.6,71153.0,11902.273
2026-02-08 16:00:00+00:00,71153.0,71494.9,70195.5,71387.8,9010.446
2026-02-08 20:00:00+00:00,71387.8,72254.1,69945.0,70289.8,16607.251
2026-02-09 00:00:00+00:00,70289.8,71418.4,70018.0,71265.3,10550.497
2026-02-09 04:00:00+00:00,71265.3,71314.3,70271.3,70387.1,7127.859
2026-02-09 08:00:00+00:00,70387.1,70581.8,68384.0,68900.0,20197.991
2026-02-09 12:00:00+00:00,68900.0,69843.6,68207.2,69533.0,19789.88
2026-02-09 16:00:00+00:00,69533.0,71065.5,69051.9,70933.4,19260.335
2026-02-09 20:00:00+00:00,70933.4,71119.9,69780.7,70110.8,9715.88
2026-02-10 00:00:00+00:00,70110.8,70508.8,69149.3,69470.5,10046.123
2026-02-10 04:00:00+00:00,69470.5,69874.9,68603.7,68885.9,10707.295
2026-02-10 08:00:00+00:00,68885.9,69385.2,68365.0,68486.5,8639.737
2026-02-10 12:00:00+00:00,68486.5,69552.7,67869.0,69251.0,25388.941
2026-02-10 16:00:00+00:00,69251.0,69982.2,68565.0,69028.3,14444.649
2026-02-10 20:00:00+00:00,69028.3,69100.0,68315.0,68804.3,6343.053
2026-02-11 00:00:00+00:00,68804.3,69265.8,67956.1,68151.3,9263.292
2026-02-11 04:00:00+00:00,68151.3,68290.0,66501.5,67000.1,21502.977
2026-02-11 08:00:00+00:00,67000.1,67089.9,66306.8,67023.7,11412.603
2026-02-11 12:00:00+00:00,67023.7,68812.6,65705.0,66485.2,46528.234
2026-02-11 16:00:00+00:00,66485.2,67837.7,65840.0,67552.4,21620.132
2026-02-11 20:00:00+00:00,67552.4,68329.0,66755.3,67044.5,11267.219
2026-02-12 00:00:00+00:00,67044.5,68019.9,67017.0,67554.5,9636.044
2026-02-12 04:00:00+00:00,67554.5,67668.4,66626.7,67183.3,7618.706
2026-02-12 08:00:00+00:00,67183.3,68271.4,66858.1,68049.0,10541.587
2026-02-12 12:00:00+00:00,68049.0,68396.0,66955.7,67100.9,21594.171
2026-02-12 16:00:00+00:00,67100.9,67205.6,65065.0,65759.9,38098.642
2026-02-12 20:00:00+00:00,65759.9,66459.2,65183.2,66244.8,10517.379
2026-02-13 00:00:00+00:00,66244.8,66793.4,65824.7,66532.4,9062.22
2026-02-13 04:00:00+00:00,66532.4,66650.9,65972.5,66185.1,7917.688
2026-02-13 08:00:00+00:00,66185.1,67199.9,66151.7,67136.0,8951.418
2026-02-13 12:00:00+00:00,67136.0,69292.2,66818.3,68653.0,35881.304
2026-02-13 16:00:00+00:00,68653.0,69450.0,68504.1,68898.8,16571.046
2026-02-13 20:00:00+00:00,68898.8,69053.5,68632.4,68819.2,6045.38
2026-02-14 00:00:00+00:00,68819.2,69118.0,68731.7,68938.7,3204.763
2026-02-14 04:00:00+00:00,68938.7,69316.0,68691.1,69185.0,3475.457
2026-02-14 08:00:00+00:00,69185.0,70550.0,69180.0,70470.4,12747.13
2026-02-14 12:00:00+00:00,70470.4,70507.0,69190.0,69756.4,15588.967
2026-02-14 16:00:00+00:00,69756.4,69900.0,69253.7,69847.8,4476.538
2026-02-14 20:00:00+00:00,69847.8,70240.0,69625.4,69790.1,5660.968
2026-02-15 00:00:00+00:00,69790.1,69976.9,69200.0,69926.9,6904.364
2026-02-15 04:00:00+00:00,69926.9,70899.5,69925.2,70786.6,9226.26
2026-02-15 08:00:00+00:00,70786.6,70937.0,70144.8,70265.9,6267.524
2026-02-15 12:00:00+00:00,70265.9,70388.4,68735.6,69060.9,16397.741
2026-02-15 16:00:00+00:00,69060.9,69080.0,68051.7,68263.0,15078.603
2026-02-15 20:00:00+00:00,68263.0,69055.0,68100.0,68800.0,6673.632
2026-02-16 00:00:00+00:00,68800.0,69040.0,68108.8,68389.3,5054.513
2026-02-16 04:00:00+00:00,68389.3,68875.0,68202.0,68554.6,5554.101
2026-02-16 08:00:00+00:00,68554.6,69029.2,68300.0,68777.0,6524.611
2026-02-16 12:00:00+00:00,68777.0,70099.1,67243.6,67505.6,30514.832
2026-02-16 16:00:00+00:00,67505.6,68211.3,67468.5,67878.2,8592.801
2026-02-16 20:00:00+00:00,67878.2,68968.8,67787.7,68863.8,7089.149
2026-02-17 00:00:00+00:00,68863.8,69228.5,68321.6,68440.9,7059.095
2026-02-17 04:00:00+00:00,68440.9,68677.7,67852.4,68350.0,6054.005
2026-02-17 08:00:00+00:00,68350.0,68447.7,67650.0,67822.8,6350.726
2026-02-17 12:00:00+00:00,67822.8,68340.2,66556.6,67361.0,24416.125
2026-02-17 16:00:00+00:00,67361.0,68217.9,66826.2,67768.4,23991.411
2026-02-17 20:00:00+00:00,67768.4,67930.8,67341.3,67474.9,5496.059
2026-02-18 00:00:00+00:00,67474.9,67677.4,66843.5,67591.4,5763.001
2026-02-18 04:00:00+00:00,67591.4,68200.0,67461.5,68080.3,5844.866
2026-02-18 08:00:00+00:00,68080.3,68440.0,67028.5,67330.2,11348.97
2026-02-18 12:00:00+00:00,67330.2,68326.7,66668.2,67666.7,19279.34
2026-02-18 16:00:00+00:00,67666.7,67679.7,65814.6,66138.1,20557.769
2026-02-18 20:00:00+00:00,66138.1,66514.1,66032.3,66426.0,6554.297
2026-02-19 00:00:00+00:00,66426.0,66982.5,66304.0,66952.6,5492.059
2026-02-19 04:00:00+00:00,66952.6,67307.9,66650.0,67179.4,6161.901
2026-02-19 08:00:00+00:00,67179.4,67179.4,66436.0,66462.4,7503.265
2026-02-19 12:00:00+00:00,66462.4,66722.7,65573.5,66378.2,23718.511
2026-02-19 16:00:00+00:00,66378.2,67187.1,65844.7,67028.6,16775.988
2026-02-19 20:00:00+00:00,67028.6,67167.6,66622.0,66982.1,5290.097
2026-02-20 00:00:00+00:00,66982.1,67494.7,66923.1,67332.0,6814.954
2026-02-20 04:00:00+00:00,67332.0,68000.0,67079.7,67802.9,9495.72
2026-02-20 08:00:00+00:00,67802.9,68299.9,67255.0,67299.9,11241.358
2026-02-20 12:00:00+00:00,67299.9,68079.9,66427.5,67553.4,35361.444
2026-02-20 16:00:00+00:00,67553.4,68017.7,66926.8,67623.3,23989.596
2026-02-20 20:00:00+00:00,67623.3,68211.0,67486.3,67989.2,5592.792
2026-02-21 00:00:00+00:00,67989.2,68075.7,67511.0,67647.1,3754.859
2026-02-21 04:00:00+00:00,67647.1,67900.0,67561.4,67822.9,2119.292
2026-02-21 08:00:00+00:00,67822.9,68293.1,67779.5,68070.0,4941.179
2026-02-21 12:00:00+00:00,68070.0,68687.1,67867.5,68570.5,7729.912
2026-02-21 16:00:00+00:00,68570.5,68646.7,68074.6,68521.8,7004.606
2026-02-21 20:00:00+00:00,68521.8,68579.0,67846.5,67934.5,6755.304
2026-02-22 00:00:00+00:00,67934.5,68186.4,67751.5,68010.0,4770.783
2026-02-22 04:00:00+00:00,68010.0,68149.5,67834.2,67974.0,3270.274
2026-02-22 08:00:00+00:00,67974.0,68224.4,67865.6,68184.9,2887.584
2026-02-22 12:00:00+00:00,68184.9,68200.0,67262.2,67656.0,11880.698
2026-02-22 16:00:00+00:00,67656.0,67690.0,67143.5,67386.0,4863.134
2026-02-22 20:00:00+00:00,67386.0,67722.0,67291.5,67610.5,3551.877
2026-02-23 00:00:00+00:00,67610.5,67652.2,64220.0,64895.1,35845.294
2026-02-23 04:00:00+00:00,64895.1,65979.5,64636.3,65916.7,11598.024
2026-02-23 08:00:00+00:00,65916.7,66574.8,65528.0,66166.4,12201.403
2026-02-23 12:00:00+00:00,66166.4,66497.9,65488.0,65620.5,17868.806
2026-02-23 16:00:00+00:00,65620.5,65691.0,64015.9,64262.9,29262.526
2026-02-23 20:00:00+00:00,64262.9,64985.2,63833.0,64615.3,12958.699
2026-02-24 00:00:00+00:00,64615.3,64979.7,63248.8,63557.3,27286.44
2026-02-24 04:00:00+00:00,63557.3,63598.6,62649.2,63152.8,18176.449
2026-02-24 08:00:00+00:00,63152.8,63401.6,62888.0,63191.1,8645.338
2026-02-24 12:00:00+00:00,63191.1,63999.0,62422.3,63944.3,25585.86
2026-02-24 16:00:00+00:00,63944.3,64710.8,63666.0,64402.0,19810.196
2026-02-24 20:00:00+00:00,64402.0,64564.0,63795.8,64032.5,7692.936
2026-02-25 00:00:00+00:00,64032.5,66298.1,63869.5,65371.1,26589.14
2026-02-25 04:00:00+00:00,65371.1,65668.7,64730.5,65010.5,14113.732
2026-02-25 08:00:00+00:00,65010.5,65668.6,64935.8,65399.8,8590.119
2026-02-25 12:00:00+00:00,65399.8,67550.0,65280.3,67367.2,32287.67
2026-02-25 16:00:00+00:00,67367.2,69545.1,67366.8,69008.6,40404.391
2026-02-25 20:00:00+00:00,69008.6,69989.8,67563.6,67958.3,26574.156
2026-02-26 00:00:00+00:00,67958.3,68697.3,67688.0,68192.9,13719.06
2026-02-26 04:00:00+00:00,68192.9,68841.7,67781.9,67805.5,9535.921
2026-02-26 08:00:00+00:00,67805.5,68710.0,67751.5,68016.2,9613.897
2026-02-26 12:00:00+00:00,68016.2,68270.4,66725.0,67357.5,24590.127
2026-02-26 16:00:00+00:00,67357.5,67888.0,66451.1,67555.0,24737.632
2026-02-26 20:00:00+00:00,67555.0,67800.0,67111.0,67447.5,8095.737
2026-02-27 00:00:00+00:00,67447.5,67679.4,66850.0,67569.9,8485.576
2026-02-27 04:00:00+00:00,67569.9,68185.6,67411.7,67642.9,9378.863
2026-02-27 08:00:00+00:00,67642.9,68126.9,65920.0,66082.6,19560.019
2026-02-27 12:00:00+00:00,66082.6,66309.0,65616.8,66070.0,19500.105
2026-02-27 16:00:00+00:00,66070.0,66096.6,65079.0,65364.6,16906.346
2026-02-27 20:00:00+00:00,65364.6,65926.8,64888.0,65833.4,9165.138
2026-02-28 00:00:00+00:00,65833.4,65993.4,65680.0,65757.5,4559.06
2026-02-28 04:00:00+00:00,65757.5,65790.2,62972.3,63787.6,33625.511
2026-02-28 08:00:00+00:00,63787.6,64289.9,63324.5,63814.2,17142.679
2026-02-28 12:00:00+00:00,63814.2,65330.0,63796.0,64802.0,24284.274
2026-02-28 16:00:00+00:00,64802.0,66638.0,64640.0,66316.4,20081.223
2026-02-28 20:00:00+00:00,66316.4,67739.5,66150.0,66939.6,19932.006
2026-03-01 00:00:00+00:00,66939.6,68183.2,65973.2,67477.7,20087.385
2026-03-01 04:00:00+00:00,67477.7,67588.6,66756.6,67121.5,8968.834
2026-03-01 08:00:00+00:00,67121.5,67276.9,66177.6,66443.5,9830.342
2026-03-01 12:00:00+00:00,66443.5,67336.7,66069.2,66813.9,14174.888
2026-03-01 16:00:00+00:00,66813.9,67100.0,65680.0,65925.6,18067.862
2026-03-01 20:00:00+00:00,65925.6,66464.6,65001.0,65746.9,19099.63
2026-03-02 00:00:00+00:00,65746.9,67078.9,65719.3,66796.1,13599.541
2026-03-02 04:00:00+00:00,66796.1,66974.0,65510.0,65977.6,10897.537
2026-03-02 08:00:00+00:00,65977.6,66711.9,65614.7,66333.0,11137.365
2026-03-02 12:00:00+00:00,66333.0,69570.0,65238.5,69096.9,43155.103
2026-03-02 16:00:00+00:00,69096.9,70066.0,68526.5,68930.7,26576.157
2026-03-02 20:00:00+00:00,68930.7,69500.0,68533.8,68799.9,11206.697
2026-03-03 00:00:00+00:00,68799.9,69222.0,68183.6,68353.5,8716.012
2026-03-03 04:00:00+00:00,68353.5,68537.5,67766.4,68141.9,10729.684
2026-03-03 08:00:00+00:00,68141.9,68281.0,66304.0,66999.3,22565.207
2026-03-03 12:00:00+00:00,66999.3,67950.0,66054.3,67703.4,29049.821
2026-03-03 16:00:00+00:00,67703.4,68967.8,67432.2,68405.9,30546.84
2026-03-03 20:00:00+00:00,68405.9,68849.2,67780.0,68299.5,11031.837
2026-03-04 00:00:00+00:00,68299.5,68880.0,67348.4,67697.1,12945.095
2026-03-04 04:00:00+00:00,67697.1,69624.2,67424.0,69460.2,16293.006
2026-03-04 08:00:00+00:00,69460.2,71872.3,69110.0,71080.1,36558.924
2026-03-04 12:00:00+00:00,71080.1,73450.1,70546.7,73351.1,39811.912
2026-03-04 16:00:00+00:00,73351.1,74021.8,72495.6,73576.4,24618.483
2026-03-04 20:00:00+00:00,73576.4,73672.9,72280.0,72640.4,13328.842
2026-03-05 00:00:00+00:00,72640.4,73250.0,72268.0,72460.1,11369.18
2026-03-05 04:00:00+00:00,72460.1,73068.9,71733.1,72025.6,15246.647
2026-03-05 08:00:00+00:00,72025.6,73537.9,71709.1,72878.8,16157.234
2026-03-05 12:00:00+00:00,72878.8,73035.0,71111.1,71622.8,29339.88
2026-03-05 16:00:00+00:00,71622.8,71628.7,70610.0,70883.5,22299.326
2026-03-05 20:00:00+00:00,70883.5,71536.6,70696.2,70847.6,9595.495
2026-03-06 00:00:00+00:00,70847.6,71384.5,70336.2,71038.7,9404.552
2026-03-06 04:00:00+00:00,71038.7,71158.2,70100.1,71035.1,13512.776
2026-03-06 08:00:00+00:00,71035.1,71044.0,70150.1,70183.7,8870.189
2026-03-06 12:00:00+00:00,70183.7,70299.0,68130.1,68461.0,40207.106
2026-03-06 16:00:00+00:00,68461.0,68766.2,67720.0,68091.2,17616.145
2026-03-06 20:00:00+00:00,68091.2,68405.3,67729.1,68075.5,8130.826
2026-03-07 00:00:00+00:00,68075.5,68536.8,68012.0,68058.2,4967.128
2026-03-07 04:00:00+00:00,68058.2,68119.3,67400.7,67804.8,8537.399
2026-03-07 08:00:00+00:00,67804.8,68212.7,67676.7,67972.3,5790.147
2026-03-07 12:00:00+00:00,67972.3,68071.4,67565.2,67841.4,6272.672
2026-03-07 16:00:00+00:00,67841.4,67917.9,66885.4,67044.1,8741.558
2026-03-07 20:00:00+00:00,67044.1,67449.3,67031.1,67227.1,5054.3
2026-03-08 00:00:00+00:00,67227.1,67449.4,66772.4,66972.2,6420.019
2026-03-08 04:00:00+00:00,66972.2,67432.9,66480.0,67274.9,8222.825
2026-03-08 08:00:00+00:00,67274.9,68167.7,67118.4,67479.2,11741.535
2026-03-08 12:00:00+00:00,67479.2,67629.4,66777.7,67176.7,11384.392
2026-03-08 16:00:00+00:00,67176.7,67435.0,66710.5,67297.6,8272.798
2026-03-08 20:00:00+00:00,67297.6,67487.7,65580.0,65943.8,21669.163
2026-03-09 00:00:00+00:00,65943.8,67672.3,65782.7,67171.4,17212.521
2026-03-09 04:00:00+00:00,67171.4,68038.7,66830.7,67506.5,16026.573
2026-03-09 08:00:00+00:00,67506.5,68431.5,67280.5,67724.0,14520.589
2026-03-09 12:00:00+00:00,67724.0,69444.4,67713.9,68820.0,27113.06
2026-03-09 16:00:00+00:00,68820.0,69500.0,68200.0,68944.8,17735.029
2026-03-09 20:00:00+00:00,68944.8,69118.8,68331.6,68390.7,7490.495
2026-03-10 00:00:00+00:00,68390.7,70600.0,68355.0,69392.6,20124.011
2026-03-10 04:00:00+00:00,69392.6,70539.9,69392.6,70385.8,12358.732
2026-03-10 08:00:00+00:00,70385.8,71300.0,70330.2,70560.3,18892.376
2026-03-10 12:00:00+00:00,70560.3,71762.8,69227.3,71311.0,39626.331
2026-03-10 16:00:00+00:00,71311.0,71687.0,69650.5,70003.3,21981.654
2026-03-10 20:00:00+00:00,70003.3,70374.0,69405.1,69907.5,10693.732
2026-03-11 00:00:00+00:00,69907.5,70162.3,69448.6,69515.7,7474.97
2026-03-11 04:00:00+00:00,69515.7,70239.0,69318.6,69621.6,11321.305
2026-03-11 08:00:00+00:00,69621.6,69765.0,69121.4,69136.1,8064.936
2026-03-11 12:00:00+00:00,69136.1,71067.5,68921.8,70200.0,41886.182
2026-03-11 16:00:00+00:00,70200.0,71300.0,70120.0,70606.6,18214.128
2026-03-11 20:00:00+00:00,70606.6,70900.0,70080.0,70150.8,6599.552
2026-03-12 00:00:00+00:00,70150.8,70319.1,69172.5,69395.7,10252.255
2026-03-12 04:00:00+00:00,69395.7,69829.8,69150.0,69786.6,7288.735
2026-03-12 08:00:00+00:00,69786.6,70772.4,69540.0,70389.3,15197.854
2026-03-12 12:00:00+00:00,70389.3,70638.9,69300.0,70287.7,26743.272
2026-03-12 16:00:00+00:00,70287.7,70533.9,69728.8,70394.3,14721.824
2026-03-12 20:00:00+00:00,70394.3,70737.8,69964.5,70482.0,9415.163
2026-03-13 00:00:00+00:00,70482.0,71996.9,70345.6,71370.5,20785.879
2026-03-13 04:00:00+00:00,71370.5,71647.7,71145.0,71591.3,7718.645
2026-03-13 08:00:00+00:00,71591.3,72551.8,71350.0,72194.4,17897.639
2026-03-13 12:00:00+00:00,72194.4,73869.8,71689.8,71788.3,41743.544
2026-03-13 16:00:00+00:00,71788.3,72217.8,70777.0,71133.2,25323.492
2026-03-13 20:00:00+00:00,71133.2,71468.0,70517.2,70884.0,11970.48
2026-03-14 00:00:00+00:00,70884.0,71133.0,70421.2,71037.8,6913.776
2026-03-14 04:00:00+00:00,71037.8,71263.8,70262.0,70558.5,7424.644
2026-03-14 08:00:00+00:00,70558.5,70754.8,70332.3,70699.4,4733.009
2026-03-14 12:00:00+00:00,70699.4,70900.0,70444.3,70545.6,5750.138
2026-03-14 16:00:00+00:00,70545.6,70704.3,70449.9,70663.1,2535.095
2026-03-14 20:00:00+00:00,70663.1,71226.9,70602.3,71178.0,4120.257
2026-03-15 00:00:00+00:00,71178.0,71600.0,70811.9,71319.6,6938.442
2026-03-15 04:00:00+00:00,71319.6,71820.0,71290.9,71427.0,6336.317
2026-03-15 08:00:00+00:00,71427.0,71912.3,71427.0,71806.1,5487.589
2026-03-15 12:00:00+00:00,71806.1,71806.2,71230.6,71447.5,7545.018
2026-03-15 16:00:00+00:00,71447.5,71963.6,71231.8,71514.6,7317.571
2026-03-15 20:00:00+00:00,71514.6,73217.2,71383.3,72777.5,21220.978
2026-03-16 00:00:00+00:00,72777.5,74297.5,72226.3,73548.3,19075.712
2026-03-16 04:00:00+00:00,73548.3,74488.2,73352.1,73426.9,16002.996
2026-03-16 08:00:00+00:00,73426.9,73826.2,72805.6,73515.0,12427.447
2026-03-16 12:00:00+00:00,73515.0,74499.8,72945.1,73232.9,25346.058
2026-03-16 16:00:00+00:00,73232.9,74398.3,73124.0,73931.9,14349.875
2026-03-16 20:00:00+00:00,73931.9,74900.0,73824.1,74854.7,15972.654
2026-03-17 00:00:00+00:00,74854.7,76053.9,74229.7,74434.7,24522.117
2026-03-17 04:00:00+00:00,74434.7,74657.5,73742.8,74219.9,13528.685
2026-03-17 08:00:00+00:00,74219.9,74436.6,73493.0,73996.1,12095.9
2026-03-17 12:00:00+00:00,73996.1,74876.6,73323.9,73877.5,21946.522
2026-03-17 16:00:00+00:00,73877.5,74780.9,73822.1,74469.5,10490.151
2026-03-17 20:00:00+00:00,74469.5,74777.9,73820.7,73861.6,8226.326
2026-03-18 00:00:00+00:00,73861.6,74640.2,73463.5,74417.6,7996.367
2026-03-18 04:00:00+00:00,74417.6,74457.9,73658.0,73845.0,6554.642
2026-03-18 08:00:00+00:00,73845.0,74249.9,72720.0,72902.3,14642.763
2026-03-18 12:00:00+00:00,72902.3,72938.1,70807.9,71440.4,39766.836
2026-03-18 16:00:00+00:00,71440.4,71967.6,70821.0,71027.0,18487.356
2026-03-18 20:00:00+00:00,71027.0,71396.9,70452.0,71213.7,11814.66
2026-03-19 00:00:00+00:00,71213.7,71588.2,70847.9,71174.1,6963.234
2026-03-19 04:00:00+00:00,71174.1,71174.1,69432.9,70155.6,17688.323
2026-03-19 08:00:00+00:00,70155.6,70525.6,69855.6,69921.2,9949.862
2026-03-19 12:00:00+00:00,69921.2,70136.0,68750.0,69376.9,33138.31
2026-03-19 16:00:00+00:00,69376.9,70591.0,69086.4,70241.2,16809.229
2026-03-19 20:00:00+00:00,70241.2,70707.2,69679.4,69881.8,10601.602
2026-03-20 00:00:00+00:00,69881.8,70793.2,69800.0,70697.8,7711.763
2026-03-20 04:00:00+00:00,70697.8,70933.0,70164.1,70815.2,10270.307
2026-03-20 08:00:00+00:00,70815.2,71343.9,70170.6,70443.9,16269.68
2026-03-20 12:00:00+00:00,70443.9,70648.0,69431.7,69833.4,24908.082
2026-03-20 16:00:00+00:00,69833.4,70163.2,69338.0,70152.2,14444.792
2026-03-20 20:00:00+00:00,70152.2,70892.8,69718.0,70476.1,10406.446
2026-03-21 00:00:00+00:00,70476.1,70800.0,70408.2,70640.2,3866.124
2026-03-21 04:00:00+00:00,70640.2,70850.0,70580.9,70684.3,3974.38
2026-03-21 08:00:00+00:00,70684.3,70724.8,70452.5,70610.3,3363.552
2026-03-21 12:00:00+00:00,70610.3,71068.0,70415.9,70591.5,6260.844
2026-03-21 16:00:00+00:00,70591.5,70623.8,70154.8,70358.6,6427.446
2026-03-21 20:00:00+00:00,70358.6,70477.0,68500.0,68870.5,11423.179
2026-03-22 00:00:00+00:00,68870.5,69557.3,68166.8,69304.1,14896.124
2026-03-22 04:00:00+00:00,69304.1,69487.3,68851.0,68884.0,5197.226
2026-03-22 08:00:00+00:00,68884.0,68954.5,68060.0,68181.5,9726.463
2026-03-22 12:00:00+00:00,68181.5,69042.4,68158.2,68817.5,10012.387
2026-03-22 16:00:00+00:00,68817.5,68859.6,68089.3,68160.5,6826.88
2026-03-22 20:00:00+00:00,68160.5,68478.1,67300.1,67828.1,16497.262
2026-03-23 00:00:00+00:00,67828.1,68570.0,67412.7,68050.0,11005.846
2026-03-23 04:00:00+00:00,68050.0,68885.3,67470.7,68304.0,14344.218
2026-03-23 08:00:00+00:00,68304.0,71487.0,67880.0,70094.5,46062.914
2026-03-23 12:00:00+00:00,70094.5,71788.0,69640.5,70092.1,37715.063
2026-03-23 16:00:00+00:00,70092.1,71224.1,70092.0,70639.5,17947.82
2026-03-23 20:00:00+00:00,70639.5,70991.6,70352.6,70865.0,6963.248
2026-03-24 00:00:00+00:00,70865.0,71072.4,70224.2,70505.2,7405.5
2026-03-24 04:00:00+00:00,70505.2,71393.8,70081.0,71269.9,12701.789
2026-03-24 08:00:00+00:00,71269.9,71349.9,70799.8,71122.8,9835.679
2026-03-24 12:00:00+00:00,71122.8,71156.9,69460.0,69830.1,27287.96
2026-03-24 16:00:00+00:00,69830.1,69986.3,68849.2,69336.6,20351.867
2026-03-24 20:00:00+00:00,69336.6,70823.1,69250.0,70518.3,20750.218
2026-03-25 00:00:00+00:00,70518.3,71021.6,70379.2,70688.9,8426.229
2026-03-25 04:00:00+00:00,70688.9,71323.5,70670.4,70904.3,10383.718
2026-03-25 08:00:00+00:00,70904.3,71984.8,70763.4,71644.6,15592.377
2026-03-25 12:00:00+00:00,71644.6,71930.0,70515.5,70788.4,25203.251
2026-03-25 16:00:00+00:00,70788.4,71731.0,70633.1,70850.0,14684.846
2026-03-25 20:00:00+00:00,70850.0,71630.4,70600.0,71304.3,6896.369
2026-03-26 00:00:00+00:00,71304.3,71420.9,70646.2,70876.8,5938.608
2026-03-26 04:00:00+00:00,70876.8,70884.9,69750.0,70052.7,13377.175
2026-03-26 08:00:00+00:00,70052.7,70117.0,69151.3,69237.0,14516.94
2026-03-26 12:00:00+00:00,69237.0,69846.2,68590.0,69056.0,21021.423
2026-03-26 16:00:00+00:00,69056.0,69136.0,68100.6,68505.8,14297.279
2026-03-26 20:00:00+00:00,68505.8,69506.0,68383.9,68793.4,15506.381
2026-03-27 00:00:00+00:00,68793.4,69150.0,68482.8,68738.9,6813.322
2026-03-27 04:00:00+00:00,68738.9,68935.3,68255.2,68500.8,10775.1
2026-03-27 08:00:00+00:00,68500.8,68594.0,66174.6,66667.9,29176.351
2026-03-27 12:00:00+00:00,66667.9,66745.8,65688.3,66086.0,26303.882
2026-03-27 16:00:00+00:00,66086.0,66300.3,65504.7,66015.6,18914.344
2026-03-27 20:00:00+00:00,66015.6,66396.7,65786.2,66374.7,6580.727
2026-03-28 00:00:00+00:00,66374.7,66493.6,65880.7,66197.4,6639.55
2026-03-28 04:00:00+00:00,66197.4,66541.4,66071.2,66529.4,3584.683
2026-03-28 08:00:00+00:00,66529.4,66534.8,66068.2,66288.1,4855.29
2026-03-28 12:00:00+00:00,66288.1,67287.8,66190.8,66983.9,12499.013
2026-03-28 16:00:00+00:00,66983.9,67072.0,66636.5,66879.9,5351.235
2026-03-28 20:00:00+00:00,66879.9,66979.2,66239.1,66345.4,6225.808
2026-03-29 00:00:00+00:00,66345.4,67113.3,66250.0,66879.3,5335.975
2026-03-29 04:00:00+00:00,66879.3,66909.7,66511.3,66625.7,3926.596
2026-03-29 08:00:00+00:00,66625.7,66979.9,66369.6,66774.2,5532.734
2026-03-29 12:00:00+00:00,66774.2,66845.0,66276.6,66499.3,7268.965
2026-03-29 16:00:00+00:00,66499.3,66639.4,66111.2,66320.5,5006.784
2026-03-29 20:00:00+00:00,66320.5,66765.9,64935.7,65990.7,20807.797
2026-03-30 00:00:00+00:00,65990.7,67442.5,65747.8,67143.6,20126.934
2026-03-30 04:00:00+00:00,67143.6,67802.3,67129.2,67595.0,10282.443
2026-03-30 08:00:00+00:00,67595.0,68000.0,67324.1,67649.5,10516.137
2026-03-30 12:00:00+00:00,67649.5,68199.9,67050.1,67602.7,20997.534
2026-03-30 16:00:00+00:00,67602.7,67626.2,66184.2,66512.2,16434.796
2026-03-30 20:00:00+00:00,66512.2,66961.0,66374.3,66767.3,6545.7
2026-03-31 00:00:00+00:00,66767.3,68397.1,66504.5,67677.8,16150.087
2026-03-31 04:00:00+00:00,67677.8,67865.6,67067.9,67344.9,9458.951
2026-03-31 08:00:00+00:00,67344.9,67475.7,65950.0,66649.7,21026.165
2026-03-31 12:00:00+00:00,66649.7,67744.7,66403.4,66710.0,26240.726
2026-03-31 16:00:00+00:00,66710.0,68599.9,66699.0,67802.9,23281.852
2026-03-31 20:00:00+00:00,67802.9,68400.0,67790.6,68244.6,8614.551
2026-04-01 00:00:00+00:00,68244.6,68333.0,67543.8,68134.9,10156.825
2026-04-01 04:00:00+00:00,68134.9,69301.0,67973.7,68662.3,18823.272
2026-04-01 08:00:00+00:00,68662.3,68858.8,68342.7,68674.7,9127.077
2026-04-01 12:00:00+00:00,68674.7,68933.0,67831.7,68879.5,18613.399
2026-04-01 16:00:00+00:00,68879.5,69164.4,67900.0,68140.7,13660.638
2026-04-01 20:00:00+00:00,68140.7,68498.3,67922.0,68086.0,5052.183
2026-04-02 00:00:00+00:00,68086.0,68645.7,66444.0,66540.0,24962.009
2026-04-02 04:00:00+00:00,66540.0,66900.0,66171.1,66889.0,10640.417
2026-04-02 08:00:00+00:00,66889.0,66889.1,66106.0,66176.4,9318.005
2026-04-02 12:00:00+00:00,66176.4,67081.1,65666.0,66814.9,23555.024
2026-04-02 16:00:00+00:00,66814.9,67403.9,66568.2,66946.3,14790.286
2026-04-02 20:00:00+00:00,66946.3,67089.8,66680.0,66870.9,4435.378
2026-04-03 00:00:00+00:00,66870.9,66976.3,66240.0,66544.4,7729.41
2026-04-03 04:00:00+00:00,66544.4,67230.0,66373.0,67011.9,8336.798
2026-04-03 08:00:00+00:00,67011.9,67273.3,66647.2,66987.7,7502.803
2026-04-03 12:00:00+00:00,66987.7,67344.9,66468.9,66809.1,12331.326
2026-04-03 16:00:00+00:00,66809.1,67046.2,66726.0,66859.2,4090.226
2026-04-03 20:00:00+00:00,66859.2,66946.0,66785.2,66932.7,2300.773
2026-04-04 00:00:00+00:00,66932.7,66945.5,66778.7,66799.6,1772.79
2026-04-04 04:00:00+00:00,66799.6,67022.1,66737.0,66980.5,2539.542
2026-04-04 08:00:00+00:00,66980.5,67199.9,66857.0,67136.5,3981.84
2026-04-04 12:00:00+00:00,67136.5,67543.0,66983.3,67352.4,6243.349
2026-04-04 16:00:00+00:00,67352.4,67526.0,67215.3,67262.2,4133.352
2026-04-04 20:00:00+00:00,67262.2,67445.9,67125.1,67266.7,2685.45
2026-04-05 00:00:00+00:00,67266.7,67274.4,66905.1,67110.0,3179.49
2026-04-05 04:00:00+00:00,67110.0,67159.0,66567.0,66780.5,5556.071
2026-04-05 08:00:00+00:00,66780.5,67115.9,66774.6,66972.7,3271.901
2026-04-05 12:00:00+00:00,66972.7,67828.6,66638.0,67268.6,12945.949
2026-04-05 16:00:00+00:00,67268.6,67551.9,67142.7,67331.8,4653.402
2026-04-05 20:00:00+00:00,67331.8,69115.9,67298.4,69002.4,18542.304
2026-04-06 00:00:00+00:00,69002.4,69564.0,68733.6,69099.7,13577.66
2026-04-06 04:00:00+00:00,69099.7,69322.9,68769.3,69085.1,6333.582
2026-04-06 08:00:00+00:00,69085.1,70250.0,69043.7,69584.3,13805.275
2026-04-06 12:00:00+00:00,69584.3,69939.5,69120.0,69925.8,15930.849
2026-04-06 16:00:00+00:00,69925.8,70351.7,69226.3,69700.5,16609.209
2026-04-06 20:00:00+00:00,69700.5,69950.0,68272.0,68807.5,14241.561
2026-04-07 00:00:00+00:00,68807.5,69087.5,68224.7,68741.3,8944.256
2026-04-07 04:00:00+00:00,68741.3,68944.0,68404.0,68582.5,5513.145
2026-04-07 08:00:00+00:00,68582.5,69224.3,68015.1,68299.9,15708.839
2026-04-07 12:00:00+00:00,68299.9,68641.4,67679.0,68132.6,17738.872
2026-04-07 16:00:00+00:00,68132.6,69089.5,68037.0,68976.5,15645.266
2026-04-07 20:00:00+00:00,68976.5,72766.4,68976.5,71894.6,53389.02
2026-04-08 00:00:00+00:00,71894.6,72107.0,71201.1,71255.1,13161.012
2026-04-08 04:00:00+00:00,71255.1,71928.3,71244.1,71612.6,7701.189
2026-04-08 08:00:00+00:00,71612.6,71953.2,71341.3,71650.0,7180.388
2026-04-08 12:00:00+00:00,71650.0,72850.0,70666.4,71270.6,34729.535
2026-04-08 16:00:00+00:00,71270.6,71966.5,70976.8,71283.5,18657.16
2026-04-08 20:00:00+00:00,71283.5,71733.9,70870.0,71033.2,8724.588
2026-04-09 00:00:00+00:00,71033.2,71163.6,70417.2,70958.9,11701.764
2026-04-09 04:00:00+00:00,70958.9,71080.0,70662.5,70950.9,6905.711
2026-04-09 08:00:00+00:00,70950.9,71582.7,70829.1,71120.0,11391.464
2026-04-09 12:00:00+00:00,71120.0,72338.4,70478.4,72118.3,27726.583
2026-04-09 16:00:00+00:00,72118.3,72541.1,71695.5,72053.4,22473.581
2026-04-09 20:00:00+00:00,72053.4,73141.6,71560.0,71755.0,22815.51
2026-04-10 00:00:00+00:00,71755.0,72366.5,71550.2,71841.4,9011.374
2026-04-10 04:00:00+00:00,71841.4,72250.0,71377.6,71459.3,7194.428
2026-04-10 08:00:00+00:00,71459.3,72236.4,71394.5,72097.2,7064.473
2026-04-10 12:00:00+00:00,72097.2,73268.0,71877.0,72429.7,24746.061
2026-04-10 16:00:00+00:00,72429.7,73238.8,72352.2,73203.7,12496.303
2026-04-10 20:00:00+00:00,73203.7,73454.9,72664.1,72920.0,10785.548
2026-04-11 00:00:00+00:00,72920.0,73063.0,72623.9,72831.6,4011.072
2026-04-11 04:00:00+00:00,72831.6,72923.0,72571.4,72715.8,4194.301
2026-04-11 08:00:00+00:00,72715.8,72887.1,72580.9,72871.5,3560.012
2026-04-11 12:00:00+00:00,72871.5,72957.5,72481.3,72823.2,5550.234
2026-04-11 16:00:00+00:00,72823.2,73800.0,72780.0,73658.9,11916.377
2026-04-11 20:00:00+00:00,73658.9,73671.3,72859.6,73011.6,7573.017
2026-04-12 00:00:00+00:00,73011.6,73104.0,71267.8,71561.6,19217.477
2026-04-12 04:00:00+00:00,71561.6,71749.9,71380.1,71635.0,5001.208
2026-04-12 08:00:00+00:00,71635.0,71740.0,71309.4,71426.7,4397.365
2026-04-12 12:00:00+00:00,71426.7,71466.6,70567.0,70848.5,16040.716
2026-04-12 16:00:00+00:00,70848.5,71200.0,70777.0,71049.3,5344.796
2026-04-12 20:00:00+00:00,71049.3,71418.5,70450.0,70715.0,12234.28
2026-04-13 00:00:00+00:00,70715.0,71247.8,70580.6,70947.1,5498.093
2026-04-13 04:00:00+00:00,70947.1,71128.5,70628.0,70776.0,5343.015
2026-04-13 08:00:00+00:00,70776.0,70954.2,70523.4,70889.0,6454.623
2026-04-13 12:00:00+00:00,70889.0,72421.6,70724.3,71826.1,28145.342
2026-04-13 16:00:00+00:00,71826.1,73447.3,71626.8,73275.6,25576.684
2026-04-13 20:00:00+00:00,73275.6,74868.2,72967.5,74383.7,23450.093
2026-04-14 00:00:00+00:00,74383.7,74565.0,73932.0,74413.4,8037.636
2026-04-14 04:00:00+00:00,74413.4,74932.4,74128.6,74527.2,7927.221
2026-04-14 08:00:00+00:00,74527.2,74900.0,74270.6,74342.2,7512.764
2026-04-14 12:00:00+00:00,74342.2,76010.3,74226.9,75272.3,32624.012
2026-04-14 16:00:00+00:00,75272.3,75649.0,73783.7,74170.3,20955.724
2026-04-14 20:00:00+00:00,74170.3,74395.0,73754.5,74092.2,9330.256
2026-04-15 00:00:00+00:00,74092.2,74765.6,74070.8,74299.9,8342.986
2026-04-15 04:00:00+00:00,74299.9,74398.4,73455.5,73701.9,9548.071
2026-04-15 08:00:00+00:00,73701.9,74222.0,73630.1,74158.0,9054.195
2026-04-15 12:00:00+00:00,74158.0,74474.6,73519.0,73798.3,18675.511
2026-04-15 16:00:00+00:00,73798.3,75246.7,73714.4,74960.3,13662.405
2026-04-15 20:00:00+00:00,74960.3,75396.0,74456.9,74778.3,10313.134
2026-04-16 00:00:00+00:00,74778.3,75225.0,74381.1,74847.0,7547.73
2026-04-16 04:00:00+00:00,74847.0,75136.2,74578.0,74668.9,5384.691
2026-04-16 08:00:00+00:00,74668.9,74865.0,74229.0,74524.9,10510.587
2026-04-16 12:00:00+00:00,74524.9,74976.9,73235.8,74657.0,27700.107
2026-04-16 16:00:00+00:00,74657.0,75388.0,73837.6,75317.4,19301.882
2026-04-16 20:00:00+00:00,75317.4,75506.2,74755.1,75105.6,7420.321
2026-04-17 00:00:00+00:00,75105.6,75116.8,74480.2,74569.1,7163.782
2026-04-17 04:00:00+00:00,74569.1,75066.2,74491.6,75047.1,7185.14
2026-04-17 08:00:00+00:00,75047.1,76333.0,74952.0,75553.4,20621.872
2026-04-17 12:00:00+00:00,75553.4,78043.4,75486.2,77736.7,43270.941
2026-04-17 16:00:00+00:00,77736.7,78332.6,76900.0,77350.2,17102.038
2026-04-17 20:00:00+00:00,77350.2,77570.9,76837.8,77018.5,6128.785
2026-04-18 00:00:00+00:00,77018.5,77379.9,76904.4,76964.3,5829.13
2026-04-18 04:00:00+00:00,76964.3,77232.8,76825.0,76955.9,3584.3
2026-04-18 08:00:00+00:00,76955.9,77011.0,75702.1,75993.2,14172.253
2026-04-18 12:00:00+00:00,75993.2,76384.4,75728.1,76120.7,7903.497
2026-04-18 16:00:00+00:00,76120.7,76174.4,75380.0,75605.0,8675.903
2026-04-18 20:00:00+00:00,75605.0,75868.1,75547.5,75650.0,3372.012
2026-04-19 00:00:00+00:00,75650.0,75809.7,75302.8,75477.4,4132.467
2026-04-19 04:00:00+00:00,75477.4,75748.7,74810.3,75209.0,8327.205
2026-04-19 08:00:00+00:00,75209.0,75619.0,74881.2,75564.6,7431.655
2026-04-19 12:00:00+00:00,75564.6,76211.8,75338.6,75813.4,11547.329
2026-04-19 16:00:00+00:00,75813.4,75822.0,74550.0,74919.0,12035.724
2026-04-19 20:00:00+00:00,74919.0,74921.4,73700.1,73765.8,13915.545
2026-04-20 00:00:00+00:00,73765.8,74700.0,73653.6,74598.8,9157.009
2026-04-20 04:00:00+00:00,74598.8,75544.5,74057.3,74785.8,13634.676
2026-04-20 08:00:00+00:00,74785.8,75371.4,74564.6,75153.2,8347.259
2026-04-20 12:00:00+00:00,75153.2,75759.0,74655.0,75667.3,21127.744
2026-04-20 16:00:00+00:00,75667.3,76444.8,75241.9,76246.5,13363.215
2026-04-20 20:00:00+00:00,76246.5,76528.2,75562.9,75789.1,6914.074
2026-04-21 00:00:00+00:00,75789.1,76234.5,75440.0,75667.4,8168.478
2026-04-21 04:00:00+00:00,75667.4,76283.3,75556.1,76056.0,5906.823
2026-04-21 08:00:00+00:00,76056.0,76934.1,76024.4,76415.4,11321.845
2026-04-21 12:00:00+00:00,76415.4,76559.6,75359.7,75791.0,19869.514
2026-04-21 16:00:00+00:00,75791.0,76147.4,74769.6,74984.9,17143.725
2026-04-21 20:00:00+00:00,74984.9,76396.8,74940.0,76294.8,10570.567
2026-04-22 00:00:00+00:00,76294.8,77700.0,76100.0,77492.0,18956.597
2026-04-22 04:00:00+00:00,77492.0,78432.0,77320.0,77976.0,15594.06
2026-04-22 08:00:00+00:00,77976.0,78406.5,77886.7,78264.6,8737.398
2026-04-22 12:00:00+00:00,78264.6,79387.8,78056.4,79224.1,23447.535
2026-04-22 16:00:00+00:00,79224.1,79423.5,78577.7,78794.2,10837.235
2026-04-22 20:00:00+00:00,78794.2,78877.6,78110.0,78139.5,7001.451
2026-04-23 00:00:00+00:00,78139.5,78548.1,77407.9,77699.4,14990.485
2026-04-23 04:00:00+00:00,77699.4,78310.0,77625.5,78018.0,9459.013
2026-04-23 08:00:00+00:00,78018.0,78144.6,77114.5,77650.2,12303.656
2026-04-23 12:00:00+00:00,77650.2,78633.0,77347.8,78339.3,17553.502
2026-04-23 16:00:00+00:00,78339.3,78479.0,76900.0,77671.8,27371.226
2026-04-23 20:00:00+00:00,77671.8,78297.0,77603.6,78214.3,6164.314
2026-04-24 00:00:00+00:00,78214.3,78537.0,77508.3,77700.1,8412.76
2026-04-24 04:00:00+00:00,77700.1,78017.7,77416.0,77627.1,7278.924
2026-04-24 08:00:00+00:00,77627.1,78357.5,77358.9,78200.0,12503.454
2026-04-24 12:00:00+00:00,78200.0,78430.2,77495.0,78004.2,20352.919
2026-04-24 16:00:00+00:00,78004.2,78022.8,77311.9,77589.4,9777.81
2026-04-24 20:00:00+00:00,77589.4,77729.1,77200.0,77404.9,4480.576
2026-04-25 00:00:00+00:00,77404.9,77668.1,77234.3,77630.1,2341.342
2026-04-25 04:00:00+00:00,77630.1,77655.5,77402.2,77457.4,2214.098
2026-04-25 08:00:00+00:00,77457.4,77847.6,77447.1,77647.5,3390.825
2026-04-25 12:00:00+00:00,77647.5,77717.9,77256.6,77287.0,3351.906
2026-04-25 16:00:00+00:00,77287.0,77415.7,77090.2,77278.8,4605.655
2026-04-25 20:00:00+00:00,77278.8,77634.2,77263.3,77591.4,3173.292
2026-04-26 00:00:00+00:00,77591.4,77610.5,77284.7,77356.1,2146.692
2026-04-26 04:00:00+00:00,77356.1,78179.9,77336.7,78069.3,7179.675
2026-04-26 08:00:00+00:00,78069.3,78176.0,77880.6,78052.4,3288.293
2026-04-26 12:00:00+00:00,78052.4,78150.0,77689.8,78010.6,6345.169
2026-04-26 16:00:00+00:00,78010.6,78483.4,77794.3,78182.9,6630.18
2026-04-26 20:00:00+00:00,78182.9,78942.3,77777.2,78622.1,18877.358
2026-04-27 00:00:00+00:00,78622.1,79457.4,78338.7,79069.9,14191.678
2026-04-27 04:00:00+00:00,79069.9,79152.5,77424.0,77558.2,17698.134
2026-04-27 08:00:00+00:00,77558.2,77950.0,77503.6,77794.8,5993.868
2026-04-27 12:00:00+00:00,77794.8,78244.4,76512.0,76755.6,23515.352
2026-04-27 16:00:00+00:00,76755.6,76900.0,76415.8,76849.2,9162.489
2026-04-27 20:00:00+00:00,76849.2,77415.6,76720.0,77328.7,5175.255
2026-04-28 00:00:00+00:00,77328.7,77448.2,76597.0,76765.5,8659.5
2026-04-28 04:00:00+00:00,76765.5,77118.8,76323.0,76826.7,8275.734
2026-04-28 08:00:00+00:00,76826.7,76955.6,76071.3,76193.3,7626.333
2026-04-28 12:00:00+00:00,76193.3,76395.4,75620.9,76024.0,14143.817
2026-04-28 16:00:00+00:00,76024.0,76347.4,75838.0,76285.9,6829.078
2026-04-28 20:00:00+00:00,76285.9,76442.1,76136.1,76300.0,3962.13
2026-04-29 00:00:00+00:00,76300.0,77093.9,76140.2,76954.7,7195.381
2026-04-29 04:00:00+00:00,76954.7,77420.0,76844.7,77001.9,9149.151
2026-04-29 08:00:00+00:00,77001.9,77860.0,76911.1,77544.0,12411.549
2026-04-29 12:00:00+00:00,77544.0,77551.5,75661.7,75888.3,20313.313
2026-04-29 16:00:00+00:00,75888.3,76248.6,74900.0,75517.0,22091.026
2026-04-29 20:00:00+00:00,75517.0,76060.7,75445.4,75750.0,6383.604
2026-04-30 00:00:00+00:00,75750.0,76429.1,75431.7,75882.6,9767.697
2026-04-30 04:00:00+00:00,75882.6,76146.0,75272.9,76128.4,7170.374
2026-04-30 08:00:00+00:00,76128.4,76323.5,75805.3,76032.0,7018.085
2026-04-30 12:00:00+00:00,76032.0,76644.3,76003.7,76422.1,11414.04
2026-04-30 16:00:00+00:00,76422.1,76480.0,76065.0,76360.4,5295.253
2026-04-30 20:00:00+00:00,76360.4,76547.3,76141.1,76301.0,3904.778
2026-05-01 00:00:00+00:00,76301.0,77429.4,76269.5,77078.9,9179.024
2026-05-01 04:00:00+00:00,77078.9,77169.7,76835.3,77102.0,5337.53
2026-05-01 08:00:00+00:00,77102.0,77580.0,77005.8,77420.1,7988.033
2026-05-01 12:00:00+00:00,77420.1,78900.0,77355.6,78399.2,25667.99
2026-05-01 16:00:00+00:00,78399.2,78649.0,78080.0,78311.1,7577.327
2026-05-01 20:00:00+00:00,78311.1,78382.3,77703.0,78189.3,5900.416
2026-05-02 00:00:00+00:00,78189.3,78493.9,78110.4,78371.6,2992.667
2026-05-02 04:00:00+00:00,78371.6,78439.1,77992.6,78187.1,3911.031
2026-05-02 08:00:00+00:00,78187.1,78363.7,78050.0,78105.9,2665.032
2026-05-02 12:00:00+00:00,78105.9,78450.0,78065.1,78450.0,2790.05
2026-05-02 16:00:00+00:00,78450.0,78569.0,78265.3,78445.8,2324.61
2026-05-02 20:00:00+00:00,78445.8,79182.5,78367.0,78655.1,6686.433
2026-05-03 00:00:00+00:00,78655.1,78728.3,78060.7,78156.9,4761.623
2026-05-03 04:00:00+00:00,78156.9,78433.1,78025.0,78320.1,3733.779
2026-05-03 08:00:00+00:00,78320.1,78820.3,78307.6,78631.2,5001.7
2026-05-03 12:00:00+00:00,78631.2,78861.6,78550.2,78631.5,4406.936
2026-05-03 16:00:00+00:00,78631.5,78820.0,78522.6,78733.5,2746.633
2026-05-03 20:00:00+00:00,78733.5,79421.0,78444.0,78529.9,13518.478
2026-05-04 00:00:00+00:00,78529.9,80433.0,78220.0,80279.5,27049.875
2026-05-04 04:00:00+00:00,80279.5,80600.9,79455.0,79662.5,11153.646
2026-05-04 08:00:00+00:00,79662.5,79886.9,78170.4,78753.7,22762.754
2026-05-04 12:00:00+00:00,78753.7,80507.0,78430.5,79983.5,25767.175
2026-05-04 16:00:00+00:00,79983.5,80742.2,79567.9,80007.2,13775.701
2026-05-04 20:00:00+00:00,80007.2,80360.0,79705.7,79818.9,4427.571
2026-05-05 00:00:00+00:00,79818.9,81064.0,79752.5,80839.0,10204.926
2026-05-05 04:00:00+00:00,80839.0,81300.0,80675.0,80821.9,9534.294
2026-05-05 08:00:00+00:00,80821.9,81084.6,80474.4,80972.9,7224.643
2026-05-05 12:00:00+00:00,80972.9,81694.6,80876.8,81490.6,18056.108
2026-05-05 16:00:00+00:00,81490.6,81643.3,81005.0,81553.0,7401.48
2026-05-05 20:00:00+00:00,81553.0,81787.0,80711.3,80851.6,12720.316
2026-05-06 00:00:00+00:00,80851.6,81750.0,80638.0,81543.4,10814.782
2026-05-06 04:00:00+00:00,81543.4,81600.0,81013.4,81332.1,6154.698
2026-05-06 08:00:00+00:00,81332.1,82811.0,81276.4,82486.4,18211.762
2026-05-06 12:00:00+00:00,82486.4,82514.7,81086.7,81662.2,18663.121
2026-05-06 16:00:00+00:00,81662.2,81880.0,81133.4,81411.8,7496.166
2026-05-06 20:00:00+00:00,81411.8,81664.1,80929.1,81394.2,5887.064
2026-05-07 00:00:00+00:00,81394.2,81442.7,80788.0,80807.2,7069.301
2026-05-07 04:00:00+00:00,80807.2,81671.0,80675.9,81481.3,8010.627
2026-05-07 08:00:00+00:00,81481.3,81564.0,80532.2,80835.0,9507.745
2026-05-07 12:00:00+00:00,80835.0,81148.0,79635.0,79864.0,18470.918
2026-05-07 16:00:00+00:00,79864.0,80247.1,79461.7,80112.0,11237.962
2026-05-07 20:00:00+00:00,80112.0,80348.5,79539.0,79975.4,5458.426
2026-05-08 00:00:00+00:00,79975.4,80105.5,79120.0,79533.0,7619.391
2026-05-08 04:00:00+00:00,79533.0,79740.9,79204.0,79642.6,5343.315
2026-05-08 08:00:00+00:00,79642.6,80300.0,79630.0,80185.2,8354.331
2026-05-08 12:00:00+00:00,80185.2,80477.6,79505.0,80120.6,15783.105
2026-05-08 16:00:00+00:00,80120.6,80274.8,79689.7,80143.2,7380.904
2026-05-08 20:00:00+00:00,80143.2,80385.6,80046.2,80158.1,2842.03
2026-05-09 00:00:00+00:00,80158.1,80537.3,80083.0,80345.6,3446.78
2026-05-09 04:00:00+00:00,80345.6,80641.4,80084.0,80189.3,4068.565
2026-05-09 08:00:00+00:00,80189.3,80400.0,80116.5,80307.8,2907.415
2026-05-09 12:00:00+00:00,80307.8,80567.5,80182.7,80493.0,3273.091
2026-05-09 16:00:00+00:00,80493.0,81049.9,80446.2,80893.9,6071.341
2026-05-09 20:00:00+00:00,80893.9,80898.5,80570.0,80628.0,1662.832
2026-05-10 00:00:00+00:00,80628.0,80850.0,80523.8,80733.4,3799.274
2026-05-10 04:00:00+00:00,80733.4,80808.0,80603.9,80698.8,2219.541
2026-05-10 08:00:00+00:00,80698.8,80947.5,80643.6,80783.4,3677.915
2026-05-10 12:00:00+00:00,80783.4,81400.0,80744.2,81376.4,6226.316
2026-05-10 16:00:00+00:00,81376.4,81552.7,81100.1,81396.1,5590.865
2026-05-10 20:00:00+00:00,81396.1,82450.0,80206.3,82181.9,23153.447
2026-05-11 00:00:00+00:00,82181.9,82350.0,80482.1,80695.7,13560.334
2026-05-11 04:00:00+00:00,80695.7,81017.0,80598.8,80705.0,4508.525
2026-05-11 08:00:00+00:00,80705.0,81168.9,80580.2,81161.4,4750.899
2026-05-11 12:00:00+00:00,81161.4,81425.0,80410.0,81403.8,12040.07
2026-05-11 16:00:00+00:00,81403.8,82107.6,81304.3,81920.3,12344.221
2026-05-11 20:00:00+00:00,81920.3,82039.1,81551.0,81699.8,3599.872
2026-05-12 00:00:00+00:00,81699.8,81768.1,80660.1,81015.5,8873.674
2026-05-12 04:00:00+00:00,81015.5,81278.6,80760.0,80816.1,6066.799
2026-05-12 08:00:00+00:00,80816.1,80939.8,80460.0,80738.0,7058.83
2026-05-12 12:00:00+00:00,80738.0,81000.0,80115.0,80292.0,16691.14
2026-05-12 16:00:00+00:00,80292.0,80830.0,79800.1,80791.6,10894.841
2026-05-12 20:00:00+00:00,80791.6,80840.0,80382.9,80459.8,3502.578
2026-05-13 00:00:00+00:00,80459.8,81274.4,80362.9,81214.2,6444.005
2026-05-13 04:00:00+00:00,81214.2,81245.8,80850.0,80981.1,3652.604
2026-05-13 08:00:00+00:00,80981.1,81305.9,80456.1,80460.1,6950.475
2026-05-13 12:00:00+00:00,80460.1,80560.0,78754.2,78792.5,25089.417
2026-05-13 16:00:00+00:00,78792.5,79769.7,78724.9,79608.6,10885.386
2026-05-13 20:00:00+00:00,79608.6,79743.2,79185.7,79285.8,5089.814
2026-05-14 00:00:00+00:00,79285.8,79663.9,78863.2,79003.0,7833.053
2026-05-14 04:00:00+00:00,79003.0,79974.3,78930.1,79711.0,7271.016
2026-05-14 08:00:00+00:00,79711.0,79900.0,79191.0,79215.0,6678.882
2026-05-14 12:00:00+00:00,79215.0,81295.5,79190.5,81244.0,21908.564
2026-05-14 16:00:00+00:00,81244.0,81999.0,81018.8,81374.5,22616.803
2026-05-14 20:00:00+00:00,81374.5,81542.9,81018.0,81052.6,5116.52
2026-05-15 00:00:00+00:00,81052.6,81639.1,80700.0,81019.0,9981.726
2026-05-15 04:00:00+00:00,81019.0,81065.8,80258.0,80788.9,12941.285
2026-05-15 08:00:00+00:00,80788.9,80800.8,80312.0,80578.5,9495.419
2026-05-15 12:00:00+00:00,80578.5,80604.3,78610.0,79120.2,29535.674
2026-05-15 16:00:00+00:00,79120.2,79525.1,79003.3,79092.9,6222.284
2026-05-15 20:00:00+00:00,79092.9,79183.4,78846.1,79069.5,3758.202
2026-05-16 00:00:00+00:00,79069.5,79192.8,78964.8,79030.0,2164.45
2026-05-16 04:00:00+00:00,79030.0,79088.3,78010.0,78329.8,10657.301
2026-05-16 08:00:00+00:00,78329.8,78500.0,77601.0,78041.1,10548.107
2026-05-16 12:00:00+00:00,78041.1,78318.0,77795.4,78189.9,4798.603
2026-05-16 16:00:00+00:00,78189.9,78337.4,78072.9,78226.9,3796.34
2026-05-16 20:00:00+00:00,78226.9,78288.4,78084.1,78106.5,2030.159
2026-05-17 00:00:00+00:00,78106.5,78207.1,77675.0,77984.9,4950.271
2026-05-17 04:00:00+00:00,77984.9,78284.4,77956.4,78142.9,3503.699
2026-05-17 08:00:00+00:00,78142.9,78569.9,77995.2,78382.9,4855.205
2026-05-17 12:00:00+00:00,78382.9,78528.7,77792.2,78002.8,5649.032
2026-05-17 16:00:00+00:00,78002.8,78444.4,77781.6,78370.0,4303.77
2026-05-17 20:00:00+00:00,78370.0,78457.1,76671.5,77416.4,16965.81
2026-05-18 00:00:00+00:00,77416.4,77443.8,76659.1,76900.4,12073.837
2026-05-18 04:00:00+00:00,76900.4,77061.5,76540.0,77043.1,10064.973
2026-05-18 08:00:00+00:00,77043.1,77378.1,76616.2,77262.0,7785.576
2026-05-18 12:00:00+00:00,77262.0,77766.4,75999.9,76381.2,30448.904
2026-05-18 16:00:00+00:00,76381.2,76972.9,76105.3,76903.8,14706.6
2026-05-18 20:00:00+00:00,76903.8,77193.3,76753.8,76963.9,7420.613
2026-05-19 00:00:00+00:00,76963.9,77377.6,76433.4,76755.2,7227.057
2026-05-19 04:00:00+00:00,76755.2,77256.7,76600.1,77196.8,4560.874
2026-05-19 08:00:00+00:00,77196.8,77298.1,76588.3,76671.0,6531.351
2026-05-19 12:00:00+00:00,76671.0,77024.9,76105.0,76497.0,12212.394
2026-05-19 16:00:00+00:00,76497.0,77054.0,76379.4,76789.5,7000.624
2026-05-19 20:00:00+00:00,76789.5,77014.9,76613.0,76806.1,3532.482
2026-05-20 00:00:00+00:00,76806.1,76898.0,76465.9,76688.7,4332.574
2026-05-20 04:00:00+00:00,76688.7,77445.0,76643.6,77253.9,6396.299
2026-05-20 08:00:00+00:00,77253.9,77635.0,77163.6,77350.1,5498.826
2026-05-20 12:00:00+00:00,77350.1,77838.9,76850.0,77421.9,16123.801
2026-05-20 16:00:00+00:00,77421.9,77691.9,76977.7,77638.1,7810.597
2026-05-20 20:00:00+00:00,77638.1,77738.6,77176.9,77518.9,4493.565
2026-05-21 00:00:00+00:00,77518.9,78142.8,77476.0,78050.0,6686.704
2026-05-21 04:00:00+00:00,78050.0,78153.6,77479.5,77840.1,5981.924
2026-05-21 08:00:00+00:00,77840.1,78173.0,77073.4,77159.5,10654.58
2026-05-21 12:00:00+00:00,77159.5,77375.0,76680.1,77225.5,12397.704
2026-05-21 16:00:00+00:00,77225.5,78070.1,76970.0,77666.6,15822.028
2026-05-21 20:00:00+00:00,77666.6,77782.8,77498.7,77588.4,3284.373
2026-05-22 00:00:00+00:00,77588.4,77771.7,77280.1,77738.7,4443.079
2026-05-22 04:00:00+00:00,77738.7,77865.0,77227.6,77366.9,6514.694
2026-05-22 08:00:00+00:00,77366.9,77504.0,77155.0,77394.9,4818.766
2026-05-22 12:00:00+00:00,77394.9,77550.0,76530.0,76755.9,14284.266
2026-05-22 16:00:00+00:00,76755.9,77070.0,75611.7,75831.3,20701.842
2026-05-22 20:00:00+00:00,75831.3,76065.7,75311.0,75509.6,8508.134
2026-05-23 00:00:00+00:00,75509.6,75626.4,75185.1,75592.4,6129.865
2026-05-23 04:00:00+00:00,75592.4,75614.1,74221.4,74568.3,11902.226
2026-05-23 08:00:00+00:00,74568.3,74844.7,74302.7,74757.8,8039.45
2026-05-23 12:00:00+00:00,74757.8,75674.2,74607.9,75487.4,11371.284
2026-05-23 16:00:00+00:00,75487.4,75992.3,75327.8,75949.8,8266.35
2026-05-23 20:00:00+00:00,75949.8,77371.9,75906.2,76709.0,21527.454
2026-05-24 00:00:00+00:00,76709.0,76980.0,76591.1,76704.8,3135.308
2026-05-24 04:00:00+00:00,76704.8,77056.9,76613.7,76778.5,4976.403
2026-05-24 08:00:00+00:00,76778.5,77490.0,76701.6,77280.6,6990.166
2026-05-24 12:00:00+00:00,77280.6,77290.0,76144.1,76329.9,12188.793
2026-05-24 16:00:00+00:00,76329.9,76760.0,76329.9,76734.9,4650.13
2026-05-24 20:00:00+00:00,76734.9,77200.0,76062.2,77032.5,10752.706
2026-05-25 00:00:00+00:00,77032.5,77449.9,76859.9,76994.4,5682.144
2026-05-25 04:00:00+00:00,76994.4,77641.0,76952.4,77381.7,9533.514
2026-05-25 08:00:00+00:00,77381.7,77682.0,77244.8,77327.7,4624.021
2026-05-25 12:00:00+00:00,77327.7,77885.0,77247.9,77597.9,6728.183
2026-05-25 16:00:00+00:00,77597.9,77788.0,77310.0,77402.7,4401.508
2026-05-25 20:00:00+00:00,77402.7,77472.0,76974.1,77280.5,5809.692
2026-05-26 00:00:00+00:00,77280.5,77316.3,76436.0,76625.3,9486.55
2026-05-26 04:00:00+00:00,76625.3,77023.1,76559.9,76687.1,5582.963
2026-05-26 08:00:00+00:00,76687.1,77589.1,76536.2,77159.9,10935.522
2026-05-26 12:00:00+00:00,77159.9,78049.0,76216.4,76464.2,29601.642
2026-05-26 16:00:00+00:00,76464.2,76689.1,75733.0,76019.8,17944.579
2026-05-26 20:00:00+00:00,76019.8,76143.1,75627.9,75897.4,5846.857
2026-05-27 00:00:00+00:00,75897.4,76077.9,75550.0,75621.3,5407.481
2026-05-27 04:00:00+00:00,75621.3,75929.1,75235.7,75920.0,9423.104
2026-05-27 08:00:00+00:00,75920.0,76028.5,75655.0,75729.6,6171.893
2026-05-27 12:00:00+00:00,75729.6,76136.8,74707.5,75297.1,22927.312
2026-05-27 16:00:00+00:00,75297.1,75379.0,74626.9,75034.6,12126.591
2026-05-27 20:00:00+00:00,75034.6,75379.0,74201.2,74412.4,14018.103
2026-05-28 00:00:00+00:00,74412.4,74557.7,73020.0,73231.8,18679.827
2026-05-28 04:00:00+00:00,73231.8,73479.6,72687.4,73460.3,14676.538
2026-05-28 08:00:00+00:00,73460.3,73588.9,73171.7,73474.1,6591.577
2026-05-28 12:00:00+00:00,73474.1,73561.4,72552.0,72896.6,26425.484
2026-05-28 16:00:00+00:00,72896.6,73729.0,72696.2,73397.4,12208.694
2026-05-28 20:00:00+00:00,73397.4,73920.0,73195.7,73597.6,7960.729
2026-05-29 00:00:00+00:00,73597.6,73853.8,73140.5,73264.0,8742.019
2026-05-29 04:00:00+00:00,73264.0,73911.1,73169.5,73480.0,8254.993
2026-05-29 08:00:00+00:00,73480.0,73877.5,73311.2,73449.9,5103.658
2026-05-29 12:00:00+00:00,73449.9,74187.8,72460.7,73774.1,31899.405
2026-05-29 16:00:00+00:00,73774.1,74310.0,73123.9,73491.1,19140.793
2026-05-29 20:00:00+00:00,73491.1,73819.7,73276.2,73437.3,5223.571
2026-05-30 00:00:00+00:00,73437.3,73756.4,73372.7,73495.8,2889.108
2026-05-30 04:00:00+00:00,73495.8,73694.2,73160.3,73515.7,5332.696
2026-05-30 08:00:00+00:00,73515.7,73646.0,73464.9,73569.4,1616.334
2026-05-30 12:00:00+00:00,73569.4,74076.8,73556.0,73889.3,4920.815
2026-05-30 16:00:00+00:00,73889.3,74117.7,73780.4,73978.8,3493.421
2026-05-30 20:00:00+00:00,73978.8,74025.3,73740.4,73854.1,2967.04
2026-05-31 00:00:00+00:00,73854.1,74246.1,73817.6,74109.9,5153.625
2026-05-31 04:00:00+00:00,74109.9,74197.4,73800.0,73842.4,2721.069
2026-05-31 08:00:00+00:00,73842.4,74003.4,73687.6,73911.0,3239.131
2026-05-31 12:00:00+00:00,73911.0,74007.2,73467.8,73617.0,7304.031
2026-05-31 16:00:00+00:00,73617.0,73699.5,73351.0,73520.6,4344.459
2026-05-31 20:00:00+00:00,73520.6,74173.8,73452.3,73649.6,7216.921
2026-06-01 00:00:00+00:00,73649.6,74057.6,73176.0,73726.2,7136.325
2026-06-01 04:00:00+00:00,73726.2,73806.0,72654.8,72770.2,10887.089
2026-06-01 08:00:00+00:00,72770.2,73064.9,72160.5,72449.7,15435.863
2026-06-01 12:00:00+00:00,72449.7,72590.0,71040.0,71103.9,37862.932
2026-06-01 16:00:00+00:00,71103.9,71800.0,70650.4,71576.1,17637.372
2026-06-01 20:00:00+00:00,71576.1,71683.1,70805.0,71391.3,9769.841
2026-06-02 00:00:00+00:00,71391.3,71398.4,70063.9,70933.9,17499.682
2026-06-02 04:00:00+00:00,70933.9,71039.2,69705.1,70080.8,17567.917
2026-06-02 08:00:00+00:00,70080.8,70150.7,69290.0,69434.2,14398.827
2026-06-02 12:00:00+00:00,69434.2,69519.0,67030.4,67269.4,50275.328
2026-06-02 16:00:00+00:00,67269.4,68112.1,66356.0,67287.9,30787.235
2026-06-02 20:00:00+00:00,67287.9,67891.4,66160.0,66725.2,27803.105
2026-06-03 00:00:00+00:00,66725.2,67174.6,65400.0,65818.7,20923.698
2026-06-03 04:00:00+00:00,65818.7,67497.5,65797.2,67188.5,21332.5
2026-06-03 08:00:00+00:00,67188.5,67450.0,66627.5,67044.9,11483.074
2026-06-03 12:00:00+00:00,67044.9,67220.0,66041.3,66046.9,18439.66
2026-06-03 16:00:00+00:00,66046.9,66346.9,65201.2,65428.4,25141.954
2026-06-03 20:00:00+00:00,65428.4,65827.8,64035.3,64115.2,29630.292
2026-06-04 00:00:00+00:00,64115.2,64500.0,61333.0,64335.8,52983.519
2026-06-04 04:00:00+00:00,64335.8,64734.4,63376.4,63562.6,19393.792
2026-06-04 08:00:00+00:00,63562.6,63881.6,62133.0,62519.2,28932.98
2026-06-04 12:00:00+00:00,62519.2,64473.6,62355.7,63866.9,32598.853
2026-06-04 16:00:00+00:00,63866.9,64121.5,62904.7,63597.3,18085.713
2026-06-04 20:00:00+00:00,63597.3,63893.6,63072.4,63849.1,11470.29
2026-06-05 00:00:00+00:00,63849.1,63954.5,62297.6,62695.3,12291.045
2026-06-05 04:00:00+00:00,62695.3,63684.4,61076.6,63080.1,39999.908
2026-06-05 08:00:00+00:00,63080.1,63268.5,61925.2,61925.2,18734.737
2026-06-05 12:00:00+00:00,61925.2,62430.0,60013.0,60400.7,50811.779
2026-06-05 16:00:00+00:00,60400.7,61529.7,59081.4,60269.6,52174.865
2026-06-05 20:00:00+00:00,60269.6,61992.8,59902.9,61026.6,34604.321
2026-06-06 00:00:00+00:00,61026.6,61496.4,60488.7,60661.7,10694.646
2026-06-06 04:00:00+00:00,60661.7,61268.3,59428.7,60975.3,30673.283
2026-06-06 08:00:00+00:00,60975.3,61473.0,60073.8,60771.6,15275.559
2026-06-06 12:00:00+00:00,60771.6,61168.3,60350.6,60754.3,12002.597
2026-06-06 16:00:00+00:00,60754.3,60950.0,60365.4,60557.8,8515.826
2026-06-06 20:00:00+00:00,60557.8,60967.8,60394.0,60855.6,6989.383
2026-06-07 00:00:00+00:00,60855.6,61747.0,60711.1,61668.6,13884.131
2026-06-07 04:00:00+00:00,61668.6,62381.8,61443.2,62368.6,12838.989
2026-06-07 08:00:00+00:00,62368.6,62950.0,62220.1,62598.2,15093.296
2026-06-07 12:00:00+00:00,62598.2,62617.3,61524.5,62070.7,21651.172
2026-06-07 16:00:00+00:00,62070.7,62313.4,61138.5,61299.8,12755.656
2026-06-07 20:00:00+00:00,61299.8,64250.0,61178.7,63306.5,32071.236
2026-06-08 00:00:00+00:00,63306.5,63842.9,62678.8,63095.9,11187.174
2026-06-08 04:00:00+00:00,63095.9,63331.4,62374.0,63263.5,10258.675
2026-06-08 08:00:00+00:00,63263.5,63888.6,62951.3,63451.4,12877.922
2026-06-08 12:00:00+00:00,63451.4,64220.9,62672.7,63745.6,28619.965
2026-06-08 16:00:00+00:00,63745.6,64025.9,63226.3,63342.1,10703.509
2026-06-08 20:00:00+00:00,63342.1,63840.7,62939.0,63056.4,10615.317
2026-06-09 00:00:00+00:00,63056.4,63155.2,62386.1,62844.7,12161.418
2026-06-09 04:00:00+00:00,62844.7,63501.0,62718.5,63170.6,11365.111
2026-06-09 08:00:00+00:00,63170.6,63182.3,62462.9,62676.2,11488.195
2026-06-09 12:00:00+00:00,62676.2,62878.0,61000.3,61104.9,31522.904
2026-06-09 16:00:00+00:00,61104.9,62087.1,60705.0,62071.5,25430.709
2026-06-09 20:00:00+00:00,62071.5,62250.1,61520.0,61699.9,10705.522
2026-06-10 00:00:00+00:00,61699.9,61948.5,61206.0,61517.2,9099.38
2026-06-10 04:00:00+00:00,61517.2,61766.4,61039.8,61655.2,8913.019
2026-06-10 08:00:00+00:00,61655.2,61702.6,60614.5,60998.0,14222.891
2026-06-10 12:00:00+00:00,60998.0,62846.8,60917.1,62606.5,29654.997
2026-06-10 16:00:00+00:00,62606.5,62620.0,61550.4,61916.4,15852.486
2026-06-10 20:00:00+00:00,61916.4,61922.3,61069.5,61476.4,13173.493
2026-06-11 00:00:00+00:00,61476.4,63023.2,61476.4,62671.5,16871.743
2026-06-11 04:00:00+00:00,62671.5,63037.9,62518.2,62692.6,8078.345
2026-06-11 08:00:00+00:00,62692.6,63235.9,62692.1,63075.2,7695.799
2026-06-11 12:00:00+00:00,63075.2,63216.6,62468.2,62726.3,18008.615
2026-06-11 16:00:00+00:00,62726.3,63900.0,62315.0,63580.1,23915.799
2026-06-11 20:00:00+00:00,63580.1,63699.9,63239.8,63600.0,6048.007
2026-06-12 00:00:00+00:00,63600.0,63780.0,63258.0,63494.7,6033.242
2026-06-12 04:00:00+00:00,63494.7,63849.6,62810.0,63063.2,10555.615
2026-06-12 08:00:00+00:00,63063.2,63934.9,63061.0,63730.5,10225.513
2026-06-12 12:00:00+00:00,63730.5,64371.8,63010.1,63565.7,23415.782
2026-06-12 16:00:00+00:00,63565.7,64080.8,63477.3,63549.1,8559.483
2026-06-12 20:00:00+00:00,63549.1,63666.9,63358.7,63547.1,4404.738
2026-06-13 00:00:00+00:00,63547.1,63816.6,63372.8,63493.9,4551.259
2026-06-13 04:00:00+00:00,63493.9,63867.3,63445.8,63821.6,4924.359
2026-06-13 08:00:00+00:00,63821.6,63947.9,63694.6,63936.3,4005.667
2026-06-13 12:00:00+00:00,63936.3,64316.4,63884.7,64263.6,6859.668
2026-06-13 16:00:00+00:00,64263.6,64310.9,63876.1,64267.0,7936.646
2026-06-13 20:00:00+00:00,64267.0,64746.9,64185.1,64416.6,6491.441
2026-06-14 00:00:00+00:00,64416.6,64685.9,64337.8,64508.8,3144.667
2026-06-14 04:00:00+00:00,64508.8,64528.3,64176.6,64401.5,4034.431
2026-06-14 08:00:00+00:00,64401.5,64641.8,64288.2,64516.1,4149.914
2026-06-14 12:00:00+00:00,64516.1,64533.1,63831.0,63991.6,7847.072
2026-06-14 16:00:00+00:00,63991.6,64211.1,63643.7,63775.1,5742.524
2026-06-14 20:00:00+00:00,63775.1,65770.0,63760.9,65710.0,27550.769
2026-06-15 00:00:00+00:00,65710.0,65983.0,65317.0,65895.4,8522.913
2026-06-15 04:00:00+00:00,65895.4,65997.9,65564.4,65644.0,6728.265
2026-06-15 08:00:00+00:00,65644.0,66372.8,65468.6,66202.4,12393.678
2026-06-15 12:00:00+00:00,66202.4,67276.0,66067.3,67256.4,23227.693
2026-06-15 16:00:00+00:00,67256.4,67265.8,66275.2,66580.1,11812.7
2026-06-15 20:00:00+00:00,66580.1,66656.3,66060.1,66287.2,6334.733
2026-06-16 00:00:00+00:00,66287.2,66434.7,65605.5,66121.5,11432.238
2026-06-16 04:00:00+00:00,66121.5,66566.9,65763.1,66338.4,8565.146
2026-06-16 08:00:00+00:00,66338.4,66970.0,66304.8,66460.3,11157.042
2026-06-16 12:00:00+00:00,66460.3,66795.3,65327.4,65835.3,17953.331
2026-06-16 16:00:00+00:00,65835.3,66263.6,65525.0,65656.3,7472.173
2026-06-16 20:00:00+00:00,65656.3,65918.4,65558.8,65640.0,3573.587
2026-06-17 00:00:00+00:00,65640.0,66108.3,65421.3,65828.4,6125.871
2026-06-17 04:00:00+00:00,65828.4,66020.9,65159.5,65505.9,7000.013
2026-06-17 08:00:00+00:00,65505.9,65545.3,64529.6,64773.7,12223.378
2026-06-17 12:00:00+00:00,64773.7,65838.6,64552.6,65712.8,17691.176
2026-06-17 16:00:00+00:00,65712.8,66444.7,64001.8,64267.2,37346.105
2026-06-17 20:00:00+00:00,64267.2,64502.8,63869.6,64476.6,8882.461
2026-06-18 00:00:00+00:00,64476.6,64781.8,64220.0,64255.4,6089.267
2026-06-18 04:00:00+00:00,64255.4,64478.2,63656.3,64467.1,11689.092
2026-06-18 08:00:00+00:00,64467.1,64619.4,63851.1,63943.0,10457.649
2026-06-18 12:00:00+00:00,63943.0,64409.8,62216.9,62326.1,35852.596
2026-06-18 16:00:00+00:00,62326.1,62971.6,62216.4,62915.9,18737.507
2026-06-18 20:00:00+00:00,62915.9,63238.3,62703.9,62920.1,6595.602
2026-06-19 00:00:00+00:00,62920.1,63076.6,62345.3,62742.7,8735.303
2026-06-19 04:00:00+00:00,62742.7,62888.6,62365.1,62589.8,9553.785
2026-06-19 08:00:00+00:00,62589.8,62755.5,62271.6,62596.7,7947.769
2026-06-19 12:00:00+00:00,62596.7,63397.3,62309.7,63187.0,15134.311
2026-06-19 16:00:00+00:00,63187.0,63363.5,62827.2,62999.9,6740.316
2026-06-19 20:00:00+00:00,62999.9,63641.1,62926.9,63508.9,5091.751
2026-06-20 00:00:00+00:00,63508.9,63767.2,63286.0,63443.1,5145.801
2026-06-20 04:00:00+00:00,63443.1,63945.7,63365.0,63624.3,6719.291
2026-06-20 08:00:00+00:00,63624.3,63790.4,63360.0,63652.9,5849.785
2026-06-20 12:00:00+00:00,63652.9,64356.6,63154.5,64135.6,16480.558
2026-06-20 16:00:00+00:00,64135.6,64140.6,63700.8,63908.6,4825.41
2026-06-20 20:00:00+00:00,63908.6,64339.3,63822.7,64265.4,3212.342
2026-06-21 00:00:00+00:00,64265.4,64449.0,64169.2,64394.1,3455.762
2026-06-21 04:00:00+00:00,64394.1,64589.1,64137.0,64158.5,4109.954
2026-06-21 08:00:00+00:00,64158.5,64452.2,63867.9,64140.0,7402.647
2026-06-21 12:00:00+00:00,64140.0,64327.1,63915.6,64194.3,5330.595
2026-06-21 16:00:00+00:00,64194.3,64267.5,63909.8,64169.9,3132.229
2026-06-21 20:00:00+00:00,64169.9,64239.7,63209.3,63283.4,12677.968
2026-06-22 00:00:00+00:00,63283.4,64827.6,63279.8,63931.6,18718.692
2026-06-22 04:00:00+00:00,63931.6,64387.6,63835.0,64184.1,7724.638
2026-06-22 08:00:00+00:00,64184.1,64757.2,64008.7,64630.4,8588.75
2026-06-22 12:00:00+00:00,64630.4,65596.0,64558.4,64801.0,26485.407
2026-06-22 16:00:00+00:00,64801.0,64828.5,64203.5,64445.2,14059.99
2026-06-22 20:00:00+00:00,64445.2,64635.0,63771.0,63989.3,8939.96
2026-06-23 00:00:00+00:00,63989.3,64252.8,63796.9,64035.1,7662.718
2026-06-23 04:00:00+00:00,64035.1,64063.7,62530.0,62853.8,19053.074
2026-06-23 08:00:00+00:00,62853.8,62916.5,61878.4,62470.1,19725.452
2026-06-23 12:00:00+00:00,62470.1,62822.5,61921.9,62459.2,20503.943
2026-06-23 16:00:00+00:00,62459.2,62804.4,62068.0,62358.3,9279.755
2026-06-23 20:00:00+00:00,62358.3,62772.3,62337.5,62693.7,4738.551
2026-06-24 00:00:00+00:00,62693.7,63113.4,62427.0,62707.1,8151.31
2026-06-24 04:00:00+00:00,62707.1,63060.4,62501.0,62629.9,5530.139
2026-06-24 08:00:00+00:00,62629.9,63232.7,62277.0,62887.9,8227.191
2026-06-24 12:00:00+00:00,62887.9,62950.0,60220.0,60238.3,42611.441
2026-06-24 16:00:00+00:00,60238.3,60637.1,59065.8,59923.7,36828.429
2026-06-24 20:00:00+00:00,59923.7,61239.6,59814.4,61054.7,21940.215
2026-06-25 00:00:00+00:00,61054.7,61146.0,60650.0,60853.3,7225.68
2026-06-25 04:00:00+00:00,60853.3,61942.3,60755.1,61881.2,13692.632
2026-06-25 08:00:00+00:00,61881.2,61894.7,61031.2,61252.3,11553.729
2026-06-25 12:00:00+00:00,61252.3,61765.8,58042.6,59531.7,74394.561
2026-06-25 16:00:00+00:00,59531.7,60037.7,59103.7,59295.3,20683.521
2026-06-25 20:00:00+00:00,59295.3,60236.8,59290.8,59767.3,13717.98
2026-06-26 00:00:00+00:00,59767.3,60101.7,58289.5,60003.6,27868.746
2026-06-26 04:00:00+00:00,60003.6,60731.3,59672.2,60487.0,15600.283
2026-06-26 08:00:00+00:00,60487.0,60539.3,59214.1,59389.2,15378.916
2026-06-26 12:00:00+00:00,59389.2,60475.3,58450.0,60291.9,44181.139
2026-06-26 16:00:00+00:00,60291.9,60585.0,59505.0,59735.5,11744.51
2026-06-26 20:00:00+00:00,59735.5,60090.0,59541.5,60073.4,6384.556
2026-06-27 00:00:00+00:00,60073.4,60392.0,59839.4,60277.2,4895.864
2026-06-27 04:00:00+00:00,60277.2,60557.7,60082.3,60525.6,5560.405
2026-06-27 08:00:00+00:00,60525.6,60525.6,60170.0,60335.4,3637.346
2026-06-27 12:00:00+00:00,60335.4,60918.3,60209.5,60812.8,8030.188
2026-06-27 16:00:00+00:00,60812.8,60823.3,60025.0,60141.3,8692.875
2026-06-27 20:00:00+00:00,60141.3,60450.0,59807.5,59995.3,6526.404
2026-06-28 00:00:00+00:00,59995.3,60308.4,59943.5,60169.7,3322.545
2026-06-28 04:00:00+00:00,60169.7,60236.4,59715.9,60188.8,5876.903
2026-06-28 08:00:00+00:00,60188.8,60522.5,60032.7,60320.4,4896.018
2026-06-28 12:00:00+00:00,60320.4,60443.5,59784.9,59862.2,6292.134
2026-06-28 16:00:00+00:00,59862.2,59919.6,59225.4,59450.6,10912.982
2026-06-28 20:00:00+00:00,59450.6,59882.3,58860.0,59550.4,13806.231
2026-06-29 00:00:00+00:00,59550.4,60223.4,58850.6,60017.7,17764.42
2026-06-29 04:00:00+00:00,60017.7,60321.7,59340.0,59988.7,11491.637
2026-06-29 08:00:00+00:00,59988.7,60307.7,59704.2,59933.1,13225.024
2026-06-29 12:00:00+00:00,59933.1,60775.0,58973.4,59793.1,44363.841
2026-06-29 16:00:00+00:00,59793.1,60666.0,59555.6,60401.7,15737.004
2026-06-29 20:00:00+00:00,60401.7,60578.9,60169.5,60224.0,4241.09
2026-06-30 00:00:00+00:00,60224.0,60249.0,59566.0,59587.3,9848.546
2026-06-30 04:00:00+00:00,59587.3,59690.3,59324.3,59495.9,8180.559
2026-06-30 08:00:00+00:00,59495.9,59528.3,59090.0,59160.1,9741.401
2026-06-30 12:00:00+00:00,59160.1,59247.3,58156.7,58358.8,40491.737
2026-06-30 16:00:00+00:00,58358.8,58823.4,58233.4,58793.5,10081.897
2026-06-30 20:00:00+00:00,58793.5,58860.0,58472.2,58603.5,4345.542
2026-07-01 00:00:00+00:00,58603.5,59325.6,57755.8,59177.2,22102.571
2026-07-01 04:00:00+00:00,59177.2,59444.0,58499.9,58747.7,11730.047
2026-07-01 08:00:00+00:00,58747.7,59078.6,58463.0,58592.0,9048.743
2026-07-01 12:00:00+00:00,58592.0,60522.0,58293.9,60121.7,35500.421
2026-07-01 16:00:00+00:00,60121.7,60333.0,59759.4,60002.7,12898.59
2026-07-01 20:00:00+00:00,60002.7,61325.3,59845.5,60000.0,19250.249
2026-07-02 00:00:00+00:00,60000.0,61107.5,59556.1,61038.9,13927.117
2026-07-02 04:00:00+00:00,61038.9,61039.0,60075.0,60126.7,10559.565
2026-07-02 08:00:00+00:00,60126.7,61400.0,60110.7,61329.0,16897.008
2026-07-02 12:00:00+00:00,61329.0,62188.7,61115.6,61588.7,25948.778
2026-07-02 16:00:00+00:00,61588.7,61925.0,61107.2,61445.2,13230.041
2026-07-02 20:00:00+00:00,61445.2,61637.4,61305.7,61532.7,4931.446
2026-07-03 00:00:00+00:00,61532.7,61707.7,61210.4,61406.2,6082.743
2026-07-03 04:00:00+00:00,61406.2,61849.9,61307.9,61740.1,5496.045
2026-07-03 08:00:00+00:00,61740.1,62078.9,61466.3,61990.1,7141.083
2026-07-03 12:00:00+00:00,61990.1,62374.6,61666.6,61896.3,12350.134
2026-07-03 16:00:00+00:00,61896.3,62291.6,61881.7,62174.3,5032.466
2026-07-03 20:00:00+00:00,62174.3,62946.1,62150.0,62555.6,11679.052
2026-07-04 00:00:00+00:00,62555.6,62940.1,62375.1,62600.0,6257.765
2026-07-04 04:00:00+00:00,62600.0,62724.3,62311.8,62542.5,3942.479
2026-07-04 08:00:00+00:00,62542.5,62650.0,62386.6,62457.1,3035.545
2026-07-04 12:00:00+00:00,62457.1,63066.7,62457.1,62909.5,7086.088
2026-07-04 16:00:00+00:00,62909.5,63450.0,62754.8,63263.2,9555.765
2026-07-04 20:00:00+00:00,63263.2,63430.0,62900.1,63112.2,4276.829
2026-07-05 00:00:00+00:00,63112.2,63115.0,62560.7,62738.6,7019.27
2026-07-05 04:00:00+00:00,62738.6,63036.9,62621.6,62989.5,4735.745
2026-07-05 08:00:00+00:00,62989.5,63086.2,62389.4,62625.8,7266.9
2026-07-05 12:00:00+00:00,62625.8,62924.4,62526.8,62709.7,6058.681
2026-07-05 16:00:00+00:00,62709.7,62857.9,62569.8,62744.4,5148.995
2026-07-05 20:00:00+00:00,62744.4,63987.1,62578.8,63614.4,14981.52
2026-07-06 00:00:00+00:00,63614.4,63895.0,63103.0,63269.9,10135.176
2026-07-06 04:00:00+00:00,63269.9,63369.8,62852.7,63058.3,8288.087
2026-07-06 08:00:00+00:00,63058.3,63216.9,62438.0,62447.8,10755.114
2026-07-06 12:00:00+00:00,62447.8,63530.0,61272.5,63524.0,53207.375
2026-07-06 16:00:00+00:00,63524.0,63969.3,63358.7,63720.6,22439.649
2026-07-06 20:00:00+00:00,63720.6,64703.2,63577.7,64020.0,13495.049
2026-07-07 00:00:00+00:00,64020.0,64303.0,63111.3,63165.1,17186.838
2026-07-07 04:00:00+00:00,63165.1,63425.8,62761.6,63062.7,13425.139
2026-07-07 08:00:00+00:00,63062.7,63469.8,62953.0,63378.7,10813.67
2026-07-07 12:00:00+00:00,63378.7,64125.5,62635.5,63916.2,30384.625
2026-07-07 16:00:00+00:00,63916.2,64234.0,63354.5,63793.1,14100.419
2026-07-07 20:00:00+00:00,63793.1,63883.5,63173.1,63332.5,7372.035
2026-07-08 00:00:00+00:00,63332.5,63743.7,62496.0,62734.2,13635.357
2026-07-08 04:00:00+00:00,62734.2,62877.9,62444.1,62855.3,8299.477
2026-07-08 08:00:00+00:00,62855.3,62918.1,61680.4,62278.3,20621.838
2026-07-08 12:00:00+00:00,62278.3,62400.0,61500.0,61673.6,18144.176
2026-07-08 16:00:00+00:00,61673.6,62375.7,61661.6,62255.7,9200.172
2026-07-08 20:00:00+00:00,62255.7,62331.0,61920.0,62256.0,4760.642
2026-07-09 00:00:00+00:00,62256.0,62629.0,61667.6,61943.8,11036.95
2026-07-09 04:00:00+00:00,61943.8,63266.0,61927.6,62977.6,16411.974
2026-07-09 08:00:00+00:00,62977.6,63072.7,62583.0,62756.6,6411.571
2026-07-09 12:00:00+00:00,62756.6,63249.8,62429.1,62831.5,20662.258
2026-07-09 16:00:00+00:00,62831.5,63479.9,62524.0,63219.2,11559.845
2026-07-09 20:00:00+00:00,63219.2,63395.0,63030.8,63196.8,3919.042
2026-07-10 00:00:00+00:00,63196.8,64030.0,62890.6,63929.4,13722.444
2026-07-10 04:00:00+00:00,63929.4,64183.8,63782.1,63966.0,7178.113
2026-07-10 08:00:00+00:00,63966.0,64499.9,63962.1,64408.2,10350.839
2026-07-10 12:00:00+00:00,64408.2,64688.2,63750.1,64021.6,15590.78
2026-07-10 16:00:00+00:00,64021.6,64207.9,63713.0,63901.8,7500.633
2026-07-10 20:00:00+00:00,63901.8,64192.8,63635.0,64141.1,5047.859
2026-07-11 00:00:00+00:00,64141.1,64292.1,63942.8,64124.7,2800.985
2026-07-11 04:00:00+00:00,64124.7,64260.1,64052.2,64136.7,2546.24
2026-07-11 08:00:00+00:00,64136.7,64286.5,64122.2,64183.5,2196.815
2026-07-11 12:00:00+00:00,64183.5,64490.9,63855.5,64145.9,6463.814
2026-07-11 16:00:00+00:00,64145.9,64373.3,64057.7,64265.5,3438.391
2026-07-11 20:00:00+00:00,64265.5,64442.0,63762.6,63782.3,5473.896
2026-07-12 00:00:00+00:00,63782.3,64192.0,63660.0,64192.0,5998.619
2026-07-12 04:00:00+00:00,64192.0,64219.9,63594.3,63857.4,7331.015
2026-07-12 08:00:00+00:00,63857.4,64076.7,63730.3,63983.0,4359.37
2026-07-12 12:00:00+00:00,63983.0,64282.2,63928.1,64150.0,3898.153
2026-07-12 16:00:00+00:00,64150.0,64250.0,63975.0,64205.4,2858.11
2026-07-12 20:00:00+00:00,64205.4,64234.5,63625.1,63745.0,6168.084
2026-07-13 00:00:00+00:00,63745.0,64412.0,62700.0,62779.0,21309.857
2026-07-13 04:00:00+00:00,62779.0,63031.7,62394.5,62947.9,11955.75
2026-07-13 08:00:00+00:00,62947.9,63249.7,62811.4,62878.7,8372.131
2026-07-13 12:00:00+00:00,62878.7,62969.6,62073.0,62584.9,19589.301
2026-07-13 16:00:00+00:00,62584.9,62606.5,61777.6,62253.3,12716.58
2026-07-13 20:00:00+00:00,62253.3,62328.4,61848.0,62311.4,7199.438
2026-07-14 00:00:00+00:00,62311.4,62652.5,62235.4,62545.8,8527.22
2026-07-14 04:00:00+00:00,62545.8,62861.8,62480.6,62521.9,6246.065
2026-07-14 08:00:00+00:00,62521.9,62900.0,62464.0,62812.3,4898.792
2026-07-14 12:00:00+00:00,62812.3,65000.0,62755.0,64739.7,41047.988
2026-07-14 16:00:00+00:00,64739.7,64882.1,64251.0,64550.9,12412.85
2026-07-14 20:00:00+00:00,64550.9,65084.1,64388.5,65013.4,8557.544
2026-07-15 00:00:00+00:00,65013.4,65037.0,64460.9,64765.2,5607.93
2026-07-15 04:00:00+00:00,64765.2,65273.7,64449.1,64524.0,10954.117
2026-07-15 08:00:00+00:00,64524.0,64894.2,64524.0,64702.4,4735.025
2026-07-15 12:00:00+00:00,64702.4,65566.6,64574.4,65384.9,22023.015
2026-07-15 16:00:00+00:00,65384.9,65428.0,64687.6,64951.6,9961.406
2026-07-15 20:00:00+00:00,64951.6,65037.4,64641.5,64717.1,3506.693
2026-07-16 00:00:00+00:00,64717.1,64821.6,64337.9,64589.0,6049.674
2026-07-16 04:00:00+00:00,64589.0,64974.7,64051.2,64197.9,7686.273
2026-07-16 08:00:00+00:00,64197.9,64333.0,63848.7,64218.1,8387.44
2026-07-16 12:00:00+00:00,64218.1,64878.4,63824.0,64675.3,16680.663
2026-07-16 16:00:00+00:00,64675.3,64687.9,63952.6,64236.0,9312.307
2026-07-16 20:00:00+00:00,64236.0,64248.0,63701.8,63795.3,4694.7
2026-07-17 00:00:00+00:00,63795.3,64033.2,63351.2,63537.9,9843.575
2026-07-17 04:00:00+00:00,63537.9,63556.4,62673.1,62791.6,16299.787
2026-07-17 08:00:00+00:00,62791.6,63331.0,62609.7,63265.9,9721.301
2026-07-17 12:00:00+00:00,63265.9,63498.9,62502.0,63443.3,23024.529
2026-07-17 16:00:00+00:00,63443.3,64360.0,63277.4,64120.7,16519.795
2026-07-17 20:00:00+00:00,64120.7,64189.8,63853.0,63911.1,3827.784
2026-07-18 00:00:00+00:00,63911.1,64012.7,63858.7,63988.1,1618.915
2026-07-18 04:00:00+00:00,63988.1,63994.5,63894.0,63974.3,1386.911
2026-07-18 08:00:00+00:00,63974.3,64060.0,63902.0,64026.1,1270.349
2026-07-18 12:00:00+00:00,64026.1,64232.6,63926.1,64091.0,3540.425
2026-07-18 16:00:00+00:00,64091.0,64650.5,64054.1,64525.2,7182.893
2026-07-18 20:00:00+00:00,64525.2,64847.1,64473.4,64806.0,6480.286
2026-07-19 00:00:00+00:00,64806.0,64948.0,64595.7,64689.0,4411.141
2026-07-19 04:00:00+00:00,64689.0,64794.5,64587.8,64696.0,3409.003
2026-07-19 08:00:00+00:00,64696.0,64729.4,64410.0,64446.4,4062.994
2026-07-19 12:00:00+00:00,64446.4,64641.7,64250.0,64548.0,4655.83
2026-07-19 16:00:00+00:00,64548.0,64734.1,64224.3,64432.2,4884.623
2026-07-19 20:00:00+00:00,64432.2,64880.4,64313.0,64698.2,5894.515
2026-07-20 00:00:00+00:00,64698.2,65100.0,64372.3,64842.1,10582.192
2026-07-20 04:00:00+00:00,64842.1,64844.4,63678.8,64247.2,12335.953
2026-07-20 08:00:00+00:00,64247.2,65053.9,63802.6,64975.9,11743.623
2026-07-20 12:00:00+00:00,64975.9,65718.0,64030.0,65573.8,21532.944
2026-07-20 16:00:00+00:00,65573.8,65769.3,65013.1,65117.5,12996.08
2026-07-20 20:00:00+00:00,65117.5,65423.5,65025.3,65221.1,4857.978
2026-07-21 00:00:00+00:00,65221.1,65636.7,65114.0,65537.9,6760.838
2026-07-21 04:00:00+00:00,65537.9,66244.9,65446.2,66163.9,11220.682
2026-07-21 08:00:00+00:00,66163.9,66394.0,66109.4,66320.1,8538.899
2026-07-21 12:00:00+00:00,66320.1,66937.7,66236.1,66640.4,16835.92
2026-07-21 16:00:00+00:00,66640.4,66733.7,66026.0,66411.1,9528.847
2026-07-21 20:00:00+00:00,66411.1,66546.7,66170.7,66524.0,3635.508
2026-07-22 00:00:00+00:00,66524.0,66709.5,66136.7,66175.4,5233.336
2026-07-22 04:00:00+00:00,66175.4,66402.9,65666.6,65812.3,8515.307
2026-07-22 08:00:00+00:00,65812.3,66131.8,65810.3,65987.3,6228.914
2026-07-22 12:00:00+00:00,65987.3,66175.4,65509.8,66008.2,14537.799
2026-07-22 16:00:00+00:00,66008.2,66364.7,65647.8,65883.7,8521.88
2026-07-22 20:00:00+00:00,65883.7,66100.0,65757.8,66080.8,4120.253
2026-07-23 00:00:00+00:00,66080.8,66285.5,65536.8,65621.7,6200.359
2026-07-23 04:00:00+00:00,65621.7,65784.7,65314.9,65402.7,6227.678
2026-07-23 08:00:00+00:00,65402.7,65756.7,65369.7,65530.1,4349.376
2026-07-23 12:00:00+00:00,65530.1,65558.1,64684.0,64927.2,18377.606
2026-07-23 16:00:00+00:00,64927.2,64932.2,64581.8,64819.5,7468.892
2026-07-23 20:00:00+00:00,64819.5,65198.3,64805.2,65065.8,6135.541
2026-07-24 00:00:00+00:00,65065.8,65442.3,64712.8,65419.9,7471.44
2026-07-24 04:00:00+00:00,65419.9,65784.7,65207.7,65472.8,7877.268
2026-07-24 08:00:00+00:00,65472.8,65488.0,64815.1,65047.8,7229.031
2026-07-24 12:00:00+00:00,65047.8,65109.8,63700.7,64059.8,29661.803
2026-07-24 16:00:00+00:00,64059.8,64255.1,63845.0,64192.3,6057.446
2026-07-24 20:00:00+00:00,64192.3,64249.7,64081.0,64113.0,2511.885
2026-07-25 00:00:00+00:00,64113.0,64145.0,63975.0,64044.3,2481.467
2026-07-25 04:00:00+00:00,64044.3,64171.9,63910.0,63967.6,2397.38
2026-07-25 08:00:00+00:00,63967.6,64072.0,63750.1,64029.1,3797.371
2026-07-25 12:00:00+00:00,64029.1,64241.2,63996.0,64145.5,2455.633
2026-07-25 16:00:00+00:00,64145.5,64422.4,64075.6,64355.3,4048.19
2026-07-25 20:00:00+00:00,64355.3,64406.7,64215.9,64335.1,2347.872
2026-07-26 00:00:00+00:00,64335.1,64550.9,64313.1,64516.0,2305.673
2026-07-26 04:00:00+00:00,64516.0,64568.9,64256.8,64342.3,2992.859
2026-07-26 08:00:00+00:00,64342.3,64550.0,64318.1,64479.7,2273.044
2026-07-26 12:00:00+00:00,64479.7,64800.0,64375.6,64733.1,6266.968
2026-07-26 16:00:00+00:00,64733.1,64912.0,64634.7,64667.5,3558.029
2026-07-26 20:00:00+00:00,64667.5,65559.4,64601.6,65376.0,10288.893
2026-07-27 00:00:00+00:00,65376.0,65398.1,64868.1,65259.3,6093.855
2026-07-27 04:00:00+00:00,65259.3,65749.2,65183.9,65201.4,7436.033
2026-07-27 08:00:00+00:00,65201.4,65406.2,65051.2,65072.6,4891.661
2026-07-27 12:00:00+00:00,65072.6,65692.9,64374.1,64514.6,22499.194
2026-07-27 16:00:00+00:00,64514.6,65069.6,64476.4,64946.7,7622.76
2026-07-27 20:00:00+00:00,64946.7,65025.1,63565.0,63724.5,13889.316
2026-07-28 00:00:00+00:00,63724.5,63793.6,63023.1,63310.3,13866.646
2026-07-28 04:00:00+00:00,63310.3,63630.0,63183.4,63465.8,6198.336
2026-07-28 08:00:00+00:00,63465.8,63567.5,63250.1,63427.3,6755.86
2026-07-28 12:00:00+00:00,63427.3,64048.7,62707.4,63899.8,23112.764
2026-07-28 16:00:00+00:00,63899.8,64087.5,63471.3,63872.3,8519.175
2026-07-28 20:00:00+00:00,63872.3,64047.8,63525.0,63901.7,6901.469
2026-07-29 00:00:00+00:00,63901.7,64174.2,63622.4,63719.9,7645.014
2026-07-29 04:00:00+00:00,63719.9,64540.8,63557.2,64537.9,8440.739
2026-07-29 08:00:00+00:00,64537.9,64721.3,64240.0,64484.7,8064.574
2026-07-29 12:00:00+00:00,64484.7,64690.3,63860.2,63941.4,15121.267
2026-07-29 16:00:00+00:00,63941.4,64733.0,63464.8,63556.1,28509.624
2026-07-29 20:00:00+00:00,63556.1,64098.8,63176.0,63952.6,12052.917
2026-07-30 00:00:00+00:00,63952.6,64390.0,63580.0,64141.4,7448.58
2026-07-30 04:00:00+00:00,64141.4,64166.0,63879.9,63984.1,4494.086
2026-07-30 08:00:00+00:00,63984.1,64868.6,63950.0,64758.0,8494.913
2026-07-30 12:00:00+00:00,64758.0,65186.3,64569.3,64700.0,13457.855
2026-07-30 16:00:00+00:00,64700.0,64965.0,64654.3,64776.5,4202.061
2026-07-30 20:00:00+00:00,64776.5,65080.0,64635.3,64751.1,6959.797
2026-07-31 00:00:00+00:00,64751.1,65391.6,64139.3,64334.4,14229.458
2026-07-31 04:00:00+00:00,64334.4,64458.0,63785.4,63905.1,9021.045
2026-07-31 08:00:00+00:00,63905.1,63982.8,63567.3,63773.3,8359.242
2026-07-31 12:00:00+00:00,63773.3,63801.0,62384.9,62691.0,30001.68
2026-07-31 16:00:00+00:00,62691.0,63268.2,62677.0,62939.3,8789.04
2026-07-31 20:00:00+00:00,62939.3,63030.0,62804.4,62857.8,3551.007
2026-08-01 00:00:00+00:00,62857.8,63070.0,62856.6,62974.2,2471.031
2026-08-01 04:00:00+00:00,62974.2,63110.3,62963.0,63011.1,1699.181
2026-08-01 08:00:00+00:00,63011.1,63118.3,62950.4,63049.0,1752.842
2026-08-01 12:00:00+00:00,63049.0,63109.5,62968.0,62972.7,1608.332
2026-08-01 16:00:00+00:00,62972.7,62999.6,62240.0,62496.8,11128.981
2026-08-01 20:00:00+00:00,62496.8,62843.3,62453.3,62790.3,4026.862
2026-08-02 00:00:00+00:00,62790.3,63550.5,62782.1,63439.9,11164.013
2026-08-02 04:00:00+00:00,63439.9,63617.2,63376.6,63469.1,3669.961
2026-08-02 08:00:00+00:00,63469.1,63508.1,62953.0,62999.8,6664.705
2026-08-02 12:00:00+00:00,62999.8,63217.1,62970.0,63074.8,3335.049
2026-08-02 16:00:00+00:00,63074.8,63590.0,63030.1,63424.9,4407.599
2026-08-02 20:00:00+00:00,63424.9,63770.0,63304.8,63545.9,6677.529
2026-08-03 00:00:00+00:00,63545.9,63574.4,62741.8,62830.0,6897.127
2026-08-03 04:00:00+00:00,62830.0,62968.3,62500.0,62591.5,7909.192
2026-08-03 08:00:00+00:00,62591.5,62832.0,62266.6,62533.9,10271.0
2026-08-03 12:00:00+00:00,62533.9,63970.0,62404.4,63661.8,28140.917
2026-08-03 16:00:00+00:00,63661.8,64067.8,63624.2,63838.2,8442.617
2026-08-03 20:00:00+00:00,63838.2,64000.0,63361.2,63504.0,6158.074
2026-08-04 00:00:00+00:00,63504.0,63964.5,63286.4,63776.3,8434.264
2026-08-04 04:00:00+00:00,63776.3,64230.0,63474.7,63662.7,9513.254
2026-08-04 08:00:00+00:00,63662.7,63920.0,63423.9,63891.1,5733.39
2026-08-04 12:00:00+00:00,63891.1,64269.1,63581.5,64095.0,14991.106
2026-08-04 16:00:00+00:00,64095.0,64388.3,63857.6,64206.0,8228.251
2026-08-04 20:00:00+00:00,64206.0,64500.0,63977.0,64076.5,8399.387
2026-08-05 00:00:00+00:00,64076.5,64488.0,63918.5,64153.9,9273.331
2026-08-05 04:00:00+00:00,64153.9,64500.0,63958.7,64141.4,6327.017
2026-08-05 08:00:00+00:00,64141.4,64262.4,63984.0,64045.0,4065.196
2026-08-05 12:00:00+00:00,64045.0,64717.5,63850.0,64352.0,26372.927
2026-08-05 16:00:00+00:00,64352.0,64912.3,64352.0,64806.4,8551.881
2026-08-05 20:00:00+00:00,64806.4,65000.0,64543.8,64627.3,7497.4
2026-08-06 00:00:00+00:00,64627.3,64691.0,64405.0,64493.9,4204.001
2026-08-06 04:00:00+00:00,64493.9,64980.0,64462.5,64791.2,5849.288
2026-08-06 08:00:00+00:00,64791.2,64977.0,64471.4,64591.8,7314.907
2026-08-06 12:00:00+00:00,64591.8,64961.0,64137.1,64600.7,17551.227
2026-08-06 16:00:00+00:00,64600.7,64807.7,64315.7,64412.4,5876.467
2026-08-06 20:00:00+00:00,64412.4,64502.3,64155.0,64288.4,4133.068
2026-08-07 00:00:00+00:00,64288.4,64528.4,64191.7,64257.1,6009.453
2026-08-07 04:00:00+00:00,64257.1,64435.3,64112.0,64288.8,6561.709
2026-08-07 08:00:00+00:00,64288.8,65198.3,64266.4,65001.8,14903.419
2026-08-07 12:00:00+00:00,65001.8,65366.8,64751.9,64889.9,21625.757
2026-08-07 16:00:00+00:00,64889.9,65050.0,64494.7,64922.5,9245.032
2026-08-07 20:00:00+00:00,64922.5,65080.0,64800.7,64883.1,2594.304
2026-08-08 00:00:00+00:00,64883.1,65048.9,64773.4,64998.7,2414.18
2026-08-08 04:00:00+00:00,64998.7,65034.8,64919.5,64934.4,1338.992
2026-08-08 08:00:00+00:00,64934.4,65022.5,64915.2,64930.5,1412.619
2026-08-08 12:00:00+00:00,64930.5,65175.3,64880.0,65043.1,3186.511
2026-08-08 16:00:00+00:00,65043.1,65129.3,64975.4,65036.9,1455.184
2026-08-08 20:00:00+00:00,65036.9,65060.4,64896.7,64929.4,1240.856
2026-08-09 00:00:00+00:00,64929.4,64974.8,64694.4,64758.4,3279.419
2026-08-09 04:00:00+00:00,64758.4,64830.7,64741.6,64792.4,1966.367
2026-08-09 08:00:00+00:00,64792.4,64979.9,64761.0,64921.7,2819.117
2026-08-09 12:00:00+00:00,64921.7,65282.3,64863.4,65203.0,6060.512
2026-08-09 16:00:00+00:00,65203.0,65238.8,65146.0,65154.1,1395.57
2026-08-09 20:00:00+00:00,65154.1,65547.0,64801.1,64863.5,8436.613
2026-08-10 00:00:00+00:00,64863.5,65372.7,64791.0,64948.7,8383.758
2026-08-10 04:00:00+00:00,64948.7,65344.9,64892.7,65183.8,4081.895
2026-08-10 08:00:00+00:00,65183.8,65300.0,64924.2,65100.3,4725.418
2026-08-10 12:00:00+00:00,65100.3,65215.8,64142.2,64256.0,23441.475
2026-08-10 16:00:00+00:00,64256.0,64326.5,63779.2,64020.0,15833.003
2026-08-10 20:00:00+00:00,64020.0,64174.4,63880.8,63946.8,3573.051
2026-08-11 00:00:00+00:00,63946.8,64154.4,63855.9,64112.5,3169.613
2026-08-11 04:00:00+00:00,64112.5,64128.9,63804.1,64034.9,3962.71
2026-08-11 08:00:00+00:00,64034.9,64376.7,64011.4,64350.0,5357.438
2026-08-11 12:00:00+00:00,64350.0,64486.3,63395.2,63580.7,19434.475
2026-08-11 16:00:00+00:00,63580.7,63643.8,63183.1,63503.3,11029.08
2026-08-11 20:00:00+00:00,63503.3,63744.5,63503.3,63560.5,7118.132
2026-08-12 00:00:00+00:00,63560.5,63879.1,63494.2,63800.0,4322.057
2026-08-12 04:00:00+00:00,63800.0,63867.7,63570.1,63800.3,4445.19
2026-08-12 08:00:00+00:00,63800.3,64224.2,63738.5,64209.8,8339.366
2026-08-12 12:00:00+00:00,64209.8,64477.0,63280.0,63413.0,24699.783
2026-08-12 16:00:00+00:00,63413.0,63546.0,63260.1,63396.0,5521.354
2026-08-12 20:00:00+00:00,63396.0,63633.0,63330.0,63450.8,4130.381
2026-08-13 00:00:00+00:00,63450.8,63690.0,63341.7,63622.1,5318.005
2026-08-13 04:00:00+00:00,63622.1,63994.4,63563.0,63838.0,6865.3
2026-08-13 08:00:00+00:00,63838.0,63887.8,63317.5,63459.7,9006.882
2026-08-13 12:00:00+00:00,63459.7,63975.7,63386.0,63386.0,11671.243
2026-08-13 16:00:00+00:00,63386.0,63548.0,62810.5,63388.5,18121.185
2026-08-13 20:00:00+00:00,63388.5,63617.0,63337.4,63461.9,4574.563
2026-08-14 00:00:00+00:00,63461.9,63597.6,63268.0,63288.2,3927.181
2026-08-14 04:00:00+00:00,63288.2,63451.5,62870.1,62870.2,9983.412
2026-08-14 08:00:00+00:00,62870.2,62953.8,62651.0,62834.7,11657.216
2026-08-14 12:00:00+00:00,62834.7,63058.2,62505.1,62952.3,12783.858
2026-08-14 16:00:00+00:00,62952.3,63218.0,62796.3,62935.4,7707.987
2026-08-14 20:00:00+00:00,62935.4,63040.0,62761.8,63018.5,2685.33
2026-08-15 00:00:00+00:00,63018.5,63159.9,62961.1,63026.1,2032.52
2026-08-15 04:00:00+00:00,63026.1,63129.4,63000.8,63047.1,1745.888
2026-08-15 08:00:00+00:00,63047.1,63056.0,62883.3,62989.9,2009.994
2026-08-15 12:00:00+00:00,62989.9,63099.7,62914.5,63065.7,1777.069
2026-08-15 16:00:00+00:00,63065.7,63095.2,63000.1,63095.2,1120.337
2026-08-15 20:00:00+00:00,63095.2,63146.0,63041.6,63059.2,1266.25
2026-08-16 00:00:00+00:00,63059.2,63126.3,62970.1,63098.1,1888.294
2026-08-16 04:00:00+00:00,63098.1,63130.4,63003.8,63027.4,1031.016
2026-08-16 08:00:00+00:00,63027.4,63040.1,62930.2,62987.0,1315.438
2026-08-16 12:00:00+00:00,62987.0,63116.8,62959.0,63111.0,1215.058
2026-08-16 16:00:00+00:00,63111.0,63366.0,63056.9,63075.8,4207.757
2026-08-16 20:00:00+00:00,63075.8,63112.6,62676.4,62873.2,5424.207
2026-08-17 00:00:00+00:00,62873.2,63500.0,62711.4,63399.9,9148.644
2026-08-17 04:00:00+00:00,63399.9,63715.8,63399.9,63502.0,9606.49
2026-08-17 08:00:00+00:00,63502.0,63766.4,63270.1,63594.9,8325.071
2026-08-17 12:00:00+00:00,63594.9,64197.1,63411.0,64171.2,15147.915
2026-08-17 16:00:00+00:00,64171.2,64664.0,63939.1,64275.1,14885.214
2026-08-17 20:00:00+00:00,64275.1,64548.0,64231.0,64498.1,4322.793
2026-08-18 00:00:00+00:00,64498.1,64535.9,64007.6,64144.2,5978.688
2026-08-18 04:00:00+00:00,64144.2,64430.4,64055.0,64172.0,5601.377
2026-08-18 08:00:00+00:00,64172.0,64377.0,64051.3,64323.1,3810.096
2026-08-18 12:00:00+00:00,64323.1,65041.7,64017.8,64832.4,18481.845
2026-08-18 16:00:00+00:00,64832.4,64868.7,64610.5,64617.0,5839.721
2026-08-18 20:00:00+00:00,64617.0,64757.9,64530.7,64693.2,3292.61
2026-08-19 00:00:00+00:00,64693.2,64710.1,64241.9,64293.5,6645.788
2026-08-19 04:00:00+00:00,64293.5,64380.0,64136.0,64271.0,5244.909
2026-08-19 08:00:00+00:00,64271.0,64510.9,64215.6,64479.0,4597.165
2026-08-19 12:00:00+00:00,64479.0,69893.2,64437.4,68523.3,85688.957
2026-08-19 16:00:00+00:00,68523.3,69000.0,67792.4,68399.9,22353.639
2026-08-19 20:00:00+00:00,68399.9,70052.6,68350.7,69305.0,27487.188
2026-08-20 00:00:00+00:00,69305.0,69899.5,68875.0,69173.8,12439.208
2026-08-20 04:00:00+00:00,69173.8,70018.0,69145.6,69820.2,10739.551
2026-08-20 08:00:00+00:00,69820.2,72516.8,69777.1,71884.6,41352.544
2026-08-20 12:00:00+00:00,71884.6,72825.6,71028.8,72432.8,28289.074
2026-08-20 16:00:00+00:00,72432.8,72947.5,72167.0,72648.1,13275.127
2026-08-20 20:00:00+00:00,72648.1,73399.7,72439.7,72992.3,12013.747
2026-08-21 00:00:00+00:00,72992.3,75750.0,72987.5,74482.8,30881.048
2026-08-21 04:00:00+00:00,74482.8,76913.0,74482.8,76312.4,26842.548
2026-08-21 08:00:00+00:00,76312.4,79559.2,76260.7,76753.7,52025.807
2026-08-21 12:00:00+00:00,76753.7,77896.3,76219.0,77224.7,22045.2
2026-08-21 16:00:00+00:00,77224.7,77704.1,76602.8,76985.9,11030.663
2026-08-21 20:00:00+00:00,76985.9,78751.9,76796.3,78307.5,14198.265
2026-08-22 00:00:00+00:00,78307.5,78826.9,77621.5,78387.6,9471.216
2026-08-22 04:00:00+00:00,78387.6,78800.0,76451.4,77278.0,19707.487
2026-08-22 08:00:00+00:00,77278.0,77424.2,76511.1,77126.3,9409.658
2026-08-22 12:00:00+00:00,77126.3,77376.3,76853.8,76980.4,4320.524
2026-08-22 16:00:00+00:00,76980.4,77564.3,76960.4,77410.2,4674.404
2026-08-22 20:00:00+00:00,77410.2,77463.0,76755.8,77073.5,3993.196
2026-08-23 00:00:00+00:00,77073.5,77427.8,76820.6,76932.6,4322.896
2026-08-23 04:00:00+00:00,76932.6,77041.9,75550.0,76016.4,14788.472
2026-08-23 08:00:00+00:00,76016.4,77400.0,75959.2,77292.2,9107.296
2026-08-23 12:00:00+00:00,77292.2,77803.9,76698.3,77128.1,11386.05
2026-08-23 16:00:00+00:00,77128.1,77512.4,77074.1,77314.1,4500.899
2026-08-23 20:00:00+00:00,77314.1,78044.4,77161.9,77712.6,7862.389
2026-08-24 00:00:00+00:00,77712.6,77724.4,76836.6,76927.1,8639.719
2026-08-24 04:00:00+00:00,76927.1,77777.0,76606.9,77309.2,8226.174
2026-08-24 08:00:00+00:00,77309.2,78595.6,76800.1,78416.8,15633.297
2026-08-24 12:00:00+00:00,78416.8,79979.2,77733.5,79057.5,37002.222
2026-08-24 16:00:00+00:00,79057.5,79838.6,78369.9,78704.0,18591.499
2026-08-24 20:00:00+00:00,78704.0,79016.9,78510.6,78953.1,5660.473
2026-08-25 00:00:00+00:00,78953.1,81260.0,78675.4,80450.8,20879.911
2026-08-25 04:00:00+00:00,80450.8,80898.0,79261.0,79667.1,11509.734
2026-08-25 08:00:00+00:00,79667.1,80210.0,78831.4,79092.0,12188.36
2026-08-25 12:00:00+00:00,79092.0,79503.4,78041.5,79467.2,21817.819
2026-08-25 16:00:00+00:00,79467.2,79548.0,78664.1,78881.9,9156.046
2026-08-25 20:00:00+00:00,78881.9,78971.1,77800.0,78498.1,15409.938
2026-08-26 00:00:00+00:00,78498.1,79220.0,78239.8,79050.0,7332.736
2026-08-26 04:00:00+00:00,79050.0,79179.6,78588.6,78884.1,5830.058
2026-08-26 08:00:00+00:00,78884.1,79097.6,78190.1,78434.6,8027.568
2026-08-26 12:00:00+00:00,78434.6,78679.1,77553.4,77978.6,17577.141
2026-08-26 16:00:00+00:00,77978.6,78632.3,77805.4,78422.6,8161.541
2026-08-26 20:00:00+00:00,78422.6,79142.3,78149.9,78989.8,6568.996
2026-08-27 00:00:00+00:00,78989.8,79000.0,78500.0,78792.4,4848.682
2026-08-27 04:00:00+00:00,78792.4,79072.5,78558.0,79043.4,4811.832
2026-08-27 08:00:00+00:00,79043.4,80499.0,79010.4,79446.1,18601.464
2026-08-27 12:00:00+00:00,79446.1,80807.0,78877.3,80260.0,20088.423
2026-08-27 16:00:00+00:00,80260.0,80819.0,79700.5,79868.5,12731.747
2026-08-27 20:00:00+00:00,79868.5,80407.0,79829.1,80209.3,4525.029
2026-08-28 00:00:00+00:00,80209.3,81499.9,79610.2,79774.2,14608.701
2026-08-28 04:00:00+00:00,79774.2,79966.7,79491.1,79644.9,7029.483
2026-08-28 08:00:00+00:00,79644.9,79821.9,78951.9,79559.8,9750.719
2026-08-28 12:00:00+00:00,79559.8,79848.9,78240.9,78285.0,28716.15
2026-08-28 16:00:00+00:00,78285.0,78369.4,76824.3,77547.7,26358.809
2026-08-28 20:00:00+00:00,77547.7,77813.3,77213.7,77809.8,5758.687
2026-08-29 00:00:00+00:00,77809.8,77920.0,77461.1,77467.7,4346.525
2026-08-29 04:00:00+00:00,77467.7,77683.0,77342.5,77574.8,3300.53
2026-08-29 08:00:00+00:00,77574.8,77725.0,77438.3,77560.8,2585.462
2026-08-29 12:00:00+00:00,77560.8,78133.4,77469.6,77822.5,5129.345
2026-08-29 16:00:00+00:00,77822.5,78327.6,77812.6,78151.2,4394.388
2026-08-29 20:00:00+00:00,78151.2,78267.4,78011.5,78196.6,1811.707
2026-08-30 00:00:00+00:00,78196.6,78298.0,77946.5,78100.5,2275.282
2026-08-30 04:00:00+00:00,78100.5,78318.8,77921.8,78079.3,1996.768
2026-08-30 08:00:00+00:00,78079.3,78212.6,77922.7,78137.6,2787.109
2026-08-30 12:00:00+00:00,78137.6,78939.8,78137.6,78791.6,10141.008
2026-08-30 16:00:00+00:00,78791.6,79367.5,78666.4,78832.3,9167.104
2026-08-30 20:00:00+00:00,78832.3,78904.6,76900.0,77639.1,15796.237
2026-08-31 00:00:00+00:00,77639.1,78149.0,77336.8,77715.1,10348.316
2026-08-31 04:00:00+00:00,77715.1,78288.0,77417.6,78169.9,8509.886
2026-08-31 08:00:00+00:00,78169.9,78783.0,77941.1,78286.1,9174.328
2026-08-31 12:00:00+00:00,78286.1,78749.1,77560.1,78548.6,20502.228
2026-08-31 16:00:00+00:00,78548.6,79280.8,78448.4,78863.6,10691.933
2026-08-31 20:00:00+00:00,78863.6,79166.7,78359.9,78541.8,5373.832
2026-09-01 00:00:00+00:00,78541.8,78871.9,78124.4,78653.9,7538.747
2026-09-01 04:00:00+00:00,78653.9,79200.0,78470.1,78606.5,7204.653
2026-09-01 08:00:00+00:00,78606.5,78633.9,77714.2,78048.9,12078.846
2026-09-01 12:00:00+00:00,78048.9,78398.4,77385.4,77872.3,16698.613
2026-09-01 16:00:00+00:00,77872.3,77944.8,76364.0,77276.8,18874.756
2026-09-01 20:00:00+00:00,77276.8,77610.3,76859.0,77392.6,7134.855
2026-09-02 00:00:00+00:00,77392.6,77777.9,76680.0,77528.8,8766.999
2026-09-02 04:00:00+00:00,77528.8,77741.1,77255.2,77437.0,5062.275
2026-09-02 08:00:00+00:00,77437.0,77517.3,76199.1,76794.6,14260.834
2026-09-02 12:00:00+00:00,76794.6,77460.0,76573.3,77262.6,15024.064
2026-09-02 16:00:00+00:00,77262.6,77548.1,76905.0,77298.6,7530.493
2026-09-02 20:00:00+00:00,77298.6,77490.0,76967.9,77298.1,4505.38
2026-09-03 00:00:00+00:00,77298.1,77884.9,76923.0,77669.8,7398.602
2026-09-03 04:00:00+00:00,77669.8,78149.0,77062.1,77630.8,10649.99
2026-09-03 08:00:00+00:00,77630.8,78044.1,77421.2,77903.5,7400.043
2026-09-03 12:00:00+00:00,77903.5,81350.0,77843.1,81321.4,37852.007
2026-09-03 16:00:00+00:00,81321.4,81771.4,80587.1,81713.9,16933.138
2026-09-03 20:00:00+00:00,81713.9,82276.6,80850.0,81224.6,13960.029
2026-09-04 00:00:00+00:00,81224.6,81399.0,80631.6,80803.2,7585.43
2026-09-04 04:00:00+00:00,80803.2,81261.0,80535.5,80626.2,6997.924
2026-09-04 08:00:00+00:00,80626.2,81388.0,80467.5,81187.7,8993.47
2026-09-04 12:00:00+00:00,81187.7,81338.1,78603.9,79384.9,33501.174
2026-09-04 16:00:00+00:00,79384.9,79840.4,79300.0,79738.6,6745.886
2026-09-04 20:00:00+00:00,79738.6,79827.8,79468.8,79621.0,3104.81
2026-09-05 00:00:00+00:00,79621.0,79689.5,79438.0,79546.3,2466.853
2026-09-05 04:00:00+00:00,79546.3,79728.9,79394.1,79666.0,2073.221
2026-09-05 08:00:00+00:00,79666.0,79699.5,79526.1,79571.8,1848.373
2026-09-05 12:00:00+00:00,79571.8,79780.2,79499.0,79756.4,2477.383
2026-09-05 16:00:00+00:00,79756.4,80188.1,79649.0,79705.5,5607.019
2026-09-05 20:00:00+00:00,79705.5,79898.3,79640.0,79795.3,2674.328
2026-09-06 00:00:00+00:00,79795.3,80067.0,79782.3,79991.0,3150.353
2026-09-06 04:00:00+00:00,79991.0,80082.0,79483.3,79773.6,4817.862
2026-09-06 08:00:00+00:00,79773.6,79997.1,79721.9,79882.4,2641.144
2026-09-06 12:00:00+00:00,79882.4,79978.0,79132.2,79675.0,6215.441
2026-09-06 16:00:00+00:00,79675.0,79948.2,79546.0,79780.0,2971.42
2026-09-06 20:00:00+00:00,79780.0,80522.7,79603.8,80299.6,6505.643
2026-09-07 00:00:00+00:00,80299.6,80413.0,79520.6,79559.4,8200.805
2026-09-07 04:00:00+00:00,79559.4,79880.7,78924.0,79353.0,8104.374
2026-09-07 08:00:00+00:00,79353.0,79514.3,79231.4,79375.6,4309.974
2026-09-07 12:00:00+00:00,79375.6,79612.8,78633.3,78787.8,9608.001
2026-09-07 16:00:00+00:00,78787.8,79378.8,78764.8,79325.0,4228.457
2026-09-07 20:00:00+00:00,79325.0,79362.0,78731.2,79072.5,3963.899
2026-09-08 00:00:00+00:00,79072.5,79472.2,78667.1,78869.4,6091.429
2026-09-08 04:00:00+00:00,78869.4,78898.0,78116.2,78442.6,11820.374
2026-09-08 08:00:00+00:00,78442.6,78978.0,78244.3,78386.8,9296.782
2026-09-08 12:00:00+00:00,78386.8,78890.0,77579.4,78871.7,15627.607
2026-09-08 16:00:00+00:00,78871.7,78955.0,78228.8,78405.8,7264.162
2026-09-08 20:00:00+00:00,78405.8,78635.2,78359.6,78425.6,3368.554
2026-09-09 00:00:00+00:00,78425.6,78900.0,78421.2,78599.8,3754.824
2026-09-09 04:00:00+00:00,78599.8,79376.6,78599.8,79245.9,7911.008
2026-09-09 08:00:00+00:00,79245.9,79743.8,78707.0,79287.8,10404.211
2026-09-09 12:00:00+00:00,79287.8,79657.6,78018.7,78571.9,19031.687
2026-09-09 16:00:00+00:00,78571.9,78900.0,78100.1,78193.7,7355.579
2026-09-09 20:00:00+00:00,78193.7,78316.3,77716.7,78263.4,7777.807
2026-09-10 00:00:00+00:00,78263.4,78508.8,77905.2,78289.2,6093.186
2026-09-10 04:00:00+00:00,78289.2,78536.7,77828.5,78062.3,6593.861
2026-09-10 08:00:00+00:00,78062.3,78200.0,77650.9,77810.0,5933.256
2026-09-10 12:00:00+00:00,77810.0,77960.0,76607.0,77224.0,23711.058
2026-09-10 16:00:00+00:00,77224.0,77514.8,76759.9,77134.2,9184.45
2026-09-10 20:00:00+00:00,77134.2,77320.0,76394.1,76535.2,6877.644
2026-09-11 00:00:00+00:00,76535.2,76996.2,76521.6,76857.7,4718.391
2026-09-11 04:00:00+00:00,76857.7,77395.2,76842.4,77180.8,5158.716
2026-09-11 08:00:00+00:00,77180.8,77469.5,76709.0,77003.5,6610.324
2026-09-11 12:00:00+00:00,77003.5,79909.7,75903.0,77686.0,46074.473
2026-09-11 16:00:00+00:00,77686.0,78035.7,76840.1,77243.9,13435.887
2026-09-11 20:00:00+00:00,77243.9,77470.0,76911.1,77178.6,5352.965
2026-09-12 00:00:00+00:00,77178.6,77340.0,77156.5,77239.9,1733.429
2026-09-12 04:00:00+00:00,77239.9,77320.0,77130.1,77234.3,2033.19
2026-09-12 08:00:00+00:00,77234.3,77362.8,77227.4,77325.7,1775.629
2026-09-12 12:00:00+00:00,77325.7,77482.5,77159.3,77350.1,3199.894
2026-09-12 16:00:00+00:00,77350.1,77386.2,77022.6,77088.3,2371.988
2026-09-12 20:00:00+00:00,77088.3,77270.0,77088.3,77244.7,1493.162
2026-09-13 00:00:00+00:00,77244.7,77318.1,77125.8,77164.1,1732.969
2026-09-13 04:00:00+00:00,77164.1,77289.8,77006.5,77082.9,1802.054
2026-09-13 08:00:00+00:00,77082.9,77144.5,76425.0,76747.6,6031.972
2026-09-13 12:00:00+00:00,76747.6,77238.8,76517.1,77100.1,5345.077
2026-09-13 16:00:00+00:00,77100.1,77399.6,77097.1,77252.9,2959.402
2026-09-13 20:00:00+00:00,77252.9,77443.0,76584.7,76789.0,6699.054
2026-09-14 00:00:00+00:00,76789.0,77836.7,76305.4,77568.6,10595.44
2026-09-14 04:00:00+00:00,77568.6,77888.9,77313.0,77850.5,6186.545
2026-09-14 08:00:00+00:00,77850.5,78344.3,77561.6,77746.0,9064.598
2026-09-14 12:00:00+00:00,77746.0,78680.0,77429.5,78542.8,17300.913
2026-09-14 16:00:00+00:00,78542.8,79296.0,78390.1,78950.9,12002.833
2026-09-14 20:00:00+00:00,78950.9,79577.3,78081.5,78158.1,10359.039
2026-09-15 00:00:00+00:00,78158.1,78226.1,77613.2,77648.5,7891.017
2026-09-15 04:00:00+00:00,77648.5,77715.3,76837.8,76890.1,10054.625
2026-09-15 08:00:00+00:00,76890.1,77184.8,76667.4,76887.1,9072.898
2026-09-15 12:00:00+00:00,76887.1,77093.6,75559.4,76476.9,22171.623
2026-09-15 16:00:00+00:00,76476.9,77320.0,74919.6,76149.0,30018.402
2026-09-15 20:00:00+00:00,76149.0,76210.1,75097.6,75608.0,9936.744
2026-09-16 00:00:00+00:00,75608.0,76095.4,75426.5,75794.7,5549.586
2026-09-16 04:00:00+00:00,75794.7,76067.0,75640.1,75719.8,5510.619
2026-09-16 08:00:00+00:00,75719.8,76285.5,75306.5,76206.7,8321.435
2026-09-16 12:00:00+00:00,76206.7,76272.8,75383.1,75753.0,12567.159
2026-09-16 16:00:00+00:00,75753.0,76529.1,75000.5,76034.6,29854.952
2026-09-16 20:00:00+00:00,76034.6,76397.0,75605.0,76169.9,6469.759
2026-09-17 00:00:00+00:00,76169.9,76748.8,76016.1,76402.3,6914.282
2026-09-17 04:00:00+00:00,76402.3,76660.0,76139.7,76434.7,5138.73
2026-09-17 08:00:00+00:00,76434.7,76783.1,76134.0,76448.6,6812.857
2026-09-17 12:00:00+00:00,76448.6,77144.0,75981.0,76745.8,20568.97
2026-09-17 16:00:00+00:00,76745.8,76945.5,76428.9,76559.4,6322.727
2026-09-17 20:00:00+00:00,76559.4,76708.2,76205.0,76385.1,4188.19
2026-09-18 00:00:00+00:00,76385.1,77572.7,76242.5,77343.7,8705.919
2026-09-18 04:00:00+00:00,77343.7,77824.5,77181.6,77781.1,9842.528
2026-09-18 08:00:00+00:00,77781.1,78470.0,77620.6,78034.9,13698.523
2026-09-18 12:00:00+00:00,78034.9,81157.8,77932.0,80705.4,36600.582
2026-09-18 16:00:00+00:00,80705.4,81389.9,80535.0,81172.9,14340.666
2026-09-18 20:00:00+00:00,81172.9,81356.7,80821.0,80870.4,7072.856
2026-09-19 00:00:00+00:00,80870.4,81735.0,80807.5,81094.0,7133.492
2026-09-19 04:00:00+00:00,81094.0,81225.4,80888.9,81087.4,3636.165
2026-09-19 08:00:00+00:00,81087.4,81499.0,81040.0,81281.1,4492.557
2026-09-19 12:00:00+00:00,81281.1,81954.6,81140.6,81610.9,6655.342
2026-09-19 16:00:00+00:00,81610.9,81872.3,81264.0,81324.2,5735.673
2026-09-19 20:00:00+00:00,81324.2,81398.8,80861.1,81234.9,4465.617
2026-09-20 00:00:00+00:00,81234.9,81311.3,80092.3,80460.9,8427.413
2026-09-20 04:00:00+00:00,80460.9,80640.5,80175.2,80274.5,4606.431
2026-09-20 08:00:00+00:00,80274.5,80558.2,80125.8,80443.0,4465.928
2026-09-20 12:00:00+00:00,80443.0,80940.8,80285.1,80870.9,5550.929
2026-09-20 16:00:00+00:00,80870.9,81479.4,80760.9,81153.5,7919.957
2026-09-20 20:00:00+00:00,81153.5,81313.7,80550.0,81141.1,6545.95
2026-09-21 00:00:00+00:00,81141.1,82080.0,80820.0,81398.6,13308.076
2026-09-21 04:00:00+00:00,81398.6,81855.0,81188.2,81704.8,6745.235
2026-09-21 08:00:00+00:00,81704.8,85349.9,81699.2,84858.8,38573.958
2026-09-21 12:00:00+00:00,84858.8,86325.7,84736.7,85879.7,29809.132
2026-09-21 16:00:00+00:00,85879.7,86887.9,85561.9,86456.7,14837.882
2026-09-21 20:00:00+00:00,86456.7,87383.6,86266.0,86579.8,12671.171
2026-09-22 00:00:00+00:00,86579.8,86595.1,85268.3,85653.4,12917.775
