timestamp,open,high,low,close,volume
2024-01-26 00:00:00+00:00,2217.89,2237.99,2210.02,2222.45,61032.2
2024-01-26 04:00:00+00:00,2222.45,2228.81,2194.28,2196.26,61172.42
2024-01-26 08:00:00+00:00,2196.26,2259.89,2194.54,2253.12,193470.77
2024-01-26 12:00:00+00:00,2253.12,2264.95,2233.31,2256.95,153477.55
2024-01-26 16:00:00+00:00,2256.95,2281.86,2249.18,2257.3,202866.58
2024-01-26 20:00:00+00:00,2257.3,2271.22,2251.1,2267.08,76643.46
2024-01-27 00:00:00+00:00,2267.08,2282.86,2264.78,2273.63,47951.15
2024-01-27 04:00:00+00:00,2273.63,2276.51,2252.09,2257.96,45277.67
2024-01-27 08:00:00+00:00,2257.96,2270.97,2250.1,2265.43,60340.9
2024-01-27 12:00:00+00:00,2265.43,2274.08,2261.44,2269.37,32406.61
2024-01-27 16:00:00+00:00,2269.37,2277.18,2260.24,2271.78,44218.37
2024-01-27 20:00:00+00:00,2271.78,2275.0,2260.02,2266.88,53836.58
2024-01-28 00:00:00+00:00,2266.88,2288.0,2261.98,2285.64,59512.08
2024-01-28 04:00:00+00:00,2285.64,2307.48,2279.83,2281.42,91241.71
2024-01-28 08:00:00+00:00,2281.42,2300.81,2275.11,2279.88,60657.5
2024-01-28 12:00:00+00:00,2279.88,2284.99,2260.23,2268.7,93102.71
2024-01-28 16:00:00+00:00,2268.7,2274.92,2245.02,2252.77,78744.05
2024-01-28 20:00:00+00:00,2252.77,2265.74,2236.32,2255.56,50042.48
2024-01-29 00:00:00+00:00,2255.56,2276.96,2249.13,2270.74,40853.34
2024-01-29 04:00:00+00:00,2270.74,2272.89,2256.85,2258.12,32487.96
2024-01-29 08:00:00+00:00,2258.12,2276.38,2252.43,2263.52,50477.21
2024-01-29 12:00:00+00:00,2263.52,2275.0,2231.47,2274.67,140258.74
2024-01-29 16:00:00+00:00,2274.67,2314.22,2263.75,2292.52,200713.82
2024-01-29 20:00:00+00:00,2292.52,2322.78,2291.2,2316.7,63519.48
2024-01-30 00:00:00+00:00,2316.7,2327.29,2302.69,2310.12,63228.4
2024-01-30 04:00:00+00:00,2310.12,2313.44,2299.14,2307.93,51747.74
2024-01-30 08:00:00+00:00,2307.93,2316.82,2301.46,2312.84,42385.19
2024-01-30 12:00:00+00:00,2312.84,2347.93,2292.82,2340.24,198771.2
2024-01-30 16:00:00+00:00,2340.24,2380.84,2335.0,2374.17,203907.02
2024-01-30 20:00:00+00:00,2374.17,2392.1,2335.59,2341.66,117479.18
2024-01-31 00:00:00+00:00,2341.66,2351.06,2325.6,2342.22,94799.04
2024-01-31 04:00:00+00:00,2342.22,2344.0,2328.5,2340.01,42510.34
2024-01-31 08:00:00+00:00,2340.01,2343.37,2278.44,2298.34,160887.6
2024-01-31 12:00:00+00:00,2298.34,2332.87,2290.04,2328.16,145347.08
2024-01-31 16:00:00+00:00,2328.16,2349.67,2307.0,2322.35,149752.39
2024-01-31 20:00:00+00:00,2322.35,2323.8,2261.0,2281.8,145371.43
2024-02-01 00:00:00+00:00,2281.8,2288.55,2236.64,2256.04,120743.41
2024-02-01 04:00:00+00:00,2256.04,2276.79,2250.6,2270.88,45360.83
2024-02-01 08:00:00+00:00,2270.88,2277.32,2264.01,2265.11,38901.23
2024-02-01 12:00:00+00:00,2265.11,2307.89,2261.87,2287.51,124265.84
2024-02-01 16:00:00+00:00,2287.51,2311.96,2266.26,2303.45,115234.25
2024-02-01 20:00:00+00:00,2303.45,2308.61,2285.01,2302.58,41588.48
2024-02-02 00:00:00+00:00,2302.58,2319.99,2297.1,2300.21,55484.68
2024-02-02 04:00:00+00:00,2300.21,2318.86,2295.08,2312.11,40136.14
2024-02-02 08:00:00+00:00,2312.11,2318.46,2303.4,2317.03,42573.85
2024-02-02 12:00:00+00:00,2317.03,2324.22,2280.73,2313.09,151030.5
2024-02-02 16:00:00+00:00,2313.09,2323.0,2284.47,2299.99,108059.52
2024-02-02 20:00:00+00:00,2299.99,2308.94,2293.54,2307.85,28866.15
2024-02-03 00:00:00+00:00,2307.85,2329.0,2305.73,2320.18,56224.14
2024-02-03 04:00:00+00:00,2320.18,2324.23,2312.2,2312.81,25696.38
2024-02-03 08:00:00+00:00,2312.81,2314.94,2298.0,2301.88,38601.99
2024-02-03 12:00:00+00:00,2301.88,2308.4,2290.58,2302.43,43123.48
2024-02-03 16:00:00+00:00,2302.43,2312.75,2295.21,2302.54,39670.13
2024-02-03 20:00:00+00:00,2302.54,2304.99,2292.2,2295.14,16091.87
2024-02-04 00:00:00+00:00,2295.14,2305.6,2288.52,2301.9,19290.19
2024-02-04 04:00:00+00:00,2301.9,2303.24,2284.71,2289.17,33146.56
2024-02-04 08:00:00+00:00,2289.17,2308.77,2285.05,2304.09,37851.04
2024-02-04 12:00:00+00:00,2304.09,2308.79,2296.06,2300.75,27188.66
2024-02-04 16:00:00+00:00,2300.75,2307.83,2263.6,2278.37,84658.69
2024-02-04 20:00:00+00:00,2278.37,2310.57,2272.39,2288.1,89854.41
2024-02-05 00:00:00+00:00,2288.1,2297.57,2266.84,2295.17,50961.9
2024-02-05 04:00:00+00:00,2295.17,2311.99,2288.54,2309.94,51491.12
2024-02-05 08:00:00+00:00,2309.94,2332.68,2309.93,2328.53,81575.28
2024-02-05 12:00:00+00:00,2328.53,2337.8,2291.34,2296.54,105678.04
2024-02-05 16:00:00+00:00,2296.54,2311.42,2288.55,2303.43,67588.73
2024-02-05 20:00:00+00:00,2303.43,2304.99,2281.45,2300.26,53232.4
2024-02-06 00:00:00+00:00,2300.26,2328.47,2297.65,2315.85,58322.98
2024-02-06 04:00:00+00:00,2315.85,2326.61,2307.23,2325.61,48285.62
2024-02-06 08:00:00+00:00,2325.61,2343.98,2315.83,2324.43,116470.36
2024-02-06 12:00:00+00:00,2324.43,2348.83,2311.25,2342.69,134787.67
2024-02-06 16:00:00+00:00,2342.69,2379.84,2339.98,2377.92,127923.48
2024-02-06 20:00:00+00:00,2377.92,2392.0,2370.36,2371.36,93291.36
2024-02-07 00:00:00+00:00,2371.36,2389.45,2361.4,2363.09,66407.24
2024-02-07 04:00:00+00:00,2363.09,2367.17,2353.0,2360.93,56685.2
2024-02-07 08:00:00+00:00,2360.93,2376.94,2352.1,2360.8,76044.77
2024-02-07 12:00:00+00:00,2360.8,2384.99,2359.61,2368.42,108652.83
2024-02-07 16:00:00+00:00,2368.42,2424.99,2367.14,2418.27,226119.47
2024-02-07 20:00:00+00:00,2418.27,2444.16,2418.24,2423.57,102902.99
2024-02-08 00:00:00+00:00,2423.57,2444.21,2422.17,2432.36,65387.67
2024-02-08 04:00:00+00:00,2432.36,2434.46,2410.12,2420.49,46607.78
2024-02-08 08:00:00+00:00,2420.49,2428.02,2414.6,2423.84,58425.22
2024-02-08 12:00:00+00:00,2423.84,2463.67,2415.74,2452.15,159174.31
2024-02-08 16:00:00+00:00,2452.15,2454.26,2411.55,2420.1,115069.81
2024-02-08 20:00:00+00:00,2420.1,2433.73,2415.89,2418.13,52354.88
2024-02-09 00:00:00+00:00,2418.13,2466.0,2417.76,2447.65,106297.56
2024-02-09 04:00:00+00:00,2447.65,2462.67,2438.3,2452.29,58371.4
2024-02-09 08:00:00+00:00,2452.29,2506.99,2452.11,2501.99,125846.55
2024-02-09 12:00:00+00:00,2501.99,2527.65,2475.2,2493.63,236863.98
2024-02-09 16:00:00+00:00,2493.63,2523.23,2476.48,2484.49,136275.14
2024-02-09 20:00:00+00:00,2484.49,2505.84,2481.97,2485.55,64876.29
2024-02-10 00:00:00+00:00,2485.55,2514.06,2481.8,2511.23,42598.18
2024-02-10 04:00:00+00:00,2511.23,2516.11,2492.52,2493.76,41213.81
2024-02-10 08:00:00+00:00,2493.76,2497.5,2470.17,2482.36,61737.65
2024-02-10 12:00:00+00:00,2482.36,2496.9,2479.84,2489.83,38083.4
2024-02-10 16:00:00+00:00,2489.83,2496.95,2482.06,2496.93,26999.96
2024-02-10 20:00:00+00:00,2496.93,2515.96,2490.08,2499.51,70028.13
2024-02-11 00:00:00+00:00,2499.51,2529.49,2493.01,2529.32,61346.73
2024-02-11 04:00:00+00:00,2529.32,2537.65,2513.35,2526.91,79288.86
2024-02-11 08:00:00+00:00,2526.91,2539.96,2509.9,2530.15,67683.12
2024-02-11 12:00:00+00:00,2530.15,2531.56,2503.19,2507.53,59607.83
2024-02-11 16:00:00+00:00,2507.53,2519.77,2495.3,2506.49,58293.69
2024-02-11 20:00:00+00:00,2506.49,2513.73,2492.01,2506.61,34383.91
2024-02-12 00:00:00+00:00,2506.61,2524.68,2491.25,2498.03,63966.35
2024-02-12 04:00:00+00:00,2498.03,2504.02,2478.65,2500.87,61896.69
2024-02-12 08:00:00+00:00,2500.87,2504.83,2470.74,2487.16,68472.72
2024-02-12 12:00:00+00:00,2487.16,2563.96,2479.87,2558.15,173109.13
2024-02-12 16:00:00+00:00,2558.15,2640.0,2535.78,2610.97,304768.9
2024-02-12 20:00:00+00:00,2610.97,2667.24,2610.96,2660.35,132533.0
2024-02-13 00:00:00+00:00,2660.35,2688.6,2638.0,2642.84,122480.01
2024-02-13 04:00:00+00:00,2642.84,2656.02,2640.04,2650.36,66617.44
2024-02-13 08:00:00+00:00,2650.36,2688.26,2648.24,2683.35,159778.51
2024-02-13 12:00:00+00:00,2683.35,2688.66,2590.24,2634.03,445215.51
2024-02-13 16:00:00+00:00,2634.03,2643.42,2593.42,2613.06,178403.11
2024-02-13 20:00:00+00:00,2613.06,2651.87,2612.35,2641.42,111317.37
2024-02-14 00:00:00+00:00,2641.42,2646.55,2618.94,2639.46,56664.69
2024-02-14 04:00:00+00:00,2639.46,2656.92,2622.21,2653.96,61851.0
2024-02-14 08:00:00+00:00,2653.96,2763.93,2649.15,2758.51,307190.09
2024-02-14 12:00:00+00:00,2758.51,2774.95,2732.01,2751.86,170310.0
2024-02-14 16:00:00+00:00,2751.86,2768.62,2728.01,2763.92,106520.38
2024-02-14 20:00:00+00:00,2763.92,2789.73,2757.21,2776.71,95038.16
2024-02-15 00:00:00+00:00,2776.71,2829.0,2773.02,2803.46,191732.4
2024-02-15 04:00:00+00:00,2803.46,2808.0,2758.5,2773.75,133510.76
2024-02-15 08:00:00+00:00,2773.75,2804.0,2770.55,2795.62,92422.54
2024-02-15 12:00:00+00:00,2795.62,2871.81,2778.0,2829.19,331302.82
2024-02-15 16:00:00+00:00,2829.19,2844.0,2804.43,2836.54,170249.78
2024-02-15 20:00:00+00:00,2836.54,2849.0,2788.33,2825.09,149418.36
2024-02-16 00:00:00+00:00,2825.09,2860.0,2822.72,2848.72,77813.16
2024-02-16 04:00:00+00:00,2848.72,2855.0,2813.27,2817.39,90888.02
2024-02-16 08:00:00+00:00,2817.39,2837.98,2795.4,2825.69,121013.37
2024-02-16 12:00:00+00:00,2825.69,2850.63,2730.01,2776.93,292434.53
2024-02-16 16:00:00+00:00,2776.93,2809.05,2757.55,2764.04,140051.53
2024-02-16 20:00:00+00:00,2764.04,2812.5,2759.55,2804.05,70614.25
2024-02-17 00:00:00+00:00,2804.05,2806.38,2779.04,2794.78,42521.23
2024-02-17 04:00:00+00:00,2794.78,2800.6,2780.39,2796.97,35111.01
2024-02-17 08:00:00+00:00,2796.97,2796.97,2765.0,2782.73,73457.73
2024-02-17 12:00:00+00:00,2782.73,2790.79,2717.62,2756.78,195826.06
2024-02-17 16:00:00+00:00,2756.78,2778.94,2744.0,2776.29,62361.14
2024-02-17 20:00:00+00:00,2776.29,2804.4,2773.18,2788.26,50452.41
2024-02-18 00:00:00+00:00,2788.26,2799.92,2763.4,2784.3,48089.1
2024-02-18 04:00:00+00:00,2784.3,2809.47,2780.91,2803.2,73346.26
2024-02-18 08:00:00+00:00,2803.2,2825.92,2799.0,2805.45,81809.6
2024-02-18 12:00:00+00:00,2805.45,2815.0,2787.09,2808.92,73808.53
2024-02-18 16:00:00+00:00,2808.92,2847.0,2795.11,2828.98,97400.67
2024-02-18 20:00:00+00:00,2828.98,2899.99,2818.4,2883.94,185173.89
2024-02-19 00:00:00+00:00,2883.94,2896.5,2858.3,2889.58,93404.09
2024-02-19 04:00:00+00:00,2889.58,2934.31,2883.16,2928.36,148857.55
2024-02-19 08:00:00+00:00,2928.36,2930.63,2889.17,2915.14,108401.65
2024-02-19 12:00:00+00:00,2915.14,2922.55,2888.33,2910.93,87169.38
2024-02-19 16:00:00+00:00,2910.93,2957.83,2888.52,2935.56,235423.81
2024-02-19 20:00:00+00:00,2935.56,2989.86,2928.26,2947.2,160287.16
2024-02-20 00:00:00+00:00,2947.2,2958.4,2905.0,2908.96,138422.97
2024-02-20 04:00:00+00:00,2908.96,2938.24,2905.49,2923.35,75613.38
2024-02-20 08:00:00+00:00,2923.35,2944.12,2873.2,2937.42,198391.86
2024-02-20 12:00:00+00:00,2937.42,3010.0,2902.02,2928.12,532407.65
2024-02-20 16:00:00+00:00,2928.12,2990.0,2885.9,2988.52,260756.54
2024-02-20 20:00:00+00:00,2988.52,3037.6,2967.26,3018.01,193360.04
2024-02-21 00:00:00+00:00,3018.01,3021.33,2990.33,3007.92,112447.8
2024-02-21 04:00:00+00:00,3007.92,3012.27,2921.51,2940.87,190364.46
2024-02-21 08:00:00+00:00,2940.87,2957.29,2887.0,2899.32,267751.27
2024-02-21 12:00:00+00:00,2899.32,2929.73,2866.28,2915.04,312657.57
2024-02-21 16:00:00+00:00,2915.04,2939.12,2886.0,2913.85,222799.12
2024-02-21 20:00:00+00:00,2913.85,2981.81,2896.93,2970.41,197784.63
2024-02-22 00:00:00+00:00,2970.41,2971.0,2907.47,2936.23,149991.25
2024-02-22 04:00:00+00:00,2936.23,2999.76,2922.0,2996.0,162398.8
2024-02-22 08:00:00+00:00,2996.0,3036.88,2971.95,2992.15,279474.81
2024-02-22 12:00:00+00:00,2992.15,3007.82,2932.09,2988.1,303561.19
2024-02-22 16:00:00+00:00,2988.1,3007.06,2962.22,2990.35,138919.95
2024-02-22 20:00:00+00:00,2990.35,3043.0,2968.21,2972.74,255275.22
2024-02-23 00:00:00+00:00,2972.74,2995.48,2933.5,2956.33,122072.91
2024-02-23 04:00:00+00:00,2956.33,2969.9,2923.63,2934.63,121533.29
2024-02-23 08:00:00+00:00,2934.63,2949.49,2912.44,2945.08,118128.07
2024-02-23 12:00:00+00:00,2945.08,2964.12,2912.5,2916.01,175813.88
2024-02-23 16:00:00+00:00,2916.01,2953.0,2905.27,2946.85,107602.73
2024-02-23 20:00:00+00:00,2946.85,2954.99,2906.0,2922.87,79779.94
2024-02-24 00:00:00+00:00,2922.87,2937.99,2906.33,2932.47,58956.01
2024-02-24 04:00:00+00:00,2932.47,2966.73,2930.88,2964.34,72511.18
2024-02-24 08:00:00+00:00,2964.34,2968.34,2948.39,2963.16,49123.95
2024-02-24 12:00:00+00:00,2963.16,2971.67,2952.5,2956.26,46188.0
2024-02-24 16:00:00+00:00,2956.26,3008.9,2956.25,2988.82,127591.77
2024-02-24 20:00:00+00:00,2988.82,2997.25,2980.58,2994.1,48764.64
2024-02-25 00:00:00+00:00,2994.1,3054.92,2985.01,3026.75,147737.46
2024-02-25 04:00:00+00:00,3026.75,3051.13,3013.91,3032.41,87847.41
2024-02-25 08:00:00+00:00,3032.41,3044.17,3012.21,3042.87,85699.75
2024-02-25 12:00:00+00:00,3042.87,3078.58,3029.4,3045.91,198404.34
2024-02-25 16:00:00+00:00,3045.91,3091.79,3025.57,3084.61,172563.42
2024-02-25 20:00:00+00:00,3084.61,3132.0,3084.33,3115.67,191682.31
2024-02-26 00:00:00+00:00,3115.67,3139.98,3086.52,3109.79,121436.23
2024-02-26 04:00:00+00:00,3109.79,3118.53,3089.42,3090.31,83871.57
2024-02-26 08:00:00+00:00,3090.31,3106.17,3038.0,3059.25,242784.74
2024-02-26 12:00:00+00:00,3059.25,3154.0,3039.45,3149.37,268420.11
2024-02-26 16:00:00+00:00,3149.37,3187.0,3128.71,3182.23,315645.32
2024-02-26 20:00:00+00:00,3182.23,3199.0,3167.04,3178.59,145103.31
2024-02-27 00:00:00+00:00,3178.59,3287.35,3167.77,3220.35,318900.12
2024-02-27 04:00:00+00:00,3220.35,3239.24,3203.0,3218.76,144424.18
2024-02-27 08:00:00+00:00,3218.76,3273.05,3217.62,3258.52,140782.71
2024-02-27 12:00:00+00:00,3258.52,3293.45,3221.21,3231.74,262609.53
2024-02-27 16:00:00+00:00,3231.74,3263.54,3205.0,3253.68,147120.21
2024-02-27 20:00:00+00:00,3253.68,3273.31,3235.01,3244.39,81970.09
2024-02-28 00:00:00+00:00,3244.39,3261.45,3232.5,3251.01,50792.58
2024-02-28 04:00:00+00:00,3251.01,3309.98,3246.3,3306.77,125082.63
2024-02-28 08:00:00+00:00,3306.77,3375.7,3277.04,3299.04,407617.14
2024-02-28 12:00:00+00:00,3299.04,3381.0,3288.71,3351.19,316324.3
2024-02-28 16:00:00+00:00,3351.19,3500.13,3165.04,3301.55,881502.89
2024-02-28 20:00:00+00:00,3301.55,3387.64,3253.56,3386.71,183663.45
2024-02-29 00:00:00+00:00,3386.71,3474.53,3377.81,3411.26,210701.39
2024-02-29 04:00:00+00:00,3411.26,3499.44,3401.36,3471.97,171426.44
2024-02-29 08:00:00+00:00,3471.97,3531.37,3445.1,3519.9,215722.56
2024-02-29 12:00:00+00:00,3519.9,3523.99,3446.6,3471.13,221640.75
2024-02-29 16:00:00+00:00,3471.13,3474.24,3352.15,3408.3,342446.73
2024-02-29 20:00:00+00:00,3408.3,3420.81,3299.99,3342.46,207958.54
2024-03-01 00:00:00+00:00,3342.46,3391.22,3340.14,3371.16,121111.14
2024-03-01 04:00:00+00:00,3371.16,3401.43,3366.66,3367.9,74042.92
2024-03-01 08:00:00+00:00,3367.9,3441.14,3355.89,3414.43,154629.06
2024-03-01 12:00:00+00:00,3414.43,3454.64,3380.8,3393.62,185199.37
2024-03-01 16:00:00+00:00,3393.62,3439.99,3382.26,3431.32,99617.17
2024-03-01 20:00:00+00:00,3431.32,3453.49,3423.78,3435.31,77222.73
2024-03-02 00:00:00+00:00,3435.31,3464.8,3428.2,3445.11,65629.88
2024-03-02 04:00:00+00:00,3445.11,3453.89,3391.1,3433.75,97637.57
2024-03-02 08:00:00+00:00,3433.75,3439.81,3394.78,3407.8,77130.3
2024-03-02 12:00:00+00:00,3407.8,3433.31,3397.0,3421.74,82323.85
2024-03-02 16:00:00+00:00,3421.74,3435.8,3413.2,3429.58,36178.52
2024-03-02 20:00:00+00:00,3429.58,3434.78,3404.39,3424.99,41553.69
2024-03-03 00:00:00+00:00,3424.99,3437.84,3412.19,3434.99,34969.28
2024-03-03 04:00:00+00:00,3434.99,3450.0,3360.01,3395.29,122184.37
2024-03-03 08:00:00+00:00,3395.29,3418.36,3378.01,3416.7,59267.48
2024-03-03 12:00:00+00:00,3416.7,3453.19,3406.72,3425.5,111958.31
2024-03-03 16:00:00+00:00,3425.5,3488.96,3421.75,3467.45,111854.8
2024-03-03 20:00:00+00:00,3467.45,3495.95,3460.77,3491.83,59632.7
2024-03-04 00:00:00+00:00,3491.83,3537.49,3424.36,3475.06,192273.66
2024-03-04 04:00:00+00:00,3475.06,3490.82,3457.12,3480.59,69302.71
2024-03-04 08:00:00+00:00,3480.59,3550.0,3480.59,3510.29,203608.73
2024-03-04 12:00:00+00:00,3510.29,3578.7,3461.07,3563.87,243723.46
2024-03-04 16:00:00+00:00,3563.87,3618.82,3530.3,3597.0,266057.52
2024-03-04 20:00:00+00:00,3597.0,3644.88,3560.77,3630.31,168520.76
2024-03-05 00:00:00+00:00,3630.31,3703.7,3610.0,3695.79,151191.89
2024-03-05 04:00:00+00:00,3695.79,3751.57,3647.83,3678.65,310484.54
2024-03-05 08:00:00+00:00,3678.65,3750.19,3658.0,3738.74,153013.97
2024-03-05 12:00:00+00:00,3738.74,3828.87,3738.07,3787.4,359067.49
2024-03-05 16:00:00+00:00,3787.4,3800.99,3186.13,3374.98,874205.21
2024-03-05 20:00:00+00:00,3374.98,3583.91,3325.69,3555.32,517314.32
2024-03-06 00:00:00+00:00,3555.32,3594.62,3501.83,3540.84,147178.62
2024-03-06 04:00:00+00:00,3540.84,3794.95,3539.16,3791.88,280228.35
2024-03-06 08:00:00+00:00,3791.88,3902.65,3783.61,3884.54,266990.81
2024-03-06 12:00:00+00:00,3884.54,3907.85,3725.01,3794.05,420152.58
2024-03-06 16:00:00+00:00,3794.05,3886.04,3767.06,3856.88,162245.53
2024-03-06 20:00:00+00:00,3856.88,3898.23,3793.92,3823.17,118733.82
2024-03-07 00:00:00+00:00,3823.17,3857.84,3768.01,3779.98,107877.11
2024-03-07 04:00:00+00:00,3779.98,3807.83,3733.88,3792.11,143477.9
2024-03-07 08:00:00+00:00,3792.11,3820.84,3771.58,3791.0,97784.52
2024-03-07 12:00:00+00:00,3791.0,3859.75,3767.24,3840.81,206685.11
2024-03-07 16:00:00+00:00,3840.81,3888.52,3817.49,3873.9,100612.76
2024-03-07 20:00:00+00:00,3873.9,3939.74,3837.5,3871.02,129096.46
2024-03-08 00:00:00+00:00,3871.02,3947.0,3865.53,3904.74,90374.86
2024-03-08 04:00:00+00:00,3904.74,3954.24,3882.82,3914.09,76644.17
2024-03-08 08:00:00+00:00,3914.09,3961.93,3913.67,3954.71,94927.93
2024-03-08 12:00:00+00:00,3954.71,4000.0,3885.0,3902.65,311787.71
2024-03-08 16:00:00+00:00,3902.65,3984.07,3820.0,3931.76,310213.76
2024-03-08 20:00:00+00:00,3931.76,3955.57,3870.95,3884.42,108796.25
2024-03-09 00:00:00+00:00,3884.42,3933.76,3878.93,3927.11,41171.61
2024-03-09 04:00:00+00:00,3927.11,3946.96,3914.0,3929.71,42262.47
2024-03-09 08:00:00+00:00,3929.71,3941.13,3891.03,3916.5,47219.74
2024-03-09 12:00:00+00:00,3916.5,3931.08,3904.89,3920.6,36968.08
2024-03-09 16:00:00+00:00,3920.6,3924.84,3873.47,3885.27,55779.48
2024-03-09 20:00:00+00:00,3885.27,3916.61,3885.26,3908.5,22593.45
2024-03-10 00:00:00+00:00,3908.5,3946.32,3902.62,3939.19,62817.0
2024-03-10 04:00:00+00:00,3939.19,3956.66,3933.55,3948.93,41244.28
2024-03-10 08:00:00+00:00,3948.93,3971.13,3924.78,3937.48,78835.1
2024-03-10 12:00:00+00:00,3937.48,3951.78,3858.0,3885.65,118144.06
2024-03-10 16:00:00+00:00,3885.65,3930.26,3884.72,3901.41,50635.64
2024-03-10 20:00:00+00:00,3901.41,3907.97,3791.58,3881.09,118895.11
2024-03-11 00:00:00+00:00,3881.09,3892.66,3714.0,3870.31,191779.21
2024-03-11 04:00:00+00:00,3870.31,4024.68,3836.21,4011.71,221544.63
2024-03-11 08:00:00+00:00,4011.71,4061.39,3990.26,4037.73,195429.06
2024-03-11 12:00:00+00:00,4037.73,4072.67,4017.0,4021.13,140760.07
2024-03-11 16:00:00+00:00,4021.13,4096.21,4002.69,4035.76,119027.72
2024-03-11 20:00:00+00:00,4035.76,4088.73,4032.0,4070.19,60156.97
2024-03-12 00:00:00+00:00,4070.19,4098.0,4025.0,4032.25,78599.24
2024-03-12 04:00:00+00:00,4032.25,4056.86,4002.01,4029.91,73669.16
2024-03-12 08:00:00+00:00,4029.91,4072.14,3967.91,4024.59,140127.03
2024-03-12 12:00:00+00:00,4024.59,4059.45,3945.43,3992.53,213115.29
2024-03-12 16:00:00+00:00,3992.53,3996.46,3833.43,3985.91,318978.06
2024-03-12 20:00:00+00:00,3985.91,3986.16,3930.55,3983.46,73678.31
2024-03-13 00:00:00+00:00,3983.46,4049.62,3976.75,4047.59,74555.56
2024-03-13 04:00:00+00:00,4047.59,4084.44,4032.4,4043.07,75369.63
2024-03-13 08:00:00+00:00,4043.07,4089.84,4043.02,4054.41,77771.63
2024-03-13 12:00:00+00:00,4054.41,4058.48,3934.5,3965.85,289633.61
2024-03-13 16:00:00+00:00,3965.85,4016.67,3956.1,4004.23,97435.26
2024-03-13 20:00:00+00:00,4004.23,4025.41,3976.98,4008.55,65251.38
2024-03-14 00:00:00+00:00,4008.55,4015.95,3957.61,3997.2,69690.93
2024-03-14 04:00:00+00:00,3997.2,4011.44,3942.06,3966.74,94575.67
2024-03-14 08:00:00+00:00,3966.74,4004.43,3946.8,3959.63,77312.24
2024-03-14 12:00:00+00:00,3959.63,3972.62,3820.08,3848.91,296979.55
2024-03-14 16:00:00+00:00,3848.91,3901.98,3724.0,3789.54,331450.22
2024-03-14 20:00:00+00:00,3789.54,3895.49,3785.0,3885.81,152974.71
2024-03-15 00:00:00+00:00,3885.81,3939.0,3620.01,3725.24,312236.34
2024-03-15 04:00:00+00:00,3725.24,3783.7,3657.38,3756.0,203479.08
2024-03-15 08:00:00+00:00,3756.0,3765.0,3568.1,3692.64,344703.2
2024-03-15 12:00:00+00:00,3692.64,3747.62,3673.85,3692.46,143130.67
2024-03-15 16:00:00+00:00,3692.46,3811.79,3662.28,3691.21,203582.3
2024-03-15 20:00:00+00:00,3691.21,3750.81,3607.91,3745.0,161215.57
2024-03-16 00:00:00+00:00,3745.0,3784.93,3723.68,3738.0,88216.93
2024-03-16 04:00:00+00:00,3738.0,3747.17,3692.77,3742.73,61790.36
2024-03-16 08:00:00+00:00,3742.73,3743.82,3665.24,3695.48,72421.85
2024-03-16 12:00:00+00:00,3695.48,3714.93,3640.07,3681.75,98620.65
2024-03-16 16:00:00+00:00,3681.75,3683.76,3569.99,3601.78,175754.48
2024-03-16 20:00:00+00:00,3601.78,3635.76,3468.01,3525.22,234287.45
2024-03-17 00:00:00+00:00,3525.22,3585.17,3506.49,3574.22,116432.98
2024-03-17 04:00:00+00:00,3574.22,3575.43,3412.0,3474.23,203692.84
2024-03-17 08:00:00+00:00,3474.23,3609.71,3460.89,3582.01,182102.64
2024-03-17 12:00:00+00:00,3582.01,3649.0,3531.24,3629.02,159075.92
2024-03-17 16:00:00+00:00,3629.02,3658.69,3604.93,3653.13,62012.13
2024-03-17 20:00:00+00:00,3653.13,3681.57,3626.57,3646.36,66067.73
2024-03-18 00:00:00+00:00,3646.36,3647.16,3557.87,3603.0,116451.87
2024-03-18 04:00:00+00:00,3603.0,3645.79,3578.28,3629.18,59735.63
2024-03-18 08:00:00+00:00,3629.18,3629.61,3550.07,3600.73,117035.59
2024-03-18 12:00:00+00:00,3600.73,3616.47,3488.18,3528.01,203137.43
2024-03-18 16:00:00+00:00,3528.01,3567.6,3455.0,3480.92,174119.86
2024-03-18 20:00:00+00:00,3480.92,3549.99,3480.92,3522.69,100411.39
2024-03-19 00:00:00+00:00,3522.69,3551.87,3361.12,3421.42,280452.54
2024-03-19 04:00:00+00:00,3421.42,3430.64,3305.34,3362.44,219099.58
2024-03-19 08:00:00+00:00,3362.44,3362.57,3205.03,3278.93,373239.54
2024-03-19 12:00:00+00:00,3278.93,3327.99,3224.71,3305.04,267663.0
2024-03-19 16:00:00+00:00,3305.04,3363.0,3280.4,3335.33,182730.85
2024-03-19 20:00:00+00:00,3335.33,3341.7,3152.0,3159.98,262397.17
2024-03-20 00:00:00+00:00,3159.98,3265.93,3152.0,3160.47,236091.98
2024-03-20 04:00:00+00:00,3160.47,3228.91,3056.17,3220.0,347267.43
2024-03-20 08:00:00+00:00,3220.0,3300.97,3207.27,3295.32,172161.66
2024-03-20 12:00:00+00:00,3295.32,3399.95,3277.84,3294.0,426390.77
2024-03-20 16:00:00+00:00,3294.0,3408.84,3140.5,3379.99,615523.85
2024-03-20 20:00:00+00:00,3379.99,3537.58,3371.59,3516.49,268636.16
2024-03-21 00:00:00+00:00,3516.49,3561.79,3495.13,3512.42,178362.89
2024-03-21 04:00:00+00:00,3512.42,3537.73,3447.6,3518.7,152933.69
2024-03-21 08:00:00+00:00,3518.7,3590.81,3518.69,3532.91,148708.64
2024-03-21 12:00:00+00:00,3532.91,3579.0,3480.01,3499.95,239569.41
2024-03-21 16:00:00+00:00,3499.95,3548.75,3413.66,3443.11,217782.1
2024-03-21 20:00:00+00:00,3443.11,3526.28,3413.6,3495.0,153075.33
2024-03-22 00:00:00+00:00,3495.0,3530.28,3455.29,3524.99,115977.14
2024-03-22 04:00:00+00:00,3524.99,3546.29,3502.3,3514.2,71978.47
2024-03-22 08:00:00+00:00,3514.2,3526.07,3393.26,3406.91,134462.9
2024-03-22 12:00:00+00:00,3406.91,3427.29,3281.15,3351.49,355787.29
2024-03-22 16:00:00+00:00,3351.49,3362.91,3288.73,3342.99,184984.88
2024-03-22 20:00:00+00:00,3342.99,3347.46,3244.6,3338.88,193387.33
2024-03-23 00:00:00+00:00,3338.88,3363.45,3272.04,3305.46,104247.68
2024-03-23 04:00:00+00:00,3305.46,3386.93,3300.47,3367.58,74453.12
2024-03-23 08:00:00+00:00,3367.58,3383.54,3330.57,3367.29,95420.67
2024-03-23 12:00:00+00:00,3367.29,3426.0,3344.12,3407.46,115270.04
2024-03-23 16:00:00+00:00,3407.46,3438.06,3385.43,3388.49,69081.88
2024-03-23 20:00:00+00:00,3388.49,3402.79,3328.24,3331.0,73663.08
2024-03-24 00:00:00+00:00,3331.0,3370.74,3306.32,3310.17,60840.78
2024-03-24 04:00:00+00:00,3310.17,3344.63,3300.44,3344.15,51942.22
2024-03-24 08:00:00+00:00,3344.15,3395.0,3337.44,3389.62,72345.25
2024-03-24 12:00:00+00:00,3389.62,3417.75,3378.9,3399.42,70753.21
2024-03-24 16:00:00+00:00,3399.42,3411.0,3334.24,3384.29,106757.51
2024-03-24 20:00:00+00:00,3384.29,3474.51,3377.19,3457.66,101982.35
2024-03-25 00:00:00+00:00,3457.66,3464.23,3423.0,3457.18,54322.44
2024-03-25 04:00:00+00:00,3457.18,3509.33,3443.08,3446.97,72687.78
2024-03-25 08:00:00+00:00,3446.97,3474.97,3433.07,3438.35,62941.22
2024-03-25 12:00:00+00:00,3438.35,3591.5,3432.21,3585.07,207919.35
2024-03-25 16:00:00+00:00,3585.07,3664.66,3570.02,3642.0,161524.52
2024-03-25 20:00:00+00:00,3642.0,3650.79,3568.65,3592.51,98133.77
2024-03-26 00:00:00+00:00,3592.51,3647.77,3583.28,3626.88,85456.77
2024-03-26 04:00:00+00:00,3626.88,3682.81,3621.99,3638.19,82959.1
2024-03-26 08:00:00+00:00,3638.19,3674.36,3630.56,3634.43,71462.66
2024-03-26 12:00:00+00:00,3634.43,3657.0,3548.01,3596.5,195737.8
2024-03-26 16:00:00+00:00,3596.5,3607.26,3543.8,3563.37,99662.67
2024-03-26 20:00:00+00:00,3563.37,3619.26,3561.4,3590.42,60923.95
2024-03-27 00:00:00+00:00,3590.42,3631.32,3580.0,3605.99,48686.65
2024-03-27 04:00:00+00:00,3605.99,3619.86,3563.0,3567.96,57359.7
2024-03-27 08:00:00+00:00,3567.96,3595.0,3532.81,3589.6,89012.76
2024-03-27 12:00:00+00:00,3589.6,3673.51,3493.36,3515.67,391832.92
2024-03-27 16:00:00+00:00,3515.67,3534.91,3462.61,3494.69,139184.82
2024-03-27 20:00:00+00:00,3494.69,3525.89,3491.65,3505.41,61929.22
2024-03-28 00:00:00+00:00,3505.41,3536.46,3467.15,3499.4,82800.31
2024-03-28 04:00:00+00:00,3499.4,3582.95,3498.32,3577.2,99503.1
2024-03-28 08:00:00+00:00,3577.2,3598.44,3567.89,3583.46,69585.12
2024-03-28 12:00:00+00:00,3583.46,3616.38,3555.04,3582.0,135413.16
2024-03-28 16:00:00+00:00,3582.0,3584.79,3535.05,3566.67,66767.72
2024-03-28 20:00:00+00:00,3566.67,3584.41,3545.3,3563.99,38909.46
2024-03-29 00:00:00+00:00,3563.99,3588.73,3553.06,3566.09,36175.41
2024-03-29 04:00:00+00:00,3566.09,3584.77,3514.69,3522.38,87041.79
2024-03-29 08:00:00+00:00,3522.38,3567.96,3520.01,3553.63,88236.28
2024-03-29 12:00:00+00:00,3553.63,3562.41,3481.1,3490.81,124686.93
2024-03-29 16:00:00+00:00,3490.81,3505.62,3475.06,3503.3,64776.44
2024-03-29 20:00:00+00:00,3503.3,3529.08,3478.0,3512.38,60401.66
2024-03-30 00:00:00+00:00,3512.38,3524.0,3489.0,3492.4,37857.72
2024-03-30 04:00:00+00:00,3492.4,3535.8,3490.0,3494.98,54063.79
2024-03-30 08:00:00+00:00,3494.98,3569.76,3494.68,3564.39,74780.47
2024-03-30 12:00:00+00:00,3564.39,3571.0,3533.81,3539.86,41376.33
2024-03-30 16:00:00+00:00,3539.86,3553.24,3487.11,3512.12,60102.65
2024-03-30 20:00:00+00:00,3512.12,3522.92,3498.06,3508.95,29369.79
2024-03-31 00:00:00+00:00,3508.95,3547.97,3508.11,3540.54,34886.82
2024-03-31 04:00:00+00:00,3540.54,3638.16,3535.24,3630.04,128521.09
2024-03-31 08:00:00+00:00,3630.04,3639.22,3603.38,3612.79,58122.78
2024-03-31 12:00:00+00:00,3612.79,3643.54,3609.37,3621.36,63689.71
2024-03-31 16:00:00+00:00,3621.36,3661.91,3617.19,3643.49,60863.93
2024-03-31 20:00:00+00:00,3643.49,3655.97,3621.21,3649.05,48401.75
2024-04-01 00:00:00+00:00,3649.05,3649.93,3603.85,3614.26,49831.75
2024-04-01 04:00:00+00:00,3614.26,3617.91,3501.0,3548.58,174680.62
2024-04-01 08:00:00+00:00,3548.58,3563.82,3519.37,3540.45,84295.89
2024-04-01 12:00:00+00:00,3540.45,3574.0,3438.21,3446.03,270251.86
2024-04-01 16:00:00+00:00,3446.03,3492.71,3412.05,3489.66,173471.88
2024-04-01 20:00:00+00:00,3489.66,3518.74,3473.93,3507.03,72151.26
2024-04-02 00:00:00+00:00,3507.03,3509.51,3311.0,3368.26,279355.97
2024-04-02 04:00:00+00:00,3368.26,3392.0,3339.16,3365.41,121390.24
2024-04-02 08:00:00+00:00,3365.41,3374.56,3278.58,3311.4,210869.85
2024-04-02 12:00:00+00:00,3311.4,3327.26,3231.56,3240.86,273248.41
2024-04-02 16:00:00+00:00,3240.86,3287.53,3211.69,3279.45,177020.55
2024-04-02 20:00:00+00:00,3279.45,3307.69,3241.41,3280.58,101401.41
2024-04-03 00:00:00+00:00,3280.58,3326.62,3202.21,3317.52,164317.88
2024-04-03 04:00:00+00:00,3317.52,3327.56,3280.21,3306.99,72307.79
2024-04-03 08:00:00+00:00,3306.99,3359.94,3290.35,3319.78,144298.62
2024-04-03 12:00:00+00:00,3319.78,3365.91,3293.22,3330.92,163264.25
2024-04-03 16:00:00+00:00,3330.92,3371.9,3282.67,3315.79,174567.85
2024-04-03 20:00:00+00:00,3315.79,3327.0,3290.68,3312.88,85157.97
2024-04-04 00:00:00+00:00,3312.88,3335.0,3262.29,3275.39,103171.8
2024-04-04 04:00:00+00:00,3275.39,3335.09,3247.34,3325.06,113251.39
2024-04-04 08:00:00+00:00,3325.06,3359.21,3321.37,3343.22,69803.23
2024-04-04 12:00:00+00:00,3343.22,3397.12,3341.43,3365.88,115714.71
2024-04-04 16:00:00+00:00,3365.88,3445.97,3361.21,3367.48,168161.26
2024-04-04 20:00:00+00:00,3367.48,3371.66,3277.17,3329.25,223205.78
2024-04-05 00:00:00+00:00,3329.25,3337.43,3252.0,3308.8,118261.41
2024-04-05 04:00:00+00:00,3308.8,3318.84,3239.46,3287.44,131495.39
2024-04-05 08:00:00+00:00,3287.44,3314.39,3234.27,3242.54,122896.64
2024-04-05 12:00:00+00:00,3242.54,3331.94,3207.59,3327.5,242845.09
2024-04-05 16:00:00+00:00,3327.5,3349.66,3307.61,3321.75,106077.95
2024-04-05 20:00:00+00:00,3321.75,3348.38,3309.52,3319.41,48089.5
2024-04-06 00:00:00+00:00,3319.41,3348.42,3306.0,3332.75,38589.35
2024-04-06 04:00:00+00:00,3332.75,3354.2,3321.28,3331.54,34924.13
2024-04-06 08:00:00+00:00,3331.54,3352.77,3326.46,3331.89,33140.09
2024-04-06 12:00:00+00:00,3331.89,3364.69,3313.33,3336.88,49726.52
2024-04-06 16:00:00+00:00,3336.88,3359.03,3332.23,3350.29,37139.44
2024-04-06 20:00:00+00:00,3350.29,3402.0,3345.27,3352.72,61528.07
2024-04-07 00:00:00+00:00,3352.72,3418.64,3345.05,3389.73,53434.4
2024-04-07 04:00:00+00:00,3389.73,3408.07,3375.85,3387.0,29636.95
2024-04-07 08:00:00+00:00,3387.0,3397.23,3378.2,3391.49,21808.16
2024-04-07 12:00:00+00:00,3391.49,3423.15,3385.61,3390.75,59702.01
2024-04-07 16:00:00+00:00,3390.75,3414.74,3368.14,3383.0,72075.15
2024-04-07 20:00:00+00:00,3383.0,3463.22,3379.85,3456.66,81416.64
2024-04-08 00:00:00+00:00,3456.66,3460.34,3408.03,3424.0,59527.86
2024-04-08 04:00:00+00:00,3424.0,3481.36,3414.06,3476.35,59940.34
2024-04-08 08:00:00+00:00,3476.35,3644.08,3471.82,3635.51,247033.55
2024-04-08 12:00:00+00:00,3635.51,3674.0,3612.28,3631.68,189384.2
2024-04-08 16:00:00+00:00,3631.68,3714.47,3629.45,3706.0,144092.84
2024-04-08 20:00:00+00:00,3706.0,3733.71,3684.57,3697.73,71065.92
2024-04-09 00:00:00+00:00,3697.73,3730.0,3665.98,3694.5,115234.66
2024-04-09 04:00:00+00:00,3694.5,3705.0,3631.65,3644.47,156891.07
2024-04-09 08:00:00+00:00,3644.47,3649.88,3577.2,3635.54,186645.32
2024-04-09 12:00:00+00:00,3635.54,3645.79,3480.12,3532.04,310842.14
2024-04-09 16:00:00+00:00,3532.04,3535.6,3452.65,3520.37,171925.4
2024-04-09 20:00:00+00:00,3520.37,3528.81,3486.69,3507.78,79106.97
2024-04-10 00:00:00+00:00,3507.78,3540.0,3466.44,3515.23,148945.63
2024-04-10 04:00:00+00:00,3515.23,3556.0,3507.84,3538.81,70013.79
2024-04-10 08:00:00+00:00,3538.81,3542.34,3493.17,3523.56,121671.48
2024-04-10 12:00:00+00:00,3523.56,3530.7,3409.01,3480.68,292240.42
2024-04-10 16:00:00+00:00,3480.68,3550.6,3470.59,3523.51,155385.1
2024-04-10 20:00:00+00:00,3523.51,3566.4,3495.64,3547.32,81690.41
2024-04-11 00:00:00+00:00,3547.32,3579.68,3525.12,3578.04,53927.39
2024-04-11 04:00:00+00:00,3578.04,3608.96,3554.11,3585.01,66055.79
2024-04-11 08:00:00+00:00,3585.01,3619.99,3515.29,3524.17,97896.52
2024-04-11 12:00:00+00:00,3524.17,3577.79,3487.02,3509.4,231428.94
2024-04-11 16:00:00+00:00,3509.4,3524.75,3474.05,3520.33,90029.18
2024-04-11 20:00:00+00:00,3520.33,3536.01,3491.0,3503.21,68891.01
2024-04-12 00:00:00+00:00,3503.21,3539.67,3502.3,3536.08,53242.71
2024-04-12 04:00:00+00:00,3536.08,3554.88,3508.84,3517.93,45496.24
2024-04-12 08:00:00+00:00,3517.93,3544.94,3509.73,3533.87,55251.08
2024-04-12 12:00:00+00:00,3533.87,3534.31,3438.49,3441.01,171743.3
2024-04-12 16:00:00+00:00,3441.01,3455.87,3060.11,3205.36,688905.53
2024-04-12 20:00:00+00:00,3205.36,3256.72,3200.24,3237.57,137472.06
2024-04-13 00:00:00+00:00,3237.57,3237.57,3142.37,3230.02,190019.63
2024-04-13 04:00:00+00:00,3230.02,3273.63,3222.48,3257.17,94182.13
2024-04-13 08:00:00+00:00,3257.17,3303.34,3247.0,3267.77,74192.23
2024-04-13 12:00:00+00:00,3267.77,3297.07,3250.66,3272.2,95091.04
2024-04-13 16:00:00+00:00,3272.2,3279.37,2963.32,3081.49,426537.52
2024-04-13 20:00:00+00:00,3081.49,3093.89,2791.22,3003.44,861745.12
2024-04-14 00:00:00+00:00,3003.44,3016.99,2898.87,2969.3,309039.67
2024-04-14 04:00:00+00:00,2969.3,3101.98,2963.81,3083.92,187795.29
2024-04-14 08:00:00+00:00,3083.92,3098.47,3007.44,3026.61,143762.61
2024-04-14 12:00:00+00:00,3026.61,3074.07,3003.96,3054.59,169159.7
2024-04-14 16:00:00+00:00,3054.59,3099.8,2975.1,3071.94,292000.85
2024-04-14 20:00:00+00:00,3071.94,3173.3,3041.8,3152.72,159412.84
2024-04-15 00:00:00+00:00,3152.72,3154.9,3096.04,3144.99,132355.24
2024-04-15 04:00:00+00:00,3144.99,3254.3,3120.98,3240.76,175068.76
2024-04-15 08:00:00+00:00,3240.76,3277.92,3224.17,3227.68,145230.56
2024-04-15 12:00:00+00:00,3227.68,3242.38,3100.0,3161.52,270057.69
2024-04-15 16:00:00+00:00,3161.52,3178.52,3021.05,3098.95,400155.89
2024-04-15 20:00:00+00:00,3098.95,3127.8,3056.41,3100.13,133697.76
2024-04-16 00:00:00+00:00,3100.13,3119.87,3048.55,3071.01,140380.58
2024-04-16 04:00:00+00:00,3071.01,3126.57,2985.18,3105.97,226995.15
2024-04-16 08:00:00+00:00,3105.97,3110.1,2997.89,3091.97,223503.2
2024-04-16 12:00:00+00:00,3091.97,3094.87,3006.32,3007.6,248238.04
2024-04-16 16:00:00+00:00,3007.6,3084.32,2990.45,3055.89,183525.36
2024-04-16 20:00:00+00:00,3055.89,3117.99,3049.03,3082.35,80363.31
2024-04-17 00:00:00+00:00,3082.35,3105.9,3065.29,3093.88,57304.74
2024-04-17 04:00:00+00:00,3093.88,3121.59,3062.23,3074.88,88530.87
2024-04-17 08:00:00+00:00,3074.88,3086.65,3035.0,3037.59,92031.82
2024-04-17 12:00:00+00:00,3037.59,3061.78,2924.06,2944.81,405642.8
2024-04-17 16:00:00+00:00,2944.81,3042.99,2910.91,3000.45,285327.74
2024-04-17 20:00:00+00:00,3000.45,3014.8,2962.48,2983.25,93496.84
2024-04-18 00:00:00+00:00,2983.25,3035.0,2951.41,3024.34,84240.94
2024-04-18 04:00:00+00:00,3024.34,3033.62,2953.4,2972.75,136729.85
2024-04-18 08:00:00+00:00,2972.75,3064.0,2951.51,3045.0,132268.53
2024-04-18 12:00:00+00:00,3045.0,3094.04,2983.38,3066.67,221495.14
2024-04-18 16:00:00+00:00,3066.67,3081.97,3015.44,3062.84,126549.04
2024-04-18 20:00:00+00:00,3062.84,3079.0,3053.59,3062.56,49398.2
2024-04-19 00:00:00+00:00,3062.56,3071.64,2861.13,2978.16,405904.99
2024-04-19 04:00:00+00:00,2978.16,3129.78,2977.14,3083.35,279745.96
2024-04-19 08:00:00+00:00,3083.35,3127.17,3074.0,3100.8,154478.39
2024-04-19 12:00:00+00:00,3100.8,3120.24,3052.07,3078.61,115343.09
2024-04-19 16:00:00+00:00,3078.61,3106.86,3042.01,3102.95,131112.93
2024-04-19 20:00:00+00:00,3102.95,3104.35,3017.29,3054.87,128894.65
2024-04-20 00:00:00+00:00,3054.87,3070.11,3015.28,3054.19,93558.03
2024-04-20 04:00:00+00:00,3054.19,3069.69,3047.37,3059.55,34772.9
2024-04-20 08:00:00+00:00,3059.55,3060.25,3027.26,3045.7,59869.57
2024-04-20 12:00:00+00:00,3045.7,3113.92,3037.8,3108.31,64547.8
2024-04-20 16:00:00+00:00,3108.31,3165.68,3086.33,3146.99,141718.16
2024-04-20 20:00:00+00:00,3146.99,3170.0,3139.24,3153.71,47839.29
2024-04-21 00:00:00+00:00,3153.71,3195.94,3125.02,3165.09,59363.34
2024-04-21 04:00:00+00:00,3165.09,3190.45,3151.8,3178.34,51667.49
2024-04-21 08:00:00+00:00,3178.34,3185.66,3151.75,3166.81,50300.8
2024-04-21 12:00:00+00:00,3166.81,3174.98,3135.3,3157.49,54506.74
2024-04-21 16:00:00+00:00,3157.49,3159.97,3115.0,3134.71,85517.91
2024-04-21 20:00:00+00:00,3134.71,3168.96,3127.24,3145.91,44853.89
2024-04-22 00:00:00+00:00,3145.91,3209.38,3126.53,3188.86,119081.83
2024-04-22 04:00:00+00:00,3188.86,3235.43,3182.65,3202.01,88037.38
2024-04-22 08:00:00+00:00,3202.01,3223.17,3187.0,3192.99,57235.66
2024-04-22 12:00:00+00:00,3192.99,3210.49,3162.85,3181.63,118857.74
2024-04-22 16:00:00+00:00,3181.63,3215.82,3167.02,3185.69,84011.06
2024-04-22 20:00:00+00:00,3185.69,3224.57,3180.92,3198.26,93065.74
2024-04-23 00:00:00+00:00,3198.26,3221.18,3178.22,3181.85,37759.62
2024-04-23 04:00:00+00:00,3181.85,3192.17,3148.69,3158.7,59922.61
2024-04-23 08:00:00+00:00,3158.7,3184.24,3150.33,3177.83,43013.78
2024-04-23 12:00:00+00:00,3177.83,3263.98,3171.66,3225.13,161769.57
2024-04-23 16:00:00+00:00,3225.13,3245.64,3209.91,3216.15,61735.3
2024-04-23 20:00:00+00:00,3216.15,3221.64,3184.0,3218.1,52466.15
2024-04-24 00:00:00+00:00,3218.1,3247.85,3208.24,3236.78,55471.43
2024-04-24 04:00:00+00:00,3236.78,3274.72,3235.69,3248.74,65136.26
2024-04-24 08:00:00+00:00,3248.74,3287.12,3240.26,3280.6,61506.18
2024-04-24 12:00:00+00:00,3280.6,3292.93,3166.06,3174.22,240640.47
2024-04-24 16:00:00+00:00,3174.22,3191.27,3102.8,3133.8,162956.19
2024-04-24 20:00:00+00:00,3133.8,3151.0,3110.06,3138.77,79777.1
2024-04-25 00:00:00+00:00,3138.77,3170.1,3123.31,3145.8,89736.87
2024-04-25 04:00:00+00:00,3145.8,3166.2,3124.25,3134.29,75376.47
2024-04-25 08:00:00+00:00,3134.29,3152.2,3070.7,3110.1,167541.2
2024-04-25 12:00:00+00:00,3110.1,3167.39,3080.47,3158.78,216097.95
2024-04-25 16:00:00+00:00,3158.78,3175.95,3143.86,3164.8,127107.34
2024-04-25 20:00:00+00:00,3164.8,3190.3,3150.62,3154.0,52077.5
2024-04-26 00:00:00+00:00,3154.0,3163.27,3122.88,3139.6,80433.81
2024-04-26 04:00:00+00:00,3139.6,3152.53,3126.03,3133.29,46417.4
2024-04-26 08:00:00+00:00,3133.29,3158.4,3119.46,3127.52,59646.98
2024-04-26 12:00:00+00:00,3127.52,3168.0,3098.42,3116.06,172828.6
2024-04-26 16:00:00+00:00,3116.06,3154.5,3103.45,3131.81,75623.13
2024-04-26 20:00:00+00:00,3131.81,3152.58,3116.59,3129.74,44623.63
2024-04-27 00:00:00+00:00,3129.74,3137.49,3063.06,3121.33,151736.21
2024-04-27 04:00:00+00:00,3121.33,3132.8,3100.35,3118.85,49299.05
2024-04-27 08:00:00+00:00,3118.85,3128.65,3105.29,3123.82,40270.08
2024-04-27 12:00:00+00:00,3123.82,3165.71,3120.45,3143.34,79279.84
2024-04-27 16:00:00+00:00,3143.34,3283.57,3139.66,3235.66,238620.17
2024-04-27 20:00:00+00:00,3235.66,3262.25,3220.74,3254.09,62995.94
2024-04-28 00:00:00+00:00,3254.09,3328.36,3248.74,3307.01,107519.86
2024-04-28 04:00:00+00:00,3307.01,3339.85,3298.02,3315.45,102742.44
2024-04-28 08:00:00+00:00,3315.45,3322.79,3272.5,3285.0,120358.92
2024-04-28 12:00:00+00:00,3285.0,3330.68,3281.3,3319.01,123733.03
2024-04-28 16:00:00+00:00,3319.01,3363.46,3306.03,3314.54,109218.2
2024-04-28 20:00:00+00:00,3314.54,3319.26,3251.18,3261.52,108008.93
2024-04-29 00:00:00+00:00,3261.52,3286.91,3159.41,3176.01,219627.98
2024-04-29 04:00:00+00:00,3176.01,3207.35,3150.02,3185.99,216490.22
2024-04-29 08:00:00+00:00,3185.99,3194.94,3146.5,3158.38,126887.37
2024-04-29 12:00:00+00:00,3158.38,3184.92,3112.68,3181.29,231075.51
2024-04-29 16:00:00+00:00,3181.29,3188.6,3153.18,3185.25,86501.57
2024-04-29 20:00:00+00:00,3185.25,3234.89,3162.16,3215.27,101471.63
2024-04-30 00:00:00+00:00,3215.27,3249.99,3147.0,3179.61,162020.86
2024-04-30 04:00:00+00:00,3179.61,3184.53,3150.58,3155.32,59890.69
2024-04-30 08:00:00+00:00,3155.32,3160.38,3000.9,3005.32,361750.99
2024-04-30 12:00:00+00:00,3005.32,3037.24,2960.13,2993.06,341679.51
2024-04-30 16:00:00+00:00,2993.06,3000.0,2917.77,2926.49,259508.17
2024-04-30 20:00:00+00:00,2926.49,3029.22,2925.21,3012.8,160442.48
2024-05-01 00:00:00+00:00,3012.8,3022.1,2955.95,3002.76,110934.41
2024-05-01 04:00:00+00:00,3002.76,3012.8,2854.22,2867.2,254447.02
2024-05-01 08:00:00+00:00,2867.2,2905.45,2814.58,2904.17,230639.81
2024-05-01 12:00:00+00:00,2904.17,2934.23,2864.12,2884.34,156818.02
2024-05-01 16:00:00+00:00,2884.34,3015.39,2866.41,2925.01,294853.14
2024-05-01 20:00:00+00:00,2925.01,2984.17,2912.11,2970.88,110151.27
2024-05-02 00:00:00+00:00,2970.88,2980.76,2888.92,2927.61,116637.8
2024-05-02 04:00:00+00:00,2927.61,2937.19,2896.14,2919.83,58917.9
2024-05-02 08:00:00+00:00,2919.83,3002.2,2914.66,2994.14,136171.08
2024-05-02 12:00:00+00:00,2994.14,3011.76,2950.01,2988.99,184161.41
2024-05-02 16:00:00+00:00,2988.99,3005.95,2970.23,2998.87,74289.5
2024-05-02 20:00:00+00:00,2998.87,3015.05,2967.21,2984.64,65644.29
2024-05-03 00:00:00+00:00,2984.64,3034.95,2976.17,3008.05,60347.99
2024-05-03 04:00:00+00:00,3008.05,3015.16,2955.76,2967.58,57394.12
2024-05-03 08:00:00+00:00,2967.58,2988.75,2955.95,2977.9,59542.29
2024-05-03 12:00:00+00:00,2977.9,3085.25,2967.75,3074.28,198909.63
2024-05-03 16:00:00+00:00,3074.28,3086.01,3060.52,3071.03,62682.6
2024-05-03 20:00:00+00:00,3071.03,3126.04,3066.72,3101.01,93788.49
2024-05-04 00:00:00+00:00,3101.01,3129.37,3090.57,3110.7,50207.08
2024-05-04 04:00:00+00:00,3110.7,3122.0,3093.51,3094.77,38238.88
2024-05-04 08:00:00+00:00,3094.77,3167.59,3094.24,3128.93,87859.46
2024-05-04 12:00:00+00:00,3128.93,3157.87,3112.22,3125.0,61604.76
2024-05-04 16:00:00+00:00,3125.0,3139.21,3111.44,3135.29,32556.65
2024-05-04 20:00:00+00:00,3135.29,3145.97,3103.02,3115.54,38474.13
2024-05-05 00:00:00+00:00,3115.54,3125.33,3057.77,3085.2,78101.87
2024-05-05 04:00:00+00:00,3085.2,3113.92,3078.53,3104.22,27615.9
2024-05-05 08:00:00+00:00,3104.22,3171.95,3101.83,3136.46,81758.92
2024-05-05 12:00:00+00:00,3136.46,3166.9,3123.52,3158.84,66052.98
2024-05-05 16:00:00+00:00,3158.84,3165.52,3128.69,3141.59,46101.4
2024-05-05 20:00:00+00:00,3141.59,3144.68,3120.1,3134.69,31062.61
2024-05-06 00:00:00+00:00,3134.69,3164.28,3122.06,3133.18,38364.18
2024-05-06 04:00:00+00:00,3133.18,3191.22,3126.01,3179.24,68163.77
2024-05-06 08:00:00+00:00,3179.24,3221.38,3127.77,3148.51,187894.73
2024-05-06 12:00:00+00:00,3148.51,3153.83,3053.79,3088.19,222945.05
2024-05-06 16:00:00+00:00,3088.19,3094.98,3043.49,3068.85,81907.07
2024-05-06 20:00:00+00:00,3068.85,3089.99,3059.86,3061.49,53236.23
2024-05-07 00:00:00+00:00,3061.49,3097.0,3017.76,3048.19,90257.35
2024-05-07 04:00:00+00:00,3048.19,3081.88,3043.0,3076.44,48762.32
2024-05-07 08:00:00+00:00,3076.44,3128.5,3056.45,3062.04,117460.13
2024-05-07 12:00:00+00:00,3062.04,3106.84,3044.01,3070.22,107128.64
2024-05-07 16:00:00+00:00,3070.22,3078.9,3024.16,3048.84,67811.75
2024-05-07 20:00:00+00:00,3048.84,3061.19,2998.02,3004.71,98350.59
2024-05-08 00:00:00+00:00,3004.71,3037.71,2992.86,3031.32,58591.57
2024-05-08 04:00:00+00:00,3031.32,3035.99,2988.24,2994.43,68138.84
2024-05-08 08:00:00+00:00,2994.43,3010.95,2976.2,2989.15,89480.27
2024-05-08 12:00:00+00:00,2989.15,3032.25,2983.61,3006.32,116546.97
2024-05-08 16:00:00+00:00,3006.32,3023.32,2984.31,2998.05,50065.1
2024-05-08 20:00:00+00:00,2998.05,3002.64,2934.42,2973.21,129683.58
2024-05-09 00:00:00+00:00,2973.21,3004.14,2970.81,2995.89,41383.49
2024-05-09 04:00:00+00:00,2995.89,3014.08,2974.35,2982.01,46322.33
2024-05-09 08:00:00+00:00,2982.01,2990.83,2948.92,2976.06,87159.14
2024-05-09 12:00:00+00:00,2976.06,3018.84,2955.0,3004.67,91900.07
2024-05-09 16:00:00+00:00,3004.67,3024.99,2987.36,3020.21,61986.66
2024-05-09 20:00:00+00:00,3020.21,3058.66,3013.8,3034.52,65185.68
2024-05-10 00:00:00+00:00,3034.52,3042.65,3017.01,3027.33,29109.64
2024-05-10 04:00:00+00:00,3027.33,3053.0,3020.37,3040.88,37484.68
2024-05-10 08:00:00+00:00,3040.88,3044.07,3020.63,3036.67,30065.36
2024-05-10 12:00:00+00:00,3036.67,3043.09,2905.16,2916.61,235762.35
2024-05-10 16:00:00+00:00,2916.61,2933.87,2875.69,2900.4,189896.12
2024-05-10 20:00:00+00:00,2900.4,2914.83,2886.0,2908.81,65283.21
2024-05-11 00:00:00+00:00,2908.81,2935.0,2903.06,2909.94,54894.89
2024-05-11 04:00:00+00:00,2909.94,2927.09,2905.2,2920.88,36224.51
2024-05-11 08:00:00+00:00,2920.88,2924.14,2885.52,2902.88,46995.21
2024-05-11 12:00:00+00:00,2902.88,2944.86,2894.46,2924.77,64240.3
2024-05-11 16:00:00+00:00,2924.77,2939.64,2916.0,2929.53,34839.25
2024-05-11 20:00:00+00:00,2929.53,2930.05,2904.58,2911.17,27054.82
2024-05-12 00:00:00+00:00,2911.17,2924.73,2907.77,2919.99,17832.35
2024-05-12 04:00:00+00:00,2919.99,2931.42,2900.0,2906.71,26794.16
2024-05-12 08:00:00+00:00,2906.71,2942.99,2901.05,2927.09,45075.49
2024-05-12 12:00:00+00:00,2927.09,2941.99,2924.27,2936.7,33404.47
2024-05-12 16:00:00+00:00,2936.7,2955.11,2919.24,2928.0,53631.79
2024-05-12 20:00:00+00:00,2928.0,2935.26,2911.38,2927.59,29180.57
2024-05-13 00:00:00+00:00,2927.59,2941.99,2862.57,2888.8,129964.49
2024-05-13 04:00:00+00:00,2888.8,2956.8,2868.75,2952.76,112705.66
2024-05-13 08:00:00+00:00,2952.76,2996.12,2946.65,2964.47,135090.26
2024-05-13 12:00:00+00:00,2964.47,2984.99,2947.32,2959.59,93553.41
2024-05-13 16:00:00+00:00,2959.59,2977.09,2926.02,2955.64,97325.19
2024-05-13 20:00:00+00:00,2955.64,2958.89,2936.8,2949.8,28270.26
2024-05-14 00:00:00+00:00,2949.8,2959.85,2935.04,2939.14,54298.38
2024-05-14 04:00:00+00:00,2939.14,2948.58,2880.4,2918.46,96994.96
2024-05-14 08:00:00+00:00,2918.46,2918.79,2896.0,2906.64,43702.86
2024-05-14 12:00:00+00:00,2906.64,2923.65,2868.03,2897.46,161688.3
2024-05-14 16:00:00+00:00,2897.46,2899.26,2858.79,2893.15,64323.18
2024-05-14 20:00:00+00:00,2893.15,2902.08,2877.07,2880.77,36628.19
2024-05-15 00:00:00+00:00,2880.77,2902.75,2862.5,2902.01,45251.83
2024-05-15 04:00:00+00:00,2902.01,2920.87,2896.86,2915.13,57637.53
2024-05-15 08:00:00+00:00,2915.13,2933.4,2886.0,2897.79,80853.09
2024-05-15 12:00:00+00:00,2897.79,2991.44,2891.8,2975.1,265312.55
2024-05-15 16:00:00+00:00,2975.1,3025.78,2967.72,3023.44,109395.95
2024-05-15 20:00:00+00:00,3023.44,3039.99,3008.23,3030.6,68979.08
2024-05-16 00:00:00+00:00,3030.6,3039.81,2993.45,3012.26,79051.7
2024-05-16 04:00:00+00:00,3012.26,3020.36,3002.41,3015.1,37468.73
2024-05-16 08:00:00+00:00,3015.1,3027.26,2987.0,3005.4,69983.26
2024-05-16 12:00:00+00:00,3005.4,3008.16,2927.96,2955.75,168096.35
2024-05-16 16:00:00+00:00,2955.75,2960.0,2922.71,2943.47,99015.2
2024-05-16 20:00:00+00:00,2943.47,2945.51,2921.24,2944.06,48921.39
2024-05-17 00:00:00+00:00,2944.06,2955.71,2931.48,2949.16,46185.37
2024-05-17 04:00:00+00:00,2949.16,3031.8,2938.51,3024.65,129429.83
2024-05-17 08:00:00+00:00,3024.65,3059.75,3016.24,3030.03,183373.5
2024-05-17 12:00:00+00:00,3030.03,3119.6,3020.0,3111.09,249536.99
2024-05-17 16:00:00+00:00,3111.09,3120.25,3066.42,3084.17,93475.17
2024-05-17 20:00:00+00:00,3084.17,3095.25,3079.41,3091.49,32810.5
2024-05-18 00:00:00+00:00,3091.49,3127.7,3083.01,3114.02,58066.49
2024-05-18 04:00:00+00:00,3114.02,3118.7,3090.72,3101.39,44045.93
2024-05-18 08:00:00+00:00,3101.39,3146.99,3100.0,3134.24,85965.18
2024-05-18 12:00:00+00:00,3134.24,3135.64,3094.5,3110.6,82167.36
2024-05-18 16:00:00+00:00,3110.6,3121.44,3105.44,3119.63,32243.41
2024-05-18 20:00:00+00:00,3119.63,3127.08,3105.01,3122.82,34362.69
2024-05-19 00:00:00+00:00,3122.82,3137.22,3112.1,3128.86,28678.62
2024-05-19 04:00:00+00:00,3128.86,3130.71,3101.3,3115.01,35497.23
2024-05-19 08:00:00+00:00,3115.01,3124.94,3080.06,3102.07,83773.69
2024-05-19 12:00:00+00:00,3102.07,3102.68,3062.24,3076.49,84826.98
2024-05-19 16:00:00+00:00,3076.49,3083.63,3056.96,3064.4,69017.58
2024-05-19 20:00:00+00:00,3064.4,3082.24,3051.03,3070.14,47618.21
2024-05-20 00:00:00+00:00,3070.14,3099.99,3046.04,3086.01,75592.16
2024-05-20 04:00:00+00:00,3086.01,3139.19,3063.16,3090.71,133412.7
2024-05-20 08:00:00+00:00,3090.71,3113.9,3084.1,3093.0,75985.9
2024-05-20 12:00:00+00:00,3093.0,3120.58,3075.0,3117.37,103479.55
2024-05-20 16:00:00+00:00,3117.37,3462.85,3109.22,3440.88,620120.77
2024-05-20 20:00:00+00:00,3440.88,3699.99,3423.05,3666.33,714297.78
2024-05-21 00:00:00+00:00,3666.33,3727.84,3641.43,3698.78,291713.45
2024-05-21 04:00:00+00:00,3698.78,3702.93,3624.56,3663.57,215906.82
2024-05-21 08:00:00+00:00,3663.57,3827.98,3651.34,3781.6,338622.48
2024-05-21 12:00:00+00:00,3781.6,3841.61,3747.8,3779.09,569714.44
2024-05-21 16:00:00+00:00,3779.09,3848.83,3677.42,3714.94,421640.7
2024-05-21 20:00:00+00:00,3714.94,3826.34,3712.05,3792.71,185512.24
2024-05-22 00:00:00+00:00,3792.71,3815.79,3776.53,3795.63,92844.56
2024-05-22 04:00:00+00:00,3795.63,3797.38,3722.06,3749.18,159159.67
2024-05-22 08:00:00+00:00,3749.18,3783.25,3687.76,3691.02,194829.09
2024-05-22 12:00:00+00:00,3691.02,3778.0,3652.55,3764.11,440180.58
2024-05-22 16:00:00+00:00,3764.11,3802.63,3700.62,3738.94,213076.51
2024-05-22 20:00:00+00:00,3738.94,3786.31,3725.36,3740.86,159677.62
2024-05-23 00:00:00+00:00,3740.86,3794.91,3737.42,3784.99,115282.34
2024-05-23 04:00:00+00:00,3784.99,3837.64,3762.07,3815.91,152503.02
2024-05-23 08:00:00+00:00,3815.91,3933.85,3791.53,3921.31,306894.69
2024-05-23 12:00:00+00:00,3921.31,3952.64,3726.18,3816.01,862880.13
2024-05-23 16:00:00+00:00,3816.01,3831.83,3702.25,3794.24,414670.84
2024-05-23 20:00:00+00:00,3794.24,3908.88,3520.0,3784.73,1100230.71
2024-05-24 00:00:00+00:00,3784.73,3832.72,3744.2,3804.96,122696.61
2024-05-24 04:00:00+00:00,3804.96,3817.79,3649.84,3680.76,274493.38
2024-05-24 08:00:00+00:00,3680.76,3720.8,3628.59,3714.78,193328.48
2024-05-24 12:00:00+00:00,3714.78,3735.42,3670.43,3694.79,230320.11
2024-05-24 16:00:00+00:00,3694.79,3762.0,3653.48,3744.71,187882.34
2024-05-24 20:00:00+00:00,3744.71,3755.81,3722.63,3728.27,52553.12
2024-05-25 00:00:00+00:00,3728.27,3749.93,3707.65,3746.54,50045.69
2024-05-25 04:00:00+00:00,3746.54,3782.36,3746.25,3748.52,87886.61
2024-05-25 08:00:00+00:00,3748.52,3777.6,3735.12,3739.55,79964.36
2024-05-25 12:00:00+00:00,3739.55,3760.09,3720.0,3744.98,81541.14
2024-05-25 16:00:00+00:00,3744.98,3767.58,3737.16,3759.1,33748.54
2024-05-25 20:00:00+00:00,3759.1,3762.53,3730.79,3751.21,29215.06
2024-05-26 00:00:00+00:00,3751.21,3773.92,3731.88,3773.33,47255.35
2024-05-26 04:00:00+00:00,3773.33,3797.0,3742.51,3787.58,55408.91
2024-05-26 08:00:00+00:00,3787.58,3826.76,3778.85,3815.41,109422.67
2024-05-26 12:00:00+00:00,3815.41,3881.0,3793.54,3835.01,153022.99
2024-05-26 16:00:00+00:00,3835.01,3888.22,3832.26,3881.61,109565.0
2024-05-26 20:00:00+00:00,3881.61,3883.0,3818.2,3827.22,75074.35
2024-05-27 00:00:00+00:00,3827.22,3942.85,3824.26,3921.9,160005.1
2024-05-27 04:00:00+00:00,3921.9,3937.0,3888.49,3916.0,101411.13
2024-05-27 08:00:00+00:00,3916.0,3958.0,3885.22,3902.5,117100.71
2024-05-27 12:00:00+00:00,3902.5,3981.56,3892.37,3967.07,173805.65
2024-05-27 16:00:00+00:00,3967.07,3977.59,3855.0,3874.65,151308.07
2024-05-27 20:00:00+00:00,3874.65,3907.37,3860.87,3896.12,68974.25
2024-05-28 00:00:00+00:00,3896.12,3914.0,3827.48,3851.49,156414.35
2024-05-28 04:00:00+00:00,3851.49,3867.77,3822.02,3849.17,84269.59
2024-05-28 08:00:00+00:00,3849.17,3934.33,3840.04,3906.3,111263.92
2024-05-28 12:00:00+00:00,3906.3,3915.4,3831.41,3861.98,201523.04
2024-05-28 16:00:00+00:00,3861.98,3870.47,3773.21,3843.5,189270.45
2024-05-28 20:00:00+00:00,3843.5,3874.99,3825.52,3847.14,55167.7
2024-05-29 00:00:00+00:00,3847.14,3866.38,3836.77,3853.64,52737.69
2024-05-29 04:00:00+00:00,3853.64,3894.05,3823.4,3823.99,96862.43
2024-05-29 08:00:00+00:00,3823.99,3830.97,3782.62,3811.81,163214.9
2024-05-29 12:00:00+00:00,3811.81,3842.77,3748.06,3761.57,236258.66
2024-05-29 16:00:00+00:00,3761.57,3785.81,3744.24,3750.83,123055.69
2024-05-29 20:00:00+00:00,3750.83,3796.3,3744.16,3768.74,102847.73
2024-05-30 00:00:00+00:00,3768.74,3801.48,3752.23,3793.47,68161.86
2024-05-30 04:00:00+00:00,3793.47,3804.51,3713.19,3720.12,150630.95
2024-05-30 08:00:00+00:00,3720.12,3759.95,3701.31,3738.27,117724.44
2024-05-30 12:00:00+00:00,3738.27,3801.0,3734.9,3777.97,149307.48
2024-05-30 16:00:00+00:00,3777.97,3827.7,3752.67,3762.75,138443.85
2024-05-30 20:00:00+00:00,3762.75,3763.28,3719.03,3748.92,89134.83
2024-05-31 00:00:00+00:00,3748.92,3771.38,3740.86,3761.18,46933.79
2024-05-31 04:00:00+00:00,3761.18,3767.85,3725.51,3730.24,51148.66
2024-05-31 08:00:00+00:00,3730.24,3816.31,3728.11,3804.09,104024.39
2024-05-31 12:00:00+00:00,3804.09,3862.31,3745.0,3746.03,281022.29
2024-05-31 16:00:00+00:00,3746.03,3798.64,3723.32,3788.02,143711.53
2024-05-31 20:00:00+00:00,3788.02,3803.51,3743.05,3764.52,87308.93
2024-06-01 00:00:00+00:00,3764.52,3784.8,3753.99,3780.55,36125.64
2024-06-01 04:00:00+00:00,3780.55,3797.99,3771.21,3774.65,39493.17
2024-06-01 08:00:00+00:00,3774.65,3811.97,3773.86,3790.2,44716.25
2024-06-01 12:00:00+00:00,3790.2,3817.26,3788.66,3800.65,33989.89
2024-06-01 16:00:00+00:00,3800.65,3812.91,3791.8,3805.81,26298.48
2024-06-01 20:00:00+00:00,3805.81,3836.0,3801.44,3817.96,39642.44
2024-06-02 00:00:00+00:00,3817.96,3841.31,3799.21,3809.46,47858.02
2024-06-02 04:00:00+00:00,3809.46,3826.78,3793.39,3794.82,34343.29
2024-06-02 08:00:00+00:00,3794.82,3812.91,3772.19,3807.01,70226.53
2024-06-02 12:00:00+00:00,3807.01,3814.13,3779.0,3801.41,44039.42
2024-06-02 16:00:00+00:00,3801.41,3806.35,3752.29,3783.72,55453.23
2024-06-02 20:00:00+00:00,3783.72,3799.69,3769.23,3783.45,28445.76
2024-06-03 00:00:00+00:00,3783.45,3824.91,3762.86,3802.64,58586.18
2024-06-03 04:00:00+00:00,3802.64,3846.08,3797.49,3819.84,68815.49
2024-06-03 08:00:00+00:00,3819.84,3843.76,3806.1,3811.36,49257.0
2024-06-03 12:00:00+00:00,3811.36,3853.99,3758.76,3798.75,171365.93
2024-06-03 16:00:00+00:00,3798.75,3801.34,3760.0,3775.11,66904.6
2024-06-03 20:00:00+00:00,3775.11,3787.89,3761.42,3769.06,43862.3
2024-06-04 00:00:00+00:00,3769.06,3788.91,3725.0,3775.96,75422.57
2024-06-04 04:00:00+00:00,3775.96,3782.15,3754.0,3777.71,36283.38
2024-06-04 08:00:00+00:00,3777.71,3786.27,3741.54,3766.93,64360.47
2024-06-04 12:00:00+00:00,3766.93,3821.37,3754.59,3813.07,128799.29
2024-06-04 16:00:00+00:00,3813.07,3835.0,3777.2,3802.6,96373.47
2024-06-04 20:00:00+00:00,3802.6,3825.35,3794.48,3813.64,39468.8
2024-06-05 00:00:00+00:00,3813.64,3843.84,3799.54,3812.96,78446.23
2024-06-05 04:00:00+00:00,3812.96,3823.61,3778.66,3811.7,84637.07
2024-06-05 08:00:00+00:00,3811.7,3814.27,3790.21,3806.64,42863.42
2024-06-05 12:00:00+00:00,3806.64,3827.51,3783.47,3815.89,102884.8
2024-06-05 16:00:00+00:00,3815.89,3881.3,3797.45,3879.61,157244.16
2024-06-05 20:00:00+00:00,3879.61,3891.07,3843.91,3868.28,70764.52
2024-06-06 00:00:00+00:00,3868.28,3881.38,3855.57,3864.12,24260.85
2024-06-06 04:00:00+00:00,3864.12,3867.87,3841.56,3854.08,47994.8
2024-06-06 08:00:00+00:00,3854.08,3861.11,3843.8,3852.49,31470.22
2024-06-06 12:00:00+00:00,3852.49,3870.16,3824.0,3846.94,109075.29
2024-06-06 16:00:00+00:00,3846.94,3857.46,3784.91,3792.16,121652.17
2024-06-06 20:00:00+00:00,3792.16,3817.9,3759.05,3815.66,99497.13
2024-06-07 00:00:00+00:00,3815.66,3815.66,3792.75,3808.55,33312.17
2024-06-07 04:00:00+00:00,3808.55,3828.8,3807.6,3818.39,36014.27
2024-06-07 08:00:00+00:00,3818.39,3844.3,3802.3,3837.83,51300.99
2024-06-07 12:00:00+00:00,3837.83,3844.67,3772.86,3802.6,182569.64
2024-06-07 16:00:00+00:00,3802.6,3811.06,3569.3,3688.68,465216.48
2024-06-07 20:00:00+00:00,3688.68,3702.18,3671.34,3680.4,63340.65
2024-06-08 00:00:00+00:00,3680.4,3694.58,3675.31,3691.38,23323.27
2024-06-08 04:00:00+00:00,3691.38,3712.5,3678.21,3710.9,42983.98
2024-06-08 08:00:00+00:00,3710.9,3711.41,3679.11,3683.82,41093.6
2024-06-08 12:00:00+00:00,3683.82,3699.46,3661.0,3689.39,58772.26
2024-06-08 16:00:00+00:00,3689.39,3696.52,3672.67,3682.89,22766.71
2024-06-08 20:00:00+00:00,3682.89,3685.45,3670.99,3682.26,22339.25
2024-06-09 00:00:00+00:00,3682.26,3685.91,3666.95,3675.26,17773.09
2024-06-09 04:00:00+00:00,3675.26,3692.8,3670.22,3686.84,23403.59
2024-06-09 08:00:00+00:00,3686.84,3695.74,3683.95,3695.46,14661.74
2024-06-09 12:00:00+00:00,3695.46,3714.43,3681.57,3691.45,43232.98
2024-06-09 16:00:00+00:00,3691.45,3711.0,3690.06,3702.23,24241.67
2024-06-09 20:00:00+00:00,3702.23,3725.19,3695.6,3706.63,34767.93
2024-06-10 00:00:00+00:00,3706.63,3707.2,3680.42,3684.96,20197.78
2024-06-10 04:00:00+00:00,3684.96,3693.16,3642.78,3648.0,55739.49
2024-06-10 08:00:00+00:00,3648.0,3682.44,3646.62,3676.2,54149.26
2024-06-10 12:00:00+00:00,3676.2,3714.7,3662.43,3702.44,65427.46
2024-06-10 16:00:00+00:00,3702.44,3706.11,3664.72,3669.17,47830.51
2024-06-10 20:00:00+00:00,3669.17,3677.64,3648.99,3667.86,46795.84
2024-06-11 00:00:00+00:00,3667.86,3672.71,3565.0,3595.31,211888.65
2024-06-11 04:00:00+00:00,3595.31,3595.31,3492.91,3532.54,255722.07
2024-06-11 08:00:00+00:00,3532.54,3548.76,3501.06,3529.34,162857.09
2024-06-11 12:00:00+00:00,3529.34,3546.65,3426.3,3446.38,304695.0
2024-06-11 16:00:00+00:00,3446.38,3502.78,3428.56,3497.13,187328.03
2024-06-11 20:00:00+00:00,3497.13,3509.29,3483.02,3496.7,42204.35
2024-06-12 00:00:00+00:00,3496.7,3513.37,3460.01,3509.54,77598.64
2024-06-12 04:00:00+00:00,3509.54,3533.43,3506.43,3525.63,60330.08
2024-06-12 08:00:00+00:00,3525.63,3563.69,3515.08,3530.0,62500.68
2024-06-12 12:00:00+00:00,3530.0,3655.35,3529.34,3615.78,309418.31
2024-06-12 16:00:00+00:00,3615.78,3624.68,3510.0,3526.96,299484.26
2024-06-12 20:00:00+00:00,3526.96,3573.75,3519.1,3558.34,76132.89
2024-06-13 00:00:00+00:00,3558.34,3560.24,3474.29,3502.48,119774.22
2024-06-13 04:00:00+00:00,3502.48,3516.51,3481.26,3505.99,72905.35
2024-06-13 08:00:00+00:00,3505.99,3511.11,3467.73,3494.92,111171.41
2024-06-13 12:00:00+00:00,3494.92,3537.01,3430.17,3440.39,330150.44
2024-06-13 16:00:00+00:00,3440.39,3492.1,3423.16,3480.48,115209.41
2024-06-13 20:00:00+00:00,3480.48,3490.72,3457.01,3467.5,49283.92
2024-06-14 00:00:00+00:00,3467.5,3508.3,3456.01,3489.8,70601.3
2024-06-14 04:00:00+00:00,3489.8,3531.11,3489.58,3513.76,72938.35
2024-06-14 08:00:00+00:00,3513.76,3529.62,3503.62,3514.01,51633.46
2024-06-14 12:00:00+00:00,3514.01,3524.9,3459.39,3460.25,124636.9
2024-06-14 16:00:00+00:00,3460.25,3465.68,3356.87,3404.45,323220.93
2024-06-14 20:00:00+00:00,3404.45,3531.28,3402.26,3480.48,253144.21
2024-06-15 00:00:00+00:00,3480.48,3503.31,3471.47,3503.31,78130.28
2024-06-15 04:00:00+00:00,3503.31,3558.47,3497.0,3528.2,139239.83
2024-06-15 08:00:00+00:00,3528.2,3541.59,3517.5,3537.84,58188.93
2024-06-15 12:00:00+00:00,3537.84,3593.48,3536.35,3564.57,114907.31
2024-06-15 16:00:00+00:00,3564.57,3574.0,3550.0,3556.65,60003.86
2024-06-15 20:00:00+00:00,3556.65,3573.99,3533.68,3567.4,51591.12
2024-06-16 00:00:00+00:00,3567.4,3572.96,3546.32,3553.22,27991.31
2024-06-16 04:00:00+00:00,3553.22,3573.03,3539.0,3560.0,36000.97
2024-06-16 08:00:00+00:00,3560.0,3568.91,3545.46,3553.79,38989.78
2024-06-16 12:00:00+00:00,3553.79,3612.0,3550.98,3590.58,93036.87
2024-06-16 16:00:00+00:00,3590.58,3607.97,3584.0,3597.13,50058.94
2024-06-16 20:00:00+00:00,3597.13,3655.0,3586.39,3621.94,115974.43
2024-06-17 00:00:00+00:00,3621.94,3637.02,3573.63,3580.24,97659.44
2024-06-17 04:00:00+00:00,3580.24,3594.59,3535.01,3551.32,113606.93
2024-06-17 08:00:00+00:00,3551.32,3559.55,3488.5,3526.26,178489.07
2024-06-17 12:00:00+00:00,3526.26,3546.56,3483.39,3495.58,194557.11
2024-06-17 16:00:00+00:00,3495.58,3577.95,3464.0,3552.21,229641.19
2024-06-17 20:00:00+00:00,3552.21,3554.38,3497.17,3509.21,98828.13
2024-06-18 00:00:00+00:00,3509.21,3515.47,3341.72,3440.24,384174.63
2024-06-18 04:00:00+00:00,3440.24,3461.0,3427.01,3441.98,71069.64
2024-06-18 08:00:00+00:00,3441.98,3449.99,3387.37,3412.04,106703.08
2024-06-18 12:00:00+00:00,3412.04,3439.85,3366.4,3422.65,269461.68
2024-06-18 16:00:00+00:00,3422.65,3435.31,3385.0,3421.56,127425.61
2024-06-18 20:00:00+00:00,3421.56,3489.84,3410.99,3482.3,174900.94
2024-06-19 00:00:00+00:00,3482.3,3572.31,3463.78,3564.61,234911.33
2024-06-19 04:00:00+00:00,3564.61,3584.46,3531.43,3543.07,116691.25
2024-06-19 08:00:00+00:00,3543.07,3563.28,3516.58,3535.42,117753.25
2024-06-19 12:00:00+00:00,3535.42,3549.89,3510.55,3528.04,95520.09
2024-06-19 16:00:00+00:00,3528.04,3586.42,3522.0,3544.68,163052.41
2024-06-19 20:00:00+00:00,3544.68,3575.36,3529.5,3558.81,90242.4
2024-06-20 00:00:00+00:00,3558.81,3594.06,3531.04,3551.76,113294.01
2024-06-20 04:00:00+00:00,3551.76,3615.18,3542.72,3606.8,117675.8
2024-06-20 08:00:00+00:00,3606.8,3625.0,3570.84,3597.4,159594.0
2024-06-20 12:00:00+00:00,3597.4,3611.65,3488.0,3504.4,340294.91
2024-06-20 16:00:00+00:00,3504.4,3541.7,3481.75,3535.41,157791.67
2024-06-20 20:00:00+00:00,3535.41,3538.55,3508.08,3510.67,52170.73
2024-06-21 00:00:00+00:00,3510.67,3534.93,3489.2,3499.66,107389.45
2024-06-21 04:00:00+00:00,3499.66,3520.68,3463.3,3472.28,119277.75
2024-06-21 08:00:00+00:00,3472.28,3531.97,3444.0,3502.01,303794.22
2024-06-21 12:00:00+00:00,3502.01,3519.28,3451.66,3491.41,253537.66
2024-06-21 16:00:00+00:00,3491.41,3536.84,3468.67,3534.09,134584.77
2024-06-21 20:00:00+00:00,3534.09,3546.94,3497.5,3516.59,80319.82
2024-06-22 00:00:00+00:00,3516.59,3519.6,3492.06,3504.86,52382.87
2024-06-22 04:00:00+00:00,3504.86,3508.42,3486.57,3492.8,40205.18
2024-06-22 08:00:00+00:00,3492.8,3497.28,3473.18,3491.82,45940.33
2024-06-22 12:00:00+00:00,3491.82,3509.69,3485.04,3504.05,31402.58
2024-06-22 16:00:00+00:00,3504.05,3507.55,3483.31,3490.16,41830.23
2024-06-22 20:00:00+00:00,3490.16,3507.04,3484.6,3493.85,20787.38
2024-06-23 00:00:00+00:00,3493.85,3517.74,3493.09,3517.6,35685.02
2024-06-23 04:00:00+00:00,3517.6,3519.49,3505.1,3510.8,23111.38
2024-06-23 08:00:00+00:00,3510.8,3511.46,3485.07,3496.29,32015.41
2024-06-23 12:00:00+00:00,3496.29,3503.59,3468.58,3473.01,60106.07
2024-06-23 16:00:00+00:00,3473.01,3480.85,3458.42,3478.32,43080.35
2024-06-23 20:00:00+00:00,3478.32,3478.69,3392.94,3419.16,188645.34
2024-06-24 00:00:00+00:00,3419.16,3434.39,3382.07,3400.65,118029.41
2024-06-24 04:00:00+00:00,3400.65,3411.7,3351.01,3367.38,162000.52
2024-06-24 08:00:00+00:00,3367.38,3392.77,3212.0,3319.0,378561.32
2024-06-24 12:00:00+00:00,3319.0,3335.48,3257.9,3277.75,249491.59
2024-06-24 16:00:00+00:00,3277.75,3315.0,3236.17,3293.15,351339.52
2024-06-24 20:00:00+00:00,3293.15,3362.82,3252.0,3351.15,263285.34
2024-06-25 00:00:00+00:00,3351.15,3385.5,3334.72,3370.0,105714.19
2024-06-25 04:00:00+00:00,3370.0,3393.54,3354.69,3358.94,89725.71
2024-06-25 08:00:00+00:00,3358.94,3393.96,3343.77,3374.39,94499.47
2024-06-25 12:00:00+00:00,3374.39,3425.22,3356.22,3418.33,144457.86
2024-06-25 16:00:00+00:00,3418.33,3429.84,3379.56,3414.15,151833.92
2024-06-25 20:00:00+00:00,3414.15,3417.49,3386.16,3392.24,68112.39
2024-06-26 00:00:00+00:00,3392.24,3425.48,3382.55,3393.16,76783.28
2024-06-26 04:00:00+00:00,3393.16,3404.85,3373.18,3400.08,63898.67
2024-06-26 08:00:00+00:00,3400.08,3401.0,3364.12,3380.05,71559.93
2024-06-26 12:00:00+00:00,3380.05,3396.06,3342.06,3359.82,120515.79
2024-06-26 16:00:00+00:00,3359.82,3411.0,3323.67,3407.94,193706.99
2024-06-26 20:00:00+00:00,3407.94,3417.37,3365.54,3369.67,109033.47
2024-06-27 00:00:00+00:00,3369.67,3391.89,3359.19,3381.72,59965.67
2024-06-27 04:00:00+00:00,3381.72,3387.05,3363.89,3373.46,53694.13
2024-06-27 08:00:00+00:00,3373.46,3413.3,3366.56,3402.36,77896.99
2024-06-27 12:00:00+00:00,3402.36,3475.84,3402.11,3450.14,244107.91
2024-06-27 16:00:00+00:00,3450.14,3466.12,3437.04,3448.25,67058.27
2024-06-27 20:00:00+00:00,3448.25,3453.39,3437.9,3448.56,44694.2
2024-06-28 00:00:00+00:00,3448.56,3486.54,3433.0,3458.9,126524.79
2024-06-28 04:00:00+00:00,3458.9,3459.55,3424.47,3430.42,61008.89
2024-06-28 08:00:00+00:00,3430.42,3460.45,3419.0,3451.34,60302.27
2024-06-28 12:00:00+00:00,3451.34,3476.01,3401.02,3411.41,192244.21
2024-06-28 16:00:00+00:00,3411.41,3415.1,3362.48,3378.25,169723.28
2024-06-28 20:00:00+00:00,3378.25,3393.25,3366.39,3378.37,57987.26
2024-06-29 00:00:00+00:00,3378.37,3397.89,3378.02,3383.96,47966.55
2024-06-29 04:00:00+00:00,3383.96,3407.25,3378.84,3397.82,40239.37
2024-06-29 08:00:00+00:00,3397.82,3404.85,3384.73,3398.73,39508.86
2024-06-29 12:00:00+00:00,3398.73,3401.87,3380.43,3392.87,42096.13
2024-06-29 16:00:00+00:00,3392.87,3395.47,3374.56,3385.15,26813.41
2024-06-29 20:00:00+00:00,3385.15,3387.77,3367.75,3377.0,25753.47
2024-06-30 00:00:00+00:00,3377.0,3388.32,3351.0,3369.65,48583.03
2024-06-30 04:00:00+00:00,3369.65,3398.8,3356.19,3392.68,56864.93
2024-06-30 08:00:00+00:00,3392.68,3397.81,3383.28,3387.66,37900.31
2024-06-30 12:00:00+00:00,3387.66,3402.95,3377.56,3398.56,45484.74
2024-06-30 16:00:00+00:00,3398.56,3431.97,3390.23,3426.43,56280.75
2024-06-30 20:00:00+00:00,3426.43,3459.29,3406.41,3436.4,74872.85
2024-07-01 00:00:00+00:00,3436.4,3523.57,3430.48,3496.54,162184.98
2024-07-01 04:00:00+00:00,3496.54,3497.91,3481.91,3488.74,43630.69
2024-07-01 08:00:00+00:00,3488.74,3493.71,3456.02,3458.2,67539.52
2024-07-01 12:00:00+00:00,3458.2,3479.94,3450.0,3473.14,77165.63
2024-07-01 16:00:00+00:00,3473.14,3498.32,3460.55,3469.54,80571.28
2024-07-01 20:00:00+00:00,3469.54,3474.33,3419.28,3440.0,74847.19
2024-07-02 00:00:00+00:00,3440.0,3462.96,3431.64,3455.53,27840.0
2024-07-02 04:00:00+00:00,3455.53,3462.79,3432.0,3437.14,38524.67
2024-07-02 08:00:00+00:00,3437.14,3453.98,3430.4,3452.13,38322.95
2024-07-02 12:00:00+00:00,3452.13,3463.28,3398.61,3414.63,132815.98
2024-07-02 16:00:00+00:00,3414.63,3432.43,3407.05,3414.53,44162.74
2024-07-02 20:00:00+00:00,3414.53,3428.7,3411.49,3419.95,36397.59
2024-07-03 00:00:00+00:00,3419.95,3431.32,3326.87,3358.97,174835.64
2024-07-03 04:00:00+00:00,3358.97,3372.0,3350.02,3350.38,59379.15
2024-07-03 08:00:00+00:00,3350.38,3355.95,3277.84,3305.45,193572.14
2024-07-03 12:00:00+00:00,3305.45,3324.5,3271.19,3302.33,147583.5
2024-07-03 16:00:00+00:00,3302.33,3321.67,3251.13,3264.45,150069.76
2024-07-03 20:00:00+00:00,3264.45,3305.15,3246.36,3294.29,82941.78
2024-07-04 00:00:00+00:00,3294.29,3312.57,3147.42,3241.71,274896.57
2024-07-04 04:00:00+00:00,3241.71,3245.0,3166.63,3180.23,120030.14
2024-07-04 08:00:00+00:00,3180.23,3194.85,3122.47,3158.21,248357.61
2024-07-04 12:00:00+00:00,3158.21,3160.28,3084.95,3137.29,315305.48
2024-07-04 16:00:00+00:00,3137.29,3151.65,3111.4,3131.99,110683.4
2024-07-04 20:00:00+00:00,3131.99,3168.92,3047.96,3058.64,170979.16
2024-07-05 00:00:00+00:00,3058.64,3108.34,2866.06,2920.11,654939.07
2024-07-05 04:00:00+00:00,2920.11,2927.39,2802.87,2881.26,514589.24
2024-07-05 08:00:00+00:00,2881.26,2956.61,2820.88,2946.8,315594.82
2024-07-05 12:00:00+00:00,2946.8,3005.94,2921.0,2990.05,307424.99
2024-07-05 16:00:00+00:00,2990.05,3000.34,2956.82,2986.27,130308.22
2024-07-05 20:00:00+00:00,2986.27,2991.94,2961.06,2980.0,54043.48
2024-07-06 00:00:00+00:00,2980.0,3026.28,2952.1,2979.01,111530.13
2024-07-06 04:00:00+00:00,2979.01,3015.12,2960.0,3002.77,90946.03
2024-07-06 08:00:00+00:00,3002.77,3013.29,2982.7,3004.69,66098.76
2024-07-06 12:00:00+00:00,3004.69,3029.37,2988.1,3018.61,76214.22
2024-07-06 16:00:00+00:00,3018.61,3066.0,3014.2,3056.27,120896.07
2024-07-06 20:00:00+00:00,3056.27,3081.46,3054.4,3065.39,65701.04
2024-07-07 00:00:00+00:00,3065.39,3071.95,3037.8,3049.33,68536.21
2024-07-07 04:00:00+00:00,3049.33,3049.52,2992.0,3002.75,98837.82
2024-07-07 08:00:00+00:00,3002.75,3031.0,3002.53,3013.63,53323.68
2024-07-07 12:00:00+00:00,3013.63,3022.94,2953.5,2969.39,120500.24
2024-07-07 16:00:00+00:00,2969.39,3008.0,2961.56,2983.68,61829.67
2024-07-07 20:00:00+00:00,2983.68,2999.53,2918.03,2929.87,140064.16
2024-07-08 00:00:00+00:00,2929.87,2950.57,2820.0,2878.07,377671.02
2024-07-08 04:00:00+00:00,2878.07,2932.13,2873.39,2925.83,103024.39
2024-07-08 08:00:00+00:00,2925.83,3096.0,2921.27,3053.63,346772.45
2024-07-08 12:00:00+00:00,3053.63,3063.0,2886.29,2966.99,453719.33
2024-07-08 16:00:00+00:00,2966.99,3008.96,2942.86,3003.17,161768.64
2024-07-08 20:00:00+00:00,3003.17,3047.07,2981.91,3017.91,128628.62
2024-07-09 00:00:00+00:00,3017.91,3076.59,3001.61,3063.48,176349.27
2024-07-09 04:00:00+00:00,3063.48,3089.65,3053.15,3061.36,125648.22
2024-07-09 08:00:00+00:00,3061.36,3115.0,3054.07,3082.41,137744.13
2024-07-09 12:00:00+00:00,3082.41,3108.22,3034.08,3066.07,201119.46
2024-07-09 16:00:00+00:00,3066.07,3088.24,3045.0,3067.82,100663.34
2024-07-09 20:00:00+00:00,3067.82,3078.4,3045.36,3065.17,56190.0
2024-07-10 00:00:00+00:00,3065.17,3082.0,3021.5,3078.93,94204.46
2024-07-10 04:00:00+00:00,3078.93,3129.77,3078.93,3094.86,139409.32
2024-07-10 08:00:00+00:00,3094.86,3108.9,3076.67,3101.53,95245.23
2024-07-10 12:00:00+00:00,3101.53,3128.57,3075.72,3120.6,174311.41
2024-07-10 16:00:00+00:00,3120.6,3151.35,3088.64,3106.03,126029.98
2024-07-10 20:00:00+00:00,3106.03,3110.7,3078.08,3099.34,63298.65
2024-07-11 00:00:00+00:00,3099.34,3129.32,3051.22,3075.0,106492.5
2024-07-11 04:00:00+00:00,3075.0,3123.0,3071.22,3116.67,67686.58
2024-07-11 08:00:00+00:00,3116.67,3156.35,3113.08,3145.22,111087.52
2024-07-11 12:00:00+00:00,3145.22,3216.9,3102.04,3116.2,412947.31
2024-07-11 16:00:00+00:00,3116.2,3147.84,3095.67,3105.46,121906.01
2024-07-11 20:00:00+00:00,3105.46,3121.0,3083.31,3097.97,83903.91
2024-07-12 00:00:00+00:00,3097.97,3116.91,3052.37,3084.03,111866.7
2024-07-12 04:00:00+00:00,3084.03,3097.89,3056.0,3070.05,69576.15
2024-07-12 08:00:00+00:00,3070.05,3084.18,3042.0,3068.89,96098.07
2024-07-12 12:00:00+00:00,3068.89,3139.8,3055.53,3130.8,172554.64
2024-07-12 16:00:00+00:00,3130.8,3156.92,3111.23,3114.2,144499.87
2024-07-12 20:00:00+00:00,3114.2,3134.83,3087.08,3133.2,93546.69
2024-07-13 00:00:00+00:00,3133.2,3139.29,3118.44,3119.25,26834.05
2024-07-13 04:00:00+00:00,3119.25,3141.81,3111.28,3139.44,39139.85
2024-07-13 08:00:00+00:00,3139.44,3172.38,3127.51,3156.2,83426.08
2024-07-13 12:00:00+00:00,3156.2,3164.38,3137.61,3153.76,40914.1
2024-07-13 16:00:00+00:00,3153.76,3164.48,3144.71,3162.55,26462.81
2024-07-13 20:00:00+00:00,3162.55,3201.67,3142.37,3174.26,110981.02
2024-07-14 00:00:00+00:00,3174.26,3192.88,3160.39,3171.12,53906.62
2024-07-14 04:00:00+00:00,3171.12,3205.82,3169.43,3194.41,62525.98
2024-07-14 08:00:00+00:00,3194.41,3226.25,3194.24,3201.39,72059.72
2024-07-14 12:00:00+00:00,3201.39,3203.0,3171.2,3189.23,64604.05
2024-07-14 16:00:00+00:00,3189.23,3196.67,3181.43,3189.56,24839.35
2024-07-14 20:00:00+00:00,3189.56,3266.94,3188.62,3243.4,122749.12
2024-07-15 00:00:00+00:00,3243.4,3341.96,3230.16,3327.43,176887.58
2024-07-15 04:00:00+00:00,3327.43,3367.0,3318.81,3354.39,105934.6
2024-07-15 08:00:00+00:00,3354.39,3371.13,3325.91,3338.6,96962.65
2024-07-15 12:00:00+00:00,3338.6,3393.55,3331.82,3365.69,138114.61
2024-07-15 16:00:00+00:00,3365.69,3430.0,3355.68,3403.6,274940.93
2024-07-15 20:00:00+00:00,3403.6,3493.04,3401.04,3481.07,191957.45
2024-07-16 00:00:00+00:00,3481.07,3496.4,3452.2,3468.16,94131.49
2024-07-16 04:00:00+00:00,3468.16,3477.1,3370.5,3376.05,240898.74
2024-07-16 08:00:00+00:00,3376.05,3424.35,3345.06,3418.17,179073.39
2024-07-16 12:00:00+00:00,3418.17,3485.52,3372.64,3475.39,243679.35
2024-07-16 16:00:00+00:00,3475.39,3494.4,3440.24,3473.0,166554.53
2024-07-16 20:00:00+00:00,3473.0,3474.0,3412.11,3443.31,105094.01
2024-07-17 00:00:00+00:00,3443.31,3517.74,3440.42,3479.24,108641.86
2024-07-17 04:00:00+00:00,3479.24,3513.72,3470.3,3485.06,85090.8
2024-07-17 08:00:00+00:00,3485.06,3500.97,3439.57,3447.39,136106.57
2024-07-17 12:00:00+00:00,3447.39,3474.91,3430.22,3434.81,165932.31
2024-07-17 16:00:00+00:00,3434.81,3437.3,3374.06,3415.33,174572.39
2024-07-17 20:00:00+00:00,3415.33,3426.55,3382.84,3385.81,113456.11
2024-07-18 00:00:00+00:00,3385.81,3442.35,3381.4,3430.69,107106.91
2024-07-18 04:00:00+00:00,3430.69,3453.47,3407.2,3431.47,85637.15
2024-07-18 08:00:00+00:00,3431.47,3459.57,3429.43,3457.34,64866.46
2024-07-18 12:00:00+00:00,3457.34,3488.0,3382.54,3387.41,235736.33
2024-07-18 16:00:00+00:00,3387.41,3422.75,3365.28,3404.34,126066.36
2024-07-18 20:00:00+00:00,3404.34,3436.42,3395.0,3425.4,55298.63
2024-07-19 00:00:00+00:00,3425.4,3433.18,3382.41,3428.73,109013.02
2024-07-19 04:00:00+00:00,3428.73,3449.89,3385.0,3389.65,90212.71
2024-07-19 08:00:00+00:00,3389.65,3410.58,3374.15,3402.67,118188.14
2024-07-19 12:00:00+00:00,3402.67,3474.33,3394.3,3463.56,210439.51
2024-07-19 16:00:00+00:00,3463.56,3539.96,3463.03,3521.09,238911.85
2024-07-19 20:00:00+00:00,3521.09,3526.64,3490.33,3503.18,99570.3
2024-07-20 00:00:00+00:00,3503.18,3508.0,3478.02,3493.96,49506.39
2024-07-20 04:00:00+00:00,3493.96,3506.84,3485.6,3485.8,45187.01
2024-07-20 08:00:00+00:00,3485.8,3493.65,3478.25,3483.99,46588.98
2024-07-20 12:00:00+00:00,3483.99,3506.9,3479.46,3502.52,43939.48
2024-07-20 16:00:00+00:00,3502.52,3538.78,3488.49,3512.95,125005.7
2024-07-20 20:00:00+00:00,3512.95,3524.99,3497.65,3516.09,33099.81
2024-07-21 00:00:00+00:00,3516.09,3527.57,3502.25,3508.81,23552.95
2024-07-21 04:00:00+00:00,3508.81,3511.83,3475.05,3483.04,54168.27
2024-07-21 08:00:00+00:00,3483.04,3506.32,3481.67,3497.29,33986.42
2024-07-21 12:00:00+00:00,3497.29,3516.83,3480.0,3498.18,62160.75
2024-07-21 16:00:00+00:00,3498.18,3525.18,3408.01,3489.42,282336.3
2024-07-21 20:00:00+00:00,3489.42,3546.76,3480.5,3534.64,116204.65
2024-07-22 00:00:00+00:00,3534.64,3563.28,3513.43,3515.59,85931.54
2024-07-22 04:00:00+00:00,3515.59,3522.52,3457.04,3476.78,96683.8
2024-07-22 08:00:00+00:00,3476.78,3503.0,3467.04,3498.99,58103.46
2024-07-22 12:00:00+00:00,3498.99,3506.65,3433.3,3455.41,147927.04
2024-07-22 16:00:00+00:00,3455.41,3498.55,3442.34,3497.19,84524.0
2024-07-22 20:00:00+00:00,3497.19,3499.44,3420.01,3438.34,170732.53
2024-07-23 00:00:00+00:00,3438.34,3489.99,3434.33,3474.0,112957.17
2024-07-23 04:00:00+00:00,3474.0,3482.63,3420.67,3454.6,157370.65
2024-07-23 08:00:00+00:00,3454.6,3541.28,3451.54,3514.95,301260.24
2024-07-23 12:00:00+00:00,3514.95,3518.28,3426.01,3452.63,534496.46
2024-07-23 16:00:00+00:00,3452.63,3496.0,3386.95,3456.38,368487.87
2024-07-23 20:00:00+00:00,3456.38,3500.83,3453.73,3481.33,224410.92
2024-07-24 00:00:00+00:00,3481.33,3487.11,3425.91,3446.42,126680.18
2024-07-24 04:00:00+00:00,3446.42,3450.87,3427.75,3445.95,60700.2
2024-07-24 08:00:00+00:00,3445.95,3472.69,3442.05,3458.85,72010.29
2024-07-24 12:00:00+00:00,3458.85,3472.01,3406.3,3413.32,210888.4
2024-07-24 16:00:00+00:00,3413.32,3431.69,3355.01,3361.47,211805.41
2024-07-24 20:00:00+00:00,3361.47,3375.76,3287.46,3334.46,265627.02
2024-07-25 00:00:00+00:00,3334.46,3341.4,3150.04,3166.0,503613.44
2024-07-25 04:00:00+00:00,3166.0,3193.5,3124.21,3170.27,189808.76
2024-07-25 08:00:00+00:00,3170.27,3186.77,3148.5,3170.78,131427.32
2024-07-25 12:00:00+00:00,3170.78,3183.04,3100.86,3140.58,411911.13
2024-07-25 16:00:00+00:00,3140.58,3172.33,3096.21,3121.79,211689.62
2024-07-25 20:00:00+00:00,3121.79,3199.21,3084.67,3174.01,230170.2
2024-07-26 00:00:00+00:00,3174.01,3259.3,3169.55,3235.52,206932.51
2024-07-26 04:00:00+00:00,3235.52,3276.3,3231.71,3249.8,145778.17
2024-07-26 08:00:00+00:00,3249.8,3263.69,3233.0,3245.67,100491.31
2024-07-26 12:00:00+00:00,3245.67,3270.44,3217.55,3253.64,204225.83
2024-07-26 16:00:00+00:00,3253.64,3284.23,3241.05,3272.5,97993.44
2024-07-26 20:00:00+00:00,3272.5,3284.49,3249.0,3272.86,61571.99
2024-07-27 00:00:00+00:00,3272.86,3273.36,3240.76,3243.41,73571.83
2024-07-27 04:00:00+00:00,3243.41,3277.13,3242.5,3271.3,45543.37
2024-07-27 08:00:00+00:00,3271.3,3281.99,3261.58,3277.34,48358.23
2024-07-27 12:00:00+00:00,3277.34,3326.86,3264.82,3279.99,204712.64
2024-07-27 16:00:00+00:00,3279.99,3290.49,3227.44,3260.4,182360.94
2024-07-27 20:00:00+00:00,3260.4,3294.69,3188.0,3247.06,305877.95
2024-07-28 00:00:00+00:00,3247.06,3254.6,3223.93,3236.4,59826.42
2024-07-28 04:00:00+00:00,3236.4,3243.22,3194.48,3226.57,85262.72
2024-07-28 08:00:00+00:00,3226.57,3264.38,3213.87,3255.58,68257.11
2024-07-28 12:00:00+00:00,3255.58,3278.86,3252.75,3267.9,70680.51
2024-07-28 16:00:00+00:00,3267.9,3284.09,3260.91,3270.79,34612.27
2024-07-28 20:00:00+00:00,3270.79,3272.88,3248.44,3268.41,37218.6
2024-07-29 00:00:00+00:00,3268.41,3356.82,3265.68,3348.64,150888.88
2024-07-29 04:00:00+00:00,3348.64,3388.65,3339.34,3366.56,121788.06
2024-07-29 08:00:00+00:00,3366.56,3396.45,3360.84,3374.42,102371.74
2024-07-29 12:00:00+00:00,3374.42,3386.5,3288.88,3306.87,236683.35
2024-07-29 16:00:00+00:00,3306.87,3322.43,3255.73,3310.01,258142.74
2024-07-29 20:00:00+00:00,3310.01,3352.14,3308.01,3316.23,110397.06
2024-07-30 00:00:00+00:00,3316.23,3337.0,3279.33,3319.49,162371.94
2024-07-30 04:00:00+00:00,3319.49,3352.0,3296.45,3339.86,82446.04
2024-07-30 08:00:00+00:00,3339.86,3355.0,3325.03,3333.46,70444.0
2024-07-30 12:00:00+00:00,3333.46,3366.05,3288.19,3319.57,189637.27
2024-07-30 16:00:00+00:00,3319.57,3327.3,3257.89,3271.34,145203.85
2024-07-30 20:00:00+00:00,3271.34,3284.16,3227.14,3277.13,133708.01
2024-07-31 00:00:00+00:00,3277.13,3304.16,3259.52,3292.55,70074.45
2024-07-31 04:00:00+00:00,3292.55,3332.0,3260.9,3316.13,123026.01
2024-07-31 08:00:00+00:00,3316.13,3326.46,3305.5,3321.44,58388.44
2024-07-31 12:00:00+00:00,3321.44,3349.94,3294.9,3300.42,135785.18
2024-07-31 16:00:00+00:00,3300.42,3325.96,3241.0,3264.8,207485.58
2024-07-31 20:00:00+00:00,3264.8,3270.39,3211.71,3231.63,186087.44
2024-08-01 00:00:00+00:00,3231.63,3242.1,3168.64,3176.67,178063.86
2024-08-01 04:00:00+00:00,3176.67,3188.68,3134.03,3164.86,182326.6
2024-08-01 08:00:00+00:00,3164.86,3193.64,3163.41,3187.24,67953.65
2024-08-01 12:00:00+00:00,3187.24,3207.66,3100.0,3114.45,253930.0
2024-08-01 16:00:00+00:00,3114.45,3134.78,3077.2,3130.47,211153.77
2024-08-01 20:00:00+00:00,3130.47,3217.88,3119.13,3202.0,159593.82
2024-08-02 00:00:00+00:00,3202.0,3217.41,3134.08,3166.69,129737.84
2024-08-02 04:00:00+00:00,3166.69,3174.58,3124.12,3145.3,103004.58
2024-08-02 08:00:00+00:00,3145.3,3165.59,3132.38,3152.11,56026.33
2024-08-02 12:00:00+00:00,3152.11,3181.74,2982.35,3036.64,506383.01
2024-08-02 16:00:00+00:00,3036.64,3046.73,2991.12,3010.07,201163.18
2024-08-02 20:00:00+00:00,3010.07,3040.5,2964.11,2987.34,247314.15
2024-08-03 00:00:00+00:00,2987.34,3001.78,2911.92,2980.33,199185.06
2024-08-03 04:00:00+00:00,2980.33,2995.39,2958.54,2981.85,60138.98
2024-08-03 08:00:00+00:00,2981.85,3004.43,2972.49,2995.62,51535.28
2024-08-03 12:00:00+00:00,2995.62,3016.8,2936.53,2940.91,117315.94
2024-08-03 16:00:00+00:00,2940.91,2954.3,2875.79,2892.12,346614.36
2024-08-03 20:00:00+00:00,2892.12,2921.11,2855.58,2901.87,206234.7
2024-08-04 00:00:00+00:00,2901.87,2933.54,2874.25,2914.24,87855.17
2024-08-04 04:00:00+00:00,2914.24,2920.71,2885.12,2891.48,47865.86
2024-08-04 08:00:00+00:00,2891.48,2923.85,2873.68,2912.86,66543.96
2024-08-04 12:00:00+00:00,2912.86,2924.62,2816.86,2825.36,294315.7
2024-08-04 16:00:00+00:00,2825.36,2836.66,2620.0,2755.95,737724.34
2024-08-04 20:00:00+00:00,2755.95,2771.0,2678.62,2687.41,195509.83
2024-08-05 00:00:00+00:00,2687.41,2695.74,2086.92,2311.65,1876307.82
2024-08-05 04:00:00+00:00,2311.65,2386.25,2152.98,2356.7,1116493.14
2024-08-05 08:00:00+00:00,2356.7,2362.48,2222.22,2289.31,585668.69
2024-08-05 12:00:00+00:00,2289.31,2461.16,2181.34,2449.33,1070377.68
2024-08-05 16:00:00+00:00,2449.33,2520.42,2360.94,2403.54,511267.01
2024-08-05 20:00:00+00:00,2403.54,2473.67,2400.2,2418.38,244717.58
2024-08-06 00:00:00+00:00,2418.38,2545.79,2414.21,2490.48,286712.05
2024-08-06 04:00:00+00:00,2490.48,2534.1,2477.0,2522.35,159157.58
2024-08-06 08:00:00+00:00,2522.35,2524.02,2438.33,2456.84,249228.85
2024-08-06 12:00:00+00:00,2456.84,2554.66,2412.17,2526.48,390451.17
2024-08-06 16:00:00+00:00,2526.48,2547.43,2478.87,2491.17,246530.6
2024-08-06 20:00:00+00:00,2491.17,2512.43,2444.12,2459.73,207936.23
2024-08-07 00:00:00+00:00,2459.73,2528.91,2423.27,2505.87,217872.0
2024-08-07 04:00:00+00:00,2505.87,2533.3,2483.08,2509.66,157140.16
2024-08-07 08:00:00+00:00,2509.66,2551.3,2469.35,2471.61,222798.05
2024-08-07 12:00:00+00:00,2471.61,2486.89,2363.16,2411.79,506012.85
2024-08-07 16:00:00+00:00,2411.79,2415.0,2325.03,2349.1,311381.33
2024-08-07 20:00:00+00:00,2349.1,2368.88,2306.16,2341.5,190980.92
2024-08-08 00:00:00+00:00,2341.5,2464.46,2318.48,2428.2,285458.93
2024-08-08 04:00:00+00:00,2428.2,2444.11,2409.06,2412.59,123313.24
2024-08-08 08:00:00+00:00,2412.59,2460.15,2406.0,2446.41,151023.93
2024-08-08 12:00:00+00:00,2446.41,2526.67,2409.46,2505.87,496956.06
2024-08-08 16:00:00+00:00,2505.87,2606.66,2502.61,2572.05,414727.25
2024-08-08 20:00:00+00:00,2572.05,2724.73,2565.22,2681.52,310556.58
2024-08-09 00:00:00+00:00,2681.52,2701.17,2645.69,2693.47,192409.15
2024-08-09 04:00:00+00:00,2693.47,2707.94,2648.15,2668.75,179511.18
2024-08-09 08:00:00+00:00,2668.75,2679.78,2615.4,2633.23,174855.42
2024-08-09 12:00:00+00:00,2633.23,2663.22,2555.2,2556.72,366567.67
2024-08-09 16:00:00+00:00,2556.72,2608.29,2550.54,2588.87,116181.86
2024-08-09 20:00:00+00:00,2588.87,2613.18,2560.01,2597.7,96042.99
2024-08-10 00:00:00+00:00,2597.7,2643.88,2574.08,2601.26,138533.43
2024-08-10 04:00:00+00:00,2601.26,2636.84,2586.7,2632.89,65152.3
2024-08-10 08:00:00+00:00,2632.89,2641.88,2621.53,2635.66,60768.48
2024-08-10 12:00:00+00:00,2635.66,2637.13,2595.38,2598.13,68652.03
2024-08-10 16:00:00+00:00,2598.13,2622.18,2588.0,2601.61,74599.51
2024-08-10 20:00:00+00:00,2601.61,2616.74,2595.0,2608.56,27929.43
2024-08-11 00:00:00+00:00,2608.56,2668.02,2604.57,2645.36,69725.93
2024-08-11 04:00:00+00:00,2645.36,2683.34,2632.23,2676.09,79670.16
2024-08-11 08:00:00+00:00,2676.09,2718.68,2642.97,2651.4,185943.33
2024-08-11 12:00:00+00:00,2651.4,2654.71,2591.87,2612.49,165912.82
2024-08-11 16:00:00+00:00,2612.49,2645.0,2594.11,2598.01,130492.86
2024-08-11 20:00:00+00:00,2598.01,2601.79,2537.53,2554.38,281825.28
2024-08-12 00:00:00+00:00,2554.38,2576.88,2508.28,2539.86,194074.99
2024-08-12 04:00:00+00:00,2539.86,2582.72,2514.52,2566.0,129017.04
2024-08-12 08:00:00+00:00,2566.0,2682.0,2556.29,2672.06,271609.09
2024-08-12 12:00:00+00:00,2672.06,2724.87,2590.02,2687.94,600619.94
2024-08-12 16:00:00+00:00,2687.94,2697.58,2625.77,2658.6,156437.41
2024-08-12 20:00:00+00:00,2658.6,2750.73,2656.62,2721.39,234552.91
2024-08-13 00:00:00+00:00,2721.39,2737.76,2647.88,2655.3,249757.67
2024-08-13 04:00:00+00:00,2655.3,2663.42,2633.44,2647.06,124515.99
2024-08-13 08:00:00+00:00,2647.06,2656.83,2608.61,2643.01,136492.72
2024-08-13 12:00:00+00:00,2643.01,2674.0,2629.0,2651.16,228208.78
2024-08-13 16:00:00+00:00,2651.16,2730.39,2648.76,2710.38,308054.09
2024-08-13 20:00:00+00:00,2710.38,2733.59,2690.92,2701.25,102893.83
2024-08-14 00:00:00+00:00,2701.25,2725.0,2683.79,2707.74,78575.71
2024-08-14 04:00:00+00:00,2707.74,2749.95,2706.22,2726.3,129143.54
2024-08-14 08:00:00+00:00,2726.3,2761.98,2712.3,2748.39,184308.44
2024-08-14 12:00:00+00:00,2748.39,2783.84,2628.51,2672.35,584488.56
2024-08-14 16:00:00+00:00,2672.35,2672.51,2639.2,2667.63,181205.96
2024-08-14 20:00:00+00:00,2667.63,2679.35,2638.27,2659.8,88180.53
2024-08-15 00:00:00+00:00,2659.8,2672.45,2631.42,2651.0,101352.76
2024-08-15 04:00:00+00:00,2651.0,2655.91,2587.7,2613.59,153986.62
2024-08-15 08:00:00+00:00,2613.59,2643.0,2603.88,2636.25,99694.93
2024-08-15 12:00:00+00:00,2636.25,2674.4,2631.43,2667.24,201337.75
2024-08-15 16:00:00+00:00,2667.24,2674.46,2519.71,2548.0,414496.12
2024-08-15 20:00:00+00:00,2548.0,2588.42,2512.3,2568.74,204148.14
2024-08-16 00:00:00+00:00,2568.74,2609.18,2549.57,2578.55,115288.37
2024-08-16 04:00:00+00:00,2578.55,2627.94,2576.31,2616.23,92325.67
2024-08-16 08:00:00+00:00,2616.23,2625.78,2604.59,2610.92,86146.36
2024-08-16 12:00:00+00:00,2610.92,2617.95,2548.52,2567.0,287122.81
2024-08-16 16:00:00+00:00,2567.0,2629.57,2561.87,2618.81,214773.64
2024-08-16 20:00:00+00:00,2618.81,2625.03,2585.27,2591.53,87193.19
2024-08-17 00:00:00+00:00,2591.53,2606.8,2585.56,2594.33,44665.21
2024-08-17 04:00:00+00:00,2594.33,2602.4,2589.1,2598.68,29365.74
2024-08-17 08:00:00+00:00,2598.68,2606.22,2591.9,2598.05,44854.74
2024-08-17 12:00:00+00:00,2598.05,2617.88,2595.4,2605.4,67750.29
2024-08-17 16:00:00+00:00,2605.4,2626.73,2605.3,2613.94,45086.19
2024-08-17 20:00:00+00:00,2613.94,2617.04,2597.66,2613.47,32159.53
2024-08-18 00:00:00+00:00,2613.47,2638.0,2603.15,2605.18,91429.0
2024-08-18 04:00:00+00:00,2605.18,2609.16,2592.5,2606.44,46735.71
2024-08-18 08:00:00+00:00,2606.44,2671.42,2604.02,2648.17,159283.56
2024-08-18 12:00:00+00:00,2648.17,2687.0,2641.71,2670.99,103259.53
2024-08-18 16:00:00+00:00,2670.99,2677.62,2641.87,2666.8,54670.14
2024-08-18 20:00:00+00:00,2666.8,2669.44,2608.1,2610.51,98333.65
2024-08-19 00:00:00+00:00,2610.51,2647.11,2601.0,2643.49,114348.17
2024-08-19 04:00:00+00:00,2643.49,2647.96,2610.13,2612.79,79282.73
2024-08-19 08:00:00+00:00,2612.79,2621.1,2564.5,2586.23,200855.88
2024-08-19 12:00:00+00:00,2586.23,2603.54,2560.37,2583.0,157584.15
2024-08-19 16:00:00+00:00,2583.0,2629.72,2572.37,2605.45,156145.74
2024-08-19 20:00:00+00:00,2605.45,2641.1,2602.84,2635.23,83877.58
2024-08-20 00:00:00+00:00,2635.23,2676.87,2619.49,2660.99,143122.22
2024-08-20 04:00:00+00:00,2660.99,2695.0,2655.87,2673.75,139669.54
2024-08-20 08:00:00+00:00,2673.75,2674.77,2638.26,2640.9,83509.14
2024-08-20 12:00:00+00:00,2640.9,2655.36,2552.98,2573.46,331074.38
2024-08-20 16:00:00+00:00,2573.46,2606.0,2563.59,2600.85,131717.39
2024-08-20 20:00:00+00:00,2600.85,2608.74,2562.19,2570.97,100088.39
2024-08-21 00:00:00+00:00,2570.97,2596.6,2555.5,2589.99,59019.85
2024-08-21 04:00:00+00:00,2589.99,2605.28,2586.83,2599.28,44525.9
2024-08-21 08:00:00+00:00,2599.28,2606.84,2564.6,2576.34,83329.49
2024-08-21 12:00:00+00:00,2576.34,2617.5,2532.93,2600.53,380138.56
2024-08-21 16:00:00+00:00,2600.53,2649.59,2590.83,2645.12,187356.35
2024-08-21 20:00:00+00:00,2645.12,2663.0,2618.07,2629.12,109775.12
2024-08-22 00:00:00+00:00,2629.12,2639.66,2582.4,2614.96,113622.94
2024-08-22 04:00:00+00:00,2614.96,2642.66,2612.23,2635.05,55674.87
2024-08-22 08:00:00+00:00,2635.05,2643.86,2617.7,2640.41,59203.65
2024-08-22 12:00:00+00:00,2640.41,2643.84,2588.73,2598.15,177464.29
2024-08-22 16:00:00+00:00,2598.15,2617.99,2595.78,2605.45,78287.88
2024-08-22 20:00:00+00:00,2605.45,2627.44,2605.16,2622.0,66993.84
2024-08-23 00:00:00+00:00,2622.0,2652.57,2620.25,2634.55,66647.93
2024-08-23 04:00:00+00:00,2634.55,2690.0,2633.18,2668.4,183963.94
2024-08-23 08:00:00+00:00,2668.4,2679.79,2650.18,2651.76,84718.88
2024-08-23 12:00:00+00:00,2651.76,2699.0,2630.89,2669.99,289933.97
2024-08-23 16:00:00+00:00,2669.99,2749.99,2661.8,2745.2,302223.25
2024-08-23 20:00:00+00:00,2745.2,2799.5,2739.0,2761.55,216250.6
2024-08-24 00:00:00+00:00,2761.55,2769.1,2741.17,2745.55,51742.75
2024-08-24 04:00:00+00:00,2745.55,2764.93,2736.75,2757.01,58324.24
2024-08-24 08:00:00+00:00,2757.01,2783.64,2753.56,2754.48,84193.12
2024-08-24 12:00:00+00:00,2754.48,2763.3,2750.4,2760.26,72854.09
2024-08-24 16:00:00+00:00,2760.26,2818.6,2759.02,2791.42,225870.37
2024-08-24 20:00:00+00:00,2791.42,2806.3,2730.15,2766.6,137045.89
2024-08-25 00:00:00+00:00,2766.6,2781.73,2747.28,2763.38,71662.73
2024-08-25 04:00:00+00:00,2763.38,2769.2,2731.44,2741.97,63545.76
2024-08-25 08:00:00+00:00,2741.97,2760.59,2735.83,2749.99,50797.33
2024-08-25 12:00:00+00:00,2749.99,2771.96,2744.78,2762.8,54780.97
2024-08-25 16:00:00+00:00,2762.8,2773.02,2759.02,2764.7,38741.1
2024-08-25 20:00:00+00:00,2764.7,2791.34,2737.21,2744.49,95414.57
2024-08-26 00:00:00+00:00,2744.49,2760.85,2716.06,2742.64,92602.91
2024-08-26 04:00:00+00:00,2742.64,2751.03,2726.43,2731.76,72893.61
2024-08-26 08:00:00+00:00,2731.76,2748.0,2707.67,2736.01,105312.16
2024-08-26 12:00:00+00:00,2736.01,2741.21,2701.6,2720.51,172914.4
2024-08-26 16:00:00+00:00,2720.51,2731.0,2674.47,2679.74,147246.96
2024-08-26 20:00:00+00:00,2679.74,2692.17,2665.15,2679.23,78215.76
2024-08-27 00:00:00+00:00,2679.23,2692.95,2665.45,2683.99,71873.33
2024-08-27 04:00:00+00:00,2683.99,2699.0,2672.27,2686.99,66162.73
2024-08-27 08:00:00+00:00,2686.99,2691.0,2615.37,2625.16,207100.95
2024-08-27 12:00:00+00:00,2625.16,2627.66,2551.0,2577.8,409668.39
2024-08-27 16:00:00+00:00,2577.8,2591.3,2561.76,2583.2,128247.17
2024-08-27 20:00:00+00:00,2583.2,2587.68,2387.3,2456.0,644285.67
2024-08-28 00:00:00+00:00,2456.0,2480.04,2417.06,2477.03,228307.28
2024-08-28 04:00:00+00:00,2477.03,2484.89,2431.58,2435.58,150958.95
2024-08-28 08:00:00+00:00,2435.58,2550.29,2427.0,2521.49,242527.55
2024-08-28 12:00:00+00:00,2521.49,2538.2,2466.65,2494.61,292579.58
2024-08-28 16:00:00+00:00,2494.61,2545.43,2453.04,2503.24,304493.44
2024-08-28 20:00:00+00:00,2503.24,2553.88,2502.33,2527.33,197981.27
2024-08-29 00:00:00+00:00,2527.33,2537.23,2509.57,2522.17,64092.63
2024-08-29 04:00:00+00:00,2522.17,2558.85,2517.21,2545.96,84714.79
2024-08-29 08:00:00+00:00,2545.96,2573.77,2536.52,2553.73,90339.16
2024-08-29 12:00:00+00:00,2553.73,2594.63,2550.75,2574.38,195311.63
2024-08-29 16:00:00+00:00,2574.38,2584.48,2508.19,2527.38,235635.47
2024-08-29 20:00:00+00:00,2527.38,2542.88,2503.45,2526.05,100052.8
2024-08-30 00:00:00+00:00,2526.05,2533.7,2503.5,2515.48,68040.66
2024-08-30 04:00:00+00:00,2515.48,2532.75,2502.15,2515.97,68225.13
2024-08-30 08:00:00+00:00,2515.97,2527.59,2506.02,2511.26,55041.91
2024-08-30 12:00:00+00:00,2511.26,2554.52,2432.37,2447.31,381638.97
2024-08-30 16:00:00+00:00,2447.31,2542.73,2428.56,2505.36,355533.22
2024-08-30 20:00:00+00:00,2505.36,2529.56,2504.8,2524.78,54679.94
2024-08-31 00:00:00+00:00,2524.78,2533.23,2516.8,2522.37,28132.28
2024-08-31 04:00:00+00:00,2522.37,2528.94,2516.25,2519.6,24517.02
2024-08-31 08:00:00+00:00,2519.6,2529.21,2510.01,2524.33,48874.07
2024-08-31 12:00:00+00:00,2524.33,2526.52,2512.64,2517.84,37621.62
2024-08-31 16:00:00+00:00,2517.84,2518.78,2490.5,2498.43,79025.27
2024-08-31 20:00:00+00:00,2498.43,2528.1,2492.34,2511.82,48057.42
2024-09-01 00:00:00+00:00,2511.82,2515.0,2474.47,2487.57,85813.63
2024-09-01 04:00:00+00:00,2487.57,2490.05,2457.25,2485.79,118268.79
2024-09-01 08:00:00+00:00,2485.79,2492.14,2456.7,2476.67,100690.63
2024-09-01 12:00:00+00:00,2476.67,2488.21,2435.0,2479.66,199747.45
2024-09-01 16:00:00+00:00,2479.66,2513.8,2455.6,2500.26,125260.95
2024-09-01 20:00:00+00:00,2500.26,2515.28,2396.52,2424.25,220650.35
2024-09-02 00:00:00+00:00,2424.25,2454.0,2421.58,2449.1,124560.07
2024-09-02 04:00:00+00:00,2449.1,2464.98,2431.77,2440.0,98344.27
2024-09-02 08:00:00+00:00,2440.0,2536.75,2437.22,2514.41,224501.41
2024-09-02 12:00:00+00:00,2514.41,2527.0,2490.61,2512.4,145959.43
2024-09-02 16:00:00+00:00,2512.4,2530.89,2504.6,2523.12,79505.79
2024-09-02 20:00:00+00:00,2523.12,2564.65,2521.1,2536.76,123931.92
2024-09-03 00:00:00+00:00,2536.76,2553.29,2513.2,2514.68,78691.73
2024-09-03 04:00:00+00:00,2514.68,2524.65,2510.88,2519.02,48761.32
2024-09-03 08:00:00+00:00,2519.02,2519.73,2491.83,2507.9,70905.43
2024-09-03 12:00:00+00:00,2507.9,2518.33,2433.29,2442.56,248156.16
2024-09-03 16:00:00+00:00,2442.56,2468.46,2433.21,2446.4,129738.02
2024-09-03 20:00:00+00:00,2446.4,2469.87,2409.04,2423.82,98160.14
2024-09-04 00:00:00+00:00,2423.82,2447.98,2302.53,2371.57,460634.42
2024-09-04 04:00:00+00:00,2371.57,2413.35,2361.89,2399.93,153905.82
2024-09-04 08:00:00+00:00,2399.93,2409.79,2385.53,2397.61,93313.24
2024-09-04 12:00:00+00:00,2397.61,2458.26,2391.08,2454.01,258205.0
2024-09-04 16:00:00+00:00,2454.01,2489.84,2436.91,2450.73,187998.63
2024-09-04 20:00:00+00:00,2450.73,2468.85,2441.17,2449.08,56572.13
2024-09-05 00:00:00+00:00,2449.08,2464.75,2402.84,2404.35,118491.79
2024-09-05 04:00:00+00:00,2404.35,2417.5,2375.0,2411.08,148479.87
2024-09-05 08:00:00+00:00,2411.08,2414.75,2381.05,2388.57,93066.22
2024-09-05 12:00:00+00:00,2388.57,2414.76,2353.31,2369.67,326502.93
2024-09-05 16:00:00+00:00,2369.67,2394.72,2346.0,2362.41,132889.69
2024-09-05 20:00:00+00:00,2362.41,2377.41,2347.95,2367.28,81863.37
2024-09-06 00:00:00+00:00,2367.28,2407.39,2356.05,2391.39,104705.9
2024-09-06 04:00:00+00:00,2391.39,2396.19,2319.01,2342.93,209416.79
2024-09-06 08:00:00+00:00,2342.93,2379.2,2336.8,2372.19,136975.97
2024-09-06 12:00:00+00:00,2372.19,2408.26,2263.55,2289.15,644764.35
2024-09-06 16:00:00+00:00,2289.15,2292.43,2205.8,2221.41,668483.87
2024-09-06 20:00:00+00:00,2221.41,2229.4,2148.42,2223.75,508730.56
2024-09-07 00:00:00+00:00,2223.75,2241.42,2220.53,2236.98,77789.46
2024-09-07 04:00:00+00:00,2236.98,2292.99,2236.34,2286.74,140942.6
2024-09-07 08:00:00+00:00,2286.74,2298.69,2273.86,2282.64,83977.36
2024-09-07 12:00:00+00:00,2282.64,2310.95,2280.58,2299.23,108535.12
2024-09-07 16:00:00+00:00,2299.23,2303.34,2262.0,2288.67,122082.32
2024-09-07 20:00:00+00:00,2288.67,2289.93,2255.49,2272.21,70167.56
2024-09-08 00:00:00+00:00,2272.21,2287.32,2261.87,2284.42,55452.64
2024-09-08 04:00:00+00:00,2284.42,2304.31,2281.95,2293.55,66406.56
2024-09-08 08:00:00+00:00,2293.55,2308.64,2286.29,2294.95,68621.65
2024-09-08 12:00:00+00:00,2294.95,2297.8,2239.02,2244.43,152565.0
2024-09-08 16:00:00+00:00,2244.43,2281.89,2241.81,2270.78,106087.15
2024-09-08 20:00:00+00:00,2270.78,2332.32,2265.83,2296.21,215812.6
2024-09-09 00:00:00+00:00,2296.21,2320.0,2286.21,2303.61,106029.73
2024-09-09 04:00:00+00:00,2303.61,2315.87,2281.84,2313.26,100720.4
2024-09-09 08:00:00+00:00,2313.26,2337.22,2309.37,2314.0,158329.14
2024-09-09 12:00:00+00:00,2314.0,2324.72,2271.05,2291.29,207683.21
2024-09-09 16:00:00+00:00,2291.29,2352.79,2289.69,2349.4,261045.9
2024-09-09 20:00:00+00:00,2349.4,2384.81,2335.79,2358.02,151445.26
2024-09-10 00:00:00+00:00,2358.02,2359.04,2334.11,2339.58,77904.76
2024-09-10 04:00:00+00:00,2339.58,2366.0,2327.5,2362.39,80115.25
2024-09-10 08:00:00+00:00,2362.39,2371.92,2337.22,2349.61,75666.38
2024-09-10 12:00:00+00:00,2349.61,2363.28,2318.83,2323.58,175559.4
2024-09-10 16:00:00+00:00,2323.58,2391.31,2322.67,2379.44,157016.62
2024-09-10 20:00:00+00:00,2379.44,2398.96,2371.01,2387.62,77706.12
2024-09-11 00:00:00+00:00,2387.62,2388.58,2337.01,2346.89,155101.59
2024-09-11 04:00:00+00:00,2346.89,2346.89,2317.34,2340.26,110631.52
2024-09-11 08:00:00+00:00,2340.26,2340.79,2306.02,2326.66,107100.03
2024-09-11 12:00:00+00:00,2326.66,2355.0,2275.77,2324.79,396421.12
2024-09-11 16:00:00+00:00,2324.79,2368.11,2323.4,2339.05,191318.04
2024-09-11 20:00:00+00:00,2339.05,2350.53,2331.35,2339.52,37215.38
2024-09-12 00:00:00+00:00,2339.52,2393.87,2338.26,2367.07,137841.08
2024-09-12 04:00:00+00:00,2367.07,2378.95,2351.4,2358.52,74642.78
2024-09-12 08:00:00+00:00,2358.52,2364.85,2342.1,2347.32,56149.99
2024-09-12 12:00:00+00:00,2347.32,2366.81,2313.59,2321.86,224029.0
2024-09-12 16:00:00+00:00,2321.86,2360.85,2321.0,2359.98,110128.11
2024-09-12 20:00:00+00:00,2359.98,2373.47,2339.8,2361.03,89041.1
2024-09-13 00:00:00+00:00,2361.03,2363.81,2348.48,2355.26,37678.05
2024-09-13 04:00:00+00:00,2355.26,2358.43,2336.11,2347.79,45762.73
2024-09-13 08:00:00+00:00,2347.79,2375.5,2340.44,2353.2,95320.51
2024-09-13 12:00:00+00:00,2353.2,2412.39,2341.3,2406.82,251449.78
2024-09-13 16:00:00+00:00,2406.82,2428.16,2394.7,2420.09,165541.36
2024-09-13 20:00:00+00:00,2420.09,2465.0,2412.0,2438.36,124581.71
2024-09-14 00:00:00+00:00,2438.36,2439.92,2420.14,2431.85,49579.29
2024-09-14 04:00:00+00:00,2431.85,2432.63,2412.19,2419.22,33083.48
2024-09-14 08:00:00+00:00,2419.22,2420.79,2407.12,2416.0,46222.91
2024-09-14 12:00:00+00:00,2416.0,2422.81,2411.22,2417.54,48142.08
2024-09-14 16:00:00+00:00,2417.54,2420.34,2372.79,2407.65,113863.46
2024-09-14 20:00:00+00:00,2407.65,2421.95,2406.06,2416.77,35978.43
2024-09-15 00:00:00+00:00,2416.77,2429.67,2415.17,2419.54,26881.91
2024-09-15 04:00:00+00:00,2419.54,2423.33,2412.7,2421.86,22725.78
2024-09-15 08:00:00+00:00,2421.86,2422.22,2400.33,2405.99,40749.92
2024-09-15 12:00:00+00:00,2405.99,2418.0,2394.98,2407.51,63530.74
2024-09-15 16:00:00+00:00,2407.51,2407.91,2360.73,2371.07,162570.98
2024-09-15 20:00:00+00:00,2371.07,2371.09,2281.0,2314.46,249358.68
2024-09-16 00:00:00+00:00,2314.46,2321.22,2250.21,2277.13,240940.57
2024-09-16 04:00:00+00:00,2277.13,2311.92,2275.14,2309.25,92102.47
2024-09-16 08:00:00+00:00,2309.25,2334.66,2286.37,2306.85,137436.48
2024-09-16 12:00:00+00:00,2306.85,2311.99,2267.29,2286.59,196224.45
2024-09-16 16:00:00+00:00,2286.59,2311.13,2267.75,2273.81,145710.49
2024-09-16 20:00:00+00:00,2273.81,2300.78,2265.55,2294.59,79727.67
2024-09-17 00:00:00+00:00,2294.59,2297.96,2261.14,2282.91,81400.79
2024-09-17 04:00:00+00:00,2282.91,2309.8,2281.09,2308.03,60882.27
2024-09-17 08:00:00+00:00,2308.03,2323.17,2300.96,2307.28,104460.42
2024-09-17 12:00:00+00:00,2307.28,2392.9,2301.15,2382.65,304861.38
2024-09-17 16:00:00+00:00,2382.65,2389.11,2326.28,2352.03,187805.0
2024-09-17 20:00:00+00:00,2352.03,2360.5,2326.96,2340.28,87514.58
2024-09-18 00:00:00+00:00,2340.28,2341.12,2308.04,2333.48,99787.13
2024-09-18 04:00:00+00:00,2333.48,2334.86,2310.69,2328.59,60845.9
2024-09-18 08:00:00+00:00,2328.59,2328.65,2275.56,2299.15,139071.24
2024-09-18 12:00:00+00:00,2299.15,2317.38,2285.91,2294.96,115359.86
2024-09-18 16:00:00+00:00,2294.96,2363.98,2286.66,2314.08,317194.15
2024-09-18 20:00:00+00:00,2314.08,2375.59,2288.0,2374.0,138124.78
2024-09-19 00:00:00+00:00,2374.0,2412.4,2371.7,2402.57,223862.06
2024-09-19 04:00:00+00:00,2402.57,2442.7,2398.5,2436.89,163261.98
2024-09-19 08:00:00+00:00,2436.89,2441.66,2421.94,2434.01,106851.38
2024-09-19 12:00:00+00:00,2434.01,2452.46,2419.08,2438.52,174802.86
2024-09-19 16:00:00+00:00,2438.52,2494.39,2432.08,2460.03,269848.23
2024-09-19 20:00:00+00:00,2460.03,2478.38,2451.54,2464.43,85917.56
2024-09-20 00:00:00+00:00,2464.43,2521.32,2436.45,2519.74,131331.1
2024-09-20 04:00:00+00:00,2519.74,2571.34,2515.74,2559.96,268791.57
2024-09-20 08:00:00+00:00,2559.96,2565.81,2537.84,2544.0,125134.85
2024-09-20 12:00:00+00:00,2544.0,2569.42,2514.48,2558.98,261826.82
2024-09-20 16:00:00+00:00,2558.98,2568.38,2524.11,2539.86,149736.86
2024-09-20 20:00:00+00:00,2539.86,2561.71,2537.41,2560.85,62249.4
2024-09-21 00:00:00+00:00,2560.85,2587.21,2532.57,2542.9,133737.13
2024-09-21 04:00:00+00:00,2542.9,2557.9,2527.56,2554.74,59306.72
2024-09-21 08:00:00+00:00,2554.74,2556.55,2543.45,2555.09,42626.93
2024-09-21 12:00:00+00:00,2555.09,2575.98,2548.53,2558.62,72146.64
2024-09-21 16:00:00+00:00,2558.62,2576.84,2555.0,2570.57,56483.07
2024-09-21 20:00:00+00:00,2570.57,2621.73,2558.8,2611.25,104848.27
2024-09-22 00:00:00+00:00,2611.25,2632.68,2586.05,2593.29,142248.06
2024-09-22 04:00:00+00:00,2593.29,2603.46,2574.1,2586.23,62464.1
2024-09-22 08:00:00+00:00,2586.23,2594.83,2568.0,2579.36,79549.4
2024-09-22 12:00:00+00:00,2579.36,2586.95,2552.36,2569.11,113193.46
2024-09-22 16:00:00+00:00,2569.11,2592.52,2550.46,2577.33,113376.2
2024-09-22 20:00:00+00:00,2577.33,2593.46,2522.74,2580.01,172094.28
2024-09-23 00:00:00+00:00,2580.01,2687.0,2538.23,2675.98,328076.77
2024-09-23 04:00:00+00:00,2675.98,2681.59,2634.53,2645.35,139814.69
2024-09-23 08:00:00+00:00,2645.35,2661.59,2631.51,2644.93,131517.15
2024-09-23 12:00:00+00:00,2644.93,2684.9,2627.95,2674.32,192334.59
2024-09-23 16:00:00+00:00,2674.32,2702.89,2656.21,2671.68,206028.41
2024-09-23 20:00:00+00:00,2671.68,2681.57,2637.98,2645.75,97950.02
2024-09-24 00:00:00+00:00,2645.75,2650.61,2608.0,2626.61,171031.51
2024-09-24 04:00:00+00:00,2626.61,2648.96,2617.52,2646.29,67335.91
2024-09-24 08:00:00+00:00,2646.29,2667.8,2634.16,2636.25,125261.24
2024-09-24 12:00:00+00:00,2636.25,2646.0,2590.01,2611.44,253711.57
2024-09-24 16:00:00+00:00,2611.44,2656.6,2609.51,2649.21,129860.02
2024-09-24 20:00:00+00:00,2649.21,2672.43,2638.68,2652.7,174664.73
2024-09-25 00:00:00+00:00,2652.7,2673.75,2631.61,2645.91,96580.75
2024-09-25 04:00:00+00:00,2645.91,2646.11,2608.19,2620.25,110698.14
2024-09-25 08:00:00+00:00,2620.25,2629.92,2612.31,2626.5,65821.79
2024-09-25 12:00:00+00:00,2626.5,2629.43,2593.38,2599.64,131050.77
2024-09-25 16:00:00+00:00,2599.64,2608.26,2564.0,2569.96,161414.99
2024-09-25 20:00:00+00:00,2569.96,2584.22,2552.18,2578.99,89297.61
2024-09-26 00:00:00+00:00,2578.99,2608.48,2557.77,2601.67,124215.39
2024-09-26 04:00:00+00:00,2601.67,2634.0,2590.92,2628.78,99234.5
2024-09-26 08:00:00+00:00,2628.78,2638.99,2611.63,2627.96,114958.11
2024-09-26 12:00:00+00:00,2627.96,2663.69,2603.57,2651.01,320663.15
2024-09-26 16:00:00+00:00,2651.01,2665.7,2625.5,2647.23,167064.34
2024-09-26 20:00:00+00:00,2647.23,2654.31,2615.02,2630.96,102792.19
2024-09-27 00:00:00+00:00,2630.96,2643.95,2613.76,2637.63,86712.22
2024-09-27 04:00:00+00:00,2637.63,2668.63,2635.47,2656.01,141647.64
2024-09-27 08:00:00+00:00,2656.01,2677.53,2639.77,2650.42,131799.23
2024-09-27 12:00:00+00:00,2650.42,2698.75,2640.6,2681.95,216139.79
2024-09-27 16:00:00+00:00,2681.95,2727.96,2676.7,2699.86,238073.39
2024-09-27 20:00:00+00:00,2699.86,2707.77,2688.25,2693.31,52788.94
2024-09-28 00:00:00+00:00,2693.31,2704.37,2686.71,2689.55,48441.38
2024-09-28 04:00:00+00:00,2689.55,2699.48,2673.54,2676.88,61037.98
2024-09-28 08:00:00+00:00,2676.88,2677.52,2648.48,2674.32,94198.45
2024-09-28 12:00:00+00:00,2674.32,2674.56,2651.1,2668.77,86697.96
2024-09-28 16:00:00+00:00,2668.77,2683.47,2660.83,2676.59,53493.78
2024-09-28 20:00:00+00:00,2676.59,2681.19,2654.0,2674.09,54089.81
2024-09-29 00:00:00+00:00,2674.09,2682.77,2662.32,2673.72,33664.52
2024-09-29 04:00:00+00:00,2673.72,2673.8,2633.11,2639.31,94691.39
2024-09-29 08:00:00+00:00,2639.31,2654.38,2632.8,2652.01,66826.95
2024-09-29 12:00:00+00:00,2652.01,2668.6,2639.69,2665.05,96874.77
2024-09-29 16:00:00+00:00,2665.05,2671.4,2649.33,2665.94,41744.32
2024-09-29 20:00:00+00:00,2665.94,2672.84,2646.71,2656.42,67109.58
2024-09-30 00:00:00+00:00,2656.42,2662.6,2597.79,2628.28,278877.15
2024-09-30 04:00:00+00:00,2628.28,2642.47,2621.58,2636.59,84125.33
2024-09-30 08:00:00+00:00,2636.59,2642.45,2590.01,2628.06,283026.38
2024-09-30 12:00:00+00:00,2628.06,2638.09,2592.17,2594.95,154690.15
2024-09-30 16:00:00+00:00,2594.95,2610.02,2572.45,2593.93,219372.91
2024-09-30 20:00:00+00:00,2593.93,2615.72,2573.43,2600.8,148808.44
2024-10-01 00:00:00+00:00,2600.8,2632.68,2589.26,2629.0,129265.18
2024-10-01 04:00:00+00:00,2629.0,2659.17,2626.25,2644.39,105419.63
2024-10-01 08:00:00+00:00,2644.39,2645.95,2627.61,2627.76,56833.79
2024-10-01 12:00:00+00:00,2627.76,2632.37,2478.47,2523.01,739264.96
2024-10-01 16:00:00+00:00,2523.01,2531.22,2426.18,2487.64,530065.27
2024-10-01 20:00:00+00:00,2487.64,2491.83,2411.79,2446.63,324616.59
2024-10-02 00:00:00+00:00,2446.63,2498.68,2440.61,2488.52,127279.02
2024-10-02 04:00:00+00:00,2488.52,2491.88,2465.28,2480.47,91563.05
2024-10-02 08:00:00+00:00,2480.47,2485.91,2439.54,2453.79,155818.08
2024-10-02 12:00:00+00:00,2453.79,2462.72,2416.16,2459.31,340641.78
2024-10-02 16:00:00+00:00,2459.31,2478.07,2366.45,2370.72,392127.48
2024-10-02 20:00:00+00:00,2370.72,2391.74,2349.71,2362.61,199280.94
2024-10-03 00:00:00+00:00,2362.61,2398.52,2350.83,2398.35,135965.71
2024-10-03 04:00:00+00:00,2398.35,2402.63,2357.92,2363.25,116325.79
2024-10-03 08:00:00+00:00,2363.25,2369.52,2317.43,2351.07,235363.58
2024-10-03 12:00:00+00:00,2351.07,2365.11,2308.56,2339.61,380422.14
2024-10-03 16:00:00+00:00,2339.61,2353.27,2310.45,2352.28,152247.53
2024-10-03 20:00:00+00:00,2352.28,2356.95,2330.75,2348.71,58484.99
2024-10-04 00:00:00+00:00,2348.71,2378.54,2338.0,2366.01,121580.42
2024-10-04 04:00:00+00:00,2366.01,2387.14,2364.33,2380.55,69657.82
2024-10-04 08:00:00+00:00,2380.55,2393.13,2372.62,2385.12,91089.19
2024-10-04 12:00:00+00:00,2385.12,2417.61,2350.85,2416.16,296522.25
2024-10-04 16:00:00+00:00,2416.16,2440.8,2408.23,2427.95,217028.87
2024-10-04 20:00:00+00:00,2427.95,2430.48,2411.26,2413.36,50655.27
2024-10-05 00:00:00+00:00,2413.36,2427.2,2388.24,2398.15,69112.5
2024-10-05 04:00:00+00:00,2398.15,2426.0,2395.58,2413.96,50883.76
2024-10-05 08:00:00+00:00,2413.96,2427.13,2413.82,2416.16,29830.26
2024-10-05 12:00:00+00:00,2416.16,2422.86,2403.78,2413.76,57331.62
2024-10-05 16:00:00+00:00,2413.76,2414.79,2391.0,2395.41,54712.9
2024-10-05 20:00:00+00:00,2395.41,2419.21,2388.56,2413.48,53805.06
2024-10-06 00:00:00+00:00,2413.48,2421.78,2405.52,2412.68,38795.5
2024-10-06 04:00:00+00:00,2412.68,2420.0,2408.88,2415.91,24754.79
2024-10-06 08:00:00+00:00,2415.91,2429.76,2414.28,2425.07,42261.36
2024-10-06 12:00:00+00:00,2425.07,2457.16,2422.99,2445.44,112040.14
2024-10-06 16:00:00+00:00,2445.44,2451.89,2433.82,2440.08,67633.14
2024-10-06 20:00:00+00:00,2440.08,2444.49,2413.25,2438.92,79779.34
2024-10-07 00:00:00+00:00,2438.92,2512.64,2434.48,2494.44,247607.76
2024-10-07 04:00:00+00:00,2494.44,2497.79,2475.8,2479.06,64181.09
2024-10-07 08:00:00+00:00,2479.06,2487.72,2436.16,2474.78,184765.13
2024-10-07 12:00:00+00:00,2474.78,2520.77,2461.26,2472.91,262491.84
2024-10-07 16:00:00+00:00,2472.91,2479.99,2418.28,2444.39,200078.87
2024-10-07 20:00:00+00:00,2444.39,2456.86,2401.19,2421.22,172197.77
2024-10-08 00:00:00+00:00,2421.22,2447.36,2420.9,2437.26,77064.87
2024-10-08 04:00:00+00:00,2437.26,2444.9,2408.04,2427.29,114803.57
2024-10-08 08:00:00+00:00,2427.29,2440.39,2415.9,2438.39,57519.53
2024-10-08 12:00:00+00:00,2438.39,2452.18,2398.49,2418.36,217256.99
2024-10-08 16:00:00+00:00,2418.36,2455.32,2410.14,2438.99,158827.55
2024-10-08 20:00:00+00:00,2438.99,2466.6,2432.67,2439.48,79971.0
2024-10-09 00:00:00+00:00,2439.48,2472.67,2425.45,2445.47,90923.02
2024-10-09 04:00:00+00:00,2445.47,2451.55,2430.1,2434.8,57390.41
2024-10-09 08:00:00+00:00,2434.8,2441.77,2426.09,2440.56,47487.13
2024-10-09 12:00:00+00:00,2440.56,2471.24,2421.62,2460.27,206863.7
2024-10-09 16:00:00+00:00,2460.27,2461.95,2406.0,2417.01,199579.24
2024-10-09 20:00:00+00:00,2417.01,2417.01,2349.01,2369.19,278579.97
2024-10-10 00:00:00+00:00,2369.19,2400.0,2365.39,2394.2,117619.17
2024-10-10 04:00:00+00:00,2394.2,2410.57,2390.25,2394.5,58521.19
2024-10-10 08:00:00+00:00,2394.5,2407.2,2366.71,2405.5,118166.87
2024-10-10 12:00:00+00:00,2405.5,2408.37,2368.03,2403.79,249235.27
2024-10-10 16:00:00+00:00,2403.79,2420.43,2328.95,2365.75,353072.63
2024-10-10 20:00:00+00:00,2365.75,2385.86,2357.18,2385.38,76938.86
2024-10-11 00:00:00+00:00,2385.38,2416.11,2380.86,2409.94,92766.28
2024-10-11 04:00:00+00:00,2409.94,2417.4,2402.03,2406.4,57700.21
2024-10-11 08:00:00+00:00,2406.4,2426.76,2401.09,2416.51,93821.25
2024-10-11 12:00:00+00:00,2416.51,2453.64,2413.26,2442.87,234084.24
2024-10-11 16:00:00+00:00,2442.87,2472.14,2431.94,2458.6,172085.62
2024-10-11 20:00:00+00:00,2458.6,2461.56,2432.79,2438.58,103891.22
2024-10-12 00:00:00+00:00,2438.58,2450.4,2432.52,2437.9,53169.8
2024-10-12 04:00:00+00:00,2437.9,2451.56,2437.9,2445.46,38142.0
2024-10-12 08:00:00+00:00,2445.46,2467.0,2441.37,2451.33,52451.11
2024-10-12 12:00:00+00:00,2451.33,2483.4,2447.24,2471.8,96259.59
2024-10-12 16:00:00+00:00,2471.8,2486.0,2464.91,2471.55,54254.74
2024-10-12 20:00:00+00:00,2471.55,2489.88,2467.87,2475.21,30782.01
2024-10-13 00:00:00+00:00,2475.21,2484.59,2452.2,2456.99,66889.78
2024-10-13 04:00:00+00:00,2456.99,2468.78,2456.13,2464.18,30162.45
2024-10-13 08:00:00+00:00,2464.18,2470.98,2456.38,2457.13,41883.35
2024-10-13 12:00:00+00:00,2457.13,2469.54,2435.03,2439.16,99362.56
2024-10-13 16:00:00+00:00,2439.16,2462.1,2436.4,2456.95,69103.55
2024-10-13 20:00:00+00:00,2456.95,2483.88,2451.94,2467.79,83018.16
2024-10-14 00:00:00+00:00,2467.79,2524.93,2442.0,2520.31,140855.23
2024-10-14 04:00:00+00:00,2520.31,2548.58,2510.55,2534.99,258537.24
2024-10-14 08:00:00+00:00,2534.99,2546.99,2518.44,2537.14,123983.22
2024-10-14 12:00:00+00:00,2537.14,2642.67,2533.58,2634.99,389849.74
2024-10-14 16:00:00+00:00,2634.99,2640.18,2614.0,2619.28,122634.58
2024-10-14 20:00:00+00:00,2619.28,2653.67,2614.93,2629.0,119822.73
2024-10-15 00:00:00+00:00,2629.0,2636.99,2608.41,2612.28,83062.78
2024-10-15 04:00:00+00:00,2612.28,2623.65,2588.9,2615.0,126702.98
2024-10-15 08:00:00+00:00,2615.0,2622.11,2577.38,2585.7,107609.03
2024-10-15 12:00:00+00:00,2585.7,2688.91,2535.21,2572.53,691324.44
2024-10-15 16:00:00+00:00,2572.53,2619.61,2570.31,2591.32,177119.25
2024-10-15 20:00:00+00:00,2591.32,2608.59,2560.83,2606.32,110682.4
2024-10-16 00:00:00+00:00,2606.32,2630.0,2587.35,2616.24,77736.35
2024-10-16 04:00:00+00:00,2616.24,2623.99,2597.75,2606.29,69465.2
2024-10-16 08:00:00+00:00,2606.29,2642.13,2604.24,2629.44,138770.19
2024-10-16 12:00:00+00:00,2629.44,2647.44,2592.94,2606.49,232283.5
2024-10-16 16:00:00+00:00,2606.49,2627.4,2590.01,2613.5,80844.28
2024-10-16 20:00:00+00:00,2613.5,2626.92,2607.14,2610.12,38987.25
2024-10-17 00:00:00+00:00,2610.12,2644.77,2609.0,2640.1,75368.16
2024-10-17 04:00:00+00:00,2640.1,2647.84,2618.07,2627.59,75301.9
2024-10-17 08:00:00+00:00,2627.59,2629.87,2595.0,2596.6,89563.08
2024-10-17 12:00:00+00:00,2596.6,2632.46,2581.8,2630.15,195707.93
2024-10-17 16:00:00+00:00,2630.15,2630.72,2573.54,2594.39,176156.57
2024-10-17 20:00:00+00:00,2594.39,2614.46,2593.2,2604.82,45962.09
2024-10-18 00:00:00+00:00,2604.82,2651.3,2595.15,2608.91,131182.84
2024-10-18 04:00:00+00:00,2608.91,2645.18,2608.0,2643.86,96906.49
2024-10-18 08:00:00+00:00,2643.86,2650.0,2620.0,2621.2,89366.15
2024-10-18 12:00:00+00:00,2621.2,2664.0,2611.0,2652.2,218635.19
2024-10-18 16:00:00+00:00,2652.2,2675.99,2628.65,2650.65,149407.12
2024-10-18 20:00:00+00:00,2650.65,2651.4,2632.35,2641.58,55843.06
2024-10-19 00:00:00+00:00,2641.58,2663.15,2634.3,2645.95,44085.98
2024-10-19 04:00:00+00:00,2645.95,2650.2,2636.99,2640.29,35675.57
2024-10-19 08:00:00+00:00,2640.29,2648.34,2630.36,2630.84,35939.21
2024-10-19 12:00:00+00:00,2630.84,2654.0,2630.4,2645.3,45559.97
2024-10-19 16:00:00+00:00,2645.3,2647.0,2636.08,2641.13,24392.71
2024-10-19 20:00:00+00:00,2641.13,2655.58,2640.58,2648.18,24031.24
2024-10-20 00:00:00+00:00,2648.18,2653.33,2635.0,2640.05,22883.46
2024-10-20 04:00:00+00:00,2640.05,2651.89,2637.94,2645.89,23080.54
2024-10-20 08:00:00+00:00,2645.89,2651.49,2642.64,2649.3,23340.66
2024-10-20 12:00:00+00:00,2649.3,2720.3,2641.34,2706.35,220499.39
2024-10-20 16:00:00+00:00,2706.35,2709.98,2686.01,2699.65,65483.4
2024-10-20 20:00:00+00:00,2699.65,2760.5,2696.61,2747.16,353054.47
2024-10-21 00:00:00+00:00,2747.16,2770.67,2726.25,2734.53,129841.2
2024-10-21 04:00:00+00:00,2734.53,2745.38,2722.16,2722.72,70927.96
2024-10-21 08:00:00+00:00,2722.72,2730.14,2701.33,2705.01,103826.12
2024-10-21 12:00:00+00:00,2705.01,2711.6,2658.49,2680.17,270907.58
2024-10-21 16:00:00+00:00,2680.17,2684.98,2655.2,2679.95,115849.53
2024-10-21 20:00:00+00:00,2679.95,2683.99,2664.73,2666.25,54698.01
2024-10-22 00:00:00+00:00,2666.25,2671.51,2610.53,2644.33,209763.76
2024-10-22 04:00:00+00:00,2644.33,2659.91,2634.58,2646.53,66019.06
2024-10-22 08:00:00+00:00,2646.53,2649.09,2612.22,2632.37,147376.24
2024-10-22 12:00:00+00:00,2632.37,2645.24,2605.37,2624.0,265260.32
2024-10-22 16:00:00+00:00,2624.0,2633.32,2606.0,2627.39,95271.28
2024-10-22 20:00:00+00:00,2627.39,2643.32,2616.51,2621.92,73612.58
2024-10-23 00:00:00+00:00,2621.92,2627.38,2599.53,2615.62,92751.36
2024-10-23 04:00:00+00:00,2615.62,2624.0,2601.13,2601.68,62497.52
2024-10-23 08:00:00+00:00,2601.68,2607.42,2561.95,2580.18,196628.47
2024-10-23 12:00:00+00:00,2580.18,2586.36,2528.36,2539.38,245753.85
2024-10-23 16:00:00+00:00,2539.38,2542.08,2444.0,2511.6,521805.42
2024-10-23 20:00:00+00:00,2511.6,2527.63,2500.53,2523.61,102521.98
2024-10-24 00:00:00+00:00,2523.61,2560.6,2508.35,2544.0,108811.21
2024-10-24 04:00:00+00:00,2544.0,2561.78,2539.81,2543.61,70834.92
2024-10-24 08:00:00+00:00,2543.61,2550.64,2507.27,2528.68,100122.29
2024-10-24 12:00:00+00:00,2528.68,2545.0,2511.43,2524.79,155327.61
2024-10-24 16:00:00+00:00,2524.79,2541.2,2505.42,2538.98,101369.08
2024-10-24 20:00:00+00:00,2538.98,2560.48,2525.65,2535.23,117661.83
2024-10-25 00:00:00+00:00,2535.23,2538.76,2508.46,2521.05,74975.45
2024-10-25 04:00:00+00:00,2521.05,2521.93,2460.94,2483.19,182564.15
2024-10-25 08:00:00+00:00,2483.19,2546.84,2475.99,2544.49,206124.36
2024-10-25 12:00:00+00:00,2544.49,2566.49,2507.59,2524.04,280585.65
2024-10-25 16:00:00+00:00,2524.04,2536.3,2453.76,2475.19,429992.01
2024-10-25 20:00:00+00:00,2475.19,2496.0,2380.81,2439.5,386544.8
2024-10-26 00:00:00+00:00,2439.5,2457.64,2428.57,2451.27,143640.63
2024-10-26 04:00:00+00:00,2451.27,2478.69,2450.06,2464.25,74081.02
2024-10-26 08:00:00+00:00,2464.25,2478.19,2462.21,2471.57,56021.78
2024-10-26 12:00:00+00:00,2471.57,2477.81,2440.84,2456.35,101004.25
2024-10-26 16:00:00+00:00,2456.35,2487.6,2454.45,2486.01,78738.4
2024-10-26 20:00:00+00:00,2486.01,2507.49,2480.71,2481.66,71878.86
2024-10-27 00:00:00+00:00,2481.66,2484.13,2468.56,2483.76,38857.44
2024-10-27 04:00:00+00:00,2483.76,2486.35,2476.71,2479.92,29158.12
2024-10-27 08:00:00+00:00,2479.92,2483.4,2463.22,2468.5,51250.86
2024-10-27 12:00:00+00:00,2468.5,2506.09,2468.49,2501.43,105324.89
2024-10-27 16:00:00+00:00,2501.43,2510.8,2484.17,2493.86,62081.64
2024-10-27 20:00:00+00:00,2493.86,2527.62,2489.16,2507.26,75972.11
2024-10-28 00:00:00+00:00,2507.26,2511.94,2470.01,2476.39,81455.19
2024-10-28 04:00:00+00:00,2476.39,2526.82,2472.0,2510.97,111612.86
2024-10-28 08:00:00+00:00,2510.97,2544.8,2504.54,2526.55,123688.18
2024-10-28 12:00:00+00:00,2526.55,2536.4,2496.92,2499.76,174388.69
2024-10-28 16:00:00+00:00,2499.76,2523.87,2487.21,2505.78,183634.72
2024-10-28 20:00:00+00:00,2505.78,2594.83,2504.03,2566.79,215866.39
2024-10-29 00:00:00+00:00,2566.79,2632.03,2560.6,2607.78,198016.69
2024-10-29 04:00:00+00:00,2607.78,2626.78,2607.78,2613.27,71968.89
2024-10-29 08:00:00+00:00,2613.27,2639.19,2612.62,2631.3,89953.72
2024-10-29 12:00:00+00:00,2631.3,2651.53,2610.53,2648.81,202521.7
2024-10-29 16:00:00+00:00,2648.81,2682.67,2622.1,2624.4,293495.86
2024-10-29 20:00:00+00:00,2624.4,2649.25,2606.37,2639.27,129796.73
2024-10-30 00:00:00+00:00,2639.27,2652.52,2600.13,2642.56,133483.75
2024-10-30 04:00:00+00:00,2642.56,2686.49,2636.74,2670.24,121465.03
2024-10-30 08:00:00+00:00,2670.24,2698.62,2658.54,2660.67,213636.09
2024-10-30 12:00:00+00:00,2660.67,2724.61,2653.84,2683.8,402015.99
2024-10-30 16:00:00+00:00,2683.8,2697.86,2653.43,2655.54,128910.66
2024-10-30 20:00:00+00:00,2655.54,2687.52,2636.1,2659.99,231607.11
2024-10-31 00:00:00+00:00,2659.99,2670.22,2637.89,2657.84,84906.04
2024-10-31 04:00:00+00:00,2657.84,2658.82,2632.23,2647.43,70375.4
2024-10-31 08:00:00+00:00,2647.43,2649.97,2625.01,2639.51,99387.85
2024-10-31 12:00:00+00:00,2639.51,2642.03,2541.76,2563.06,348637.32
2024-10-31 16:00:00+00:00,2563.06,2564.49,2505.63,2514.92,235891.48
2024-10-31 20:00:00+00:00,2514.92,2529.23,2501.6,2518.92,126897.43
2024-11-01 00:00:00+00:00,2518.92,2534.0,2466.09,2503.2,228925.49
2024-11-01 04:00:00+00:00,2503.2,2516.71,2485.07,2504.16,87479.48
2024-11-01 08:00:00+00:00,2504.16,2526.76,2495.16,2515.96,92427.92
2024-11-01 12:00:00+00:00,2515.96,2587.27,2480.56,2499.81,386654.13
2024-11-01 16:00:00+00:00,2499.81,2538.23,2494.54,2514.54,196852.32
2024-11-01 20:00:00+00:00,2514.54,2527.86,2484.08,2511.41,92224.31
2024-11-02 00:00:00+00:00,2511.41,2523.82,2501.58,2506.67,38550.04
2024-11-02 04:00:00+00:00,2506.67,2513.8,2498.72,2507.27,34403.15
2024-11-02 08:00:00+00:00,2507.27,2510.1,2490.67,2501.89,52448.48
2024-11-02 12:00:00+00:00,2501.89,2504.2,2467.96,2488.16,139557.62
2024-11-02 16:00:00+00:00,2488.16,2497.25,2478.54,2492.52,39668.55
2024-11-02 20:00:00+00:00,2492.52,2497.35,2484.28,2493.6,23353.47
2024-11-03 00:00:00+00:00,2493.6,2496.27,2420.01,2448.45,240274.8
2024-11-03 04:00:00+00:00,2448.45,2463.0,2440.37,2449.21,68489.05
2024-11-03 08:00:00+00:00,2449.21,2462.14,2442.74,2454.0,97707.47
2024-11-03 12:00:00+00:00,2454.0,2460.53,2410.78,2442.01,234406.0
2024-11-03 16:00:00+00:00,2442.01,2459.41,2408.09,2452.99,174717.7
2024-11-03 20:00:00+00:00,2452.99,2475.72,2445.76,2457.01,124141.87
2024-11-04 00:00:00+00:00,2457.01,2491.66,2433.69,2472.99,88752.07
2024-11-04 04:00:00+00:00,2472.99,2482.8,2456.4,2458.77,57774.31
2024-11-04 08:00:00+00:00,2458.77,2478.0,2446.08,2469.62,76240.66
2024-11-04 12:00:00+00:00,2469.62,2485.77,2430.61,2441.79,130496.85
2024-11-04 16:00:00+00:00,2441.79,2445.8,2403.17,2429.78,271465.78
2024-11-04 20:00:00+00:00,2429.78,2431.43,2355.83,2397.87,385896.49
2024-11-05 00:00:00+00:00,2397.87,2421.0,2380.01,2420.28,140357.12
2024-11-05 04:00:00+00:00,2420.28,2445.25,2417.0,2443.01,75155.71
2024-11-05 08:00:00+00:00,2443.01,2447.94,2429.6,2440.18,69511.4
2024-11-05 12:00:00+00:00,2440.18,2479.97,2426.35,2440.75,221324.35
2024-11-05 16:00:00+00:00,2440.75,2474.4,2400.0,2407.2,205605.3
2024-11-05 20:00:00+00:00,2407.2,2439.48,2400.41,2421.61,117914.94
2024-11-06 00:00:00+00:00,2421.61,2640.0,2419.39,2579.72,679007.25
2024-11-06 04:00:00+00:00,2579.72,2646.12,2560.84,2595.72,509204.02
2024-11-06 08:00:00+00:00,2595.72,2639.13,2572.76,2630.63,285321.51
2024-11-06 12:00:00+00:00,2630.63,2668.79,2607.15,2634.89,371816.93
2024-11-06 16:00:00+00:00,2634.89,2688.75,2634.0,2688.25,219032.79
2024-11-06 20:00:00+00:00,2688.25,2747.55,2670.01,2723.73,347655.58
2024-11-07 00:00:00+00:00,2723.73,2885.72,2701.05,2855.08,618538.37
2024-11-07 04:00:00+00:00,2855.08,2858.24,2781.14,2822.31,245586.36
2024-11-07 08:00:00+00:00,2822.31,2832.83,2791.73,2794.55,167233.3
2024-11-07 12:00:00+00:00,2794.55,2851.97,2773.73,2849.16,280659.01
2024-11-07 16:00:00+00:00,2849.16,2895.99,2825.75,2888.92,391202.42
2024-11-07 20:00:00+00:00,2888.92,2919.96,2865.18,2897.12,309903.98
2024-11-08 00:00:00+00:00,2897.12,2958.2,2887.64,2904.35,293446.92
2024-11-08 04:00:00+00:00,2904.35,2927.04,2892.01,2914.07,126437.13
2024-11-08 08:00:00+00:00,2914.07,2933.28,2894.78,2916.47,122687.1
2024-11-08 12:00:00+00:00,2916.47,2959.06,2904.0,2938.64,320770.08
2024-11-08 16:00:00+00:00,2938.64,2984.62,2891.41,2951.67,389074.97
2024-11-08 20:00:00+00:00,2951.67,2978.93,2916.66,2964.21,210173.11
2024-11-09 00:00:00+00:00,2964.21,2997.45,2956.86,2966.75,206273.98
2024-11-09 04:00:00+00:00,2966.75,3062.0,2953.56,3032.4,325514.87
2024-11-09 08:00:00+00:00,3032.4,3058.99,3022.63,3053.46,159330.27
2024-11-09 12:00:00+00:00,3053.46,3057.0,3028.5,3042.26,121676.67
2024-11-09 16:00:00+00:00,3042.26,3097.1,2992.0,3072.38,284857.49
2024-11-09 20:00:00+00:00,3072.38,3160.57,3067.21,3128.16,274423.32
2024-11-10 00:00:00+00:00,3128.16,3155.75,3105.29,3137.06,195615.09
2024-11-10 04:00:00+00:00,3137.06,3223.88,3132.29,3186.73,422295.23
2024-11-10 08:00:00+00:00,3186.73,3233.8,3169.26,3223.29,256728.67
2024-11-10 12:00:00+00:00,3223.29,3240.89,3170.01,3211.66,255817.38
2024-11-10 16:00:00+00:00,3211.66,3252.81,3145.0,3165.7,426359.84
2024-11-10 20:00:00+00:00,3165.7,3230.4,3070.72,3186.15,572321.42
2024-11-11 00:00:00+00:00,3186.15,3225.35,3173.73,3197.58,171227.92
2024-11-11 04:00:00+00:00,3197.58,3199.88,3106.56,3142.01,244641.31
2024-11-11 08:00:00+00:00,3142.01,3215.69,3134.05,3201.24,217754.04
2024-11-11 12:00:00+00:00,3201.24,3266.4,3138.83,3240.59,645801.3
2024-11-11 16:00:00+00:00,3240.59,3349.68,3236.58,3302.09,653958.26
2024-11-11 20:00:00+00:00,3302.09,3392.12,3280.02,3374.62,583236.83
2024-11-12 00:00:00+00:00,3374.62,3378.15,3245.4,3339.81,474286.12
2024-11-12 04:00:00+00:00,3339.81,3397.87,3320.06,3371.45,317812.05
2024-11-12 08:00:00+00:00,3371.45,3449.72,3214.0,3285.28,758603.09
2024-11-12 12:00:00+00:00,3285.28,3300.12,3211.01,3263.42,458345.61
2024-11-12 16:00:00+00:00,3263.42,3308.58,3211.37,3275.27,342984.08
2024-11-12 20:00:00+00:00,3275.27,3307.7,3237.37,3245.38,222628.48
2024-11-13 00:00:00+00:00,3245.38,3287.59,3203.16,3209.7,242093.83
2024-11-13 04:00:00+00:00,3209.7,3232.37,3114.87,3162.43,327671.28
2024-11-13 08:00:00+00:00,3162.43,3194.88,3142.22,3169.84,175791.6
2024-11-13 12:00:00+00:00,3169.84,3331.66,3153.57,3312.67,541261.94
2024-11-13 16:00:00+00:00,3312.67,3335.4,3155.68,3160.33,477559.2
2024-11-13 20:00:00+00:00,3160.33,3200.06,3118.01,3189.16,303193.59
2024-11-14 00:00:00+00:00,3189.16,3230.54,3165.35,3219.72,145883.37
2024-11-14 04:00:00+00:00,3219.72,3243.32,3175.13,3219.41,157778.24
2024-11-14 08:00:00+00:00,3219.41,3233.69,3156.47,3187.35,183682.49
2024-11-14 12:00:00+00:00,3187.35,3201.34,3058.32,3078.64,403568.71
2024-11-14 16:00:00+00:00,3078.64,3184.25,3071.77,3147.67,247985.21
2024-11-14 20:00:00+00:00,3147.67,3147.67,3028.37,3060.08,288455.93
2024-11-15 00:00:00+00:00,3060.08,3094.36,3035.0,3084.03,134966.95
2024-11-15 04:00:00+00:00,3084.03,3084.03,3015.0,3039.73,158323.84
2024-11-15 08:00:00+00:00,3039.73,3116.13,3022.39,3105.91,156053.61
2024-11-15 12:00:00+00:00,3105.91,3133.35,3014.25,3024.19,280672.61
2024-11-15 16:00:00+00:00,3024.19,3062.18,3015.9,3041.2,175386.36
2024-11-15 20:00:00+00:00,3041.2,3122.53,3039.6,3091.74,188751.95
2024-11-16 00:00:00+00:00,3091.74,3159.89,3073.5,3157.86,112011.83
2024-11-16 04:00:00+00:00,3157.86,3167.78,3103.99,3109.03,104339.03
2024-11-16 08:00:00+00:00,3109.03,3199.22,3105.6,3198.41,145040.52
2024-11-16 12:00:00+00:00,3198.41,3225.12,3122.31,3143.06,263561.76
2024-11-16 16:00:00+00:00,3143.06,3187.61,3130.0,3171.9,110792.74
2024-11-16 20:00:00+00:00,3171.9,3178.07,3123.35,3134.77,82578.61
2024-11-17 00:00:00+00:00,3134.77,3156.02,3035.04,3081.84,217553.99
2024-11-17 04:00:00+00:00,3081.84,3150.65,3076.86,3139.44,161916.61
2024-11-17 08:00:00+00:00,3139.44,3165.76,3102.6,3107.26,164366.13
2024-11-17 12:00:00+00:00,3107.26,3129.45,3068.54,3088.06,153981.98
2024-11-17 16:00:00+00:00,3088.06,3118.8,3073.19,3100.99,125370.73
2024-11-17 20:00:00+00:00,3100.99,3110.56,3044.18,3078.03,174142.19
2024-11-18 00:00:00+00:00,3078.03,3127.7,3071.4,3115.3,106440.86
2024-11-18 04:00:00+00:00,3115.3,3154.72,3099.2,3133.95,133133.41
2024-11-18 08:00:00+00:00,3133.95,3144.18,3052.84,3058.59,196946.8
2024-11-18 12:00:00+00:00,3058.59,3161.77,3052.06,3146.8,314863.91
2024-11-18 16:00:00+00:00,3146.8,3203.75,3092.03,3129.56,424024.69
2024-11-18 20:00:00+00:00,3129.56,3228.22,3124.79,3210.93,257389.59
2024-11-19 00:00:00+00:00,3210.93,3225.39,3145.0,3151.08,167482.84
2024-11-19 04:00:00+00:00,3151.08,3162.49,3109.9,3120.17,145755.13
2024-11-19 08:00:00+00:00,3120.17,3133.0,3091.7,3128.79,140595.23
2024-11-19 12:00:00+00:00,3128.79,3152.96,3075.07,3107.03,236355.9
2024-11-19 16:00:00+00:00,3107.03,3148.64,3101.57,3124.63,159944.37
2024-11-19 20:00:00+00:00,3124.63,3134.0,3066.63,3109.37,233130.03
2024-11-20 00:00:00+00:00,3109.37,3133.33,3072.6,3098.55,130404.96
2024-11-20 04:00:00+00:00,3098.55,3117.96,3089.59,3111.64,62496.56
2024-11-20 08:00:00+00:00,3111.64,3138.2,3085.31,3101.87,138592.9
2024-11-20 12:00:00+00:00,3101.87,3162.0,3083.1,3132.19,338855.43
2024-11-20 16:00:00+00:00,3132.19,3137.39,3030.04,3059.04,336065.77
2024-11-20 20:00:00+00:00,3059.04,3094.57,3045.15,3071.1,122349.63
2024-11-21 00:00:00+00:00,3071.1,3103.68,3033.33,3083.35,159381.19
2024-11-21 04:00:00+00:00,3083.35,3147.01,3082.0,3139.51,287129.96
2024-11-21 08:00:00+00:00,3139.51,3157.83,3120.02,3150.29,165764.06
2024-11-21 12:00:00+00:00,3150.29,3376.88,3148.46,3280.0,1043672.9
2024-11-21 16:00:00+00:00,3280.0,3391.4,3280.0,3349.92,388421.37
2024-11-21 20:00:00+00:00,3349.92,3382.9,3336.71,3358.87,175725.96
2024-11-22 00:00:00+00:00,3358.87,3384.44,3307.0,3369.06,230536.68
2024-11-22 04:00:00+00:00,3369.06,3432.0,3357.6,3365.15,261711.23
2024-11-22 08:00:00+00:00,3365.15,3388.3,3313.62,3347.99,210370.66
2024-11-22 12:00:00+00:00,3347.99,3360.38,3260.0,3316.6,400891.37
2024-11-22 16:00:00+00:00,3316.6,3324.86,3266.0,3284.93,184006.85
2024-11-22 20:00:00+00:00,3284.93,3332.9,3275.1,3330.49,120401.61
2024-11-23 00:00:00+00:00,3330.49,3368.0,3315.18,3349.51,173400.02
2024-11-23 04:00:00+00:00,3349.51,3365.66,3329.45,3344.0,100778.77
2024-11-23 08:00:00+00:00,3344.0,3408.4,3339.4,3356.78,213114.68
2024-11-23 12:00:00+00:00,3356.78,3500.99,3351.33,3463.56,455575.58
2024-11-23 16:00:00+00:00,3463.56,3474.71,3380.62,3410.28,321194.5
2024-11-23 20:00:00+00:00,3410.28,3431.0,3381.05,3396.3,134928.11
2024-11-24 00:00:00+00:00,3396.3,3453.65,3390.84,3430.19,98656.21
2024-11-24 04:00:00+00:00,3430.19,3435.0,3400.01,3425.63,79599.45
2024-11-24 08:00:00+00:00,3425.63,3431.84,3341.24,3346.43,226811.79
2024-11-24 12:00:00+00:00,3346.43,3359.76,3283.46,3296.81,363133.17
2024-11-24 16:00:00+00:00,3296.81,3337.41,3289.33,3329.23,142751.39
2024-11-24 20:00:00+00:00,3329.23,3375.61,3324.16,3363.32,107966.24
2024-11-25 00:00:00+00:00,3363.32,3373.48,3302.25,3365.16,145821.0
2024-11-25 04:00:00+00:00,3365.16,3423.2,3363.75,3402.52,126023.59
2024-11-25 08:00:00+00:00,3402.52,3534.51,3400.0,3476.05,430883.58
2024-11-25 12:00:00+00:00,3476.05,3544.09,3345.22,3522.42,885412.95
2024-11-25 16:00:00+00:00,3522.42,3552.39,3426.3,3466.79,543924.6
2024-11-25 20:00:00+00:00,3466.79,3509.3,3365.0,3417.04,468617.85
2024-11-26 00:00:00+00:00,3417.04,3465.76,3397.0,3437.09,201295.25
2024-11-26 04:00:00+00:00,3437.09,3445.92,3383.5,3396.93,171027.95
2024-11-26 08:00:00+00:00,3396.93,3399.76,3281.53,3325.81,508258.69
2024-11-26 12:00:00+00:00,3325.81,3365.34,3291.04,3298.9,353498.63
2024-11-26 16:00:00+00:00,3298.9,3341.35,3253.44,3303.28,329343.06
2024-11-26 20:00:00+00:00,3303.28,3347.98,3291.02,3327.42,180303.55
2024-11-27 00:00:00+00:00,3327.42,3375.91,3303.63,3363.6,194638.88
2024-11-27 04:00:00+00:00,3363.6,3449.0,3361.8,3426.4,279221.31
2024-11-27 08:00:00+00:00,3426.4,3488.59,3404.59,3463.75,196471.35
2024-11-27 12:00:00+00:00,3463.75,3577.96,3444.08,3555.31,494145.42
2024-11-27 16:00:00+00:00,3555.31,3616.88,3536.73,3593.76,326185.69
2024-11-27 20:00:00+00:00,3593.76,3689.79,3591.79,3656.6,348556.01
2024-11-28 00:00:00+00:00,3656.6,3665.76,3567.48,3601.8,243220.74
2024-11-28 04:00:00+00:00,3601.8,3622.49,3569.39,3595.29,161630.2
2024-11-28 08:00:00+00:00,3595.29,3642.2,3575.62,3623.85,217054.77
2024-11-28 12:00:00+00:00,3623.85,3645.37,3539.0,3544.88,338990.84
2024-11-28 16:00:00+00:00,3544.88,3589.0,3531.12,3578.48,142339.37
2024-11-28 20:00:00+00:00,3578.48,3602.64,3552.95,3581.99,104184.27
2024-11-29 00:00:00+00:00,3581.99,3605.72,3553.08,3586.42,110466.87
2024-11-29 04:00:00+00:00,3586.42,3599.46,3536.7,3547.16,157093.62
2024-11-29 08:00:00+00:00,3547.16,3603.0,3547.15,3597.68,112922.74
2024-11-29 12:00:00+00:00,3597.68,3649.3,3577.0,3616.21,219953.39
2024-11-29 16:00:00+00:00,3616.21,3623.47,3560.71,3585.97,229171.74
2024-11-29 20:00:00+00:00,3585.97,3607.95,3577.05,3594.49,81878.69
2024-11-30 00:00:00+00:00,3594.49,3665.99,3570.07,3661.07,202835.85
2024-11-30 04:00:00+00:00,3661.07,3729.99,3637.16,3705.88,261465.64
2024-11-30 08:00:00+00:00,3705.88,3721.5,3632.87,3656.56,195553.03
2024-11-30 12:00:00+00:00,3656.56,3688.74,3653.43,3676.76,144490.14
2024-11-30 16:00:00+00:00,3676.76,3699.99,3659.52,3692.03,83092.25
2024-11-30 20:00:00+00:00,3692.03,3742.92,3688.94,3706.23,172470.1
2024-12-01 00:00:00+00:00,3706.23,3734.91,3661.02,3709.59,238468.0
2024-12-01 04:00:00+00:00,3709.59,3720.0,3683.84,3705.01,77438.76
2024-12-01 08:00:00+00:00,3705.01,3720.46,3674.96,3694.88,98457.36
2024-12-01 12:00:00+00:00,3694.88,3750.0,3680.79,3731.87,155197.29
2024-12-01 16:00:00+00:00,3731.87,3748.91,3695.14,3710.81,124469.37
2024-12-01 20:00:00+00:00,3710.81,3738.0,3681.17,3710.95,149749.85
2024-12-02 00:00:00+00:00,3710.95,3767.14,3677.76,3688.63,264167.54
2024-12-02 04:00:00+00:00,3688.63,3712.49,3651.4,3668.93,257542.22
2024-12-02 08:00:00+00:00,3668.93,3676.15,3571.59,3591.21,388190.6
2024-12-02 12:00:00+00:00,3591.21,3683.36,3585.04,3675.01,257113.27
2024-12-02 16:00:00+00:00,3675.01,3686.22,3557.96,3615.19,331516.92
2024-12-02 20:00:00+00:00,3615.19,3648.92,3600.17,3647.13,148687.53
2024-12-03 00:00:00+00:00,3647.13,3662.09,3610.0,3643.61,136385.52
2024-12-03 04:00:00+00:00,3643.61,3674.91,3601.47,3618.7,163018.07
2024-12-03 08:00:00+00:00,3618.7,3638.52,3586.93,3616.55,161044.85
2024-12-03 12:00:00+00:00,3616.55,3621.25,3502.58,3573.92,546662.27
2024-12-03 16:00:00+00:00,3573.92,3597.16,3540.01,3580.04,179740.39
2024-12-03 20:00:00+00:00,3580.04,3637.37,3577.35,3617.8,135548.99
2024-12-04 00:00:00+00:00,3617.8,3712.67,3617.8,3666.42,280417.94
2024-12-04 04:00:00+00:00,3666.42,3725.72,3664.52,3719.07,157699.4
2024-12-04 08:00:00+00:00,3719.07,3756.91,3700.63,3731.97,224630.72
2024-12-04 12:00:00+00:00,3731.97,3859.6,3692.04,3827.01,570128.46
2024-12-04 16:00:00+00:00,3827.01,3849.03,3737.46,3845.62,452898.56
2024-12-04 20:00:00+00:00,3845.62,3891.55,3819.31,3841.6,309417.06
2024-12-05 00:00:00+00:00,3841.6,3914.81,3769.13,3838.38,446222.17
2024-12-05 04:00:00+00:00,3838.38,3886.16,3823.56,3854.93,244952.73
2024-12-05 08:00:00+00:00,3854.93,3949.48,3854.93,3935.76,291778.57
2024-12-05 12:00:00+00:00,3935.76,3959.86,3861.0,3890.8,343352.29
2024-12-05 16:00:00+00:00,3890.8,3930.38,3821.28,3834.65,336033.76
2024-12-05 20:00:00+00:00,3834.65,3865.0,3650.01,3787.72,733272.91
2024-12-06 00:00:00+00:00,3787.72,3919.32,3780.17,3911.1,313994.67
2024-12-06 04:00:00+00:00,3911.1,3935.01,3877.78,3896.57,163335.74
2024-12-06 08:00:00+00:00,3896.57,3913.97,3847.11,3869.5,198089.52
2024-12-06 12:00:00+00:00,3869.5,4044.93,3833.44,3997.23,662281.73
2024-12-06 16:00:00+00:00,3997.23,4078.76,3984.7,4071.18,327789.4
2024-12-06 20:00:00+00:00,4071.18,4091.98,3993.0,4002.41,244599.17
2024-12-07 00:00:00+00:00,4002.41,4028.79,3973.0,3989.84,153974.16
2024-12-07 04:00:00+00:00,3989.84,4006.86,3970.56,3988.89,85276.45
2024-12-07 08:00:00+00:00,3988.89,4013.55,3976.41,4002.06,86451.66
2024-12-07 12:00:00+00:00,4002.06,4012.64,3978.96,4008.36,99342.49
2024-12-07 16:00:00+00:00,4008.36,4024.69,3988.0,4015.77,88209.09
2024-12-07 20:00:00+00:00,4015.77,4027.99,3996.11,3999.15,60612.77
2024-12-08 00:00:00+00:00,3999.15,4012.75,3989.5,3992.95,42273.44
2024-12-08 04:00:00+00:00,3992.95,3999.64,3962.13,3983.79,103915.28
2024-12-08 08:00:00+00:00,3983.79,3985.41,3926.04,3975.15,182042.87
2024-12-08 12:00:00+00:00,3975.15,4007.45,3957.91,3994.67,161759.01
2024-12-08 16:00:00+00:00,3994.67,4004.38,3966.38,3993.32,96114.08
2024-12-08 20:00:00+00:00,3993.32,4020.11,3977.76,4007.98,99056.46
2024-12-09 00:00:00+00:00,4007.98,4009.62,3906.83,3932.54,242639.57
2024-12-09 04:00:00+00:00,3932.54,3951.93,3883.0,3920.72,206337.36
2024-12-09 08:00:00+00:00,3920.72,3923.45,3845.02,3853.82,262684.79
2024-12-09 12:00:00+00:00,3853.82,3948.2,3806.38,3826.25,429917.05
2024-12-09 16:00:00+00:00,3826.25,3869.9,3788.54,3798.29,268386.54
2024-12-09 20:00:00+00:00,3798.29,3806.82,3447.36,3713.0,1362726.5
2024-12-10 00:00:00+00:00,3713.0,3783.44,3614.16,3682.71,515047.17
2024-12-10 04:00:00+00:00,3682.71,3746.23,3638.01,3735.01,274377.31
2024-12-10 08:00:00+00:00,3735.01,3774.0,3714.04,3750.6,180783.94
2024-12-10 12:00:00+00:00,3750.6,3755.4,3555.0,3567.68,635277.47
2024-12-10 16:00:00+00:00,3567.68,3634.61,3515.42,3628.37,699915.15
2024-12-10 20:00:00+00:00,3628.37,3673.07,3611.69,3627.84,202275.72
2024-12-11 00:00:00+00:00,3627.84,3668.54,3560.26,3664.88,218048.29
2024-12-11 04:00:00+00:00,3664.88,3681.52,3645.09,3651.47,92142.07
2024-12-11 08:00:00+00:00,3651.47,3727.29,3650.13,3716.25,111986.74
2024-12-11 12:00:00+00:00,3716.25,3822.25,3708.0,3786.08,289687.37
2024-12-11 16:00:00+00:00,3786.08,3813.87,3752.12,3803.8,167213.02
2024-12-11 20:00:00+00:00,3803.8,3848.48,3802.5,3831.68,113151.91
2024-12-12 00:00:00+00:00,3831.68,3949.84,3795.81,3936.61,226472.69
2024-12-12 04:00:00+00:00,3936.61,3947.27,3894.74,3906.46,176280.5
2024-12-12 08:00:00+00:00,3906.46,3939.2,3892.11,3915.2,151692.92
2024-12-12 12:00:00+00:00,3915.2,3989.98,3914.94,3960.05,402098.55
2024-12-12 16:00:00+00:00,3960.05,3988.87,3854.0,3871.97,313902.32
2024-12-12 20:00:00+00:00,3871.97,3903.94,3836.66,3881.79,224034.87
2024-12-13 00:00:00+00:00,3881.79,3942.62,3852.6,3933.2,170355.54
2024-12-13 04:00:00+00:00,3933.2,3936.79,3870.86,3885.58,137866.18
2024-12-13 08:00:00+00:00,3885.58,3924.81,3872.01,3902.06,109409.11
2024-12-13 12:00:00+00:00,3902.06,3969.9,3877.0,3885.37,269363.98
2024-12-13 16:00:00+00:00,3885.37,3948.22,3878.26,3918.38,205048.65
2024-12-13 20:00:00+00:00,3918.38,3936.6,3889.42,3906.81,112230.77
2024-12-14 00:00:00+00:00,3906.81,3946.6,3894.74,3911.18,110619.19
2024-12-14 04:00:00+00:00,3911.18,3937.42,3906.0,3922.11,57711.12
2024-12-14 08:00:00+00:00,3922.11,3932.93,3886.1,3894.42,84332.72
2024-12-14 12:00:00+00:00,3894.42,3899.37,3846.0,3888.73,165905.27
2024-12-14 16:00:00+00:00,3888.73,3898.85,3826.8,3859.39,197237.07
2024-12-14 20:00:00+00:00,3859.39,3877.2,3822.65,3870.04,114054.42
2024-12-15 00:00:00+00:00,3870.04,3896.0,3856.13,3874.18,65872.79
2024-12-15 04:00:00+00:00,3874.18,3912.12,3830.61,3844.45,131816.34
2024-12-15 08:00:00+00:00,3844.45,3878.97,3836.35,3877.42,89830.4
2024-12-15 12:00:00+00:00,3877.42,3911.19,3868.0,3894.98,99561.08
2024-12-15 16:00:00+00:00,3894.98,3920.93,3885.44,3903.64,85713.71
2024-12-15 20:00:00+00:00,3903.64,3976.0,3842.66,3961.1,296982.27
2024-12-16 00:00:00+00:00,3961.1,4027.68,3928.4,3943.4,311859.99
2024-12-16 04:00:00+00:00,3943.4,3984.8,3936.4,3975.46,105365.49
2024-12-16 08:00:00+00:00,3975.46,3977.67,3902.15,3910.3,165747.83
2024-12-16 12:00:00+00:00,3910.3,3960.4,3882.28,3941.72,272964.15
2024-12-16 16:00:00+00:00,3941.72,4111.26,3939.64,4059.69,468972.23
2024-12-16 20:00:00+00:00,4059.69,4074.8,3980.0,3986.49,213307.04
2024-12-17 00:00:00+00:00,3986.49,4043.65,3943.62,4036.23,248380.1
2024-12-17 04:00:00+00:00,4036.23,4036.46,3981.61,3995.0,173794.69
2024-12-17 08:00:00+00:00,3995.0,4032.61,3990.02,3998.19,144164.27
2024-12-17 12:00:00+00:00,3998.19,4026.53,3912.98,3939.0,380531.1
2024-12-17 16:00:00+00:00,3939.0,3986.33,3917.06,3945.01,253847.62
2024-12-17 20:00:00+00:00,3945.01,3952.52,3845.22,3891.38,336381.15
2024-12-18 00:00:00+00:00,3891.38,3902.31,3830.18,3848.01,252207.05
2024-12-18 04:00:00+00:00,3848.01,3860.81,3802.0,3846.16,265739.79
2024-12-18 08:00:00+00:00,3846.16,3887.32,3840.9,3882.58,162550.36
2024-12-18 12:00:00+00:00,3882.58,3889.94,3822.55,3866.48,234068.43
2024-12-18 16:00:00+00:00,3866.48,3908.0,3766.2,3767.39,332743.03
2024-12-18 20:00:00+00:00,3767.39,3784.61,3615.46,3624.59,838532.85
2024-12-19 00:00:00+00:00,3624.59,3672.04,3538.56,3667.48,409415.62
2024-12-19 04:00:00+00:00,3667.48,3696.32,3651.53,3691.42,114385.89
2024-12-19 08:00:00+00:00,3691.42,3719.01,3662.26,3704.25,132760.28
2024-12-19 12:00:00+00:00,3704.25,3709.4,3569.21,3612.39,387349.52
2024-12-19 16:00:00+00:00,3612.39,3635.99,3372.63,3437.9,1030087.48
2024-12-19 20:00:00+00:00,3437.9,3464.0,3321.0,3415.06,563991.3
2024-12-20 00:00:00+00:00,3415.06,3465.33,3368.0,3412.49,276990.59
2024-12-20 04:00:00+00:00,3412.49,3430.0,3326.36,3389.17,290672.44
2024-12-20 08:00:00+00:00,3389.17,3389.96,3100.56,3103.08,1065411.22
2024-12-20 12:00:00+00:00,3103.08,3394.55,3100.0,3373.07,738841.98
2024-12-20 16:00:00+00:00,3373.07,3496.2,3364.56,3477.74,315549.81
2024-12-20 20:00:00+00:00,3477.74,3487.77,3390.5,3470.49,214020.56
2024-12-21 00:00:00+00:00,3470.49,3488.24,3443.24,3466.0,85296.66
2024-12-21 04:00:00+00:00,3466.0,3553.0,3458.5,3521.64,180778.47
2024-12-21 08:00:00+00:00,3521.64,3525.78,3420.41,3440.46,238998.02
2024-12-21 12:00:00+00:00,3440.46,3442.31,3344.56,3388.6,312077.26
2024-12-21 16:00:00+00:00,3388.6,3400.16,3323.84,3358.58,215960.85
2024-12-21 20:00:00+00:00,3358.58,3387.52,3290.44,3337.21,206953.61
2024-12-22 00:00:00+00:00,3337.21,3372.96,3317.04,3354.36,121608.11
2024-12-22 04:00:00+00:00,3354.36,3360.4,3293.08,3331.09,112480.56
2024-12-22 08:00:00+00:00,3331.09,3402.66,3329.46,3379.38,137735.93
2024-12-22 12:00:00+00:00,3379.38,3396.79,3272.7,3300.39,236725.62
2024-12-22 16:00:00+00:00,3300.39,3337.6,3235.2,3245.88,221349.98
2024-12-22 20:00:00+00:00,3245.88,3309.16,3218.68,3280.99,245187.71
2024-12-23 00:00:00+00:00,3280.99,3356.02,3214.07,3349.64,272149.91
2024-12-23 04:00:00+00:00,3349.64,3362.34,3258.4,3303.53,182857.26
2024-12-23 08:00:00+00:00,3303.53,3354.63,3291.2,3338.11,136248.78
2024-12-23 12:00:00+00:00,3338.11,3360.92,3267.0,3275.3,309296.31
2024-12-23 16:00:00+00:00,3275.3,3384.0,3269.12,3336.96,358063.33
2024-12-23 20:00:00+00:00,3336.96,3465.98,3327.86,3420.98,251782.87
2024-12-24 00:00:00+00:00,3420.98,3425.51,3356.02,3395.84,165923.17
2024-12-24 04:00:00+00:00,3395.84,3434.2,3381.9,3399.55,108042.76
2024-12-24 08:00:00+00:00,3399.55,3415.98,3383.83,3413.01,88480.11
2024-12-24 12:00:00+00:00,3413.01,3509.8,3393.54,3492.5,228170.92
2024-12-24 16:00:00+00:00,3492.5,3539.21,3463.0,3464.14,225693.29
2024-12-24 20:00:00+00:00,3464.14,3504.15,3429.01,3492.1,182026.14
2024-12-25 00:00:00+00:00,3492.1,3497.14,3456.76,3476.99,105194.43
2024-12-25 04:00:00+00:00,3476.99,3509.16,3468.33,3487.9,58438.32
2024-12-25 08:00:00+00:00,3487.9,3547.26,3464.17,3469.99,173588.56
2024-12-25 12:00:00+00:00,3469.99,3500.68,3455.86,3471.74,112118.71
2024-12-25 16:00:00+00:00,3471.74,3487.94,3439.2,3480.1,83803.75
2024-12-25 20:00:00+00:00,3480.1,3498.83,3448.07,3495.37,88047.13
2024-12-26 00:00:00+00:00,3495.37,3514.27,3448.75,3453.69,101218.82
2024-12-26 04:00:00+00:00,3453.69,3453.97,3415.19,3420.14,117888.57
2024-12-26 08:00:00+00:00,3420.14,3424.14,3343.56,3371.81,249913.52
2024-12-26 12:00:00+00:00,3371.81,3372.1,3325.72,3342.13,176535.72
2024-12-26 16:00:00+00:00,3342.13,3363.61,3311.43,3338.4,140776.12
2024-12-26 20:00:00+00:00,3338.4,3349.23,3302.26,3333.04,129123.27
2024-12-27 00:00:00+00:00,3333.04,3387.91,3314.83,3377.45,108198.34
2024-12-27 04:00:00+00:00,3377.45,3397.0,3315.0,3324.07,166519.91
2024-12-27 08:00:00+00:00,3324.07,3443.0,3324.04,3417.4,237372.66
2024-12-27 12:00:00+00:00,3417.4,3421.99,3306.0,3324.26,254978.45
2024-12-27 16:00:00+00:00,3324.26,3365.4,3306.14,3353.76,155937.61
2024-12-27 20:00:00+00:00,3353.76,3354.2,3308.0,3331.6,105402.79
2024-12-28 00:00:00+00:00,3331.6,3351.6,3320.17,3343.79,48864.29
2024-12-28 04:00:00+00:00,3343.79,3359.86,3330.98,3333.76,49630.68
2024-12-28 08:00:00+00:00,3333.76,3362.15,3331.45,3357.98,42673.28
2024-12-28 12:00:00+00:00,3357.98,3394.8,3349.11,3366.86,115226.28
2024-12-28 16:00:00+00:00,3366.86,3412.59,3364.0,3399.9,81189.62
2024-12-28 20:00:00+00:00,3399.9,3427.2,3387.6,3402.46,54403.47
2024-12-29 00:00:00+00:00,3402.46,3405.38,3374.01,3381.56,42409.26
2024-12-29 04:00:00+00:00,3381.56,3406.59,3377.81,3405.51,34735.9
2024-12-29 08:00:00+00:00,3405.51,3413.26,3388.13,3396.98,49991.46
2024-12-29 12:00:00+00:00,3396.98,3409.74,3352.16,3371.55,96457.66
2024-12-29 16:00:00+00:00,3371.55,3374.86,3343.38,3360.57,96332.61
2024-12-29 20:00:00+00:00,3360.57,3367.2,3323.4,3354.85,127452.65
2024-12-30 00:00:00+00:00,3354.85,3437.23,3346.13,3402.12,176815.71
2024-12-30 04:00:00+00:00,3402.12,3431.8,3386.74,3425.62,92268.98
2024-12-30 08:00:00+00:00,3425.62,3433.31,3393.36,3422.65,83530.4
2024-12-30 12:00:00+00:00,3422.65,3429.9,3300.04,3322.3,364534.37
2024-12-30 16:00:00+00:00,3322.3,3408.49,3315.41,3401.27,235646.67
2024-12-30 20:00:00+00:00,3401.27,3420.09,3306.0,3359.92,200577.47
2024-12-31 00:00:00+00:00,3359.92,3363.2,3313.99,3339.38,94489.45
2024-12-31 04:00:00+00:00,3339.38,3362.53,3327.24,3352.55,55230.03
2024-12-31 08:00:00+00:00,3352.55,3409.13,3351.75,3393.82,120591.49
2024-12-31 12:00:00+00:00,3393.82,3450.87,3391.65,3412.14,199435.72
2024-12-31 16:00:00+00:00,3412.14,3415.81,3327.32,3354.15,211599.95
2024-12-31 20:00:00+00:00,3354.15,3363.54,3326.17,3335.61,89551.33
2025-01-01 00:00:00+00:00,3335.61,3366.96,3333.93,3353.01,61787.02
2025-01-01 04:00:00+00:00,3353.01,3354.98,3334.78,3345.67,40873.07
2025-01-01 08:00:00+00:00,3345.67,3347.93,3312.28,3339.64,90647.68
2025-01-01 12:00:00+00:00,3339.64,3359.39,3326.53,3351.57,93916.58
2025-01-01 16:00:00+00:00,3351.57,3364.06,3320.78,3355.75,85889.69
2025-01-01 20:00:00+00:00,3355.75,3373.96,3350.05,3359.25,76535.58
2025-01-02 00:00:00+00:00,3359.25,3404.84,3353.01,3387.77,116848.79
2025-01-02 04:00:00+00:00,3387.77,3426.67,3387.11,3419.16,106753.0
2025-01-02 08:00:00+00:00,3419.16,3476.75,3413.47,3470.65,138288.55
2025-01-02 12:00:00+00:00,3470.65,3511.02,3438.8,3462.53,230323.59
2025-01-02 16:00:00+00:00,3462.53,3488.99,3428.2,3462.2,140125.27
2025-01-02 20:00:00+00:00,3462.2,3474.76,3419.65,3454.58,98224.82
2025-01-03 00:00:00+00:00,3454.58,3476.33,3441.36,3469.35,53249.88
2025-01-03 04:00:00+00:00,3469.35,3469.99,3430.03,3431.59,67191.65
2025-01-03 08:00:00+00:00,3431.59,3466.66,3420.19,3464.6,88845.76
2025-01-03 12:00:00+00:00,3464.6,3575.89,3460.0,3564.09,286418.36
2025-01-03 16:00:00+00:00,3564.09,3630.73,3564.09,3622.32,240966.48
2025-01-03 20:00:00+00:00,3622.32,3623.25,3594.0,3608.53,114220.9
2025-01-04 00:00:00+00:00,3608.53,3620.58,3581.28,3597.27,60154.36
2025-01-04 04:00:00+00:00,3597.27,3609.73,3583.04,3593.11,46592.43
2025-01-04 08:00:00+00:00,3593.11,3604.69,3571.21,3601.04,82119.74
2025-01-04 12:00:00+00:00,3601.04,3664.82,3591.1,3606.68,246741.36
2025-01-04 16:00:00+00:00,3606.68,3644.6,3600.5,3630.29,91073.29
2025-01-04 20:00:00+00:00,3630.29,3672.13,3630.28,3656.33,93617.54
2025-01-05 00:00:00+00:00,3656.33,3675.4,3628.15,3637.03,52594.13
2025-01-05 04:00:00+00:00,3637.03,3648.96,3627.33,3630.55,32632.26
2025-01-05 08:00:00+00:00,3630.55,3632.43,3600.95,3612.71,97322.02
2025-01-05 12:00:00+00:00,3612.71,3639.22,3591.1,3628.51,124508.93
2025-01-05 16:00:00+00:00,3628.51,3647.2,3611.55,3636.92,81904.32
2025-01-05 20:00:00+00:00,3636.92,3657.62,3627.7,3634.63,64954.89
2025-01-06 00:00:00+00:00,3634.63,3685.0,3608.32,3663.59,141128.63
2025-01-06 04:00:00+00:00,3663.59,3698.28,3641.47,3649.09,119248.46
2025-01-06 08:00:00+00:00,3649.09,3659.32,3631.03,3653.26,76254.91
2025-01-06 12:00:00+00:00,3653.26,3713.76,3620.23,3713.74,243150.14
2025-01-06 16:00:00+00:00,3713.74,3744.73,3654.12,3686.21,262805.24
2025-01-06 20:00:00+00:00,3686.21,3702.95,3664.08,3685.54,85325.54
2025-01-07 00:00:00+00:00,3685.54,3701.35,3661.05,3681.45,79536.25
2025-01-07 04:00:00+00:00,3681.45,3685.13,3656.66,3665.99,56643.06
2025-01-07 08:00:00+00:00,3665.99,3678.54,3624.07,3638.17,111716.52
2025-01-07 12:00:00+00:00,3638.17,3644.81,3405.26,3460.0,765786.28
2025-01-07 16:00:00+00:00,3460.0,3491.36,3358.88,3383.58,472584.18
2025-01-07 20:00:00+00:00,3383.58,3412.5,3354.05,3379.41,240409.54
2025-01-08 00:00:00+00:00,3379.41,3413.61,3339.48,3358.49,197719.9
2025-01-08 04:00:00+00:00,3358.49,3372.01,3305.5,3352.81,286723.03
2025-01-08 08:00:00+00:00,3352.81,3375.44,3320.2,3348.54,162009.3
2025-01-08 12:00:00+00:00,3348.54,3385.75,3330.47,3346.0,265115.02
2025-01-08 16:00:00+00:00,3346.0,3347.38,3206.02,3279.29,656120.1
2025-01-08 20:00:00+00:00,3279.29,3334.23,3263.84,3325.76,123710.4
2025-01-09 00:00:00+00:00,3325.76,3356.19,3304.71,3323.03,160431.95
2025-01-09 04:00:00+00:00,3323.03,3342.73,3279.5,3287.37,120800.45
2025-01-09 08:00:00+00:00,3287.37,3327.45,3259.58,3300.14,201574.08
2025-01-09 12:00:00+00:00,3300.14,3335.0,3208.17,3318.99,372512.19
2025-01-09 16:00:00+00:00,3318.99,3326.92,3186.87,3193.64,287640.54
2025-01-09 20:00:00+00:00,3193.64,3239.25,3155.5,3217.98,280533.79
2025-01-10 00:00:00+00:00,3217.98,3260.52,3211.87,3252.52,100649.72
2025-01-10 04:00:00+00:00,3252.52,3312.24,3240.16,3294.33,141343.56
2025-01-10 08:00:00+00:00,3294.33,3321.07,3286.21,3310.14,119518.26
2025-01-10 12:00:00+00:00,3310.14,3316.03,3192.66,3243.1,521492.17
2025-01-10 16:00:00+00:00,3243.1,3322.25,3230.18,3294.0,231763.67
2025-01-10 20:00:00+00:00,3294.0,3294.34,3254.56,3265.48,79497.93
2025-01-11 00:00:00+00:00,3265.48,3268.6,3230.0,3235.94,63689.99
2025-01-11 04:00:00+00:00,3235.94,3250.09,3223.36,3234.57,49077.02
2025-01-11 08:00:00+00:00,3234.57,3279.31,3216.73,3272.66,82216.37
2025-01-11 12:00:00+00:00,3272.66,3281.85,3256.63,3269.71,67125.76
2025-01-11 16:00:00+00:00,3269.71,3282.72,3257.15,3277.4,53243.01
2025-01-11 20:00:00+00:00,3277.4,3319.36,3273.7,3281.79,88849.69
2025-01-12 00:00:00+00:00,3281.79,3290.07,3272.61,3285.0,39576.58
2025-01-12 04:00:00+00:00,3285.0,3288.53,3261.61,3265.26,36007.36
2025-01-12 08:00:00+00:00,3265.26,3270.66,3222.83,3251.82,104224.55
2025-01-12 12:00:00+00:00,3251.82,3294.56,3246.56,3284.27,93024.34
2025-01-12 16:00:00+00:00,3284.27,3299.93,3267.08,3278.89,61463.0
2025-01-12 20:00:00+00:00,3278.89,3288.63,3232.1,3266.0,84858.08
2025-01-13 00:00:00+00:00,3266.0,3337.84,3233.72,3240.48,209932.4
2025-01-13 04:00:00+00:00,3240.48,3259.6,3178.68,3200.0,193074.56
2025-01-13 08:00:00+00:00,3200.0,3204.47,3053.01,3055.18,415771.27
2025-01-13 12:00:00+00:00,3055.18,3089.71,2908.44,3047.56,872260.99
2025-01-13 16:00:00+00:00,3047.56,3059.22,2985.01,3023.53,273327.61
2025-01-13 20:00:00+00:00,3023.53,3142.0,3010.09,3136.39,244567.17
2025-01-14 00:00:00+00:00,3136.39,3174.8,3124.14,3157.26,107454.71
2025-01-14 04:00:00+00:00,3157.26,3189.15,3156.24,3170.0,86704.46
2025-01-14 08:00:00+00:00,3170.0,3255.84,3168.4,3216.66,197993.7
2025-01-14 12:00:00+00:00,3216.66,3233.0,3177.3,3197.88,251731.24
2025-01-14 16:00:00+00:00,3197.88,3235.11,3170.4,3212.63,132576.79
2025-01-14 20:00:00+00:00,3212.63,3239.57,3193.21,3224.18,84258.81
2025-01-15 00:00:00+00:00,3224.18,3244.38,3203.8,3240.3,115572.84
2025-01-15 04:00:00+00:00,3240.3,3251.25,3213.84,3231.32,80797.66
2025-01-15 08:00:00+00:00,3231.32,3247.52,3185.26,3198.36,109038.36
2025-01-15 12:00:00+00:00,3198.36,3353.24,3185.2,3333.53,401950.36
2025-01-15 16:00:00+00:00,3333.53,3442.5,3322.16,3434.34,229622.41
2025-01-15 20:00:00+00:00,3434.34,3473.63,3417.51,3449.99,202593.36
2025-01-16 00:00:00+00:00,3449.99,3459.76,3345.76,3362.16,175271.95
2025-01-16 04:00:00+00:00,3362.16,3390.49,3361.0,3383.2,62663.08
2025-01-16 08:00:00+00:00,3383.2,3384.73,3298.78,3349.82,214958.73
2025-01-16 12:00:00+00:00,3349.82,3363.99,3263.32,3331.82,327047.01
2025-01-16 16:00:00+00:00,3331.82,3365.49,3308.36,3343.65,202965.02
2025-01-16 20:00:00+00:00,3343.65,3352.87,3267.0,3306.49,144124.85
2025-01-17 00:00:00+00:00,3306.49,3396.76,3306.13,3359.95,190013.28
2025-01-17 04:00:00+00:00,3359.95,3390.12,3344.42,3371.83,94566.33
2025-01-17 08:00:00+00:00,3371.83,3438.68,3371.22,3422.43,151275.21
2025-01-17 12:00:00+00:00,3422.43,3449.97,3394.02,3420.89,277699.19
2025-01-17 16:00:00+00:00,3420.89,3448.12,3405.84,3431.37,170910.21
2025-01-17 20:00:00+00:00,3431.37,3526.02,3424.23,3472.89,292746.33
2025-01-18 00:00:00+00:00,3472.89,3493.8,3366.03,3382.78,190763.1
2025-01-18 04:00:00+00:00,3382.78,3394.11,3278.14,3285.79,330898.54
2025-01-18 08:00:00+00:00,3285.79,3323.13,3225.63,3310.3,335406.15
2025-01-18 12:00:00+00:00,3310.3,3346.38,3272.69,3305.75,275278.65
2025-01-18 16:00:00+00:00,3305.75,3315.25,3248.0,3288.7,228127.92
2025-01-18 20:00:00+00:00,3288.7,3320.0,3256.15,3306.76,101148.33
2025-01-19 00:00:00+00:00,3306.76,3377.58,3297.47,3334.84,175994.78
2025-01-19 04:00:00+00:00,3334.84,3337.46,3257.8,3274.76,215931.07
2025-01-19 08:00:00+00:00,3274.76,3276.79,3129.14,3149.39,479212.06
2025-01-19 12:00:00+00:00,3149.39,3425.77,3143.83,3383.83,786528.38
2025-01-19 16:00:00+00:00,3383.83,3449.76,3377.87,3419.49,254640.23
2025-01-19 20:00:00+00:00,3419.49,3433.16,3150.0,3213.88,921721.31
2025-01-20 00:00:00+00:00,3213.88,3281.28,3141.0,3272.02,529486.96
2025-01-20 04:00:00+00:00,3272.02,3456.19,3249.44,3383.13,478409.24
2025-01-20 08:00:00+00:00,3383.13,3414.42,3333.75,3376.19,297343.51
2025-01-20 12:00:00+00:00,3376.19,3380.98,3256.88,3336.18,511803.84
2025-01-20 16:00:00+00:00,3336.18,3391.66,3202.37,3343.79,906470.02
2025-01-20 20:00:00+00:00,3343.79,3345.0,3254.56,3283.8,242498.64
2025-01-21 00:00:00+00:00,3283.8,3290.26,3201.36,3262.64,248013.14
2025-01-21 04:00:00+00:00,3262.64,3265.96,3212.14,3253.99,134300.83
2025-01-21 08:00:00+00:00,3253.99,3314.86,3233.14,3305.16,151226.44
2025-01-21 12:00:00+00:00,3305.16,3335.81,3262.94,3294.62,288173.26
2025-01-21 16:00:00+00:00,3294.62,3368.95,3289.93,3332.2,249410.35
2025-01-21 20:00:00+00:00,3332.2,3347.48,3301.2,3327.01,123032.57
2025-01-22 00:00:00+00:00,3327.01,3366.39,3320.12,3331.0,103125.61
2025-01-22 04:00:00+00:00,3331.0,3339.59,3283.83,3287.0,106074.06
2025-01-22 08:00:00+00:00,3287.0,3329.96,3272.05,3325.95,99916.74
2025-01-22 12:00:00+00:00,3325.95,3332.0,3266.0,3277.73,208385.54
2025-01-22 16:00:00+00:00,3277.73,3291.28,3237.28,3261.48,161752.59
2025-01-22 20:00:00+00:00,3261.48,3276.36,3221.06,3241.94,139344.29
2025-01-23 00:00:00+00:00,3241.94,3261.09,3202.63,3225.43,126558.28
2025-01-23 04:00:00+00:00,3225.43,3232.15,3181.84,3231.81,110261.16
2025-01-23 08:00:00+00:00,3231.81,3231.85,3186.5,3212.05,101912.97
2025-01-23 12:00:00+00:00,3212.05,3286.49,3187.2,3258.0,359598.11
2025-01-23 16:00:00+00:00,3258.0,3297.61,3192.63,3203.02,267244.01
2025-01-23 20:00:00+00:00,3203.02,3348.94,3193.69,3338.31,554078.48
2025-01-24 00:00:00+00:00,3338.31,3349.86,3274.0,3300.81,202038.4
2025-01-24 04:00:00+00:00,3300.81,3420.69,3290.91,3380.81,218271.64
2025-01-24 08:00:00+00:00,3380.81,3416.94,3375.0,3399.2,128686.05
2025-01-24 12:00:00+00:00,3399.2,3430.95,3354.41,3383.1,210382.6
2025-01-24 16:00:00+00:00,3383.1,3409.7,3363.64,3367.77,139482.73
2025-01-24 20:00:00+00:00,3367.77,3378.05,3302.14,3308.51,187364.05
2025-01-25 00:00:00+00:00,3308.51,3323.6,3267.07,3318.52,123134.53
2025-01-25 04:00:00+00:00,3318.52,3319.14,3281.69,3289.76,55549.55
2025-01-25 08:00:00+00:00,3289.76,3310.55,3270.06,3305.72,79288.65
2025-01-25 12:00:00+00:00,3305.72,3343.81,3292.73,3333.24,105296.4
2025-01-25 16:00:00+00:00,3333.24,3349.66,3328.62,3339.09,86889.8
2025-01-25 20:00:00+00:00,3339.09,3349.88,3312.95,3317.99,65069.0
2025-01-26 00:00:00+00:00,3317.99,3349.84,3312.09,3337.79,54052.42
2025-01-26 04:00:00+00:00,3337.79,3361.63,3328.62,3337.73,70595.2
2025-01-26 08:00:00+00:00,3337.73,3343.13,3289.24,3310.66,100574.98
2025-01-26 12:00:00+00:00,3310.66,3320.05,3295.85,3313.95,54595.71
2025-01-26 16:00:00+00:00,3313.95,3344.0,3306.44,3337.95,64292.41
2025-01-26 20:00:00+00:00,3337.95,3342.0,3227.3,3230.5,201059.02
2025-01-27 00:00:00+00:00,3230.5,3252.97,3158.3,3181.92,270867.18
2025-01-27 04:00:00+00:00,3181.92,3181.92,3017.8,3068.83,488818.77
2025-01-27 08:00:00+00:00,3068.83,3089.1,3032.21,3057.11,222663.78
2025-01-27 12:00:00+00:00,3057.11,3151.62,3051.56,3132.13,344133.79
2025-01-27 16:00:00+00:00,3132.13,3132.13,3045.0,3074.54,197838.16
2025-01-27 20:00:00+00:00,3074.54,3238.0,3071.49,3181.17,247110.84
2025-01-28 00:00:00+00:00,3181.17,3217.22,3150.05,3201.93,133553.8
2025-01-28 04:00:00+00:00,3201.93,3222.29,3187.25,3194.6,98223.43
2025-01-28 08:00:00+00:00,3194.6,3206.73,3175.66,3185.25,96099.69
2025-01-28 12:00:00+00:00,3185.25,3214.89,3154.08,3179.78,150941.76
2025-01-28 16:00:00+00:00,3179.78,3181.92,3119.19,3146.04,192700.63
2025-01-28 20:00:00+00:00,3146.04,3155.1,3037.34,3075.78,275841.08
2025-01-29 00:00:00+00:00,3075.78,3132.31,3074.75,3129.2,101153.84
2025-01-29 04:00:00+00:00,3129.2,3158.97,3115.45,3155.71,74564.94
2025-01-29 08:00:00+00:00,3155.71,3163.33,3118.0,3133.93,86620.53
2025-01-29 12:00:00+00:00,3133.93,3138.89,3078.35,3099.39,145355.98
2025-01-29 16:00:00+00:00,3099.39,3151.89,3051.79,3124.83,397112.59
2025-01-29 20:00:00+00:00,3124.83,3182.0,3087.2,3112.02,306020.35
2025-01-30 00:00:00+00:00,3112.02,3201.76,3088.95,3200.42,139238.23
2025-01-30 04:00:00+00:00,3200.42,3214.91,3176.9,3189.51,117723.55
2025-01-30 08:00:00+00:00,3189.51,3229.41,3179.68,3221.86,106535.02
2025-01-30 12:00:00+00:00,3221.86,3281.0,3208.15,3254.53,284054.07
2025-01-30 16:00:00+00:00,3254.53,3282.88,3247.65,3270.59,119205.62
2025-01-30 20:00:00+00:00,3270.59,3272.36,3226.07,3246.19,115210.54
2025-01-31 00:00:00+00:00,3246.19,3279.56,3219.11,3229.6,149627.02
2025-01-31 04:00:00+00:00,3229.6,3276.64,3212.11,3240.52,125928.0
2025-01-31 08:00:00+00:00,3240.52,3338.89,3232.6,3334.8,227215.91
2025-01-31 12:00:00+00:00,3334.8,3427.48,3324.5,3426.56,396602.71
2025-01-31 16:00:00+00:00,3426.56,3437.11,3292.5,3337.79,554533.29
2025-01-31 20:00:00+00:00,3337.79,3337.79,3276.63,3299.52,316255.12
2025-02-01 00:00:00+00:00,3299.52,3331.12,3281.23,3290.7,131539.95
2025-02-01 04:00:00+00:00,3290.7,3305.86,3270.65,3278.57,98188.79
2025-02-01 08:00:00+00:00,3278.57,3284.99,3222.15,3250.0,229996.32
2025-02-01 12:00:00+00:00,3250.0,3271.79,3226.21,3249.58,132391.78
2025-02-01 16:00:00+00:00,3249.58,3266.18,3175.83,3195.1,227339.14
2025-02-01 20:00:00+00:00,3195.1,3195.11,3099.16,3115.36,313086.73
2025-02-02 00:00:00+00:00,3115.36,3161.93,3066.45,3075.72,226651.93
2025-02-02 04:00:00+00:00,3075.72,3137.11,3072.16,3099.71,170721.53
2025-02-02 08:00:00+00:00,3099.71,3122.47,3050.01,3063.31,197502.23
2025-02-02 12:00:00+00:00,3063.31,3100.66,3047.34,3079.49,155857.14
2025-02-02 16:00:00+00:00,3079.49,3080.69,2892.3,2957.38,770117.25
2025-02-02 20:00:00+00:00,2957.38,2985.7,2740.67,2868.61,752909.86
2025-02-03 00:00:00+00:00,2868.61,2871.84,2079.0,2525.55,2680196.74
2025-02-03 04:00:00+00:00,2525.55,2630.71,2445.45,2620.01,548163.17
2025-02-03 08:00:00+00:00,2620.01,2620.02,2523.14,2579.5,542759.51
2025-02-03 12:00:00+00:00,2579.5,2726.41,2526.74,2698.92,1063883.19
2025-02-03 16:00:00+00:00,2698.92,2769.25,2664.87,2762.72,535238.61
2025-02-03 20:00:00+00:00,2762.72,2921.18,2693.9,2878.06,677742.22
2025-02-04 00:00:00+00:00,2878.06,2887.45,2790.89,2809.84,220950.08
2025-02-04 04:00:00+00:00,2809.84,2836.0,2659.87,2702.49,564377.68
2025-02-04 08:00:00+00:00,2702.49,2789.16,2675.27,2756.99,338498.42
2025-02-04 12:00:00+00:00,2756.99,2844.37,2728.3,2775.94,607672.82
2025-02-04 16:00:00+00:00,2775.94,2868.6,2763.04,2769.17,446700.94
2025-02-04 20:00:00+00:00,2769.17,2793.34,2629.62,2730.0,654630.49
2025-02-05 00:00:00+00:00,2730.0,2767.46,2697.0,2718.85,313734.92
2025-02-05 04:00:00+00:00,2718.85,2786.7,2707.12,2758.52,268588.21
2025-02-05 08:00:00+00:00,2758.52,2817.94,2745.01,2799.08,310840.04
2025-02-05 12:00:00+00:00,2799.08,2827.81,2755.54,2772.13,335492.76
2025-02-05 16:00:00+00:00,2772.13,2787.0,2713.45,2774.7,382459.91
2025-02-05 20:00:00+00:00,2774.7,2802.35,2736.92,2787.1,222315.24
2025-02-06 00:00:00+00:00,2787.1,2818.54,2753.45,2805.15,160003.53
2025-02-06 04:00:00+00:00,2805.15,2855.0,2804.2,2830.46,136983.0
2025-02-06 08:00:00+00:00,2830.46,2857.1,2791.66,2802.29,175616.88
2025-02-06 12:00:00+00:00,2802.29,2806.9,2680.66,2704.27,483717.78
2025-02-06 16:00:00+00:00,2704.27,2725.5,2670.83,2688.47,330693.89
2025-02-06 20:00:00+00:00,2688.47,2724.75,2651.74,2685.3,219538.34
2025-02-07 00:00:00+00:00,2685.3,2738.48,2677.0,2714.52,168457.97
2025-02-07 04:00:00+00:00,2714.52,2729.55,2666.66,2711.92,142274.42
2025-02-07 08:00:00+00:00,2711.92,2763.78,2703.34,2761.6,122793.32
2025-02-07 12:00:00+00:00,2761.6,2797.04,2708.1,2720.13,499142.85
2025-02-07 16:00:00+00:00,2720.13,2726.34,2654.01,2657.79,310484.54
2025-02-07 20:00:00+00:00,2657.79,2660.39,2559.81,2620.47,424678.9
2025-02-08 00:00:00+00:00,2620.47,2667.03,2613.63,2640.29,195625.86
2025-02-08 04:00:00+00:00,2640.29,2647.96,2592.61,2628.49,143493.08
2025-02-08 08:00:00+00:00,2628.49,2631.35,2600.12,2612.0,105574.55
2025-02-08 12:00:00+00:00,2612.0,2635.75,2587.11,2603.82,122389.15
2025-02-08 16:00:00+00:00,2603.82,2648.92,2588.38,2636.52,116283.86
2025-02-08 20:00:00+00:00,2636.52,2644.78,2622.57,2631.25,46486.36
2025-02-09 00:00:00+00:00,2631.25,2698.55,2625.54,2677.25,137088.42
2025-02-09 04:00:00+00:00,2677.25,2677.49,2647.51,2661.44,65103.31
2025-02-09 08:00:00+00:00,2661.44,2672.5,2649.6,2653.7,55705.73
2025-02-09 12:00:00+00:00,2653.7,2660.76,2609.46,2651.79,146493.17
2025-02-09 16:00:00+00:00,2651.79,2665.52,2615.3,2622.79,87414.44
2025-02-09 20:00:00+00:00,2622.79,2648.42,2518.0,2626.18,493790.98
2025-02-10 00:00:00+00:00,2626.18,2657.91,2558.14,2624.69,316453.81
2025-02-10 04:00:00+00:00,2624.69,2659.8,2617.16,2636.18,110916.41
2025-02-10 08:00:00+00:00,2636.18,2661.65,2633.68,2652.25,106303.92
2025-02-10 12:00:00+00:00,2652.25,2683.49,2629.54,2657.49,236958.9
2025-02-10 16:00:00+00:00,2657.49,2692.95,2648.81,2671.23,140350.94
2025-02-10 20:00:00+00:00,2671.23,2685.48,2650.03,2660.12,76822.91
2025-02-11 00:00:00+00:00,2660.12,2724.68,2659.36,2677.79,231426.42
2025-02-11 04:00:00+00:00,2677.79,2724.04,2674.96,2710.46,117794.2
2025-02-11 08:00:00+00:00,2710.46,2720.21,2690.37,2707.62,97221.3
2025-02-11 12:00:00+00:00,2707.62,2709.32,2625.0,2661.48,245353.99
2025-02-11 16:00:00+00:00,2661.48,2670.41,2581.28,2588.7,268689.3
2025-02-11 20:00:00+00:00,2588.7,2630.0,2555.86,2601.17,229264.05
2025-02-12 00:00:00+00:00,2601.17,2623.52,2567.4,2585.55,124558.19
2025-02-12 04:00:00+00:00,2585.55,2622.88,2575.69,2617.2,101381.97
2025-02-12 08:00:00+00:00,2617.2,2638.8,2608.97,2625.81,103006.65
2025-02-12 12:00:00+00:00,2625.81,2664.28,2545.01,2605.75,652706.08
2025-02-12 16:00:00+00:00,2605.75,2683.88,2582.0,2677.49,305602.25
2025-02-12 20:00:00+00:00,2677.49,2796.09,2668.46,2737.59,437521.46
2025-02-13 00:00:00+00:00,2737.59,2757.62,2714.73,2743.54,131950.11
2025-02-13 04:00:00+00:00,2743.54,2745.0,2670.85,2679.99,166789.93
2025-02-13 08:00:00+00:00,2679.99,2687.76,2648.35,2654.85,195079.53
2025-02-13 12:00:00+00:00,2654.85,2677.08,2611.0,2646.59,451072.6
2025-02-13 16:00:00+00:00,2646.59,2660.66,2611.43,2639.64,170542.49
2025-02-13 20:00:00+00:00,2639.64,2678.92,2639.03,2674.54,94114.79
2025-02-14 00:00:00+00:00,2674.54,2721.0,2663.01,2714.46,127341.0
2025-02-14 04:00:00+00:00,2714.46,2716.02,2687.78,2697.86,80627.99
2025-02-14 08:00:00+00:00,2697.86,2715.97,2680.6,2683.86,121498.32
2025-02-14 12:00:00+00:00,2683.86,2747.0,2675.96,2733.51,239888.07
2025-02-14 16:00:00+00:00,2733.51,2791.47,2707.99,2736.96,289075.8
2025-02-14 20:00:00+00:00,2736.96,2750.82,2704.23,2724.37,171518.51
2025-02-15 00:00:00+00:00,2724.37,2738.1,2702.28,2723.2,74972.4
2025-02-15 04:00:00+00:00,2723.2,2732.55,2692.12,2696.0,84217.81
2025-02-15 08:00:00+00:00,2696.0,2713.78,2693.99,2707.18,65537.15
2025-02-15 12:00:00+00:00,2707.18,2713.0,2657.0,2689.91,142386.51
2025-02-15 16:00:00+00:00,2689.91,2707.01,2677.47,2690.55,69695.92
2025-02-15 20:00:00+00:00,2690.55,2703.57,2677.51,2691.67,63236.09
2025-02-16 00:00:00+00:00,2691.67,2704.82,2685.89,2697.99,45765.19
2025-02-16 04:00:00+00:00,2697.99,2726.65,2688.56,2694.25,84074.46
2025-02-16 08:00:00+00:00,2694.25,2712.19,2687.37,2710.07,67488.78
2025-02-16 12:00:00+00:00,2710.07,2711.67,2675.2,2692.92,105651.1
2025-02-16 16:00:00+00:00,2692.92,2702.34,2657.69,2682.23,105593.37
2025-02-16 20:00:00+00:00,2682.23,2688.48,2650.14,2659.95,111092.6
2025-02-17 00:00:00+00:00,2659.95,2682.78,2656.12,2670.5,77300.01
2025-02-17 04:00:00+00:00,2670.5,2694.59,2636.22,2680.49,153472.86
2025-02-17 08:00:00+00:00,2680.49,2774.25,2675.1,2754.4,300592.56
2025-02-17 12:00:00+00:00,2754.4,2849.0,2745.0,2754.56,518935.7
2025-02-17 16:00:00+00:00,2754.56,2764.72,2685.36,2716.32,397616.27
2025-02-17 20:00:00+00:00,2716.32,2777.75,2715.01,2742.89,160725.23
2025-02-18 00:00:00+00:00,2742.89,2756.31,2705.3,2710.25,159415.01
2025-02-18 04:00:00+00:00,2710.25,2716.53,2650.02,2671.25,264650.06
2025-02-18 08:00:00+00:00,2671.25,2705.4,2651.62,2678.02,153002.63
2025-02-18 12:00:00+00:00,2678.02,2732.75,2655.92,2672.17,310392.47
2025-02-18 16:00:00+00:00,2672.17,2683.79,2601.51,2628.72,439091.88
2025-02-18 20:00:00+00:00,2628.72,2671.39,2616.61,2670.77,152754.89
2025-02-19 00:00:00+00:00,2670.77,2699.41,2654.29,2692.74,111424.63
2025-02-19 04:00:00+00:00,2692.74,2716.33,2663.19,2707.07,170690.2
2025-02-19 08:00:00+00:00,2707.07,2735.96,2703.28,2726.2,177697.96
2025-02-19 12:00:00+00:00,2726.2,2730.0,2675.54,2695.69,223366.87
2025-02-19 16:00:00+00:00,2695.69,2723.71,2692.95,2710.83,130777.83
2025-02-19 20:00:00+00:00,2710.83,2733.92,2702.98,2713.98,98300.52
2025-02-20 00:00:00+00:00,2713.98,2750.87,2707.8,2740.49,121234.34
2025-02-20 04:00:00+00:00,2740.49,2757.6,2720.83,2729.01,104813.85
2025-02-20 08:00:00+00:00,2729.01,2745.94,2723.93,2739.56,88553.77
2025-02-20 12:00:00+00:00,2739.56,2769.73,2705.01,2710.78,265437.55
2025-02-20 16:00:00+00:00,2710.78,2767.81,2705.33,2746.51,191836.8
2025-02-20 20:00:00+00:00,2746.51,2760.47,2720.13,2736.79,95528.51
2025-02-21 00:00:00+00:00,2736.79,2748.35,2724.04,2743.03,75408.47
2025-02-21 04:00:00+00:00,2743.03,2769.24,2743.02,2755.09,80328.93
2025-02-21 08:00:00+00:00,2755.09,2830.59,2746.5,2787.11,318072.66
2025-02-21 12:00:00+00:00,2787.11,2844.95,2672.0,2722.29,840428.86
2025-02-21 16:00:00+00:00,2722.29,2769.99,2623.49,2638.68,654147.71
2025-02-21 20:00:00+00:00,2638.68,2665.0,2616.76,2663.96,209953.03
2025-02-22 00:00:00+00:00,2663.96,2691.76,2653.91,2676.0,106293.9
2025-02-22 04:00:00+00:00,2676.0,2698.09,2673.14,2685.46,77381.17
2025-02-22 08:00:00+00:00,2685.46,2757.84,2677.5,2734.9,205169.15
2025-02-22 12:00:00+00:00,2734.9,2787.75,2723.22,2777.46,158465.5
2025-02-22 16:00:00+00:00,2777.46,2800.42,2756.82,2771.7,207781.19
2025-02-22 20:00:00+00:00,2771.7,2779.6,2759.73,2764.75,59081.97
2025-02-23 00:00:00+00:00,2764.75,2777.98,2746.0,2753.81,88084.9
2025-02-23 04:00:00+00:00,2753.81,2830.0,2747.3,2826.19,180019.56
2025-02-23 08:00:00+00:00,2826.19,2833.0,2783.61,2798.91,155796.74
2025-02-23 12:00:00+00:00,2798.91,2827.92,2772.7,2783.28,239408.61
2025-02-23 16:00:00+00:00,2783.28,2824.45,2782.32,2807.28,133365.76
2025-02-23 20:00:00+00:00,2807.28,2859.79,2785.01,2819.85,170144.85
2025-02-24 00:00:00+00:00,2819.85,2841.03,2710.16,2716.8,290536.99
2025-02-24 04:00:00+00:00,2716.8,2735.33,2690.57,2721.18,222668.02
2025-02-24 08:00:00+00:00,2721.18,2721.95,2661.57,2689.0,303892.34
2025-02-24 12:00:00+00:00,2689.0,2695.97,2633.02,2658.09,331509.83
2025-02-24 16:00:00+00:00,2658.09,2683.0,2620.67,2639.94,219411.81
2025-02-24 20:00:00+00:00,2639.94,2662.76,2464.11,2512.18,587275.21
2025-02-25 00:00:00+00:00,2512.18,2529.45,2455.19,2493.93,422622.38
2025-02-25 04:00:00+00:00,2493.93,2511.8,2309.81,2365.81,702361.33
2025-02-25 08:00:00+00:00,2365.81,2439.76,2355.46,2433.38,497833.0
2025-02-25 12:00:00+00:00,2433.38,2449.56,2360.34,2409.33,446439.29
2025-02-25 16:00:00+00:00,2409.33,2473.7,2382.59,2471.39,295729.18
2025-02-25 20:00:00+00:00,2471.39,2534.48,2457.01,2495.48,252116.44
2025-02-26 00:00:00+00:00,2495.48,2508.0,2471.59,2490.78,136974.83
2025-02-26 04:00:00+00:00,2490.78,2506.47,2474.83,2483.2,113200.14
2025-02-26 08:00:00+00:00,2483.2,2495.26,2456.66,2464.24,148394.91
2025-02-26 12:00:00+00:00,2464.24,2466.49,2367.38,2427.29,536386.8
2025-02-26 16:00:00+00:00,2427.29,2432.92,2261.81,2294.61,733605.29
2025-02-26 20:00:00+00:00,2294.61,2382.72,2251.01,2334.78,482139.56
2025-02-27 00:00:00+00:00,2334.78,2369.48,2313.38,2330.72,193345.35
2025-02-27 04:00:00+00:00,2330.72,2372.73,2301.42,2355.34,186903.58
2025-02-27 08:00:00+00:00,2355.34,2381.44,2342.02,2352.69,158092.15
2025-02-27 12:00:00+00:00,2352.69,2361.51,2288.81,2322.05,295041.98
2025-02-27 16:00:00+00:00,2322.05,2336.41,2276.8,2290.81,220708.09
2025-02-27 20:00:00+00:00,2290.81,2310.69,2228.66,2306.38,329108.66
2025-02-28 00:00:00+00:00,2306.38,2313.12,2120.0,2145.6,778418.79
2025-02-28 04:00:00+00:00,2145.6,2154.27,2071.87,2105.01,652558.46
2025-02-28 08:00:00+00:00,2105.01,2151.13,2075.0,2124.02,339261.66
2025-02-28 12:00:00+00:00,2124.02,2228.24,2103.55,2222.22,424217.86
2025-02-28 16:00:00+00:00,2222.22,2254.92,2191.73,2229.12,267279.77
2025-02-28 20:00:00+00:00,2229.12,2238.7,2197.38,2236.39,117687.09
2025-03-01 00:00:00+00:00,2236.39,2274.67,2212.01,2261.52,140962.28
2025-03-01 04:00:00+00:00,2261.52,2279.97,2223.14,2227.98,168227.68
2025-03-01 08:00:00+00:00,2227.98,2238.86,2169.41,2183.1,205046.27
2025-03-01 12:00:00+00:00,2183.1,2186.87,2141.52,2172.4,234634.81
2025-03-01 16:00:00+00:00,2172.4,2234.21,2168.04,2222.18,203755.89
2025-03-01 20:00:00+00:00,2222.18,2235.68,2189.94,2216.56,141106.5
2025-03-02 00:00:00+00:00,2216.56,2229.73,2200.0,2218.85,114759.88
2025-03-02 04:00:00+00:00,2218.85,2234.44,2216.48,2220.51,86333.19
2025-03-02 08:00:00+00:00,2220.51,2260.51,2207.19,2237.85,155022.22
2025-03-02 12:00:00+00:00,2237.85,2291.7,2171.17,2229.19,518186.86
2025-03-02 16:00:00+00:00,2229.19,2519.87,2211.64,2486.72,1394302.89
2025-03-02 20:00:00+00:00,2486.72,2552.83,2480.06,2518.56,309602.89
2025-03-03 00:00:00+00:00,2518.56,2524.4,2418.28,2441.0,260936.32
2025-03-03 04:00:00+00:00,2441.0,2457.6,2352.36,2386.44,308170.27
2025-03-03 08:00:00+00:00,2386.44,2387.51,2321.01,2355.84,244099.74
2025-03-03 12:00:00+00:00,2355.84,2388.86,2265.07,2286.91,489987.96
2025-03-03 16:00:00+00:00,2286.91,2296.71,2094.11,2107.71,750254.78
2025-03-03 20:00:00+00:00,2107.71,2172.63,2095.32,2147.78,351902.58
2025-03-04 00:00:00+00:00,2147.78,2166.16,2000.96,2074.07,643108.52
2025-03-04 04:00:00+00:00,2074.07,2121.86,2066.76,2079.69,281971.36
2025-03-04 08:00:00+00:00,2079.69,2117.84,2070.0,2100.43,203335.43
2025-03-04 12:00:00+00:00,2100.43,2158.2,2023.6,2073.4,694930.43
2025-03-04 16:00:00+00:00,2073.4,2174.0,1987.5,2171.44,638954.72
2025-03-04 20:00:00+00:00,2171.44,2221.57,2125.66,2170.7,371881.37
2025-03-05 00:00:00+00:00,2170.7,2192.93,2154.04,2159.99,176019.62
2025-03-05 04:00:00+00:00,2159.99,2212.25,2157.21,2205.9,113594.72
2025-03-05 08:00:00+00:00,2205.9,2273.0,2203.5,2217.02,298115.86
2025-03-05 12:00:00+00:00,2217.02,2232.57,2165.0,2185.46,367762.54
2025-03-05 16:00:00+00:00,2185.46,2222.31,2160.04,2218.06,271034.72
2025-03-05 20:00:00+00:00,2218.06,2252.96,2213.15,2240.83,146907.38
2025-03-06 00:00:00+00:00,2240.83,2295.93,2232.87,2289.31,192313.5
2025-03-06 04:00:00+00:00,2289.31,2319.74,2274.6,2285.18,150839.29
2025-03-06 08:00:00+00:00,2285.18,2305.49,2275.38,2296.7,115830.65
2025-03-06 12:00:00+00:00,2296.7,2297.84,2206.31,2256.43,345788.47
2025-03-06 16:00:00+00:00,2256.43,2264.79,2175.13,2196.73,252950.9
2025-03-06 20:00:00+00:00,2196.73,2228.45,2189.82,2200.89,161820.41
2025-03-07 00:00:00+00:00,2200.89,2226.37,2100.5,2146.57,512635.21
2025-03-07 04:00:00+00:00,2146.57,2192.68,2143.28,2191.27,106708.96
2025-03-07 08:00:00+00:00,2191.27,2210.06,2175.47,2196.4,98967.92
2025-03-07 12:00:00+00:00,2196.4,2257.22,2163.91,2208.36,480151.48
2025-03-07 16:00:00+00:00,2208.36,2214.36,2139.14,2176.75,343930.93
2025-03-07 20:00:00+00:00,2176.75,2186.32,2112.25,2140.52,295846.57
2025-03-08 00:00:00+00:00,2140.52,2154.8,2102.97,2136.98,111450.13
2025-03-08 04:00:00+00:00,2136.98,2152.2,2130.21,2136.52,61064.78
2025-03-08 08:00:00+00:00,2136.52,2142.58,2125.25,2140.6,76804.66
2025-03-08 12:00:00+00:00,2140.6,2197.92,2136.42,2180.36,200932.12
2025-03-08 16:00:00+00:00,2180.36,2233.96,2159.5,2223.58,234843.69
2025-03-08 20:00:00+00:00,2223.58,2224.91,2191.84,2202.68,111425.26
2025-03-09 00:00:00+00:00,2202.68,2211.0,2174.32,2184.27,73701.52
2025-03-09 04:00:00+00:00,2184.27,2196.28,2170.45,2184.02,61554.13
2025-03-09 08:00:00+00:00,2184.02,2186.77,2126.9,2145.23,159217.14
2025-03-09 12:00:00+00:00,2145.23,2145.35,2082.88,2096.01,287343.69
2025-03-09 16:00:00+00:00,2096.01,2108.17,1995.76,2038.64,571175.35
2025-03-09 20:00:00+00:00,2038.64,2054.97,1988.0,2019.23,255309.63
2025-03-10 00:00:00+00:00,2019.23,2069.14,1992.65,2056.5,217487.47
2025-03-10 04:00:00+00:00,2056.5,2078.69,2053.4,2074.11,105689.74
2025-03-10 08:00:00+00:00,2074.11,2151.48,2046.14,2126.91,465391.55
2025-03-10 12:00:00+00:00,2126.91,2134.65,1995.0,2016.38,625984.52
2025-03-10 16:00:00+00:00,2016.38,2023.73,1808.33,1868.77,1351081.32
2025-03-10 20:00:00+00:00,1868.77,1903.18,1841.78,1864.17,386608.04
2025-03-11 00:00:00+00:00,1864.17,1889.52,1751.48,1849.03,838943.31
2025-03-11 04:00:00+00:00,1849.03,1913.48,1844.42,1903.03,294409.95
2025-03-11 08:00:00+00:00,1903.03,1928.59,1898.4,1913.21,238453.05
2025-03-11 12:00:00+00:00,1913.21,1963.22,1839.13,1914.06,1125501.46
2025-03-11 16:00:00+00:00,1914.06,1962.8,1885.23,1950.63,463837.55
2025-03-11 20:00:00+00:00,1950.63,1954.24,1915.71,1922.36,143727.99
2025-03-12 00:00:00+00:00,1922.36,1931.56,1865.78,1867.49,235171.48
2025-03-12 04:00:00+00:00,1867.49,1916.41,1850.56,1910.79,331758.66
2025-03-12 08:00:00+00:00,1910.79,1955.81,1869.57,1915.99,677349.72
2025-03-12 12:00:00+00:00,1915.99,1947.49,1828.0,1868.89,760793.74
2025-03-12 16:00:00+00:00,1868.89,1893.89,1861.89,1877.17,316365.31
2025-03-12 20:00:00+00:00,1877.17,1915.14,1872.32,1907.24,176007.06
2025-03-13 00:00:00+00:00,1907.24,1916.62,1881.3,1886.29,133965.24
2025-03-13 04:00:00+00:00,1886.29,1890.93,1857.08,1871.31,177004.74
2025-03-13 08:00:00+00:00,1871.31,1904.71,1852.18,1899.5,346822.63
2025-03-13 12:00:00+00:00,1899.5,1923.3,1863.4,1874.51,465857.47
2025-03-13 16:00:00+00:00,1874.51,1877.15,1820.33,1851.19,342778.95
2025-03-13 20:00:00+00:00,1851.19,1883.0,1838.53,1863.89,169953.85
2025-03-14 00:00:00+00:00,1863.89,1894.2,1860.5,1888.83,102071.03
2025-03-14 04:00:00+00:00,1888.83,1905.11,1886.98,1892.75,92027.45
2025-03-14 08:00:00+00:00,1892.75,1908.54,1888.28,1901.5,122960.37
2025-03-14 12:00:00+00:00,1901.5,1941.84,1875.22,1920.78,414478.56
2025-03-14 16:00:00+00:00,1920.78,1944.94,1912.7,1933.13,194259.09
2025-03-14 20:00:00+00:00,1933.13,1934.0,1907.12,1910.52,127814.43
2025-03-15 00:00:00+00:00,1910.52,1922.0,1902.7,1919.74,67488.46
2025-03-15 04:00:00+00:00,1919.74,1934.4,1913.76,1917.0,80639.24
2025-03-15 08:00:00+00:00,1917.0,1931.27,1911.83,1928.01,70090.2
2025-03-15 12:00:00+00:00,1928.01,1938.62,1921.76,1936.69,71664.73
2025-03-15 16:00:00+00:00,1936.69,1947.56,1927.9,1936.33,102175.12
2025-03-15 20:00:00+00:00,1936.33,1956.94,1935.34,1936.32,90427.35
2025-03-16 00:00:00+00:00,1936.32,1940.0,1915.33,1926.43,96010.05
2025-03-16 04:00:00+00:00,1926.43,1932.9,1920.54,1925.09,49941.5
2025-03-16 08:00:00+00:00,1925.09,1926.06,1865.35,1872.58,237888.59
2025-03-16 12:00:00+00:00,1872.58,1897.74,1872.27,1894.19,155183.22
2025-03-16 16:00:00+00:00,1894.19,1923.85,1858.13,1881.58,269342.97
2025-03-16 20:00:00+00:00,1881.58,1897.68,1868.69,1885.76,117614.03
2025-03-17 00:00:00+00:00,1885.76,1914.87,1885.23,1908.21,112549.58
2025-03-17 04:00:00+00:00,1908.21,1912.29,1878.53,1899.92,101458.94
2025-03-17 08:00:00+00:00,1899.92,1917.7,1891.71,1909.8,93998.14
2025-03-17 12:00:00+00:00,1909.8,1943.78,1885.84,1918.49,359891.17
2025-03-17 16:00:00+00:00,1918.49,1951.7,1906.72,1941.02,197203.99
2025-03-17 20:00:00+00:00,1941.02,1948.6,1920.57,1925.18,108178.43
2025-03-18 00:00:00+00:00,1925.18,1929.4,1896.0,1900.01,140842.18
2025-03-18 04:00:00+00:00,1900.01,1909.44,1892.5,1903.72,101488.79
2025-03-18 08:00:00+00:00,1903.72,1912.28,1883.96,1891.28,119182.21
2025-03-18 12:00:00+00:00,1891.28,1902.36,1870.9,1879.97,246568.67
2025-03-18 16:00:00+00:00,1879.97,1907.51,1872.17,1903.3,178805.52
2025-03-18 20:00:00+00:00,1903.3,1935.72,1897.13,1930.82,131303.25
2025-03-19 00:00:00+00:00,1930.82,1948.79,1926.87,1937.72,129096.47
2025-03-19 04:00:00+00:00,1937.72,1942.5,1929.46,1931.21,87404.17
2025-03-19 08:00:00+00:00,1931.21,2033.58,1930.72,2027.19,505951.62
2025-03-19 12:00:00+00:00,2027.19,2056.4,1993.87,2047.92,477559.31
2025-03-19 16:00:00+00:00,2047.92,2066.59,1995.69,2030.01,489836.99
2025-03-19 20:00:00+00:00,2030.01,2069.36,2027.28,2055.34,173930.23
2025-03-20 00:00:00+00:00,2055.34,2067.32,2019.0,2021.58,144971.03
2025-03-20 04:00:00+00:00,2021.58,2024.48,2003.49,2006.4,125730.35
2025-03-20 08:00:00+00:00,2006.4,2020.58,1970.52,1987.92,293626.04
2025-03-20 12:00:00+00:00,1987.92,2009.68,1964.19,1971.12,315042.2
2025-03-20 16:00:00+00:00,1971.12,1979.3,1951.1,1974.07,237892.52
2025-03-20 20:00:00+00:00,1974.07,1984.25,1970.29,1982.82,76944.96
2025-03-21 00:00:00+00:00,1982.82,1995.83,1971.91,1977.04,107678.06
2025-03-21 04:00:00+00:00,1977.04,1989.0,1965.27,1975.98,97215.48
2025-03-21 08:00:00+00:00,1975.98,1981.88,1955.4,1966.21,136031.52
2025-03-21 12:00:00+00:00,1966.21,1973.4,1935.28,1949.69,285056.73
2025-03-21 16:00:00+00:00,1949.69,1977.14,1945.06,1973.04,142736.13
2025-03-21 20:00:00+00:00,1973.04,1982.97,1961.43,1965.08,87053.31
2025-03-22 00:00:00+00:00,1965.08,1986.55,1963.57,1985.3,77271.05
2025-03-22 04:00:00+00:00,1985.3,1992.32,1982.3,1983.25,51931.46
2025-03-22 08:00:00+00:00,1983.25,2005.6,1980.56,1989.44,135809.85
2025-03-22 12:00:00+00:00,1989.44,1997.24,1980.2,1985.6,79262.15
2025-03-22 16:00:00+00:00,1985.6,1999.33,1981.39,1994.81,71497.57
2025-03-22 20:00:00+00:00,1994.81,2003.41,1973.7,1979.56,86913.0
2025-03-23 00:00:00+00:00,1979.56,2007.9,1975.5,2007.27,78560.82
2025-03-23 04:00:00+00:00,2007.27,2019.52,1991.23,2007.15,99231.84
2025-03-23 08:00:00+00:00,2007.15,2019.99,2001.32,2007.06,109095.4
2025-03-23 12:00:00+00:00,2007.06,2019.59,2001.29,2006.15,118915.83
2025-03-23 16:00:00+00:00,2006.15,2007.31,1985.88,1995.46,108922.64
2025-03-23 20:00:00+00:00,1995.46,2005.92,1979.34,2005.0,122177.2
2025-03-24 00:00:00+00:00,2005.0,2020.99,1976.4,2013.79,232504.04
2025-03-24 04:00:00+00:00,2013.79,2079.37,2013.57,2068.8,369827.89
2025-03-24 08:00:00+00:00,2068.8,2104.42,2068.22,2092.15,250550.18
2025-03-24 12:00:00+00:00,2092.15,2102.16,2072.8,2088.77,269602.0
2025-03-24 16:00:00+00:00,2088.77,2100.56,2066.4,2087.65,207670.56
2025-03-24 20:00:00+00:00,2087.65,2094.54,2067.1,2080.09,116056.84
2025-03-25 00:00:00+00:00,2080.09,2097.31,2040.26,2041.96,257180.46
2025-03-25 04:00:00+00:00,2041.96,2066.0,2035.68,2054.89,154717.26
2025-03-25 08:00:00+00:00,2054.89,2074.38,2052.62,2067.31,127211.74
2025-03-25 12:00:00+00:00,2067.31,2080.82,2050.55,2066.52,264106.58
2025-03-25 16:00:00+00:00,2066.52,2082.89,2055.4,2074.67,148763.67
2025-03-25 20:00:00+00:00,2074.67,2082.58,2052.3,2065.31,140355.95
2025-03-26 00:00:00+00:00,2065.31,2077.74,2041.32,2048.11,123070.04
2025-03-26 04:00:00+00:00,2048.11,2071.1,2046.42,2068.61,125061.82
2025-03-26 08:00:00+00:00,2068.61,2075.0,2056.45,2067.9,98001.96
2025-03-26 12:00:00+00:00,2067.9,2069.9,2005.01,2010.97,440454.74
2025-03-26 16:00:00+00:00,2010.97,2021.0,1980.01,1998.9,293565.3
2025-03-26 20:00:00+00:00,1998.9,2017.7,1991.0,2008.68,179797.26
2025-03-27 00:00:00+00:00,2008.68,2036.75,2006.2,2030.46,139507.74
2025-03-27 04:00:00+00:00,2030.46,2032.2,2020.31,2025.05,71748.42
2025-03-27 08:00:00+00:00,2025.05,2035.26,2011.2,2015.21,148479.02
2025-03-27 12:00:00+00:00,2015.21,2025.23,1985.71,2004.31,337301.02
2025-03-27 16:00:00+00:00,2004.31,2014.14,1992.38,2002.96,134204.97
2025-03-27 20:00:00+00:00,2002.96,2020.13,1998.2,2002.81,99795.89
2025-03-28 00:00:00+00:00,2002.81,2015.3,1990.23,1998.97,145577.35
2025-03-28 04:00:00+00:00,1998.97,2003.7,1901.0,1908.91,599774.88
2025-03-28 08:00:00+00:00,1908.91,1924.3,1855.57,1899.56,369884.3
2025-03-28 12:00:00+00:00,1899.56,1903.77,1870.55,1871.41,372401.37
2025-03-28 16:00:00+00:00,1871.41,1886.32,1860.53,1873.19,192309.98
2025-03-28 20:00:00+00:00,1873.19,1901.0,1872.71,1895.99,138314.52
2025-03-29 00:00:00+00:00,1895.99,1913.4,1885.15,1899.19,130359.08
2025-03-29 04:00:00+00:00,1899.19,1904.41,1874.38,1879.4,98048.52
2025-03-29 08:00:00+00:00,1879.4,1886.71,1832.38,1843.6,318748.82
2025-03-29 12:00:00+00:00,1843.6,1863.28,1832.66,1839.35,177855.5
2025-03-29 16:00:00+00:00,1839.35,1847.03,1796.02,1826.91,423055.48
2025-03-29 20:00:00+00:00,1826.91,1829.88,1810.32,1827.57,106543.35
2025-03-30 00:00:00+00:00,1827.57,1843.51,1811.28,1833.14,134228.18
2025-03-30 04:00:00+00:00,1833.14,1845.84,1831.56,1836.55,75161.43
2025-03-30 08:00:00+00:00,1836.55,1848.98,1825.54,1832.17,112801.47
2025-03-30 12:00:00+00:00,1832.17,1839.43,1788.0,1812.79,271432.76
2025-03-30 16:00:00+00:00,1812.79,1834.29,1784.01,1813.53,288997.76
2025-03-30 20:00:00+00:00,1813.53,1820.87,1766.06,1807.0,269036.8
2025-03-31 00:00:00+00:00,1807.0,1822.95,1775.43,1797.48,294652.51
2025-03-31 04:00:00+00:00,1797.48,1813.16,1787.9,1797.98,177344.81
2025-03-31 08:00:00+00:00,1797.98,1819.09,1776.38,1812.61,278740.11
2025-03-31 12:00:00+00:00,1812.61,1853.46,1794.08,1841.39,574924.29
2025-03-31 16:00:00+00:00,1841.39,1846.58,1816.34,1826.96,222850.6
2025-03-31 20:00:00+00:00,1826.96,1834.0,1815.3,1821.68,117290.44
2025-04-01 00:00:00+00:00,1821.68,1842.54,1817.0,1834.19,125839.39
2025-04-01 04:00:00+00:00,1834.19,1867.24,1831.28,1853.25,169032.23
2025-04-01 08:00:00+00:00,1853.25,1891.8,1852.89,1861.3,319858.95
2025-04-01 12:00:00+00:00,1861.3,1927.89,1841.0,1917.93,521744.08
2025-04-01 16:00:00+00:00,1917.93,1923.98,1900.09,1909.15,192724.59
2025-04-01 20:00:00+00:00,1909.15,1922.74,1895.8,1904.2,144160.18
2025-04-02 00:00:00+00:00,1904.2,1907.65,1871.15,1875.21,163807.09
2025-04-02 04:00:00+00:00,1875.21,1882.16,1850.61,1864.08,210563.74
2025-04-02 08:00:00+00:00,1864.08,1887.45,1861.47,1867.71,166522.7
2025-04-02 12:00:00+00:00,1867.71,1918.9,1852.86,1899.99,565105.76
2025-04-02 16:00:00+00:00,1899.99,1915.84,1881.47,1910.76,237842.94
2025-04-02 20:00:00+00:00,1910.76,1956.75,1780.35,1794.27,1034221.54
2025-04-03 00:00:00+00:00,1794.27,1834.09,1788.0,1823.64,245420.8
2025-04-03 04:00:00+00:00,1823.64,1844.51,1805.7,1814.5,176199.01
2025-04-03 08:00:00+00:00,1814.5,1823.49,1786.05,1794.21,190685.67
2025-04-03 12:00:00+00:00,1794.21,1799.92,1747.44,1781.71,583150.38
2025-04-03 16:00:00+00:00,1781.71,1798.4,1766.4,1786.34,182725.78
2025-04-03 20:00:00+00:00,1786.34,1821.43,1778.77,1816.29,155719.42
2025-04-04 00:00:00+00:00,1816.29,1822.65,1770.45,1791.92,184513.21
2025-04-04 04:00:00+00:00,1791.92,1821.0,1783.05,1816.8,141322.67
2025-04-04 08:00:00+00:00,1816.8,1835.0,1757.39,1783.0,465384.33
2025-04-04 12:00:00+00:00,1783.0,1820.28,1768.03,1794.21,600032.28
2025-04-04 16:00:00+00:00,1794.21,1828.64,1782.01,1809.46,304323.18
2025-04-04 20:00:00+00:00,1809.46,1827.17,1806.69,1816.08,98995.7
2025-04-05 00:00:00+00:00,1816.08,1827.08,1808.33,1809.28,70923.82
2025-04-05 04:00:00+00:00,1809.28,1815.12,1803.22,1812.3,69798.21
2025-04-05 08:00:00+00:00,1812.3,1821.5,1805.74,1806.66,90464.17
2025-04-05 12:00:00+00:00,1806.66,1807.56,1777.01,1781.0,213356.81
2025-04-05 16:00:00+00:00,1781.0,1794.9,1778.66,1781.12,93957.29
2025-04-05 20:00:00+00:00,1781.12,1809.65,1762.71,1804.99,165250.39
2025-04-06 00:00:00+00:00,1804.99,1816.68,1801.09,1809.17,108844.05
2025-04-06 04:00:00+00:00,1809.17,1812.92,1790.28,1796.99,80628.45
2025-04-06 08:00:00+00:00,1796.99,1797.47,1782.26,1788.21,87419.06
2025-04-06 12:00:00+00:00,1788.21,1791.23,1735.25,1758.77,342140.31
2025-04-06 16:00:00+00:00,1758.77,1759.19,1600.84,1625.4,1227175.01
2025-04-06 20:00:00+00:00,1625.4,1630.35,1535.83,1579.98,1061334.64
2025-04-07 00:00:00+00:00,1579.98,1613.53,1519.79,1542.8,613029.05
2025-04-07 04:00:00+00:00,1542.8,1560.9,1410.12,1459.66,1257372.55
2025-04-07 08:00:00+00:00,1459.66,1520.89,1454.74,1482.32,745546.98
2025-04-07 12:00:00+00:00,1482.32,1639.91,1477.07,1555.42,1807833.18
2025-04-07 16:00:00+00:00,1555.42,1572.0,1525.06,1544.63,553754.14
2025-04-07 20:00:00+00:00,1544.63,1584.88,1544.14,1552.33,315796.99
2025-04-08 00:00:00+00:00,1552.33,1618.42,1540.38,1584.14,347762.0
2025-04-08 04:00:00+00:00,1584.14,1601.82,1560.58,1569.96,201646.27
2025-04-08 08:00:00+00:00,1569.96,1589.7,1553.6,1587.7,223930.17
2025-04-08 12:00:00+00:00,1587.7,1593.28,1517.09,1530.55,717508.77
2025-04-08 16:00:00+00:00,1530.55,1532.2,1453.25,1465.97,952413.68
2025-04-08 20:00:00+00:00,1465.97,1486.12,1443.85,1472.93,359212.39
2025-04-09 00:00:00+00:00,1472.93,1481.75,1383.76,1417.81,803732.71
2025-04-09 04:00:00+00:00,1417.81,1491.73,1413.75,1482.77,543261.12
2025-04-09 08:00:00+00:00,1482.77,1496.31,1443.62,1454.61,665345.59
2025-04-09 12:00:00+00:00,1454.61,1501.12,1439.4,1484.84,771633.6
2025-04-09 16:00:00+00:00,1484.84,1673.49,1481.46,1639.82,1881455.87
2025-04-09 20:00:00+00:00,1639.82,1688.79,1639.42,1669.16,499235.6
2025-04-10 00:00:00+00:00,1669.16,1669.59,1601.12,1616.43,389030.96
2025-04-10 04:00:00+00:00,1616.43,1625.35,1582.31,1595.13,348239.31
2025-04-10 08:00:00+00:00,1595.13,1606.0,1580.59,1593.87,265763.59
2025-04-10 12:00:00+00:00,1593.87,1626.89,1482.8,1495.4,1299266.94
2025-04-10 16:00:00+00:00,1495.4,1531.76,1471.8,1513.56,709592.9
2025-04-10 20:00:00+00:00,1513.56,1532.81,1512.99,1521.51,174493.37
2025-04-11 00:00:00+00:00,1521.51,1549.93,1503.89,1543.88,281053.72
2025-04-11 04:00:00+00:00,1543.88,1562.24,1540.06,1552.25,214930.7
2025-04-11 08:00:00+00:00,1552.25,1584.67,1537.37,1557.94,513923.58
2025-04-11 12:00:00+00:00,1557.94,1580.96,1540.51,1564.79,597028.84
2025-04-11 16:00:00+00:00,1564.79,1591.76,1555.12,1565.26,374114.98
2025-04-11 20:00:00+00:00,1565.26,1586.58,1557.06,1565.72,188924.03
2025-04-12 00:00:00+00:00,1565.72,1568.93,1544.52,1553.39,159767.12
2025-04-12 04:00:00+00:00,1553.39,1584.68,1549.01,1581.5,203205.76
2025-04-12 08:00:00+00:00,1581.5,1606.14,1580.23,1593.16,233432.23
2025-04-12 12:00:00+00:00,1593.16,1670.19,1589.63,1655.41,798092.38
2025-04-12 16:00:00+00:00,1655.41,1661.93,1627.68,1642.13,405373.68
2025-04-12 20:00:00+00:00,1642.13,1659.77,1640.69,1643.52,225654.2
2025-04-13 00:00:00+00:00,1643.52,1649.53,1605.26,1623.6,324098.16
2025-04-13 04:00:00+00:00,1623.6,1623.89,1595.0,1612.53,268777.39
2025-04-13 08:00:00+00:00,1612.53,1627.45,1591.0,1603.34,241878.33
2025-04-13 12:00:00+00:00,1603.34,1608.35,1564.55,1585.7,387195.96
2025-04-13 16:00:00+00:00,1585.7,1648.08,1559.1,1589.32,792121.59
2025-04-13 20:00:00+00:00,1589.32,1616.0,1571.01,1596.91,408336.82
2025-04-14 00:00:00+00:00,1596.91,1660.26,1594.7,1628.95,446053.4
2025-04-14 04:00:00+00:00,1628.95,1641.72,1612.03,1635.01,195059.56
2025-04-14 08:00:00+00:00,1635.01,1691.65,1628.3,1674.7,437647.14
2025-04-14 12:00:00+00:00,1674.7,1689.6,1617.48,1627.21,794714.33
2025-04-14 16:00:00+00:00,1627.21,1651.19,1613.55,1635.61,376880.89
2025-04-14 20:00:00+00:00,1635.61,1637.48,1603.67,1622.91,189547.68
2025-04-15 00:00:00+00:00,1622.91,1643.17,1613.84,1637.24,195681.4
2025-04-15 04:00:00+00:00,1637.24,1647.9,1631.59,1644.35,141736.07
2025-04-15 08:00:00+00:00,1644.35,1651.27,1621.53,1631.34,209779.21
2025-04-15 12:00:00+00:00,1631.34,1660.47,1599.0,1620.07,752468.86
2025-04-15 16:00:00+00:00,1620.07,1627.45,1595.25,1606.2,314727.33
2025-04-15 20:00:00+00:00,1606.2,1614.09,1581.57,1587.68,272302.95
2025-04-16 00:00:00+00:00,1587.68,1603.65,1575.5,1590.19,186508.77
2025-04-16 04:00:00+00:00,1590.19,1592.89,1549.43,1563.31,444070.67
2025-04-16 08:00:00+00:00,1563.31,1586.0,1555.69,1583.56,255384.26
2025-04-16 12:00:00+00:00,1583.56,1613.68,1565.43,1589.67,487947.85
2025-04-16 16:00:00+00:00,1589.67,1612.0,1535.43,1587.95,864067.67
2025-04-16 20:00:00+00:00,1587.95,1598.16,1568.83,1576.6,192196.91
2025-04-17 00:00:00+00:00,1576.6,1594.65,1573.67,1584.01,143203.15
2025-04-17 04:00:00+00:00,1584.01,1609.96,1580.16,1600.99,191864.69
2025-04-17 08:00:00+00:00,1600.99,1603.73,1587.47,1592.48,128148.62
2025-04-17 12:00:00+00:00,1592.48,1602.85,1562.31,1582.38,348259.33
2025-04-17 16:00:00+00:00,1582.38,1616.0,1575.93,1580.4,589577.56
2025-04-17 20:00:00+00:00,1580.4,1591.2,1578.06,1582.81,173946.98
2025-04-18 00:00:00+00:00,1582.81,1588.8,1576.23,1583.33,90033.78
2025-04-18 04:00:00+00:00,1583.33,1584.65,1572.52,1583.61,120020.86
2025-04-18 08:00:00+00:00,1583.61,1592.28,1581.2,1589.84,100205.34
2025-04-18 12:00:00+00:00,1589.84,1596.7,1577.64,1582.21,225122.95
2025-04-18 16:00:00+00:00,1582.21,1594.5,1580.93,1592.61,102872.87
2025-04-18 20:00:00+00:00,1592.61,1600.73,1586.19,1587.71,94610.1
2025-04-19 00:00:00+00:00,1587.71,1599.52,1584.0,1596.96,121612.38
2025-04-19 04:00:00+00:00,1596.96,1612.68,1594.3,1600.28,160801.97
2025-04-19 08:00:00+00:00,1600.28,1606.01,1592.69,1596.14,83800.84
2025-04-19 12:00:00+00:00,1596.14,1612.0,1594.2,1606.6,130174.68
2025-04-19 16:00:00+00:00,1606.6,1631.35,1597.52,1613.93,207749.82
2025-04-19 20:00:00+00:00,1613.93,1621.73,1610.06,1612.44,67440.34
2025-04-20 00:00:00+00:00,1612.44,1618.56,1607.26,1611.06,68388.16
2025-04-20 04:00:00+00:00,1611.06,1617.37,1583.96,1596.65,159981.58
2025-04-20 08:00:00+00:00,1596.65,1596.77,1564.72,1571.87,308973.82
2025-04-20 12:00:00+00:00,1571.87,1583.34,1570.03,1572.71,139584.03
2025-04-20 16:00:00+00:00,1572.71,1587.2,1570.52,1585.35,61258.49
2025-04-20 20:00:00+00:00,1585.35,1599.84,1573.54,1586.71,209797.05
2025-04-21 00:00:00+00:00,1586.71,1644.98,1585.37,1633.83,451847.39
2025-04-21 04:00:00+00:00,1633.83,1658.33,1630.4,1645.3,222962.56
2025-04-21 08:00:00+00:00,1645.3,1654.5,1616.7,1625.49,246352.6
2025-04-21 12:00:00+00:00,1625.49,1641.58,1607.5,1622.39,457984.39
2025-04-21 16:00:00+00:00,1622.39,1625.42,1562.11,1572.82,620058.32
2025-04-21 20:00:00+00:00,1572.82,1580.3,1570.4,1578.81,115560.14
2025-04-22 00:00:00+00:00,1578.81,1593.0,1535.02,1578.41,511719.7
2025-04-22 04:00:00+00:00,1578.41,1623.44,1572.88,1618.51,285100.05
2025-04-22 08:00:00+00:00,1618.51,1638.94,1612.61,1630.28,356558.43
2025-04-22 12:00:00+00:00,1630.28,1725.96,1625.71,1702.37,994286.4
2025-04-22 16:00:00+00:00,1702.37,1710.33,1682.32,1697.7,334470.33
2025-04-22 20:00:00+00:00,1697.7,1779.08,1691.38,1755.55,663590.89
2025-04-23 00:00:00+00:00,1755.55,1806.95,1744.57,1794.57,502590.84
2025-04-23 04:00:00+00:00,1794.57,1817.4,1773.09,1791.07,388378.64
2025-04-23 08:00:00+00:00,1791.07,1811.98,1778.07,1796.48,334457.23
2025-04-23 12:00:00+00:00,1796.48,1835.54,1760.24,1793.62,1011047.99
2025-04-23 16:00:00+00:00,1793.62,1809.48,1773.34,1785.28,362712.75
2025-04-23 20:00:00+00:00,1785.28,1806.39,1784.82,1794.18,122178.74
2025-04-24 00:00:00+00:00,1794.18,1802.15,1765.3,1767.05,216566.47
2025-04-24 04:00:00+00:00,1767.05,1775.35,1750.49,1755.68,213086.96
2025-04-24 08:00:00+00:00,1755.68,1759.76,1721.67,1754.5,372074.37
2025-04-24 12:00:00+00:00,1754.5,1777.32,1743.62,1763.96,406121.36
2025-04-24 16:00:00+00:00,1763.96,1777.44,1745.01,1762.29,418383.37
2025-04-24 20:00:00+00:00,1762.29,1774.13,1748.07,1768.87,151393.71
2025-04-25 00:00:00+00:00,1768.87,1789.75,1737.74,1759.91,250696.26
2025-04-25 04:00:00+00:00,1759.91,1781.24,1757.19,1776.48,151732.66
2025-04-25 08:00:00+00:00,1776.48,1793.23,1763.37,1789.81,293692.56
2025-04-25 12:00:00+00:00,1789.81,1826.94,1756.05,1805.56,735339.68
2025-04-25 16:00:00+00:00,1805.56,1810.53,1781.65,1801.86,310020.81
2025-04-25 20:00:00+00:00,1801.86,1808.82,1782.61,1783.65,205080.71
2025-04-26 00:00:00+00:00,1783.65,1815.43,1783.5,1796.55,198497.3
2025-04-26 04:00:00+00:00,1796.55,1810.07,1788.0,1799.53,126083.91
2025-04-26 08:00:00+00:00,1799.53,1840.81,1778.0,1784.7,424047.11
2025-04-26 12:00:00+00:00,1784.7,1804.0,1779.0,1799.64,209207.24
2025-04-26 16:00:00+00:00,1799.64,1814.67,1795.05,1812.6,91807.62
2025-04-26 20:00:00+00:00,1812.6,1830.74,1804.83,1820.12,127943.58
2025-04-27 00:00:00+00:00,1820.12,1857.15,1800.0,1808.9,346518.59
2025-04-27 04:00:00+00:00,1808.9,1810.99,1789.0,1802.96,136619.49
2025-04-27 08:00:00+00:00,1802.96,1814.81,1800.66,1805.24,99058.45
2025-04-27 12:00:00+00:00,1805.24,1806.99,1779.7,1792.96,223202.5
2025-04-27 16:00:00+00:00,1792.96,1807.93,1786.2,1807.08,110777.01
2025-04-27 20:00:00+00:00,1807.08,1807.26,1783.61,1790.31,164200.35
2025-04-28 00:00:00+00:00,1790.31,1793.12,1750.85,1783.49,402979.73
2025-04-28 04:00:00+00:00,1783.49,1811.27,1783.43,1803.85,235139.8
2025-04-28 08:00:00+00:00,1803.85,1826.59,1786.66,1815.49,290356.12
2025-04-28 12:00:00+00:00,1815.49,1816.48,1751.6,1761.96,440960.95
2025-04-28 16:00:00+00:00,1761.96,1804.92,1742.01,1796.37,368346.15
2025-04-28 20:00:00+00:00,1796.37,1805.88,1780.21,1798.96,222221.83
2025-04-29 00:00:00+00:00,1798.96,1811.0,1786.22,1801.31,266220.07
2025-04-29 04:00:00+00:00,1801.31,1824.25,1787.01,1820.68,256663.16
2025-04-29 08:00:00+00:00,1820.68,1842.87,1815.47,1828.91,422612.53
2025-04-29 12:00:00+00:00,1828.91,1832.79,1801.18,1814.32,518800.08
2025-04-29 16:00:00+00:00,1814.32,1831.67,1805.88,1821.06,319720.9
2025-04-29 20:00:00+00:00,1821.06,1825.03,1779.22,1796.57,305443.54
2025-04-30 00:00:00+00:00,1796.57,1812.24,1787.52,1808.0,147370.65
2025-04-30 04:00:00+00:00,1808.0,1812.09,1789.48,1795.66,132592.89
2025-04-30 08:00:00+00:00,1795.66,1815.91,1791.79,1814.76,128742.96
2025-04-30 12:00:00+00:00,1814.76,1815.59,1730.0,1763.56,637125.93
2025-04-30 16:00:00+00:00,1763.56,1792.42,1754.87,1786.07,219251.24
2025-04-30 20:00:00+00:00,1786.07,1809.0,1783.84,1792.71,170556.52
2025-05-01 00:00:00+00:00,1792.71,1818.94,1791.67,1807.19,157313.71
2025-05-01 04:00:00+00:00,1807.19,1816.27,1801.49,1809.68,112643.84
2025-05-01 08:00:00+00:00,1809.68,1858.64,1808.01,1844.89,356180.82
2025-05-01 12:00:00+00:00,1844.89,1872.78,1824.19,1852.21,522996.68
2025-05-01 16:00:00+00:00,1852.21,1870.0,1838.23,1842.1,330377.74
2025-05-01 20:00:00+00:00,1842.1,1850.42,1832.3,1837.33,139262.54
2025-05-02 00:00:00+00:00,1837.33,1850.94,1833.59,1846.84,116476.63
2025-05-02 04:00:00+00:00,1846.84,1850.75,1814.5,1815.11,207838.19
2025-05-02 08:00:00+00:00,1815.11,1834.65,1811.54,1832.46,161705.22
2025-05-02 12:00:00+00:00,1832.46,1853.83,1822.12,1840.02,341423.37
2025-05-02 16:00:00+00:00,1840.02,1870.49,1830.05,1838.48,359379.48
2025-05-02 20:00:00+00:00,1838.48,1847.03,1831.95,1841.26,87746.61
2025-05-03 00:00:00+00:00,1841.26,1842.23,1825.02,1833.99,84698.44
2025-05-03 04:00:00+00:00,1833.99,1838.63,1823.61,1825.48,83465.37
2025-05-03 08:00:00+00:00,1825.48,1829.76,1816.38,1823.18,139155.59
2025-05-03 12:00:00+00:00,1823.18,1839.89,1822.77,1833.57,98923.41
2025-05-03 16:00:00+00:00,1833.57,1838.34,1808.08,1837.46,200852.41
2025-05-03 20:00:00+00:00,1837.46,1848.0,1827.74,1832.52,241384.58
2025-05-04 00:00:00+00:00,1832.52,1848.87,1825.45,1831.31,194920.61
2025-05-04 04:00:00+00:00,1831.31,1849.46,1829.0,1840.19,118079.72
2025-05-04 08:00:00+00:00,1840.19,1840.89,1820.53,1826.91,146079.04
2025-05-04 12:00:00+00:00,1826.91,1833.31,1817.22,1829.94,101124.52
2025-05-04 16:00:00+00:00,1829.94,1832.46,1821.01,1827.62,76908.27
2025-05-04 20:00:00+00:00,1827.62,1841.92,1801.26,1807.5,322071.95
2025-05-05 00:00:00+00:00,1807.5,1817.52,1780.16,1793.46,359945.45
2025-05-05 04:00:00+00:00,1793.46,1829.69,1791.54,1825.87,194969.78
2025-05-05 08:00:00+00:00,1825.87,1831.0,1797.19,1803.56,233899.38
2025-05-05 12:00:00+00:00,1803.56,1814.73,1792.92,1800.29,238113.35
2025-05-05 16:00:00+00:00,1800.29,1827.92,1800.0,1815.58,152070.76
2025-05-05 20:00:00+00:00,1815.58,1833.23,1798.3,1819.28,209074.89
2025-05-06 00:00:00+00:00,1819.28,1820.12,1791.53,1805.59,214231.42
2025-05-06 04:00:00+00:00,1805.59,1808.68,1797.3,1805.01,79586.1
2025-05-06 08:00:00+00:00,1805.01,1805.4,1756.25,1768.92,328378.39
2025-05-06 12:00:00+00:00,1768.92,1778.86,1750.67,1769.4,276692.08
2025-05-06 16:00:00+00:00,1769.4,1798.38,1761.04,1783.89,224578.63
2025-05-06 20:00:00+00:00,1783.89,1818.98,1764.11,1816.37,380118.45
2025-05-07 00:00:00+00:00,1816.37,1849.68,1813.61,1825.72,464705.43
2025-05-07 04:00:00+00:00,1825.72,1837.8,1823.88,1837.34,120361.64
2025-05-07 08:00:00+00:00,1837.34,1846.51,1829.51,1835.72,238322.08
2025-05-07 12:00:00+00:00,1835.72,1836.33,1813.35,1816.61,265161.86
2025-05-07 16:00:00+00:00,1816.61,1817.28,1785.68,1795.03,436666.09
2025-05-07 20:00:00+00:00,1795.03,1825.29,1787.75,1810.26,206596.41
2025-05-08 00:00:00+00:00,1810.26,1906.31,1807.65,1900.2,591209.32
2025-05-08 04:00:00+00:00,1900.2,1943.06,1891.38,1927.55,440508.1
2025-05-08 08:00:00+00:00,1927.55,1967.81,1925.11,1956.73,454754.72
2025-05-08 12:00:00+00:00,1956.73,2075.48,1952.61,2050.5,1201825.76
2025-05-08 16:00:00+00:00,2050.5,2140.0,2035.32,2117.2,764375.32
2025-05-08 20:00:00+00:00,2117.2,2226.51,2110.45,2206.42,972019.26
2025-05-09 00:00:00+00:00,2206.42,2244.8,2183.71,2204.33,614103.48
2025-05-09 04:00:00+00:00,2204.33,2393.58,2201.23,2363.4,904598.7
2025-05-09 08:00:00+00:00,2363.4,2491.57,2291.02,2350.5,1795814.83
2025-05-09 12:00:00+00:00,2350.5,2387.9,2268.67,2300.47,840698.1
2025-05-09 16:00:00+00:00,2300.47,2355.17,2273.84,2330.44,501261.69
2025-05-09 20:00:00+00:00,2330.44,2351.37,2321.68,2344.58,182151.39
2025-05-10 00:00:00+00:00,2344.58,2380.44,2314.15,2338.78,287729.8
2025-05-10 04:00:00+00:00,2338.78,2416.82,2325.04,2399.53,367609.24
2025-05-10 08:00:00+00:00,2399.53,2435.76,2358.47,2383.31,723021.11
2025-05-10 12:00:00+00:00,2383.31,2448.37,2383.31,2432.61,461705.15
2025-05-10 16:00:00+00:00,2432.61,2512.73,2427.83,2498.52,840069.85
2025-05-10 20:00:00+00:00,2498.52,2599.93,2468.04,2581.65,681573.35
2025-05-11 00:00:00+00:00,2581.65,2608.11,2501.34,2536.32,615261.55
2025-05-11 04:00:00+00:00,2536.32,2561.53,2452.5,2472.7,519825.09
2025-05-11 08:00:00+00:00,2472.7,2535.59,2471.02,2529.38,319194.53
2025-05-11 12:00:00+00:00,2529.38,2531.04,2431.0,2460.94,451098.71
2025-05-11 16:00:00+00:00,2460.94,2524.75,2438.95,2507.04,404988.36
2025-05-11 20:00:00+00:00,2507.04,2528.25,2481.94,2513.45,240425.93
2025-05-12 00:00:00+00:00,2513.45,2547.86,2489.19,2519.2,365024.1
2025-05-12 04:00:00+00:00,2519.2,2624.59,2485.53,2553.5,787958.01
2025-05-12 08:00:00+00:00,2553.5,2585.27,2520.01,2528.9,457219.11
2025-05-12 12:00:00+00:00,2528.9,2576.5,2472.02,2486.46,853823.05
2025-05-12 16:00:00+00:00,2486.46,2512.0,2406.15,2459.06,626479.92
2025-05-12 20:00:00+00:00,2459.06,2499.52,2451.09,2494.7,233961.37
2025-05-13 00:00:00+00:00,2494.7,2495.01,2413.0,2423.62,354734.74
2025-05-13 04:00:00+00:00,2423.62,2479.92,2418.32,2459.79,211257.72
2025-05-13 08:00:00+00:00,2459.79,2525.64,2450.01,2512.73,322547.29
2025-05-13 12:00:00+00:00,2512.73,2573.33,2490.38,2564.7,793356.21
2025-05-13 16:00:00+00:00,2564.7,2738.54,2558.65,2689.94,1212657.02
2025-05-13 20:00:00+00:00,2689.94,2708.04,2651.51,2679.08,525250.74
2025-05-14 00:00:00+00:00,2679.08,2724.82,2622.0,2645.7,582631.32
2025-05-14 04:00:00+00:00,2645.7,2686.73,2635.0,2639.43,279979.5
2025-05-14 08:00:00+00:00,2639.43,2645.0,2575.8,2624.0,561642.6
2025-05-14 12:00:00+00:00,2624.0,2634.32,2556.0,2596.34,555505.87
2025-05-14 16:00:00+00:00,2596.34,2616.22,2545.75,2603.48,391116.2
2025-05-14 20:00:00+00:00,2603.48,2613.13,2581.4,2608.59,142766.46
2025-05-15 00:00:00+00:00,2608.59,2647.07,2565.03,2573.23,336508.47
2025-05-15 04:00:00+00:00,2573.23,2594.99,2514.34,2529.28,373606.57
2025-05-15 08:00:00+00:00,2529.28,2566.93,2515.66,2553.76,419527.32
2025-05-15 12:00:00+00:00,2553.76,2578.65,2476.0,2562.84,812918.53
2025-05-15 16:00:00+00:00,2562.84,2603.22,2508.52,2529.47,681821.5
2025-05-15 20:00:00+00:00,2529.47,2563.81,2510.31,2547.9,369578.86
2025-05-16 00:00:00+00:00,2547.9,2584.02,2533.0,2580.22,268293.02
2025-05-16 04:00:00+00:00,2580.22,2618.86,2563.0,2600.1,271032.71
2025-05-16 08:00:00+00:00,2600.1,2648.29,2556.6,2619.8,435007.56
2025-05-16 12:00:00+00:00,2619.8,2621.98,2571.8,2593.74,412073.28
2025-05-16 16:00:00+00:00,2593.74,2601.22,2568.0,2590.8,240179.06
2025-05-16 20:00:00+00:00,2590.8,2591.5,2527.29,2535.68,292994.22
2025-05-17 00:00:00+00:00,2535.68,2536.57,2450.54,2495.65,575513.18
2025-05-17 04:00:00+00:00,2495.65,2512.14,2474.05,2491.91,230766.04
2025-05-17 08:00:00+00:00,2491.91,2495.44,2465.06,2480.58,188930.6
2025-05-17 12:00:00+00:00,2480.58,2485.95,2443.76,2473.26,275496.15
2025-05-17 16:00:00+00:00,2473.26,2490.0,2447.0,2469.02,241704.65
2025-05-17 20:00:00+00:00,2469.02,2495.51,2451.83,2474.4,177450.91
2025-05-18 00:00:00+00:00,2474.4,2487.07,2466.96,2476.6,90458.05
2025-05-18 04:00:00+00:00,2476.6,2515.0,2476.45,2508.48,179803.78
2025-05-18 08:00:00+00:00,2508.48,2528.71,2497.35,2500.63,185453.22
2025-05-18 12:00:00+00:00,2500.63,2587.48,2486.33,2578.68,495522.32
2025-05-18 16:00:00+00:00,2578.68,2584.07,2401.25,2406.72,1032265.8
2025-05-18 20:00:00+00:00,2406.72,2510.7,2316.4,2497.1,983648.87
2025-05-19 00:00:00+00:00,2497.1,2512.51,2377.96,2383.99,689101.24
2025-05-19 04:00:00+00:00,2383.99,2412.0,2346.7,2402.52,521617.53
2025-05-19 08:00:00+00:00,2402.52,2422.79,2387.71,2417.1,332049.62
2025-05-19 12:00:00+00:00,2417.1,2472.37,2383.51,2465.64,594759.65
2025-05-19 16:00:00+00:00,2465.64,2546.28,2449.12,2518.46,863462.84
2025-05-19 20:00:00+00:00,2518.46,2534.12,2491.86,2527.5,292016.76
2025-05-20 00:00:00+00:00,2527.5,2587.54,2509.18,2552.15,529055.32
2025-05-20 04:00:00+00:00,2552.15,2577.3,2520.56,2531.54,352061.95
2025-05-20 08:00:00+00:00,2531.54,2539.25,2490.62,2513.4,268035.71
2025-05-20 12:00:00+00:00,2513.4,2514.86,2463.03,2481.62,438263.43
2025-05-20 16:00:00+00:00,2481.62,2511.17,2441.4,2500.01,500359.23
2025-05-20 20:00:00+00:00,2500.01,2540.33,2483.98,2523.41,384637.64
2025-05-21 00:00:00+00:00,2523.41,2554.12,2507.85,2543.83,309832.39
2025-05-21 04:00:00+00:00,2543.83,2616.17,2533.65,2550.89,661750.84
2025-05-21 08:00:00+00:00,2550.89,2562.14,2513.91,2536.21,406796.61
2025-05-21 12:00:00+00:00,2536.21,2581.44,2521.21,2566.01,698740.58
2025-05-21 16:00:00+00:00,2566.01,2614.74,2450.72,2511.14,1346814.32
2025-05-21 20:00:00+00:00,2511.14,2597.67,2484.91,2549.62,569177.49
2025-05-22 00:00:00+00:00,2549.62,2646.94,2542.86,2628.43,602453.17
2025-05-22 04:00:00+00:00,2628.43,2646.88,2600.34,2634.4,514592.61
2025-05-22 08:00:00+00:00,2634.4,2693.07,2626.13,2649.79,621204.31
2025-05-22 12:00:00+00:00,2649.79,2679.86,2620.55,2663.56,541843.0
2025-05-22 16:00:00+00:00,2663.56,2675.72,2624.63,2633.7,362320.47
2025-05-22 20:00:00+00:00,2633.7,2664.73,2626.59,2663.78,184012.6
2025-05-23 00:00:00+00:00,2663.78,2733.8,2643.15,2721.13,585186.74
2025-05-23 04:00:00+00:00,2721.13,2725.3,2649.42,2654.73,449119.03
2025-05-23 08:00:00+00:00,2654.73,2688.08,2548.67,2565.47,700404.58
2025-05-23 12:00:00+00:00,2565.47,2592.11,2496.58,2567.19,973126.19
2025-05-23 16:00:00+00:00,2567.19,2586.7,2545.04,2559.7,414529.02
2025-05-23 20:00:00+00:00,2559.7,2561.7,2502.35,2525.72,402657.51
2025-05-24 00:00:00+00:00,2525.72,2555.69,2514.12,2549.39,165992.36
2025-05-24 04:00:00+00:00,2549.39,2562.6,2534.0,2546.1,148054.34
2025-05-24 08:00:00+00:00,2546.1,2575.93,2544.02,2562.44,159511.23
2025-05-24 12:00:00+00:00,2562.44,2564.61,2542.31,2554.15,171430.67
2025-05-24 16:00:00+00:00,2554.15,2567.23,2542.59,2553.3,104609.18
2025-05-24 20:00:00+00:00,2553.3,2555.66,2515.48,2529.14,152644.39
2025-05-25 00:00:00+00:00,2529.14,2538.92,2473.82,2512.74,416189.91
2025-05-25 04:00:00+00:00,2512.74,2518.38,2486.46,2493.6,118056.83
2025-05-25 08:00:00+00:00,2493.6,2501.91,2458.92,2496.81,295902.86
2025-05-25 12:00:00+00:00,2496.81,2524.0,2476.7,2510.46,270062.14
2025-05-25 16:00:00+00:00,2510.46,2535.31,2494.9,2525.47,133264.14
2025-05-25 20:00:00+00:00,2525.47,2554.11,2507.0,2550.58,266216.67
2025-05-26 00:00:00+00:00,2550.58,2576.78,2536.3,2559.3,219577.54
2025-05-26 04:00:00+00:00,2559.3,2598.82,2556.51,2580.2,176672.35
2025-05-26 08:00:00+00:00,2580.2,2582.19,2553.17,2566.95,199782.5
2025-05-26 12:00:00+00:00,2566.95,2573.19,2536.01,2564.98,289254.02
2025-05-26 16:00:00+00:00,2564.98,2572.69,2524.0,2540.09,257288.61
2025-05-26 20:00:00+00:00,2540.09,2584.98,2535.17,2563.12,214978.25
2025-05-27 00:00:00+00:00,2563.12,2573.5,2508.2,2548.3,363861.44
2025-05-27 04:00:00+00:00,2548.3,2618.78,2548.01,2606.93,458878.58
2025-05-27 08:00:00+00:00,2606.93,2653.88,2606.88,2651.2,497494.59
2025-05-27 12:00:00+00:00,2651.2,2682.68,2631.52,2667.17,661689.98
2025-05-27 16:00:00+00:00,2667.17,2711.0,2657.0,2686.3,476857.24
2025-05-27 20:00:00+00:00,2686.3,2692.81,2650.69,2659.63,246905.3
2025-05-28 00:00:00+00:00,2659.63,2660.44,2616.38,2643.6,267179.3
2025-05-28 04:00:00+00:00,2643.6,2651.0,2622.19,2635.34,165106.68
2025-05-28 08:00:00+00:00,2635.34,2657.9,2607.25,2656.05,264413.12
2025-05-28 12:00:00+00:00,2656.05,2688.27,2612.28,2626.18,631758.07
2025-05-28 16:00:00+00:00,2626.18,2664.1,2614.34,2616.18,332607.11
2025-05-28 20:00:00+00:00,2616.18,2685.68,2609.0,2680.33,291974.05
2025-05-29 00:00:00+00:00,2680.33,2788.82,2669.15,2761.82,702710.98
2025-05-29 04:00:00+00:00,2761.82,2766.53,2701.17,2730.26,399335.9
2025-05-29 08:00:00+00:00,2730.26,2744.88,2705.38,2714.82,300720.22
2025-05-29 12:00:00+00:00,2714.82,2718.21,2620.21,2642.38,902683.97
2025-05-29 16:00:00+00:00,2642.38,2673.01,2626.91,2648.49,446751.21
2025-05-29 20:00:00+00:00,2648.49,2668.33,2616.2,2630.79,355874.36
2025-05-30 00:00:00+00:00,2630.79,2644.71,2555.58,2629.99,691749.51
2025-05-30 04:00:00+00:00,2629.99,2648.84,2604.8,2617.3,426461.17
2025-05-30 08:00:00+00:00,2617.3,2627.5,2586.34,2621.05,328251.42
2025-05-30 12:00:00+00:00,2621.05,2625.54,2571.15,2596.3,642537.97
2025-05-30 16:00:00+00:00,2596.3,2602.9,2530.03,2573.56,703637.1
2025-05-30 20:00:00+00:00,2573.56,2588.99,2505.7,2530.11,517769.97
2025-05-31 00:00:00+00:00,2530.11,2539.41,2473.08,2512.98,506744.12
2025-05-31 04:00:00+00:00,2512.98,2525.8,2503.5,2520.16,138240.91
2025-05-31 08:00:00+00:00,2520.16,2537.72,2506.65,2518.53,145834.35
2025-05-31 12:00:00+00:00,2518.53,2549.43,2515.01,2534.89,275768.83
2025-05-31 16:00:00+00:00,2534.89,2546.84,2521.21,2535.93,125633.57
2025-05-31 20:00:00+00:00,2535.93,2551.71,2522.2,2526.79,156759.57
2025-06-01 00:00:00+00:00,2526.79,2529.0,2490.15,2512.12,282890.62
2025-06-01 04:00:00+00:00,2512.12,2526.46,2504.09,2507.62,93134.06
2025-06-01 08:00:00+00:00,2507.62,2509.6,2476.0,2496.28,199515.51
2025-06-01 12:00:00+00:00,2496.28,2524.29,2466.6,2522.29,306415.23
2025-06-01 16:00:00+00:00,2522.29,2546.88,2490.45,2525.01,389038.8
2025-06-01 20:00:00+00:00,2525.01,2546.93,2518.0,2538.25,161082.96
2025-06-02 00:00:00+00:00,2538.25,2541.1,2484.11,2494.94,242898.01
2025-06-02 04:00:00+00:00,2494.94,2512.86,2482.02,2505.68,206576.19
2025-06-02 08:00:00+00:00,2505.68,2515.0,2473.29,2480.02,310284.33
2025-06-02 12:00:00+00:00,2480.02,2556.61,2476.93,2543.78,540739.77
2025-06-02 16:00:00+00:00,2543.78,2565.57,2523.35,2531.02,350322.31
2025-06-02 20:00:00+00:00,2531.02,2614.59,2530.67,2606.95,376609.06
2025-06-03 00:00:00+00:00,2606.95,2649.84,2587.56,2602.33,501151.44
2025-06-03 04:00:00+00:00,2602.33,2619.99,2588.68,2608.73,171829.84
2025-06-03 08:00:00+00:00,2608.73,2619.5,2593.28,2600.51,219632.63
2025-06-03 12:00:00+00:00,2600.51,2655.0,2596.39,2622.67,554272.35
2025-06-03 16:00:00+00:00,2622.67,2627.71,2601.1,2623.62,271192.62
2025-06-03 20:00:00+00:00,2623.62,2624.49,2575.04,2591.89,314687.63
2025-06-04 00:00:00+00:00,2591.89,2640.0,2581.78,2626.96,273786.73
2025-06-04 04:00:00+00:00,2626.96,2643.94,2618.5,2626.44,193546.9
2025-06-04 08:00:00+00:00,2626.44,2649.76,2622.61,2623.58,272902.58
2025-06-04 12:00:00+00:00,2623.58,2679.0,2593.0,2666.67,796803.53
2025-06-04 16:00:00+00:00,2666.67,2667.99,2620.0,2622.31,403017.83
2025-06-04 20:00:00+00:00,2622.31,2624.06,2597.19,2606.7,335066.22
2025-06-05 00:00:00+00:00,2606.7,2631.78,2600.03,2623.9,185248.5
2025-06-05 04:00:00+00:00,2623.9,2633.79,2598.89,2602.63,292861.79
2025-06-05 08:00:00+00:00,2602.63,2612.67,2578.64,2607.12,294313.25
2025-06-05 12:00:00+00:00,2607.12,2640.95,2560.72,2588.16,920127.57
2025-06-05 16:00:00+00:00,2588.16,2590.62,2503.67,2527.5,921234.62
2025-06-05 20:00:00+00:00,2527.5,2534.19,2390.28,2413.12,1126714.19
2025-06-06 00:00:00+00:00,2413.12,2456.0,2380.41,2454.66,437109.55
2025-06-06 04:00:00+00:00,2454.66,2467.79,2445.47,2454.12,272861.06
2025-06-06 08:00:00+00:00,2454.12,2493.86,2452.57,2475.24,285223.38
2025-06-06 12:00:00+00:00,2475.24,2530.59,2463.49,2508.15,747293.66
2025-06-06 16:00:00+00:00,2508.15,2516.73,2481.77,2482.81,286720.34
2025-06-06 20:00:00+00:00,2482.81,2505.9,2470.66,2475.14,186252.59
2025-06-07 00:00:00+00:00,2475.14,2492.9,2455.43,2488.1,210951.93
2025-06-07 04:00:00+00:00,2488.1,2501.0,2479.16,2489.9,158599.71
2025-06-07 08:00:00+00:00,2489.9,2500.51,2480.76,2494.12,120684.31
2025-06-07 12:00:00+00:00,2494.12,2523.0,2491.02,2518.48,227096.91
2025-06-07 16:00:00+00:00,2518.48,2524.88,2505.26,2515.53,163005.01
2025-06-07 20:00:00+00:00,2515.53,2544.91,2515.53,2523.34,182886.37
2025-06-08 00:00:00+00:00,2523.34,2524.71,2506.22,2510.31,97183.85
2025-06-08 04:00:00+00:00,2510.31,2518.77,2506.89,2513.51,67758.04
2025-06-08 08:00:00+00:00,2513.51,2520.93,2485.81,2512.19,223206.06
2025-06-08 12:00:00+00:00,2512.19,2527.21,2498.71,2513.18,167797.81
2025-06-08 16:00:00+00:00,2513.18,2539.37,2511.26,2531.16,168427.14
2025-06-08 20:00:00+00:00,2531.16,2547.5,2498.81,2508.17,269723.6
2025-06-09 00:00:00+00:00,2508.17,2510.85,2480.0,2495.43,231923.34
2025-06-09 04:00:00+00:00,2495.43,2495.87,2476.22,2490.89,132917.3
2025-06-09 08:00:00+00:00,2490.89,2546.8,2483.29,2541.22,452890.47
2025-06-09 12:00:00+00:00,2541.22,2547.88,2508.48,2532.71,403991.74
2025-06-09 16:00:00+00:00,2532.71,2589.47,2532.51,2579.52,427697.94
2025-06-09 20:00:00+00:00,2579.52,2693.86,2574.69,2679.32,658479.63
2025-06-10 00:00:00+00:00,2679.32,2726.64,2673.88,2688.3,512751.9
2025-06-10 04:00:00+00:00,2688.3,2699.01,2653.0,2676.33,336558.62
2025-06-10 08:00:00+00:00,2676.33,2799.73,2668.25,2773.47,702849.93
2025-06-10 12:00:00+00:00,2773.47,2778.93,2685.91,2732.0,810595.91
2025-06-10 16:00:00+00:00,2732.0,2806.65,2727.56,2773.03,552640.07
2025-06-10 20:00:00+00:00,2773.03,2826.37,2733.35,2815.44,553781.58
2025-06-11 00:00:00+00:00,2815.44,2834.4,2770.42,2790.1,345767.59
2025-06-11 04:00:00+00:00,2790.1,2803.43,2778.54,2790.53,164231.16
2025-06-11 08:00:00+00:00,2790.53,2792.93,2752.0,2771.41,265210.79
2025-06-11 12:00:00+00:00,2771.41,2878.54,2762.68,2863.61,1281428.86
2025-06-11 16:00:00+00:00,2863.61,2875.0,2800.0,2812.1,725942.83
2025-06-11 20:00:00+00:00,2812.1,2830.2,2741.47,2770.34,571678.79
2025-06-12 00:00:00+00:00,2770.34,2783.81,2745.0,2763.8,325079.08
2025-06-12 04:00:00+00:00,2763.8,2775.33,2731.08,2738.71,268102.34
2025-06-12 08:00:00+00:00,2738.71,2761.33,2719.89,2727.99,374923.71
2025-06-12 12:00:00+00:00,2727.99,2772.01,2709.3,2718.6,717604.46
2025-06-12 16:00:00+00:00,2718.6,2769.89,2690.25,2693.2,601537.07
2025-06-12 20:00:00+00:00,2693.2,2702.0,2615.0,2640.94,776775.79
2025-06-13 00:00:00+00:00,2640.94,2644.42,2434.34,2512.85,1822296.86
2025-06-13 04:00:00+00:00,2512.85,2541.0,2489.62,2525.38,447607.0
2025-06-13 08:00:00+00:00,2525.38,2544.3,2505.01,2543.88,396173.7
2025-06-13 12:00:00+00:00,2543.88,2562.21,2502.45,2550.32,692241.12
2025-06-13 16:00:00+00:00,2550.32,2584.4,2508.27,2526.1,565861.78
2025-06-13 20:00:00+00:00,2526.1,2582.51,2522.61,2578.12,204035.26
2025-06-14 00:00:00+00:00,2578.12,2578.54,2545.44,2547.92,172851.76
2025-06-14 04:00:00+00:00,2547.92,2555.69,2524.0,2535.89,194774.62
2025-06-14 08:00:00+00:00,2535.89,2538.97,2516.5,2537.13,170236.69
2025-06-14 12:00:00+00:00,2537.13,2544.99,2503.33,2517.91,234806.92
2025-06-14 16:00:00+00:00,2517.91,2524.62,2486.59,2506.35,397402.93
2025-06-14 20:00:00+00:00,2506.35,2538.97,2495.4,2529.26,219985.01
2025-06-15 00:00:00+00:00,2529.26,2539.9,2523.65,2529.3,98156.55
2025-06-15 04:00:00+00:00,2529.3,2552.43,2520.77,2527.18,206229.83
2025-06-15 08:00:00+00:00,2527.18,2528.79,2506.6,2514.89,168192.89
2025-06-15 12:00:00+00:00,2514.89,2554.28,2514.46,2540.86,286758.97
2025-06-15 16:00:00+00:00,2540.86,2559.79,2529.0,2535.71,199076.71
2025-06-15 20:00:00+00:00,2535.71,2548.88,2490.14,2546.32,366586.9
2025-06-16 00:00:00+00:00,2546.32,2577.98,2513.0,2567.14,380164.88
2025-06-16 04:00:00+00:00,2567.14,2637.35,2565.5,2627.75,552340.12
2025-06-16 08:00:00+00:00,2627.75,2633.14,2591.02,2615.82,368496.84
2025-06-16 12:00:00+00:00,2615.82,2657.12,2603.11,2630.8,578902.57
2025-06-16 16:00:00+00:00,2630.8,2669.34,2625.87,2658.75,366380.22
2025-06-16 20:00:00+00:00,2658.75,2679.6,2533.74,2543.26,912852.19
2025-06-17 00:00:00+00:00,2543.26,2618.24,2522.75,2606.05,612675.14
2025-06-17 04:00:00+00:00,2606.05,2609.47,2568.7,2580.95,251654.22
2025-06-17 08:00:00+00:00,2580.95,2584.16,2540.23,2551.13,330021.72
2025-06-17 12:00:00+00:00,2551.13,2567.35,2480.56,2497.58,776676.47
2025-06-17 16:00:00+00:00,2497.58,2543.0,2452.04,2526.69,813910.43
2025-06-17 20:00:00+00:00,2526.69,2533.04,2490.63,2508.95,377630.35
2025-06-18 00:00:00+00:00,2508.95,2536.39,2504.41,2526.8,218468.0
2025-06-18 04:00:00+00:00,2526.8,2545.63,2516.44,2532.61,203061.88
2025-06-18 08:00:00+00:00,2532.61,2547.64,2486.39,2512.65,377238.7
2025-06-18 12:00:00+00:00,2512.65,2537.88,2464.0,2507.74,790088.25
2025-06-18 16:00:00+00:00,2507.74,2517.8,2465.23,2491.21,567718.12
2025-06-18 20:00:00+00:00,2491.21,2537.73,2481.29,2523.68,284645.25
2025-06-19 00:00:00+00:00,2523.68,2546.15,2504.97,2524.61,224081.47
2025-06-19 04:00:00+00:00,2524.61,2530.36,2512.93,2517.51,109565.38
2025-06-19 08:00:00+00:00,2517.51,2544.37,2517.51,2530.46,181351.01
2025-06-19 12:00:00+00:00,2530.46,2535.78,2488.1,2491.23,317563.86
2025-06-19 16:00:00+00:00,2491.23,2522.17,2483.29,2503.3,303258.06
2025-06-19 20:00:00+00:00,2503.3,2530.8,2501.4,2519.71,147893.56
2025-06-20 00:00:00+00:00,2519.71,2530.23,2510.94,2516.23,99693.99
2025-06-20 04:00:00+00:00,2516.23,2550.25,2501.51,2548.43,245525.71
2025-06-20 08:00:00+00:00,2548.43,2568.89,2538.28,2548.4,342544.87
2025-06-20 12:00:00+00:00,2548.4,2558.48,2485.33,2492.39,575991.75
2025-06-20 16:00:00+00:00,2492.39,2494.74,2363.95,2413.32,1035066.87
2025-06-20 20:00:00+00:00,2413.32,2436.99,2380.03,2405.23,322974.6
2025-06-21 00:00:00+00:00,2405.23,2431.41,2394.71,2424.29,149280.15
2025-06-21 04:00:00+00:00,2424.29,2427.56,2417.36,2425.71,70885.97
2025-06-21 08:00:00+00:00,2425.71,2447.65,2421.75,2441.34,181828.07
2025-06-21 12:00:00+00:00,2441.34,2444.0,2410.8,2422.24,255454.94
2025-06-21 16:00:00+00:00,2422.24,2426.99,2380.49,2383.47,283295.97
2025-06-21 20:00:00+00:00,2383.47,2408.38,2213.42,2295.0,1320058.97
2025-06-22 00:00:00+00:00,2295.0,2313.2,2244.19,2263.58,676190.11
2025-06-22 04:00:00+00:00,2263.58,2298.27,2260.5,2269.43,231247.12
2025-06-22 08:00:00+00:00,2269.43,2279.22,2235.17,2272.03,357187.73
2025-06-22 12:00:00+00:00,2272.03,2286.54,2154.63,2173.92,1306760.03
2025-06-22 16:00:00+00:00,2173.92,2219.74,2169.12,2182.95,416197.93
2025-06-22 20:00:00+00:00,2182.95,2236.6,2110.35,2226.68,855512.06
2025-06-23 00:00:00+00:00,2226.68,2259.28,2220.81,2233.95,258174.28
2025-06-23 04:00:00+00:00,2233.95,2274.62,2226.33,2257.86,300803.76
2025-06-23 08:00:00+00:00,2257.86,2273.61,2237.33,2251.91,243078.34
2025-06-23 12:00:00+00:00,2251.91,2312.62,2231.12,2247.34,805113.39
2025-06-23 16:00:00+00:00,2247.34,2324.99,2186.8,2311.56,1255508.97
2025-06-23 20:00:00+00:00,2311.56,2438.72,2302.31,2410.11,1124999.63
2025-06-24 00:00:00+00:00,2410.11,2416.38,2386.69,2397.61,354524.62
2025-06-24 04:00:00+00:00,2397.61,2433.86,2389.5,2391.91,359753.16
2025-06-24 08:00:00+00:00,2391.91,2448.8,2375.1,2408.48,618330.51
2025-06-24 12:00:00+00:00,2408.48,2453.47,2401.69,2437.09,506297.02
2025-06-24 16:00:00+00:00,2437.09,2481.86,2414.34,2432.5,573857.57
2025-06-24 20:00:00+00:00,2432.5,2449.18,2428.52,2447.28,151412.39
2025-06-25 00:00:00+00:00,2447.28,2468.15,2435.19,2443.0,185497.2
2025-06-25 04:00:00+00:00,2443.0,2449.59,2422.74,2443.44,170541.64
2025-06-25 08:00:00+00:00,2443.44,2447.33,2405.82,2427.75,351801.23
2025-06-25 12:00:00+00:00,2427.75,2445.88,2385.46,2404.37,671825.39
2025-06-25 16:00:00+00:00,2404.37,2438.8,2399.51,2431.41,318360.87
2025-06-25 20:00:00+00:00,2431.41,2453.76,2406.25,2417.17,237875.79
2025-06-26 00:00:00+00:00,2417.17,2520.0,2415.79,2487.75,479536.77
2025-06-26 04:00:00+00:00,2487.75,2499.34,2465.83,2488.57,214039.81
2025-06-26 08:00:00+00:00,2488.57,2500.0,2436.33,2449.0,293688.49
2025-06-26 12:00:00+00:00,2449.0,2459.94,2408.0,2432.33,663126.84
2025-06-26 16:00:00+00:00,2432.33,2442.79,2416.42,2434.86,227521.73
2025-06-26 20:00:00+00:00,2434.86,2456.88,2392.11,2414.5,368832.87
2025-06-27 00:00:00+00:00,2414.5,2447.55,2380.53,2445.69,244588.29
2025-06-27 04:00:00+00:00,2445.69,2458.98,2433.65,2440.79,202108.74
2025-06-27 08:00:00+00:00,2440.79,2462.33,2434.08,2446.09,225494.08
2025-06-27 12:00:00+00:00,2446.09,2455.64,2411.87,2437.19,400824.28
2025-06-27 16:00:00+00:00,2437.19,2448.82,2386.62,2411.87,471670.82
2025-06-27 20:00:00+00:00,2411.87,2429.69,2410.16,2422.11,168474.55
2025-06-28 00:00:00+00:00,2422.11,2422.9,2403.84,2419.69,82289.3
2025-06-28 04:00:00+00:00,2419.69,2433.56,2416.28,2430.81,76561.22
2025-06-28 08:00:00+00:00,2430.81,2431.43,2418.4,2426.37,79259.45
2025-06-28 12:00:00+00:00,2426.37,2442.15,2418.76,2435.13,81426.8
2025-06-28 16:00:00+00:00,2435.13,2446.96,2430.29,2432.41,128896.22
2025-06-28 20:00:00+00:00,2432.41,2441.24,2426.27,2434.79,99934.89
2025-06-29 00:00:00+00:00,2434.79,2441.96,2423.0,2426.8,94442.82
2025-06-29 04:00:00+00:00,2426.8,2439.63,2425.34,2439.63,48647.55
2025-06-29 08:00:00+00:00,2439.63,2463.47,2437.2,2461.05,208319.6
2025-06-29 12:00:00+00:00,2461.05,2462.53,2432.1,2435.68,192073.85
2025-06-29 16:00:00+00:00,2435.68,2441.73,2428.0,2436.9,131837.81
2025-06-29 20:00:00+00:00,2436.9,2524.94,2410.1,2499.27,559761.02
2025-06-30 00:00:00+00:00,2499.27,2523.9,2494.3,2498.64,261007.8
2025-06-30 04:00:00+00:00,2498.64,2504.8,2454.29,2479.34,311261.72
2025-06-30 08:00:00+00:00,2479.34,2486.18,2445.3,2457.01,256773.4
2025-06-30 12:00:00+00:00,2457.01,2487.89,2431.99,2473.33,531881.97
2025-06-30 16:00:00+00:00,2473.33,2517.75,2459.53,2514.91,418952.48
2025-06-30 20:00:00+00:00,2514.91,2521.69,2481.31,2484.0,243640.35
2025-07-01 00:00:00+00:00,2484.0,2499.44,2475.79,2484.29,157241.94
2025-07-01 04:00:00+00:00,2484.29,2484.68,2443.18,2463.79,271697.95
2025-07-01 08:00:00+00:00,2463.79,2463.79,2440.44,2448.19,201546.05
2025-07-01 12:00:00+00:00,2448.19,2455.53,2405.04,2422.42,525370.19
2025-07-01 16:00:00+00:00,2422.42,2433.35,2395.79,2401.5,248322.99
2025-07-01 20:00:00+00:00,2401.5,2417.55,2383.52,2403.47,240771.15
2025-07-02 00:00:00+00:00,2403.47,2431.31,2371.42,2429.26,241090.36
2025-07-02 04:00:00+00:00,2429.26,2453.55,2424.18,2445.87,211198.52
2025-07-02 08:00:00+00:00,2445.87,2460.07,2440.16,2444.66,198066.75
2025-07-02 12:00:00+00:00,2444.66,2502.63,2430.57,2497.73,521775.53
2025-07-02 16:00:00+00:00,2497.73,2607.05,2493.73,2603.64,950836.89
2025-07-02 20:00:00+00:00,2603.64,2619.11,2568.28,2569.72,371930.03
2025-07-03 00:00:00+00:00,2569.72,2587.24,2555.03,2560.22,215855.4
2025-07-03 04:00:00+00:00,2560.22,2605.15,2557.99,2599.41,271522.81
2025-07-03 08:00:00+00:00,2599.41,2615.98,2579.47,2596.42,330498.5
2025-07-03 12:00:00+00:00,2596.42,2635.54,2563.21,2569.06,801541.2
2025-07-03 16:00:00+00:00,2569.06,2591.78,2563.59,2584.85,232447.49
2025-07-03 20:00:00+00:00,2584.85,2602.74,2584.0,2590.21,114922.78
2025-07-04 00:00:00+00:00,2590.21,2602.23,2570.12,2576.7,172569.78
2025-07-04 04:00:00+00:00,2576.7,2583.62,2528.39,2533.81,297481.32
2025-07-04 08:00:00+00:00,2533.81,2557.4,2525.48,2547.84,230761.22
2025-07-04 12:00:00+00:00,2547.84,2555.01,2496.5,2499.58,498229.93
2025-07-04 16:00:00+00:00,2499.58,2502.45,2473.01,2481.6,359059.3
2025-07-04 20:00:00+00:00,2481.6,2519.5,2480.07,2506.93,172863.81
2025-07-05 00:00:00+00:00,2506.93,2523.83,2497.19,2517.11,93518.64
2025-07-05 04:00:00+00:00,2517.11,2529.16,2511.5,2520.45,98439.94
2025-07-05 08:00:00+00:00,2520.45,2524.22,2507.11,2516.67,99005.72
2025-07-05 12:00:00+00:00,2516.67,2520.73,2503.41,2506.88,117730.11
2025-07-05 16:00:00+00:00,2506.88,2512.0,2486.25,2504.25,174903.27
2025-07-05 20:00:00+00:00,2504.25,2521.74,2496.73,2515.29,84698.79
2025-07-06 00:00:00+00:00,2515.29,2519.9,2508.08,2513.93,60758.35
2025-07-06 04:00:00+00:00,2513.93,2525.71,2507.24,2516.7,107147.43
2025-07-06 08:00:00+00:00,2516.7,2517.3,2501.7,2515.06,112706.14
2025-07-06 12:00:00+00:00,2515.06,2569.34,2510.32,2557.4,385257.4
2025-07-06 16:00:00+00:00,2557.4,2559.91,2522.5,2539.83,182314.1
2025-07-06 20:00:00+00:00,2539.83,2605.3,2538.9,2569.06,357975.05
2025-07-07 00:00:00+00:00,2569.06,2589.65,2548.63,2576.14,202166.62
2025-07-07 04:00:00+00:00,2576.14,2579.51,2558.32,2577.29,155956.7
2025-07-07 08:00:00+00:00,2577.29,2588.05,2551.32,2562.04,197205.94
2025-07-07 12:00:00+00:00,2562.04,2569.03,2525.19,2532.31,485507.29
2025-07-07 16:00:00+00:00,2532.31,2556.35,2506.61,2542.4,446721.71
2025-07-07 20:00:00+00:00,2542.4,2544.42,2521.05,2541.17,148352.29
2025-07-08 00:00:00+00:00,2541.17,2553.61,2522.0,2536.82,179374.1
2025-07-08 04:00:00+00:00,2536.82,2562.77,2530.79,2552.33,162961.98
2025-07-08 08:00:00+00:00,2552.33,2584.79,2541.63,2574.04,213222.3
2025-07-08 12:00:00+00:00,2574.04,2600.48,2555.67,2563.72,380208.17
2025-07-08 16:00:00+00:00,2563.72,2628.16,2558.25,2609.67,504239.77
2025-07-08 20:00:00+00:00,2609.67,2617.0,2595.67,2614.43,130331.13
2025-07-09 00:00:00+00:00,2614.43,2626.43,2588.66,2590.64,164688.36
2025-07-09 04:00:00+00:00,2590.64,2646.59,2589.6,2624.55,290795.17
2025-07-09 08:00:00+00:00,2624.55,2629.91,2603.06,2625.2,226807.61
2025-07-09 12:00:00+00:00,2625.2,2674.35,2622.8,2655.48,654908.55
2025-07-09 16:00:00+00:00,2655.48,2795.19,2651.1,2763.92,822647.49
2025-07-09 20:00:00+00:00,2763.92,2781.98,2730.44,2768.01,488232.41
2025-07-10 00:00:00+00:00,2768.01,2797.94,2754.43,2775.1,239143.08
2025-07-10 04:00:00+00:00,2775.1,2824.37,2765.08,2790.08,336220.25
2025-07-10 08:00:00+00:00,2790.08,2797.07,2771.27,2777.73,208306.95
2025-07-10 12:00:00+00:00,2777.73,2793.8,2756.17,2768.31,371009.86
2025-07-10 16:00:00+00:00,2768.31,2840.03,2767.36,2814.71,712934.16
2025-07-10 20:00:00+00:00,2814.71,3005.0,2811.89,2950.5,1019469.67
2025-07-11 00:00:00+00:00,2950.5,2974.0,2913.33,2968.4,325329.71
2025-07-11 04:00:00+00:00,2968.4,3029.13,2942.35,2968.36,655044.39
2025-07-11 08:00:00+00:00,2968.36,3039.81,2962.5,2983.79,550760.78
2025-07-11 12:00:00+00:00,2983.79,3009.61,2938.34,2950.99,582463.51
2025-07-11 16:00:00+00:00,2950.99,3010.83,2936.04,3007.31,415370.22
2025-07-11 20:00:00+00:00,3007.31,3009.75,2921.67,2957.02,418260.77
2025-07-12 00:00:00+00:00,2957.02,2970.16,2930.35,2965.31,164468.22
2025-07-12 04:00:00+00:00,2965.31,2977.94,2939.67,2961.92,147238.32
2025-07-12 08:00:00+00:00,2961.92,2981.46,2956.2,2962.64,152510.62
2025-07-12 12:00:00+00:00,2962.64,2966.85,2902.21,2914.91,491421.27
2025-07-12 16:00:00+00:00,2914.91,2946.0,2909.44,2939.7,165633.12
2025-07-12 20:00:00+00:00,2939.7,2947.11,2912.33,2942.13,130998.9
2025-07-13 00:00:00+00:00,2942.13,2960.74,2935.06,2953.96,132857.38
2025-07-13 04:00:00+00:00,2953.96,2967.0,2948.4,2961.58,96822.28
2025-07-13 08:00:00+00:00,2961.58,2965.97,2942.32,2964.07,117665.49
2025-07-13 12:00:00+00:00,2964.07,3020.18,2957.84,2991.41,434696.06
2025-07-13 16:00:00+00:00,2991.41,3011.55,2960.56,2988.45,223186.3
2025-07-13 20:00:00+00:00,2988.45,2998.0,2938.65,2970.6,266961.63
2025-07-14 00:00:00+00:00,2970.6,3054.47,2961.6,3036.77,393311.57
2025-07-14 04:00:00+00:00,3036.77,3066.21,3016.19,3044.76,434968.11
2025-07-14 08:00:00+00:00,3044.76,3085.0,3022.12,3051.71,497777.26
2025-07-14 12:00:00+00:00,3051.71,3069.02,2992.03,3012.21,561470.81
2025-07-14 16:00:00+00:00,3012.21,3030.08,2979.99,2999.29,384454.98
2025-07-14 20:00:00+00:00,2999.29,3018.0,2980.3,3012.38,162046.08
2025-07-15 00:00:00+00:00,3012.38,3022.17,2930.91,2951.43,570547.09
2025-07-15 04:00:00+00:00,2951.43,2995.68,2933.08,2977.32,320068.97
2025-07-15 08:00:00+00:00,2977.32,2991.67,2958.17,2981.44,258976.28
2025-07-15 12:00:00+00:00,2981.44,3068.51,2963.81,3040.16,1167116.93
2025-07-15 16:00:00+00:00,3040.16,3099.4,3032.0,3041.84,856222.39
2025-07-15 20:00:00+00:00,3041.84,3146.25,3030.16,3139.16,446837.09
2025-07-16 00:00:00+00:00,3139.16,3155.44,3104.02,3116.68,333864.82
2025-07-16 04:00:00+00:00,3116.68,3175.91,3101.0,3162.72,324289.78
2025-07-16 08:00:00+00:00,3162.72,3174.91,3144.72,3151.49,252830.5
2025-07-16 12:00:00+00:00,3151.49,3267.68,3148.0,3244.88,1025353.52
2025-07-16 16:00:00+00:00,3244.88,3382.99,3234.23,3382.98,943393.71
2025-07-16 20:00:00+00:00,3382.98,3423.0,3342.3,3370.63,658251.64
2025-07-17 00:00:00+00:00,3370.63,3398.06,3310.16,3330.37,457849.49
2025-07-17 04:00:00+00:00,3330.37,3471.01,3320.62,3448.54,563694.06
2025-07-17 08:00:00+00:00,3448.54,3483.7,3426.26,3434.52,488707.04
2025-07-17 12:00:00+00:00,3434.52,3442.03,3363.0,3420.56,689420.23
2025-07-17 16:00:00+00:00,3420.56,3455.28,3365.21,3411.39,565992.85
2025-07-17 20:00:00+00:00,3411.39,3525.79,3370.01,3477.33,890271.58
2025-07-18 00:00:00+00:00,3477.33,3629.41,3458.83,3597.57,744475.21
2025-07-18 04:00:00+00:00,3597.57,3676.35,3576.24,3607.86,687893.76
2025-07-18 08:00:00+00:00,3607.86,3631.94,3584.62,3612.41,372621.89
2025-07-18 12:00:00+00:00,3612.41,3674.71,3530.01,3564.7,1016985.93
2025-07-18 16:00:00+00:00,3564.7,3625.25,3536.02,3551.31,552727.99
2025-07-18 20:00:00+00:00,3551.31,3578.01,3477.41,3547.19,578247.69
2025-07-19 00:00:00+00:00,3547.19,3600.0,3507.1,3593.7,273307.43
2025-07-19 04:00:00+00:00,3593.7,3609.1,3567.22,3571.95,164909.89
2025-07-19 08:00:00+00:00,3571.95,3579.48,3538.58,3552.88,232924.88
2025-07-19 12:00:00+00:00,3552.88,3573.71,3524.14,3552.52,263444.29
2025-07-19 16:00:00+00:00,3552.52,3583.34,3532.02,3578.76,248609.09
2025-07-19 20:00:00+00:00,3578.76,3600.77,3537.34,3592.5,226986.03
2025-07-20 00:00:00+00:00,3592.5,3695.0,3580.36,3658.03,386856.11
2025-07-20 04:00:00+00:00,3658.03,3689.99,3633.34,3668.58,247419.13
2025-07-20 08:00:00+00:00,3668.58,3771.37,3668.57,3756.48,516134.64
2025-07-20 12:00:00+00:00,3756.48,3791.97,3725.0,3785.74,472152.34
2025-07-20 16:00:00+00:00,3785.74,3826.99,3730.51,3749.38,640305.34
2025-07-20 20:00:00+00:00,3749.38,3773.7,3681.42,3757.38,592891.45
2025-07-21 00:00:00+00:00,3757.38,3768.0,3701.48,3758.64,303348.4
2025-07-21 04:00:00+00:00,3758.64,3815.01,3748.31,3789.67,357079.5
2025-07-21 08:00:00+00:00,3789.67,3842.68,3757.49,3810.66,446866.63
2025-07-21 12:00:00+00:00,3810.66,3862.19,3776.06,3811.99,638222.06
2025-07-21 16:00:00+00:00,3811.99,3819.0,3716.48,3737.54,774878.76
2025-07-21 20:00:00+00:00,3737.54,3782.76,3720.14,3762.84,221456.04
2025-07-22 00:00:00+00:00,3762.84,3801.0,3695.0,3732.2,588406.58
2025-07-22 04:00:00+00:00,3732.2,3735.0,3650.0,3677.15,555320.4
2025-07-22 08:00:00+00:00,3677.15,3722.2,3615.49,3707.1,611311.64
2025-07-22 12:00:00+00:00,3707.1,3732.31,3625.2,3718.89,714395.76
2025-07-22 16:00:00+00:00,3718.89,3752.47,3655.1,3670.11,513063.83
2025-07-22 20:00:00+00:00,3670.11,3752.65,3661.6,3747.0,281036.1
2025-07-23 00:00:00+00:00,3747.0,3764.97,3711.06,3729.21,403170.51
2025-07-23 04:00:00+00:00,3729.21,3739.98,3663.94,3674.01,257162.07
2025-07-23 08:00:00+00:00,3674.01,3698.52,3640.44,3672.2,351806.5
2025-07-23 12:00:00+00:00,3672.2,3681.44,3578.0,3645.17,830907.86
2025-07-23 16:00:00+00:00,3645.17,3645.18,3552.02,3588.17,474926.51
2025-07-23 20:00:00+00:00,3588.17,3635.72,3524.55,3629.44,443250.84
2025-07-24 00:00:00+00:00,3629.44,3666.67,3613.39,3641.69,203347.65
2025-07-24 04:00:00+00:00,3641.69,3658.68,3505.12,3591.4,590819.86
2025-07-24 08:00:00+00:00,3591.4,3661.99,3580.01,3655.58,514952.85
2025-07-24 12:00:00+00:00,3655.58,3773.0,3610.0,3732.16,759217.8
2025-07-24 16:00:00+00:00,3732.16,3755.43,3667.03,3732.88,527262.47
2025-07-24 20:00:00+00:00,3732.88,3745.07,3694.13,3706.98,272769.79
2025-07-25 00:00:00+00:00,3706.98,3707.93,3571.76,3595.01,586891.47
2025-07-25 04:00:00+00:00,3595.01,3668.91,3577.28,3631.79,556461.28
2025-07-25 08:00:00+00:00,3631.79,3750.0,3628.97,3722.71,616119.59
2025-07-25 12:00:00+00:00,3722.71,3737.09,3600.11,3632.99,693412.57
2025-07-25 16:00:00+00:00,3632.99,3659.47,3615.23,3639.9,272408.46
2025-07-25 20:00:00+00:00,3639.9,3732.54,3638.6,3725.66,334666.06
2025-07-26 00:00:00+00:00,3725.66,3769.98,3695.73,3740.39,273874.49
2025-07-26 04:00:00+00:00,3740.39,3758.59,3731.97,3743.6,118876.92
2025-07-26 08:00:00+00:00,3743.6,3784.75,3731.38,3740.85,282587.33
2025-07-26 12:00:00+00:00,3740.85,3756.11,3714.0,3736.87,215615.06
2025-07-26 16:00:00+00:00,3736.87,3756.99,3708.62,3750.92,173455.23
2025-07-26 20:00:00+00:00,3750.92,3798.19,3732.0,3742.05,161821.19
2025-07-27 00:00:00+00:00,3742.05,3789.98,3730.8,3774.96,124737.43
2025-07-27 04:00:00+00:00,3774.96,3812.39,3763.08,3768.52,224165.45
2025-07-27 08:00:00+00:00,3768.52,3842.22,3748.22,3816.03,367369.25
2025-07-27 12:00:00+00:00,3816.03,3838.0,3791.58,3819.36,246368.56
2025-07-27 16:00:00+00:00,3819.36,3871.91,3809.12,3829.13,387504.61
2025-07-27 20:00:00+00:00,3829.13,3881.98,3815.0,3873.24,254766.39
2025-07-28 00:00:00+00:00,3873.24,3908.41,3842.89,3879.96,390790.83
2025-07-28 04:00:00+00:00,3879.96,3943.36,3868.21,3893.27,431263.26
2025-07-28 08:00:00+00:00,3893.27,3903.0,3858.94,3880.0,215449.29
2025-07-28 12:00:00+00:00,3880.0,3890.31,3772.19,3807.01,706007.93
2025-07-28 16:00:00+00:00,3807.01,3822.01,3752.24,3797.25,390630.61
2025-07-28 20:00:00+00:00,3797.25,3805.09,3764.04,3796.64,249454.88
2025-07-29 00:00:00+00:00,3796.64,3821.71,3727.26,3791.3,432997.0
2025-07-29 04:00:00+00:00,3791.3,3880.8,3774.57,3877.13,358978.61
2025-07-29 08:00:00+00:00,3877.13,3887.54,3811.0,3824.65,389015.85
2025-07-29 12:00:00+00:00,3824.65,3875.93,3744.82,3759.06,667914.27
2025-07-29 16:00:00+00:00,3759.06,3794.95,3714.0,3763.46,536874.43
2025-07-29 20:00:00+00:00,3763.46,3801.08,3738.99,3792.3,341554.76
2025-07-30 00:00:00+00:00,3792.3,3827.78,3754.25,3816.01,271282.77
2025-07-30 04:00:00+00:00,3816.01,3833.73,3786.0,3809.85,223316.89
2025-07-30 08:00:00+00:00,3809.85,3825.15,3741.66,3756.88,359625.15
2025-07-30 12:00:00+00:00,3756.88,3830.61,3747.13,3795.98,429626.86
2025-07-30 16:00:00+00:00,3795.98,3822.47,3667.65,3758.87,823218.22
2025-07-30 20:00:00+00:00,3758.87,3811.18,3741.34,3809.37,296963.42
2025-07-31 00:00:00+00:00,3809.37,3868.24,3800.39,3863.13,276571.48
2025-07-31 04:00:00+00:00,3863.13,3877.65,3854.14,3863.1,172882.49
2025-07-31 08:00:00+00:00,3863.1,3872.94,3825.75,3837.91,182168.56
2025-07-31 12:00:00+00:00,3837.91,3845.56,3757.86,3785.87,595433.19
2025-07-31 16:00:00+00:00,3785.87,3816.97,3731.86,3735.35,484783.02
2025-07-31 20:00:00+00:00,3735.35,3756.45,3682.0,3696.0,482366.31
2025-08-01 00:00:00+00:00,3696.0,3722.0,3613.0,3702.61,607167.81
2025-08-01 04:00:00+00:00,3702.61,3702.61,3622.0,3648.42,404793.94
2025-08-01 08:00:00+00:00,3648.42,3648.42,3582.7,3641.51,485791.18
2025-08-01 12:00:00+00:00,3641.51,3673.8,3560.83,3613.94,805663.3
2025-08-01 16:00:00+00:00,3613.94,3633.61,3512.7,3517.04,665862.22
2025-08-01 20:00:00+00:00,3517.04,3551.61,3429.31,3486.71,674652.85
2025-08-02 00:00:00+00:00,3486.71,3532.27,3476.63,3528.0,230142.0
2025-08-02 04:00:00+00:00,3528.0,3536.47,3453.39,3517.69,386052.72
2025-08-02 08:00:00+00:00,3517.69,3523.0,3471.04,3507.3,250498.88
2025-08-02 12:00:00+00:00,3507.3,3516.3,3449.29,3457.63,367162.74
2025-08-02 16:00:00+00:00,3457.63,3479.87,3371.1,3381.75,865579.72
2025-08-02 20:00:00+00:00,3381.75,3441.3,3364.0,3392.7,460202.57
2025-08-03 00:00:00+00:00,3392.7,3450.97,3350.0,3442.7,366138.68
2025-08-03 04:00:00+00:00,3442.7,3457.78,3432.15,3453.98,153649.67
2025-08-03 08:00:00+00:00,3453.98,3514.56,3452.06,3483.3,238769.27
2025-08-03 12:00:00+00:00,3483.3,3502.82,3450.17,3474.3,234926.75
2025-08-03 16:00:00+00:00,3474.3,3513.35,3465.84,3494.88,191837.31
2025-08-03 20:00:00+00:00,3494.88,3519.95,3481.11,3495.1,217666.45
2025-08-04 00:00:00+00:00,3495.1,3574.78,3489.47,3555.15,320328.06
2025-08-04 04:00:00+00:00,3555.15,3563.98,3518.36,3550.57,206103.82
2025-08-04 08:00:00+00:00,3550.57,3573.55,3539.63,3554.01,209400.8
2025-08-04 12:00:00+00:00,3554.01,3665.0,3549.59,3647.2,720992.87
2025-08-04 16:00:00+00:00,3647.2,3717.0,3646.98,3668.24,490243.04
2025-08-04 20:00:00+00:00,3668.24,3736.38,3658.84,3719.26,339791.33
2025-08-05 00:00:00+00:00,3719.26,3720.23,3646.39,3650.41,290861.18
2025-08-05 04:00:00+00:00,3650.41,3677.97,3595.76,3612.01,417575.23
2025-08-05 08:00:00+00:00,3612.01,3693.61,3606.46,3672.5,373701.19
2025-08-05 12:00:00+00:00,3672.5,3680.28,3553.06,3568.49,879529.51
2025-08-05 16:00:00+00:00,3568.49,3611.84,3556.9,3570.0,325646.26
2025-08-05 20:00:00+00:00,3570.0,3624.25,3542.46,3609.74,254220.51
2025-08-06 00:00:00+00:00,3609.74,3612.41,3562.17,3582.16,244996.74
2025-08-06 04:00:00+00:00,3582.16,3661.68,3568.0,3638.68,393860.93
2025-08-06 08:00:00+00:00,3638.68,3644.63,3607.71,3617.97,231766.12
2025-08-06 12:00:00+00:00,3617.97,3670.29,3571.66,3663.16,525926.67
2025-08-06 16:00:00+00:00,3663.16,3698.58,3635.6,3682.0,367773.65
2025-08-06 20:00:00+00:00,3682.0,3685.65,3650.35,3681.55,154111.12
2025-08-07 00:00:00+00:00,3681.55,3716.0,3646.04,3655.2,282837.11
2025-08-07 04:00:00+00:00,3655.2,3709.9,3653.5,3701.47,190268.86
2025-08-07 08:00:00+00:00,3701.47,3841.69,3701.3,3825.14,613325.65
2025-08-07 12:00:00+00:00,3825.14,3865.23,3802.04,3834.67,542442.96
2025-08-07 16:00:00+00:00,3834.67,3876.0,3777.46,3865.8,417982.83
2025-08-07 20:00:00+00:00,3865.8,3928.0,3849.34,3908.31,364409.71
2025-08-08 00:00:00+00:00,3908.31,3968.97,3876.0,3938.02,433948.62
2025-08-08 04:00:00+00:00,3938.02,3938.4,3892.97,3914.61,232581.32
2025-08-08 08:00:00+00:00,3914.61,3926.38,3883.09,3916.31,207659.77
2025-08-08 12:00:00+00:00,3916.31,4013.61,3889.54,3953.34,755616.27
2025-08-08 16:00:00+00:00,3953.34,4066.23,3949.23,4059.92,540185.09
2025-08-08 20:00:00+00:00,4059.92,4072.34,4005.36,4009.14,225655.69
2025-08-09 00:00:00+00:00,4009.14,4051.25,4005.67,4048.81,169537.02
2025-08-09 04:00:00+00:00,4048.81,4216.0,4042.49,4170.39,753134.33
2025-08-09 08:00:00+00:00,4170.39,4248.78,4165.54,4189.64,537809.3
2025-08-09 12:00:00+00:00,4189.64,4226.84,4153.0,4208.03,391027.67
2025-08-09 16:00:00+00:00,4208.03,4271.65,4192.02,4257.76,314190.56
2025-08-09 20:00:00+00:00,4257.76,4326.98,4241.69,4259.98,540835.28
2025-08-10 00:00:00+00:00,4259.98,4333.02,4201.91,4241.09,541804.97
2025-08-10 04:00:00+00:00,4241.09,4264.35,4173.17,4185.3,351716.01
2025-08-10 08:00:00+00:00,4185.3,4232.13,4160.0,4179.72,323825.46
2025-08-10 12:00:00+00:00,4179.72,4238.95,4160.17,4217.01,293061.08
2025-08-10 16:00:00+00:00,4217.01,4258.67,4213.27,4247.71,165103.87
2025-08-10 20:00:00+00:00,4247.71,4253.37,4181.53,4249.46,328934.01
2025-08-11 00:00:00+00:00,4249.46,4343.13,4236.91,4308.0,512003.96
2025-08-11 04:00:00+00:00,4308.0,4349.0,4262.98,4272.97,342609.45
2025-08-11 08:00:00+00:00,4272.97,4283.87,4167.64,4183.6,507029.24
2025-08-11 12:00:00+00:00,4183.6,4331.55,4164.3,4328.39,793356.65
2025-08-11 16:00:00+00:00,4328.39,4367.75,4224.73,4257.61,730450.26
2025-08-11 20:00:00+00:00,4257.61,4257.61,4186.57,4220.79,369606.8
2025-08-12 00:00:00+00:00,4220.79,4311.66,4216.3,4284.56,345530.89
2025-08-12 04:00:00+00:00,4284.56,4321.4,4264.9,4314.75,270404.97
2025-08-12 08:00:00+00:00,4314.75,4332.48,4253.59,4288.83,317522.88
2025-08-12 12:00:00+00:00,4288.83,4481.3,4275.43,4471.54,1164989.99
2025-08-12 16:00:00+00:00,4471.54,4518.32,4438.37,4515.74,613562.33
2025-08-12 20:00:00+00:00,4515.74,4640.0,4502.16,4589.34,713435.19
2025-08-13 00:00:00+00:00,4589.34,4657.43,4562.61,4646.27,408920.5
2025-08-13 04:00:00+00:00,4646.27,4683.73,4606.79,4625.11,410420.07
2025-08-13 08:00:00+00:00,4625.11,4718.45,4606.19,4688.95,528852.82
2025-08-13 12:00:00+00:00,4688.95,4738.0,4611.0,4664.0,892181.41
2025-08-13 16:00:00+00:00,4664.0,4752.42,4660.0,4739.05,553803.36
2025-08-13 20:00:00+00:00,4739.05,4785.43,4696.45,4748.51,485424.8
2025-08-14 00:00:00+00:00,4748.51,4782.22,4708.12,4776.12,301209.71
2025-08-14 04:00:00+00:00,4776.12,4793.97,4716.06,4749.12,392748.37
2025-08-14 08:00:00+00:00,4749.12,4767.07,4668.55,4719.52,446046.29
2025-08-14 12:00:00+00:00,4719.52,4736.9,4456.0,4619.0,1931505.54
2025-08-14 16:00:00+00:00,4619.0,4624.46,4480.81,4538.36,747550.86
2025-08-14 20:00:00+00:00,4538.36,4570.7,4451.5,4545.77,507074.93
2025-08-15 00:00:00+00:00,4545.77,4649.12,4534.6,4633.39,333734.43
2025-08-15 04:00:00+00:00,4633.39,4662.82,4603.27,4640.64,265544.16
2025-08-15 08:00:00+00:00,4640.64,4667.93,4612.14,4634.0,222695.86
2025-08-15 12:00:00+00:00,4634.0,4673.14,4391.0,4429.31,1091838.11
2025-08-15 16:00:00+00:00,4429.31,4461.87,4371.01,4381.19,643662.18
2025-08-15 20:00:00+00:00,4381.19,4490.0,4364.25,4437.01,362699.31
2025-08-16 00:00:00+00:00,4437.01,4489.0,4422.89,4430.85,225303.6
2025-08-16 04:00:00+00:00,4430.85,4462.83,4405.8,4449.84,160187.63
2025-08-16 08:00:00+00:00,4449.84,4457.8,4371.18,4385.88,260945.52
2025-08-16 12:00:00+00:00,4385.88,4427.4,4372.98,4397.82,237424.26
2025-08-16 16:00:00+00:00,4397.82,4443.95,4388.0,4416.61,121397.41
2025-08-16 20:00:00+00:00,4416.61,4437.0,4400.62,4421.01,87337.39
2025-08-17 00:00:00+00:00,4421.01,4458.59,4392.08,4450.94,140714.97
2025-08-17 04:00:00+00:00,4450.94,4488.4,4442.0,4464.89,227811.93
2025-08-17 08:00:00+00:00,4464.89,4575.71,4456.13,4549.41,386457.56
2025-08-17 12:00:00+00:00,4549.41,4563.99,4515.07,4559.3,221957.69
2025-08-17 16:00:00+00:00,4559.3,4564.93,4423.71,4457.6,392574.97
2025-08-17 20:00:00+00:00,4457.6,4533.26,4454.65,4470.62,230338.24
2025-08-18 00:00:00+00:00,4470.62,4480.89,4273.18,4317.62,789488.83
2025-08-18 04:00:00+00:00,4317.62,4345.67,4228.0,4254.8,613509.65
2025-08-18 08:00:00+00:00,4254.8,4318.88,4223.6,4271.99,542400.6
2025-08-18 12:00:00+00:00,4271.99,4367.73,4267.98,4343.97,692830.01
2025-08-18 16:00:00+00:00,4343.97,4386.65,4297.26,4353.2,438264.37
2025-08-18 20:00:00+00:00,4353.2,4387.55,4302.39,4311.44,275635.34
2025-08-19 00:00:00+00:00,4311.44,4353.62,4210.4,4217.24,455173.87
2025-08-19 04:00:00+00:00,4217.24,4248.61,4190.62,4232.02,354694.41
2025-08-19 08:00:00+00:00,4232.02,4318.11,4216.26,4306.85,339365.39
2025-08-19 12:00:00+00:00,4306.85,4340.5,4165.42,4189.45,853465.21
2025-08-19 16:00:00+00:00,4189.45,4204.86,4113.0,4141.76,579051.8
2025-08-19 20:00:00+00:00,4141.76,4164.77,4066.06,4074.51,401793.91
2025-08-20 00:00:00+00:00,4074.51,4159.6,4059.74,4139.84,366594.41
2025-08-20 04:00:00+00:00,4139.84,4211.52,4138.26,4184.03,253378.11
2025-08-20 08:00:00+00:00,4184.03,4240.15,4148.81,4194.76,438038.23
2025-08-20 12:00:00+00:00,4194.76,4307.57,4101.12,4253.2,1025101.29
2025-08-20 16:00:00+00:00,4253.2,4363.93,4252.41,4344.94,750496.67
2025-08-20 20:00:00+00:00,4344.94,4376.91,4318.09,4334.36,296334.47
2025-08-21 00:00:00+00:00,4334.36,4338.29,4275.34,4293.0,293846.14
2025-08-21 04:00:00+00:00,4293.0,4319.44,4267.73,4309.54,214107.07
2025-08-21 08:00:00+00:00,4309.54,4314.0,4253.69,4277.19,294483.46
2025-08-21 12:00:00+00:00,4277.19,4326.5,4223.85,4240.8,690909.68
2025-08-21 16:00:00+00:00,4240.8,4273.76,4206.0,4222.4,409296.42
2025-08-21 20:00:00+00:00,4222.4,4261.11,4202.94,4224.08,316369.29
2025-08-22 00:00:00+00:00,4224.08,4314.21,4220.12,4277.07,298780.78
2025-08-22 04:00:00+00:00,4277.07,4344.03,4271.0,4326.08,296724.4
2025-08-22 08:00:00+00:00,4326.08,4353.0,4270.98,4272.97,320441.19
2025-08-22 12:00:00+00:00,4272.97,4666.61,4206.26,4613.88,1984112.3
2025-08-22 16:00:00+00:00,4613.88,4859.99,4613.39,4832.36,1146780.74
2025-08-22 20:00:00+00:00,4832.36,4888.0,4794.35,4831.62,518323.66
2025-08-23 00:00:00+00:00,4831.62,4831.7,4661.39,4695.19,522491.43
2025-08-23 04:00:00+00:00,4695.19,4765.82,4694.01,4712.99,299457.39
2025-08-23 08:00:00+00:00,4712.99,4746.0,4688.0,4703.8,214118.87
2025-08-23 12:00:00+00:00,4703.8,4767.93,4691.2,4748.8,268492.45
2025-08-23 16:00:00+00:00,4748.8,4760.57,4724.15,4756.71,137775.52
2025-08-23 20:00:00+00:00,4756.71,4795.96,4735.3,4776.12,118977.21
2025-08-24 00:00:00+00:00,4776.12,4816.87,4749.82,4787.74,202982.54
2025-08-24 04:00:00+00:00,4787.74,4799.48,4755.0,4757.22,133468.13
2025-08-24 08:00:00+00:00,4757.22,4784.99,4716.48,4746.33,204863.56
2025-08-24 12:00:00+00:00,4746.33,4830.0,4736.64,4796.41,308675.04
2025-08-24 16:00:00+00:00,4796.41,4957.96,4743.49,4813.14,1096593.77
2025-08-24 20:00:00+00:00,4813.14,4823.0,4706.11,4779.11,640732.17
2025-08-25 00:00:00+00:00,4779.11,4798.07,4668.33,4725.71,382685.92
2025-08-25 04:00:00+00:00,4725.71,4738.1,4579.61,4589.75,515792.75
2025-08-25 08:00:00+00:00,4589.75,4614.77,4518.0,4597.7,588149.51
2025-08-25 12:00:00+00:00,4597.7,4682.88,4583.0,4610.36,635490.1
2025-08-25 16:00:00+00:00,4610.36,4643.4,4413.47,4418.18,648070.76
2025-08-25 20:00:00+00:00,4418.18,4443.68,4330.39,4374.0,807737.28
2025-08-26 00:00:00+00:00,4374.0,4448.44,4308.6,4400.27,611533.84
2025-08-26 04:00:00+00:00,4400.27,4452.64,4391.48,4427.03,272984.09
2025-08-26 08:00:00+00:00,4427.03,4464.1,4403.01,4425.54,249361.88
2025-08-26 12:00:00+00:00,4425.54,4578.08,4403.06,4516.63,910076.17
2025-08-26 16:00:00+00:00,4516.63,4595.88,4496.27,4594.0,401094.81
2025-08-26 20:00:00+00:00,4594.0,4631.99,4559.52,4597.94,267152.51
2025-08-27 00:00:00+00:00,4597.94,4625.48,4537.79,4601.27,287734.67
2025-08-27 04:00:00+00:00,4601.27,4644.0,4557.51,4578.1,285479.9
2025-08-27 08:00:00+00:00,4578.1,4618.0,4551.6,4605.78,244719.6
2025-08-27 12:00:00+00:00,4605.78,4663.0,4571.43,4655.86,509580.85
2025-08-27 16:00:00+00:00,4655.86,4656.48,4530.68,4562.4,342857.54
2025-08-27 20:00:00+00:00,4562.4,4612.9,4477.8,4504.73,546911.95
2025-08-28 00:00:00+00:00,4504.73,4547.0,4464.29,4539.54,240830.63
2025-08-28 04:00:00+00:00,4539.54,4599.0,4532.18,4594.71,207245.54
2025-08-28 08:00:00+00:00,4594.71,4632.47,4580.0,4593.6,244809.32
2025-08-28 12:00:00+00:00,4593.6,4614.26,4480.57,4500.97,480896.93
2025-08-28 16:00:00+00:00,4500.97,4527.62,4432.0,4435.45,355562.86
2025-08-28 20:00:00+00:00,4435.45,4513.5,4425.61,4508.69,209342.17
2025-08-29 00:00:00+00:00,4508.69,4515.59,4431.56,4487.19,287125.38
2025-08-29 04:00:00+00:00,4487.19,4495.74,4366.0,4379.5,345006.99
2025-08-29 08:00:00+00:00,4379.5,4396.34,4316.51,4344.46,369170.64
2025-08-29 12:00:00+00:00,4344.46,4452.13,4260.0,4314.18,947519.2
2025-08-29 16:00:00+00:00,4314.18,4365.74,4293.92,4338.68,317557.01
2025-08-29 20:00:00+00:00,4338.68,4380.17,4303.27,4358.91,253094.47
2025-08-30 00:00:00+00:00,4358.91,4382.45,4255.01,4351.18,331411.58
2025-08-30 04:00:00+00:00,4351.18,4414.0,4345.0,4399.7,226344.27
2025-08-30 08:00:00+00:00,4399.7,4406.23,4376.36,4390.35,118980.73
2025-08-30 12:00:00+00:00,4390.35,4391.74,4329.45,4373.85,240133.37
2025-08-30 16:00:00+00:00,4373.85,4373.85,4333.03,4352.36,104810.62
2025-08-30 20:00:00+00:00,4352.36,4377.35,4331.8,4372.76,84958.45
2025-08-31 00:00:00+00:00,4372.76,4486.86,4371.2,4486.0,293840.2
2025-08-31 04:00:00+00:00,4486.0,4490.02,4430.31,4448.4,181410.77
2025-08-31 08:00:00+00:00,4448.4,4481.44,4436.85,4473.94,203144.98
2025-08-31 12:00:00+00:00,4473.94,4496.43,4446.55,4482.65,224141.9
2025-08-31 16:00:00+00:00,4482.65,4489.92,4452.32,4453.78,121239.57
2025-08-31 20:00:00+00:00,4453.78,4477.22,4375.43,4389.43,254103.96
2025-09-01 00:00:00+00:00,4389.43,4430.81,4360.0,4402.15,338651.18
2025-09-01 04:00:00+00:00,4402.15,4462.24,4355.11,4461.68,288021.41
2025-09-01 08:00:00+00:00,4461.68,4490.0,4380.78,4391.0,388965.0
2025-09-01 12:00:00+00:00,4391.0,4423.0,4341.92,4360.03,300214.32
2025-09-01 16:00:00+00:00,4360.03,4369.9,4307.08,4366.41,268345.88
2025-09-01 20:00:00+00:00,4366.41,4366.5,4210.0,4312.81,547436.24
2025-09-02 00:00:00+00:00,4312.81,4393.85,4288.97,4365.71,308646.8
2025-09-02 04:00:00+00:00,4365.71,4414.74,4358.86,4375.53,220968.86
2025-09-02 08:00:00+00:00,4375.53,4406.99,4337.79,4346.29,204475.88
2025-09-02 12:00:00+00:00,4346.29,4396.75,4268.69,4292.38,830260.15
2025-09-02 16:00:00+00:00,4292.38,4329.76,4254.02,4272.63,397142.53
2025-09-02 20:00:00+00:00,4272.63,4335.87,4264.02,4324.97,264448.71
2025-09-03 00:00:00+00:00,4324.97,4354.32,4281.34,4333.0,189872.07
2025-09-03 04:00:00+00:00,4333.0,4341.73,4285.98,4308.41,200202.16
2025-09-03 08:00:00+00:00,4308.41,4385.0,4301.31,4370.85,258112.66
2025-09-03 12:00:00+00:00,4370.85,4485.0,4340.16,4477.91,587661.26
2025-09-03 16:00:00+00:00,4477.91,4488.86,4451.88,4473.0,250345.17
2025-09-03 20:00:00+00:00,4473.0,4479.91,4434.06,4448.4,112663.17
2025-09-04 00:00:00+00:00,4448.4,4481.28,4387.55,4396.42,279747.72
2025-09-04 04:00:00+00:00,4396.42,4413.0,4353.56,4369.21,279942.63
2025-09-04 08:00:00+00:00,4369.21,4432.0,4362.93,4404.79,274622.87
2025-09-04 12:00:00+00:00,4404.79,4427.18,4291.5,4302.4,640554.17
2025-09-04 16:00:00+00:00,4302.4,4321.47,4262.21,4273.91,344064.06
2025-09-04 20:00:00+00:00,4273.91,4352.74,4270.03,4295.45,207970.24
2025-09-05 00:00:00+00:00,4295.45,4333.89,4288.1,4327.17,210025.41
2025-09-05 04:00:00+00:00,4327.17,4427.51,4314.0,4414.51,277472.69
2025-09-05 08:00:00+00:00,4414.51,4424.88,4371.0,4416.05,326068.6
2025-09-05 12:00:00+00:00,4416.05,4494.38,4252.95,4279.88,1208582.58
2025-09-05 16:00:00+00:00,4279.88,4330.65,4269.06,4329.59,281753.59
2025-09-05 20:00:00+00:00,4329.59,4341.92,4283.01,4306.37,228373.87
2025-09-06 00:00:00+00:00,4306.37,4327.27,4302.0,4318.5,75349.2
2025-09-06 04:00:00+00:00,4318.5,4318.84,4288.89,4310.55,86490.28
2025-09-06 08:00:00+00:00,4310.55,4313.46,4283.64,4297.73,82361.13
2025-09-06 12:00:00+00:00,4297.73,4306.62,4261.0,4267.72,153043.6
2025-09-06 16:00:00+00:00,4267.72,4304.24,4232.95,4253.83,279865.21
2025-09-06 20:00:00+00:00,4253.83,4287.26,4252.02,4271.83,70022.51
2025-09-07 00:00:00+00:00,4271.83,4303.0,4268.86,4296.0,103870.44
2025-09-07 04:00:00+00:00,4296.0,4306.11,4276.01,4293.12,99865.55
2025-09-07 08:00:00+00:00,4293.12,4314.0,4290.0,4309.29,109971.55
2025-09-07 12:00:00+00:00,4309.29,4310.01,4285.2,4297.19,119827.72
2025-09-07 16:00:00+00:00,4297.19,4300.01,4268.44,4292.3,145991.85
2025-09-07 20:00:00+00:00,4292.3,4335.0,4279.16,4304.06,150663.34
2025-09-08 00:00:00+00:00,4304.06,4329.0,4276.64,4309.83,144597.01
2025-09-08 04:00:00+00:00,4309.83,4312.2,4285.02,4290.31,107590.75
2025-09-08 08:00:00+00:00,4290.31,4336.77,4285.83,4309.81,299242.85
2025-09-08 12:00:00+00:00,4309.81,4383.0,4303.24,4369.89,429291.16
2025-09-08 16:00:00+00:00,4369.89,4372.5,4281.0,4290.82,422709.84
2025-09-08 20:00:00+00:00,4290.82,4329.9,4280.0,4304.55,198360.2
2025-09-09 00:00:00+00:00,4304.55,4314.03,4274.11,4304.47,154728.22
2025-09-09 04:00:00+00:00,4304.47,4380.0,4300.3,4360.41,285794.04
2025-09-09 08:00:00+00:00,4360.41,4366.17,4340.12,4346.0,147866.3
2025-09-09 12:00:00+00:00,4346.0,4366.77,4275.0,4282.12,538945.56
2025-09-09 16:00:00+00:00,4282.12,4297.88,4275.3,4292.3,165929.38
2025-09-09 20:00:00+00:00,4292.3,4319.0,4278.52,4308.67,186400.5
2025-09-10 00:00:00+00:00,4308.67,4325.86,4282.14,4319.57,163077.77
2025-09-10 04:00:00+00:00,4319.57,4333.45,4293.02,4327.9,168521.08
2025-09-10 08:00:00+00:00,4327.9,4333.34,4304.75,4329.5,143617.89
2025-09-10 12:00:00+00:00,4329.5,4452.18,4327.26,4402.99,675427.89
2025-09-10 16:00:00+00:00,4402.99,4407.32,4297.4,4320.31,447390.24
2025-09-10 20:00:00+00:00,4320.31,4354.59,4318.0,4347.51,148879.01
2025-09-11 00:00:00+00:00,4347.51,4410.0,4337.0,4403.22,174408.38
2025-09-11 04:00:00+00:00,4403.22,4449.99,4394.0,4439.17,269431.39
2025-09-11 08:00:00+00:00,4439.17,4441.65,4404.43,4428.19,188565.55
2025-09-11 12:00:00+00:00,4428.19,4484.77,4349.13,4410.62,820392.95
2025-09-11 16:00:00+00:00,4410.62,4440.57,4405.62,4422.06,182897.34
2025-09-11 20:00:00+00:00,4422.06,4468.34,4412.7,4457.11,141252.26
2025-09-12 00:00:00+00:00,4457.11,4539.18,4447.94,4503.71,342600.59
2025-09-12 04:00:00+00:00,4503.71,4562.71,4498.0,4524.89,259748.63
2025-09-12 08:00:00+00:00,4524.89,4536.47,4503.2,4520.41,162296.47
2025-09-12 12:00:00+00:00,4520.41,4570.9,4502.53,4540.88,302253.0
2025-09-12 16:00:00+00:00,4540.88,4659.2,4531.95,4655.65,400918.09
2025-09-12 20:00:00+00:00,4655.65,4754.08,4627.95,4710.31,474883.21
2025-09-13 00:00:00+00:00,4710.31,4766.07,4689.58,4754.15,209201.26
2025-09-13 04:00:00+00:00,4754.15,4754.65,4699.13,4708.87,156487.14
2025-09-13 08:00:00+00:00,4708.87,4737.99,4705.97,4717.87,110512.27
2025-09-13 12:00:00+00:00,4717.87,4728.99,4640.87,4653.19,328214.43
2025-09-13 16:00:00+00:00,4653.19,4666.93,4605.0,4636.92,276034.57
2025-09-13 20:00:00+00:00,4636.92,4671.88,4635.6,4665.47,108012.56
2025-09-14 00:00:00+00:00,4665.47,4692.87,4649.32,4662.45,120131.74
2025-09-14 04:00:00+00:00,4662.45,4681.8,4632.29,4649.59,143772.08
2025-09-14 08:00:00+00:00,4649.59,4673.0,4625.22,4633.83,166210.15
2025-09-14 12:00:00+00:00,4633.83,4645.0,4575.1,4581.98,417270.97
2025-09-14 16:00:00+00:00,4581.98,4632.67,4579.0,4615.42,165096.53
2025-09-14 20:00:00+00:00,4615.42,4637.0,4598.29,4603.52,140711.95
2025-09-15 00:00:00+00:00,4603.52,4643.0,4579.42,4635.5,155467.63
2025-09-15 04:00:00+00:00,4635.5,4668.93,4585.0,4596.18,318283.64
2025-09-15 08:00:00+00:00,4596.18,4596.18,4496.44,4529.77,545024.09
2025-09-15 12:00:00+00:00,4529.77,4541.98,4463.5,4498.0,421626.61
2025-09-15 16:00:00+00:00,4498.0,4513.83,4472.07,4491.46,220300.21
2025-09-15 20:00:00+00:00,4491.46,4528.48,4486.31,4521.64,112103.06
2025-09-16 00:00:00+00:00,4521.64,4536.5,4502.02,4519.29,93825.15
2025-09-16 04:00:00+00:00,4519.29,4534.31,4485.48,4510.8,199010.01
2025-09-16 08:00:00+00:00,4510.8,4530.0,4490.48,4499.26,119884.75
2025-09-16 12:00:00+00:00,4499.26,4511.41,4421.1,4466.0,466115.42
2025-09-16 16:00:00+00:00,4466.0,4509.21,4444.36,4489.43,274946.07
2025-09-16 20:00:00+00:00,4489.43,4524.0,4481.64,4499.63,187166.22
2025-09-17 00:00:00+00:00,4499.63,4552.27,4490.11,4495.46,176499.02
2025-09-17 04:00:00+00:00,4495.46,4553.97,4459.39,4542.22,258237.9
2025-09-17 08:00:00+00:00,4542.22,4544.13,4476.01,4489.31,206062.2
2025-09-17 12:00:00+00:00,4489.31,4511.47,4464.0,4487.53,238211.08
2025-09-17 16:00:00+00:00,4487.53,4532.68,4400.81,4515.99,912380.32
2025-09-17 20:00:00+00:00,4515.99,4616.66,4484.46,4588.79,360862.36
2025-09-18 00:00:00+00:00,4588.79,4643.71,4578.4,4612.52,227832.67
2025-09-18 04:00:00+00:00,4612.52,4618.78,4551.01,4572.66,203370.31
2025-09-18 08:00:00+00:00,4572.66,4606.91,4566.4,4573.81,181858.77
2025-09-18 12:00:00+00:00,4573.81,4623.82,4556.42,4596.67,379707.07
2025-09-18 16:00:00+00:00,4596.67,4634.2,4578.0,4586.14,221266.04
2025-09-18 20:00:00+00:00,4586.14,4604.16,4568.16,4585.05,105739.3
2025-09-19 00:00:00+00:00,4585.05,4618.92,4538.54,4547.75,258000.41
2025-09-19 04:00:00+00:00,4547.75,4557.76,4515.82,4537.22,261611.68
2025-09-19 08:00:00+00:00,4537.22,4548.17,4506.19,4512.13,156510.03
2025-09-19 12:00:00+00:00,4512.13,4542.8,4442.16,4472.62,432484.38
2025-09-19 16:00:00+00:00,4472.62,4488.55,4431.0,4438.72,216970.01
2025-09-19 20:00:00+00:00,4438.72,4477.78,4436.35,4467.83,122876.36
2025-09-20 00:00:00+00:00,4467.83,4475.83,4452.55,4464.86,59459.21
2025-09-20 04:00:00+00:00,4464.86,4483.45,4462.0,4482.43,69668.39
2025-09-20 08:00:00+00:00,4482.43,4482.43,4455.0,4469.37,59023.16
2025-09-20 12:00:00+00:00,4469.37,4506.99,4461.44,4497.4,138150.0
2025-09-20 16:00:00+00:00,4497.4,4508.0,4468.06,4477.95,131197.42
2025-09-20 20:00:00+00:00,4477.95,4500.24,4476.17,4478.94,49492.08
2025-09-21 00:00:00+00:00,4478.94,4487.89,4456.0,4476.8,69935.12
2025-09-21 04:00:00+00:00,4476.8,4491.0,4465.29,4476.71,47914.77
2025-09-21 08:00:00+00:00,4476.71,4478.39,4440.03,4458.3,103686.36
2025-09-21 12:00:00+00:00,4458.3,4485.0,4457.97,4480.95,70871.85
2025-09-21 16:00:00+00:00,4480.95,4497.7,4461.82,4492.99,138458.21
2025-09-21 20:00:00+00:00,4492.99,4493.63,4441.18,4443.11,111594.54
2025-09-22 00:00:00+00:00,4443.11,4454.6,4258.0,4303.86,659781.3
2025-09-22 04:00:00+00:00,4303.86,4308.96,4046.73,4190.62,907353.38
2025-09-22 08:00:00+00:00,4190.62,4204.88,4133.54,4179.71,295075.93
2025-09-22 12:00:00+00:00,4179.71,4218.0,4156.32,4165.46,356382.34
2025-09-22 16:00:00+00:00,4165.46,4181.2,4116.64,4132.96,260602.26
2025-09-22 20:00:00+00:00,4132.96,4205.99,4131.5,4196.41,135211.22
2025-09-23 00:00:00+00:00,4196.41,4209.61,4110.94,4186.18,244588.69
2025-09-23 04:00:00+00:00,4186.18,4213.84,4152.29,4203.14,167627.45
2025-09-23 08:00:00+00:00,4203.14,4228.84,4175.7,4189.91,148724.56
2025-09-23 12:00:00+00:00,4189.91,4209.4,4160.0,4178.97,241941.03
2025-09-23 16:00:00+00:00,4178.97,4205.2,4135.0,4151.33,294388.22
2025-09-23 20:00:00+00:00,4151.33,4191.0,4137.18,4162.25,120665.11
2025-09-24 00:00:00+00:00,4162.25,4192.95,4127.18,4145.52,192211.83
2025-09-24 04:00:00+00:00,4145.52,4182.86,4070.45,4173.6,357616.27
2025-09-24 08:00:00+00:00,4173.6,4197.04,4161.84,4179.96,138866.11
2025-09-24 12:00:00+00:00,4179.96,4205.9,4144.3,4163.66,271727.44
2025-09-24 16:00:00+00:00,4163.66,4192.67,4151.89,4158.8,158731.33
2025-09-24 20:00:00+00:00,4158.8,4170.0,4127.0,4150.28,124359.51
2025-09-25 00:00:00+00:00,4150.28,4159.0,4018.04,4060.01,526956.03
2025-09-25 04:00:00+00:00,4060.01,4069.0,3960.01,4006.61,517623.99
2025-09-25 08:00:00+00:00,4006.61,4050.0,3986.3,3999.96,270461.09
2025-09-25 12:00:00+00:00,3999.96,4020.98,3921.2,4001.09,712215.64
2025-09-25 16:00:00+00:00,4001.09,4004.95,3821.26,3910.49,927596.44
2025-09-25 20:00:00+00:00,3910.49,3936.31,3847.01,3872.05,337474.04
2025-09-26 00:00:00+00:00,3872.05,3971.29,3864.98,3964.39,279734.61
2025-09-26 04:00:00+00:00,3964.39,3976.0,3906.12,3938.1,287575.66
2025-09-26 08:00:00+00:00,3938.1,3944.15,3870.84,3904.36,224885.94
2025-09-26 12:00:00+00:00,3904.36,3984.0,3873.04,3944.0,526026.25
2025-09-26 16:00:00+00:00,3944.0,4067.82,3940.86,4021.68,400634.68
2025-09-26 20:00:00+00:00,4021.68,4038.78,4002.2,4029.69,131534.05
2025-09-27 00:00:00+00:00,4029.69,4031.04,4003.5,4017.01,68244.43
2025-09-27 04:00:00+00:00,4017.01,4026.78,4003.82,4006.05,56065.29
2025-09-27 08:00:00+00:00,4006.05,4016.8,3970.48,4000.97,194400.7
2025-09-27 12:00:00+00:00,4000.97,4037.6,3992.86,4017.17,160429.58
2025-09-27 16:00:00+00:00,4017.17,4018.29,3978.0,4000.69,124373.63
2025-09-27 20:00:00+00:00,4000.69,4032.4,3998.73,4016.9,60368.74
2025-09-28 00:00:00+00:00,4016.9,4030.64,3991.95,4000.99,84641.03
2025-09-28 04:00:00+00:00,4000.99,4018.67,3994.75,4012.2,61648.29
2025-09-28 08:00:00+00:00,4012.2,4014.31,3981.21,3990.66,100730.23
2025-09-28 12:00:00+00:00,3990.66,4027.36,3960.98,4019.14,190956.32
2025-09-28 16:00:00+00:00,4019.14,4053.4,4019.14,4037.19,143341.07
2025-09-28 20:00:00+00:00,4037.19,4143.0,4033.15,4139.5,264016.93
2025-09-29 00:00:00+00:00,4139.5,4144.15,4101.14,4120.68,135570.06
2025-09-29 04:00:00+00:00,4120.68,4122.43,4085.9,4106.9,112134.82
2025-09-29 08:00:00+00:00,4106.9,4139.63,4092.07,4101.53,145625.57
2025-09-29 12:00:00+00:00,4101.53,4204.8,4079.0,4162.99,496954.19
2025-09-29 16:00:00+00:00,4162.99,4192.35,4125.33,4186.99,204255.95
2025-09-29 20:00:00+00:00,4186.99,4234.8,4179.5,4212.56,190577.77
2025-09-30 00:00:00+00:00,4212.56,4244.74,4185.49,4196.59,180198.33
2025-09-30 04:00:00+00:00,4196.59,4205.82,4166.74,4180.47,162050.07
2025-09-30 08:00:00+00:00,4180.47,4181.39,4132.0,4162.28,221353.95
2025-09-30 12:00:00+00:00,4162.28,4175.82,4091.52,4117.45,342204.02
2025-09-30 16:00:00+00:00,4117.45,4169.57,4089.48,4158.46,223071.77
2025-09-30 20:00:00+00:00,4158.46,4201.72,4115.75,4143.41,276158.26
2025-10-01 00:00:00+00:00,4143.41,4172.99,4122.09,4127.28,199711.24
2025-10-01 04:00:00+00:00,4127.28,4155.87,4121.11,4144.43,121302.49
2025-10-01 08:00:00+00:00,4144.43,4329.89,4141.27,4296.86,584246.31
2025-10-01 12:00:00+00:00,4296.86,4342.83,4277.57,4325.54,309586.35
2025-10-01 16:00:00+00:00,4325.54,4338.77,4286.01,4332.07,214169.87
2025-10-01 20:00:00+00:00,4332.07,4353.85,4285.11,4346.0,158073.98
2025-10-02 00:00:00+00:00,4346.0,4398.58,4330.26,4375.68,299104.38
2025-10-02 04:00:00+00:00,4375.68,4423.21,4356.09,4374.3,313796.08
2025-10-02 08:00:00+00:00,4374.3,4395.93,4367.63,4377.33,115766.57
2025-10-02 12:00:00+00:00,4377.33,4442.11,4330.47,4435.95,569233.58
2025-10-02 16:00:00+00:00,4435.95,4515.77,4424.16,4492.85,406742.29
2025-10-02 20:00:00+00:00,4492.85,4495.2,4453.43,4481.74,158795.07
2025-10-03 00:00:00+00:00,4481.74,4558.84,4458.42,4498.77,209835.23
2025-10-03 04:00:00+00:00,4498.77,4508.81,4451.0,4460.45,166977.37
2025-10-03 08:00:00+00:00,4460.45,4494.0,4425.38,4476.96,196099.84
2025-10-03 12:00:00+00:00,4476.96,4541.68,4433.28,4533.61,344377.15
2025-10-03 16:00:00+00:00,4533.61,4592.59,4448.57,4517.1,668849.6
2025-10-03 20:00:00+00:00,4517.1,4541.28,4489.05,4511.2,102884.77
2025-10-04 00:00:00+00:00,4511.2,4515.66,4462.0,4484.13,115699.73
2025-10-04 04:00:00+00:00,4484.13,4516.67,4477.08,4497.0,108603.31
2025-10-04 08:00:00+00:00,4497.0,4503.2,4478.13,4482.77,93770.34
2025-10-04 12:00:00+00:00,4482.77,4510.5,4437.65,4453.51,200829.06
2025-10-04 16:00:00+00:00,4453.51,4476.18,4438.08,4466.5,116890.21
2025-10-04 20:00:00+00:00,4466.5,4494.0,4466.5,4485.74,64224.39
2025-10-05 00:00:00+00:00,4485.74,4574.18,4464.97,4530.01,308902.28
2025-10-05 04:00:00+00:00,4530.01,4614.28,4526.16,4604.65,307670.24
2025-10-05 08:00:00+00:00,4604.65,4618.86,4521.71,4549.44,333368.0
2025-10-05 12:00:00+00:00,4549.44,4550.05,4524.0,4530.37,138021.48
2025-10-05 16:00:00+00:00,4530.37,4539.49,4479.0,4484.79,249702.83
2025-10-05 20:00:00+00:00,4484.79,4522.42,4471.84,4511.97,108001.18
2025-10-06 00:00:00+00:00,4511.97,4551.38,4485.27,4535.07,218640.78
2025-10-06 04:00:00+00:00,4535.07,4576.85,4506.53,4531.4,185674.66
2025-10-06 08:00:00+00:00,4531.4,4592.92,4531.31,4569.93,155805.99
2025-10-06 12:00:00+00:00,4569.93,4693.32,4568.23,4671.33,457794.39
2025-10-06 16:00:00+00:00,4671.33,4732.36,4657.18,4720.4,289247.98
2025-10-06 20:00:00+00:00,4720.4,4733.96,4667.0,4681.76,143003.42
2025-10-07 00:00:00+00:00,4681.76,4697.34,4659.85,4688.78,89977.78
2025-10-07 04:00:00+00:00,4688.78,4729.99,4663.0,4676.92,233526.37
2025-10-07 08:00:00+00:00,4676.92,4712.55,4636.0,4707.34,215111.72
2025-10-07 12:00:00+00:00,4707.34,4755.7,4472.0,4511.01,1097202.4
2025-10-07 16:00:00+00:00,4511.01,4522.73,4445.0,4478.5,577351.77
2025-10-07 20:00:00+00:00,4478.5,4516.6,4425.75,4445.65,222427.28
2025-10-08 00:00:00+00:00,4445.65,4497.11,4431.32,4442.05,191995.37
2025-10-08 04:00:00+00:00,4442.05,4465.27,4409.59,4461.5,199643.51
2025-10-08 08:00:00+00:00,4461.5,4505.63,4456.0,4486.0,169092.97
2025-10-08 12:00:00+00:00,4486.0,4521.99,4433.5,4444.83,362696.19
2025-10-08 16:00:00+00:00,4444.83,4556.78,4436.4,4513.13,365558.45
2025-10-08 20:00:00+00:00,4513.13,4539.99,4498.0,4524.4,103458.24
2025-10-09 00:00:00+00:00,4524.4,4530.24,4401.2,4449.2,299883.46
2025-10-09 04:00:00+00:00,4449.2,4459.0,4408.25,4424.22,151547.16
2025-10-09 08:00:00+00:00,4424.22,4425.08,4317.56,4371.14,465497.75
2025-10-09 12:00:00+00:00,4371.14,4411.48,4288.0,4312.13,491694.94
2025-10-09 16:00:00+00:00,4312.13,4343.97,4262.82,4337.25,325105.12
2025-10-09 20:00:00+00:00,4337.25,4382.0,4326.5,4367.14,106895.45
2025-10-10 00:00:00+00:00,4367.14,4392.9,4341.51,4346.0,147192.85
2025-10-10 04:00:00+00:00,4346.0,4377.0,4313.3,4321.18,165370.44
2025-10-10 08:00:00+00:00,4321.18,4350.0,4311.26,4341.59,118749.89
2025-10-10 12:00:00+00:00,4341.59,4389.64,4067.98,4100.91,967590.16
2025-10-10 16:00:00+00:00,4100.91,4136.03,3946.77,3994.7,811880.4
2025-10-10 20:00:00+00:00,3994.7,4022.24,3311.76,3823.77,2638403.87
2025-10-11 00:00:00+00:00,3823.77,3873.88,3720.93,3788.9,413751.66
2025-10-11 04:00:00+00:00,3788.9,3830.79,3731.0,3757.45,290686.27
2025-10-11 08:00:00+00:00,3757.45,3857.38,3747.0,3838.27,315371.92
2025-10-11 12:00:00+00:00,3838.27,3854.0,3781.73,3822.93,239805.11
2025-10-11 16:00:00+00:00,3822.93,3846.55,3726.24,3757.42,222383.67
2025-10-11 20:00:00+00:00,3757.42,3764.95,3637.48,3745.01,362975.43
2025-10-12 00:00:00+00:00,3745.01,3818.19,3690.49,3779.66,285817.6
2025-10-12 04:00:00+00:00,3779.66,3843.06,3773.62,3825.78,187032.45
2025-10-12 08:00:00+00:00,3825.78,3866.79,3803.93,3818.01,172113.9
2025-10-12 12:00:00+00:00,3818.01,4078.0,3790.69,4032.79,762932.99
2025-10-12 16:00:00+00:00,4032.79,4175.79,4032.79,4133.6,563006.58
2025-10-12 20:00:00+00:00,4133.6,4196.97,4080.53,4150.3,357597.12
2025-10-13 00:00:00+00:00,4150.3,4218.74,4121.9,4138.06,226743.05
2025-10-13 04:00:00+00:00,4138.06,4197.43,4112.64,4177.02,205062.71
2025-10-13 08:00:00+00:00,4177.02,4194.67,4034.23,4078.07,345033.67
2025-10-13 12:00:00+00:00,4078.07,4180.0,4054.06,4133.76,549212.53
2025-10-13 16:00:00+00:00,4133.76,4270.0,4126.29,4250.4,373915.91
2025-10-13 20:00:00+00:00,4250.4,4290.0,4231.27,4239.36,165475.94
2025-10-14 00:00:00+00:00,4239.36,4262.0,4135.0,4150.86,294851.58
2025-10-14 04:00:00+00:00,4150.86,4158.64,3961.41,3978.51,611080.14
2025-10-14 08:00:00+00:00,3978.51,4012.3,3885.0,3969.37,564597.21
2025-10-14 12:00:00+00:00,3969.37,4087.88,3891.43,4084.02,760735.67
2025-10-14 16:00:00+00:00,4084.02,4167.96,4044.12,4101.12,739943.21
2025-10-14 20:00:00+00:00,4101.12,4144.18,4071.04,4122.81,161779.17
2025-10-15 00:00:00+00:00,4122.81,4144.83,4058.03,4079.6,238618.16
2025-10-15 04:00:00+00:00,4079.6,4128.15,4070.0,4120.24,201749.2
2025-10-15 08:00:00+00:00,4120.24,4215.43,4084.62,4097.45,381617.41
2025-10-15 12:00:00+00:00,4097.45,4105.77,3956.0,3978.4,562950.65
2025-10-15 16:00:00+00:00,3978.4,4012.79,3926.09,3980.98,368341.89
2025-10-15 20:00:00+00:00,3980.98,3994.12,3923.01,3983.61,266775.37
2025-10-16 00:00:00+00:00,3983.61,4034.87,3973.2,4013.04,144371.27
2025-10-16 04:00:00+00:00,4013.04,4049.37,3977.18,4001.83,198475.38
2025-10-16 08:00:00+00:00,4001.83,4079.88,3935.14,4060.4,358813.04
2025-10-16 12:00:00+00:00,4060.4,4084.0,3888.05,3904.01,624293.59
2025-10-16 16:00:00+00:00,3904.01,3966.41,3848.03,3865.26,622878.74
2025-10-16 20:00:00+00:00,3865.26,3896.74,3822.74,3892.37,212208.41
2025-10-17 00:00:00+00:00,3892.37,3949.59,3886.36,3931.72,180204.99
2025-10-17 04:00:00+00:00,3931.72,3935.34,3750.0,3753.75,429068.5
2025-10-17 08:00:00+00:00,3753.75,3816.66,3672.0,3776.22,724800.36
2025-10-17 12:00:00+00:00,3776.22,3809.66,3712.13,3795.75,524396.04
2025-10-17 16:00:00+00:00,3795.75,3849.31,3776.48,3825.87,367677.1
2025-10-17 20:00:00+00:00,3825.87,3881.74,3816.15,3829.88,177486.3
2025-10-18 00:00:00+00:00,3829.88,3880.45,3817.0,3868.8,120260.58
2025-10-18 04:00:00+00:00,3868.8,3926.99,3840.0,3891.12,176753.15
2025-10-18 08:00:00+00:00,3891.12,3904.0,3860.0,3880.21,116758.89
2025-10-18 12:00:00+00:00,3880.21,3892.24,3845.95,3876.01,108624.21
2025-10-18 16:00:00+00:00,3876.01,3898.99,3851.8,3892.01,94798.85
2025-10-18 20:00:00+00:00,3892.01,3908.69,3865.89,3886.9,77218.1
2025-10-19 00:00:00+00:00,3886.9,3905.0,3853.59,3904.71,83832.31
2025-10-19 04:00:00+00:00,3904.71,3919.88,3870.86,3886.37,97678.82
2025-10-19 08:00:00+00:00,3886.37,3957.32,3824.1,3922.66,465202.26
2025-10-19 12:00:00+00:00,3922.66,4001.55,3903.56,3977.78,238594.56
2025-10-19 16:00:00+00:00,3977.78,4026.15,3956.13,3983.82,192811.09
2025-10-19 20:00:00+00:00,3983.82,4031.62,3967.17,3980.97,168609.29
2025-10-20 00:00:00+00:00,3980.97,4039.25,3906.5,4025.37,321661.61
2025-10-20 04:00:00+00:00,4025.37,4084.83,4020.69,4053.67,251562.16
2025-10-20 08:00:00+00:00,4053.67,4071.03,4009.44,4032.82,186877.26
2025-10-20 12:00:00+00:00,4032.82,4049.1,4000.0,4002.12,193478.44
2025-10-20 16:00:00+00:00,4002.12,4002.12,3920.13,3979.4,403646.74
2025-10-20 20:00:00+00:00,3979.4,4002.19,3968.13,3977.84,89229.87
2025-10-21 00:00:00+00:00,3977.84,3985.12,3916.11,3920.76,149099.95
2025-10-21 04:00:00+00:00,3920.76,3920.76,3837.47,3890.33,346204.91
2025-10-21 08:00:00+00:00,3890.33,3895.98,3849.54,3888.19,192799.73
2025-10-21 12:00:00+00:00,3888.19,4084.54,3850.0,4081.69,840035.88
2025-10-21 16:00:00+00:00,4081.69,4110.0,3960.45,3993.81,643684.89
2025-10-21 20:00:00+00:00,3993.81,3999.46,3854.83,3870.7,476282.61
2025-10-22 00:00:00+00:00,3870.7,3888.29,3815.36,3857.51,249032.57
2025-10-22 04:00:00+00:00,3857.51,3882.65,3835.04,3866.89,157489.68
2025-10-22 08:00:00+00:00,3866.89,3867.27,3765.6,3826.63,347813.45
2025-10-22 12:00:00+00:00,3826.63,3875.82,3776.04,3839.44,631648.56
2025-10-22 16:00:00+00:00,3839.44,3860.1,3781.77,3802.8,363427.85
2025-10-22 20:00:00+00:00,3802.8,3814.97,3703.14,3803.73,340180.75
2025-10-23 00:00:00+00:00,3803.73,3835.37,3794.6,3825.63,120992.71
2025-10-23 04:00:00+00:00,3825.63,3896.15,3820.6,3879.74,229700.54
2025-10-23 08:00:00+00:00,3879.74,3904.73,3856.64,3861.76,181818.68
2025-10-23 12:00:00+00:00,3861.76,3887.35,3806.69,3875.0,379919.3
2025-10-23 16:00:00+00:00,3875.0,3935.0,3840.47,3857.87,374523.58
2025-10-23 20:00:00+00:00,3857.87,3858.89,3815.74,3855.12,167599.64
2025-10-24 00:00:00+00:00,3855.12,3894.7,3843.25,3889.2,145879.48
2025-10-24 04:00:00+00:00,3889.2,3987.87,3884.09,3948.0,312295.41
2025-10-24 08:00:00+00:00,3948.0,3969.0,3923.55,3945.71,164687.5
2025-10-24 12:00:00+00:00,3945.71,4029.3,3868.01,3887.24,607937.21
2025-10-24 16:00:00+00:00,3887.24,3936.8,3863.72,3924.76,187910.6
2025-10-24 20:00:00+00:00,3924.76,3944.87,3921.8,3933.76,65517.48
2025-10-25 00:00:00+00:00,3933.76,3938.93,3910.84,3919.8,74377.36
2025-10-25 04:00:00+00:00,3919.8,3959.25,3917.65,3927.0,114995.11
2025-10-25 08:00:00+00:00,3927.0,3955.49,3925.78,3938.71,89200.71
2025-10-25 12:00:00+00:00,3938.71,3956.89,3922.05,3931.8,83232.02
2025-10-25 16:00:00+00:00,3931.8,3968.59,3926.08,3956.33,73409.48
2025-10-25 20:00:00+00:00,3956.33,3963.89,3934.26,3952.01,48384.53
2025-10-26 00:00:00+00:00,3952.01,3960.41,3913.4,3930.51,100035.41
2025-10-26 04:00:00+00:00,3930.51,3955.46,3927.21,3950.24,44267.18
2025-10-26 08:00:00+00:00,3950.24,4055.62,3949.17,4044.0,272213.8
2025-10-26 12:00:00+00:00,4044.0,4100.0,4040.0,4073.72,285649.27
2025-10-26 16:00:00+00:00,4073.72,4079.58,4045.4,4066.65,89908.01
2025-10-26 20:00:00+00:00,4066.65,4179.42,4051.17,4157.96,280143.51
2025-10-27 00:00:00+00:00,4157.96,4224.29,4147.42,4203.19,260107.01
2025-10-27 04:00:00+00:00,4203.19,4254.61,4192.58,4200.01,237265.33
2025-10-27 08:00:00+00:00,4200.01,4200.37,4130.36,4160.81,287357.89
2025-10-27 12:00:00+00:00,4160.81,4186.3,4121.24,4172.0,292100.87
2025-10-27 16:00:00+00:00,4172.0,4233.02,4171.54,4191.61,256545.8
2025-10-27 20:00:00+00:00,4191.61,4194.06,4092.55,4117.9,300012.7
2025-10-28 00:00:00+00:00,4117.9,4140.59,4065.0,4091.99,224224.33
2025-10-28 04:00:00+00:00,4091.99,4126.07,4064.0,4115.01,160062.49
2025-10-28 08:00:00+00:00,4115.01,4134.64,4101.31,4110.08,120722.02
2025-10-28 12:00:00+00:00,4110.08,4174.83,4067.2,4094.86,465644.7
2025-10-28 16:00:00+00:00,4094.86,4149.88,4024.0,4037.06,317431.3
2025-10-28 20:00:00+00:00,4037.06,4040.2,3929.2,3976.81,437676.38
2025-10-29 00:00:00+00:00,3976.81,4007.67,3961.57,3995.9,136730.61
2025-10-29 04:00:00+00:00,3995.9,4037.12,3993.61,4023.15,123622.97
2025-10-29 08:00:00+00:00,4023.15,4025.68,3981.58,4008.93,142636.91
2025-10-29 12:00:00+00:00,4008.93,4027.99,3938.5,3950.0,304925.31
2025-10-29 16:00:00+00:00,3950.0,4017.99,3834.28,3902.91,791732.5
2025-10-29 20:00:00+00:00,3902.91,3963.74,3870.85,3900.65,211606.5
2025-10-30 00:00:00+00:00,3900.65,3947.67,3882.56,3932.52,147796.67
2025-10-30 04:00:00+00:00,3932.52,3944.32,3833.78,3938.71,457425.96
2025-10-30 08:00:00+00:00,3938.71,3938.98,3874.27,3878.7,175622.56
2025-10-30 12:00:00+00:00,3878.7,3882.92,3755.49,3771.18,516069.73
2025-10-30 16:00:00+00:00,3771.18,3801.3,3675.55,3684.05,467341.08
2025-10-30 20:00:00+00:00,3684.05,3806.0,3677.0,3803.06,218064.75
2025-10-31 00:00:00+00:00,3803.06,3859.91,3794.25,3827.89,237275.78
2025-10-31 04:00:00+00:00,3827.89,3872.97,3818.92,3829.5,192390.72
2025-10-31 08:00:00+00:00,3829.5,3884.34,3816.33,3872.86,160967.62
2025-10-31 12:00:00+00:00,3872.86,3887.7,3828.36,3857.73,285704.43
2025-10-31 16:00:00+00:00,3857.73,3905.45,3801.56,3884.3,347147.48
2025-10-31 20:00:00+00:00,3884.3,3891.48,3837.59,3845.8,75318.83
2025-11-01 00:00:00+00:00,3845.8,3862.69,3827.09,3859.47,78724.66
2025-11-01 04:00:00+00:00,3859.47,3867.34,3850.01,3859.42,56008.82
2025-11-01 08:00:00+00:00,3859.42,3881.5,3858.72,3876.35,59593.29
2025-11-01 12:00:00+00:00,3876.35,3901.47,3856.0,3893.19,91599.8
2025-11-01 16:00:00+00:00,3893.19,3908.0,3860.43,3877.99,91436.85
2025-11-01 20:00:00+00:00,3877.99,3891.08,3860.99,3871.8,60492.76
2025-11-02 00:00:00+00:00,3871.8,3885.87,3860.1,3878.78,37188.64
2025-11-02 04:00:00+00:00,3878.78,3917.01,3873.67,3904.34,98498.03
2025-11-02 08:00:00+00:00,3904.34,3909.4,3843.64,3888.13,186617.39
2025-11-02 12:00:00+00:00,3888.13,3892.77,3836.45,3851.15,142656.68
2025-11-02 16:00:00+00:00,3851.15,3865.37,3837.07,3854.46,66553.14
2025-11-02 20:00:00+00:00,3854.46,3915.43,3841.8,3905.15,134725.28
2025-11-03 00:00:00+00:00,3905.15,3914.02,3723.88,3733.87,402963.25
2025-11-03 04:00:00+00:00,3733.87,3763.67,3680.0,3712.17,310810.79
2025-11-03 08:00:00+00:00,3712.17,3739.53,3658.0,3709.31,353461.93
2025-11-03 12:00:00+00:00,3709.31,3747.76,3578.57,3586.82,642966.09
2025-11-03 16:00:00+00:00,3586.82,3681.79,3561.0,3629.46,428371.82
2025-11-03 20:00:00+00:00,3629.46,3635.0,3554.05,3601.83,279186.53
2025-11-04 00:00:00+00:00,3601.83,3653.68,3564.08,3640.41,192659.59
2025-11-04 04:00:00+00:00,3640.41,3646.73,3470.08,3492.61,554407.9
2025-11-04 08:00:00+00:00,3492.61,3534.72,3458.01,3527.21,288420.76
2025-11-04 12:00:00+00:00,3527.21,3586.48,3471.1,3505.76,480000.46
2025-11-04 16:00:00+00:00,3505.76,3519.0,3224.84,3229.47,1032717.98
2025-11-04 20:00:00+00:00,3229.47,3303.42,3051.42,3284.8,1169242.91
2025-11-05 00:00:00+00:00,3284.8,3347.58,3165.0,3333.35,535850.29
2025-11-05 04:00:00+00:00,3333.35,3354.22,3299.18,3329.01,206646.81
2025-11-05 08:00:00+00:00,3329.01,3329.26,3272.56,3321.78,274789.11
2025-11-05 12:00:00+00:00,3321.78,3397.98,3311.66,3396.06,451467.53
2025-11-05 16:00:00+00:00,3396.06,3477.99,3367.7,3452.58,435302.56
2025-11-05 20:00:00+00:00,3452.58,3478.87,3413.03,3422.79,217180.56
2025-11-06 00:00:00+00:00,3422.79,3449.81,3373.22,3431.29,216867.33
2025-11-06 04:00:00+00:00,3431.29,3455.0,3359.26,3378.45,245691.49
2025-11-06 08:00:00+00:00,3378.45,3414.07,3364.02,3398.11,165218.35
2025-11-06 12:00:00+00:00,3398.11,3404.01,3275.02,3298.85,537811.38
2025-11-06 16:00:00+00:00,3298.85,3351.5,3242.67,3323.68,521316.56
2025-11-06 20:00:00+00:00,3323.68,3334.79,3285.01,3313.62,170728.67
2025-11-07 00:00:00+00:00,3313.62,3364.98,3272.14,3343.47,284840.48
2025-11-07 04:00:00+00:00,3343.47,3369.0,3317.03,3356.14,157049.99
2025-11-07 08:00:00+00:00,3356.14,3359.26,3223.11,3258.0,290687.14
2025-11-07 12:00:00+00:00,3258.0,3317.16,3191.51,3295.38,517606.85
2025-11-07 16:00:00+00:00,3295.38,3448.6,3271.93,3441.72,400764.66
2025-11-07 20:00:00+00:00,3441.72,3471.93,3426.73,3434.39,173482.58
2025-11-08 00:00:00+00:00,3434.39,3466.81,3405.0,3452.2,183063.65
2025-11-08 04:00:00+00:00,3452.2,3487.19,3415.76,3446.55,210452.54
2025-11-08 08:00:00+00:00,3446.55,3471.77,3405.0,3411.39,135934.66
2025-11-08 12:00:00+00:00,3411.39,3416.34,3365.0,3375.09,209468.42
2025-11-08 16:00:00+00:00,3375.09,3406.0,3353.29,3387.66,177200.62
2025-11-08 20:00:00+00:00,3387.66,3413.96,3378.96,3400.54,62274.83
2025-11-09 00:00:00+00:00,3400.54,3402.89,3356.53,3374.84,114683.11
2025-11-09 04:00:00+00:00,3374.84,3428.42,3368.03,3420.6,124896.53
2025-11-09 08:00:00+00:00,3420.6,3433.66,3380.0,3427.33,157301.13
2025-11-09 12:00:00+00:00,3427.33,3563.12,3423.29,3513.29,413307.32
2025-11-09 16:00:00+00:00,3513.29,3579.2,3499.19,3579.19,206254.15
2025-11-09 20:00:00+00:00,3579.19,3622.07,3559.65,3581.23,224679.09
2025-11-10 00:00:00+00:00,3581.23,3658.0,3546.8,3625.96,279202.2
2025-11-10 04:00:00+00:00,3625.96,3630.82,3587.01,3607.13,152305.23
2025-11-10 08:00:00+00:00,3607.13,3629.94,3585.0,3608.71,145587.49
2025-11-10 12:00:00+00:00,3608.71,3621.23,3506.18,3517.71,403510.17
2025-11-10 16:00:00+00:00,3517.71,3574.58,3505.0,3556.48,215022.01
2025-11-10 20:00:00+00:00,3556.48,3582.45,3525.42,3566.26,139585.42
2025-11-11 00:00:00+00:00,3566.26,3647.38,3550.68,3604.12,275257.83
2025-11-11 04:00:00+00:00,3604.12,3608.75,3527.76,3542.31,222502.68
2025-11-11 08:00:00+00:00,3542.31,3586.23,3541.12,3572.29,136930.08
2025-11-11 12:00:00+00:00,3572.29,3593.25,3465.85,3479.34,453941.64
2025-11-11 16:00:00+00:00,3479.34,3499.0,3443.23,3455.4,239230.98
2025-11-11 20:00:00+00:00,3455.4,3460.9,3403.01,3415.57,231859.19
2025-11-12 00:00:00+00:00,3415.57,3454.34,3407.3,3437.79,191313.32
2025-11-12 04:00:00+00:00,3437.79,3456.11,3422.41,3426.39,93528.07
2025-11-12 08:00:00+00:00,3426.39,3569.76,3426.39,3548.1,308270.13
2025-11-12 12:00:00+00:00,3548.1,3587.38,3415.13,3426.4,562297.57
2025-11-12 16:00:00+00:00,3426.4,3452.5,3368.17,3406.17,583097.55
2025-11-12 20:00:00+00:00,3406.17,3439.99,3390.17,3412.72,137575.3
2025-11-13 00:00:00+00:00,3412.72,3472.23,3373.05,3451.13,284582.59
2025-11-13 04:00:00+00:00,3451.13,3564.38,3431.07,3536.7,334735.58
2025-11-13 08:00:00+00:00,3536.7,3548.88,3475.0,3499.88,253365.06
2025-11-13 12:00:00+00:00,3499.88,3509.88,3363.88,3384.61,630910.93
2025-11-13 16:00:00+00:00,3384.61,3396.74,3173.08,3195.38,778810.1
2025-11-13 20:00:00+00:00,3195.38,3270.73,3151.57,3229.3,433857.16
2025-11-14 00:00:00+00:00,3229.3,3250.0,3181.21,3226.26,298232.84
2025-11-14 04:00:00+00:00,3226.26,3239.78,3105.44,3213.46,572603.79
2025-11-14 08:00:00+00:00,3213.46,3217.82,3114.89,3142.99,354787.22
2025-11-14 12:00:00+00:00,3142.99,3233.6,3066.85,3195.73,817339.82
2025-11-14 16:00:00+00:00,3195.73,3256.55,3152.5,3206.51,383847.15
2025-11-14 20:00:00+00:00,3206.51,3212.45,3086.73,3110.56,311877.34
2025-11-15 00:00:00+00:00,3110.56,3192.77,3108.15,3178.05,169914.48
2025-11-15 04:00:00+00:00,3178.05,3191.5,3156.14,3175.01,96775.73
2025-11-15 08:00:00+00:00,3175.01,3176.91,3131.89,3151.15,135257.19
2025-11-15 12:00:00+00:00,3151.15,3197.24,3145.74,3184.74,108500.08
2025-11-15 16:00:00+00:00,3184.74,3230.0,3161.08,3196.59,157248.53
2025-11-15 20:00:00+00:00,3196.59,3199.81,3151.1,3166.38,117488.98
2025-11-16 00:00:00+00:00,3166.38,3209.04,3130.0,3201.53,166984.55
2025-11-16 04:00:00+00:00,3201.53,3219.8,3185.28,3218.41,92480.88
2025-11-16 08:00:00+00:00,3218.41,3248.46,3157.9,3167.4,217855.88
2025-11-16 12:00:00+00:00,3167.4,3181.0,3096.0,3103.48,259161.31
2025-11-16 16:00:00+00:00,3103.48,3128.16,3020.43,3089.93,535688.88
2025-11-16 20:00:00+00:00,3089.93,3116.18,3001.0,3093.69,303193.41
2025-11-17 00:00:00+00:00,3093.69,3179.69,3067.04,3175.82,314667.71
2025-11-17 04:00:00+00:00,3175.82,3207.74,3165.22,3197.09,165932.05
2025-11-17 08:00:00+00:00,3197.09,3222.9,3178.24,3202.69,153897.78
2025-11-17 12:00:00+00:00,3202.69,3210.01,3093.0,3119.28,572935.38
2025-11-17 16:00:00+00:00,3119.28,3141.83,2970.53,2980.65,633701.44
2025-11-17 20:00:00+00:00,2980.65,3031.0,2957.4,3030.0,337738.0
2025-11-18 00:00:00+00:00,3030.0,3049.22,2943.51,3023.27,494829.73
2025-11-18 04:00:00+00:00,3023.27,3034.0,2957.13,3023.37,339230.64
2025-11-18 08:00:00+00:00,3023.37,3073.3,3023.37,3056.91,291747.74
2025-11-18 12:00:00+00:00,3056.91,3123.83,3020.09,3105.98,464420.33
2025-11-18 16:00:00+00:00,3105.98,3170.0,3098.52,3144.57,363337.64
2025-11-18 20:00:00+00:00,3144.57,3149.52,3094.53,3122.03,165732.59
2025-11-19 00:00:00+00:00,3122.03,3124.83,3066.73,3071.37,229500.43
2025-11-19 04:00:00+00:00,3071.37,3086.81,2990.17,3083.69,416057.64
2025-11-19 08:00:00+00:00,3083.69,3111.37,3051.45,3082.4,285518.07
2025-11-19 12:00:00+00:00,3082.4,3108.49,2964.66,2971.15,614751.12
2025-11-19 16:00:00+00:00,2971.15,2985.0,2871.11,2880.16,618173.88
2025-11-19 20:00:00+00:00,2880.16,3027.95,2873.2,3024.3,530558.92
2025-11-20 00:00:00+00:00,3024.3,3057.63,3003.73,3038.1,257786.86
2025-11-20 04:00:00+00:00,3038.1,3063.15,3006.54,3038.36,245337.32
2025-11-20 08:00:00+00:00,3038.36,3045.32,2990.69,3022.66,217428.21
2025-11-20 12:00:00+00:00,3022.66,3050.0,2950.19,2953.78,657561.42
2025-11-20 16:00:00+00:00,2953.78,2959.82,2788.4,2846.44,1127486.04
2025-11-20 20:00:00+00:00,2846.44,2904.96,2816.51,2832.85,357193.16
2025-11-21 00:00:00+00:00,2832.85,2885.71,2769.35,2807.07,438809.26
2025-11-21 04:00:00+00:00,2807.07,2832.76,2646.3,2719.23,741243.98
2025-11-21 08:00:00+00:00,2719.23,2754.63,2662.23,2687.49,582690.78
2025-11-21 12:00:00+00:00,2687.49,2780.23,2620.76,2703.89,989722.0
2025-11-21 16:00:00+00:00,2703.89,2806.99,2673.49,2750.81,577303.61
2025-11-21 20:00:00+00:00,2750.81,2775.43,2706.11,2764.85,269665.15
2025-11-22 00:00:00+00:00,2764.85,2783.11,2738.0,2751.26,118023.75
2025-11-22 04:00:00+00:00,2751.26,2769.99,2724.77,2755.36,125475.91
2025-11-22 08:00:00+00:00,2755.36,2755.52,2702.63,2733.68,183428.07
2025-11-22 12:00:00+00:00,2733.68,2754.35,2709.62,2737.82,171532.3
2025-11-22 16:00:00+00:00,2737.82,2758.35,2733.8,2749.11,87585.33
2025-11-22 20:00:00+00:00,2749.11,2798.79,2731.55,2768.85,142350.2
2025-11-23 00:00:00+00:00,2768.85,2833.55,2766.68,2823.33,158150.52
2025-11-23 04:00:00+00:00,2823.33,2852.07,2775.55,2791.97,230666.93
2025-11-23 08:00:00+00:00,2791.97,2823.0,2791.85,2814.61,107760.35
2025-11-23 12:00:00+00:00,2814.61,2857.25,2807.98,2834.59,216066.09
2025-11-23 16:00:00+00:00,2834.59,2845.81,2784.53,2821.37,181921.31
2025-11-23 20:00:00+00:00,2821.37,2843.99,2793.26,2800.65,146027.07
2025-11-24 00:00:00+00:00,2800.65,2867.04,2761.44,2854.95,316773.24
2025-11-24 04:00:00+00:00,2854.95,2885.41,2801.21,2828.51,284904.47
2025-11-24 08:00:00+00:00,2828.51,2841.64,2786.21,2801.96,187780.47
2025-11-24 12:00:00+00:00,2801.96,2859.96,2782.3,2845.21,327735.19
2025-11-24 16:00:00+00:00,2845.21,2979.0,2841.15,2957.31,448903.36
2025-11-24 20:00:00+00:00,2957.31,2986.25,2945.68,2952.28,202320.43
2025-11-25 00:00:00+00:00,2952.28,2952.29,2902.54,2910.2,198215.57
2025-11-25 04:00:00+00:00,2910.2,2941.66,2896.65,2901.27,153028.04
2025-11-25 08:00:00+00:00,2901.27,2908.25,2863.0,2889.42,237128.13
2025-11-25 12:00:00+00:00,2889.42,2933.3,2852.29,2894.48,470930.09
2025-11-25 16:00:00+00:00,2894.48,2958.66,2870.01,2921.41,346870.29
2025-11-25 20:00:00+00:00,2921.41,2979.39,2905.03,2958.0,209887.56
2025-11-26 00:00:00+00:00,2958.0,2983.2,2917.16,2925.09,167840.39
2025-11-26 04:00:00+00:00,2925.09,2953.71,2918.42,2942.9,138981.17
2025-11-26 08:00:00+00:00,2942.9,2948.23,2899.37,2912.84,159644.53
2025-11-26 12:00:00+00:00,2912.84,2946.4,2886.59,2926.75,312548.08
2025-11-26 16:00:00+00:00,2926.75,3044.14,2925.09,3030.99,427194.93
2025-11-26 20:00:00+00:00,3030.99,3034.93,3006.53,3024.64,109144.17
2025-11-27 00:00:00+00:00,3024.64,3069.99,3003.0,3032.16,228048.87
2025-11-27 04:00:00+00:00,3032.16,3053.33,3015.62,3032.2,109672.51
2025-11-27 08:00:00+00:00,3032.2,3043.46,3016.17,3026.8,95742.15
2025-11-27 12:00:00+00:00,3026.8,3028.95,2984.0,3009.54,213667.45
2025-11-27 16:00:00+00:00,3009.54,3038.0,3002.47,3030.76,120624.78
2025-11-27 20:00:00+00:00,3030.76,3043.02,3001.82,3013.92,95558.7
2025-11-28 00:00:00+00:00,3013.92,3022.72,2992.5,3007.1,114037.04
2025-11-28 04:00:00+00:00,3007.1,3028.2,2998.45,2999.99,110934.65
2025-11-28 08:00:00+00:00,2999.99,3076.78,2999.71,3032.44,231904.82
2025-11-28 12:00:00+00:00,3032.44,3097.64,3024.0,3071.98,298857.38
2025-11-28 16:00:00+00:00,3071.98,3072.79,3009.28,3048.77,300706.36
2025-11-28 20:00:00+00:00,3048.77,3058.65,3013.62,3029.62,112660.72
2025-11-29 00:00:00+00:00,3029.62,3052.06,3015.77,3021.12,82868.85
2025-11-29 04:00:00+00:00,3021.12,3044.0,2990.0,3003.14,150586.58
2025-11-29 08:00:00+00:00,3003.14,3010.18,2980.89,2998.35,97359.07
2025-11-29 12:00:00+00:00,2998.35,3013.33,2984.1,3005.75,108042.95
2025-11-29 16:00:00+00:00,3005.75,3010.5,2960.0,2987.12,198121.49
2025-11-29 20:00:00+00:00,2987.12,2998.0,2980.2,2988.18,59484.68
2025-11-30 00:00:00+00:00,2988.18,3012.9,2972.61,3000.53,95789.45
2025-11-30 04:00:00+00:00,3000.53,3008.91,2983.45,3003.6,59095.0
2025-11-30 08:00:00+00:00,3003.6,3017.84,2997.0,3001.67,87879.4
2025-11-30 12:00:00+00:00,3001.67,3052.71,2998.2,3027.34,204106.56
2025-11-30 16:00:00+00:00,3027.34,3048.29,3026.71,3033.45,92730.12
2025-11-30 20:00:00+00:00,3033.45,3040.2,2987.55,2989.61,146839.46
2025-12-01 00:00:00+00:00,2989.61,2997.41,2812.02,2824.49,649796.66
2025-12-01 04:00:00+00:00,2824.49,2842.17,2804.65,2838.27,204286.08
2025-12-01 08:00:00+00:00,2838.27,2853.12,2826.62,2836.23,172721.88
2025-12-01 12:00:00+00:00,2836.23,2838.78,2718.01,2744.66,648665.83
2025-12-01 16:00:00+00:00,2744.66,2758.15,2716.65,2739.1,311276.01
2025-12-01 20:00:00+00:00,2739.1,2817.94,2738.42,2797.2,262748.35
2025-12-02 00:00:00+00:00,2797.2,2823.77,2779.33,2803.25,190887.07
2025-12-02 04:00:00+00:00,2803.25,2815.89,2795.8,2804.34,113159.39
2025-12-02 08:00:00+00:00,2804.34,2833.96,2780.7,2824.81,165432.97
2025-12-02 12:00:00+00:00,2824.81,3023.8,2815.3,3004.99,707015.84
2025-12-02 16:00:00+00:00,3004.99,3033.0,2985.37,3014.65,383633.9
2025-12-02 20:00:00+00:00,3014.65,3021.17,2971.61,2994.84,226908.81
2025-12-03 00:00:00+00:00,2994.84,3047.68,2983.27,3028.95,205659.42
2025-12-03 04:00:00+00:00,3028.95,3084.37,3027.54,3056.67,257527.79
2025-12-03 08:00:00+00:00,3056.67,3078.05,3042.73,3072.08,177181.9
2025-12-03 12:00:00+00:00,3072.08,3144.74,3028.0,3085.0,580218.77
2025-12-03 16:00:00+00:00,3085.0,3141.58,3062.8,3127.14,267079.93
2025-12-03 20:00:00+00:00,3127.14,3216.01,3115.47,3186.56,367798.58
2025-12-04 00:00:00+00:00,3186.56,3239.53,3172.49,3208.19,256793.89
2025-12-04 04:00:00+00:00,3208.19,3218.52,3167.88,3188.98,247826.84
2025-12-04 08:00:00+00:00,3188.98,3207.11,3173.11,3185.0,125681.9
2025-12-04 12:00:00+00:00,3185.0,3224.63,3137.48,3206.58,368219.86
2025-12-04 16:00:00+00:00,3206.58,3224.15,3064.22,3117.61,512872.61
2025-12-04 20:00:00+00:00,3117.61,3150.89,3103.74,3131.9,244761.68
2025-12-05 00:00:00+00:00,3131.9,3191.63,3130.87,3169.17,154042.32
2025-12-05 04:00:00+00:00,3169.17,3181.2,3150.0,3172.46,151014.64
2025-12-05 08:00:00+00:00,3172.46,3172.46,3105.98,3130.25,278901.66
2025-12-05 12:00:00+00:00,3130.25,3157.45,3080.34,3104.39,450400.4
2025-12-05 16:00:00+00:00,3104.39,3107.1,2980.01,3036.79,690713.4
2025-12-05 20:00:00+00:00,3036.79,3047.88,3004.59,3020.32,130001.51
2025-12-06 00:00:00+00:00,3020.32,3044.91,3010.61,3038.89,70523.93
2025-12-06 04:00:00+00:00,3038.89,3041.5,3020.56,3024.55,62652.62
2025-12-06 08:00:00+00:00,3024.55,3040.66,3011.22,3037.16,91259.52
2025-12-06 12:00:00+00:00,3037.16,3068.72,3023.58,3040.18,173968.16
2025-12-06 16:00:00+00:00,3040.18,3065.0,3023.62,3028.8,125358.23
2025-12-06 20:00:00+00:00,3028.8,3053.44,3024.87,3036.68,75888.56
2025-12-07 00:00:00+00:00,3036.68,3056.26,3030.67,3052.79,60475.77
2025-12-07 04:00:00+00:00,3052.79,3056.99,3029.09,3035.8,55503.42
2025-12-07 08:00:00+00:00,3035.8,3042.59,3023.0,3034.53,84097.03
2025-12-07 12:00:00+00:00,3034.53,3052.49,2909.0,3025.89,534620.14
2025-12-07 16:00:00+00:00,3025.89,3148.98,2997.92,3136.66,488465.05
2025-12-07 20:00:00+00:00,3136.66,3146.17,3011.2,3058.08,349681.7
2025-12-08 00:00:00+00:00,3058.08,3133.66,3038.77,3109.38,207155.64
2025-12-08 04:00:00+00:00,3109.38,3139.47,3107.0,3132.62,163260.66
2025-12-08 08:00:00+00:00,3132.62,3179.84,3123.45,3141.0,198935.79
2025-12-08 12:00:00+00:00,3141.0,3177.65,3086.0,3099.49,566736.71
2025-12-08 16:00:00+00:00,3099.49,3131.92,3071.68,3117.25,368972.55
2025-12-08 20:00:00+00:00,3117.25,3152.75,3111.67,3123.28,150806.93
2025-12-09 00:00:00+00:00,3123.28,3142.56,3088.63,3128.38,175752.69
2025-12-09 04:00:00+00:00,3128.38,3130.76,3094.0,3121.34,181690.0
2025-12-09 08:00:00+00:00,3121.34,3129.76,3090.29,3116.68,152677.77
2025-12-09 12:00:00+00:00,3116.68,3256.18,3096.02,3244.2,612917.51
2025-12-09 16:00:00+00:00,3244.2,3397.8,3244.19,3356.31,731403.61
2025-12-09 20:00:00+00:00,3356.31,3359.74,3282.18,3316.08,289095.95
2025-12-10 00:00:00+00:00,3316.08,3326.45,3286.0,3307.68,122647.76
2025-12-10 04:00:00+00:00,3307.68,3334.58,3304.51,3326.0,91157.39
2025-12-10 08:00:00+00:00,3326.0,3376.74,3295.17,3316.47,229686.2
2025-12-10 12:00:00+00:00,3316.47,3338.26,3301.4,3326.7,189254.69
2025-12-10 16:00:00+00:00,3326.7,3434.0,3319.09,3389.14,689406.0
2025-12-10 20:00:00+00:00,3389.14,3447.53,3314.6,3322.04,467194.42
2025-12-11 00:00:00+00:00,3322.04,3325.77,3164.51,3189.6,474829.47
2025-12-11 04:00:00+00:00,3189.6,3213.95,3178.63,3199.36,209682.15
2025-12-11 08:00:00+00:00,3199.36,3211.73,3176.16,3190.86,150467.15
2025-12-11 12:00:00+00:00,3190.86,3210.0,3141.76,3177.79,497760.77
2025-12-11 16:00:00+00:00,3177.79,3233.07,3153.42,3192.8,379039.91
2025-12-11 20:00:00+00:00,3192.8,3271.4,3190.95,3235.85,299049.96
2025-12-12 00:00:00+00:00,3235.85,3265.33,3182.21,3243.82,232986.43
2025-12-12 04:00:00+00:00,3243.82,3263.84,3230.37,3244.88,110190.64
2025-12-12 08:00:00+00:00,3244.88,3254.6,3223.74,3240.89,117924.43
2025-12-12 12:00:00+00:00,3240.89,3250.0,3055.0,3070.01,638374.2
2025-12-12 16:00:00+00:00,3070.01,3099.5,3042.13,3071.69,515152.97
2025-12-12 20:00:00+00:00,3071.69,3094.96,3065.74,3083.26,97501.01
2025-12-13 00:00:00+00:00,3083.26,3093.52,3076.48,3088.78,59937.74
2025-12-13 04:00:00+00:00,3088.78,3095.0,3082.57,3092.88,58555.17
2025-12-13 08:00:00+00:00,3092.88,3135.0,3090.8,3118.05,185881.37
2025-12-13 12:00:00+00:00,3118.05,3126.0,3092.41,3108.24,146432.57
2025-12-13 16:00:00+00:00,3108.24,3115.19,3094.7,3106.65,70682.25
2025-12-13 20:00:00+00:00,3106.65,3118.71,3077.0,3112.58,80581.72
2025-12-14 00:00:00+00:00,3112.58,3128.19,3101.93,3117.41,64108.71
2025-12-14 04:00:00+00:00,3117.41,3120.8,3102.34,3113.74,61522.51
2025-12-14 08:00:00+00:00,3113.74,3118.24,3045.85,3083.1,207644.84
2025-12-14 12:00:00+00:00,3083.1,3107.0,3067.64,3082.99,203820.28
2025-12-14 16:00:00+00:00,3082.99,3106.49,3072.04,3091.43,132673.52
2025-12-14 20:00:00+00:00,3091.43,3096.0,3023.04,3061.88,246743.66
2025-12-15 00:00:00+00:00,3061.88,3149.99,3055.02,3107.08,247291.49
2025-12-15 04:00:00+00:00,3107.08,3145.0,3102.37,3127.61,106309.11
2025-12-15 08:00:00+00:00,3127.61,3176.62,3124.03,3155.95,163050.96
2025-12-15 12:00:00+00:00,3155.95,3158.17,2982.8,3009.02,662721.06
2025-12-15 16:00:00+00:00,3009.02,3016.7,2893.0,2938.78,582064.33
2025-12-15 20:00:00+00:00,2938.78,2968.14,2914.65,2963.26,192766.37
2025-12-16 00:00:00+00:00,2963.26,2977.04,2920.38,2935.19,239238.93
2025-12-16 04:00:00+00:00,2935.19,2949.94,2873.68,2922.16,266726.03
2025-12-16 08:00:00+00:00,2922.16,2963.54,2918.09,2956.7,167468.98
2025-12-16 12:00:00+00:00,2956.7,2982.9,2884.15,2961.84,486875.95
2025-12-16 16:00:00+00:00,2961.84,2966.88,2909.56,2943.95,261458.06
2025-12-16 20:00:00+00:00,2943.95,2964.76,2935.8,2960.71,118660.51
2025-12-17 00:00:00+00:00,2960.71,2973.43,2936.66,2946.5,128679.78
2025-12-17 04:00:00+00:00,2946.5,2953.37,2912.19,2946.74,186628.79
2025-12-17 08:00:00+00:00,2946.74,2946.74,2905.68,2927.34,139382.21
2025-12-17 12:00:00+00:00,2927.34,3029.5,2883.0,2902.91,808856.84
2025-12-17 16:00:00+00:00,2902.91,2924.87,2788.4,2818.53,689266.4
2025-12-17 20:00:00+00:00,2818.53,2836.71,2801.93,2832.48,162153.16
2025-12-18 00:00:00+00:00,2832.48,2846.5,2819.23,2830.44,116836.13
2025-12-18 04:00:00+00:00,2830.44,2841.75,2821.02,2835.04,97099.88
2025-12-18 08:00:00+00:00,2835.04,2863.55,2830.21,2857.73,128448.61
2025-12-18 12:00:00+00:00,2857.73,2997.54,2853.02,2963.39,890599.71
2025-12-18 16:00:00+00:00,2963.39,2966.1,2773.21,2780.01,679093.5
2025-12-18 20:00:00+00:00,2780.01,2836.72,2777.47,2827.01,267121.3
2025-12-19 00:00:00+00:00,2827.01,2933.61,2807.1,2907.22,366370.66
2025-12-19 04:00:00+00:00,2907.22,2983.31,2905.27,2950.66,288701.01
2025-12-19 08:00:00+00:00,2950.66,2970.0,2936.28,2963.98,173971.72
2025-12-19 12:00:00+00:00,2963.98,3019.0,2941.59,2963.4,510962.87
2025-12-19 16:00:00+00:00,2963.4,3007.81,2932.75,2983.46,399442.26
2025-12-19 20:00:00+00:00,2983.46,3002.38,2970.28,2977.77,123662.72
2025-12-20 00:00:00+00:00,2977.77,2992.83,2968.9,2987.95,62060.39
2025-12-20 04:00:00+00:00,2987.95,2989.92,2973.81,2980.52,54296.37
2025-12-20 08:00:00+00:00,2980.52,2989.02,2972.65,2985.72,58746.13
2025-12-20 12:00:00+00:00,2985.72,2993.42,2964.35,2975.54,104086.21
2025-12-20 16:00:00+00:00,2975.54,2979.86,2972.08,2976.28,37047.66
2025-12-20 20:00:00+00:00,2976.28,2984.75,2970.77,2976.31,41306.45
2025-12-21 00:00:00+00:00,2976.31,2980.05,2959.39,2971.4,73408.44
2025-12-21 04:00:00+00:00,2971.4,2981.57,2970.36,2979.59,30680.86
2025-12-21 08:00:00+00:00,2979.59,3012.43,2975.69,2995.24,180581.27
2025-12-21 12:00:00+00:00,2995.24,3003.74,2939.8,2973.0,326924.66
2025-12-21 16:00:00+00:00,2973.0,2995.99,2966.0,2989.67,116456.26
2025-12-21 20:00:00+00:00,2989.67,3011.59,2969.42,3001.01,97271.38
2025-12-22 00:00:00+00:00,3001.01,3060.0,2969.29,3020.29,340469.26
2025-12-22 04:00:00+00:00,3020.29,3042.49,3018.43,3028.51,94576.32
2025-12-22 08:00:00+00:00,3028.51,3056.86,3023.11,3047.68,183112.19
2025-12-22 12:00:00+00:00,3047.68,3076.53,3018.44,3051.3,362053.04
2025-12-22 16:00:00+00:00,3051.3,3058.27,2972.56,2978.76,240522.83
2025-12-22 20:00:00+00:00,2978.76,3014.89,2960.15,3007.89,190276.25
2025-12-23 00:00:00+00:00,3007.89,3033.83,2969.42,2990.09,184735.14
2025-12-23 04:00:00+00:00,2990.09,2998.6,2944.44,2962.94,177539.5
2025-12-23 08:00:00+00:00,2962.94,2973.98,2950.56,2972.05,93080.9
2025-12-23 12:00:00+00:00,2972.05,2973.15,2898.0,2927.14,408515.49
2025-12-23 16:00:00+00:00,2927.14,2965.0,2906.48,2942.51,318200.88
2025-12-23 20:00:00+00:00,2942.51,2987.1,2938.92,2963.41,159508.66
2025-12-24 00:00:00+00:00,2963.41,2977.34,2918.52,2944.05,153806.33
2025-12-24 04:00:00+00:00,2944.05,2958.0,2916.0,2931.0,141697.45
2025-12-24 08:00:00+00:00,2931.0,2939.8,2913.0,2923.7,106799.69
2025-12-24 12:00:00+00:00,2923.7,2937.55,2886.38,2924.05,220089.49
2025-12-24 16:00:00+00:00,2924.05,2954.64,2920.01,2944.8,135130.09
2025-12-24 20:00:00+00:00,2944.8,2962.0,2940.34,2946.21,59377.93
2025-12-25 00:00:00+00:00,2946.21,2956.16,2935.17,2946.09,51930.26
2025-12-25 04:00:00+00:00,2946.09,2947.26,2936.27,2940.96,39392.63
2025-12-25 08:00:00+00:00,2940.96,2946.47,2910.2,2923.43,117210.81
2025-12-25 12:00:00+00:00,2923.43,2971.0,2918.43,2959.75,146926.19
2025-12-25 16:00:00+00:00,2959.75,2966.67,2941.41,2954.88,131622.14
2025-12-25 20:00:00+00:00,2954.88,2955.6,2888.03,2902.0,186935.23
2025-12-26 00:00:00+00:00,2902.0,2993.3,2892.22,2963.47,333006.88
2025-12-26 04:00:00+00:00,2963.47,2992.31,2950.8,2955.31,154241.57
2025-12-26 08:00:00+00:00,2955.31,2975.0,2953.29,2963.57,90655.87
2025-12-26 12:00:00+00:00,2963.57,2984.89,2892.14,2921.38,420821.51
2025-12-26 16:00:00+00:00,2921.38,2934.18,2905.19,2924.61,134603.24
2025-12-26 20:00:00+00:00,2924.61,2937.34,2920.03,2926.54,64521.6
2025-12-27 00:00:00+00:00,2926.54,2932.33,2920.59,2932.0,35804.83
2025-12-27 04:00:00+00:00,2932.0,2936.82,2927.0,2931.81,33068.57
2025-12-27 08:00:00+00:00,2931.81,2939.5,2916.18,2929.35,75838.92
2025-12-27 12:00:00+00:00,2929.35,2932.79,2924.1,2925.67,34543.57
2025-12-27 16:00:00+00:00,2925.67,2929.78,2916.0,2929.4,43302.74
2025-12-27 20:00:00+00:00,2929.4,2960.0,2926.87,2947.64,96902.95
2025-12-28 00:00:00+00:00,2947.64,2950.69,2939.32,2942.02,35056.36
2025-12-28 04:00:00+00:00,2942.02,2946.16,2928.58,2937.8,47243.04
2025-12-28 08:00:00+00:00,2937.8,2946.14,2930.0,2942.95,60846.41
2025-12-28 12:00:00+00:00,2942.95,2959.44,2935.8,2947.64,77425.07
2025-12-28 16:00:00+00:00,2947.64,2953.99,2923.5,2932.02,103962.06
2025-12-28 20:00:00+00:00,2932.02,2955.26,2926.83,2949.66,64907.99
2025-12-29 00:00:00+00:00,2949.66,3047.55,2943.0,3042.52,325270.59
2025-12-29 04:00:00+00:00,3042.52,3056.81,3001.5,3018.44,226079.1
2025-12-29 08:00:00+00:00,3018.44,3025.0,2954.46,2958.0,289080.74
2025-12-29 12:00:00+00:00,2958.0,2964.45,2907.0,2934.06,474202.53
2025-12-29 16:00:00+00:00,2934.06,2944.77,2912.7,2931.0,196902.45
2025-12-29 20:00:00+00:00,2931.0,2943.14,2923.94,2936.24,70553.03
2025-12-30 00:00:00+00:00,2936.24,2954.7,2915.79,2950.46,105831.75
2025-12-30 04:00:00+00:00,2950.46,2957.96,2935.65,2949.67,83083.33
2025-12-30 08:00:00+00:00,2949.67,3002.9,2948.9,2977.79,245219.0
2025-12-30 12:00:00+00:00,2977.79,3009.0,2957.5,2988.39,314570.2
2025-12-30 16:00:00+00:00,2988.39,2993.64,2940.85,2970.11,215935.22
2025-12-30 20:00:00+00:00,2970.11,2974.5,2952.58,2972.25,75314.08
2025-12-31 00:00:00+00:00,2972.25,2984.15,2960.52,2969.25,95012.54
2025-12-31 04:00:00+00:00,2969.25,2978.6,2965.86,2975.78,51406.56
2025-12-31 08:00:00+00:00,2975.78,3003.35,2961.54,3000.84,123742.91
2025-12-31 12:00:00+00:00,3000.84,3029.0,2965.24,2984.25,349301.7
2025-12-31 16:00:00+00:00,2984.25,2997.17,2956.17,2970.04,181378.14
2025-12-31 20:00:00+00:00,2970.04,2983.95,2962.35,2970.57,72817.21
2026-01-01 00:00:00+00:00,2970.57,2988.54,2970.25,2979.42,52828.18
2026-01-01 04:00:00+00:00,2979.42,2983.34,2972.12,2977.46,42396.19
2026-01-01 08:00:00+00:00,2977.46,2993.08,2976.87,2988.31,45766.26
2026-01-01 12:00:00+00:00,2988.31,2994.68,2975.9,2988.9,67588.79
2026-01-01 16:00:00+00:00,2988.9,3005.54,2979.11,2994.31,112134.87
2026-01-01 20:00:00+00:00,2994.31,3008.73,2985.55,3002.79,78770.95
2026-01-02 00:00:00+00:00,3002.79,3034.66,2990.03,3021.49,147313.26
2026-01-02 04:00:00+00:00,3021.49,3038.47,3006.77,3016.91,110643.63
2026-01-02 08:00:00+00:00,3016.91,3069.61,3013.95,3046.18,228644.83
2026-01-02 12:00:00+00:00,3046.18,3108.54,3018.76,3084.98,438446.25
2026-01-02 16:00:00+00:00,3084.98,3150.0,3076.95,3122.6,442628.22
2026-01-02 20:00:00+00:00,3122.6,3145.2,3109.65,3123.67,91919.21
2026-01-03 00:00:00+00:00,3123.67,3135.44,3117.1,3123.86,57315.24
2026-01-03 04:00:00+00:00,3123.86,3126.65,3073.0,3089.08,174212.61
2026-01-03 08:00:00+00:00,3089.08,3109.0,3082.04,3096.75,101366.74
2026-01-03 12:00:00+00:00,3096.75,3112.98,3091.78,3099.28,89569.11
2026-01-03 16:00:00+00:00,3099.28,3117.45,3095.93,3111.68,49308.83
2026-01-03 20:00:00+00:00,3111.68,3129.95,3105.38,3125.42,58567.85
2026-01-04 00:00:00+00:00,3125.42,3165.39,3124.44,3145.82,155939.23
2026-01-04 04:00:00+00:00,3145.82,3162.4,3132.83,3139.79,108778.18
2026-01-04 08:00:00+00:00,3139.79,3147.64,3124.6,3138.21,108359.72
2026-01-04 12:00:00+00:00,3138.21,3145.83,3116.0,3133.77,97077.29
2026-01-04 16:00:00+00:00,3133.77,3142.82,3117.14,3131.45,82808.44
2026-01-04 20:00:00+00:00,3131.45,3154.0,3128.77,3143.19,103215.07
2026-01-05 00:00:00+00:00,3143.19,3221.3,3141.12,3184.48,348139.94
2026-01-05 04:00:00+00:00,3184.48,3186.93,3132.0,3155.75,192986.05
2026-01-05 08:00:00+00:00,3155.75,3182.48,3151.13,3178.89,143408.46
2026-01-05 12:00:00+00:00,3178.89,3205.0,3132.99,3194.54,379975.08
2026-01-05 16:00:00+00:00,3194.54,3229.28,3157.36,3221.83,356597.07
2026-01-05 20:00:00+00:00,3221.83,3265.0,3218.5,3224.01,221369.58
2026-01-06 00:00:00+00:00,3224.01,3246.99,3201.53,3223.84,140190.74
2026-01-06 04:00:00+00:00,3223.84,3253.6,3209.46,3217.56,144973.65
2026-01-06 08:00:00+00:00,3217.56,3241.85,3212.48,3236.47,86508.63
2026-01-06 12:00:00+00:00,3236.47,3308.0,3227.57,3270.62,445029.85
2026-01-06 16:00:00+00:00,3270.62,3277.84,3181.09,3222.0,399726.84
2026-01-06 20:00:00+00:00,3222.0,3302.47,3221.54,3295.88,253339.21
2026-01-07 00:00:00+00:00,3295.88,3295.95,3237.42,3265.32,185131.67
2026-01-07 04:00:00+00:00,3265.32,3270.74,3245.3,3253.73,82388.98
2026-01-07 08:00:00+00:00,3253.73,3262.24,3193.31,3218.97,273515.39
2026-01-07 12:00:00+00:00,3218.97,3227.61,3142.58,3163.31,439587.24
2026-01-07 16:00:00+00:00,3163.31,3178.44,3123.41,3143.83,243561.04
2026-01-07 20:00:00+00:00,3143.83,3180.77,3126.17,3167.3,143270.34
2026-01-08 00:00:00+00:00,3167.3,3183.35,3130.29,3140.86,152862.02
2026-01-08 04:00:00+00:00,3140.86,3160.26,3088.15,3125.89,290568.78
2026-01-08 08:00:00+00:00,3125.89,3136.28,3095.0,3119.4,185758.58
2026-01-08 12:00:00+00:00,3119.4,3119.87,3052.37,3102.94,439864.35
2026-01-08 16:00:00+00:00,3102.94,3137.89,3088.21,3109.85,228796.87
2026-01-08 20:00:00+00:00,3109.85,3129.44,3087.31,3105.48,108841.96
2026-01-09 00:00:00+00:00,3105.48,3147.0,3078.5,3118.2,185711.08
2026-01-09 04:00:00+00:00,3118.2,3124.49,3108.51,3109.11,73710.55
2026-01-09 08:00:00+00:00,3109.11,3113.81,3064.88,3088.59,183325.64
2026-01-09 12:00:00+00:00,3088.59,3141.99,3055.31,3110.69,418074.02
2026-01-09 16:00:00+00:00,3110.69,3144.5,3067.0,3078.49,278176.49
2026-01-09 20:00:00+00:00,3078.49,3092.19,3063.34,3086.99,89947.11
2026-01-10 00:00:00+00:00,3086.99,3093.75,3078.73,3085.28,33427.79
2026-01-10 04:00:00+00:00,3085.28,3092.13,3077.25,3091.66,29704.81
2026-01-10 08:00:00+00:00,3091.66,3102.87,3086.0,3095.67,49474.23
2026-01-10 12:00:00+00:00,3095.67,3102.13,3086.98,3094.32,40118.01
2026-01-10 16:00:00+00:00,3094.32,3098.21,3089.0,3090.97,23244.04
2026-01-10 20:00:00+00:00,3090.97,3093.32,3077.01,3085.62,39502.42
2026-01-11 00:00:00+00:00,3085.62,3096.39,3083.01,3095.8,29486.39
2026-01-11 04:00:00+00:00,3095.8,3101.32,3088.3,3093.9,30403.78
2026-01-11 08:00:00+00:00,3093.9,3109.29,3091.33,3104.0,42149.5
2026-01-11 12:00:00+00:00,3104.0,3129.77,3103.35,3116.87,93892.7
2026-01-11 16:00:00+00:00,3116.87,3146.5,3114.52,3123.11,118602.57
2026-01-11 20:00:00+00:00,3123.11,3124.8,3090.8,3121.62,133752.51
2026-01-12 00:00:00+00:00,3121.62,3170.72,3095.36,3150.94,249063.41
2026-01-12 04:00:00+00:00,3150.94,3165.77,3131.45,3133.66,108471.84
2026-01-12 08:00:00+00:00,3133.66,3146.28,3098.8,3113.95,243034.05
2026-01-12 12:00:00+00:00,3113.95,3133.94,3063.39,3128.85,382244.04
2026-01-12 16:00:00+00:00,3128.85,3145.79,3082.49,3119.62,275896.44
2026-01-12 20:00:00+00:00,3119.62,3126.69,3081.75,3093.53,125755.44
2026-01-13 00:00:00+00:00,3093.53,3118.0,3090.01,3114.88,98878.31
2026-01-13 04:00:00+00:00,3114.88,3145.98,3111.01,3120.7,151046.5
2026-01-13 08:00:00+00:00,3120.7,3148.0,3120.7,3132.86,111020.1
2026-01-13 12:00:00+00:00,3132.86,3187.87,3128.01,3183.07,417476.67
2026-01-13 16:00:00+00:00,3183.07,3217.67,3169.64,3214.72,295148.71
2026-01-13 20:00:00+00:00,3214.72,3383.0,3188.75,3324.22,527770.41
2026-01-14 00:00:00+00:00,3324.22,3357.32,3314.0,3351.45,189000.34
2026-01-14 04:00:00+00:00,3351.45,3367.52,3320.59,3335.2,144559.21
2026-01-14 08:00:00+00:00,3335.2,3342.42,3280.08,3284.44,149723.11
2026-01-14 12:00:00+00:00,3284.44,3362.41,3277.57,3344.41,388294.69
2026-01-14 16:00:00+00:00,3344.41,3402.71,3313.95,3366.22,471554.96
2026-01-14 20:00:00+00:00,3366.22,3391.92,3345.42,3353.07,168966.45
2026-01-15 00:00:00+00:00,3353.07,3353.86,3273.85,3284.4,222828.07
2026-01-15 04:00:00+00:00,3284.4,3334.69,3282.51,3328.95,117371.22
2026-01-15 08:00:00+00:00,3328.95,3377.43,3318.64,3348.15,180721.96
2026-01-15 12:00:00+00:00,3348.15,3383.42,3283.5,3329.2,463047.4
2026-01-15 16:00:00+00:00,3329.2,3336.0,3270.54,3294.33,289742.9
2026-01-15 20:00:00+00:00,3294.33,3322.85,3274.77,3317.54,123921.25
2026-01-16 00:00:00+00:00,3317.54,3326.73,3290.01,3293.86,86077.7
2026-01-16 04:00:00+00:00,3293.86,3316.21,3275.33,3308.35,122996.34
2026-01-16 08:00:00+00:00,3308.35,3319.22,3291.13,3300.34,79049.58
2026-01-16 12:00:00+00:00,3300.34,3318.0,3250.44,3262.43,262174.74
2026-01-16 16:00:00+00:00,3262.43,3287.44,3257.48,3275.19,148939.83
2026-01-16 20:00:00+00:00,3275.19,3298.91,3262.28,3294.65,109636.68
2026-01-17 00:00:00+00:00,3294.65,3295.9,3282.03,3287.81,30421.32
2026-01-17 04:00:00+00:00,3287.81,3292.81,3284.44,3289.62,24127.83
2026-01-17 08:00:00+00:00,3289.62,3303.99,3286.52,3301.32,57804.52
2026-01-17 12:00:00+00:00,3301.32,3329.23,3297.66,3328.1,105459.79
2026-01-17 16:00:00+00:00,3328.1,3329.08,3310.33,3315.05,81628.96
2026-01-17 20:00:00+00:00,3315.05,3318.98,3295.12,3308.54,50512.97
2026-01-18 00:00:00+00:00,3308.54,3318.28,3294.21,3315.12,66958.03
2026-01-18 04:00:00+00:00,3315.12,3317.21,3303.61,3305.88,48838.28
2026-01-18 08:00:00+00:00,3305.88,3324.89,3301.47,3320.94,59551.64
2026-01-18 12:00:00+00:00,3320.94,3346.68,3312.53,3332.5,131014.06
2026-01-18 16:00:00+00:00,3332.5,3368.67,3328.11,3345.27,123729.85
2026-01-18 20:00:00+00:00,3345.27,3355.0,3276.5,3282.26,218769.1
2026-01-19 00:00:00+00:00,3282.26,3282.8,3173.07,3210.36,525742.15
2026-01-19 04:00:00+00:00,3210.36,3215.79,3185.77,3205.17,122960.35
2026-01-19 08:00:00+00:00,3205.17,3229.76,3192.25,3222.13,112673.5
2026-01-19 12:00:00+00:00,3222.13,3235.71,3199.68,3214.19,88885.28
2026-01-19 16:00:00+00:00,3214.19,3226.15,3206.62,3218.31,57236.1
2026-01-19 20:00:00+00:00,3218.31,3224.32,3163.24,3187.6,143063.37
2026-01-20 00:00:00+00:00,3187.6,3199.4,3173.11,3187.27,109154.98
2026-01-20 04:00:00+00:00,3187.27,3188.32,3107.09,3121.21,314042.96
2026-01-20 08:00:00+00:00,3121.21,3121.82,3083.74,3107.85,198268.48
2026-01-20 12:00:00+00:00,3107.85,3113.71,2993.32,3031.1,530073.86
2026-01-20 16:00:00+00:00,3031.1,3041.39,2977.68,2995.03,249933.74
2026-01-20 20:00:00+00:00,2995.03,3006.66,2906.2,2938.74,311577.3
2026-01-21 00:00:00+00:00,2938.74,2982.99,2919.72,2980.1,158079.74
2026-01-21 04:00:00+00:00,2980.1,3000.84,2963.92,2969.1,107539.96
2026-01-21 08:00:00+00:00,2969.1,2973.91,2936.24,2941.94,125593.29
2026-01-21 12:00:00+00:00,2941.94,3026.11,2900.83,3001.49,541760.09
2026-01-21 16:00:00+00:00,3001.49,3069.67,2864.33,3054.89,791030.12
2026-01-21 20:00:00+00:00,3054.89,3057.0,2970.66,2980.99,277729.58
2026-01-22 00:00:00+00:00,2980.99,3037.78,2979.26,3012.26,145174.36
2026-01-22 04:00:00+00:00,3012.26,3026.64,2998.5,2999.46,69396.15
2026-01-22 08:00:00+00:00,2999.46,3015.0,2976.3,2984.84,124266.68
2026-01-22 12:00:00+00:00,2984.84,3009.33,2903.66,2940.01,451932.37
2026-01-22 16:00:00+00:00,2940.01,2971.69,2921.87,2952.08,219154.23
2026-01-22 20:00:00+00:00,2952.08,2958.05,2928.56,2950.91,100584.67
2026-01-23 00:00:00+00:00,2950.91,2971.12,2944.37,2963.11,57519.11
2026-01-23 04:00:00+00:00,2963.11,2984.03,2933.2,2946.19,144300.01
2026-01-23 08:00:00+00:00,2946.19,2949.29,2913.92,2939.46,126712.09
2026-01-23 12:00:00+00:00,2939.46,2964.54,2890.1,2950.96,262168.05
2026-01-23 16:00:00+00:00,2950.96,3019.12,2937.16,2958.27,390123.55
2026-01-23 20:00:00+00:00,2958.27,2962.63,2927.55,2954.77,96643.07
2026-01-24 00:00:00+00:00,2954.77,2968.67,2948.0,2960.8,38331.79
2026-01-24 04:00:00+00:00,2960.8,2965.0,2951.95,2955.78,33621.37
2026-01-24 08:00:00+00:00,2955.78,2963.41,2952.54,2959.51,23048.45
2026-01-24 12:00:00+00:00,2959.51,2966.8,2941.95,2955.42,72463.08
2026-01-24 16:00:00+00:00,2955.42,2967.0,2949.91,2952.5,34672.38
2026-01-24 20:00:00+00:00,2952.5,2963.48,2947.21,2952.0,32002.45
2026-01-25 00:00:00+00:00,2952.0,2959.0,2935.18,2941.28,40694.1
2026-01-25 04:00:00+00:00,2941.28,2949.3,2933.23,2938.07,41190.85
2026-01-25 08:00:00+00:00,2938.07,2947.66,2919.02,2936.19,86567.45
2026-01-25 12:00:00+00:00,2936.19,2944.44,2920.53,2925.49,68033.15
2026-01-25 16:00:00+00:00,2925.49,2926.28,2794.01,2811.11,521048.97
2026-01-25 20:00:00+00:00,2811.11,2823.93,2785.0,2815.61,242658.59
2026-01-26 00:00:00+00:00,2815.61,2897.5,2811.02,2850.0,241523.03
2026-01-26 04:00:00+00:00,2850.0,2910.0,2848.77,2903.08,123384.31
2026-01-26 08:00:00+00:00,2903.08,2933.57,2879.35,2891.33,163786.02
2026-01-26 12:00:00+00:00,2891.33,2951.63,2872.93,2898.02,402411.58
2026-01-26 16:00:00+00:00,2898.02,2935.94,2883.89,2922.0,209203.8
2026-01-26 20:00:00+00:00,2922.0,2944.8,2892.72,2928.91,156849.69
2026-01-27 00:00:00+00:00,2928.91,2947.77,2911.0,2939.73,75309.09
2026-01-27 04:00:00+00:00,2939.73,2956.03,2923.04,2927.68,69129.25
2026-01-27 08:00:00+00:00,2927.68,2931.49,2898.0,2915.51,92687.3
2026-01-27 12:00:00+00:00,2915.51,2942.54,2903.93,2936.21,169981.29
2026-01-27 16:00:00+00:00,2936.21,2997.99,2915.69,2979.23,460434.62
2026-01-27 20:00:00+00:00,2979.23,3033.76,2977.21,3024.65,239625.06
2026-01-28 00:00:00+00:00,3024.65,3028.95,2995.34,3003.64,85077.05
2026-01-28 04:00:00+00:00,3003.64,3017.25,2991.46,3003.91,83334.69
2026-01-28 08:00:00+00:00,3003.91,3045.0,2985.0,3038.65,195806.28
2026-01-28 12:00:00+00:00,3038.65,3045.81,2981.08,3006.12,224485.87
2026-01-28 16:00:00+00:00,3006.12,3030.83,2987.37,3015.29,209169.31
2026-01-28 20:00:00+00:00,3015.29,3036.98,2995.0,3008.94,111800.43
2026-01-29 00:00:00+00:00,3008.94,3011.86,2943.0,2951.19,211201.58
2026-01-29 04:00:00+00:00,2951.19,2965.2,2935.72,2959.99,91416.89
2026-01-29 08:00:00+00:00,2959.99,2968.58,2921.7,2928.19,145250.19
2026-01-29 12:00:00+00:00,2928.19,2938.0,2794.21,2822.64,528480.18
2026-01-29 16:00:00+00:00,2822.64,2859.78,2752.05,2796.19,620751.8
2026-01-29 20:00:00+00:00,2796.19,2826.09,2787.5,2820.8,119049.05
2026-01-30 00:00:00+00:00,2820.8,2827.22,2678.13,2739.39,473986.31
2026-01-30 04:00:00+00:00,2739.39,2773.7,2694.0,2738.32,240607.69
2026-01-30 08:00:00+00:00,2738.32,2768.95,2708.11,2758.36,171193.88
2026-01-30 12:00:00+00:00,2758.36,2765.0,2690.67,2727.32,355028.69
2026-01-30 16:00:00+00:00,2727.32,2759.9,2634.84,2741.05,558863.34
2026-01-30 20:00:00+00:00,2741.05,2741.68,2663.0,2705.65,284024.91
2026-01-31 00:00:00+00:00,2705.65,2713.35,2682.65,2694.17,74516.07
2026-01-31 04:00:00+00:00,2694.17,2703.75,2664.51,2679.02,88333.32
2026-01-31 08:00:00+00:00,2679.02,2682.03,2607.12,2639.1,244632.63
2026-01-31 12:00:00+00:00,2639.1,2643.15,2496.11,2532.31,616745.03
2026-01-31 16:00:00+00:00,2532.31,2549.26,2237.52,2381.41,1517676.69
2026-01-31 20:00:00+00:00,2381.41,2473.0,2352.65,2450.64,375218.89
2026-02-01 00:00:00+00:00,2450.64,2475.0,2426.34,2444.12,140581.0
2026-02-01 04:00:00+00:00,2444.12,2453.98,2391.59,2410.12,174147.3
2026-02-01 08:00:00+00:00,2410.12,2438.5,2374.61,2410.71,241593.0
2026-02-01 12:00:00+00:00,2410.71,2411.3,2285.26,2314.62,556361.16
2026-02-01 16:00:00+00:00,2314.62,2381.18,2282.73,2319.59,399041.98
2026-02-01 20:00:00+00:00,2319.59,2349.11,2218.5,2269.19,597795.09
2026-02-02 00:00:00+00:00,2269.19,2323.33,2163.12,2237.82,720920.77
2026-02-02 04:00:00+00:00,2237.82,2267.97,2156.75,2227.05,604000.0
2026-02-02 08:00:00+00:00,2227.05,2318.75,2227.05,2281.19,397050.84
2026-02-02 12:00:00+00:00,2281.19,2395.65,2281.0,2370.61,625613.81
2026-02-02 16:00:00+00:00,2370.61,2385.66,2325.96,2329.56,262893.49
2026-02-02 20:00:00+00:00,2329.56,2354.51,2311.2,2345.52,149838.43
2026-02-03 00:00:00+00:00,2345.52,2358.5,2283.57,2342.59,237739.3
2026-02-03 04:00:00+00:00,2342.59,2354.0,2297.07,2322.01,172045.07
2026-02-03 08:00:00+00:00,2322.01,2331.89,2261.0,2275.39,318377.35
2026-02-03 12:00:00+00:00,2275.39,2316.12,2250.68,2302.3,449131.27
2026-02-03 16:00:00+00:00,2302.3,2302.66,2104.52,2204.09,1186014.14
2026-02-03 20:00:00+00:00,2204.09,2343.53,2186.67,2232.45,694922.22
2026-02-04 00:00:00+00:00,2232.45,2294.96,2222.1,2282.31,252306.05
2026-02-04 04:00:00+00:00,2282.31,2293.34,2255.16,2283.05,152125.69
2026-02-04 08:00:00+00:00,2283.05,2285.2,2225.4,2253.75,215581.54
2026-02-04 12:00:00+00:00,2253.75,2263.5,2134.64,2150.61,636525.44
2026-02-04 16:00:00+00:00,2150.61,2193.45,2075.0,2187.3,1049635.32
2026-02-04 20:00:00+00:00,2187.3,2191.84,2085.04,2146.9,447365.96
2026-02-05 00:00:00+00:00,2146.9,2174.98,2096.96,2108.85,359896.78
2026-02-05 04:00:00+00:00,2108.85,2126.87,2064.1,2090.4,547430.44
2026-02-05 08:00:00+00:00,2090.4,2149.99,2058.8,2078.86,447222.39
2026-02-05 12:00:00+00:00,2078.86,2107.7,1924.89,1959.55,1142414.8
2026-02-05 16:00:00+00:00,1959.55,2017.34,1911.55,1927.49,777746.42
2026-02-05 20:00:00+00:00,1927.49,1941.75,1814.22,1825.47,1052178.52
2026-02-06 00:00:00+00:00,1825.47,1947.3,1740.29,1891.16,1184542.27
2026-02-06 04:00:00+00:00,1891.16,1974.98,1884.97,1898.27,369294.06
2026-02-06 08:00:00+00:00,1898.27,1943.58,1864.5,1931.93,377278.13
2026-02-06 12:00:00+00:00,1931.93,2002.45,1913.61,1979.45,490277.31
2026-02-06 16:00:00+00:00,1979.45,2089.56,1965.89,2064.75,636162.12
2026-02-06 20:00:00+00:00,2064.75,2094.84,2040.85,2062.25,313437.21
2026-02-07 00:00:00+00:00,2062.25,2086.51,2031.24,2079.5,182799.69
2026-02-07 04:00:00+00:00,2079.5,2118.53,1993.37,2025.97,480001.05
2026-02-07 08:00:00+00:00,2025.97,2031.66,1998.49,2017.4,198020.04
2026-02-07 12:00:00+00:00,2017.4,2076.34,2007.58,2051.29,394357.15
2026-02-07 16:00:00+00:00,2051.29,2158.54,1969.35,2089.83,9317761.65
2026-02-07 20:00:00+00:00,2089.83,2116.93,2071.0,2085.95,143184.24
2026-02-08 00:00:00+00:00,2085.95,2106.69,2075.1,2077.55,99835.14
2026-02-08 04:00:00+00:00,2077.55,2087.82,2063.0,2083.49,110710.29
2026-02-08 08:00:00+00:00,2083.49,2137.64,2076.69,2131.06,281408.57
2026-02-08 12:00:00+00:00,2131.06,2144.35,2096.03,2107.09,227652.49
2026-02-08 16:00:00+00:00,2107.09,2129.49,2071.06,2125.71,188380.09
2026-02-08 20:00:00+00:00,2125.71,2152.22,2070.35,2088.48,277507.54
2026-02-09 00:00:00+00:00,2088.48,2102.7,2053.44,2098.99,252456.11
2026-02-09 04:00:00+00:00,2098.99,2100.96,2062.91,2064.64,112417.16
2026-02-09 08:00:00+00:00,2064.64,2069.53,2012.01,2027.28,271059.03
2026-02-09 12:00:00+00:00,2027.28,2072.95,2007.39,2060.41,343504.03
2026-02-09 16:00:00+00:00,2060.41,2142.65,2046.24,2130.6,372176.91
2026-02-09 20:00:00+00:00,2130.6,2147.18,2087.52,2103.88,195588.93
2026-02-10 00:00:00+00:00,2103.88,2123.82,2051.0,2063.83,207542.25
2026-02-10 04:00:00+00:00,2063.83,2073.77,1996.86,2006.59,336743.64
2026-02-10 08:00:00+00:00,2006.59,2031.0,1994.01,2001.89,217109.15
2026-02-10 12:00:00+00:00,2001.89,2039.31,1985.0,2021.75,358638.37
2026-02-10 16:00:00+00:00,2021.75,2046.0,1994.28,2017.0,218368.88
2026-02-10 20:00:00+00:00,2017.0,2022.17,1995.7,2021.64,94531.92
2026-02-11 00:00:00+00:00,2021.64,2031.97,1996.15,2008.27,105354.88
2026-02-11 04:00:00+00:00,2008.27,2010.0,1937.45,1949.41,347996.49
2026-02-11 08:00:00+00:00,1949.41,1955.44,1930.2,1952.35,163178.44
2026-02-11 12:00:00+00:00,1952.35,2016.11,1901.35,1927.8,662816.81
2026-02-11 16:00:00+00:00,1927.8,1958.98,1907.41,1951.13,307183.77
2026-02-11 20:00:00+00:00,1951.13,1987.29,1929.31,1940.12,223410.53
2026-02-12 00:00:00+00:00,1940.12,1977.36,1939.81,1967.78,125065.15
2026-02-12 04:00:00+00:00,1967.78,1982.21,1952.0,1967.04,125042.23
2026-02-12 08:00:00+00:00,1967.04,2001.43,1956.2,1987.96,168566.96
2026-02-12 12:00:00+00:00,1987.96,1995.92,1943.68,1947.17,278783.84
2026-02-12 16:00:00+00:00,1947.17,1948.8,1895.0,1924.25,475252.76
2026-02-12 20:00:00+00:00,1924.25,1951.75,1908.14,1947.08,128828.24
2026-02-13 00:00:00+00:00,1947.08,1957.95,1926.52,1952.7,127707.24
2026-02-13 04:00:00+00:00,1952.7,1954.84,1923.12,1934.59,149615.03
2026-02-13 08:00:00+00:00,1934.59,1969.0,1932.75,1959.5,146486.7
2026-02-13 12:00:00+00:00,1959.5,2050.43,1951.42,2033.8,464064.42
2026-02-13 16:00:00+00:00,2033.8,2072.52,2030.39,2056.75,298869.01
2026-02-13 20:00:00+00:00,2056.75,2058.89,2037.8,2047.62,104439.97
2026-02-14 00:00:00+00:00,2047.62,2056.77,2039.15,2053.34,41624.36
2026-02-14 04:00:00+00:00,2053.34,2059.74,2046.8,2056.0,66474.52
2026-02-14 08:00:00+00:00,2056.0,2107.36,2055.8,2098.3,206631.48
2026-02-14 12:00:00+00:00,2098.3,2099.13,2061.83,2086.45,184246.53
2026-02-14 16:00:00+00:00,2086.45,2089.65,2066.19,2087.68,85655.82
2026-02-14 20:00:00+00:00,2087.68,2097.96,2077.3,2085.63,72983.29
2026-02-15 00:00:00+00:00,2085.63,2089.59,2035.01,2057.98,233823.04
2026-02-15 04:00:00+00:00,2057.98,2103.0,2057.98,2090.68,181264.23
2026-02-15 08:00:00+00:00,2090.68,2096.22,2053.0,2060.85,142950.76
2026-02-15 12:00:00+00:00,2060.85,2067.97,1991.0,2010.34,356048.04
2026-02-15 16:00:00+00:00,2010.34,2010.34,1927.21,1941.1,434467.26
2026-02-15 20:00:00+00:00,1941.1,1973.91,1933.1,1965.3,190419.36
2026-02-16 00:00:00+00:00,1965.3,1980.5,1947.56,1957.72,123657.58
2026-02-16 04:00:00+00:00,1957.72,1978.15,1951.57,1970.09,105330.25
2026-02-16 08:00:00+00:00,1970.09,1992.73,1955.7,1975.09,171105.7
2026-02-16 12:00:00+00:00,1975.09,2022.97,1936.0,1955.66,517892.24
2026-02-16 16:00:00+00:00,1955.66,1987.62,1954.8,1973.26,197654.98
2026-02-16 20:00:00+00:00,1973.26,2003.36,1969.85,1997.4,148025.74
2026-02-17 00:00:00+00:00,1997.4,2008.45,1978.29,1984.72,136340.48
2026-02-17 04:00:00+00:00,1984.72,1997.76,1963.0,1984.74,121402.31
2026-02-17 08:00:00+00:00,1984.74,1989.74,1960.12,1967.4,128991.56
2026-02-17 12:00:00+00:00,1967.4,2002.38,1939.7,1967.71,450785.89
2026-02-17 16:00:00+00:00,1967.71,2015.4,1952.67,1997.47,479663.67
2026-02-17 20:00:00+00:00,1997.47,2003.59,1986.33,1990.93,115363.72
2026-02-18 00:00:00+00:00,1990.93,1999.52,1967.33,1995.79,114113.84
2026-02-18 04:00:00+00:00,1995.79,2023.67,1992.02,2017.32,138094.2
2026-02-18 08:00:00+00:00,2017.32,2038.35,1974.75,1980.13,296069.04
2026-02-18 12:00:00+00:00,1980.13,2009.93,1952.85,1984.38,430664.69
2026-02-18 16:00:00+00:00,1984.38,1986.9,1922.54,1940.0,421823.13
2026-02-18 20:00:00+00:00,1940.0,1955.84,1934.21,1954.81,118544.28
2026-02-19 00:00:00+00:00,1954.81,1974.08,1948.79,1971.49,119997.08
2026-02-19 04:00:00+00:00,1971.49,1987.38,1963.01,1980.94,121042.36
2026-02-19 08:00:00+00:00,1980.94,1981.88,1946.78,1948.64,168722.6
2026-02-19 12:00:00+00:00,1948.64,1955.59,1909.4,1925.19,437510.17
2026-02-19 16:00:00+00:00,1925.19,1946.76,1905.47,1940.22,272382.19
2026-02-19 20:00:00+00:00,1940.22,1951.81,1933.58,1948.13,100235.92
2026-02-20 00:00:00+00:00,1948.13,1963.9,1946.37,1953.88,107152.03
2026-02-20 04:00:00+00:00,1953.88,1968.01,1930.0,1959.74,192598.85
2026-02-20 08:00:00+00:00,1959.74,1972.87,1939.02,1942.83,175245.48
2026-02-20 12:00:00+00:00,1942.83,1980.0,1921.27,1963.12,484728.64
2026-02-20 16:00:00+00:00,1963.12,1981.44,1938.0,1962.79,403201.54
2026-02-20 20:00:00+00:00,1962.79,1974.39,1960.68,1967.93,79512.15
2026-02-21 00:00:00+00:00,1967.93,1970.0,1954.6,1958.44,59071.79
2026-02-21 04:00:00+00:00,1958.44,1965.56,1955.21,1961.97,38398.36
2026-02-21 08:00:00+00:00,1961.97,1989.42,1961.11,1976.48,140109.34
2026-02-21 12:00:00+00:00,1976.48,1996.62,1968.83,1987.3,162356.49
2026-02-21 16:00:00+00:00,1987.3,1995.0,1975.39,1987.89,118612.86
2026-02-21 20:00:00+00:00,1987.89,1990.34,1966.18,1972.41,147154.74
2026-02-22 00:00:00+00:00,1972.41,1982.99,1964.9,1973.56,82269.44
2026-02-22 04:00:00+00:00,1973.56,1978.66,1969.89,1975.11,58407.41
2026-02-22 08:00:00+00:00,1975.11,1982.43,1969.24,1979.82,63890.66
2026-02-22 12:00:00+00:00,1979.82,1980.81,1942.27,1952.87,256593.1
2026-02-22 16:00:00+00:00,1952.87,1954.69,1933.47,1942.85,114487.44
2026-02-22 20:00:00+00:00,1942.85,1960.07,1938.63,1957.04,102504.54
2026-02-23 00:00:00+00:00,1957.04,1957.33,1845.01,1861.29,546606.61
2026-02-23 04:00:00+00:00,1861.29,1888.26,1851.61,1884.09,158006.73
2026-02-23 08:00:00+00:00,1884.09,1927.4,1875.57,1914.49,284429.13
2026-02-23 12:00:00+00:00,1914.49,1934.94,1890.7,1894.52,325992.31
2026-02-23 16:00:00+00:00,1894.52,1899.55,1836.08,1856.12,370160.49
2026-02-23 20:00:00+00:00,1856.12,1868.97,1845.54,1855.26,144392.38
2026-02-24 00:00:00+00:00,1855.26,1868.71,1810.13,1830.75,352200.3
2026-02-24 04:00:00+00:00,1830.75,1839.7,1812.41,1824.7,244512.25
2026-02-24 08:00:00+00:00,1824.7,1835.46,1814.0,1825.65,129113.48
2026-02-24 12:00:00+00:00,1825.65,1849.59,1797.0,1846.39,392457.97
2026-02-24 16:00:00+00:00,1846.39,1864.55,1836.58,1851.44,270549.12
2026-02-24 20:00:00+00:00,1851.44,1863.63,1844.23,1851.05,106331.17
2026-02-25 00:00:00+00:00,1851.05,1946.66,1845.45,1905.51,500364.79
2026-02-25 04:00:00+00:00,1905.51,1914.12,1877.0,1892.36,205843.35
2026-02-25 08:00:00+00:00,1892.36,1927.87,1889.27,1925.66,172612.25
2026-02-25 12:00:00+00:00,1925.66,2029.93,1921.52,2013.1,754987.91
2026-02-25 16:00:00+00:00,2013.1,2086.45,2012.6,2070.36,620281.37
2026-02-25 20:00:00+00:00,2070.36,2149.0,2033.44,2056.8,624119.29
2026-02-26 00:00:00+00:00,2056.8,2076.22,2038.43,2053.64,207040.24
2026-02-26 04:00:00+00:00,2053.64,2082.64,2050.99,2052.73,163035.1
2026-02-26 08:00:00+00:00,2052.73,2084.14,2043.29,2056.54,212969.26
2026-02-26 12:00:00+00:00,2056.54,2078.04,2010.25,2032.56,477506.63
2026-02-26 16:00:00+00:00,2032.56,2037.5,1973.08,2029.0,539726.32
2026-02-26 20:00:00+00:00,2029.0,2041.16,2016.97,2026.77,139547.99
2026-02-27 00:00:00+00:00,2026.77,2049.41,1998.21,2044.15,198951.51
2026-02-27 04:00:00+00:00,2044.15,2063.39,2020.81,2031.62,204060.81
2026-02-27 08:00:00+00:00,2031.62,2045.0,1951.93,1961.01,387950.57
2026-02-27 12:00:00+00:00,1961.01,1968.46,1937.51,1947.49,388422.12
2026-02-27 16:00:00+00:00,1947.49,1947.79,1906.31,1920.3,339654.95
2026-02-27 20:00:00+00:00,1920.3,1932.55,1885.46,1928.48,228079.3
2026-02-28 00:00:00+00:00,1928.48,1935.99,1918.79,1923.22,106071.93
2026-02-28 04:00:00+00:00,1923.22,1930.69,1833.84,1865.4,554751.02
2026-02-28 08:00:00+00:00,1865.4,1879.97,1842.84,1862.17,267739.29
2026-02-28 12:00:00+00:00,1862.17,1915.07,1861.48,1897.89,453808.73
2026-02-28 16:00:00+00:00,1897.89,1954.85,1882.98,1945.95,340866.08
2026-02-28 20:00:00+00:00,1945.95,1984.91,1937.3,1963.56,251443.59
2026-03-01 00:00:00+00:00,1963.56,2056.02,1942.21,2022.51,377356.22
2026-03-01 04:00:00+00:00,2022.51,2029.75,1988.28,2006.5,207155.02
2026-03-01 08:00:00+00:00,2006.5,2009.9,1970.49,1982.29,168223.59
2026-03-01 12:00:00+00:00,1982.29,2027.35,1966.7,1992.41,280193.33
2026-03-01 16:00:00+00:00,1992.41,2008.0,1943.33,1952.85,353303.71
2026-03-01 20:00:00+00:00,1952.85,1971.39,1906.02,1938.72,367484.34
2026-03-02 00:00:00+00:00,1938.72,1988.68,1936.21,1971.43,234148.52
2026-03-02 04:00:00+00:00,1971.43,1983.04,1924.43,1940.4,215712.11
2026-03-02 08:00:00+00:00,1940.4,1966.16,1917.16,1946.78,240499.87
2026-03-02 12:00:00+00:00,1946.78,2065.56,1920.0,2047.11,708520.02
2026-03-02 16:00:00+00:00,2047.11,2089.53,2015.05,2042.79,437869.14
2026-03-02 20:00:00+00:00,2042.79,2058.59,2023.97,2026.46,233429.58
2026-03-03 00:00:00+00:00,2026.46,2041.46,1996.64,2007.84,204982.61
2026-03-03 04:00:00+00:00,2007.84,2018.53,1986.0,1995.21,188163.26
2026-03-03 08:00:00+00:00,1995.21,1999.64,1937.5,1960.45,403506.32
2026-03-03 12:00:00+00:00,1960.45,1989.48,1927.39,1968.42,482530.94
2026-03-03 16:00:00+00:00,1968.42,2013.05,1957.33,1985.05,536279.4
2026-03-03 20:00:00+00:00,1985.05,2001.07,1958.05,1981.9,183090.65
2026-03-04 00:00:00+00:00,1981.9,1998.4,1943.5,1959.71,284030.49
2026-03-04 04:00:00+00:00,1959.71,2009.95,1949.26,2005.7,212441.66
2026-03-04 08:00:00+00:00,2005.7,2092.8,1999.64,2054.02,650289.12
2026-03-04 12:00:00+00:00,2054.02,2160.0,2035.05,2149.29,778621.97
2026-03-04 16:00:00+00:00,2149.29,2199.0,2128.01,2176.54,502080.5
2026-03-04 20:00:00+00:00,2176.54,2179.11,2115.45,2126.13,215614.75
2026-03-05 00:00:00+00:00,2126.13,2141.68,2105.7,2118.98,195742.56
2026-03-05 04:00:00+00:00,2118.98,2144.0,2094.51,2103.92,215162.4
2026-03-05 08:00:00+00:00,2103.92,2163.26,2092.11,2136.91,256278.1
2026-03-05 12:00:00+00:00,2136.91,2141.49,2066.0,2085.97,522132.63
2026-03-05 16:00:00+00:00,2085.97,2093.61,2053.46,2073.62,338038.9
2026-03-05 20:00:00+00:00,2073.62,2099.09,2068.62,2071.75,157577.15
2026-03-06 00:00:00+00:00,2071.75,2092.9,2060.92,2082.96,127277.88
2026-03-06 04:00:00+00:00,2082.96,2086.74,2058.05,2082.01,161126.28
2026-03-06 08:00:00+00:00,2082.01,2082.01,2044.5,2049.74,192015.93
2026-03-06 12:00:00+00:00,2049.74,2061.76,1964.8,1976.67,650731.17
2026-03-06 16:00:00+00:00,1976.67,1992.41,1954.2,1982.74,238394.14
2026-03-06 20:00:00+00:00,1982.74,1989.33,1967.96,1977.75,131772.61
2026-03-07 00:00:00+00:00,1977.75,1995.33,1971.19,1979.13,81396.8
2026-03-07 04:00:00+00:00,1979.13,1983.46,1962.05,1982.25,95345.82
2026-03-07 08:00:00+00:00,1982.25,1993.65,1974.1,1987.79,93134.98
2026-03-07 12:00:00+00:00,1987.79,1990.35,1969.01,1979.92,105723.85
2026-03-07 16:00:00+00:00,1979.92,1982.86,1945.23,1953.97,153914.51
2026-03-07 20:00:00+00:00,1953.97,1973.1,1953.5,1968.53,84524.28
2026-03-08 00:00:00+00:00,1968.53,1976.5,1933.77,1946.32,130336.79
2026-03-08 04:00:00+00:00,1946.32,1960.33,1928.0,1953.97,109265.15
2026-03-08 08:00:00+00:00,1953.97,1979.39,1943.69,1950.39,185877.41
2026-03-08 12:00:00+00:00,1950.39,1953.95,1922.02,1941.96,227011.92
2026-03-08 16:00:00+00:00,1941.96,1968.92,1926.02,1963.34,200616.39
2026-03-08 20:00:00+00:00,1963.34,1970.54,1908.94,1935.93,359443.3
2026-03-09 00:00:00+00:00,1935.93,2005.14,1928.39,1976.5,371669.91
2026-03-09 04:00:00+00:00,1976.5,2013.7,1962.29,1983.0,278117.99
2026-03-09 08:00:00+00:00,1983.0,2022.31,1977.36,1991.35,237897.75
2026-03-09 12:00:00+00:00,1991.35,2033.0,1991.22,2021.39,389517.27
2026-03-09 16:00:00+00:00,2021.39,2052.89,2004.26,2032.53,347225.27
2026-03-09 20:00:00+00:00,2032.53,2036.99,1988.0,1992.13,197247.44
2026-03-10 00:00:00+00:00,1992.13,2054.69,1989.76,2025.61,241841.48
2026-03-10 04:00:00+00:00,2025.61,2058.89,2025.25,2050.3,196131.52
2026-03-10 08:00:00+00:00,2050.3,2073.57,2050.3,2061.05,254318.58
2026-03-10 12:00:00+00:00,2061.05,2085.4,2007.28,2078.79,600595.84
2026-03-10 16:00:00+00:00,2078.79,2087.99,2025.58,2035.78,391260.42
2026-03-10 20:00:00+00:00,2035.78,2047.51,2017.58,2035.52,158059.33
2026-03-11 00:00:00+00:00,2035.52,2040.82,2016.19,2020.0,118522.23
2026-03-11 04:00:00+00:00,2020.0,2040.45,2005.31,2011.44,174837.88
2026-03-11 08:00:00+00:00,2011.44,2033.81,2008.05,2017.06,157849.8
2026-03-11 12:00:00+00:00,2017.06,2082.1,2011.43,2049.07,595952.99
2026-03-11 16:00:00+00:00,2049.07,2085.69,2045.38,2075.28,289886.09
2026-03-11 20:00:00+00:00,2075.28,2083.61,2044.04,2050.74,144279.11
2026-03-12 00:00:00+00:00,2050.74,2057.38,2016.2,2022.06,188658.59
2026-03-12 04:00:00+00:00,2022.06,2041.33,2018.0,2039.73,132873.5
2026-03-12 08:00:00+00:00,2039.73,2076.27,2037.14,2061.95,255874.2
2026-03-12 12:00:00+00:00,2061.95,2094.71,2035.92,2071.34,578885.76
2026-03-12 16:00:00+00:00,2071.34,2077.84,2043.69,2068.45,287669.68
2026-03-12 20:00:00+00:00,2068.45,2092.81,2054.3,2072.58,194325.3
2026-03-13 00:00:00+00:00,2072.58,2148.54,2069.43,2117.73,418050.04
2026-03-13 04:00:00+00:00,2117.73,2119.25,2088.45,2098.51,172503.93
2026-03-13 08:00:00+00:00,2098.51,2132.57,2090.18,2120.07,276238.86
2026-03-13 12:00:00+00:00,2120.07,2208.63,2119.45,2126.71,876956.0
2026-03-13 16:00:00+00:00,2126.71,2142.45,2088.84,2101.51,430019.63
2026-03-13 20:00:00+00:00,2101.51,2116.0,2076.85,2090.95,159899.28
2026-03-14 00:00:00+00:00,2090.95,2103.48,2079.09,2100.25,99507.48
2026-03-14 04:00:00+00:00,2100.25,2105.0,2066.43,2076.24,146979.43
2026-03-14 08:00:00+00:00,2076.24,2079.85,2060.01,2072.6,128733.57
2026-03-14 12:00:00+00:00,2072.6,2079.46,2067.6,2073.56,98533.39
2026-03-14 16:00:00+00:00,2073.56,2078.42,2067.5,2076.32,35017.6
2026-03-14 20:00:00+00:00,2076.32,2101.69,2074.53,2095.39,103691.24
2026-03-15 00:00:00+00:00,2095.39,2107.61,2082.11,2095.31,111777.15
2026-03-15 04:00:00+00:00,2095.31,2115.25,2095.3,2104.84,96341.18
2026-03-15 08:00:00+00:00,2104.84,2122.8,2104.84,2118.77,105087.04
2026-03-15 12:00:00+00:00,2118.77,2119.0,2085.32,2092.75,177120.2
2026-03-15 16:00:00+00:00,2092.75,2117.76,2087.19,2112.46,159784.74
2026-03-15 20:00:00+00:00,2112.46,2202.7,2109.0,2177.38,504440.62
2026-03-16 00:00:00+00:00,2177.38,2253.52,2163.48,2235.06,437229.25
2026-03-16 04:00:00+00:00,2235.06,2288.53,2235.05,2248.26,410207.95
2026-03-16 08:00:00+00:00,2248.26,2279.88,2230.53,2269.0,263798.2
2026-03-16 12:00:00+00:00,2269.0,2307.33,2252.57,2272.19,577531.29
2026-03-16 16:00:00+00:00,2272.19,2347.9,2268.55,2330.0,475050.86
2026-03-16 20:00:00+00:00,2330.0,2385.0,2322.0,2351.38,361130.03
2026-03-17 00:00:00+00:00,2351.38,2375.0,2307.0,2319.0,387366.75
2026-03-17 04:00:00+00:00,2319.0,2337.31,2293.59,2326.8,251445.25
2026-03-17 08:00:00+00:00,2326.8,2334.33,2301.59,2325.72,226595.15
2026-03-17 12:00:00+00:00,2325.72,2357.0,2303.0,2314.55,410925.87
2026-03-17 16:00:00+00:00,2314.55,2341.73,2311.13,2318.71,198605.76
2026-03-17 20:00:00+00:00,2318.71,2343.84,2315.0,2316.04,113083.51
2026-03-18 00:00:00+00:00,2316.04,2349.2,2305.31,2339.65,162305.98
2026-03-18 04:00:00+00:00,2339.65,2341.18,2310.05,2316.36,125868.63
2026-03-18 08:00:00+00:00,2316.36,2332.74,2261.48,2267.87,341846.66
2026-03-18 12:00:00+00:00,2267.87,2269.77,2168.21,2186.23,704704.78
2026-03-18 16:00:00+00:00,2186.23,2219.25,2165.08,2184.87,405768.96
2026-03-18 20:00:00+00:00,2184.87,2206.2,2152.0,2202.04,239515.37
2026-03-19 00:00:00+00:00,2202.04,2234.02,2185.1,2210.96,215100.16
2026-03-19 04:00:00+00:00,2210.96,2212.01,2141.35,2165.1,301625.05
2026-03-19 08:00:00+00:00,2165.1,2191.42,2156.55,2165.87,202855.19
2026-03-19 12:00:00+00:00,2165.87,2166.46,2097.54,2117.75,657676.17
2026-03-19 16:00:00+00:00,2117.75,2156.0,2103.64,2140.2,349154.63
2026-03-19 20:00:00+00:00,2140.2,2155.14,2129.02,2136.71,142889.42
2026-03-20 00:00:00+00:00,2136.71,2159.99,2131.17,2150.25,154796.24
2026-03-20 04:00:00+00:00,2150.25,2158.22,2119.47,2149.51,205051.89
2026-03-20 08:00:00+00:00,2149.51,2175.86,2130.12,2140.35,308421.8
2026-03-20 12:00:00+00:00,2140.35,2152.43,2113.87,2132.88,429978.74
2026-03-20 16:00:00+00:00,2132.88,2143.91,2115.46,2132.08,409451.01
2026-03-20 20:00:00+00:00,2132.08,2168.0,2122.39,2145.02,240048.0
2026-03-21 00:00:00+00:00,2145.02,2158.85,2143.06,2152.29,62394.24
2026-03-21 04:00:00+00:00,2152.29,2160.5,2149.15,2154.48,56665.73
2026-03-21 08:00:00+00:00,2154.48,2158.76,2148.32,2156.27,60308.18
2026-03-21 12:00:00+00:00,2156.27,2167.33,2145.01,2154.22,97713.42
2026-03-21 16:00:00+00:00,2154.22,2155.0,2140.82,2151.26,63200.71
2026-03-21 20:00:00+00:00,2151.26,2156.25,2068.58,2083.26,232510.63
2026-03-22 00:00:00+00:00,2083.26,2126.7,2047.17,2112.98,353819.17
2026-03-22 04:00:00+00:00,2112.98,2122.35,2091.57,2092.73,143398.55
2026-03-22 08:00:00+00:00,2092.73,2095.89,2065.0,2068.91,197420.66
2026-03-22 12:00:00+00:00,2068.91,2092.57,2067.23,2082.01,159270.71
2026-03-22 16:00:00+00:00,2082.01,2083.8,2051.94,2062.07,121861.69
2026-03-22 20:00:00+00:00,2062.07,2074.49,2024.02,2052.59,297313.72
2026-03-23 00:00:00+00:00,2052.59,2071.49,2033.83,2051.55,214820.68
2026-03-23 04:00:00+00:00,2051.55,2071.5,2021.78,2043.66,246251.77
2026-03-23 08:00:00+00:00,2043.66,2198.21,2027.27,2133.27,961390.3
2026-03-23 12:00:00+00:00,2133.27,2192.0,2106.04,2127.14,758072.82
2026-03-23 16:00:00+00:00,2127.14,2180.0,2116.37,2153.16,396745.04
2026-03-23 20:00:00+00:00,2153.16,2166.25,2139.58,2150.87,85355.83
2026-03-24 00:00:00+00:00,2150.87,2155.54,2122.67,2140.47,236042.13
2026-03-24 04:00:00+00:00,2140.47,2170.48,2127.23,2164.82,217597.75
2026-03-24 08:00:00+00:00,2164.82,2175.0,2145.89,2164.67,226610.2
2026-03-24 12:00:00+00:00,2164.67,2169.56,2118.52,2134.22,432605.55
2026-03-24 16:00:00+00:00,2134.22,2140.0,2102.0,2115.76,312509.09
2026-03-24 20:00:00+00:00,2115.76,2163.22,2114.47,2155.21,277348.53
2026-03-25 00:00:00+00:00,2155.21,2168.47,2144.73,2157.55,169857.1
2026-03-25 04:00:00+00:00,2157.55,2180.04,2155.24,2163.83,205251.29
2026-03-25 08:00:00+00:00,2163.83,2198.21,2163.7,2185.23,272266.0
2026-03-25 12:00:00+00:00,2185.23,2197.81,2146.07,2161.45,436783.99
2026-03-25 16:00:00+00:00,2161.45,2184.97,2154.58,2171.84,198419.98
2026-03-25 20:00:00+00:00,2171.84,2182.57,2157.83,2168.06,115828.72
2026-03-26 00:00:00+00:00,2168.06,2171.28,2142.33,2152.15,140527.51
2026-03-26 04:00:00+00:00,2152.15,2153.38,2110.23,2122.32,237020.65
2026-03-26 08:00:00+00:00,2122.32,2125.47,2060.01,2067.25,348468.89
2026-03-26 12:00:00+00:00,2067.25,2092.92,2050.0,2069.31,410387.87
2026-03-26 16:00:00+00:00,2069.31,2070.2,2032.37,2047.73,256688.45
2026-03-26 20:00:00+00:00,2047.73,2080.0,2045.13,2059.31,267622.65
2026-03-27 00:00:00+00:00,2059.31,2076.39,2055.31,2060.47,116254.36
2026-03-27 04:00:00+00:00,2060.47,2071.88,2041.29,2064.92,199940.54
2026-03-27 08:00:00+00:00,2064.92,2068.45,1980.27,1990.2,521900.87
2026-03-27 12:00:00+00:00,1990.2,2009.59,1965.26,1990.13,391357.16
2026-03-27 16:00:00+00:00,1990.13,1997.3,1973.03,1990.44,204794.22
2026-03-27 20:00:00+00:00,1990.44,1995.29,1976.87,1991.79,93514.72
2026-03-28 00:00:00+00:00,1991.79,1994.48,1981.21,1988.23,53268.01
2026-03-28 04:00:00+00:00,1988.23,2007.83,1986.1,2006.22,69713.06
2026-03-28 08:00:00+00:00,2006.22,2007.71,1990.99,1996.35,83023.71
2026-03-28 12:00:00+00:00,1996.35,2048.03,1991.0,2025.8,311873.83
2026-03-28 16:00:00+00:00,2025.8,2029.0,2012.55,2019.48,71761.64
2026-03-28 20:00:00+00:00,2019.48,2026.21,1988.2,1993.56,140137.55
2026-03-29 00:00:00+00:00,1993.56,2018.8,1990.09,2010.19,88460.74
2026-03-29 04:00:00+00:00,2010.19,2012.1,1996.1,2004.9,70012.18
2026-03-29 08:00:00+00:00,2004.9,2007.75,1990.06,2002.5,105261.2
2026-03-29 12:00:00+00:00,2002.5,2004.26,1982.24,1991.9,151678.06
2026-03-29 16:00:00+00:00,1991.9,2003.45,1986.37,1994.82,86870.27
2026-03-29 20:00:00+00:00,1994.82,2009.76,1936.39,1983.52,360490.7
2026-03-30 00:00:00+00:00,1983.52,2042.95,1978.92,2035.31,339972.5
2026-03-30 04:00:00+00:00,2035.31,2068.27,2035.24,2058.81,261812.47
2026-03-30 08:00:00+00:00,2058.81,2082.39,2047.44,2070.71,259088.43
2026-03-30 12:00:00+00:00,2070.71,2085.33,2042.0,2073.42,364050.27
2026-03-30 16:00:00+00:00,2073.42,2074.0,2011.62,2022.68,341733.65
2026-03-30 20:00:00+00:00,2022.68,2048.18,2012.7,2025.62,166607.46
2026-03-31 00:00:00+00:00,2025.62,2091.99,2015.1,2066.07,315606.03
2026-03-31 04:00:00+00:00,2066.07,2071.68,2040.7,2054.86,161762.88
2026-03-31 08:00:00+00:00,2054.86,2058.38,2010.51,2040.3,289814.13
2026-03-31 12:00:00+00:00,2040.3,2093.22,2034.11,2053.7,591436.96
2026-03-31 16:00:00+00:00,2053.7,2125.46,2053.15,2095.46,551112.82
2026-03-31 20:00:00+00:00,2095.46,2111.0,2085.48,2104.64,188560.73
2026-04-01 00:00:00+00:00,2104.64,2117.91,2081.06,2101.94,192802.51
2026-04-01 04:00:00+00:00,2101.94,2155.91,2099.06,2129.88,360328.97
2026-04-01 08:00:00+00:00,2129.88,2143.0,2124.04,2134.16,171532.66
2026-04-01 12:00:00+00:00,2134.16,2150.0,2107.36,2133.92,376763.33
2026-04-01 16:00:00+00:00,2133.92,2166.92,2122.05,2140.49,326972.37
2026-04-01 20:00:00+00:00,2140.49,2164.99,2128.95,2138.81,185066.55
2026-04-02 00:00:00+00:00,2138.81,2158.25,2044.23,2054.63,683278.76
2026-04-02 04:00:00+00:00,2054.63,2057.51,2037.1,2054.64,184860.4
2026-04-02 08:00:00+00:00,2054.64,2054.64,2021.34,2031.76,178766.98
2026-04-02 12:00:00+00:00,2031.76,2070.99,2015.1,2058.66,418218.53
2026-04-02 16:00:00+00:00,2058.66,2077.5,2042.48,2064.45,210391.69
2026-04-02 20:00:00+00:00,2064.45,2073.67,2052.1,2056.29,100216.81
2026-04-03 00:00:00+00:00,2056.29,2061.69,2039.13,2053.07,124985.3
2026-04-03 04:00:00+00:00,2053.07,2074.56,2046.02,2065.24,131889.4
2026-04-03 08:00:00+00:00,2065.24,2071.79,2051.91,2061.74,111698.07
2026-04-03 12:00:00+00:00,2061.74,2080.97,2040.09,2050.13,187993.78
2026-04-03 16:00:00+00:00,2050.13,2055.92,2042.44,2051.56,82665.02
2026-04-03 20:00:00+00:00,2051.56,2059.98,2047.84,2052.76,47571.09
2026-04-04 00:00:00+00:00,2052.76,2053.36,2046.87,2049.14,33192.19
2026-04-04 04:00:00+00:00,2049.14,2057.04,2047.4,2052.74,47219.67
2026-04-04 08:00:00+00:00,2052.74,2054.29,2045.97,2050.84,41462.28
2026-04-04 12:00:00+00:00,2050.84,2061.4,2043.0,2055.06,69132.57
2026-04-04 16:00:00+00:00,2055.06,2083.72,2051.6,2063.82,144845.36
2026-04-04 20:00:00+00:00,2063.82,2071.44,2058.89,2064.57,56808.54
2026-04-05 00:00:00+00:00,2064.57,2064.8,2052.51,2055.4,48458.0
2026-04-05 04:00:00+00:00,2055.4,2057.29,2025.72,2035.87,140990.36
2026-04-05 08:00:00+00:00,2035.87,2051.7,2034.3,2040.66,74979.28
2026-04-05 12:00:00+00:00,2040.66,2069.0,2020.01,2052.91,260369.81
2026-04-05 16:00:00+00:00,2052.91,2069.0,2046.9,2061.06,122752.42
2026-04-05 20:00:00+00:00,2061.06,2123.04,2048.51,2109.53,358703.24
2026-04-06 00:00:00+00:00,2109.53,2146.41,2109.53,2128.6,251092.17
2026-04-06 04:00:00+00:00,2128.6,2142.68,2119.26,2134.3,153459.84
2026-04-06 08:00:00+00:00,2134.3,2175.5,2132.7,2150.85,280971.5
2026-04-06 12:00:00+00:00,2150.85,2169.53,2136.55,2163.54,372788.02
2026-04-06 16:00:00+00:00,2163.54,2167.5,2122.16,2143.02,277898.97
2026-04-06 20:00:00+00:00,2143.02,2154.51,2086.27,2106.03,282370.99
2026-04-07 00:00:00+00:00,2106.03,2118.89,2091.75,2107.0,177725.83
2026-04-07 04:00:00+00:00,2107.0,2118.38,2095.0,2102.77,144089.14
2026-04-07 08:00:00+00:00,2102.77,2133.21,2080.57,2088.2,366674.52
2026-04-07 12:00:00+00:00,2088.2,2093.02,2058.64,2079.28,411493.65
2026-04-07 16:00:00+00:00,2079.28,2115.99,2076.36,2112.67,323787.74
2026-04-07 20:00:00+00:00,2112.67,2273.72,2109.75,2239.15,905647.93
2026-04-08 00:00:00+00:00,2239.15,2250.22,2226.78,2233.69,222425.4
2026-04-08 04:00:00+00:00,2233.69,2259.93,2233.69,2252.74,189664.79
2026-04-08 08:00:00+00:00,2252.74,2263.0,2235.69,2246.37,159154.57
2026-04-08 12:00:00+00:00,2246.37,2269.72,2185.62,2214.6,534138.73
2026-04-08 16:00:00+00:00,2214.6,2238.52,2196.52,2209.9,257715.51
2026-04-08 20:00:00+00:00,2209.9,2222.69,2177.66,2188.79,227460.41
2026-04-09 00:00:00+00:00,2188.79,2192.81,2160.54,2181.3,259817.48
2026-04-09 04:00:00+00:00,2181.3,2189.17,2174.11,2180.1,149795.93
2026-04-09 08:00:00+00:00,2180.1,2196.71,2175.45,2178.69,177985.51
2026-04-09 12:00:00+00:00,2178.69,2224.55,2156.14,2217.03,521112.0
2026-04-09 16:00:00+00:00,2217.03,2230.0,2192.16,2215.53,324960.81
2026-04-09 20:00:00+00:00,2215.53,2246.43,2181.61,2188.99,235792.08
2026-04-10 00:00:00+00:00,2188.99,2203.41,2173.28,2185.06,152831.39
2026-04-10 04:00:00+00:00,2185.06,2202.5,2175.0,2178.53,96390.22
2026-04-10 08:00:00+00:00,2178.53,2223.41,2175.84,2214.67,226639.33
2026-04-10 12:00:00+00:00,2214.67,2256.98,2207.0,2223.24,431758.99
2026-04-10 16:00:00+00:00,2223.24,2255.26,2220.01,2252.15,157645.03
2026-04-10 20:00:00+00:00,2252.15,2257.79,2234.12,2244.15,108811.39
2026-04-11 00:00:00+00:00,2244.15,2251.69,2233.44,2236.25,57181.99
2026-04-11 04:00:00+00:00,2236.25,2241.93,2226.97,2231.91,64398.17
2026-04-11 08:00:00+00:00,2231.91,2248.0,2230.82,2244.88,93292.35
2026-04-11 12:00:00+00:00,2244.88,2257.08,2232.01,2248.63,82639.03
2026-04-11 16:00:00+00:00,2248.63,2328.69,2245.2,2315.22,333764.19
2026-04-11 20:00:00+00:00,2315.22,2316.69,2275.14,2283.87,170742.55
2026-04-12 00:00:00+00:00,2283.87,2287.54,2205.26,2212.73,405480.5
2026-04-12 04:00:00+00:00,2212.73,2219.89,2207.25,2216.66,98862.95
2026-04-12 08:00:00+00:00,2216.66,2218.08,2192.74,2203.05,134590.73
2026-04-12 12:00:00+00:00,2203.05,2206.94,2173.41,2185.26,249372.49
2026-04-12 16:00:00+00:00,2185.26,2206.49,2181.51,2197.26,91623.77
2026-04-12 20:00:00+00:00,2197.26,2217.51,2181.65,2190.42,186959.56
2026-04-13 00:00:00+00:00,2190.42,2208.71,2186.0,2193.06,110071.17
2026-04-13 04:00:00+00:00,2193.06,2200.58,2180.74,2185.22,130501.78
2026-04-13 08:00:00+00:00,2185.22,2194.83,2177.33,2186.14,101167.18
2026-04-13 12:00:00+00:00,2186.14,2235.86,2174.29,2208.0,436468.93
2026-04-13 16:00:00+00:00,2208.0,2268.5,2198.45,2260.84,364047.92
2026-04-13 20:00:00+00:00,2260.84,2393.33,2246.2,2367.94,624033.83
2026-04-14 00:00:00+00:00,2367.94,2378.79,2352.95,2364.58,157622.14
2026-04-14 04:00:00+00:00,2364.58,2389.85,2353.65,2376.75,155030.17
2026-04-14 08:00:00+00:00,2376.75,2395.83,2366.57,2373.19,168919.73
2026-04-14 12:00:00+00:00,2373.19,2414.56,2331.04,2363.0,614987.83
2026-04-14 16:00:00+00:00,2363.0,2370.0,2301.01,2312.08,287876.78
2026-04-14 20:00:00+00:00,2312.08,2331.29,2306.96,2321.27,129466.36
2026-04-15 00:00:00+00:00,2321.27,2341.92,2315.61,2327.49,147134.7
2026-04-15 04:00:00+00:00,2327.49,2337.0,2306.17,2315.44,137478.94
2026-04-15 08:00:00+00:00,2315.44,2339.0,2310.58,2335.85,208182.88
2026-04-15 12:00:00+00:00,2335.85,2350.16,2315.65,2330.74,315299.41
2026-04-15 16:00:00+00:00,2330.74,2385.71,2328.09,2373.88,255855.47
2026-04-15 20:00:00+00:00,2373.88,2379.85,2347.56,2359.04,203046.95
2026-04-16 00:00:00+00:00,2359.04,2368.5,2342.95,2356.46,104711.45
2026-04-16 04:00:00+00:00,2356.46,2362.88,2334.0,2340.4,123547.61
2026-04-16 08:00:00+00:00,2340.4,2347.11,2326.78,2334.39,171123.52
2026-04-16 12:00:00+00:00,2334.39,2351.18,2281.22,2337.72,595974.35
2026-04-16 16:00:00+00:00,2337.72,2362.0,2307.58,2358.8,369147.3
2026-04-16 20:00:00+00:00,2358.8,2364.99,2334.26,2347.0,139921.37
2026-04-17 00:00:00+00:00,2347.0,2349.77,2322.01,2324.19,125959.68
2026-04-17 04:00:00+00:00,2324.19,2342.8,2314.4,2333.27,143955.67
2026-04-17 08:00:00+00:00,2333.27,2376.59,2331.89,2353.53,294615.79
2026-04-17 12:00:00+00:00,2353.53,2456.19,2347.48,2440.51,923942.98
2026-04-17 16:00:00+00:00,2440.51,2463.95,2413.0,2425.87,341953.24
2026-04-17 20:00:00+00:00,2425.87,2441.48,2413.48,2417.22,136558.46
2026-04-18 00:00:00+00:00,2417.22,2426.3,2397.31,2403.65,113835.82
2026-04-18 04:00:00+00:00,2403.65,2412.32,2397.6,2402.21,70270.1
2026-04-18 08:00:00+00:00,2402.21,2403.62,2341.35,2351.7,309875.1
2026-04-18 12:00:00+00:00,2351.7,2368.86,2343.53,2361.89,139517.55
2026-04-18 16:00:00+00:00,2361.89,2373.68,2336.7,2346.67,150590.37
2026-04-18 20:00:00+00:00,2346.67,2361.16,2342.63,2349.3,70652.69
2026-04-19 00:00:00+00:00,2349.3,2354.23,2330.36,2338.55,94501.33
2026-04-19 04:00:00+00:00,2338.55,2344.99,2294.43,2314.47,247854.05
2026-04-19 08:00:00+00:00,2314.47,2330.72,2304.22,2327.95,139671.53
2026-04-19 12:00:00+00:00,2327.95,2348.76,2314.0,2329.54,211921.01
2026-04-19 16:00:00+00:00,2329.54,2331.63,2286.0,2298.56,258439.11
2026-04-19 20:00:00+00:00,2298.56,2299.12,2250.37,2262.24,278437.89
2026-04-20 00:00:00+00:00,2262.24,2294.14,2258.23,2285.16,162179.58
2026-04-20 04:00:00+00:00,2285.16,2332.24,2261.4,2296.68,324464.76
2026-04-20 08:00:00+00:00,2296.68,2319.0,2288.21,2306.97,166179.75
2026-04-20 12:00:00+00:00,2306.97,2325.97,2277.0,2312.74,397272.7
2026-04-20 16:00:00+00:00,2312.74,2343.95,2296.14,2330.22,260591.84
2026-04-20 20:00:00+00:00,2330.22,2345.61,2305.0,2312.23,182990.92
2026-04-21 00:00:00+00:00,2312.23,2325.63,2298.06,2310.15,104348.34
2026-04-21 04:00:00+00:00,2310.15,2326.49,2302.58,2316.78,107544.77
2026-04-21 08:00:00+00:00,2316.78,2337.97,2312.52,2318.59,199627.73
2026-04-21 12:00:00+00:00,2318.59,2326.72,2288.18,2309.03,390458.62
2026-04-21 16:00:00+00:00,2309.03,2332.55,2281.0,2297.29,368281.19
2026-04-21 20:00:00+00:00,2297.29,2329.15,2294.6,2326.19,193940.46
2026-04-22 00:00:00+00:00,2326.19,2379.61,2311.42,2362.39,275813.21
2026-04-22 04:00:00+00:00,2362.39,2411.9,2357.05,2388.83,290284.82
2026-04-22 08:00:00+00:00,2388.83,2399.63,2381.42,2397.29,108557.96
2026-04-22 12:00:00+00:00,2397.29,2423.64,2389.05,2402.54,317127.26
2026-04-22 16:00:00+00:00,2402.54,2412.69,2382.04,2396.22,193889.21
2026-04-22 20:00:00+00:00,2396.22,2404.8,2372.01,2372.85,121204.31
2026-04-23 00:00:00+00:00,2372.85,2381.3,2330.0,2340.05,309868.55
2026-04-23 04:00:00+00:00,2340.05,2358.52,2335.81,2343.11,132386.92
2026-04-23 08:00:00+00:00,2343.11,2343.94,2303.72,2327.9,237477.57
2026-04-23 12:00:00+00:00,2327.9,2342.73,2313.65,2332.28,242449.94
2026-04-23 16:00:00+00:00,2332.28,2334.56,2283.5,2312.0,382326.68
2026-04-23 20:00:00+00:00,2312.0,2337.6,2311.66,2329.0,117200.51
2026-04-24 00:00:00+00:00,2329.0,2336.46,2298.71,2307.19,124754.2
2026-04-24 04:00:00+00:00,2307.19,2316.58,2297.47,2310.62,112634.27
2026-04-24 08:00:00+00:00,2310.62,2331.6,2302.01,2326.9,148154.12
2026-04-24 12:00:00+00:00,2326.9,2330.92,2299.71,2322.76,208752.19
2026-04-24 16:00:00+00:00,2322.76,2323.99,2307.01,2320.43,114307.89
2026-04-24 20:00:00+00:00,2320.43,2327.42,2306.23,2313.95,74901.6
2026-04-25 00:00:00+00:00,2313.95,2320.25,2310.24,2317.62,39732.1
2026-04-25 04:00:00+00:00,2317.62,2318.17,2311.89,2315.07,28166.28
2026-04-25 08:00:00+00:00,2315.07,2322.11,2310.0,2312.73,58768.45
2026-04-25 12:00:00+00:00,2312.73,2317.81,2301.03,2306.58,64197.97
2026-04-25 16:00:00+00:00,2306.58,2313.35,2299.03,2308.76,82740.72
2026-04-25 20:00:00+00:00,2308.76,2319.82,2307.46,2318.45,39064.46
2026-04-26 00:00:00+00:00,2318.45,2318.94,2305.01,2308.58,44874.55
2026-04-26 04:00:00+00:00,2308.58,2335.59,2307.68,2330.24,125937.33
2026-04-26 08:00:00+00:00,2330.24,2337.24,2328.13,2335.08,60466.09
2026-04-26 12:00:00+00:00,2335.08,2353.0,2323.32,2347.33,158104.35
2026-04-26 16:00:00+00:00,2347.33,2375.51,2339.15,2366.51,148227.4
2026-04-26 20:00:00+00:00,2366.51,2379.41,2345.86,2368.64,182570.05
2026-04-27 00:00:00+00:00,2368.64,2403.84,2357.62,2393.51,199692.77
2026-04-27 04:00:00+00:00,2393.51,2394.99,2310.6,2314.27,367691.84
2026-04-27 08:00:00+00:00,2314.27,2324.69,2307.48,2318.82,137885.03
2026-04-27 12:00:00+00:00,2318.82,2328.73,2264.05,2273.25,392327.72
2026-04-27 16:00:00+00:00,2273.25,2291.03,2268.52,2288.0,136303.3
2026-04-27 20:00:00+00:00,2288.0,2307.68,2282.69,2302.19,106006.85
2026-04-28 00:00:00+00:00,2302.19,2309.57,2278.59,2289.3,158510.47
2026-04-28 04:00:00+00:00,2289.3,2296.51,2267.8,2286.6,131675.45
2026-04-28 08:00:00+00:00,2286.6,2290.67,2268.99,2274.16,89236.58
2026-04-28 12:00:00+00:00,2274.16,2286.55,2256.41,2278.72,257427.11
2026-04-28 16:00:00+00:00,2278.72,2304.7,2272.87,2300.58,163494.34
2026-04-28 20:00:00+00:00,2300.58,2304.66,2281.81,2288.12,69232.28
2026-04-29 00:00:00+00:00,2288.12,2316.37,2277.77,2310.52,196249.42
2026-04-29 04:00:00+00:00,2310.52,2341.88,2308.03,2322.57,248175.62
2026-04-29 08:00:00+00:00,2322.57,2346.75,2319.53,2330.35,186378.22
2026-04-29 12:00:00+00:00,2330.35,2330.96,2261.68,2271.41,441820.28
2026-04-29 16:00:00+00:00,2271.41,2284.91,2219.08,2232.46,471086.61
2026-04-29 20:00:00+00:00,2232.46,2264.1,2228.72,2251.9,166311.35
2026-04-30 00:00:00+00:00,2251.9,2278.66,2233.14,2251.78,231430.49
2026-04-30 04:00:00+00:00,2251.78,2261.6,2229.64,2259.22,153042.27
2026-04-30 08:00:00+00:00,2259.22,2273.35,2250.38,2257.26,163087.85
2026-04-30 12:00:00+00:00,2257.26,2275.49,2244.0,2264.57,173750.52
2026-04-30 16:00:00+00:00,2264.57,2266.0,2248.5,2260.72,90115.26
2026-04-30 20:00:00+00:00,2260.72,2266.54,2251.11,2256.65,43418.52
2026-05-01 00:00:00+00:00,2256.65,2294.93,2256.04,2281.96,184541.26
2026-05-01 04:00:00+00:00,2281.96,2285.98,2271.0,2278.37,92802.65
2026-05-01 08:00:00+00:00,2278.37,2292.94,2275.52,2285.57,100799.64
2026-05-01 12:00:00+00:00,2285.57,2325.0,2282.85,2306.46,394210.66
2026-05-01 16:00:00+00:00,2306.46,2314.37,2296.88,2303.45,116485.29
2026-05-01 20:00:00+00:00,2303.45,2304.75,2277.87,2294.58,123534.75
2026-05-02 00:00:00+00:00,2294.58,2307.82,2291.71,2303.07,61166.73
2026-05-02 04:00:00+00:00,2303.07,2305.21,2295.37,2299.96,47373.05
2026-05-02 08:00:00+00:00,2299.96,2306.83,2297.78,2300.81,36619.39
2026-05-02 12:00:00+00:00,2300.81,2310.84,2299.74,2307.75,45184.01
2026-05-02 16:00:00+00:00,2307.75,2312.64,2302.18,2310.16,33187.25
2026-05-02 20:00:00+00:00,2310.16,2343.49,2308.37,2315.86,145637.15
2026-05-03 00:00:00+00:00,2315.86,2316.94,2297.08,2300.82,101829.77
2026-05-03 04:00:00+00:00,2300.82,2313.24,2296.08,2308.4,71124.68
2026-05-03 08:00:00+00:00,2308.4,2326.81,2306.32,2318.68,95543.17
2026-05-03 12:00:00+00:00,2318.68,2333.05,2318.63,2327.19,84401.06
2026-05-03 16:00:00+00:00,2327.19,2337.3,2321.03,2334.29,50829.1
2026-05-03 20:00:00+00:00,2334.29,2355.99,2313.12,2321.75,247641.85
2026-05-04 00:00:00+00:00,2321.75,2390.92,2307.15,2383.94,419301.45
2026-05-04 04:00:00+00:00,2383.94,2399.0,2352.51,2361.72,199096.37
2026-05-04 08:00:00+00:00,2361.72,2369.8,2312.52,2335.96,429198.25
2026-05-04 12:00:00+00:00,2335.96,2383.36,2324.1,2348.86,482445.85
2026-05-04 16:00:00+00:00,2348.86,2379.21,2335.24,2355.14,268480.68
2026-05-04 20:00:00+00:00,2355.14,2364.99,2343.11,2345.94,80039.16
2026-05-05 00:00:00+00:00,2345.94,2389.0,2343.71,2381.22,205197.59
2026-05-05 04:00:00+00:00,2381.22,2389.98,2366.15,2379.79,182124.43
2026-05-05 08:00:00+00:00,2379.79,2383.65,2365.55,2378.51,128456.61
2026-05-05 12:00:00+00:00,2378.51,2400.85,2367.95,2380.29,234777.82
2026-05-05 16:00:00+00:00,2380.29,2382.41,2357.56,2370.36,159115.82
2026-05-05 20:00:00+00:00,2370.36,2387.4,2352.45,2359.29,197294.97
2026-05-06 00:00:00+00:00,2359.29,2379.95,2351.95,2375.58,177715.52
2026-05-06 04:00:00+00:00,2375.58,2378.4,2352.54,2370.3,173705.83
2026-05-06 08:00:00+00:00,2370.3,2423.38,2367.6,2409.71,425006.35
2026-05-06 12:00:00+00:00,2409.71,2412.9,2341.55,2357.53,491998.38
2026-05-06 16:00:00+00:00,2357.53,2368.03,2335.01,2347.32,167957.02
2026-05-06 20:00:00+00:00,2347.32,2356.44,2336.98,2349.67,119810.14
2026-05-07 00:00:00+00:00,2349.67,2351.31,2311.11,2320.99,227801.32
2026-05-07 04:00:00+00:00,2320.99,2346.0,2316.22,2343.66,184751.7
2026-05-07 08:00:00+00:00,2343.66,2345.95,2315.79,2329.2,161452.25
2026-05-07 12:00:00+00:00,2329.2,2336.38,2283.8,2293.72,375796.36
2026-05-07 16:00:00+00:00,2293.72,2303.58,2278.23,2295.16,180997.43
2026-05-07 20:00:00+00:00,2295.16,2301.96,2280.0,2290.21,130776.04
2026-05-08 00:00:00+00:00,2290.21,2293.56,2263.77,2278.04,187822.17
2026-05-08 04:00:00+00:00,2278.04,2284.15,2266.0,2279.85,123611.2
2026-05-08 08:00:00+00:00,2279.85,2297.0,2278.46,2294.14,151457.81
2026-05-08 12:00:00+00:00,2294.14,2301.19,2268.31,2292.4,221556.5
2026-05-08 16:00:00+00:00,2292.4,2320.8,2285.22,2315.2,231690.96
2026-05-08 20:00:00+00:00,2315.2,2318.23,2302.0,2306.25,81778.33
2026-05-09 00:00:00+00:00,2306.25,2320.72,2303.09,2314.25,65972.96
2026-05-09 04:00:00+00:00,2314.25,2324.79,2309.38,2313.34,97704.94
2026-05-09 08:00:00+00:00,2313.34,2319.17,2308.81,2313.47,76142.13
2026-05-09 12:00:00+00:00,2313.47,2317.45,2297.29,2316.35,107845.72
2026-05-09 16:00:00+00:00,2316.35,2337.61,2313.9,2331.21,158726.11
2026-05-09 20:00:00+00:00,2331.21,2332.6,2323.37,2325.21,25710.76
2026-05-10 00:00:00+00:00,2325.21,2332.0,2316.83,2326.63,73559.01
2026-05-10 04:00:00+00:00,2326.63,2331.24,2325.01,2326.49,46458.62
2026-05-10 08:00:00+00:00,2326.49,2333.0,2317.63,2321.45,53613.35
2026-05-10 12:00:00+00:00,2321.45,2350.6,2319.75,2346.94,110536.88
2026-05-10 16:00:00+00:00,2346.94,2367.2,2339.09,2364.46,188803.75
2026-05-10 20:00:00+00:00,2364.46,2382.13,2308.55,2370.27,442631.7
2026-05-11 00:00:00+00:00,2370.27,2374.09,2318.75,2329.5,273187.24
2026-05-11 04:00:00+00:00,2329.5,2342.5,2325.54,2329.67,76546.97
2026-05-11 08:00:00+00:00,2329.67,2338.9,2325.2,2334.84,63573.29
2026-05-11 12:00:00+00:00,2334.84,2338.02,2301.84,2332.31,275862.04
2026-05-11 16:00:00+00:00,2332.31,2343.43,2322.08,2339.39,141373.8
2026-05-11 20:00:00+00:00,2339.39,2344.78,2333.47,2338.61,60240.55
2026-05-12 00:00:00+00:00,2338.61,2339.66,2292.61,2307.96,203799.3
2026-05-12 04:00:00+00:00,2307.96,2313.24,2288.95,2293.92,149655.86
2026-05-12 08:00:00+00:00,2293.92,2295.36,2275.67,2285.53,177462.63
2026-05-12 12:00:00+00:00,2285.53,2294.76,2254.86,2260.7,323371.27
2026-05-12 16:00:00+00:00,2260.7,2286.58,2255.0,2283.86,159136.53
2026-05-12 20:00:00+00:00,2283.86,2291.61,2272.02,2273.74,76072.79
2026-05-13 00:00:00+00:00,2273.74,2302.93,2272.09,2300.73,105907.71
2026-05-13 04:00:00+00:00,2300.73,2308.5,2294.8,2300.27,88503.47
2026-05-13 08:00:00+00:00,2300.27,2322.67,2297.72,2300.71,188491.96
2026-05-13 12:00:00+00:00,2300.71,2306.38,2232.89,2235.39,533882.7
2026-05-13 16:00:00+00:00,2235.39,2267.95,2234.22,2255.63,204598.46
2026-05-13 20:00:00+00:00,2255.63,2263.65,2249.68,2257.97,59870.08
2026-05-14 00:00:00+00:00,2257.97,2268.77,2237.16,2241.05,129555.47
2026-05-14 04:00:00+00:00,2241.05,2274.54,2238.0,2264.34,124941.74
2026-05-14 08:00:00+00:00,2264.34,2270.35,2251.26,2252.59,102524.31
2026-05-14 12:00:00+00:00,2252.59,2298.85,2244.67,2297.49,344264.35
2026-05-14 16:00:00+00:00,2297.49,2318.71,2292.59,2297.51,365682.15
2026-05-14 20:00:00+00:00,2297.51,2300.76,2279.2,2282.41,118321.63
2026-05-15 00:00:00+00:00,2282.41,2299.45,2258.83,2272.08,185202.23
2026-05-15 04:00:00+00:00,2272.08,2272.56,2235.64,2264.16,244115.15
2026-05-15 08:00:00+00:00,2264.16,2264.43,2248.07,2256.22,131665.77
2026-05-15 12:00:00+00:00,2256.22,2259.63,2203.5,2221.67,407849.39
2026-05-15 16:00:00+00:00,2221.67,2232.0,2217.57,2222.01,111828.46
2026-05-15 20:00:00+00:00,2222.01,2226.58,2213.0,2223.64,79032.91
2026-05-16 00:00:00+00:00,2223.64,2230.99,2222.19,2226.62,49055.71
2026-05-16 04:00:00+00:00,2226.62,2227.81,2180.01,2193.43,203595.22
2026-05-16 08:00:00+00:00,2193.43,2195.96,2160.01,2175.27,234252.13
2026-05-16 12:00:00+00:00,2175.27,2187.9,2171.2,2179.01,87313.52
2026-05-16 16:00:00+00:00,2179.01,2184.11,2169.28,2178.76,59436.5
2026-05-16 20:00:00+00:00,2178.76,2182.62,2178.2,2179.68,28513.27
2026-05-17 00:00:00+00:00,2179.68,2184.77,2166.61,2180.54,86914.63
2026-05-17 04:00:00+00:00,2180.54,2194.15,2180.05,2185.24,83296.75
2026-05-17 08:00:00+00:00,2185.24,2197.5,2181.88,2191.03,93494.09
2026-05-17 12:00:00+00:00,2191.03,2197.31,2177.0,2185.27,125583.13
2026-05-17 16:00:00+00:00,2185.27,2192.84,2175.09,2191.33,75198.12
2026-05-17 20:00:00+00:00,2191.33,2193.93,2082.46,2129.74,473635.8
2026-05-18 00:00:00+00:00,2129.74,2130.91,2103.29,2117.57,221568.75
2026-05-18 04:00:00+00:00,2117.57,2124.92,2108.45,2119.62,158850.87
2026-05-18 08:00:00+00:00,2119.62,2139.0,2108.95,2132.97,188778.2
2026-05-18 12:00:00+00:00,2132.97,2157.52,2092.0,2106.54,559255.41
2026-05-18 16:00:00+00:00,2106.54,2128.28,2076.19,2124.48,360509.53
2026-05-18 20:00:00+00:00,2124.48,2142.35,2113.56,2129.12,184267.37
2026-05-19 00:00:00+00:00,2129.12,2147.82,2118.13,2130.47,158752.04
2026-05-19 04:00:00+00:00,2130.47,2143.93,2122.22,2139.71,130874.25
2026-05-19 08:00:00+00:00,2139.71,2140.67,2105.26,2109.5,201455.04
2026-05-19 12:00:00+00:00,2109.5,2127.07,2092.31,2109.36,293834.36
2026-05-19 16:00:00+00:00,2109.36,2124.69,2106.22,2112.33,138737.32
2026-05-19 20:00:00+00:00,2112.33,2119.85,2101.42,2111.0,71174.62
2026-05-20 00:00:00+00:00,2111.0,2118.51,2101.81,2110.59,78895.59
2026-05-20 04:00:00+00:00,2110.59,2135.72,2105.66,2128.7,143303.01
2026-05-20 08:00:00+00:00,2128.7,2137.84,2123.23,2127.18,88298.89
2026-05-20 12:00:00+00:00,2127.18,2149.12,2112.41,2135.71,301881.34
2026-05-20 16:00:00+00:00,2135.71,2148.75,2122.76,2138.31,142146.51
2026-05-20 20:00:00+00:00,2138.31,2140.16,2117.26,2128.49,72383.69
2026-05-21 00:00:00+00:00,2128.49,2157.97,2127.58,2144.89,103712.53
2026-05-21 04:00:00+00:00,2144.89,2147.97,2123.0,2134.1,118738.71
2026-05-21 08:00:00+00:00,2134.1,2147.81,2108.53,2114.07,197043.84
2026-05-21 12:00:00+00:00,2114.07,2137.49,2103.8,2131.46,236222.1
2026-05-21 16:00:00+00:00,2131.46,2153.8,2120.1,2142.11,320339.28
2026-05-21 20:00:00+00:00,2142.11,2142.65,2126.09,2132.8,50920.82
2026-05-22 00:00:00+00:00,2132.8,2141.4,2124.32,2137.1,89665.88
2026-05-22 04:00:00+00:00,2137.1,2140.77,2120.34,2127.64,103151.95
2026-05-22 08:00:00+00:00,2127.64,2132.3,2117.79,2129.8,90141.41
2026-05-22 12:00:00+00:00,2129.8,2137.64,2111.0,2118.44,211290.1
2026-05-22 16:00:00+00:00,2118.44,2129.51,2056.3,2064.53,427982.56
2026-05-22 20:00:00+00:00,2064.53,2078.96,2055.55,2065.1,183014.03
2026-05-23 00:00:00+00:00,2065.1,2071.2,2051.05,2069.88,109706.23
2026-05-23 04:00:00+00:00,2069.88,2070.14,2007.09,2027.53,312654.77
2026-05-23 08:00:00+00:00,2027.53,2035.01,2020.04,2030.44,118679.75
2026-05-23 12:00:00+00:00,2030.44,2068.08,2026.07,2059.61,271411.24
2026-05-23 16:00:00+00:00,2059.61,2082.89,2056.52,2076.55,192302.98
2026-05-23 20:00:00+00:00,2076.55,2148.5,2073.57,2116.64,534530.86
2026-05-24 00:00:00+00:00,2116.64,2127.23,2111.87,2118.17,84780.36
2026-05-24 04:00:00+00:00,2118.17,2129.76,2112.71,2120.3,69867.3
2026-05-24 08:00:00+00:00,2120.3,2131.91,2118.22,2125.35,63795.77
2026-05-24 12:00:00+00:00,2125.35,2125.61,2077.29,2094.8,260824.32
2026-05-24 16:00:00+00:00,2094.8,2108.48,2094.07,2099.78,99667.26
2026-05-24 20:00:00+00:00,2099.78,2106.34,2060.13,2098.9,240121.74
2026-05-25 00:00:00+00:00,2098.9,2112.65,2091.51,2094.51,88975.83
2026-05-25 04:00:00+00:00,2094.51,2117.39,2091.0,2115.41,158833.57
2026-05-25 08:00:00+00:00,2115.41,2124.0,2110.59,2114.07,88492.54
2026-05-25 12:00:00+00:00,2114.07,2137.94,2111.2,2126.18,134662.56
2026-05-25 16:00:00+00:00,2126.18,2141.7,2115.71,2120.5,98925.08
2026-05-25 20:00:00+00:00,2120.5,2122.52,2101.11,2111.61,98405.18
2026-05-26 00:00:00+00:00,2111.61,2112.99,2082.92,2092.2,201383.3
2026-05-26 04:00:00+00:00,2092.2,2104.22,2087.2,2094.41,131370.93
2026-05-26 08:00:00+00:00,2094.41,2136.95,2093.02,2120.0,229609.25
2026-05-26 12:00:00+00:00,2120.0,2140.0,2076.5,2086.03,511324.13
2026-05-26 16:00:00+00:00,2086.03,2088.73,2052.36,2073.42,319252.57
2026-05-26 20:00:00+00:00,2073.42,2077.78,2064.41,2072.95,57588.6
2026-05-27 00:00:00+00:00,2072.95,2083.56,2067.31,2068.58,92721.22
2026-05-27 04:00:00+00:00,2068.58,2083.21,2054.41,2082.52,114708.07
2026-05-27 08:00:00+00:00,2082.52,2096.0,2077.31,2079.56,139154.35
2026-05-27 12:00:00+00:00,2079.56,2096.71,2050.11,2070.53,336063.42
2026-05-27 16:00:00+00:00,2070.53,2073.49,2042.15,2056.7,203006.88
2026-05-27 20:00:00+00:00,2056.7,2065.46,2014.1,2023.66,303467.34
2026-05-28 00:00:00+00:00,2023.66,2028.32,1967.45,1980.36,362993.7
2026-05-28 04:00:00+00:00,1980.36,1995.93,1965.81,1994.13,245880.15
2026-05-28 08:00:00+00:00,1994.13,1997.78,1983.32,1988.61,95889.42
2026-05-28 12:00:00+00:00,1988.61,2002.1,1966.44,1989.51,320863.76
2026-05-28 16:00:00+00:00,1989.51,2029.53,1984.0,2013.86,239708.17
2026-05-28 20:00:00+00:00,2013.86,2023.5,2003.6,2008.96,136458.99
2026-05-29 00:00:00+00:00,2008.96,2016.87,1996.33,2001.86,106411.65
2026-05-29 04:00:00+00:00,2001.86,2021.0,1997.29,2006.71,119417.69
2026-05-29 08:00:00+00:00,2006.71,2015.5,2001.16,2006.59,92043.37
2026-05-29 12:00:00+00:00,2006.59,2046.0,1975.51,2030.9,564686.1
2026-05-29 16:00:00+00:00,2030.9,2043.75,2003.13,2016.12,336493.57
2026-05-29 20:00:00+00:00,2016.12,2023.41,2005.51,2013.24,132886.0
2026-05-30 00:00:00+00:00,2013.24,2022.5,2009.46,2015.82,77588.87
2026-05-30 04:00:00+00:00,2015.82,2019.99,2000.67,2015.33,107178.65
2026-05-30 08:00:00+00:00,2015.33,2021.81,2012.81,2016.69,41110.81
2026-05-30 12:00:00+00:00,2016.69,2031.46,2016.22,2025.74,89837.29
2026-05-30 16:00:00+00:00,2025.74,2029.48,2018.39,2028.05,59611.94
2026-05-30 20:00:00+00:00,2028.05,2030.77,2018.91,2021.49,56884.4
2026-05-31 00:00:00+00:00,2021.49,2037.78,2019.31,2032.56,84325.47
2026-05-31 04:00:00+00:00,2032.56,2034.04,2021.68,2023.11,43500.71
2026-05-31 08:00:00+00:00,2023.11,2028.27,2014.47,2022.19,72337.51
2026-05-31 12:00:00+00:00,2022.19,2025.9,2004.39,2009.31,170008.05
2026-05-31 16:00:00+00:00,2009.31,2011.47,1992.77,1998.73,142073.12
2026-05-31 20:00:00+00:00,1998.73,2022.36,1998.73,2006.27,142219.02
2026-06-01 00:00:00+00:00,2006.27,2020.93,1989.6,2008.31,153452.08
2026-06-01 04:00:00+00:00,2008.31,2011.24,1970.47,1975.23,232788.33
2026-06-01 08:00:00+00:00,1975.23,1989.4,1970.83,1980.7,161885.83
2026-06-01 12:00:00+00:00,1980.7,1994.0,1955.03,1967.54,500778.04
2026-06-01 16:00:00+00:00,1967.54,2008.32,1957.66,2003.79,249321.59
2026-06-01 20:00:00+00:00,2003.79,2008.67,1982.73,2005.92,173971.34
2026-06-02 00:00:00+00:00,2005.92,2006.39,1961.0,2003.1,212975.07
2026-06-02 04:00:00+00:00,2003.1,2005.71,1972.72,1980.84,227126.1
2026-06-02 08:00:00+00:00,1980.84,1988.33,1965.54,1977.33,186893.27
2026-06-02 12:00:00+00:00,1977.33,1982.15,1886.18,1913.8,817784.53
2026-06-02 16:00:00+00:00,1913.8,1943.57,1880.0,1911.27,456626.57
2026-06-02 20:00:00+00:00,1911.27,1917.91,1837.2,1859.08,558352.76
2026-06-03 00:00:00+00:00,1859.08,1873.38,1815.58,1826.83,348733.4
2026-06-03 04:00:00+00:00,1826.83,1885.05,1826.49,1877.48,322119.95
2026-06-03 08:00:00+00:00,1877.48,1892.07,1869.0,1877.33,170338.64
2026-06-03 12:00:00+00:00,1877.33,1879.73,1835.16,1836.19,252171.94
2026-06-03 16:00:00+00:00,1836.19,1843.28,1793.75,1802.3,441602.83
2026-06-03 20:00:00+00:00,1802.3,1852.0,1767.42,1812.31,555421.12
2026-06-04 00:00:00+00:00,1812.31,1819.98,1715.18,1808.57,810561.51
2026-06-04 04:00:00+00:00,1808.57,1817.4,1772.39,1776.32,313751.4
2026-06-04 08:00:00+00:00,1776.32,1782.44,1728.75,1750.48,457085.38
2026-06-04 12:00:00+00:00,1750.48,1794.5,1743.25,1776.0,376816.73
2026-06-04 16:00:00+00:00,1776.0,1786.93,1752.76,1775.97,229777.62
2026-06-04 20:00:00+00:00,1775.97,1782.09,1751.22,1769.77,183540.75
2026-06-05 00:00:00+00:00,1769.77,1774.04,1720.62,1728.74,251090.28
2026-06-05 04:00:00+00:00,1728.74,1747.18,1622.06,1677.98,948581.95
2026-06-05 08:00:00+00:00,1677.98,1689.27,1658.11,1662.16,319925.02
2026-06-05 12:00:00+00:00,1662.16,1677.23,1570.82,1582.27,970082.74
2026-06-05 16:00:00+00:00,1582.27,1612.16,1538.32,1572.9,1050093.19
2026-06-05 20:00:00+00:00,1572.9,1619.28,1556.32,1582.41,627410.12
2026-06-06 00:00:00+00:00,1582.41,1600.35,1553.55,1562.3,282151.33
2026-06-06 04:00:00+00:00,1562.3,1581.42,1504.0,1574.62,966375.46
2026-06-06 08:00:00+00:00,1574.62,1592.67,1534.08,1557.95,428322.08
2026-06-06 12:00:00+00:00,1557.95,1575.0,1543.56,1559.6,286335.43
2026-06-06 16:00:00+00:00,1559.6,1566.41,1545.56,1553.69,216812.59
2026-06-06 20:00:00+00:00,1553.69,1569.68,1549.97,1568.82,140930.81
2026-06-07 00:00:00+00:00,1568.82,1599.77,1563.09,1593.86,220747.87
2026-06-07 04:00:00+00:00,1593.86,1622.94,1583.62,1614.41,280624.71
2026-06-07 08:00:00+00:00,1614.41,1648.24,1607.64,1629.26,277810.72
2026-06-07 12:00:00+00:00,1629.26,1639.44,1605.5,1629.17,316978.85
2026-06-07 16:00:00+00:00,1629.17,1637.0,1601.09,1611.94,248745.61
2026-06-07 20:00:00+00:00,1611.94,1721.2,1608.18,1689.76,629269.35
2026-06-08 00:00:00+00:00,1689.76,1711.35,1669.83,1678.88,383253.22
2026-06-08 04:00:00+00:00,1678.88,1680.0,1643.74,1672.82,386220.61
2026-06-08 08:00:00+00:00,1672.82,1696.26,1655.99,1683.02,357153.87
2026-06-08 12:00:00+00:00,1683.02,1705.76,1666.04,1690.63,536948.81
2026-06-08 16:00:00+00:00,1690.63,1703.0,1674.28,1683.65,305426.2
2026-06-08 20:00:00+00:00,1683.65,1713.78,1677.71,1688.92,304007.23
2026-06-09 00:00:00+00:00,1688.92,1695.48,1652.97,1668.48,341510.59
2026-06-09 04:00:00+00:00,1668.48,1696.07,1663.44,1679.11,281159.77
2026-06-09 08:00:00+00:00,1679.11,1679.97,1662.39,1670.81,227878.05
2026-06-09 12:00:00+00:00,1670.81,1683.09,1632.0,1635.32,451169.06
2026-06-09 16:00:00+00:00,1635.32,1658.38,1612.0,1656.79,480235.69
2026-06-09 20:00:00+00:00,1656.79,1663.75,1629.29,1638.6,171382.78
2026-06-10 00:00:00+00:00,1638.6,1646.26,1620.38,1629.94,135534.76
2026-06-10 04:00:00+00:00,1629.94,1643.11,1615.04,1639.31,122316.75
2026-06-10 08:00:00+00:00,1639.31,1640.17,1604.0,1619.06,267307.53
2026-06-10 12:00:00+00:00,1619.06,1667.92,1614.54,1657.21,550071.63
2026-06-10 16:00:00+00:00,1657.21,1658.44,1621.18,1629.15,339517.93
2026-06-10 20:00:00+00:00,1629.15,1635.28,1602.47,1620.71,214781.61
2026-06-11 00:00:00+00:00,1620.71,1665.37,1620.7,1653.35,357102.54
2026-06-11 04:00:00+00:00,1653.35,1662.49,1645.35,1653.76,171283.02
2026-06-11 08:00:00+00:00,1653.76,1673.58,1653.5,1665.94,196048.61
2026-06-11 12:00:00+00:00,1665.94,1666.13,1634.38,1644.66,346301.29
2026-06-11 16:00:00+00:00,1644.66,1693.23,1631.69,1680.51,554781.68
2026-06-11 20:00:00+00:00,1680.51,1683.19,1666.34,1672.79,129122.07
2026-06-12 00:00:00+00:00,1672.79,1677.74,1658.19,1672.42,117166.4
2026-06-12 04:00:00+00:00,1672.42,1681.2,1651.0,1661.2,152893.34
2026-06-12 08:00:00+00:00,1661.2,1685.57,1661.12,1673.03,144960.76
2026-06-12 12:00:00+00:00,1673.03,1690.75,1651.97,1658.91,431393.79
2026-06-12 16:00:00+00:00,1658.91,1677.36,1656.08,1664.81,170619.27
2026-06-12 20:00:00+00:00,1664.81,1667.22,1658.11,1665.62,47938.33
2026-06-13 00:00:00+00:00,1665.62,1675.83,1661.93,1664.35,71849.51
2026-06-13 04:00:00+00:00,1664.35,1677.6,1661.22,1675.43,86789.82
2026-06-13 08:00:00+00:00,1675.43,1679.2,1671.82,1677.43,84751.26
2026-06-13 12:00:00+00:00,1677.43,1686.27,1675.73,1681.3,74031.45
2026-06-13 16:00:00+00:00,1681.3,1681.93,1670.01,1677.46,145015.09
2026-06-13 20:00:00+00:00,1677.46,1698.08,1673.81,1680.51,77149.72
2026-06-14 00:00:00+00:00,1680.51,1689.92,1677.92,1680.99,37194.26
2026-06-14 04:00:00+00:00,1680.99,1681.85,1672.41,1674.97,60771.76
2026-06-14 08:00:00+00:00,1674.97,1678.41,1668.03,1672.84,63151.41
2026-06-14 12:00:00+00:00,1672.84,1673.98,1653.42,1662.07,132392.8
2026-06-14 16:00:00+00:00,1662.07,1667.65,1658.0,1664.58,66217.01
2026-06-14 20:00:00+00:00,1664.58,1731.99,1661.43,1724.77,411597.64
2026-06-15 00:00:00+00:00,1724.77,1731.91,1708.85,1720.13,136924.37
2026-06-15 04:00:00+00:00,1720.13,1723.29,1715.0,1715.74,75199.39
2026-06-15 08:00:00+00:00,1715.74,1770.0,1711.19,1763.81,379164.05
2026-06-15 12:00:00+00:00,1763.81,1848.58,1759.22,1844.61,673245.38
2026-06-15 16:00:00+00:00,1844.61,1846.73,1810.65,1821.04,252224.67
2026-06-15 20:00:00+00:00,1821.04,1825.91,1781.7,1795.1,188072.79
2026-06-16 00:00:00+00:00,1795.1,1801.17,1763.69,1778.28,208929.91
2026-06-16 04:00:00+00:00,1778.28,1782.3,1757.0,1773.2,178542.92
2026-06-16 08:00:00+00:00,1773.2,1807.5,1772.13,1798.91,240072.75
2026-06-16 12:00:00+00:00,1798.91,1839.53,1762.34,1781.51,464526.64
2026-06-16 16:00:00+00:00,1781.51,1807.88,1772.17,1794.74,203424.32
2026-06-16 20:00:00+00:00,1794.74,1799.8,1788.38,1792.23,56608.67
2026-06-17 00:00:00+00:00,1792.23,1809.79,1778.46,1792.98,159997.12
2026-06-17 04:00:00+00:00,1792.98,1801.37,1777.08,1784.13,123013.31
2026-06-17 08:00:00+00:00,1784.13,1785.39,1758.33,1763.11,192801.36
2026-06-17 12:00:00+00:00,1763.11,1776.95,1740.36,1772.48,338565.4
2026-06-17 16:00:00+00:00,1772.48,1796.67,1728.1,1733.61,568505.57
2026-06-17 20:00:00+00:00,1733.61,1750.97,1724.38,1749.68,159583.25
2026-06-18 00:00:00+00:00,1749.68,1762.63,1740.16,1743.21,117164.09
2026-06-18 04:00:00+00:00,1743.21,1752.99,1719.64,1748.99,192557.5
2026-06-18 08:00:00+00:00,1748.99,1753.05,1738.17,1742.31,175529.56
2026-06-18 12:00:00+00:00,1742.31,1752.37,1678.0,1681.01,518024.87
2026-06-18 16:00:00+00:00,1681.01,1706.97,1670.64,1704.71,350977.16
2026-06-18 20:00:00+00:00,1704.71,1716.78,1699.26,1710.08,119670.69
2026-06-19 00:00:00+00:00,1710.08,1719.16,1678.28,1696.74,203704.96
2026-06-19 04:00:00+00:00,1696.74,1702.64,1684.48,1694.92,130790.6
2026-06-19 08:00:00+00:00,1694.92,1699.0,1686.05,1690.99,93609.25
2026-06-19 12:00:00+00:00,1690.99,1711.79,1678.0,1707.05,258878.4
2026-06-19 16:00:00+00:00,1707.05,1711.05,1692.4,1700.32,95532.15
2026-06-19 20:00:00+00:00,1700.32,1714.77,1697.64,1710.16,66444.08
2026-06-20 00:00:00+00:00,1710.16,1718.0,1702.39,1707.38,74746.33
2026-06-20 04:00:00+00:00,1707.38,1734.07,1705.75,1725.05,172806.25
2026-06-20 08:00:00+00:00,1725.05,1732.7,1720.09,1726.31,88558.9
2026-06-20 12:00:00+00:00,1726.31,1749.0,1707.15,1740.11,271677.13
2026-06-20 16:00:00+00:00,1740.11,1740.26,1720.01,1728.26,116764.16
2026-06-20 20:00:00+00:00,1728.26,1745.73,1725.5,1740.0,90338.45
2026-06-21 00:00:00+00:00,1740.0,1740.96,1732.5,1737.14,51144.73
2026-06-21 04:00:00+00:00,1737.14,1740.66,1728.28,1731.16,64796.83
2026-06-21 08:00:00+00:00,1731.16,1736.55,1716.93,1724.45,114140.39
2026-06-21 12:00:00+00:00,1724.45,1731.97,1715.15,1729.9,140799.74
2026-06-21 16:00:00+00:00,1729.9,1738.56,1720.67,1733.29,75060.37
2026-06-21 20:00:00+00:00,1733.29,1734.75,1700.0,1706.15,236996.03
2026-06-22 00:00:00+00:00,1706.15,1759.26,1705.92,1729.15,330023.61
2026-06-22 04:00:00+00:00,1729.15,1751.13,1726.62,1745.81,141067.6
2026-06-22 08:00:00+00:00,1745.81,1774.36,1742.95,1766.99,201743.08
2026-06-22 12:00:00+00:00,1766.99,1779.5,1741.13,1743.81,361705.59
2026-06-22 16:00:00+00:00,1743.81,1747.25,1727.46,1733.68,342983.63
2026-06-22 20:00:00+00:00,1733.68,1739.0,1715.34,1727.19,179460.42
2026-06-23 00:00:00+00:00,1727.19,1735.85,1718.75,1729.17,128837.54
2026-06-23 04:00:00+00:00,1729.17,1730.63,1679.0,1681.76,321332.42
2026-06-23 08:00:00+00:00,1681.76,1683.9,1633.25,1659.93,370765.35
2026-06-23 12:00:00+00:00,1659.93,1671.3,1644.08,1658.73,296649.21
2026-06-23 16:00:00+00:00,1658.73,1673.85,1648.53,1661.57,137764.62
2026-06-23 20:00:00+00:00,1661.57,1672.88,1659.09,1666.19,105693.78
2026-06-24 00:00:00+00:00,1666.19,1680.25,1656.51,1665.7,157116.57
2026-06-24 04:00:00+00:00,1665.7,1679.0,1657.2,1672.32,125686.39
2026-06-24 08:00:00+00:00,1672.32,1692.67,1654.84,1678.63,193159.29
2026-06-24 12:00:00+00:00,1678.63,1680.64,1615.65,1617.0,534672.53
2026-06-24 16:00:00+00:00,1617.0,1635.0,1550.91,1583.66,661279.47
2026-06-24 20:00:00+00:00,1583.66,1628.83,1578.8,1621.5,283265.31
2026-06-25 00:00:00+00:00,1621.5,1625.99,1613.37,1618.71,107793.78
2026-06-25 04:00:00+00:00,1618.71,1660.0,1616.27,1656.45,285920.77
2026-06-25 08:00:00+00:00,1656.45,1658.65,1626.89,1632.3,206379.26
2026-06-25 12:00:00+00:00,1632.3,1649.61,1530.64,1569.43,966046.41
2026-06-25 16:00:00+00:00,1569.43,1586.94,1553.48,1558.69,270166.47
2026-06-25 20:00:00+00:00,1558.69,1582.87,1555.79,1566.94,231785.69
2026-06-26 00:00:00+00:00,1566.94,1570.9,1510.84,1557.1,491017.56
2026-06-26 04:00:00+00:00,1557.1,1585.4,1542.64,1579.84,265587.8
2026-06-26 08:00:00+00:00,1579.84,1581.37,1539.57,1544.22,219909.48
2026-06-26 12:00:00+00:00,1544.22,1587.96,1520.1,1579.33,577888.31
2026-06-26 16:00:00+00:00,1579.33,1594.19,1569.44,1573.89,192782.06
2026-06-26 20:00:00+00:00,1573.89,1582.91,1566.67,1577.77,95324.31
2026-06-27 00:00:00+00:00,1577.77,1586.32,1570.23,1579.76,79462.1
2026-06-27 04:00:00+00:00,1579.76,1585.73,1574.24,1584.82,58662.35
2026-06-27 08:00:00+00:00,1584.82,1585.08,1577.84,1583.08,41574.22
2026-06-27 12:00:00+00:00,1583.08,1610.48,1580.47,1604.72,166655.51
2026-06-27 16:00:00+00:00,1604.72,1607.09,1571.92,1577.42,169391.28
2026-06-27 20:00:00+00:00,1577.42,1584.4,1561.49,1573.03,120072.97
2026-06-28 00:00:00+00:00,1573.03,1579.12,1567.84,1574.09,44485.04
2026-06-28 04:00:00+00:00,1574.09,1576.54,1561.59,1575.15,84081.73
2026-06-28 08:00:00+00:00,1575.15,1585.6,1571.28,1582.19,78455.57
2026-06-28 12:00:00+00:00,1582.19,1588.6,1573.7,1580.13,76925.72
2026-06-28 16:00:00+00:00,1580.13,1581.17,1555.5,1563.71,147431.89
2026-06-28 20:00:00+00:00,1563.71,1582.0,1546.63,1571.24,263415.26
2026-06-29 00:00:00+00:00,1571.24,1589.12,1548.85,1584.09,312652.99
2026-06-29 04:00:00+00:00,1584.09,1588.46,1561.09,1579.41,162249.57
2026-06-29 08:00:00+00:00,1579.41,1586.5,1569.19,1574.19,156450.42
2026-06-29 12:00:00+00:00,1574.19,1596.47,1556.26,1579.51,494653.06
2026-06-29 16:00:00+00:00,1579.51,1637.68,1572.83,1624.91,351345.96
2026-06-29 20:00:00+00:00,1624.91,1625.95,1607.0,1612.13,97560.0
2026-06-30 00:00:00+00:00,1612.13,1613.55,1585.32,1586.25,139751.81
2026-06-30 04:00:00+00:00,1586.25,1595.44,1578.51,1591.53,108308.83
2026-06-30 08:00:00+00:00,1591.53,1593.56,1574.92,1577.74,131042.5
2026-06-30 12:00:00+00:00,1577.74,1577.78,1548.96,1564.53,442340.87
2026-06-30 16:00:00+00:00,1564.53,1581.46,1561.09,1579.9,105031.41
2026-06-30 20:00:00+00:00,1579.9,1582.4,1565.22,1571.21,76982.78
2026-07-01 00:00:00+00:00,1571.21,1598.73,1551.44,1594.15,231859.49
2026-07-01 04:00:00+00:00,1594.15,1604.51,1570.29,1577.57,191382.45
2026-07-01 08:00:00+00:00,1577.57,1584.64,1566.4,1569.02,117167.95
2026-07-01 12:00:00+00:00,1569.02,1630.66,1564.42,1619.27,445200.07
2026-07-01 16:00:00+00:00,1619.27,1629.41,1606.33,1617.16,176780.14
2026-07-01 20:00:00+00:00,1617.16,1645.97,1607.32,1608.73,237892.65
2026-07-02 00:00:00+00:00,1608.73,1642.01,1596.0,1638.76,174182.38
2026-07-02 04:00:00+00:00,1638.76,1639.42,1613.65,1615.39,113666.43
2026-07-02 08:00:00+00:00,1615.39,1654.68,1614.3,1649.59,240650.55
2026-07-02 12:00:00+00:00,1649.59,1725.0,1646.81,1696.06,651679.76
2026-07-02 16:00:00+00:00,1696.06,1706.5,1685.56,1699.23,183646.69
2026-07-02 20:00:00+00:00,1699.23,1706.23,1691.03,1699.82,92869.65
2026-07-03 00:00:00+00:00,1699.82,1718.65,1693.75,1705.82,172107.97
2026-07-03 04:00:00+00:00,1705.82,1721.97,1701.3,1717.33,89189.77
2026-07-03 08:00:00+00:00,1717.33,1748.5,1714.89,1741.7,280564.78
2026-07-03 12:00:00+00:00,1741.7,1753.48,1727.87,1730.32,200757.8
2026-07-03 16:00:00+00:00,1730.32,1752.46,1726.2,1744.67,108118.93
2026-07-03 20:00:00+00:00,1744.67,1775.74,1742.7,1757.29,192694.46
2026-07-04 00:00:00+00:00,1757.29,1763.37,1743.08,1752.88,78086.38
2026-07-04 04:00:00+00:00,1752.88,1763.99,1750.52,1757.42,67715.72
2026-07-04 08:00:00+00:00,1757.42,1764.76,1754.11,1757.13,49848.76
2026-07-04 12:00:00+00:00,1757.13,1798.96,1757.13,1790.42,229153.5
2026-07-04 16:00:00+00:00,1790.42,1809.7,1778.06,1791.68,164679.81
2026-07-04 20:00:00+00:00,1791.68,1795.35,1771.3,1779.79,89172.34
2026-07-05 00:00:00+00:00,1779.79,1780.0,1755.25,1760.66,131631.34
2026-07-05 04:00:00+00:00,1760.66,1771.9,1759.18,1769.21,77765.57
2026-07-05 08:00:00+00:00,1769.21,1772.44,1747.88,1759.32,100019.11
2026-07-05 12:00:00+00:00,1759.32,1782.92,1755.2,1773.85,119825.51
2026-07-05 16:00:00+00:00,1773.85,1786.95,1769.4,1780.67,117601.07
2026-07-05 20:00:00+00:00,1780.67,1808.37,1768.5,1785.02,198955.08
2026-07-06 00:00:00+00:00,1785.02,1798.69,1770.72,1778.94,124993.9
2026-07-06 04:00:00+00:00,1778.94,1784.43,1763.53,1771.51,89571.15
2026-07-06 08:00:00+00:00,1771.51,1777.93,1755.05,1758.41,151621.06
2026-07-06 12:00:00+00:00,1758.41,1788.56,1727.97,1787.99,555571.37
2026-07-06 16:00:00+00:00,1787.99,1804.77,1781.61,1791.81,256177.52
2026-07-06 20:00:00+00:00,1791.81,1834.54,1786.44,1799.01,261898.36
2026-07-07 00:00:00+00:00,1799.01,1809.6,1768.0,1770.61,209283.42
2026-07-07 04:00:00+00:00,1770.61,1781.89,1756.61,1770.49,143733.86
2026-07-07 08:00:00+00:00,1770.49,1784.41,1767.17,1779.96,92228.51
2026-07-07 12:00:00+00:00,1779.96,1802.65,1760.01,1796.75,326864.32
2026-07-07 16:00:00+00:00,1796.75,1812.48,1772.62,1789.66,193205.18
2026-07-07 20:00:00+00:00,1789.66,1792.5,1764.03,1770.55,120313.06
2026-07-08 00:00:00+00:00,1770.55,1784.38,1740.42,1750.68,254397.26
2026-07-08 04:00:00+00:00,1750.68,1758.85,1743.82,1755.74,119736.56
2026-07-08 08:00:00+00:00,1755.74,1758.0,1723.66,1747.35,288763.11
2026-07-08 12:00:00+00:00,1747.35,1750.9,1712.07,1721.98,284198.06
2026-07-08 16:00:00+00:00,1721.98,1745.94,1721.92,1740.22,151484.98
2026-07-08 20:00:00+00:00,1740.22,1745.22,1730.42,1742.53,65767.76
2026-07-09 00:00:00+00:00,1742.53,1755.31,1720.26,1729.75,139746.67
2026-07-09 04:00:00+00:00,1729.75,1761.94,1729.15,1752.4,160098.25
2026-07-09 08:00:00+00:00,1752.4,1758.44,1740.26,1743.3,95028.05
2026-07-09 12:00:00+00:00,1743.3,1751.72,1732.68,1738.45,213614.1
2026-07-09 16:00:00+00:00,1738.45,1759.6,1730.84,1747.83,118952.42
2026-07-09 20:00:00+00:00,1747.83,1750.58,1740.62,1744.26,45044.98
2026-07-10 00:00:00+00:00,1744.26,1779.81,1736.48,1775.54,210770.79
2026-07-10 04:00:00+00:00,1775.54,1779.66,1767.87,1772.68,98361.01
2026-07-10 08:00:00+00:00,1772.68,1802.3,1771.79,1800.49,172152.15
2026-07-10 12:00:00+00:00,1800.49,1812.38,1773.44,1790.37,247200.33
2026-07-10 16:00:00+00:00,1790.37,1799.0,1780.03,1791.97,150552.1
2026-07-10 20:00:00+00:00,1791.97,1797.42,1788.54,1796.0,53995.58
2026-07-11 00:00:00+00:00,1796.0,1798.48,1785.0,1795.66,58182.02
2026-07-11 04:00:00+00:00,1795.66,1803.26,1793.43,1799.17,50007.57
2026-07-11 08:00:00+00:00,1799.17,1802.75,1794.29,1799.6,32903.32
2026-07-11 12:00:00+00:00,1799.6,1827.91,1797.41,1814.01,200160.3
2026-07-11 16:00:00+00:00,1814.01,1829.98,1809.72,1823.77,100950.96
2026-07-11 20:00:00+00:00,1823.77,1828.46,1785.5,1786.81,144582.66
2026-07-12 00:00:00+00:00,1786.81,1814.28,1777.84,1810.77,157331.54
2026-07-12 04:00:00+00:00,1810.77,1811.97,1787.81,1798.13,100363.22
2026-07-12 08:00:00+00:00,1798.13,1808.57,1795.25,1802.89,83867.07
2026-07-12 12:00:00+00:00,1802.89,1826.2,1802.0,1820.13,122501.59
2026-07-12 16:00:00+00:00,1820.13,1823.68,1813.95,1820.61,72910.26
2026-07-12 20:00:00+00:00,1820.61,1824.1,1796.15,1806.21,136037.17
2026-07-13 00:00:00+00:00,1806.21,1846.89,1772.62,1779.74,516912.55
2026-07-13 04:00:00+00:00,1779.74,1790.49,1773.28,1786.54,156694.39
2026-07-13 08:00:00+00:00,1786.54,1792.7,1775.69,1779.87,119112.61
2026-07-13 12:00:00+00:00,1779.87,1786.98,1760.61,1775.85,336890.39
2026-07-13 16:00:00+00:00,1775.85,1780.15,1748.14,1774.07,236868.99
2026-07-13 20:00:00+00:00,1774.07,1777.76,1751.21,1776.0,144372.16
2026-07-14 00:00:00+00:00,1776.0,1793.94,1772.43,1782.86,192599.58
2026-07-14 04:00:00+00:00,1782.86,1792.63,1778.16,1779.86,93422.08
2026-07-14 08:00:00+00:00,1779.86,1804.78,1777.63,1797.4,147340.1
2026-07-14 12:00:00+00:00,1797.4,1888.0,1793.5,1874.49,913565.73
2026-07-14 16:00:00+00:00,1874.49,1881.24,1860.03,1875.98,148724.77
2026-07-14 20:00:00+00:00,1875.98,1898.0,1871.01,1891.08,148410.17
2026-07-15 00:00:00+00:00,1891.08,1892.84,1863.29,1875.53,143098.38
2026-07-15 04:00:00+00:00,1875.53,1891.34,1863.53,1869.03,226377.49
2026-07-15 08:00:00+00:00,1869.03,1886.02,1868.86,1883.82,151492.36
2026-07-15 12:00:00+00:00,1883.82,1945.91,1878.27,1930.86,600922.27
2026-07-15 16:00:00+00:00,1930.86,1936.2,1903.01,1923.13,247255.4
2026-07-15 20:00:00+00:00,1923.13,1929.76,1913.62,1916.95,86319.15
2026-07-16 00:00:00+00:00,1916.95,1928.49,1907.0,1917.71,127410.91
2026-07-16 04:00:00+00:00,1917.71,1929.34,1904.09,1909.71,146261.83
2026-07-16 08:00:00+00:00,1909.71,1912.11,1874.52,1884.2,352647.91
2026-07-16 12:00:00+00:00,1884.2,1895.0,1866.41,1881.1,323347.75
2026-07-16 16:00:00+00:00,1881.1,1882.31,1860.02,1874.82,203161.24
2026-07-16 20:00:00+00:00,1874.82,1880.95,1855.51,1863.6,125822.51
2026-07-17 00:00:00+00:00,1863.6,1870.0,1842.38,1851.74,214892.8
2026-07-17 04:00:00+00:00,1851.74,1852.14,1819.67,1827.21,230526.65
2026-07-17 08:00:00+00:00,1827.21,1842.35,1819.7,1838.1,145443.14
2026-07-17 12:00:00+00:00,1838.1,1839.51,1802.56,1830.23,366571.15
2026-07-17 16:00:00+00:00,1830.23,1855.96,1825.35,1842.49,210464.15
2026-07-17 20:00:00+00:00,1842.49,1845.99,1834.24,1841.16,58341.52
2026-07-18 00:00:00+00:00,1841.16,1845.99,1838.32,1845.2,31320.51
2026-07-18 04:00:00+00:00,1845.2,1849.03,1841.57,1843.36,29083.87
2026-07-18 08:00:00+00:00,1843.36,1848.59,1841.34,1844.67,27398.56
2026-07-18 12:00:00+00:00,1844.67,1849.98,1836.4,1843.12,56465.34
2026-07-18 16:00:00+00:00,1843.12,1868.6,1840.65,1857.67,130800.12
2026-07-18 20:00:00+00:00,1857.67,1865.16,1854.25,1861.88,77943.59
2026-07-19 00:00:00+00:00,1861.88,1876.92,1857.4,1866.56,99498.88
2026-07-19 04:00:00+00:00,1866.56,1871.29,1863.43,1869.4,38103.35
2026-07-19 08:00:00+00:00,1869.4,1879.38,1862.03,1870.42,103586.92
2026-07-19 12:00:00+00:00,1870.42,1878.68,1863.35,1870.19,115060.29
2026-07-19 16:00:00+00:00,1870.19,1873.93,1850.0,1861.45,162473.97
2026-07-19 20:00:00+00:00,1861.45,1877.97,1855.86,1871.37,164149.97
2026-07-20 00:00:00+00:00,1871.37,1891.45,1861.51,1878.98,285140.64
2026-07-20 04:00:00+00:00,1878.98,1879.3,1841.67,1863.08,273387.4
2026-07-20 08:00:00+00:00,1863.08,1896.75,1852.66,1892.93,285921.48
2026-07-20 12:00:00+00:00,1892.93,1904.77,1852.2,1901.75,388862.59
2026-07-20 16:00:00+00:00,1901.75,1917.88,1889.08,1897.55,269123.75
2026-07-20 20:00:00+00:00,1897.55,1907.55,1893.3,1903.67,111410.56
2026-07-21 00:00:00+00:00,1903.67,1929.5,1899.55,1926.03,166614.78
2026-07-21 04:00:00+00:00,1926.03,1939.99,1921.05,1933.15,146700.0
2026-07-21 08:00:00+00:00,1933.15,1953.39,1926.14,1934.83,202204.94
2026-07-21 12:00:00+00:00,1934.83,1944.77,1922.11,1931.01,244656.25
2026-07-21 16:00:00+00:00,1931.01,1934.83,1913.01,1922.7,164090.3
2026-07-21 20:00:00+00:00,1922.7,1931.9,1915.7,1929.32,71976.78
2026-07-22 00:00:00+00:00,1929.32,1943.95,1925.46,1927.39,133423.99
2026-07-22 04:00:00+00:00,1927.39,1938.65,1909.41,1913.44,132796.68
2026-07-22 08:00:00+00:00,1913.44,1932.99,1913.0,1926.4,125825.12
2026-07-22 12:00:00+00:00,1926.4,1957.31,1912.41,1942.02,360349.08
2026-07-22 16:00:00+00:00,1942.02,1956.34,1919.88,1923.94,234090.05
2026-07-22 20:00:00+00:00,1923.94,1938.86,1921.84,1933.3,115161.52
2026-07-23 00:00:00+00:00,1933.3,1941.27,1916.5,1919.55,130854.0
2026-07-23 04:00:00+00:00,1919.55,1928.0,1911.5,1914.78,113081.14
2026-07-23 08:00:00+00:00,1914.78,1930.88,1913.45,1924.74,103203.08
2026-07-23 12:00:00+00:00,1924.74,1927.02,1881.23,1894.51,401426.34
2026-07-23 16:00:00+00:00,1894.51,1894.72,1867.0,1874.77,232546.29
2026-07-23 20:00:00+00:00,1874.77,1888.22,1873.19,1877.44,104920.25
2026-07-24 00:00:00+00:00,1877.44,1880.88,1858.12,1879.69,158947.04
2026-07-24 04:00:00+00:00,1879.69,1909.3,1872.22,1895.22,246614.2
2026-07-24 08:00:00+00:00,1895.22,1895.29,1875.6,1882.93,117226.28
2026-07-24 12:00:00+00:00,1882.93,1885.19,1846.6,1861.21,340669.31
2026-07-24 16:00:00+00:00,1861.21,1866.11,1852.29,1862.83,90483.78
2026-07-24 20:00:00+00:00,1862.83,1864.7,1855.39,1860.52,41786.07
2026-07-25 00:00:00+00:00,1860.52,1863.99,1854.36,1857.77,49726.41
2026-07-25 04:00:00+00:00,1857.77,1862.17,1853.68,1855.17,36692.64
2026-07-25 08:00:00+00:00,1855.17,1859.43,1850.04,1857.14,37227.29
2026-07-25 12:00:00+00:00,1857.14,1871.58,1856.13,1867.18,83976.11
2026-07-25 16:00:00+00:00,1867.18,1876.0,1863.63,1873.88,55803.58
2026-07-25 20:00:00+00:00,1873.88,1876.47,1866.51,1873.74,37876.37
2026-07-26 00:00:00+00:00,1873.74,1883.25,1872.78,1881.3,46478.94
2026-07-26 04:00:00+00:00,1881.3,1888.75,1877.4,1880.98,57790.46
2026-07-26 08:00:00+00:00,1880.98,1887.0,1878.25,1885.22,36185.18
2026-07-26 12:00:00+00:00,1885.22,1916.7,1880.86,1913.82,185801.16
2026-07-26 16:00:00+00:00,1913.82,1927.9,1907.83,1913.4,106724.76
2026-07-26 20:00:00+00:00,1913.4,1966.8,1910.52,1953.82,245955.19
2026-07-27 00:00:00+00:00,1953.82,1954.71,1935.02,1948.93,112235.04
2026-07-27 04:00:00+00:00,1948.93,1981.29,1947.7,1963.82,207120.7
2026-07-27 08:00:00+00:00,1963.82,1971.0,1955.84,1958.73,114753.27
2026-07-27 12:00:00+00:00,1958.73,1977.43,1917.67,1926.69,476163.83
2026-07-27 16:00:00+00:00,1926.69,1954.97,1921.53,1947.78,199828.33
2026-07-27 20:00:00+00:00,1947.78,1950.22,1880.52,1891.53,274960.27
2026-07-28 00:00:00+00:00,1891.53,1893.52,1864.17,1880.3,215375.28
2026-07-28 04:00:00+00:00,1880.3,1888.73,1875.54,1882.86,111502.48
2026-07-28 08:00:00+00:00,1882.86,1884.82,1870.78,1875.98,142982.72
2026-07-28 12:00:00+00:00,1875.98,1923.68,1855.08,1919.09,550263.82
2026-07-28 16:00:00+00:00,1919.09,1929.41,1892.0,1921.35,251033.34
2026-07-28 20:00:00+00:00,1921.35,1929.94,1903.05,1921.26,144339.33
2026-07-29 00:00:00+00:00,1921.26,1928.3,1889.44,1891.81,177639.87
2026-07-29 04:00:00+00:00,1891.81,1924.58,1883.23,1923.76,193829.08
2026-07-29 08:00:00+00:00,1923.76,1924.39,1908.2,1914.43,132163.84
2026-07-29 12:00:00+00:00,1914.43,1914.43,1886.17,1891.13,287812.53
2026-07-29 16:00:00+00:00,1891.13,1938.31,1882.2,1887.72,596829.74
2026-07-29 20:00:00+00:00,1887.72,1912.69,1873.01,1909.76,296586.48
2026-07-30 00:00:00+00:00,1909.76,1920.91,1892.99,1909.4,142938.54
2026-07-30 04:00:00+00:00,1909.4,1910.11,1898.11,1902.33,71000.18
2026-07-30 08:00:00+00:00,1902.33,1925.71,1899.46,1922.31,132580.8
2026-07-30 12:00:00+00:00,1922.31,1936.72,1912.49,1918.13,210166.73
2026-07-30 16:00:00+00:00,1918.13,1928.69,1913.45,1923.0,95480.49
2026-07-30 20:00:00+00:00,1923.0,1936.0,1915.22,1917.28,215089.92
2026-07-31 00:00:00+00:00,1917.28,1935.68,1897.03,1907.78,226554.83
2026-07-31 04:00:00+00:00,1907.78,1910.37,1883.43,1888.77,158267.95
2026-07-31 08:00:00+00:00,1888.77,1892.29,1876.05,1883.5,131870.22
2026-07-31 12:00:00+00:00,1883.5,1889.5,1847.07,1861.84,483459.72
2026-07-31 16:00:00+00:00,1861.84,1877.49,1859.31,1867.41,128192.58
2026-07-31 20:00:00+00:00,1867.41,1870.0,1857.29,1861.59,82430.28
2026-08-01 00:00:00+00:00,1861.59,1869.19,1861.35,1868.99,37018.57
2026-08-01 04:00:00+00:00,1868.99,1871.05,1864.43,1868.9,31538.66
2026-08-01 08:00:00+00:00,1868.9,1869.84,1861.99,1866.0,41082.68
2026-08-01 12:00:00+00:00,1866.0,1874.89,1865.99,1869.36,51104.54
2026-08-01 16:00:00+00:00,1869.36,1872.83,1820.58,1836.33,271338.07
2026-08-01 20:00:00+00:00,1836.33,1848.59,1831.68,1843.92,66930.53
2026-08-02 00:00:00+00:00,1843.92,1884.0,1841.97,1876.67,217156.3
2026-08-02 04:00:00+00:00,1876.67,1882.55,1874.04,1875.26,68218.34
2026-08-02 08:00:00+00:00,1875.26,1878.26,1848.4,1851.6,114019.48
2026-08-02 12:00:00+00:00,1851.6,1862.64,1851.11,1857.78,79277.88
2026-08-02 16:00:00+00:00,1857.78,1887.87,1855.0,1881.33,111850.3
2026-08-02 20:00:00+00:00,1881.33,1898.0,1875.05,1884.48,144116.63
2026-08-03 00:00:00+00:00,1884.48,1885.0,1850.12,1856.18,125133.28
2026-08-03 04:00:00+00:00,1856.18,1862.0,1838.87,1843.12,150372.3
2026-08-03 08:00:00+00:00,1843.12,1853.74,1827.32,1838.96,192954.1
2026-08-03 12:00:00+00:00,1838.96,1873.61,1835.55,1862.68,288834.5
2026-08-03 16:00:00+00:00,1862.68,1875.96,1860.5,1869.17,120108.43
2026-08-03 20:00:00+00:00,1869.17,1875.21,1850.54,1859.63,115843.95
2026-08-04 00:00:00+00:00,1859.63,1871.1,1847.06,1863.47,155971.37
2026-08-04 04:00:00+00:00,1863.47,1873.99,1852.4,1863.0,121038.77
2026-08-04 08:00:00+00:00,1863.0,1874.0,1852.32,1871.97,115235.31
2026-08-04 12:00:00+00:00,1871.97,1881.0,1857.42,1872.26,272302.81
2026-08-04 16:00:00+00:00,1872.26,1882.96,1864.54,1874.42,156960.26
2026-08-04 20:00:00+00:00,1874.42,1880.52,1865.18,1868.78,95225.95
2026-08-05 00:00:00+00:00,1868.78,1877.57,1860.22,1866.76,161515.06
2026-08-05 04:00:00+00:00,1866.76,1876.99,1862.34,1871.74,103888.2
2026-08-05 08:00:00+00:00,1871.74,1875.0,1865.03,1867.92,71290.86
2026-08-05 12:00:00+00:00,1867.92,1884.5,1853.55,1872.72,393923.16
2026-08-05 16:00:00+00:00,1872.72,1927.74,1872.2,1916.07,319409.04
2026-08-05 20:00:00+00:00,1916.07,1924.0,1903.04,1908.1,109789.69
2026-08-06 00:00:00+00:00,1908.1,1913.18,1893.76,1898.03,94683.4
2026-08-06 04:00:00+00:00,1898.03,1918.26,1894.69,1908.5,95795.65
2026-08-06 08:00:00+00:00,1908.5,1920.58,1895.37,1906.86,156765.65
2026-08-06 12:00:00+00:00,1906.86,1919.0,1891.33,1910.06,244185.78
2026-08-06 16:00:00+00:00,1910.06,1917.84,1903.02,1908.73,101377.18
2026-08-06 20:00:00+00:00,1908.73,1909.92,1897.66,1903.02,61919.69
2026-08-07 00:00:00+00:00,1903.02,1907.94,1894.83,1896.64,90505.63
2026-08-07 04:00:00+00:00,1896.64,1907.18,1893.27,1901.52,74652.25
2026-08-07 08:00:00+00:00,1901.52,1920.34,1900.9,1915.56,162390.52
2026-08-07 12:00:00+00:00,1915.56,1943.65,1909.54,1917.23,385550.17
2026-08-07 16:00:00+00:00,1917.23,1924.58,1904.09,1917.81,162747.78
2026-08-07 20:00:00+00:00,1917.81,1921.0,1911.57,1913.03,52378.6
2026-08-08 00:00:00+00:00,1913.03,1918.47,1911.19,1917.06,27720.38
2026-08-08 04:00:00+00:00,1917.06,1918.58,1912.9,1914.35,26587.31
2026-08-08 08:00:00+00:00,1914.35,1923.19,1913.72,1919.71,37557.28
2026-08-08 12:00:00+00:00,1919.71,1925.84,1917.44,1921.72,55725.61
2026-08-08 16:00:00+00:00,1921.72,1925.56,1918.29,1919.68,28137.45
2026-08-08 20:00:00+00:00,1919.68,1921.98,1913.65,1916.07,29911.87
2026-08-09 00:00:00+00:00,1916.07,1919.91,1911.52,1913.21,35909.18
2026-08-09 04:00:00+00:00,1913.21,1918.74,1912.11,1918.29,33875.57
2026-08-09 08:00:00+00:00,1918.29,1924.46,1912.59,1918.42,52820.53
2026-08-09 12:00:00+00:00,1918.42,1926.73,1915.43,1925.51,84074.43
2026-08-09 16:00:00+00:00,1925.51,1926.27,1919.35,1921.05,26540.55
2026-08-09 20:00:00+00:00,1921.05,1937.56,1905.99,1909.67,148121.52
2026-08-10 00:00:00+00:00,1909.67,1931.0,1904.8,1916.4,187137.68
2026-08-10 04:00:00+00:00,1916.4,1930.0,1911.44,1924.47,91140.08
2026-08-10 08:00:00+00:00,1924.47,1929.0,1913.6,1919.69,70033.47
2026-08-10 12:00:00+00:00,1919.69,1922.52,1870.28,1875.86,423287.52
2026-08-10 16:00:00+00:00,1875.86,1879.79,1866.25,1877.56,156790.09
2026-08-10 20:00:00+00:00,1877.56,1880.5,1868.62,1872.26,54479.36
2026-08-11 00:00:00+00:00,1872.26,1880.8,1869.96,1880.12,44522.28
2026-08-11 04:00:00+00:00,1880.12,1881.14,1869.67,1876.97,71861.23
2026-08-11 08:00:00+00:00,1876.97,1895.32,1874.53,1892.13,128376.59
2026-08-11 12:00:00+00:00,1892.13,1897.65,1852.0,1861.92,382708.03
2026-08-11 16:00:00+00:00,1861.92,1884.37,1858.76,1881.14,160070.59
2026-08-11 20:00:00+00:00,1881.14,1886.85,1878.0,1881.65,105896.32
2026-08-12 00:00:00+00:00,1881.65,1887.71,1880.0,1885.78,45088.79
2026-08-12 04:00:00+00:00,1885.78,1892.99,1884.51,1890.99,73511.43
2026-08-12 08:00:00+00:00,1890.99,1915.0,1889.01,1914.82,190189.61
2026-08-12 12:00:00+00:00,1914.82,1926.0,1883.34,1891.76,410051.34
2026-08-12 16:00:00+00:00,1891.76,1895.16,1876.7,1878.46,115593.63
2026-08-12 20:00:00+00:00,1878.46,1888.8,1871.71,1878.81,88617.04
2026-08-13 00:00:00+00:00,1878.81,1888.01,1872.0,1886.8,127322.23
2026-08-13 04:00:00+00:00,1886.8,1899.71,1884.7,1894.76,112200.13
2026-08-13 08:00:00+00:00,1894.76,1896.31,1874.39,1879.68,149326.05
2026-08-13 12:00:00+00:00,1879.68,1896.85,1878.2,1879.15,166849.64
2026-08-13 16:00:00+00:00,1879.15,1892.47,1862.52,1886.62,261654.13
2026-08-13 20:00:00+00:00,1886.62,1893.5,1883.71,1885.52,52400.64
2026-08-14 00:00:00+00:00,1885.52,1890.91,1881.33,1882.17,54997.86
2026-08-14 04:00:00+00:00,1882.17,1887.32,1871.09,1872.34,99504.45
2026-08-14 08:00:00+00:00,1872.34,1880.33,1868.28,1877.26,96533.3
2026-08-14 12:00:00+00:00,1877.26,1883.83,1863.24,1880.67,178449.15
2026-08-14 16:00:00+00:00,1880.67,1887.65,1872.62,1879.76,112711.55
2026-08-14 20:00:00+00:00,1879.76,1881.88,1875.14,1881.42,41270.95
2026-08-15 00:00:00+00:00,1881.42,1885.98,1880.22,1881.95,33343.79
2026-08-15 04:00:00+00:00,1881.95,1884.89,1878.69,1879.53,32654.69
2026-08-15 08:00:00+00:00,1879.53,1880.85,1875.2,1878.51,34388.61
2026-08-15 12:00:00+00:00,1878.51,1884.94,1877.01,1884.15,50034.37
2026-08-15 16:00:00+00:00,1884.15,1885.58,1881.42,1883.58,28706.93
2026-08-15 20:00:00+00:00,1883.58,1884.98,1881.1,1881.94,18387.11
2026-08-16 00:00:00+00:00,1881.94,1884.88,1876.17,1882.29,56933.93
2026-08-16 04:00:00+00:00,1882.29,1883.85,1878.17,1880.69,17628.76
2026-08-16 08:00:00+00:00,1880.69,1881.8,1878.32,1880.1,22083.12
2026-08-16 12:00:00+00:00,1880.1,1884.17,1878.48,1883.05,29230.63
2026-08-16 16:00:00+00:00,1883.05,1891.62,1881.51,1884.91,89478.11
2026-08-16 20:00:00+00:00,1884.91,1886.64,1867.89,1875.31,116148.49
2026-08-17 00:00:00+00:00,1875.31,1907.76,1871.49,1900.13,201059.39
2026-08-17 04:00:00+00:00,1900.13,1911.77,1897.09,1900.04,124769.68
2026-08-17 08:00:00+00:00,1900.04,1908.95,1890.59,1903.73,164068.3
2026-08-17 12:00:00+00:00,1903.73,1914.96,1895.05,1912.4,205557.44
2026-08-17 16:00:00+00:00,1912.4,1913.78,1903.42,1906.56,124451.68
2026-08-17 20:00:00+00:00,1906.56,1918.0,1902.45,1912.75,84956.01
2026-08-18 00:00:00+00:00,1912.75,1913.73,1884.12,1893.69,174059.02
2026-08-18 04:00:00+00:00,1893.69,1906.0,1890.51,1897.58,86446.35
2026-08-18 08:00:00+00:00,1897.58,1905.19,1892.53,1902.39,66732.21
2026-08-18 12:00:00+00:00,1902.39,1922.9,1892.89,1916.95,261736.39
2026-08-18 16:00:00+00:00,1916.95,1921.71,1909.81,1912.71,92180.92
2026-08-18 20:00:00+00:00,1912.71,1919.96,1910.15,1917.15,68178.2
2026-08-19 00:00:00+00:00,1917.15,1918.5,1905.0,1911.18,132568.04
2026-08-19 04:00:00+00:00,1911.18,1920.78,1905.37,1915.13,101830.19
2026-08-19 08:00:00+00:00,1915.13,1929.09,1914.35,1922.24,132193.85
2026-08-19 12:00:00+00:00,1922.24,2117.55,1921.5,2084.94,1238030.36
2026-08-19 16:00:00+00:00,2084.94,2107.82,2065.81,2101.05,365122.46
2026-08-19 20:00:00+00:00,2101.05,2338.21,2100.97,2252.29,1152739.24
2026-08-20 00:00:00+00:00,2252.29,2273.66,2219.87,2250.92,321048.23
2026-08-20 04:00:00+00:00,2250.92,2267.0,2238.08,2252.11,175660.97
2026-08-20 08:00:00+00:00,2252.11,2318.36,2249.0,2295.26,418540.94
2026-08-20 12:00:00+00:00,2295.26,2337.66,2252.19,2325.01,607320.73
2026-08-20 16:00:00+00:00,2325.01,2359.2,2309.44,2322.98,383173.45
2026-08-20 20:00:00+00:00,2322.98,2340.3,2304.63,2326.24,133961.95
2026-08-21 00:00:00+00:00,2326.24,2381.58,2324.05,2340.09,338146.23
2026-08-21 04:00:00+00:00,2340.09,2398.9,2340.09,2371.87,349469.31
2026-08-21 08:00:00+00:00,2371.87,2449.48,2355.64,2370.38,672367.17
2026-08-21 12:00:00+00:00,2370.38,2408.2,2364.92,2392.88,346813.15
2026-08-21 16:00:00+00:00,2392.88,2431.72,2382.84,2412.42,268804.76
2026-08-21 20:00:00+00:00,2412.42,2549.15,2407.55,2515.9,529467.65
2026-08-22 00:00:00+00:00,2515.9,2528.77,2491.11,2514.27,235258.63
2026-08-22 04:00:00+00:00,2514.27,2530.0,2379.45,2432.05,515097.98
2026-08-22 08:00:00+00:00,2432.05,2442.2,2387.67,2424.0,256748.94
2026-08-22 12:00:00+00:00,2424.0,2437.84,2405.43,2410.52,130337.9
2026-08-22 16:00:00+00:00,2410.52,2444.52,2408.54,2438.61,103540.38
2026-08-22 20:00:00+00:00,2438.61,2443.69,2401.45,2422.0,116491.13
2026-08-23 00:00:00+00:00,2422.0,2435.0,2406.38,2413.44,113902.53
2026-08-23 04:00:00+00:00,2413.44,2416.7,2355.16,2388.12,300922.51
2026-08-23 08:00:00+00:00,2388.12,2438.32,2385.94,2433.37,178894.7
2026-08-23 12:00:00+00:00,2433.37,2485.43,2385.09,2437.87,406076.64
2026-08-23 16:00:00+00:00,2437.87,2459.01,2431.22,2443.77,145097.83
2026-08-23 20:00:00+00:00,2443.77,2484.95,2435.0,2462.5,168137.18
2026-08-24 00:00:00+00:00,2462.5,2466.28,2422.2,2429.78,183235.03
2026-08-24 04:00:00+00:00,2429.78,2474.37,2427.19,2453.84,180471.22
2026-08-24 08:00:00+00:00,2453.84,2509.26,2434.58,2493.6,296502.36
2026-08-24 12:00:00+00:00,2493.6,2533.91,2472.82,2486.24,524781.75
2026-08-24 16:00:00+00:00,2486.24,2505.26,2453.33,2470.66,360121.32
2026-08-24 20:00:00+00:00,2470.66,2488.92,2464.4,2480.86,125778.78
2026-08-25 00:00:00+00:00,2480.86,2533.06,2470.77,2497.97,234009.38
2026-08-25 04:00:00+00:00,2497.97,2515.4,2463.05,2477.99,192459.85
2026-08-25 08:00:00+00:00,2477.99,2497.52,2461.0,2477.13,135956.57
2026-08-25 12:00:00+00:00,2477.13,2483.53,2438.16,2481.5,298078.88
2026-08-25 16:00:00+00:00,2481.5,2485.8,2453.74,2461.93,133036.81
2026-08-25 20:00:00+00:00,2461.93,2463.17,2411.95,2441.56,207398.54
2026-08-26 00:00:00+00:00,2441.56,2469.73,2433.87,2464.57,118864.65
2026-08-26 04:00:00+00:00,2464.57,2472.96,2450.0,2460.34,109719.19
2026-08-26 08:00:00+00:00,2460.34,2474.89,2441.07,2461.68,119132.5
2026-08-26 12:00:00+00:00,2461.68,2470.71,2430.68,2448.89,256316.07
2026-08-26 16:00:00+00:00,2448.89,2483.16,2435.38,2469.34,177088.55
2026-08-26 20:00:00+00:00,2469.34,2515.0,2458.37,2505.74,201514.25
2026-08-27 00:00:00+00:00,2505.74,2509.59,2486.0,2491.85,100786.59
2026-08-27 04:00:00+00:00,2491.85,2498.87,2480.36,2495.89,75348.42
2026-08-27 08:00:00+00:00,2495.89,2566.16,2484.4,2500.38,463246.0
2026-08-27 12:00:00+00:00,2500.38,2531.39,2481.3,2520.39,274205.96
2026-08-27 16:00:00+00:00,2520.39,2533.19,2487.18,2496.9,174130.4
2026-08-27 20:00:00+00:00,2496.9,2516.52,2493.67,2509.8,66691.07
2026-08-28 00:00:00+00:00,2509.8,2534.39,2484.0,2488.62,173496.45
2026-08-28 04:00:00+00:00,2488.62,2504.51,2474.47,2495.3,119579.36
2026-08-28 08:00:00+00:00,2495.3,2511.61,2480.21,2503.99,94298.34
2026-08-28 12:00:00+00:00,2503.99,2526.68,2465.0,2470.19,429010.9
2026-08-28 16:00:00+00:00,2470.19,2472.54,2404.61,2434.6,448621.84
2026-08-28 20:00:00+00:00,2434.6,2445.0,2421.0,2441.64,87344.1
2026-08-29 00:00:00+00:00,2441.64,2447.03,2432.3,2433.88,78625.99
2026-08-29 04:00:00+00:00,2433.88,2441.03,2427.87,2434.77,52527.85
2026-08-29 08:00:00+00:00,2434.77,2437.58,2429.52,2434.71,32662.73
2026-08-29 12:00:00+00:00,2434.71,2452.84,2431.16,2443.59,99083.6
2026-08-29 16:00:00+00:00,2443.59,2460.68,2443.2,2452.28,97305.69
2026-08-29 20:00:00+00:00,2452.28,2458.72,2447.81,2456.38,33326.01
2026-08-30 00:00:00+00:00,2456.38,2467.0,2451.48,2456.07,55154.31
2026-08-30 04:00:00+00:00,2456.07,2461.07,2450.38,2454.2,33311.31
2026-08-30 08:00:00+00:00,2454.2,2460.64,2450.85,2459.18,49960.32
2026-08-30 12:00:00+00:00,2459.18,2483.31,2457.37,2479.79,141277.03
2026-08-30 16:00:00+00:00,2479.79,2533.99,2478.16,2502.64,277225.94
2026-08-30 20:00:00+00:00,2502.64,2507.63,2385.55,2415.47,437078.68
2026-08-31 00:00:00+00:00,2415.47,2440.68,2400.1,2419.73,229061.23
2026-08-31 04:00:00+00:00,2419.73,2445.89,2410.02,2439.25,154801.71
2026-08-31 08:00:00+00:00,2439.25,2457.8,2431.91,2445.01,129867.44
2026-08-31 12:00:00+00:00,2445.01,2478.0,2436.0,2466.57,250738.01
2026-08-31 16:00:00+00:00,2466.57,2489.44,2460.13,2480.76,159109.29
2026-08-31 20:00:00+00:00,2480.76,2486.27,2460.56,2466.53,73831.35
2026-09-01 00:00:00+00:00,2466.53,2481.97,2452.62,2471.22,122137.66
