position_id,symbol,direction,entry_time,entry_price,exit_time,exit_price,exit_reason,is_gap_fill,initial_sl,trailing_sl,trailing_active,stake,leverage,notional,margin,quantity,gross_pnl,total_costs,funding_pnl,net_pnl
p1,BTCUSDT,-1,2024-01-26 07:00:00+00:00,39991.1,2024-01-26 09:00:00+00:00,40065.6,signal_reverse,False,41190.833,,False,100.0,1.0,100.0,100.0,0.002500556373793169,-0.18629144984759108,0.3202794371747714,0.01,-0.4965708870223625
p2,BTCUSDT,-1,2024-01-26 15:00:00+00:00,41568.0,2024-01-26 17:00:00+00:00,41900.0,signal_reverse,False,42815.04,,False,100.0,1.0,100.0,100.0,0.002405696689761355,-0.7986913010007698,0.3211980369515012,0.01,-1.109889337952271
p3,BTCUSDT,-1,2024-01-26 23:00:00+00:00,41883.4,2024-01-27 01:00:00+00:00,41807.4,signal_reverse,False,43139.902,,False,100.0,1.0,100.0,100.0,0.002387580759919204,0.18145613775385952,0.3197278157933693,0.01,-0.12827167803950976
p4,BTCUSDT,-1,2024-01-27 07:00:00+00:00,41693.3,2024-01-27 09:00:00+00:00,41649.1,signal_reverse,False,42944.099,,False,100.0,1.0,100.0,100.0,0.002398466899957547,0.10601223697813404,0.3198409816445328,0.01,-0.20382874466639872
p5,BTCUSDT,-1,2024-01-27 15:00:00+00:00,41744.4,2024-01-27 17:00:00+00:00,41758.1,signal_reverse,False,42996.732,,False,100.0,1.0,100.0,100.0,0.0023955308975575165,-0.032818773296531004,0.3200492281599448,0.01,-0.3428680014564758
p6,BTCUSDT,-1,2024-01-27 23:00:00+00:00,42124.6,2024-01-28 01:00:00+00:00,42073.9,signal_reverse,False,43388.337999999996,,False,100.0,1.0,100.0,100.0,0.0023739097819326475,0.12035722594397832,0.3198194641610841,0.000678,-0.19878423821710575
p7,BTCUSDT,-1,2024-01-28 07:00:00+00:00,42381.1,2024-01-28 09:00:00+00:00,42559.0,signal_reverse,False,43652.532999999996,,False,100.0,1.0,100.0,100.0,0.0023595423431671193,-0.41976258284943396,0.3206296438742742,0.000543,-0.7398492267237082
p8,BTCUSDT,-1,2024-01-28 15:00:00+00:00,42277.5,2024-01-28 17:00:00+00:00,42146.0,signal_reverse,False,43545.825,,False,100.0,1.0,100.0,100.0,0.002365324345100822,0.3110401513807581,0.31953343977292886,0.01,0.0015067116078292166
p9,BTCUSDT,-1,2024-01-28 23:00:00+00:00,41820.5,2024-01-29 01:00:00+00:00,42147.7,signal_reverse,False,43075.115,,False,100.0,1.0,100.0,100.0,0.002391171793737521,-0.7823914109109099,0.3211735871163664,0.01,-1.0935649980272764
p10,BTCUSDT,-1,2024-01-29 07:00:00+00:00,42148.3,2024-01-29 09:00:00+00:00,42279.6,signal_reverse,False,43412.749,,False,100.0,1.0,100.0,100.0,0.002372574931847785,-0.31151908855160376,0.3204672786328274,0.01,-0.6219863671844312
p11,BTCUSDT,-1,2024-01-29 15:00:00+00:00,41929.2,2024-01-29 16:00:00+00:00,43187.075999999994,initial_sl,False,43187.075999999994,,False,100.0,1.0,100.0,100.0,0.00238497276361104,-2.999999999999992,0.3245,0.0,-3.324499999999992
p12,BTCUSDT,-1,2024-01-29 23:00:00+00:00,43080.2,2024-01-30 01:00:00+00:00,43427.7,signal_reverse,False,44372.606,,False,100.0,1.0,100.0,100.0,0.002321251990473582,-0.8066350666895697,0.3212099526000343,0.008201,-1.1196440192896042
p13,BTCUSDT,-1,2024-01-30 07:00:00+00:00,43329.7,2024-01-30 09:00:00+00:00,43306.0,signal_reverse,False,44629.591,,False,100.0,1.0,100.0,100.0,0.002307885815041415,0.054696893816474815,0.3199179546592753,0.01,-0.2552210608428005
p14,BTCUSDT,-1,2024-01-30 15:00:00+00:00,43464.2,2024-01-30 17:00:00+00:00,43370.6,signal_reverse,False,44768.126,,False,100.0,1.0,100.0,100.0,0.002300744060629208,0.2153496440748905,0.3196769755338877,0.01,-0.0943273314589972
p15,BTCUSDT,-1,2024-01-30 23:00:00+00:00,43302.1,2024-01-31 01:00:00+00:00,42766.1,signal_reverse,False,44601.163,,False,100.0,1.0,100.0,100.0,0.0023093568210317745,1.2378152560730311,0.31814327711589047,0.001302,0.9209739789571406
p16,BTCUSDT,-1,2024-01-31 07:00:00+00:00,42955.4,2024-01-31 09:00:00+00:00,42639.0,signal_reverse,False,44244.062,,False,100.0,1.0,100.0,100.0,0.002327996014470823,0.7365779389785718,0.31889513309153217,0.01,0.42768280588703966
p17,BTCUSDT,-1,2024-01-31 15:00:00+00:00,42850.0,2024-01-31 17:00:00+00:00,43688.6,signal_reverse,False,44135.5,,False,100.0,1.0,100.0,100.0,0.002333722287047841,-1.9570595099183161,0.3229355892648775,0.01,-2.269995099183194
p18,BTCUSDT,-1,2024-01-31 23:00:00+00:00,42625.5,2024-02-01 01:00:00+00:00,41960.1,signal_reverse,False,43904.265,,False,100.0,1.0,100.0,100.0,0.0023460135364981056,1.5610374071858428,0.31765844388922126,0.005432,1.2488109632966216
p19,BTCUSDT,-1,2024-02-01 07:00:00+00:00,42174.9,2024-02-01 09:00:00+00:00,42143.2,signal_reverse,False,43440.147000000004,,False,100.0,1.0,100.0,100.0,0.0023710785324920747,0.07516318948000912,0.31988725521578,0.01,-0.23472406573577087
p20,BTCUSDT,-1,2024-02-01 15:00:00+00:00,42624.9,2024-02-01 17:00:00+00:00,42900.0,signal_reverse,False,43903.647000000004,,False,100.0,1.0,100.0,100.0,0.0023460465596400223,-0.6453974085569667,0.32096809611283544,0.01,-0.9563655046698021
p21,BTCUSDT,-1,2024-02-01 23:00:00+00:00,42911.1,2024-02-02 01:00:00+00:00,43098.1,signal_reverse,False,44198.433,,False,100.0,1.0,100.0,100.0,0.0023303993605384155,-0.4357846804206837,0.320653677020631,0.007298,-0.7491403574413147
p22,BTCUSDT,-1,2024-02-02 07:00:00+00:00,43141.3,2024-02-02 09:00:00+00:00,42973.2,signal_reverse,False,44435.539000000004,,False,100.0,1.0,100.0,100.0,0.0023179644563330265,0.3896498251095952,0.31941552526233563,0.01,0.08023429984725959
p23,BTCUSDT,-1,2024-02-02 15:00:00+00:00,42784.4,2024-02-02 17:00:00+00:00,42936.0,signal_reverse,False,44067.932,,False,100.0,1.0,100.0,100.0,0.002337300511401352,-0.35433475752844157,0.32053150213629267,0.01,-0.6648662596647342
p24,BTCUSDT,-1,2024-02-02 23:00:00+00:00,43178.9,2024-02-03 01:00:00+00:00,43194.6,signal_reverse,False,44474.267,,False,100.0,1.0,100.0,100.0,0.0023159459828758955,-0.03636035193114482,0.3200545405278968,0.008511000000000001,-0.34790389245904163
p25,BTCUSDT,-1,2024-02-03 07:00:00+00:00,43074.3,2024-02-03 09:00:00+00:00,43076.1,signal_reverse,False,44366.529,,False,100.0,1.0,100.0,100.0,0.0023215699384551806,-0.00417882588920919,0.3200062682388338,0.004735,-0.31945009412804304
p26,BTCUSDT,-1,2024-02-03 15:00:00+00:00,43019.6,2024-02-03 17:00:00+00:00,43211.2,signal_reverse,False,44310.188,,False,100.0,1.0,100.0,100.0,0.0023245218458563073,-0.4453783856660651,0.3206680675784991,0.01,-0.7560464532445641
p27,BTCUSDT,-1,2024-02-03 23:00:00+00:00,43016.2,2024-02-04 01:00:00+00:00,43024.0,signal_reverse,False,44306.685999999994,,False,100.0,1.0,100.0,100.0,0.002324705576038795,-0.018132703493109366,0.3200271990552397,0.008642,-0.32951790254834906
p28,BTCUSDT,-1,2024-02-04 07:00:00+00:00,42731.8,2024-02-04 09:00:00+00:00,42917.7,signal_reverse,False,44013.754,,False,100.0,1.0,100.0,100.0,0.002340177572674214,-0.4350390107601228,0.3206525585161402,0.01,-0.745691569276263
p29,BTCUSDT,-1,2024-02-04 15:00:00+00:00,42859.4,2024-02-04 17:00:00+00:00,42883.1,signal_reverse,False,44145.182,,False,100.0,1.0,100.0,100.0,0.002333210450916252,-0.05529708768670838,0.32008294563153006,0.01,-0.36538003331823843
p30,BTCUSDT,-1,2024-02-04 23:00:00+00:00,42549.6,2024-02-05 01:00:00+00:00,42512.4,signal_reverse,False,43826.087999999996,,False,100.0,1.0,100.0,100.0,0.002350198356741309,0.08742737887076986,0.3198688589316939,0.008355,-0.22408648006092408
p31,BTCUSDT,-1,2024-02-05 07:00:00+00:00,42797.3,2024-02-05 09:00:00+00:00,43022.6,signal_reverse,False,44081.219000000005,,False,100.0,1.0,100.0,100.0,0.0023365960002149667,-0.5264350788484218,0.32078965261827264,0.01,-0.8372247314666944
p32,BTCUSDT,-1,2024-02-05 15:00:00+00:00,43181.7,2024-02-05 17:00:00+00:00,42705.6,signal_reverse,False,44477.151,,False,100.0,1.0,100.0,100.0,0.0023157958116516953,1.1025503859273689,0.31834617442110896,0.01,0.79420421150626
p33,BTCUSDT,-1,2024-02-05 23:00:00+00:00,42476.0,2024-02-06 01:00:00+00:00,42647.4,signal_reverse,False,43750.28,,False,100.0,1.0,100.0,100.0,0.002354270646953574,-0.403521988887846,0.32060528298333174,0.01,-0.7141272718711777
p34,BTCUSDT,-1,2024-02-06 07:00:00+00:00,42760.9,2024-02-06 09:00:00+00:00,42975.6,signal_reverse,False,44043.727,,False,100.0,1.0,100.0,100.0,0.00233858501575037,-0.5020942028815977,0.3207531413043224,0.01,-0.8128473441859201
p35,BTCUSDT,-1,2024-02-06 15:00:00+00:00,42915.6,2024-02-06 17:00:00+00:00,43157.0,signal_reverse,False,44203.068,,False,100.0,1.0,100.0,100.0,0.002330155001910727,-0.562499417461253,0.32084374912619196,0.01,-0.8733431665874449
p36,BTCUSDT,-1,2024-02-06 23:00:00+00:00,43181.7,2024-02-07 01:00:00+00:00,43032.9,signal_reverse,False,44477.151,,False,100.0,1.0,100.0,100.0,0.0023157958116516953,0.3445904167737622,0.3194831143748394,0.005488000000000001,0.03059530239892278
p37,BTCUSDT,-1,2024-02-07 07:00:00+00:00,42945.0,2024-02-07 09:00:00+00:00,43127.4,signal_reverse,False,44233.35,,False,100.0,1.0,100.0,100.0,0.0023285597857724996,-0.4247293049249073,0.3206370939573874,0.01,-0.7353663988822947
p38,BTCUSDT,-1,2024-02-07 15:00:00+00:00,43004.1,2024-02-07 17:00:00+00:00,43488.7,signal_reverse,False,44294.223,,False,100.0,1.0,100.0,100.0,0.002325359675007732,-1.1268692985087436,0.32169030394776316,0.01,-1.4385596024565068
p39,BTCUSDT,-1,2024-02-07 23:00:00+00:00,44137.8,2024-02-08 01:00:00+00:00,44630.0,signal_reverse,False,45461.934,,False,100.0,1.0,100.0,100.0,0.0022656317260941867,-1.1151439355835522,0.3216727159033753,0.01,-1.4268166514869274
p40,BTCUSDT,-1,2024-02-08 07:00:00+00:00,44446.1,2024-02-08 09:00:00+00:00,44659.9,signal_reverse,False,45779.483,,False,100.0,1.0,100.0,100.0,0.0022499161906218996,-0.4810320815549687,0.3207215481223325,0.006283,-0.7954706296773011
p41,BTCUSDT,-1,2024-02-08 15:00:00+00:00,45048.7,2024-02-08 17:00:00+00:00,45020.1,signal_reverse,False,46400.161,,False,100.0,1.0,100.0,100.0,0.0022198198838146274,0.06348684867709511,0.3199047697269844,0.000361,-0.25605692104988925
p42,BTCUSDT,-1,2024-02-08 23:00:00+00:00,45244.5,2024-02-09 01:00:00+00:00,45466.5,signal_reverse,False,46601.835,,False,100.0,1.0,100.0,100.0,0.002210213396103394,-0.49066737393495347,0.32073600106090244,-0.0028799999999999997,-0.8142833749958559
p43,BTCUSDT,1,2024-02-09 07:00:00+00:00,46182.7,2024-02-09 09:00:00+00:00,46508.5,signal_reverse,False,44797.219,,False,100.0,1.0,100.0,100.0,0.002165312985165441,0.705458970566907,0.3210581884558504,-0.01,0.3744007821110566
p44,BTCUSDT,-1,2024-02-09 15:00:00+00:00,47034.7,2024-02-09 17:00:00+00:00,47632.4,signal_reverse,False,48445.740999999995,,False,100.0,1.0,100.0,100.0,0.0021260898868282353,-1.2707639253572456,0.3219061458880359,0.01,-1.5826700712452815
p45,BTCUSDT,-1,2024-02-09 23:00:00+00:00,47256.9,2024-02-10 01:00:00+00:00,47284.1,signal_reverse,False,48674.607,,False,100.0,1.0,100.0,100.0,0.0021160930996320113,-0.057557732309984545,0.32008633659846497,0.01,-0.36764406890844953
p46,BTCUSDT,-1,2024-02-10 07:00:00+00:00,47348.7,2024-02-10 09:00:00+00:00,47065.2,signal_reverse,False,48769.161,,False,100.0,1.0,100.0,100.0,0.0021119904031156084,0.5987492792832749,0.3191018760810751,0.01,0.28964740320219984
p47,BTCUSDT,-1,2024-02-10 15:00:00+00:00,47259.3,2024-02-10 17:00:00+00:00,47187.6,signal_reverse,False,48677.079000000005,,False,100.0,1.0,100.0,100.0,0.002115985636689498,0.15171617015064623,0.31977242574477405,0.01,-0.1580562555941278
p48,BTCUSDT,-1,2024-02-10 23:00:00+00:00,47820.4,2024-02-11 01:00:00+00:00,47611.2,signal_reverse,False,49255.012,,False,100.0,1.0,100.0,100.0,0.0020911577485759215,0.4374702010020919,0.3193437946984969,0.01,0.128126406303595
p49,BTCUSDT,-1,2024-02-11 07:00:00+00:00,48222.0,2024-02-11 09:00:00+00:00,48147.5,signal_reverse,False,49668.66,,False,100.0,1.0,100.0,100.0,0.0020737422753100243,0.1544937995105968,0.3197682593007341,0.01,-0.1552744597901373
p50,BTCUSDT,-1,2024-02-11 15:00:00+00:00,48239.7,2024-02-11 17:00:00+00:00,48307.9,signal_reverse,False,49686.890999999996,,False,100.0,1.0,100.0,100.0,0.0020729813825542034,-0.14137733029020572,0.3202120659954353,0.01,-0.451589396285641
p51,BTCUSDT,-1,2024-02-11 23:00:00+00:00,48154.5,2024-02-12 01:00:00+00:00,48502.4,signal_reverse,False,49599.135,,False,100.0,1.0,100.0,100.0,0.0020766491189816113,-0.7224662284937056,0.32108369934274056,0.01,-1.0335499278364462
p52,BTCUSDT,-1,2024-02-12 07:00:00+00:00,48163.1,2024-02-12 09:00:00+00:00,47898.9,signal_reverse,False,49607.992999999995,,False,100.0,1.0,100.0,100.0,0.002076278312650141,0.5485527302021612,0.31917717090469677,0.01,0.23937555929746446
p53,BTCUSDT,-1,2024-02-12 15:00:00+00:00,48827.1,2024-02-12 17:00:00+00:00,50291.913,initial_sl,False,50291.913,,False,100.0,1.0,100.0,100.0,0.002048042992518499,-3.0000000000000044,0.3245,0.01,-3.3145000000000047
p54,BTCUSDT,-1,2024-02-12 23:00:00+00:00,50064.3,2024-02-13 01:00:00+00:00,50173.2,signal_reverse,False,51566.22900000001,,False,100.0,1.0,100.0,100.0,0.0019974313033438995,-0.21752026893413903,0.3203262804034012,0.01,-0.5278465493375403
p55,BTCUSDT,-1,2024-02-13 07:00:00+00:00,50030.0,2024-02-13 09:00:00+00:00,50245.1,signal_reverse,False,51530.9,,False,100.0,1.0,100.0,100.0,0.001998800719568259,-0.42994203477912957,0.32064491305216875,0.01,-0.7405869478312983
p56,BTCUSDT,-1,2024-02-13 15:00:00+00:00,48706.6,2024-02-13 17:00:00+00:00,48861.4,signal_reverse,False,50167.797999999995,,False,100.0,1.0,100.0,100.0,0.002053109845482953,-0.31782140408076714,0.32047673210612115,0.01,-0.6282981361868882
p57,BTCUSDT,-1,2024-02-13 23:00:00+00:00,49540.0,2024-02-14 01:00:00+00:00,49454.8,signal_reverse,False,51026.2,,False,100.0,1.0,100.0,100.0,0.0020185708518368995,0.17198223657649797,0.3197420266451353,0.01,-0.1377597900686373
p58,BTCUSDT,-1,2024-02-14 07:00:00+00:00,49659.7,2024-02-14 09:00:00+00:00,51149.490999999995,initial_sl,False,51149.490999999995,,False,100.0,1.0,100.0,100.0,0.0020137052781229047,-2.999999999999995,0.3245,0.01,-3.3144999999999953
p59,BTCUSDT,-1,2024-02-14 15:00:00+00:00,51943.8,2024-02-14 17:00:00+00:00,51688.8,signal_reverse,False,53502.114,,False,100.0,1.0,100.0,100.0,0.0019251575741474438,0.49091518140759816,0.31926362722788865,0.011153,0.1828045541797095
p60,BTCUSDT,-1,2024-02-14 23:00:00+00:00,51816.4,2024-02-15 01:00:00+00:00,51932.7,signal_reverse,False,53370.892,,False,100.0,1.0,100.0,100.0,0.0019298909225650565,-0.22444631429430764,0.32033666947144146,0.01,-0.5347829837657491
p61,BTCUSDT,-1,2024-02-15 07:00:00+00:00,52014.4,2024-02-15 09:00:00+00:00,52212.9,signal_reverse,False,53574.832,,False,100.0,1.0,100.0,100.0,0.0019225445261312252,-0.3816250884370482,0.3205724376326556,0.014721999999999999,-0.6874755260697037
p62,BTCUSDT,-1,2024-02-15 15:00:00+00:00,52656.4,2024-02-15 17:00:00+00:00,51901.9,signal_reverse,False,54236.092000000004,,False,100.0,1.0,100.0,100.0,0.0018991043823732728,1.4328742565006343,0.31785068861524907,0.010861,1.1258845678853853
p63,BTCUSDT,-1,2024-02-15 23:00:00+00:00,51666.1,2024-02-16 01:00:00+00:00,51972.6,signal_reverse,False,53216.083,,False,100.0,1.0,100.0,100.0,0.0019355050990881835,-0.5932323128705282,0.3208898484693058,0.01,-0.904122161339834
p64,BTCUSDT,-1,2024-02-16 07:00:00+00:00,51930.8,2024-02-16 09:00:00+00:00,51876.1,signal_reverse,False,53488.724,,False,100.0,1.0,100.0,100.0,0.0019256395048795705,0.1053324809169209,0.3198420012786246,0.01,-0.2045095203617037
p65,BTCUSDT,-1,2024-02-16 15:00:00+00:00,51955.0,2024-02-16 17:00:00+00:00,52040.0,signal_reverse,False,53513.65,,False,100.0,1.0,100.0,100.0,0.00192474256568184,-0.1636031180829564,0.3202454046771244,0.01,-0.4738485227600808
p66,BTCUSDT,-1,2024-02-16 23:00:00+00:00,52010.4,2024-02-17 01:00:00+00:00,51999.9,signal_reverse,False,53570.712,,False,100.0,1.0,100.0,100.0,0.001922692384600003,0.02018827003830003,0.3199697175949426,0.01,-0.28978144755664254
p67,BTCUSDT,-1,2024-02-17 07:00:00+00:00,51950.1,2024-02-17 09:00:00+00:00,51705.3,signal_reverse,False,53508.602999999996,,False,100.0,1.0,100.0,100.0,0.0019249241098669686,0.4712214220954255,0.31929316786685685,0.01,0.16192825422856866
p68,BTCUSDT,-1,2024-02-17 15:00:00+00:00,50883.8,2024-02-17 17:00:00+00:00,51242.3,signal_reverse,False,52410.314000000006,,False,100.0,1.0,100.0,100.0,0.0019652620283862445,-0.7045464371764687,0.3210568196557647,0.01,-1.0156032568322335
p69,BTCUSDT,-1,2024-02-17 23:00:00+00:00,51757.6,2024-02-18 01:00:00+00:00,51576.3,signal_reverse,False,53310.328,,False,100.0,1.0,100.0,100.0,0.0019320834041763916,0.35028672117717136,0.3194745699182343,0.012154,0.042966151258937046
p70,BTCUSDT,-1,2024-02-18 07:00:00+00:00,51543.7,2024-02-18 09:00:00+00:00,52007.0,signal_reverse,False,53090.011,,False,100.0,1.0,100.0,100.0,0.0019401013120905176,-0.8988489378915424,0.32134827340683736,0.01,-1.2101972112983799
p71,BTCUSDT,-1,2024-02-18 15:00:00+00:00,51932.1,2024-02-18 17:00:00+00:00,51871.8,signal_reverse,False,53490.063,,False,100.0,1.0,100.0,100.0,0.001925591300948739,0.11611315544720055,0.31982583026682926,0.01,-0.1937126748196287
p72,BTCUSDT,-1,2024-02-18 23:00:00+00:00,52278.1,2024-02-19 01:00:00+00:00,52118.6,signal_reverse,False,53846.443,,False,100.0,1.0,100.0,100.0,0.0019128468708694464,0.3050990759036767,0.3195423513861445,0.017748,0.0033047245175321788
p73,BTCUSDT,-1,2024-02-19 07:00:00+00:00,52439.2,2024-02-19 09:00:00+00:00,52294.6,signal_reverse,False,54012.376,,False,100.0,1.0,100.0,100.0,0.0019069703580527546,0.27574791377442553,0.3195863781293384,0.013098,-0.030740464354912844
p74,BTCUSDT,-1,2024-02-19 15:00:00+00:00,52130.1,2024-02-19 17:00:00+00:00,52189.5,signal_reverse,False,53694.003,,False,100.0,1.0,100.0,100.0,0.0019182775402310757,-0.11394568588972868,0.3201709185288346,0.019352,-0.41476460441856333
p75,BTCUSDT,-1,2024-02-19 23:00:00+00:00,51977.4,2024-02-20 01:00:00+00:00,51659.7,signal_reverse,False,53536.722,,False,100.0,1.0,100.0,100.0,0.0019239130853024584,0.6112271872005994,0.31908315921919916,0.01,0.3021440279814003
p76,BTCUSDT,-1,2024-02-20 07:00:00+00:00,51995.0,2024-02-20 09:00:00+00:00,51781.5,signal_reverse,False,53554.85,,False,100.0,1.0,100.0,100.0,0.0019232618521011636,0.41061640542359845,0.3193840753918646,0.01,0.10123233003173386
p77,BTCUSDT,-1,2024-02-20 15:00:00+00:00,52078.5,2024-02-20 17:00:00+00:00,51351.8,signal_reverse,False,53640.855,,False,100.0,1.0,100.0,100.0,0.0019201781925362673,1.3953934925160998,0.3179069097612259,0.01,1.0874865827548739
p78,BTCUSDT,-1,2024-02-20 23:00:00+00:00,52188.0,2024-02-21 01:00:00+00:00,52120.0,signal_reverse,False,53753.64,,False,100.0,1.0,100.0,100.0,0.0019161493063539511,0.13029815283206866,0.3198045527707519,0.01,-0.17950639993868325
p79,BTCUSDT,-1,2024-02-21 07:00:00+00:00,51755.5,2024-02-21 09:00:00+00:00,51100.1,signal_reverse,False,53308.165,,False,100.0,1.0,100.0,100.0,0.0019321617992290674,1.2663388432147336,0.3181004917351779,0.01,0.9582383514795556
p80,BTCUSDT,-1,2024-02-21 15:00:00+00:00,50957.6,2024-02-21 17:00:00+00:00,50930.9,signal_reverse,False,52486.328,,False,100.0,1.0,100.0,100.0,0.0019624158123616496,0.052396502190050334,0.319921405246715,0.01,-0.25752490305666464
p81,BTCUSDT,-1,2024-02-21 23:00:00+00:00,51527.4,2024-02-22 01:00:00+00:00,51250.0,signal_reverse,False,53073.222,,False,100.0,1.0,100.0,100.0,0.00194071503704825,0.5383543512771874,0.31919246847308425,0.01,0.2291618828041032
p82,BTCUSDT,-1,2024-02-22 07:00:00+00:00,51789.2,2024-02-22 09:00:00+00:00,51971.0,signal_reverse,False,53342.876,,False,100.0,1.0,100.0,100.0,0.0019309045129100276,-0.3510384404470486,0.32052655766067056,0.01,-0.6615649981077192
p83,BTCUSDT,-1,2024-02-22 15:00:00+00:00,51391.1,2024-02-22 17:00:00+00:00,51712.6,signal_reverse,False,52932.833,,False,100.0,1.0,100.0,100.0,0.0019458622212795602,-0.6255947041413786,0.32093839205621205,0.01,-0.9365330961975906
p84,BTCUSDT,-1,2024-02-22 23:00:00+00:00,51468.1,2024-02-23 01:00:00+00:00,51330.0,signal_reverse,False,53012.143,,False,100.0,1.0,100.0,100.0,0.0019429510706631876,0.2683215428585834,0.3195975176857121,0.01,-0.0412759748271287
p85,BTCUSDT,-1,2024-02-23 07:00:00+00:00,51336.6,2024-02-23 09:00:00+00:00,51045.7,signal_reverse,False,52876.698,,False,100.0,1.0,100.0,100.0,0.0019479279889981027,0.5666522519995509,0.3191500216220007,0.01,0.25750223037755027
p86,BTCUSDT,-1,2024-02-23 15:00:00+00:00,51151.9,2024-02-23 17:00:00+00:00,51146.9,signal_reverse,False,52686.457,,False,100.0,1.0,100.0,100.0,0.0019549615947794703,0.009774807973897352,0.3199853377880391,0.01,-0.30021052981414176
p87,BTCUSDT,-1,2024-02-23 23:00:00+00:00,50801.3,2024-02-24 01:00:00+00:00,50612.6,signal_reverse,False,52325.339,,False,100.0,1.0,100.0,100.0,0.0019684535631962173,0.3714471873751348,0.3194428292189373,0.01,0.06200435815619753
p88,BTCUSDT,-1,2024-02-24 07:00:00+00:00,51000.6,2024-02-24 09:00:00+00:00,51111.1,signal_reverse,False,52530.617999999995,,False,100.0,1.0,100.0,100.0,0.001960761245946126,-0.2166641176770469,0.3203249961765156,0.01,-0.5269891138535625
p89,BTCUSDT,-1,2024-02-24 15:00:00+00:00,51175.8,2024-02-24 17:00:00+00:00,51568.6,signal_reverse,False,52711.074,,False,100.0,1.0,100.0,100.0,0.0019540485932804177,-0.7675502874405395,0.3211513254311608,0.010658,-1.0780436128717004
p90,BTCUSDT,-1,2024-02-24 23:00:00+00:00,51571.4,2024-02-25 01:00:00+00:00,51712.5,signal_reverse,False,53118.542,,False,100.0,1.0,100.0,100.0,0.0019390592460162028,-0.2736012596128834,0.3204104018894194,0.01,-0.5840116615023028
p91,BTCUSDT,-1,2024-02-25 07:00:00+00:00,51782.7,2024-02-25 09:00:00+00:00,51667.4,signal_reverse,False,53336.181,,False,100.0,1.0,100.0,100.0,0.001931146888825805,0.2226612362816069,0.3196660081455776,0.01,-0.08700477186397072
p92,BTCUSDT,-1,2024-02-25 15:00:00+00:00,51761.3,2024-02-25 17:00:00+00:00,51584.9,signal_reverse,False,53314.139,,False,100.0,1.0,100.0,100.0,0.0019319452950370256,0.34079515004453415,0.31948880727493323,0.01,0.03130634276960092
p93,BTCUSDT,-1,2024-02-25 23:00:00+00:00,51732.2,2024-02-26 01:00:00+00:00,51482.4,signal_reverse,False,53284.166,,False,100.0,1.0,100.0,100.0,0.001933032038072999,0.4828714031106267,0.31927569289533403,0.01,0.1735957102152927
p94,BTCUSDT,-1,2024-02-26 07:00:00+00:00,51549.3,2024-02-26 09:00:00+00:00,50977.2,signal_reverse,False,53095.779,,False,100.0,1.0,100.0,100.0,0.0019398905513750913,1.109811384441701,0.31833528292333746,0.01,0.8014761015183636
p95,BTCUSDT,-1,2024-02-26 15:00:00+00:00,51725.7,2024-02-26 16:00:00+00:00,53277.471,initial_sl,False,53277.471,,False,100.0,1.0,100.0,100.0,0.0019332749484298908,-3.0000000000000013,0.3245,0.0,-3.3245000000000013
p96,BTCUSDT,-1,2024-02-26 23:00:00+00:00,54706.2,2024-02-27 01:00:00+00:00,55866.0,signal_reverse,False,56347.386,,False,100.0,1.0,100.0,100.0,0.0018279463753651324,-2.120052206148486,0.32318007830922274,0.026308,-2.416924284457709
p97,BTCUSDT,-1,2024-02-27 07:00:00+00:00,56396.5,2024-02-27 09:00:00+00:00,56678.4,signal_reverse,False,58088.395,,False,100.0,1.0,100.0,100.0,0.001773159681895153,-0.4998537143262462,0.3207497805714894,0.067187,-0.7534164948977357
p98,BTCUSDT,-1,2024-02-27 15:00:00+00:00,57019.8,2024-02-27 17:00:00+00:00,56816.0,signal_reverse,False,58730.394,,False,100.0,1.0,100.0,100.0,0.0017537767582488889,0.35741970333112866,0.3194638704450033,0.030171,0.06812683288612537
p99,BTCUSDT,-1,2024-02-27 23:00:00+00:00,56940.4,2024-02-28 01:00:00+00:00,56813.3,signal_reverse,False,58648.612,,False,100.0,1.0,100.0,100.0,0.001756222295593287,0.22321585376990422,0.3196651762193452,0.023372,-0.07307732244944098
p100,BTCUSDT,-1,2024-02-28 07:00:00+00:00,57230.0,2024-02-28 08:00:00+00:00,58946.9,initial_sl,False,58946.9,,False,100.0,1.0,100.0,100.0,0.0017473353136466887,-3.000000000000002,0.3245,0.0,-3.3245000000000022
p101,BTCUSDT,-1,2024-02-28 15:00:00+00:00,61042.3,2024-02-28 17:00:00+00:00,62873.569,initial_sl,False,62873.569,,False,100.0,1.0,100.0,100.0,0.0016382082588631162,-3.0000000000000004,0.3245,0.05031,-3.2741900000000004
p102,BTCUSDT,-1,2024-02-28 23:00:00+00:00,61319.5,2024-02-29 01:00:00+00:00,61466.9,signal_reverse,False,63159.085,,False,100.0,1.0,100.0,100.0,0.0016308025994993436,-0.24038030316620562,0.3203605704547493,0.061432,-0.49930887362095494
p103,BTCUSDT,-1,2024-02-29 07:00:00+00:00,63077.1,2024-02-29 09:00:00+00:00,62776.2,signal_reverse,False,64969.413,,False,100.0,1.0,100.0,100.0,0.001585361406913127,0.4770352473401622,0.3192844471289898,0.072478,0.23022880021117242
p104,BTCUSDT,-1,2024-02-29 15:00:00+00:00,62959.2,2024-02-29 17:00:00+00:00,61072.0,signal_reverse,False,64847.975999999995,,False,100.0,1.0,100.0,100.0,0.0015883302202061018,2.9974967915729507,0.3155037548126406,0.06929199999999999,2.75128503676031
p105,BTCUSDT,-1,2024-02-29 23:00:00+00:00,61270.3,2024-03-01 01:00:00+00:00,61265.4,signal_reverse,False,63108.409,,False,100.0,1.0,100.0,100.0,0.0016321121326319603,0.00799734944989898,0.31998800397582516,0.03927,-0.2727206545259262
p106,BTCUSDT,-1,2024-03-01 07:00:00+00:00,61619.6,2024-03-01 09:00:00+00:00,62210.1,signal_reverse,False,63468.188,,False,100.0,1.0,100.0,100.0,0.0016228602587488397,-0.9582989827911899,0.3214374484741868,0.039022,-1.2407144312653768
p107,BTCUSDT,-1,2024-03-01 15:00:00+00:00,62013.8,2024-03-01 17:00:00+00:00,61964.0,signal_reverse,False,63874.214,,False,100.0,1.0,100.0,100.0,0.0016125443046547704,0.08030470637181227,0.3198795429404423,0.040755,-0.19881983656863006
p108,BTCUSDT,-1,2024-03-01 23:00:00+00:00,62520.9,2024-03-02 01:00:00+00:00,62064.3,signal_reverse,False,64396.527,,False,100.0,1.0,100.0,100.0,0.001599465138857566,0.7303157824023624,0.3189045263263965,0.013237,0.4246482560759659
p109,BTCUSDT,-1,2024-03-02 07:00:00+00:00,62015.4,2024-03-02 09:00:00+00:00,61908.1,signal_reverse,False,63875.862,,False,100.0,1.0,100.0,100.0,0.001612502700942024,0.17302153981108387,0.3197404676902834,0.023839,-0.12287992787919955
p110,BTCUSDT,-1,2024-03-02 15:00:00+00:00,61903.9,2024-03-02 17:00:00+00:00,61838.0,signal_reverse,False,63761.017,,False,100.0,1.0,100.0,100.0,0.0016154071068220257,0.10645532833957384,0.31984031700749066,0.059365999999999995,-0.15401898866791683
p111,BTCUSDT,-1,2024-03-02 23:00:00+00:00,61749.3,2024-03-03 01:00:00+00:00,61864.3,signal_reverse,False,63601.779,,False,100.0,1.0,100.0,100.0,0.0016194515565358635,-0.1862369290016243,0.32027935539350244,0.054290000000000005,-0.45222628439512674
p112,BTCUSDT,-1,2024-03-03 07:00:00+00:00,61925.1,2024-03-03 09:00:00+00:00,61789.8,signal_reverse,False,63782.852999999996,,False,100.0,1.0,100.0,100.0,0.001614854073711629,0.21848975617317637,0.3196722653657403,0.041238000000000004,-0.05994450919256391
p113,BTCUSDT,-1,2024-03-03 15:00:00+00:00,62152.6,2024-03-03 17:00:00+00:00,62634.9,signal_reverse,False,64017.178,,False,100.0,1.0,100.0,100.0,0.001608943149602752,-0.7759932810534119,0.32116398992158013,0.048174999999999996,-1.0489822709749919
p114,BTCUSDT,-1,2024-03-03 23:00:00+00:00,62894.5,2024-03-04 01:00:00+00:00,63590.7,signal_reverse,False,64781.335,,False,100.0,1.0,100.0,100.0,0.0015899641463085008,-1.1069330386599736,0.32166039955799,0.045429,-1.3831644382179635
p115,BTCUSDT,-1,2024-03-04 07:00:00+00:00,63758.8,2024-03-04 08:00:00+00:00,65671.564,initial_sl,False,65671.564,,False,100.0,1.0,100.0,100.0,0.001568410948763151,-2.999999999999993,0.3245,0.0,-3.324499999999993
p116,BTCUSDT,-1,2024-03-04 15:00:00+00:00,66257.1,2024-03-04 17:00:00+00:00,66947.3,signal_reverse,False,68244.81300000001,,False,100.0,1.0,100.0,100.0,0.0015092722138457613,-1.04169968199634,0.32156254952299457,0.082996,-1.2802662315193345
p117,BTCUSDT,-1,2024-03-04 23:00:00+00:00,68037.7,2024-03-05 01:00:00+00:00,68642.1,signal_reverse,False,70078.83099999999,,False,100.0,1.0,100.0,100.0,0.0014697733756432096,-0.8883310282387687,0.3213324965423582,0.080029,-1.129634524781127
p118,BTCUSDT,-1,2024-03-05 07:00:00+00:00,67403.0,2024-03-05 09:00:00+00:00,66516.9,signal_reverse,False,69425.09,,False,100.0,1.0,100.0,100.0,0.0014836134890138422,1.3146299126151741,0.3180280551310773,0.112788,1.1093898574840968
p119,BTCUSDT,-1,2024-03-05 15:00:00+00:00,68837.5,2024-03-05 17:00:00+00:00,65667.9,signal_reverse,False,70902.625,,False,100.0,1.0,100.0,100.0,0.001452696568004358,4.604467041946622,0.3130932994370801,0.09208000000000001,4.383453742509542
p120,BTCUSDT,-1,2024-03-05 23:00:00+00:00,63439.7,2024-03-06 01:00:00+00:00,63147.6,signal_reverse,False,65342.890999999996,,False,100.0,1.0,100.0,100.0,0.00157630001402907,0.46043723409788906,0.3193093441488532,0.028173,0.16930088994903586
p121,BTCUSDT,-1,2024-03-06 07:00:00+00:00,65818.0,2024-03-06 09:00:00+00:00,66217.4,signal_reverse,False,67792.54,,False,100.0,1.0,100.0,100.0,0.0015193412136497615,-0.6068248807317059,0.3209102373210976,0.024214,-0.9035211180528036
p122,BTCUSDT,-1,2024-03-06 15:00:00+00:00,65917.7,2024-03-06 17:00:00+00:00,67414.5,signal_reverse,False,67895.231,,False,100.0,1.0,100.0,100.0,0.0015170432220784403,-2.2707102948070137,0.32340606544221057,0.047896,-2.546220360249224
p123,BTCUSDT,-1,2024-03-06 23:00:00+00:00,65975.5,2024-03-07 01:00:00+00:00,66484.4,signal_reverse,False,67954.765,,False,100.0,1.0,100.0,100.0,0.0015157141666224583,-0.7713469393941602,0.3211570204090913,0.027527,-1.0649769598032515
p124,BTCUSDT,-1,2024-03-07 07:00:00+00:00,65928.1,2024-03-07 09:00:00+00:00,66772.6,signal_reverse,False,67905.943,,False,100.0,1.0,100.0,100.0,0.00151680391214065,-1.280940903802779,0.3219214113557042,0.024007999999999998,-1.5788543151584833
p125,BTCUSDT,-1,2024-03-07 15:00:00+00:00,67080.0,2024-03-07 17:00:00+00:00,67679.8,signal_reverse,False,69092.4,,False,100.0,1.0,100.0,100.0,0.0014907573047107932,-0.8941562313655381,0.32134123434704837,0.050302,-1.1651954657125865
p126,BTCUSDT,-1,2024-03-07 23:00:00+00:00,67149.9,2024-03-08 01:00:00+00:00,66991.2,signal_reverse,False,69164.397,,False,100.0,1.0,100.0,100.0,0.0014892054939769086,0.23633691189413106,0.31964549463215886,0.035863,-0.0474455827380278
p127,BTCUSDT,-1,2024-03-08 07:00:00+00:00,67648.5,2024-03-08 09:00:00+00:00,67198.0,signal_reverse,False,69677.955,,False,100.0,1.0,100.0,100.0,0.0014782293768524062,0.665942334272009,0.31900108649859205,0.040848,0.38778924777341695
p128,BTCUSDT,-1,2024-03-08 15:00:00+00:00,68504.0,2024-03-08 17:00:00+00:00,68416.1,signal_reverse,False,70559.12,,False,100.0,1.0,100.0,100.0,0.001459768772626416,0.12831367511385347,0.31980752948732927,0.07230500000000001,-0.11918885437347579
p129,BTCUSDT,-1,2024-03-08 23:00:00+00:00,68133.0,2024-03-09 01:00:00+00:00,67966.1,signal_reverse,False,70176.99,,False,100.0,1.0,100.0,100.0,0.0014677175524342096,0.24496205950126104,0.31963255691074816,0.023097,-0.051573497409487114
p130,BTCUSDT,-1,2024-03-09 07:00:00+00:00,68475.8,2024-03-09 09:00:00+00:00,68368.7,signal_reverse,False,70530.07400000001,,False,100.0,1.0,100.0,100.0,0.0014603699409134322,0.15640562067183708,0.3197653915689923,0.02609,-0.13726977089715522
p131,BTCUSDT,-1,2024-03-09 15:00:00+00:00,68189.8,2024-03-09 17:00:00+00:00,68216.0,signal_reverse,False,70235.494,,False,100.0,1.0,100.0,100.0,0.0014664949889866227,-0.03842216871144524,0.32005763325306724,0.028422000000000003,-0.33005780196451245
p132,BTCUSDT,-1,2024-03-09 23:00:00+00:00,68418.4,2024-03-10 01:00:00+00:00,69036.7,signal_reverse,False,70470.95199999999,,False,100.0,1.0,100.0,100.0,0.0014615951264572104,-0.9037042666884975,0.32135555640003277,0.033129,-1.1919308230885302
p133,BTCUSDT,-1,2024-03-10 07:00:00+00:00,69404.4,2024-03-10 09:00:00+00:00,69905.6,signal_reverse,False,71486.53199999999,,False,100.0,1.0,100.0,100.0,0.0014408308406959791,-0.7221444173568415,0.3210832166260353,0.058797999999999996,-0.9844296339828768
p134,BTCUSDT,-1,2024-03-10 15:00:00+00:00,69340.3,2024-03-10 17:00:00+00:00,69498.8,signal_reverse,False,71420.509,,False,100.0,1.0,100.0,100.0,0.0014421627826819324,-0.22858280105508627,0.32034287420158264,0.06567100000000001,-0.4832546752566689
p135,BTCUSDT,-1,2024-03-10 23:00:00+00:00,68474.0,2024-03-11 01:00:00+00:00,68374.9,signal_reverse,False,70528.22,,False,100.0,1.0,100.0,100.0,0.0014604083301691152,0.1447264655197678,0.31978291030172035,0.041946000000000004,-0.13311044478195252
p136,BTCUSDT,-1,2024-03-11 07:00:00+00:00,69409.8,2024-03-11 07:00:00+00:00,71492.094,initial_sl,False,71492.094,,False,100.0,1.0,100.0,100.0,0.0014407187457678885,-2.9999999999999916,0.3245,0.0,-3.3244999999999916
p137,BTCUSDT,-1,2024-03-11 15:00:00+00:00,72266.1,2024-03-11 17:00:00+00:00,72552.3,signal_reverse,False,74434.08300000001,,False,100.0,1.0,100.0,100.0,0.001383774688270157,-0.39603631578291487,0.32059405447367434,0.074316,-0.6423143702565892
p138,BTCUSDT,-1,2024-03-11 23:00:00+00:00,72516.6,2024-03-12 01:00:00+00:00,72529.9,signal_reverse,False,74692.09800000001,,False,100.0,1.0,100.0,100.0,0.0013789946026151253,-0.018340628214765113,0.3200275109423222,0.049803,-0.2885651391570873
p139,BTCUSDT,-1,2024-03-12 07:00:00+00:00,72340.0,2024-03-12 09:00:00+00:00,72011.8,signal_reverse,False,74510.2,,False,100.0,1.0,100.0,100.0,0.0013823610727121925,0.4536909040641376,0.31931946364390384,0.051935,0.18630644042023375
p140,BTCUSDT,-1,2024-03-12 15:00:00+00:00,71728.8,2024-03-12 17:00:00+00:00,71161.6,signal_reverse,False,73880.664,,False,100.0,1.0,100.0,100.0,0.0013941401501210112,0.7907562931486335,0.3188138655602771,0.055528999999999995,0.5274714275883564
p141,BTCUSDT,-1,2024-03-12 23:00:00+00:00,71219.3,2024-03-13 01:00:00+00:00,72084.7,signal_reverse,False,73355.879,,False,100.0,1.0,100.0,100.0,0.0014041137725307605,-1.215120058748112,0.3218226800881222,0.034133,-1.5028097388362343
p142,BTCUSDT,-1,2024-03-13 07:00:00+00:00,72829.5,2024-03-13 09:00:00+00:00,73375.2,signal_reverse,False,75014.385,,False,100.0,1.0,100.0,100.0,0.0013730699785114548,-0.7492842872736969,0.3211239264309106,0.07759,-0.9928182137046073
p143,BTCUSDT,-1,2024-03-13 15:00:00+00:00,72423.0,2024-03-13 17:00:00+00:00,72884.3,signal_reverse,False,74595.69,,False,100.0,1.0,100.0,100.0,0.0013807768250417684,-0.6369523493917718,0.32095542852408765,0.04918,-0.9087277779158595
p144,BTCUSDT,-1,2024-03-13 23:00:00+00:00,72997.8,2024-03-14 01:00:00+00:00,72997.1,signal_reverse,False,75187.734,,False,100.0,1.0,100.0,100.0,0.0013699042984857076,0.0009589330089360084,0.3199985616004866,0.028643000000000002,-0.2903966285915506
p145,BTCUSDT,-1,2024-03-14 07:00:00+00:00,73656.2,2024-03-14 09:00:00+00:00,73396.9,signal_reverse,False,75865.886,,False,100.0,1.0,100.0,100.0,0.0013576589614995073,0.35204096871682616,0.3194719385469248,0.048932,0.08150103016990137
p146,BTCUSDT,-1,2024-03-14 15:00:00+00:00,71782.1,2024-03-14 17:00:00+00:00,71090.8,signal_reverse,False,73935.56300000001,,False,100.0,1.0,100.0,100.0,0.0013931049662798943,0.963053463189295,0.3185554198052161,0.049306,0.6938040433840788
p147,BTCUSDT,-1,2024-03-14 23:00:00+00:00,71607.2,2024-03-15 01:00:00+00:00,71723.6,signal_reverse,False,73755.416,,False,100.0,1.0,100.0,100.0,0.0013965076137595102,-0.16255348624161917,0.3202438302293624,0.050945000000000004,-0.43185231647098155
p148,BTCUSDT,-1,2024-03-15 07:00:00+00:00,68694.3,2024-03-15 09:00:00+00:00,67835.9,signal_reverse,False,70755.129,,False,100.0,1.0,100.0,100.0,0.0014557248563563498,1.2495942166963034,0.3181256086749556,0.01,0.9414686080213479
p149,BTCUSDT,-1,2024-03-15 15:00:00+00:00,68675.3,2024-03-15 17:00:00+00:00,68249.9,signal_reverse,False,70735.55900000001,,False,100.0,1.0,100.0,100.0,0.0014561276033741388,0.6194366824753714,0.31907084497628696,0.01,0.3103658374990845
p150,BTCUSDT,-1,2024-03-15 23:00:00+00:00,69138.2,2024-03-16 01:00:00+00:00,69319.4,signal_reverse,False,71212.34599999999,,False,100.0,1.0,100.0,100.0,0.0014463784130914605,-0.2620837684521684,0.32039312565267825,0.01,-0.5724768941048466
p151,BTCUSDT,-1,2024-03-16 07:00:00+00:00,69221.5,2024-03-16 09:00:00+00:00,68980.0,signal_reverse,False,71298.145,,False,100.0,1.0,100.0,100.0,0.00144463786540309,0.3488800444948462,0.31947667993325773,0.01,0.03940336456158849
p152,BTCUSDT,-1,2024-03-16 15:00:00+00:00,68240.1,2024-03-16 17:00:00+00:00,67276.7,signal_reverse,False,70287.303,,False,100.0,1.0,100.0,100.0,0.0014654140307531788,1.4117798772276253,0.31788233018415857,0.01,1.1038975470434667
p153,BTCUSDT,-1,2024-03-16 23:00:00+00:00,66384.3,2024-03-17 01:00:00+00:00,66199.9,signal_reverse,False,68375.829,,False,100.0,1.0,100.0,100.0,0.0015063802736490404,0.2777765224608962,0.31958333521630866,0.01,-0.03180681275541248
p154,BTCUSDT,-1,2024-03-17 07:00:00+00:00,64980.8,2024-03-17 09:00:00+00:00,66503.6,signal_reverse,False,66930.224,,False,100.0,1.0,100.0,100.0,0.0015389161106049787,-2.343461453229266,0.3235151921798439,0.01,-2.6569766454091104
p155,BTCUSDT,-1,2024-03-17 15:00:00+00:00,67655.7,2024-03-17 17:00:00+00:00,68582.7,signal_reverse,False,69685.371,,False,100.0,1.0,100.0,100.0,0.001478072061925307,-1.3701728014047596,0.3220552592021072,0.019339,-1.6728890606068667
p156,BTCUSDT,-1,2024-03-17 23:00:00+00:00,68266.5,2024-03-18 01:00:00+00:00,67675.9,signal_reverse,False,70314.495,,False,100.0,1.0,100.0,100.0,0.0014648473262874177,0.8651388309053574,0.318702291753642,0.013515000000000001,0.5599515391517155
p157,BTCUSDT,-1,2024-03-18 07:00:00+00:00,68535.3,2024-03-18 09:00:00+00:00,67894.8,signal_reverse,False,70591.359,,False,100.0,1.0,100.0,100.0,0.001459102097751086,0.9345548936095706,0.3185981676595857,0.030244,0.6462007259499849
p158,BTCUSDT,-1,2024-03-18 15:00:00+00:00,67034.0,2024-03-18 17:00:00+00:00,67403.1,signal_reverse,False,69045.02,,False,100.0,1.0,100.0,100.0,0.0014917802905988005,-0.5506161052600259,0.3208259241578901,0.01,-0.8614420294179159
p159,BTCUSDT,-1,2024-03-18 23:00:00+00:00,67724.1,2024-03-19 01:00:00+00:00,65877.0,signal_reverse,False,69755.823,,False,100.0,1.0,100.0,100.0,0.0014765792384099604,2.7273895112670465,0.3159089157330994,0.01,2.421480595533947
p160,BTCUSDT,-1,2024-03-19 07:00:00+00:00,64955.6,2024-03-19 09:00:00+00:00,64168.1,signal_reverse,False,66904.268,,False,100.0,1.0,100.0,100.0,0.0015395131443632266,1.212366601186041,0.31818145009822096,0.01,0.90418515108782
p161,BTCUSDT,-1,2024-03-19 15:00:00+00:00,62931.2,2024-03-19 16:00:00+00:00,64819.136,initial_sl,False,64819.136,,False,100.0,1.0,100.0,100.0,0.0015890369165056444,-3.0000000000000027,0.3245,0.0,-3.3245000000000027
p162,BTCUSDT,-1,2024-03-19 23:00:00+00:00,62673.6,2024-03-20 01:00:00+00:00,62426.4,signal_reverse,False,64553.808,,False,100.0,1.0,100.0,100.0,0.0015955681499068188,0.39442444665696097,0.3194083633300146,0.01,0.08501608332694637
p163,BTCUSDT,-1,2024-03-20 07:00:00+00:00,61779.4,2024-03-20 09:00:00+00:00,63248.4,signal_reverse,False,63632.782,,False,100.0,1.0,100.0,100.0,0.0016186625315234527,-2.377815258807952,0.323566722888212,0.01,-2.691381981696164
p164,BTCUSDT,-1,2024-03-20 15:00:00+00:00,64243.6,2024-03-20 17:00:00+00:00,64147.2,signal_reverse,False,66170.908,,False,100.0,1.0,100.0,100.0,0.0015565752853202498,0.15005385750487435,0.3197749192137427,0.01,-0.15972106170886832
p165,BTCUSDT,-1,2024-03-20 23:00:00+00:00,67699.3,2024-03-21 01:00:00+00:00,67809.7,signal_reverse,False,69730.27900000001,,False,100.0,1.0,100.0,100.0,0.0014771201474756755,-0.16307406428130597,0.32024461109642194,0.01,-0.47331867537772787
p166,BTCUSDT,-1,2024-03-21 07:00:00+00:00,66990.9,2024-03-21 09:00:00+00:00,66865.2,signal_reverse,False,69000.627,,False,100.0,1.0,100.0,100.0,0.001492740058724394,0.18763742538165198,0.31971854386192755,0.01,-0.12208111848027557
p167,BTCUSDT,-1,2024-03-21 15:00:00+00:00,66892.8,2024-03-21 17:00:00+00:00,65767.2,signal_reverse,False,68899.584,,False,100.0,1.0,100.0,100.0,0.0014949292001530806,1.6826923076923161,0.3174759615384616,0.01,1.3752163461538547
p168,BTCUSDT,-1,2024-03-21 23:00:00+00:00,65425.4,2024-03-22 01:00:00+00:00,65247.4,signal_reverse,False,67388.162,,False,100.0,1.0,100.0,100.0,0.0015284583663225596,0.2720655892054156,0.3195919016161919,0.01,-0.03752631241077626
p169,BTCUSDT,-1,2024-03-22 07:00:00+00:00,66478.0,2024-03-22 09:00:00+00:00,65519.0,signal_reverse,False,68472.34,,False,100.0,1.0,100.0,100.0,0.0015042570474442672,1.4425825084990522,0.31783612623725144,0.01,1.134746382261801
p170,BTCUSDT,-1,2024-03-22 15:00:00+00:00,62751.0,2024-03-22 17:00:00+00:00,63612.0,signal_reverse,False,64633.53,,False,100.0,1.0,100.0,100.0,0.0015936001019904065,-1.37208968781374,0.32205813453172066,0.01,-1.6841478223454607
p171,BTCUSDT,-1,2024-03-22 23:00:00+00:00,63038.6,2024-03-23 01:00:00+00:00,64130.0,signal_reverse,False,64929.758,,False,100.0,1.0,100.0,100.0,0.0015863296456456839,-1.7313201752577017,0.32259698026288663,0.01,-2.0439171555205884
p172,BTCUSDT,-1,2024-03-23 07:00:00+00:00,64181.1,2024-03-23 09:00:00+00:00,64503.7,signal_reverse,False,66106.533,,False,100.0,1.0,100.0,100.0,0.0015580910891212522,-0.5026401853505137,0.3207539602780258,0.01,-0.8133941456285394
p173,BTCUSDT,-1,2024-03-23 15:00:00+00:00,65270.0,2024-03-23 17:00:00+00:00,65695.0,signal_reverse,False,67228.1,,False,100.0,1.0,100.0,100.0,0.001532097441397273,-0.6511414125938411,0.3209767121188908,0.01,-0.9621181247127318
p174,BTCUSDT,-1,2024-03-23 23:00:00+00:00,64760.8,2024-03-24 01:00:00+00:00,64497.7,signal_reverse,False,66703.624,,False,100.0,1.0,100.0,100.0,0.0015441439883386245,0.40626428333190107,0.31939060357500215,0.01,0.09687367975689891
p175,BTCUSDT,-1,2024-03-24 07:00:00+00:00,64233.7,2024-03-24 09:00:00+00:00,64899.1,signal_reverse,False,66160.711,,False,100.0,1.0,100.0,100.0,0.00155681519202537,-1.0359048287736834,0.32155385724316055,0.01,-1.347458686016844
p176,BTCUSDT,-1,2024-03-24 15:00:00+00:00,65658.3,2024-03-24 17:00:00+00:00,65354.4,signal_reverse,False,67628.049,,False,100.0,1.0,100.0,100.0,0.0015230366914769343,0.46285085053984254,0.3193057237241902,0.01,0.15354512681565236
p177,BTCUSDT,-1,2024-03-24 23:00:00+00:00,66965.0,2024-03-25 01:00:00+00:00,66573.2,signal_reverse,False,68973.95,,False,100.0,1.0,100.0,100.0,0.0014933174046143508,0.5850817591279069,0.31912237736130816,0.01,0.2759593817665988
p178,BTCUSDT,-1,2024-03-25 07:00:00+00:00,67170.1,2024-03-25 09:00:00+00:00,67088.9,signal_reverse,False,69185.20300000001,,False,100.0,1.0,100.0,100.0,0.0014887576466314624,0.12088712090649208,0.31981866931864034,0.01,-0.18893154841214826
p179,BTCUSDT,-1,2024-03-25 15:00:00+00:00,69431.0,2024-03-25 17:00:00+00:00,70609.1,signal_reverse,False,71513.93,,False,100.0,1.0,100.0,100.0,0.0014402788379830336,-1.6967924990278203,0.32254518874854177,0.025614,-1.9937236877763622
p180,BTCUSDT,-1,2024-03-25 23:00:00+00:00,70348.4,2024-03-26 01:00:00+00:00,70330.7,signal_reverse,False,72458.852,,False,100.0,1.0,100.0,100.0,0.0014214964377299271,0.025160486947815572,0.31996225926957833,0.010181,-0.28462077232176275
p181,BTCUSDT,-1,2024-03-26 07:00:00+00:00,70657.6,2024-03-26 09:00:00+00:00,71207.5,signal_reverse,False,72777.32800000001,,False,100.0,1.0,100.0,100.0,0.0014152759221937909,-0.7782602296143574,0.32116739034442154,0.023139,-1.076288619958779
p182,BTCUSDT,-1,2024-03-26 15:00:00+00:00,70390.3,2024-03-26 17:00:00+00:00,70146.0,signal_reverse,False,72502.009,,False,100.0,1.0,100.0,100.0,0.001420650288463041,0.3470648654715251,0.3194794027017927,0.032273,0.0598584627697324
p183,BTCUSDT,-1,2024-03-26 23:00:00+00:00,70306.3,2024-03-27 01:00:00+00:00,70403.5,signal_reverse,False,72415.489,,False,100.0,1.0,100.0,100.0,0.0014223476416764926,-0.13825219077095094,0.3202073782861564,0.046291000000000006,-0.41216856905710736
p184,BTCUSDT,-1,2024-03-27 07:00:00+00:00,70378.1,2024-03-27 09:00:00+00:00,70126.7,signal_reverse,False,72489.443,,False,100.0,1.0,100.0,100.0,0.0014208965573097312,0.3572133945076788,0.3194641799082385,0.032533,0.07028221459944031
p185,BTCUSDT,-1,2024-03-27 15:00:00+00:00,70138.0,2024-03-27 17:00:00+00:00,68722.7,signal_reverse,False,72242.14,,False,100.0,1.0,100.0,100.0,0.0014257606433032022,2.017879038467026,0.31697318144229947,0.042313,1.743218857024727
p186,BTCUSDT,-1,2024-03-27 23:00:00+00:00,69509.4,2024-03-28 01:00:00+00:00,69511.0,signal_reverse,False,71594.682,,False,100.0,1.0,100.0,100.0,0.0014386543402762793,-0.002301846944450421,0.3200034527704167,0.037678,-0.2846272997148671
p187,BTCUSDT,-1,2024-03-28 07:00:00+00:00,70428.6,2024-03-28 09:00:00+00:00,70638.4,signal_reverse,False,72541.45800000001,,False,100.0,1.0,100.0,100.0,0.0014198777201307423,-0.2978903456834132,0.3204468355185251,0.052851,-0.5654861812019383
p188,BTCUSDT,-1,2024-03-28 15:00:00+00:00,71597.5,2024-03-28 17:00:00+00:00,70875.4,signal_reverse,False,73745.425,,False,100.0,1.0,100.0,100.0,0.0013966968120395266,1.0085547679737503,0.31848716784803943,0.047308,0.7373756001257109
p189,BTCUSDT,-1,2024-03-28 23:00:00+00:00,70913.9,2024-03-29 01:00:00+00:00,70871.9,signal_reverse,False,73041.317,,False,100.0,1.0,100.0,100.0,0.0014101607724296649,0.05922675244204592,0.319911159871337,0.043345999999999996,-0.21733840742929111
p190,BTCUSDT,-1,2024-03-29 07:00:00+00:00,70491.9,2024-03-29 09:00:00+00:00,69813.0,signal_reverse,False,72606.65699999999,,False,100.0,1.0,100.0,100.0,0.001418602704707917,0.9630893762261966,0.31855536593566075,0.03284,0.6773740102905359
p191,BTCUSDT,-1,2024-03-29 15:00:00+00:00,70139.2,2024-03-29 17:00:00+00:00,69458.1,signal_reverse,False,72243.376,,False,100.0,1.0,100.0,100.0,0.0014257362501996032,0.9710689600109372,0.31854339655998365,0.037753999999999996,0.6902795634509535
p192,BTCUSDT,-1,2024-03-29 23:00:00+00:00,69858.9,2024-03-30 01:00:00+00:00,70050.0,signal_reverse,False,71954.66699999999,,False,100.0,1.0,100.0,100.0,0.0014314568365662787,-0.2735514014678242,0.3204103271022018,0.026099,-0.5678627285700261
p193,BTCUSDT,-1,2024-03-30 07:00:00+00:00,70015.5,2024-03-30 09:00:00+00:00,70079.8,signal_reverse,False,72115.965,,False,100.0,1.0,100.0,100.0,0.0014282551720690418,-0.09183680756404354,0.3201377552113461,0.04336,-0.3686145627753896
p194,BTCUSDT,-1,2024-03-30 15:00:00+00:00,70090.7,2024-03-30 17:00:00+00:00,70107.9,signal_reverse,False,72193.421,,False,100.0,1.0,100.0,100.0,0.00142672280345324,-0.024539632219391577,0.3200368094483291,0.035292,-0.3092844416677207
p195,BTCUSDT,-1,2024-03-30 23:00:00+00:00,69783.5,2024-03-31 01:00:00+00:00,70103.5,signal_reverse,False,71877.005,,False,100.0,1.0,100.0,100.0,0.0014330035036935664,-0.45856112118194126,0.3206878416817729,0.03051,-0.7487389628637141
p196,BTCUSDT,-1,2024-03-31 07:00:00+00:00,70281.5,2024-03-31 09:00:00+00:00,70301.3,signal_reverse,False,72389.945,,False,100.0,1.0,100.0,100.0,0.0014228495407753107,-0.02817242090735529,0.32004225863136104,0.044673,-0.3035416795387163
p197,BTCUSDT,-1,2024-03-31 15:00:00+00:00,70612.0,2024-03-31 17:00:00+00:00,70578.4,signal_reverse,False,72730.36,,False,100.0,1.0,100.0,100.0,0.0014161898827394776,0.047583980060054695,0.31992862402990996,0.04927599999999999,-0.22306864396985526
p198,BTCUSDT,-1,2024-03-31 23:00:00+00:00,71046.0,2024-04-01 01:00:00+00:00,70880.1,signal_reverse,False,73177.38,,False,100.0,1.0,100.0,100.0,0.0014075387776933254,0.23351068321931448,0.31964973397517105,0.065297,-0.020842050755856573
p199,BTCUSDT,-1,2024-04-01 07:00:00+00:00,69646.0,2024-04-01 09:00:00+00:00,69447.2,signal_reverse,False,71735.38,,False,100.0,1.0,100.0,100.0,0.0014358326393475577,0.28544352870229867,0.31957183470694656,0.029626,-0.004502306004647891
p200,BTCUSDT,-1,2024-04-01 15:00:00+00:00,68936.9,2024-04-01 17:00:00+00:00,68788.0,signal_reverse,False,71005.007,,False,100.0,1.0,100.0,100.0,0.0014506019272697208,0.215994626970453,0.3196760080595444,0.024903,-0.07877838108909138
p201,BTCUSDT,-1,2024-04-01 23:00:00+00:00,69764.0,2024-04-02 01:00:00+00:00,69450.0,signal_reverse,False,71856.92,,False,100.0,1.0,100.0,100.0,0.0014334040479330313,0.45008887105097184,0.3193248666934236,0.024486,0.15525000435754827
p202,BTCUSDT,-1,2024-04-02 07:00:00+00:00,66903.0,2024-04-02 09:00:00+00:00,66111.8,signal_reverse,False,68910.09,,False,100.0,1.0,100.0,100.0,0.001494701283948403,1.182607655859972,0.31822608851621004,0.01,0.874381567343762
p203,BTCUSDT,-1,2024-04-02 15:00:00+00:00,65736.8,2024-04-02 17:00:00+00:00,65651.2,signal_reverse,False,67708.90400000001,,False,100.0,1.0,100.0,100.0,0.0015212179479378368,0.13021625634348769,0.3198046756154848,0.01,-0.17958841927199712
p204,BTCUSDT,-1,2024-04-02 23:00:00+00:00,65837.6,2024-04-03 01:00:00+00:00,65831.8,signal_reverse,False,67812.728,,False,100.0,1.0,100.0,100.0,0.0015188889023901235,0.008809555633867136,0.3199867856665492,0.01,-0.30117723003268204
p205,BTCUSDT,-1,2024-04-03 07:00:00+00:00,66374.9,2024-04-03 09:00:00+00:00,66521.9,signal_reverse,False,68366.147,,False,100.0,1.0,100.0,100.0,0.0015065936069206885,-0.2214692602173412,0.320332203890326,0.01,-0.5318014641076672
p206,BTCUSDT,-1,2024-04-03 15:00:00+00:00,66662.2,2024-04-03 17:00:00+00:00,65982.8,signal_reverse,False,68662.06599999999,,False,100.0,1.0,100.0,100.0,0.0015001005067339513,1.0191682842750378,0.31847124757358747,0.01,0.7106970367014503
p207,BTCUSDT,-1,2024-04-03 23:00:00+00:00,66158.6,2024-04-04 01:00:00+00:00,66165.7,signal_reverse,False,68143.35800000001,,False,100.0,1.0,100.0,100.0,0.0015115192884976403,-0.01073178694832005,0.3200160976804225,0.01,-0.32074788462874254
p208,BTCUSDT,-1,2024-04-04 07:00:00+00:00,65786.8,2024-04-04 09:00:00+00:00,66289.8,signal_reverse,False,67760.40400000001,,False,100.0,1.0,100.0,100.0,0.0015200617753105485,-0.7645910729812059,0.3211468866094718,0.01,-1.0757379595906778
p209,BTCUSDT,-1,2024-04-04 15:00:00+00:00,67666.5,2024-04-04 17:00:00+00:00,68813.9,signal_reverse,False,69696.495,,False,100.0,1.0,100.0,100.0,0.0014778361523057938,-1.6956692011556591,0.3225435038017335,0.01,-2.008212704957393
p210,BTCUSDT,-1,2024-04-04 23:00:00+00:00,67914.6,2024-04-05 01:00:00+00:00,68167.2,signal_reverse,False,69952.038,,False,100.0,1.0,100.0,100.0,0.001472437443495213,-0.37193769822687794,0.3205579065473404,0.01,-0.6824956047742183
p211,BTCUSDT,-1,2024-04-05 07:00:00+00:00,67156.7,2024-04-05 09:00:00+00:00,66815.9,signal_reverse,False,69171.401,,False,100.0,1.0,100.0,100.0,0.001489054703402639,0.5074698429196237,0.3192387952356206,0.01,0.19823104768400313
p212,BTCUSDT,-1,2024-04-05 15:00:00+00:00,68149.9,2024-04-05 17:00:00+00:00,67468.1,signal_reverse,False,70194.397,,False,100.0,1.0,100.0,100.0,0.0014673535837910255,1.000441673428704,0.3184993374898569,0.01,0.6919423359388471
p213,BTCUSDT,-1,2024-04-05 23:00:00+00:00,67631.6,2024-04-06 01:00:00+00:00,67698.9,signal_reverse,False,69660.54800000001,,False,100.0,1.0,100.0,100.0,0.0014785987615256772,-0.09950969665066087,0.32014926454497605,0.01,-0.40965896119563694
p214,BTCUSDT,-1,2024-04-06 07:00:00+00:00,68109.1,2024-04-06 09:00:00+00:00,67806.1,signal_reverse,False,70152.373,,False,100.0,1.0,100.0,100.0,0.0014682325856603595,0.4448744734550889,0.31933268828981737,0.01,0.13554178516527154
p215,BTCUSDT,-1,2024-04-06 15:00:00+00:00,67987.2,2024-04-06 17:00:00+00:00,68297.5,signal_reverse,False,70026.81599999999,,False,100.0,1.0,100.0,100.0,0.0014708651040195803,-0.45640944177728004,0.3206846141626659,0.01,-0.767094055939946
p216,BTCUSDT,-1,2024-04-06 23:00:00+00:00,69049.6,2024-04-07 01:00:00+00:00,69508.1,signal_reverse,False,71121.088,,False,100.0,1.0,100.0,100.0,0.0014482343127259244,-0.6640154323848364,0.32099602314857734,0.01,-0.9750114555334137
p217,BTCUSDT,-1,2024-04-07 07:00:00+00:00,69218.0,2024-04-07 09:00:00+00:00,69286.9,signal_reverse,False,71294.54,,False,100.0,1.0,100.0,100.0,0.0014447109133462394,-0.09954058192954748,0.32014931087289433,0.01,-0.40968989280244184
p218,BTCUSDT,-1,2024-04-07 15:00:00+00:00,69578.0,2024-04-07 17:00:00+00:00,69811.5,signal_reverse,False,71665.34,,False,100.0,1.0,100.0,100.0,0.001437235907901923,-0.335594584495099,0.3205033918767427,0.01,-0.6460979763718417
p219,BTCUSDT,-1,2024-04-07 23:00:00+00:00,69219.5,2024-04-08 01:00:00+00:00,69441.0,signal_reverse,False,71296.085,,False,100.0,1.0,100.0,100.0,0.0014446796061803394,-0.3199965327689452,0.3204799947991534,0.01,-0.6304765275680986
p220,BTCUSDT,-1,2024-04-08 07:00:00+00:00,69787.3,2024-04-08 08:00:00+00:00,71880.91900000001,initial_sl,False,71880.91900000001,,False,100.0,1.0,100.0,100.0,0.0014329254749789718,-3.0000000000000084,0.3245,0.0,-3.3245000000000084
p221,BTCUSDT,-1,2024-04-08 15:00:00+00:00,71787.0,2024-04-08 17:00:00+00:00,71731.2,signal_reverse,False,73940.61,,False,100.0,1.0,100.0,100.0,0.001393009876440024,0.0777299511053574,0.319883405073342,0.021322999999999998,-0.2208304539679846
p222,BTCUSDT,-1,2024-04-08 23:00:00+00:00,71972.0,2024-04-09 01:00:00+00:00,71326.3,signal_reverse,False,74131.16,,False,100.0,1.0,100.0,100.0,0.0013894292224754072,0.8971544489523664,0.31865426832657145,0.020982,0.5994821806257951
p223,BTCUSDT,-1,2024-04-09 07:00:00+00:00,70800.0,2024-04-09 09:00:00+00:00,70424.1,signal_reverse,False,72924.0,,False,100.0,1.0,100.0,100.0,0.0014124293785310734,0.5309322033898223,0.31920360169491524,0.015607,0.22733560169490705
p224,BTCUSDT,-1,2024-04-09 15:00:00+00:00,69413.2,2024-04-09 17:00:00+00:00,68884.0,signal_reverse,False,71495.59599999999,,False,100.0,1.0,100.0,100.0,0.0014406481764275383,0.762391014965449,0.31885641347755184,0.016704,0.4602386014878972
p225,BTCUSDT,-1,2024-04-09 23:00:00+00:00,69354.6,2024-04-10 01:00:00+00:00,69318.1,signal_reverse,False,71435.23800000001,,False,100.0,1.0,100.0,100.0,0.0014418654278158909,0.05262808811528002,0.3199210578678271,0.011987000000000001,-0.25530596975254705
p226,BTCUSDT,-1,2024-04-10 07:00:00+00:00,69410.8,2024-04-10 09:00:00+00:00,69177.3,signal_reverse,False,71493.124,,False,100.0,1.0,100.0,100.0,0.001440697989361886,0.33640298051600037,0.319495395529226,0.01,0.026907584986774362
p227,BTCUSDT,-1,2024-04-10 15:00:00+00:00,68747.8,2024-04-10 17:00:00+00:00,69379.4,signal_reverse,False,70810.234,,False,100.0,1.0,100.0,100.0,0.001454592001489502,-0.9187203081407568,0.32137808046221117,0.01,-1.230098388602968
p228,BTCUSDT,-1,2024-04-10 23:00:00+00:00,70568.5,2024-04-11 01:00:00+00:00,70590.2,signal_reverse,False,72685.555,,False,100.0,1.0,100.0,100.0,0.0014170628538228813,-0.0307502639279524,0.32004612539589194,0.01,-0.3407963893238443
p229,BTCUSDT,-1,2024-04-11 07:00:00+00:00,70735.0,2024-04-11 09:00:00+00:00,70614.2,signal_reverse,False,72857.05,,False,100.0,1.0,100.0,100.0,0.0014137272920053722,0.17077825687425308,0.31974383261468864,0.01,-0.13896557574043555
p230,BTCUSDT,-1,2024-04-11 15:00:00+00:00,69612.5,2024-04-11 17:00:00+00:00,70242.0,signal_reverse,False,71700.875,,False,100.0,1.0,100.0,100.0,0.0014365236128568864,-0.90429161429341,0.3213564374214401,0.01,-1.21564805171485
p231,BTCUSDT,-1,2024-04-11 23:00:00+00:00,70191.1,2024-04-12 01:00:00+00:00,70316.9,signal_reverse,False,72296.83300000001,,False,100.0,1.0,100.0,100.0,0.0014246820465842534,-0.1792250014602825,0.32026883750219043,0.01,-0.4894938389624729
p232,BTCUSDT,-1,2024-04-12 07:00:00+00:00,70898.1,2024-04-12 09:00:00+00:00,70682.9,signal_reverse,False,73025.043,,False,100.0,1.0,100.0,100.0,0.0014104750338866626,0.3035342272924262,0.31954469865906143,0.01,-0.006010471366635248
p233,BTCUSDT,-1,2024-04-12 15:00:00+00:00,69283.3,2024-04-12 17:00:00+00:00,68187.4,signal_reverse,False,71361.799,,False,100.0,1.0,100.0,100.0,0.0014433492630980336,1.5817664574291477,0.3176273503138563,0.01,1.2741391071152914
p234,BTCUSDT,-1,2024-04-12 23:00:00+00:00,67067.7,2024-04-13 01:00:00+00:00,65866.4,signal_reverse,False,69079.731,,False,100.0,1.0,100.0,100.0,0.001491030704795304,1.7911751856706029,0.31731323722149407,0.01,1.483861948449109
p235,BTCUSDT,-1,2024-04-13 07:00:00+00:00,67475.0,2024-04-13 09:00:00+00:00,67381.7,signal_reverse,False,69499.25,,False,100.0,1.0,100.0,100.0,0.0014820303816228233,0.13827343460541372,0.3197925898480919,0.01,-0.17151915524267816
p236,BTCUSDT,-1,2024-04-13 15:00:00+00:00,67556.0,2024-04-13 17:00:00+00:00,66735.1,signal_reverse,False,69582.68,,False,100.0,1.0,100.0,100.0,0.0014802534193853988,1.2151400319734653,0.3181772899520398,0.01,0.9069627420214255
p237,BTCUSDT,-1,2024-04-13 23:00:00+00:00,64258.3,2024-04-14 01:00:00+00:00,63714.4,signal_reverse,False,66186.049,,False,100.0,1.0,100.0,100.0,0.0015562191965862776,0.8464276210232786,0.3187303585684651,0.007356,0.5350532624548135
p238,BTCUSDT,-1,2024-04-14 07:00:00+00:00,64624.0,2024-04-14 09:00:00+00:00,64101.9,signal_reverse,False,66562.72,,False,100.0,1.0,100.0,100.0,0.001547412725922258,0.8079041842040087,0.318788143723694,0.01,0.49911604048031466
p239,BTCUSDT,-1,2024-04-14 15:00:00+00:00,63904.5,2024-04-14 17:00:00+00:00,63855.1,signal_reverse,False,65821.635,,False,100.0,1.0,100.0,100.0,0.0015648350272672504,0.07730285034700445,0.3198840457244795,0.01,-0.23258119537747501
p240,BTCUSDT,-1,2024-04-14 23:00:00+00:00,65299.0,2024-04-15 01:00:00+00:00,65254.1,signal_reverse,False,67257.97,,False,100.0,1.0,100.0,100.0,0.0015314170201687623,0.06876062420557966,0.31989685906369164,0.008288,-0.242848234858112
p241,BTCUSDT,-1,2024-04-15 07:00:00+00:00,66414.9,2024-04-15 09:00:00+00:00,66554.9,signal_reverse,False,68407.347,,False,100.0,1.0,100.0,100.0,0.0015056862240250307,-0.2107960713635043,0.32031619410704526,-0.003849,-0.5349612654705496
p242,BTCUSDT,1,2024-04-15 15:00:00+00:00,64198.7,2024-04-15 17:00:00+00:00,63873.2,signal_reverse,False,62272.738999999994,,False,100.0,1.0,100.0,100.0,0.00155766394023555,-0.5070196125466715,0.31923947058118,-0.000541,-0.8268000831278516
p243,BTCUSDT,-1,2024-04-15 23:00:00+00:00,63439.2,2024-04-16 01:00:00+00:00,63116.0,signal_reverse,False,65342.376,,False,100.0,1.0,100.0,100.0,0.0015763124377356588,0.5094641798761603,0.31923580373018573,0.008676,0.1989043761459746
p244,BTCUSDT,-1,2024-04-16 07:00:00+00:00,63165.0,2024-04-16 09:00:00+00:00,63215.6,signal_reverse,False,65059.95,,False,100.0,1.0,100.0,100.0,0.0015831552283701417,-0.08010765455552687,0.3201201614818333,0.006221,-0.3940068160373602
p245,BTCUSDT,-1,2024-04-16 15:00:00+00:00,62059.5,2024-04-16 17:00:00+00:00,62457.2,signal_reverse,False,63921.285,,False,100.0,1.0,100.0,100.0,0.0016113568430296732,-0.6408366164728964,0.3209612549247094,0.006552,-0.9552458713976058
p246,BTCUSDT,-1,2024-04-16 23:00:00+00:00,63752.7,2024-04-17 01:00:00+00:00,63997.3,signal_reverse,False,65665.281,,False,100.0,1.0,100.0,100.0,0.0015685610178078732,-0.3836700249558149,0.32057550503743376,0.003688,-0.7005575299932486
p247,BTCUSDT,-1,2024-04-17 07:00:00+00:00,63849.1,2024-04-17 09:00:00+00:00,63286.8,signal_reverse,False,65764.573,,False,100.0,1.0,100.0,100.0,0.0015661927889351612,0.8806702052182344,0.31867899469217265,0.000663,0.5626542105260617
p248,BTCUSDT,-1,2024-04-17 15:00:00+00:00,61256.5,2024-04-17 17:00:00+00:00,61247.6,signal_reverse,False,63094.195,,False,100.0,1.0,100.0,100.0,0.0016324798184682442,0.01452907038436975,0.3199782063944235,0.004406,-0.3010431360100537
p249,BTCUSDT,-1,2024-04-17 23:00:00+00:00,61661.8,2024-04-18 01:00:00+00:00,61613.2,signal_reverse,False,63511.654,,False,100.0,1.0,100.0,100.0,0.0016217496083474694,0.07881703096569645,0.3198817744535515,0.007307,-0.23375774348785502
p250,BTCUSDT,-1,2024-04-18 07:00:00+00:00,61116.7,2024-04-18 09:00:00+00:00,61597.0,signal_reverse,False,62950.200999999994,,False,100.0,1.0,100.0,100.0,0.0016362139971562602,-0.7858735828341565,0.3211788103742513,-0.004087,-1.1111393932084077
p251,BTCUSDT,1,2024-04-18 15:00:00+00:00,63776.0,2024-04-18 17:00:00+00:00,62754.9,signal_reverse,False,61862.72,,False,100.0,1.0,100.0,100.0,0.0015679879578524836,-1.6010725037631688,0.31759839124435524,0.005366,-1.913304895007524
p252,BTCUSDT,1,2024-04-18 23:00:00+00:00,63466.0,2024-04-19 01:00:00+00:00,61562.02,initial_sl,False,61562.02,,False,100.0,1.0,100.0,100.0,0.0015756468030126366,-3.000000000000005,0.3155,0.0029980000000000002,-3.312502000000005
p253,BTCUSDT,1,2024-04-19 07:00:00+00:00,64600.1,2024-04-19 09:00:00+00:00,64760.5,signal_reverse,False,62662.097,,False,100.0,1.0,100.0,100.0,0.001547985219837121,0.24829682926187646,0.3203724452438928,-0.01,-0.08207561598201633
p254,BTCUSDT,-1,2024-04-19 15:00:00+00:00,64418.0,2024-04-19 17:00:00+00:00,64599.9,signal_reverse,False,66350.54,,False,100.0,1.0,100.0,100.0,0.001552361141295911,-0.2823744916017285,0.3204235617374026,0.005565,-0.597233053339131
p255,BTCUSDT,-1,2024-04-19 23:00:00+00:00,63974.7,2024-04-20 01:00:00+00:00,63620.1,signal_reverse,False,65893.94099999999,,False,100.0,1.0,100.0,100.0,0.0015631179200527709,0.5542816144507103,0.31916857757832395,0.0035800000000000003,0.23869303687238638
p256,BTCUSDT,-1,2024-04-20 07:00:00+00:00,64015.3,2024-04-20 09:00:00+00:00,63580.1,signal_reverse,False,65935.759,,False,100.0,1.0,100.0,100.0,0.0015621265541206554,0.679837476353316,0.3189802437854701,0.0009429999999999999,0.361800232567846
p257,BTCUSDT,-1,2024-04-20 15:00:00+00:00,63890.0,2024-04-20 17:00:00+00:00,65170.0,signal_reverse,False,65806.7,,False,100.0,1.0,100.0,100.0,0.0015651901706057287,-2.003443418375333,0.323005165127563,-0.006986,-2.333434583502896
p258,BTCUSDT,1,2024-04-20 23:00:00+00:00,64580.0,2024-04-21 01:00:00+00:00,64917.7,signal_reverse,False,62642.6,,False,100.0,1.0,100.0,100.0,0.001548467017652524,0.5229173118612528,0.3207843759677919,0.0018580000000000003,0.20399093589346087
p259,BTCUSDT,1,2024-04-21 07:00:00+00:00,65026.1,2024-04-21 09:00:00+00:00,64880.1,signal_reverse,False,63075.316999999995,,False,100.0,1.0,100.0,100.0,0.0015378440349336651,-0.2245252291003151,0.3196632121563495,-0.004833,-0.5490214412566646
p260,BTCUSDT,-1,2024-04-21 15:00:00+00:00,64863.0,2024-04-21 17:00:00+00:00,64786.8,signal_reverse,False,66808.89,,False,100.0,1.0,100.0,100.0,0.001541710990857654,0.11747837750334875,0.319823782433745,0.005023,-0.19732240493039624
p261,BTCUSDT,-1,2024-04-21 23:00:00+00:00,65004.8,2024-04-22 01:00:00+00:00,64638.3,signal_reverse,False,66954.944,,False,100.0,1.0,100.0,100.0,0.0015383479373830855,0.5638045190509008,0.31915429322142363,0.009377,0.2540272258294772
p262,BTCUSDT,-1,2024-04-22 07:00:00+00:00,66279.5,2024-04-22 09:00:00+00:00,65914.4,signal_reverse,False,68267.885,,False,100.0,1.0,100.0,100.0,0.0015087621361054323,0.5508490558921021,0.3191737264161619,0.01,0.24167532947594023
p263,BTCUSDT,-1,2024-04-22 15:00:00+00:00,65990.1,2024-04-22 17:00:00+00:00,66480.0,signal_reverse,False,67969.803,,False,100.0,1.0,100.0,100.0,0.0015153788219748113,-0.7423840848854513,0.3211135761273282,-0.007378999999999999,-1.0708766610127796
p264,BTCUSDT,1,2024-04-22 23:00:00+00:00,66987.7,2024-04-23 01:00:00+00:00,66738.5,signal_reverse,False,64978.068999999996,,False,100.0,1.0,100.0,100.0,0.0014928113668628718,-0.3720085926222233,0.3194419871110667,0.015398000000000002,-0.6760525797332899
p265,BTCUSDT,1,2024-04-23 07:00:00+00:00,66346.5,2024-04-23 09:00:00+00:00,66043.3,signal_reverse,False,64356.105,,False,100.0,1.0,100.0,100.0,0.0015072385129584831,-0.4569947171290077,0.3193145079243065,0.0017439999999999999,-0.7745652250533142
p266,BTCUSDT,1,2024-04-23 15:00:00+00:00,66883.9,2024-04-23 17:00:00+00:00,66729.4,signal_reverse,False,64877.382999999994,,False,100.0,1.0,100.0,100.0,0.0014951281250046725,-0.2309972953132219,0.3196535040570302,-0.007572,-0.5582227993702521
p267,BTCUSDT,-1,2024-04-23 23:00:00+00:00,66338.7,2024-04-24 01:00:00+00:00,66715.5,signal_reverse,False,68328.86099999999,,False,100.0,1.0,100.0,100.0,0.0015074157316920592,-0.5679942477015723,0.3208519913715524,0.01,-0.8788462390731246
p268,BTCUSDT,-1,2024-04-24 07:00:00+00:00,66755.1,2024-04-24 09:00:00+00:00,66327.0,signal_reverse,False,68757.75300000001,,False,100.0,1.0,100.0,100.0,0.0014980128859068444,0.6412993164567288,0.3190380510253149,0.01,0.3322612654314139
p269,BTCUSDT,-1,2024-04-24 15:00:00+00:00,65210.1,2024-04-24 17:00:00+00:00,64862.1,signal_reverse,False,67166.40299999999,,False,100.0,1.0,100.0,100.0,0.0015335047791676442,0.5336596631503402,0.3191995105052745,0.0049299999999999995,0.21939015264506567
p270,BTCUSDT,-1,2024-04-24 23:00:00+00:00,64067.9,2024-04-25 01:00:00+00:00,64028.0,signal_reverse,False,65989.937,,False,100.0,1.0,100.0,100.0,0.001560844042024165,0.062277677276766454,0.31990658348408485,0.01,-0.24762890620731837
p271,BTCUSDT,-1,2024-04-25 07:00:00+00:00,64256.9,2024-04-25 09:00:00+00:00,63940.7,signal_reverse,False,66184.607,,False,100.0,1.0,100.0,100.0,0.0015562531027796236,0.49208723109892377,0.31926186915335164,-0.0013709999999999998,0.17145436194557212
p272,BTCUSDT,1,2024-04-25 15:00:00+00:00,63353.9,2024-04-25 17:00:00+00:00,64700.0,signal_reverse,False,61453.283,,False,100.0,1.0,100.0,100.0,0.00157843479249107,2.124731074172227,0.32318709661125833,-0.002499,1.7990449775609687
p273,BTCUSDT,-1,2024-04-25 23:00:00+00:00,64569.9,2024-04-26 01:00:00+00:00,64365.8,signal_reverse,False,66506.997,,False,100.0,1.0,100.0,100.0,0.0015487092282936786,0.31609155349473755,0.3195258626697579,-0.001077,-0.004511309175020356
p274,BTCUSDT,1,2024-04-26 07:00:00+00:00,64330.8,2024-04-26 09:00:00+00:00,64461.9,signal_reverse,False,62400.876000000004,,False,100.0,1.0,100.0,100.0,0.0015544653571850496,0.20379040832695774,0.32030568561249045,0.003421,-0.11309427728553272
p275,BTCUSDT,1,2024-04-26 15:00:00+00:00,63829.3,2024-04-26 17:00:00+00:00,63983.0,signal_reverse,False,61914.421,,False,100.0,1.0,100.0,100.0,0.0015666786256468424,0.2407985047619151,0.32036119775714295,-0.006161,-0.08572369299522783
p276,BTCUSDT,-1,2024-04-26 23:00:00+00:00,63797.1,2024-04-27 01:00:00+00:00,62574.5,signal_reverse,False,65711.01299999999,,False,100.0,1.0,100.0,100.0,0.0015674693677298812,1.9163880489865506,0.3171254179265202,0.01,1.6092626310600304
p277,BTCUSDT,-1,2024-04-27 07:00:00+00:00,63007.0,2024-04-27 09:00:00+00:00,62959.7,signal_reverse,False,64897.21,,False,100.0,1.0,100.0,100.0,0.0015871252400526926,0.07507102385449697,0.31988739346421824,0.01,-0.23481636960972124
p278,BTCUSDT,-1,2024-04-27 15:00:00+00:00,63104.9,2024-04-27 17:00:00+00:00,63396.2,signal_reverse,False,64998.047,,False,100.0,1.0,100.0,100.0,0.001584662997643606,-0.46161233121357553,0.32069241849682034,0.01,-0.7723047497103959
p279,BTCUSDT,-1,2024-04-27 23:00:00+00:00,63235.9,2024-04-28 01:00:00+00:00,63559.8,signal_reverse,False,65132.977,,False,100.0,1.0,100.0,100.0,0.0015813801970083448,-0.5122090458110052,0.32076831356871655,0.00402,-0.8289573593797218
p280,BTCUSDT,-1,2024-04-28 07:00:00+00:00,63944.9,2024-04-28 09:00:00+00:00,63738.1,signal_reverse,False,65863.247,,False,100.0,1.0,100.0,100.0,0.001563846373987605,0.32340343014064127,0.31951489485478907,0.00792,0.011808535285852201
p281,BTCUSDT,-1,2024-04-28 15:00:00+00:00,63577.7,2024-04-28 17:00:00+00:00,63730.0,signal_reverse,False,65485.030999999995,,False,100.0,1.0,100.0,100.0,0.0015728785407462052,-0.23954940175565162,0.32035932410263346,0.007899999999999999,-0.5520087258582851
p282,BTCUSDT,-1,2024-04-28 23:00:00+00:00,63118.3,2024-04-29 01:00:00+00:00,63205.3,signal_reverse,False,65011.849,,False,100.0,1.0,100.0,100.0,0.0015843265740680594,-0.13783641194392116,0.3202067546179159,0.001802,-0.45624116656183705
p283,BTCUSDT,-1,2024-04-29 07:00:00+00:00,62159.4,2024-04-29 09:00:00+00:00,62522.0,signal_reverse,False,64024.182,,False,100.0,1.0,100.0,100.0,0.001608767137391931,-0.5833389640183119,0.32087500844602745,-0.005782,-0.9099959724643393
p284,BTCUSDT,1,2024-04-29 15:00:00+00:00,62815.0,2024-04-29 17:00:00+00:00,63004.6,signal_reverse,False,60930.55,,False,100.0,1.0,100.0,100.0,0.0015919764387487066,0.30183873278675244,0.32045275809918017,-0.01,-0.02861402531242773
p285,BTCUSDT,-1,2024-04-29 23:00:00+00:00,63846.0,2024-04-30 01:00:00+00:00,63583.4,signal_reverse,False,65761.38,,False,100.0,1.0,100.0,100.0,0.0015662688343827335,0.41130219590890355,0.31938304670613665,0.00143,0.09334914920276689
p286,BTCUSDT,-1,2024-04-30 07:00:00+00:00,63378.9,2024-04-30 09:00:00+00:00,61645.5,signal_reverse,False,65280.267,,False,100.0,1.0,100.0,100.0,0.0015778121740831728,2.734979622555774,0.3158975305661664,0.000638,2.419720091989608
p287,BTCUSDT,-1,2024-04-30 15:00:00+00:00,61211.5,2024-04-30 17:00:00+00:00,60337.6,signal_reverse,False,63047.845,,False,100.0,1.0,100.0,100.0,0.0016336799457618257,1.427672904601262,0.3178584906430981,0.008364,1.1181784139581639
p288,BTCUSDT,-1,2024-04-30 23:00:00+00:00,60562.8,2024-05-01 01:00:00+00:00,60112.5,signal_reverse,False,62379.684,,False,100.0,1.0,100.0,100.0,0.0016511786112927407,0.7435257286651259,0.31888471140700236,0.01,0.43464101725812354
p289,BTCUSDT,-1,2024-05-01 07:00:00+00:00,59514.9,2024-05-01 09:00:00+00:00,57080.3,signal_reverse,False,61300.347,,False,100.0,1.0,100.0,100.0,0.0016802515000445266,4.090740302008402,0.3138638895469874,0.01,3.786876412461414
p290,BTCUSDT,-1,2024-05-01 15:00:00+00:00,57462.4,2024-05-01 17:00:00+00:00,57406.7,signal_reverse,False,59186.272000000004,,False,100.0,1.0,100.0,100.0,0.0017402684190009467,0.09693295093836032,0.3198546005735925,0.005046,-0.21787564963523218
p291,BTCUSDT,-1,2024-05-01 23:00:00+00:00,57843.7,2024-05-02 01:00:00+00:00,57083.0,signal_reverse,False,59579.011,,False,100.0,1.0,100.0,100.0,0.0017287967401808668,1.3150956802555804,0.31802735647961666,0.001443,0.9985113237759637
p292,BTCUSDT,-1,2024-05-02 07:00:00+00:00,57615.0,2024-05-02 09:00:00+00:00,57783.4,signal_reverse,False,59343.45,,False,100.0,1.0,100.0,100.0,0.0017356591165495097,-0.29228499522693996,0.3204384274928404,0.01,-0.6027234227197804
p293,BTCUSDT,-1,2024-05-02 15:00:00+00:00,59014.6,2024-05-02 17:00:00+00:00,59161.9,signal_reverse,False,60785.038,,False,100.0,1.0,100.0,100.0,0.001694495938293236,-0.24959925171059857,0.3203743988775659,-0.010450000000000001,-0.5804236505881645
p294,BTCUSDT,1,2024-05-02 23:00:00+00:00,59293.4,2024-05-03 01:00:00+00:00,59292.7,signal_reverse,False,57514.598,,False,100.0,1.0,100.0,100.0,0.001686528348855016,-0.0011805698442058738,0.3199982291452337,0.009394999999999999,-0.3117837989894396
p295,BTCUSDT,1,2024-05-03 07:00:00+00:00,59220.1,2024-05-03 09:00:00+00:00,59432.9,signal_reverse,False,57443.496999999996,,False,100.0,1.0,100.0,100.0,0.0016886158584669732,0.3593374546817768,0.32053900618202263,0.005166,0.043964448499754165
p296,BTCUSDT,1,2024-05-03 15:00:00+00:00,61579.9,2024-05-03 17:00:00+00:00,61771.6,signal_reverse,False,59732.503000000004,,False,100.0,1.0,100.0,100.0,0.001623906501959243,0.3113028764255822,0.32046695431463834,0.008669,-0.0004950778890561551
p297,BTCUSDT,1,2024-05-03 23:00:00+00:00,62740.0,2024-05-04 01:00:00+00:00,62820.1,signal_reverse,False,60857.8,,False,100.0,1.0,100.0,100.0,0.0015938795027095952,0.12766974816703625,0.32019150462225054,0.009541,-0.1829807564552143
p298,BTCUSDT,1,2024-05-04 07:00:00+00:00,62937.2,2024-05-04 09:00:00+00:00,63159.5,signal_reverse,False,61049.083999999995,,False,100.0,1.0,100.0,100.0,0.001588885428649511,0.3532092307887909,0.32052981384618323,-0.0017689999999999997,0.030910416942607676
p299,BTCUSDT,-1,2024-05-04 15:00:00+00:00,63778.8,2024-05-04 17:00:00+00:00,63431.9,signal_reverse,False,65692.164,,False,100.0,1.0,100.0,100.0,0.0015679191204600901,0.5439111428876076,0.31918413328566864,-0.002317,0.2224100096019389
p300,BTCUSDT,1,2024-05-04 23:00:00+00:00,63579.6,2024-05-05 01:00:00+00:00,63288.1,signal_reverse,False,61672.212,,False,100.0,1.0,100.0,100.0,0.001572831537159718,-0.4584803930820578,0.31931227941037693,-0.003013,-0.7808056724924347
p301,BTCUSDT,-1,2024-05-05 07:00:00+00:00,63355.2,2024-05-05 09:00:00+00:00,63650.9,signal_reverse,False,65255.856,,False,100.0,1.0,100.0,100.0,0.0015784024042225422,-0.4667335909286126,0.32070010038639296,0.007133,-0.7803006913150056
p302,BTCUSDT,-1,2024-05-05 15:00:00+00:00,64076.1,2024-05-05 17:00:00+00:00,64186.1,signal_reverse,False,65998.383,,False,100.0,1.0,100.0,100.0,0.0015606442963913222,-0.17167087260304545,0.3202575063089046,0.01,-0.48192837891195006
p303,BTCUSDT,-1,2024-05-05 23:00:00+00:00,63824.6,2024-05-06 01:00:00+00:00,64112.7,signal_reverse,False,65739.338,,False,100.0,1.0,100.0,100.0,0.0015667939947919768,-0.45139334989956625,0.3206770900248494,0.004545,-0.7675254399244156
p304,BTCUSDT,-1,2024-05-06 07:00:00+00:00,64203.4,2024-05-06 09:00:00+00:00,65155.9,signal_reverse,False,66129.50200000001,,False,100.0,1.0,100.0,100.0,0.00155754991168692,-1.4835662908817913,0.32222534943632275,0.007226000000000001,-1.798565640318114
p305,BTCUSDT,-1,2024-05-06 15:00:00+00:00,63213.4,2024-05-06 17:00:00+00:00,63142.4,signal_reverse,False,65109.802,,False,100.0,1.0,100.0,100.0,0.0015819430690328317,0.11231795790133105,0.319831523063148,0.008716999999999999,-0.19879656516181696
p306,BTCUSDT,-1,2024-05-06 23:00:00+00:00,63480.1,2024-05-07 01:00:00+00:00,63886.5,signal_reverse,False,65384.503,,False,100.0,1.0,100.0,100.0,0.001575296825304308,-0.6402006298036731,0.32096030094470557,0.01,-0.9511609307483786
p307,BTCUSDT,-1,2024-05-07 07:00:00+00:00,63598.0,2024-05-07 09:00:00+00:00,64099.9,signal_reverse,False,65505.94,,False,100.0,1.0,100.0,100.0,0.0015723764898267242,-0.7891757602440351,0.3211837636403661,0.01,-1.1003595238844013
p308,BTCUSDT,-1,2024-05-07 15:00:00+00:00,64011.1,2024-05-07 17:00:00+00:00,63373.4,signal_reverse,False,65931.433,,False,100.0,1.0,100.0,100.0,0.0015622290508989847,0.996233465758278,0.3185056498013626,0.01,0.6877278159569153
p309,BTCUSDT,-1,2024-05-07 23:00:00+00:00,62832.6,2024-05-08 01:00:00+00:00,62525.6,signal_reverse,False,64717.578,,False,100.0,1.0,100.0,100.0,0.001591530511231431,0.4885998669480493,0.31926710019957794,0.01,0.17933276674847137
p310,BTCUSDT,-1,2024-05-08 07:00:00+00:00,62475.1,2024-05-08 09:00:00+00:00,62278.9,signal_reverse,False,64349.352999999996,,False,100.0,1.0,100.0,100.0,0.0016006376940573125,0.3140451155740401,0.319528932326639,0.01,0.004516183247401098
p311,BTCUSDT,-1,2024-05-08 15:00:00+00:00,62546.3,2024-05-08 17:00:00+00:00,62579.7,signal_reverse,False,64422.689000000006,,False,100.0,1.0,100.0,100.0,0.001598815597405442,-0.053400440953332455,0.32008010066143,0.01,-0.36348054161476245
p312,BTCUSDT,-1,2024-05-08 23:00:00+00:00,61236.4,2024-05-09 01:00:00+00:00,61528.7,signal_reverse,False,63073.492,,False,100.0,1.0,100.0,100.0,0.0016330156573541228,-0.47733047664460293,0.32071599571496695,0.01,-0.7880464723595699
p313,BTCUSDT,-1,2024-05-09 07:00:00+00:00,61588.9,2024-05-09 09:00:00+00:00,61259.0,signal_reverse,False,63436.567,,False,100.0,1.0,100.0,100.0,0.001623669200131842,0.5356484691234971,0.3191965272963148,0.004634,0.22108594182718225
p314,BTCUSDT,-1,2024-05-09 15:00:00+00:00,61519.8,2024-05-09 17:00:00+00:00,61912.7,signal_reverse,False,63365.394,,False,100.0,1.0,100.0,100.0,0.0016254929307312441,-0.6386561724842964,0.32095798425872646,0.008999,-0.9506151567430229
p315,BTCUSDT,-1,2024-05-09 23:00:00+00:00,63249.1,2024-05-10 01:00:00+00:00,62850.2,signal_reverse,False,65146.573,,False,100.0,1.0,100.0,100.0,0.0015810501651406898,0.6306809108746235,0.3190539786336881,0.000272,0.3118989322409354
p316,BTCUSDT,-1,2024-05-10 07:00:00+00:00,63127.2,2024-05-10 09:00:00+00:00,63108.5,signal_reverse,False,65021.015999999996,,False,100.0,1.0,100.0,100.0,0.0015841032074921746,0.029622729980099054,0.3199555659050299,0.001145,-0.2891878359249308
p317,BTCUSDT,-1,2024-05-10 15:00:00+00:00,61039.3,2024-05-10 17:00:00+00:00,60391.1,signal_reverse,False,62870.47900000001,,False,100.0,1.0,100.0,100.0,0.0016382887746091452,1.061938783701655,0.31840709182444754,0.01,0.7535316918772075
p318,BTCUSDT,-1,2024-05-10 23:00:00+00:00,60830.1,2024-05-11 01:00:00+00:00,60857.4,signal_reverse,False,62655.003,,False,100.0,1.0,100.0,100.0,0.0016439229920713594,-0.044879097683552895,0.3200673186465253,0.01,-0.35494641633007823
p319,BTCUSDT,-1,2024-05-11 07:00:00+00:00,60936.1,2024-05-11 09:00:00+00:00,60894.1,signal_reverse,False,62764.183,,False,100.0,1.0,100.0,100.0,0.001641063343403992,0.06892466042296766,0.31989661300936556,0.01,-0.24097195258639792
p320,BTCUSDT,-1,2024-05-11 15:00:00+00:00,60823.0,2024-05-11 17:00:00+00:00,61098.3,signal_reverse,False,62647.69,,False,100.0,1.0,100.0,100.0,0.0016441148907485655,-0.45262482942308485,0.32067893724413465,0.01,-0.7633037666672196
p321,BTCUSDT,-1,2024-05-11 23:00:00+00:00,60883.1,2024-05-12 01:00:00+00:00,60841.1,signal_reverse,False,62709.593,,False,100.0,1.0,100.0,100.0,0.0016424919230459685,0.06898466076793068,0.31989652300884813,0.01,-0.24091186224091743
p322,BTCUSDT,-1,2024-05-12 07:00:00+00:00,60918.0,2024-05-12 09:00:00+00:00,60974.0,signal_reverse,False,62745.54,,False,100.0,1.0,100.0,100.0,0.0016415509373255853,-0.09192685249023277,0.32013789027873535,0.005653999999999999,-0.4064107427689681
p323,BTCUSDT,-1,2024-05-12 15:00:00+00:00,61155.9,2024-05-12 17:00:00+00:00,61587.3,signal_reverse,False,62990.577000000005,,False,100.0,1.0,100.0,100.0,0.001635165208916883,-0.7054102711267457,0.32105811540669016,0.01,-1.0164683865334359
p324,BTCUSDT,-1,2024-05-12 23:00:00+00:00,61294.3,2024-05-13 01:00:00+00:00,61382.5,signal_reverse,False,63133.129,,False,100.0,1.0,100.0,100.0,0.0016314730733526608,-0.14389592506969992,0.32021584388760455,-0.000144,-0.4642557689573044
p325,BTCUSDT,1,2024-05-13 07:00:00+00:00,61492.7,2024-05-13 09:00:00+00:00,63031.2,signal_reverse,False,59647.918999999994,,False,100.0,1.0,100.0,100.0,0.0016262092898831895,2.501922992485287,0.32375288448872797,-0.009033,2.169137107996559
p326,BTCUSDT,-1,2024-05-13 15:00:00+00:00,62726.8,2024-05-13 17:00:00+00:00,62769.5,signal_reverse,False,64608.60400000001,,False,100.0,1.0,100.0,100.0,0.0015942149129239815,-0.06807297678184937,0.3201021094651728,0.000959,-0.3872160862470222
p327,BTCUSDT,-1,2024-05-13 23:00:00+00:00,62728.4,2024-05-14 01:00:00+00:00,62614.6,signal_reverse,False,64610.252,,False,100.0,1.0,100.0,100.0,0.0015941742496221806,0.18141702960700878,0.31972787445558953,-0.002451,-0.14076184484858076
p328,BTCUSDT,1,2024-05-14 07:00:00+00:00,62025.6,2024-05-14 09:00:00+00:00,61767.3,signal_reverse,False,60164.832,,False,100.0,1.0,100.0,100.0,0.0016122375277304855,-0.41644095341277737,0.3193753385698809,-0.01,-0.7458162919826583
p329,BTCUSDT,-1,2024-05-14 15:00:00+00:00,61779.0,2024-05-14 17:00:00+00:00,61285.3,signal_reverse,False,63632.37,,False,100.0,1.0,100.0,100.0,0.0016186730118648732,0.7991388659576831,0.3188012917010635,0.009399,0.4897365742566196
p330,BTCUSDT,-1,2024-05-14 23:00:00+00:00,61680.6,2024-05-15 01:00:00+00:00,61664.5,signal_reverse,False,63531.018,,False,100.0,1.0,100.0,100.0,0.0016212553055579874,0.02610221041948124,0.3199608466843708,0.006588999999999999,-0.28726963626488955
p331,BTCUSDT,-1,2024-05-15 07:00:00+00:00,61940.0,2024-05-15 09:00:00+00:00,62611.0,signal_reverse,False,63798.2,,False,100.0,1.0,100.0,100.0,0.0016144656118824668,-1.0833064255731353,0.32162495963835974,0.0035979999999999996,-1.401333385211495
p332,BTCUSDT,-1,2024-05-15 15:00:00+00:00,64461.2,2024-05-15 17:00:00+00:00,65007.6,signal_reverse,False,66395.036,,False,100.0,1.0,100.0,100.0,0.0015513207945244583,-0.8476416821281663,0.3212714625231923,-0.006766,-1.1756791446513586
p333,BTCUSDT,1,2024-05-15 23:00:00+00:00,66080.0,2024-05-16 01:00:00+00:00,65955.1,signal_reverse,False,64097.6,,False,100.0,1.0,100.0,100.0,0.001513317191283293,-0.18901331719127448,0.3197164800242131,-0.003295,-0.5120247972154877
p334,BTCUSDT,-1,2024-05-16 07:00:00+00:00,65941.7,2024-05-16 09:00:00+00:00,66332.9,signal_reverse,False,67919.951,,False,100.0,1.0,100.0,100.0,0.0015164910822741907,-0.593251311385659,0.3208898769670785,0.0065580000000000005,-0.9075831883527375
p335,BTCUSDT,-1,2024-05-16 15:00:00+00:00,65582.0,2024-05-16 17:00:00+00:00,64982.7,signal_reverse,False,67549.46,,False,100.0,1.0,100.0,100.0,0.0015248086365161173,0.9138178158641135,0.3186292732762039,0.002947,0.5981355425879096
p336,BTCUSDT,-1,2024-05-16 23:00:00+00:00,65400.0,2024-05-17 01:00:00+00:00,65325.9,signal_reverse,False,67362.0,,False,100.0,1.0,100.0,100.0,0.0015290519877675841,0.11330275229357575,0.3198300458715596,0.01,-0.19652729357798385
p337,BTCUSDT,-1,2024-05-17 07:00:00+00:00,65921.9,2024-05-17 09:00:00+00:00,66316.8,signal_reverse,False,67899.557,,False,100.0,1.0,100.0,100.0,0.0015169465685910147,-0.5990421999366049,0.32089856329990496,0.01,-0.9099407632365099
p338,BTCUSDT,-1,2024-05-17 15:00:00+00:00,66799.9,2024-05-17 17:00:00+00:00,66674.0,signal_reverse,False,68803.897,,False,100.0,1.0,100.0,100.0,0.0014970082290542352,0.1884733360379195,0.3197172899959432,0.01,-0.12124395395802369
p339,BTCUSDT,-1,2024-05-17 23:00:00+00:00,66738.8,2024-05-18 01:00:00+00:00,66942.9,signal_reverse,False,68740.964,,False,100.0,1.0,100.0,100.0,0.0014983787541879685,-0.3058191037297513,0.3204587286555946,0.002216,-0.624061832385346
p340,BTCUSDT,-1,2024-05-18 07:00:00+00:00,66888.6,2024-05-18 09:00:00+00:00,67110.1,signal_reverse,False,68895.258,,False,100.0,1.0,100.0,100.0,0.0014950230682059423,-0.3311476096076162,0.32049672141441143,0.007849,-0.6437953310220277
p341,BTCUSDT,-1,2024-05-18 15:00:00+00:00,66760.9,2024-05-18 17:00:00+00:00,66831.1,signal_reverse,False,68763.727,,False,100.0,1.0,100.0,100.0,0.0014978827427431327,-0.10515136854058535,0.3201577270528109,0.001546,-0.42376309559339626
p342,BTCUSDT,-1,2024-05-18 23:00:00+00:00,66896.0,2024-05-19 01:00:00+00:00,66896.6,signal_reverse,False,68902.88,,False,100.0,1.0,100.0,100.0,0.001494857689547955,-0.0008969146137374742,0.32000134537192065,0.004445,-0.31645325998565815
p343,BTCUSDT,-1,2024-05-19 07:00:00+00:00,67008.8,2024-05-19 09:00:00+00:00,67158.6,signal_reverse,False,69019.064,,False,100.0,1.0,100.0,100.0,0.0014923413044256872,-0.2235527274029723,0.3203353290911045,0.009105,-0.5347830564940768
p344,BTCUSDT,-1,2024-05-19 15:00:00+00:00,66892.8,2024-05-19 17:00:00+00:00,66684.6,signal_reverse,False,68899.584,,False,100.0,1.0,100.0,100.0,0.0014949292001530806,0.311244259471867,0.3195331336107922,0.007228000000000001,-0.0010608741389252054
p345,BTCUSDT,-1,2024-05-19 23:00:00+00:00,66328.0,2024-05-20 01:00:00+00:00,66498.8,signal_reverse,False,68317.84,,False,100.0,1.0,100.0,100.0,0.001507658907248824,-0.2575081413581035,0.3203862622120372,0.001894,-0.5760004035701408
p346,BTCUSDT,-1,2024-05-20 07:00:00+00:00,66379.5,2024-05-20 09:00:00+00:00,66867.8,signal_reverse,False,68370.885,,False,100.0,1.0,100.0,100.0,0.001506489202238643,-0.7356186774531337,0.32110342801617975,0.01,-1.0467221054693134
p347,BTCUSDT,-1,2024-05-20 15:00:00+00:00,66960.0,2024-05-20 17:00:00+00:00,68290.3,signal_reverse,False,68968.8,,False,100.0,1.0,100.0,100.0,0.0014934289127837516,-1.9867084826762291,0.32298006272401436,0.0061459999999999996,-2.3035425454002434
p348,BTCUSDT,-1,2024-05-20 23:00:00+00:00,69577.4,2024-05-21 00:00:00+00:00,71664.722,initial_sl,False,71664.722,,False,100.0,1.0,100.0,100.0,0.0014372483018911314,-3.0000000000000004,0.3245,0.0,-3.3245000000000005
p349,BTCUSDT,-1,2024-05-21 07:00:00+00:00,71172.6,2024-05-21 09:00:00+00:00,71002.3,signal_reverse,False,73307.778,,False,100.0,1.0,100.0,100.0,0.0014050350837260404,0.23927747475854877,0.3196410837878622,0.01,-0.07036360902931345
p350,BTCUSDT,-1,2024-05-21 15:00:00+00:00,70221.6,2024-05-21 17:00:00+00:00,69906.8,signal_reverse,False,72328.248,,False,100.0,1.0,100.0,100.0,0.0014240632511933649,0.4482951114756754,0.3193275573327865,0.01,0.13896755414288892
p351,BTCUSDT,-1,2024-05-21 23:00:00+00:00,70248.0,2024-05-22 01:00:00+00:00,70188.5,signal_reverse,False,72355.44,,False,100.0,1.0,100.0,100.0,0.0014235280719735793,0.08469992028242797,0.3198729501195764,0.01,-0.22517302983714843
p352,BTCUSDT,-1,2024-05-22 07:00:00+00:00,69920.0,2024-05-22 09:00:00+00:00,70030.8,signal_reverse,False,72017.6,,False,100.0,1.0,100.0,100.0,0.0014302059496567505,-0.15846681922197212,0.320237700228833,0.01,-0.46870451945080516
p353,BTCUSDT,-1,2024-05-22 15:00:00+00:00,70145.6,2024-05-22 17:00:00+00:00,69878.8,signal_reverse,False,72249.96800000001,,False,100.0,1.0,100.0,100.0,0.001425606167742524,0.38035172555370955,0.3194294724116694,0.01,0.07092225314204013
p354,BTCUSDT,-1,2024-05-22 23:00:00+00:00,69191.0,2024-05-23 01:00:00+00:00,69530.7,signal_reverse,False,71266.73,,False,100.0,1.0,100.0,100.0,0.0014452746744518796,-0.4909598069112993,0.320736439710367,0.01,-0.8016962466216664
p355,BTCUSDT,-1,2024-05-23 07:00:00+00:00,69608.8,2024-05-23 09:00:00+00:00,69691.6,signal_reverse,False,71697.064,,False,100.0,1.0,100.0,100.0,0.0014365999701187206,-0.11895047752583425,0.3201784257162888,0.015255999999999999,-0.42387290324212307
p356,BTCUSDT,-1,2024-05-23 15:00:00+00:00,67800.8,2024-05-23 17:00:00+00:00,67690.8,signal_reverse,False,69834.82400000001,,False,100.0,1.0,100.0,100.0,0.0014749088506330308,0.1622399735696334,0.3197566400396456,0.010356,-0.1471606664700122
p357,BTCUSDT,-1,2024-05-23 23:00:00+00:00,67717.7,2024-05-24 01:00:00+00:00,67776.7,signal_reverse,False,69749.231,,False,100.0,1.0,100.0,100.0,0.0014767187899175549,-0.08712640860513574,0.32013068961290775,0.01,-0.39725709821804345
p358,BTCUSDT,-1,2024-05-24 07:00:00+00:00,66910.7,2024-05-24 09:00:00+00:00,67385.3,signal_reverse,False,68918.021,,False,100.0,1.0,100.0,100.0,0.001494529275586715,-0.7093035941934637,0.32106395539129023,0.01,-1.020367549584754
p359,BTCUSDT,-1,2024-05-24 15:00:00+00:00,67883.7,2024-05-24 17:00:00+00:00,68934.7,signal_reverse,False,69920.211,,False,100.0,1.0,100.0,100.0,0.0014731076826984975,-1.5482361745161208,0.3223223542617742,0.01,-1.860558528777895
p360,BTCUSDT,-1,2024-05-24 23:00:00+00:00,68799.6,2024-05-25 01:00:00+00:00,68625.1,signal_reverse,False,70863.588,,False,100.0,1.0,100.0,100.0,0.0014534968226559456,0.25363519555346253,0.31961954720666985,0.01,-0.055984351653207316
p361,BTCUSDT,-1,2024-05-25 07:00:00+00:00,68674.9,2024-05-25 09:00:00+00:00,69110.5,signal_reverse,False,70735.147,,False,100.0,1.0,100.0,100.0,0.0014561360846539275,-0.6342928784752593,0.3209514393177129,0.01,-0.9452443177929721
p362,BTCUSDT,-1,2024-05-25 15:00:00+00:00,69026.1,2024-05-25 17:00:00+00:00,69068.5,signal_reverse,False,71096.883,,False,100.0,1.0,100.0,100.0,0.001448727365445824,-0.0614260402948945,0.32009213906044237,0.01,-0.3715181793553369
p363,BTCUSDT,-1,2024-05-25 23:00:00+00:00,69137.7,2024-05-26 01:00:00+00:00,69170.1,signal_reverse,False,71211.83099999999,,False,100.0,1.0,100.0,100.0,0.001446388873219676,-0.04686299949233014,0.32007029449923846,0.01,-0.3569332939915686
p364,BTCUSDT,-1,2024-05-26 07:00:00+00:00,69116.0,2024-05-26 09:00:00+00:00,69119.5,signal_reverse,False,71189.48,,False,100.0,1.0,100.0,100.0,0.0014468429885988773,-0.005063950460096071,0.32000759592569017,0.01,-0.3150715463857862
p365,BTCUSDT,-1,2024-05-26 15:00:00+00:00,69302.5,2024-05-26 17:00:00+00:00,68804.1,signal_reverse,False,71381.575,,False,100.0,1.0,100.0,100.0,0.0014429493885501966,0.7191659752534095,0.31892125103711993,0.01,0.4102447242162896
p366,BTCUSDT,-1,2024-05-26 23:00:00+00:00,68552.0,2024-05-27 01:00:00+00:00,69102.5,signal_reverse,False,70608.56,,False,100.0,1.0,100.0,100.0,0.0014587466448827168,-0.8030400280079356,0.3212045600420119,0.01,-1.1142445880499474
p367,BTCUSDT,-1,2024-05-27 07:00:00+00:00,68424.6,2024-05-27 09:00:00+00:00,68611.2,signal_reverse,False,70477.338,,False,100.0,1.0,100.0,100.0,0.0014614626903189788,-0.2727089380135087,0.3204090634070203,0.01,-0.583118001420529
p368,BTCUSDT,-1,2024-05-27 15:00:00+00:00,69555.0,2024-05-27 17:00:00+00:00,70230.2,signal_reverse,False,71641.65,,False,100.0,1.0,100.0,100.0,0.0014377111638271872,-0.9707425778161126,0.32145611386672424,0.01,-1.2821986916828367
p369,BTCUSDT,-1,2024-05-27 23:00:00+00:00,69618.9,2024-05-28 01:00:00+00:00,68632.0,signal_reverse,False,71707.46699999999,,False,100.0,1.0,100.0,100.0,0.0014363915545922157,1.4175748252270493,0.3178736377621595,0.01,1.1097011874648899
p370,BTCUSDT,-1,2024-05-28 07:00:00+00:00,67977.6,2024-05-28 09:00:00+00:00,68337.0,signal_reverse,False,70016.928,,False,100.0,1.0,100.0,100.0,0.0014710728239890787,-0.5287035729416664,0.3207930553594125,0.01,-0.8394966283010789
p371,BTCUSDT,-1,2024-05-28 15:00:00+00:00,67983.4,2024-05-28 17:00:00+00:00,67780.7,signal_reverse,False,70022.90199999999,,False,100.0,1.0,100.0,100.0,0.0014709473194926999,0.298161021661166,0.3195527584675083,0.01,-0.01139173680634232
p372,BTCUSDT,-1,2024-05-28 23:00:00+00:00,68648.1,2024-05-29 01:00:00+00:00,68609.2,signal_reverse,False,70707.543,,False,100.0,1.0,100.0,100.0,0.0014567045555521564,0.056665807210991605,0.31991500128918354,0.01,-0.2532491940781919
p373,BTCUSDT,-1,2024-05-29 07:00:00+00:00,68552.5,2024-05-29 09:00:00+00:00,67928.0,signal_reverse,False,70609.075,,False,100.0,1.0,100.0,100.0,0.0014587360052514496,0.9109806352795303,0.31863352904708075,0.010687,0.6030341062324496
p374,BTCUSDT,-1,2024-05-29 15:00:00+00:00,67661.2,2024-05-29 17:00:00+00:00,67645.9,signal_reverse,False,69691.036,,False,100.0,1.0,100.0,100.0,0.001477951913356547,0.02261266427435947,0.3199660810035885,0.01,-0.287353416729229
p375,BTCUSDT,-1,2024-05-29 23:00:00+00:00,67711.4,2024-05-30 01:00:00+00:00,67831.3,signal_reverse,False,69742.742,,False,100.0,1.0,100.0,100.0,0.0014768561866982518,-0.1770750567851333,0.3202656125851777,0.01,-0.487340669370311
p376,BTCUSDT,-1,2024-05-30 07:00:00+00:00,67860.3,2024-05-30 09:00:00+00:00,67765.9,signal_reverse,False,69896.109,,False,100.0,1.0,100.0,100.0,0.0014736156486192958,0.1391093172296744,0.31979133602415555,0.01,-0.17068201879448114
p377,BTCUSDT,-1,2024-05-30 15:00:00+00:00,68400.1,2024-05-30 17:00:00+00:00,69354.9,signal_reverse,False,70452.103,,False,100.0,1.0,100.0,100.0,0.0014619861666868906,-1.3959043919526262,0.322093856587929,0.01,-1.7079982485405552
p378,BTCUSDT,-1,2024-05-30 23:00:00+00:00,68325.2,2024-05-31 01:00:00+00:00,68438.2,signal_reverse,False,70374.95599999999,,False,100.0,1.0,100.0,100.0,0.0014635888369152231,-0.16538553857142022,0.3202480783078572,0.01,-0.4756336168792774
p379,BTCUSDT,-1,2024-05-31 07:00:00+00:00,68270.1,2024-05-31 09:00:00+00:00,67950.8,signal_reverse,False,70318.20300000001,,False,100.0,1.0,100.0,100.0,0.0014647700823640216,0.46770108729883636,0.3192984483690518,0.01,0.15840263892978457
p380,BTCUSDT,-1,2024-05-31 15:00:00+00:00,67527.1,2024-05-31 17:00:00+00:00,67372.3,signal_reverse,False,69552.913,,False,100.0,1.0,100.0,100.0,0.0014808869328017935,0.22924129719772196,0.31965613805420345,0.01,-0.0804148408564815
p381,BTCUSDT,-1,2024-05-31 23:00:00+00:00,67522.5,2024-06-01 01:00:00+00:00,67579.7,signal_reverse,False,69548.175,,False,100.0,1.0,100.0,100.0,0.0014809878188751897,-0.08471250323965654,0.3201270687548595,0.01,-0.394839571994516
p382,BTCUSDT,-1,2024-06-01 07:00:00+00:00,67725.3,2024-06-01 09:00:00+00:00,67747.8,signal_reverse,False,69757.05900000001,,False,100.0,1.0,100.0,100.0,0.0014765530754385732,-0.0332224441973679,0.32004983366629614,0.01,-0.34327227786366404
p383,BTCUSDT,-1,2024-06-01 15:00:00+00:00,67837.5,2024-06-01 17:00:00+00:00,67809.3,signal_reverse,False,69872.625,,False,100.0,1.0,100.0,100.0,0.0014741109268472453,0.04156992813708803,0.3199376451077944,0.01,-0.2683677169707063
p384,BTCUSDT,-1,2024-06-01 23:00:00+00:00,67797.7,2024-06-02 01:00:00+00:00,67780.7,signal_reverse,False,69831.631,,False,100.0,1.0,100.0,100.0,0.0014749762897561423,0.02507459692585442,0.31996238810461125,0.01,-0.28488779117875684
p385,BTCUSDT,-1,2024-06-02 07:00:00+00:00,67859.1,2024-06-02 09:00:00+00:00,67561.8,signal_reverse,False,69894.873,,False,100.0,1.0,100.0,100.0,0.001473641707597065,0.43811367966861176,0.3193428294804971,0.01,0.12877085018811468
p386,BTCUSDT,-1,2024-06-02 15:00:00+00:00,68272.6,2024-06-02 17:00:00+00:00,67880.0,signal_reverse,False,70320.778,,False,100.0,1.0,100.0,100.0,0.0014647164455433071,0.5750476765203109,0.31913742848521953,0.01,0.26591024803509133
p387,BTCUSDT,-1,2024-06-02 23:00:00+00:00,67940.5,2024-06-03 01:00:00+00:00,68498.2,signal_reverse,False,69978.715,,False,100.0,1.0,100.0,100.0,0.0014718761269051596,-0.8208653159750032,0.32123129797396255,0.01,-1.1320966139489659
p388,BTCUSDT,-1,2024-06-03 07:00:00+00:00,69072.7,2024-06-03 09:00:00+00:00,69028.2,signal_reverse,False,71144.881,,False,100.0,1.0,100.0,100.0,0.0014477499793695628,0.06442487408194554,0.3199033626888771,0.01,-0.24547848860693156
p389,BTCUSDT,-1,2024-06-03 15:00:00+00:00,68804.5,2024-06-03 17:00:00+00:00,69299.7,signal_reverse,False,70868.635,,False,100.0,1.0,100.0,100.0,0.001453393310030594,-0.7197203671271459,0.32107958055069075,0.01,-1.0307999476778367
p390,BTCUSDT,-1,2024-06-03 23:00:00+00:00,69077.9,2024-06-04 01:00:00+00:00,69257.1,signal_reverse,False,71150.237,,False,100.0,1.0,100.0,100.0,0.0014476409966139678,-0.2594172665932399,0.3203891258998899,0.01,-0.5698063924931298
p391,BTCUSDT,-1,2024-06-04 07:00:00+00:00,68950.8,2024-06-04 09:00:00+00:00,68761.5,signal_reverse,False,71019.32400000001,,False,100.0,1.0,100.0,100.0,0.0014503094960464562,0.27454358760159836,0.3195881846185976,0.016250999999999998,-0.028793597016999257
p392,BTCUSDT,-1,2024-06-04 15:00:00+00:00,69684.4,2024-06-04 17:00:00+00:00,70590.1,signal_reverse,False,71774.932,,False,100.0,1.0,100.0,100.0,0.0014350414152952456,-1.2997170098329207,0.32194957551474945,0.01,-1.6116665853476702
p393,BTCUSDT,-1,2024-06-04 23:00:00+00:00,70589.7,2024-06-05 01:00:00+00:00,71016.8,signal_reverse,False,72707.391,,False,100.0,1.0,100.0,100.0,0.0014166372714432842,-0.6050457786334349,0.3209075686679501,0.01,-0.915953347301385
p394,BTCUSDT,-1,2024-06-05 07:00:00+00:00,71159.8,2024-06-05 09:00:00+00:00,70952.2,signal_reverse,False,73294.594,,False,100.0,1.0,100.0,100.0,0.0014052878169977993,0.2917377508087513,0.3195623933737869,0.01104,-0.016784642565035583
p395,BTCUSDT,-1,2024-06-05 15:00:00+00:00,70900.7,2024-06-05 17:00:00+00:00,71671.3,signal_reverse,False,73027.72099999999,,False,100.0,1.0,100.0,100.0,0.0014104233103481348,-1.086872202954281,0.32163030830443146,0.01,-1.3985025112587124
p396,BTCUSDT,-1,2024-06-05 23:00:00+00:00,71169.4,2024-06-06 01:00:00+00:00,71151.8,signal_reverse,False,73304.48199999999,,False,100.0,1.0,100.0,100.0,0.0014050982585212186,0.024729729349961177,0.31996290540597505,0.01,-0.28523317605601384
p397,BTCUSDT,-1,2024-06-06 07:00:00+00:00,70921.9,2024-06-06 09:00:00+00:00,71018.9,signal_reverse,False,73049.557,,False,100.0,1.0,100.0,100.0,0.0014100017061020645,-0.13677016549190027,0.3202051552482379,0.01,-0.4469753207401381
p398,BTCUSDT,-1,2024-06-06 15:00:00+00:00,71500.7,2024-06-06 17:00:00+00:00,71136.9,signal_reverse,False,73645.72099999999,,False,100.0,1.0,100.0,100.0,0.0013985877061343456,0.508806207491679,0.31923679068876254,0.01,0.1995694168029165
p399,BTCUSDT,-1,2024-06-06 23:00:00+00:00,70931.9,2024-06-07 01:00:00+00:00,70875.0,signal_reverse,False,73059.85699999999,,False,100.0,1.0,100.0,100.0,0.0014098029236493032,0.08021778635563714,0.3198796733204666,0.01,-0.22966188696482942
p400,BTCUSDT,-1,2024-06-07 07:00:00+00:00,71315.0,2024-06-07 09:00:00+00:00,71338.6,signal_reverse,False,73454.45,,False,100.0,1.0,100.0,100.0,0.0014022295449765125,-0.033092617261453856,0.3200496389258922,0.01,-0.34314225618734606
p401,BTCUSDT,-1,2024-06-07 15:00:00+00:00,71461.4,2024-06-07 17:00:00+00:00,69839.9,signal_reverse,False,73605.242,,False,100.0,1.0,100.0,100.0,0.0013993568555891714,2.2690571413378415,0.31659641428799323,0.014636,1.9670967270498483
p402,BTCUSDT,-1,2024-06-07 23:00:00+00:00,69545.0,2024-06-08 01:00:00+00:00,69514.6,signal_reverse,False,71631.35,,False,100.0,1.0,100.0,100.0,0.0014379178948882019,0.04371270400459297,0.3199344309439931,0.015014999999999999,-0.2612067269394001
p403,BTCUSDT,-1,2024-06-08 07:00:00+00:00,69373.5,2024-06-08 09:00:00+00:00,69482.2,signal_reverse,False,71454.705,,False,100.0,1.0,100.0,100.0,0.0014414726084167587,-0.15668807253489747,0.32023503210880233,0.01,-0.4669231046436998
p404,BTCUSDT,-1,2024-06-08 15:00:00+00:00,69498.4,2024-06-08 17:00:00+00:00,69478.8,signal_reverse,False,71583.352,,False,100.0,1.0,100.0,100.0,0.0014388820462053803,0.02820208810561289,0.3199576968678416,0.01,-0.2817556087622287
p405,BTCUSDT,-1,2024-06-08 23:00:00+00:00,69358.0,2024-06-09 01:00:00+00:00,69300.0,signal_reverse,False,71438.74,,False,100.0,1.0,100.0,100.0,0.0014417947460999452,0.08362409527379683,0.31987456385708934,0.01,-0.2262504685832925
p406,BTCUSDT,-1,2024-06-09 07:00:00+00:00,69406.1,2024-06-09 09:00:00+00:00,69385.7,signal_reverse,False,71488.28300000001,,False,100.0,1.0,100.0,100.0,0.001440795549670706,0.02939222921329498,0.3199559116561801,0.01,-0.2805636824428851
p407,BTCUSDT,-1,2024-06-09 15:00:00+00:00,69498.1,2024-06-09 17:00:00+00:00,69665.2,signal_reverse,False,71583.043,,False,100.0,1.0,100.0,100.0,0.0014388882573768203,-0.24043822780765411,0.32036065734171154,0.01,-0.5507988851493657
p408,BTCUSDT,-1,2024-06-09 23:00:00+00:00,69640.0,2024-06-10 01:00:00+00:00,69628.2,signal_reverse,False,71729.2,,False,100.0,1.0,100.0,100.0,0.0014359563469270534,0.01694428489374341,0.3199745835726594,0.01,-0.293030298678916
p409,BTCUSDT,-1,2024-06-10 07:00:00+00:00,69436.1,2024-06-10 09:00:00+00:00,69455.4,signal_reverse,False,71519.183,,False,100.0,1.0,100.0,100.0,0.0014401730511938314,-0.02779533988802418,0.3200416930098321,0.01,-0.33783703289785627
p410,BTCUSDT,-1,2024-06-10 15:00:00+00:00,69682.2,2024-06-10 17:00:00+00:00,70032.1,signal_reverse,False,71772.666,,False,100.0,1.0,100.0,100.0,0.001435086722290628,-0.5021368441295033,0.3207532052661942,0.01,-0.8128900493956975
p411,BTCUSDT,-1,2024-06-10 23:00:00+00:00,69492.1,2024-06-11 01:00:00+00:00,68705.5,signal_reverse,False,71576.86300000001,,False,100.0,1.0,100.0,100.0,0.0014390124920674436,1.1319272262602595,0.31830210916060964,0.01,0.8236251170996499
p412,BTCUSDT,-1,2024-06-11 07:00:00+00:00,67674.9,2024-06-11 09:00:00+00:00,67069.9,signal_reverse,False,69705.147,,False,100.0,1.0,100.0,100.0,0.0014776527191026512,0.893979895057104,0.31865903015741437,0.01,0.5853208648996896
p413,BTCUSDT,-1,2024-06-11 15:00:00+00:00,66821.1,2024-06-11 17:00:00+00:00,66746.3,signal_reverse,False,68825.73300000001,,False,100.0,1.0,100.0,100.0,0.0014965332806553618,0.11194068939302541,0.3198320889659105,0.01,-0.19789139957288504
p414,BTCUSDT,-1,2024-06-11 23:00:00+00:00,67320.9,2024-06-12 01:00:00+00:00,67138.6,signal_reverse,False,69340.52699999999,,False,100.0,1.0,100.0,100.0,0.001485422803319623,0.27079257704515,0.3195938111344323,0.002722,-0.04607923408928233
p415,BTCUSDT,-1,2024-06-12 07:00:00+00:00,67241.3,2024-06-12 09:00:00+00:00,67703.5,signal_reverse,False,69258.539,,False,100.0,1.0,100.0,100.0,0.0014871812412906949,-0.6873751697245548,0.32103106275458687,0.0015279999999999998,-1.0068782324791417
p416,BTCUSDT,-1,2024-06-12 15:00:00+00:00,69938.1,2024-06-12 17:00:00+00:00,69779.9,signal_reverse,False,72036.243,,False,100.0,1.0,100.0,100.0,0.0014298358119537132,0.22620002545109408,0.3196606999618234,0.002555,-0.09090567451072931
p417,BTCUSDT,-1,2024-06-12 23:00:00+00:00,68324.7,2024-06-13 01:00:00+00:00,67955.2,signal_reverse,False,70374.44099999999,,False,100.0,1.0,100.0,100.0,0.00146359954745502,0.5408000327846298,0.3191887999508231,0.01,0.23161123283380675
p418,BTCUSDT,-1,2024-06-13 07:00:00+00:00,67490.3,2024-06-13 09:00:00+00:00,67398.9,signal_reverse,False,69515.009,,False,100.0,1.0,100.0,100.0,0.001481694406455446,0.1354268687500407,0.31979685969687494,0.004526,-0.17984399094683423
p419,BTCUSDT,-1,2024-06-13 15:00:00+00:00,67344.7,2024-06-13 17:00:00+00:00,66885.7,signal_reverse,False,69365.041,,False,100.0,1.0,100.0,100.0,0.0014848978464526534,0.6815681115217679,0.31897764783271737,0.004705,0.3672954636890505
p420,BTCUSDT,-1,2024-06-13 23:00:00+00:00,66859.9,2024-06-14 01:00:00+00:00,66767.1,signal_reverse,False,68865.697,,False,100.0,1.0,100.0,100.0,0.00149566481553218,0.1387976948813689,0.31979180345767794,0.002162,-0.17883210857630905
p421,BTCUSDT,-1,2024-06-14 07:00:00+00:00,66935.8,2024-06-14 09:00:00+00:00,66877.4,signal_reverse,False,68943.874,,False,100.0,1.0,100.0,100.0,0.0014939688477615864,0.0872477807092897,0.3198691283289361,0.01,-0.22262134761964641
p422,BTCUSDT,-1,2024-06-14 15:00:00+00:00,66948.9,2024-06-14 17:00:00+00:00,65378.6,signal_reverse,False,68957.367,,False,100.0,1.0,100.0,100.0,0.0014936765204506721,2.345520240063684,0.3164817196399045,0.004866,2.0339045204237793
p423,BTCUSDT,-1,2024-06-14 23:00:00+00:00,65972.6,2024-06-15 01:00:00+00:00,66037.4,signal_reverse,False,67951.778,,False,100.0,1.0,100.0,100.0,0.0015157807938447172,-0.09822259544112003,0.3201473338931617,0.000849,-0.41752092933428175
p424,BTCUSDT,-1,2024-06-15 07:00:00+00:00,66144.1,2024-06-15 09:00:00+00:00,66199.8,signal_reverse,False,68128.42300000001,,False,100.0,1.0,100.0,100.0,0.0015118506412514494,-0.08421008071770134,0.3201263151210766,0.009013,-0.3953233958387779
p425,BTCUSDT,-1,2024-06-15 15:00:00+00:00,66188.4,2024-06-15 17:00:00+00:00,66213.8,signal_reverse,False,68174.052,,False,100.0,1.0,100.0,100.0,0.001510838757244472,-0.03837530443402278,0.32005756295665105,0.002833,-0.35559986739067384
p426,BTCUSDT,-1,2024-06-15 23:00:00+00:00,66178.6,2024-06-16 01:00:00+00:00,66148.4,signal_reverse,False,68163.95800000001,,False,100.0,1.0,100.0,100.0,0.0015110624884781484,0.045634087152057676,0.319931548869272,0.001204,-0.2730934617172143
p427,BTCUSDT,-1,2024-06-16 07:00:00+00:00,66270.9,2024-06-16 09:00:00+00:00,66370.0,signal_reverse,False,68259.02699999999,,False,100.0,1.0,100.0,100.0,0.0015089579287439888,-0.14953773073853807,0.32022430659610784,-0.001968,-0.47173003733464597
p428,BTCUSDT,1,2024-06-16 15:00:00+00:00,66491.2,2024-06-16 17:00:00+00:00,66552.2,signal_reverse,False,64496.464,,False,100.0,1.0,100.0,100.0,0.0015039584185576437,0.09174146353201627,0.32013761219529807,0.002464,-0.2259321486632818
p429,BTCUSDT,1,2024-06-16 23:00:00+00:00,66719.5,2024-06-17 01:00:00+00:00,66443.9,signal_reverse,False,64717.915,,False,100.0,1.0,100.0,100.0,0.0014988121913383644,-0.413072639932862,0.31938039104010074,0.002987,-0.7294660309729627
p430,BTCUSDT,1,2024-06-17 07:00:00+00:00,66099.9,2024-06-17 09:00:00+00:00,65689.5,signal_reverse,False,64116.90299999999,,False,100.0,1.0,100.0,100.0,0.0015128615928314568,-0.620878397698021,0.319068682403453,-0.00041,-0.940357080101474
p431,BTCUSDT,-1,2024-06-17 15:00:00+00:00,65443.3,2024-06-17 17:00:00+00:00,66579.2,signal_reverse,False,67406.599,,False,100.0,1.0,100.0,100.0,0.0015280403035910475,-1.735700980849062,0.3226035514712736,-0.0009860000000000001,-2.0592905323203357
p432,BTCUSDT,1,2024-06-17 23:00:00+00:00,66631.6,2024-06-18 01:00:00+00:00,64632.65200000001,initial_sl,False,64632.65200000001,,False,100.0,1.0,100.0,100.0,0.001500789415232412,-2.9999999999999947,0.3155,-0.00023199999999999997,-3.315731999999995
p433,BTCUSDT,-1,2024-06-18 07:00:00+00:00,65482.4,2024-06-18 09:00:00+00:00,65442.6,signal_reverse,False,67446.872,,False,100.0,1.0,100.0,100.0,0.001527127900015882,0.06077969042063655,0.3199088304643691,0.01,-0.24912914004373254
p434,BTCUSDT,-1,2024-06-18 15:00:00+00:00,64602.6,2024-06-18 17:00:00+00:00,64581.1,signal_reverse,False,66540.678,,False,100.0,1.0,100.0,100.0,0.0015479253156993682,0.033280394287536416,0.31995007940856873,0.006444999999999999,-0.2802246851210323
p435,BTCUSDT,-1,2024-06-18 23:00:00+00:00,65260.9,2024-06-19 01:00:00+00:00,65006.9,signal_reverse,False,67218.727,,False,100.0,1.0,100.0,100.0,0.0015323110775364729,0.3892070136942641,0.3194161894794586,0.01,0.07979082421480548
p436,BTCUSDT,-1,2024-06-19 07:00:00+00:00,65582.1,2024-06-19 09:00:00+00:00,65261.7,signal_reverse,False,67549.56300000001,,False,100.0,1.0,100.0,100.0,0.0015248063114782844,0.4885479421976556,0.3192671780867035,0.007993,0.1772737641109521
p437,BTCUSDT,-1,2024-06-19 15:00:00+00:00,64911.2,2024-06-19 17:00:00+00:00,65057.6,signal_reverse,False,66858.536,,False,100.0,1.0,100.0,100.0,0.0015405661888857395,-0.2255388900528745,0.32033830833507937,0.000173,-0.5457041983879539
p438,BTCUSDT,-1,2024-06-19 23:00:00+00:00,64804.5,2024-06-20 01:00:00+00:00,65151.1,signal_reverse,False,66748.635,,False,100.0,1.0,100.0,100.0,0.0015431027166323327,-0.5348394015847643,0.3208022591023772,0.008409,-0.8472326606871415
p439,BTCUSDT,-1,2024-06-20 07:00:00+00:00,65442.2,2024-06-20 09:00:00+00:00,65695.7,signal_reverse,False,67405.466,,False,100.0,1.0,100.0,100.0,0.001528065988001626,-0.38736472795841215,0.32058104709193763,0.01,-0.6979457750503497
p440,BTCUSDT,-1,2024-06-20 15:00:00+00:00,64940.0,2024-06-20 17:00:00+00:00,64955.0,signal_reverse,False,66888.2,,False,100.0,1.0,100.0,100.0,0.001539882968894364,-0.02309824453341546,0.3200346473668001,0.01,-0.33313289190021556
p441,BTCUSDT,-1,2024-06-20 23:00:00+00:00,64957.1,2024-06-21 01:00:00+00:00,64962.5,signal_reverse,False,66905.813,,False,100.0,1.0,100.0,100.0,0.0015394775936733629,-0.0083131790058384,0.3200124697685088,0.007600000000000001,-0.32072564877434717
p442,BTCUSDT,-1,2024-06-21 07:00:00+00:00,64596.1,2024-06-21 09:00:00+00:00,64064.0,signal_reverse,False,66533.983,,False,100.0,1.0,100.0,100.0,0.0015480810761021176,0.8237339405939346,0.31876439908910914,-0.000157,0.5048125415048255
p443,BTCUSDT,1,2024-06-21 15:00:00+00:00,64200.4,2024-06-21 17:00:00+00:00,63641.8,signal_reverse,False,62274.388,,False,100.0,1.0,100.0,100.0,0.0015576226939396016,-0.8700880368346592,0.31869486794474805,0.003133,-1.1856499047794071
p444,BTCUSDT,1,2024-06-21 23:00:00+00:00,64134.8,2024-06-22 01:00:00+00:00,64111.2,signal_reverse,False,62210.756,,False,100.0,1.0,100.0,100.0,0.00155921590150745,-0.036797495275584895,0.31994480375708667,-0.009131,-0.3658732990326716
p445,BTCUSDT,-1,2024-06-22 07:00:00+00:00,64386.9,2024-06-22 09:00:00+00:00,64290.4,signal_reverse,False,66318.507,,False,100.0,1.0,100.0,100.0,0.001553110958906237,0.14987520753445188,0.31977518718869835,-0.007713,-0.17761297965424647
p446,BTCUSDT,1,2024-06-22 15:00:00+00:00,64255.5,2024-06-22 17:00:00+00:00,64227.9,signal_reverse,False,62327.835,,False,100.0,1.0,100.0,100.0,0.0015562870104504673,-0.04295352148843063,0.3199355697177674,-0.0013750000000000001,-0.364264091206198
p447,BTCUSDT,-1,2024-06-22 23:00:00+00:00,64282.0,2024-06-23 01:00:00+00:00,64424.2,signal_reverse,False,66210.46,,False,100.0,1.0,100.0,100.0,0.0015556454372919325,-0.22121278118290827,0.3203318191717744,0.001361,-0.5401836003546827
p448,BTCUSDT,-1,2024-06-23 07:00:00+00:00,64346.0,2024-06-23 09:00:00+00:00,64380.0,signal_reverse,False,66276.38,,False,100.0,1.0,100.0,100.0,0.001554098156839586,-0.05283933733254593,0.3200792590059989,-0.0029130000000000002,-0.3758315963385448
p449,BTCUSDT,1,2024-06-23 15:00:00+00:00,64163.6,2024-06-23 17:00:00+00:00,64090.1,signal_reverse,False,62238.691999999995,,False,100.0,1.0,100.0,100.0,0.0015585160433641504,-0.11455092918726506,0.3198281736062191,-0.0032990000000000003,-0.4376781027934842
p450,BTCUSDT,-1,2024-06-23 23:00:00+00:00,63630.9,2024-06-24 01:00:00+00:00,63275.1,signal_reverse,False,65539.827,,False,100.0,1.0,100.0,100.0,0.0015715635013806184,0.5591622937912286,0.3191612565593132,0.001505,0.2415060372319154
p451,BTCUSDT,-1,2024-06-24 07:00:00+00:00,62360.0,2024-06-24 09:00:00+00:00,61350.0,signal_reverse,False,64230.8,,False,100.0,1.0,100.0,100.0,0.001603592046183451,1.6196279666452855,0.3175705580500321,-0.0069770000000000006,1.2950804085952534
p452,BTCUSDT,1,2024-06-24 15:00:00+00:00,61264.9,2024-06-24 17:00:00+00:00,60229.9,signal_reverse,False,59426.953,,False,100.0,1.0,100.0,100.0,0.001632255989971419,-1.6893849496204187,0.3174659225755694,0.01414,-1.9927108721959883
p453,BTCUSDT,1,2024-06-24 23:00:00+00:00,60010.7,2024-06-25 01:00:00+00:00,60460.6,signal_reverse,False,58210.379,,False,100.0,1.0,100.0,100.0,0.0016663694974396234,0.7496996368980889,0.32112454945534713,0.011859999999999999,0.4404350874427418
p454,BTCUSDT,1,2024-06-25 07:00:00+00:00,61113.1,2024-06-25 09:00:00+00:00,61452.9,signal_reverse,False,59279.707,,False,100.0,1.0,100.0,100.0,0.00163631038189848,0.5560182677691082,0.3208340274016537,0.008286,0.24347024036745454
p455,BTCUSDT,1,2024-06-25 15:00:00+00:00,61722.3,2024-06-25 17:00:00+00:00,61353.1,signal_reverse,False,59870.631,,False,100.0,1.0,100.0,100.0,0.0016201599745958915,-0.5981630626208102,0.3191027554060688,0.002683,-0.914582818026879
p456,BTCUSDT,1,2024-06-25 23:00:00+00:00,61873.9,2024-06-26 01:00:00+00:00,62048.6,signal_reverse,False,60017.683000000005,,False,100.0,1.0,100.0,100.0,0.0016161903484344772,0.2823484538714985,0.32042352268080726,0.012635,-0.025440068809308776
p457,BTCUSDT,1,2024-06-26 07:00:00+00:00,61548.2,2024-06-26 09:00:00+00:00,61340.0,signal_reverse,False,59701.754,,False,100.0,1.0,100.0,100.0,0.0016247428844385376,-0.3382714685400988,0.3194925927971899,0.009366,-0.6483980613372887
p458,BTCUSDT,1,2024-06-26 15:00:00+00:00,61690.0,2024-06-26 17:00:00+00:00,61202.1,signal_reverse,False,59839.3,,False,100.0,1.0,100.0,100.0,0.0016210082671421625,-0.7908899335386634,0.31881366509969206,0.006612,-1.1030915986383554
p459,BTCUSDT,1,2024-06-26 23:00:00+00:00,60893.8,2024-06-27 01:00:00+00:00,61033.8,signal_reverse,False,59066.986000000004,,False,100.0,1.0,100.0,100.0,0.001642203311338757,0.22990846358742598,0.3203448626953812,0.0035259999999999996,-0.08691039910795523
p460,BTCUSDT,1,2024-06-27 07:00:00+00:00,60712.5,2024-06-27 09:00:00+00:00,61265.2,signal_reverse,False,58891.125,,False,100.0,1.0,100.0,100.0,0.0016471072678608193,0.9103561869466701,0.32136553428042003,-0.004902,0.5840886526662501
p461,BTCUSDT,-1,2024-06-27 15:00:00+00:00,61713.8,2024-06-27 17:00:00+00:00,61807.1,signal_reverse,False,63565.214,,False,100.0,1.0,100.0,100.0,0.0016203831233856931,-0.1511817454118781,0.3202267726181178,0.008267,-0.4631415180299959
p462,BTCUSDT,-1,2024-06-27 23:00:00+00:00,61609.7,2024-06-28 01:00:00+00:00,62068.7,signal_reverse,False,63457.990999999995,,False,100.0,1.0,100.0,100.0,0.0016231210345124226,-0.745012554841202,0.3211175188322618,0.003226,-1.0629040736734638
p463,BTCUSDT,-1,2024-06-28 07:00:00+00:00,61599.0,2024-06-28 09:00:00+00:00,61517.4,signal_reverse,False,63446.97,,False,100.0,1.0,100.0,100.0,0.0016234029773210604,0.13246968294939615,0.31980129547557595,0.002455,-0.1848766125261798
p464,BTCUSDT,-1,2024-06-28 15:00:00+00:00,60881.3,2024-06-28 17:00:00+00:00,60790.0,signal_reverse,False,62707.739,,False,100.0,1.0,100.0,100.0,0.001642540484516592,0.14996394623636963,0.3197750540806455,-0.002545,-0.17235610784427585
p465,BTCUSDT,1,2024-06-28 23:00:00+00:00,60345.5,2024-06-29 01:00:00+00:00,60851.4,signal_reverse,False,58535.135,,False,100.0,1.0,100.0,100.0,0.0016571243920424886,0.8383392299342974,0.32125750884490145,-0.01,0.507081721089396
p466,BTCUSDT,-1,2024-06-29 07:00:00+00:00,60806.2,2024-06-29 09:00:00+00:00,60950.9,signal_reverse,False,62630.386,,False,100.0,1.0,100.0,100.0,0.0016445691393311868,-0.2379691544612299,0.3203569537316919,-0.01494,-0.5732661081929218
p467,BTCUSDT,1,2024-06-29 15:00:00+00:00,60989.8,2024-06-29 17:00:00+00:00,61004.3,signal_reverse,False,59160.106,,False,100.0,1.0,100.0,100.0,0.0016396184279994358,0.023774467205991818,0.320035661700809,-0.005126,-0.3013871944948172
p468,BTCUSDT,-1,2024-06-29 23:00:00+00:00,60933.8,2024-06-30 01:00:00+00:00,60919.8,signal_reverse,False,62761.814000000006,,False,100.0,1.0,100.0,100.0,0.0016411252867866437,0.022975754015013013,0.3199655363689775,-0.005869999999999999,-0.3028597823539645
p469,BTCUSDT,1,2024-06-30 07:00:00+00:00,60995.3,2024-06-30 09:00:00+00:00,61489.1,signal_reverse,False,59165.441000000006,,False,100.0,1.0,100.0,100.0,0.001639470582159609,0.8095705734704077,0.32121435586020564,0.0063349999999999995,0.49469121761020207
p470,BTCUSDT,1,2024-06-30 15:00:00+00:00,61542.7,2024-06-30 17:00:00+00:00,61671.3,signal_reverse,False,59696.418999999994,,False,100.0,1.0,100.0,100.0,0.0016248880858330884,0.20896060783814463,0.32031344091175723,0.014348,-0.0970048330736126
p471,BTCUSDT,1,2024-06-30 23:00:00+00:00,62874.6,2024-07-01 01:00:00+00:00,63611.8,signal_reverse,False,60988.362,,False,100.0,1.0,100.0,100.0,0.001590467374742742,1.1724925486603563,0.32175873882299055,0.001829,0.8525628098373658
p472,BTCUSDT,1,2024-07-01 07:00:00+00:00,63370.8,2024-07-01 09:00:00+00:00,62910.8,signal_reverse,False,61469.676,,False,100.0,1.0,100.0,100.0,0.0015780138486495357,-0.7258863703787864,0.31891117044443185,0.011856,-1.032941540823218
p473,BTCUSDT,1,2024-07-01 15:00:00+00:00,62794.5,2024-07-01 17:00:00+00:00,63671.3,signal_reverse,False,60910.665,,False,100.0,1.0,100.0,100.0,0.0015924961581030186,1.3963006314247313,0.3220944509471372,0.003625,1.077831180477594
p474,BTCUSDT,1,2024-07-01 23:00:00+00:00,62940.1,2024-07-02 01:00:00+00:00,62896.2,signal_reverse,False,61051.897,,False,100.0,1.0,100.0,100.0,0.0015888122198725455,-0.06974885645240705,0.3198953767153214,0.0066099999999999996,-0.38303423316772844
p475,BTCUSDT,1,2024-07-02 07:00:00+00:00,62838.5,2024-07-02 09:00:00+00:00,62628.8,signal_reverse,False,60953.345,,False,100.0,1.0,100.0,100.0,0.001591381080070339,-0.33371261249074546,0.3194994310812639,0.000581,-0.6526310435720093
p476,BTCUSDT,1,2024-07-02 15:00:00+00:00,62011.4,2024-07-02 17:00:00+00:00,62135.7,signal_reverse,False,60151.058000000005,,False,100.0,1.0,100.0,100.0,0.0016126067142493154,0.20044701458118286,0.32030067052187183,-0.005178,-0.12503165594068896
p477,BTCUSDT,-1,2024-07-02 23:00:00+00:00,62057.7,2024-07-03 01:00:00+00:00,61598.2,signal_reverse,False,63919.431,,False,100.0,1.0,100.0,100.0,0.0016114035808610374,0.7404399454056467,0.31888934008189157,0.004183,0.42573360532375515
p478,BTCUSDT,-1,2024-07-03 07:00:00+00:00,60984.1,2024-07-03 09:00:00+00:00,60580.1,signal_reverse,False,62813.623,,False,100.0,1.0,100.0,100.0,0.0016397716781915287,0.6624677579893776,0.3190062983630159,0.0033380000000000003,0.3467994596263617
p479,BTCUSDT,-1,2024-07-03 15:00:00+00:00,60245.2,2024-07-03 17:00:00+00:00,60337.6,signal_reverse,False,62052.556,,False,100.0,1.0,100.0,100.0,0.0016598832770079609,-0.153373214795538,0.3202300598221933,-0.002314,-0.4759172746177313
p480,BTCUSDT,1,2024-07-03 23:00:00+00:00,60295.1,2024-07-04 01:00:00+00:00,58486.246999999996,initial_sl,False,58486.246999999996,,False,100.0,1.0,100.0,100.0,0.0016585095637953998,-3.000000000000005,0.3155,-0.005803,-3.321303000000005
p481,BTCUSDT,-1,2024-07-04 07:00:00+00:00,58774.1,2024-07-04 09:00:00+00:00,57715.1,signal_reverse,False,60537.323,,False,100.0,1.0,100.0,100.0,0.0017014297113864781,1.8018140643582803,0.3172972789034626,0.003251,1.4877677854548177
p482,BTCUSDT,-1,2024-07-04 15:00:00+00:00,57420.1,2024-07-04 17:00:00+00:00,58223.6,signal_reverse,False,59142.703,,False,100.0,1.0,100.0,100.0,0.001741550432688205,-1.3993357726649727,0.32209900365899746,-0.002617,-1.7240517763239702
p483,BTCUSDT,1,2024-07-04 23:00:00+00:00,58008.3,2024-07-05 01:00:00+00:00,57143.4,signal_reverse,False,56268.051,,False,100.0,1.0,100.0,100.0,0.0017238912362541221,-1.4909935302361927,0.31776350970464573,-0.004545,-1.8133020399408386
p484,BTCUSDT,-1,2024-07-05 07:00:00+00:00,54268.9,2024-07-05 09:00:00+00:00,54511.5,signal_reverse,False,55896.967000000004,,False,100.0,1.0,100.0,100.0,0.0018426760078055755,-0.44703319949362996,0.3206705497992405,0.01,-0.7577037492928704
p485,BTCUSDT,-1,2024-07-05 15:00:00+00:00,55724.8,2024-07-05 17:00:00+00:00,56431.1,signal_reverse,False,57396.544,,False,100.0,1.0,100.0,100.0,0.0017945331342597909,-1.2674787527276825,0.32190121812909156,0.001577,-1.5878029708567742
p486,BTCUSDT,-1,2024-07-05 23:00:00+00:00,56594.3,2024-07-06 01:00:00+00:00,56188.6,signal_reverse,False,58292.129,,False,100.0,1.0,100.0,100.0,0.0017669623972732236,0.7168566445737545,0.31892471503313935,-0.0012150000000000002,0.39671692954061516
p487,BTCUSDT,1,2024-07-06 07:00:00+00:00,56383.4,2024-07-06 09:00:00+00:00,56739.2,signal_reverse,False,54691.898,,False,100.0,1.0,100.0,100.0,0.001773571654068396,0.6310367945175276,0.32094655519177634,-0.007586,0.30250423932575127
p488,BTCUSDT,-1,2024-07-06 15:00:00+00:00,57033.9,2024-07-06 17:00:00+00:00,57932.0,signal_reverse,False,58744.917,,False,100.0,1.0,100.0,100.0,0.001753343187122045,-1.574677516354306,0.3223620162745315,0.005275,-1.8917645326288377
p489,BTCUSDT,-1,2024-07-06 23:00:00+00:00,58070.1,2024-07-07 01:00:00+00:00,58085.7,signal_reverse,False,59812.203,,False,100.0,1.0,100.0,100.0,0.0017220566177774794,-0.026864083237326173,0.320040296124856,-0.005467,-0.3523713793621822
p490,BTCUSDT,1,2024-07-07 07:00:00+00:00,57632.7,2024-07-07 09:00:00+00:00,57718.0,signal_reverse,False,55903.719,,False,100.0,1.0,100.0,100.0,0.0017351260655842952,0.14800625339434542,0.32022200938009154,-0.01,-0.18221575598574613
p491,BTCUSDT,-1,2024-07-07 15:00:00+00:00,56742.4,2024-07-07 17:00:00+00:00,57210.0,signal_reverse,False,58444.672,,False,100.0,1.0,100.0,100.0,0.0017623505526731334,-0.8240751184299546,0.32123611267764496,0.005711,-1.1396002311075997
p492,BTCUSDT,-1,2024-07-07 23:00:00+00:00,56364.4,2024-07-08 01:00:00+00:00,54927.6,signal_reverse,False,58055.332,,False,100.0,1.0,100.0,100.0,0.001774169511251783,2.549126753766567,0.3161763098693502,-0.002263,2.230687443897217
p493,BTCUSDT,1,2024-07-08 07:00:00+00:00,55614.1,2024-07-08 09:00:00+00:00,57508.0,signal_reverse,False,53945.676999999996,,False,100.0,1.0,100.0,100.0,0.0017981051567857792,3.4054313564365897,0.32510814703465496,-0.008711,3.071612209401935
p494,BTCUSDT,-1,2024-07-08 15:00:00+00:00,56160.3,2024-07-08 17:00:00+00:00,56255.7,signal_reverse,False,57845.109000000004,,False,100.0,1.0,100.0,100.0,0.001780617268782396,-0.1698708874418302,0.32025480633116277,0.01,-0.48012569377299297
p495,BTCUSDT,-1,2024-07-08 23:00:00+00:00,56666.5,2024-07-09 01:00:00+00:00,56539.1,signal_reverse,False,58366.495,,False,100.0,1.0,100.0,100.0,0.0017647110726796255,0.22482419065938686,0.3196627637140109,0.008992,-0.08584657305462406
p496,BTCUSDT,-1,2024-07-09 07:00:00+00:00,57452.2,2024-07-09 09:00:00+00:00,57560.3,signal_reverse,False,59175.765999999996,,False,100.0,1.0,100.0,100.0,0.00174057738432993,-0.18815641524607557,0.3202822346228691,0.01,-0.4984386498689446
p497,BTCUSDT,-1,2024-07-09 15:00:00+00:00,57026.8,2024-07-09 17:00:00+00:00,57503.9,signal_reverse,False,58737.60400000001,,False,100.0,1.0,100.0,100.0,0.00175356148337273,-0.8366241837171269,0.32125493627557566,0.01,-1.1478791199927025
p498,BTCUSDT,-1,2024-07-09 23:00:00+00:00,57913.9,2024-07-10 01:00:00+00:00,57778.7,signal_reverse,False,59651.317,,False,100.0,1.0,100.0,100.0,0.001726701189179109,0.23345000077702308,0.3196498249988345,0.01,-0.07619982422181142
p499,BTCUSDT,-1,2024-07-10 07:00:00+00:00,59207.4,2024-07-10 09:00:00+00:00,58468.4,signal_reverse,False,60983.622,,False,100.0,1.0,100.0,100.0,0.0016889780669308227,1.248154791461878,0.31812776781280716,0.003915999999999999,0.9339430236490709
p500,BTCUSDT,-1,2024-07-10 15:00:00+00:00,57685.2,2024-07-10 17:00:00+00:00,57610.6,signal_reverse,False,59415.755999999994,,False,100.0,1.0,100.0,100.0,0.0017335469063121912,0.12932259921088693,0.3198060161011837,0.01,-0.18048341689029676
p501,BTCUSDT,-1,2024-07-10 23:00:00+00:00,57685.7,2024-07-11 01:00:00+00:00,58253.9,signal_reverse,False,59416.27099999999,,False,100.0,1.0,100.0,100.0,0.0017335318805180488,-0.9849928145103629,0.32147748922176556,0.01,-1.2964703037321283
p502,BTCUSDT,-1,2024-07-11 07:00:00+00:00,57967.0,2024-07-11 09:00:00+00:00,58261.5,signal_reverse,False,59706.01,,False,100.0,1.0,100.0,100.0,0.0017251194645229182,-0.5080476823019994,0.32076207152345304,0.00413,-0.8246797538254524
p503,BTCUSDT,-1,2024-07-11 15:00:00+00:00,57762.0,2024-07-11 17:00:00+00:00,57777.9,signal_reverse,False,59494.86,,False,100.0,1.0,100.0,100.0,0.0017312419930057823,-0.02752674768879446,0.3200412901215332,0.000784,-0.3467840378103277
p504,BTCUSDT,-1,2024-07-11 23:00:00+00:00,57322.0,2024-07-12 01:00:00+00:00,56914.5,signal_reverse,False,59041.66,,False,100.0,1.0,100.0,100.0,0.0017445308956421618,0.7108963399741809,0.31893365549003877,0.01,0.40196268448414213
p505,BTCUSDT,-1,2024-07-12 07:00:00+00:00,57189.7,2024-07-12 09:00:00+00:00,56932.4,signal_reverse,False,58905.390999999996,,False,100.0,1.0,100.0,100.0,0.0017485666125193872,0.44990618940123067,0.3193251407158982,0.004673,0.1352540486853325
p506,BTCUSDT,-1,2024-07-12 15:00:00+00:00,57788.0,2024-07-12 17:00:00+00:00,58141.3,signal_reverse,False,59521.64,,False,100.0,1.0,100.0,100.0,0.0017304630719180453,-0.6113726033086504,0.320917058904963,-0.003418,-0.9357076622136135
p507,BTCUSDT,1,2024-07-12 23:00:00+00:00,57750.0,2024-07-13 01:00:00+00:00,57857.7,signal_reverse,False,56017.5,,False,100.0,1.0,100.0,100.0,0.0017316017316017316,0.18649350649350147,0.32027974025974026,0.000164,-0.1336222337662388
p508,BTCUSDT,1,2024-07-13 07:00:00+00:00,58013.6,2024-07-13 09:00:00+00:00,58643.9,signal_reverse,False,56273.191999999995,,False,100.0,1.0,100.0,100.0,0.0017237337451907829,1.0864693795937554,0.3216297040693907,-9.8e-05,0.7647416755243647
p509,BTCUSDT,-1,2024-07-13 15:00:00+00:00,58777.9,2024-07-13 17:00:00+00:00,58682.2,signal_reverse,False,60541.237,,False,100.0,1.0,100.0,100.0,0.0017013197137019185,0.16281629660128102,0.31975577555509815,0.00782,-0.14911947895381714
p510,BTCUSDT,-1,2024-07-13 23:00:00+00:00,59457.1,2024-07-14 01:00:00+00:00,59695.8,signal_reverse,False,61240.813,,False,100.0,1.0,100.0,100.0,0.0016818849220698621,-0.4014659308980834,0.3206021988963471,0.005461,-0.7166071297944304
p511,BTCUSDT,-1,2024-07-14 07:00:00+00:00,59853.0,2024-07-14 09:00:00+00:00,60158.8,signal_reverse,False,61648.59,,False,100.0,1.0,100.0,100.0,0.0016707600287370725,-0.5109184167878016,0.32076637762518173,0.01,-0.8216847944129833
p512,BTCUSDT,-1,2024-07-14 15:00:00+00:00,59991.6,2024-07-14 17:00:00+00:00,59980.0,signal_reverse,False,61791.348,,False,100.0,1.0,100.0,100.0,0.0016669000326712407,0.019336040378983968,0.31997099593943157,0.0027429999999999998,-0.2978919555604476
p513,BTCUSDT,-1,2024-07-14 23:00:00+00:00,60819.0,2024-07-15 01:00:00+00:00,61370.6,signal_reverse,False,62643.57,,False,100.0,1.0,100.0,100.0,0.0016442230224107599,-0.9069534191617727,0.3213604301287427,0.000134,-1.2281798492905154
p514,BTCUSDT,-1,2024-07-15 07:00:00+00:00,62841.4,2024-07-15 09:00:00+00:00,62632.1,signal_reverse,False,64726.642,,False,100.0,1.0,100.0,100.0,0.0015913076411410312,0.3330606892908225,0.3195004089660638,-0.0004930000000000001,0.0130672803247587
p515,BTCUSDT,1,2024-07-15 15:00:00+00:00,63200.6,2024-07-15 17:00:00+00:00,63027.3,signal_reverse,False,61304.582,,False,100.0,1.0,100.0,100.0,0.0015822634595241184,-0.2742062575355228,0.3195886906136967,-0.01,-0.6037949481492195
p516,BTCUSDT,-1,2024-07-15 23:00:00+00:00,64302.6,2024-07-16 01:00:00+00:00,64820.6,signal_reverse,False,66231.678,,False,100.0,1.0,100.0,100.0,0.0015551470702584345,-0.805566182393869,0.3212083492735908,-0.004633,-1.1314075316674599
p517,BTCUSDT,1,2024-07-16 07:00:00+00:00,62899.6,2024-07-16 09:00:00+00:00,63162.0,signal_reverse,False,61012.612,,False,100.0,1.0,100.0,100.0,0.001589835229476817,0.4171727642147191,0.3206257591463221,-0.01,0.08654700506839703
p518,BTCUSDT,-1,2024-07-16 15:00:00+00:00,63810.5,2024-07-16 17:00:00+00:00,64517.6,signal_reverse,False,65724.815,,False,100.0,1.0,100.0,100.0,0.0015671402041983686,-1.1081248383886642,0.321662187257583,0.01,-1.419787025646247
p519,BTCUSDT,-1,2024-07-16 23:00:00+00:00,64591.9,2024-07-17 01:00:00+00:00,65642.0,signal_reverse,False,66529.657,,False,100.0,1.0,100.0,100.0,0.0015481817379578554,-1.6257456430295418,0.3224386184645443,0.008038,-1.940146261494086
p520,BTCUSDT,-1,2024-07-17 07:00:00+00:00,65550.1,2024-07-17 09:00:00+00:00,65294.8,signal_reverse,False,67516.603,,False,100.0,1.0,100.0,100.0,0.0015255506856587556,0.38947309004868474,0.319415790364927,0.01,0.08005729968375773
p521,BTCUSDT,-1,2024-07-17 15:00:00+00:00,65000.0,2024-07-17 17:00:00+00:00,64249.9,signal_reverse,False,66950.0,,False,100.0,1.0,100.0,100.0,0.0015384615384615385,1.1539999999999977,0.318269,-0.001974,0.8337569999999976
p522,BTCUSDT,1,2024-07-17 23:00:00+00:00,64230.8,2024-07-18 01:00:00+00:00,64646.4,signal_reverse,False,62303.876000000004,,False,100.0,1.0,100.0,100.0,0.0015568854817315056,0.6470416062076115,0.32097056240931143,-0.000266,0.3258050437983001
p523,BTCUSDT,-1,2024-07-18 07:00:00+00:00,64970.2,2024-07-18 09:00:00+00:00,64827.7,signal_reverse,False,66919.306,,False,100.0,1.0,100.0,100.0,0.001539167187418232,0.21933132420709806,0.3196710030136894,0.005085,-0.09525467880659133
p524,BTCUSDT,-1,2024-07-18 15:00:00+00:00,63967.7,2024-07-18 17:00:00+00:00,63534.7,signal_reverse,False,65886.731,,False,100.0,1.0,100.0,100.0,0.0015632889724032598,0.6769041250506115,0.3189846438124241,0.00133,0.3592494812381874
p525,BTCUSDT,-1,2024-07-18 23:00:00+00:00,64001.0,2024-07-19 01:00:00+00:00,63797.5,signal_reverse,False,65921.03,,False,100.0,1.0,100.0,100.0,0.0015624755863189637,0.3179637818159091,0.3195230543272761,0.009438,0.007878727488632995
p526,BTCUSDT,-1,2024-07-19 07:00:00+00:00,64195.3,2024-07-19 09:00:00+00:00,63665.4,signal_reverse,False,66121.159,,False,100.0,1.0,100.0,100.0,0.001557746439381076,0.8254498382280344,0.31876182524265795,0.01,0.5166880129853765
p527,BTCUSDT,-1,2024-07-19 15:00:00+00:00,65731.9,2024-07-19 17:00:00+00:00,66742.5,signal_reverse,False,67703.85699999999,,False,100.0,1.0,100.0,100.0,0.0015213313474888145,-1.5374574597722048,0.3223061861896583,0.01,-1.8497636459618632
p528,BTCUSDT,-1,2024-07-19 23:00:00+00:00,66696.2,2024-07-20 01:00:00+00:00,66339.9,signal_reverse,False,68697.086,,False,100.0,1.0,100.0,100.0,0.0014993357942431503,0.5342133434888388,0.31919867998476675,0.009501,0.224515663504072
p529,BTCUSDT,-1,2024-07-20 07:00:00+00:00,66597.1,2024-07-20 09:00:00+00:00,66555.0,signal_reverse,False,68595.013,,False,100.0,1.0,100.0,100.0,0.001501566885044544,0.06321596586038404,0.31990517605120944,0.0049499999999999995,-0.2517392101908254
p530,BTCUSDT,-1,2024-07-20 15:00:00+00:00,66558.1,2024-07-20 17:00:00+00:00,67372.8,signal_reverse,False,68554.84300000001,,False,100.0,1.0,100.0,100.0,0.0015024467345071447,-1.2240433546029665,0.3218360650319045,0.0038970000000000003,-1.541982419634871
p531,BTCUSDT,-1,2024-07-20 23:00:00+00:00,67080.4,2024-07-21 01:00:00+00:00,67256.1,signal_reverse,False,69092.81199999999,,False,100.0,1.0,100.0,100.0,0.0014907484153344347,-0.2619244965742775,0.32039288674486144,0.008307,-0.574010383319139
p532,BTCUSDT,-1,2024-07-21 07:00:00+00:00,66696.1,2024-07-21 09:00:00+00:00,66940.5,signal_reverse,False,68696.98300000001,,False,100.0,1.0,100.0,100.0,0.0014993380422543446,-0.3664382175269531,0.3205496573262905,0.006724,-0.6802638748532437
p533,BTCUSDT,-1,2024-07-21 15:00:00+00:00,67259.1,2024-07-21 17:00:00+00:00,66608.0,signal_reverse,False,69276.873,,False,100.0,1.0,100.0,100.0,0.0014867876614465551,0.9680474463678607,0.31854792883044825,0.01,0.6594995175374124
p534,BTCUSDT,-1,2024-07-21 23:00:00+00:00,67988.9,2024-07-22 01:00:00+00:00,67820.9,signal_reverse,False,70028.567,,False,100.0,1.0,100.0,100.0,0.0014708283263885724,0.24709915883328015,0.3196293512617501,0.01,-0.06253019242846998
p535,BTCUSDT,-1,2024-07-22 07:00:00+00:00,67390.0,2024-07-22 09:00:00+00:00,67397.7,signal_reverse,False,69411.7,,False,100.0,1.0,100.0,100.0,0.0014838996883810654,-0.011426027600529885,0.3200171390414008,0.01,-0.3214431666419307
p536,BTCUSDT,-1,2024-07-22 15:00:00+00:00,66700.0,2024-07-22 17:00:00+00:00,67441.5,signal_reverse,False,68701.0,,False,100.0,1.0,100.0,100.0,0.0014992503748125937,-1.1116941529235382,0.32166754122938535,0.01,-1.4233616941529237
p537,BTCUSDT,-1,2024-07-22 23:00:00+00:00,67612.3,2024-07-23 01:00:00+00:00,67375.3,signal_reverse,False,69640.66900000001,,False,100.0,1.0,100.0,100.0,0.0014790208290503355,0.3505279364849295,0.3194742080952726,0.005306,0.03635972838965692
p538,BTCUSDT,-1,2024-07-23 07:00:00+00:00,66503.0,2024-07-23 09:00:00+00:00,66902.6,signal_reverse,False,68498.09,,False,100.0,1.0,100.0,100.0,0.0015036915627866412,-0.6008751484895506,0.32090131272273437,0.01,-0.911776461212285
p539,BTCUSDT,-1,2024-07-23 15:00:00+00:00,67205.0,2024-07-23 17:00:00+00:00,65901.6,signal_reverse,False,69221.15,,False,100.0,1.0,100.0,100.0,0.0014879845249609403,1.939439029834081,0.3170908414552489,0.003978000000000001,1.626326188378832
p540,BTCUSDT,-1,2024-07-23 23:00:00+00:00,65900.0,2024-07-24 01:00:00+00:00,65650.0,signal_reverse,False,67877.0,,False,100.0,1.0,100.0,100.0,0.0015174506828528073,0.37936267071320184,0.31943095599393023,0.01,0.0699317147192716
p541,BTCUSDT,-1,2024-07-24 07:00:00+00:00,65873.5,2024-07-24 09:00:00+00:00,66393.7,signal_reverse,False,67849.705,,False,100.0,1.0,100.0,100.0,0.0015180611323217985,-0.7896954010337952,0.3211845431015507,0.01,-1.1008799441353458
p542,BTCUSDT,-1,2024-07-24 15:00:00+00:00,66748.4,2024-07-24 17:00:00+00:00,66571.5,signal_reverse,False,68750.852,,False,100.0,1.0,100.0,100.0,0.001498163251853228,0.2650250792528273,0.3196024623811207,0.01,-0.04457738312829341
p543,BTCUSDT,-1,2024-07-24 23:00:00+00:00,65272.5,2024-07-25 01:00:00+00:00,64467.8,signal_reverse,False,67230.675,,False,100.0,1.0,100.0,100.0,0.0015320387605806426,1.2328315906392386,0.31815075261404113,0.01,0.9246808380251975
p544,BTCUSDT,-1,2024-07-25 07:00:00+00:00,64303.6,2024-07-25 09:00:00+00:00,64290.6,signal_reverse,False,66232.708,,False,100.0,1.0,100.0,100.0,0.0015551228858104369,0.02021659751553568,0.31996967510372676,0.01,-0.2897530775881911
p545,BTCUSDT,-1,2024-07-25 15:00:00+00:00,64811.4,2024-07-25 17:00:00+00:00,65009.8,signal_reverse,False,66755.742,,False,100.0,1.0,100.0,100.0,0.0015429384336706196,-0.30611898524025316,0.3204591784778604,0.01,-0.6165781637181136
p546,BTCUSDT,-1,2024-07-25 23:00:00+00:00,65612.2,2024-07-26 01:00:00+00:00,66400.0,signal_reverse,False,67580.56599999999,,False,100.0,1.0,100.0,100.0,0.0015241067972114942,-1.2006913348432195,0.32180103700226487,0.002176,-1.5203163718454844
p547,BTCUSDT,-1,2024-07-26 07:00:00+00:00,67026.1,2024-07-26 09:00:00+00:00,67274.6,signal_reverse,False,69036.883,,False,100.0,1.0,100.0,100.0,0.00149195611858664,-0.37075109546878005,0.3205561266432032,0.0062039999999999994,-0.6851032221119833
p548,BTCUSDT,-1,2024-07-26 15:00:00+00:00,67302.2,2024-07-26 17:00:00+00:00,67343.5,signal_reverse,False,69321.266,,False,100.0,1.0,100.0,100.0,0.0014858355298935251,-0.061365007384606915,0.32009204751107695,0.005936,-0.3755210548956839
p549,BTCUSDT,-1,2024-07-26 23:00:00+00:00,67911.0,2024-07-27 01:00:00+00:00,67638.1,signal_reverse,False,69948.33,,False,100.0,1.0,100.0,100.0,0.0014725154982256187,0.40184947946576277,0.3193972257808014,0.008304,0.0907562536849614
p550,BTCUSDT,-1,2024-07-27 07:00:00+00:00,68068.2,2024-07-27 09:00:00+00:00,68200.0,signal_reverse,False,70110.246,,False,100.0,1.0,100.0,100.0,0.0014691147995686679,-0.1936293305831547,0.32029044399587475,0.01,-0.5039197745790295
p551,BTCUSDT,-1,2024-07-27 15:00:00+00:00,68964.9,2024-07-27 17:00:00+00:00,68518.3,signal_reverse,False,71033.847,,False,100.0,1.0,100.0,100.0,0.0014500129776161498,0.6475757958033599,0.31902863630629497,0.01,0.33854715949706493
p552,BTCUSDT,-1,2024-07-27 23:00:00+00:00,68640.5,2024-07-28 01:00:00+00:00,68100.9,signal_reverse,False,70699.715,,False,100.0,1.0,100.0,100.0,0.0014568658445087085,0.7861248096969076,0.31882081278545465,0.01,0.4773039969114529
p553,BTCUSDT,-1,2024-07-28 07:00:00+00:00,67466.2,2024-07-28 09:00:00+00:00,67413.5,signal_reverse,False,69490.186,,False,100.0,1.0,100.0,100.0,0.001482223691270592,0.07811318852995588,0.3198828302172051,0.01,-0.2317696416872492
p554,BTCUSDT,-1,2024-07-28 15:00:00+00:00,67741.4,2024-07-28 17:00:00+00:00,67981.4,signal_reverse,False,69773.64199999999,,False,100.0,1.0,100.0,100.0,0.0014762021452169576,-0.3542885148520698,0.32053143277227814,0.01,-0.6648199476243479
p555,BTCUSDT,-1,2024-07-28 23:00:00+00:00,68000.7,2024-07-29 01:00:00+00:00,68535.1,signal_reverse,False,70040.72099999999,,False,100.0,1.0,100.0,100.0,0.0014705730970416481,-0.7858742630590696,0.32117881139458865,0.01,-1.0970530744536582
p556,BTCUSDT,-1,2024-07-29 07:00:00+00:00,69607.3,2024-07-29 09:00:00+00:00,69525.4,signal_reverse,False,71695.519,,False,100.0,1.0,100.0,100.0,0.0014366309280779458,0.1176600730095963,0.3198235098904857,0.01,-0.19216343688088938
p557,BTCUSDT,-1,2024-07-29 15:00:00+00:00,68191.8,2024-07-29 17:00:00+00:00,66990.0,signal_reverse,False,70237.554,,False,100.0,1.0,100.0,100.0,0.0014664519780970733,1.762381987277067,0.3173564270190844,0.01,1.4550255602579825
p558,BTCUSDT,-1,2024-07-29 23:00:00+00:00,67202.2,2024-07-30 01:00:00+00:00,66145.5,signal_reverse,False,69218.266,,False,100.0,1.0,100.0,100.0,0.0014880465222864728,1.5724187601001114,0.31764137185984986,0.01,1.2647773882402615
p559,BTCUSDT,-1,2024-07-30 07:00:00+00:00,66720.8,2024-07-30 09:00:00+00:00,66575.1,signal_reverse,False,68722.424,,False,100.0,1.0,100.0,100.0,0.0014987829882135706,0.21837268138271287,0.31967244097792596,-0.011367,-0.11266675959521309
p560,BTCUSDT,1,2024-07-30 15:00:00+00:00,65786.3,2024-07-30 17:00:00+00:00,65843.1,signal_reverse,False,63812.711,,False,100.0,1.0,100.0,100.0,0.0015200733283373589,0.0863401650495664,0.32012951024757436,-0.007656,-0.24144534519800795
p561,BTCUSDT,-1,2024-07-30 23:00:00+00:00,66206.1,2024-07-31 01:00:00+00:00,66271.4,signal_reverse,False,68192.28300000001,,False,100.0,1.0,100.0,100.0,0.0015104348390858242,-0.09863139499228674,0.32014794709248845,0.01,-0.4087793420847752
p562,BTCUSDT,-1,2024-07-31 07:00:00+00:00,66430.4,2024-07-31 09:00:00+00:00,66230.0,signal_reverse,False,68423.31199999999,,False,100.0,1.0,100.0,100.0,0.0015053349069100894,0.30166911534477314,0.3195474963269828,0.01,-0.007878380982209674
p563,BTCUSDT,-1,2024-07-31 15:00:00+00:00,66411.6,2024-07-31 17:00:00+00:00,66677.2,signal_reverse,False,68403.948,,False,100.0,1.0,100.0,100.0,0.001505761041745719,-0.3999301326876498,0.32059989519903154,0.004863,-0.7156670278866814
p564,BTCUSDT,-1,2024-07-31 23:00:00+00:00,64943.7,2024-08-01 01:00:00+00:00,64186.1,signal_reverse,False,66892.011,,False,100.0,1.0,100.0,100.0,0.001539795238029247,1.1665488723309552,0.31825017669150363,0.009543999999999999,0.8578426956394516
p565,BTCUSDT,-1,2024-08-01 07:00:00+00:00,64199.8,2024-08-01 09:00:00+00:00,64432.0,signal_reverse,False,66125.79400000001,,False,100.0,1.0,100.0,100.0,0.00155763725120639,-0.3616833697301192,0.32054252505459524,0.007135,-0.6750908947847144
p566,BTCUSDT,-1,2024-08-01 15:00:00+00:00,63902.0,2024-08-01 17:00:00+00:00,63175.3,signal_reverse,False,65819.06,,False,100.0,1.0,100.0,100.0,0.0015648962473787987,1.1372101029701684,0.3182941848455447,0.003459,0.8223749181246237
p567,BTCUSDT,-1,2024-08-01 23:00:00+00:00,65170.6,2024-08-02 01:00:00+00:00,64629.5,signal_reverse,False,67125.718,,False,100.0,1.0,100.0,100.0,0.0015344342387518298,0.8302823665886129,0.3187545764501171,0.01,0.5215277901384958
p568,BTCUSDT,-1,2024-08-02 07:00:00+00:00,64436.6,2024-08-02 09:00:00+00:00,64481.1,signal_reverse,False,66369.698,,False,100.0,1.0,100.0,100.0,0.001551913043208363,-0.06906013042277215,0.32010359019563417,0.01,-0.3791637206184063
p569,BTCUSDT,-1,2024-08-02 15:00:00+00:00,63124.5,2024-08-02 17:00:00+00:00,63064.5,signal_reverse,False,65018.235,,False,100.0,1.0,100.0,100.0,0.0015841709637304058,0.09505025782382434,0.3198574246132643,0.002532,-0.22227516678943993
p570,BTCUSDT,-1,2024-08-02 23:00:00+00:00,61355.9,2024-08-03 01:00:00+00:00,61288.5,signal_reverse,False,63196.577000000005,,False,100.0,1.0,100.0,100.0,0.0016298351095819636,0.10985088638582671,0.3198352236704213,0.00022299999999999997,-0.20976133728459456
p571,BTCUSDT,-1,2024-08-03 07:00:00+00:00,61787.5,2024-08-03 09:00:00+00:00,61708.2,signal_reverse,False,63641.125,,False,100.0,1.0,100.0,100.0,0.0016184503338053813,0.12834311147077146,0.3198074853327939,-0.005581,-0.19704537386202245
p572,BTCUSDT,1,2024-08-03 15:00:00+00:00,61957.6,2024-08-03 17:00:00+00:00,60539.8,signal_reverse,False,60098.871999999996,,False,100.0,1.0,100.0,100.0,0.0016140069983343447,-2.288339122238427,0.3165674913166424,-7.3e-05,-2.6049796135550696
p573,BTCUSDT,-1,2024-08-03 23:00:00+00:00,60600.0,2024-08-04 01:00:00+00:00,60713.3,signal_reverse,False,62418.0,,False,100.0,1.0,100.0,100.0,0.0016501650165016502,-0.18696369636964177,0.3202804455445545,0.003485,-0.5037591419141962
p574,BTCUSDT,-1,2024-08-04 07:00:00+00:00,60786.3,2024-08-04 09:00:00+00:00,60669.2,signal_reverse,False,62609.889,,False,100.0,1.0,100.0,100.0,0.0016451075324538588,0.19264209205035646,0.31971103686192454,0.003978000000000001,-0.12309094481156808
p575,BTCUSDT,-1,2024-08-04 15:00:00+00:00,59556.7,2024-08-04 17:00:00+00:00,57836.0,signal_reverse,False,61343.401,,False,100.0,1.0,100.0,100.0,0.0016790722118586155,2.8891795549451147,0.31566623066758237,0.000503,2.5740163242775322
p576,BTCUSDT,-1,2024-08-04 23:00:00+00:00,58691.2,2024-08-05 01:00:00+00:00,54396.9,signal_reverse,False,60451.935999999994,,False,100.0,1.0,100.0,100.0,0.0017038329425876453,7.3167698053541175,0.30902484529196883,0.0019749999999999998,7.0097199600621485
p577,BTCUSDT,-1,2024-08-05 07:00:00+00:00,51562.0,2024-08-05 08:00:00+00:00,53108.86,initial_sl,False,53108.86,,False,100.0,1.0,100.0,100.0,0.0019394127458205656,-3.0000000000000013,0.3245,0.0,-3.3245000000000013
p578,BTCUSDT,1,2024-08-05 15:00:00+00:00,54030.5,2024-08-05 17:00:00+00:00,54679.3,signal_reverse,False,52409.585,,False,100.0,1.0,100.0,100.0,0.0018508064889275501,1.2008032500161998,0.32180120487502434,0.005066,0.8840680451411755
p579,BTCUSDT,1,2024-08-05 23:00:00+00:00,54671.6,2024-08-06 01:00:00+00:00,55696.7,signal_reverse,False,53031.452,,False,100.0,1.0,100.0,100.0,0.0018291032272697342,1.875013718274202,0.32281252057741133,-0.0007570000000000001,1.5514441976967908
p580,BTCUSDT,-1,2024-08-06 07:00:00+00:00,55760.2,2024-08-06 09:00:00+00:00,55191.5,signal_reverse,False,57433.005999999994,,False,100.0,1.0,100.0,100.0,0.0017933938543979399,1.0199030849961033,0.31847014537250584,0.001866,0.7032989396235975
p581,BTCUSDT,-1,2024-08-06 15:00:00+00:00,56104.0,2024-08-06 17:00:00+00:00,56471.3,signal_reverse,False,57787.12,,False,100.0,1.0,100.0,100.0,0.0017824041066590618,-0.6546770283758786,0.3209820155425639,0.01,-0.9656590439184425
p582,BTCUSDT,-1,2024-08-06 23:00:00+00:00,56171.9,2024-08-07 01:00:00+00:00,56934.9,signal_reverse,False,57857.057,,False,100.0,1.0,100.0,100.0,0.0017802495553826735,-1.3583304107569798,0.3220374956161355,0.002722,-1.6776459063731153
p583,BTCUSDT,-1,2024-08-07 07:00:00+00:00,56811.3,2024-08-07 09:00:00+00:00,57329.4,signal_reverse,False,58515.639,,False,100.0,1.0,100.0,100.0,0.0017602131970224232,-0.9119664573773149,0.32136794968606597,0.006767,-1.226567407063381
p584,BTCUSDT,-1,2024-08-07 15:00:00+00:00,56054.0,2024-08-07 17:00:00+00:00,55545.7,signal_reverse,False,57735.62,,False,100.0,1.0,100.0,100.0,0.0017839940057801406,0.9068041531380506,0.31863979377029295,0.01,0.5981643593677577
p585,BTCUSDT,-1,2024-08-07 23:00:00+00:00,55260.9,2024-08-08 01:00:00+00:00,56918.727,initial_sl,False,56918.727,,False,100.0,1.0,100.0,100.0,0.0018095977445173712,-2.9999999999999956,0.3245,0.0046159999999999994,-3.3198839999999956
p586,BTCUSDT,-1,2024-08-08 07:00:00+00:00,57195.1,2024-08-08 09:00:00+00:00,57317.1,signal_reverse,False,58910.953,,False,100.0,1.0,100.0,100.0,0.0017484015239067684,-0.21330498591662575,0.320319957478875,0.009389,-0.5242359433955007
p587,BTCUSDT,-1,2024-08-08 15:00:00+00:00,58886.1,2024-08-08 17:00:00+00:00,59433.9,signal_reverse,False,60652.683,,False,100.0,1.0,100.0,100.0,0.0016981936314342434,-0.9302704712996834,0.3213954057069495,-0.002911,-1.254576877006633
p588,BTCUSDT,1,2024-08-08 23:00:00+00:00,62305.5,2024-08-09 01:00:00+00:00,61367.0,signal_reverse,False,60436.335,,False,100.0,1.0,100.0,100.0,0.0016049947436422146,-1.5062875669082185,0.31774056864963773,0.0019199999999999998,-1.8221081355578563
p589,BTCUSDT,1,2024-08-09 07:00:00+00:00,60862.6,2024-08-09 09:00:00+00:00,60736.0,signal_reverse,False,59036.722,,False,100.0,1.0,100.0,100.0,0.001643045154166927,-0.20800951651753055,0.3196879857252238,-0.002569,-0.5302665022427544
p590,BTCUSDT,-1,2024-08-09 15:00:00+00:00,60307.5,2024-08-09 17:00:00+00:00,60170.8,signal_reverse,False,62116.725,,False,100.0,1.0,100.0,100.0,0.0016581685528333956,0.22667164117232036,0.31965999253824157,-0.001845,-0.0948333513659212
p591,BTCUSDT,1,2024-08-09 23:00:00+00:00,60735.4,2024-08-10 01:00:00+00:00,60441.9,signal_reverse,False,58913.338,,False,100.0,1.0,100.0,100.0,0.0016464862337285998,-0.48324370959934404,0.319275134435601,-0.004448,-0.8069668440349451
p592,BTCUSDT,-1,2024-08-10 07:00:00+00:00,60427.0,2024-08-10 09:00:00+00:00,60864.2,signal_reverse,False,62239.81,,False,100.0,1.0,100.0,100.0,0.0016548893706455723,-0.7235176328462394,0.3210852764492694,0.01,-1.0346029092955087
p593,BTCUSDT,-1,2024-08-10 15:00:00+00:00,60565.1,2024-08-10 17:00:00+00:00,60746.0,signal_reverse,False,62382.053,,False,100.0,1.0,100.0,100.0,0.0016511159066855334,-0.29868686751941537,0.32044803030127916,0.005312,-0.6138228978206945
p594,BTCUSDT,-1,2024-08-10 23:00:00+00:00,60913.7,2024-08-11 01:00:00+00:00,61089.5,signal_reverse,False,62741.111,,False,100.0,1.0,100.0,100.0,0.0016416668171527916,-0.28860502645546554,0.3204329075396832,0.008623,-0.6004149339951487
p595,BTCUSDT,-1,2024-08-11 07:00:00+00:00,61088.8,2024-08-11 09:00:00+00:00,61078.3,signal_reverse,False,62921.464,,False,100.0,1.0,100.0,100.0,0.0016369612760440539,0.017188093398462567,0.3199742178599023,0.003775,-0.2990111244614398
p596,BTCUSDT,-1,2024-08-11 15:00:00+00:00,60312.0,2024-08-11 17:00:00+00:00,60240.5,signal_reverse,False,62121.36,,False,100.0,1.0,100.0,100.0,0.0016580448335322987,0.11855020559755935,0.3198221746916037,-0.002976,-0.20424796909404433
p597,BTCUSDT,1,2024-08-11 23:00:00+00:00,58980.6,2024-08-12 01:00:00+00:00,58562.1,signal_reverse,False,57211.182,,False,100.0,1.0,100.0,100.0,0.0016954727486665107,-0.7095553453169348,0.31893566698202463,-0.01,-1.0384910122989595
p598,BTCUSDT,-1,2024-08-12 07:00:00+00:00,58381.7,2024-08-12 09:00:00+00:00,58272.5,signal_reverse,False,60133.151,,False,100.0,1.0,100.0,100.0,0.0017128655040877536,0.18704491304637771,0.31971943263043046,0.01,-0.12267451958405275
p599,BTCUSDT,-1,2024-08-12 15:00:00+00:00,60272.2,2024-08-12 17:00:00+00:00,59269.0,signal_reverse,False,62080.365999999995,,False,100.0,1.0,100.0,100.0,0.001659139702881262,1.6644489499304773,0.3175033265751043,0.0021739999999999997,1.3491196233553728
p600,BTCUSDT,-1,2024-08-12 23:00:00+00:00,59021.2,2024-08-13 01:00:00+00:00,59721.8,signal_reverse,False,60791.835999999996,,False,100.0,1.0,100.0,100.0,0.001694306452596694,-1.1870311006892538,0.3217805466510339,-0.000123,-1.5089346473402878
p601,BTCUSDT,1,2024-08-13 07:00:00+00:00,59345.1,2024-08-13 09:00:00+00:00,58925.8,signal_reverse,False,57564.746999999996,,False,100.0,1.0,100.0,100.0,0.0016850590865968716,-0.7065452750100609,0.3189401820874849,-0.01,-1.0354854570975458
p602,BTCUSDT,-1,2024-08-13 15:00:00+00:00,59617.9,2024-08-13 17:00:00+00:00,61406.437,initial_sl,False,61406.437,,False,100.0,1.0,100.0,100.0,0.001677348581550172,-2.9999999999999942,0.3245,0.004726,-3.3197739999999945
p603,BTCUSDT,-1,2024-08-13 23:00:00+00:00,60556.0,2024-08-14 01:00:00+00:00,60500.0,signal_reverse,False,62372.68,,False,100.0,1.0,100.0,100.0,0.0016513640266860427,0.09247638549441839,0.3198612854217584,-0.0018499999999999999,-0.22923489992734
p604,BTCUSDT,1,2024-08-14 07:00:00+00:00,60834.3,2024-08-14 09:00:00+00:00,60824.5,signal_reverse,False,59009.271,,False,100.0,1.0,100.0,100.0,0.0016438094956299325,-0.016109333057178123,0.31997583600041424,0.000316,-0.33576916905759235
p605,BTCUSDT,1,2024-08-14 15:00:00+00:00,59474.9,2024-08-14 17:00:00+00:00,59131.2,signal_reverse,False,57690.653,,False,100.0,1.0,100.0,100.0,0.0016813815575982473,-0.5778908413465249,0.31913316373798023,0.0016990000000000002,-0.8953250050845051
p606,BTCUSDT,1,2024-08-14 23:00:00+00:00,58955.9,2024-08-15 01:00:00+00:00,58165.3,signal_reverse,False,57187.223,,False,100.0,1.0,100.0,100.0,0.0016961830792168384,-1.34100234242883,0.31798849648635674,-0.001011,-1.660001838915187
p607,BTCUSDT,-1,2024-08-15 07:00:00+00:00,58079.4,2024-08-15 09:00:00+00:00,58380.1,signal_reverse,False,59821.782,,False,100.0,1.0,100.0,100.0,0.0017217808723919324,-0.517739508328249,0.32077660926249235,0.0019199999999999998,-0.8365961175907414
p608,BTCUSDT,-1,2024-08-15 15:00:00+00:00,59405.5,2024-08-15 17:00:00+00:00,58844.1,signal_reverse,False,61187.665,,False,100.0,1.0,100.0,100.0,0.0016833458181481512,0.9450303423083745,0.31858245448653744,0.0054719999999999994,0.6319198878218371
p609,BTCUSDT,-1,2024-08-15 23:00:00+00:00,57595.2,2024-08-16 01:00:00+00:00,57522.1,signal_reverse,False,59323.056,,False,100.0,1.0,100.0,100.0,0.0017362557990943692,0.12692029891379586,0.31980961955162934,0.0039889999999999995,-0.1889003206378335
p610,BTCUSDT,-1,2024-08-16 07:00:00+00:00,58500.4,2024-08-16 09:00:00+00:00,58650.4,signal_reverse,False,60255.412000000004,,False,100.0,1.0,100.0,100.0,0.0017093900212648118,-0.25640850318972175,0.3203846127547846,0.004876,-0.5719171159445063
p611,BTCUSDT,-1,2024-08-16 15:00:00+00:00,57989.4,2024-08-16 17:00:00+00:00,59197.2,signal_reverse,False,59729.082,,False,100.0,1.0,100.0,100.0,0.0017244530897026007,-2.0827944417427937,0.32312419166261425,0.003934,-2.401984633405408
p612,BTCUSDT,-1,2024-08-16 23:00:00+00:00,58940.0,2024-08-17 01:00:00+00:00,59215.0,signal_reverse,False,60708.2,,False,100.0,1.0,100.0,100.0,0.0016966406515100101,-0.4665761791652528,0.32069986426874786,0.006206999999999999,-0.7810690434340007
p613,BTCUSDT,-1,2024-08-17 07:00:00+00:00,59141.1,2024-08-17 09:00:00+00:00,59295.6,signal_reverse,False,60915.333,,False,100.0,1.0,100.0,100.0,0.001690871492075731,-0.26123964552570045,0.3203918594682886,0.006350999999999999,-0.5752805049939891
p614,BTCUSDT,-1,2024-08-17 15:00:00+00:00,59508.3,2024-08-17 17:00:00+00:00,59403.5,signal_reverse,False,61293.549000000006,,False,100.0,1.0,100.0,100.0,0.0016804378548874693,0.17610988719221168,0.3197358351692117,0.008377,-0.13524894797700004
p615,BTCUSDT,-1,2024-08-17 23:00:00+00:00,59289.9,2024-08-18 01:00:00+00:00,59418.8,signal_reverse,False,61068.597,,False,100.0,1.0,100.0,100.0,0.0016866279079573417,-0.2174063373357038,0.32032610950600354,0.007872,-0.5298604468417073
p616,BTCUSDT,-1,2024-08-18 07:00:00+00:00,59567.4,2024-08-18 09:00:00+00:00,59853.3,signal_reverse,False,61354.422,,False,100.0,1.0,100.0,100.0,0.0016787706027122217,-0.4799605153154266,0.3207199407729731,-0.000312,-0.8009924560883998
p617,BTCUSDT,1,2024-08-18 15:00:00+00:00,59782.0,2024-08-18 17:00:00+00:00,59514.8,signal_reverse,False,57988.54,,False,100.0,1.0,100.0,100.0,0.001672744304305644,-0.4469572781104632,0.31932956408283436,-0.001326,-0.7676128421932976
p618,BTCUSDT,-1,2024-08-18 23:00:00+00:00,59317.9,2024-08-19 01:00:00+00:00,58525.0,signal_reverse,False,61097.437,,False,100.0,1.0,100.0,100.0,0.0016858317641049328,1.3366960057588038,0.3179949559913618,0.001276,1.019977049767442
p619,BTCUSDT,-1,2024-08-19 07:00:00+00:00,58543.2,2024-08-19 09:00:00+00:00,57984.9,signal_reverse,False,60299.496,,False,100.0,1.0,100.0,100.0,0.0017081403134779104,0.9536547370147099,0.31856951789447796,-0.001638,0.6334472191202319
p620,BTCUSDT,1,2024-08-19 15:00:00+00:00,58585.9,2024-08-19 17:00:00+00:00,59004.0,signal_reverse,False,56828.323000000004,,False,100.0,1.0,100.0,100.0,0.0017068953451257042,0.7136529437970545,0.3210704794156956,-0.000469,0.39211346438135886
p621,BTCUSDT,-1,2024-08-19 23:00:00+00:00,59204.8,2024-08-20 01:00:00+00:00,60425.0,signal_reverse,False,60980.944,,False,100.0,1.0,100.0,100.0,0.001689052239007648,-2.060981542037127,0.32309147231305574,-0.002908,-2.386981014350183
p622,BTCUSDT,1,2024-08-20 07:00:00+00:00,60932.3,2024-08-20 09:00:00+00:00,60834.8,signal_reverse,False,59104.331000000006,,False,100.0,1.0,100.0,100.0,0.001641165687164279,-0.1600136544985172,0.31975997951825225,-0.006912000000000001,-0.4866856340167694
p623,BTCUSDT,-1,2024-08-20 15:00:00+00:00,59433.2,2024-08-20 17:00:00+00:00,59005.0,signal_reverse,False,61216.195999999996,,False,100.0,1.0,100.0,100.0,0.0016825612620555515,0.7204727324121822,0.3189192909013817,0.001082,0.40263544151080055
p624,BTCUSDT,-1,2024-08-20 23:00:00+00:00,59336.7,2024-08-21 01:00:00+00:00,59250.0,signal_reverse,False,61116.801,,False,100.0,1.0,100.0,100.0,0.0016852976319882973,0.14611530469338047,0.31978082704295996,-0.0034959999999999995,-0.1771615223495795
p625,BTCUSDT,1,2024-08-21 07:00:00+00:00,59593.6,2024-08-21 09:00:00+00:00,59256.9,signal_reverse,False,57805.792,,False,100.0,1.0,100.0,100.0,0.0016780325404070237,-0.56499355635504,0.3191525096654675,0.0027229999999999997,-0.8814230660205075
p626,BTCUSDT,1,2024-08-21 15:00:00+00:00,59385.4,2024-08-21 17:00:00+00:00,59906.1,signal_reverse,False,57603.838,,False,100.0,1.0,100.0,100.0,0.0016839155752087214,0.8768148400111764,0.3213152222600168,-9.599999999999999e-05,0.5554036177511595
p627,BTCUSDT,-1,2024-08-21 23:00:00+00:00,61150.1,2024-08-22 01:00:00+00:00,60936.6,signal_reverse,False,62984.602999999996,,False,100.0,1.0,100.0,100.0,0.0016353203020109534,0.34914088447933855,0.319476288673281,-0.000761,0.02890359580605757
p628,BTCUSDT,1,2024-08-22 07:00:00+00:00,60740.1,2024-08-22 09:00:00+00:00,60865.3,signal_reverse,False,58917.897,,False,100.0,1.0,100.0,100.0,0.0016463588304925412,0.20612412557767334,0.32030918618836657,-0.004547,-0.11873206061069322
p629,BTCUSDT,-1,2024-08-22 15:00:00+00:00,60482.3,2024-08-22 17:00:00+00:00,60133.6,signal_reverse,False,62296.769,,False,100.0,1.0,100.0,100.0,0.0016533762770265018,0.5765323077991484,0.3191352015383013,0.006229999999999999,0.2636271062608471
p630,BTCUSDT,-1,2024-08-22 23:00:00+00:00,60416.1,2024-08-23 01:00:00+00:00,60737.5,signal_reverse,False,62228.583,,False,100.0,1.0,100.0,100.0,0.0016551879383144559,-0.5319774033742686,0.32079796610506145,0.01,-0.8427753694793301
p631,BTCUSDT,-1,2024-08-23 07:00:00+00:00,61168.0,2024-08-23 09:00:00+00:00,60986.9,signal_reverse,False,63003.04,,False,100.0,1.0,100.0,100.0,0.0016348417473188595,0.29606984043944307,0.31955589523934086,0.007561,-0.015925054799897795
p632,BTCUSDT,-1,2024-08-23 15:00:00+00:00,60964.0,2024-08-23 17:00:00+00:00,62792.92,initial_sl,False,62792.92,,False,100.0,1.0,100.0,100.0,0.0016403123154648644,-2.999999999999997,0.3245,0.0025109999999999998,-3.3219889999999968
p633,BTCUSDT,-1,2024-08-23 23:00:00+00:00,64064.2,2024-08-24 01:00:00+00:00,63800.2,signal_reverse,False,65986.126,,False,100.0,1.0,100.0,100.0,0.00156093418789277,0.4120866256036913,0.31938187006159446,-0.002164,0.09054075554209684
p634,BTCUSDT,1,2024-08-24 07:00:00+00:00,64038.4,2024-08-24 09:00:00+00:00,64309.6,signal_reverse,False,62117.248,,False,100.0,1.0,100.0,100.0,0.0015615630621627023,0.4234959024585203,0.32063524385368775,-0.008709,0.09415165860483257
p635,BTCUSDT,-1,2024-08-24 15:00:00+00:00,64150.6,2024-08-24 17:00:00+00:00,64029.8,signal_reverse,False,66075.118,,False,100.0,1.0,100.0,100.0,0.001558831873747089,0.18830689034864154,0.319717539664477,0.009035999999999999,-0.12237464931583548
p636,BTCUSDT,-1,2024-08-24 23:00:00+00:00,63815.3,2024-08-25 01:00:00+00:00,64121.5,signal_reverse,False,65729.759,,False,100.0,1.0,100.0,100.0,0.0015670223285011587,-0.47982223698705023,0.3207197333554806,0.01,-0.7905419703425308
p637,BTCUSDT,-1,2024-08-25 07:00:00+00:00,63967.5,2024-08-25 09:00:00+00:00,63833.0,signal_reverse,False,65886.525,,False,100.0,1.0,100.0,100.0,0.0015632938601633643,0.2102630241919725,0.3196846054637121,0.003955,-0.10546658127173959
p638,BTCUSDT,-1,2024-08-25 15:00:00+00:00,64133.8,2024-08-25 17:00:00+00:00,64114.5,signal_reverse,False,66057.814,,False,100.0,1.0,100.0,100.0,0.0015592402134288004,0.030093336119180386,0.31995485999582124,0.01,-0.27986152387664087
p639,BTCUSDT,-1,2024-08-25 23:00:00+00:00,64454.1,2024-08-26 01:00:00+00:00,63899.9,signal_reverse,False,66387.723,,False,100.0,1.0,100.0,100.0,0.0015514916816773488,0.8598366899855822,0.31871024496502165,0.008239999999999999,0.5493664450205605
p640,BTCUSDT,-1,2024-08-26 07:00:00+00:00,63696.7,2024-08-26 09:00:00+00:00,63828.0,signal_reverse,False,65607.601,,False,100.0,1.0,100.0,100.0,0.0015699400439897202,-0.20613312777585482,0.32030919969166377,0.00038,-0.5260623274675186
p641,BTCUSDT,-1,2024-08-26 15:00:00+00:00,63471.3,2024-08-26 17:00:00+00:00,63361.6,signal_reverse,False,65375.439000000006,,False,100.0,1.0,100.0,100.0,0.001575515232869029,0.17283402104573936,0.3197407489684314,0.006223,-0.14068372792269204
p642,BTCUSDT,-1,2024-08-26 23:00:00+00:00,62937.4,2024-08-27 01:00:00+00:00,62970.6,signal_reverse,False,64825.522000000004,,False,100.0,1.0,100.0,100.0,0.001588880379551745,-0.05275082860111331,0.3200791262429017,0.008140999999999999,-0.364688954844015
p643,BTCUSDT,-1,2024-08-27 07:00:00+00:00,62748.4,2024-08-27 09:00:00+00:00,62658.1,signal_reverse,False,64630.852,,False,100.0,1.0,100.0,100.0,0.001593666133319734,0.1439080518387766,0.31978413792224186,0.007352999999999999,-0.16852308608346525
p644,BTCUSDT,-1,2024-08-27 15:00:00+00:00,61828.3,2024-08-27 17:00:00+00:00,61917.0,signal_reverse,False,63683.149000000005,,False,100.0,1.0,100.0,100.0,0.0016173823313919353,-0.14346181279445996,0.3202151927191917,0.01,-0.45367700551365164
p645,BTCUSDT,-1,2024-08-27 23:00:00+00:00,59472.6,2024-08-28 01:00:00+00:00,59345.7,signal_reverse,False,61256.778,,False,100.0,1.0,100.0,100.0,0.0016814465821235326,0.21337557127147874,0.3196799366430928,-0.0007890000000000001,-0.10709336537161405
p646,BTCUSDT,1,2024-08-28 07:00:00+00:00,59160.3,2024-08-28 09:00:00+00:00,60169.8,signal_reverse,False,57385.491,,False,100.0,1.0,100.0,100.0,0.0016903227333194726,1.7063807992860076,0.3225595711989291,0.000581,1.3844022280870785
p647,BTCUSDT,1,2024-08-28 15:00:00+00:00,59153.7,2024-08-28 17:00:00+00:00,58606.8,signal_reverse,False,57379.089,,False,100.0,1.0,100.0,100.0,0.001690511328961671,-0.9245406458091281,0.3186131890312863,0.0032400000000000003,-1.2399138348404146
p648,BTCUSDT,1,2024-08-28 23:00:00+00:00,59171.1,2024-08-29 01:00:00+00:00,58969.1,signal_reverse,False,57395.967,,False,100.0,1.0,100.0,100.0,0.0016900142130195316,-0.34138287102994536,0.31948792569345513,-0.001018,-0.6618887967234004
p649,BTCUSDT,-1,2024-08-29 07:00:00+00:00,59538.1,2024-08-29 09:00:00+00:00,59556.3,signal_reverse,False,61324.242999999995,,False,100.0,1.0,100.0,100.0,0.0016795967624092809,-0.030568661075856245,0.3200458529916138,0.0035009999999999998,-0.3471135140674701
p650,BTCUSDT,-1,2024-08-29 15:00:00+00:00,60785.3,2024-08-29 17:00:00+00:00,60508.3,signal_reverse,False,62608.859000000004,,False,100.0,1.0,100.0,100.0,0.0016451345966870278,0.4557022832823067,0.3193164465750766,0.000616,0.13700183670723015
p651,BTCUSDT,-1,2024-08-29 23:00:00+00:00,59173.9,2024-08-30 01:00:00+00:00,59186.0,signal_reverse,False,60949.117,,False,100.0,1.0,100.0,100.0,0.0016899342446585403,-0.020448204360365877,0.3200306723065406,-0.01219,-0.35266887666690644
p652,BTCUSDT,1,2024-08-30 07:00:00+00:00,59330.5,2024-08-30 09:00:00+00:00,59557.9,signal_reverse,False,57550.585,,False,100.0,1.0,100.0,100.0,0.0016854737445327445,0.38327672950674857,0.32057491509426017,-0.001737,0.0609648144124884
p653,BTCUSDT,-1,2024-08-30 15:00:00+00:00,58424.2,2024-08-30 17:00:00+00:00,58606.1,signal_reverse,False,60176.926,,False,100.0,1.0,100.0,100.0,0.0017116195001386412,-0.3113435870752213,0.32046701538061284,0.001815,-0.6299956024558341
p654,BTCUSDT,-1,2024-08-30 23:00:00+00:00,59200.5,2024-08-31 01:00:00+00:00,59246.4,signal_reverse,False,60976.515,,False,100.0,1.0,100.0,100.0,0.0016891749225091005,-0.07753312894317017,0.32011629969341476,0.003389,-0.39426042863658495
p655,BTCUSDT,-1,2024-08-31 07:00:00+00:00,59135.0,2024-08-31 09:00:00+00:00,58885.2,signal_reverse,False,60909.05,,False,100.0,1.0,100.0,100.0,0.001691045911896508,0.4224232687917526,0.3193663650968124,0.007128,0.11018490369494024
p656,BTCUSDT,-1,2024-08-31 15:00:00+00:00,59100.1,2024-08-31 17:00:00+00:00,58989.6,signal_reverse,False,60873.102999999996,,False,100.0,1.0,100.0,100.0,0.0016920445143070824,0.1869709188309326,0.31971954362175364,0.004758999999999999,-0.12798962479082104
p657,BTCUSDT,-1,2024-08-31 23:00:00+00:00,59003.8,2024-09-01 01:00:00+00:00,58803.9,signal_reverse,False,60773.914000000004,,False,100.0,1.0,100.0,100.0,0.0016948060972344153,0.33879173883716207,0.3194918123917443,0.009478,0.02877792644541778
p658,BTCUSDT,-1,2024-09-01 07:00:00+00:00,58169.9,2024-09-01 09:00:00+00:00,58183.0,signal_reverse,False,59914.997,,False,100.0,1.0,100.0,100.0,0.0017191021473304921,-0.022520238130026946,0.3200337803571951,0.0046489999999999995,-0.33790501848722204
p659,BTCUSDT,-1,2024-09-01 15:00:00+00:00,57842.6,2024-09-01 17:00:00+00:00,58095.1,signal_reverse,False,59577.878,,False,100.0,1.0,100.0,100.0,0.0017288296169259336,-0.43652947827379823,0.3206547942174107,-0.0009279999999999999,-0.758112272491209
p660,BTCUSDT,1,2024-09-01 23:00:00+00:00,57274.3,2024-09-02 01:00:00+00:00,57386.0,signal_reverse,False,55556.071,,False,100.0,1.0,100.0,100.0,0.0017459838007622965,0.19502639054514345,0.3202925395858177,0.0025210000000000002,-0.12274514904067427
p661,BTCUSDT,1,2024-09-02 07:00:00+00:00,57659.1,2024-09-02 09:00:00+00:00,58373.9,signal_reverse,False,55929.327,,False,100.0,1.0,100.0,100.0,0.0017343316146107032,1.2397002381237356,0.3218595503571856,0.004265,0.92210568776655
p662,BTCUSDT,1,2024-09-02 15:00:00+00:00,58595.5,2024-09-02 17:00:00+00:00,58491.7,signal_reverse,False,56837.635,,False,100.0,1.0,100.0,100.0,0.0017066156957445539,-0.17714670921828965,0.31973427993617265,-0.0038840000000000003,-0.5007649891544623
p663,BTCUSDT,-1,2024-09-02 23:00:00+00:00,59324.5,2024-09-03 01:00:00+00:00,59359.9,signal_reverse,False,61104.235,,False,100.0,1.0,100.0,100.0,0.001685644211076368,-0.05967180507210588,0.3200895077076082,0.0027990000000000003,-0.3769623127797141
p664,BTCUSDT,-1,2024-09-03 07:00:00+00:00,58861.5,2024-09-03 09:00:00+00:00,58835.2,signal_reverse,False,60627.345,,False,100.0,1.0,100.0,100.0,0.0016989033578824868,0.04468115831231435,0.3199329782625316,0.002372,-0.27287981995021726
p665,BTCUSDT,-1,2024-09-03 15:00:00+00:00,57653.9,2024-09-03 17:00:00+00:00,57668.0,signal_reverse,False,59383.517,,False,100.0,1.0,100.0,100.0,0.0017344880398377212,-0.024456281361709346,0.3200366844220426,0.007737999999999999,-0.3367549657837519
p666,BTCUSDT,-1,2024-09-03 23:00:00+00:00,57842.3,2024-09-04 01:00:00+00:00,56751.1,signal_reverse,False,59577.569,,False,100.0,1.0,100.0,100.0,0.0017288385835279717,1.8865086623457303,0.3171702370064814,0.004569,1.5739074253392489
p667,BTCUSDT,-1,2024-09-04 07:00:00+00:00,56236.7,2024-09-04 09:00:00+00:00,56579.6,signal_reverse,False,57923.801,,False,100.0,1.0,100.0,100.0,0.001778198222868696,-0.6097441706216785,0.32091461625593254,0.00035800000000000003,-0.9303007868776111
p668,BTCUSDT,-1,2024-09-04 15:00:00+00:00,57483.7,2024-09-04 17:00:00+00:00,57839.9,signal_reverse,False,59208.210999999996,,False,100.0,1.0,100.0,100.0,0.0017396235802497057,-0.6196539192849527,0.3209294808789275,-0.002771,-0.9433544001638802
p669,BTCUSDT,1,2024-09-04 23:00:00+00:00,58104.5,2024-09-05 01:00:00+00:00,57998.9,signal_reverse,False,56361.365,,False,100.0,1.0,100.0,100.0,0.0017210370969546248,-0.1817415174384059,0.31972738772384246,0.004165,-0.4973039051622483
p670,BTCUSDT,1,2024-09-05 07:00:00+00:00,56885.0,2024-09-05 09:00:00+00:00,56770.3,signal_reverse,False,55178.45,,False,100.0,1.0,100.0,100.0,0.0017579326711786938,-0.20163487738419106,0.3196975476839238,0.000239,-0.5210934250681148
p671,BTCUSDT,1,2024-09-05 15:00:00+00:00,56533.8,2024-09-05 17:00:00+00:00,56581.6,signal_reverse,False,54837.786,,False,100.0,1.0,100.0,100.0,0.001768853323144738,0.08455118884631076,0.3201268267832695,-0.000848,-0.23642363793695872
p672,BTCUSDT,-1,2024-09-05 23:00:00+00:00,56076.9,2024-09-06 01:00:00+00:00,56535.6,signal_reverse,False,57759.207,,False,100.0,1.0,100.0,100.0,0.0017832654800818161,-0.8179838757135238,0.3212269758135703,-0.004633,-1.1438438515270941
p673,BTCUSDT,1,2024-09-06 07:00:00+00:00,56398.7,2024-09-06 09:00:00+00:00,55866.1,signal_reverse,False,54706.738999999994,,False,100.0,1.0,100.0,100.0,0.0017730905144976747,-0.9443480080214589,0.3185834779879678,0.00166,-1.2612714860094267
p674,BTCUSDT,1,2024-09-06 15:00:00+00:00,54700.7,2024-09-06 17:00:00+00:00,53910.0,signal_reverse,False,53059.679,,False,100.0,1.0,100.0,100.0,0.0018281301701806377,-1.4455025255618248,0.31783174621165733,-0.000186,-1.7635202717734821
p675,BTCUSDT,-1,2024-09-06 23:00:00+00:00,53620.0,2024-09-07 01:00:00+00:00,53794.4,signal_reverse,False,55228.6,,False,100.0,1.0,100.0,100.0,0.001864975755315181,-0.3252517717269703,0.32048787765759046,0.002842,-0.6428976493845607
p676,BTCUSDT,-1,2024-09-07 07:00:00+00:00,54290.8,2024-09-07 09:00:00+00:00,54225.8,signal_reverse,False,55919.524000000005,,False,100.0,1.0,100.0,100.0,0.0018419327031467577,0.11972562570453925,0.31982041156144325,0.0024300000000000003,-0.197664785856904
p677,BTCUSDT,-1,2024-09-07 15:00:00+00:00,54604.9,2024-09-07 17:00:00+00:00,54110.4,signal_reverse,False,56243.047,,False,100.0,1.0,100.0,100.0,0.0018313374807022813,0.9055963842072781,0.3186416054236891,0.0033640000000000002,0.590318778783589
p678,BTCUSDT,-1,2024-09-07 23:00:00+00:00,53933.8,2024-09-08 01:00:00+00:00,54253.7,signal_reverse,False,55551.814000000006,,False,100.0,1.0,100.0,100.0,0.0018541248716018525,-0.5931345464254218,0.3208897018196381,0.00468,-0.90934424824506
p679,BTCUSDT,-1,2024-09-08 07:00:00+00:00,54271.9,2024-09-08 09:00:00+00:00,54426.1,signal_reverse,False,55900.057,,False,100.0,1.0,100.0,100.0,0.0018425741497902228,-0.284124933897647,0.32042618740084644,0.001751,-0.6028001212984935
p680,BTCUSDT,-1,2024-09-08 15:00:00+00:00,54119.1,2024-09-08 17:00:00+00:00,54482.4,signal_reverse,False,55742.672999999995,,False,100.0,1.0,100.0,100.0,0.001847776478174988,-0.6712971945209786,0.32100694579178146,0.003261,-0.9890431403127601
p681,BTCUSDT,-1,2024-09-08 23:00:00+00:00,54513.0,2024-09-09 01:00:00+00:00,55079.2,signal_reverse,False,56148.39,,False,100.0,1.0,100.0,100.0,0.0018344248160989123,-1.0386513308751988,0.32155797699631283,0.009883,-1.3503263078715115
p682,BTCUSDT,-1,2024-09-09 07:00:00+00:00,54881.1,2024-09-09 09:00:00+00:00,55129.3,signal_reverse,False,56527.532999999996,,False,100.0,1.0,100.0,100.0,0.0018221209122994985,-0.4522504104327435,0.3206783756156491,0.009123000000000001,-0.7638057860483927
p683,BTCUSDT,-1,2024-09-09 15:00:00+00:00,54800.0,2024-09-09 16:00:00+00:00,56444.0,initial_sl,False,56444.0,,False,100.0,1.0,100.0,100.0,0.0018248175182481751,-3.0,0.3245,0.0,-3.3245
p684,BTCUSDT,1,2024-09-09 23:00:00+00:00,57203.8,2024-09-10 01:00:00+00:00,56872.7,signal_reverse,False,55487.686,,False,100.0,1.0,100.0,100.0,0.0017481356133683425,-0.5788077015862684,0.31913178844762063,-0.01,-0.9079394900338891
p685,BTCUSDT,-1,2024-09-10 07:00:00+00:00,56805.4,2024-09-10 09:00:00+00:00,57062.1,signal_reverse,False,58509.562,,False,100.0,1.0,100.0,100.0,0.001760396018688364,-0.4518936579972979,0.320677840486996,0.001276,-0.7712954984842939
p686,BTCUSDT,-1,2024-09-10 15:00:00+00:00,56913.1,2024-09-10 17:00:00+00:00,57150.7,signal_reverse,False,58620.492999999995,,False,100.0,1.0,100.0,100.0,0.001757064717964757,-0.41747857698842367,0.3206262178654827,0.000995,-0.7371097948539064
p687,BTCUSDT,-1,2024-09-10 23:00:00+00:00,57585.7,2024-09-11 01:00:00+00:00,56689.9,signal_reverse,False,59313.27099999999,,False,100.0,1.0,100.0,100.0,0.0017365422318388073,1.555594531281196,0.31766660820307824,0.004027,1.241954923078118
p688,BTCUSDT,-1,2024-09-11 07:00:00+00:00,56441.3,2024-09-11 09:00:00+00:00,56650.9,signal_reverse,False,58134.539000000004,,False,100.0,1.0,100.0,100.0,0.0017717522452530326,-0.37135927060503304,0.3205570389059076,0.0017280000000000002,-0.6901883095109407
p689,BTCUSDT,-1,2024-09-11 15:00:00+00:00,55949.7,2024-09-11 17:00:00+00:00,57628.191,initial_sl,False,57628.191,,False,100.0,1.0,100.0,100.0,0.001787319681785604,-3.0000000000000036,0.3245,0.009155,-3.3153450000000038
p690,BTCUSDT,-1,2024-09-11 23:00:00+00:00,57445.1,2024-09-12 01:00:00+00:00,58118.1,signal_reverse,False,59168.453,,False,100.0,1.0,100.0,100.0,0.0017407925131995594,-1.1715533613833033,0.32175733004207496,0.000315,-1.4929956914253784
p691,BTCUSDT,-1,2024-09-12 07:00:00+00:00,57918.2,2024-09-12 09:00:00+00:00,57996.6,signal_reverse,False,59655.746,,False,100.0,1.0,100.0,100.0,0.0017265729943264812,-0.13536332275519863,0.3202030449841328,0.0066240000000000005,-0.44894236773933144
p692,BTCUSDT,-1,2024-09-12 15:00:00+00:00,57500.3,2024-09-12 17:00:00+00:00,58380.1,signal_reverse,False,59225.309,,False,100.0,1.0,100.0,100.0,0.001739121361105942,-1.530078973501,0.3222951184602515,0.002538,-1.8498360919612518
p693,BTCUSDT,-1,2024-09-12 23:00:00+00:00,58117.1,2024-09-13 01:00:00+00:00,58109.9,signal_reverse,False,59860.613,,False,100.0,1.0,100.0,100.0,0.0017206639698126715,0.012388780582646227,0.31998141682912606,0.003154,-0.3044386362464798
p694,BTCUSDT,-1,2024-09-13 07:00:00+00:00,57728.1,2024-09-13 09:00:00+00:00,58024.9,signal_reverse,False,59459.943,,False,100.0,1.0,100.0,100.0,0.001732258640073032,-0.514134364373681,0.3207712015465606,-0.00431,-0.8392155659202416
p695,BTCUSDT,1,2024-09-13 15:00:00+00:00,58432.1,2024-09-13 17:00:00+00:00,59545.0,signal_reverse,False,56679.136999999995,,False,100.0,1.0,100.0,100.0,0.0017113880897657282,1.9046038051002814,0.3228569057076504,-0.001552,1.580194899392631
p696,BTCUSDT,-1,2024-09-13 23:00:00+00:00,60581.1,2024-09-14 01:00:00+00:00,60379.6,signal_reverse,False,62398.532999999996,,False,100.0,1.0,100.0,100.0,0.0016506798324890106,0.33261198624653565,0.3195010820206302,-0.001724,0.01138690422590544
p697,BTCUSDT,1,2024-09-14 07:00:00+00:00,60014.1,2024-09-14 09:00:00+00:00,60041.1,signal_reverse,False,58213.676999999996,,False,100.0,1.0,100.0,100.0,0.001666275092020042,0.044989427484541135,0.3200674841412268,0.000795,-0.2742830566566857
p698,BTCUSDT,1,2024-09-14 15:00:00+00:00,59887.1,2024-09-14 17:00:00+00:00,59862.3,signal_reverse,False,58090.487,,False,100.0,1.0,100.0,100.0,0.0016698086900183847,-0.041411255512448654,0.3199378831167314,0.002375,-0.35897413862918004
p699,BTCUSDT,1,2024-09-14 23:00:00+00:00,59988.6,2024-09-15 01:00:00+00:00,60198.4,signal_reverse,False,58188.941999999995,,False,100.0,1.0,100.0,100.0,0.0016669833935114339,0.34973311595870366,0.3205245996739381,-0.007514,0.021694516284765562
p700,BTCUSDT,-1,2024-09-15 07:00:00+00:00,60128.4,2024-09-15 09:00:00+00:00,59985.0,signal_reverse,False,61932.252,,False,100.0,1.0,100.0,100.0,0.00166310761636764,0.238489632187122,0.3196422655517193,0.000208,-0.08094463336459733
p701,BTCUSDT,-1,2024-09-15 15:00:00+00:00,60249.9,2024-09-15 17:00:00+00:00,59788.1,signal_reverse,False,62057.397000000004,,False,100.0,1.0,100.0,100.0,0.0016597537921224765,0.7664743012021644,0.3188502885481968,0.007324,0.4549480126539676
p702,BTCUSDT,-1,2024-09-15 23:00:00+00:00,59398.0,2024-09-16 01:00:00+00:00,58577.0,signal_reverse,False,61179.94,,False,100.0,1.0,100.0,100.0,0.0016835583689686522,1.3822014209232634,0.3179266978686151,0.003377,1.0676517230546483
p703,BTCUSDT,-1,2024-09-16 07:00:00+00:00,58681.2,2024-09-16 09:00:00+00:00,58605.6,signal_reverse,False,60441.636,,False,100.0,1.0,100.0,100.0,0.001704123296728765,0.12883172123269215,0.319806752418151,0.002239,-0.18873603118545884
p704,BTCUSDT,-1,2024-09-16 15:00:00+00:00,57580.2,2024-09-16 17:00:00+00:00,58153.2,signal_reverse,False,59307.606,,False,100.0,1.0,100.0,100.0,0.0017367081045220405,-0.9951337438911292,0.3214927006158367,0.004538,-1.3120884445069658
p705,BTCUSDT,-1,2024-09-16 23:00:00+00:00,57948.6,2024-09-17 01:00:00+00:00,57873.6,signal_reverse,False,59687.058,,False,100.0,1.0,100.0,100.0,0.0017256672292341835,0.12942504219256376,0.31980586243671116,0.01,-0.1803808202441474
p706,BTCUSDT,-1,2024-09-17 07:00:00+00:00,58461.7,2024-09-17 09:00:00+00:00,58944.0,signal_reverse,False,60215.551,,False,100.0,1.0,100.0,100.0,0.0017105215893482401,-0.8249845625426612,0.321237476843814,0.007666,-1.1385560393864753
p707,BTCUSDT,-1,2024-09-17 15:00:00+00:00,60242.0,2024-09-17 17:00:00+00:00,60933.9,signal_reverse,False,62049.26,,False,100.0,1.0,100.0,100.0,0.001659971448491086,-1.1485342452109848,0.3217228013678165,0.002251,-1.4680060465788014
p708,BTCUSDT,-1,2024-09-17 23:00:00+00:00,60204.4,2024-09-18 01:00:00+00:00,60077.3,signal_reverse,False,62010.532,,False,100.0,1.0,100.0,100.0,0.0016610081655161417,0.21111413783709918,0.3196833287932444,0.000648,-0.10792119095614523
p709,BTCUSDT,-1,2024-09-18 07:00:00+00:00,60434.7,2024-09-18 09:00:00+00:00,59630.0,signal_reverse,False,62247.740999999995,,False,100.0,1.0,100.0,100.0,0.0016546785207835896,1.3315198056745496,0.31800272029148824,0.005549,1.0190660853830613
p710,BTCUSDT,-1,2024-09-18 15:00:00+00:00,59463.5,2024-09-18 17:00:00+00:00,59988.0,signal_reverse,False,61247.405,,False,100.0,1.0,100.0,100.0,0.0016817039023939056,-0.8820536968056035,0.3213230805452084,0.008846,-1.194530777350812
p711,BTCUSDT,-1,2024-09-18 23:00:00+00:00,60658.5,2024-09-19 00:00:00+00:00,62478.255,initial_sl,False,62478.255,,False,100.0,1.0,100.0,100.0,0.0016485735717170719,-2.999999999999996,0.3245,0.0,-3.324499999999996
p712,BTCUSDT,-1,2024-09-19 07:00:00+00:00,62003.3,2024-09-19 09:00:00+00:00,62245.4,signal_reverse,False,63863.399000000005,,False,100.0,1.0,100.0,100.0,0.0016128173823006194,-0.3904630882549776,0.32058569463238246,0.006603,-0.70444578288736
p713,BTCUSDT,-1,2024-09-19 15:00:00+00:00,62907.6,2024-09-19 17:00:00+00:00,63683.9,signal_reverse,False,64794.828,,False,100.0,1.0,100.0,100.0,0.0015896330491069442,-1.2340321360217255,0.32185104820403265,0.005137,-1.5507461842257582
p714,BTCUSDT,-1,2024-09-19 23:00:00+00:00,62914.5,2024-09-20 01:00:00+00:00,63017.3,signal_reverse,False,64801.935,,False,100.0,1.0,100.0,100.0,0.0015894587098363652,-0.16339635537118297,0.3202450945330568,0.003807,-0.47983444990423973
p715,BTCUSDT,-1,2024-09-20 07:00:00+00:00,63760.5,2024-09-20 09:00:00+00:00,63451.1,signal_reverse,False,65673.315,,False,100.0,1.0,100.0,100.0,0.0015683691313587566,0.48525340924240157,0.31927211988613646,-0.001615,0.1643662893562651
p716,BTCUSDT,1,2024-09-20 15:00:00+00:00,63015.9,2024-09-20 17:00:00+00:00,62674.4,signal_reverse,False,61125.423,,False,100.0,1.0,100.0,100.0,0.00158690108369475,-0.5419267200817571,0.3191871099198774,-0.01,-0.8711138300016346
p717,BTCUSDT,-1,2024-09-20 23:00:00+00:00,63150.4,2024-09-21 01:00:00+00:00,62808.1,signal_reverse,False,65044.912000000004,,False,100.0,1.0,100.0,100.0,0.0015835212445210166,0.5420393219995486,0.31918694101700074,0.0,0.2228523809825479
p718,BTCUSDT,1,2024-09-21 15:00:00+00:00,63275.8,2024-09-21 17:00:00+00:00,63261.1,signal_reverse,False,61377.526000000005,,False,100.0,1.0,100.0,100.0,0.001580383021629122,-0.023231630417954993,0.3199651525543731,0.001119,-0.3420777829723281
p719,BTCUSDT,1,2024-09-21 23:00:00+00:00,63196.3,2024-09-22 01:00:00+00:00,63007.3,signal_reverse,False,61300.411,,False,100.0,1.0,100.0,100.0,0.0015823711198282176,-0.29906814164753315,0.3195513977875287,0.000558,-0.6180615394350619
p720,BTCUSDT,1,2024-09-22 07:00:00+00:00,62838.7,2024-09-22 09:00:00+00:00,62666.0,signal_reverse,False,60953.539,,False,100.0,1.0,100.0,100.0,0.0015913760150989757,-0.2748306378075885,0.31958775404328865,0.004373999999999999,-0.5900443918508772
p721,BTCUSDT,1,2024-09-22 15:00:00+00:00,62648.9,2024-09-22 17:00:00+00:00,63034.4,signal_reverse,False,60769.433000000005,,False,100.0,1.0,100.0,100.0,0.0015961972197436826,0.6153340282111897,0.3209230010423168,-0.005468,0.2889430271688729
p722,BTCUSDT,-1,2024-09-22 23:00:00+00:00,63853.5,2024-09-23 01:00:00+00:00,63794.3,signal_reverse,False,65769.105,,False,100.0,1.0,100.0,100.0,0.001566084866138896,0.09271222407541808,0.3198609316638869,0.01,-0.21714870758846883
p723,BTCUSDT,-1,2024-09-23 07:00:00+00:00,63635.7,2024-09-23 09:00:00+00:00,63605.6,signal_reverse,False,65544.771,,False,100.0,1.0,100.0,100.0,0.0015714449593545762,0.04730049327657046,0.3199290492600852,-0.001126,-0.2737545559835148
p724,BTCUSDT,1,2024-09-23 15:00:00+00:00,63368.1,2024-09-23 17:00:00+00:00,63284.6,signal_reverse,False,61467.057,,False,100.0,1.0,100.0,100.0,0.0015780810849623076,-0.1317697705943527,0.31980234534410845,-0.004385999999999999,-0.45595811593846114
p725,BTCUSDT,-1,2024-09-23 23:00:00+00:00,63202.0,2024-09-24 01:00:00+00:00,62910.3,signal_reverse,False,65098.06,,False,100.0,1.0,100.0,100.0,0.0015822284104933387,0.4615360273409023,0.31930769595898867,0.008154,0.15038233138191365
p726,BTCUSDT,-1,2024-09-24 07:00:00+00:00,63279.5,2024-09-24 09:00:00+00:00,63502.3,signal_reverse,False,65177.885,,False,100.0,1.0,100.0,100.0,0.0015802906154441802,-0.35208874912096794,0.32052813312368145,0.007883000000000001,-0.6647338822446495
p727,BTCUSDT,-1,2024-09-24 15:00:00+00:00,63158.1,2024-09-24 17:00:00+00:00,63743.1,signal_reverse,False,65052.843,,False,100.0,1.0,100.0,100.0,0.0015833281875167239,-0.9262469896972835,0.32138937048454597,0.002404,-1.2452323601818294
p728,BTCUSDT,-1,2024-09-24 23:00:00+00:00,64577.6,2024-09-25 01:00:00+00:00,64382.0,signal_reverse,False,66514.928,,False,100.0,1.0,100.0,100.0,0.0015485245657937117,0.3028914050692478,0.31954566289239617,0.01,-0.006654257823148388
p729,BTCUSDT,-1,2024-09-25 07:00:00+00:00,63772.9,2024-09-25 09:00:00+00:00,63577.5,signal_reverse,False,65686.087,,False,100.0,1.0,100.0,100.0,0.0015680641777306662,0.3063997403285745,0.31954040038950715,0.01,-0.003140660060932674
p730,BTCUSDT,-1,2024-09-25 15:00:00+00:00,63921.9,2024-09-25 17:00:00+00:00,63150.2,signal_reverse,False,65839.557,,False,100.0,1.0,100.0,100.0,0.0015644090679407213,1.2072544777298615,0.31818911828340524,0.01,0.8990653594464563
p731,BTCUSDT,-1,2024-09-25 23:00:00+00:00,63258.0,2024-09-26 01:00:00+00:00,63136.3,signal_reverse,False,65155.74,,False,100.0,1.0,100.0,100.0,0.0015808277213949225,0.19238673369375747,0.3197114198994594,0.01,-0.11732468620570193
p732,BTCUSDT,-1,2024-09-26 07:00:00+00:00,63694.2,2024-09-26 09:00:00+00:00,63768.1,signal_reverse,False,65605.026,,False,100.0,1.0,100.0,100.0,0.001570001664201764,-0.11602312298451264,0.3201740346844768,0.01,-0.42619715766898947
p733,BTCUSDT,-1,2024-09-26 15:00:00+00:00,64392.8,2024-09-26 17:00:00+00:00,65097.0,signal_reverse,False,66324.584,,False,100.0,1.0,100.0,100.0,0.0015529686548806697,-1.093600526766963,0.3216404007901505,0.009007,-1.4062339275571136
p734,BTCUSDT,-1,2024-09-26 23:00:00+00:00,65070.1,2024-09-27 01:00:00+00:00,65090.9,signal_reverse,False,67022.203,,False,100.0,1.0,100.0,100.0,0.00153680415428899,-0.03196552640921546,0.32004794828961386,0.007718,-0.3442954746988293
p735,BTCUSDT,-1,2024-09-27 07:00:00+00:00,65318.2,2024-09-27 09:00:00+00:00,65729.2,signal_reverse,False,67277.746,,False,100.0,1.0,100.0,100.0,0.0015309668668150684,-0.6292273822609932,0.3209438410733915,0.00868,-0.9414912233343846
p736,BTCUSDT,-1,2024-09-27 15:00:00+00:00,66210.1,2024-09-27 17:00:00+00:00,65882.8,signal_reverse,False,68196.403,,False,100.0,1.0,100.0,100.0,0.0015103435880628483,0.49433545637297466,0.3192584968154406,0.0037799999999999995,0.17885695955753406
p737,BTCUSDT,-1,2024-09-27 23:00:00+00:00,65842.5,2024-09-28 01:00:00+00:00,65972.3,signal_reverse,False,67817.775,,False,100.0,1.0,100.0,100.0,0.0015187758666514789,-0.19713710749136637,0.32029570566123705,0.004588,-0.5128448131526033
p738,BTCUSDT,-1,2024-09-28 07:00:00+00:00,65777.0,2024-09-28 09:00:00+00:00,65598.9,signal_reverse,False,67750.31,,False,100.0,1.0,100.0,100.0,0.0015202882466515651,0.2707633367286526,0.31959385499490706,0.01,-0.03883051826625445
p739,BTCUSDT,-1,2024-09-28 15:00:00+00:00,65691.5,2024-09-28 17:00:00+00:00,65609.3,signal_reverse,False,67662.245,,False,100.0,1.0,100.0,100.0,0.0015222669599567677,0.12513034410844187,0.31981230448383735,0.0065320000000000005,-0.18814996037539547
p740,BTCUSDT,-1,2024-09-28 23:00:00+00:00,65656.7,2024-09-29 01:00:00+00:00,65848.2,signal_reverse,False,67626.401,,False,100.0,1.0,100.0,100.0,0.0015230738066335956,-0.29166863397033355,0.3204375029509555,0.01,-0.602106136921289
p741,BTCUSDT,-1,2024-09-29 07:00:00+00:00,65482.9,2024-09-29 09:00:00+00:00,65564.1,signal_reverse,False,67447.387,,False,100.0,1.0,100.0,100.0,0.0015271162395068024,-0.12400183864795902,0.320186002757972,0.01,-0.43418784140593103
p742,BTCUSDT,-1,2024-09-29 15:00:00+00:00,65670.7,2024-09-29 17:00:00+00:00,65803.5,signal_reverse,False,67640.821,,False,100.0,1.0,100.0,100.0,0.0015227491103338325,-0.2022210818523374,0.3203033316227786,0.01,-0.5125244134751159
p743,BTCUSDT,-1,2024-09-29 23:00:00+00:00,65651.6,2024-09-30 01:00:00+00:00,64744.8,signal_reverse,False,67621.148,,False,100.0,1.0,100.0,100.0,0.001523192123268892,1.3812306173802358,0.3179281540739297,0.01,1.073302463306306
p744,BTCUSDT,-1,2024-09-30 07:00:00+00:00,64315.6,2024-09-30 09:00:00+00:00,63504.5,signal_reverse,False,66245.068,,False,100.0,1.0,100.0,100.0,0.0015548327310947888,1.2611248281909808,0.31810831275771356,0.01,0.9530165154332673
p745,BTCUSDT,-1,2024-09-30 15:00:00+00:00,63722.5,2024-09-30 17:00:00+00:00,63667.1,signal_reverse,False,65634.175,,False,100.0,1.0,100.0,100.0,0.0015693044058221193,0.08693946408254768,0.31986959080387617,0.01,-0.22293012672132848
p746,BTCUSDT,-1,2024-09-30 23:00:00+00:00,63458.7,2024-10-01 01:00:00+00:00,63425.0,signal_reverse,False,65362.460999999996,,False,100.0,1.0,100.0,100.0,0.0015758280582489083,0.053105405562983626,0.3199203418916555,0.002677,-0.26413793632867194
p747,BTCUSDT,-1,2024-10-01 07:00:00+00:00,63999.9,2024-10-01 09:00:00+00:00,63823.2,signal_reverse,False,65919.897,,False,100.0,1.0,100.0,100.0,0.0015625024414100647,0.27609418139716524,0.31958585872790424,0.000208,-0.043283677330739
p748,BTCUSDT,-1,2024-10-01 15:00:00+00:00,62566.2,2024-10-01 17:00:00+00:00,62143.1,signal_reverse,False,64443.185999999994,,False,100.0,1.0,100.0,100.0,0.0015983070731481217,0.6762437226489679,0.31898563441602656,0.00526,0.36251808823294135
p749,BTCUSDT,-1,2024-10-01 23:00:00+00:00,60747.6,2024-10-02 01:00:00+00:00,61497.3,signal_reverse,False,62570.028,,False,100.0,1.0,100.0,100.0,0.0016461555682858254,-1.2341228295438904,0.32185118424431586,0.01,-1.5459740137882063
p750,BTCUSDT,-1,2024-10-02 07:00:00+00:00,61666.1,2024-10-02 09:00:00+00:00,61250.2,signal_reverse,False,63516.083,,False,100.0,1.0,100.0,100.0,0.001621636523146429,0.6744386299766022,0.3189883420550351,0.009064,0.3645142879215671
p751,BTCUSDT,-1,2024-10-02 15:00:00+00:00,61040.1,2024-10-02 17:00:00+00:00,61606.3,signal_reverse,False,62871.303,,False,100.0,1.0,100.0,100.0,0.0016382673029696872,-0.9275869469414441,0.3213913804204122,-0.0009130000000000001,-1.2498913273618562
p752,BTCUSDT,1,2024-10-02 23:00:00+00:00,60831.0,2024-10-03 01:00:00+00:00,61003.8,signal_reverse,False,59006.07,,False,100.0,1.0,100.0,100.0,0.0016438986700859758,0.2840656901908614,0.3204260985352863,-0.007216,-0.04357640834442489
p753,BTCUSDT,-1,2024-10-03 07:00:00+00:00,61307.7,2024-10-03 09:00:00+00:00,60688.4,signal_reverse,False,63146.931,,False,100.0,1.0,100.0,100.0,0.0016311164829213949,1.0101504378732127,0.31848477434319017,0.01,0.7016656635300225
p754,BTCUSDT,-1,2024-10-03 15:00:00+00:00,60147.6,2024-10-03 17:00:00+00:00,60614.3,signal_reverse,False,61952.028,,False,100.0,1.0,100.0,100.0,0.0016625767279159934,-0.7759245589184014,0.3211638868383776,0.0073549999999999996,-1.0897334457567789
p755,BTCUSDT,-1,2024-10-03 23:00:00+00:00,60871.9,2024-10-04 01:00:00+00:00,61191.7,signal_reverse,False,62698.057,,False,100.0,1.0,100.0,100.0,0.0016427941299680148,-0.525365562763764,0.3207880483441457,0.01,-0.8361536111079098
p756,BTCUSDT,-1,2024-10-04 07:00:00+00:00,61085.0,2024-10-04 09:00:00+00:00,61309.6,signal_reverse,False,62917.55,,False,100.0,1.0,100.0,100.0,0.0016370631087828436,-0.3676843742326243,0.32055152656134894,0.0008780000000000001,-0.6873579007939732
p757,BTCUSDT,-1,2024-10-04 15:00:00+00:00,61210.5,2024-10-04 17:00:00+00:00,61953.4,signal_reverse,False,63046.815,,False,100.0,1.0,100.0,100.0,0.0016337066352994992,-1.2136806593640004,0.321820520989046,0.006585000000000001,-1.5289161803530462
p758,BTCUSDT,-1,2024-10-04 23:00:00+00:00,62187.5,2024-10-05 01:00:00+00:00,62049.9,signal_reverse,False,64053.125,,False,100.0,1.0,100.0,100.0,0.0016080402010050252,0.22126633165828913,0.3196681005025126,0.001457,-0.09694476884422347
p759,BTCUSDT,-1,2024-10-05 07:00:00+00:00,62197.7,2024-10-05 09:00:00+00:00,62221.5,signal_reverse,False,64063.630999999994,,False,100.0,1.0,100.0,100.0,0.0016077764933430014,-0.03826508054156812,0.32005739762081237,0.0037160000000000006,-0.3546064781623805
p760,BTCUSDT,-1,2024-10-05 15:00:00+00:00,62163.2,2024-10-05 17:00:00+00:00,61988.6,signal_reverse,False,64028.096,,False,100.0,1.0,100.0,100.0,0.0016086687943992588,0.28087357150210823,0.3195786896427469,0.007081,-0.03162411814063865
p761,BTCUSDT,-1,2024-10-05 23:00:00+00:00,62018.5,2024-10-06 01:00:00+00:00,62059.2,signal_reverse,False,63879.055,,False,100.0,1.0,100.0,100.0,0.0016124220998573007,-0.06562557946418744,0.3200984383691963,0.01,-0.37572401783338377
p762,BTCUSDT,-1,2024-10-06 07:00:00+00:00,61939.8,2024-10-06 09:00:00+00:00,62043.9,signal_reverse,False,63797.994000000006,,False,100.0,1.0,100.0,100.0,0.0016144708248977233,-0.16806641287185065,0.3202520996193078,0.01,-0.4783185124911584
p763,BTCUSDT,-1,2024-10-06 15:00:00+00:00,62682.0,2024-10-06 17:00:00+00:00,62550.0,signal_reverse,False,64562.46,,False,100.0,1.0,100.0,100.0,0.0015953543281962924,0.2105867713219106,0.31968411984301714,0.004254,-0.10484334852110656
p764,BTCUSDT,-1,2024-10-06 23:00:00+00:00,62588.1,2024-10-07 01:00:00+00:00,63799.6,signal_reverse,False,64465.742999999995,,False,100.0,1.0,100.0,100.0,0.0015977478146804265,-1.9356714774853367,0.32290350721622807,0.001298,-2.2572769847015652
p765,BTCUSDT,-1,2024-10-07 07:00:00+00:00,63672.5,2024-10-07 09:00:00+00:00,63185.0,signal_reverse,False,65582.675,,False,100.0,1.0,100.0,100.0,0.0015705367309277946,0.7656366563272998,0.31885154501550905,0.00010899999999999999,0.4468941113117908
p766,BTCUSDT,-1,2024-10-07 15:00:00+00:00,63971.2,2024-10-07 17:00:00+00:00,63808.6,signal_reverse,False,65890.336,,False,100.0,1.0,100.0,100.0,0.001563203441548697,0.25417687959581586,0.31961873468060625,0.008184,-0.05725785508479039
p767,BTCUSDT,-1,2024-10-07 23:00:00+00:00,62420.1,2024-10-08 01:00:00+00:00,62597.9,signal_reverse,False,64292.703,,False,100.0,1.0,100.0,100.0,0.001602048058237651,-0.284844144754659,0.320427266217132,-0.002285,-0.607556410971791
p768,BTCUSDT,1,2024-10-08 07:00:00+00:00,62477.5,2024-10-08 09:00:00+00:00,62506.5,signal_reverse,False,60603.175,,False,100.0,1.0,100.0,100.0,0.0016005762074346765,0.046416710015605614,0.3200696250650234,0.000639,-0.2730139150494178
p769,BTCUSDT,1,2024-10-08 15:00:00+00:00,62746.0,2024-10-08 17:00:00+00:00,62361.6,signal_reverse,False,60863.62,,False,100.0,1.0,100.0,100.0,0.0015937270901730787,-0.6126286934625338,0.31908105695980626,-5.9999999999999995e-05,-0.93176975042234
p770,BTCUSDT,-1,2024-10-08 23:00:00+00:00,62151.1,2024-10-09 01:00:00+00:00,62381.1,signal_reverse,False,64015.633,,False,100.0,1.0,100.0,100.0,0.0016089819810107947,-0.3700658556324828,0.32055509878344873,0.002239,-0.6883819544159315
p771,BTCUSDT,-1,2024-10-09 07:00:00+00:00,62412.0,2024-10-09 09:00:00+00:00,62234.3,signal_reverse,False,64284.36,,False,100.0,1.0,100.0,100.0,0.001602255976414792,0.28472088700890386,0.31957291866948667,0.008393000000000001,-0.026459031660582815
p772,BTCUSDT,-1,2024-10-09 15:00:00+00:00,61849.9,2024-10-09 17:00:00+00:00,61725.4,signal_reverse,False,63705.397000000004,,False,100.0,1.0,100.0,100.0,0.0016168174887914127,0.20129377735453088,0.3196980593339682,0.008869,-0.10953528197943734
p773,BTCUSDT,-1,2024-10-09 23:00:00+00:00,60764.3,2024-10-10 01:00:00+00:00,60779.4,signal_reverse,False,62587.22900000001,,False,100.0,1.0,100.0,100.0,0.0016457031513569644,-0.024850117585487767,0.32003727517637826,0.002703,-0.342184392761866
p774,BTCUSDT,-1,2024-10-10 07:00:00+00:00,61118.1,2024-10-10 09:00:00+00:00,60901.1,signal_reverse,False,62951.643,,False,100.0,1.0,100.0,100.0,0.001636176517267389,0.3550503042470234,0.3194674245436295,0.005089000000000001,0.040671879703393914
p775,BTCUSDT,-1,2024-10-10 15:00:00+00:00,60568.9,2024-10-10 17:00:00+00:00,59584.6,signal_reverse,False,62385.967000000004,,False,100.0,1.0,100.0,100.0,0.0016510123182029062,1.6250914248071253,0.3175623628627894,0.006638,1.314167061944336
p776,BTCUSDT,-1,2024-10-10 23:00:00+00:00,60115.5,2024-10-11 01:00:00+00:00,60547.4,signal_reverse,False,61918.965,,False,100.0,1.0,100.0,100.0,0.001663464497508962,-0.718450316474123,0.32107767547471117,0.000744,-1.0387839919488342
p777,BTCUSDT,-1,2024-10-11 07:00:00+00:00,60769.0,2024-10-11 09:00:00+00:00,61059.4,signal_reverse,False,62592.07,,False,100.0,1.0,100.0,100.0,0.0016455758692754529,-0.4778752324375939,0.3207168128486564,0.004712,-0.7938800452862502
p778,BTCUSDT,-1,2024-10-11 15:00:00+00:00,61728.2,2024-10-11 17:00:00+00:00,62899.9,signal_reverse,False,63580.045999999995,,False,100.0,1.0,100.0,100.0,0.0016200051192161767,-1.8981599981856014,0.32284723999727843,0.01,-2.21100723818288
p779,BTCUSDT,-1,2024-10-11 23:00:00+00:00,62420.0,2024-10-12 01:00:00+00:00,62716.2,signal_reverse,False,64292.6,,False,100.0,1.0,100.0,100.0,0.0016020506247997437,-0.4745273950656794,0.32071179109259856,0.01,-0.7852391861582779
p780,BTCUSDT,-1,2024-10-12 07:00:00+00:00,62664.4,2024-10-12 09:00:00+00:00,62819.3,signal_reverse,False,64544.332,,False,100.0,1.0,100.0,100.0,0.0015958024013634534,-0.24718979197120125,0.3203707846879568,0.01,-0.557560576659158
p781,BTCUSDT,-1,2024-10-12 15:00:00+00:00,63205.6,2024-10-12 17:00:00+00:00,63065.6,signal_reverse,False,65101.768,,False,100.0,1.0,100.0,100.0,0.0015821382915437872,0.22149936081613023,0.31966775095877586,0.0067139999999999995,-0.09145439014264564
p782,BTCUSDT,-1,2024-10-12 23:00:00+00:00,63272.0,2024-10-13 01:00:00+00:00,62865.5,signal_reverse,False,65170.16,,False,100.0,1.0,100.0,100.0,0.001580477936528006,0.6424642811986344,0.31903630357820206,0.009179999999999999,0.33260797762043237
p783,BTCUSDT,-1,2024-10-13 07:00:00+00:00,62847.7,2024-10-13 09:00:00+00:00,62799.6,signal_reverse,False,64733.130999999994,,False,100.0,1.0,100.0,100.0,0.0015911481247523776,0.07653422480058705,0.31988519866279913,0.005896,-0.23745497386221207
p784,BTCUSDT,-1,2024-10-13 15:00:00+00:00,62227.1,2024-10-13 17:00:00+00:00,62486.6,signal_reverse,False,64093.913,,False,100.0,1.0,100.0,100.0,0.001607016878498275,-0.41702087997030235,0.32062553131995547,0.006965999999999999,-0.7306804112902578
p785,BTCUSDT,-1,2024-10-13 23:00:00+00:00,62813.9,2024-10-14 01:00:00+00:00,62601.2,signal_reverse,False,64698.317,,False,100.0,1.0,100.0,100.0,0.001592004317515709,0.3386193183355983,0.3194920710224966,0.006128,0.02525524731310167
p786,BTCUSDT,-1,2024-10-14 07:00:00+00:00,64064.4,2024-10-14 09:00:00+00:00,64800.0,signal_reverse,False,65986.332,,False,100.0,1.0,100.0,100.0,0.0015609293148769051,-1.1482196040234491,0.3217223294060352,0.01,-1.4599419334294843
p787,BTCUSDT,-1,2024-10-14 15:00:00+00:00,65897.2,2024-10-14 17:00:00+00:00,65625.1,signal_reverse,False,67874.116,,False,100.0,1.0,100.0,100.0,0.0015175151599764482,0.4129158750295783,0.31938062618745566,0.01,0.10353524884212266
p788,BTCUSDT,-1,2024-10-14 23:00:00+00:00,66449.2,2024-10-15 01:00:00+00:00,65868.0,signal_reverse,False,68442.67599999999,,False,100.0,1.0,100.0,100.0,0.001504909013201062,0.8746531184724529,0.3186880203222913,0.01,0.5659650981501616
p789,BTCUSDT,-1,2024-10-15 07:00:00+00:00,65551.1,2024-10-15 09:00:00+00:00,65628.7,signal_reverse,False,67517.633,,False,100.0,1.0,100.0,100.0,0.001525527412964847,-0.11838092724605881,0.32017757139086905,0.01,-0.42855849863692785
p790,BTCUSDT,-1,2024-10-15 15:00:00+00:00,65351.0,2024-10-15 17:00:00+00:00,66807.1,signal_reverse,False,67311.53,,False,100.0,1.0,100.0,100.0,0.0015301984667411364,-2.2281219874217775,0.3233421829811327,0.01,-2.5414641704029104
p791,BTCUSDT,-1,2024-10-15 23:00:00+00:00,66732.3,2024-10-16 01:00:00+00:00,67367.6,signal_reverse,False,68734.269,,False,100.0,1.0,100.0,100.0,0.0014985247024304571,-0.9520127434540737,0.32142801911518115,0.01,-1.2634407625692547
p792,BTCUSDT,-1,2024-10-16 07:00:00+00:00,67037.5,2024-10-16 09:00:00+00:00,67413.6,signal_reverse,False,69048.625,,False,100.0,1.0,100.0,100.0,0.0014917024053701287,-0.5610292746597141,0.3208415439119896,0.01,-0.8718708185717037
p793,BTCUSDT,-1,2024-10-16 15:00:00+00:00,67655.9,2024-10-16 17:00:00+00:00,67927.1,signal_reverse,False,69685.57699999999,,False,100.0,1.0,100.0,100.0,0.0014780676925441833,-0.4008519582179997,0.320601277937327,0.01,-0.7114532361553267
p794,BTCUSDT,-1,2024-10-16 23:00:00+00:00,67763.5,2024-10-17 01:00:00+00:00,67876.8,signal_reverse,False,69796.405,,False,100.0,1.0,100.0,100.0,0.0014757207050993528,-0.16719915588776096,0.32025079873383167,0.01,-0.4774499546215926
p795,BTCUSDT,-1,2024-10-17 07:00:00+00:00,67135.2,2024-10-17 09:00:00+00:00,67167.6,signal_reverse,False,69149.256,,False,100.0,1.0,100.0,100.0,0.0014895315721112025,-0.04826082293641597,0.3200723912344046,0.01,-0.3583332141708206
p796,BTCUSDT,-1,2024-10-17 15:00:00+00:00,67091.4,2024-10-17 17:00:00+00:00,67262.3,signal_reverse,False,69104.14199999999,,False,100.0,1.0,100.0,100.0,0.0014905039990222295,-0.25472713343291203,0.32038209070014934,0.01,-0.5651092241330613
p797,BTCUSDT,-1,2024-10-17 23:00:00+00:00,67419.7,2024-10-18 01:00:00+00:00,68070.4,signal_reverse,False,69442.291,,False,100.0,1.0,100.0,100.0,0.0014832459948650025,-0.9651481688586527,0.321447722253288,0.008463,-1.2781328911119407
p798,BTCUSDT,-1,2024-10-18 07:00:00+00:00,68081.6,2024-10-18 09:00:00+00:00,67778.2,signal_reverse,False,70124.04800000001,,False,100.0,1.0,100.0,100.0,0.0014688256445206927,0.445641700547591,0.3193315374491786,0.01,0.13631016309841243
p799,BTCUSDT,-1,2024-10-18 15:00:00+00:00,68415.3,2024-10-18 17:00:00+00:00,68693.9,signal_reverse,False,70467.759,,False,100.0,1.0,100.0,100.0,0.0014616613535276466,-0.40721885309278955,0.3206108282796392,0.01,-0.7178296813724288
p800,BTCUSDT,-1,2024-10-18 23:00:00+00:00,68190.1,2024-10-19 01:00:00+00:00,68312.8,signal_reverse,False,70235.803,,False,100.0,1.0,100.0,100.0,0.001466488537192349,-0.17993814351349693,0.32026990721527027,0.01,-0.49020805072876716
p801,BTCUSDT,-1,2024-10-19 07:00:00+00:00,68316.5,2024-10-19 09:00:00+00:00,68333.1,signal_reverse,False,70365.995,,False,100.0,1.0,100.0,100.0,0.0014637752226768057,-0.024298668696443496,0.32003644800304465,0.01,-0.3343351166994881
p802,BTCUSDT,-1,2024-10-19 15:00:00+00:00,68283.8,2024-10-19 17:00:00+00:00,68113.7,signal_reverse,False,70332.314,,False,100.0,1.0,100.0,100.0,0.0014644762007972607,0.24910740175562257,0.3196263388973666,0.01,-0.06051893714174401
p803,BTCUSDT,-1,2024-10-19 23:00:00+00:00,68313.1,2024-10-20 01:00:00+00:00,68138.1,signal_reverse,False,70362.493,,False,100.0,1.0,100.0,100.0,0.0014638480759912812,0.2561734132984742,0.3196157398800523,0.01,-0.05344232658157811
p804,BTCUSDT,-1,2024-10-20 07:00:00+00:00,68374.0,2024-10-20 09:00:00+00:00,68414.9,signal_reverse,False,70425.22,,False,100.0,1.0,100.0,100.0,0.0014625442419633195,-0.05981805949629125,0.32008972708924444,0.01,-0.3699077865855357
p805,BTCUSDT,-1,2024-10-20 15:00:00+00:00,68631.9,2024-10-20 17:00:00+00:00,68550.1,signal_reverse,False,70690.85699999999,,False,100.0,1.0,100.0,100.0,0.0014570483987766624,0.11918655901991401,0.3198212201614702,0.01,-0.19063466114155617
p806,BTCUSDT,-1,2024-10-20 23:00:00+00:00,69135.3,2024-10-21 01:00:00+00:00,69216.0,signal_reverse,False,71209.359,,False,100.0,1.0,100.0,100.0,0.0014464390839411994,-0.11672763407405058,0.3201750914511111,0.01,-0.4269027255251617
p807,BTCUSDT,-1,2024-10-21 07:00:00+00:00,68696.4,2024-10-21 09:00:00+00:00,68387.6,signal_reverse,False,70757.29199999999,,False,100.0,1.0,100.0,100.0,0.0014556803558847336,0.44951409389718877,0.3193257288591542,0.01,0.14018836503803456
p808,BTCUSDT,-1,2024-10-21 15:00:00+00:00,67284.6,2024-10-21 17:00:00+00:00,67538.8,signal_reverse,False,69303.138,,False,100.0,1.0,100.0,100.0,0.0014862241880014147,-0.3777981885899553,0.32056669728288495,0.01,-0.6883648858728402
p809,BTCUSDT,-1,2024-10-21 23:00:00+00:00,67774.0,2024-10-22 01:00:00+00:00,67509.1,signal_reverse,False,69807.22,,False,100.0,1.0,100.0,100.0,0.0014754920766075486,0.39085785109333104,0.31941371322336004,0.01,0.081444137869971
p810,BTCUSDT,-1,2024-10-22 07:00:00+00:00,67575.1,2024-10-22 09:00:00+00:00,66939.8,signal_reverse,False,69602.353,,False,100.0,1.0,100.0,100.0,0.0014798350279910794,0.940139193282737,0.3185897912100759,0.01,0.6315494020726611
p811,BTCUSDT,-1,2024-10-22 15:00:00+00:00,67542.1,2024-10-22 17:00:00+00:00,67319.9,signal_reverse,False,69568.36300000001,,False,100.0,1.0,100.0,100.0,0.0014805580519409375,0.32897999914129356,0.3195065300012881,0.01,0.019473469140005466
p812,BTCUSDT,-1,2024-10-22 23:00:00+00:00,67720.0,2024-10-23 01:00:00+00:00,67343.7,signal_reverse,False,69751.6,,False,100.0,1.0,100.0,100.0,0.0014766686355581807,0.5556704075605478,0.3191664943886592,0.01,0.24650391317188858
p813,BTCUSDT,-1,2024-10-23 07:00:00+00:00,66902.1,2024-10-23 09:00:00+00:00,66489.1,signal_reverse,False,68909.163,,False,100.0,1.0,100.0,100.0,0.0014947213914062486,0.6173199346507807,0.3190740200980239,0.01,0.30824591455275685
p814,BTCUSDT,-1,2024-10-23 15:00:00+00:00,66478.4,2024-10-23 17:00:00+00:00,65717.3,signal_reverse,False,68472.752,,False,100.0,1.0,100.0,100.0,0.001504247996341669,1.1448831500156311,0.31828267527497656,0.01,0.8366004747406546
p815,BTCUSDT,-1,2024-10-23 23:00:00+00:00,66474.7,2024-10-24 01:00:00+00:00,67273.7,signal_reverse,False,68468.94099999999,,False,100.0,1.0,100.0,100.0,0.0015043317231969457,-1.2019610468343596,0.3218029415702515,0.01,-1.513763988404611
p816,BTCUSDT,-1,2024-10-24 07:00:00+00:00,67123.4,2024-10-24 09:00:00+00:00,66874.7,signal_reverse,False,69137.102,,False,100.0,1.0,100.0,100.0,0.001489793425243656,0.3705116248580929,0.3194442325627129,0.01,0.06106739229537999
p817,BTCUSDT,-1,2024-10-24 15:00:00+00:00,67766.7,2024-10-24 17:00:00+00:00,67633.9,signal_reverse,False,69799.701,,False,100.0,1.0,100.0,100.0,0.001475651020338898,0.19596645550100994,0.3197060503167485,0.01,-0.11373959481573855
p818,BTCUSDT,-1,2024-10-24 23:00:00+00:00,68164.2,2024-10-25 01:00:00+00:00,67946.3,signal_reverse,False,70209.126,,False,100.0,1.0,100.0,100.0,0.0014670457512887998,0.31966926920582095,0.3195204960961913,0.01,0.01014877310962963
p819,BTCUSDT,-1,2024-10-25 07:00:00+00:00,67612.3,2024-10-25 09:00:00+00:00,67822.0,signal_reverse,False,69640.66900000001,,False,100.0,1.0,100.0,100.0,0.0014790208290503355,-0.310150667851851,0.3204652260017778,0.007097000000000001,-0.6235188938536288
p820,BTCUSDT,-1,2024-10-25 15:00:00+00:00,68288.8,2024-10-25 17:00:00+00:00,66800.1,signal_reverse,False,70337.464,,False,100.0,1.0,100.0,100.0,0.0014643689741216715,2.180006091774928,0.3167299908623376,0.01,1.8732761009125907
p821,BTCUSDT,-1,2024-10-25 23:00:00+00:00,66589.6,2024-10-26 01:00:00+00:00,66688.8,signal_reverse,False,68587.288,,False,100.0,1.0,100.0,100.0,0.0015017360068238883,-0.14897221187692536,0.3202234583178154,0.007515,-0.46168067019474074
p822,BTCUSDT,-1,2024-10-26 07:00:00+00:00,67144.0,2024-10-26 09:00:00+00:00,67035.0,signal_reverse,False,69158.32,,False,100.0,1.0,100.0,100.0,0.0014893363517216728,0.16233766233766234,0.31975649350649354,0.01,-0.1474188311688312
p823,BTCUSDT,-1,2024-10-26 15:00:00+00:00,66765.3,2024-10-26 17:00:00+00:00,67034.2,signal_reverse,False,68768.259,,False,100.0,1.0,100.0,100.0,0.0014977840285297901,-0.40275412527165183,0.32060413118790754,0.008614,-0.7147442564595593
p824,BTCUSDT,-1,2024-10-26 23:00:00+00:00,67108.3,2024-10-27 01:00:00+00:00,67055.8,signal_reverse,False,69121.549,,False,100.0,1.0,100.0,100.0,0.0014901286428057334,0.078231753747301,0.319882652369379,0.008659,-0.232991898622078
p825,BTCUSDT,-1,2024-10-27 07:00:00+00:00,67169.6,2024-10-27 09:00:00+00:00,67124.9,signal_reverse,False,69184.68800000001,,False,100.0,1.0,100.0,100.0,0.001488768728710607,0.06654796217338146,0.31990017805674,0.01,-0.24335221588335854
p826,BTCUSDT,-1,2024-10-27 15:00:00+00:00,67666.4,2024-10-27 17:00:00+00:00,67737.5,signal_reverse,False,69696.39199999999,,False,100.0,1.0,100.0,100.0,0.0014778383363087146,-0.10507430571155821,0.32015761145856736,0.009734,-0.4154979171701255
p827,BTCUSDT,-1,2024-10-27 23:00:00+00:00,68085.4,2024-10-28 01:00:00+00:00,67722.9,signal_reverse,False,70127.962,,False,100.0,1.0,100.0,100.0,0.0014687436660429404,0.5324195789405659,0.31920137063158915,0.01,0.22321820830897676
p828,BTCUSDT,-1,2024-10-28 07:00:00+00:00,67930.0,2024-10-28 09:00:00+00:00,68541.4,signal_reverse,False,69967.9,,False,100.0,1.0,100.0,100.0,0.0014721036360959812,-0.9000441631090743,0.3213500662446636,0.01,-1.2113942293537379
p829,BTCUSDT,-1,2024-10-28 15:00:00+00:00,68819.4,2024-10-28 17:00:00+00:00,68949.8,signal_reverse,False,70883.98199999999,,False,100.0,1.0,100.0,100.0,0.0014530786377097158,-0.18948145435735964,0.32028422218153607,0.01,-0.4997656765388957
p830,BTCUSDT,-1,2024-10-28 23:00:00+00:00,69955.1,2024-10-29 01:00:00+00:00,70295.5,signal_reverse,False,72053.75300000001,,False,100.0,1.0,100.0,100.0,0.001429488343237305,-0.4865978320379703,0.32072989674805696,0.01,-0.7973277287860272
p831,BTCUSDT,-1,2024-10-29 07:00:00+00:00,71250.2,2024-10-29 09:00:00+00:00,71294.9,signal_reverse,False,73387.70599999999,,False,100.0,1.0,100.0,100.0,0.0014035048322671374,-0.06273666600233696,0.3200941049990035,0.01,-0.37283077100134043
p832,BTCUSDT,-1,2024-10-29 15:00:00+00:00,71864.1,2024-10-29 17:00:00+00:00,72724.0,signal_reverse,False,74020.023,,False,100.0,1.0,100.0,100.0,0.0013915153741576112,-1.1965640702381217,0.3217948461053572,0.01,-1.508358916343479
p833,BTCUSDT,-1,2024-10-29 23:00:00+00:00,72692.0,2024-10-30 01:00:00+00:00,72450.0,signal_reverse,False,74872.76,,False,100.0,1.0,100.0,100.0,0.0013756671985913167,0.33291146205909866,0.3195006328069114,0.01,0.023410829252187286
p834,BTCUSDT,-1,2024-10-30 07:00:00+00:00,72331.5,2024-10-30 09:00:00+00:00,72612.1,signal_reverse,False,74501.445,,False,100.0,1.0,100.0,100.0,0.001382523520181387,-0.3879360997629052,0.3205819041496444,0.01,-0.6985180039125496
p835,BTCUSDT,-1,2024-10-30 15:00:00+00:00,72432.4,2024-10-30 17:00:00+00:00,71920.1,signal_reverse,False,74605.37199999999,,False,100.0,1.0,100.0,100.0,0.001380597633103418,0.7072801674388649,0.3189390797488417,0.01,0.3983410876900232
p836,BTCUSDT,-1,2024-10-30 23:00:00+00:00,72440.0,2024-10-31 01:00:00+00:00,72412.1,signal_reverse,False,74613.2,,False,100.0,1.0,100.0,100.0,0.0013804527885146328,0.03851463279955022,0.31994222805080075,0.01,-0.27142759525125054
p837,BTCUSDT,-1,2024-10-31 07:00:00+00:00,72224.0,2024-10-31 09:00:00+00:00,72319.9,signal_reverse,False,74390.72,,False,100.0,1.0,100.0,100.0,0.0013845813026140896,-0.13278134692068314,0.32019917202038106,0.01,-0.44298051894106416
p838,BTCUSDT,-1,2024-10-31 15:00:00+00:00,70780.1,2024-10-31 17:00:00+00:00,70828.4,signal_reverse,False,72903.50300000001,,False,100.0,1.0,100.0,100.0,0.0014128264865407084,-0.06823951929989977,0.32010235927894987,0.01,-0.3783418785788496
p839,BTCUSDT,-1,2024-10-31 23:00:00+00:00,70518.0,2024-11-01 01:00:00+00:00,69424.1,signal_reverse,False,72633.54,,False,100.0,1.0,100.0,100.0,0.0014180776539323293,1.5512351456365667,0.31767314728154517,0.01,1.2435619983550217
p840,BTCUSDT,-1,2024-11-01 07:00:00+00:00,69234.1,2024-11-01 09:00:00+00:00,69557.1,signal_reverse,False,71311.123,,False,100.0,1.0,100.0,100.0,0.0014443749539605481,-0.4665331101292571,0.32069979966519385,0.01,-0.7772329097944509
p841,BTCUSDT,-1,2024-11-01 15:00:00+00:00,71283.3,2024-11-01 17:00:00+00:00,69581.6,signal_reverse,False,73421.799,,False,100.0,1.0,100.0,100.0,0.0014028531226809083,2.3872351588660976,0.3164191472617009,0.01,2.0808160116043966
p842,BTCUSDT,-1,2024-11-01 23:00:00+00:00,69439.2,2024-11-02 01:00:00+00:00,69660.1,signal_reverse,False,71522.376,,False,100.0,1.0,100.0,100.0,0.0014401087570133297,-0.3181200244242571,0.32047718003663644,0.01,-0.6285972044608935
p843,BTCUSDT,-1,2024-11-02 07:00:00+00:00,69755.6,2024-11-02 09:00:00+00:00,69546.3,signal_reverse,False,71848.26800000001,,False,100.0,1.0,100.0,100.0,0.0014335766590782674,0.3000475947450855,0.31954992860788245,0.01,-0.009502333862796928
p844,BTCUSDT,-1,2024-11-02 15:00:00+00:00,69250.1,2024-11-02 17:00:00+00:00,69392.4,signal_reverse,False,71327.603,,False,100.0,1.0,100.0,100.0,0.0014440412360415362,-0.20548706788869378,0.32030823060183305,0.01,-0.5157952984905269
p845,BTCUSDT,-1,2024-11-02 23:00:00+00:00,69419.0,2024-11-03 01:00:00+00:00,68996.8,signal_reverse,False,71501.57,,False,100.0,1.0,100.0,100.0,0.0014405278093893603,0.6081908411241838,0.31908771373831374,0.01,0.29910312738587
p846,BTCUSDT,-1,2024-11-03 07:00:00+00:00,68572.9,2024-11-03 09:00:00+00:00,68232.0,signal_reverse,False,70630.087,,False,100.0,1.0,100.0,100.0,0.0014583020406020455,0.4971351656412288,0.31925429725153814,0.01,0.18788086838969065
p847,BTCUSDT,-1,2024-11-03 15:00:00+00:00,67770.0,2024-11-03 17:00:00+00:00,68345.7,signal_reverse,False,69803.1,,False,100.0,1.0,100.0,100.0,0.0014755791648221927,-0.849490925188132,0.3212742363877822,0.01,-1.1607651615759143
p848,BTCUSDT,-1,2024-11-03 23:00:00+00:00,68847.5,2024-11-04 01:00:00+00:00,68958.8,signal_reverse,False,70912.925,,False,100.0,1.0,100.0,100.0,0.0014524855659246887,-0.16166164348742207,0.3202424924652312,0.01,-0.47190413595265324
p849,BTCUSDT,-1,2024-11-04 07:00:00+00:00,69118.6,2024-11-04 09:00:00+00:00,68625.6,signal_reverse,False,71192.15800000001,,False,100.0,1.0,100.0,100.0,0.0014467885634257638,0.7132667617689016,0.31893009985734666,0.01,0.40433666191155493
p850,BTCUSDT,-1,2024-11-04 15:00:00+00:00,68379.2,2024-11-04 17:00:00+00:00,67825.7,signal_reverse,False,70430.576,,False,100.0,1.0,100.0,100.0,0.001462433020567658,0.8094566768841988,0.31878581498467373,0.01,0.500670861899525
p851,BTCUSDT,-1,2024-11-04 23:00:00+00:00,67918.8,2024-11-05 01:00:00+00:00,67986.3,signal_reverse,False,69956.364,,False,100.0,1.0,100.0,100.0,0.0014723463901011207,-0.09938338133182564,0.3201490750719978,0.01,-0.4095324564038234
p852,BTCUSDT,-1,2024-11-05 07:00:00+00:00,68772.1,2024-11-05 09:00:00+00:00,68780.0,signal_reverse,False,70835.263,,False,100.0,1.0,100.0,100.0,0.001454078034551802,-0.011487216472950772,0.3200172308247094,0.01,-0.32150444729766015
p853,BTCUSDT,-1,2024-11-05 15:00:00+00:00,69945.1,2024-11-05 17:00:00+00:00,69918.0,signal_reverse,False,72043.45300000001,,False,100.0,1.0,100.0,100.0,0.0014296927161445189,0.03874467260752478,0.3199418829910887,0.01,-0.2711972103835639
p854,BTCUSDT,-1,2024-11-05 23:00:00+00:00,69565.1,2024-11-06 01:00:00+00:00,71103.7,signal_reverse,False,71652.053,,False,100.0,1.0,100.0,100.0,0.0014375024257853434,-2.211741232313317,0.32331761184847,0.007376999999999999,-2.527681844161787
p855,BTCUSDT,-1,2024-11-06 07:00:00+00:00,74302.1,2024-11-06 09:00:00+00:00,73807.2,signal_reverse,False,76531.163,,False,100.0,1.0,100.0,100.0,0.0013458569811620397,0.6660646199771052,0.31900090307003437,0.01,0.35706371690707084
p856,BTCUSDT,-1,2024-11-06 15:00:00+00:00,73670.9,2024-11-06 17:00:00+00:00,74477.8,signal_reverse,False,75881.02699999999,,False,100.0,1.0,100.0,100.0,0.001357388059600195,-1.0952764252914091,0.3216429146379371,0.01,-1.4069193399293463
p857,BTCUSDT,-1,2024-11-06 23:00:00+00:00,75652.0,2024-11-07 01:00:00+00:00,75424.3,signal_reverse,False,77921.56,,False,100.0,1.0,100.0,100.0,0.0013218421191772854,0.30098345053666403,0.319548524824195,0.01,-0.008565074287530958
p858,BTCUSDT,-1,2024-11-07 07:00:00+00:00,74811.9,2024-11-07 09:00:00+00:00,74967.4,signal_reverse,False,77056.257,,False,100.0,1.0,100.0,100.0,0.0013366857411721933,-0.20785463275227606,0.32031178194912846,0.011201000000000001,-0.5169654147014044
p859,BTCUSDT,-1,2024-11-07 15:00:00+00:00,74855.3,2024-11-07 17:00:00+00:00,76295.9,signal_reverse,False,77100.959,,False,100.0,1.0,100.0,100.0,0.0013359107504745823,-1.9245130271336715,0.32288676954070056,0.01,-2.237399796674372
p860,BTCUSDT,-1,2024-11-07 23:00:00+00:00,75881.5,2024-11-08 01:00:00+00:00,76019.4,signal_reverse,False,78157.945,,False,100.0,1.0,100.0,100.0,0.0013178442703425737,-0.18173072488023326,0.3202725960873204,0.01,-0.4920033209675536
p861,BTCUSDT,-1,2024-11-08 07:00:00+00:00,75919.9,2024-11-08 09:00:00+00:00,75999.5,signal_reverse,False,78197.49699999999,,False,100.0,1.0,100.0,100.0,0.001317177709665055,-0.10484734568934603,0.32015727101853403,0.01,-0.41500461670788
p862,BTCUSDT,-1,2024-11-08 15:00:00+00:00,75790.1,2024-11-08 17:00:00+00:00,76408.1,signal_reverse,False,78063.803,,False,100.0,1.0,100.0,100.0,0.001319433540792267,-0.815409928209621,0.3212231148923144,0.01,-1.1266330431019353
p863,BTCUSDT,-1,2024-11-08 23:00:00+00:00,76375.9,2024-11-09 01:00:00+00:00,76322.6,signal_reverse,False,78667.177,,False,100.0,1.0,100.0,100.0,0.0013093135400041114,0.0697864116822039,0.3198953203824767,0.01,-0.2401089087002728
p864,BTCUSDT,-1,2024-11-09 07:00:00+00:00,76528.0,2024-11-09 09:00:00+00:00,76560.3,signal_reverse,False,78823.84,,False,100.0,1.0,100.0,100.0,0.0013067112690779846,-0.042206773991222704,0.3200633101609869,0.01,-0.35227008415220956
p865,BTCUSDT,-1,2024-11-09 15:00:00+00:00,76362.1,2024-11-09 17:00:00+00:00,76250.1,signal_reverse,False,78652.963,,False,100.0,1.0,100.0,100.0,0.001309550156425766,0.1466696175196858,0.3197799955737205,0.01,-0.1631103780540347
p866,BTCUSDT,-1,2024-11-09 23:00:00+00:00,76531.5,2024-11-10 01:00:00+00:00,76728.2,signal_reverse,False,78827.445,,False,100.0,1.0,100.0,100.0,0.0013066515095091563,-0.25701835192044725,0.3203855275278807,0.01,-0.5674038794483279
p867,BTCUSDT,-1,2024-11-10 07:00:00+00:00,78968.7,2024-11-10 09:00:00+00:00,79425.5,signal_reverse,False,81337.761,,False,100.0,1.0,100.0,100.0,0.0012663245057852035,-0.5784570342426847,0.3208676855513641,0.032792,-0.8665327197940488
p868,BTCUSDT,-1,2024-11-10 15:00:00+00:00,79542.8,2024-11-10 17:00:00+00:00,80420.4,signal_reverse,False,81929.084,,False,100.0,1.0,100.0,100.0,0.0012571848111959851,-1.1033053903055856,0.3216549580854584,0.018979000000000003,-1.405981348391044
p869,BTCUSDT,-1,2024-11-10 23:00:00+00:00,80677.2,2024-11-11 01:00:00+00:00,81276.0,signal_reverse,False,83097.516,,False,100.0,1.0,100.0,100.0,0.001239507568433213,-0.7422171319778116,0.32111332569796674,0.039064999999999996,-1.0242654576757784
p870,BTCUSDT,-1,2024-11-11 07:00:00+00:00,80948.3,2024-11-11 09:00:00+00:00,81754.8,signal_reverse,False,83376.749,,False,100.0,1.0,100.0,100.0,0.0012353563941429283,-0.9963149318762717,0.3214944723978145,0.017995,-1.2998144042740862
p871,BTCUSDT,-1,2024-11-11 15:00:00+00:00,82525.6,2024-11-11 17:00:00+00:00,84637.0,signal_reverse,False,85001.368,,False,100.0,1.0,100.0,100.0,0.0012117452039124828,-2.558478823540809,0.32383771823531127,0.01,-2.8723165417761205
p872,BTCUSDT,-1,2024-11-11 23:00:00+00:00,88103.7,2024-11-12 01:00:00+00:00,88614.5,signal_reverse,False,90746.811,,False,100.0,1.0,100.0,100.0,0.00113502611127569,-0.5797713376396257,0.3208696570064595,0.038563999999999994,-0.8620769946460851
p873,BTCUSDT,-1,2024-11-12 07:00:00+00:00,89653.5,2024-11-12 09:00:00+00:00,87757.2,signal_reverse,False,92343.105,,False,100.0,1.0,100.0,100.0,0.0011154054219857563,2.115143301711593,0.3168272850474326,0.061844,1.86016001666416
p874,BTCUSDT,-1,2024-11-12 15:00:00+00:00,87056.4,2024-11-12 17:00:00+00:00,87019.0,signal_reverse,False,89668.09199999999,,False,100.0,1.0,100.0,100.0,0.001148680625433627,0.04296065539121097,0.3199355590169132,0.050342,-0.2266329036257022
p875,BTCUSDT,-1,2024-11-12 23:00:00+00:00,88664.6,2024-11-13 01:00:00+00:00,88325.1,signal_reverse,False,91324.538,,False,100.0,1.0,100.0,100.0,0.0011278458370082309,0.3829036616642944,0.31942564450750355,0.014477,0.07795501715679086
p876,BTCUSDT,-1,2024-11-13 07:00:00+00:00,86486.0,2024-11-13 09:00:00+00:00,87444.9,signal_reverse,False,89080.58,,False,100.0,1.0,100.0,100.0,0.0011562565039428348,-1.1087343616307774,0.3216631015424462,0.01,-1.4203974631732237
p877,BTCUSDT,-1,2024-11-13 15:00:00+00:00,91586.6,2024-11-13 17:00:00+00:00,92314.7,signal_reverse,False,94334.198,,False,100.0,1.0,100.0,100.0,0.0010918627834202819,-0.7949852926082976,0.3211924779389125,0.035174000000000004,-1.08100377054721
p878,BTCUSDT,-1,2024-11-13 23:00:00+00:00,89750.3,2024-11-14 01:00:00+00:00,90436.9,signal_reverse,False,92442.80900000001,,False,100.0,1.0,100.0,100.0,0.0011142024037802659,-0.7650113704355208,0.32114751705565325,0.01,-1.076158887491174
p879,BTCUSDT,-1,2024-11-14 07:00:00+00:00,89351.8,2024-11-14 09:00:00+00:00,91012.8,signal_reverse,False,92032.354,,False,100.0,1.0,100.0,100.0,0.0011191716339234352,-1.8589440839468259,0.32278841612592024,0.016548999999999998,-2.165183500072746
p880,BTCUSDT,-1,2024-11-14 15:00:00+00:00,88775.0,2024-11-14 17:00:00+00:00,89253.0,signal_reverse,False,91438.25,,False,100.0,1.0,100.0,100.0,0.001126443255421008,-0.5384398760912419,0.3208076598141369,0.012832,-0.8464155359053789
p881,BTCUSDT,-1,2024-11-14 23:00:00+00:00,87650.4,2024-11-15 01:00:00+00:00,88143.6,signal_reverse,False,90279.912,,False,100.0,1.0,100.0,100.0,0.0011408961054370545,-0.5626899592015685,0.32084403493880237,0.01,-0.8735339941403708
p882,BTCUSDT,-1,2024-11-15 07:00:00+00:00,88210.0,2024-11-15 09:00:00+00:00,89227.3,signal_reverse,False,90856.3,,False,100.0,1.0,100.0,100.0,0.0011336583153837433,-1.1532706042398853,0.3217299059063598,0.01,-1.465000510146245
p883,BTCUSDT,-1,2024-11-15 15:00:00+00:00,89143.0,2024-11-15 17:00:00+00:00,89503.1,signal_reverse,False,91817.29,,False,100.0,1.0,100.0,100.0,0.0011217930740495608,-0.4039576859652534,0.32060593652894787,0.01,-0.7145636224942012
p884,BTCUSDT,-1,2024-11-15 23:00:00+00:00,91285.8,2024-11-16 01:00:00+00:00,91306.7,signal_reverse,False,94024.374,,False,100.0,1.0,100.0,100.0,0.0010954606302404097,-0.022895127172018186,0.32003434269075803,0.019471000000000002,-0.3234584698627762
p885,BTCUSDT,-1,2024-11-16 07:00:00+00:00,91277.5,2024-11-16 09:00:00+00:00,91313.0,signal_reverse,False,94015.825,,False,100.0,1.0,100.0,100.0,0.0010955602421188135,-0.038892388595217875,0.32005833858289284,0.039173,-0.3197777271781107
p886,BTCUSDT,-1,2024-11-16 15:00:00+00:00,91041.5,2024-11-16 17:00:00+00:00,90994.8,signal_reverse,False,93772.745,,False,100.0,1.0,100.0,100.0,0.0010984001801376294,0.051295288412424096,0.3199230570673814,0.025031,-0.2435967686549573
p887,BTCUSDT,-1,2024-11-16 23:00:00+00:00,90383.9,2024-11-17 01:00:00+00:00,90315.9,signal_reverse,False,93095.41699999999,,False,100.0,1.0,100.0,100.0,0.0011063917356962912,0.0752346380273478,0.31988714804295904,0.029261000000000002,-0.21539151001561122
p888,BTCUSDT,-1,2024-11-17 07:00:00+00:00,90730.4,2024-11-17 09:00:00+00:00,91410.4,signal_reverse,False,93452.31199999999,,False,100.0,1.0,100.0,100.0,0.0011021664183118339,-0.749473164452047,0.3211242097466781,0.030784999999999996,-1.039812374198725
p889,BTCUSDT,-1,2024-11-17 15:00:00+00:00,90383.4,2024-11-17 17:00:00+00:00,90674.2,signal_reverse,False,93094.90199999999,,False,100.0,1.0,100.0,100.0,0.0011063978562435139,-0.32174049659561704,0.3204826107448934,0.035655,-0.6065681073405105
p890,BTCUSDT,-1,2024-11-17 23:00:00+00:00,89609.1,2024-11-18 01:00:00+00:00,90838.0,signal_reverse,False,92297.373,,False,100.0,1.0,100.0,100.0,0.0011159580890780065,-1.3714008956679558,0.32205710134350196,0.021098,-1.6723599970114578
p891,BTCUSDT,-1,2024-11-18 07:00:00+00:00,92218.8,2024-11-18 09:00:00+00:00,91825.0,signal_reverse,False,94985.364,,False,100.0,1.0,100.0,100.0,0.0010843775889514936,0.42702789452910134,0.3193594581582064,0.053910000000000007,0.16157843637089497
p892,BTCUSDT,-1,2024-11-18 15:00:00+00:00,90372.1,2024-11-18 17:00:00+00:00,91661.5,signal_reverse,False,93083.263,,False,100.0,1.0,100.0,100.0,0.0011065361986719352,-1.4267677745675869,0.3221401516618514,0.033111,-1.7157969262294381
p893,BTCUSDT,-1,2024-11-18 23:00:00+00:00,91230.2,2024-11-19 01:00:00+00:00,90790.0,signal_reverse,False,93967.106,,False,100.0,1.0,100.0,100.0,0.0010961282557749518,0.4825156581921306,0.3192762265127118,0.031835,0.1950744316794188
p894,BTCUSDT,-1,2024-11-19 07:00:00+00:00,92037.3,2024-11-19 09:00:00+00:00,91776.1,signal_reverse,False,94798.41900000001,,False,100.0,1.0,100.0,100.0,0.0010865160103566706,0.2837979819051592,0.3195743030271423,0.039932,0.004155678878016912
p895,BTCUSDT,-1,2024-11-19 15:00:00+00:00,91884.5,2024-11-19 17:00:00+00:00,92925.2,signal_reverse,False,94641.035,,False,100.0,1.0,100.0,100.0,0.0010883228400872834,-1.1326175796788327,0.32169892636951825,0.024229,-1.4300875060483509
p896,BTCUSDT,-1,2024-11-19 23:00:00+00:00,91853.7,2024-11-20 01:00:00+00:00,92015.1,signal_reverse,False,94609.311,,False,100.0,1.0,100.0,100.0,0.001088687771967814,-0.1757142063956147,0.32026357130959343,0.01,-0.4859777777052081
p897,BTCUSDT,-1,2024-11-20 07:00:00+00:00,92453.1,2024-11-20 09:00:00+00:00,93130.3,signal_reverse,False,95226.693,,False,100.0,1.0,100.0,100.0,0.0010816294964690204,-0.7324794950088175,0.32109871924251326,0.011458000000000001,-1.0421202142513308
p898,BTCUSDT,-1,2024-11-20 15:00:00+00:00,94669.0,2024-11-20 17:00:00+00:00,93921.0,signal_reverse,False,97509.07,,False,100.0,1.0,100.0,100.0,0.0010563119923100487,0.7901213702479164,0.3188148179446281,0.016424,0.48773055230328827
p899,BTCUSDT,-1,2024-11-20 23:00:00+00:00,94170.7,2024-11-21 01:00:00+00:00,94734.5,signal_reverse,False,96995.821,,False,100.0,1.0,100.0,100.0,0.0010619014194436275,-0.5987000202823203,0.32089805003042354,0.01,-0.9095980703127438
p900,BTCUSDT,-1,2024-11-21 07:00:00+00:00,97065.2,2024-11-21 09:00:00+00:00,97673.0,signal_reverse,False,99977.156,,False,100.0,1.0,100.0,100.0,0.0010302353469626602,-0.6261770438839078,0.32093926556582586,0.014189000000000002,-0.9329273094497337
p901,BTCUSDT,-1,2024-11-21 15:00:00+00:00,97110.9,2024-11-21 17:00:00+00:00,98146.5,signal_reverse,False,100024.227,,False,100.0,1.0,100.0,100.0,0.0010297505223409525,-1.0664096409362964,0.32159961446140445,0.017391999999999998,-1.3706172553977007
p902,BTCUSDT,-1,2024-11-21 23:00:00+00:00,98415.9,2024-11-22 01:00:00+00:00,98128.8,signal_reverse,False,101368.377,,False,100.0,1.0,100.0,100.0,0.0010160959763615433,0.2917211548133902,0.3195624182677799,0.015928,-0.011913263454389696
p903,BTCUSDT,-1,2024-11-22 07:00:00+00:00,99097.6,2024-11-22 09:00:00+00:00,98800.1,signal_reverse,False,102070.528,,False,100.0,1.0,100.0,100.0,0.0010091061741152156,0.30020908679927666,0.3195496863698011,0.028963,0.00962240042947558
p904,BTCUSDT,-1,2024-11-22 15:00:00+00:00,97373.4,2024-11-22 17:00:00+00:00,98854.2,signal_reverse,False,100294.602,,False,100.0,1.0,100.0,100.0,0.0010269745125465477,-1.5207438581789308,0.32228111578726837,0.023833,-1.819191973966199
p905,BTCUSDT,-1,2024-11-22 23:00:00+00:00,98676.7,2024-11-23 01:00:00+00:00,98639.5,signal_reverse,False,101637.001,,False,100.0,1.0,100.0,100.0,0.0010134104606254568,0.037698869135264046,0.3199434516962972,0.01,-0.2722445825610331
p906,BTCUSDT,-1,2024-11-23 07:00:00+00:00,98786.0,2024-11-23 09:00:00+00:00,98525.6,signal_reverse,False,101749.58,,False,100.0,1.0,100.0,100.0,0.0010122891907760208,0.26360010527806993,0.3196045998420829,0.017386,-0.038618494564012965
p907,BTCUSDT,-1,2024-11-23 15:00:00+00:00,98828.0,2024-11-23 17:00:00+00:00,97980.1,signal_reverse,False,101792.84,,False,100.0,1.0,100.0,100.0,0.0010118589873315254,0.8579552353583945,0.3187130671469624,0.025348,0.5645901682114322
p908,BTCUSDT,-1,2024-11-23 23:00:00+00:00,97719.3,2024-11-24 01:00:00+00:00,98270.7,signal_reverse,False,100650.879,,False,100.0,1.0,100.0,100.0,0.0010233392994014488,-0.5642692896899529,0.32084640393453495,0.034942,-0.8501736936244879
p909,BTCUSDT,-1,2024-11-24 07:00:00+00:00,98436.9,2024-11-24 09:00:00+00:00,98018.4,signal_reverse,False,101390.007,,False,100.0,1.0,100.0,100.0,0.0010158792078986641,0.42514544850559094,0.31936228182724163,0.032388,0.1381711666783493
p910,BTCUSDT,-1,2024-11-24 15:00:00+00:00,97123.6,2024-11-24 17:00:00+00:00,95965.3,signal_reverse,False,100037.308,,False,100.0,1.0,100.0,100.0,0.0010296158709108805,1.192604063276076,0.3182110939050859,0.029092,0.90348496937099
p911,BTCUSDT,-1,2024-11-24 23:00:00+00:00,98110.7,2024-11-25 01:00:00+00:00,97297.8,signal_reverse,False,101054.021,,False,100.0,1.0,100.0,100.0,0.001019256819082934,0.8285538682325111,0.3187571691976513,0.036288,0.5460846990348598
p912,BTCUSDT,-1,2024-11-25 07:00:00+00:00,98155.7,2024-11-25 09:00:00+00:00,98583.3,signal_reverse,False,101100.371,,False,100.0,1.0,100.0,100.0,0.0010187895354014083,-0.43563440533764813,0.3206534516080065,0.035212,-0.7210758569456546
p913,BTCUSDT,-1,2024-11-25 15:00:00+00:00,95470.8,2024-11-25 17:00:00+00:00,95312.9,signal_reverse,False,98334.924,,False,100.0,1.0,100.0,100.0,0.001047440683434097,0.16539088391425308,0.31975191367412864,0.034874999999999996,-0.11948602975987557
p914,BTCUSDT,-1,2024-11-25 23:00:00+00:00,94438.4,2024-11-26 01:00:00+00:00,94911.8,signal_reverse,False,97271.552,,False,100.0,1.0,100.0,100.0,0.0010588912984548658,-0.5012791406885427,0.3207519187110328,0.01,-0.8120310593995755
p915,BTCUSDT,-1,2024-11-26 07:00:00+00:00,94552.8,2024-11-26 09:00:00+00:00,93575.2,signal_reverse,False,97389.384,,False,100.0,1.0,100.0,100.0,0.0010576101395199295,1.0339196723946893,0.318449120491408,0.012748999999999998,0.7282195519032814
p916,BTCUSDT,-1,2024-11-26 15:00:00+00:00,93321.6,2024-11-26 17:00:00+00:00,93622.5,signal_reverse,False,96121.248,,False,100.0,1.0,100.0,100.0,0.001071563282241196,-0.3224333916263696,0.32048365008743956,0.01,-0.6329170417138091
p917,BTCUSDT,-1,2024-11-26 23:00:00+00:00,91893.4,2024-11-27 01:00:00+00:00,92837.7,signal_reverse,False,94650.20199999999,,False,100.0,1.0,100.0,100.0,0.0010882174345491625,-1.0276037234447775,0.3215414055851672,0.023608999999999998,-1.3255361290299446
p918,BTCUSDT,-1,2024-11-27 07:00:00+00:00,93122.4,2024-11-27 09:00:00+00:00,93465.0,signal_reverse,False,95916.072,,False,100.0,1.0,100.0,100.0,0.0010738554848242743,-0.36790288910080265,0.32055185433365124,0.023229,-0.665225743434454
p919,BTCUSDT,-1,2024-11-27 15:00:00+00:00,94932.9,2024-11-27 17:00:00+00:00,96321.5,signal_reverse,False,97780.88699999999,,False,100.0,1.0,100.0,100.0,0.0010533755947621953,-1.4627173508867906,0.3221940760263302,0.027093000000000002,-1.7578184269131207
p920,BTCUSDT,-1,2024-11-27 23:00:00+00:00,96115.2,2024-11-28 01:00:00+00:00,96342.3,signal_reverse,False,98998.656,,False,100.0,1.0,100.0,100.0,0.001040418164868824,-0.23627896524171602,0.32035441844786255,0.019422,-0.5372113836895785
p921,BTCUSDT,-1,2024-11-28 07:00:00+00:00,95536.0,2024-11-28 09:00:00+00:00,95029.9,signal_reverse,False,98402.08,,False,100.0,1.0,100.0,100.0,0.0010467258415675766,0.5297479484173566,0.319205378077374,0.019894,0.23043657033998263
p922,BTCUSDT,-1,2024-11-28 15:00:00+00:00,95450.1,2024-11-28 17:00:00+00:00,94955.9,signal_reverse,False,98313.603,,False,100.0,1.0,100.0,100.0,0.0010476678390069784,0.5177574460372609,0.31922336383094413,0.023188,0.22172208220631678
p923,BTCUSDT,-1,2024-11-28 23:00:00+00:00,95710.0,2024-11-29 01:00:00+00:00,95987.4,signal_reverse,False,98581.3,,False,100.0,1.0,100.0,100.0,0.0010448229025180231,-0.2898338731584935,0.32043475080973777,0.030861000000000003,-0.5794076239682313
p924,BTCUSDT,-1,2024-11-29 07:00:00+00:00,96342.2,2024-11-29 09:00:00+00:00,96448.1,signal_reverse,False,99232.466,,False,100.0,1.0,100.0,100.0,0.0010379667476972708,-0.10992067858115004,0.32016488101787177,0.02543,-0.40465555959902183
p925,BTCUSDT,-1,2024-11-29 15:00:00+00:00,98091.2,2024-11-29 17:00:00+00:00,97029.2,signal_reverse,False,101033.936,,False,100.0,1.0,100.0,100.0,0.0010194594418255665,1.0826659272187515,0.3183760011091719,0.035268,0.7995579261095797
p926,BTCUSDT,-1,2024-11-29 23:00:00+00:00,97352.4,2024-11-30 01:00:00+00:00,96519.9,signal_reverse,False,100272.972,,False,100.0,1.0,100.0,100.0,0.0010271960424190877,0.8551407053138905,0.31871728894202916,0.016876000000000002,0.5532994163718613
p927,BTCUSDT,-1,2024-11-30 07:00:00+00:00,96707.1,2024-11-30 09:00:00+00:00,96851.9,signal_reverse,False,99608.31300000001,,False,100.0,1.0,100.0,100.0,0.0010340502403649783,-0.1497304748048368,0.32022459571220724,0.028189000000000002,-0.44176607051704403
p928,BTCUSDT,-1,2024-11-30 15:00:00+00:00,96516.8,2024-11-30 17:00:00+00:00,96845.4,signal_reverse,False,99412.304,,False,100.0,1.0,100.0,100.0,0.001036089053926363,-0.3404588631201938,0.32051068829468027,0.015012000000000001,-0.6459575514148741
p929,BTCUSDT,-1,2024-11-30 23:00:00+00:00,96531.9,2024-12-01 01:00:00+00:00,96169.3,signal_reverse,False,99427.85699999999,,False,100.0,1.0,100.0,100.0,0.0010359269837224793,0.37562712429776196,0.31943655931355336,0.01532,0.0715105649842086
p930,BTCUSDT,-1,2024-12-01 07:00:00+00:00,96408.1,2024-12-01 09:00:00+00:00,97108.0,signal_reverse,False,99300.34300000001,,False,100.0,1.0,100.0,100.0,0.001037257242908013,-0.7259763443113122,0.321088964516467,0.03311,-1.0139553088277793
p931,BTCUSDT,-1,2024-12-01 15:00:00+00:00,97353.6,2024-12-01 17:00:00+00:00,97387.5,signal_reverse,False,100274.20800000001,,False,100.0,1.0,100.0,100.0,0.0010271833809946422,-0.03482151661571239,0.3200522322749236,0.016625,-0.33824874889063594
p932,BTCUSDT,-1,2024-12-01 23:00:00+00:00,97643.1,2024-12-02 01:00:00+00:00,98077.6,signal_reverse,False,100572.39300000001,,False,100.0,1.0,100.0,100.0,0.0010241379063139126,-0.44498792029339507,0.32066748188044014,0.015058000000000002,-0.7505974021738352
p933,BTCUSDT,-1,2024-12-02 07:00:00+00:00,96337.3,2024-12-02 09:00:00+00:00,95549.6,signal_reverse,False,99227.41900000001,,False,100.0,1.0,100.0,100.0,0.001038019541755893,0.8176479930411139,0.31877352801043835,0.014214,0.5130884650306755
p934,BTCUSDT,-1,2024-12-02 15:00:00+00:00,96385.1,2024-12-02 17:00:00+00:00,94661.9,signal_reverse,False,99276.653,,False,100.0,1.0,100.0,100.0,0.0010375047595530843,1.787828201661887,0.31731825769750716,0.01,1.4805099439643798
p935,BTCUSDT,-1,2024-12-02 23:00:00+00:00,95432.1,2024-12-03 01:00:00+00:00,95587.3,signal_reverse,False,98295.06300000001,,False,100.0,1.0,100.0,100.0,0.0010478654456938493,-0.16262871717168237,0.32024394307575754,0.01,-0.4728726602474399
p936,BTCUSDT,-1,2024-12-03 07:00:00+00:00,95717.0,2024-12-03 09:00:00+00:00,95326.8,signal_reverse,False,98588.51,,False,100.0,1.0,100.0,100.0,0.0010447464922636522,0.40766008128127407,0.3193885098780781,0.025103,0.11337457140319597
p937,BTCUSDT,-1,2024-12-03 15:00:00+00:00,95282.6,2024-12-03 17:00:00+00:00,95914.7,signal_reverse,False,98141.07800000001,,False,100.0,1.0,100.0,100.0,0.0010495095641806583,-0.6633949955185849,0.3209950924932779,0.012348,-0.9720420880118628
p938,BTCUSDT,-1,2024-12-03 23:00:00+00:00,96203.4,2024-12-04 01:00:00+00:00,96303.8,signal_reverse,False,99089.502,,False,100.0,1.0,100.0,100.0,0.0010394643016774876,-0.10436221588842882,0.3201565433238327,0.027771000000000004,-0.3967477592122615
p939,BTCUSDT,-1,2024-12-04 07:00:00+00:00,96637.3,2024-12-04 09:00:00+00:00,96925.9,signal_reverse,False,99536.41900000001,,False,100.0,1.0,100.0,100.0,0.0010347971228500796,-0.2986424496545239,0.3204479636744818,0.042588,-0.5765024133290058
p940,BTCUSDT,-1,2024-12-04 15:00:00+00:00,95911.4,2024-12-04 17:00:00+00:00,95609.4,signal_reverse,False,98788.742,,False,100.0,1.0,100.0,100.0,0.0010426289262798793,0.31487393573652356,0.31952768909639523,0.036313,0.03165924664012833
p941,BTCUSDT,-1,2024-12-04 23:00:00+00:00,98224.0,2024-12-05 01:00:00+00:00,98257.5,signal_reverse,False,101170.72,,False,100.0,1.0,100.0,100.0,0.0010180811207036976,-0.03410571754357387,0.3200511585763154,0.031187,-0.32296987611988925
p942,BTCUSDT,-1,2024-12-05 07:00:00+00:00,102004.3,2024-12-05 09:00:00+00:00,102838.7,signal_reverse,False,105064.429,,False,100.0,1.0,100.0,100.0,0.0009803508283474324,-0.8180047311730919,0.32122700709675966,0.108552,-1.0306797382698516
p943,BTCUSDT,-1,2024-12-05 15:00:00+00:00,103627.2,2024-12-05 17:00:00+00:00,101413.4,signal_reverse,False,106736.016,,False,100.0,1.0,100.0,100.0,0.0009649976068059351,2.136311701946982,0.31679553244707953,0.064806,1.8843221694999024
p944,BTCUSDT,-1,2024-12-05 23:00:00+00:00,96571.7,2024-12-06 01:00:00+00:00,98178.7,signal_reverse,False,99468.851,,False,100.0,1.0,100.0,100.0,0.0010355000481507522,-1.6640485773782587,0.32249607286606735,0.013465999999999999,-1.973078650244326
p945,BTCUSDT,-1,2024-12-06 07:00:00+00:00,98130.5,2024-12-06 09:00:00+00:00,98030.0,signal_reverse,False,101074.415,,False,100.0,1.0,100.0,100.0,0.0010190511614635613,0.1024146417270879,0.31984637803740934,0.01,-0.2074317363103214
p946,BTCUSDT,-1,2024-12-06 15:00:00+00:00,99524.4,2024-12-06 17:00:00+00:00,100861.8,signal_reverse,False,102510.132,,False,100.0,1.0,100.0,100.0,0.0010047787276286017,-1.3437910703305007,0.3220156866054958,0.01,-1.6558067569359964
p947,BTCUSDT,-1,2024-12-06 23:00:00+00:00,100566.5,2024-12-07 01:00:00+00:00,100107.6,signal_reverse,False,103583.495,,False,100.0,1.0,100.0,100.0,0.0009943669114466547,0.45631497566286405,0.3193155275365057,0.015125,0.15212444812635834
p948,BTCUSDT,-1,2024-12-07 07:00:00+00:00,99392.0,2024-12-07 09:00:00+00:00,99712.5,signal_reverse,False,102373.76,,False,100.0,1.0,100.0,100.0,0.001006117192530586,-0.32246056020605285,0.32048369084030914,0.01,-0.632944251046362
p949,BTCUSDT,-1,2024-12-07 15:00:00+00:00,99502.9,2024-12-07 17:00:00+00:00,99704.1,signal_reverse,False,102487.987,,False,100.0,1.0,100.0,100.0,0.0010049958342922668,-0.2022051618596158,0.3203033077427894,0.01,-0.5125084696024051
p950,BTCUSDT,-1,2024-12-07 23:00:00+00:00,99668.2,2024-12-08 01:00:00+00:00,99928.1,signal_reverse,False,102658.246,,False,100.0,1.0,100.0,100.0,0.0010033290457738778,-0.2607652189966396,0.320391147828495,0.026121,-0.5550353668251347
p951,BTCUSDT,-1,2024-12-08 07:00:00+00:00,99750.0,2024-12-08 09:00:00+00:00,98967.2,signal_reverse,False,102742.5,,False,100.0,1.0,100.0,100.0,0.0010025062656641604,0.7847619047619077,0.3188228571428572,0.024888,0.4908270476190505
p952,BTCUSDT,-1,2024-12-08 15:00:00+00:00,99826.8,2024-12-08 17:00:00+00:00,100011.3,signal_reverse,False,102821.604,,False,100.0,1.0,100.0,100.0,0.0010017350050287098,-0.18482010842779695,0.3202772301626417,0.029123000000000003,-0.4759743385904387
p953,BTCUSDT,-1,2024-12-08 23:00:00+00:00,100292.5,2024-12-09 01:00:00+00:00,99580.0,signal_reverse,False,103301.275,,False,100.0,1.0,100.0,100.0,0.0009970835306727821,0.7104220156043572,0.3189343669765935,0.017858,0.40934564862776374
p954,BTCUSDT,-1,2024-12-09 07:00:00+00:00,99087.2,2024-12-09 09:00:00+00:00,98450.6,signal_reverse,False,102059.81599999999,,False,100.0,1.0,100.0,100.0,0.0010092120879387045,0.6424644151817704,0.3190363033772273,0.01,0.3334281118045431
p955,BTCUSDT,-1,2024-12-09 15:00:00+00:00,100224.5,2024-12-09 17:00:00+00:00,97398.7,signal_reverse,False,103231.235,,False,100.0,1.0,100.0,100.0,0.000997760028735489,2.8194702892007473,0.31577079456619894,0.015788,2.5194874946345487
p956,BTCUSDT,-1,2024-12-09 23:00:00+00:00,97035.3,2024-12-10 01:00:00+00:00,97960.9,signal_reverse,False,99946.359,,False,100.0,1.0,100.0,100.0,0.0010305527988268186,-0.9538796705940943,0.32143081950589114,0.01,-1.2653104900999854
p957,BTCUSDT,-1,2024-12-10 07:00:00+00:00,97469.8,2024-12-10 09:00:00+00:00,97522.3,signal_reverse,False,100393.894,,False,100.0,1.0,100.0,100.0,0.0010259588098057038,-0.05386283751479945,0.3200807942562722,0.01,-0.3639436317710717
p958,BTCUSDT,-1,2024-12-10 15:00:00+00:00,97837.1,2024-12-10 17:00:00+00:00,94441.4,signal_reverse,False,100772.213,,False,100.0,1.0,100.0,100.0,0.001022107155669986,3.470769268508583,0.31479384609723715,0.01,3.165975422411346
p959,BTCUSDT,-1,2024-12-10 23:00:00+00:00,96798.1,2024-12-11 01:00:00+00:00,95715.1,signal_reverse,False,99702.043,,False,100.0,1.0,100.0,100.0,0.0010330781285996316,1.118823613273401,0.31832176458009,0.01,0.8105018486933111
p960,BTCUSDT,-1,2024-12-11 07:00:00+00:00,97659.9,2024-12-11 09:00:00+00:00,97987.3,signal_reverse,False,100589.697,,False,100.0,1.0,100.0,100.0,0.0010239617284064392,-0.33524506988027714,0.3205028676048205,0.01,-0.6457479374850976
p961,BTCUSDT,-1,2024-12-11 15:00:00+00:00,99524.1,2024-12-11 17:00:00+00:00,99770.9,signal_reverse,False,102509.823,,False,100.0,1.0,100.0,100.0,0.0010047817563786057,-0.2479801374742282,0.3203719702062114,0.01,-0.5583521076804396
p962,BTCUSDT,-1,2024-12-11 23:00:00+00:00,101196.9,2024-12-12 01:00:00+00:00,100521.3,signal_reverse,False,104232.807,,False,100.0,1.0,100.0,100.0,0.0009881725625982614,0.6676093832913768,0.31899858592506297,0.01,0.3586107973663138
p963,BTCUSDT,-1,2024-12-12 07:00:00+00:00,100607.8,2024-12-12 09:00:00+00:00,100823.3,signal_reverse,False,103626.034,,False,100.0,1.0,100.0,100.0,0.0009939587189064863,-0.2141981039243478,0.32032129715588653,0.01,-0.5245194010802343
p964,BTCUSDT,-1,2024-12-12 15:00:00+00:00,101728.0,2024-12-12 17:00:00+00:00,101653.6,signal_reverse,False,104779.84,,False,100.0,1.0,100.0,100.0,0.0009830135262661214,0.07313620635419371,0.31989029569046873,0.01,-0.236754089336275
p965,BTCUSDT,-1,2024-12-12 23:00:00+00:00,100428.5,2024-12-13 01:00:00+00:00,99310.9,signal_reverse,False,103441.355,,False,100.0,1.0,100.0,100.0,0.000995733282882847,1.1128315169498757,0.3183307527245752,0.01,0.8045007642253005
p966,BTCUSDT,-1,2024-12-13 07:00:00+00:00,99655.2,2024-12-13 09:00:00+00:00,100094.7,signal_reverse,False,102644.856,,False,100.0,1.0,100.0,100.0,0.0010034599298380817,-0.4410206391638369,0.3206615309587458,0.01,-0.7516821701225826
p967,BTCUSDT,-1,2024-12-13 15:00:00+00:00,101036.0,2024-12-13 17:00:00+00:00,101735.5,signal_reverse,False,104067.08,,False,100.0,1.0,100.0,100.0,0.0009897462290668672,-0.6923274872322736,0.3210384912308484,0.01,-1.003365978463122
p968,BTCUSDT,-1,2024-12-13 23:00:00+00:00,101218.9,2024-12-14 01:00:00+00:00,102174.0,signal_reverse,False,104255.46699999999,,False,100.0,1.0,100.0,100.0,0.0009879577825880346,-0.9435984781498375,0.32141539771722477,0.01,-1.2550138758670624
p969,BTCUSDT,-1,2024-12-14 07:00:00+00:00,101921.6,2024-12-14 09:00:00+00:00,101573.4,signal_reverse,False,104979.248,,False,100.0,1.0,100.0,100.0,0.000981146292836847,0.34163513916580157,0.31948754729125134,0.01,0.032147591874550234
p970,BTCUSDT,-1,2024-12-14 15:00:00+00:00,101435.2,2024-12-14 17:00:00+00:00,100973.7,signal_reverse,False,104478.256,,False,100.0,1.0,100.0,100.0,0.0009858510655078316,0.4549702667318643,0.31931754459990225,0.01,0.14565272213196206
p971,BTCUSDT,-1,2024-12-14 23:00:00+00:00,101127.8,2024-12-15 01:00:00+00:00,102128.8,signal_reverse,False,104161.634,,False,100.0,1.0,100.0,100.0,0.0009888477747958524,-0.9898366225706483,0.321484754933856,0.01,-1.3013213775045043
p972,BTCUSDT,-1,2024-12-15 07:00:00+00:00,101752.1,2024-12-15 09:00:00+00:00,102261.2,signal_reverse,False,104804.663,,False,100.0,1.0,100.0,100.0,0.0009827806993664013,-0.5003336540474264,0.3207505004810712,0.01,-0.8110841545284975
p973,BTCUSDT,-1,2024-12-15 15:00:00+00:00,103017.4,2024-12-15 17:00:00+00:00,103156.9,signal_reverse,False,106107.92199999999,,False,100.0,1.0,100.0,100.0,0.0009707098024217269,-0.1354140174378309,0.3202031210261568,0.01,-0.44561713846398765
p974,BTCUSDT,-1,2024-12-15 23:00:00+00:00,103247.7,2024-12-16 00:00:00+00:00,106345.131,initial_sl,False,106345.131,,False,100.0,1.0,100.0,100.0,0.0009685445777484632,-2.9999999999999973,0.3245,0.0,-3.3244999999999973
p975,BTCUSDT,-1,2024-12-16 07:00:00+00:00,105179.6,2024-12-16 09:00:00+00:00,104695.5,signal_reverse,False,108334.98800000001,,False,100.0,1.0,100.0,100.0,0.000950754709088074,0.4602603546695422,0.3193096094679957,0.01,0.1509507452015465
p976,BTCUSDT,-1,2024-12-16 15:00:00+00:00,105532.1,2024-12-16 17:00:00+00:00,107092.2,signal_reverse,False,108698.06300000001,,False,100.0,1.0,100.0,100.0,0.0009475789830771868,-1.478317971498711,0.3222174769572481,0.01,-1.790535448455959
p977,BTCUSDT,-1,2024-12-16 23:00:00+00:00,105832.0,2024-12-17 01:00:00+00:00,106376.5,signal_reverse,False,109006.96,,False,100.0,1.0,100.0,100.0,0.0009448937939375615,-0.5144946707990022,0.3207717420061985,0.01,-0.8252664128052007
p978,BTCUSDT,-1,2024-12-17 07:00:00+00:00,106551.3,2024-12-17 09:00:00+00:00,107325.6,signal_reverse,False,109747.839,,False,100.0,1.0,100.0,100.0,0.0009385150626974988,-0.7266922130466761,0.32109003831957,0.01,-1.037782251366246
p979,BTCUSDT,-1,2024-12-17 15:00:00+00:00,108276.4,2024-12-17 17:00:00+00:00,107506.4,signal_reverse,False,111524.692,,False,100.0,1.0,100.0,100.0,0.0009235622905822507,0.7111429637483331,0.31893328555437755,0.01,0.40220967819395553
p980,BTCUSDT,-1,2024-12-17 23:00:00+00:00,105930.2,2024-12-18 01:00:00+00:00,105284.4,signal_reverse,False,109108.106,,False,100.0,1.0,100.0,100.0,0.000944017853265641,0.6096467296389537,0.3190855299055416,0.01,0.3005611997334121
p981,BTCUSDT,-1,2024-12-18 07:00:00+00:00,103750.7,2024-12-18 09:00:00+00:00,104015.1,signal_reverse,False,106863.22099999999,,False,100.0,1.0,100.0,100.0,0.0009638489186097058,-0.25484165408041465,0.3203822624811206,0.009332,-0.5658919165615353
p982,BTCUSDT,-1,2024-12-18 15:00:00+00:00,103976.4,2024-12-18 17:00:00+00:00,104623.9,signal_reverse,False,107095.692,,False,100.0,1.0,100.0,100.0,0.0009617567063295132,-0.6227374673483598,0.3209341062010226,0.01,-0.9336715735493823
p983,BTCUSDT,-1,2024-12-18 23:00:00+00:00,101107.7,2024-12-19 01:00:00+00:00,99717.1,signal_reverse,False,104140.931,,False,100.0,1.0,100.0,100.0,0.0009890443556722188,1.3753650809977789,0.31793695237850333,0.006854000000000001,1.0642821286192754
p984,BTCUSDT,-1,2024-12-19 07:00:00+00:00,101129.2,2024-12-19 09:00:00+00:00,101767.3,signal_reverse,False,104163.076,,False,100.0,1.0,100.0,100.0,0.0009888340855064611,-0.6309750299616786,0.3209464625449425,-0.0045309999999999994,-0.9564524925066211
p985,BTCUSDT,1,2024-12-19 15:00:00+00:00,100902.4,2024-12-19 17:00:00+00:00,97875.328,initial_sl,False,97875.328,,False,100.0,1.0,100.0,100.0,0.0009910567043003933,-3.0000000000000004,0.3155,0.002748,-3.3127520000000006
p986,BTCUSDT,1,2024-12-19 23:00:00+00:00,98303.6,2024-12-20 01:00:00+00:00,96271.8,signal_reverse,False,95354.492,,False,100.0,1.0,100.0,100.0,0.001017256743394952,-2.066862251229866,0.3168997066231552,0.004799,-2.3789629578530214
p987,BTCUSDT,1,2024-12-20 07:00:00+00:00,97245.1,2024-12-20 09:00:00+00:00,94751.5,signal_reverse,False,94327.747,,False,100.0,1.0,100.0,100.0,0.0010283294479619023,-2.5642423114378055,0.3161536365328433,-0.002774,-2.8831699479706487
p988,BTCUSDT,-1,2024-12-20 15:00:00+00:00,95586.6,2024-12-20 17:00:00+00:00,97159.2,signal_reverse,False,98454.198,,False,100.0,1.0,100.0,100.0,0.001046171743738139,-1.6452096842025883,0.3224678145263039,0.009101,-1.958576498728892
p989,BTCUSDT,-1,2024-12-20 23:00:00+00:00,97402.6,2024-12-21 01:00:00+00:00,97296.7,signal_reverse,False,100324.678,,False,100.0,1.0,100.0,100.0,0.0010266666392888895,0.10872399710070237,0.31983691400434894,-0.002976,-0.2140889169036466
p990,BTCUSDT,1,2024-12-21 07:00:00+00:00,98680.9,2024-12-21 09:00:00+00:00,98512.2,signal_reverse,False,95720.473,,False,100.0,1.0,100.0,100.0,0.0010133673284293111,-0.17095506830602183,0.319743567397541,0.0037270000000000003,-0.4869716357035629
p991,BTCUSDT,1,2024-12-21 15:00:00+00:00,97042.6,2024-12-21 17:00:00+00:00,97545.2,signal_reverse,False,94131.322,,False,100.0,1.0,100.0,100.0,0.0010304752758067074,0.5179168736204421,0.3207768753104307,0.001912,0.19905199831001144
p992,BTCUSDT,1,2024-12-21 23:00:00+00:00,97092.0,2024-12-22 01:00:00+00:00,97000.0,signal_reverse,False,94179.24,,False,100.0,1.0,100.0,100.0,0.0010299509743336218,-0.09475548963869321,0.319857866765542,-0.001532,-0.4161453564042352
p993,BTCUSDT,-1,2024-12-22 07:00:00+00:00,96698.4,2024-12-22 09:00:00+00:00,96882.1,signal_reverse,False,99599.352,,False,100.0,1.0,100.0,100.0,0.001034143274345801,-0.1899721194973357,0.320284958179246,0.00456,-0.5056970776765817
p994,BTCUSDT,-1,2024-12-22 15:00:00+00:00,95326.5,2024-12-22 17:00:00+00:00,95562.0,signal_reverse,False,98186.295,,False,100.0,1.0,100.0,100.0,0.0010490262413914283,-0.24704567984768136,0.3203705685197715,0.002233,-0.5651832483674528
p995,BTCUSDT,-1,2024-12-22 23:00:00+00:00,95500.6,2024-12-23 01:00:00+00:00,94424.0,signal_reverse,False,98365.618,,False,100.0,1.0,100.0,100.0,0.0010471138401224704,1.1273227602758578,0.31830901585958626,0.002123,0.8111367444162715
p996,BTCUSDT,-1,2024-12-23 07:00:00+00:00,94774.9,2024-12-23 09:00:00+00:00,95967.7,signal_reverse,False,97618.147,,False,100.0,1.0,100.0,100.0,0.0010551316857100351,-1.258561074714933,0.32188784161207246,0.000435,-1.5800139163270055
p997,BTCUSDT,-1,2024-12-23 15:00:00+00:00,94349.9,2024-12-23 17:00:00+00:00,93333.7,signal_reverse,False,97180.397,,False,100.0,1.0,100.0,100.0,0.0010598845361786287,1.0770546656647193,0.31838441800150297,0.003701,0.7623712476632163
p998,BTCUSDT,-1,2024-12-23 23:00:00+00:00,95154.7,2024-12-24 01:00:00+00:00,94087.0,signal_reverse,False,98009.341,,False,100.0,1.0,100.0,100.0,0.0010509202383066733,1.122067538440032,0.31831689869234,0.00498,0.8087306397476921
p999,BTCUSDT,-1,2024-12-24 07:00:00+00:00,93873.9,2024-12-24 09:00:00+00:00,94020.0,signal_reverse,False,96690.117,,False,100.0,1.0,100.0,100.0,0.0010652588206093495,-0.15563431369103217,0.32023345147053656,0.005237,-0.4706307651615687
p1000,BTCUSDT,-1,2024-12-24 15:00:00+00:00,97417.6,2024-12-24 17:00:00+00:00,98735.2,signal_reverse,False,100340.12800000001,,False,100.0,1.0,100.0,100.0,0.0010265085569753309,-1.352527674670687,0.32202879151200603,0.008079000000000001,-1.6664774661826929
p1001,BTCUSDT,-1,2024-12-24 23:00:00+00:00,98734.7,2024-12-25 01:00:00+00:00,97965.0,signal_reverse,False,101696.741,,False,100.0,1.0,100.0,100.0,0.0010128151500941411,0.7795638210274575,0.31883065426845886,0.01,0.4707331667589986
p1002,BTCUSDT,-1,2024-12-25 07:00:00+00:00,97862.8,2024-12-25 09:00:00+00:00,98152.3,signal_reverse,False,100798.68400000001,,False,100.0,1.0,100.0,100.0,0.001021838737497803,-0.29582231450561397,0.3204437334717585,0.01,-0.6062660479773725
p1003,BTCUSDT,-1,2024-12-25 15:00:00+00:00,98691.0,2024-12-25 17:00:00+00:00,98544.6,signal_reverse,False,101651.73,,False,100.0,1.0,100.0,100.0,0.0010132636207962225,0.14834179408456108,0.3197774873088732,0.01,-0.1614356932243121
p1004,BTCUSDT,-1,2024-12-25 23:00:00+00:00,98781.2,2024-12-26 01:00:00+00:00,99018.6,signal_reverse,False,101744.636,,False,100.0,1.0,100.0,100.0,0.0010123383801776047,-0.2403291314541722,0.3203604936971813,0.01,-0.5506896251513534
p1005,BTCUSDT,-1,2024-12-26 07:00:00+00:00,98077.4,2024-12-26 09:00:00+00:00,95390.2,signal_reverse,False,101019.722,,False,100.0,1.0,100.0,100.0,0.0010196028850683236,2.7398768727555964,0.3158901846908666,0.0069889999999999996,2.4309756880647297
p1006,BTCUSDT,-1,2024-12-26 15:00:00+00:00,95410.0,2024-12-26 17:00:00+00:00,95760.0,signal_reverse,False,98272.3,,False,100.0,1.0,100.0,100.0,0.0010481081647626036,-0.36683785766691124,0.3205502567865004,0.004138,-0.6832501144534117
p1007,BTCUSDT,-1,2024-12-26 23:00:00+00:00,95785.2,2024-12-27 01:00:00+00:00,95880.1,signal_reverse,False,98658.756,,False,100.0,1.0,100.0,100.0,0.001044002622534588,-0.09907584887854151,0.3201486137733179,0.0010890000000000001,-0.4181354626518594
p1008,BTCUSDT,-1,2024-12-27 07:00:00+00:00,96550.1,2024-12-27 09:00:00+00:00,96732.9,signal_reverse,False,99446.603,,False,100.0,1.0,100.0,100.0,0.0010357317082012342,-0.18933175625917356,0.3202839976343888,0.005263,-0.5043527538935624
p1009,BTCUSDT,-1,2024-12-27 15:00:00+00:00,95639.9,2024-12-27 17:00:00+00:00,94229.9,signal_reverse,False,98509.097,,False,100.0,1.0,100.0,100.0,0.001045588713497191,1.4742800860310394,0.31778857987095344,0.000327,1.156818506160086
p1010,BTCUSDT,-1,2024-12-27 23:00:00+00:00,94374.7,2024-12-28 01:00:00+00:00,94485.9,signal_reverse,False,97205.94099999999,,False,100.0,1.0,100.0,100.0,0.001059606017290651,-0.1178281891227173,0.3201767422836841,0.0006929999999999999,-0.4373119314064014
p1011,BTCUSDT,-1,2024-12-28 07:00:00+00:00,94412.5,2024-12-28 09:00:00+00:00,94530.0,signal_reverse,False,97244.875,,False,100.0,1.0,100.0,100.0,0.0010591817820733483,-0.12445385939361843,0.32018668078909046,-0.003321,-0.4479615401827089
p1012,BTCUSDT,1,2024-12-28 15:00:00+00:00,94535.8,2024-12-28 17:00:00+00:00,94985.5,signal_reverse,False,91699.72600000001,,False,100.0,1.0,100.0,100.0,0.0010578003253793801,0.4756928063231042,0.32071353920948464,-0.0005769999999999999,0.15440226711361954
p1013,BTCUSDT,-1,2024-12-28 23:00:00+00:00,95277.3,2024-12-29 01:00:00+00:00,94813.6,signal_reverse,False,98135.619,,False,100.0,1.0,100.0,100.0,0.0010495679453552944,0.48668465626124696,0.31926997301560817,0.003548,0.1709626832456388
p1014,BTCUSDT,-1,2024-12-29 07:00:00+00:00,95129.8,2024-12-29 09:00:00+00:00,95133.0,signal_reverse,False,97983.694,,False,100.0,1.0,100.0,100.0,0.0010511953141917674,-0.0033638250054105964,0.32000504573750815,5.9999999999999995e-05,-0.32330887074291875
p1015,BTCUSDT,-1,2024-12-29 15:00:00+00:00,94577.9,2024-12-29 17:00:00+00:00,93877.5,signal_reverse,False,97415.237,,False,100.0,1.0,100.0,100.0,0.001057329460687962,0.7405535542658425,0.31888916966860126,0.003159,0.4248233845972412
p1016,BTCUSDT,-1,2024-12-29 23:00:00+00:00,93089.6,2024-12-30 01:00:00+00:00,93886.3,signal_reverse,False,95882.288,,False,100.0,1.0,100.0,100.0,0.0010742338564136058,-0.8558421134047166,0.3212837631701071,-0.005981,-1.1831068765748236
p1017,BTCUSDT,1,2024-12-30 07:00:00+00:00,93854.8,2024-12-30 09:00:00+00:00,93833.4,signal_reverse,False,91039.156,,False,100.0,1.0,100.0,100.0,0.0010654756070014532,-0.022801177989840403,0.31996579823301524,0.001761,-0.3410059762228556
p1018,BTCUSDT,1,2024-12-30 15:00:00+00:00,91825.3,2024-12-30 17:00:00+00:00,93779.9,signal_reverse,False,89070.541,,False,100.0,1.0,100.0,100.0,0.0010890244845374857,2.12860725747696,0.3231929108862155,0.002975,1.8083893465907444
p1019,BTCUSDT,1,2024-12-30 23:00:00+00:00,92745.3,2024-12-31 01:00:00+00:00,92390.2,signal_reverse,False,89962.941,,False,100.0,1.0,100.0,100.0,0.0010782217535551667,-0.382876544687446,0.3194256851829689,-0.000865,-0.7031672298704149
p1020,BTCUSDT,-1,2024-12-31 07:00:00+00:00,92777.2,2024-12-31 09:00:00+00:00,93990.0,signal_reverse,False,95560.516,,False,100.0,1.0,100.0,100.0,0.0010778510237429023,-1.307217721595395,0.3219608265823931,-0.00019,-1.629368548177788
p1021,BTCUSDT,1,2024-12-31 15:00:00+00:00,95657.5,2024-12-31 17:00:00+00:00,94087.2,signal_reverse,False,92787.775,,False,100.0,1.0,100.0,100.0,0.0010453963358858427,-1.6415858662415417,0.3175376212006377,-0.01,-1.9691234874421795
p1022,BTCUSDT,-1,2024-12-31 23:00:00+00:00,93460.1,2025-01-01 01:00:00+00:00,93575.2,signal_reverse,False,96263.903,,False,100.0,1.0,100.0,100.0,0.0010699753156694675,-0.12315415883354637,0.32018473123825036,0.01,-0.4333388900717967
p1023,BTCUSDT,-1,2025-01-01 07:00:00+00:00,93720.1,2025-01-01 09:00:00+00:00,93368.4,signal_reverse,False,96531.70300000001,,False,100.0,1.0,100.0,100.0,0.00106700697075654,0.37526635161508753,0.31943710047257745,0.007085,0.06291425114251008
p1024,BTCUSDT,-1,2025-01-01 15:00:00+00:00,94134.4,2025-01-01 17:00:00+00:00,94106.0,signal_reverse,False,96958.432,,False,100.0,1.0,100.0,100.0,0.001062310908658259,0.030169629805888373,0.3199547455552912,0.006921,-0.2828641157494028
p1025,BTCUSDT,-1,2025-01-01 23:00:00+00:00,94761.1,2025-01-02 01:00:00+00:00,94844.5,signal_reverse,False,97603.933,,False,100.0,1.0,100.0,100.0,0.0010552853438805586,-0.08801079767963244,0.32013201619651954,0.01,-0.39814281387615197
p1026,BTCUSDT,-1,2025-01-02 07:00:00+00:00,95547.1,2025-01-02 09:00:00+00:00,96716.4,signal_reverse,False,98413.513,,False,100.0,1.0,100.0,100.0,0.0010466042402124188,-1.223794338080369,0.3218356915071206,0.01,-1.5356300295874896
p1027,BTCUSDT,-1,2025-01-02 15:00:00+00:00,97238.1,2025-01-02 17:00:00+00:00,96729.2,signal_reverse,False,100155.243,,False,100.0,1.0,100.0,100.0,0.001028403475592386,0.5233545287289743,0.31921496820690654,0.01,0.21413956052206773
p1028,BTCUSDT,-1,2025-01-02 23:00:00+00:00,96850.2,2025-01-03 01:00:00+00:00,96952.3,signal_reverse,False,99755.70599999999,,False,100.0,1.0,100.0,100.0,0.0010325223902480326,-0.10542053604433013,0.3201581308040665,0.01,-0.4155786668483966
p1029,BTCUSDT,-1,2025-01-03 07:00:00+00:00,96512.8,2025-01-03 09:00:00+00:00,96518.1,signal_reverse,False,99408.18400000001,,False,100.0,1.0,100.0,100.0,0.0010361319949270978,-0.0054914995731166335,0.32000823724935973,0.009014999999999999,-0.31648473682247635
p1030,BTCUSDT,-1,2025-01-03 15:00:00+00:00,96977.7,2025-01-03 17:00:00+00:00,97983.6,signal_reverse,False,99887.031,,False,100.0,1.0,100.0,100.0,0.0010311648966721215,-1.0372487695624961,0.32155587315434375,0.01,-1.3488046427168399
p1031,BTCUSDT,-1,2025-01-03 23:00:00+00:00,98260.1,2025-01-04 01:00:00+00:00,97986.3,signal_reverse,False,101207.903,,False,100.0,1.0,100.0,100.0,0.001017707085582042,0.27864820003236607,0.3195820276999515,0.0037790000000000002,-0.03715482766758541
p1032,BTCUSDT,-1,2025-01-04 07:00:00+00:00,98091.6,2025-01-04 09:00:00+00:00,97661.3,signal_reverse,False,101034.34800000001,,False,100.0,1.0,100.0,100.0,0.0010194552846523046,0.43867160898588964,0.3193419925865212,0.009859,0.12918861639936846
p1033,BTCUSDT,-1,2025-01-04 15:00:00+00:00,97995.0,2025-01-04 17:00:00+00:00,97973.2,signal_reverse,False,100934.85,,False,100.0,1.0,100.0,100.0,0.0010204602275626308,0.02224603296086832,0.3199666309505587,0.0052580000000000005,-0.29246259798969043
p1034,BTCUSDT,-1,2025-01-04 23:00:00+00:00,98367.5,2025-01-05 01:00:00+00:00,98098.5,signal_reverse,False,101318.525,,False,100.0,1.0,100.0,100.0,0.0010165959285333061,0.27346430477545935,0.3195898035428368,0.01,-0.036125498767377424
p1035,BTCUSDT,-1,2025-01-05 07:00:00+00:00,98419.4,2025-01-05 09:00:00+00:00,97616.4,signal_reverse,False,101371.98199999999,,False,100.0,1.0,100.0,100.0,0.0010160598418604463,0.8158960530139384,0.31877615592047914,0.01,0.5071198970934593
p1036,BTCUSDT,-1,2025-01-05 15:00:00+00:00,97810.0,2025-01-05 17:00:00+00:00,97700.0,signal_reverse,False,100744.3,,False,100.0,1.0,100.0,100.0,0.0010223903486351088,0.11246293834986197,0.3198313055924752,0.007478,-0.1998903672426132
p1037,BTCUSDT,-1,2025-01-05 23:00:00+00:00,98656.2,2025-01-06 01:00:00+00:00,98716.6,signal_reverse,False,101615.886,,False,100.0,1.0,100.0,100.0,0.0010136210395291934,-0.06122271078757213,0.32009183406618136,0.01,-0.3713145448537535
p1038,BTCUSDT,-1,2025-01-06 07:00:00+00:00,99468.2,2025-01-06 09:00:00+00:00,98979.1,signal_reverse,False,102452.246,,False,100.0,1.0,100.0,100.0,0.0010053464323271156,0.49171494005118344,0.31926242758992324,0.01,0.1824525124612602
p1039,BTCUSDT,-1,2025-01-06 15:00:00+00:00,100692.4,2025-01-06 17:00:00+00:00,101788.0,signal_reverse,False,103713.17199999999,,False,100.0,1.0,100.0,100.0,0.000993123612109752,-1.0880662294274501,0.32163209934414116,0.01,-1.3996983287715914
p1040,BTCUSDT,-1,2025-01-06 23:00:00+00:00,101956.4,2025-01-07 01:00:00+00:00,101869.3,signal_reverse,False,105015.09199999999,,False,100.0,1.0,100.0,100.0,0.000980811405659674,0.08542867343294905,0.31987185698985054,0.005254,-0.2291891835569015
p1041,BTCUSDT,-1,2025-01-07 07:00:00+00:00,101760.0,2025-01-07 09:00:00+00:00,101667.1,signal_reverse,False,104812.8,,False,100.0,1.0,100.0,100.0,0.0009827044025157233,0.09129323899370498,0.31986306014150945,0.0028989999999999997,-0.22567082114780446
p1042,BTCUSDT,-1,2025-01-07 15:00:00+00:00,99938.6,2025-01-07 17:00:00+00:00,97242.4,signal_reverse,False,102936.758,,False,100.0,1.0,100.0,100.0,0.0010006143772276178,2.6978564838811145,0.31595321527417836,0.01,2.391903268606936
p1043,BTCUSDT,-1,2025-01-07 23:00:00+00:00,97127.4,2025-01-08 01:00:00+00:00,96853.1,signal_reverse,False,100041.222,,False,100.0,1.0,100.0,100.0,0.00102957558835097,0.28241258388465906,0.319576381124173,0.008585,-0.02857879723951396
p1044,BTCUSDT,-1,2025-01-08 07:00:00+00:00,95239.2,2025-01-08 09:00:00+00:00,95383.5,signal_reverse,False,98096.376,,False,100.0,1.0,100.0,100.0,0.0010499878201412863,-0.15151324244639067,0.3202272698636696,0.004936,-0.4668045123100603
p1045,BTCUSDT,-1,2025-01-08 15:00:00+00:00,95251.0,2025-01-08 17:00:00+00:00,93957.6,signal_reverse,False,98108.53,,False,100.0,1.0,100.0,100.0,0.0010498577442756506,1.3578860064461205,0.3179631709903309,0.009631,1.0495538354557896
p1046,BTCUSDT,-1,2025-01-08 23:00:00+00:00,95247.5,2025-01-09 01:00:00+00:00,94946.9,signal_reverse,False,98104.925,,False,100.0,1.0,100.0,100.0,0.0010498963227381297,0.31559883461508786,0.3195266017480774,0.006430000000000001,0.002502232867010466
p1047,BTCUSDT,-1,2025-01-09 07:00:00+00:00,94052.3,2025-01-09 09:00:00+00:00,93464.6,signal_reverse,False,96873.869,,False,100.0,1.0,100.0,100.0,0.0010632382195863365,0.6248651016508868,0.3190627023475237,0.005118,0.3109203993033631
p1048,BTCUSDT,-1,2025-01-09 15:00:00+00:00,92815.1,2025-01-09 17:00:00+00:00,92635.6,signal_reverse,False,95599.553,,False,100.0,1.0,100.0,100.0,0.001077410895425421,0.1933952557288631,0.31970990711640673,-0.0008460000000000001,-0.12716065138754365
p1049,BTCUSDT,1,2025-01-09 23:00:00+00:00,92419.2,2025-01-10 01:00:00+00:00,93067.9,signal_reverse,False,89646.624,,False,100.0,1.0,100.0,100.0,0.001082026245628614,0.7019104255392787,0.321052865638309,-0.006938000000000001,0.37391955990096976
p1050,BTCUSDT,-1,2025-01-10 07:00:00+00:00,94197.8,2025-01-10 09:00:00+00:00,94738.5,signal_reverse,False,97023.734,,False,100.0,1.0,100.0,100.0,0.001061595918376013,-0.5740049130659072,0.3208610073695989,0.000902,-0.8939639204355061
p1051,BTCUSDT,-1,2025-01-10 15:00:00+00:00,94083.5,2025-01-10 17:00:00+00:00,95767.1,signal_reverse,False,96906.005,,False,100.0,1.0,100.0,100.0,0.0010628856281919784,-1.789474243624021,0.32268421136543607,0.007043,-2.1051154549894573
p1052,BTCUSDT,-1,2025-01-10 23:00:00+00:00,94728.8,2025-01-11 01:00:00+00:00,94389.9,signal_reverse,False,97570.664,,False,100.0,1.0,100.0,100.0,0.0010556451681009366,0.35775814746941664,0.3194633627787959,0.00608,0.044374784690620755
p1053,BTCUSDT,-1,2025-01-11 07:00:00+00:00,94167.6,2025-01-11 09:00:00+00:00,94293.3,signal_reverse,False,96992.62800000001,,False,100.0,1.0,100.0,100.0,0.001061936377267765,-0.13348540262255498,0.32020022810393384,0.006697000000000001,-0.4469886307264888
p1054,BTCUSDT,-1,2025-01-11 15:00:00+00:00,94571.0,2025-01-11 17:00:00+00:00,94125.7,signal_reverse,False,97408.13,,False,100.0,1.0,100.0,100.0,0.0010574066045616521,0.47086316101130676,0.31929370525848305,0.004981,0.15655045575282373
p1055,BTCUSDT,-1,2025-01-11 23:00:00+00:00,94554.8,2025-01-12 01:00:00+00:00,94538.4,signal_reverse,False,97391.444,,False,100.0,1.0,100.0,100.0,0.0010575877692089665,0.017344439415036286,0.31997398334087745,0.00831,-0.2943195439258412
p1056,BTCUSDT,-1,2025-01-12 07:00:00+00:00,94328.7,2025-01-12 09:00:00+00:00,93862.8,signal_reverse,False,97158.561,,False,100.0,1.0,100.0,100.0,0.0010601227410109544,0.49391118503699744,0.31925913322244454,0.006034,0.1806860518145529
p1057,BTCUSDT,-1,2025-01-12 15:00:00+00:00,94780.0,2025-01-12 17:00:00+00:00,95096.8,signal_reverse,False,97623.4,,False,100.0,1.0,100.0,100.0,0.0010550749103186326,-0.3342477315889459,0.32050137159738346,0.008847,-0.6459021031863292
p1058,BTCUSDT,-1,2025-01-12 23:00:00+00:00,93929.8,2025-01-13 01:00:00+00:00,94177.9,signal_reverse,False,96747.694,,False,100.0,1.0,100.0,100.0,0.0010646248581387377,-0.2641334273042115,0.3203962001409564,0.009996,-0.5745336274451679
p1059,BTCUSDT,-1,2025-01-13 07:00:00+00:00,93600.1,2025-01-13 09:00:00+00:00,92805.0,signal_reverse,False,96408.103,,False,100.0,1.0,100.0,100.0,0.0010683749269498643,0.8494649044178433,0.31872580264337325,0.0073609999999999995,0.53810010177447
p1060,BTCUSDT,-1,2025-01-13 15:00:00+00:00,91784.8,2025-01-13 17:00:00+00:00,91944.0,signal_reverse,False,94538.344,,False,100.0,1.0,100.0,100.0,0.001089505016081094,-0.17344919856010702,0.32026017379784016,0.000661,-0.4930483723579472
p1061,BTCUSDT,-1,2025-01-13 23:00:00+00:00,94370.4,2025-01-14 01:00:00+00:00,94814.4,signal_reverse,False,97201.51199999999,,False,100.0,1.0,100.0,100.0,0.001059654298381696,-0.47048650848147305,0.3207057297627222,0.01,-0.7811922382441953
p1062,BTCUSDT,-1,2025-01-14 07:00:00+00:00,95014.1,2025-01-14 09:00:00+00:00,97150.0,signal_reverse,False,97864.523,,False,100.0,1.0,100.0,100.0,0.0010524753694451665,-2.247982141597925,0.3233719732123969,0.01,-2.561354114810322
p1063,BTCUSDT,-1,2025-01-14 15:00:00+00:00,96257.8,2025-01-14 17:00:00+00:00,96492.5,signal_reverse,False,99145.534,,False,100.0,1.0,100.0,100.0,0.0010388768494605113,-0.24382439656837898,0.3203657365948526,0.01,-0.5541901331632316
p1064,BTCUSDT,-1,2025-01-14 23:00:00+00:00,96640.2,2025-01-15 01:00:00+00:00,97293.1,signal_reverse,False,99539.406,,False,100.0,1.0,100.0,100.0,0.001034766070434457,-0.675598767386666,0.32101339815108,0.0053430000000000005,-0.991269165537746
p1065,BTCUSDT,-1,2025-01-15 07:00:00+00:00,97065.7,2025-01-15 09:00:00+00:00,96782.4,signal_reverse,False,99977.671,,False,100.0,1.0,100.0,100.0,0.0010302300400656464,0.29186417035060064,0.31956220374447414,0.007032,-0.0206660333938735
p1066,BTCUSDT,-1,2025-01-15 15:00:00+00:00,99400.7,2025-01-15 17:00:00+00:00,98600.0,signal_reverse,False,102382.72099999999,,False,100.0,1.0,100.0,100.0,0.0010060291325916216,0.8055275264661085,0.3187917087103008,0.01,0.49673581775580766
p1067,BTCUSDT,-1,2025-01-15 23:00:00+00:00,99681.0,2025-01-16 01:00:00+00:00,100044.8,signal_reverse,False,102671.43,,False,100.0,1.0,100.0,100.0,0.0010032002086656435,-0.364964235912564,0.3205474463538689,0.005755000000000001,-0.6797566822664329
p1068,BTCUSDT,-1,2025-01-16 07:00:00+00:00,99761.6,2025-01-16 09:00:00+00:00,99125.2,signal_reverse,False,102754.448,,False,100.0,1.0,100.0,100.0,0.0010023896970377379,0.6379208031948251,0.3190431187952078,0.01,0.32887768439961734
p1069,BTCUSDT,-1,2025-01-16 15:00:00+00:00,97579.0,2025-01-16 17:00:00+00:00,99798.9,signal_reverse,False,100506.37,,False,100.0,1.0,100.0,100.0,0.0010248106662294142,-2.2749771979626705,0.32341246579694405,0.01,-2.5883896637596147
p1070,BTCUSDT,-1,2025-01-16 23:00:00+00:00,99775.7,2025-01-17 01:00:00+00:00,101644.6,signal_reverse,False,102768.97099999999,,False,100.0,1.0,100.0,100.0,0.0010022480423590113,-1.873101366364765,0.32280965204954715,0.007554999999999999,-2.1883560184143125
p1071,BTCUSDT,-1,2025-01-17 07:00:00+00:00,101383.9,2025-01-17 09:00:00+00:00,101833.4,signal_reverse,False,104425.41699999999,,False,100.0,1.0,100.0,100.0,0.000986349903682932,-0.4433642817054779,0.3206650464225582,0.01,-0.7540293281280361
p1072,BTCUSDT,-1,2025-01-17 15:00:00+00:00,103357.9,2025-01-17 17:00:00+00:00,104106.7,signal_reverse,False,106458.63699999999,,False,100.0,1.0,100.0,100.0,0.0009675119173280418,-0.7244729236952405,0.3210867093855429,0.01,-1.0355596330807835
p1073,BTCUSDT,-1,2025-01-17 23:00:00+00:00,104366.0,2025-01-18 01:00:00+00:00,104223.1,signal_reverse,False,107496.98,,False,100.0,1.0,100.0,100.0,0.0009581664526761589,0.13692198608741754,0.3197946170208689,0.009347,-0.17352563093345139
p1074,BTCUSDT,-1,2025-01-18 07:00:00+00:00,103408.9,2025-01-18 09:00:00+00:00,103127.8,signal_reverse,False,106511.16699999999,,False,100.0,1.0,100.0,100.0,0.0009670347523278945,0.2718334688793627,0.31959224979668094,0.01,-0.03775878091731822
p1075,BTCUSDT,-1,2025-01-18 15:00:00+00:00,103932.4,2025-01-18 17:00:00+00:00,103769.2,signal_reverse,False,107050.37199999999,,False,100.0,1.0,100.0,100.0,0.0009621638680526958,0.15702514326619715,0.3197644622851007,0.01,-0.15273931901890353
p1076,BTCUSDT,-1,2025-01-18 23:00:00+00:00,104262.2,2025-01-19 01:00:00+00:00,104452.6,signal_reverse,False,107390.06599999999,,False,100.0,1.0,100.0,100.0,0.0009591203715248671,-0.1826165187383431,0.32027392477810757,0.01,-0.4928904435164506
p1077,BTCUSDT,-1,2025-01-19 07:00:00+00:00,105539.1,2025-01-19 09:00:00+00:00,105273.8,signal_reverse,False,108705.273,,False,100.0,1.0,100.0,100.0,0.0009475161338309688,0.25137603030535877,0.319622935954542,0.01,-0.05824690564918323
p1078,BTCUSDT,-1,2025-01-19 15:00:00+00:00,105128.9,2025-01-19 17:00:00+00:00,105100.0,signal_reverse,False,108282.76699999999,,False,100.0,1.0,100.0,100.0,0.0009512132249077086,0.02749006219982724,0.3199587649067003,0.01,-0.282468702706873
p1079,BTCUSDT,-1,2025-01-19 23:00:00+00:00,103400.0,2025-01-20 01:00:00+00:00,100671.6,signal_reverse,False,106502.0,,False,100.0,1.0,100.0,100.0,0.0009671179883945841,2.6386847195357777,0.31604197292069636,0.01,2.332642746615081
p1080,BTCUSDT,-1,2025-01-20 07:00:00+00:00,107542.7,2025-01-20 09:00:00+00:00,108178.5,signal_reverse,False,110768.981,,False,100.0,1.0,100.0,100.0,0.0009298632078234971,-0.5912070275341822,0.3208868105413013,0.01,-0.9020938380754835
p1081,BTCUSDT,-1,2025-01-20 15:00:00+00:00,107926.0,2025-01-20 17:00:00+00:00,102978.4,signal_reverse,False,111163.78,,False,100.0,1.0,100.0,100.0,0.0009265607916535403,4.584252172785062,0.3131236217408224,0.01,4.281128551044239
p1082,BTCUSDT,-1,2025-01-20 23:00:00+00:00,103589.5,2025-01-21 01:00:00+00:00,101485.3,signal_reverse,False,106697.185,,False,100.0,1.0,100.0,100.0,0.0009653488046568427,2.0312869547589254,0.3169530695678616,0.01,1.724333885191064
p1083,BTCUSDT,-1,2025-01-21 07:00:00+00:00,102161.9,2025-01-21 09:00:00+00:00,102680.1,signal_reverse,False,105226.757,,False,100.0,1.0,100.0,100.0,0.000978838490670201,-0.5072341058653096,0.32076085115879793,0.01,-0.8179949570241075
p1084,BTCUSDT,-1,2025-01-21 15:00:00+00:00,103271.2,2025-01-21 16:00:00+00:00,106369.336,initial_sl,False,106369.336,,False,100.0,1.0,100.0,100.0,0.0009683241794420903,-2.9999999999999987,0.3245,0.0,-3.3244999999999987
p1085,BTCUSDT,-1,2025-01-21 23:00:00+00:00,105972.1,2025-01-22 01:00:00+00:00,105785.5,signal_reverse,False,109151.263,,False,100.0,1.0,100.0,100.0,0.0009436446007958698,0.1760840825085148,0.31973587387623725,0.01,-0.13365179136772246
p1086,BTCUSDT,-1,2025-01-22 07:00:00+00:00,105370.4,2025-01-22 09:00:00+00:00,104987.7,signal_reverse,False,108531.51199999999,,False,100.0,1.0,100.0,100.0,0.0009490331250521968,0.363194976957473,0.3194552075345638,0.01,0.053739769422909194
p1087,BTCUSDT,-1,2025-01-22 15:00:00+00:00,104391.7,2025-01-22 17:00:00+00:00,104327.7,signal_reverse,False,107523.451,,False,100.0,1.0,100.0,100.0,0.0009579305634451782,0.0613075560604914,0.3199080386659093,0.01,-0.2486004826054179
p1088,BTCUSDT,-1,2025-01-22 23:00:00+00:00,103834.1,2025-01-23 01:00:00+00:00,102910.7,signal_reverse,False,106949.123,,False,100.0,1.0,100.0,100.0,0.0009630747509729462,0.889303225048427,0.31866604516242736,0.01,0.5806371798859996
p1089,BTCUSDT,-1,2025-01-23 07:00:00+00:00,102228.0,2025-01-23 09:00:00+00:00,101627.7,signal_reverse,False,105294.84,,False,100.0,1.0,100.0,100.0,0.0009782055796846265,0.5872168094846841,0.31911917478577295,0.01,0.2780976346989112
p1090,BTCUSDT,-1,2025-01-23 15:00:00+00:00,105199.7,2025-01-23 17:00:00+00:00,105911.3,signal_reverse,False,108355.69099999999,,False,100.0,1.0,100.0,100.0,0.00095057305296498,-0.6764277844898853,0.3210146416767349,0.01,-0.9874424261666201
p1091,BTCUSDT,-1,2025-01-23 23:00:00+00:00,103937.8,2025-01-24 01:00:00+00:00,103183.3,signal_reverse,False,107055.93400000001,,False,100.0,1.0,100.0,100.0,0.0009621138796472506,0.7259149221938506,0.3189111276167092,0.004385999999999999,0.41138979457714137
p1092,BTCUSDT,-1,2025-01-24 07:00:00+00:00,104948.9,2025-01-24 09:00:00+00:00,105112.4,signal_reverse,False,108097.367,,False,100.0,1.0,100.0,100.0,0.000952844670120411,-0.1557901035646872,0.32023368515534706,0.009463,-0.46656078872003426
p1093,BTCUSDT,-1,2025-01-24 15:00:00+00:00,105728.7,2025-01-24 17:00:00+00:00,106432.4,signal_reverse,False,108900.561,,False,100.0,1.0,100.0,100.0,0.000945816982522248,-0.6655714106009031,0.3209983571159014,0.01,-0.9765697677168045
p1094,BTCUSDT,-1,2025-01-24 23:00:00+00:00,104720.7,2025-01-25 01:00:00+00:00,104677.3,signal_reverse,False,107862.321,,False,100.0,1.0,100.0,100.0,0.000954921042353613,0.04144357323814125,0.3199378346401428,0.01,-0.26849426140200155
p1095,BTCUSDT,-1,2025-01-25 07:00:00+00:00,104267.0,2025-01-25 09:00:00+00:00,104308.7,signal_reverse,False,107395.01,,False,100.0,1.0,100.0,100.0,0.0009590762177870276,-0.03999347828171626,0.3200599902174226,0.007472,-0.3525814684991389
p1096,BTCUSDT,-1,2025-01-25 15:00:00+00:00,104538.9,2025-01-25 17:00:00+00:00,104848.9,signal_reverse,False,107675.067,,False,100.0,1.0,100.0,100.0,0.0009565817126447667,-0.2965403309198777,0.3204448104963798,0.005216999999999999,-0.6117681414162575
p1097,BTCUSDT,-1,2025-01-25 23:00:00+00:00,105044.5,2025-01-26 01:00:00+00:00,104586.4,signal_reverse,False,108195.835,,False,100.0,1.0,100.0,100.0,0.0009519774952520123,0.4361008905749524,0.3193458486641376,0.01,0.12675504191081477
p1098,BTCUSDT,-1,2025-01-26 07:00:00+00:00,104969.4,2025-01-26 09:00:00+00:00,104597.6,signal_reverse,False,108118.48199999999,,False,100.0,1.0,100.0,100.0,0.0009526585843112374,0.354198461646907,0.31946870230752966,0.01,0.04472975933937733
p1099,BTCUSDT,-1,2025-01-26 15:00:00+00:00,104910.2,2025-01-26 17:00:00+00:00,104911.0,signal_reverse,False,108057.506,,False,100.0,1.0,100.0,100.0,0.0009531961620509731,-0.0007625569296435526,0.3200011438353945,0.01,-0.31076370076503806
p1100,BTCUSDT,-1,2025-01-26 23:00:00+00:00,104283.6,2025-01-27 01:00:00+00:00,101235.3,signal_reverse,False,107412.10800000001,,False,100.0,1.0,100.0,100.0,0.0009589235507788377,2.9230866598391336,0.3156153700102413,0.01,2.617471289828892
p1101,BTCUSDT,-1,2025-01-27 07:00:00+00:00,98898.1,2025-01-27 09:00:00+00:00,99366.9,signal_reverse,False,101865.043,,False,100.0,1.0,100.0,100.0,0.001011141771176595,-0.4740232623275759,0.3207110348934914,0.00025299999999999997,-0.7944812972210674
p1102,BTCUSDT,-1,2025-01-27 15:00:00+00:00,101857.3,2025-01-27 17:00:00+00:00,99100.8,signal_reverse,False,104913.019,,False,100.0,1.0,100.0,100.0,0.0009817656662801783,2.7062370591013116,0.315940644411348,0.001349,2.3916454146899633
p1103,BTCUSDT,-1,2025-01-27 23:00:00+00:00,101581.7,2025-01-28 01:00:00+00:00,101335.0,signal_reverse,False,104629.151,,False,100.0,1.0,100.0,100.0,0.0009844292820458803,0.24285870388071581,0.31963571194417895,0.000581,-0.07619600806346313
p1104,BTCUSDT,-1,2025-01-28 07:00:00+00:00,102698.2,2025-01-28 09:00:00+00:00,102910.8,signal_reverse,False,105779.146,,False,100.0,1.0,100.0,100.0,0.0009737269007635967,-0.20701433910234632,0.3203105215086536,0.005241,-0.5220838606109999
p1105,BTCUSDT,-1,2025-01-28 15:00:00+00:00,102590.3,2025-01-28 17:00:00+00:00,102513.6,signal_reverse,False,105668.009,,False,100.0,1.0,100.0,100.0,0.0009747510242196387,0.07476340355764345,0.3198878548946636,0.000659,-0.24446545133702016
p1106,BTCUSDT,-1,2025-01-28 23:00:00+00:00,101218.7,2025-01-29 01:00:00+00:00,101781.0,signal_reverse,False,104255.261,,False,100.0,1.0,100.0,100.0,0.000987959734713052,-0.555529758829152,0.3208332946382437,-0.002196,-0.8785590534673957
p1107,BTCUSDT,1,2025-01-29 07:00:00+00:00,102762.4,2025-01-29 09:00:00+00:00,102290.0,signal_reverse,False,99679.52799999999,,False,100.0,1.0,100.0,100.0,0.0009731185725518284,-0.45970121367347805,0.3193104481794898,-0.0017920000000000002,-0.7808036618529679
p1108,BTCUSDT,-1,2025-01-29 15:00:00+00:00,101995.8,2025-01-29 17:00:00+00:00,102367.6,signal_reverse,False,105055.674,,False,100.0,1.0,100.0,100.0,0.000980432527613882,-0.3645248137668442,0.32054678722065033,0.006486,-0.6785856009874945
p1109,BTCUSDT,-1,2025-01-29 23:00:00+00:00,103444.1,2025-01-30 01:00:00+00:00,104237.0,signal_reverse,False,106547.42300000001,,False,100.0,1.0,100.0,100.0,0.0009667056893529935,-0.766500941087983,0.321149751411632,0.007587,-1.080063692499615
p1110,BTCUSDT,-1,2025-01-30 07:00:00+00:00,105159.7,2025-01-30 09:00:00+00:00,105397.0,signal_reverse,False,108314.491,,False,100.0,1.0,100.0,100.0,0.0009509346260972597,-0.2256567867728825,0.32033848518015934,0.01,-0.5359952719530419
p1111,BTCUSDT,-1,2025-01-30 15:00:00+00:00,105883.0,2025-01-30 17:00:00+00:00,105242.9,signal_reverse,False,109059.49,,False,100.0,1.0,100.0,100.0,0.0009444386728747769,0.6045351945071502,0.3190931972082393,0.01,0.2954419972989109
p1112,BTCUSDT,-1,2025-01-30 23:00:00+00:00,105040.5,2025-01-31 01:00:00+00:00,104679.6,signal_reverse,False,108191.715,,False,100.0,1.0,100.0,100.0,0.0009520137470785078,0.34358176132062795,0.3194846273580191,0.001241,0.025338133962608873
p1113,BTCUSDT,-1,2025-01-31 07:00:00+00:00,104467.7,2025-01-31 09:00:00+00:00,104205.4,signal_reverse,False,107601.731,,False,100.0,1.0,100.0,100.0,0.0009572336712687271,0.2510823919737899,0.3196233764120393,0.003319,-0.0652219844382494
p1114,BTCUSDT,-1,2025-01-31 15:00:00+00:00,104403.5,2025-01-31 17:00:00+00:00,104523.0,signal_reverse,False,107535.605,,False,100.0,1.0,100.0,100.0,0.000957822295229566,-0.11445976427993314,0.3201716896464199,0.0026579999999999998,-0.43197345392635306
p1115,BTCUSDT,-1,2025-01-31 23:00:00+00:00,102200.1,2025-02-01 01:00:00+00:00,102504.1,signal_reverse,False,105266.103,,False,100.0,1.0,100.0,100.0,0.0009784726238036949,-0.29745567763632325,0.32044618351645454,-0.014856999999999999,-0.6327588611527778
p1116,BTCUSDT,1,2025-02-01 07:00:00+00:00,102343.2,2025-02-01 09:00:00+00:00,101621.8,signal_reverse,False,99272.904,,False,100.0,1.0,100.0,100.0,0.000977104487645491,-0.7048831773874514,0.3189426752339189,0.011979,-1.0118468526213704
p1117,BTCUSDT,1,2025-02-01 15:00:00+00:00,101798.0,2025-02-01 17:00:00+00:00,102197.3,signal_reverse,False,98744.06,,False,100.0,1.0,100.0,100.0,0.0009823375704827208,0.39224739189375324,0.32058837108784066,0.002399,0.07405802080591257
p1118,BTCUSDT,1,2025-02-01 23:00:00+00:00,100600.6,2025-02-02 01:00:00+00:00,101196.5,signal_reverse,False,97582.58200000001,,False,100.0,1.0,100.0,100.0,0.0009940298566807752,0.5923423915960682,0.3208885135873941,0.001242,0.27269587800867406
p1119,BTCUSDT,1,2025-02-02 07:00:00+00:00,100218.1,2025-02-02 09:00:00+00:00,99619.9,signal_reverse,False,97211.557,,False,100.0,1.0,100.0,100.0,0.0009978237464090818,-0.5968981651019244,0.3191046527523472,0.001722,-0.9142808178542716
p1120,BTCUSDT,1,2025-02-02 15:00:00+00:00,99150.5,2025-02-02 17:00:00+00:00,97201.6,signal_reverse,False,96175.985,,False,100.0,1.0,100.0,100.0,0.0010085677833192974,-1.9655977529109727,0.31705160337063354,0.002013,-2.2806363562816063
