position_id,symbol,direction,entry_time,entry_price,exit_time,exit_price,exit_reason,is_gap_fill,initial_sl,trailing_sl,trailing_active,stake,leverage,notional,margin,quantity,gross_pnl,total_costs,funding_pnl,net_pnl
p1,DOGEUSDT,-1,2024-01-26 07:00:00+00:00,0.07798,2024-01-26 09:00:00+00:00,0.07811,signal_reverse,False,0.0803194,,False,100.0,1.0,100.0,100.0,1282.3800974608876,-0.16670941266992192,0.3202500641190049,0.01,-0.4769594767889268
p2,DOGEUSDT,-1,2024-01-26 15:00:00+00:00,0.07949,2024-01-26 17:00:00+00:00,0.08,signal_reverse,False,0.08187470000000001,,False,100.0,1.0,100.0,100.0,1258.019876714052,-0.6415901371241622,0.32096238520568626,0.01,-0.9525525223298485
p3,DOGEUSDT,-1,2024-01-26 23:00:00+00:00,0.0799,2024-01-27 01:00:00+00:00,0.07995,signal_reverse,False,0.082297,,False,100.0,1.0,100.0,100.0,1251.5644555694619,-0.0625782227784662,0.3200938673341678,0.01,-0.37267209011263397
p4,DOGEUSDT,-1,2024-01-27 07:00:00+00:00,0.07917,2024-01-27 09:00:00+00:00,0.07967,signal_reverse,False,0.08154510000000001,,False,100.0,1.0,100.0,100.0,1263.1047113805735,-0.6315523556902873,0.32094732853353547,0.01,-0.9424996842238228
p5,DOGEUSDT,-1,2024-01-27 15:00:00+00:00,0.07945,2024-01-27 17:00:00+00:00,0.07941,signal_reverse,False,0.0818335,,False,100.0,1.0,100.0,100.0,1258.6532410320956,0.05034612964129924,0.3199244808055381,0.01,-0.25957835116423883
p6,DOGEUSDT,-1,2024-01-27 23:00:00+00:00,0.08029,2024-01-28 01:00:00+00:00,0.08049,signal_reverse,False,0.0826987,,False,100.0,1.0,100.0,100.0,1245.4851164528584,-0.2490970232905788,0.32037364553493586,0.01,-0.5594706688255147
p7,DOGEUSDT,-1,2024-01-28 07:00:00+00:00,0.08024,2024-01-28 09:00:00+00:00,0.08057,signal_reverse,False,0.0826472,,False,100.0,1.0,100.0,100.0,1246.261216350947,-0.4112662013958087,0.32061689930209375,0.01,-0.7218831006979025
p8,DOGEUSDT,-1,2024-01-28 15:00:00+00:00,0.07928,2024-01-28 17:00:00+00:00,0.07942,signal_reverse,False,0.0816584,,False,100.0,1.0,100.0,100.0,1261.3521695257316,-0.176589303733604,0.32026488395560043,0.01,-0.4868541876892044
p9,DOGEUSDT,-1,2024-01-28 23:00:00+00:00,0.07858,2024-01-29 01:00:00+00:00,0.07887,signal_reverse,False,0.08093739999999999,,False,100.0,1.0,100.0,100.0,1272.5884448969205,-0.36905064902010515,0.3205535759735302,0.01,-0.6796042249936354
p10,DOGEUSDT,-1,2024-01-29 07:00:00+00:00,0.07882,2024-01-29 09:00:00+00:00,0.0811846,initial_sl,False,0.0811846,,False,100.0,1.0,100.0,100.0,1268.713524486171,-2.9999999999999933,0.3245,0.01,-3.3144999999999936
p11,DOGEUSDT,-1,2024-01-29 15:00:00+00:00,0.0814,2024-01-29 17:00:00+00:00,0.08178,signal_reverse,False,0.083842,,False,100.0,1.0,100.0,100.0,1228.5012285012285,-0.4668304668304734,0.32070024570024575,0.01,-0.7775307125307191
p12,DOGEUSDT,-1,2024-01-29 23:00:00+00:00,0.08161,2024-01-30 01:00:00+00:00,0.08143,signal_reverse,False,0.0840583,,False,100.0,1.0,100.0,100.0,1225.3400318588408,0.22056120573459087,0.31966915819139813,0.01,-0.08910795245680726
p13,DOGEUSDT,-1,2024-01-30 07:00:00+00:00,0.08116,2024-01-30 09:00:00+00:00,0.08105,signal_reverse,False,0.0835948,,False,100.0,1.0,100.0,100.0,1232.134056185313,0.1355347461803832,0.31979669788072945,0.01,-0.17426195170034625
p14,DOGEUSDT,-1,2024-01-30 15:00:00+00:00,0.08111,2024-01-30 17:00:00+00:00,0.08136,signal_reverse,False,0.0835433,,False,100.0,1.0,100.0,100.0,1232.8936012822094,-0.3082234003205526,0.32046233510048083,0.01,-0.6186857354210334
p15,DOGEUSDT,-1,2024-01-30 23:00:00+00:00,0.08019,2024-01-31 01:00:00+00:00,0.07985,signal_reverse,False,0.0825957,,False,100.0,1.0,100.0,100.0,1247.0382840753211,0.42399301658560057,0.31936401047512164,0.01,0.11462900611047892
p16,DOGEUSDT,-1,2024-01-31 07:00:00+00:00,0.07959,2024-01-31 09:00:00+00:00,0.07885,signal_reverse,False,0.08197769999999999,,False,100.0,1.0,100.0,100.0,1256.4392511622063,0.929765045860021,0.31860535243121,0.01,0.6211596934288109
p17,DOGEUSDT,-1,2024-01-31 15:00:00+00:00,0.07905,2024-01-31 17:00:00+00:00,0.07992,signal_reverse,False,0.0814215,,False,100.0,1.0,100.0,100.0,1265.022137887413,-1.1005692599620616,0.3216508538899431,0.01,-1.4122201138520045
p18,DOGEUSDT,-1,2024-01-31 23:00:00+00:00,0.07873,2024-02-01 01:00:00+00:00,0.07796,signal_reverse,False,0.0810919,,False,100.0,1.0,100.0,100.0,1270.1638511367967,0.9780261653753244,0.318532960751937,0.01,0.6694932046233875
p19,DOGEUSDT,-1,2024-02-01 07:00:00+00:00,0.07885,2024-02-01 09:00:00+00:00,0.07879,signal_reverse,False,0.08121550000000001,,False,100.0,1.0,100.0,100.0,1268.2308180088776,0.07609384908053836,0.31988585922637924,0.01,-0.2337920101458409
p20,DOGEUSDT,-1,2024-02-01 15:00:00+00:00,0.0792,2024-02-01 17:00:00+00:00,0.07949,signal_reverse,False,0.08157600000000001,,False,100.0,1.0,100.0,100.0,1262.6262626262626,-0.36616161616161436,0.32054924242424243,0.01,-0.6767108585858568
p21,DOGEUSDT,-1,2024-02-01 23:00:00+00:00,0.07923,2024-02-02 01:00:00+00:00,0.0794,signal_reverse,False,0.0816069,,False,100.0,1.0,100.0,100.0,1262.1481761958855,-0.21456518995330492,0.32032184778493,0.01,-0.5248870377382349
p22,DOGEUSDT,-1,2024-02-02 07:00:00+00:00,0.07961,2024-02-02 09:00:00+00:00,0.07958,signal_reverse,False,0.0819983,,False,100.0,1.0,100.0,100.0,1256.1236025624921,0.037683708076877584,0.3199434744378847,0.01,-0.27225976636100707
p23,DOGEUSDT,-1,2024-02-02 15:00:00+00:00,0.07882,2024-02-02 17:00:00+00:00,0.07906,signal_reverse,False,0.0811846,,False,100.0,1.0,100.0,100.0,1268.713524486171,-0.30449124587668625,0.32045673686881504,0.01,-0.6149479827455013
p24,DOGEUSDT,-1,2024-02-02 23:00:00+00:00,0.07935,2024-02-03 01:00:00+00:00,0.07934,signal_reverse,False,0.0817305,,False,100.0,1.0,100.0,100.0,1260.2394454946439,0.012602394454959042,0.3199810964083176,0.01,-0.2973787019533586
p25,DOGEUSDT,-1,2024-02-03 07:00:00+00:00,0.07909,2024-02-03 09:00:00+00:00,0.07902,signal_reverse,False,0.0814627,,False,100.0,1.0,100.0,100.0,1264.3823492224049,0.08850676444555157,0.3198672398533317,0.01,-0.22136047540778014
p26,DOGEUSDT,-1,2024-02-03 15:00:00+00:00,0.07888,2024-02-03 17:00:00+00:00,0.07933,signal_reverse,False,0.08124640000000001,,False,100.0,1.0,100.0,100.0,1267.7484787018254,-0.5704868154158114,0.32085573022312375,0.01,-0.8813425456389351
p27,DOGEUSDT,-1,2024-02-03 23:00:00+00:00,0.07879,2024-02-04 01:00:00+00:00,0.07893,signal_reverse,False,0.0811537,,False,100.0,1.0,100.0,100.0,1269.1965985531158,-0.17768752379743777,0.32026653128569615,0.01,-0.48795405508313394
p28,DOGEUSDT,-1,2024-02-04 07:00:00+00:00,0.07859,2024-02-04 09:00:00+00:00,0.07878,signal_reverse,False,0.0809477,,False,100.0,1.0,100.0,100.0,1272.4265173686222,-0.24176103830005044,0.3203626415574501,0.01,-0.5521236798575005
p29,DOGEUSDT,-1,2024-02-04 15:00:00+00:00,0.07877,2024-02-04 17:00:00+00:00,0.07956,signal_reverse,False,0.08113310000000001,,False,100.0,1.0,100.0,100.0,1269.5188523549573,-1.002919893360415,0.32150437984004065,0.01,-1.3144242732004556
p30,DOGEUSDT,-1,2024-02-04 23:00:00+00:00,0.07828,2024-02-05 01:00:00+00:00,0.07783,signal_reverse,False,0.0806284,,False,100.0,1.0,100.0,100.0,1277.4655084312724,0.5748594787940802,0.31913771078180886,0.01,0.2657217680122713
p31,DOGEUSDT,-1,2024-02-05 07:00:00+00:00,0.07833,2024-02-05 09:00:00+00:00,0.07881,signal_reverse,False,0.0806799,,False,100.0,1.0,100.0,100.0,1276.6500702157539,-0.6127920337035724,0.32091918805055536,0.01,-0.9237112217541277
p32,DOGEUSDT,-1,2024-02-05 15:00:00+00:00,0.0794,2024-02-05 17:00:00+00:00,0.07872,signal_reverse,False,0.081782,,False,100.0,1.0,100.0,100.0,1259.4458438287154,0.8564231738035265,0.3187153652392947,0.01,0.5477078085642317
p33,DOGEUSDT,-1,2024-02-05 23:00:00+00:00,0.078,2024-02-06 01:00:00+00:00,0.07836,signal_reverse,False,0.08034,,False,100.0,1.0,100.0,100.0,1282.051282051282,-0.4615384615384605,0.3206923076923077,0.01,-0.7722307692307682
p34,DOGEUSDT,-1,2024-02-06 07:00:00+00:00,0.07831,2024-02-06 09:00:00+00:00,0.07858,signal_reverse,False,0.0806593,,False,100.0,1.0,100.0,100.0,1276.9761205465456,-0.3447835525475577,0.3205171753288214,0.01,-0.6553007278763792
p35,DOGEUSDT,-1,2024-02-06 15:00:00+00:00,0.07822,2024-02-06 17:00:00+00:00,0.07877,signal_reverse,False,0.0805666,,False,100.0,1.0,100.0,100.0,1278.4454103809767,-0.7031449757095485,0.32105471746356434,0.01,-1.0141996931731128
p36,DOGEUSDT,-1,2024-02-06 23:00:00+00:00,0.07877,2024-02-07 01:00:00+00:00,0.07882,signal_reverse,False,0.08113310000000001,,False,100.0,1.0,100.0,100.0,1269.5188523549573,-0.06347594261774088,0.32009521391392665,0.01,-0.3735711565316675
p37,DOGEUSDT,-1,2024-02-07 07:00:00+00:00,0.07845,2024-02-07 09:00:00+00:00,0.0786,signal_reverse,False,0.0808035,,False,100.0,1.0,100.0,100.0,1274.697259400892,-0.19120458891013045,0.3202868068833652,0.01,-0.5014913957934957
p38,DOGEUSDT,-1,2024-02-07 15:00:00+00:00,0.07871,2024-02-07 17:00:00+00:00,0.07948,signal_reverse,False,0.0810713,,False,100.0,1.0,100.0,100.0,1270.4865963664083,-0.9782746792021254,0.32146741201880324,0.01,-1.2897420912209288
p39,DOGEUSDT,-1,2024-02-07 23:00:00+00:00,0.07996,2024-02-08 01:00:00+00:00,0.08007,signal_reverse,False,0.08235880000000001,,False,100.0,1.0,100.0,100.0,1250.625312656328,-0.13756878439219483,0.3202063531765883,0.01,-0.4477751375687831
p40,DOGEUSDT,-1,2024-02-08 07:00:00+00:00,0.07979,2024-02-08 09:00:00+00:00,0.08009,signal_reverse,False,0.0821837,,False,100.0,1.0,100.0,100.0,1253.2898859506204,-0.3759869657851795,0.3205639804486778,0.01,-0.6865509462338573
p41,DOGEUSDT,-1,2024-02-08 15:00:00+00:00,0.08048,2024-02-08 17:00:00+00:00,0.08,signal_reverse,False,0.0828944,,False,100.0,1.0,100.0,100.0,1242.544731610338,0.5964214711729552,0.3191053677932406,0.01,0.2873161033797146
p42,DOGEUSDT,-1,2024-02-08 23:00:00+00:00,0.07974,2024-02-09 01:00:00+00:00,0.08015,signal_reverse,False,0.0821322,,False,100.0,1.0,100.0,100.0,1254.0757461750688,-0.5141710559317704,0.32077125658389766,0.007134000000000001,-0.8278083125156681
p43,DOGEUSDT,-1,2024-02-09 07:00:00+00:00,0.08063,2024-02-09 09:00:00+00:00,0.08139,signal_reverse,False,0.0830489,,False,100.0,1.0,100.0,100.0,1240.233163834801,-0.9425772045144619,0.3214138658067717,0.01,-1.2539910703212336
p44,DOGEUSDT,-1,2024-02-09 15:00:00+00:00,0.08117,2024-02-09 17:00:00+00:00,0.08137,signal_reverse,False,0.0836051,,False,100.0,1.0,100.0,100.0,1231.9822594554637,-0.2463964518910827,0.3203695946778366,0.01,-0.5567660465689193
p45,DOGEUSDT,-1,2024-02-09 23:00:00+00:00,0.08143,2024-02-10 01:00:00+00:00,0.08168,signal_reverse,False,0.0838729,,False,100.0,1.0,100.0,100.0,1228.0486307257768,-0.30701215768144446,0.3204605182365222,0.01,-0.6174726759179667
p46,DOGEUSDT,-1,2024-02-10 07:00:00+00:00,0.08148,2024-02-10 09:00:00+00:00,0.08102,signal_reverse,False,0.0839244,,False,100.0,1.0,100.0,100.0,1227.2950417280315,0.564555719194897,0.31915316642120767,0.01,0.25540255277368934
p47,DOGEUSDT,-1,2024-02-10 15:00:00+00:00,0.08102,2024-02-10 17:00:00+00:00,0.08086,signal_reverse,False,0.0834506,,False,100.0,1.0,100.0,100.0,1234.2631449024932,0.19748210318439086,0.31970377684522344,0.01,-0.11222167366083259
p48,DOGEUSDT,-1,2024-02-10 23:00:00+00:00,0.08143,2024-02-11 01:00:00+00:00,0.08134,signal_reverse,False,0.0838729,,False,100.0,1.0,100.0,100.0,1228.0486307257768,0.11052437676532818,0.319834213434852,0.01,-0.19930983666952384
p49,DOGEUSDT,-1,2024-02-11 07:00:00+00:00,0.08216,2024-02-11 09:00:00+00:00,0.08278,signal_reverse,False,0.0846248,,False,100.0,1.0,100.0,100.0,1217.1372930866603,-0.7546251217137409,0.32113193768257065,0.01,-1.0657570593963115
p50,DOGEUSDT,-1,2024-02-11 15:00:00+00:00,0.08198,2024-02-11 17:00:00+00:00,0.08197,signal_reverse,False,0.0844394,,False,100.0,1.0,100.0,100.0,1219.8097096852891,0.012198097096848163,0.31998170285435473,0.01,-0.29778360575750656
p51,DOGEUSDT,-1,2024-02-11 23:00:00+00:00,0.08116,2024-02-12 01:00:00+00:00,0.08119,signal_reverse,False,0.0835948,,False,100.0,1.0,100.0,100.0,1232.134056185313,-0.03696402168556216,0.3200554460325284,0.01,-0.34701946771809056
p52,DOGEUSDT,-1,2024-02-12 07:00:00+00:00,0.0801,2024-02-12 09:00:00+00:00,0.07975,signal_reverse,False,0.082503,,False,100.0,1.0,100.0,100.0,1248.4394506866415,0.4369538077403284,0.3193445692883895,0.01,0.1276092384519389
p53,DOGEUSDT,-1,2024-02-12 15:00:00+00:00,0.0806,2024-02-12 17:00:00+00:00,0.08215,signal_reverse,False,0.08301800000000001,,False,100.0,1.0,100.0,100.0,1240.6947890818858,-1.9230769230769178,0.3228846153846154,0.01,-2.2359615384615332
p54,DOGEUSDT,-1,2024-02-12 23:00:00+00:00,0.08244,2024-02-13 01:00:00+00:00,0.08281,signal_reverse,False,0.0849132,,False,100.0,1.0,100.0,100.0,1213.00339640951,-0.44881125667151306,0.3206732168850073,0.01,-0.7594844735565203
p55,DOGEUSDT,-1,2024-02-13 07:00:00+00:00,0.08246,2024-02-13 09:00:00+00:00,0.08297,signal_reverse,False,0.0849338,,False,100.0,1.0,100.0,100.0,1212.709192335678,-0.6184816880911915,0.3209277225321368,0.014357000000000002,-0.9250524106233284
p56,DOGEUSDT,-1,2024-02-13 15:00:00+00:00,0.08073,2024-02-13 17:00:00+00:00,0.08097,signal_reverse,False,0.0831519,,False,100.0,1.0,100.0,100.0,1238.696890870804,-0.29728725380899806,0.32044593088071355,0.018613,-0.5991201846897116
p57,DOGEUSDT,-1,2024-02-13 23:00:00+00:00,0.08126,2024-02-14 01:00:00+00:00,0.0807,signal_reverse,False,0.0836978,,False,100.0,1.0,100.0,100.0,1230.6177701206007,0.6891459512675424,0.31896628107309877,0.017259,0.38743867019444367
p58,DOGEUSDT,-1,2024-02-14 07:00:00+00:00,0.08176,2024-02-14 09:00:00+00:00,0.08312,signal_reverse,False,0.0842128,,False,100.0,1.0,100.0,100.0,1223.091976516634,-1.6634050880626225,0.32249510763209394,0.01,-1.9759001956947164
p59,DOGEUSDT,-1,2024-02-14 15:00:00+00:00,0.08321,2024-02-14 17:00:00+00:00,0.08570630000000001,initial_sl,False,0.08570630000000001,,False,100.0,1.0,100.0,100.0,1201.7786323759162,-3.000000000000008,0.3245,0.020879,-3.303621000000008
p60,DOGEUSDT,-1,2024-02-14 23:00:00+00:00,0.08609,2024-02-15 01:00:00+00:00,0.08682,signal_reverse,False,0.0886727,,False,100.0,1.0,100.0,100.0,1161.5750958299454,-0.8479498199558538,0.32127192472993377,0.026376999999999998,-1.1428447446857875
p61,DOGEUSDT,-1,2024-02-15 07:00:00+00:00,0.08571,2024-02-15 09:00:00+00:00,0.08581,signal_reverse,False,0.0882813,,False,100.0,1.0,100.0,100.0,1166.7250029168126,-0.1166725002916846,0.32017500875043753,0.035606,-0.4012415090421221
p62,DOGEUSDT,-1,2024-02-15 15:00:00+00:00,0.08673,2024-02-15 17:00:00+00:00,0.08454,signal_reverse,False,0.0893319,,False,100.0,1.0,100.0,100.0,1153.0035743110805,2.525077827741263,0.31621238325838813,0.027772,2.236637444482875
p63,DOGEUSDT,-1,2024-02-15 23:00:00+00:00,0.0849,2024-02-16 01:00:00+00:00,0.08597,signal_reverse,False,0.087447,,False,100.0,1.0,100.0,100.0,1177.8563015312131,-1.2603062426383997,0.3218904593639576,0.023881,-1.5583157020023573
p64,DOGEUSDT,-1,2024-02-16 07:00:00+00:00,0.08607,2024-02-16 09:00:00+00:00,0.08544,signal_reverse,False,0.0886521,,False,100.0,1.0,100.0,100.0,1161.8450098756828,0.7319623562216705,0.31890205646566755,0.036018999999999995,0.4490792997560029
p65,DOGEUSDT,-1,2024-02-16 15:00:00+00:00,0.08509,2024-02-16 17:00:00+00:00,0.08529,signal_reverse,False,0.0876427,,False,100.0,1.0,100.0,100.0,1175.226231049477,-0.23504524620990214,0.3203525678693149,0.01,-0.5453978140792171
p66,DOGEUSDT,-1,2024-02-16 23:00:00+00:00,0.08559,2024-02-17 01:00:00+00:00,0.08488,signal_reverse,False,0.0881577,,False,100.0,1.0,100.0,100.0,1168.360789811894,0.8295361607664474,0.3187556957588503,0.010521,0.5213014650075971
p67,DOGEUSDT,-1,2024-02-17 07:00:00+00:00,0.085,2024-02-17 09:00:00+00:00,0.08435,signal_reverse,False,0.08755,,False,100.0,1.0,100.0,100.0,1176.4705882352941,0.7647058823529549,0.3188529411764706,0.019651000000000002,0.4655039411764843
p68,DOGEUSDT,-1,2024-02-17 15:00:00+00:00,0.08264,2024-02-17 17:00:00+00:00,0.08332,signal_reverse,False,0.0851192,,False,100.0,1.0,100.0,100.0,1210.0677637947724,-0.8228460793804453,0.32123426911907066,0.010833,-1.1332473484995158
p69,DOGEUSDT,-1,2024-02-17 23:00:00+00:00,0.08388,2024-02-18 01:00:00+00:00,0.08315,signal_reverse,False,0.0863964,,False,100.0,1.0,100.0,100.0,1192.1793037672867,0.8702908917501128,0.31869456366237486,0.013574999999999999,0.5651713280877378
p70,DOGEUSDT,-1,2024-02-18 07:00:00+00:00,0.08363,2024-02-18 09:00:00+00:00,0.08429,signal_reverse,False,0.08613889999999999,,False,100.0,1.0,100.0,100.0,1195.7431543704413,-0.7891904818845006,0.3211837857228268,0.021463,-1.0889112676073274
p71,DOGEUSDT,-1,2024-02-18 15:00:00+00:00,0.08386,2024-02-18 17:00:00+00:00,0.08497,signal_reverse,False,0.0863758,,False,100.0,1.0,100.0,100.0,1192.4636298592893,-1.323634629143811,0.32198545194371575,0.017103,-1.6285170810875267
p72,DOGEUSDT,-1,2024-02-18 23:00:00+00:00,0.08569,2024-02-19 01:00:00+00:00,0.08542,signal_reverse,False,0.0882607,,False,100.0,1.0,100.0,100.0,1166.9973159061733,0.3150892752946742,0.319527366087058,0.023633,0.01919490920761617
p73,DOGEUSDT,-1,2024-02-19 07:00:00+00:00,0.08626,2024-02-19 09:00:00+00:00,0.08645,signal_reverse,False,0.0888478,,False,100.0,1.0,100.0,100.0,1159.2858798979828,-0.2202643171806118,0.3203303964757709,0.040254,-0.5003407136563827
p74,DOGEUSDT,-1,2024-02-19 15:00:00+00:00,0.08617,2024-02-19 16:00:00+00:00,0.0887551,initial_sl,False,0.0887551,,False,100.0,1.0,100.0,100.0,1160.4966925844262,-3.000000000000008,0.3245,0.0,-3.324500000000008
p75,DOGEUSDT,-1,2024-02-19 23:00:00+00:00,0.08969,2024-02-20 01:00:00+00:00,0.08913,signal_reverse,False,0.09238070000000001,,False,100.0,1.0,100.0,100.0,1114.9514996097669,0.624372839781475,0.31906344074032783,0.027090000000000003,0.3323993990411471
p76,DOGEUSDT,-1,2024-02-20 07:00:00+00:00,0.08819,2024-02-20 09:00:00+00:00,0.08615,signal_reverse,False,0.0908357,,False,100.0,1.0,100.0,100.0,1133.9154099104205,2.313187436217258,0.3165302188456741,0.036583,2.0332402173715836
p77,DOGEUSDT,-1,2024-02-20 15:00:00+00:00,0.08615,2024-02-20 17:00:00+00:00,0.08437,signal_reverse,False,0.08873450000000001,,False,100.0,1.0,100.0,100.0,1160.7661056297156,2.066163668020898,0.31690075449796873,0.0115,1.7607629135229295
p78,DOGEUSDT,-1,2024-02-20 23:00:00+00:00,0.08603,2024-02-21 01:00:00+00:00,0.0855,signal_reverse,False,0.08861089999999999,,False,100.0,1.0,100.0,100.0,1162.3852144600721,0.6160641636638252,0.3190759037545043,0.01,0.30698825990932094
p79,DOGEUSDT,-1,2024-02-21 07:00:00+00:00,0.08455,2024-02-21 09:00:00+00:00,0.08301,signal_reverse,False,0.0870865,,False,100.0,1.0,100.0,100.0,1182.7321111768185,1.8214074512123002,0.3172678888231816,0.01,1.5141395623891187
p80,DOGEUSDT,-1,2024-02-21 15:00:00+00:00,0.08307,2024-02-21 17:00:00+00:00,0.0828,signal_reverse,False,0.0855621,,False,100.0,1.0,100.0,100.0,1203.8040207054291,0.3250270855904735,0.3195124593716143,0.01,0.015514626218859176
p81,DOGEUSDT,-1,2024-02-21 23:00:00+00:00,0.08437,2024-02-22 01:00:00+00:00,0.08316,signal_reverse,False,0.0869011,,False,100.0,1.0,100.0,100.0,1185.255422543558,1.4341590612777086,0.3178487614080835,0.01,1.126310299869625
p82,DOGEUSDT,-1,2024-02-22 07:00:00+00:00,0.08476,2024-02-22 09:00:00+00:00,0.08537,signal_reverse,False,0.0873028,,False,100.0,1.0,100.0,100.0,1179.801793298726,-0.7196790939122222,0.32107951864086837,0.01,-1.0307586125530905
p83,DOGEUSDT,-1,2024-02-22 15:00:00+00:00,0.0845,2024-02-22 17:00:00+00:00,0.08491,signal_reverse,False,0.087035,,False,100.0,1.0,100.0,100.0,1183.4319526627219,-0.4852071005917085,0.32072781065088757,0.017744,-0.7881909112425961
p84,DOGEUSDT,-1,2024-02-22 23:00:00+00:00,0.08476,2024-02-23 01:00:00+00:00,0.08424,signal_reverse,False,0.0873028,,False,100.0,1.0,100.0,100.0,1179.801793298726,0.6134969325153452,0.319079754601227,0.014490999999999999,0.3089081779141182
p85,DOGEUSDT,-1,2024-02-23 07:00:00+00:00,0.08435,2024-02-23 09:00:00+00:00,0.08358,signal_reverse,False,0.0868805,,False,100.0,1.0,100.0,100.0,1185.536455245999,0.9128630705394107,0.3186307053941909,0.017792,0.6120243651452199
p86,DOGEUSDT,-1,2024-02-23 15:00:00+00:00,0.0846,2024-02-23 17:00:00+00:00,0.0852,signal_reverse,False,0.087138,,False,100.0,1.0,100.0,100.0,1182.033096926714,-0.7092198581560324,0.3210638297872341,0.013961,-1.0163226879432665
p87,DOGEUSDT,-1,2024-02-23 23:00:00+00:00,0.08451,2024-02-24 01:00:00+00:00,0.08407,signal_reverse,False,0.0870453,,False,100.0,1.0,100.0,100.0,1183.2919181161992,0.5206484439711229,0.3192190273340433,0.016504,0.21793341663707957
p88,DOGEUSDT,-1,2024-02-24 07:00:00+00:00,0.08489,2024-02-24 09:00:00+00:00,0.0853,signal_reverse,False,0.08743669999999999,,False,100.0,1.0,100.0,100.0,1177.99505242078,-0.48297797149252875,0.32072446695723883,0.025310000000000003,-0.7783924384497675
p89,DOGEUSDT,-1,2024-02-24 15:00:00+00:00,0.08569,2024-02-24 17:00:00+00:00,0.08618,signal_reverse,False,0.0882607,,False,100.0,1.0,100.0,100.0,1166.9973159061733,-0.5718286847940299,0.32085774302719106,0.028574999999999996,-0.864111427821221
p90,DOGEUSDT,-1,2024-02-24 23:00:00+00:00,0.08615,2024-02-25 01:00:00+00:00,0.08605,signal_reverse,False,0.08873450000000001,,False,100.0,1.0,100.0,100.0,1160.7661056297156,0.11607661056297489,0.3198258850841556,0.020159,-0.1835902745211807
p91,DOGEUSDT,-1,2024-02-25 07:00:00+00:00,0.08631,2024-02-25 09:00:00+00:00,0.08632,signal_reverse,False,0.0888993,,False,100.0,1.0,100.0,100.0,1158.6142973004287,-0.011586142972999794,0.32001737921445955,0.021698,-0.30990552218745937
p92,DOGEUSDT,-1,2024-02-25 15:00:00+00:00,0.08681,2024-02-25 17:00:00+00:00,0.08631,signal_reverse,False,0.0894143,,False,100.0,1.0,100.0,100.0,1151.9410206197442,0.5759705103098727,0.3191360442345352,0.023228,0.28006246607533747
p93,DOGEUSDT,-1,2024-02-25 23:00:00+00:00,0.08631,2024-02-26 01:00:00+00:00,0.08557,signal_reverse,False,0.0888993,,False,100.0,1.0,100.0,100.0,1158.6142973004287,0.8573745800023225,0.3187139381299965,0.037749000000000005,0.576409641872326
p94,DOGEUSDT,-1,2024-02-26 07:00:00+00:00,0.08619,2024-02-26 09:00:00+00:00,0.08439,signal_reverse,False,0.0887757,,False,100.0,1.0,100.0,100.0,1160.227404571296,2.088409328228328,0.3168673860076575,0.025137,1.7966789422206704
p95,DOGEUSDT,-1,2024-02-26 15:00:00+00:00,0.08575,2024-02-26 17:00:00+00:00,0.08744,signal_reverse,False,0.08832250000000001,,False,100.0,1.0,100.0,100.0,1166.1807580174925,-1.9708454810495588,0.3229562682215743,0.033275,-2.260526749271133
p96,DOGEUSDT,-1,2024-02-26 23:00:00+00:00,0.08902,2024-02-27 01:00:00+00:00,0.08951,signal_reverse,False,0.0916906,,False,100.0,1.0,100.0,100.0,1123.3430689732645,-0.5504381037969045,0.3208256571556954,0.039619999999999995,-0.8316437609526
p97,DOGEUSDT,-1,2024-02-27 07:00:00+00:00,0.09127,2024-02-27 09:00:00+00:00,0.0940081,initial_sl,False,0.0940081,,False,100.0,1.0,100.0,100.0,1095.6502684343156,-2.9999999999999925,0.3245,0.06344,-3.2610599999999925
p98,DOGEUSDT,-1,2024-02-27 15:00:00+00:00,0.09644,2024-02-27 17:00:00+00:00,0.09587,signal_reverse,False,0.0993332,,False,100.0,1.0,100.0,100.0,1036.9141435089175,0.5910410618000841,0.3191134384072999,0.060487,0.3324146233927842
p99,DOGEUSDT,-1,2024-02-27 23:00:00+00:00,0.09941,2024-02-28 01:00:00+00:00,0.09634,signal_reverse,False,0.10239229999999999,,False,100.0,1.0,100.0,100.0,1005.9350165979278,3.0882205009556416,0.3153676692485666,0.039405,2.812257831707075
p100,DOGEUSDT,-1,2024-02-28 07:00:00+00:00,0.09515,2024-02-28 08:00:00+00:00,0.0980045,initial_sl,False,0.0980045,,False,100.0,1.0,100.0,100.0,1050.9721492380452,-2.9999999999999956,0.3245,0.0,-3.3244999999999956
p101,DOGEUSDT,-1,2024-02-28 15:00:00+00:00,0.09951,2024-02-28 16:00:00+00:00,0.1024953,initial_sl,False,0.1024953,,False,100.0,1.0,100.0,100.0,1004.9241282283188,-2.9999999999999964,0.3245,0.0,-3.3244999999999965
p102,DOGEUSDT,-1,2024-02-28 23:00:00+00:00,0.1161,2024-02-28 23:00:00+00:00,0.119583,initial_sl,False,0.119583,,False,100.0,1.0,100.0,100.0,861.3264427217916,-3.0000000000000004,0.3245,0.0,-3.3245000000000005
p103,DOGEUSDT,-1,2024-02-29 07:00:00+00:00,0.13295,2024-02-29 09:00:00+00:00,0.12765,signal_reverse,False,0.13693850000000002,,False,100.0,1.0,100.0,100.0,752.162467092892,3.9864610755923273,0.31402030838661155,0.128083,3.800523767205716
p104,DOGEUSDT,-1,2024-02-29 15:00:00+00:00,0.12938,2024-02-29 15:00:00+00:00,0.1332614,initial_sl,False,0.1332614,,False,100.0,1.0,100.0,100.0,772.916988715412,-3.0000000000000058,0.3245,0.0,-3.324500000000006
p105,DOGEUSDT,-1,2024-02-29 23:00:00+00:00,0.11668,2024-03-01 01:00:00+00:00,0.1201804,initial_sl,False,0.1201804,,False,100.0,1.0,100.0,100.0,857.0449091532396,-3.0000000000000004,0.3245,0.068372,-3.2561280000000004
p106,DOGEUSDT,-1,2024-03-01 07:00:00+00:00,0.12102,2024-03-01 09:00:00+00:00,0.12252,signal_reverse,False,0.1246506,,False,100.0,1.0,100.0,100.0,826.3097008758882,-1.2394645513138334,0.3218591968269708,0.055302,-1.5060217481408043
p107,DOGEUSDT,-1,2024-03-01 15:00:00+00:00,0.12577,2024-03-01 16:00:00+00:00,0.1295431,initial_sl,False,0.1295431,,False,100.0,1.0,100.0,100.0,795.1021706289258,-3.0000000000000013,0.3245,0.0,-3.3245000000000013
p108,DOGEUSDT,-1,2024-03-01 23:00:00+00:00,0.14,2024-03-02 00:00:00+00:00,0.14420000000000002,initial_sl,False,0.14420000000000002,,False,100.0,1.0,100.0,100.0,714.2857142857142,-3.000000000000006,0.3245,0.0,-3.3245000000000062
p109,DOGEUSDT,-1,2024-03-02 07:00:00+00:00,0.14305,2024-03-02 07:00:00+00:00,0.14734150000000001,initial_sl,False,0.14734150000000001,,False,100.0,1.0,100.0,100.0,699.0562740300594,-3.0000000000000027,0.3245,0.0,-3.3245000000000027
p110,DOGEUSDT,-1,2024-03-02 15:00:00+00:00,0.13888,2024-03-02 17:00:00+00:00,0.13927,signal_reverse,False,0.1430464,,False,100.0,1.0,100.0,100.0,720.0460829493087,-0.2808179723502314,0.3204212269585254,0.10531399999999999,-0.4959251993087568
p111,DOGEUSDT,-1,2024-03-02 23:00:00+00:00,0.1425,2024-03-03 01:00:00+00:00,0.14031,signal_reverse,False,0.146775,,False,100.0,1.0,100.0,100.0,701.7543859649123,1.5368421052631562,0.31769473684210525,0.10003799999999999,1.319185368421051
p112,DOGEUSDT,-1,2024-03-03 07:00:00+00:00,0.13834,2024-03-03 09:00:00+00:00,0.13392,signal_reverse,False,0.14249019999999998,,False,100.0,1.0,100.0,100.0,722.8567297961545,3.195026745698988,0.31520745988145155,0.129456,3.009275285817536
p113,DOGEUSDT,-1,2024-03-03 15:00:00+00:00,0.13798,2024-03-03 16:00:00+00:00,0.14211939999999998,initial_sl,False,0.14211939999999998,,False,100.0,1.0,100.0,100.0,724.7427163357008,-2.999999999999991,0.3245,0.0,-3.324499999999991
p114,DOGEUSDT,-1,2024-03-03 23:00:00+00:00,0.1513,2024-03-03 23:00:00+00:00,0.15583899999999998,initial_sl,False,0.15583899999999998,,False,100.0,1.0,100.0,100.0,660.9385327164574,-2.999999999999992,0.3245,0.0,-3.324499999999992
p115,DOGEUSDT,-1,2024-03-04 07:00:00+00:00,0.1659,2024-03-04 08:00:00+00:00,0.170877,initial_sl,False,0.170877,,False,100.0,1.0,100.0,100.0,602.7727546714889,-3.0000000000000058,0.3245,0.0,-3.324500000000006
p116,DOGEUSDT,-1,2024-03-04 15:00:00+00:00,0.16752,2024-03-04 16:00:00+00:00,0.1725456,initial_sl,False,0.1725456,,False,100.0,1.0,100.0,100.0,596.9436485195797,-2.9999999999999947,0.3245,0.0,-3.3244999999999947
p117,DOGEUSDT,-1,2024-03-04 23:00:00+00:00,0.18048,2024-03-05 00:00:00+00:00,0.18589440000000002,initial_sl,False,0.18589440000000002,,False,100.0,1.0,100.0,100.0,554.0780141843971,-3.0000000000000075,0.3245,0.0,-3.3245000000000076
p118,DOGEUSDT,-1,2024-03-05 07:00:00+00:00,0.18512,2024-03-05 09:00:00+00:00,0.17887,signal_reverse,False,0.1906736,,False,100.0,1.0,100.0,100.0,540.1901469317199,3.3761884183232524,0.31493571737251513,0.210706,3.271958700950737
p119,DOGEUSDT,-1,2024-03-05 15:00:00+00:00,0.18819,2024-03-05 17:00:00+00:00,0.16509,signal_reverse,False,0.1938357,,False,100.0,1.0,100.0,100.0,531.3778627982358,12.274828630639252,0.3015877570540411,0.129802,12.103042873585212
p120,DOGEUSDT,-1,2024-03-05 23:00:00+00:00,0.15351,2024-03-06 00:00:00+00:00,0.15811530000000001,initial_sl,False,0.15811530000000001,,False,100.0,1.0,100.0,100.0,651.423360041691,-3.000000000000004,0.3245,0.0,-3.324500000000004
p121,DOGEUSDT,-1,2024-03-06 07:00:00+00:00,0.16612,2024-03-06 08:00:00+00:00,0.1711036,initial_sl,False,0.1711036,,False,100.0,1.0,100.0,100.0,601.9744762822056,-3.0000000000000027,0.3245,0.0,-3.3245000000000027
p122,DOGEUSDT,-1,2024-03-06 15:00:00+00:00,0.15922,2024-03-06 17:00:00+00:00,0.16126,signal_reverse,False,0.1639966,,False,100.0,1.0,100.0,100.0,628.0618012812461,-1.2812460746137333,0.3219218691119206,0.028605,-1.5745629437256539
p123,DOGEUSDT,-1,2024-03-06 23:00:00+00:00,0.15661,2024-03-07 01:00:00+00:00,0.1613083,initial_sl,False,0.1613083,,False,100.0,1.0,100.0,100.0,638.5288295766554,-2.999999999999993,0.3245,0.028439999999999997,-3.296059999999993
p124,DOGEUSDT,-1,2024-03-07 07:00:00+00:00,0.14907,2024-03-07 08:00:00+00:00,0.15354210000000001,initial_sl,False,0.15354210000000001,,False,100.0,1.0,100.0,100.0,670.8257865432347,-3.0000000000000044,0.3245,0.0,-3.3245000000000045
p125,DOGEUSDT,-1,2024-03-07 15:00:00+00:00,0.15511,2024-03-07 15:00:00+00:00,0.1597633,initial_sl,False,0.1597633,,False,100.0,1.0,100.0,100.0,644.7037586229128,-2.9999999999999996,0.3245,0.0,-3.3244999999999996
p126,DOGEUSDT,-1,2024-03-07 23:00:00+00:00,0.15396,2024-03-08 00:00:00+00:00,0.15857880000000002,initial_sl,False,0.15857880000000002,,False,100.0,1.0,100.0,100.0,649.5193556767991,-3.000000000000004,0.3245,0.0,-3.324500000000004
p127,DOGEUSDT,-1,2024-03-08 07:00:00+00:00,0.16452,2024-03-08 09:00:00+00:00,0.16635,signal_reverse,False,0.1694556,,False,100.0,1.0,100.0,100.0,607.8288353999513,-1.1123267687819098,0.3216684901531729,0.055517000000000004,-1.3784782589350826
p128,DOGEUSDT,-1,2024-03-08 15:00:00+00:00,0.16896,2024-03-08 17:00:00+00:00,0.16975,signal_reverse,False,0.1740288,,False,100.0,1.0,100.0,100.0,591.8560606060606,-0.46756628787879556,0.3207013494318182,0.06269100000000001,-0.7255766373106137
p129,DOGEUSDT,-1,2024-03-08 23:00:00+00:00,0.1649,2024-03-09 01:00:00+00:00,0.169847,initial_sl,False,0.169847,,False,100.0,1.0,100.0,100.0,606.4281382656155,-3.0000000000000044,0.3245,0.030428999999999998,-3.2940710000000046
p130,DOGEUSDT,-1,2024-03-09 07:00:00+00:00,0.16932,2024-03-09 09:00:00+00:00,0.16653,signal_reverse,False,0.1743996,,False,100.0,1.0,100.0,100.0,590.5976848570754,1.6477675407512324,0.31752834868887314,0.049315000000000005,1.3795541920623593
p131,DOGEUSDT,-1,2024-03-09 15:00:00+00:00,0.16718,2024-03-09 16:00:00+00:00,0.1721954,initial_sl,False,0.1721954,,False,100.0,1.0,100.0,100.0,598.1576743629621,-3.000000000000002,0.3245,0.0,-3.3245000000000022
p132,DOGEUSDT,-1,2024-03-09 23:00:00+00:00,0.17971,2024-03-10 01:00:00+00:00,0.17677,signal_reverse,False,0.1851013,,False,100.0,1.0,100.0,100.0,556.4520616548884,1.635969061265371,0.317546046408102,0.09535700000000001,1.4137800148572688
p133,DOGEUSDT,-1,2024-03-10 07:00:00+00:00,0.17793,2024-03-10 09:00:00+00:00,0.1725,signal_reverse,False,0.1832679,,False,100.0,1.0,100.0,100.0,562.0187714269656,3.0517619288484332,0.3154223571067274,0.076126,2.8124655717417055
p134,DOGEUSDT,-1,2024-03-10 15:00:00+00:00,0.17029,2024-03-10 17:00:00+00:00,0.17301,signal_reverse,False,0.1753987,,False,100.0,1.0,100.0,100.0,587.2335427799636,-1.597275236361501,0.3223959128545423,0.038397,-1.8812741492160432
p135,DOGEUSDT,-1,2024-03-10 23:00:00+00:00,0.1667,2024-03-11 01:00:00+00:00,0.16473,signal_reverse,False,0.171701,,False,100.0,1.0,100.0,100.0,599.880023995201,1.1817636472705457,0.31822735452909423,0.022684,0.8862202927414515
p136,DOGEUSDT,-1,2024-03-11 07:00:00+00:00,0.16982,2024-03-11 07:00:00+00:00,0.1749146,initial_sl,False,0.1749146,,False,100.0,1.0,100.0,100.0,588.8587916617595,-3.0000000000000027,0.3245,0.0,-3.3245000000000027
p137,DOGEUSDT,-1,2024-03-11 15:00:00+00:00,0.17424,2024-03-11 17:00:00+00:00,0.17389,signal_reverse,False,0.1794672,,False,100.0,1.0,100.0,100.0,573.921028466483,0.2008723599632788,0.3196986914600551,0.056315,-0.06251133149677629
p138,DOGEUSDT,-1,2024-03-11 23:00:00+00:00,0.17726,2024-03-11 23:00:00+00:00,0.1825778,initial_sl,False,0.1825778,,False,100.0,1.0,100.0,100.0,564.1430666817105,-3.000000000000006,0.3245,0.0,-3.3245000000000062
p139,DOGEUSDT,-1,2024-03-12 07:00:00+00:00,0.17324,2024-03-12 09:00:00+00:00,0.17083,signal_reverse,False,0.17843720000000002,,False,100.0,1.0,100.0,100.0,577.2338951743246,1.3911336873701197,0.31791329946894487,0.04405,1.1172703879011747
p140,DOGEUSDT,-1,2024-03-12 15:00:00+00:00,0.16881,2024-03-12 17:00:00+00:00,0.16563,signal_reverse,False,0.17387429999999998,,False,100.0,1.0,100.0,100.0,592.3819678928974,1.8837746578994068,0.3171743380131509,0.043316999999999994,1.609917319886256
p141,DOGEUSDT,-1,2024-03-12 23:00:00+00:00,0.16616,2024-03-13 01:00:00+00:00,0.17071,signal_reverse,False,0.1711448,,False,100.0,1.0,100.0,100.0,601.8295618680789,-2.738324506499758,0.32410748675974965,0.032646999999999995,-3.029784993259508
p142,DOGEUSDT,-1,2024-03-13 07:00:00+00:00,0.17319,2024-03-13 09:00:00+00:00,0.17149,signal_reverse,False,0.1783857,,False,100.0,1.0,100.0,100.0,577.4005427565102,0.9815809226860713,0.3185276286159709,0.077524,0.7405772940701004
p143,DOGEUSDT,-1,2024-03-13 15:00:00+00:00,0.16626,2024-03-13 16:00:00+00:00,0.17124779999999998,initial_sl,False,0.17124779999999998,,False,100.0,1.0,100.0,100.0,601.4675808973897,-2.999999999999992,0.3245,0.0,-3.324499999999992
p144,DOGEUSDT,-1,2024-03-13 23:00:00+00:00,0.16854,2024-03-14 01:00:00+00:00,0.16722,signal_reverse,False,0.1735962,,False,100.0,1.0,100.0,100.0,593.3309600094933,0.7831968672125239,0.31882520469918124,0.050223,0.5145946625133426
p145,DOGEUSDT,-1,2024-03-14 07:00:00+00:00,0.18839,2024-03-14 09:00:00+00:00,0.18603,signal_reverse,False,0.1940417,,False,100.0,1.0,100.0,100.0,530.8137374595254,1.2527204204044806,0.3181209193693933,0.13259100000000001,1.0671905010350873
p146,DOGEUSDT,-1,2024-03-14 15:00:00+00:00,0.17763,2024-03-14 17:00:00+00:00,0.1777,signal_reverse,False,0.1829589,,False,100.0,1.0,100.0,100.0,562.9679671226706,-0.03940775769857948,0.3200591116365479,0.082048,-0.2774188693351273
p147,DOGEUSDT,-1,2024-03-14 23:00:00+00:00,0.17719,2024-03-15 01:00:00+00:00,0.17842,signal_reverse,False,0.1825057,,False,100.0,1.0,100.0,100.0,564.3659348721711,-0.6941700998927754,0.32104125514983917,0.046068,-0.9691433550426147
p148,DOGEUSDT,-1,2024-03-15 07:00:00+00:00,0.16824,2024-03-15 09:00:00+00:00,0.16099,signal_reverse,False,0.1732872,,False,100.0,1.0,100.0,100.0,594.3889681407513,4.309320019020451,0.31353601997146935,0.010764000000000001,4.006547999048982
p149,DOGEUSDT,-1,2024-03-15 15:00:00+00:00,0.16435,2024-03-15 17:00:00+00:00,0.16237,signal_reverse,False,0.1692805,,False,100.0,1.0,100.0,100.0,608.4575600851841,1.2047459689686704,0.31819288104654697,0.01,0.8965530879221234
p150,DOGEUSDT,-1,2024-03-15 23:00:00+00:00,0.16237,2024-03-16 01:00:00+00:00,0.16353,signal_reverse,False,0.16724109999999998,,False,100.0,1.0,100.0,100.0,615.8773172384061,-0.7144176879965647,0.3210716265319949,0.01,-1.0254893145285595
p151,DOGEUSDT,-1,2024-03-16 07:00:00+00:00,0.16157,2024-03-16 09:00:00+00:00,0.16128,signal_reverse,False,0.16641709999999998,,False,100.0,1.0,100.0,100.0,618.9267809618123,0.1794887664789161,0.3197307668502817,0.01,-0.13024200037136557
p152,DOGEUSDT,-1,2024-03-16 15:00:00+00:00,0.15304,2024-03-16 17:00:00+00:00,0.14801,signal_reverse,False,0.1576312,,False,100.0,1.0,100.0,100.0,653.4239414532148,3.2867224255096747,0.3150699163617355,0.01,2.981652509147939
p153,DOGEUSDT,-1,2024-03-16 23:00:00+00:00,0.14241,2024-03-17 01:00:00+00:00,0.14506,signal_reverse,False,0.14668230000000002,,False,100.0,1.0,100.0,100.0,702.1978793624043,-1.8608243803103612,0.3227912365704656,0.01,-2.173615616880827
p154,DOGEUSDT,-1,2024-03-17 07:00:00+00:00,0.14017,2024-03-17 08:00:00+00:00,0.14437509999999998,initial_sl,False,0.14437509999999998,,False,100.0,1.0,100.0,100.0,713.4194192765927,-2.9999999999999925,0.3245,0.0,-3.3244999999999925
p155,DOGEUSDT,-1,2024-03-17 15:00:00+00:00,0.15063,2024-03-17 17:00:00+00:00,0.15514889999999998,initial_sl,False,0.15514889999999998,,False,100.0,1.0,100.0,100.0,663.8783774812455,-2.999999999999995,0.3245,0.01143,-3.3130699999999953
p156,DOGEUSDT,-1,2024-03-17 23:00:00+00:00,0.15392,2024-03-18 01:00:00+00:00,0.15122,signal_reverse,False,0.1585376,,False,100.0,1.0,100.0,100.0,649.6881496881497,1.7541580041580094,0.317368762993763,0.01,1.4467892411642465
p157,DOGEUSDT,-1,2024-03-18 07:00:00+00:00,0.15045,2024-03-18 09:00:00+00:00,0.14623,signal_reverse,False,0.1549635,,False,100.0,1.0,100.0,100.0,664.6726487205051,2.8049185776005325,0.31579262213359915,0.01,2.4991259554669334
p158,DOGEUSDT,-1,2024-03-18 15:00:00+00:00,0.14367,2024-03-18 17:00:00+00:00,0.14218,signal_reverse,False,0.1479801,,False,100.0,1.0,100.0,100.0,696.0395350455906,1.037098907217924,0.3184443516391731,0.01,0.7286545555787509
p159,DOGEUSDT,-1,2024-03-18 23:00:00+00:00,0.14341,2024-03-19 01:00:00+00:00,0.13658,signal_reverse,False,0.14771230000000002,,False,100.0,1.0,100.0,100.0,697.3014434139878,4.762568858517539,0.31285614671222367,0.01,4.459712711805315
p160,DOGEUSDT,-1,2024-03-19 07:00:00+00:00,0.13133,2024-03-19 09:00:00+00:00,0.13064,signal_reverse,False,0.1352699,,False,100.0,1.0,100.0,100.0,761.4406457016676,0.5253940455341477,0.3192119089316988,0.01,0.2161821366024489
p161,DOGEUSDT,-1,2024-03-19 15:00:00+00:00,0.13109,2024-03-19 16:00:00+00:00,0.13502270000000002,initial_sl,False,0.13502270000000002,,False,100.0,1.0,100.0,100.0,762.8346937218704,-3.0000000000000084,0.3245,0.0,-3.3245000000000084
p162,DOGEUSDT,-1,2024-03-19 23:00:00+00:00,0.12953,2024-03-20 01:00:00+00:00,0.12667,signal_reverse,False,0.1334159,,False,100.0,1.0,100.0,100.0,772.021925422682,2.2079827067088718,0.3166880259399367,0.01,1.901294680768935
p163,DOGEUSDT,-1,2024-03-20 07:00:00+00:00,0.12737,2024-03-20 07:00:00+00:00,0.1311911,initial_sl,False,0.1311911,,False,100.0,1.0,100.0,100.0,785.1142341210646,-2.999999999999995,0.3245,0.0,-3.324499999999995
p164,DOGEUSDT,-1,2024-03-20 15:00:00+00:00,0.13504,2024-03-20 17:00:00+00:00,0.13337,signal_reverse,False,0.1390912,,False,100.0,1.0,100.0,100.0,740.5213270142181,1.2366706161137477,0.3181449940758294,0.01,0.9285256220379183
p165,DOGEUSDT,-1,2024-03-20 23:00:00+00:00,0.15168,2024-03-21 01:00:00+00:00,0.15124,signal_reverse,False,0.15623040000000002,,False,100.0,1.0,100.0,100.0,659.282700421941,0.29008438818565135,0.31956487341772155,0.01,-0.019480485232070195
p166,DOGEUSDT,-1,2024-03-21 07:00:00+00:00,0.15163,2024-03-21 08:00:00+00:00,0.15617889999999998,initial_sl,False,0.15617889999999998,,False,100.0,1.0,100.0,100.0,659.5000989250149,-2.9999999999999964,0.3245,0.0,-3.3244999999999965
p167,DOGEUSDT,-1,2024-03-21 15:00:00+00:00,0.15592,2024-03-21 17:00:00+00:00,0.15212,signal_reverse,False,0.1605976,,False,100.0,1.0,100.0,100.0,641.3545407901488,2.437147255002564,0.3163442791174962,0.01,2.1308029758850675
p168,DOGEUSDT,-1,2024-03-21 23:00:00+00:00,0.15475,2024-03-22 01:00:00+00:00,0.15203,signal_reverse,False,0.1593925,,False,100.0,1.0,100.0,100.0,646.2035541195477,1.7576736672051698,0.3173634894991923,0.02386,1.4641701777059775
p169,DOGEUSDT,-1,2024-03-22 07:00:00+00:00,0.16357,2024-03-22 09:00:00+00:00,0.16077,signal_reverse,False,0.1684771,,False,100.0,1.0,100.0,100.0,611.3590511707527,1.7118053432781055,0.3174322919850829,0.019294000000000002,1.4136670512930225
p170,DOGEUSDT,-1,2024-03-22 15:00:00+00:00,0.14591,2024-03-22 15:00:00+00:00,0.1502873,initial_sl,False,0.1502873,,False,100.0,1.0,100.0,100.0,685.3539853334247,-3.0000000000000004,0.3245,0.0,-3.3245000000000005
p171,DOGEUSDT,-1,2024-03-22 23:00:00+00:00,0.15223,2024-03-23 01:00:00+00:00,0.15679690000000002,initial_sl,False,0.15679690000000002,,False,100.0,1.0,100.0,100.0,656.9007422978387,-3.000000000000008,0.3245,0.01,-3.314500000000008
p172,DOGEUSDT,-1,2024-03-23 07:00:00+00:00,0.16074,2024-03-23 09:00:00+00:00,0.16296,signal_reverse,False,0.1655622,,False,100.0,1.0,100.0,100.0,622.1226825930073,-1.3811123553564761,0.3220716685330347,0.01,-1.6931840238895108
p173,DOGEUSDT,-1,2024-03-23 15:00:00+00:00,0.16742,2024-03-23 16:00:00+00:00,0.1724426,initial_sl,False,0.1724426,,False,100.0,1.0,100.0,100.0,597.300203082069,-2.9999999999999925,0.3245,0.0,-3.3244999999999925
p174,DOGEUSDT,-1,2024-03-23 23:00:00+00:00,0.16521,2024-03-24 01:00:00+00:00,0.16613,signal_reverse,False,0.1701663,,False,100.0,1.0,100.0,100.0,605.2902366684825,-0.5568670177350065,0.32083530052660253,0.01,-0.867702318261609
p175,DOGEUSDT,-1,2024-03-24 07:00:00+00:00,0.17267,2024-03-24 09:00:00+00:00,0.17296,signal_reverse,False,0.17785009999999998,,False,100.0,1.0,100.0,100.0,579.139398853304,-0.16795042566746538,0.32025192563850124,0.042393,-0.4458093513059666
p176,DOGEUSDT,-1,2024-03-24 15:00:00+00:00,0.17362,2024-03-24 17:00:00+00:00,0.1707,signal_reverse,False,0.1788286,,False,100.0,1.0,100.0,100.0,575.9705103098721,1.68183389010483,0.31747724916484277,0.021953,1.386309640939987
p177,DOGEUSDT,-1,2024-03-24 23:00:00+00:00,0.17647,2024-03-25 01:00:00+00:00,0.17209,signal_reverse,False,0.18176409999999998,,False,100.0,1.0,100.0,100.0,566.6685555618519,2.4820082733609086,0.31627698758995865,0.021896,2.18762728577095
p178,DOGEUSDT,-1,2024-03-25 07:00:00+00:00,0.17239,2024-03-25 09:00:00+00:00,0.17208,signal_reverse,False,0.1775617,,False,100.0,1.0,100.0,100.0,580.0800510470445,0.17982481582457044,0.31973026277626315,0.024298,-0.11560744695169271
p179,DOGEUSDT,-1,2024-03-25 15:00:00+00:00,0.18231,2024-03-25 17:00:00+00:00,0.18176,signal_reverse,False,0.1877793,,False,100.0,1.0,100.0,100.0,548.516263507213,0.3016839449289644,0.3195474740826066,0.034799000000000004,0.016935470846357804
p180,DOGEUSDT,-1,2024-03-25 23:00:00+00:00,0.17703,2024-03-26 01:00:00+00:00,0.17794,signal_reverse,False,0.1823409,,False,100.0,1.0,100.0,100.0,564.8760097158674,-0.514037168841436,0.3207710557532622,0.042713,-0.7920952245946982
p181,DOGEUSDT,-1,2024-03-26 07:00:00+00:00,0.18145,2024-03-26 09:00:00+00:00,0.18423,signal_reverse,False,0.1868935,,False,100.0,1.0,100.0,100.0,551.1160099200882,-1.5321025075778478,0.3222981537613668,0.041365,-1.8130356613392145
p182,DOGEUSDT,-1,2024-03-26 15:00:00+00:00,0.17964,2024-03-26 17:00:00+00:00,0.17851,signal_reverse,False,0.1850292,,False,100.0,1.0,100.0,100.0,556.66889334224,0.6290358494767269,0.31905644622578494,0.031786999999999996,0.34176640325094193
p183,DOGEUSDT,-1,2024-03-26 23:00:00+00:00,0.18168,2024-03-27 01:00:00+00:00,0.18202,signal_reverse,False,0.1871304,,False,100.0,1.0,100.0,100.0,550.4183179216204,-0.1871422280933395,0.32028071334214003,0.063954,-0.4434689414354795
p184,DOGEUSDT,-1,2024-03-27 07:00:00+00:00,0.18868,2024-03-27 09:00:00+00:00,0.18422,signal_reverse,False,0.1943404,,False,100.0,1.0,100.0,100.0,529.99788000848,2.3637905448378165,0.3164543141827433,0.0605,2.1078362306550735
p185,DOGEUSDT,-1,2024-03-27 15:00:00+00:00,0.18717,2024-03-27 17:00:00+00:00,0.18583,signal_reverse,False,0.19278510000000001,,False,100.0,1.0,100.0,100.0,534.2736549660737,0.7159266976545429,0.3189261099535182,0.038508,0.43550858770102463
p186,DOGEUSDT,-1,2024-03-27 23:00:00+00:00,0.19126,2024-03-28 00:00:00+00:00,0.1969978,initial_sl,False,0.1969978,,False,100.0,1.0,100.0,100.0,522.8484785109275,-2.9999999999999933,0.3245,0.0,-3.3244999999999933
p187,DOGEUSDT,-1,2024-03-28 07:00:00+00:00,0.20147,2024-03-28 09:00:00+00:00,0.20232,signal_reverse,False,0.2075141,,False,100.0,1.0,100.0,100.0,496.35181416588074,-0.4218990420409935,0.3206328485630615,0.06085,-0.681681890604055
p188,DOGEUSDT,-1,2024-03-28 15:00:00+00:00,0.2199,2024-03-28 17:00:00+00:00,0.22061,signal_reverse,False,0.226497,,False,100.0,1.0,100.0,100.0,454.7521600727603,-0.32287403365165457,0.32048431105047753,0.086388,-0.556970344702132
p189,DOGEUSDT,-1,2024-03-28 23:00:00+00:00,0.22006,2024-03-29 01:00:00+00:00,0.21804,signal_reverse,False,0.2266618,,False,100.0,1.0,100.0,100.0,454.4215214032536,0.9179314732345696,0.31862310279014816,0.066045,0.6653533704444214
p190,DOGEUSDT,-1,2024-03-29 07:00:00+00:00,0.21752,2024-03-29 09:00:00+00:00,0.21414,signal_reverse,False,0.22404559999999998,,False,100.0,1.0,100.0,100.0,459.7278411180581,1.5538801029790337,0.3176691798455315,0.082424,1.3186349231335022
p191,DOGEUSDT,-1,2024-03-29 15:00:00+00:00,0.21531,2024-03-29 17:00:00+00:00,0.21642,signal_reverse,False,0.2217693,,False,100.0,1.0,100.0,100.0,464.44661186196646,-0.5155357391667827,0.3207733036087502,0.073818,-0.7624910427755329
p192,DOGEUSDT,-1,2024-03-29 23:00:00+00:00,0.21255,2024-03-30 01:00:00+00:00,0.21582,signal_reverse,False,0.2189265,,False,100.0,1.0,100.0,100.0,470.4775346977182,-1.5384615384615494,0.32230769230769235,0.077067,-1.7837022307692418
p193,DOGEUSDT,-1,2024-03-30 07:00:00+00:00,0.21033,2024-03-30 09:00:00+00:00,0.21032,signal_reverse,False,0.2166399,,False,100.0,1.0,100.0,100.0,475.44335092473733,0.004754433509238932,0.31999286834973617,0.09263500000000001,-0.22260343484049722
p194,DOGEUSDT,-1,2024-03-30 15:00:00+00:00,0.20543,2024-03-30 17:00:00+00:00,0.20057,signal_reverse,False,0.2115929,,False,100.0,1.0,100.0,100.0,486.7838193058463,2.3657693618264144,0.3164513459572604,0.091362,2.140680015869154
p195,DOGEUSDT,-1,2024-03-30 23:00:00+00:00,0.19989,2024-03-31 01:00:00+00:00,0.2058867,initial_sl,False,0.2058867,,False,100.0,1.0,100.0,100.0,500.2751513332332,-2.9999999999999964,0.3245,0.056928999999999993,-3.2675709999999967
p196,DOGEUSDT,-1,2024-03-31 07:00:00+00:00,0.20573,2024-03-31 09:00:00+00:00,0.20687,signal_reverse,False,0.2119019,,False,100.0,1.0,100.0,100.0,486.073980459826,-0.5541243377242027,0.3208311865065864,0.061027,-0.813928524230789
p197,DOGEUSDT,-1,2024-03-31 15:00:00+00:00,0.2114,2024-03-31 17:00:00+00:00,0.21352,signal_reverse,False,0.217742,,False,100.0,1.0,100.0,100.0,473.03689687795645,-1.0028382213812597,0.3215042573320719,0.06371700000000001,-1.2606254787133315
p198,DOGEUSDT,-1,2024-03-31 23:00:00+00:00,0.21946,2024-04-01 01:00:00+00:00,0.21728,signal_reverse,False,0.2260438,,False,100.0,1.0,100.0,100.0,455.66390230565935,0.9933473070263317,0.31850997903946054,0.108645,0.7834823279868711
p199,DOGEUSDT,-1,2024-04-01 07:00:00+00:00,0.20582,2024-04-01 09:00:00+00:00,0.20306,signal_reverse,False,0.2119946,,False,100.0,1.0,100.0,100.0,485.86143231950246,1.3409775532018329,0.31798853367019725,0.021233,1.0442220195316356
p200,DOGEUSDT,-1,2024-04-01 15:00:00+00:00,0.2022,2024-04-01 17:00:00+00:00,0.20324,signal_reverse,False,0.20826599999999998,,False,100.0,1.0,100.0,100.0,494.5598417408507,-0.5143422354104912,0.3207715133531158,0.01,-0.825113748763607
p201,DOGEUSDT,-1,2024-04-01 23:00:00+00:00,0.20479,2024-04-02 01:00:00+00:00,0.20408,signal_reverse,False,0.2109337,,False,100.0,1.0,100.0,100.0,488.3050930221202,0.3466966160456997,0.31947995507593147,0.028274,0.055490660969768214
p202,DOGEUSDT,-1,2024-04-02 07:00:00+00:00,0.19009,2024-04-02 09:00:00+00:00,0.18533,signal_reverse,False,0.19579270000000001,,False,100.0,1.0,100.0,100.0,526.066600031564,2.5040770161502524,0.3162438844757747,0.01,2.1978331316744777
p203,DOGEUSDT,-1,2024-04-02 15:00:00+00:00,0.18746,2024-04-02 17:00:00+00:00,0.18549,signal_reverse,False,0.1930838,,False,100.0,1.0,100.0,100.0,533.447135388883,1.0508908567160993,0.31842366371492586,0.010739,0.7432061930011735
p204,DOGEUSDT,-1,2024-04-02 23:00:00+00:00,0.18547,2024-04-03 01:00:00+00:00,0.18485,signal_reverse,False,0.19103409999999998,,False,100.0,1.0,100.0,100.0,539.1707553782283,0.3342858683345066,0.31949857119749825,0.01,0.024787297137008328
p205,DOGEUSDT,-1,2024-04-03 07:00:00+00:00,0.18598,2024-04-03 09:00:00+00:00,0.1866,signal_reverse,False,0.19155940000000002,,False,100.0,1.0,100.0,100.0,537.6922249704269,-0.3333691794816548,0.3205000537692225,0.010891999999999999,-0.6429772332508773
p206,DOGEUSDT,-1,2024-04-03 15:00:00+00:00,0.18412,2024-04-03 17:00:00+00:00,0.17724,signal_reverse,False,0.1896436,,False,100.0,1.0,100.0,100.0,543.1240495329133,3.736693460786442,0.3143949598088204,0.015916,3.4382145009776215
p207,DOGEUSDT,-1,2024-04-03 23:00:00+00:00,0.17532,2024-04-04 01:00:00+00:00,0.1805796,initial_sl,False,0.1805796,,False,100.0,1.0,100.0,100.0,570.3855806525211,-3.0000000000000018,0.3245,0.01,-3.314500000000002
p208,DOGEUSDT,-1,2024-04-04 07:00:00+00:00,0.17814,2024-04-04 09:00:00+00:00,0.18151,signal_reverse,False,0.1834842,,False,100.0,1.0,100.0,100.0,561.3562366677894,-1.8917705175704569,0.3228376557763557,0.01,-2.204608173346813
p209,DOGEUSDT,-1,2024-04-04 15:00:00+00:00,0.18344,2024-04-04 17:00:00+00:00,0.18731,signal_reverse,False,0.18894319999999998,,False,100.0,1.0,100.0,100.0,545.1373746184039,-2.1096816397732296,0.3231645224596599,0.016134,-2.4167121622328893
p210,DOGEUSDT,-1,2024-04-04 23:00:00+00:00,0.17828,2024-04-05 01:00:00+00:00,0.17815,signal_reverse,False,0.1836284,,False,100.0,1.0,100.0,100.0,560.9154139555756,0.07291900381421991,0.3198906214942787,0.01,-0.2369716176800588
p211,DOGEUSDT,-1,2024-04-05 07:00:00+00:00,0.174,2024-04-05 09:00:00+00:00,0.17179,signal_reverse,False,0.17922,,False,100.0,1.0,100.0,100.0,574.7126436781609,1.2701149425287297,0.31809482758620694,0.01,0.9620201149425227
p212,DOGEUSDT,-1,2024-04-05 15:00:00+00:00,0.17498,2024-04-05 17:00:00+00:00,0.17451,signal_reverse,False,0.18022939999999998,,False,100.0,1.0,100.0,100.0,571.4938850154304,0.26860212595725125,0.31959709681106413,0.01,-0.04099497085381288
p213,DOGEUSDT,-1,2024-04-05 23:00:00+00:00,0.17739,2024-04-06 01:00:00+00:00,0.1786,signal_reverse,False,0.1827117,,False,100.0,1.0,100.0,100.0,563.729635266926,-0.6821128586729899,0.3210231692880095,0.01,-0.9931360279609993
p214,DOGEUSDT,-1,2024-04-06 07:00:00+00:00,0.18435,2024-04-06 09:00:00+00:00,0.18289,signal_reverse,False,0.1898805,,False,100.0,1.0,100.0,100.0,542.4464334147002,0.7919717927854715,0.31881204231082183,0.01,0.48315975047464965
p215,DOGEUSDT,-1,2024-04-06 15:00:00+00:00,0.1823,2024-04-06 17:00:00+00:00,0.18358,signal_reverse,False,0.187769,,False,100.0,1.0,100.0,100.0,548.5463521667581,-0.7021393307734521,0.3210532089961602,0.01,-1.0131925397696124
p216,DOGEUSDT,-1,2024-04-06 23:00:00+00:00,0.18657,2024-04-07 00:00:00+00:00,0.1921671,initial_sl,False,0.1921671,,False,100.0,1.0,100.0,100.0,535.9918529238355,-2.9999999999999964,0.3245,0.0,-3.3244999999999965
p217,DOGEUSDT,-1,2024-04-07 07:00:00+00:00,0.19387,2024-04-07 09:00:00+00:00,0.19422,signal_reverse,False,0.19968609999999998,,False,100.0,1.0,100.0,100.0,515.8095631093,-0.18053334708826377,0.32027080002063246,0.028293,-0.4725111471088962
p218,DOGEUSDT,-1,2024-04-07 15:00:00+00:00,0.2024,2024-04-07 17:00:00+00:00,0.19993,signal_reverse,False,0.208472,,False,100.0,1.0,100.0,100.0,494.0711462450593,1.2203557312252964,0.31816946640316207,0.02253,0.9247162648221344
p219,DOGEUSDT,-1,2024-04-07 23:00:00+00:00,0.19664,2024-04-08 01:00:00+00:00,0.19801,signal_reverse,False,0.2025392,,False,100.0,1.0,100.0,100.0,508.5435313262815,-0.6967046379169967,0.3210450569568755,0.018604,-0.9991456948738723
p220,DOGEUSDT,-1,2024-04-08 07:00:00+00:00,0.20197,2024-04-08 08:00:00+00:00,0.20802910000000002,initial_sl,False,0.20802910000000002,,False,100.0,1.0,100.0,100.0,495.1230380749616,-3.0000000000000053,0.3245,0.0,-3.3245000000000053
p221,DOGEUSDT,-1,2024-04-08 15:00:00+00:00,0.20336,2024-04-08 17:00:00+00:00,0.20355,signal_reverse,False,0.2094608,,False,100.0,1.0,100.0,100.0,491.73878835562545,-0.09343036978756673,0.3201401455546814,0.038988,-0.3745825153422481
p222,DOGEUSDT,-1,2024-04-08 23:00:00+00:00,0.2036,2024-04-09 01:00:00+00:00,0.20047,signal_reverse,False,0.209708,,False,100.0,1.0,100.0,100.0,491.1591355599214,1.5373280943025511,0.3176940078585462,0.033252,1.252886086444005
p223,DOGEUSDT,-1,2024-04-09 07:00:00+00:00,0.19832,2024-04-09 09:00:00+00:00,0.19561,signal_reverse,False,0.2042696,,False,100.0,1.0,100.0,100.0,504.2355788624445,1.3664784187172196,0.3179502823719242,0.010053,1.0585811363452955
p224,DOGEUSDT,-1,2024-04-09 15:00:00+00:00,0.19,2024-04-09 17:00:00+00:00,0.18923,signal_reverse,False,0.1957,,False,100.0,1.0,100.0,100.0,526.3157894736842,0.40526315789473305,0.3193921052631579,0.01,0.09587105263157512
p225,DOGEUSDT,-1,2024-04-09 23:00:00+00:00,0.1901,2024-04-10 01:00:00+00:00,0.18961,signal_reverse,False,0.195803,,False,100.0,1.0,100.0,100.0,526.0389268805892,0.2577590741714837,0.3196133613887428,0.01,-0.051854287217259105
p226,DOGEUSDT,-1,2024-04-10 07:00:00+00:00,0.19039,2024-04-10 09:00:00+00:00,0.18904,signal_reverse,False,0.1961017,,False,100.0,1.0,100.0,100.0,525.2376700456957,0.7090708545616841,0.3189363937181575,0.01,0.40013446084352655
p227,DOGEUSDT,-1,2024-04-10 15:00:00+00:00,0.19187,2024-04-10 16:00:00+00:00,0.19762610000000003,initial_sl,False,0.19762610000000003,,False,100.0,1.0,100.0,100.0,521.1862198363475,-3.000000000000007,0.3245,0.0,-3.324500000000007
p228,DOGEUSDT,-1,2024-04-10 23:00:00+00:00,0.19993,2024-04-11 01:00:00+00:00,0.19786,signal_reverse,False,0.2059279,,False,100.0,1.0,100.0,100.0,500.17506127144503,1.0353623768318854,0.3184469564347522,0.045661,0.7625764203971331
p229,DOGEUSDT,-1,2024-04-11 07:00:00+00:00,0.19704,2024-04-11 08:00:00+00:00,0.2029512,initial_sl,False,0.2029512,,False,100.0,1.0,100.0,100.0,507.5111652456354,-3.0000000000000027,0.3245,0.0,-3.3245000000000027
p230,DOGEUSDT,-1,2024-04-11 15:00:00+00:00,0.19117,2024-04-11 17:00:00+00:00,0.193,signal_reverse,False,0.1969051,,False,100.0,1.0,100.0,100.0,523.0946278181723,-0.9572631689072544,0.32143589475336093,0.01,-1.2686990636606152
p231,DOGEUSDT,-1,2024-04-11 23:00:00+00:00,0.19503,2024-04-12 01:00:00+00:00,0.19519,signal_reverse,False,0.2008809,,False,100.0,1.0,100.0,100.0,512.7416294928985,-0.08203866071886041,0.3201230579910783,0.01,-0.3921617187099387
p232,DOGEUSDT,-1,2024-04-12 07:00:00+00:00,0.19992,2024-04-12 09:00:00+00:00,0.19841,signal_reverse,False,0.20591759999999998,,False,100.0,1.0,100.0,100.0,500.20008003201286,0.7553021208483313,0.3188670468187275,0.024761,0.4611960740296037
p233,DOGEUSDT,-1,2024-04-12 15:00:00+00:00,0.19192,2024-04-12 17:00:00+00:00,0.18496,signal_reverse,False,0.1976776,,False,100.0,1.0,100.0,100.0,521.0504376823676,3.6265110462692753,0.31456023343059614,0.011735,3.3236858128386793
p234,DOGEUSDT,-1,2024-04-12 23:00:00+00:00,0.17376,2024-04-13 01:00:00+00:00,0.16555,signal_reverse,False,0.1789728,,False,100.0,1.0,100.0,100.0,575.5064456721915,4.72490791896869,0.312912638121547,0.01,4.421995280847142
p235,DOGEUSDT,-1,2024-04-13 07:00:00+00:00,0.17269,2024-04-13 09:00:00+00:00,0.17037,signal_reverse,False,0.17787070000000002,,False,100.0,1.0,100.0,100.0,579.072326133534,1.3434477966298084,0.3179848283050553,0.000499,1.0259619683247532
p236,DOGEUSDT,-1,2024-04-13 15:00:00+00:00,0.17031,2024-04-13 17:00:00+00:00,0.15974,signal_reverse,False,0.1754193,,False,100.0,1.0,100.0,100.0,587.1645822323998,6.2063296341964636,0.3106905055487053,0.009172,5.904811128647759
p237,DOGEUSDT,-1,2024-04-13 23:00:00+00:00,0.15187,2024-04-14 01:00:00+00:00,0.15019,signal_reverse,False,0.1564261,,False,100.0,1.0,100.0,100.0,658.457891617831,1.1062092579179659,0.31834068611312305,-0.002934,0.7849345718048428
p238,DOGEUSDT,1,2024-04-14 07:00:00+00:00,0.15855,2024-04-14 09:00:00+00:00,0.15552,signal_reverse,False,0.1537935,,False,100.0,1.0,100.0,100.0,630.7158625039419,-1.9110690633869472,0.3171333964049196,-0.01,-2.2382024597918666
p239,DOGEUSDT,-1,2024-04-14 15:00:00+00:00,0.15127,2024-04-14 16:00:00+00:00,0.15580809999999998,initial_sl,False,0.15580809999999998,,False,100.0,1.0,100.0,100.0,661.0696106299994,-2.9999999999999933,0.3245,0.0,-3.3244999999999933
p240,DOGEUSDT,-1,2024-04-14 23:00:00+00:00,0.16284,2024-04-15 01:00:00+00:00,0.15937,signal_reverse,False,0.16772520000000002,,False,100.0,1.0,100.0,100.0,614.0997297961188,2.130926062392533,0.31680361090641124,0.01,1.8241224514861218
p241,DOGEUSDT,-1,2024-04-15 07:00:00+00:00,0.16716,2024-04-15 09:00:00+00:00,0.16472,signal_reverse,False,0.17217480000000002,,False,100.0,1.0,100.0,100.0,598.2292414453218,1.4596793491265838,0.3178104809763101,0.01,1.1518688681502738
p242,DOGEUSDT,-1,2024-04-15 15:00:00+00:00,0.15353,2024-04-15 17:00:00+00:00,0.15318,signal_reverse,False,0.1581359,,False,100.0,1.0,100.0,100.0,651.3385006187716,0.22796847521656302,0.3196580472871752,-0.007884,-0.09957357207061215
p243,DOGEUSDT,1,2024-04-15 23:00:00+00:00,0.16262,2024-04-16 00:00:00+00:00,0.15774139999999998,initial_sl,False,0.15774139999999998,,False,100.0,1.0,100.0,100.0,614.9305128520477,-3.0000000000000067,0.3155,0.0,-3.3155000000000068
p244,DOGEUSDT,-1,2024-04-16 07:00:00+00:00,0.1563,2024-04-16 09:00:00+00:00,0.15566,signal_reverse,False,0.160989,,False,100.0,1.0,100.0,100.0,639.7952655150352,0.4094689699296236,0.3193857965451056,0.01,0.10008317338451798
p245,DOGEUSDT,-1,2024-04-16 15:00:00+00:00,0.15028,2024-04-16 17:00:00+00:00,0.1547884,initial_sl,False,0.1547884,,False,100.0,1.0,100.0,100.0,665.4245408570669,-2.9999999999999973,0.3245,0.01,-3.3144999999999976
p246,DOGEUSDT,-1,2024-04-16 23:00:00+00:00,0.15674,2024-04-17 01:00:00+00:00,0.15622,signal_reverse,False,0.16144219999999998,,False,100.0,1.0,100.0,100.0,637.9992344009188,0.3317596018884731,0.3195023605971673,0.01,0.02225724129130579
p247,DOGEUSDT,-1,2024-04-17 07:00:00+00:00,0.15588,2024-04-17 09:00:00+00:00,0.15745,signal_reverse,False,0.1605564,,False,100.0,1.0,100.0,100.0,641.5191172696947,-1.0071850141134309,0.3215107775211702,0.007713,-1.320982791634601
p248,DOGEUSDT,-1,2024-04-17 15:00:00+00:00,0.14896,2024-04-17 17:00:00+00:00,0.14891,signal_reverse,False,0.1534288,,False,100.0,1.0,100.0,100.0,671.3211600429645,0.03356605800216316,0.31994965091299676,-0.003561,-0.2899445929108336
p249,DOGEUSDT,1,2024-04-17 23:00:00+00:00,0.14845,2024-04-18 01:00:00+00:00,0.14767,signal_reverse,False,0.1439965,,False,100.0,1.0,100.0,100.0,673.6274840013473,-0.5254294375210529,0.3192118558437185,0.004324,-0.8403172933647713
p250,DOGEUSDT,1,2024-04-18 07:00:00+00:00,0.14463,2024-04-18 09:00:00+00:00,0.14484,signal_reverse,False,0.1402911,,False,100.0,1.0,100.0,100.0,691.4194842010647,0.14519809168221529,0.32021779713752335,-0.003379,-0.17839870545530806
p251,DOGEUSDT,-1,2024-04-18 15:00:00+00:00,0.15043,2024-04-18 17:00:00+00:00,0.14771,signal_reverse,False,0.1549429,,False,100.0,1.0,100.0,100.0,664.7610184138802,1.8081499700857542,0.3172877750448714,0.001658,1.4925201950408828
p252,DOGEUSDT,-1,2024-04-18 23:00:00+00:00,0.15203,2024-04-19 01:00:00+00:00,0.14313,signal_reverse,False,0.1565909,,False,100.0,1.0,100.0,100.0,657.7649148194436,5.854107741893042,0.31121883838716047,-0.007509,5.5353799035058815
p253,DOGEUSDT,1,2024-04-19 07:00:00+00:00,0.1538,2024-04-19 09:00:00+00:00,0.15204,signal_reverse,False,0.14918599999999999,,False,100.0,1.0,100.0,100.0,650.1950585175553,-1.1443433029908867,0.3182834850455137,-0.01,-1.4726267880364003
p254,DOGEUSDT,-1,2024-04-19 15:00:00+00:00,0.1518,2024-04-19 17:00:00+00:00,0.15367,signal_reverse,False,0.156354,,False,100.0,1.0,100.0,100.0,658.7615283267457,-1.2318840579710215,0.32184782608695656,0.01,-1.5437318840579781
p255,DOGEUSDT,-1,2024-04-19 23:00:00+00:00,0.15474,2024-04-20 01:00:00+00:00,0.1555,signal_reverse,False,0.15938219999999997,,False,100.0,1.0,100.0,100.0,646.2453147214683,-0.4911464391883228,0.3207367196587825,0.01,-0.8018831588471053
p256,DOGEUSDT,-1,2024-04-20 07:00:00+00:00,0.15553,2024-04-20 09:00:00+00:00,0.15168,signal_reverse,False,0.1601959,,False,100.0,1.0,100.0,100.0,642.9627724554748,2.475406673953573,0.3162868899890697,0.0008250000000000001,2.159944783964503
p257,DOGEUSDT,-1,2024-04-20 15:00:00+00:00,0.15346,2024-04-20 15:00:00+00:00,0.1580638,initial_sl,False,0.1580638,,False,100.0,1.0,100.0,100.0,651.6356053694774,-2.9999999999999942,0.3245,0.0,-3.3244999999999942
p258,DOGEUSDT,-1,2024-04-20 23:00:00+00:00,0.1614,2024-04-21 01:00:00+00:00,0.16095,signal_reverse,False,0.166242,,False,100.0,1.0,100.0,100.0,619.5786864931847,0.2788104089219196,0.31958178438661716,0.01,-0.030771375464697555
p259,DOGEUSDT,-1,2024-04-21 07:00:00+00:00,0.1634,2024-04-21 09:00:00+00:00,0.16184,signal_reverse,False,0.16830199999999998,,False,100.0,1.0,100.0,100.0,611.9951040391677,0.9547123623010882,0.3185679314565484,0.00799,0.6441344308445399
p260,DOGEUSDT,-1,2024-04-21 15:00:00+00:00,0.15875,2024-04-21 17:00:00+00:00,0.15744,signal_reverse,False,0.1635125,,False,100.0,1.0,100.0,100.0,629.9212598425197,0.8251968503937044,0.3187622047244095,0.007634,0.5140686456692949
p261,DOGEUSDT,-1,2024-04-21 23:00:00+00:00,0.15864,2024-04-22 01:00:00+00:00,0.1578,signal_reverse,False,0.1633992,,False,100.0,1.0,100.0,100.0,630.3580433686334,0.5295007564296568,0.3192057488653555,-0.0033389999999999995,0.20695600756430124
p262,DOGEUSDT,1,2024-04-22 07:00:00+00:00,0.1621,2024-04-22 09:00:00+00:00,0.16014,signal_reverse,False,0.157237,,False,100.0,1.0,100.0,100.0,616.9031462060457,-1.209130166563843,0.3181863047501543,-0.007909000000000001,-1.5352254713139972
p263,DOGEUSDT,-1,2024-04-22 15:00:00+00:00,0.15917,2024-04-22 17:00:00+00:00,0.16068,signal_reverse,False,0.1639451,,False,100.0,1.0,100.0,100.0,628.2590940503864,-0.9486712320160731,0.32142300684802416,0.005646,-1.2644482388640972
p264,DOGEUSDT,-1,2024-04-22 23:00:00+00:00,0.16214,2024-04-23 01:00:00+00:00,0.1605,signal_reverse,False,0.16700420000000002,,False,100.0,1.0,100.0,100.0,616.7509559639817,1.0114715677809316,0.3184827926483286,0.01,0.7029887751326029
p265,DOGEUSDT,-1,2024-04-23 07:00:00+00:00,0.15798,2024-04-23 09:00:00+00:00,0.15796,signal_reverse,False,0.16271940000000001,,False,100.0,1.0,100.0,100.0,632.9915179136599,0.012659830358285858,0.3199810102544626,0.0041470000000000005,-0.3031741798961767
p266,DOGEUSDT,-1,2024-04-23 15:00:00+00:00,0.16117,2024-04-23 17:00:00+00:00,0.16207,signal_reverse,False,0.16600510000000002,,False,100.0,1.0,100.0,100.0,620.4628652975119,-0.5584165787677509,0.32083762486815165,0.01,-0.8692542036359026
p267,DOGEUSDT,-1,2024-04-23 23:00:00+00:00,0.1597,2024-04-24 01:00:00+00:00,0.16151,signal_reverse,False,0.164491,,False,100.0,1.0,100.0,100.0,626.1740763932373,-1.133375078271746,0.3217000626174077,0.01,-1.4450751408891536
p268,DOGEUSDT,-1,2024-04-24 07:00:00+00:00,0.16163,2024-04-24 09:00:00+00:00,0.16104,signal_reverse,False,0.16647889999999999,,False,100.0,1.0,100.0,100.0,618.6970240673143,0.3650312441997199,0.3194524531337004,0.01,0.05557879106601948
p269,DOGEUSDT,-1,2024-04-24 15:00:00+00:00,0.15561,2024-04-24 17:00:00+00:00,0.15457,signal_reverse,False,0.16027829999999998,,False,100.0,1.0,100.0,100.0,642.63222157959,0.6683375104427642,0.3189974937343359,0.004653,0.35399301670842837
p270,DOGEUSDT,-1,2024-04-24 23:00:00+00:00,0.15074,2024-04-25 01:00:00+00:00,0.15023,signal_reverse,False,0.15526220000000002,,False,100.0,1.0,100.0,100.0,663.3939233116624,0.3383309008889548,0.31949250364866655,0.003221,0.022059397240288242
p271,DOGEUSDT,-1,2024-04-25 07:00:00+00:00,0.15131,2024-04-25 09:00:00+00:00,0.1499,signal_reverse,False,0.1558493,,False,100.0,1.0,100.0,100.0,660.8948516291058,0.9318617407970357,0.3186022073888045,-0.008725,0.6045345334082312
p272,DOGEUSDT,1,2024-04-25 15:00:00+00:00,0.14944,2024-04-25 17:00:00+00:00,0.15239,signal_reverse,False,0.1449568,,False,100.0,1.0,100.0,100.0,669.1648822269808,1.974036402569599,0.32296105460385444,-0.001114,1.6499613479657445
p273,DOGEUSDT,-1,2024-04-25 23:00:00+00:00,0.15163,2024-04-26 01:00:00+00:00,0.14983,signal_reverse,False,0.15617889999999998,,False,100.0,1.0,100.0,100.0,659.5000989250149,1.187100178065024,0.3182193497329025,0.006974000000000001,0.8758548283321217
p274,DOGEUSDT,-1,2024-04-26 07:00:00+00:00,0.15054,2024-04-26 09:00:00+00:00,0.1512,signal_reverse,False,0.1550562,,False,100.0,1.0,100.0,100.0,664.2752756742394,-0.438421681944994,0.32065763252291757,0.01,-0.7490793144679115
p275,DOGEUSDT,-1,2024-04-26 15:00:00+00:00,0.14849,2024-04-26 17:00:00+00:00,0.14948,signal_reverse,False,0.15294470000000002,,False,100.0,1.0,100.0,100.0,673.4460233012323,-0.6667115630682139,0.3210000673446024,0.004046999999999999,-0.9836646304128163
p276,DOGEUSDT,-1,2024-04-26 23:00:00+00:00,0.14726,2024-04-27 01:00:00+00:00,0.14421,signal_reverse,False,0.1516778,,False,100.0,1.0,100.0,100.0,679.0710308298247,2.0711666440309635,0.3168932500339536,0.002128,1.7564013939970098
p277,DOGEUSDT,-1,2024-04-27 07:00:00+00:00,0.1453,2024-04-27 09:00:00+00:00,0.14506,signal_reverse,False,0.14965900000000001,,False,100.0,1.0,100.0,100.0,688.2312456985546,0.16517549896766548,0.3197522367515485,0.01,-0.14457673778388302
p278,DOGEUSDT,-1,2024-04-27 15:00:00+00:00,0.14596,2024-04-27 17:00:00+00:00,0.14874,signal_reverse,False,0.1503388,,False,100.0,1.0,100.0,100.0,685.1192107426692,-1.9046314058646237,0.322856947108797,-0.00047299999999999995,-2.2279613529734204
p279,DOGEUSDT,1,2024-04-27 23:00:00+00:00,0.14685,2024-04-28 01:00:00+00:00,0.14875,signal_reverse,False,0.1424445,,False,100.0,1.0,100.0,100.0,680.9669731018046,1.2938372488934184,0.32194075587334015,-0.004341,0.9675554930200783
p280,DOGEUSDT,-1,2024-04-28 07:00:00+00:00,0.15004,2024-04-28 09:00:00+00:00,0.14898,signal_reverse,False,0.15454120000000002,,False,100.0,1.0,100.0,100.0,666.4889362836576,0.7064782724606806,0.318940282591309,0.00602,0.3935579898693716
p281,DOGEUSDT,-1,2024-04-28 15:00:00+00:00,0.14997,2024-04-28 17:00:00+00:00,0.15044,signal_reverse,False,0.1544691,,False,100.0,1.0,100.0,100.0,666.8000266720011,-0.3133960125358393,0.3204700940188038,0.01,-0.6238661065546431
p282,DOGEUSDT,-1,2024-04-28 23:00:00+00:00,0.14769,2024-04-29 01:00:00+00:00,0.1477,signal_reverse,False,0.1521207,,False,100.0,1.0,100.0,100.0,677.0939129257229,-0.006770939129264,0.3200101564086939,0.01,-0.3167810955379579
p283,DOGEUSDT,-1,2024-04-29 07:00:00+00:00,0.14151,2024-04-29 09:00:00+00:00,0.14174,signal_reverse,False,0.1457553,,False,100.0,1.0,100.0,100.0,706.6638400113067,-0.16253268320260617,0.32024379902480393,0.01,-0.4727764822274101
p284,DOGEUSDT,-1,2024-04-29 15:00:00+00:00,0.14272,2024-04-29 17:00:00+00:00,0.1421,signal_reverse,False,0.1470016,,False,100.0,1.0,100.0,100.0,700.6726457399102,0.43441704035875095,0.3193483744394619,0.003405,0.11847366591928905
p285,DOGEUSDT,-1,2024-04-29 23:00:00+00:00,0.14382,2024-04-30 01:00:00+00:00,0.14274,signal_reverse,False,0.1481346,,False,100.0,1.0,100.0,100.0,695.3135864274788,0.7509386733416754,0.3188735919899875,-0.003025,0.4290400813516879
p286,DOGEUSDT,1,2024-04-30 07:00:00+00:00,0.14291,2024-04-30 08:00:00+00:00,0.13862270000000002,initial_sl,False,0.13862270000000002,,False,100.0,1.0,100.0,100.0,699.7410957945559,-2.999999999999995,0.3155,0.0,-3.3154999999999952
p287,DOGEUSDT,-1,2024-04-30 15:00:00+00:00,0.13514,2024-04-30 17:00:00+00:00,0.13271,signal_reverse,False,0.13919420000000002,,False,100.0,1.0,100.0,100.0,739.9733609590054,1.7981352671303945,0.3173027970993044,-0.00025,1.48058247003109
p288,DOGEUSDT,1,2024-04-30 23:00:00+00:00,0.13326,2024-05-01 01:00:00+00:00,0.13082,signal_reverse,False,0.1292622,,False,100.0,1.0,100.0,100.0,750.41272699985,-1.8310070538796321,0.3172534894191806,0.003849,-2.1444115432988125
p289,DOGEUSDT,1,2024-05-01 07:00:00+00:00,0.12877,2024-05-01 07:00:00+00:00,0.1249069,initial_sl,False,0.1249069,,False,100.0,1.0,100.0,100.0,776.5783955890347,-2.9999999999999956,0.3155,0.0,-3.3154999999999957
p290,DOGEUSDT,-1,2024-05-01 15:00:00+00:00,0.12418,2024-05-01 17:00:00+00:00,0.12616,signal_reverse,False,0.1279054,,False,100.0,1.0,100.0,100.0,805.2826542116283,-1.5944596553390205,0.32239168948300856,0.004324,-1.912527344822029
p291,DOGEUSDT,-1,2024-05-01 23:00:00+00:00,0.12915,2024-05-02 01:00:00+00:00,0.12556,signal_reverse,False,0.1330245,,False,100.0,1.0,100.0,100.0,774.2934572202865,2.7797135114208147,0.3158304297328688,-0.0025570000000000002,2.461326081687946
p292,DOGEUSDT,1,2024-05-02 07:00:00+00:00,0.12643,2024-05-02 09:00:00+00:00,0.12898,signal_reverse,False,0.12263709999999999,,False,100.0,1.0,100.0,100.0,790.9515146721507,2.0169263624140035,0.32302538954362103,0.000265,1.6941659728703824
p293,DOGEUSDT,1,2024-05-02 15:00:00+00:00,0.13237,2024-05-02 17:00:00+00:00,0.13382,signal_reverse,False,0.12839889999999998,,False,100.0,1.0,100.0,100.0,755.4581853894388,1.0954143688146913,0.32164312155322206,-0.00101,0.7727612472614693
p294,DOGEUSDT,-1,2024-05-02 23:00:00+00:00,0.13304,2024-05-03 01:00:00+00:00,0.13389,signal_reverse,False,0.1370312,,False,100.0,1.0,100.0,100.0,751.653638003608,-0.6389055923030799,0.3209583583884546,0.01,-0.9498639506915345
p295,DOGEUSDT,-1,2024-05-03 07:00:00+00:00,0.13265,2024-05-03 09:00:00+00:00,0.13316,signal_reverse,False,0.1366295,,False,100.0,1.0,100.0,100.0,753.8635506973238,-0.38447041085564304,0.3205767056162835,-0.003934,-0.7089811164719265
p296,DOGEUSDT,1,2024-05-03 15:00:00+00:00,0.13838,2024-05-03 17:00:00+00:00,0.14033,signal_reverse,False,0.1342286,,False,100.0,1.0,100.0,100.0,722.6477814713109,1.4091631738690613,0.3221137447608036,-4.7999999999999994e-05,1.0870014291082577
p297,DOGEUSDT,-1,2024-05-03 23:00:00+00:00,0.14598,2024-05-04 00:00:00+00:00,0.1503594,initial_sl,False,0.1503594,,False,100.0,1.0,100.0,100.0,685.0253459377997,-3.0000000000000036,0.3245,0.0,-3.3245000000000036
p298,DOGEUSDT,-1,2024-05-04 07:00:00+00:00,0.15026,2024-05-04 09:00:00+00:00,0.15175,signal_reverse,False,0.1547678,,False,100.0,1.0,100.0,100.0,665.5131106082789,-0.9916145348063298,0.3214874218022095,0.01,-1.3031019566085393
p299,DOGEUSDT,-1,2024-05-04 15:00:00+00:00,0.1657,2024-05-04 17:00:00+00:00,0.15963,signal_reverse,False,0.170671,,False,100.0,1.0,100.0,100.0,603.5003017501509,3.6632468316234115,0.31450512975256495,0.01,3.358741701870846
p300,DOGEUSDT,-1,2024-05-04 23:00:00+00:00,0.15968,2024-05-05 01:00:00+00:00,0.15698,signal_reverse,False,0.1644704,,False,100.0,1.0,100.0,100.0,626.2525050100201,1.6908817635270417,0.31746367735470943,0.01,1.3834180861723322
p301,DOGEUSDT,-1,2024-05-05 07:00:00+00:00,0.16023,2024-05-05 09:00:00+00:00,0.16062,signal_reverse,False,0.16503690000000001,,False,100.0,1.0,100.0,100.0,624.1028521500343,-0.2434001123385143,0.32036510016850783,0.01,-0.5537652125070222
p302,DOGEUSDT,-1,2024-05-05 15:00:00+00:00,0.16073,2024-05-05 17:00:00+00:00,0.16057,signal_reverse,False,0.1655519,,False,100.0,1.0,100.0,100.0,622.1613886642194,0.09954582218628832,0.31985068126672056,0.01,-0.21030485908043223
p303,DOGEUSDT,-1,2024-05-05 23:00:00+00:00,0.16006,2024-05-06 01:00:00+00:00,0.16364,signal_reverse,False,0.1648618,,False,100.0,1.0,100.0,100.0,624.7657128576783,-2.2366612520304883,0.3233549918780457,0.0072299999999999994,-2.552786243908534
p304,DOGEUSDT,-1,2024-05-06 07:00:00+00:00,0.16351,2024-05-06 08:00:00+00:00,0.1684153,initial_sl,False,0.1684153,,False,100.0,1.0,100.0,100.0,611.5833893951441,-3.000000000000001,0.3245,0.0,-3.324500000000001
p305,DOGEUSDT,-1,2024-05-06 15:00:00+00:00,0.157,2024-05-06 17:00:00+00:00,0.1552,signal_reverse,False,0.16171,,False,100.0,1.0,100.0,100.0,636.9426751592357,1.1464968152866217,0.3182802547770701,0.01,0.8382165605095516
p306,DOGEUSDT,-1,2024-05-06 23:00:00+00:00,0.15726,2024-05-07 01:00:00+00:00,0.15842,signal_reverse,False,0.1619778,,False,100.0,1.0,100.0,100.0,635.8896095637797,-0.7376319470939808,0.32110644792064097,0.01,-1.0487383950146218
p307,DOGEUSDT,-1,2024-05-07 07:00:00+00:00,0.15587,2024-05-07 09:00:00+00:00,0.15879,signal_reverse,False,0.1605461,,False,100.0,1.0,100.0,100.0,641.5602745877975,-1.8733560017963546,0.32281003400269453,0.01,-2.1861660357990496
p308,DOGEUSDT,-1,2024-05-07 15:00:00+00:00,0.15757,2024-05-07 17:00:00+00:00,0.15484,signal_reverse,False,0.1622971,,False,100.0,1.0,100.0,100.0,634.6385733324872,1.732563305197679,0.3174011550422035,0.01,1.4251621501554754
p309,DOGEUSDT,-1,2024-05-07 23:00:00+00:00,0.15163,2024-05-08 01:00:00+00:00,0.15092,signal_reverse,False,0.15617889999999998,,False,100.0,1.0,100.0,100.0,659.5000989250149,0.46824507023675294,0.3192976323946449,0.01,0.15894743784210802
p310,DOGEUSDT,-1,2024-05-08 07:00:00+00:00,0.1492,2024-05-08 09:00:00+00:00,0.14792,signal_reverse,False,0.153676,,False,100.0,1.0,100.0,100.0,670.2412868632708,0.8579088471849889,0.3187131367292225,0.01,0.5491957104557664
p311,DOGEUSDT,-1,2024-05-08 15:00:00+00:00,0.14975,2024-05-08 17:00:00+00:00,0.14882,signal_reverse,False,0.1542425,,False,100.0,1.0,100.0,100.0,667.779632721202,0.6210350584307088,0.31906844741235396,0.005823,0.3077896110183549
p312,DOGEUSDT,-1,2024-05-08 23:00:00+00:00,0.14259,2024-05-09 01:00:00+00:00,0.1468677,initial_sl,False,0.1468677,,False,100.0,1.0,100.0,100.0,701.311452416018,-2.999999999999997,0.3245,0.01,-3.314499999999997
p313,DOGEUSDT,-1,2024-05-09 07:00:00+00:00,0.1474,2024-05-09 09:00:00+00:00,0.14551,signal_reverse,False,0.151822,,False,100.0,1.0,100.0,100.0,678.42605156038,1.28222523744912,0.31807666214382635,0.008825,0.9729735753052937
p314,DOGEUSDT,-1,2024-05-09 15:00:00+00:00,0.1479,2024-05-09 17:00:00+00:00,0.14846,signal_reverse,False,0.152337,,False,100.0,1.0,100.0,100.0,676.132521974307,-0.3786342123056153,0.32056795131845844,0.001605,-0.6975971636240738
p315,DOGEUSDT,-1,2024-05-09 23:00:00+00:00,0.15321,2024-05-10 01:00:00+00:00,0.15079,signal_reverse,False,0.1578063,,False,100.0,1.0,100.0,100.0,652.6989099928203,1.5795313621826286,0.3176307029567261,0.005758,1.2676586592259025
p316,DOGEUSDT,-1,2024-05-10 07:00:00+00:00,0.1523,2024-05-10 09:00:00+00:00,0.15125,signal_reverse,False,0.15686899999999998,,False,100.0,1.0,100.0,100.0,656.5988181221275,0.6894287590282308,0.3189658568614577,0.00438,0.3748429021667731
p317,DOGEUSDT,-1,2024-05-10 15:00:00+00:00,0.14469,2024-05-10 17:00:00+00:00,0.14392,signal_reverse,False,0.14903070000000002,,False,100.0,1.0,100.0,100.0,691.1327666044647,0.5321722302854521,0.3192017416545718,0.01,0.22297048863088031
p318,DOGEUSDT,-1,2024-05-10 23:00:00+00:00,0.14338,2024-05-11 01:00:00+00:00,0.14475,signal_reverse,False,0.14768140000000002,,False,100.0,1.0,100.0,100.0,697.4473427256241,-0.9555028595340928,0.3214332542893012,-0.0030889999999999997,-1.2800251138233938
p319,DOGEUSDT,1,2024-05-11 07:00:00+00:00,0.14439,2024-05-11 09:00:00+00:00,0.14407,signal_reverse,False,0.1400583,,False,100.0,1.0,100.0,100.0,692.5687374471917,-0.2216219959830923,0.3196675670060254,-0.000291,-0.5415805629891177
p320,DOGEUSDT,-1,2024-05-11 15:00:00+00:00,0.14343,2024-05-11 17:00:00+00:00,0.14439,signal_reverse,False,0.1477329,,False,100.0,1.0,100.0,100.0,697.2042111134351,-0.6693160426688898,0.3210039740640034,-0.009084,-0.9994040167328931
p321,DOGEUSDT,1,2024-05-11 23:00:00+00:00,0.14341,2024-05-12 01:00:00+00:00,0.14346,signal_reverse,False,0.1391077,,False,100.0,1.0,100.0,100.0,697.3014434139878,0.03486507217069555,0.3200522976082561,-0.005128,-0.29031522543756055
p322,DOGEUSDT,-1,2024-05-12 07:00:00+00:00,0.14323,2024-05-12 09:00:00+00:00,0.141,signal_reverse,False,0.1475269,,False,100.0,1.0,100.0,100.0,698.177756056692,1.55693639600643,0.31766459540599035,0.01,1.2492718006004397
p323,DOGEUSDT,-1,2024-05-12 15:00:00+00:00,0.14257,2024-05-12 17:00:00+00:00,0.1423,signal_reverse,False,0.1468471,,False,100.0,1.0,100.0,100.0,701.4098337658694,0.18938065511677946,0.3197159290173249,0.01,-0.12033527390054542
p324,DOGEUSDT,-1,2024-05-12 23:00:00+00:00,0.14081,2024-05-13 01:00:00+00:00,0.14027,signal_reverse,False,0.14503429999999998,,False,100.0,1.0,100.0,100.0,710.1768340316739,0.38349549037709324,0.3194247567644344,-0.006101,0.05796973361265886
p325,DOGEUSDT,1,2024-05-13 07:00:00+00:00,0.14065,2024-05-13 09:00:00+00:00,0.14445,signal_reverse,False,0.1364305,,False,100.0,1.0,100.0,100.0,710.9847138286527,2.701741912548879,0.32405261286882336,0.00375,2.3814392996800557
p326,DOGEUSDT,1,2024-05-13 15:00:00+00:00,0.15003,2024-05-13 17:00:00+00:00,0.15078,signal_reverse,False,0.1455291,,False,100.0,1.0,100.0,100.0,666.5333599946678,0.49990001999600125,0.320749850029994,-0.01,0.16915016996600724
p327,DOGEUSDT,-1,2024-05-13 23:00:00+00:00,0.14787,2024-05-14 01:00:00+00:00,0.14841,signal_reverse,False,0.1523061,,False,100.0,1.0,100.0,100.0,676.2696963549064,-0.3651856360316393,0.3205477784540475,0.01,-0.6757334144856868
p328,DOGEUSDT,-1,2024-05-14 07:00:00+00:00,0.15024,2024-05-14 09:00:00+00:00,0.14955,signal_reverse,False,0.1547472,,False,100.0,1.0,100.0,100.0,665.6017039403621,0.45926517571886577,0.31931110223642173,0.01,0.14995407348244405
p329,DOGEUSDT,-1,2024-05-14 15:00:00+00:00,0.1494,2024-05-14 17:00:00+00:00,0.14614,signal_reverse,False,0.15388200000000002,,False,100.0,1.0,100.0,100.0,669.3440428380187,2.1820615796519496,0.3167269076305221,0.01,1.8753346720214275
p330,DOGEUSDT,-1,2024-05-14 23:00:00+00:00,0.14538,2024-05-15 01:00:00+00:00,0.14608,signal_reverse,False,0.1497414,,False,100.0,1.0,100.0,100.0,687.8525244187646,-0.48149676709312034,0.32072224515063974,0.002483,-0.79973601224376
p331,DOGEUSDT,-1,2024-05-15 07:00:00+00:00,0.14667,2024-05-15 09:00:00+00:00,0.15107009999999998,initial_sl,False,0.15107009999999998,,False,100.0,1.0,100.0,100.0,681.8026863025841,-2.999999999999994,0.3245,0.01,-3.314499999999994
p332,DOGEUSDT,-1,2024-05-15 15:00:00+00:00,0.15261,2024-05-15 17:00:00+00:00,0.15064,signal_reverse,False,0.1571883,,False,100.0,1.0,100.0,100.0,655.2650547146321,1.290872157787825,0.3180636917633183,0.01,0.9828084660245068
p333,DOGEUSDT,-1,2024-05-15 23:00:00+00:00,0.15515,2024-05-16 01:00:00+00:00,0.1545,signal_reverse,False,0.15980450000000002,,False,100.0,1.0,100.0,100.0,644.5375443119561,0.418949403802779,0.3193715758942959,0.01,0.10957782790848312
p334,DOGEUSDT,-1,2024-05-16 07:00:00+00:00,0.15571,2024-05-16 09:00:00+00:00,0.15587,signal_reverse,False,0.16038129999999998,,False,100.0,1.0,100.0,100.0,642.2195106287329,-0.10275512170061091,0.32015413268255094,0.01,-0.41290925438316184
p335,DOGEUSDT,-1,2024-05-16 15:00:00+00:00,0.14986,2024-05-16 17:00:00+00:00,0.15094,signal_reverse,False,0.1543558,,False,100.0,1.0,100.0,100.0,667.2894701721607,-0.720672627785932,0.3210810089416789,0.01,-1.031753636727611
p336,DOGEUSDT,-1,2024-05-16 23:00:00+00:00,0.14983,2024-05-17 01:00:00+00:00,0.15032,signal_reverse,False,0.1543249,,False,100.0,1.0,100.0,100.0,667.4230794900888,-0.32703730895015565,0.32049055596342524,0.01,-0.6375278649135809
p337,DOGEUSDT,-1,2024-05-17 07:00:00+00:00,0.15126,2024-05-17 09:00:00+00:00,0.15295,signal_reverse,False,0.15579780000000001,,False,100.0,1.0,100.0,100.0,661.1133148221605,-1.1172815020494493,0.3216759222530742,0.01,-1.4289574243025236
p338,DOGEUSDT,-1,2024-05-17 15:00:00+00:00,0.15355,2024-05-17 17:00:00+00:00,0.15401,signal_reverse,False,0.15815649999999998,,False,100.0,1.0,100.0,100.0,651.2536633018561,-0.2995766851188642,0.32044936502767835,0.01,-0.6100260501465425
p339,DOGEUSDT,-1,2024-05-17 23:00:00+00:00,0.15585,2024-05-18 01:00:00+00:00,0.15569,signal_reverse,False,0.1605255,,False,100.0,1.0,100.0,100.0,641.6426050689766,0.10266281681103208,0.31984600577478345,0.01,-0.20718318896375137
p340,DOGEUSDT,-1,2024-05-18 07:00:00+00:00,0.15474,2024-05-18 09:00:00+00:00,0.15568,signal_reverse,False,0.15938219999999997,,False,100.0,1.0,100.0,100.0,646.2453147214683,-0.6074705958381957,0.3209112058937573,0.01,-0.918381801731953
p341,DOGEUSDT,-1,2024-05-18 15:00:00+00:00,0.15188,2024-05-18 17:00:00+00:00,0.15256,signal_reverse,False,0.15643639999999998,,False,100.0,1.0,100.0,100.0,658.4145377929946,-0.4477218856992455,0.3206715828285489,0.01,-0.7583934685277944
p342,DOGEUSDT,-1,2024-05-18 23:00:00+00:00,0.15245,2024-05-19 01:00:00+00:00,0.15407,signal_reverse,False,0.1570235,,False,100.0,1.0,100.0,100.0,655.9527714004591,-1.0626434896687507,0.3215939652345031,0.01,-1.3742374549032539
p343,DOGEUSDT,-1,2024-05-19 07:00:00+00:00,0.15356,2024-05-19 09:00:00+00:00,0.15282,signal_reverse,False,0.1581668,,False,100.0,1.0,100.0,100.0,651.2112529304507,0.4818963271685274,0.3192771555092472,0.01,0.17261917165928026
p344,DOGEUSDT,-1,2024-05-19 15:00:00+00:00,0.15021,2024-05-19 17:00:00+00:00,0.15001,signal_reverse,False,0.1547163,,False,100.0,1.0,100.0,100.0,665.7346381732241,0.13314692763464864,0.319800279608548,0.006279,-0.18037435197389937
p345,DOGEUSDT,-1,2024-05-19 23:00:00+00:00,0.14931,2024-05-20 01:00:00+00:00,0.14977,signal_reverse,False,0.1537893,,False,100.0,1.0,100.0,100.0,669.7475051905432,-0.30808385238764197,0.32046212577858146,0.0066820000000000004,-0.6218639781662235
p346,DOGEUSDT,-1,2024-05-20 07:00:00+00:00,0.14944,2024-05-20 09:00:00+00:00,0.15115,signal_reverse,False,0.15392319999999998,,False,100.0,1.0,100.0,100.0,669.1648822269808,-1.1442719486081485,0.3217164079229123,0.004323,-1.4616653565310607
p347,DOGEUSDT,-1,2024-05-20 15:00:00+00:00,0.15141,2024-05-20 17:00:00+00:00,0.1532,signal_reverse,False,0.1559523,,False,100.0,1.0,100.0,100.0,660.4583581005218,-1.1822204609999432,0.32177333069149994,0.01,-1.493993791691443
p348,DOGEUSDT,-1,2024-05-20 23:00:00+00:00,0.16211,2024-05-21 00:00:00+00:00,0.1669733,initial_sl,False,0.1669733,,False,100.0,1.0,100.0,100.0,616.8650916044661,-2.999999999999992,0.3245,0.0,-3.324499999999992
p349,DOGEUSDT,-1,2024-05-21 07:00:00+00:00,0.1632,2024-05-21 09:00:00+00:00,0.16394,signal_reverse,False,0.16809600000000002,,False,100.0,1.0,100.0,100.0,612.7450980392157,-0.4534313725490139,0.32068014705882353,0.01,-0.7641115196078374
p350,DOGEUSDT,-1,2024-05-21 15:00:00+00:00,0.16986,2024-05-21 17:00:00+00:00,0.16929,signal_reverse,False,0.17495580000000002,,False,100.0,1.0,100.0,100.0,588.7201224537854,0.33557046979866645,0.31949664429530206,0.014503000000000002,0.030576825503364394
p351,DOGEUSDT,-1,2024-05-21 23:00:00+00:00,0.17033,2024-05-22 01:00:00+00:00,0.17165,signal_reverse,False,0.1754399,,False,100.0,1.0,100.0,100.0,587.0956378794106,-0.7749662420008148,0.3211624493630012,0.01362,-1.082508691363816
p352,DOGEUSDT,-1,2024-05-22 07:00:00+00:00,0.16903,2024-05-22 09:00:00+00:00,0.16724,signal_reverse,False,0.1741009,,False,100.0,1.0,100.0,100.0,591.6109566349169,1.0589836123765093,0.3184115245814353,0.01,0.750572087795074
p353,DOGEUSDT,-1,2024-05-22 15:00:00+00:00,0.16604,2024-05-22 17:00:00+00:00,0.16622,signal_reverse,False,0.17102119999999998,,False,100.0,1.0,100.0,100.0,602.2645145748013,-0.10840761262347236,0.32016261141893526,0.01,-0.4185702240424076
p354,DOGEUSDT,-1,2024-05-22 23:00:00+00:00,0.16649,2024-05-23 01:00:00+00:00,0.16687,signal_reverse,False,0.1714847,,False,100.0,1.0,100.0,100.0,600.6366748753679,-0.22824193645263469,0.320342362904679,0.01,-0.5385842993573137
p355,DOGEUSDT,-1,2024-05-23 07:00:00+00:00,0.16648,2024-05-23 09:00:00+00:00,0.16624,signal_reverse,False,0.1714744,,False,100.0,1.0,100.0,100.0,600.672753483902,0.14416146083613063,0.31978375780874585,0.017433,-0.15818929697261522
p356,DOGEUSDT,-1,2024-05-23 15:00:00+00:00,0.15794,2024-05-23 17:00:00+00:00,0.15909,signal_reverse,False,0.1626782,,False,100.0,1.0,100.0,100.0,633.1518298087882,-0.728124604280114,0.3210921869064202,0.01,-1.0392167911865342
p357,DOGEUSDT,-1,2024-05-23 23:00:00+00:00,0.15966,2024-05-24 01:00:00+00:00,0.15918,signal_reverse,False,0.1644498,,False,100.0,1.0,100.0,100.0,626.330953275711,0.3006388575723464,0.3195490417136415,0.01,-0.008910184141295139
p358,DOGEUSDT,-1,2024-05-24 07:00:00+00:00,0.15671,2024-05-24 09:00:00+00:00,0.15846,signal_reverse,False,0.16141129999999998,,False,100.0,1.0,100.0,100.0,638.1213706847043,-1.1167123986982335,0.3216750685980474,0.01,-1.4283874672962809
p359,DOGEUSDT,-1,2024-05-24 15:00:00+00:00,0.16572,2024-05-24 15:00:00+00:00,0.1706916,initial_sl,False,0.1706916,,False,100.0,1.0,100.0,100.0,603.4274680183441,-2.999999999999995,0.3245,0.0,-3.324499999999995
p360,DOGEUSDT,-1,2024-05-24 23:00:00+00:00,0.16378,2024-05-25 01:00:00+00:00,0.16302,signal_reverse,False,0.16869340000000002,,False,100.0,1.0,100.0,100.0,610.5751618024178,0.46403712296984406,0.31930394431554526,0.01,0.1547331786542988
p361,DOGEUSDT,-1,2024-05-25 07:00:00+00:00,0.16452,2024-05-25 09:00:00+00:00,0.1682,signal_reverse,False,0.1694556,,False,100.0,1.0,100.0,100.0,607.8288353999513,-2.236810114271814,0.3233552151714077,0.01,-2.550165329443222
p362,DOGEUSDT,-1,2024-05-25 15:00:00+00:00,0.16547,2024-05-25 17:00:00+00:00,0.16975,signal_reverse,False,0.1704341,,False,100.0,1.0,100.0,100.0,604.3391551338611,-2.5865715839729293,0.3238798573759595,0.01,-2.900451441348889
p363,DOGEUSDT,-1,2024-05-25 23:00:00+00:00,0.16969,2024-05-26 00:00:00+00:00,0.1747807,initial_sl,False,0.1747807,,False,100.0,1.0,100.0,100.0,589.3099180859214,-3.000000000000002,0.3245,0.0,-3.3245000000000022
p364,DOGEUSDT,-1,2024-05-26 07:00:00+00:00,0.17164,2024-05-26 09:00:00+00:00,0.16972,signal_reverse,False,0.17678919999999998,,False,100.0,1.0,100.0,100.0,582.6147751106969,1.1186203682125249,0.3183220694476812,0.01,0.8102982987648437
p365,DOGEUSDT,-1,2024-05-26 15:00:00+00:00,0.16967,2024-05-26 17:00:00+00:00,0.16793,signal_reverse,False,0.17476009999999997,,False,100.0,1.0,100.0,100.0,589.3793835091649,1.025520127305942,0.3184617198090411,0.01,0.7170584074969009
p366,DOGEUSDT,-1,2024-05-26 23:00:00+00:00,0.16697,2024-05-27 01:00:00+00:00,0.16794,signal_reverse,False,0.1719791,,False,100.0,1.0,100.0,100.0,598.9099838294304,-0.5809426843145467,0.3208714140264719,0.01,-0.8918140983410185
p367,DOGEUSDT,-1,2024-05-27 07:00:00+00:00,0.165,2024-05-27 09:00:00+00:00,0.16731,signal_reverse,False,0.16995000000000002,,False,100.0,1.0,100.0,100.0,606.060606060606,-1.399999999999987,0.32209999999999994,0.01,-1.7120999999999869
p368,DOGEUSDT,-1,2024-05-27 15:00:00+00:00,0.17224,2024-05-27 17:00:00+00:00,0.17104,signal_reverse,False,0.17740720000000001,,False,100.0,1.0,100.0,100.0,580.5852299117511,0.6967022758941052,0.31895494658615886,0.013493000000000002,0.3912403293079463
p369,DOGEUSDT,-1,2024-05-27 23:00:00+00:00,0.1691,2024-05-28 01:00:00+00:00,0.16603,signal_reverse,False,0.174173,,False,100.0,1.0,100.0,100.0,591.3660555884093,1.8154937906564101,0.31727675931401544,0.01,1.5082170313423948
p370,DOGEUSDT,-1,2024-05-28 07:00:00+00:00,0.16501,2024-05-28 09:00:00+00:00,0.16582,signal_reverse,False,0.16996029999999998,,False,100.0,1.0,100.0,100.0,606.0238773407673,-0.4908793406460246,0.32073631901096905,0.01,-0.8016156596569937
p371,DOGEUSDT,-1,2024-05-28 15:00:00+00:00,0.16357,2024-05-28 17:00:00+00:00,0.16327,signal_reverse,False,0.1684771,,False,100.0,1.0,100.0,100.0,611.3590511707527,0.18340771535122258,0.3197248884269732,0.01,-0.12631717307575063
p372,DOGEUSDT,-1,2024-05-28 23:00:00+00:00,0.16576,2024-05-29 01:00:00+00:00,0.16733,signal_reverse,False,0.1707328,,False,100.0,1.0,100.0,100.0,603.2818532818533,-0.9471525096525192,0.32142072876447875,0.010058000000000001,-1.258515238416998
p373,DOGEUSDT,-1,2024-05-29 07:00:00+00:00,0.16869,2024-05-29 09:00:00+00:00,0.16454,signal_reverse,False,0.1737507,,False,100.0,1.0,100.0,100.0,592.8033671231252,2.4601339735609784,0.31630979903965856,0.030581,2.17440517452132
p374,DOGEUSDT,-1,2024-05-29 15:00:00+00:00,0.16606,2024-05-29 17:00:00+00:00,0.16593,signal_reverse,False,0.17104180000000002,,False,100.0,1.0,100.0,100.0,602.1919788028423,0.07828495724438093,0.31988257256413344,0.01,-0.23159761531975248
p375,DOGEUSDT,-1,2024-05-29 23:00:00+00:00,0.16488,2024-05-30 01:00:00+00:00,0.1642,signal_reverse,False,0.1698264,,False,100.0,1.0,100.0,100.0,606.501698204755,0.41242115477922503,0.31938136826783126,0.01,0.10303978651139377
p376,DOGEUSDT,-1,2024-05-30 07:00:00+00:00,0.16035,2024-05-30 09:00:00+00:00,0.15907,signal_reverse,False,0.1651605,,False,100.0,1.0,100.0,100.0,623.6357966947303,0.7982538197692569,0.3188026192703461,0.01,0.48945120049891083
p377,DOGEUSDT,-1,2024-05-30 15:00:00+00:00,0.16029,2024-05-30 17:00:00+00:00,0.16287,signal_reverse,False,0.1650987,,False,100.0,1.0,100.0,100.0,623.8692370079232,-1.6095826314804411,0.32241437394722067,0.01,-1.9219970054276618
p378,DOGEUSDT,-1,2024-05-30 23:00:00+00:00,0.15949,2024-05-31 01:00:00+00:00,0.1596,signal_reverse,False,0.1642747,,False,100.0,1.0,100.0,100.0,626.9985579033169,-0.06896984136936422,0.3201034547620541,0.01,-0.3790732961314183
p379,DOGEUSDT,-1,2024-05-31 07:00:00+00:00,0.1594,2024-05-31 09:00:00+00:00,0.15927,signal_reverse,False,0.164182,,False,100.0,1.0,100.0,100.0,627.3525721455459,0.08155583437891546,0.31987766624843167,0.01,-0.2283218318695162
p380,DOGEUSDT,-1,2024-05-31 15:00:00+00:00,0.15938,2024-05-31 17:00:00+00:00,0.15822,signal_reverse,False,0.16416139999999999,,False,100.0,1.0,100.0,100.0,627.4312962730581,0.7278203036767439,0.3189082695444849,0.01,0.41891203413225897
p381,DOGEUSDT,-1,2024-05-31 23:00:00+00:00,0.15957,2024-06-01 01:00:00+00:00,0.15912,signal_reverse,False,0.16435709999999998,,False,100.0,1.0,100.0,100.0,626.6842138246539,0.2820078962210806,0.31957698815566843,0.01,-0.02756909193458785
p382,DOGEUSDT,-1,2024-06-01 07:00:00+00:00,0.15962,2024-06-01 09:00:00+00:00,0.15964,signal_reverse,False,0.16440860000000002,,False,100.0,1.0,100.0,100.0,626.4879087833605,-0.012529758175662351,0.3200187946372635,0.01,-0.3225485528129259
p383,DOGEUSDT,-1,2024-06-01 15:00:00+00:00,0.161,2024-06-01 17:00:00+00:00,0.1607,signal_reverse,False,0.16583,,False,100.0,1.0,100.0,100.0,621.1180124223603,0.1863354037267048,0.31972049689440996,0.01,-0.12338509316770517
p384,DOGEUSDT,-1,2024-06-01 23:00:00+00:00,0.16089,2024-06-02 01:00:00+00:00,0.1609,signal_reverse,False,0.1657167,,False,100.0,1.0,100.0,100.0,621.5426689042202,-0.006215426689031167,0.3200093231400336,0.01,-0.3162247498290648
p385,DOGEUSDT,-1,2024-06-02 07:00:00+00:00,0.16022,2024-06-02 09:00:00+00:00,0.15799,signal_reverse,False,0.1650266,,False,100.0,1.0,100.0,100.0,624.1418050181001,1.3918362251903693,0.3179122456622145,0.01,1.0839239795281548
p386,DOGEUSDT,-1,2024-06-02 15:00:00+00:00,0.1594,2024-06-02 17:00:00+00:00,0.15614,signal_reverse,False,0.164182,,False,100.0,1.0,100.0,100.0,627.3525721455459,2.04516938519447,0.31693224592220837,0.01,1.7382371392722618
p387,DOGEUSDT,-1,2024-06-02 23:00:00+00:00,0.15728,2024-06-03 01:00:00+00:00,0.15951,signal_reverse,False,0.16199840000000001,,False,100.0,1.0,100.0,100.0,635.8087487283825,-1.4178535096642992,0.3221267802644964,0.01,-1.7299802899287957
p388,DOGEUSDT,-1,2024-06-03 07:00:00+00:00,0.16156,2024-06-03 09:00:00+00:00,0.16182,signal_reverse,False,0.16640680000000002,,False,100.0,1.0,100.0,100.0,618.9650903689031,-0.16093092349590396,0.32024139638524385,0.018811,-0.4623613198811478
p389,DOGEUSDT,-1,2024-06-03 15:00:00+00:00,0.15959,2024-06-03 17:00:00+00:00,0.16067,signal_reverse,False,0.16437770000000002,,False,100.0,1.0,100.0,100.0,626.605677047434,-0.6767341312112273,0.32101510119681687,0.01,-0.9877492324080441
p390,DOGEUSDT,-1,2024-06-03 23:00:00+00:00,0.15844,2024-06-04 01:00:00+00:00,0.1595,signal_reverse,False,0.1631932,,False,100.0,1.0,100.0,100.0,631.1537490532694,-0.6690229739964689,0.3210035344609947,0.01,-0.9800265084574636
p391,DOGEUSDT,-1,2024-06-04 07:00:00+00:00,0.15803,2024-06-04 09:00:00+00:00,0.15744,signal_reverse,False,0.1627709,,False,100.0,1.0,100.0,100.0,632.7912421692083,0.37334683287983744,0.3194399797506803,0.013883999999999999,0.06779085312915716
p392,DOGEUSDT,-1,2024-06-04 15:00:00+00:00,0.15956,2024-06-04 17:00:00+00:00,0.16115,signal_reverse,False,0.16434680000000002,,False,100.0,1.0,100.0,100.0,626.7234895963901,-0.9964903484582479,0.3214947355226874,0.011642999999999999,-1.3063420839809352
p393,DOGEUSDT,-1,2024-06-04 23:00:00+00:00,0.16136,2024-06-05 01:00:00+00:00,0.16274,signal_reverse,False,0.1662008,,False,100.0,1.0,100.0,100.0,619.7322756569162,-0.8552305404065396,0.32128284581060984,0.016054,-1.1604593862171493
p394,DOGEUSDT,-1,2024-06-05 07:00:00+00:00,0.16441,2024-06-05 09:00:00+00:00,0.16302,signal_reverse,False,0.1693423,,False,100.0,1.0,100.0,100.0,608.2355087890031,0.8454473572167157,0.31873182896417496,0.021171,0.5478865282525408
p395,DOGEUSDT,-1,2024-06-05 15:00:00+00:00,0.16264,2024-06-05 17:00:00+00:00,0.16381,signal_reverse,False,0.1675192,,False,100.0,1.0,100.0,100.0,614.8548942449581,-0.7193802262666037,0.3210790703393999,0.017626,-1.0228332966060036
p396,DOGEUSDT,-1,2024-06-05 23:00:00+00:00,0.1628,2024-06-06 01:00:00+00:00,0.16305,signal_reverse,False,0.167684,,False,100.0,1.0,100.0,100.0,614.2506142506143,-0.1535626535626537,0.320230343980344,0.020218999999999997,-0.4535739975429977
p397,DOGEUSDT,-1,2024-06-06 07:00:00+00:00,0.16184,2024-06-06 09:00:00+00:00,0.16225,signal_reverse,False,0.16669520000000002,,False,100.0,1.0,100.0,100.0,617.8942165101334,-0.2533366287691508,0.3203800049431537,0.02138,-0.5523366337123046
p398,DOGEUSDT,-1,2024-06-06 15:00:00+00:00,0.16379,2024-06-06 17:00:00+00:00,0.16191,signal_reverse,False,0.16870369999999998,,False,100.0,1.0,100.0,100.0,610.5378838756945,1.1478112216863015,0.3182782831674706,0.022847000000000003,0.8523799385188308
p399,DOGEUSDT,-1,2024-06-06 23:00:00+00:00,0.16057,2024-06-07 01:00:00+00:00,0.16051,signal_reverse,False,0.16538709999999998,,False,100.0,1.0,100.0,100.0,622.7813414710096,0.03736688048824609,0.31994394967926765,0.01,-0.27257706919102154
p400,DOGEUSDT,-1,2024-06-07 07:00:00+00:00,0.16178,2024-06-07 09:00:00+00:00,0.16134,signal_reverse,False,0.16663340000000001,,False,100.0,1.0,100.0,100.0,618.1233774261342,0.2719742860674965,0.31959203857089874,0.013569,-0.034048752503402224
p401,DOGEUSDT,-1,2024-06-07 15:00:00+00:00,0.16143,2024-06-07 17:00:00+00:00,0.15603,signal_reverse,False,0.1662729,,False,100.0,1.0,100.0,100.0,619.4635445704021,3.345103140680164,0.3149823452889798,0.020028999999999998,3.0501497953911842
p402,DOGEUSDT,-1,2024-06-07 23:00:00+00:00,0.14861,2024-06-08 01:00:00+00:00,0.14855,signal_reverse,False,0.1530683,,False,100.0,1.0,100.0,100.0,672.9022273063724,0.04037413363838537,0.31993943879954245,0.01,-0.26956530516115706
p403,DOGEUSDT,-1,2024-06-08 07:00:00+00:00,0.14776,2024-06-08 09:00:00+00:00,0.1474,signal_reverse,False,0.1521928,,False,100.0,1.0,100.0,100.0,676.773145641581,0.2436383324309686,0.3196345425013536,0.01,-0.06599621007038499
p404,DOGEUSDT,-1,2024-06-08 15:00:00+00:00,0.14674,2024-06-08 17:00:00+00:00,0.14591,signal_reverse,False,0.1511422,,False,100.0,1.0,100.0,100.0,681.4774430966335,0.565626277770204,0.3191515605833447,0.01,0.2564747171868593
p405,DOGEUSDT,-1,2024-06-08 23:00:00+00:00,0.14574,2024-06-09 01:00:00+00:00,0.14717,signal_reverse,False,0.1501122,,False,100.0,1.0,100.0,100.0,686.1534239055852,-0.9811993961849779,0.3214717990942775,0.01,-1.2926711952792553
p406,DOGEUSDT,-1,2024-06-09 07:00:00+00:00,0.14584,2024-06-09 09:00:00+00:00,0.14608,signal_reverse,False,0.1502152,,False,100.0,1.0,100.0,100.0,685.6829402084476,-0.16456390565002071,0.320246845858475,0.01,-0.4748107515084957
p407,DOGEUSDT,-1,2024-06-09 15:00:00+00:00,0.14671,2024-06-09 17:00:00+00:00,0.14734,signal_reverse,False,0.1511113,,False,100.0,1.0,100.0,100.0,681.6167950378297,-0.429418580873827,0.32064412787131075,0.01,-0.7400627087451377
p408,DOGEUSDT,-1,2024-06-09 23:00:00+00:00,0.14684,2024-06-10 01:00:00+00:00,0.14619,signal_reverse,False,0.1512452,,False,100.0,1.0,100.0,100.0,681.0133478616181,0.4426586761100597,0.31933601198583494,0.01,0.13332266412422478
p409,DOGEUSDT,-1,2024-06-10 07:00:00+00:00,0.14443,2024-06-10 09:00:00+00:00,0.14534,signal_reverse,False,0.1487629,,False,100.0,1.0,100.0,100.0,692.3769300006924,-0.630063006300626,0.32094509450945097,0.01,-0.9410081008100769
p410,DOGEUSDT,-1,2024-06-10 15:00:00+00:00,0.14525,2024-06-10 17:00:00+00:00,0.14608,signal_reverse,False,0.14960749999999998,,False,100.0,1.0,100.0,100.0,688.4681583476764,-0.5714285714285696,0.32085714285714284,0.01,-0.8822857142857125
p411,DOGEUSDT,-1,2024-06-10 23:00:00+00:00,0.14472,2024-06-11 01:00:00+00:00,0.1419,signal_reverse,False,0.1490616,,False,100.0,1.0,100.0,100.0,690.9894969596463,1.9485903814261951,0.31707711442786074,0.01,1.6415132669983343
p412,DOGEUSDT,-1,2024-06-11 07:00:00+00:00,0.14043,2024-06-11 09:00:00+00:00,0.14101,signal_reverse,False,0.1446429,,False,100.0,1.0,100.0,100.0,712.0985544399344,-0.41301716157516,0.32061952574236274,0.01,-0.7236366873175227
p413,DOGEUSDT,-1,2024-06-11 15:00:00+00:00,0.13857,2024-06-11 17:00:00+00:00,0.13612,signal_reverse,False,0.1427271,,False,100.0,1.0,100.0,100.0,721.6569242981886,1.7680594645305678,0.3173479108032042,0.01,1.4607115537273636
p414,DOGEUSDT,-1,2024-06-11 23:00:00+00:00,0.13847,2024-06-12 01:00:00+00:00,0.13622,signal_reverse,False,0.1426241,,False,100.0,1.0,100.0,100.0,722.1780891167762,1.6249007005127478,0.3175626489492309,0.009693,1.3170310515635169
p415,DOGEUSDT,-1,2024-06-12 07:00:00+00:00,0.13939,2024-06-12 09:00:00+00:00,0.14031,signal_reverse,False,0.1435717,,False,100.0,1.0,100.0,100.0,717.4115790228855,-0.6600186527010576,0.3209900279790516,0.008271,-0.9727376806801092
p416,DOGEUSDT,-1,2024-06-12 15:00:00+00:00,0.14793,2024-06-12 17:00:00+00:00,0.14998,signal_reverse,False,0.1523679,,False,100.0,1.0,100.0,100.0,675.995403231258,-1.3857905766240763,0.32207868586493615,0.0027800000000000004,-1.7050892624890124
p417,DOGEUSDT,-1,2024-06-12 23:00:00+00:00,0.14628,2024-06-13 01:00:00+00:00,0.14402,signal_reverse,False,0.15066839999999998,,False,100.0,1.0,100.0,100.0,683.6204539239815,1.5449822258681873,0.31768252666119773,0.01,1.2372996992069896
p418,DOGEUSDT,-1,2024-06-13 07:00:00+00:00,0.14299,2024-06-13 09:00:00+00:00,0.14401,signal_reverse,False,0.1472797,,False,100.0,1.0,100.0,100.0,699.3496048674732,-0.7133365969648179,0.32107000489544724,0.01,-1.024406601860265
p419,DOGEUSDT,-1,2024-06-13 15:00:00+00:00,0.14351,2024-06-13 17:00:00+00:00,0.14262,signal_reverse,False,0.1478153,,False,100.0,1.0,100.0,100.0,696.8155529231412,0.620165842101597,0.3190697512368476,0.01,0.3110960908647494
p420,DOGEUSDT,-1,2024-06-13 23:00:00+00:00,0.14172,2024-06-14 01:00:00+00:00,0.14229,signal_reverse,False,0.1459716,,False,100.0,1.0,100.0,100.0,705.6167090036691,-0.4022015241320824,0.3206033022861981,0.01,-0.7128048264182805
p421,DOGEUSDT,-1,2024-06-14 07:00:00+00:00,0.14266,2024-06-14 09:00:00+00:00,0.14243,signal_reverse,False,0.1469398,,False,100.0,1.0,100.0,100.0,700.9673349221925,0.16122248703210987,0.31975816626945186,0.006313,-0.15222267923734198
p422,DOGEUSDT,-1,2024-06-14 15:00:00+00:00,0.14082,2024-06-14 17:00:00+00:00,0.13377,signal_reverse,False,0.1450446,,False,100.0,1.0,100.0,100.0,710.1264024996449,5.006391137622497,0.31249041329356625,0.002035,4.6959357243289315
p423,DOGEUSDT,-1,2024-06-14 23:00:00+00:00,0.13492,2024-06-15 01:00:00+00:00,0.13417,signal_reverse,False,0.13896760000000002,,False,100.0,1.0,100.0,100.0,741.1799584939223,0.5558849688704423,0.3191661725466944,-0.00612,0.23059879632374788
p424,DOGEUSDT,1,2024-06-15 07:00:00+00:00,0.13657,2024-06-15 09:00:00+00:00,0.13638,signal_reverse,False,0.1324729,,False,100.0,1.0,100.0,100.0,732.2252324815113,-0.13912279417148402,0.31979131580874276,-0.006881,-0.4657951099802268
p425,DOGEUSDT,-1,2024-06-15 15:00:00+00:00,0.13629,2024-06-15 17:00:00+00:00,0.13668,signal_reverse,False,0.1403787,,False,100.0,1.0,100.0,100.0,733.7295472888693,-0.28615452344266007,0.320429231785164,-0.002035,-0.6086187552278242
p426,DOGEUSDT,1,2024-06-15 23:00:00+00:00,0.1367,2024-06-16 01:00:00+00:00,0.13613,signal_reverse,False,0.132599,,False,100.0,1.0,100.0,100.0,731.528895391368,-0.41697147037307036,0.31937454279444044,-0.01,-0.7463460131675108
p427,DOGEUSDT,-1,2024-06-16 07:00:00+00:00,0.13645,2024-06-16 09:00:00+00:00,0.13584,signal_reverse,False,0.1405435,,False,100.0,1.0,100.0,100.0,732.8691828508612,0.4470502015390249,0.3193294246976915,0.01,0.13772077684133344
p428,DOGEUSDT,-1,2024-06-16 15:00:00+00:00,0.13608,2024-06-16 17:00:00+00:00,0.13604,signal_reverse,False,0.14016240000000002,,False,100.0,1.0,100.0,100.0,734.8618459729571,0.029394473838927286,0.31995590828924164,0.01,-0.28056143445031434
p429,DOGEUSDT,-1,2024-06-16 23:00:00+00:00,0.13689,2024-06-17 01:00:00+00:00,0.13633,signal_reverse,False,0.1409967,,False,100.0,1.0,100.0,100.0,730.5135510263715,0.4090875885747716,0.3193863686171379,0.01,0.09970121995763374
p430,DOGEUSDT,-1,2024-06-17 07:00:00+00:00,0.13361,2024-06-17 09:00:00+00:00,0.13341,signal_reverse,False,0.1376183,,False,100.0,1.0,100.0,100.0,748.446972531996,0.1496893945064035,0.31977546590824046,0.01,-0.16008607140183695
p431,DOGEUSDT,-1,2024-06-17 15:00:00+00:00,0.13322,2024-06-17 17:00:00+00:00,0.13156,signal_reverse,False,0.1372166,,False,100.0,1.0,100.0,100.0,750.6380423359856,1.246059150277732,0.3181309112745835,0.007148999999999999,0.9350772390031485
p432,DOGEUSDT,-1,2024-06-17 23:00:00+00:00,0.12994,2024-06-18 01:00:00+00:00,0.11863,signal_reverse,False,0.1338382,,False,100.0,1.0,100.0,100.0,769.5859627520394,8.704017238725566,0.3069439741419117,-0.000763,8.396310264583654
p433,DOGEUSDT,1,2024-06-18 07:00:00+00:00,0.12196,2024-06-18 09:00:00+00:00,0.12157,signal_reverse,False,0.1183012,,False,100.0,1.0,100.0,100.0,819.940964250574,-0.31977697605772504,0.31952033453591344,0.002735,-0.6365623105936384
p434,DOGEUSDT,1,2024-06-18 15:00:00+00:00,0.11868,2024-06-18 17:00:00+00:00,0.11927,signal_reverse,False,0.11511959999999999,,False,100.0,1.0,100.0,100.0,842.6019548365352,0.49713515335356184,0.32074570273003034,-0.0022099999999999997,0.17417945062353152
p435,DOGEUSDT,-1,2024-06-18 23:00:00+00:00,0.1223,2024-06-19 01:00:00+00:00,0.12365,signal_reverse,False,0.125969,,False,100.0,1.0,100.0,100.0,817.6614881439084,-1.1038430089942683,0.3216557645134914,0.0032719999999999997,-1.4222267735077598
p436,DOGEUSDT,-1,2024-06-19 07:00:00+00:00,0.12563,2024-06-19 09:00:00+00:00,0.12516,signal_reverse,False,0.12939889999999998,,False,100.0,1.0,100.0,100.0,795.9882193743533,0.37411446310594465,0.31943882830534115,-0.0033420000000000004,0.0513336348006035
p437,DOGEUSDT,1,2024-06-19 15:00:00+00:00,0.1219,2024-06-19 17:00:00+00:00,0.12338,signal_reverse,False,0.118243,,False,100.0,1.0,100.0,100.0,820.3445447087777,1.2141099261689985,0.3218211648892535,-0.01,0.882288761279745
p438,DOGEUSDT,-1,2024-06-19 23:00:00+00:00,0.12216,2024-06-20 01:00:00+00:00,0.12269,signal_reverse,False,0.12582480000000001,,False,100.0,1.0,100.0,100.0,818.5985592665356,-0.43385723641125473,0.3206507858546169,-0.000286,-0.7547940222658717
p439,DOGEUSDT,1,2024-06-20 07:00:00+00:00,0.12418,2024-06-20 09:00:00+00:00,0.12556,signal_reverse,False,0.1204546,,False,100.0,1.0,100.0,100.0,805.2826542116283,1.111290062812052,0.3216669350942181,0.00291,0.7925331277178338
p440,DOGEUSDT,1,2024-06-20 15:00:00+00:00,0.1234,2024-06-20 17:00:00+00:00,0.12446,signal_reverse,False,0.119698,,False,100.0,1.0,100.0,100.0,810.3727714748785,0.8589951377633755,0.3212884927066451,-0.006711999999999999,0.5309946450567304
p441,DOGEUSDT,-1,2024-06-20 23:00:00+00:00,0.12457,2024-06-21 01:00:00+00:00,0.12509,signal_reverse,False,0.1283071,,False,100.0,1.0,100.0,100.0,802.7614995584812,-0.4174359797704155,0.3206261539696556,-0.001553,-0.7396151337400712
p442,DOGEUSDT,1,2024-06-21 07:00:00+00:00,0.12407,2024-06-21 09:00:00+00:00,0.12436,signal_reverse,False,0.1203479,,False,100.0,1.0,100.0,100.0,805.9966148142178,0.233739018296122,0.3203506085274442,0.0010010000000000002,-0.08561059023132217
p443,DOGEUSDT,1,2024-06-21 15:00:00+00:00,0.12362,2024-06-21 17:00:00+00:00,0.12259,signal_reverse,False,0.11991139999999999,,False,100.0,1.0,100.0,100.0,808.9305937550558,-0.8331985115676989,0.31875020223264844,-0.00647,-1.1584187138003472
p444,DOGEUSDT,-1,2024-06-21 23:00:00+00:00,0.124,2024-06-22 01:00:00+00:00,0.12367,signal_reverse,False,0.12772,,False,100.0,1.0,100.0,100.0,806.4516129032259,0.26612903225806206,0.31960080645161293,0.01,-0.04347177419355087
p445,DOGEUSDT,-1,2024-06-22 07:00:00+00:00,0.12437,2024-06-22 09:00:00+00:00,0.12376,signal_reverse,False,0.1281011,,False,100.0,1.0,100.0,100.0,804.0524242180591,0.49047197877301557,0.31926429203184054,0.01,0.18120768674117504
p446,DOGEUSDT,-1,2024-06-22 15:00:00+00:00,0.12512,2024-06-22 17:00:00+00:00,0.12434,signal_reverse,False,0.1288736,,False,100.0,1.0,100.0,100.0,799.23273657289,0.6234015345268565,0.3190648976982098,0.008726,0.31306263682864677
p447,DOGEUSDT,-1,2024-06-22 23:00:00+00:00,0.12403,2024-06-23 01:00:00+00:00,0.12428,signal_reverse,False,0.1277509,,False,100.0,1.0,100.0,100.0,806.2565508344755,-0.20156413770861906,0.32030234620656295,0.01,-0.511866483915182
p448,DOGEUSDT,-1,2024-06-23 07:00:00+00:00,0.12455,2024-06-23 09:00:00+00:00,0.12517,signal_reverse,False,0.1282865,,False,100.0,1.0,100.0,100.0,802.8904054596547,-0.4977920513849935,0.3207466880770775,0.008386,-0.810152739462071
p449,DOGEUSDT,-1,2024-06-23 15:00:00+00:00,0.12334,2024-06-23 17:00:00+00:00,0.12283,signal_reverse,False,0.1270402,,False,100.0,1.0,100.0,100.0,810.7669855683476,0.4134911626398658,0.31937976325604023,-0.0031149999999999997,0.09099639938382556
p450,DOGEUSDT,1,2024-06-23 23:00:00+00:00,0.12355,2024-06-24 01:00:00+00:00,0.12293,signal_reverse,False,0.11984349999999999,,False,100.0,1.0,100.0,100.0,809.3889113719142,-0.5018211250505832,0.3192472683124241,-0.007498,-0.8285663933630073
p451,DOGEUSDT,-1,2024-06-24 07:00:00+00:00,0.11934,2024-06-24 09:00:00+00:00,0.11714,signal_reverse,False,0.12292020000000001,,False,100.0,1.0,100.0,100.0,837.9420144126026,1.843472431707732,0.3172347913524384,0.006944,1.5331816403552936
p452,DOGEUSDT,-1,2024-06-24 15:00:00+00:00,0.1185,2024-06-24 17:00:00+00:00,0.11653,signal_reverse,False,0.122055,,False,100.0,1.0,100.0,100.0,843.8818565400844,1.662447257383966,0.31750632911392407,0.005296,1.350236928270042
p453,DOGEUSDT,-1,2024-06-24 23:00:00+00:00,0.11777,2024-06-25 01:00:00+00:00,0.11994,signal_reverse,False,0.1213031,,False,100.0,1.0,100.0,100.0,849.1126772522714,-1.8425745096374333,0.32276386176445615,0.007105,-2.1582333714018893
p454,DOGEUSDT,-1,2024-06-25 07:00:00+00:00,0.12264,2024-06-25 09:00:00+00:00,0.1232,signal_reverse,False,0.1263192,,False,100.0,1.0,100.0,100.0,815.3946510110894,-0.45662100456621413,0.32068493150684935,0.01,-0.7673059360730634
p455,DOGEUSDT,-1,2024-06-25 15:00:00+00:00,0.1254,2024-06-25 17:00:00+00:00,0.12649,signal_reverse,False,0.129162,,False,100.0,1.0,100.0,100.0,797.4481658692184,-0.869218500797432,0.32130382775119615,0.0052899999999999996,-1.1852323285486281
p456,DOGEUSDT,-1,2024-06-25 23:00:00+00:00,0.1261,2024-06-26 01:00:00+00:00,0.12753,signal_reverse,False,0.129883,,False,100.0,1.0,100.0,100.0,793.0214115781126,-1.1340206185567125,0.3217010309278351,0.01,-1.4457216494845475
p457,DOGEUSDT,-1,2024-06-26 07:00:00+00:00,0.12543,2024-06-26 09:00:00+00:00,0.12486,signal_reverse,False,0.12919290000000003,,False,100.0,1.0,100.0,100.0,797.257434425576,0.45443673762259024,0.31931834489356614,0.01,0.1451183927290241
p458,DOGEUSDT,-1,2024-06-26 15:00:00+00:00,0.12419,2024-06-26 17:00:00+00:00,0.12301,signal_reverse,False,0.1279157,,False,100.0,1.0,100.0,100.0,805.2178114179886,0.950157017473227,0.3185747644737902,0.01,0.6415822529994368
p459,DOGEUSDT,-1,2024-06-26 23:00:00+00:00,0.12356,2024-06-27 01:00:00+00:00,0.12249,signal_reverse,False,0.1272668,,False,100.0,1.0,100.0,100.0,809.3234056328909,0.8659760440271944,0.31870103593395926,0.01,0.5572750080932352
p460,DOGEUSDT,-1,2024-06-27 07:00:00+00:00,0.12079,2024-06-27 09:00:00+00:00,0.12372,signal_reverse,False,0.12441369999999999,,False,100.0,1.0,100.0,100.0,827.8831029058697,-2.4256974915142,0.32363854623727134,0.01,-2.7393360377514715
p461,DOGEUSDT,-1,2024-06-27 15:00:00+00:00,0.12362,2024-06-27 17:00:00+00:00,0.12469,signal_reverse,False,0.1273286,,False,100.0,1.0,100.0,100.0,808.9305937550558,-0.865555735317911,0.3212983336029769,0.01,-1.176854068920888
p462,DOGEUSDT,-1,2024-06-27 23:00:00+00:00,0.12777,2024-06-28 01:00:00+00:00,0.12734,signal_reverse,False,0.1316031,,False,100.0,1.0,100.0,100.0,782.6563356030367,0.3365422243092948,0.3194951866635361,0.01,0.027047037645758713
p463,DOGEUSDT,-1,2024-06-28 07:00:00+00:00,0.12547,2024-06-28 09:00:00+00:00,0.12681,signal_reverse,False,0.1292341,,False,100.0,1.0,100.0,100.0,797.0032677133977,-1.067984378735959,0.32160197656810396,0.01,-1.379586355304063
p464,DOGEUSDT,-1,2024-06-28 15:00:00+00:00,0.12527,2024-06-28 17:00:00+00:00,0.12343,signal_reverse,False,0.12902809999999998,,False,100.0,1.0,100.0,100.0,798.27572443522,1.4688273329608004,0.3177967590005588,0.01,1.1610305739602416
p465,DOGEUSDT,-1,2024-06-28 23:00:00+00:00,0.12327,2024-06-29 01:00:00+00:00,0.12403,signal_reverse,False,0.1269681,,False,100.0,1.0,100.0,100.0,811.2273870365864,-0.616532814147803,0.32092479922122175,0.003503,-0.9339546133690247
p466,DOGEUSDT,-1,2024-06-29 07:00:00+00:00,0.12345,2024-06-29 09:00:00+00:00,0.12382,signal_reverse,False,0.1271535,,False,100.0,1.0,100.0,100.0,810.0445524503848,-0.2997164844066386,0.32044957472660995,0.001097,-0.6190690591332485
p467,DOGEUSDT,-1,2024-06-29 15:00:00+00:00,0.1234,2024-06-29 17:00:00+00:00,0.12297,signal_reverse,False,0.127102,,False,100.0,1.0,100.0,100.0,810.3727714748785,0.3484602917341976,0.3194773095623987,0.0015999999999999999,0.0305829821717989
p468,DOGEUSDT,-1,2024-06-29 23:00:00+00:00,0.12156,2024-06-30 01:00:00+00:00,0.12153,signal_reverse,False,0.1252068,,False,100.0,1.0,100.0,100.0,822.6390259953932,0.024679170779863646,0.3199629812438302,0.01,-0.28528381046396656
p469,DOGEUSDT,-1,2024-06-30 07:00:00+00:00,0.12142,2024-06-30 09:00:00+00:00,0.12247,signal_reverse,False,0.1250626,,False,100.0,1.0,100.0,100.0,823.587547356284,-0.8647669247240943,0.3212971503870862,-0.005954,-1.1920180751111804
p470,DOGEUSDT,1,2024-06-30 15:00:00+00:00,0.1222,2024-06-30 17:00:00+00:00,0.12283,signal_reverse,False,0.118534,,False,100.0,1.0,100.0,100.0,818.3306055646481,0.5155482815057215,0.32077332242225864,-0.005918,0.18885695908346287
p471,DOGEUSDT,-1,2024-06-30 23:00:00+00:00,0.12495,2024-07-01 01:00:00+00:00,0.12705,signal_reverse,False,0.1286985,,False,100.0,1.0,100.0,100.0,800.3201280512204,-1.6806722689075555,0.32252100840336134,0.004833,-1.9983602773109168
p472,DOGEUSDT,-1,2024-07-01 07:00:00+00:00,0.12619,2024-07-01 09:00:00+00:00,0.12551,signal_reverse,False,0.1299757,,False,100.0,1.0,100.0,100.0,792.4558205880022,0.5388699579998305,0.31919169506300027,0.01,0.22967826293683025
p473,DOGEUSDT,-1,2024-07-01 15:00:00+00:00,0.12384,2024-07-01 17:00:00+00:00,0.12595,signal_reverse,False,0.1275552,,False,100.0,1.0,100.0,100.0,807.4935400516796,-1.7038113695090444,0.32255571705426356,0.01,-2.0163670865633083
p474,DOGEUSDT,-1,2024-07-01 23:00:00+00:00,0.12366,2024-07-02 01:00:00+00:00,0.12321,signal_reverse,False,0.1273698,,False,100.0,1.0,100.0,100.0,808.6689309396733,0.36390101892285776,0.31945414847161574,0.01,0.05444687045124202
p475,DOGEUSDT,-1,2024-07-02 07:00:00+00:00,0.12333,2024-07-02 09:00:00+00:00,0.12353,signal_reverse,False,0.1270299,,False,100.0,1.0,100.0,100.0,810.8327252087895,-0.16216654504176253,0.32024324981756264,0.003636,-0.4787737948593252
p476,DOGEUSDT,-1,2024-07-02 15:00:00+00:00,0.12286,2024-07-02 17:00:00+00:00,0.12332,signal_reverse,False,0.12654579999999999,,False,100.0,1.0,100.0,100.0,813.9345596614032,-0.3744098974442472,0.3205616148461664,0.01,-0.6849715122904136
p477,DOGEUSDT,-1,2024-07-02 23:00:00+00:00,0.12482,2024-07-03 01:00:00+00:00,0.1237,signal_reverse,False,0.1285646,,False,100.0,1.0,100.0,100.0,801.1536612722321,0.8972921006248967,0.3186540618490627,0.0074919999999999995,0.5861300387758341
p478,DOGEUSDT,-1,2024-07-03 07:00:00+00:00,0.12211,2024-07-03 09:00:00+00:00,0.12156,signal_reverse,False,0.1257733,,False,100.0,1.0,100.0,100.0,818.9337482597658,0.45041356154286705,0.31932437965768573,0.000246,0.1313351818851813
p479,DOGEUSDT,-1,2024-07-03 15:00:00+00:00,0.11861,2024-07-03 17:00:00+00:00,0.11839,signal_reverse,False,0.1221683,,False,100.0,1.0,100.0,100.0,843.0992327796982,0.18548183121153192,0.31972177725318274,-0.003095,-0.1373349460416508
p480,DOGEUSDT,1,2024-07-03 23:00:00+00:00,0.11823,2024-07-04 01:00:00+00:00,0.1146831,initial_sl,False,0.1146831,,False,100.0,1.0,100.0,100.0,845.809016324114,-3.000000000000005,0.3155,0.002482,-3.313018000000005
p481,DOGEUSDT,1,2024-07-04 07:00:00+00:00,0.11366,2024-07-04 08:00:00+00:00,0.11025019999999999,initial_sl,False,0.11025019999999999,,False,100.0,1.0,100.0,100.0,879.8169980644026,-3.000000000000004,0.3155,0.0,-3.315500000000004
p482,DOGEUSDT,-1,2024-07-04 15:00:00+00:00,0.10858,2024-07-04 17:00:00+00:00,0.10833,signal_reverse,False,0.11183739999999999,,False,100.0,1.0,100.0,100.0,920.9799226376865,0.23024498065942184,0.3196546325290109,-0.006313999999999999,-0.09572365186958905
p483,DOGEUSDT,1,2024-07-04 23:00:00+00:00,0.1077,2024-07-04 23:00:00+00:00,0.104469,initial_sl,False,0.104469,,False,100.0,1.0,100.0,100.0,928.5051067780872,-2.999999999999998,0.3155,0.0,-3.315499999999998
p484,DOGEUSDT,-1,2024-07-05 07:00:00+00:00,0.09508,2024-07-05 09:00:00+00:00,0.09719,signal_reverse,False,0.0979324,,False,100.0,1.0,100.0,100.0,1051.745898190997,-2.2191838451830046,0.3233287757677745,-0.010242999999999999,-2.552755620950779
p485,DOGEUSDT,1,2024-07-05 15:00:00+00:00,0.10146,2024-07-05 17:00:00+00:00,0.10445,signal_reverse,False,0.0984162,,False,100.0,1.0,100.0,100.0,985.6100926473488,2.9469741770155795,0.3244204612655234,0.018191,2.640744715750056
p486,DOGEUSDT,1,2024-07-05 23:00:00+00:00,0.10472,2024-07-06 01:00:00+00:00,0.10562,signal_reverse,False,0.1015784,,False,100.0,1.0,100.0,100.0,954.9274255156608,0.8594346829641061,0.3212891520244462,0.033745,0.5718905309396599
p487,DOGEUSDT,1,2024-07-06 07:00:00+00:00,0.10836,2024-07-06 09:00:00+00:00,0.10904,signal_reverse,False,0.1051092,,False,100.0,1.0,100.0,100.0,922.8497600590624,0.6275378368401625,0.3209413067552603,0.003862,0.3104585300849022
p488,DOGEUSDT,1,2024-07-06 15:00:00+00:00,0.10859,2024-07-06 17:00:00+00:00,0.11263,signal_reverse,False,0.1053323,,False,100.0,1.0,100.0,100.0,920.8951100469656,3.72041624458973,0.3255806243668846,-0.000845,3.393990620222845
p489,DOGEUSDT,-1,2024-07-06 23:00:00+00:00,0.11325,2024-07-07 01:00:00+00:00,0.11114,signal_reverse,False,0.1166475,,False,100.0,1.0,100.0,100.0,883.0022075055188,1.8631346578366452,0.31720529801324504,0.0018130000000000002,1.5477423598234001
p490,DOGEUSDT,-1,2024-07-07 07:00:00+00:00,0.11083,2024-07-07 09:00:00+00:00,0.11038,signal_reverse,False,0.1141549,,False,100.0,1.0,100.0,100.0,902.2827754218172,0.40602724893981057,0.31939095912659027,0.006952,0.0935882898132203
p491,DOGEUSDT,-1,2024-07-07 15:00:00+00:00,0.10581,2024-07-07 17:00:00+00:00,0.10862,signal_reverse,False,0.1089843,,False,100.0,1.0,100.0,100.0,945.0902561194594,-2.6557036196956743,0.32398355542954355,0.0058260000000000004,-2.9738611751252177
p492,DOGEUSDT,-1,2024-07-07 23:00:00+00:00,0.10443,2024-07-08 01:00:00+00:00,0.10087,signal_reverse,False,0.10756289999999999,,False,100.0,1.0,100.0,100.0,957.5792396820838,3.408982093268212,0.31488652686009766,0.001206,3.0953015664081143
p493,DOGEUSDT,-1,2024-07-08 07:00:00+00:00,0.10436,2024-07-08 08:00:00+00:00,0.1074908,initial_sl,False,0.1074908,,False,100.0,1.0,100.0,100.0,958.2215408202377,-3.000000000000003,0.3245,0.0,-3.324500000000003
p494,DOGEUSDT,-1,2024-07-08 15:00:00+00:00,0.10672,2024-07-08 17:00:00+00:00,0.10667,signal_reverse,False,0.1099216,,False,100.0,1.0,100.0,100.0,937.031484257871,0.046851574212888394,0.31992972263868064,0.004634,-0.26844414842579223
p495,DOGEUSDT,-1,2024-07-08 23:00:00+00:00,0.10772,2024-07-09 01:00:00+00:00,0.10644,signal_reverse,False,0.1109516,,False,100.0,1.0,100.0,100.0,928.3327144448571,1.1882658744894072,0.3182176011882659,0.002756,0.8728042733011413
p496,DOGEUSDT,-1,2024-07-09 07:00:00+00:00,0.10856,2024-07-09 09:00:00+00:00,0.10843,signal_reverse,False,0.11181680000000001,,False,100.0,1.0,100.0,100.0,921.1495946941783,0.11974944731024789,0.31982037582903466,0.002211,-0.19785992851878678
p497,DOGEUSDT,-1,2024-07-09 15:00:00+00:00,0.10716,2024-07-09 17:00:00+00:00,0.10685,signal_reverse,False,0.11037480000000001,,False,100.0,1.0,100.0,100.0,933.184023889511,0.2892870474057528,0.3195660694288914,0.008091,-0.02218802202313859
p498,DOGEUSDT,-1,2024-07-09 23:00:00+00:00,0.10724,2024-07-10 01:00:00+00:00,0.1068,signal_reverse,False,0.1104572,,False,100.0,1.0,100.0,100.0,932.4878776575904,0.410294666169336,0.31938455800074605,0.007272,0.09818210816858997
p499,DOGEUSDT,-1,2024-07-10 07:00:00+00:00,0.11022,2024-07-10 09:00:00+00:00,0.10868,signal_reverse,False,0.1135266,,False,100.0,1.0,100.0,100.0,907.2763563781527,1.397205588822355,0.31790419161676653,0.005456,1.0847573972055884
p500,DOGEUSDT,-1,2024-07-10 15:00:00+00:00,0.10888,2024-07-10 17:00:00+00:00,0.10913,signal_reverse,False,0.11214640000000001,,False,100.0,1.0,100.0,100.0,918.4423218221896,-0.2296105804555476,0.32034441587068335,0.01,-0.5399549963262309
p501,DOGEUSDT,-1,2024-07-10 23:00:00+00:00,0.10755,2024-07-11 01:00:00+00:00,0.10874,signal_reverse,False,0.1107765,,False,100.0,1.0,100.0,100.0,929.8000929800093,-1.1064621106462078,0.3216596931659693,0.0018830000000000001,-1.4262388038121772
p502,DOGEUSDT,-1,2024-07-11 07:00:00+00:00,0.10832,2024-07-11 09:00:00+00:00,0.10928,signal_reverse,False,0.1115696,,False,100.0,1.0,100.0,100.0,923.1905465288036,-0.8862629246676538,0.3213293943870015,0.008006000000000001,-1.1995863190546552
p503,DOGEUSDT,-1,2024-07-11 15:00:00+00:00,0.10924,2024-07-11 17:00:00+00:00,0.10805,signal_reverse,False,0.1125172,,False,100.0,1.0,100.0,100.0,915.4155986818015,1.0893445624313534,0.31836598315635295,0.01,0.7809785792750004
p504,DOGEUSDT,-1,2024-07-11 23:00:00+00:00,0.10668,2024-07-12 01:00:00+00:00,0.10647,signal_reverse,False,0.1098804,,False,100.0,1.0,100.0,100.0,937.3828271466067,0.19685039370078913,0.31970472440944886,-0.001566,-0.12442033070865972
p505,DOGEUSDT,1,2024-07-12 07:00:00+00:00,0.10646,2024-07-12 09:00:00+00:00,0.1054,signal_reverse,False,0.1032662,,False,100.0,1.0,100.0,100.0,939.3199323689648,-0.9956791283111077,0.31850648130753334,0.008525999999999999,-1.305659609618641
p506,DOGEUSDT,1,2024-07-12 15:00:00+00:00,0.1066,2024-07-12 17:00:00+00:00,0.10749,signal_reverse,False,0.103402,,False,100.0,1.0,100.0,100.0,938.0863039399625,0.8348968105065684,0.3212523452157599,-0.006767,0.5068774652908086
p507,DOGEUSDT,-1,2024-07-12 23:00:00+00:00,0.10742,2024-07-13 01:00:00+00:00,0.10787,signal_reverse,False,0.11064260000000001,,False,100.0,1.0,100.0,100.0,930.925339787749,-0.4189164029044796,0.3206283746043567,-0.009665,-0.7492097775088364
p508,DOGEUSDT,1,2024-07-13 07:00:00+00:00,0.10886,2024-07-13 09:00:00+00:00,0.10994,signal_reverse,False,0.1055942,,False,100.0,1.0,100.0,100.0,918.6110600771633,0.9920999448833342,0.32148814991732505,-0.002275,0.6683367949660091
p509,DOGEUSDT,-1,2024-07-13 15:00:00+00:00,0.10959,2024-07-13 17:00:00+00:00,0.1117,signal_reverse,False,0.11287770000000001,,False,100.0,1.0,100.0,100.0,912.4920156948626,-1.925358153116148,0.3228880372296743,0.009313,-2.2389331903458225
p510,DOGEUSDT,-1,2024-07-13 23:00:00+00:00,0.11267,2024-07-14 01:00:00+00:00,0.11377,signal_reverse,False,0.1160501,,False,100.0,1.0,100.0,100.0,887.5477056891807,-0.9763024762580897,0.32146445371438714,0.01,-1.287766929972477
p511,DOGEUSDT,-1,2024-07-14 07:00:00+00:00,0.11325,2024-07-14 09:00:00+00:00,0.11387,signal_reverse,False,0.1166475,,False,100.0,1.0,100.0,100.0,883.0022075055188,-0.5474613686534177,0.32082119205298015,-0.00049,-0.8687725607063977
p512,DOGEUSDT,1,2024-07-14 15:00:00+00:00,0.11193,2024-07-14 17:00:00+00:00,0.11249,signal_reverse,False,0.1085721,,False,100.0,1.0,100.0,100.0,893.415527561869,0.5003126954346511,0.320750469043152,-0.007088,0.17247422639149904
p513,DOGEUSDT,-1,2024-07-14 23:00:00+00:00,0.11484,2024-07-15 01:00:00+00:00,0.11681,signal_reverse,False,0.1182852,,False,100.0,1.0,100.0,100.0,870.7767328456983,-1.7154301637060254,0.322573145245559,-0.0016650000000000002,-2.0396683089515846
p514,DOGEUSDT,1,2024-07-15 07:00:00+00:00,0.11858,2024-07-15 09:00:00+00:00,0.11773,signal_reverse,False,0.1150226,,False,100.0,1.0,100.0,100.0,843.3125316242199,-0.7168156518805899,0.31892477652217915,-0.0053820000000000005,-1.0411224284027691
p515,DOGEUSDT,-1,2024-07-15 15:00:00+00:00,0.11913,2024-07-15 17:00:00+00:00,0.11973,signal_reverse,False,0.1227039,,False,100.0,1.0,100.0,100.0,839.4191219675985,-0.5036514731805619,0.3207554772097708,0.005525,-0.8188819503903327
p516,DOGEUSDT,-1,2024-07-15 23:00:00+00:00,0.1239,2024-07-16 00:00:00+00:00,0.127617,initial_sl,False,0.127617,,False,100.0,1.0,100.0,100.0,807.1025020177563,-3.0000000000000098,0.3245,0.0,-3.32450000000001
p517,DOGEUSDT,-1,2024-07-16 07:00:00+00:00,0.121,2024-07-16 09:00:00+00:00,0.12145,signal_reverse,False,0.12462999999999999,,False,100.0,1.0,100.0,100.0,826.4462809917355,-0.3719008264462859,0.32055785123966946,0.01,-0.6824586776859554
p518,DOGEUSDT,-1,2024-07-16 15:00:00+00:00,0.12276,2024-07-16 16:00:00+00:00,0.1264428,initial_sl,False,0.1264428,,False,100.0,1.0,100.0,100.0,814.5975887911372,-3.0,0.3245,0.0,-3.3245
p519,DOGEUSDT,-1,2024-07-16 23:00:00+00:00,0.12401,2024-07-17 01:00:00+00:00,0.12596,signal_reverse,False,0.1277303,,False,100.0,1.0,100.0,100.0,806.3865817272801,-1.5724538343681909,0.32235868075155233,0.01,-1.8848125151197432
p520,DOGEUSDT,-1,2024-07-17 07:00:00+00:00,0.12596,2024-07-17 09:00:00+00:00,0.12588,signal_reverse,False,0.1297388,,False,100.0,1.0,100.0,100.0,793.9028262940617,0.06351222610352235,0.31990473166084477,0.01,-0.2463925055573224
p521,DOGEUSDT,-1,2024-07-17 15:00:00+00:00,0.12452,2024-07-17 17:00:00+00:00,0.1216,signal_reverse,False,0.1282556,,False,100.0,1.0,100.0,100.0,803.0838419530999,2.3450048185030563,0.3164824927722455,0.01,2.0385223257308107
p522,DOGEUSDT,-1,2024-07-17 23:00:00+00:00,0.12181,2024-07-18 01:00:00+00:00,0.1233,signal_reverse,False,0.1254643,,False,100.0,1.0,100.0,100.0,820.950660865282,-1.2232164846892744,0.3218348247270339,0.01,-1.5350513094163083
p523,DOGEUSDT,-1,2024-07-18 07:00:00+00:00,0.123,2024-07-18 09:00:00+00:00,0.12144,signal_reverse,False,0.12669,,False,100.0,1.0,100.0,100.0,813.0081300813008,1.2682926829268226,0.31809756097560976,0.01,0.9601951219512128
p524,DOGEUSDT,-1,2024-07-18 15:00:00+00:00,0.11966,2024-07-18 17:00:00+00:00,0.11858,signal_reverse,False,0.1232498,,False,100.0,1.0,100.0,100.0,835.7011532675915,0.9025572455289969,0.3186461641317065,0.005953,0.5898640813972903
p525,DOGEUSDT,-1,2024-07-18 23:00:00+00:00,0.11956,2024-07-19 01:00:00+00:00,0.1194,signal_reverse,False,0.1231468,,False,100.0,1.0,100.0,100.0,836.4001338240214,0.13382402141183797,0.3197992639678823,-0.00025,-0.1862252425560443
p526,DOGEUSDT,1,2024-07-19 07:00:00+00:00,0.12026,2024-07-19 09:00:00+00:00,0.11797,signal_reverse,False,0.11665220000000001,,False,100.0,1.0,100.0,100.0,831.5316813570597,-1.904207550307667,0.3171436886745385,-0.002365,-2.2237162389822056
p527,DOGEUSDT,-1,2024-07-19 15:00:00+00:00,0.12299,2024-07-19 17:00:00+00:00,0.12458,signal_reverse,False,0.1266797,,False,100.0,1.0,100.0,100.0,813.0742336775347,-1.2927880315472755,0.3219391820473209,0.004982,-1.6097452135945964
p528,DOGEUSDT,-1,2024-07-19 23:00:00+00:00,0.12526,2024-07-20 01:00:00+00:00,0.12446,signal_reverse,False,0.12901780000000002,,False,100.0,1.0,100.0,100.0,798.3394539358135,0.638671563148658,0.3190419926552771,0.01,0.32962957049338093
p529,DOGEUSDT,-1,2024-07-20 07:00:00+00:00,0.12822,2024-07-20 09:00:00+00:00,0.12683,signal_reverse,False,0.1320666,,False,100.0,1.0,100.0,100.0,779.9095304944626,1.0840742473873048,0.318373888628919,0.01,0.7757003587583858
p530,DOGEUSDT,-1,2024-07-20 15:00:00+00:00,0.12909,2024-07-20 15:00:00+00:00,0.13296270000000002,initial_sl,False,0.13296270000000002,,False,100.0,1.0,100.0,100.0,774.6533426291734,-3.000000000000005,0.3245,0.0,-3.324500000000005
p531,DOGEUSDT,-1,2024-07-20 23:00:00+00:00,0.13411,2024-07-21 01:00:00+00:00,0.13342,signal_reverse,False,0.13813330000000001,,False,100.0,1.0,100.0,100.0,745.656550592797,0.514503019909027,0.3192282454701365,0.01,0.20527477443889053
p532,DOGEUSDT,-1,2024-07-21 07:00:00+00:00,0.13017,2024-07-21 09:00:00+00:00,0.13164,signal_reverse,False,0.1340751,,False,100.0,1.0,100.0,100.0,768.2261657832065,-1.1292924637013129,0.32169393869555196,0.01,-1.4409864023968648
p533,DOGEUSDT,-1,2024-07-21 15:00:00+00:00,0.13218,2024-07-21 17:00:00+00:00,0.12865,signal_reverse,False,0.1361454,,False,100.0,1.0,100.0,100.0,756.5441065214103,2.6706006960205824,0.3159940989559692,0.0028770000000000002,2.357483597064613
p534,DOGEUSDT,-1,2024-07-21 23:00:00+00:00,0.1406,2024-07-22 01:00:00+00:00,0.13846,signal_reverse,False,0.144818,,False,100.0,1.0,100.0,100.0,711.2375533428165,1.5220483641536293,0.31771692745376956,0.01,1.2143314366998597
p535,DOGEUSDT,-1,2024-07-22 07:00:00+00:00,0.13811,2024-07-22 09:00:00+00:00,0.13734,signal_reverse,False,0.1422533,,False,100.0,1.0,100.0,100.0,724.0605314604301,0.5575266092245461,0.31916371008616323,0.01,0.2483628991383829
p536,DOGEUSDT,-1,2024-07-22 15:00:00+00:00,0.13661,2024-07-22 15:00:00+00:00,0.1407083,initial_sl,False,0.1407083,,False,100.0,1.0,100.0,100.0,732.0108337603396,-2.999999999999999,0.3245,0.0,-3.324499999999999
p537,DOGEUSDT,-1,2024-07-22 23:00:00+00:00,0.13822,2024-07-23 01:00:00+00:00,0.13775,signal_reverse,False,0.1423666,,False,100.0,1.0,100.0,100.0,723.4843003906815,0.34003762118361897,0.3194899435682246,0.01,0.03054767761539439
p538,DOGEUSDT,-1,2024-07-23 07:00:00+00:00,0.13389,2024-07-23 09:00:00+00:00,0.13546,signal_reverse,False,0.13790670000000002,,False,100.0,1.0,100.0,100.0,746.881768616028,-1.172604376727155,0.32175890656509076,0.005465,-1.4888982832922457
p539,DOGEUSDT,-1,2024-07-23 15:00:00+00:00,0.13421,2024-07-23 17:00:00+00:00,0.12982,signal_reverse,False,0.1382363,,False,100.0,1.0,100.0,100.0,745.1009611802399,3.270993219581257,0.31509351017062814,0.003424,2.959323709410629
p540,DOGEUSDT,-1,2024-07-23 23:00:00+00:00,0.1302,2024-07-24 01:00:00+00:00,0.12989,signal_reverse,False,0.134106,,False,100.0,1.0,100.0,100.0,768.0491551459293,0.2380952380952417,0.3196428571428571,0.01,-0.07154761904761543
p541,DOGEUSDT,-1,2024-07-24 07:00:00+00:00,0.13153,2024-07-24 09:00:00+00:00,0.13361,signal_reverse,False,0.1354759,,False,100.0,1.0,100.0,100.0,760.2828252109784,-1.581388276438834,0.32237208241465826,0.01,-1.8937603588534924
p542,DOGEUSDT,-1,2024-07-24 15:00:00+00:00,0.13371,2024-07-24 17:00:00+00:00,0.13196,signal_reverse,False,0.1377213,,False,100.0,1.0,100.0,100.0,747.8872186074341,1.3088026325630109,0.31803679605115553,0.008661,0.9994268365118554
p543,DOGEUSDT,-1,2024-07-24 23:00:00+00:00,0.12826,2024-07-25 01:00:00+00:00,0.12438,signal_reverse,False,0.13210780000000003,,False,100.0,1.0,100.0,100.0,779.6663028223919,3.025105254950887,0.31546234211757374,0.007919,2.7175619128333133
p544,DOGEUSDT,-1,2024-07-25 07:00:00+00:00,0.12411,2024-07-25 09:00:00+00:00,0.12509,signal_reverse,False,0.1278333,,False,100.0,1.0,100.0,100.0,805.7368463459834,-0.7896221094190707,0.32118443316412865,0.007129,-1.1036775425831995
p545,DOGEUSDT,-1,2024-07-25 15:00:00+00:00,0.12535,2024-07-25 17:00:00+00:00,0.12466,signal_reverse,False,0.1291105,,False,100.0,1.0,100.0,100.0,797.7662544874353,0.5504587155963162,0.3191743119266056,0.001502,0.2327864036697106
p546,DOGEUSDT,-1,2024-07-25 23:00:00+00:00,0.12467,2024-07-26 01:00:00+00:00,0.1272,signal_reverse,False,0.1284101,,False,100.0,1.0,100.0,100.0,802.1175904387583,-2.029357503810062,0.3230440362557151,0.007281999999999999,-2.3451195400657774
p547,DOGEUSDT,-1,2024-07-26 07:00:00+00:00,0.12941,2024-07-26 09:00:00+00:00,0.12967,signal_reverse,False,0.1332923,,False,100.0,1.0,100.0,100.0,772.7378100610463,-0.20091183061587994,0.3203013677459238,0.01,-0.5112131983618038
p548,DOGEUSDT,-1,2024-07-26 15:00:00+00:00,0.12985,2024-07-26 17:00:00+00:00,0.13155,signal_reverse,False,0.1337455,,False,100.0,1.0,100.0,100.0,770.1193685021178,-1.3092029264536058,0.3219638043896804,0.01,-1.6211667308432862
p549,DOGEUSDT,-1,2024-07-26 23:00:00+00:00,0.13474,2024-07-27 01:00:00+00:00,0.13314,signal_reverse,False,0.1387822,,False,100.0,1.0,100.0,100.0,742.170105388155,1.1874721686210408,0.31821879174706846,0.01,0.8792533768739723
p550,DOGEUSDT,-1,2024-07-27 07:00:00+00:00,0.13425,2024-07-27 09:00:00+00:00,0.13547,signal_reverse,False,0.1382775,,False,100.0,1.0,100.0,100.0,744.8789571694599,-0.9087523277467402,0.32136312849162013,0.01,-1.2201154562383603
p551,DOGEUSDT,-1,2024-07-27 15:00:00+00:00,0.1358,2024-07-27 17:00:00+00:00,0.1322,signal_reverse,False,0.139874,,False,100.0,1.0,100.0,100.0,736.3770250368188,2.650957290132542,0.3160235640648012,0.009717,2.344650726067741
p552,DOGEUSDT,-1,2024-07-27 23:00:00+00:00,0.13291,2024-07-28 01:00:00+00:00,0.13031,signal_reverse,False,0.1368973,,False,100.0,1.0,100.0,100.0,752.3888345496953,1.9562109698292012,0.3170656835452562,0.008344,1.647489286283945
p553,DOGEUSDT,-1,2024-07-28 07:00:00+00:00,0.13009,2024-07-28 09:00:00+00:00,0.13112,signal_reverse,False,0.13399270000000002,,False,100.0,1.0,100.0,100.0,768.6985932815742,-0.7917595510800025,0.32118763932662003,0.004053,-1.1088941904066225
p554,DOGEUSDT,-1,2024-07-28 15:00:00+00:00,0.12957,2024-07-28 17:00:00+00:00,0.12985,signal_reverse,False,0.1334571,,False,100.0,1.0,100.0,100.0,771.7835918808366,-0.21609940572663616,0.32032414910859,0.01,-0.5264235548352261
p555,DOGEUSDT,-1,2024-07-28 23:00:00+00:00,0.12913,2024-07-29 01:00:00+00:00,0.13069,signal_reverse,False,0.1330039,,False,100.0,1.0,100.0,100.0,774.4133818632387,-1.208084875706657,0.32181212731356,0.004726,-1.525171003020217
p556,DOGEUSDT,-1,2024-07-29 07:00:00+00:00,0.13447,2024-07-29 09:00:00+00:00,0.13496,signal_reverse,False,0.13850410000000002,,False,100.0,1.0,100.0,100.0,743.6602959767978,-0.3643935450286238,0.3205465903175429,0.01,-0.6749401353461667
p557,DOGEUSDT,-1,2024-07-29 15:00:00+00:00,0.13048,2024-07-29 17:00:00+00:00,0.12892,signal_reverse,False,0.13439440000000002,,False,100.0,1.0,100.0,100.0,766.4009809932556,1.1955855303494833,0.3182066217044758,0.01,0.8873789086450076
p558,DOGEUSDT,-1,2024-07-29 23:00:00+00:00,0.12833,2024-07-30 01:00:00+00:00,0.12858,signal_reverse,False,0.1321799,,False,100.0,1.0,100.0,100.0,779.2410192472532,-0.1948102548118135,0.32029221538221775,0.001013,-0.5140894701940312
p559,DOGEUSDT,-1,2024-07-30 07:00:00+00:00,0.1291,2024-07-30 09:00:00+00:00,0.12912,signal_reverse,False,0.13297299999999998,,False,100.0,1.0,100.0,100.0,774.593338497289,-0.015491866769961274,0.32002323780015496,0.003618,-0.33189710457011623
p560,DOGEUSDT,-1,2024-07-30 15:00:00+00:00,0.12683,2024-07-30 17:00:00+00:00,0.12582,signal_reverse,False,0.1306349,,False,100.0,1.0,100.0,100.0,788.4569896712135,0.7963415595679342,0.31880548766064815,0.008492,0.48602807190728603
p561,DOGEUSDT,-1,2024-07-30 23:00:00+00:00,0.12597,2024-07-31 01:00:00+00:00,0.1258,signal_reverse,False,0.1297491,,False,100.0,1.0,100.0,100.0,793.8398031277288,0.13495276653171667,0.31979757085020244,0.004718,-0.18012680431848577
p562,DOGEUSDT,-1,2024-07-31 07:00:00+00:00,0.12647,2024-07-31 09:00:00+00:00,0.1258,signal_reverse,False,0.1302641,,False,100.0,1.0,100.0,100.0,790.7013520993121,0.5297699059065422,0.3192053451411402,0.01,0.22056456076540198
p563,DOGEUSDT,-1,2024-07-31 15:00:00+00:00,0.12667,2024-07-31 17:00:00+00:00,0.12639,signal_reverse,False,0.1304701,,False,100.0,1.0,100.0,100.0,789.4529091339701,0.2210468145575136,0.3196684297781638,0.01,-0.0886216152206502
p564,DOGEUSDT,-1,2024-07-31 23:00:00+00:00,0.1225,2024-08-01 01:00:00+00:00,0.12236,signal_reverse,False,0.126175,,False,100.0,1.0,100.0,100.0,816.3265306122449,0.1142857142857153,0.3198285714285714,0.01,-0.1955428571428561
p565,DOGEUSDT,-1,2024-08-01 07:00:00+00:00,0.11966,2024-08-01 09:00:00+00:00,0.12063,signal_reverse,False,0.1232498,,False,100.0,1.0,100.0,100.0,835.7011532675915,-0.8106301186695626,0.32121594517800434,-0.006319,-1.1381650638475669
p566,DOGEUSDT,1,2024-08-01 15:00:00+00:00,0.11663,2024-08-01 17:00:00+00:00,0.11474,signal_reverse,False,0.1131311,,False,100.0,1.0,100.0,100.0,857.4123295892995,-1.6205093029237785,0.3175692360456143,0.001447,-1.9366315389693929
p567,DOGEUSDT,1,2024-08-01 23:00:00+00:00,0.11957,2024-08-02 01:00:00+00:00,0.11751,signal_reverse,False,0.1159829,,False,100.0,1.0,100.0,100.0,836.3301831563101,-1.7228401773019926,0.317415739734047,0.0012289999999999998,-2.0390269170360398
p568,DOGEUSDT,1,2024-08-02 07:00:00+00:00,0.11618,2024-08-02 09:00:00+00:00,0.11713,signal_reverse,False,0.1126946,,False,100.0,1.0,100.0,100.0,860.7333448097779,0.8176966775692825,0.32122654501635395,-0.001283,0.4951871325529286
p569,DOGEUSDT,-1,2024-08-02 15:00:00+00:00,0.11356,2024-08-02 17:00:00+00:00,0.11322,signal_reverse,False,0.1169668,,False,100.0,1.0,100.0,100.0,880.5917576611483,0.29940119760478434,0.31955089820359284,0.0015379999999999999,-0.018611700598808494
p570,DOGEUSDT,-1,2024-08-02 23:00:00+00:00,0.11109,2024-08-03 01:00:00+00:00,0.11114,signal_reverse,False,0.11442269999999999,,False,100.0,1.0,100.0,100.0,900.1710324961743,-0.045008551624816255,0.32006751282743723,0.008747999999999999,-0.3563280644522535
p571,DOGEUSDT,-1,2024-08-03 07:00:00+00:00,0.11367,2024-08-03 09:00:00+00:00,0.11295,signal_reverse,False,0.11708009999999999,,False,100.0,1.0,100.0,100.0,879.7395970792646,0.6334125098970691,0.31904988123515443,0.001759,0.3161216286619147
p572,DOGEUSDT,-1,2024-08-03 15:00:00+00:00,0.11331,2024-08-03 17:00:00+00:00,0.10704,signal_reverse,False,0.11670929999999999,,False,100.0,1.0,100.0,100.0,882.5346394845998,5.533492189568439,0.31169976171564734,0.0038439999999999998,5.225636427852792
p573,DOGEUSDT,-1,2024-08-03 23:00:00+00:00,0.10798,2024-08-04 01:00:00+00:00,0.10811,signal_reverse,False,0.11121940000000001,,False,100.0,1.0,100.0,100.0,926.0974254491572,-0.12039266530838232,0.3201805889979626,-0.0008950000000000001,-0.4414682543063449
p574,DOGEUSDT,1,2024-08-04 07:00:00+00:00,0.10798,2024-08-04 09:00:00+00:00,0.10704,signal_reverse,False,0.1047406,,False,100.0,1.0,100.0,100.0,926.0974254491572,-0.8705315799222173,0.31869420263011666,0.003041,-1.186184782552334
p575,DOGEUSDT,1,2024-08-04 15:00:00+00:00,0.10395,2024-08-04 17:00:00+00:00,0.1008315,initial_sl,False,0.1008315,,False,100.0,1.0,100.0,100.0,962.000962000962,-2.9999999999999964,0.3155,0.00044599999999999994,-3.3150539999999964
p576,DOGEUSDT,1,2024-08-04 23:00:00+00:00,0.10513,2024-08-05 00:00:00+00:00,0.1019761,initial_sl,False,0.1019761,,False,100.0,1.0,100.0,100.0,951.2032721392561,-3.000000000000001,0.3155,0.0,-3.315500000000001
p577,DOGEUSDT,-1,2024-08-05 07:00:00+00:00,0.08591,2024-08-05 07:00:00+00:00,0.0884873,initial_sl,False,0.0884873,,False,100.0,1.0,100.0,100.0,1164.008846467233,-3.0000000000000053,0.3245,0.0,-3.3245000000000053
p578,DOGEUSDT,1,2024-08-05 15:00:00+00:00,0.09347,2024-08-05 17:00:00+00:00,0.09633,signal_reverse,False,0.0906659,,False,100.0,1.0,100.0,100.0,1069.8619878035734,3.0598052851182214,0.3245897079276774,0.007328,2.7425435771905438
p579,DOGEUSDT,1,2024-08-05 23:00:00+00:00,0.09598,2024-08-06 01:00:00+00:00,0.0992,signal_reverse,False,0.09310059999999999,,False,100.0,1.0,100.0,100.0,1041.8837257762034,3.3548655969993755,0.3250322983954991,0.006173,3.0360062986038763
p580,DOGEUSDT,1,2024-08-06 07:00:00+00:00,0.09928,2024-08-06 08:00:00+00:00,0.09630159999999999,initial_sl,False,0.09630159999999999,,False,100.0,1.0,100.0,100.0,1007.2522159548752,-3.000000000000006,0.3155,0.0,-3.3155000000000063
p581,DOGEUSDT,1,2024-08-06 15:00:00+00:00,0.0977,2024-08-06 17:00:00+00:00,0.09673,signal_reverse,False,0.09476899999999999,,False,100.0,1.0,100.0,100.0,1023.541453428864,-0.9928352098259967,0.318510747185261,-0.006954999999999999,-1.3183009570112578
p582,DOGEUSDT,-1,2024-08-06 23:00:00+00:00,0.09678,2024-08-07 01:00:00+00:00,0.09828,signal_reverse,False,0.0996834,,False,100.0,1.0,100.0,100.0,1033.27133705311,-1.5499070055796664,0.3223248605083695,0.0024000000000000002,-1.869831866088036
p583,DOGEUSDT,-1,2024-08-07 07:00:00+00:00,0.09841,2024-08-07 09:00:00+00:00,0.1013623,initial_sl,False,0.1013623,,False,100.0,1.0,100.0,100.0,1016.1568946245301,-3.0000000000000053,0.3245,0.01,-3.3145000000000056
p584,DOGEUSDT,-1,2024-08-07 15:00:00+00:00,0.09761,2024-08-07 17:00:00+00:00,0.09711,signal_reverse,False,0.1005383,,False,100.0,1.0,100.0,100.0,1024.485196188915,0.512242598094458,0.3192316361028583,0.004991,0.19800196199159972
p585,DOGEUSDT,-1,2024-08-07 23:00:00+00:00,0.09598,2024-08-08 01:00:00+00:00,0.0988594,initial_sl,False,0.0988594,,False,100.0,1.0,100.0,100.0,1041.8837257762034,-3.0000000000000044,0.3245,0.006258,-3.3182420000000046
p586,DOGEUSDT,-1,2024-08-08 07:00:00+00:00,0.09952,2024-08-08 09:00:00+00:00,0.09968,signal_reverse,False,0.1025056,,False,100.0,1.0,100.0,100.0,1004.823151125402,-0.16077170418007172,0.32024115755627014,0.009657,-0.4713558617363418
p587,DOGEUSDT,-1,2024-08-08 15:00:00+00:00,0.10234,2024-08-08 17:00:00+00:00,0.10273,signal_reverse,False,0.1054102,,False,100.0,1.0,100.0,100.0,977.1350400625366,-0.3810826656243907,0.32057162399843664,0.008105000000000001,-0.6935492896228272
p588,DOGEUSDT,-1,2024-08-08 23:00:00+00:00,0.10751,2024-08-09 01:00:00+00:00,0.10586,signal_reverse,False,0.1107353,,False,100.0,1.0,100.0,100.0,930.1460329271696,1.5347409543298285,0.3176978885685053,0.003961999999999999,1.2210050657613232
p589,DOGEUSDT,-1,2024-08-09 07:00:00+00:00,0.10477,2024-08-09 09:00:00+00:00,0.10474,signal_reverse,False,0.1079131,,False,100.0,1.0,100.0,100.0,954.4716999140975,0.02863415099742507,0.3199570487735039,0.001075,-0.29024789777607884
p590,DOGEUSDT,-1,2024-08-09 15:00:00+00:00,0.10315,2024-08-09 17:00:00+00:00,0.10262,signal_reverse,False,0.1062445,,False,100.0,1.0,100.0,100.0,969.4619486185167,0.5138148327678165,0.3192292777508483,0.00496,0.19954555501696816
p591,DOGEUSDT,-1,2024-08-09 23:00:00+00:00,0.1038,2024-08-10 01:00:00+00:00,0.10353,signal_reverse,False,0.10691400000000001,,False,100.0,1.0,100.0,100.0,963.3911368015414,0.2601156069364223,0.3196098265895954,-0.001964,-0.06145821965317314
p592,DOGEUSDT,1,2024-08-10 07:00:00+00:00,0.10417,2024-08-10 09:00:00+00:00,0.10437,signal_reverse,False,0.10104489999999999,,False,100.0,1.0,100.0,100.0,959.9692809830085,0.1919938561966072,0.32028799078429493,0.002236,-0.12605813458768775
p593,DOGEUSDT,1,2024-08-10 15:00:00+00:00,0.10402,2024-08-10 17:00:00+00:00,0.1056,signal_reverse,False,0.1008994,,False,100.0,1.0,100.0,100.0,961.3535858488752,1.518938665641221,0.32227840799846186,0.0036829999999999996,1.2003432576427593
p594,DOGEUSDT,1,2024-08-10 23:00:00+00:00,0.10519,2024-08-11 01:00:00+00:00,0.10767,signal_reverse,False,0.10203430000000001,,False,100.0,1.0,100.0,100.0,950.660709192889,2.357638558798361,0.3235364578381976,-0.000779,2.0333231009601636
p595,DOGEUSDT,-1,2024-08-11 07:00:00+00:00,0.10932,2024-08-11 09:00:00+00:00,0.10849,signal_reverse,False,0.1125996,,False,100.0,1.0,100.0,100.0,914.7457006952068,0.7592389315770193,0.31886114160263446,0.001092,0.4414697899743848
p596,DOGEUSDT,-1,2024-08-11 15:00:00+00:00,0.10477,2024-08-11 17:00:00+00:00,0.10548,signal_reverse,False,0.1079131,,False,100.0,1.0,100.0,100.0,954.4716999140975,-0.6776749069390114,0.3210165123604085,0.001343,-0.99734841929942
p597,DOGEUSDT,-1,2024-08-11 23:00:00+00:00,0.10128,2024-08-12 01:00:00+00:00,0.10153,signal_reverse,False,0.10431839999999999,,False,100.0,1.0,100.0,100.0,987.3617693522907,-0.2468404423380729,0.32037026066350716,0.000398,-0.56681270300158
p598,DOGEUSDT,-1,2024-08-12 07:00:00+00:00,0.10144,2024-08-12 09:00:00+00:00,0.10336,signal_reverse,False,0.1044832,,False,100.0,1.0,100.0,100.0,985.8044164037855,-1.8927444794952595,0.3228391167192429,-0.002277,-2.217860596214502
p599,DOGEUSDT,1,2024-08-12 15:00:00+00:00,0.10663,2024-08-12 17:00:00+00:00,0.10562,signal_reverse,False,0.1034311,,False,100.0,1.0,100.0,100.0,937.8223764419018,-0.947200600206318,0.31857919909969057,-0.004046999999999999,-1.2698267993060086
p600,DOGEUSDT,-1,2024-08-12 23:00:00+00:00,0.10643,2024-08-13 01:00:00+00:00,0.10759,signal_reverse,False,0.1096229,,False,100.0,1.0,100.0,100.0,939.584703561026,-1.0899182561307978,0.3216348773841962,0.0017859999999999998,-1.409767133514994
p601,DOGEUSDT,-1,2024-08-13 07:00:00+00:00,0.10514,2024-08-13 09:00:00+00:00,0.10413,signal_reverse,False,0.1082942,,False,100.0,1.0,100.0,100.0,951.1128019783147,0.960623929998095,0.3185590641050029,-0.008478,0.6335868658930921
p602,DOGEUSDT,1,2024-08-13 15:00:00+00:00,0.10546,2024-08-13 17:00:00+00:00,0.10698,signal_reverse,False,0.1022962,,False,100.0,1.0,100.0,100.0,948.2268158543524,1.4413047600986226,0.32216195714014795,0.0008070000000000001,1.1199498029584747
p603,DOGEUSDT,1,2024-08-13 23:00:00+00:00,0.10641,2024-08-14 01:00:00+00:00,0.10532,signal_reverse,False,0.10321770000000001,,False,100.0,1.0,100.0,100.0,939.76130062964,-1.0243398176863148,0.31846349027347054,0.0042450000000000005,-1.3385583079597851
p604,DOGEUSDT,1,2024-08-14 07:00:00+00:00,0.10568,2024-08-14 09:00:00+00:00,0.10546,signal_reverse,False,0.10250959999999999,,False,100.0,1.0,100.0,100.0,946.2528387585163,-0.20817562452687166,0.3196877365632097,-0.005332,-0.5331953610900814
p605,DOGEUSDT,-1,2024-08-14 15:00:00+00:00,0.10305,2024-08-14 17:00:00+00:00,0.10262,signal_reverse,False,0.1061415,,False,100.0,1.0,100.0,100.0,970.402717127608,0.41727316836487127,0.3193740902474527,0.000852,0.09875107811741855
p606,DOGEUSDT,-1,2024-08-14 23:00:00+00:00,0.10269,2024-08-15 01:00:00+00:00,0.10195,signal_reverse,False,0.10577070000000001,,False,100.0,1.0,100.0,100.0,973.8046547862499,0.7206154445418294,0.31891907683318726,-0.002644,0.3990523677086421
p607,DOGEUSDT,1,2024-08-15 07:00:00+00:00,0.10211,2024-08-15 09:00:00+00:00,0.10248,signal_reverse,False,0.0990467,,False,100.0,1.0,100.0,100.0,979.3360101850944,0.36235432376848037,0.32054353148565273,-0.004689,0.03712179228282764
p608,DOGEUSDT,-1,2024-08-15 15:00:00+00:00,0.10422,2024-08-15 17:00:00+00:00,0.10164,signal_reverse,False,0.10734659999999999,,False,100.0,1.0,100.0,100.0,959.508731529457,2.4755325273459983,0.316286701208981,0.0018899999999999998,2.1611358261370173
p609,DOGEUSDT,-1,2024-08-15 23:00:00+00:00,0.1,2024-08-16 01:00:00+00:00,0.10001,signal_reverse,False,0.10300000000000001,,False,100.0,1.0,100.0,100.0,1000.0,-0.009999999999996123,0.32001500000000005,-0.008869,-0.3388839999999962
p610,DOGEUSDT,1,2024-08-16 07:00:00+00:00,0.10171,2024-08-16 09:00:00+00:00,0.10162,signal_reverse,False,0.09865869999999999,,False,100.0,1.0,100.0,100.0,983.1874938550782,-0.08848687444695003,0.31986726968832957,-0.0026579999999999998,-0.4110121441352796
p611,DOGEUSDT,-1,2024-08-16 15:00:00+00:00,0.09874,2024-08-16 17:00:00+00:00,0.10104,signal_reverse,False,0.10170219999999999,,False,100.0,1.0,100.0,100.0,1012.7607859023699,-2.3293498075754613,0.3234940247113632,-0.000127,-2.6529708322868246
p612,DOGEUSDT,1,2024-08-16 23:00:00+00:00,0.10038,2024-08-17 01:00:00+00:00,0.101,signal_reverse,False,0.0973686,,False,100.0,1.0,100.0,100.0,996.2143853357243,0.6176529189081584,0.3209264793783622,-0.006444999999999999,0.29028143952979624
p613,DOGEUSDT,-1,2024-08-17 07:00:00+00:00,0.10075,2024-08-17 09:00:00+00:00,0.1012,signal_reverse,False,0.1037725,,False,100.0,1.0,100.0,100.0,992.5558312655086,-0.44665012406947097,0.32066997518610424,-0.000542,-0.7678620992555752
p614,DOGEUSDT,1,2024-08-17 15:00:00+00:00,0.10232,2024-08-17 17:00:00+00:00,0.10305,signal_reverse,False,0.09925039999999999,,False,100.0,1.0,100.0,100.0,977.3260359655982,0.7134480062548949,0.32107017200938237,0.000304,0.39268183424551256
p615,DOGEUSDT,1,2024-08-17 23:00:00+00:00,0.10266,2024-08-18 01:00:00+00:00,0.10206,signal_reverse,False,0.09958020000000001,,False,100.0,1.0,100.0,100.0,974.0892265731541,-0.5844535359438957,0.3191233196960842,-0.01,-0.9135768556399799
p616,DOGEUSDT,-1,2024-08-18 07:00:00+00:00,0.10238,2024-08-18 09:00:00+00:00,0.1026,signal_reverse,False,0.1054514,,False,100.0,1.0,100.0,100.0,976.7532721234617,-0.2148857198671596,0.32032232857980075,0.009066000000000001,-0.5261420484469603
p617,DOGEUSDT,-1,2024-08-18 15:00:00+00:00,0.10299,2024-08-18 17:00:00+00:00,0.10208,signal_reverse,False,0.1060797,,False,100.0,1.0,100.0,100.0,970.9680551509856,0.8835809301873913,0.31867462860471896,0.007011000000000001,0.5719173015826723
p618,DOGEUSDT,-1,2024-08-18 23:00:00+00:00,0.10127,2024-08-19 01:00:00+00:00,0.10021,signal_reverse,False,0.1043081,,False,100.0,1.0,100.0,100.0,987.4592673052236,1.0467068233435424,0.31842993976498474,-0.000277,0.7279998835785576
p619,DOGEUSDT,1,2024-08-19 07:00:00+00:00,0.10002,2024-08-19 09:00:00+00:00,0.09905,signal_reverse,False,0.09701939999999999,,False,100.0,1.0,100.0,100.0,999.8000399920016,-0.9698060387922403,0.3185452909418116,-0.000645,-1.2889963297340519
p620,DOGEUSDT,-1,2024-08-19 15:00:00+00:00,0.10011,2024-08-19 17:00:00+00:00,0.10077,signal_reverse,False,0.1031133,,False,100.0,1.0,100.0,100.0,998.9012086704624,-0.6592747977224992,0.32098891219658376,0.001506,-0.978757709919083
p621,DOGEUSDT,-1,2024-08-19 23:00:00+00:00,0.1007,2024-08-20 00:00:00+00:00,0.103721,initial_sl,False,0.103721,,False,100.0,1.0,100.0,100.0,993.0486593843099,-2.999999999999996,0.3245,0.0,-3.324499999999996
p622,DOGEUSDT,-1,2024-08-20 07:00:00+00:00,0.10504,2024-08-20 09:00:00+00:00,0.10509,signal_reverse,False,0.10819119999999999,,False,100.0,1.0,100.0,100.0,952.018278750952,-0.04760091393755557,0.3200714013709064,0.009158,-0.35851431530846195
p623,DOGEUSDT,-1,2024-08-20 15:00:00+00:00,0.10213,2024-08-20 17:00:00+00:00,0.10324,signal_reverse,False,0.10519389999999999,,False,100.0,1.0,100.0,100.0,979.1442279447763,-1.0868500930187015,0.321630275139528,0.01,-1.3984803681582296
p624,DOGEUSDT,-1,2024-08-20 23:00:00+00:00,0.10355,2024-08-21 01:00:00+00:00,0.10323,signal_reverse,False,0.1066565,,False,100.0,1.0,100.0,100.0,965.7170449058426,0.30902945436987045,0.31953645581844525,0.01,-0.000507001448574804
p625,DOGEUSDT,-1,2024-08-21 07:00:00+00:00,0.10435,2024-08-21 09:00:00+00:00,0.10397,signal_reverse,False,0.10748049999999999,,False,100.0,1.0,100.0,100.0,958.3133684714902,0.3641590800191581,0.3194537613799713,0.003134,0.047839318639186806
p626,DOGEUSDT,-1,2024-08-21 15:00:00+00:00,0.10334,2024-08-21 17:00:00+00:00,0.1049,signal_reverse,False,0.1064402,,False,100.0,1.0,100.0,100.0,967.6795045480936,-1.5095800270950184,0.3222643700406425,0.0019219999999999999,-1.8299223971356608
p627,DOGEUSDT,-1,2024-08-21 23:00:00+00:00,0.10623,2024-08-22 01:00:00+00:00,0.10591,signal_reverse,False,0.10941690000000001,,False,100.0,1.0,100.0,100.0,941.3536665725312,0.30123317330321076,0.3195481502400452,0.01,-0.008314976936834426
p628,DOGEUSDT,-1,2024-08-22 07:00:00+00:00,0.10528,2024-08-22 09:00:00+00:00,0.1059,signal_reverse,False,0.1084384,,False,100.0,1.0,100.0,100.0,949.8480243161094,-0.5889057750759836,0.32088335866261397,0.005516,-0.9042731337385976
p629,DOGEUSDT,-1,2024-08-22 15:00:00+00:00,0.10547,2024-08-22 17:00:00+00:00,0.1051,signal_reverse,False,0.1086341,,False,100.0,1.0,100.0,100.0,948.1369109699441,0.3508106570588749,0.3194737840144117,0.006732,0.0380688730444632
p630,DOGEUSDT,-1,2024-08-22 23:00:00+00:00,0.10539,2024-08-23 01:00:00+00:00,0.106,signal_reverse,False,0.1085517,,False,100.0,1.0,100.0,100.0,948.8566277635449,-0.5788025429357618,0.3208682038144036,0.007299000000000001,-0.8923717467501654
p631,DOGEUSDT,-1,2024-08-23 07:00:00+00:00,0.10733,2024-08-23 09:00:00+00:00,0.10664,signal_reverse,False,0.11054989999999999,,False,100.0,1.0,100.0,100.0,931.7059536010436,0.6428771079847165,0.31903568433802293,0.007122999999999999,0.3309644236466936
p632,DOGEUSDT,-1,2024-08-23 15:00:00+00:00,0.10749,2024-08-23 15:00:00+00:00,0.1107147,initial_sl,False,0.1107147,,False,100.0,1.0,100.0,100.0,930.3190994511117,-2.999999999999997,0.3245,0.0,-3.324499999999997
p633,DOGEUSDT,-1,2024-08-23 23:00:00+00:00,0.11325,2024-08-24 01:00:00+00:00,0.1123,signal_reverse,False,0.1166475,,False,100.0,1.0,100.0,100.0,883.0022075055188,0.8388520971302484,0.31874172185430466,0.01,0.5301103752759437
p634,DOGEUSDT,-1,2024-08-24 07:00:00+00:00,0.11229,2024-08-24 09:00:00+00:00,0.11299,signal_reverse,False,0.1156587,,False,100.0,1.0,100.0,100.0,890.551251224508,-0.6233858758571487,0.32093507881378575,-0.002525,-0.9468459546709344
p635,DOGEUSDT,1,2024-08-24 15:00:00+00:00,0.11255,2024-08-24 17:00:00+00:00,0.11329,signal_reverse,False,0.10917349999999999,,False,100.0,1.0,100.0,100.0,888.4940026654821,0.6574855619724608,0.32098622834295876,-0.0017059999999999998,0.33479333362950203
p636,DOGEUSDT,-1,2024-08-24 23:00:00+00:00,0.11179,2024-08-25 01:00:00+00:00,0.11075,signal_reverse,False,0.1151437,,False,100.0,1.0,100.0,100.0,894.5343948474818,0.9303157706413805,0.3186045263440379,0.003467,0.6151782442973426
p637,DOGEUSDT,-1,2024-08-25 07:00:00+00:00,0.11014,2024-08-25 09:00:00+00:00,0.10895,signal_reverse,False,0.1134442,,False,100.0,1.0,100.0,100.0,907.9353550027238,1.0804430724532381,0.31837933539132013,0.007012,0.769075737061918
p638,DOGEUSDT,-1,2024-08-25 15:00:00+00:00,0.11032,2024-08-25 17:00:00+00:00,0.10994,signal_reverse,False,0.1136296,,False,100.0,1.0,100.0,100.0,906.4539521392313,0.34445250181291276,0.3194833212472806,0.0032719999999999997,0.028241180565632133
p639,DOGEUSDT,-1,2024-08-25 23:00:00+00:00,0.11049,2024-08-26 01:00:00+00:00,0.1088,signal_reverse,False,0.11380470000000001,,False,100.0,1.0,100.0,100.0,905.0592813829305,1.5295501855371625,0.3177056747216943,0.009276,1.2211205108154684
p640,DOGEUSDT,-1,2024-08-26 07:00:00+00:00,0.10856,2024-08-26 09:00:00+00:00,0.10941,signal_reverse,False,0.11181680000000001,,False,100.0,1.0,100.0,100.0,921.1495946941783,-0.782977155490042,0.32117446573323505,0.003033,-1.101118621223277
p641,DOGEUSDT,-1,2024-08-26 15:00:00+00:00,0.10736,2024-08-26 17:00:00+00:00,0.10518,signal_reverse,False,0.11058079999999999,,False,100.0,1.0,100.0,100.0,931.4456035767512,2.030551415797319,0.316954172876304,0.008758,1.722355242921015
p642,DOGEUSDT,-1,2024-08-26 23:00:00+00:00,0.10544,2024-08-27 01:00:00+00:00,0.10587,signal_reverse,False,0.10860320000000001,,False,100.0,1.0,100.0,100.0,948.4066767830045,-0.4078148710166918,0.32061172230652507,0.002613,-0.7258135933232168
p643,DOGEUSDT,-1,2024-08-27 07:00:00+00:00,0.10579,2024-08-27 09:00:00+00:00,0.10471,signal_reverse,False,0.1089637,,False,100.0,1.0,100.0,100.0,945.2689290103035,1.0208904433311254,0.3184686643350033,0.000128,0.7025497789961221
p644,DOGEUSDT,-1,2024-08-27 15:00:00+00:00,0.10412,2024-08-27 17:00:00+00:00,0.10385,signal_reverse,False,0.10724360000000001,,False,100.0,1.0,100.0,100.0,960.4302727621974,0.2593161736457994,0.3196110257395314,0.005166,-0.05512885209373198
p645,DOGEUSDT,-1,2024-08-27 23:00:00+00:00,0.09863,2024-08-28 01:00:00+00:00,0.09886,signal_reverse,False,0.1015889,,False,100.0,1.0,100.0,100.0,1013.8902970698571,-0.23319476832607522,0.3203497921524891,-0.016033000000000002,-0.5695775604785642
p646,DOGEUSDT,1,2024-08-28 07:00:00+00:00,0.09901,2024-08-28 09:00:00+00:00,0.10172,signal_reverse,False,0.0960397,,False,100.0,1.0,100.0,100.0,1009.99899000101,2.7370972629027412,0.3241056458943542,-0.00041400000000000003,2.412577617008387
p647,DOGEUSDT,-1,2024-08-28 15:00:00+00:00,0.10041,2024-08-28 17:00:00+00:00,0.09851,signal_reverse,False,0.1034223,,False,100.0,1.0,100.0,100.0,995.9167413604223,1.8922418085848012,0.3171616372871229,0.009814,1.5848941712976783
p648,DOGEUSDT,-1,2024-08-28 23:00:00+00:00,0.09951,2024-08-29 01:00:00+00:00,0.10011,signal_reverse,False,0.1024953,,False,100.0,1.0,100.0,100.0,1004.9241282283188,-0.6029544769369946,0.3209044317154055,-0.00836,-0.9322189086524001
p649,DOGEUSDT,1,2024-08-29 07:00:00+00:00,0.10093,2024-08-29 09:00:00+00:00,0.10044,signal_reverse,False,0.0979021,,False,100.0,1.0,100.0,100.0,990.7856930545922,-0.48548498959675446,0.31927177251560485,0.005000999999999999,-0.7997557621123592
p650,DOGEUSDT,1,2024-08-29 15:00:00+00:00,0.10164,2024-08-29 17:00:00+00:00,0.10122,signal_reverse,False,0.09859079999999999,,False,100.0,1.0,100.0,100.0,983.8646202282566,-0.4132231404958578,0.3193801652892562,-0.0048000000000000004,-0.737403305785114
p651,DOGEUSDT,-1,2024-08-29 23:00:00+00:00,0.09946,2024-08-30 01:00:00+00:00,0.1003,signal_reverse,False,0.1024438,,False,100.0,1.0,100.0,100.0,1005.4293183189221,-0.8445606273878881,0.3212668409410819,0.001827,-1.16400046832897
p652,DOGEUSDT,-1,2024-08-30 07:00:00+00:00,0.10065,2024-08-30 09:00:00+00:00,0.10205,signal_reverse,False,0.1036695,,False,100.0,1.0,100.0,100.0,993.5419771485344,-1.3909587680079467,0.32208643815201193,0.005178,-1.7078672061599587
p653,DOGEUSDT,-1,2024-08-30 15:00:00+00:00,0.09903,2024-08-30 17:00:00+00:00,0.09898,signal_reverse,False,0.1020009,,False,100.0,1.0,100.0,100.0,1009.7950116126426,0.050489750580640584,0.31992426537412905,-0.0009490000000000001,-0.27038351479348843
p654,DOGEUSDT,1,2024-08-30 23:00:00+00:00,0.10133,2024-08-31 01:00:00+00:00,0.10129,signal_reverse,False,0.0982901,,False,100.0,1.0,100.0,100.0,986.8745682423763,-0.03947498272969344,0.31994078752590543,-0.009794,-0.3692097702555989
p655,DOGEUSDT,-1,2024-08-31 07:00:00+00:00,0.10151,2024-08-31 09:00:00+00:00,0.10066,signal_reverse,False,0.1045553,,False,100.0,1.0,100.0,100.0,985.1246182642104,0.8373559255245824,0.31874396611171313,0.01,0.5286119594128693
p656,DOGEUSDT,-1,2024-08-31 15:00:00+00:00,0.10125,2024-08-31 17:00:00+00:00,0.10124,signal_reverse,False,0.1042875,,False,100.0,1.0,100.0,100.0,987.6543209876543,0.00987654320988642,0.3199851851851852,0.01,-0.3001086419752988
p657,DOGEUSDT,-1,2024-08-31 23:00:00+00:00,0.10125,2024-09-01 01:00:00+00:00,0.10036,signal_reverse,False,0.1042875,,False,100.0,1.0,100.0,100.0,987.6543209876543,0.8790123456790142,0.3186814814814815,0.009968,0.5702988641975326
p658,DOGEUSDT,-1,2024-09-01 07:00:00+00:00,0.09919,2024-09-01 09:00:00+00:00,0.09935,signal_reverse,False,0.1021657,,False,100.0,1.0,100.0,100.0,1008.1661457808246,-0.16130658332492537,0.3202419598749874,0.001661,-0.4798875431999127
p659,DOGEUSDT,-1,2024-09-01 15:00:00+00:00,0.09787,2024-09-01 17:00:00+00:00,0.09734,signal_reverse,False,0.1008061,,False,100.0,1.0,100.0,100.0,1021.7635639113109,0.5415346888729975,0.31918769796669055,-0.006821999999999999,0.21552499090630695
p660,DOGEUSDT,1,2024-09-01 23:00:00+00:00,0.09434,2024-09-02 01:00:00+00:00,0.09543,signal_reverse,False,0.09150979999999999,,False,100.0,1.0,100.0,100.0,1059.99576001696,1.1553953784184945,0.32173309306762776,0.014406,0.8480682853508668
p661,DOGEUSDT,1,2024-09-02 07:00:00+00:00,0.09515,2024-09-02 09:00:00+00:00,0.09731,signal_reverse,False,0.0922955,,False,100.0,1.0,100.0,100.0,1050.9721492380452,2.2700998423541727,0.32340514976353124,0.0043300000000000005,1.9510246925906414
p662,DOGEUSDT,1,2024-09-02 15:00:00+00:00,0.0976,2024-09-02 17:00:00+00:00,0.09779,signal_reverse,False,0.094672,,False,100.0,1.0,100.0,100.0,1024.590163934426,0.19467213114753656,0.3202920081967213,0.000735,-0.12488487704918476
p663,DOGEUSDT,1,2024-09-02 23:00:00+00:00,0.09905,2024-09-03 01:00:00+00:00,0.09986,signal_reverse,False,0.0960785,,False,100.0,1.0,100.0,100.0,1009.5911155981828,0.8177688036345333,0.32122665320545185,-0.0005769999999999999,0.49596515042908146
p664,DOGEUSDT,-1,2024-09-03 07:00:00+00:00,0.09928,2024-09-03 09:00:00+00:00,0.09911,signal_reverse,False,0.1022584,,False,100.0,1.0,100.0,100.0,1007.2522159548752,0.1712328767123183,0.31974315068493153,0.01,-0.13851027397261323
p665,DOGEUSDT,-1,2024-09-03 15:00:00+00:00,0.09733,2024-09-03 17:00:00+00:00,0.09782,signal_reverse,False,0.1002499,,False,100.0,1.0,100.0,100.0,1027.4324463166547,-0.5034418986951652,0.3207551628480428,-0.003002,-0.8271990615432079
p666,DOGEUSDT,1,2024-09-03 23:00:00+00:00,0.09742,2024-09-04 01:00:00+00:00,0.09449740000000001,initial_sl,False,0.09449740000000001,,False,100.0,1.0,100.0,100.0,1026.4832683227262,-2.999999999999997,0.3155,0.0012330000000000002,-3.314266999999997
p667,DOGEUSDT,1,2024-09-04 07:00:00+00:00,0.0951,2024-09-04 09:00:00+00:00,0.09622,signal_reverse,False,0.09224700000000001,,False,100.0,1.0,100.0,100.0,1051.5247108307044,1.1777076761303846,0.3217665615141956,0.0030069999999999997,0.858948114616189
p668,DOGEUSDT,1,2024-09-04 15:00:00+00:00,0.09726,2024-09-04 17:00:00+00:00,0.09824,signal_reverse,False,0.0943422,,False,100.0,1.0,100.0,100.0,1028.1719103434095,1.007608472136536,0.3215114127082048,0.002372,0.6884690594283311
p669,DOGEUSDT,1,2024-09-04 23:00:00+00:00,0.09828,2024-09-05 01:00:00+00:00,0.09789,signal_reverse,False,0.0953316,,False,100.0,1.0,100.0,100.0,1017.5010175010175,-0.3968253968253983,0.3194047619047619,-0.004324,-0.7205541587301603
p670,DOGEUSDT,-1,2024-09-05 07:00:00+00:00,0.09717,2024-09-05 09:00:00+00:00,0.0971,signal_reverse,False,0.10008510000000001,,False,100.0,1.0,100.0,100.0,1029.1242152927857,0.07203869507049564,0.3198919419573943,0.01,-0.23785324688689863
p671,DOGEUSDT,-1,2024-09-05 15:00:00+00:00,0.0979,2024-09-05 17:00:00+00:00,0.09876,signal_reverse,False,0.100837,,False,100.0,1.0,100.0,100.0,1021.4504596527069,-0.8784473953013275,0.32131767109295206,0.005248,-1.1945170663942797
p672,DOGEUSDT,-1,2024-09-05 23:00:00+00:00,0.09855,2024-09-06 01:00:00+00:00,0.0988,signal_reverse,False,0.1015065,,False,100.0,1.0,100.0,100.0,1014.7133434804667,-0.2536783358701169,0.32038051750380514,0.01,-0.564058853373922
p673,DOGEUSDT,-1,2024-09-06 07:00:00+00:00,0.09864,2024-09-06 09:00:00+00:00,0.097,signal_reverse,False,0.1015992,,False,100.0,1.0,100.0,100.0,1013.7875101378751,1.6626115166261177,0.31750608272506087,0.004918,1.3500234339010568
p674,DOGEUSDT,-1,2024-09-06 15:00:00+00:00,0.0943,2024-09-06 17:00:00+00:00,0.09172,signal_reverse,False,0.097129,,False,100.0,1.0,100.0,100.0,1060.4453870625664,2.73594909862142,0.3158960763520679,-0.009806,2.410247022269352
p675,DOGEUSDT,1,2024-09-06 23:00:00+00:00,0.0915,2024-09-07 01:00:00+00:00,0.09188,signal_reverse,False,0.088755,,False,100.0,1.0,100.0,100.0,1092.896174863388,0.4153005464480933,0.3206229508196722,0.01999,0.1146675956284211
p676,DOGEUSDT,1,2024-09-07 07:00:00+00:00,0.09317,2024-09-07 09:00:00+00:00,0.0938,signal_reverse,False,0.09037490000000001,,False,100.0,1.0,100.0,100.0,1073.3068584308253,0.676183320811411,0.32101427498121715,-0.00041999999999999996,0.35474904583019384
p677,DOGEUSDT,-1,2024-09-07 15:00:00+00:00,0.09485,2024-09-07 17:00:00+00:00,0.09449,signal_reverse,False,0.0976955,,False,100.0,1.0,100.0,100.0,1054.2962572482868,0.3795466526093824,0.319430680021086,-0.002156,0.05795997258829643
p678,DOGEUSDT,1,2024-09-07 23:00:00+00:00,0.0948,2024-09-08 01:00:00+00:00,0.09558,signal_reverse,False,0.091956,,False,100.0,1.0,100.0,100.0,1054.8523206751056,0.8227848101265854,0.32123417721518993,0.0038680000000000003,0.5054186329113954
p679,DOGEUSDT,1,2024-09-08 07:00:00+00:00,0.09509,2024-09-08 09:00:00+00:00,0.09564,signal_reverse,False,0.0922373,,False,100.0,1.0,100.0,100.0,1051.6352928804292,0.5783994110842453,0.3208675991166264,-0.01,0.24753181196761892
p680,DOGEUSDT,-1,2024-09-08 15:00:00+00:00,0.0951,2024-09-08 17:00:00+00:00,0.09539,signal_reverse,False,0.097953,,False,100.0,1.0,100.0,100.0,1051.5247108307044,-0.3049421661409028,0.3204574132492114,-0.005362,-0.6307615793901141
p681,DOGEUSDT,1,2024-09-08 23:00:00+00:00,0.0956,2024-09-09 01:00:00+00:00,0.09709,signal_reverse,False,0.09273200000000001,,False,100.0,1.0,100.0,100.0,1046.0251046025105,1.5585774058577315,0.3223378661087866,-0.007841,1.228398539748945
p682,DOGEUSDT,-1,2024-09-09 07:00:00+00:00,0.09695,2024-09-09 09:00:00+00:00,0.09785,signal_reverse,False,0.09985849999999999,,False,100.0,1.0,100.0,100.0,1031.459515214028,-0.9283135636926375,0.32139247034553897,0.01,-1.2397060340381765
p683,DOGEUSDT,-1,2024-09-09 15:00:00+00:00,0.09724,2024-09-09 16:00:00+00:00,0.10015719999999999,initial_sl,False,0.10015719999999999,,False,100.0,1.0,100.0,100.0,1028.3833813245578,-2.9999999999999947,0.3245,0.0,-3.3244999999999947
p684,DOGEUSDT,1,2024-09-09 23:00:00+00:00,0.1033,2024-09-10 01:00:00+00:00,0.10271,signal_reverse,False,0.100201,,False,100.0,1.0,100.0,100.0,968.054211035818,-0.5711519845111396,0.31914327202323334,-0.01,-0.9002952565343729
p685,DOGEUSDT,-1,2024-09-10 07:00:00+00:00,0.10327,2024-09-10 09:00:00+00:00,0.10436,signal_reverse,False,0.10636810000000001,,False,100.0,1.0,100.0,100.0,968.3354313934346,-1.0554856202188376,0.32158322843032827,-0.0013,-1.378368848649166
p686,DOGEUSDT,1,2024-09-10 15:00:00+00:00,0.10209,2024-09-10 17:00:00+00:00,0.10253,signal_reverse,False,0.0990273,,False,100.0,1.0,100.0,100.0,979.5278675678323,0.4309922617298423,0.32064648839259474,-0.009014999999999999,0.10133077333724755
p687,DOGEUSDT,-1,2024-09-10 23:00:00+00:00,0.10285,2024-09-11 01:00:00+00:00,0.10143,signal_reverse,False,0.1059355,,False,100.0,1.0,100.0,100.0,972.2897423432183,1.380651434127361,0.317929022848809,0.009653,1.072375411278552
p688,DOGEUSDT,-1,2024-09-11 07:00:00+00:00,0.09998,2024-09-11 09:00:00+00:00,0.10034,signal_reverse,False,0.1029794,,False,100.0,1.0,100.0,100.0,1000.2000400080016,-0.3600720144028798,0.3205401080216043,0.005325,-0.6752871224244841
p689,DOGEUSDT,-1,2024-09-11 15:00:00+00:00,0.09877,2024-09-11 17:00:00+00:00,0.10173309999999999,initial_sl,False,0.10173309999999999,,False,100.0,1.0,100.0,100.0,1012.4531740407007,-2.9999999999999964,0.3245,0.002244,-3.3222559999999963
p690,DOGEUSDT,-1,2024-09-11 23:00:00+00:00,0.10129,2024-09-12 01:00:00+00:00,0.1022,signal_reverse,False,0.10432870000000001,,False,100.0,1.0,100.0,100.0,987.2642906506071,-0.8984105044920467,0.3213476157567381,0.0007289999999999999,-1.2190291202487848
p691,DOGEUSDT,-1,2024-09-12 07:00:00+00:00,0.10213,2024-09-12 09:00:00+00:00,0.10198,signal_reverse,False,0.10519389999999999,,False,100.0,1.0,100.0,100.0,979.1442279447763,0.14687163419171387,0.31977969254871247,0.01,-0.1629080583569986
p692,DOGEUSDT,-1,2024-09-12 15:00:00+00:00,0.1014,2024-09-12 17:00:00+00:00,0.10194,signal_reverse,False,0.10444200000000001,,False,100.0,1.0,100.0,100.0,986.1932938856015,-0.5325443786982237,0.3207988165680473,0.007512,-0.845831195266271
p693,DOGEUSDT,-1,2024-09-12 23:00:00+00:00,0.10312,2024-09-13 01:00:00+00:00,0.10218,signal_reverse,False,0.1062136,,False,100.0,1.0,100.0,100.0,969.7439875872769,0.9115593483320368,0.318632660977502,0.01,0.6029266873545348
p694,DOGEUSDT,-1,2024-09-13 07:00:00+00:00,0.10295,2024-09-13 09:00:00+00:00,0.10499,signal_reverse,False,0.1060385,,False,100.0,1.0,100.0,100.0,971.3453132588635,-1.9815444390480816,0.3229723166585721,0.01,-2.294516755706654
p695,DOGEUSDT,-1,2024-09-13 15:00:00+00:00,0.10685,2024-09-13 17:00:00+00:00,0.10663,signal_reverse,False,0.1100555,,False,100.0,1.0,100.0,100.0,935.8914365933551,0.20589611605053623,0.3196911558259242,0.008803,-0.10499203977538799
p696,DOGEUSDT,-1,2024-09-13 23:00:00+00:00,0.10728,2024-09-14 01:00:00+00:00,0.10679,signal_reverse,False,0.1104984,,False,100.0,1.0,100.0,100.0,932.1401938851603,0.4567486950037326,0.31931487695749444,0.005812,0.14324581804623818
p697,DOGEUSDT,-1,2024-09-14 07:00:00+00:00,0.10726,2024-09-14 09:00:00+00:00,0.10622,signal_reverse,False,0.11047779999999999,,False,100.0,1.0,100.0,100.0,932.3140033563304,0.9696065634905829,0.31854559015476414,0.005216,0.6562769733358188
p698,DOGEUSDT,-1,2024-09-14 15:00:00+00:00,0.10619,2024-09-14 17:00:00+00:00,0.10506,signal_reverse,False,0.1093757,,False,100.0,1.0,100.0,100.0,941.7082587814294,1.064130332423021,0.31840380450136546,0.0059570000000000005,0.7516835279216554
p699,DOGEUSDT,-1,2024-09-14 23:00:00+00:00,0.10538,2024-09-15 01:00:00+00:00,0.10599,signal_reverse,False,0.1085414,,False,100.0,1.0,100.0,100.0,948.9466691971911,-0.578857468210286,0.32086828620231544,0.001237,-0.8984887544126015
p700,DOGEUSDT,-1,2024-09-15 07:00:00+00:00,0.1055,2024-09-15 09:00:00+00:00,0.10511,signal_reverse,False,0.108665,,False,100.0,1.0,100.0,100.0,947.8672985781991,0.369668246445499,0.31944549763033175,0.001307,0.05152974881516725
p701,DOGEUSDT,-1,2024-09-15 15:00:00+00:00,0.10593,2024-09-15 17:00:00+00:00,0.10535,signal_reverse,False,0.1091079,,False,100.0,1.0,100.0,100.0,944.0196356084207,0.5475313886528813,0.3191787029170207,0.006098,0.2344506857358606
p702,DOGEUSDT,-1,2024-09-15 23:00:00+00:00,0.1038,2024-09-16 01:00:00+00:00,0.10109,signal_reverse,False,0.10691400000000001,,False,100.0,1.0,100.0,100.0,963.3911368015414,2.6107899807321813,0.31608381502890176,0.00025,2.2949561657032795
p703,DOGEUSDT,-1,2024-09-16 07:00:00+00:00,0.10159,2024-09-16 09:00:00+00:00,0.1017,signal_reverse,False,0.1046377,,False,100.0,1.0,100.0,100.0,984.3488532335859,-0.10827837385569346,0.32016241756078356,-0.007025,-0.435465791416477
p704,DOGEUSDT,1,2024-09-16 15:00:00+00:00,0.09991,2024-09-16 17:00:00+00:00,0.09983,signal_reverse,False,0.0969127,,False,100.0,1.0,100.0,100.0,1000.9008107296567,-0.08007206485836928,0.31987989190271243,-0.000637,-0.4005889567610817
p705,DOGEUSDT,-1,2024-09-16 23:00:00+00:00,0.09908,2024-09-17 01:00:00+00:00,0.09909,signal_reverse,False,0.1020524,,False,100.0,1.0,100.0,100.0,1009.2854259184497,-0.010092854259180585,0.3200151392813888,-0.008289999999999999,-0.33839799354056943
p706,DOGEUSDT,1,2024-09-17 07:00:00+00:00,0.10034,2024-09-17 09:00:00+00:00,0.10067,signal_reverse,False,0.0973298,,False,100.0,1.0,100.0,100.0,996.6115208291808,0.32888180187362664,0.32049332270281045,-0.001043,0.007345479170816198
p707,DOGEUSDT,-1,2024-09-17 15:00:00+00:00,0.10077,2024-09-17 17:00:00+00:00,0.10177,signal_reverse,False,0.1037931,,False,100.0,1.0,100.0,100.0,992.358836955443,-0.9923588369554439,0.32148853825543316,0.007561,-1.306286375210877
p708,DOGEUSDT,-1,2024-09-17 23:00:00+00:00,0.10092,2024-09-18 01:00:00+00:00,0.10026,signal_reverse,False,0.1039476,,False,100.0,1.0,100.0,100.0,990.8838684106223,0.6539833531510048,0.31901902497027357,0.01,0.3449643281807312
p709,DOGEUSDT,-1,2024-09-18 07:00:00+00:00,0.10098,2024-09-18 09:00:00+00:00,0.1,signal_reverse,False,0.1040094,,False,100.0,1.0,100.0,100.0,990.2951079421667,0.9704892057833182,0.31854426619132503,-0.001032,0.6509129395919931
p710,DOGEUSDT,1,2024-09-18 15:00:00+00:00,0.10043,2024-09-18 17:00:00+00:00,0.10125,signal_reverse,False,0.0974171,,False,100.0,1.0,100.0,100.0,995.7184108334162,0.8164890968834025,0.3212247336453251,-0.006057,0.48920736323807745
p711,DOGEUSDT,-1,2024-09-18 23:00:00+00:00,0.10222,2024-09-19 00:00:00+00:00,0.10528660000000001,initial_sl,False,0.10528660000000001,,False,100.0,1.0,100.0,100.0,978.2821365681862,-3.000000000000002,0.3245,0.0,-3.3245000000000022
p712,DOGEUSDT,-1,2024-09-19 07:00:00+00:00,0.10392,2024-09-19 09:00:00+00:00,0.10439,signal_reverse,False,0.1070376,,False,100.0,1.0,100.0,100.0,962.278675904542,-0.45227097767513297,0.32067840646651274,0.002048,-0.7709013841416457
p713,DOGEUSDT,-1,2024-09-19 15:00:00+00:00,0.1048,2024-09-19 17:00:00+00:00,0.1064,signal_reverse,False,0.107944,,False,100.0,1.0,100.0,100.0,954.1984732824427,-1.5267175572518992,0.3222900763358779,0.009148,-1.8398596335877773
p714,DOGEUSDT,-1,2024-09-19 23:00:00+00:00,0.10512,2024-09-20 01:00:00+00:00,0.10432,signal_reverse,False,0.10827360000000001,,False,100.0,1.0,100.0,100.0,951.2937595129375,0.7610350076103586,0.31885844748858444,0.01,0.45217656012177415
p715,DOGEUSDT,-1,2024-09-20 07:00:00+00:00,0.10698,2024-09-20 09:00:00+00:00,0.10676,signal_reverse,False,0.1101894,,False,100.0,1.0,100.0,100.0,934.7541596560104,0.20564591512433336,0.3196915311273135,0.009106999999999999,-0.10493861600298016
p716,DOGEUSDT,-1,2024-09-20 15:00:00+00:00,0.10473,2024-09-20 17:00:00+00:00,0.10432,signal_reverse,False,0.1078719,,False,100.0,1.0,100.0,100.0,954.8362455838824,0.391482860689399,0.3194127757089659,0.0026219999999999998,0.0746920849804331
p717,DOGEUSDT,-1,2024-09-20 23:00:00+00:00,0.10567,2024-09-21 01:00:00+00:00,0.1042,signal_reverse,False,0.1088401,,False,100.0,1.0,100.0,100.0,946.3423866754991,1.3911233084129828,0.3179133150373806,0.01,1.0832099933756023
p718,DOGEUSDT,-1,2024-09-21 07:00:00+00:00,0.10506,2024-09-21 09:00:00+00:00,0.10642,signal_reverse,False,0.1082118,,False,100.0,1.0,100.0,100.0,951.8370454978108,-1.2944983818770228,0.3219417475728155,0.008486,-1.6079541294498383
p719,DOGEUSDT,-1,2024-09-21 15:00:00+00:00,0.10883,2024-09-21 17:00:00+00:00,0.1085,signal_reverse,False,0.1120949,,False,100.0,1.0,100.0,100.0,918.8642837452909,0.3032252136359432,0.3195451621795461,0.008706,-0.007613948543602913
p720,DOGEUSDT,-1,2024-09-21 23:00:00+00:00,0.10948,2024-09-22 01:00:00+00:00,0.10915,signal_reverse,False,0.11276439999999999,,False,100.0,1.0,100.0,100.0,913.4088417975887,0.3014249177932015,0.31954786262331025,0.01,-0.008122944830108733
p721,DOGEUSDT,-1,2024-09-22 07:00:00+00:00,0.10783,2024-09-22 09:00:00+00:00,0.10706,signal_reverse,False,0.1110649,,False,100.0,1.0,100.0,100.0,927.3856997125105,0.7140869887786265,0.3189288695168321,0.01,0.40515811926179446
p722,DOGEUSDT,-1,2024-09-22 15:00:00+00:00,0.1057,2024-09-22 17:00:00+00:00,0.10656,signal_reverse,False,0.108871,,False,100.0,1.0,100.0,100.0,946.0737937559129,-0.8136234626300848,0.32122043519394516,0.004231,-1.1306128978240297
p723,DOGEUSDT,-1,2024-09-22 23:00:00+00:00,0.10672,2024-09-23 01:00:00+00:00,0.10759,signal_reverse,False,0.1099216,,False,100.0,1.0,100.0,100.0,937.031484257871,-0.8152173913043569,0.32122282608695657,0.001264,-1.1351762173913136
p724,DOGEUSDT,-1,2024-09-23 07:00:00+00:00,0.10785,2024-09-23 09:00:00+00:00,0.10708,signal_reverse,False,0.1110855,,False,100.0,1.0,100.0,100.0,927.2137227630968,0.7139545665275908,0.31892906815020866,0.01,0.40502549837738216
p725,DOGEUSDT,-1,2024-09-23 15:00:00+00:00,0.10654,2024-09-23 17:00:00+00:00,0.10682,signal_reverse,False,0.10973619999999999,,False,100.0,1.0,100.0,100.0,938.6146048432514,-0.2628120893561127,0.32039421813403424,0.0036220000000000002,-0.579584307490147
p726,DOGEUSDT,-1,2024-09-23 23:00:00+00:00,0.1078,2024-09-24 01:00:00+00:00,0.10773,signal_reverse,False,0.11103400000000001,,False,100.0,1.0,100.0,100.0,927.6437847866418,0.0649350649350655,0.3199025974025974,0.0073869999999999995,-0.2475805324675319
p727,DOGEUSDT,-1,2024-09-24 07:00:00+00:00,0.10771,2024-09-24 09:00:00+00:00,0.10815,signal_reverse,False,0.1109413,,False,100.0,1.0,100.0,100.0,928.4189026088571,-0.40850431714789337,0.32061275647572185,0.01,-0.7191170736236152
p728,DOGEUSDT,-1,2024-09-24 15:00:00+00:00,0.1077,2024-09-24 17:00:00+00:00,0.1088,signal_reverse,False,0.110931,,False,100.0,1.0,100.0,100.0,928.5051067780872,-1.0213556174558867,0.3215320334261838,0.01,-1.3328876508820704
p729,DOGEUSDT,-1,2024-09-24 23:00:00+00:00,0.1102,2024-09-25 01:00:00+00:00,0.11026,signal_reverse,False,0.11350600000000001,,False,100.0,1.0,100.0,100.0,907.4410163339383,-0.05444646098002778,0.32008166969147006,0.01,-0.3645281306714978
p730,DOGEUSDT,-1,2024-09-25 07:00:00+00:00,0.10875,2024-09-25 09:00:00+00:00,0.10852,signal_reverse,False,0.1120125,,False,100.0,1.0,100.0,100.0,919.5402298850574,0.21149425287355778,0.31968275862068973,0.01,-0.09818850574713196
p731,DOGEUSDT,-1,2024-09-25 15:00:00+00:00,0.10986,2024-09-25 17:00:00+00:00,0.10951,signal_reverse,False,0.1131558,,False,100.0,1.0,100.0,100.0,910.2494083378846,0.31858729291826243,0.3195221190606226,0.009338,0.008403173857639822
p732,DOGEUSDT,-1,2024-09-25 23:00:00+00:00,0.10907,2024-09-26 01:00:00+00:00,0.10819,signal_reverse,False,0.1123421,,False,100.0,1.0,100.0,100.0,916.8423947923352,0.8068213074172603,0.3187897680388741,0.01,0.49803153937838623
p733,DOGEUSDT,-1,2024-09-26 07:00:00+00:00,0.11319,2024-09-26 09:00:00+00:00,0.11345,signal_reverse,False,0.1165857,,False,100.0,1.0,100.0,100.0,883.4702712253733,-0.22970227051859382,0.32034455340577794,0.01,-0.5400468239243718
p734,DOGEUSDT,-1,2024-09-26 15:00:00+00:00,0.11466,2024-09-26 16:00:00+00:00,0.1180998,initial_sl,False,0.1180998,,False,100.0,1.0,100.0,100.0,872.1437292865864,-3.0000000000000058,0.3245,0.0,-3.324500000000006
p735,DOGEUSDT,-1,2024-09-26 23:00:00+00:00,0.11787,2024-09-27 01:00:00+00:00,0.11804,signal_reverse,False,0.1214061,,False,100.0,1.0,100.0,100.0,848.3922965979468,-0.14422669042165392,0.3202163400356325,0.01,-0.4544430304572864
p736,DOGEUSDT,-1,2024-09-27 07:00:00+00:00,0.12363,2024-09-27 09:00:00+00:00,0.12422,signal_reverse,False,0.1273389,,False,100.0,1.0,100.0,100.0,808.865162177465,-0.4772304456846989,0.32071584566852707,0.01,-0.787946291353226
p737,DOGEUSDT,-1,2024-09-27 15:00:00+00:00,0.12673,2024-09-27 17:00:00+00:00,0.12381,signal_reverse,False,0.1305319,,False,100.0,1.0,100.0,100.0,789.0791446382071,2.3041111023435694,0.31654383334648467,0.01,1.9975672689970847
p738,DOGEUSDT,-1,2024-09-27 23:00:00+00:00,0.12396,2024-09-28 01:00:00+00:00,0.12461,signal_reverse,False,0.1276788,,False,100.0,1.0,100.0,100.0,806.7118425298484,-0.5243626976443997,0.3207865440464666,0.009158999999999999,-0.8359902416908663
p739,DOGEUSDT,-1,2024-09-28 07:00:00+00:00,0.12311,2024-09-28 09:00:00+00:00,0.12228,signal_reverse,False,0.1268033,,False,100.0,1.0,100.0,100.0,812.2816992933149,0.6741938104134493,0.31898870928437983,0.01,0.36520510112906945
p740,DOGEUSDT,-1,2024-09-28 15:00:00+00:00,0.13021,2024-09-28 17:00:00+00:00,0.12942,signal_reverse,False,0.1341163,,False,100.0,1.0,100.0,100.0,767.9901697258275,0.6067122340833924,0.31908993164887495,0.01,0.2976223024345174
p741,DOGEUSDT,-1,2024-09-28 23:00:00+00:00,0.12883,2024-09-29 01:00:00+00:00,0.12915,signal_reverse,False,0.1326949,,False,100.0,1.0,100.0,100.0,776.2167197081425,-0.24838935030659548,0.32037258402545987,0.01,-0.5587619343320553
p742,DOGEUSDT,-1,2024-09-29 07:00:00+00:00,0.12691,2024-09-29 09:00:00+00:00,0.12658,signal_reverse,False,0.13071729999999998,,False,100.0,1.0,100.0,100.0,787.959971633441,0.2600267906390331,0.3196099598140415,0.01,-0.049583169175008386
p743,DOGEUSDT,-1,2024-09-29 15:00:00+00:00,0.12536,2024-09-29 17:00:00+00:00,0.12677,signal_reverse,False,0.1291208,,False,100.0,1.0,100.0,100.0,797.702616464582,-1.1247606892150563,0.3216871410338226,0.01,-1.436447830248879
p744,DOGEUSDT,-1,2024-09-29 23:00:00+00:00,0.12579,2024-09-30 01:00:00+00:00,0.12235,signal_reverse,False,0.1295637,,False,100.0,1.0,100.0,100.0,794.9757532395261,2.7347165911439797,0.315897925113284,0.01,2.4288186660306956
p745,DOGEUSDT,-1,2024-09-30 07:00:00+00:00,0.12223,2024-09-30 09:00:00+00:00,0.12017,signal_reverse,False,0.1258969,,False,100.0,1.0,100.0,100.0,818.1297553792031,1.6853472960811635,0.31747197905587826,0.01,1.3778753170252853
p746,DOGEUSDT,-1,2024-09-30 15:00:00+00:00,0.1193,2024-09-30 17:00:00+00:00,0.11805,signal_reverse,False,0.122879,,False,100.0,1.0,100.0,100.0,838.2229673093043,1.0477787091366313,0.31842833193629505,0.01,0.7393503772003363
p747,DOGEUSDT,-1,2024-09-30 23:00:00+00:00,0.11585,2024-10-01 01:00:00+00:00,0.1164,signal_reverse,False,0.1193255,,False,100.0,1.0,100.0,100.0,863.1851532153647,-0.4747518342684582,0.32071212775140273,0.01,-0.7854639620198609
p748,DOGEUSDT,-1,2024-10-01 07:00:00+00:00,0.1187,2024-10-01 09:00:00+00:00,0.11807,signal_reverse,False,0.122261,,False,100.0,1.0,100.0,100.0,842.4599831508003,0.5307497893850089,0.31920387531592254,0.003303,0.2148489140690864
p749,DOGEUSDT,-1,2024-10-01 15:00:00+00:00,0.11163,2024-10-01 17:00:00+00:00,0.10777,signal_reverse,False,0.1149789,,False,100.0,1.0,100.0,100.0,895.8165367732689,3.4578518319448075,0.3148132222520828,0.01,3.1530386096927243
p750,DOGEUSDT,-1,2024-10-01 23:00:00+00:00,0.10651,2024-10-02 01:00:00+00:00,0.10808,signal_reverse,False,0.10970529999999999,,False,100.0,1.0,100.0,100.0,938.8789784996715,-1.4740399962444861,0.3222110599943668,-0.005228,-1.801479056238853
p751,DOGEUSDT,1,2024-10-02 07:00:00+00:00,0.10897,2024-10-02 09:00:00+00:00,0.10633,signal_reverse,False,0.1057009,,False,100.0,1.0,100.0,100.0,917.6837661741764,-2.422685142699829,0.31636597228595026,-0.009301,-2.748352114985779
p752,DOGEUSDT,-1,2024-10-02 15:00:00+00:00,0.10505,2024-10-02 17:00:00+00:00,0.10572,signal_reverse,False,0.1082015,,False,100.0,1.0,100.0,100.0,951.927653498334,-0.6377915278438744,0.32095668729176585,-0.007586,-0.9663342151356402
p753,DOGEUSDT,1,2024-10-02 23:00:00+00:00,0.10547,2024-10-03 01:00:00+00:00,0.10633,signal_reverse,False,0.10230589999999999,,False,100.0,1.0,100.0,100.0,948.1369109699441,0.8153977434341516,0.32122309661515125,0.0031430000000000004,0.49731764681900037
p754,DOGEUSDT,1,2024-10-03 07:00:00+00:00,0.10566,2024-10-03 08:00:00+00:00,0.1024902,initial_sl,False,0.1024902,,False,100.0,1.0,100.0,100.0,946.431951542684,-3.0,0.3155,0.0,-3.3155
p755,DOGEUSDT,-1,2024-10-03 15:00:00+00:00,0.10239,2024-10-03 17:00:00+00:00,0.10366,signal_reverse,False,0.10546169999999999,,False,100.0,1.0,100.0,100.0,976.657876745776,-1.2403555034671425,0.3218605332552007,-0.002284,-1.5645000367223432
p756,DOGEUSDT,1,2024-10-03 23:00:00+00:00,0.10507,2024-10-04 01:00:00+00:00,0.10657,signal_reverse,False,0.10191789999999999,,False,100.0,1.0,100.0,100.0,951.7464547444561,1.4276196821166853,0.32214142952317504,-0.008138,1.0973402525935103
p757,DOGEUSDT,-1,2024-10-04 07:00:00+00:00,0.10739,2024-10-04 09:00:00+00:00,0.10734,signal_reverse,False,0.1106117,,False,100.0,1.0,100.0,100.0,931.1853990129434,0.046559269950642045,0.3199301610950741,0.0016140000000000002,-0.2717568911444321
p758,DOGEUSDT,-1,2024-10-04 15:00:00+00:00,0.10735,2024-10-04 17:00:00+00:00,0.10862,signal_reverse,False,0.1105705,,False,100.0,1.0,100.0,100.0,931.5323707498835,-1.1830461108523458,0.32177456916627856,0.003678,-1.5011426800186243
p759,DOGEUSDT,-1,2024-10-04 23:00:00+00:00,0.1093,2024-10-05 01:00:00+00:00,0.10905,signal_reverse,False,0.112579,,False,100.0,1.0,100.0,100.0,914.9130832570906,0.22872827081427285,0.3196569075937786,-0.001094,-0.09202263677950577
p760,DOGEUSDT,1,2024-10-05 07:00:00+00:00,0.10913,2024-10-05 09:00:00+00:00,0.10971,signal_reverse,False,0.10585610000000001,,False,100.0,1.0,100.0,100.0,916.338312104829,0.5314762210207983,0.3207972143315312,-0.003347,0.2073320066892671
p761,DOGEUSDT,-1,2024-10-05 15:00:00+00:00,0.10912,2024-10-05 17:00:00+00:00,0.10911,signal_reverse,False,0.1123936,,False,100.0,1.0,100.0,100.0,916.4222873900294,0.009164222873896741,0.31998625366568917,0.0073230000000000005,-0.3034990307917924
p762,DOGEUSDT,-1,2024-10-05 23:00:00+00:00,0.10962,2024-10-06 01:00:00+00:00,0.10983,signal_reverse,False,0.1129086,,False,100.0,1.0,100.0,100.0,912.2422915526364,-0.19157088122605534,0.32028735632183913,0.01,-0.5018582375478945
p763,DOGEUSDT,-1,2024-10-06 07:00:00+00:00,0.1085,2024-10-06 09:00:00+00:00,0.10914,signal_reverse,False,0.111755,,False,100.0,1.0,100.0,100.0,921.6589861751152,-0.5898617511520753,0.3208847926267281,0.0067929999999999996,-0.9039535437788033
p764,DOGEUSDT,-1,2024-10-06 15:00:00+00:00,0.11247,2024-10-06 17:00:00+00:00,0.11091,signal_reverse,False,0.1158441,,False,100.0,1.0,100.0,100.0,889.1259891526629,1.3870365430781593,0.3179194451853828,0.0063,1.0754170978927764
p765,DOGEUSDT,-1,2024-10-06 23:00:00+00:00,0.1109,2024-10-07 01:00:00+00:00,0.114227,initial_sl,False,0.114227,,False,100.0,1.0,100.0,100.0,901.7132551848513,-2.9999999999999973,0.3245,-0.004962,-3.3294619999999973
p766,DOGEUSDT,1,2024-10-07 07:00:00+00:00,0.11438,2024-10-07 09:00:00+00:00,0.11221,signal_reverse,False,0.1109486,,False,100.0,1.0,100.0,100.0,874.2787200559538,-1.8971848225214123,0.31715422276621796,-0.009692,-2.22403104528763
p767,DOGEUSDT,-1,2024-10-07 15:00:00+00:00,0.11304,2024-10-07 17:00:00+00:00,0.11242,signal_reverse,False,0.1164312,,False,100.0,1.0,100.0,100.0,884.6426043878273,0.548478414720449,0.31917728237791937,0.00953,0.23883113234252965
p768,DOGEUSDT,-1,2024-10-07 23:00:00+00:00,0.11004,2024-10-08 01:00:00+00:00,0.10932,signal_reverse,False,0.1133412,,False,100.0,1.0,100.0,100.0,908.7604507451836,0.6543075245365307,0.3190185387131952,0.002638,0.3379269858233355
p769,DOGEUSDT,-1,2024-10-08 07:00:00+00:00,0.10789,2024-10-08 09:00:00+00:00,0.10764,signal_reverse,False,0.1111267,,False,100.0,1.0,100.0,100.0,926.8699601445917,0.23171749003614814,0.3196524237649458,0.0011359999999999999,-0.08679893372879766
p770,DOGEUSDT,-1,2024-10-08 15:00:00+00:00,0.10731,2024-10-08 17:00:00+00:00,0.10704,signal_reverse,False,0.1105293,,False,100.0,1.0,100.0,100.0,931.8796011555307,0.2516074923119992,0.319622588761532,0.002249,-0.0657660964495328
p771,DOGEUSDT,-1,2024-10-08 23:00:00+00:00,0.1071,2024-10-09 01:00:00+00:00,0.10878,signal_reverse,False,0.110313,,False,100.0,1.0,100.0,100.0,933.7068160597572,-1.568627450980393,0.3223529411764706,0.005751,-1.8852293921568637
p772,DOGEUSDT,-1,2024-10-09 07:00:00+00:00,0.10891,2024-10-09 09:00:00+00:00,0.10919,signal_reverse,False,0.11217730000000001,,False,100.0,1.0,100.0,100.0,918.1893306399779,-0.2570930125791833,0.32038563951886884,0.01,-0.5674786520980521
p773,DOGEUSDT,-1,2024-10-09 15:00:00+00:00,0.10882,2024-10-09 17:00:00+00:00,0.1099,signal_reverse,False,0.1120846,,False,100.0,1.0,100.0,100.0,918.9487226612755,-0.9924646204741754,0.3214886969307113,0.007302,-1.3066513174048868
p774,DOGEUSDT,-1,2024-10-09 23:00:00+00:00,0.10746,2024-10-10 01:00:00+00:00,0.10758,signal_reverse,False,0.1106838,,False,100.0,1.0,100.0,100.0,930.5788200260562,-0.11166945840312219,0.3201675041876047,0.009817000000000001,-0.4220199625907269
p775,DOGEUSDT,-1,2024-10-10 07:00:00+00:00,0.108,2024-10-10 09:00:00+00:00,0.1061,signal_reverse,False,0.11124,,False,100.0,1.0,100.0,100.0,925.925925925926,1.7592592592592584,0.31736111111111115,0.0061470000000000006,1.448045148148147
p776,DOGEUSDT,-1,2024-10-10 15:00:00+00:00,0.10497,2024-10-10 17:00:00+00:00,0.104,signal_reverse,False,0.1081191,,False,100.0,1.0,100.0,100.0,952.6531389920931,0.924073544822329,0.31861388968276655,-0.0034400000000000003,0.6020196551395623
p777,DOGEUSDT,1,2024-10-10 23:00:00+00:00,0.10577,2024-10-11 01:00:00+00:00,0.10679,signal_reverse,False,0.1025969,,False,100.0,1.0,100.0,100.0,945.4476694714947,0.9643566228609181,0.32144653493429143,-0.006154,0.6367560879266266
p778,DOGEUSDT,-1,2024-10-11 07:00:00+00:00,0.10768,2024-10-11 09:00:00+00:00,0.10842,signal_reverse,False,0.11091039999999999,,False,100.0,1.0,100.0,100.0,928.6775631500743,-0.6872213967310592,0.3210308320950966,0.007051999999999999,-1.0012002288261557
p779,DOGEUSDT,-1,2024-10-11 15:00:00+00:00,0.10885,2024-10-11 17:00:00+00:00,0.11105,signal_reverse,False,0.1121155,,False,100.0,1.0,100.0,100.0,918.6954524575103,-2.021129995406517,0.32303169499310974,0.01,-2.3341616903996267
p780,DOGEUSDT,-1,2024-10-11 23:00:00+00:00,0.11071,2024-10-12 01:00:00+00:00,0.111,signal_reverse,False,0.1140313,,False,100.0,1.0,100.0,100.0,903.2607713846987,-0.2619456237015614,0.3203929184355524,0.01,-0.5723385421371138
p781,DOGEUSDT,-1,2024-10-12 07:00:00+00:00,0.11072,2024-10-12 09:00:00+00:00,0.11125,signal_reverse,False,0.11404159999999999,,False,100.0,1.0,100.0,100.0,903.179190751445,-0.4786849710982683,0.3207180274566474,0.01,-0.7894029985549157
p782,DOGEUSDT,-1,2024-10-12 15:00:00+00:00,0.11154,2024-10-12 17:00:00+00:00,0.11145,signal_reverse,False,0.1148862,,False,100.0,1.0,100.0,100.0,896.5393580778197,0.08068854222700982,0.31987896718665954,0.01,-0.2291904249596497
p783,DOGEUSDT,-1,2024-10-12 23:00:00+00:00,0.11157,2024-10-13 01:00:00+00:00,0.11062,signal_reverse,False,0.11491710000000001,,False,100.0,1.0,100.0,100.0,896.2982880702698,0.8514833736667621,0.3187227749394999,0.0069889999999999996,0.5397495987272621
p784,DOGEUSDT,-1,2024-10-13 07:00:00+00:00,0.11137,2024-10-13 09:00:00+00:00,0.11187,signal_reverse,False,0.1147111,,False,100.0,1.0,100.0,100.0,897.9078746520607,-0.4489539373260308,0.32067343090598904,0.01,-0.7596273682320198
p785,DOGEUSDT,-1,2024-10-13 15:00:00+00:00,0.10985,2024-10-13 17:00:00+00:00,0.10985,signal_reverse,False,0.11314550000000001,,False,100.0,1.0,100.0,100.0,910.3322712790168,-0.0,0.32,0.01,-0.31
p786,DOGEUSDT,-1,2024-10-13 23:00:00+00:00,0.11115,2024-10-14 01:00:00+00:00,0.11004,signal_reverse,False,0.1144845,,False,100.0,1.0,100.0,100.0,899.685110211426,0.9986504723346827,0.31850202429149804,0.01,0.6901484480431848
p787,DOGEUSDT,-1,2024-10-14 07:00:00+00:00,0.11202,2024-10-14 09:00:00+00:00,0.11298,signal_reverse,False,0.1153806,,False,100.0,1.0,100.0,100.0,892.6977325477594,-0.8569898232458513,0.3212854847348688,0.01,-1.16827530798072
p788,DOGEUSDT,-1,2024-10-14 15:00:00+00:00,0.11483,2024-10-14 17:00:00+00:00,0.11489,signal_reverse,False,0.1182749,,False,100.0,1.0,100.0,100.0,870.852564660803,-0.05225115387965209,0.32007837673081946,0.01,-0.3623295306104715
p789,DOGEUSDT,-1,2024-10-14 23:00:00+00:00,0.11757,2024-10-15 01:00:00+00:00,0.11792,signal_reverse,False,0.1210971,,False,100.0,1.0,100.0,100.0,850.5571149102663,-0.2976949902185958,0.3204465424853279,0.01,-0.6081415327039237
p790,DOGEUSDT,-1,2024-10-15 07:00:00+00:00,0.11615,2024-10-15 09:00:00+00:00,0.11553,signal_reverse,False,0.1196345,,False,100.0,1.0,100.0,100.0,860.9556607834696,0.5337925096857593,0.31919931123547135,0.01,0.22459319845028797
p791,DOGEUSDT,-1,2024-10-15 15:00:00+00:00,0.11259,2024-10-15 16:00:00+00:00,0.11596769999999999,initial_sl,False,0.11596769999999999,,False,100.0,1.0,100.0,100.0,888.1783462119193,-2.999999999999998,0.3245,0.0,-3.324499999999998
p792,DOGEUSDT,-1,2024-10-15 23:00:00+00:00,0.11514,2024-10-16 01:00:00+00:00,0.11657,signal_reverse,False,0.11859420000000001,,False,100.0,1.0,100.0,100.0,868.5079034219211,-1.2419663018933358,0.32186294945284,0.01,-1.5538292513461758
p793,DOGEUSDT,-1,2024-10-16 07:00:00+00:00,0.11826,2024-10-16 08:00:00+00:00,0.12180780000000001,initial_sl,False,0.12180780000000001,,False,100.0,1.0,100.0,100.0,845.594452900389,-3.000000000000003,0.3245,0.0,-3.324500000000003
p794,DOGEUSDT,-1,2024-10-16 15:00:00+00:00,0.12574,2024-10-16 17:00:00+00:00,0.12709,signal_reverse,False,0.1295122,,False,100.0,1.0,100.0,100.0,795.291872117067,-1.0736440273580545,0.3216104660410371,0.01,-1.3852544933990916
p795,DOGEUSDT,-1,2024-10-16 23:00:00+00:00,0.12698,2024-10-17 01:00:00+00:00,0.12494,signal_reverse,False,0.1307894,,False,100.0,1.0,100.0,100.0,787.5255945818238,1.6065522129469316,0.3175901716805796,0.01,1.298962041266352
p796,DOGEUSDT,-1,2024-10-17 07:00:00+00:00,0.12223,2024-10-17 09:00:00+00:00,0.12292,signal_reverse,False,0.1258969,,False,100.0,1.0,100.0,100.0,818.1297553792031,-0.5645095312116469,0.32084676429681747,0.01,-0.8753562955084644
p797,DOGEUSDT,-1,2024-10-17 15:00:00+00:00,0.12156,2024-10-17 17:00:00+00:00,0.12293,signal_reverse,False,0.1252068,,False,100.0,1.0,100.0,100.0,822.6390259953932,-1.1270154656136857,0.3216905231984206,0.01,-1.4387059888121063
p798,DOGEUSDT,-1,2024-10-17 23:00:00+00:00,0.12851,2024-10-18 00:00:00+00:00,0.13236530000000002,initial_sl,False,0.13236530000000002,,False,100.0,1.0,100.0,100.0,778.1495603454983,-3.0000000000000044,0.3245,0.0,-3.3245000000000045
p799,DOGEUSDT,-1,2024-10-18 07:00:00+00:00,0.13487,2024-10-18 09:00:00+00:00,0.13487,signal_reverse,False,0.1389161,,False,100.0,1.0,100.0,100.0,741.4547341884778,-0.0,0.32,0.01,-0.31
p800,DOGEUSDT,-1,2024-10-18 15:00:00+00:00,0.13581,2024-10-18 16:00:00+00:00,0.1398843,initial_sl,False,0.1398843,,False,100.0,1.0,100.0,100.0,736.3228039172374,-3.000000000000002,0.3245,0.0,-3.3245000000000022
p801,DOGEUSDT,-1,2024-10-18 23:00:00+00:00,0.13813,2024-10-19 01:00:00+00:00,0.1422739,initial_sl,False,0.1422739,,False,100.0,1.0,100.0,100.0,723.9556939115326,-3.0000000000000044,0.3245,0.01,-3.3145000000000047
p802,DOGEUSDT,-1,2024-10-19 07:00:00+00:00,0.14514,2024-10-19 09:00:00+00:00,0.1448,signal_reverse,False,0.1494942,,False,100.0,1.0,100.0,100.0,688.9899407468652,0.23425657985391982,0.31964861513021914,0.01,-0.07539203527629933
p803,DOGEUSDT,-1,2024-10-19 15:00:00+00:00,0.14634,2024-10-19 17:00:00+00:00,0.14004,signal_reverse,False,0.1507302,,False,100.0,1.0,100.0,100.0,683.3401667350007,4.305043050430505,0.3135424354243543,0.01,4.00150061500615
p804,DOGEUSDT,-1,2024-10-19 23:00:00+00:00,0.14338,2024-10-20 01:00:00+00:00,0.14192,signal_reverse,False,0.14768140000000002,,False,100.0,1.0,100.0,100.0,697.4473427256241,1.018273120379423,0.31847259031943087,0.01,0.7098005300599922
p805,DOGEUSDT,-1,2024-10-20 07:00:00+00:00,0.14212,2024-10-20 09:00:00+00:00,0.1433,signal_reverse,False,0.1463836,,False,100.0,1.0,100.0,100.0,703.6307345904869,-0.8302842668167847,0.32124542640022524,0.01,-1.14152969321701
p806,DOGEUSDT,-1,2024-10-20 15:00:00+00:00,0.13914,2024-10-20 17:00:00+00:00,0.14037,signal_reverse,False,0.1433142,,False,100.0,1.0,100.0,100.0,718.7005893344832,-0.8840017248814007,0.32132600258732213,0.01,-1.1953277274687228
p807,DOGEUSDT,-1,2024-10-20 23:00:00+00:00,0.14263,2024-10-21 01:00:00+00:00,0.1469089,initial_sl,False,0.1469089,,False,100.0,1.0,100.0,100.0,701.1147724882563,-3.0000000000000013,0.3245,0.01,-3.3145000000000016
p808,DOGEUSDT,-1,2024-10-21 07:00:00+00:00,0.14732,2024-10-21 09:00:00+00:00,0.14587,signal_reverse,False,0.1517396,,False,100.0,1.0,100.0,100.0,678.794461037198,0.9842519685039417,0.3185236220472441,0.01,0.6757283464566977
p809,DOGEUSDT,-1,2024-10-21 15:00:00+00:00,0.14156,2024-10-21 17:00:00+00:00,0.14272,signal_reverse,False,0.1458068,,False,100.0,1.0,100.0,100.0,706.4142413111049,-0.8194405199208973,0.32122916077988134,0.01,-1.1306696807007786
p810,DOGEUSDT,-1,2024-10-21 23:00:00+00:00,0.14476,2024-10-22 01:00:00+00:00,0.14613,signal_reverse,False,0.1491028,,False,100.0,1.0,100.0,100.0,690.7985631389887,-0.9463940315004215,0.32141959104725065,0.01,-1.2578136225476721
p811,DOGEUSDT,-1,2024-10-22 07:00:00+00:00,0.14551,2024-10-22 09:00:00+00:00,0.14241,signal_reverse,False,0.1498753,,False,100.0,1.0,100.0,100.0,687.2379905161157,2.130437770599953,0.31680434334410007,0.01,1.8236334272558528
p812,DOGEUSDT,-1,2024-10-22 15:00:00+00:00,0.14069,2024-10-22 17:00:00+00:00,0.13892,signal_reverse,False,0.1449107,,False,100.0,1.0,100.0,100.0,710.782571611344,1.2580851517520941,0.3181128722723719,0.01,0.9499722794797223
p813,DOGEUSDT,-1,2024-10-22 23:00:00+00:00,0.1408,2024-10-23 01:00:00+00:00,0.13929,signal_reverse,False,0.14502400000000001,,False,100.0,1.0,100.0,100.0,710.2272727272726,1.0724431818181897,0.3183913352272727,0.01,0.764051846590917
p814,DOGEUSDT,-1,2024-10-23 07:00:00+00:00,0.13954,2024-10-23 09:00:00+00:00,0.13671,signal_reverse,False,0.1437262,,False,100.0,1.0,100.0,100.0,716.6403898523721,2.0280923032822122,0.3169578615450767,0.01,1.7211344417371355
p815,DOGEUSDT,-1,2024-10-23 15:00:00+00:00,0.13991,2024-10-23 17:00:00+00:00,0.13482,signal_reverse,False,0.1441073,,False,100.0,1.0,100.0,100.0,714.7451933385747,3.6380530340933532,0.31454292044885995,0.01,3.333510113644493
p816,DOGEUSDT,-1,2024-10-23 23:00:00+00:00,0.13841,2024-10-24 00:00:00+00:00,0.1425623,initial_sl,False,0.1425623,,False,100.0,1.0,100.0,100.0,722.4911494834188,-2.9999999999999982,0.3245,0.0,-3.3244999999999982
p817,DOGEUSDT,-1,2024-10-24 07:00:00+00:00,0.13866,2024-10-24 09:00:00+00:00,0.13756,signal_reverse,False,0.1428198,,False,100.0,1.0,100.0,100.0,721.1885186787827,0.7933073705466737,0.31881003894418003,0.01,0.48449733160249364
p818,DOGEUSDT,-1,2024-10-24 15:00:00+00:00,0.14108,2024-10-24 17:00:00+00:00,0.14032,signal_reverse,False,0.1453124,,False,100.0,1.0,100.0,100.0,708.8176920895945,0.5387014459880994,0.31919194783101784,0.01,0.2295094981570816
p819,DOGEUSDT,-1,2024-10-24 23:00:00+00:00,0.14198,2024-10-25 01:00:00+00:00,0.13963,signal_reverse,False,0.1462394,,False,100.0,1.0,100.0,100.0,704.3245527539091,1.65516269897168,0.31751725595154245,0.01,1.3476454430201374
p820,DOGEUSDT,-1,2024-10-25 07:00:00+00:00,0.13945,2024-10-25 09:00:00+00:00,0.13911,signal_reverse,False,0.1436335,,False,100.0,1.0,100.0,100.0,717.1029042667624,0.2438149874506843,0.319634277518824,0.01,-0.0658192900681397
p821,DOGEUSDT,-1,2024-10-25 15:00:00+00:00,0.13771,2024-10-25 17:00:00+00:00,0.13417,signal_reverse,False,0.1418413,,False,100.0,1.0,100.0,100.0,726.1636772928618,2.570619417616722,0.31614407087357493,0.01,2.2644753467431467
p822,DOGEUSDT,-1,2024-10-25 23:00:00+00:00,0.13472,2024-10-26 01:00:00+00:00,0.13208,signal_reverse,False,0.1387616,,False,100.0,1.0,100.0,100.0,742.2802850356294,1.959619952494064,0.31706057007125893,0.01,1.652559382422805
p823,DOGEUSDT,-1,2024-10-26 07:00:00+00:00,0.13466,2024-10-26 09:00:00+00:00,0.13473,signal_reverse,False,0.1386998,,False,100.0,1.0,100.0,100.0,742.611020347542,-0.05198277142431809,0.3200779741571365,0.01,-0.3620607455814546
p824,DOGEUSDT,-1,2024-10-26 15:00:00+00:00,0.13226,2024-10-26 17:00:00+00:00,0.13622779999999998,initial_sl,False,0.13622779999999998,,False,100.0,1.0,100.0,100.0,756.0864962951763,-2.9999999999999956,0.3245,0.01,-3.314499999999996
p825,DOGEUSDT,-1,2024-10-26 23:00:00+00:00,0.13766,2024-10-27 01:00:00+00:00,0.13849,signal_reverse,False,0.1417898,,False,100.0,1.0,100.0,100.0,726.427429899753,-0.602934766816793,0.3209044021502252,0.01,-0.9138391689670182
p826,DOGEUSDT,-1,2024-10-27 07:00:00+00:00,0.13823,2024-10-27 09:00:00+00:00,0.13723,signal_reverse,False,0.1423769,,False,100.0,1.0,100.0,100.0,723.431961224047,0.7234319612240476,0.31891485205816394,0.01,0.4145171091658837
p827,DOGEUSDT,-1,2024-10-27 15:00:00+00:00,0.1396,2024-10-27 16:00:00+00:00,0.143788,initial_sl,False,0.143788,,False,100.0,1.0,100.0,100.0,716.3323782234957,-2.999999999999998,0.3245,0.0,-3.324499999999998
p828,DOGEUSDT,-1,2024-10-27 23:00:00+00:00,0.14237,2024-10-28 01:00:00+00:00,0.14202,signal_reverse,False,0.1466411,,False,100.0,1.0,100.0,100.0,702.3951675212475,0.24583830863242903,0.31963124253705133,0.01,-0.0637929339046223
p829,DOGEUSDT,-1,2024-10-28 07:00:00+00:00,0.14301,2024-10-28 09:00:00+00:00,0.14432,signal_reverse,False,0.1473003,,False,100.0,1.0,100.0,100.0,699.2518005733865,-0.9160198587511402,0.3213740297881268,0.01,-1.227393888539267
p830,DOGEUSDT,-1,2024-10-28 15:00:00+00:00,0.15062,2024-10-28 17:00:00+00:00,0.15031,signal_reverse,False,0.15513860000000002,,False,100.0,1.0,100.0,100.0,663.9224538573894,0.20581596069579386,0.3196912760589563,0.01,-0.10387531536316245
p831,DOGEUSDT,-1,2024-10-28 23:00:00+00:00,0.15825,2024-10-29 00:00:00+00:00,0.1629975,initial_sl,False,0.1629975,,False,100.0,1.0,100.0,100.0,631.911532385466,-2.999999999999992,0.3245,0.0,-3.324499999999992
p832,DOGEUSDT,-1,2024-10-29 07:00:00+00:00,0.16481,2024-10-29 09:00:00+00:00,0.16457,signal_reverse,False,0.16975430000000002,,False,100.0,1.0,100.0,100.0,606.7592985862508,0.1456222316607111,0.31978156665250895,0.01,-0.16415933499179786
p833,DOGEUSDT,-1,2024-10-29 15:00:00+00:00,0.16806,2024-10-29 15:00:00+00:00,0.17310179999999997,initial_sl,False,0.17310179999999997,,False,100.0,1.0,100.0,100.0,595.0255861002023,-2.999999999999991,0.3245,0.0,-3.324499999999991
p834,DOGEUSDT,-1,2024-10-29 23:00:00+00:00,0.17469,2024-10-30 01:00:00+00:00,0.17714,signal_reverse,False,0.1799307,,False,100.0,1.0,100.0,100.0,572.442612628084,-1.4024844009387945,0.32210372660140824,0.01,-1.7145881275402026
p835,DOGEUSDT,-1,2024-10-30 07:00:00+00:00,0.17376,2024-10-30 09:00:00+00:00,0.17118,signal_reverse,False,0.1789728,,False,100.0,1.0,100.0,100.0,575.5064456721915,1.4848066298342535,0.3177727900552486,0.01,1.177033839779005
p836,DOGEUSDT,-1,2024-10-30 15:00:00+00:00,0.16896,2024-10-30 17:00:00+00:00,0.16739,signal_reverse,False,0.1740288,,False,100.0,1.0,100.0,100.0,591.8560606060606,0.9292140151515081,0.3186061789772728,0.01,0.6206078361742353
p837,DOGEUSDT,-1,2024-10-30 23:00:00+00:00,0.16927,2024-10-31 01:00:00+00:00,0.17208,signal_reverse,False,0.1743481,,False,100.0,1.0,100.0,100.0,590.772139185916,-1.660069711112428,0.32249010456666866,0.01,-1.9725598156790967
p838,DOGEUSDT,-1,2024-10-31 07:00:00+00:00,0.17145,2024-10-31 09:00:00+00:00,0.17158,signal_reverse,False,0.1765935,,False,100.0,1.0,100.0,100.0,583.2604257801108,-0.07582385535142548,0.32011373578302715,0.01,-0.38593759113445264
p839,DOGEUSDT,-1,2024-10-31 15:00:00+00:00,0.16655,2024-10-31 17:00:00+00:00,0.16635,signal_reverse,False,0.1715465,,False,100.0,1.0,100.0,100.0,600.4202942059442,0.12008405884119228,0.3198198739117383,0.01,-0.189735815070546
p840,DOGEUSDT,-1,2024-10-31 23:00:00+00:00,0.16198,2024-11-01 01:00:00+00:00,0.16064,signal_reverse,False,0.16683940000000003,,False,100.0,1.0,100.0,100.0,617.3601679219656,0.8272626250154388,0.31875910606247687,0.01,0.5185035189529619
p841,DOGEUSDT,-1,2024-11-01 07:00:00+00:00,0.15538,2024-11-01 09:00:00+00:00,0.15846,signal_reverse,False,0.1600414,,False,100.0,1.0,100.0,100.0,643.5834727764192,-1.9822370961513707,0.3229733556442271,0.01,-2.295210451795598
p842,DOGEUSDT,-1,2024-11-01 15:00:00+00:00,0.1667,2024-11-01 17:00:00+00:00,0.16102,signal_reverse,False,0.171701,,False,100.0,1.0,100.0,100.0,599.880023995201,3.407318536292736,0.3148890221955609,0.01,3.102429514097175
p843,DOGEUSDT,-1,2024-11-01 23:00:00+00:00,0.15788,2024-11-02 01:00:00+00:00,0.16115,signal_reverse,False,0.1626164,,False,100.0,1.0,100.0,100.0,633.3924499619965,-2.0711933113757253,0.3231067899670636,0.01,-2.384300101342789
p844,DOGEUSDT,-1,2024-11-02 07:00:00+00:00,0.1623,2024-11-02 09:00:00+00:00,0.15935,signal_reverse,False,0.167169,,False,100.0,1.0,100.0,100.0,616.1429451632779,1.8176216882316747,0.3172735674676525,0.01,1.5103481207640221
p845,DOGEUSDT,-1,2024-11-02 15:00:00+00:00,0.15729,2024-11-02 17:00:00+00:00,0.15771,signal_reverse,False,0.1620087,,False,100.0,1.0,100.0,100.0,635.7683260219975,-0.26702269692922365,0.32040053404539387,0.01,-0.5774232309746175
p846,DOGEUSDT,-1,2024-11-02 23:00:00+00:00,0.15933,2024-11-03 01:00:00+00:00,0.15559,signal_reverse,False,0.1641099,,False,100.0,1.0,100.0,100.0,627.6281930584322,2.347329442038532,0.3164790058369422,0.01,2.04085043620159
p847,DOGEUSDT,-1,2024-11-03 07:00:00+00:00,0.15167,2024-11-03 09:00:00+00:00,0.15024,signal_reverse,False,0.1562201,,False,100.0,1.0,100.0,100.0,659.326168655634,0.942836421177548,0.3185857453682337,0.01,0.6342506758093143
p848,DOGEUSDT,-1,2024-11-03 15:00:00+00:00,0.1458,2024-11-03 17:00:00+00:00,0.1465,signal_reverse,False,0.150174,,False,100.0,1.0,100.0,100.0,685.8710562414266,-0.4801097393689838,0.32072016460905345,0.01,-0.7908299039780373
p849,DOGEUSDT,-1,2024-11-03 23:00:00+00:00,0.15127,2024-11-04 01:00:00+00:00,0.1519,signal_reverse,False,0.15580809999999998,,False,100.0,1.0,100.0,100.0,661.0696106299994,-0.41647385469691245,0.32062471078204535,0.01,-0.7270985654789578
p850,DOGEUSDT,-1,2024-11-04 07:00:00+00:00,0.15229,2024-11-04 09:00:00+00:00,0.15178,signal_reverse,False,0.15685870000000002,,False,100.0,1.0,100.0,100.0,656.6419331538511,0.33488738590847095,0.3194976689211373,0.01,0.02538971698733366
p851,DOGEUSDT,-1,2024-11-04 15:00:00+00:00,0.15534,2024-11-04 16:00:00+00:00,0.1600002,initial_sl,False,0.1600002,,False,100.0,1.0,100.0,100.0,643.7491953135059,-3.000000000000002,0.3245,0.0,-3.3245000000000022
p852,DOGEUSDT,-1,2024-11-04 23:00:00+00:00,0.15768,2024-11-05 00:00:00+00:00,0.16241039999999998,initial_sl,False,0.16241039999999998,,False,100.0,1.0,100.0,100.0,634.1958396752918,-2.999999999999998,0.3245,0.0,-3.324499999999998
p853,DOGEUSDT,-1,2024-11-05 07:00:00+00:00,0.16931,2024-11-05 09:00:00+00:00,0.16782,signal_reverse,False,0.1743893,,False,100.0,1.0,100.0,100.0,590.6325674797708,0.8800425255448534,0.3186799362116827,0.01,0.5713625893331706
p854,DOGEUSDT,-1,2024-11-05 15:00:00+00:00,0.17703,2024-11-05 17:00:00+00:00,0.17585,signal_reverse,False,0.1823409,,False,100.0,1.0,100.0,100.0,564.8760097158674,0.666553691464716,0.3190001694628029,0.01,0.3575535220019131
p855,DOGEUSDT,-1,2024-11-05 23:00:00+00:00,0.17082,2024-11-06 00:00:00+00:00,0.1759446,initial_sl,False,0.1759446,,False,100.0,1.0,100.0,100.0,585.4115443156539,-3.0000000000000044,0.3245,0.0,-3.3245000000000045
p856,DOGEUSDT,-1,2024-11-06 07:00:00+00:00,0.20308,2024-11-06 09:00:00+00:00,0.19784,signal_reverse,False,0.2091724,,False,100.0,1.0,100.0,100.0,492.41678156391566,2.580263935394929,0.31612960409690766,0.01,2.274134331298021
p857,DOGEUSDT,-1,2024-11-06 15:00:00+00:00,0.19201,2024-11-06 17:00:00+00:00,0.19225,signal_reverse,False,0.19777029999999998,,False,100.0,1.0,100.0,100.0,520.8062080099995,-0.12499348992240925,0.32018749023488363,0.01,-0.4351809801572929
p858,DOGEUSDT,-1,2024-11-06 23:00:00+00:00,0.19876,2024-11-07 01:00:00+00:00,0.19949,signal_reverse,False,0.20472279999999998,,False,100.0,1.0,100.0,100.0,503.1193399074261,-0.36727711813242525,0.3205509156771987,0.01,-0.6778280338096239
p859,DOGEUSDT,-1,2024-11-07 07:00:00+00:00,0.19109,2024-11-07 09:00:00+00:00,0.19204,signal_reverse,False,0.19682270000000002,,False,100.0,1.0,100.0,100.0,523.3136218535768,-0.4971479407608868,0.32074572191114137,0.01,-0.8078936626720281
p860,DOGEUSDT,-1,2024-11-07 15:00:00+00:00,0.18931,2024-11-07 16:00:00+00:00,0.1949893,initial_sl,False,0.1949893,,False,100.0,1.0,100.0,100.0,528.2341133590407,-2.999999999999999,0.3245,0.0,-3.324499999999999
p861,DOGEUSDT,-1,2024-11-07 23:00:00+00:00,0.19154,2024-11-08 00:00:00+00:00,0.1972862,initial_sl,False,0.1972862,,False,100.0,1.0,100.0,100.0,522.0841599665866,-3.0000000000000036,0.3245,0.0,-3.3245000000000036
p862,DOGEUSDT,-1,2024-11-08 07:00:00+00:00,0.20082,2024-11-08 09:00:00+00:00,0.19721,signal_reverse,False,0.2068446,,False,100.0,1.0,100.0,100.0,497.95837068021115,1.7976297181555634,0.31730355542276667,0.023363,1.5036891627327968
p863,DOGEUSDT,-1,2024-11-08 15:00:00+00:00,0.19541,2024-11-08 17:00:00+00:00,0.19336,signal_reverse,False,0.2012723,,False,100.0,1.0,100.0,100.0,511.74453712706617,1.0490763011104838,0.31842638554833425,0.01,0.7406499155621495
p864,DOGEUSDT,-1,2024-11-08 23:00:00+00:00,0.20441,2024-11-09 01:00:00+00:00,0.19866,signal_reverse,False,0.21054230000000002,,False,100.0,1.0,100.0,100.0,489.21285651386916,2.81297392495475,0.3157805391125679,0.01,2.5071933858421818
p865,DOGEUSDT,-1,2024-11-09 07:00:00+00:00,0.20518,2024-11-09 08:00:00+00:00,0.2113354,initial_sl,False,0.2113354,,False,100.0,1.0,100.0,100.0,487.3769373233259,-3.0000000000000027,0.3245,0.0,-3.3245000000000027
p866,DOGEUSDT,-1,2024-11-09 15:00:00+00:00,0.20472,2024-11-09 17:00:00+00:00,0.20694,signal_reverse,False,0.2108616,,False,100.0,1.0,100.0,100.0,488.4720593982024,-1.0844079718640092,0.321626611957796,0.01,-1.3960345838218051
p867,DOGEUSDT,-1,2024-11-09 23:00:00+00:00,0.21423,2024-11-10 00:00:00+00:00,0.22065690000000002,initial_sl,False,0.22065690000000002,,False,100.0,1.0,100.0,100.0,466.78803155487094,-3.000000000000006,0.3245,0.0,-3.3245000000000062
p868,DOGEUSDT,-1,2024-11-10 07:00:00+00:00,0.22702,2024-11-10 09:00:00+00:00,0.2338306,initial_sl,False,0.2338306,,False,100.0,1.0,100.0,100.0,440.48982468504977,-3.0,0.3245,0.019971,-3.304529
p869,DOGEUSDT,-1,2024-11-10 15:00:00+00:00,0.24054,2024-11-10 15:00:00+00:00,0.2477562,initial_sl,False,0.2477562,,False,100.0,1.0,100.0,100.0,415.73127130622765,-3.0000000000000027,0.3245,0.0,-3.3245000000000027
p870,DOGEUSDT,-1,2024-11-10 23:00:00+00:00,0.27773,2024-11-11 00:00:00+00:00,0.2860619,initial_sl,False,0.2860619,,False,100.0,1.0,100.0,100.0,360.0619306520722,-3.0000000000000013,0.3245,0.0,-3.3245000000000013
p871,DOGEUSDT,-1,2024-11-11 07:00:00+00:00,0.27904,2024-11-11 09:00:00+00:00,0.28156,signal_reverse,False,0.28741120000000003,,False,100.0,1.0,100.0,100.0,358.3715596330275,-0.9030963302752174,0.32135464449541284,0.01,-1.2144509747706302
p872,DOGEUSDT,-1,2024-11-11 15:00:00+00:00,0.29136,2024-11-11 15:00:00+00:00,0.3001008,initial_sl,False,0.3001008,,False,100.0,1.0,100.0,100.0,343.218012081274,-2.999999999999998,0.3245,0.0,-3.324499999999998
p873,DOGEUSDT,-1,2024-11-11 23:00:00+00:00,0.32745,2024-11-11 23:00:00+00:00,0.3372735,initial_sl,False,0.3372735,,False,100.0,1.0,100.0,100.0,305.3901358986105,-2.9999999999999956,0.3245,0.0,-3.3244999999999956
p874,DOGEUSDT,-1,2024-11-12 07:00:00+00:00,0.40703,2024-11-12 07:00:00+00:00,0.4192409,initial_sl,False,0.4192409,,False,100.0,1.0,100.0,100.0,245.68213645185858,-3.0000000000000058,0.3245,0.0,-3.324500000000006
p875,DOGEUSDT,-1,2024-11-12 15:00:00+00:00,0.38245,2024-11-12 17:00:00+00:00,0.3732,signal_reverse,False,0.39392350000000004,,False,100.0,1.0,100.0,100.0,261.4720878546215,2.4186168126552583,0.31637207478101714,0.057057,2.159301737874241
p876,DOGEUSDT,-1,2024-11-12 23:00:00+00:00,0.39624,2024-11-13 00:00:00+00:00,0.40812719999999997,initial_sl,False,0.40812719999999997,,False,100.0,1.0,100.0,100.0,252.37229961639412,-2.999999999999997,0.3245,0.0,-3.324499999999997
p877,DOGEUSDT,-1,2024-11-13 07:00:00+00:00,0.36424,2024-11-13 07:00:00+00:00,0.37516720000000003,initial_sl,False,0.37516720000000003,,False,100.0,1.0,100.0,100.0,274.5442565341533,-3.000000000000007,0.3245,0.0,-3.324500000000007
p878,DOGEUSDT,-1,2024-11-13 15:00:00+00:00,0.42446,2024-11-13 17:00:00+00:00,0.40583,signal_reverse,False,0.4371938,,False,100.0,1.0,100.0,100.0,235.59345992555245,4.389106158413037,0.31341634076238045,0.03637,4.112059817650657
p879,DOGEUSDT,-1,2024-11-13 23:00:00+00:00,0.39046,2024-11-13 23:00:00+00:00,0.40217379999999997,initial_sl,False,0.40217379999999997,,False,100.0,1.0,100.0,100.0,256.10818009527225,-2.999999999999999,0.3245,0.0,-3.324499999999999
p880,DOGEUSDT,-1,2024-11-14 07:00:00+00:00,0.38547,2024-11-14 07:00:00+00:00,0.3970341,initial_sl,False,0.3970341,,False,100.0,1.0,100.0,100.0,259.42356084779624,-3.000000000000006,0.3245,0.0,-3.3245000000000062
p881,DOGEUSDT,-1,2024-11-14 15:00:00+00:00,0.38839,2024-11-14 16:00:00+00:00,0.4000417,initial_sl,False,0.4000417,,False,100.0,1.0,100.0,100.0,257.4731584232344,-2.999999999999997,0.3245,0.0,-3.324499999999997
p882,DOGEUSDT,-1,2024-11-14 23:00:00+00:00,0.37207,2024-11-15 01:00:00+00:00,0.37126,signal_reverse,False,0.3832321,,False,100.0,1.0,100.0,100.0,268.76662993522723,0.2177009702475429,0.3196734485446287,0.01,-0.09197247829708581
p883,DOGEUSDT,-1,2024-11-15 07:00:00+00:00,0.37035,2024-11-15 09:00:00+00:00,0.37479,signal_reverse,False,0.38146050000000004,,False,100.0,1.0,100.0,100.0,270.01485081679493,-1.1988659376265693,0.3217982989064399,0.01,-1.5106642365330092
p884,DOGEUSDT,-1,2024-11-15 15:00:00+00:00,0.36195,2024-11-15 17:00:00+00:00,0.35755,signal_reverse,False,0.3728085,,False,100.0,1.0,100.0,100.0,276.2812543168946,1.2156375189943405,0.3181765437215085,0.01,0.907460975272832
p885,DOGEUSDT,-1,2024-11-15 23:00:00+00:00,0.37815,2024-11-16 01:00:00+00:00,0.37846,signal_reverse,False,0.38949449999999997,,False,100.0,1.0,100.0,100.0,264.44532592886424,-0.0819780510379565,0.32012296707655696,0.024146,-0.3779550181145135
p886,DOGEUSDT,-1,2024-11-16 07:00:00+00:00,0.38003,2024-11-16 09:00:00+00:00,0.37246,signal_reverse,False,0.39143089999999997,,False,100.0,1.0,100.0,100.0,263.13712075362474,1.9919480041049302,0.3170120779938427,0.038462,1.7133979261110874
p887,DOGEUSDT,-1,2024-11-16 15:00:00+00:00,0.36763,2024-11-16 17:00:00+00:00,0.37272,signal_reverse,False,0.3786589,,False,100.0,1.0,100.0,100.0,272.01262138563226,-1.3845442428528636,0.32207681636427926,0.026344999999999997,-1.6802760592171428
p888,DOGEUSDT,-1,2024-11-16 23:00:00+00:00,0.36336,2024-11-17 01:00:00+00:00,0.35803,signal_reverse,False,0.3742608,,False,100.0,1.0,100.0,100.0,275.2091589608102,1.4668648172611187,0.31779970277410835,0.029785,1.1788501144870103
p889,DOGEUSDT,-1,2024-11-17 07:00:00+00:00,0.35629,2024-11-17 08:00:00+00:00,0.3669787,initial_sl,False,0.3669787,,False,100.0,1.0,100.0,100.0,280.67024053439616,-2.999999999999999,0.3245,0.0,-3.324499999999999
p890,DOGEUSDT,-1,2024-11-17 15:00:00+00:00,0.3613,2024-11-17 17:00:00+00:00,0.3677,signal_reverse,False,0.372139,,False,100.0,1.0,100.0,100.0,276.7783005812344,-1.7713811237199049,0.32265707168557983,0.050867,-2.0431711954054843
p891,DOGEUSDT,-1,2024-11-17 23:00:00+00:00,0.36115,2024-11-18 01:00:00+00:00,0.37198450000000005,initial_sl,False,0.37198450000000005,,False,100.0,1.0,100.0,100.0,276.89325764917623,-3.0000000000000067,0.3245,0.040678,-3.2838220000000065
p892,DOGEUSDT,-1,2024-11-18 07:00:00+00:00,0.37978,2024-11-18 09:00:00+00:00,0.37146,signal_reverse,False,0.3911734,,False,100.0,1.0,100.0,100.0,263.3103375638527,2.1907420085312532,0.31671388698720315,0.076532,1.95056012154405
p893,DOGEUSDT,-1,2024-11-18 15:00:00+00:00,0.36354,2024-11-18 15:00:00+00:00,0.37444619999999995,initial_sl,False,0.37444619999999995,,False,100.0,1.0,100.0,100.0,275.072894316994,-2.999999999999994,0.3245,0.0,-3.324499999999994
p894,DOGEUSDT,-1,2024-11-18 23:00:00+00:00,0.3762,2024-11-19 01:00:00+00:00,0.37026,signal_reverse,False,0.387486,,False,100.0,1.0,100.0,100.0,265.8160552897395,1.5789473684210529,0.31763157894736843,0.028275,1.2895907894736844
p895,DOGEUSDT,-1,2024-11-19 07:00:00+00:00,0.38975,2024-11-19 09:00:00+00:00,0.38438,signal_reverse,False,0.4014425,,False,100.0,1.0,100.0,100.0,256.5747273893522,1.3778062860808176,0.3179332905708788,0.062361,1.122233995509939
p896,DOGEUSDT,-1,2024-11-19 15:00:00+00:00,0.38885,2024-11-19 16:00:00+00:00,0.40051549999999997,initial_sl,False,0.40051549999999997,,False,100.0,1.0,100.0,100.0,257.1685740002572,-2.999999999999999,0.3245,0.0,-3.324499999999999
p897,DOGEUSDT,-1,2024-11-19 23:00:00+00:00,0.38712,2024-11-20 01:00:00+00:00,0.38555,signal_reverse,False,0.3987336,,False,100.0,1.0,100.0,100.0,258.3178342632775,0.4055589997933498,0.31939166150031,0.012360999999999999,0.0985283382930398
p898,DOGEUSDT,-1,2024-11-20 07:00:00+00:00,0.38733,2024-11-20 09:00:00+00:00,0.38986,signal_reverse,False,0.3989499,,False,100.0,1.0,100.0,100.0,258.1777812201482,-0.6531897864869689,0.3209797846797305,0.01075,-0.9634195711666993
p899,DOGEUSDT,-1,2024-11-20 15:00:00+00:00,0.39252,2024-11-20 17:00:00+00:00,0.37194,signal_reverse,False,0.4042956,,False,100.0,1.0,100.0,100.0,254.76408845409154,5.2430449403852,0.3121354325894222,0.018487,4.949396507795778
p900,DOGEUSDT,-1,2024-11-20 23:00:00+00:00,0.37901,2024-11-21 01:00:00+00:00,0.38038,signal_reverse,False,0.3903803,,False,100.0,1.0,100.0,100.0,263.845281127147,-0.36146803514418674,0.32054220205271633,0.01,-0.672010237196903
p901,DOGEUSDT,-1,2024-11-21 07:00:00+00:00,0.38423,2024-11-21 09:00:00+00:00,0.38146,signal_reverse,False,0.3957569,,False,100.0,1.0,100.0,100.0,260.26078130286544,0.7209223642089359,0.3189186164536866,0.01,0.4120037477552493
p902,DOGEUSDT,-1,2024-11-21 15:00:00+00:00,0.38756,2024-11-21 17:00:00+00:00,0.38833,signal_reverse,False,0.3991868,,False,100.0,1.0,100.0,100.0,258.02456393848695,-0.19867891423263312,0.32029801837134897,0.036218999999999994,-0.48275793260398214
p903,DOGEUSDT,-1,2024-11-21 23:00:00+00:00,0.38524,2024-11-22 01:00:00+00:00,0.38326,signal_reverse,False,0.3967972,,False,100.0,1.0,100.0,100.0,259.57844460595993,0.5139653203198103,0.31922905201952034,0.05395899999999999,0.24869526830028998
p904,DOGEUSDT,-1,2024-11-22 07:00:00+00:00,0.39347,2024-11-22 09:00:00+00:00,0.39045,signal_reverse,False,0.40527409999999997,,False,100.0,1.0,100.0,100.0,254.14898213332657,0.7675299260426379,0.3188487051109361,0.0654,0.5140812209317018
p905,DOGEUSDT,-1,2024-11-22 15:00:00+00:00,0.39494,2024-11-22 15:00:00+00:00,0.4067882,initial_sl,False,0.4067882,,False,100.0,1.0,100.0,100.0,253.2030181799767,-2.999999999999994,0.3245,0.0,-3.324499999999994
p906,DOGEUSDT,-1,2024-11-22 23:00:00+00:00,0.41299,2024-11-23 01:00:00+00:00,0.41019,signal_reverse,False,0.4253797,,False,100.0,1.0,100.0,100.0,242.1366134773239,0.6779825177365129,0.31898302622339525,0.062389,0.42138849151311764
p907,DOGEUSDT,-1,2024-11-23 07:00:00+00:00,0.46782,2024-11-23 09:00:00+00:00,0.4658,signal_reverse,False,0.4818546,,False,100.0,1.0,100.0,100.0,213.75742807062545,0.43179000470266804,0.31935231499294603,0.082426,0.194863689709722
p908,DOGEUSDT,-1,2024-11-23 15:00:00+00:00,0.46645,2024-11-23 17:00:00+00:00,0.4319,signal_reverse,False,0.48044349999999997,,False,100.0,1.0,100.0,100.0,214.38525029477972,7.407010397684633,0.3088894844034731,0.082728,7.180848913281161
p909,DOGEUSDT,-1,2024-11-23 23:00:00+00:00,0.43512,2024-11-24 01:00:00+00:00,0.4481736,initial_sl,False,0.4481736,,False,100.0,1.0,100.0,100.0,229.82165839308695,-2.9999999999999996,0.3245,0.016344,-3.3081559999999994
p910,DOGEUSDT,-1,2024-11-24 07:00:00+00:00,0.43925,2024-11-24 09:00:00+00:00,0.43168,signal_reverse,False,0.4524275,,False,100.0,1.0,100.0,100.0,227.66078542970973,1.723392145702895,0.31741491178144565,0.03974,1.4457172339214495
p911,DOGEUSDT,-1,2024-11-24 15:00:00+00:00,0.41346,2024-11-24 17:00:00+00:00,0.41155,signal_reverse,False,0.4258638,,False,100.0,1.0,100.0,100.0,241.86136506554445,0.46195520727518197,0.3193070671890873,0.01,0.15264814008609467
p912,DOGEUSDT,-1,2024-11-24 23:00:00+00:00,0.42995,2024-11-25 01:00:00+00:00,0.41827,signal_reverse,False,0.4428485,,False,100.0,1.0,100.0,100.0,232.58518432375857,2.7165949529015054,0.3159251075706478,0.039627,2.4402968453308573
p913,DOGEUSDT,-1,2024-11-25 07:00:00+00:00,0.42376,2024-11-25 09:00:00+00:00,0.43647280000000005,initial_sl,False,0.43647280000000005,,False,100.0,1.0,100.0,100.0,235.98263167830845,-3.0000000000000053,0.3245,0.043601,-3.280899000000005
p914,DOGEUSDT,-1,2024-11-25 15:00:00+00:00,0.40468,2024-11-25 15:00:00+00:00,0.4168204,initial_sl,False,0.4168204,,False,100.0,1.0,100.0,100.0,247.1088267272907,-2.999999999999999,0.3245,0.0,-3.324499999999999
p915,DOGEUSDT,-1,2024-11-25 23:00:00+00:00,0.39365,2024-11-26 01:00:00+00:00,0.4054595,initial_sl,False,0.4054595,,False,100.0,1.0,100.0,100.0,254.03277022735932,-2.999999999999993,0.3245,0.01,-3.314499999999993
p916,DOGEUSDT,-1,2024-11-26 07:00:00+00:00,0.40436,2024-11-26 09:00:00+00:00,0.39104,signal_reverse,False,0.4164908,,False,100.0,1.0,100.0,100.0,247.30438223365317,3.29409437135226,0.31505885844297166,0.027614000000000003,3.006649512909288
p917,DOGEUSDT,-1,2024-11-26 15:00:00+00:00,0.38409,2024-11-26 17:00:00+00:00,0.38675,signal_reverse,False,0.3956127,,False,100.0,1.0,100.0,100.0,260.35564581217943,-0.6925460178603962,0.3210388190267906,0.01,-1.0035848368871867
p918,DOGEUSDT,-1,2024-11-26 23:00:00+00:00,0.38194,2024-11-27 00:00:00+00:00,0.3933982,initial_sl,False,0.3933982,,False,100.0,1.0,100.0,100.0,261.82122846520394,-2.999999999999993,0.3245,0.0,-3.324499999999993
p919,DOGEUSDT,-1,2024-11-27 07:00:00+00:00,0.39259,2024-11-27 09:00:00+00:00,0.39265,signal_reverse,False,0.4043677,,False,100.0,1.0,100.0,100.0,254.71866323645534,-0.015283119794188465,0.32002292467969135,0.013264999999999999,-0.3220410444738798
p920,DOGEUSDT,-1,2024-11-27 15:00:00+00:00,0.39892,2024-11-27 17:00:00+00:00,0.40235,signal_reverse,False,0.4108876,,False,100.0,1.0,100.0,100.0,250.676827434072,-0.8598215180988641,0.32128973227714835,0.01,-1.1711112503760124
p921,DOGEUSDT,-1,2024-11-27 23:00:00+00:00,0.40277,2024-11-28 01:00:00+00:00,0.412,signal_reverse,False,0.41485310000000003,,False,100.0,1.0,100.0,100.0,248.28065645405565,-2.291630459070924,0.32343744568860644,0.034221,-2.58084690475953
p922,DOGEUSDT,-1,2024-11-28 07:00:00+00:00,0.40592,2024-11-28 09:00:00+00:00,0.40164,signal_reverse,False,0.4180976,,False,100.0,1.0,100.0,100.0,246.35396137169886,1.0543949546708726,0.3184184075679937,0.024318000000000003,0.7602945471028789
p923,DOGEUSDT,-1,2024-11-28 15:00:00+00:00,0.39996,2024-11-28 17:00:00+00:00,0.39637,signal_reverse,False,0.41195879999999996,,False,100.0,1.0,100.0,100.0,250.02500250025003,0.8975897589758931,0.31865361536153614,0.019003,0.597939143614357
p924,DOGEUSDT,-1,2024-11-28 23:00:00+00:00,0.40434,2024-11-29 01:00:00+00:00,0.40412,signal_reverse,False,0.41647019999999996,,False,100.0,1.0,100.0,100.0,247.31661473017758,0.054409655240638566,0.3199183855171391,0.033118999999999996,-0.2323897302765005
p925,DOGEUSDT,-1,2024-11-29 07:00:00+00:00,0.40474,2024-11-29 09:00:00+00:00,0.4092,signal_reverse,False,0.4168822,,False,100.0,1.0,100.0,100.0,247.0721944952315,-1.1019419874487373,0.3216529129811731,0.038943,-1.3846519004299105
p926,DOGEUSDT,-1,2024-11-29 15:00:00+00:00,0.42019,2024-11-29 17:00:00+00:00,0.42089,signal_reverse,False,0.4327957,,False,100.0,1.0,100.0,100.0,237.98757704847807,-0.1665913039339295,0.3202498869559009,0.043264,-0.4435771908898304
p927,DOGEUSDT,-1,2024-11-29 23:00:00+00:00,0.42685,2024-11-30 01:00:00+00:00,0.41984,signal_reverse,False,0.43965550000000003,,False,100.0,1.0,100.0,100.0,234.27433524657374,1.6422630900784858,0.3175366053648823,0.065159,1.3898854847136035
p928,DOGEUSDT,-1,2024-11-30 07:00:00+00:00,0.42619,2024-11-30 09:00:00+00:00,0.43101,signal_reverse,False,0.4389757,,False,100.0,1.0,100.0,100.0,234.63713367277504,-1.1309509843027736,0.3216964264764542,0.06073,-1.3919174107792278
p929,DOGEUSDT,-1,2024-11-30 15:00:00+00:00,0.41905,2024-11-30 17:00:00+00:00,0.42553,signal_reverse,False,0.4316215,,False,100.0,1.0,100.0,100.0,238.63500775563776,-1.5463548502565425,0.32231953227538485,0.024827,-1.8438473825319275
p930,DOGEUSDT,-1,2024-11-30 23:00:00+00:00,0.42155,2024-12-01 00:00:00+00:00,0.4341965,initial_sl,False,0.4341965,,False,100.0,1.0,100.0,100.0,237.21978412999644,-3.0000000000000013,0.3245,0.0,-3.3245000000000013
p931,DOGEUSDT,-1,2024-12-01 07:00:00+00:00,0.42657,2024-12-01 09:00:00+00:00,0.42795,signal_reverse,False,0.4393671,,False,100.0,1.0,100.0,100.0,234.4281126192653,-0.32351079541458433,0.3204852661931219,0.030107000000000002,-0.6138890616077063
p932,DOGEUSDT,-1,2024-12-01 15:00:00+00:00,0.4263,2024-12-01 16:00:00+00:00,0.439089,initial_sl,False,0.439089,,False,100.0,1.0,100.0,100.0,234.5765892563922,-2.9999999999999987,0.3245,0.0,-3.3244999999999987
p933,DOGEUSDT,-1,2024-12-01 23:00:00+00:00,0.44306,2024-12-02 01:00:00+00:00,0.45125,signal_reverse,False,0.45635180000000003,,False,100.0,1.0,100.0,100.0,225.70306504762334,-1.8485081027400296,0.32277276215411005,0.065207,-2.1060738648941397
p934,DOGEUSDT,-1,2024-12-02 07:00:00+00:00,0.4378,2024-12-02 09:00:00+00:00,0.41417,signal_reverse,False,0.450934,,False,100.0,1.0,100.0,100.0,228.41480127912288,5.3974417542256825,0.3119038373686615,0.034736,5.120273916857021
p935,DOGEUSDT,-1,2024-12-02 15:00:00+00:00,0.42258,2024-12-02 15:00:00+00:00,0.4352574,initial_sl,False,0.4352574,,False,100.0,1.0,100.0,100.0,236.6415826589048,-3.000000000000001,0.3245,0.0,-3.324500000000001
p936,DOGEUSDT,-1,2024-12-02 23:00:00+00:00,0.42242,2024-12-03 01:00:00+00:00,0.41678,signal_reverse,False,0.4350926,,False,100.0,1.0,100.0,100.0,236.73121537805974,1.335164054732265,0.3179972539179016,0.031697,1.0488638008143634
p937,DOGEUSDT,-1,2024-12-03 07:00:00+00:00,0.41792,2024-12-03 09:00:00+00:00,0.41774,signal_reverse,False,0.4304576,,False,100.0,1.0,100.0,100.0,239.2802450229709,0.04307044410413799,0.3199353943338438,0.055207,-0.2216579502297058
p938,DOGEUSDT,-1,2024-12-03 15:00:00+00:00,0.40693,2024-12-03 17:00:00+00:00,0.40802,signal_reverse,False,0.4191379,,False,100.0,1.0,100.0,100.0,245.74251099697736,-0.2678593369867004,0.32040178900548005,0.027104,-0.5611571259921804
p939,DOGEUSDT,-1,2024-12-03 23:00:00+00:00,0.4112,2024-12-04 01:00:00+00:00,0.41645,signal_reverse,False,0.423536,,False,100.0,1.0,100.0,100.0,243.19066147859922,-1.2767509727626403,0.321915126459144,0.067702,-1.5309640992217843
p940,DOGEUSDT,-1,2024-12-04 07:00:00+00:00,0.41952,2024-12-04 09:00:00+00:00,0.41864,signal_reverse,False,0.4321056,,False,100.0,1.0,100.0,100.0,238.3676582761251,0.20976353928298816,0.31968535469107556,0.062776,-0.047145815408087405
p941,DOGEUSDT,-1,2024-12-04 15:00:00+00:00,0.41254,2024-12-04 17:00:00+00:00,0.40862,signal_reverse,False,0.4249162,,False,100.0,1.0,100.0,100.0,242.40073689824015,0.9502108886411098,0.31857468366703834,0.056702,0.6883382049740715
p942,DOGEUSDT,-1,2024-12-04 23:00:00+00:00,0.41909,2024-12-04 23:00:00+00:00,0.4316627,initial_sl,False,0.4316627,,False,100.0,1.0,100.0,100.0,238.61223126297452,-2.999999999999998,0.3245,0.0,-3.324499999999998
p943,DOGEUSDT,-1,2024-12-05 07:00:00+00:00,0.43629,2024-12-05 09:00:00+00:00,0.44212,signal_reverse,False,0.4493787,,False,100.0,1.0,100.0,100.0,229.205345068647,-1.3362671617502124,0.3220044007426254,0.114631,-1.5436405624928378
p944,DOGEUSDT,-1,2024-12-05 15:00:00+00:00,0.44991,2024-12-05 17:00:00+00:00,0.44431,signal_reverse,False,0.46340729999999997,,False,100.0,1.0,100.0,100.0,222.2666755573337,1.2446933831210674,0.3181329599253184,0.07589800000000001,1.002458423195749
p945,DOGEUSDT,-1,2024-12-05 23:00:00+00:00,0.43095,2024-12-06 01:00:00+00:00,0.43623,signal_reverse,False,0.4438785,,False,100.0,1.0,100.0,100.0,232.0454809142592,-1.2252001392272902,0.32183780020884095,0.042396,-1.504641939436131
p946,DOGEUSDT,-1,2024-12-06 07:00:00+00:00,0.43778,2024-12-06 09:00:00+00:00,0.4289,signal_reverse,False,0.4509134,,False,100.0,1.0,100.0,100.0,228.4252364201197,2.028416099410663,0.316957375850884,0.06713,1.7785887235597786
p947,DOGEUSDT,-1,2024-12-06 15:00:00+00:00,0.43348,2024-12-06 17:00:00+00:00,0.43726,signal_reverse,False,0.4464844,,False,100.0,1.0,100.0,100.0,230.69115068745964,-0.8720125495985988,0.32130801882439797,0.034570000000000004,-1.1587505684229966
p948,DOGEUSDT,-1,2024-12-06 23:00:00+00:00,0.43685,2024-12-07 01:00:00+00:00,0.43764,signal_reverse,False,0.4499555,,False,100.0,1.0,100.0,100.0,228.91152569531874,-0.18084010529929206,0.32027126015794893,0.061406,-0.439705365457241
p949,DOGEUSDT,-1,2024-12-07 07:00:00+00:00,0.44275,2024-12-07 09:00:00+00:00,0.44991,signal_reverse,False,0.45603249999999995,,False,100.0,1.0,100.0,100.0,225.86109542631283,-1.6171654432523999,0.3224257481648786,0.055803000000000005,-1.8837881914172785
p950,DOGEUSDT,-1,2024-12-07 15:00:00+00:00,0.44979,2024-12-07 17:00:00+00:00,0.4583,signal_reverse,False,0.4632837,,False,100.0,1.0,100.0,100.0,222.32597434358254,-1.891994041663879,0.3228379910624959,0.09381,-2.121022032726375
